caller_msisdn,callee,cell_id,length,subscriber,timestamp,batch_id
6392546307565,6395277555081,T205,3.5,Ana Rossi,2025-10-18 13:30:13,noise
6392546307565,6399907611720,T215,7.4,Ana Rossi,2025-10-18 22:15:28,noise
6392546307565,6399857882871,T215,10.2,Ana Rossi,2025-10-18 20:24:40,noise
6392546307565,6395277555081,T215,23.8,Ana Rossi,2025-10-17 16:30:10,noise
6392546307565,6396663971262,T205,4.7,Ana Rossi,2025-10-17 18:25:03,noise
6392546307565,6397345443862,T215,16.4,Ana Rossi,2025-10-16 14:10:19,noise
6392546307565,6397345443862,T205,52.1,Ana Rossi,2025-10-16 00:13:00,noise
6392546307565,6399907611720,T205,3.7,Ana Rossi,2025-10-15 02:23:48,noise
6392546307565,6394602944141,T205,12.8,Ana Rossi,2025-10-14 09:05:18,noise
6392546307565,6396397246783,T205,17.7,Ana Rossi,2025-10-13 15:29:33,noise
6392546307565,6394781266670,T215,11.4,Ana Rossi,2025-10-12 15:09:49,noise
6392546307565,6397345443862,T215,6.3,Ana Rossi,2025-10-12 16:12:34,noise
6392546307565,6395277555081,T215,14.4,Ana Rossi,2025-10-11 19:11:47,noise
6392546307565,6399907611720,T215,26.3,Ana Rossi,2025-10-10 15:14:21,noise
6392546307565,6399907611720,T205,9.3,Ana Rossi,2025-10-09 22:19:48,noise
6392546307565,6395277555081,T205,11.1,Ana Rossi,2025-10-09 18:15:48,noise
6392546307565,6395277555081,T205,34.3,Ana Rossi,2025-10-09 16:18:27,noise
6392546307565,6397345443862,T205,18.0,Ana Rossi,2025-10-08 10:05:01,noise
6392546307565,6395277555081,T215,17.2,Ana Rossi,2025-10-08 18:20:10,noise
6392546307565,6399907611720,T215,38.5,Ana Rossi,2025-10-08 02:00:26,noise
6392546307565,6395277555081,T205,14.4,Ana Rossi,2025-10-07 09:03:07,noise
6392546307565,6395277555081,T215,17.2,Ana Rossi,2025-10-07 15:10:41,noise
6392546307565,6394369267219,T205,16.7,Ana Rossi,2025-10-06 14:29:21,noise
6392546307565,6395277555081,T215,79.2,Ana Rossi,2025-10-06 13:22:45,noise
6392546307565,6399907611720,T215,36.1,Ana Rossi,2025-10-05 18:25:56,noise
6392546307565,6393318640912,T215,33.4,Ana Rossi,2025-10-05 20:08:23,noise
6392546307565,6395277555081,T205,18.4,Ana Rossi,2025-10-04 18:00:50,noise
6392546307565,6395277555081,T215,8.5,Ana Rossi,2025-10-04 08:04:06,noise
6392546307565,6399628559272,T215,31.5,Ana Rossi,2025-10-03 09:18:18,noise
6392546307565,6397931099268,T215,18.6,Ana Rossi,2025-10-03 16:06:51,noise
6392546307565,6398096864787,T215,12.2,Ana Rossi,2025-10-03 11:22:24,noise
6392546307565,6399095757865,T215,4.1,Ana Rossi,2025-10-02 19:30:09,noise
6392546307565,6397345443862,T215,42.1,Ana Rossi,2025-10-02 10:22:05,noise
6392546307565,6397176014123,T205,21.0,Ana Rossi,2025-10-01 16:02:09,noise
6392546307565,6395277555081,T205,55.1,Ana Rossi,2025-10-01 09:18:22,noise
6392546307565,6397345443862,T205,18.4,Ana Rossi,2025-10-01 17:13:06,noise
6392546307565,6397033353739,T205,12.1,Ana Rossi,2025-09-30 12:08:29,noise
6392546307565,6395277555081,T215,8.4,Ana Rossi,2025-09-30 14:04:06,noise
6392546307565,6396609601602,T215,16.9,Ana Rossi,2025-09-30 09:28:27,noise
6392546307565,6396609601602,T205,17.4,Ana Rossi,2025-09-29 10:16:09,noise
6392546307565,6391678940428,T205,13.3,Ana Rossi,2025-09-29 12:21:35,noise
6392546307565,6397345443862,T205,11.0,Ana Rossi,2025-09-29 10:09:13,noise
6392546307565,6397345443862,T205,8.5,Ana Rossi,2025-09-28 01:18:33,noise
6392546307565,6391296649512,T215,17.9,Ana Rossi,2025-09-27 20:10:17,noise
6392546307565,6398621864419,T205,12.0,Ana Rossi,2025-09-27 15:00:43,noise
6392546307565,6399907611720,T205,18.1,Ana Rossi,2025-09-26 11:11:14,noise
6392546307565,6397345443862,T205,99.1,Ana Rossi,2025-09-25 20:09:56,noise
6392546307565,6391936644374,T205,18.7,Ana Rossi,2025-09-25 11:23:51,noise
6392546307565,6399907611720,T205,18.4,Ana Rossi,2025-09-24 01:13:03,noise
6392546307565,6397357048476,T205,20.4,Ana Rossi,2025-09-24 00:08:01,noise
6392546307565,6394781266670,T205,18.4,Ana Rossi,2025-09-23 15:08:37,noise
6392546307565,6399697255231,T205,8.4,Ana Rossi,2025-09-22 13:00:03,noise
6392546307565,6399907611720,T215,20.7,Ana Rossi,2025-09-21 20:29:10,noise
6392546307565,6395447757108,T215,18.5,Ana Rossi,2025-09-20 04:30:37,noise
6392546307565,6399907611720,T205,28.9,Ana Rossi,2025-09-19 20:07:41,noise
6392546307565,6394781266670,T205,34.6,Ana Rossi,2025-09-19 15:12:36,noise
6392546307565,6397345443862,T215,20.0,Ana Rossi,2025-09-18 12:11:42,noise
6392546307565,6392523329605,T205,17.8,Ana Rossi,2025-09-17 09:27:34,noise
6392546307565,6392546307565,T205,18.6,Ana Rossi,2025-09-17 08:06:36,noise
6392546307565,6395277555081,T205,20.3,Ana Rossi,2025-09-16 00:08:34,noise
6392546307565,6396863262521,T215,6.5,Ana Rossi,2025-09-16 02:10:45,noise
6392546307565,6392089382142,T215,10.8,Ana Rossi,2025-09-16 08:30:18,noise
6392546307565,6392523329605,T215,26.1,Ana Rossi,2025-09-15 13:03:42,noise
6392546307565,6395277555081,T215,4.6,Ana Rossi,2025-09-14 12:03:56,noise
6392546307565,6395277555081,T215,36.6,Ana Rossi,2025-09-13 08:08:38,noise
6392546307565,6397345443862,T205,8.3,Ana Rossi,2025-09-13 18:21:59,noise
6392546307565,6397345443862,T205,15.5,Ana Rossi,2025-09-13 01:04:59,noise
6392546307565,6393502849379,T215,11.8,Ana Rossi,2025-09-12 15:29:43,noise
6392546307565,6399907611720,T215,27.8,Ana Rossi,2025-09-12 21:18:23,noise
6392546307565,6395277555081,T215,34.4,Ana Rossi,2025-09-11 20:30:15,noise
6392546307565,6395277555081,T205,8.6,Ana Rossi,2025-09-10 13:14:13,noise
6392546307565,6397345443862,T205,11.8,Ana Rossi,2025-09-09 10:10:41,noise
6392546307565,6395388614739,T215,30.0,Ana Rossi,2025-09-09 15:25:31,noise
6392546307565,6395277555081,T205,21.3,Ana Rossi,2025-09-08 20:17:48,noise
6392546307565,6397959530865,T215,30.0,Ana Rossi,2025-09-07 23:09:18,noise
6392546307565,6395277555081,T205,33.5,Ana Rossi,2025-09-06 20:22:48,noise
6392546307565,6399907611720,T215,88.4,Ana Rossi,2025-09-06 09:20:55,noise
6392546307565,6395277555081,T205,37.3,Ana Rossi,2025-09-05 11:19:37,noise
6392546307565,6395277555081,T215,8.1,Ana Rossi,2025-09-05 19:23:11,noise
6392546307565,6397345443862,T205,21.3,Ana Rossi,2025-09-04 10:25:43,noise
6392546307565,6399907611720,T205,5.7,Ana Rossi,2025-09-03 08:30:55,noise
6392546307565,6397345443862,T215,7.0,Ana Rossi,2025-09-02 15:15:57,noise
6392546307565,6391847085587,T215,42.5,Ana Rossi,2025-09-01 17:21:03,noise
6392546307565,6395277555081,T205,21.9,Ana Rossi,2025-09-01 11:16:47,noise
6392546307565,6397345443862,T205,11.4,Ana Rossi,2025-08-31 09:08:32,noise
6392546307565,6399907611720,T205,6.5,Ana Rossi,2025-08-30 15:08:14,noise
6392546307565,6395277555081,T215,38.7,Ana Rossi,2025-08-30 13:08:05,noise
6392546307565,6397872153794,T205,28.3,Ana Rossi,2025-08-29 13:16:13,noise
6392546307565,6397907454154,T205,16.6,Ana Rossi,2025-08-29 16:13:02,noise
6392546307565,6394485230571,T215,13.9,Ana Rossi,2025-08-29 09:17:12,noise
6392546307565,6397345443862,T215,5.8,Ana Rossi,2025-08-28 01:07:42,noise
6392546307565,6397671860113,T205,38.0,Ana Rossi,2025-08-28 16:09:59,noise
6392546307565,6397345443862,T205,18.1,Ana Rossi,2025-08-28 22:12:44,noise
6392546307565,6397345443862,T215,115.1,Ana Rossi,2025-08-27 11:24:33,noise
6392546307565,6398621864419,T205,38.5,Ana Rossi,2025-08-27 18:01:14,noise
6392546307565,6399907611720,T215,15.7,Ana Rossi,2025-08-26 13:18:59,noise
6392546307565,6397345443862,T205,20.7,Ana Rossi,2025-08-26 23:27:23,noise
6392546307565,6395277555081,T205,7.8,Ana Rossi,2025-08-25 14:27:19,noise
6392546307565,6399907611720,T215,13.4,Ana Rossi,2025-08-25 14:14:49,noise
6392546307565,6399907611720,T215,44.4,Ana Rossi,2025-08-25 15:15:01,noise
6392546307565,6397931099268,T205,43.2,Ana Rossi,2025-08-24 18:19:18,noise
6392546307565,6397345443862,T205,44.9,Ana Rossi,2025-08-24 13:07:32,noise
6392546307565,6399907611720,T215,23.0,Ana Rossi,2025-08-23 20:12:40,noise
6392546307565,6397357048476,T215,30.4,Ana Rossi,2025-08-23 17:18:04,noise
6392546307565,6397345443862,T215,33.8,Ana Rossi,2025-08-23 15:24:52,noise
6392546307565,6396934367041,T205,5.4,Ana Rossi,2025-08-22 15:11:06,noise
6392546307565,6397345443862,T205,13.2,Ana Rossi,2025-08-22 19:06:17,noise
6392546307565,6393474215565,T215,6.3,Ana Rossi,2025-08-21 15:09:23,noise
6392546307565,6395277555081,T205,11.9,Ana Rossi,2025-08-21 12:01:10,noise
6392546307565,6397685492906,T205,29.0,Ana Rossi,2025-08-20 14:19:05,noise
6392546307565,6397345443862,T205,7.8,Ana Rossi,2025-08-20 09:27:23,noise
6392546307565,6399907611720,T205,79.9,Ana Rossi,2025-08-19 19:05:42,noise
6392546307565,6395447757108,T215,9.1,Ana Rossi,2025-08-19 18:21:32,noise
6392546307565,6399907611720,T205,4.3,Ana Rossi,2025-08-18 19:24:30,noise
6392546307565,6399628559272,T215,6.1,Ana Rossi,2025-08-17 17:13:51,noise
6392546307565,6392599009461,T205,15.6,Ana Rossi,2025-08-17 08:10:50,noise
6392546307565,6395277555081,T205,26.1,Ana Rossi,2025-08-17 05:06:11,noise
6392546307565,6399907611720,T215,22.1,Ana Rossi,2025-08-16 09:30:06,noise
6392546307565,6397345443862,T215,63.8,Ana Rossi,2025-08-15 10:10:45,noise
6392546307565,6395277555081,T215,5.7,Ana Rossi,2025-08-15 04:27:15,noise
6392546307565,6397345443862,T215,15.5,Ana Rossi,2025-08-14 03:30:07,noise
6392546307565,6395277555081,T205,6.6,Ana Rossi,2025-08-14 20:21:52,noise
6392546307565,6397345443862,T205,21.8,Ana Rossi,2025-08-13 22:02:48,noise
6392546307565,6397345443862,T205,20.0,Ana Rossi,2025-08-13 01:23:17,noise
6392546307565,6397345443862,T215,37.1,Ana Rossi,2025-08-13 14:24:47,noise
6392546307565,6398313094253,T205,8.2,Ana Rossi,2025-08-12 12:09:05,noise
6392546307565,6397345443862,T205,35.4,Ana Rossi,2025-08-12 11:03:03,noise
6392546307565,6392599009461,T215,15.2,Ana Rossi,2025-08-11 11:28:51,noise
6392546307565,6395277555081,T205,13.8,Ana Rossi,2025-08-11 14:16:39,noise
6392546307565,6395574777798,T205,6.7,Ana Rossi,2025-08-11 12:25:35,noise
6392546307565,6392523329605,T205,28.7,Ana Rossi,2025-08-10 12:26:53,noise
6392546307565,6397345443862,T215,17.8,Ana Rossi,2025-08-10 15:29:00,noise
6392546307565,6395277555081,T205,42.3,Ana Rossi,2025-08-09 11:03:34,noise
6392546307565,6395277555081,T205,60.8,Ana Rossi,2025-08-09 14:13:03,noise
6392546307565,6397033353739,T205,28.9,Ana Rossi,2025-08-08 13:15:33,noise
6392546307565,6397345443862,T205,29.0,Ana Rossi,2025-08-08 23:30:45,noise
6392546307565,6394602944141,T205,37.1,Ana Rossi,2025-08-07 08:17:44,noise
6392546307565,6399907611720,T215,76.8,Ana Rossi,2025-08-07 01:17:03,noise
6392546307565,6392944941518,T205,5.4,Ana Rossi,2025-08-07 09:23:04,noise
6392546307565,6397345443862,T205,29.3,Ana Rossi,2025-08-06 03:01:10,noise
6392546307565,6394485230571,T215,27.1,Ana Rossi,2025-08-06 13:20:50,noise
6392546307565,6397345443862,T215,6.1,Ana Rossi,2025-08-06 12:16:04,noise
6392546307565,6399907611720,T205,20.7,Ana Rossi,2025-08-05 19:22:19,noise
6392546307565,6395277555081,T215,19.8,Ana Rossi,2025-08-05 21:21:22,noise
6392546307565,6395277555081,T215,13.8,Ana Rossi,2025-08-05 08:06:46,noise
6392546307565,6399907611720,T205,22.9,Ana Rossi,2025-08-04 09:26:49,noise
6392546307565,6395277555081,T205,26.7,Ana Rossi,2025-08-04 14:08:14,noise
6392546307565,6394389103334,T205,14.2,Ana Rossi,2025-08-04 15:27:32,noise
6396663971262,6398536130070,T345,17.0,Mara Haddad,2025-10-18 19:10:54,noise
6396663971262,6396934367041,T345,56.9,Mara Haddad,2025-10-18 22:14:36,noise
6396663971262,6396863262521,T526,27.8,Mara Haddad,2025-10-18 13:05:51,noise
6396663971262,6399961796941,T526,7.1,Mara Haddad,2025-10-17 01:13:41,noise
6396663971262,6396863262521,T345,5.6,Mara Haddad,2025-10-17 12:23:43,noise
6396663971262,6396863262521,T345,3.9,Mara Haddad,2025-10-16 19:30:27,noise
6396663971262,6396863262521,T345,20.3,Mara Haddad,2025-10-15 14:27:44,noise
6396663971262,6397654503285,T526,36.8,Mara Haddad,2025-10-15 20:00:20,noise
6396663971262,6398536130070,T345,31.1,Mara Haddad,2025-10-15 08:05:05,noise
6396663971262,6396863262521,T526,20.5,Mara Haddad,2025-10-14 12:25:22,noise
6396663971262,6396934367041,T345,20.5,Mara Haddad,2025-10-13 20:20:20,noise
6396663971262,6398536130070,T345,11.2,Mara Haddad,2025-10-13 10:06:55,noise
6396663971262,6398536130070,T345,26.7,Mara Haddad,2025-10-12 09:16:29,noise
6396663971262,6396934367041,T526,21.8,Mara Haddad,2025-10-12 13:12:08,noise
6396663971262,6398536130070,T526,12.1,Mara Haddad,2025-10-12 09:20:00,noise
6396663971262,6399119973715,T345,20.9,Mara Haddad,2025-10-11 02:06:32,noise
6396663971262,6398536130070,T526,50.9,Mara Haddad,2025-10-11 20:22:34,noise
6396663971262,6393299477204,T345,16.4,Mara Haddad,2025-10-10 20:24:06,noise
6396663971262,6394389103334,T526,33.0,Mara Haddad,2025-10-10 15:03:12,noise
6396663971262,6395447757108,T345,52.7,Mara Haddad,2025-10-09 20:21:37,noise
6396663971262,6396863262521,T345,27.6,Mara Haddad,2025-10-09 21:00:19,noise
6396663971262,6398536130070,T345,17.1,Mara Haddad,2025-10-08 03:03:06,noise
6396663971262,6397907454154,T345,34.8,Mara Haddad,2025-10-08 05:02:16,noise
6396663971262,6397931099268,T526,27.2,Mara Haddad,2025-10-07 09:19:57,noise
6396663971262,6395289242961,T526,9.0,Mara Haddad,2025-10-07 04:01:48,noise
6396663971262,6398536130070,T345,38.1,Mara Haddad,2025-10-07 17:28:03,noise
6396663971262,6396934367041,T345,27.6,Mara Haddad,2025-10-06 14:23:45,noise
6396663971262,6393116814799,T526,10.0,Mara Haddad,2025-10-06 12:17:56,noise
6396663971262,6396863262521,T526,25.1,Mara Haddad,2025-10-06 14:04:31,noise
6396663971262,6398536130070,T345,49.2,Mara Haddad,2025-10-05 18:21:59,noise
6396663971262,6391678940428,T526,15.3,Mara Haddad,2025-10-05 05:30:51,noise
6396663971262,6393116814799,T526,3.6,Mara Haddad,2025-10-05 03:05:43,noise
6396663971262,6396397246783,T345,9.5,Mara Haddad,2025-10-04 21:18:11,noise
6396663971262,6394995994848,T526,21.2,Mara Haddad,2025-10-03 15:10:01,noise
6396663971262,6396934367041,T345,4.7,Mara Haddad,2025-10-03 13:00:21,noise
6396663971262,6396863262521,T345,3.4,Mara Haddad,2025-10-02 13:23:57,noise
6396663971262,6397654503285,T345,11.8,Mara Haddad,2025-10-01 08:04:18,noise
6396663971262,6397959530865,T526,17.1,Mara Haddad,2025-10-01 03:19:39,noise
6396663971262,6398536130070,T345,16.9,Mara Haddad,2025-09-30 15:26:27,noise
6396663971262,6396934367041,T345,22.3,Mara Haddad,2025-09-30 10:16:55,noise
6396663971262,6396026405795,T345,11.5,Mara Haddad,2025-09-29 12:19:35,noise
6396663971262,6391294572959,T345,12.8,Mara Haddad,2025-09-29 16:29:15,noise
6396663971262,6396609819264,T526,36.7,Mara Haddad,2025-09-29 15:26:49,noise
6396663971262,6396934367041,T345,13.8,Mara Haddad,2025-09-28 15:05:02,noise
6396663971262,6396934367041,T345,5.2,Mara Haddad,2025-09-28 11:04:41,noise
6396663971262,6396934367041,T345,5.5,Mara Haddad,2025-09-27 19:11:09,noise
6396663971262,6396934367041,T345,9.7,Mara Haddad,2025-09-27 21:30:43,noise
6396663971262,6398536130070,T526,60.1,Mara Haddad,2025-09-27 13:11:17,noise
6396663971262,6398536130070,T345,18.6,Mara Haddad,2025-09-26 04:24:03,noise
6396663971262,6396863262521,T345,31.7,Mara Haddad,2025-09-26 09:05:50,noise
6396663971262,6392691285953,T526,41.3,Mara Haddad,2025-09-26 09:01:35,noise
6396663971262,6398584437466,T345,9.5,Mara Haddad,2025-09-25 11:29:02,noise
6396663971262,6399697255231,T526,28.2,Mara Haddad,2025-09-25 20:10:07,noise
6396663971262,6396863262521,T345,14.8,Mara Haddad,2025-09-24 22:17:24,noise
6396663971262,6397872153794,T345,26.1,Mara Haddad,2025-09-24 10:02:13,noise
6396663971262,6396863262521,T526,10.9,Mara Haddad,2025-09-23 20:04:16,noise
6396663971262,6397398372383,T345,15.4,Mara Haddad,2025-09-23 16:12:44,noise
6396663971262,6396934367041,T526,33.3,Mara Haddad,2025-09-22 08:19:45,noise
6396663971262,6396934367041,T345,23.7,Mara Haddad,2025-09-22 13:15:14,noise
6396663971262,6397931099268,T526,24.3,Mara Haddad,2025-09-21 02:02:49,noise
6396663971262,6398645236008,T526,13.3,Mara Haddad,2025-09-20 12:23:06,noise
6396663971262,6398621864419,T526,43.4,Mara Haddad,2025-09-20 12:04:52,noise
6396663971262,6396934367041,T345,15.1,Mara Haddad,2025-09-19 18:23:46,noise
6396663971262,6397424123950,T345,4.8,Mara Haddad,2025-09-18 05:12:04,noise
6396663971262,6396663971262,T345,29.8,Mara Haddad,2025-09-18 10:29:36,noise
6396663971262,6396934367041,T526,16.0,Mara Haddad,2025-09-17 13:15:01,noise
6396663971262,6395289242961,T345,8.3,Mara Haddad,2025-09-17 04:15:41,noise
6396663971262,6398536130070,T345,21.9,Mara Haddad,2025-09-16 22:30:30,noise
6396663971262,6396863262521,T345,5.0,Mara Haddad,2025-09-16 17:07:18,noise
6396663971262,6398536130070,T345,22.1,Mara Haddad,2025-09-16 12:19:03,noise
6396663971262,6394334018731,T345,8.4,Mara Haddad,2025-09-15 04:05:18,noise
6396663971262,6399042725763,T345,29.6,Mara Haddad,2025-09-15 15:05:42,noise
6396663971262,6396863262521,T345,11.4,Mara Haddad,2025-09-15 10:12:16,noise
6396663971262,6399857882871,T345,29.5,Mara Haddad,2025-09-14 18:03:33,noise
6396663971262,6395104602062,T526,17.0,Mara Haddad,2025-09-14 02:15:52,noise
6396663971262,6396863262521,T345,3.8,Mara Haddad,2025-09-13 09:10:20,noise
6396663971262,6398536130070,T526,13.4,Mara Haddad,2025-09-13 01:24:14,noise
6396663971262,6397398372383,T526,10.9,Mara Haddad,2025-09-13 09:00:11,noise
6396663971262,6398536130070,T345,19.4,Mara Haddad,2025-09-12 13:26:03,noise
6396663971262,6394477195628,T345,12.4,Mara Haddad,2025-09-12 19:21:39,noise
6396663971262,6396863262521,T526,16.3,Mara Haddad,2025-09-11 08:18:21,noise
6396663971262,6397169427647,T526,36.0,Mara Haddad,2025-09-11 15:26:01,noise
6396663971262,6396863262521,T526,29.0,Mara Haddad,2025-09-11 12:24:43,noise
6396663971262,6396863262521,T526,22.8,Mara Haddad,2025-09-10 19:00:50,noise
6396663971262,6396863262521,T345,27.7,Mara Haddad,2025-09-10 09:02:24,noise
6396663971262,6397317313563,T345,10.9,Mara Haddad,2025-09-09 14:19:47,noise
6396663971262,6396934367041,T345,36.1,Mara Haddad,2025-09-09 11:03:55,noise
6396663971262,6396934367041,T345,26.0,Mara Haddad,2025-09-08 05:05:48,noise
6396663971262,6396934367041,T345,3.7,Mara Haddad,2025-09-08 11:23:01,noise
6396663971262,6391294572959,T345,34.8,Mara Haddad,2025-09-07 08:26:40,noise
6396663971262,6392546307565,T345,3.0,Mara Haddad,2025-09-07 14:13:22,noise
6396663971262,6396863262521,T345,13.4,Mara Haddad,2025-09-07 23:25:40,noise
6396663971262,6398536130070,T526,28.6,Mara Haddad,2025-09-06 21:14:40,noise
6396663971262,6398389473157,T526,28.2,Mara Haddad,2025-09-06 08:10:44,noise
6396663971262,6396863262521,T345,7.1,Mara Haddad,2025-09-06 14:18:39,noise
6396663971262,6392385746157,T345,8.3,Mara Haddad,2025-09-05 22:01:41,noise
6396663971262,6391644392848,T526,36.8,Mara Haddad,2025-09-05 16:11:09,noise
6396663971262,6396934367041,T345,8.7,Mara Haddad,2025-09-05 17:23:33,noise
6396663971262,6396212810153,T345,16.3,Mara Haddad,2025-09-04 01:27:07,noise
6396663971262,6396934367041,T526,19.3,Mara Haddad,2025-09-04 08:10:40,noise
6396663971262,6396863262521,T526,6.4,Mara Haddad,2025-09-04 08:00:04,noise
6396663971262,6396934367041,T526,57.9,Mara Haddad,2025-09-03 09:15:36,noise
6396663971262,6395447757108,T345,9.8,Mara Haddad,2025-09-02 21:02:27,noise
6396663971262,6396863262521,T526,54.3,Mara Haddad,2025-09-02 01:05:26,noise
6396663971262,6397169427647,T345,12.3,Mara Haddad,2025-09-02 14:13:20,noise
6396663971262,6398536130070,T345,33.1,Mara Haddad,2025-09-01 10:29:35,noise
6396663971262,6393474215565,T526,21.1,Mara Haddad,2025-09-01 09:20:49,noise
6396663971262,6396863262521,T345,11.8,Mara Haddad,2025-08-31 12:17:14,noise
6396663971262,6398536130070,T526,4.4,Mara Haddad,2025-08-31 00:24:53,noise
6396663971262,6396863262521,T345,7.0,Mara Haddad,2025-08-30 09:09:51,noise
6396663971262,6396863262521,T526,18.5,Mara Haddad,2025-08-29 08:09:54,noise
6396663971262,6395277555081,T345,30.6,Mara Haddad,2025-08-29 14:11:08,noise
6396663971262,6396934367041,T526,4.8,Mara Haddad,2025-08-28 10:13:13,noise
6396663971262,6394285686989,T345,23.2,Mara Haddad,2025-08-27 04:28:27,noise
6396663971262,6398536130070,T345,8.2,Mara Haddad,2025-08-27 13:27:00,noise
6396663971262,6396863262521,T526,6.0,Mara Haddad,2025-08-26 16:22:14,noise
6396663971262,6392584159767,T345,7.3,Mara Haddad,2025-08-25 16:06:17,noise
6396663971262,6398536130070,T345,18.9,Mara Haddad,2025-08-25 14:02:19,noise
6396663971262,6392691285953,T526,33.9,Mara Haddad,2025-08-24 17:21:00,noise
6396663971262,6396934367041,T526,13.4,Mara Haddad,2025-08-24 18:13:45,noise
6396663971262,6396934367041,T345,19.8,Mara Haddad,2025-08-23 11:12:46,noise
6396663971262,6399907611720,T345,13.0,Mara Haddad,2025-08-23 23:17:36,noise
6396663971262,6398578995606,T345,25.9,Mara Haddad,2025-08-22 16:20:01,noise
6396663971262,6396956367740,T345,15.1,Mara Haddad,2025-08-22 04:17:46,noise
6396663971262,6396863262521,T345,28.9,Mara Haddad,2025-08-22 12:06:43,noise
6396663971262,6396934367041,T345,6.4,Mara Haddad,2025-08-21 13:26:06,noise
6396663971262,6398536130070,T345,34.2,Mara Haddad,2025-08-21 22:12:52,noise
6396663971262,6396863262521,T345,5.9,Mara Haddad,2025-08-21 11:23:04,noise
6396663971262,6395034822866,T345,5.6,Mara Haddad,2025-08-20 16:26:35,noise
6396663971262,6396863262521,T345,4.3,Mara Haddad,2025-08-20 08:04:46,noise
6396663971262,6396863262521,T526,26.0,Mara Haddad,2025-08-19 13:06:02,noise
6396663971262,6396863262521,T345,13.3,Mara Haddad,2025-08-19 13:03:51,noise
6396663971262,6397654503285,T345,29.4,Mara Haddad,2025-08-18 23:05:33,noise
6396663971262,6398536130070,T345,31.8,Mara Haddad,2025-08-18 10:27:33,noise
6396663971262,6396934367041,T526,17.6,Mara Haddad,2025-08-17 15:04:31,noise
6396663971262,6398175003577,T526,48.5,Mara Haddad,2025-08-16 20:29:56,noise
6396663971262,6396663971262,T345,17.7,Mara Haddad,2025-08-16 09:24:33,noise
6396663971262,6399429451462,T345,47.0,Mara Haddad,2025-08-16 17:27:05,noise
6396663971262,6396934367041,T345,7.8,Mara Haddad,2025-08-15 18:19:22,noise
6396663971262,6398536130070,T345,45.9,Mara Haddad,2025-08-15 17:28:47,noise
6396663971262,6396934367041,T345,23.8,Mara Haddad,2025-08-14 10:25:38,noise
6396663971262,6396934367041,T345,42.6,Mara Haddad,2025-08-13 09:04:00,noise
6396663971262,6396284057733,T526,21.1,Mara Haddad,2025-08-13 14:04:55,noise
6396663971262,6396934367041,T345,18.7,Mara Haddad,2025-08-12 20:23:13,noise
6396663971262,6396863262521,T345,17.4,Mara Haddad,2025-08-12 17:17:27,noise
6396663971262,6398536130070,T345,5.6,Mara Haddad,2025-08-11 18:22:59,noise
6396663971262,6398536130070,T526,20.7,Mara Haddad,2025-08-11 10:17:42,noise
6396663971262,6396863262521,T526,7.2,Mara Haddad,2025-08-11 09:22:23,noise
6396663971262,6398536130070,T526,13.8,Mara Haddad,2025-08-10 09:29:19,noise
6396663971262,6398536130070,T345,16.8,Mara Haddad,2025-08-10 13:28:35,noise
6396663971262,6391697329269,T345,4.8,Mara Haddad,2025-08-10 03:22:51,noise
6396663971262,6392249133353,T345,17.8,Mara Haddad,2025-08-09 15:09:11,noise
6396663971262,6395264944630,T345,5.9,Mara Haddad,2025-08-09 14:09:25,noise
6396663971262,6396863262521,T345,57.6,Mara Haddad,2025-08-08 12:17:09,noise
6396663971262,6394602944141,T345,35.7,Mara Haddad,2025-08-08 09:28:44,noise
6396663971262,6396863262521,T345,34.0,Mara Haddad,2025-08-07 12:05:42,noise
6396663971262,6394781266670,T526,24.0,Mara Haddad,2025-08-07 17:12:57,noise
6396663971262,6398536130070,T345,15.3,Mara Haddad,2025-08-06 11:30:11,noise
6396663971262,6396863262521,T526,23.4,Mara Haddad,2025-08-06 00:19:48,noise
6396663971262,6395388614739,T345,14.8,Mara Haddad,2025-08-05 08:04:44,noise
6396663971262,6398313094253,T526,11.1,Mara Haddad,2025-08-05 03:05:48,noise
6396663971262,6398536130070,T345,11.9,Mara Haddad,2025-08-05 18:05:51,noise
6396663971262,6398536130070,T526,10.3,Mara Haddad,2025-08-04 09:25:17,noise
6396663971262,6398536130070,T526,9.6,Mara Haddad,2025-08-04 18:02:05,noise
6395557270185,6395034822866,T484,17.9,Raj Wei,2025-10-18 15:23:59,noise
6395557270185,6396863262521,T484,18.6,Raj Wei,2025-10-18 17:29:11,noise
6395557270185,6395034822866,T484,4.0,Raj Wei,2025-10-18 14:22:18,noise
6395557270185,6396863262521,T484,17.9,Raj Wei,2025-10-17 12:18:19,noise
6395557270185,6396863262521,T484,29.5,Raj Wei,2025-10-17 08:03:31,noise
6395557270185,6396863262521,T582,6.8,Raj Wei,2025-10-17 20:15:20,noise
6395557270185,6395086222587,T484,18.4,Raj Wei,2025-10-16 03:08:47,noise
6395557270185,6392182204871,T582,7.4,Raj Wei,2025-10-16 13:11:45,noise
6395557270185,6396863262521,T582,10.6,Raj Wei,2025-10-15 16:16:27,noise
6395557270185,6393502849379,T484,11.0,Raj Wei,2025-10-15 04:11:15,noise
6395557270185,6395034822866,T484,32.6,Raj Wei,2025-10-14 08:08:32,noise
6395557270185,6397033353739,T484,16.4,Raj Wei,2025-10-13 09:27:30,noise
6395557270185,6395034822866,T582,12.7,Raj Wei,2025-10-13 17:28:18,noise
6395557270185,6396863262521,T582,31.0,Raj Wei,2025-10-12 12:29:55,noise
6395557270185,6396863262521,T582,18.1,Raj Wei,2025-10-12 22:27:29,noise
6395557270185,6395328992709,T582,47.8,Raj Wei,2025-10-11 15:03:15,noise
6395557270185,6394855637596,T484,21.3,Raj Wei,2025-10-11 09:13:42,noise
6395557270185,6392546307565,T582,14.9,Raj Wei,2025-10-10 20:21:09,noise
6395557270185,6394781266670,T484,15.2,Raj Wei,2025-10-10 13:27:40,noise
6395557270185,6395034822866,T484,30.8,Raj Wei,2025-10-09 11:17:59,noise
6395557270185,6398578995606,T484,12.7,Raj Wei,2025-10-09 04:25:34,noise
6395557270185,6391981016678,T484,10.0,Raj Wei,2025-10-08 14:29:49,noise
6395557270185,6396863262521,T582,16.6,Raj Wei,2025-10-08 10:02:04,noise
6395557270185,6397345443862,T582,26.5,Raj Wei,2025-10-07 13:12:42,noise
6395557270185,6395034822866,T582,23.6,Raj Wei,2025-10-06 13:15:32,noise
6395557270185,6391024970537,T484,3.5,Raj Wei,2025-10-05 15:18:18,noise
6395557270185,6394369267219,T582,6.1,Raj Wei,2025-10-05 16:18:49,noise
6395557270185,6397654503285,T484,12.3,Raj Wei,2025-10-04 13:01:05,noise
6395557270185,6395034822866,T484,17.8,Raj Wei,2025-10-04 17:27:38,noise
6395557270185,6396863262521,T484,64.4,Raj Wei,2025-10-04 16:18:48,noise
6395557270185,6396863262521,T484,49.9,Raj Wei,2025-10-03 11:15:51,noise
6395557270185,6395034822866,T484,46.3,Raj Wei,2025-10-03 22:20:17,noise
6395557270185,6396863262521,T484,48.3,Raj Wei,2025-10-02 00:09:18,noise
6395557270185,6397931099268,T484,9.9,Raj Wei,2025-10-02 14:13:03,noise
6395557270185,6395574777798,T484,49.3,Raj Wei,2025-10-01 16:03:45,noise
6395557270185,6398578995606,T582,6.6,Raj Wei,2025-10-01 20:03:06,noise
6395557270185,6395738348726,T484,22.5,Raj Wei,2025-09-30 13:12:09,noise
6395557270185,6398578995606,T582,13.9,Raj Wei,2025-09-30 23:29:25,noise
6395557270185,6396863262521,T582,19.1,Raj Wei,2025-09-29 16:29:31,noise
6395557270185,6398578995606,T484,20.7,Raj Wei,2025-09-29 10:29:01,noise
6395557270185,6396863262521,T582,14.3,Raj Wei,2025-09-28 20:17:28,noise
6395557270185,6397176014123,T484,11.6,Raj Wei,2025-09-28 15:03:29,noise
6395557270185,6394602944141,T484,59.8,Raj Wei,2025-09-27 16:12:03,noise
6395557270185,6396026405795,T484,14.8,Raj Wei,2025-09-26 12:21:40,noise
6395557270185,6398578995606,T582,13.7,Raj Wei,2025-09-26 09:21:56,noise
6395557270185,6395034822866,T484,9.5,Raj Wei,2025-09-26 12:30:34,noise
6395557270185,6395034822866,T582,22.8,Raj Wei,2025-09-25 23:21:58,noise
6395557270185,6396863262521,T484,12.7,Raj Wei,2025-09-25 02:12:45,noise
6395557270185,6399907611720,T582,48.8,Raj Wei,2025-09-24 05:09:17,noise
6395557270185,6396782939427,T582,63.6,Raj Wei,2025-09-23 14:23:12,noise
6395557270185,6399697255231,T484,6.2,Raj Wei,2025-09-23 12:12:28,noise
6395557270185,6396026405795,T582,14.9,Raj Wei,2025-09-23 05:08:21,noise
6395557270185,6391981016678,T484,10.8,Raj Wei,2025-09-22 20:16:10,noise
6395557270185,6399119973715,T582,35.1,Raj Wei,2025-09-22 20:23:30,noise
6395557270185,6396863262521,T582,9.0,Raj Wei,2025-09-21 11:14:31,noise
6395557270185,6395034822866,T582,28.4,Raj Wei,2025-09-21 20:02:28,noise
6395557270185,6398175003577,T484,13.4,Raj Wei,2025-09-21 01:25:41,noise
6395557270185,6398578995606,T484,15.1,Raj Wei,2025-09-20 01:04:39,noise
6395557270185,6396863262521,T484,13.2,Raj Wei,2025-09-19 22:29:43,noise
6395557270185,6398578995606,T484,30.5,Raj Wei,2025-09-19 16:08:51,noise
6395557270185,6396863262521,T582,13.4,Raj Wei,2025-09-18 08:01:33,noise
6395557270185,6392385746157,T582,15.2,Raj Wei,2025-09-18 08:28:49,noise
6395557270185,6397398372383,T484,27.3,Raj Wei,2025-09-18 13:01:28,noise
6395557270185,6396863262521,T582,18.0,Raj Wei,2025-09-17 03:03:06,noise
6395557270185,6395034822866,T582,41.6,Raj Wei,2025-09-17 20:27:07,noise
6395557270185,6395034822866,T484,36.0,Raj Wei,2025-09-16 14:22:45,noise
6395557270185,6398313094253,T582,5.4,Raj Wei,2025-09-16 08:25:15,noise
6395557270185,6399907611720,T582,31.1,Raj Wei,2025-09-16 19:00:38,noise
6395557270185,6395034822866,T582,9.1,Raj Wei,2025-09-15 16:27:36,noise
6395557270185,6399857882871,T484,20.3,Raj Wei,2025-09-15 09:20:32,noise
6395557270185,6396863262521,T484,62.3,Raj Wei,2025-09-14 10:17:37,noise
6395557270185,6395034822866,T582,17.7,Raj Wei,2025-09-14 11:10:43,noise
6395557270185,6399095757865,T484,18.4,Raj Wei,2025-09-14 19:19:32,noise
6395557270185,6391294572959,T484,17.9,Raj Wei,2025-09-13 08:29:33,noise
6395557270185,6394855637596,T582,21.2,Raj Wei,2025-09-13 09:30:43,noise
6395557270185,6395557270185,T484,51.2,Raj Wei,2025-09-13 11:09:50,noise
6395557270185,6396863262521,T484,74.7,Raj Wei,2025-09-12 11:21:53,noise
6395557270185,6395388614739,T582,16.5,Raj Wei,2025-09-12 17:15:50,noise
6395557270185,6392182204871,T484,6.2,Raj Wei,2025-09-11 14:21:27,noise
6395557270185,6395034822866,T582,6.3,Raj Wei,2025-09-11 12:08:39,noise
6395557270185,6391644392848,T484,8.6,Raj Wei,2025-09-11 12:01:31,noise
6395557270185,6399406323212,T582,8.5,Raj Wei,2025-09-10 10:20:24,noise
6395557270185,6395034822866,T484,21.5,Raj Wei,2025-09-10 09:19:52,noise
6395557270185,6396863262521,T582,12.5,Raj Wei,2025-09-09 23:18:00,noise
6395557270185,6395034822866,T582,17.2,Raj Wei,2025-09-09 19:23:34,noise
6395557270185,6395034822866,T484,14.6,Raj Wei,2025-09-09 13:06:24,noise
6395557270185,6396863262521,T582,23.9,Raj Wei,2025-09-08 15:19:24,noise
6395557270185,6395034822866,T484,9.3,Raj Wei,2025-09-08 02:15:12,noise
6395557270185,6395034822866,T484,9.4,Raj Wei,2025-09-07 08:14:06,noise
6395557270185,6395034822866,T484,20.6,Raj Wei,2025-09-07 20:13:40,noise
6395557270185,6395034822866,T484,13.2,Raj Wei,2025-09-06 13:04:59,noise
6395557270185,6398313094253,T484,10.2,Raj Wei,2025-09-06 15:14:03,noise
6395557270185,6396863262521,T484,15.2,Raj Wei,2025-09-05 16:24:35,noise
6395557270185,6399907611720,T484,50.6,Raj Wei,2025-09-05 20:07:30,noise
6395557270185,6395034822866,T582,18.7,Raj Wei,2025-09-04 18:10:52,noise
6395557270185,6396863262521,T484,14.1,Raj Wei,2025-09-04 09:27:10,noise
6395557270185,6398578995606,T582,3.6,Raj Wei,2025-09-03 15:22:47,noise
6395557270185,6396863262521,T582,46.2,Raj Wei,2025-09-03 03:16:41,noise
6395557270185,6396863262521,T484,18.3,Raj Wei,2025-09-03 20:23:25,noise
6395557270185,6398578995606,T484,7.6,Raj Wei,2025-09-02 13:11:28,noise
6395557270185,6391917476319,T484,9.4,Raj Wei,2025-09-02 15:25:07,noise
6395557270185,6395034822866,T484,16.1,Raj Wei,2025-09-02 20:19:21,noise
6395557270185,6395034822866,T484,23.6,Raj Wei,2025-09-01 04:13:23,noise
6395557270185,6395289242961,T582,8.7,Raj Wei,2025-08-31 19:14:48,noise
6395557270185,6398578995606,T484,10.8,Raj Wei,2025-08-31 17:24:30,noise
6395557270185,6393116814799,T484,22.1,Raj Wei,2025-08-30 18:24:59,noise
6395557270185,6395034822866,T484,6.0,Raj Wei,2025-08-30 12:11:01,noise
6395557270185,6395034822866,T582,45.4,Raj Wei,2025-08-30 17:15:58,noise
6395557270185,6396863262521,T484,13.9,Raj Wei,2025-08-29 18:19:06,noise
6395557270185,6395034822866,T484,31.4,Raj Wei,2025-08-29 11:01:46,noise
6395557270185,6398578995606,T582,93.5,Raj Wei,2025-08-28 12:07:01,noise
6395557270185,6394995994848,T582,63.4,Raj Wei,2025-08-27 10:11:11,noise
6395557270185,6396863262521,T582,79.8,Raj Wei,2025-08-27 03:26:47,noise
6395557270185,6398578995606,T484,6.1,Raj Wei,2025-08-26 18:05:15,noise
6395557270185,6396863262521,T484,12.5,Raj Wei,2025-08-26 21:25:59,noise
6395557270185,6391024970537,T484,14.3,Raj Wei,2025-08-25 13:27:59,noise
6395557270185,6398536130070,T582,12.9,Raj Wei,2025-08-24 20:02:25,noise
6395557270185,6395034822866,T582,20.2,Raj Wei,2025-08-24 21:28:40,noise
6395557270185,6398578995606,T484,75.5,Raj Wei,2025-08-23 22:00:37,noise
6395557270185,6396863262521,T582,25.8,Raj Wei,2025-08-23 09:07:21,noise
6395557270185,6392599009461,T484,14.7,Raj Wei,2025-08-23 17:22:37,noise
6395557270185,6398578995606,T582,16.7,Raj Wei,2025-08-22 01:07:47,noise
6395557270185,6397959530865,T484,20.3,Raj Wei,2025-08-22 18:29:27,noise
6395557270185,6398578995606,T484,16.8,Raj Wei,2025-08-21 23:17:36,noise
6395557270185,6396863262521,T582,32.9,Raj Wei,2025-08-21 13:01:02,noise
6395557270185,6398578995606,T582,24.2,Raj Wei,2025-08-20 01:20:15,noise
6395557270185,6395034822866,T582,12.3,Raj Wei,2025-08-19 09:04:51,noise
6395557270185,6395034822866,T582,15.0,Raj Wei,2025-08-19 04:08:24,noise
6395557270185,6398578995606,T484,39.2,Raj Wei,2025-08-19 16:29:15,noise
6395557270185,6395034822866,T582,21.2,Raj Wei,2025-08-18 10:03:24,noise
6395557270185,6396863262521,T484,12.9,Raj Wei,2025-08-18 17:02:57,noise
6395557270185,6395289242961,T484,9.9,Raj Wei,2025-08-18 21:07:40,noise
6395557270185,6398578995606,T484,4.2,Raj Wei,2025-08-17 17:11:10,noise
6395557270185,6395034822866,T582,6.0,Raj Wei,2025-08-16 13:01:46,noise
6395557270185,6394389103334,T582,30.4,Raj Wei,2025-08-16 11:13:32,noise
6395557270185,6398578995606,T582,20.9,Raj Wei,2025-08-15 19:24:50,noise
6395557270185,6398446041346,T484,14.4,Raj Wei,2025-08-14 02:21:43,noise
6395557270185,6398578995606,T582,16.8,Raj Wei,2025-08-14 20:11:39,noise
6395557270185,6395034822866,T582,22.8,Raj Wei,2025-08-14 18:17:01,noise
6395557270185,6396863262521,T582,14.9,Raj Wei,2025-08-13 10:21:24,noise
6395557270185,6396863262521,T582,26.7,Raj Wei,2025-08-13 11:28:12,noise
6395557270185,6396934367041,T582,19.1,Raj Wei,2025-08-13 08:04:09,noise
6395557270185,6396863262521,T484,8.2,Raj Wei,2025-08-12 14:15:05,noise
6395557270185,6395104602062,T582,10.0,Raj Wei,2025-08-12 13:28:31,noise
6395557270185,6396863262521,T484,8.0,Raj Wei,2025-08-12 22:29:19,noise
6395557270185,6398578995606,T484,11.4,Raj Wei,2025-08-11 01:10:41,noise
6395557270185,6397654503285,T484,30.2,Raj Wei,2025-08-10 17:21:21,noise
6395557270185,6399429451462,T484,10.6,Raj Wei,2025-08-09 08:07:13,noise
6395557270185,6396934367041,T484,16.3,Raj Wei,2025-08-09 15:20:56,noise
6395557270185,6396863262521,T484,13.1,Raj Wei,2025-08-08 15:26:56,noise
6395557270185,6395034822866,T484,71.9,Raj Wei,2025-08-08 17:24:06,noise
6395557270185,6391936644374,T484,11.6,Raj Wei,2025-08-07 13:18:13,noise
6395557270185,6396863262521,T484,11.2,Raj Wei,2025-08-07 12:10:04,noise
6395557270185,6396863262521,T484,21.3,Raj Wei,2025-08-06 10:19:10,noise
6395557270185,6398578995606,T484,9.8,Raj Wei,2025-08-06 14:28:52,noise
6395557270185,6397424123950,T484,18.9,Raj Wei,2025-08-06 10:02:05,noise
6395557270185,6399857882871,T484,39.6,Raj Wei,2025-08-05 22:20:42,noise
6395557270185,6399119973715,T484,25.5,Raj Wei,2025-08-05 08:14:25,noise
6395557270185,6398578995606,T582,7.5,Raj Wei,2025-08-04 19:29:32,noise
6397345443862,6392385746157,T596,27.6,Fahad Anderson,2025-10-18 20:25:24,noise
6397345443862,6394285686989,T540,8.5,Fahad Anderson,2025-10-18 04:08:58,noise
6397345443862,6391847085587,T540,53.7,Fahad Anderson,2025-10-17 13:01:29,noise
6397345443862,6395388614739,T540,9.1,Fahad Anderson,2025-10-17 14:11:19,noise
6397345443862,6394018894269,T540,23.7,Fahad Anderson,2025-10-16 08:28:47,noise
6397345443862,6399828853050,T540,37.1,Fahad Anderson,2025-10-16 11:00:02,noise
6397345443862,6392385746157,T596,21.1,Fahad Anderson,2025-10-15 02:24:34,noise
6397345443862,6392182204871,T596,8.4,Fahad Anderson,2025-10-15 15:26:41,noise
6397345443862,6399828853050,T540,17.4,Fahad Anderson,2025-10-15 05:04:11,noise
6397345443862,6392385746157,T596,16.4,Fahad Anderson,2025-10-14 17:16:06,noise
6397345443862,6399828853050,T540,20.3,Fahad Anderson,2025-10-13 17:18:35,noise
6397345443862,6395034822866,T540,15.1,Fahad Anderson,2025-10-12 17:28:47,noise
6397345443862,6399722315072,T540,17.1,Fahad Anderson,2025-10-12 16:14:57,noise
6397345443862,6399406323212,T540,15.2,Fahad Anderson,2025-10-12 20:07:10,noise
6397345443862,6396609819264,T540,10.1,Fahad Anderson,2025-10-11 18:11:55,noise
6397345443862,6399828853050,T596,10.5,Fahad Anderson,2025-10-11 09:04:49,noise
6397345443862,6399697255231,T596,24.6,Fahad Anderson,2025-10-10 14:15:11,noise
6397345443862,6392385746157,T540,16.6,Fahad Anderson,2025-10-10 02:19:20,noise
6397345443862,6399406323212,T596,11.2,Fahad Anderson,2025-10-10 16:02:06,noise
6397345443862,6399406323212,T540,16.7,Fahad Anderson,2025-10-09 11:27:51,noise
6397345443862,6399406323212,T540,51.4,Fahad Anderson,2025-10-09 17:12:39,noise
6397345443862,6399828853050,T596,14.3,Fahad Anderson,2025-10-08 01:12:09,noise
6397345443862,6399828853050,T540,24.7,Fahad Anderson,2025-10-08 13:19:42,noise
6397345443862,6397959530865,T540,12.8,Fahad Anderson,2025-10-07 13:00:44,noise
6397345443862,6398645236008,T540,16.7,Fahad Anderson,2025-10-07 08:19:32,noise
6397345443862,6392089382142,T596,15.6,Fahad Anderson,2025-10-06 18:09:43,noise
6397345443862,6392249133353,T596,14.6,Fahad Anderson,2025-10-06 10:19:57,noise
6397345443862,6392385746157,T596,12.8,Fahad Anderson,2025-10-06 13:29:14,noise
6397345443862,6399406323212,T540,9.7,Fahad Anderson,2025-10-05 12:16:21,noise
6397345443862,6392385746157,T540,17.4,Fahad Anderson,2025-10-05 01:08:08,noise
6397345443862,6399828853050,T540,3.3,Fahad Anderson,2025-10-04 19:19:02,noise
6397345443862,6399406323212,T596,6.8,Fahad Anderson,2025-10-04 12:21:04,noise
6397345443862,6392385746157,T540,10.8,Fahad Anderson,2025-10-03 13:16:09,noise
6397345443862,6397907454154,T540,13.4,Fahad Anderson,2025-10-03 10:20:25,noise
6397345443862,6399828853050,T596,18.5,Fahad Anderson,2025-10-02 03:19:17,noise
6397345443862,6397515118078,T540,15.3,Fahad Anderson,2025-10-02 09:12:34,noise
6397345443862,6399406323212,T540,18.0,Fahad Anderson,2025-10-02 16:03:36,noise
6397345443862,6399828853050,T540,23.1,Fahad Anderson,2025-10-01 17:16:00,noise
6397345443862,6399406323212,T540,43.6,Fahad Anderson,2025-09-30 10:16:18,noise
6397345443862,6399828853050,T596,25.7,Fahad Anderson,2025-09-30 08:02:53,noise
6397345443862,6399406323212,T540,10.9,Fahad Anderson,2025-09-29 15:08:29,noise
6397345443862,6395289242961,T596,15.8,Fahad Anderson,2025-09-29 13:20:58,noise
6397345443862,6394855637596,T540,10.6,Fahad Anderson,2025-09-28 13:10:58,noise
6397345443862,6392385746157,T596,5.1,Fahad Anderson,2025-09-28 17:27:21,noise
6397345443862,6399406323212,T540,17.5,Fahad Anderson,2025-09-27 15:01:17,noise
6397345443862,6399828853050,T540,11.2,Fahad Anderson,2025-09-26 16:28:55,noise
6397345443862,6392385746157,T596,12.5,Fahad Anderson,2025-09-26 17:00:49,noise
6397345443862,6396168850025,T540,31.7,Fahad Anderson,2025-09-26 20:21:56,noise
6397345443862,6392523329605,T596,6.0,Fahad Anderson,2025-09-25 15:06:15,noise
6397345443862,6394285686989,T596,8.2,Fahad Anderson,2025-09-25 20:16:27,noise
6397345443862,6399828853050,T540,10.4,Fahad Anderson,2025-09-24 13:24:43,noise
6397345443862,6391054941178,T540,43.8,Fahad Anderson,2025-09-24 21:02:41,noise
6397345443862,6397907454154,T596,9.7,Fahad Anderson,2025-09-23 20:02:35,noise
6397345443862,6399406323212,T596,14.2,Fahad Anderson,2025-09-23 23:01:36,noise
6397345443862,6399828853050,T596,27.0,Fahad Anderson,2025-09-22 08:14:48,noise
6397345443862,6392944941518,T596,26.3,Fahad Anderson,2025-09-21 00:05:21,noise
6397345443862,6399828853050,T540,39.9,Fahad Anderson,2025-09-21 14:16:11,noise
6397345443862,6399406323212,T540,14.8,Fahad Anderson,2025-09-20 12:15:08,noise
6397345443862,6394285686989,T540,47.8,Fahad Anderson,2025-09-20 10:09:51,noise
6397345443862,6399406323212,T540,22.3,Fahad Anderson,2025-09-20 08:18:07,noise
6397345443862,6399406323212,T540,14.6,Fahad Anderson,2025-09-19 10:21:24,noise
6397345443862,6399828853050,T540,17.1,Fahad Anderson,2025-09-19 13:30:38,noise
6397345443862,6394485230571,T540,22.1,Fahad Anderson,2025-09-19 16:27:59,noise
6397345443862,6392385746157,T596,17.0,Fahad Anderson,2025-09-18 18:12:24,noise
6397345443862,6395086222587,T596,48.7,Fahad Anderson,2025-09-18 18:25:09,noise
6397345443862,6398096864787,T540,23.4,Fahad Anderson,2025-09-17 14:11:09,noise
6397345443862,6392385746157,T540,16.7,Fahad Anderson,2025-09-16 17:13:13,noise
6397345443862,6392385746157,T596,18.3,Fahad Anderson,2025-09-16 12:24:26,noise
6397345443862,6392385746157,T540,13.5,Fahad Anderson,2025-09-16 13:23:48,noise
6397345443862,6395557270185,T540,80.5,Fahad Anderson,2025-09-15 10:02:56,noise
6397345443862,6399828853050,T596,39.3,Fahad Anderson,2025-09-15 15:29:37,noise
6397345443862,6399406323212,T596,10.0,Fahad Anderson,2025-09-14 10:13:51,noise
6397345443862,6396026405795,T540,16.5,Fahad Anderson,2025-09-14 14:27:47,noise
6397345443862,6397671860113,T540,16.0,Fahad Anderson,2025-09-13 09:10:21,noise
6397345443862,6398621864419,T596,10.5,Fahad Anderson,2025-09-13 18:05:10,noise
6397345443862,6396934367041,T540,34.6,Fahad Anderson,2025-09-13 13:13:05,noise
6397345443862,6392599009461,T596,39.4,Fahad Anderson,2025-09-12 08:04:52,noise
6397345443862,6392385746157,T540,13.6,Fahad Anderson,2025-09-12 19:00:03,noise
6397345443862,6399406323212,T596,21.2,Fahad Anderson,2025-09-11 13:08:17,noise
6397345443862,6395557270185,T540,4.8,Fahad Anderson,2025-09-11 13:12:50,noise
6397345443862,6392385746157,T540,14.4,Fahad Anderson,2025-09-10 23:04:45,noise
6397345443862,6392623441780,T540,12.1,Fahad Anderson,2025-09-10 17:10:59,noise
6397345443862,6399828853050,T596,8.5,Fahad Anderson,2025-09-10 04:03:53,noise
6397345443862,6392385746157,T540,8.3,Fahad Anderson,2025-09-09 14:10:13,noise
6397345443862,6392385746157,T596,20.1,Fahad Anderson,2025-09-09 20:13:05,noise
6397345443862,6399406323212,T540,21.6,Fahad Anderson,2025-09-09 09:16:25,noise
6397345443862,6399828853050,T596,10.2,Fahad Anderson,2025-09-08 10:14:27,noise
6397345443862,6399828853050,T596,37.4,Fahad Anderson,2025-09-08 16:07:38,noise
6397345443862,6399628559272,T540,11.4,Fahad Anderson,2025-09-07 00:23:04,noise
6397345443862,6398313094253,T540,72.6,Fahad Anderson,2025-09-07 17:21:59,noise
6397345443862,6399406323212,T596,13.0,Fahad Anderson,2025-09-06 19:13:09,noise
6397345443862,6398578995606,T540,17.2,Fahad Anderson,2025-09-06 13:24:50,noise
6397345443862,6396609819264,T540,31.9,Fahad Anderson,2025-09-06 20:25:40,noise
6397345443862,6396782939427,T540,26.2,Fahad Anderson,2025-09-05 13:27:27,noise
6397345443862,6399119973715,T596,17.8,Fahad Anderson,2025-09-05 13:13:34,noise
6397345443862,6394995994848,T596,5.8,Fahad Anderson,2025-09-04 15:07:20,noise
6397345443862,6391697329269,T540,32.7,Fahad Anderson,2025-09-04 20:30:40,noise
6397345443862,6392691285953,T540,7.7,Fahad Anderson,2025-09-03 09:03:50,noise
6397345443862,6393116814799,T596,11.3,Fahad Anderson,2025-09-03 11:21:38,noise
6397345443862,6392385746157,T596,13.9,Fahad Anderson,2025-09-02 20:00:22,noise
6397345443862,6399828853050,T540,6.8,Fahad Anderson,2025-09-02 12:25:06,noise
6397345443862,6394602944141,T596,48.6,Fahad Anderson,2025-09-01 08:16:03,noise
6397345443862,6392385746157,T596,36.4,Fahad Anderson,2025-08-31 08:08:28,noise
6397345443862,6396284057733,T596,45.7,Fahad Anderson,2025-08-31 08:26:18,noise
6397345443862,6395574777798,T596,17.7,Fahad Anderson,2025-08-31 16:14:53,noise
6397345443862,6391054941178,T596,11.9,Fahad Anderson,2025-08-30 13:09:51,noise
6397345443862,6392385746157,T540,11.7,Fahad Anderson,2025-08-29 08:09:41,noise
6397345443862,6399828853050,T540,19.1,Fahad Anderson,2025-08-29 08:18:44,noise
6397345443862,6392385746157,T596,11.3,Fahad Anderson,2025-08-29 19:12:45,noise
6397345443862,6399406323212,T596,4.3,Fahad Anderson,2025-08-28 15:09:31,noise
6397345443862,6399697255231,T596,6.8,Fahad Anderson,2025-08-28 08:01:18,noise
6397345443862,6399828853050,T540,11.4,Fahad Anderson,2025-08-27 10:15:38,noise
6397345443862,6399406323212,T540,35.5,Fahad Anderson,2025-08-26 20:13:23,noise
6397345443862,6392385746157,T596,31.4,Fahad Anderson,2025-08-26 09:03:00,noise
6397345443862,6399828853050,T596,15.7,Fahad Anderson,2025-08-25 11:00:25,noise
6397345443862,6395464499442,T596,19.2,Fahad Anderson,2025-08-25 09:05:46,noise
6397345443862,6399828853050,T596,24.4,Fahad Anderson,2025-08-24 11:01:06,noise
6397345443862,6399828853050,T540,5.3,Fahad Anderson,2025-08-24 13:21:11,noise
6397345443862,6399828853050,T596,15.0,Fahad Anderson,2025-08-23 16:13:41,noise
6397345443862,6396863262521,T540,21.8,Fahad Anderson,2025-08-22 18:18:22,noise
6397345443862,6392385746157,T596,7.0,Fahad Anderson,2025-08-22 11:14:45,noise
6397345443862,6392385746157,T596,18.9,Fahad Anderson,2025-08-21 03:25:06,noise
6397345443862,6392385746157,T540,26.3,Fahad Anderson,2025-08-21 12:12:43,noise
6397345443862,6397357048476,T596,16.0,Fahad Anderson,2025-08-21 10:21:36,noise
6397345443862,6393502849379,T596,26.8,Fahad Anderson,2025-08-20 20:30:35,noise
6397345443862,6392089382142,T540,14.3,Fahad Anderson,2025-08-20 09:13:49,noise
6397345443862,6392385746157,T596,56.5,Fahad Anderson,2025-08-19 20:27:28,noise
6397345443862,6399828853050,T596,7.8,Fahad Anderson,2025-08-18 16:06:13,noise
6397345443862,6399406323212,T540,18.2,Fahad Anderson,2025-08-18 21:07:39,noise
6397345443862,6399406323212,T596,31.8,Fahad Anderson,2025-08-17 08:01:34,noise
6397345443862,6394602944141,T596,31.2,Fahad Anderson,2025-08-17 21:26:46,noise
6397345443862,6392385746157,T540,36.2,Fahad Anderson,2025-08-16 04:01:04,noise
6397345443862,6399406323212,T540,33.0,Fahad Anderson,2025-08-16 00:14:53,noise
6397345443862,6399406323212,T540,37.8,Fahad Anderson,2025-08-16 14:07:39,noise
6397345443862,6392385746157,T596,19.0,Fahad Anderson,2025-08-15 17:28:38,noise
6397345443862,6392385746157,T540,18.2,Fahad Anderson,2025-08-15 11:27:58,noise
6397345443862,6399828853050,T596,9.2,Fahad Anderson,2025-08-14 18:17:02,noise
6397345443862,6398536130070,T540,11.5,Fahad Anderson,2025-08-14 09:04:33,noise
6397345443862,6399406323212,T596,49.1,Fahad Anderson,2025-08-13 10:08:31,noise
6397345443862,6399828853050,T596,11.5,Fahad Anderson,2025-08-13 12:12:47,noise
6397345443862,6398584437466,T540,34.4,Fahad Anderson,2025-08-13 04:23:06,noise
6397345443862,6394995994848,T540,22.0,Fahad Anderson,2025-08-12 19:11:01,noise
6397345443862,6392385746157,T540,81.6,Fahad Anderson,2025-08-11 13:00:21,noise
6397345443862,6396934367041,T596,3.0,Fahad Anderson,2025-08-11 18:16:50,noise
6397345443862,6399828853050,T540,23.9,Fahad Anderson,2025-08-11 11:19:26,noise
6397345443862,6399828853050,T596,12.2,Fahad Anderson,2025-08-10 02:14:47,noise
6397345443862,6399828853050,T540,12.4,Fahad Anderson,2025-08-10 11:30:32,noise
6397345443862,6397424123950,T540,31.8,Fahad Anderson,2025-08-09 17:04:25,noise
6397345443862,6399406323212,T540,49.7,Fahad Anderson,2025-08-09 09:23:12,noise
6397345443862,6392385746157,T596,3.6,Fahad Anderson,2025-08-08 10:00:34,noise
6397345443862,6399119973715,T540,9.7,Fahad Anderson,2025-08-08 14:12:38,noise
6397345443862,6392385746157,T540,5.1,Fahad Anderson,2025-08-07 09:06:04,noise
6397345443862,6399828853050,T540,15.3,Fahad Anderson,2025-08-07 00:25:18,noise
6397345443862,6395264944630,T596,14.2,Fahad Anderson,2025-08-06 02:13:16,noise
6397345443862,6399828853050,T596,16.0,Fahad Anderson,2025-08-06 10:03:18,noise
6397345443862,6399828853050,T596,33.5,Fahad Anderson,2025-08-06 21:05:16,noise
6397345443862,6392385746157,T596,31.1,Fahad Anderson,2025-08-05 14:14:51,noise
6397345443862,6392385746157,T596,6.2,Fahad Anderson,2025-08-04 11:25:38,noise
6397345443862,6399406323212,T540,23.6,Fahad Anderson,2025-08-04 20:12:25,noise
6396863262521,6399828853050,T666,17.8,Yara Lopes,2025-10-18 23:19:00,noise
6396863262521,6396934367041,T562,11.1,Yara Lopes,2025-10-18 17:07:57,noise
6396863262521,6396026405795,T666,25.8,Yara Lopes,2025-10-18 21:30:35,noise
6396863262521,6395738348726,T562,13.3,Yara Lopes,2025-10-17 13:12:01,noise
6396863262521,6396663971262,T562,47.8,Yara Lopes,2025-10-16 21:25:08,noise
6396863262521,6395086222587,T666,30.6,Yara Lopes,2025-10-16 23:16:25,noise
6396863262521,6396026405795,T666,30.3,Yara Lopes,2025-10-15 10:07:56,noise
6396863262521,6395086222587,T666,26.6,Yara Lopes,2025-10-15 10:00:56,noise
6396863262521,6396663971262,T562,32.5,Yara Lopes,2025-10-14 12:19:59,noise
6396863262521,6396026405795,T666,35.7,Yara Lopes,2025-10-14 18:30:58,noise
6396863262521,6396663971262,T562,14.7,Yara Lopes,2025-10-13 18:22:10,noise
6396863262521,6399429451462,T666,49.8,Yara Lopes,2025-10-13 20:04:43,noise
6396863262521,6396663971262,T562,10.5,Yara Lopes,2025-10-12 20:07:55,noise
6396863262521,6396663971262,T666,2.6,Yara Lopes,2025-10-11 15:06:17,noise
6396863262521,6396026405795,T562,79.3,Yara Lopes,2025-10-11 18:01:50,noise
6396863262521,6396026405795,T666,8.8,Yara Lopes,2025-10-10 23:30:33,noise
6396863262521,6396663971262,T666,21.6,Yara Lopes,2025-10-10 09:20:20,noise
6396863262521,6395086222587,T666,25.4,Yara Lopes,2025-10-09 15:25:58,noise
6396863262521,6396026405795,T666,12.1,Yara Lopes,2025-10-08 23:21:18,noise
6396863262521,6396026405795,T666,6.3,Yara Lopes,2025-10-08 19:17:37,noise
6396863262521,6395086222587,T562,6.3,Yara Lopes,2025-10-07 19:22:43,noise
6396863262521,6395086222587,T562,5.5,Yara Lopes,2025-10-07 10:07:42,noise
6396863262521,6391054941178,T666,12.5,Yara Lopes,2025-10-06 08:25:26,noise
6396863262521,6396026405795,T562,15.0,Yara Lopes,2025-10-05 18:14:11,noise
6396863262521,6394781266670,T666,44.4,Yara Lopes,2025-10-05 14:18:23,noise
6396863262521,6396026405795,T562,16.7,Yara Lopes,2025-10-04 16:20:15,noise
6396863262521,6396663971262,T666,10.2,Yara Lopes,2025-10-04 16:00:21,noise
6396863262521,6395086222587,T666,19.4,Yara Lopes,2025-10-03 18:29:58,noise
6396863262521,6393318640912,T562,14.4,Yara Lopes,2025-10-03 08:13:51,noise
6396863262521,6396663971262,T666,24.8,Yara Lopes,2025-10-02 08:27:08,noise
6396863262521,6395086222587,T562,12.6,Yara Lopes,2025-10-02 14:16:12,noise
6396863262521,6395086222587,T562,18.2,Yara Lopes,2025-10-02 19:27:45,noise
6396863262521,6398096864787,T562,37.4,Yara Lopes,2025-10-01 13:15:47,noise
6396863262521,6396026405795,T666,16.4,Yara Lopes,2025-10-01 17:10:30,noise
6396863262521,6393318640912,T666,14.8,Yara Lopes,2025-09-30 09:12:03,noise
6396863262521,6398621864419,T562,14.3,Yara Lopes,2025-09-29 16:29:15,noise
6396863262521,6399961796941,T666,24.7,Yara Lopes,2025-09-29 16:24:11,noise
6396863262521,6396663971262,T666,6.0,Yara Lopes,2025-09-28 18:10:00,noise
6396863262521,6396026405795,T666,24.7,Yara Lopes,2025-09-27 14:10:16,noise
6396863262521,6391981016678,T666,21.3,Yara Lopes,2025-09-27 23:26:37,noise
6396863262521,6396212810153,T666,12.8,Yara Lopes,2025-09-26 12:21:20,noise
6396863262521,6396663971262,T562,11.2,Yara Lopes,2025-09-26 15:21:03,noise
6396863262521,6394285686989,T666,8.2,Yara Lopes,2025-09-26 15:08:52,noise
6396863262521,6396663971262,T666,15.2,Yara Lopes,2025-09-25 09:13:40,noise
6396863262521,6392546307565,T666,22.5,Yara Lopes,2025-09-25 17:25:47,noise
6396863262521,6399628559272,T562,11.7,Yara Lopes,2025-09-25 15:03:14,noise
6396863262521,6396026405795,T562,7.2,Yara Lopes,2025-09-24 19:08:21,noise
6396863262521,6396663971262,T666,8.9,Yara Lopes,2025-09-24 10:13:36,noise
6396863262521,6396026405795,T666,11.6,Yara Lopes,2025-09-23 00:05:38,noise
6396863262521,6395086222587,T666,8.6,Yara Lopes,2025-09-23 17:00:05,noise
6396863262521,6396663971262,T666,9.4,Yara Lopes,2025-09-22 12:24:09,noise
6396863262521,6395086222587,T666,6.8,Yara Lopes,2025-09-22 14:11:09,noise
6396863262521,6395086222587,T666,23.3,Yara Lopes,2025-09-22 20:04:46,noise
6396863262521,6396663971262,T666,11.9,Yara Lopes,2025-09-21 10:23:44,noise
6396863262521,6399429451462,T666,32.9,Yara Lopes,2025-09-20 16:28:16,noise
6396863262521,6399722315072,T666,14.5,Yara Lopes,2025-09-20 16:22:57,noise
6396863262521,6396026405795,T562,22.8,Yara Lopes,2025-09-20 16:13:57,noise
6396863262521,6398313094253,T666,16.8,Yara Lopes,2025-09-19 21:26:19,noise
6396863262521,6395086222587,T666,12.9,Yara Lopes,2025-09-19 10:09:39,noise
6396863262521,6396026405795,T562,14.6,Yara Lopes,2025-09-18 21:04:25,noise
6396863262521,6396026405795,T666,17.9,Yara Lopes,2025-09-18 12:20:41,noise
6396863262521,6395086222587,T666,11.9,Yara Lopes,2025-09-17 18:09:41,noise
6396863262521,6395738348726,T562,15.1,Yara Lopes,2025-09-17 13:29:06,noise
6396863262521,6399119973715,T562,7.5,Yara Lopes,2025-09-17 08:22:41,noise
6396863262521,6397176014123,T666,41.7,Yara Lopes,2025-09-16 13:07:37,noise
6396863262521,6396397246783,T666,98.2,Yara Lopes,2025-09-16 20:29:23,noise
6396863262521,6395709000192,T666,55.0,Yara Lopes,2025-09-15 13:01:54,noise
6396863262521,6395086222587,T562,9.5,Yara Lopes,2025-09-15 20:16:57,noise
6396863262521,6391936644374,T666,54.4,Yara Lopes,2025-09-15 05:12:18,noise
6396863262521,6395086222587,T666,47.8,Yara Lopes,2025-09-14 20:23:32,noise
6396863262521,6397033353739,T666,38.0,Yara Lopes,2025-09-13 14:23:57,noise
6396863262521,6394369267219,T666,34.8,Yara Lopes,2025-09-13 12:23:26,noise
6396863262521,6393299477204,T666,17.6,Yara Lopes,2025-09-12 16:01:37,noise
6396863262521,6396663971262,T666,16.1,Yara Lopes,2025-09-11 18:12:00,noise
6396863262521,6396663971262,T666,13.0,Yara Lopes,2025-09-11 16:15:57,noise
6396863262521,6396663971262,T666,17.4,Yara Lopes,2025-09-11 05:30:11,noise
6396863262521,6396026405795,T666,18.8,Yara Lopes,2025-09-10 18:25:12,noise
6396863262521,6396026405795,T562,17.7,Yara Lopes,2025-09-10 20:17:06,noise
6396863262521,6392944941518,T562,24.8,Yara Lopes,2025-09-10 18:17:29,noise
6396863262521,6396026405795,T666,16.5,Yara Lopes,2025-09-09 10:12:23,noise
6396863262521,6396663971262,T666,8.9,Yara Lopes,2025-09-09 12:25:45,noise
6396863262521,6396663971262,T666,14.1,Yara Lopes,2025-09-08 03:23:25,noise
6396863262521,6396663971262,T666,15.0,Yara Lopes,2025-09-08 20:18:00,noise
6396863262521,6396026405795,T666,9.5,Yara Lopes,2025-09-07 22:24:05,noise
6396863262521,6395086222587,T562,97.1,Yara Lopes,2025-09-07 12:01:26,noise
6396863262521,6396663971262,T666,25.5,Yara Lopes,2025-09-06 11:30:16,noise
6396863262521,6392691285953,T666,9.9,Yara Lopes,2025-09-06 20:24:30,noise
6396863262521,6399095757865,T666,22.9,Yara Lopes,2025-09-05 10:08:21,noise
6396863262521,6391917476319,T666,38.3,Yara Lopes,2025-09-04 08:01:23,noise
6396863262521,6395086222587,T666,8.8,Yara Lopes,2025-09-04 12:12:02,noise
6396863262521,6396026405795,T562,10.0,Yara Lopes,2025-09-03 08:09:42,noise
6396863262521,6396663971262,T666,28.1,Yara Lopes,2025-09-02 09:17:29,noise
6396863262521,6397345443862,T562,30.8,Yara Lopes,2025-09-02 17:30:26,noise
6396863262521,6396026405795,T666,10.6,Yara Lopes,2025-09-01 22:13:06,noise
6396863262521,6396609819264,T666,14.3,Yara Lopes,2025-09-01 20:06:34,noise
6396863262521,6395086222587,T666,18.3,Yara Lopes,2025-08-31 08:20:34,noise
6396863262521,6399042725763,T562,4.8,Yara Lopes,2025-08-30 18:20:39,noise
6396863262521,6396026405795,T666,20.6,Yara Lopes,2025-08-30 17:28:53,noise
6396863262521,6394602944141,T666,110.6,Yara Lopes,2025-08-29 16:01:25,noise
6396863262521,6395086222587,T666,10.6,Yara Lopes,2025-08-28 18:30:12,noise
6396863262521,6396026405795,T562,23.7,Yara Lopes,2025-08-28 08:15:10,noise
6396863262521,6396026405795,T666,37.8,Yara Lopes,2025-08-27 15:02:54,noise
6396863262521,6395086222587,T562,25.4,Yara Lopes,2025-08-27 10:30:56,noise
6396863262521,6395086222587,T666,10.3,Yara Lopes,2025-08-26 14:18:28,noise
6396863262521,6396168850025,T562,18.5,Yara Lopes,2025-08-25 20:09:49,noise
6396863262521,6396168850025,T666,17.1,Yara Lopes,2025-08-24 15:16:32,noise
6396863262521,6396663971262,T666,8.3,Yara Lopes,2025-08-24 21:17:50,noise
6396863262521,6395086222587,T666,8.1,Yara Lopes,2025-08-24 04:08:45,noise
6396863262521,6395086222587,T562,15.2,Yara Lopes,2025-08-23 20:17:42,noise
6396863262521,6396663971262,T666,29.7,Yara Lopes,2025-08-22 18:19:15,noise
6396863262521,6396663971262,T562,15.4,Yara Lopes,2025-08-22 12:18:48,noise
6396863262521,6398584437466,T666,21.8,Yara Lopes,2025-08-22 17:08:44,noise
6396863262521,6396026405795,T666,9.7,Yara Lopes,2025-08-21 11:28:12,noise
6396863262521,6394285686989,T562,12.2,Yara Lopes,2025-08-21 16:04:44,noise
6396863262521,6396663971262,T562,16.6,Yara Lopes,2025-08-20 10:21:10,noise
6396863262521,6396663971262,T562,27.2,Yara Lopes,2025-08-20 13:02:44,noise
6396863262521,6396026405795,T562,15.0,Yara Lopes,2025-08-19 08:10:44,noise
6396863262521,6395086222587,T666,33.1,Yara Lopes,2025-08-18 16:01:04,noise
6396863262521,6399961796941,T562,13.3,Yara Lopes,2025-08-18 20:27:08,noise
6396863262521,6396609819264,T562,24.4,Yara Lopes,2025-08-17 22:11:36,noise
6396863262521,6396956367740,T666,29.8,Yara Lopes,2025-08-17 12:21:03,noise
6396863262521,6395086222587,T666,10.0,Yara Lopes,2025-08-17 14:09:27,noise
6396863262521,6395464499442,T666,19.9,Yara Lopes,2025-08-16 12:08:35,noise
6396863262521,6399119973715,T666,22.8,Yara Lopes,2025-08-16 00:27:19,noise
6396863262521,6396663971262,T666,6.6,Yara Lopes,2025-08-15 20:13:48,noise
6396863262521,6392182204871,T562,42.3,Yara Lopes,2025-08-15 17:19:44,noise
6396863262521,6395086222587,T666,22.6,Yara Lopes,2025-08-15 15:22:47,noise
6396863262521,6395086222587,T666,9.9,Yara Lopes,2025-08-14 12:29:44,noise
6396863262521,6396663971262,T562,12.9,Yara Lopes,2025-08-13 14:01:23,noise
6396863262521,6396663971262,T666,16.4,Yara Lopes,2025-08-13 21:24:36,noise
6396863262521,6396663971262,T666,7.0,Yara Lopes,2025-08-13 18:09:27,noise
6396863262521,6396663971262,T562,4.8,Yara Lopes,2025-08-12 22:02:36,noise
6396863262521,6396663971262,T666,21.8,Yara Lopes,2025-08-11 16:19:47,noise
6396863262521,6396026405795,T562,27.3,Yara Lopes,2025-08-10 13:02:10,noise
6396863262521,6396663971262,T666,21.6,Yara Lopes,2025-08-10 16:18:35,noise
6396863262521,6396663971262,T666,17.2,Yara Lopes,2025-08-10 15:02:51,noise
6396863262521,6396026405795,T562,28.6,Yara Lopes,2025-08-09 02:02:59,noise
6396863262521,6396026405795,T666,52.5,Yara Lopes,2025-08-09 22:21:06,noise
6396863262521,6396663971262,T562,34.9,Yara Lopes,2025-08-08 21:04:52,noise
6396863262521,6396026405795,T666,29.7,Yara Lopes,2025-08-08 20:26:41,noise
6396863262521,6391697329269,T562,6.2,Yara Lopes,2025-08-08 11:29:14,noise
6396863262521,6394485230571,T562,28.3,Yara Lopes,2025-08-07 09:12:16,noise
6396863262521,6396609819264,T666,21.9,Yara Lopes,2025-08-06 23:03:40,noise
6396863262521,6396956367740,T666,20.8,Yara Lopes,2025-08-06 05:25:15,noise
6396863262521,6396026405795,T666,3.1,Yara Lopes,2025-08-05 13:13:13,noise
6396863262521,6398645236008,T562,24.0,Yara Lopes,2025-08-05 11:27:12,noise
6396863262521,6393958914953,T666,13.8,Yara Lopes,2025-08-05 19:25:57,noise
6396863262521,6396782939427,T666,23.3,Yara Lopes,2025-08-04 15:30:24,noise
6396863262521,6395086222587,T666,27.2,Yara Lopes,2025-08-04 13:22:19,noise
6399722315072,6398621864419,T821,12.9,Diego Tanaka,2025-10-18 09:05:03,noise
6399722315072,6394477195628,T821,30.8,Diego Tanaka,2025-10-17 20:16:27,noise
6399722315072,6393511301796,T821,4.4,Diego Tanaka,2025-10-17 01:02:43,noise
6399722315072,6399562839233,T703,16.2,Diego Tanaka,2025-10-16 16:12:40,noise
6399722315072,6398313094253,T703,9.7,Diego Tanaka,2025-10-16 13:28:19,noise
6399722315072,6397398372383,T821,32.0,Diego Tanaka,2025-10-15 00:19:12,noise
6399722315072,6397398372383,T703,7.1,Diego Tanaka,2025-10-14 13:10:11,noise
6399722315072,6399562839233,T821,10.4,Diego Tanaka,2025-10-14 08:14:27,noise
6399722315072,6399042725763,T821,9.7,Diego Tanaka,2025-10-13 20:11:43,noise
6399722315072,6395086222587,T703,12.8,Diego Tanaka,2025-10-13 08:25:46,noise
6399722315072,6397398372383,T703,3.1,Diego Tanaka,2025-10-13 16:28:56,noise
6399722315072,6399697255231,T821,8.7,Diego Tanaka,2025-10-12 16:21:35,noise
6399722315072,6399562839233,T703,10.8,Diego Tanaka,2025-10-12 12:29:55,noise
6399722315072,6395104602062,T703,58.2,Diego Tanaka,2025-10-11 10:02:17,noise
6399722315072,6392623441780,T821,4.8,Diego Tanaka,2025-10-10 16:29:53,noise
6399722315072,6397671860113,T821,30.9,Diego Tanaka,2025-10-10 14:30:42,noise
6399722315072,6399562839233,T703,11.0,Diego Tanaka,2025-10-10 19:22:41,noise
6399722315072,6394602944141,T821,45.2,Diego Tanaka,2025-10-09 12:10:02,noise
6399722315072,6397398372383,T821,23.2,Diego Tanaka,2025-10-08 14:15:23,noise
6399722315072,6392182204871,T821,10.8,Diego Tanaka,2025-10-07 09:20:46,noise
6399722315072,6396663971262,T703,20.7,Diego Tanaka,2025-10-06 10:03:39,noise
6399722315072,6397398372383,T703,45.2,Diego Tanaka,2025-10-06 13:16:01,noise
6399722315072,6394602944141,T821,12.5,Diego Tanaka,2025-10-05 12:06:45,noise
6399722315072,6395086222587,T821,9.7,Diego Tanaka,2025-10-05 11:19:05,noise
6399722315072,6391644392848,T703,10.5,Diego Tanaka,2025-10-04 14:16:18,noise
6399722315072,6399562839233,T703,19.7,Diego Tanaka,2025-10-04 13:13:14,noise
6399722315072,6395277555081,T703,28.0,Diego Tanaka,2025-10-04 17:09:34,noise
6399722315072,6395328992709,T821,11.5,Diego Tanaka,2025-10-03 16:09:03,noise
6399722315072,6399828853050,T703,16.5,Diego Tanaka,2025-10-03 16:03:30,noise
6399722315072,6391644392848,T821,29.7,Diego Tanaka,2025-10-03 19:25:59,noise
6399722315072,6395086222587,T703,22.8,Diego Tanaka,2025-10-02 08:15:39,noise
6399722315072,6396934367041,T821,31.6,Diego Tanaka,2025-10-01 20:17:39,noise
6399722315072,6399562839233,T821,16.9,Diego Tanaka,2025-10-01 01:00:00,noise
6399722315072,6392609362629,T703,20.0,Diego Tanaka,2025-09-30 17:16:21,noise
6399722315072,6394701982874,T821,29.0,Diego Tanaka,2025-09-30 09:07:16,noise
6399722315072,6394389103334,T703,20.4,Diego Tanaka,2025-09-29 22:12:25,noise
6399722315072,6397515118078,T703,12.2,Diego Tanaka,2025-09-29 11:22:38,noise
6399722315072,6398313094253,T703,8.1,Diego Tanaka,2025-09-28 05:19:16,noise
6399722315072,6395086222587,T821,9.6,Diego Tanaka,2025-09-27 23:03:59,noise
6399722315072,6397398372383,T821,9.8,Diego Tanaka,2025-09-26 12:20:34,noise
6399722315072,6399562839233,T821,19.6,Diego Tanaka,2025-09-26 15:12:45,noise
6399722315072,6395277555081,T821,16.2,Diego Tanaka,2025-09-26 09:24:28,noise
6399722315072,6391296649512,T821,14.1,Diego Tanaka,2025-09-25 14:20:52,noise
6399722315072,6391024970537,T703,79.0,Diego Tanaka,2025-09-25 09:17:41,noise
6399722315072,6397398372383,T821,17.2,Diego Tanaka,2025-09-24 04:30:14,noise
6399722315072,6394389103334,T821,31.2,Diego Tanaka,2025-09-23 12:01:10,noise
6399722315072,6397398372383,T703,22.4,Diego Tanaka,2025-09-23 23:25:13,noise
6399722315072,6395086222587,T821,28.4,Diego Tanaka,2025-09-23 09:08:21,noise
6399722315072,6391981016678,T703,22.5,Diego Tanaka,2025-09-22 15:22:26,noise
6399722315072,6395086222587,T821,6.4,Diego Tanaka,2025-09-21 23:22:18,noise
6399722315072,6394701982874,T703,15.5,Diego Tanaka,2025-09-21 08:23:40,noise
6399722315072,6399562839233,T821,30.6,Diego Tanaka,2025-09-20 16:28:34,noise
6399722315072,6397398372383,T703,21.4,Diego Tanaka,2025-09-20 03:29:07,noise
6399722315072,6398096864787,T821,20.5,Diego Tanaka,2025-09-20 09:19:54,noise
6399722315072,6397398372383,T703,21.3,Diego Tanaka,2025-09-19 16:28:36,noise
6399722315072,6399562839233,T821,11.7,Diego Tanaka,2025-09-19 16:16:38,noise
6399722315072,6399429451462,T703,19.5,Diego Tanaka,2025-09-18 01:04:35,noise
6399722315072,6397398372383,T703,21.2,Diego Tanaka,2025-09-17 15:04:39,noise
6399722315072,6399907611720,T703,25.2,Diego Tanaka,2025-09-17 12:00:33,noise
6399722315072,6397398372383,T821,31.2,Diego Tanaka,2025-09-16 03:12:51,noise
6399722315072,6399562839233,T821,6.7,Diego Tanaka,2025-09-16 20:27:55,noise
6399722315072,6392599009461,T821,33.9,Diego Tanaka,2025-09-16 10:27:31,noise
6399722315072,6397398372383,T821,6.4,Diego Tanaka,2025-09-15 16:19:23,noise
6399722315072,6395086222587,T703,19.5,Diego Tanaka,2025-09-15 18:23:35,noise
6399722315072,6392944941518,T703,21.7,Diego Tanaka,2025-09-15 15:24:12,noise
6399722315072,6399562839233,T821,25.2,Diego Tanaka,2025-09-14 15:06:08,noise
6399722315072,6392546307565,T703,11.4,Diego Tanaka,2025-09-14 21:09:37,noise
6399722315072,6399857882871,T821,14.6,Diego Tanaka,2025-09-13 10:07:12,noise
6399722315072,6397345443862,T703,16.2,Diego Tanaka,2025-09-12 14:07:30,noise
6399722315072,6395086222587,T703,5.8,Diego Tanaka,2025-09-11 19:15:14,noise
6399722315072,6398096864787,T821,15.3,Diego Tanaka,2025-09-11 18:00:25,noise
6399722315072,6397398372383,T703,38.7,Diego Tanaka,2025-09-10 19:21:47,noise
6399722315072,6392609362629,T703,59.9,Diego Tanaka,2025-09-10 17:00:34,noise
6399722315072,6399562839233,T703,12.2,Diego Tanaka,2025-09-09 15:11:49,noise
6399722315072,6397398372383,T703,11.5,Diego Tanaka,2025-09-09 21:12:57,noise
6399722315072,6397398372383,T703,18.7,Diego Tanaka,2025-09-08 10:14:58,noise
6399722315072,6399562839233,T703,30.0,Diego Tanaka,2025-09-07 11:03:04,noise
6399722315072,6397959530865,T703,18.7,Diego Tanaka,2025-09-07 12:18:13,noise
6399722315072,6398389473157,T703,6.2,Diego Tanaka,2025-09-07 10:20:39,noise
6399722315072,6392599009461,T703,14.8,Diego Tanaka,2025-09-06 03:16:49,noise
6399722315072,6396782939427,T703,22.4,Diego Tanaka,2025-09-05 15:06:04,noise
6399722315072,6399562839233,T821,17.0,Diego Tanaka,2025-09-04 08:12:56,noise
6399722315072,6395086222587,T703,21.2,Diego Tanaka,2025-09-04 17:03:33,noise
6399722315072,6395086222587,T703,22.0,Diego Tanaka,2025-09-04 17:01:14,noise
6399722315072,6397398372383,T821,29.1,Diego Tanaka,2025-09-03 01:20:59,noise
6399722315072,6393474215565,T821,6.4,Diego Tanaka,2025-09-03 09:23:59,noise
6399722315072,6394477195628,T703,28.3,Diego Tanaka,2025-09-03 20:02:44,noise
6399722315072,6397357048476,T821,19.1,Diego Tanaka,2025-09-02 11:30:22,noise
6399722315072,6397398372383,T703,5.2,Diego Tanaka,2025-09-02 17:16:03,noise
6399722315072,6397398372383,T821,23.9,Diego Tanaka,2025-09-01 14:01:00,noise
6399722315072,6395086222587,T703,37.6,Diego Tanaka,2025-08-31 09:28:10,noise
6399722315072,6395086222587,T703,9.0,Diego Tanaka,2025-08-30 22:08:03,noise
6399722315072,6394369267219,T703,11.4,Diego Tanaka,2025-08-29 17:04:24,noise
6399722315072,6395086222587,T703,20.4,Diego Tanaka,2025-08-29 13:21:27,noise
6399722315072,6394369267219,T703,11.1,Diego Tanaka,2025-08-28 12:28:37,noise
6399722315072,6397398372383,T703,30.7,Diego Tanaka,2025-08-27 09:02:50,noise
6399722315072,6399961796941,T703,4.9,Diego Tanaka,2025-08-27 20:07:31,noise
6399722315072,6397398372383,T821,26.9,Diego Tanaka,2025-08-26 16:16:18,noise
6399722315072,6395086222587,T703,78.9,Diego Tanaka,2025-08-26 05:12:53,noise
6399722315072,6399562839233,T703,8.9,Diego Tanaka,2025-08-26 10:03:14,noise
6399722315072,6397398372383,T703,17.2,Diego Tanaka,2025-08-25 15:05:28,noise
6399722315072,6399628559272,T821,7.0,Diego Tanaka,2025-08-25 22:17:51,noise
6399722315072,6392691285953,T821,9.5,Diego Tanaka,2025-08-24 17:06:48,noise
6399722315072,6397685492906,T703,33.3,Diego Tanaka,2025-08-24 22:16:49,noise
6399722315072,6396397246783,T703,18.5,Diego Tanaka,2025-08-23 02:03:29,noise
6399722315072,6397398372383,T821,35.2,Diego Tanaka,2025-08-23 20:07:39,noise
6399722315072,6395086222587,T703,6.2,Diego Tanaka,2025-08-22 14:14:19,noise
6399722315072,6397398372383,T821,24.5,Diego Tanaka,2025-08-22 11:04:20,noise
6399722315072,6396609819264,T821,21.0,Diego Tanaka,2025-08-21 17:04:53,noise
6399722315072,6397398372383,T703,5.6,Diego Tanaka,2025-08-21 13:22:46,noise
6399722315072,6397398372383,T703,18.9,Diego Tanaka,2025-08-20 12:23:26,noise
6399722315072,6395086222587,T821,26.0,Diego Tanaka,2025-08-19 08:30:04,noise
6399722315072,6395086222587,T703,17.8,Diego Tanaka,2025-08-19 13:04:40,noise
6399722315072,6399562839233,T821,8.4,Diego Tanaka,2025-08-18 10:11:34,noise
6399722315072,6398584437466,T821,31.0,Diego Tanaka,2025-08-18 09:17:29,noise
6399722315072,6397398372383,T821,33.3,Diego Tanaka,2025-08-18 14:29:04,noise
6399722315072,6395086222587,T703,20.5,Diego Tanaka,2025-08-17 18:17:02,noise
6399722315072,6397398372383,T703,63.8,Diego Tanaka,2025-08-17 10:01:11,noise
6399722315072,6394285686989,T703,16.4,Diego Tanaka,2025-08-17 19:00:45,noise
6399722315072,6397398372383,T821,13.3,Diego Tanaka,2025-08-16 03:08:28,noise
6399722315072,6395328992709,T703,37.2,Diego Tanaka,2025-08-16 23:13:19,noise
6399722315072,6395709000192,T821,22.3,Diego Tanaka,2025-08-15 15:20:37,noise
6399722315072,6399429451462,T703,30.3,Diego Tanaka,2025-08-15 10:16:57,noise
6399722315072,6395086222587,T703,54.0,Diego Tanaka,2025-08-14 12:26:19,noise
6399722315072,6392089382142,T821,119.7,Diego Tanaka,2025-08-14 21:15:36,noise
6399722315072,6399562839233,T821,16.3,Diego Tanaka,2025-08-13 19:20:39,noise
6399722315072,6395086222587,T703,11.9,Diego Tanaka,2025-08-13 13:12:17,noise
6399722315072,6395086222587,T703,12.6,Diego Tanaka,2025-08-12 00:22:51,noise
6399722315072,6396956367740,T703,27.0,Diego Tanaka,2025-08-11 13:17:49,noise
6399722315072,6395086222587,T703,9.1,Diego Tanaka,2025-08-11 17:25:09,noise
6399722315072,6396609601602,T821,16.2,Diego Tanaka,2025-08-10 18:29:03,noise
6399722315072,6395086222587,T821,7.0,Diego Tanaka,2025-08-10 12:02:45,noise
6399722315072,6394602944141,T703,5.4,Diego Tanaka,2025-08-10 18:07:32,noise
6399722315072,6395086222587,T821,5.4,Diego Tanaka,2025-08-09 03:17:22,noise
6399722315072,6394485230571,T703,7.2,Diego Tanaka,2025-08-09 17:14:55,noise
6399722315072,6399562839233,T703,7.9,Diego Tanaka,2025-08-08 13:19:56,noise
6399722315072,6395086222587,T703,42.1,Diego Tanaka,2025-08-08 12:04:57,noise
6399722315072,6399562839233,T821,15.6,Diego Tanaka,2025-08-07 05:10:01,noise
6399722315072,6399562839233,T703,7.8,Diego Tanaka,2025-08-07 11:13:10,noise
6399722315072,6399562839233,T821,43.8,Diego Tanaka,2025-08-06 10:25:20,noise
6399722315072,6396863262521,T821,121.1,Diego Tanaka,2025-08-06 22:18:06,noise
6399722315072,6399562839233,T821,8.8,Diego Tanaka,2025-08-05 11:00:30,noise
6399722315072,6399562839233,T821,7.3,Diego Tanaka,2025-08-05 09:30:45,noise
6399722315072,6399562839233,T821,64.8,Diego Tanaka,2025-08-04 17:14:42,noise
6399722315072,6393318640912,T821,31.1,Diego Tanaka,2025-08-04 10:03:07,noise
6395447757108,6395388614739,T576,3.1,Zane Chen,2025-10-18 12:27:33,noise
6395447757108,6395574777798,T576,19.4,Zane Chen,2025-10-17 19:26:20,noise
6395447757108,6391296649512,T309,14.2,Zane Chen,2025-10-17 15:22:14,noise
6395447757108,6399722315072,T309,13.1,Zane Chen,2025-10-16 11:05:48,noise
6395447757108,6398096864787,T576,9.7,Zane Chen,2025-10-16 08:06:33,noise
6395447757108,6392609362629,T309,19.4,Zane Chen,2025-10-16 03:23:40,noise
6395447757108,6396934367041,T576,69.9,Zane Chen,2025-10-15 10:15:26,noise
6395447757108,6395388614739,T309,21.0,Zane Chen,2025-10-14 10:17:09,noise
6395447757108,6392609362629,T576,12.8,Zane Chen,2025-10-14 10:15:47,noise
6395447757108,6395574777798,T309,13.9,Zane Chen,2025-10-13 15:19:29,noise
6395447757108,6395574777798,T309,4.6,Zane Chen,2025-10-13 12:05:49,noise
6395447757108,6398578995606,T309,9.5,Zane Chen,2025-10-13 10:13:28,noise
6395447757108,6395574777798,T309,21.2,Zane Chen,2025-10-12 12:03:59,noise
6395447757108,6395388614739,T309,16.7,Zane Chen,2025-10-12 18:22:08,noise
6395447757108,6395574777798,T309,11.7,Zane Chen,2025-10-11 08:05:26,noise
6395447757108,6395388614739,T309,18.9,Zane Chen,2025-10-10 18:07:51,noise
6395447757108,6396956367740,T576,11.2,Zane Chen,2025-10-10 08:20:08,noise
6395447757108,6397685492906,T309,18.0,Zane Chen,2025-10-09 19:18:26,noise
6395447757108,6395388614739,T309,3.3,Zane Chen,2025-10-08 20:05:08,noise
6395447757108,6392546307565,T576,15.3,Zane Chen,2025-10-08 03:29:52,noise
6395447757108,6395574777798,T576,16.2,Zane Chen,2025-10-08 09:30:43,noise
6395447757108,6395574777798,T309,11.7,Zane Chen,2025-10-07 10:15:46,noise
6395447757108,6392609362629,T576,4.8,Zane Chen,2025-10-07 11:07:26,noise
6395447757108,6397169427647,T309,5.7,Zane Chen,2025-10-06 16:24:55,noise
6395447757108,6395388614739,T576,13.6,Zane Chen,2025-10-06 08:20:15,noise
6395447757108,6395574777798,T309,21.5,Zane Chen,2025-10-05 10:12:47,noise
6395447757108,6396956367740,T309,9.7,Zane Chen,2025-10-05 19:11:54,noise
6395447757108,6392609362629,T309,14.4,Zane Chen,2025-10-04 15:12:14,noise
6395447757108,6397317313563,T309,12.1,Zane Chen,2025-10-04 11:17:53,noise
6395447757108,6395574777798,T309,43.9,Zane Chen,2025-10-04 05:15:38,noise
6395447757108,6394369267219,T309,58.3,Zane Chen,2025-10-03 00:20:31,noise
6395447757108,6396433624746,T309,22.4,Zane Chen,2025-10-03 13:12:43,noise
6395447757108,6395574777798,T576,7.9,Zane Chen,2025-10-03 16:10:26,noise
6395447757108,6395574777798,T309,26.7,Zane Chen,2025-10-02 09:26:59,noise
6395447757108,6392609362629,T309,25.0,Zane Chen,2025-10-02 23:28:03,noise
6395447757108,6395388614739,T309,19.1,Zane Chen,2025-10-02 08:25:39,noise
6395447757108,6395388614739,T309,8.2,Zane Chen,2025-10-01 14:01:15,noise
6395447757108,6395086222587,T576,11.4,Zane Chen,2025-09-30 19:07:04,noise
6395447757108,6395104602062,T309,35.0,Zane Chen,2025-09-30 19:25:16,noise
6395447757108,6395574777798,T309,27.1,Zane Chen,2025-09-29 09:14:53,noise
6395447757108,6399119973715,T576,4.7,Zane Chen,2025-09-29 20:04:08,noise
6395447757108,6397907454154,T309,13.9,Zane Chen,2025-09-28 22:21:02,noise
6395447757108,6395574777798,T309,28.4,Zane Chen,2025-09-28 16:12:00,noise
6395447757108,6395447757108,T576,7.7,Zane Chen,2025-09-27 14:02:57,noise
6395447757108,6392609362629,T309,8.9,Zane Chen,2025-09-26 16:19:38,noise
6395447757108,6395388614739,T309,17.0,Zane Chen,2025-09-25 01:21:40,noise
6395447757108,6398096864787,T576,20.1,Zane Chen,2025-09-24 02:12:47,noise
6395447757108,6392609362629,T309,6.0,Zane Chen,2025-09-24 15:25:11,noise
6395447757108,6399961796941,T309,16.9,Zane Chen,2025-09-24 19:15:01,noise
6395447757108,6392609362629,T576,18.1,Zane Chen,2025-09-23 12:23:25,noise
6395447757108,6391981016678,T309,9.7,Zane Chen,2025-09-22 16:12:35,noise
6395447757108,6392609362629,T309,3.3,Zane Chen,2025-09-22 16:05:00,noise
6395447757108,6395328992709,T309,9.9,Zane Chen,2025-09-22 15:08:08,noise
6395447757108,6399406323212,T309,2.6,Zane Chen,2025-09-21 16:10:03,noise
6395447757108,6392609362629,T309,10.5,Zane Chen,2025-09-20 14:20:48,noise
6395447757108,6395388614739,T309,35.8,Zane Chen,2025-09-19 08:28:09,noise
6395447757108,6395388614739,T309,30.3,Zane Chen,2025-09-19 12:06:10,noise
6395447757108,6392609362629,T309,22.0,Zane Chen,2025-09-18 17:25:37,noise
6395447757108,6398446041346,T576,7.4,Zane Chen,2025-09-18 14:01:10,noise
6395447757108,6396284057733,T576,4.4,Zane Chen,2025-09-17 17:30:01,noise
6395447757108,6392609362629,T576,9.9,Zane Chen,2025-09-17 18:07:30,noise
6395447757108,6397169427647,T309,10.3,Zane Chen,2025-09-17 12:25:59,noise
6395447757108,6395863306424,T576,18.8,Zane Chen,2025-09-16 11:19:25,noise
6395447757108,6393299477204,T576,24.1,Zane Chen,2025-09-16 19:01:23,noise
6395447757108,6395574777798,T576,46.8,Zane Chen,2025-09-15 09:10:46,noise
6395447757108,6395388614739,T576,20.8,Zane Chen,2025-09-15 11:07:42,noise
6395447757108,6392609362629,T309,11.1,Zane Chen,2025-09-14 21:06:03,noise
6395447757108,6395574777798,T576,15.0,Zane Chen,2025-09-14 13:09:16,noise
6395447757108,6395574777798,T309,5.3,Zane Chen,2025-09-13 11:16:16,noise
6395447757108,6399562839233,T309,12.4,Zane Chen,2025-09-13 09:12:54,noise
6395447757108,6396026405795,T576,20.2,Zane Chen,2025-09-13 13:08:40,noise
6395447757108,6395388614739,T309,15.1,Zane Chen,2025-09-12 11:28:50,noise
6395447757108,6395388614739,T576,20.2,Zane Chen,2025-09-12 08:05:05,noise
6395447757108,6395574777798,T309,13.1,Zane Chen,2025-09-11 18:25:12,noise
6395447757108,6392584159767,T309,12.3,Zane Chen,2025-09-10 22:29:20,noise
6395447757108,6398313094253,T309,21.9,Zane Chen,2025-09-10 20:11:08,noise
6395447757108,6395574777798,T576,22.1,Zane Chen,2025-09-10 08:26:35,noise
6395447757108,6397685492906,T576,28.4,Zane Chen,2025-09-09 08:03:54,noise
6395447757108,6392609362629,T576,26.1,Zane Chen,2025-09-09 19:06:33,noise
6395447757108,6392609362629,T576,16.5,Zane Chen,2025-09-09 05:28:17,noise
6395447757108,6399697255231,T309,13.9,Zane Chen,2025-09-08 12:05:56,noise
6395447757108,6392182204871,T309,15.7,Zane Chen,2025-09-08 15:21:04,noise
6395447757108,6395574777798,T576,10.3,Zane Chen,2025-09-08 15:19:58,noise
6395447757108,6395388614739,T576,27.2,Zane Chen,2025-09-07 03:20:46,noise
6395447757108,6392385746157,T309,16.2,Zane Chen,2025-09-07 08:27:20,noise
6395447757108,6392609362629,T309,4.4,Zane Chen,2025-09-07 12:27:31,noise
6395447757108,6396956367740,T309,29.9,Zane Chen,2025-09-06 01:07:35,noise
6395447757108,6395289242961,T576,8.9,Zane Chen,2025-09-06 19:00:48,noise
6395447757108,6393299477204,T576,12.9,Zane Chen,2025-09-06 11:18:46,noise
6395447757108,6392691285953,T576,14.7,Zane Chen,2025-09-05 18:10:00,noise
6395447757108,6395574777798,T309,49.8,Zane Chen,2025-09-05 21:15:18,noise
6395447757108,6395574777798,T576,62.9,Zane Chen,2025-09-05 20:04:41,noise
6395447757108,6395388614739,T309,22.3,Zane Chen,2025-09-04 13:18:35,noise
6395447757108,6395388614739,T309,13.6,Zane Chen,2025-09-04 20:17:37,noise
6395447757108,6395388614739,T309,6.0,Zane Chen,2025-09-03 12:22:33,noise
6395447757108,6392609362629,T309,12.2,Zane Chen,2025-09-02 09:25:57,noise
6395447757108,6392609362629,T309,22.4,Zane Chen,2025-09-02 20:22:42,noise
6395447757108,6391644392848,T576,27.3,Zane Chen,2025-09-02 12:09:14,noise
6395447757108,6395574777798,T309,13.4,Zane Chen,2025-09-01 22:29:51,noise
6395447757108,6395574777798,T309,17.1,Zane Chen,2025-09-01 03:03:46,noise
6395447757108,6395388614739,T309,30.4,Zane Chen,2025-09-01 13:17:02,noise
6395447757108,6395388614739,T309,43.6,Zane Chen,2025-08-31 16:07:52,noise
6395447757108,6399857882871,T309,14.0,Zane Chen,2025-08-31 20:19:36,noise
6395447757108,6392609362629,T309,31.0,Zane Chen,2025-08-31 13:27:31,noise
6395447757108,6399562839233,T309,15.1,Zane Chen,2025-08-30 16:05:31,noise
6395447757108,6395388614739,T309,12.2,Zane Chen,2025-08-30 03:29:17,noise
6395447757108,6395289242961,T309,14.1,Zane Chen,2025-08-29 20:11:46,noise
6395447757108,6395388614739,T309,23.0,Zane Chen,2025-08-29 19:03:54,noise
6395447757108,6395574777798,T309,16.9,Zane Chen,2025-08-28 03:06:30,noise
6395447757108,6395574777798,T309,39.6,Zane Chen,2025-08-27 22:03:52,noise
6395447757108,6392609362629,T309,28.7,Zane Chen,2025-08-27 01:15:32,noise
6395447757108,6395388614739,T576,17.3,Zane Chen,2025-08-26 14:24:25,noise
6395447757108,6399722315072,T309,5.7,Zane Chen,2025-08-25 18:22:28,noise
6395447757108,6395388614739,T309,28.0,Zane Chen,2025-08-25 19:09:04,noise
6395447757108,6395388614739,T309,14.4,Zane Chen,2025-08-24 14:02:31,noise
6395447757108,6392599009461,T309,130.7,Zane Chen,2025-08-24 10:27:55,noise
6395447757108,6395574777798,T309,5.3,Zane Chen,2025-08-23 15:22:46,noise
6395447757108,6392609362629,T309,21.1,Zane Chen,2025-08-22 16:09:37,noise
6395447757108,6399722315072,T576,8.9,Zane Chen,2025-08-22 13:10:00,noise
6395447757108,6396782939427,T309,8.9,Zane Chen,2025-08-21 17:17:28,noise
6395447757108,6396934367041,T576,10.9,Zane Chen,2025-08-21 15:11:41,noise
6395447757108,6395388614739,T309,13.5,Zane Chen,2025-08-20 15:21:45,noise
6395447757108,6395388614739,T309,45.3,Zane Chen,2025-08-19 20:10:10,noise
6395447757108,6395388614739,T309,10.9,Zane Chen,2025-08-19 15:17:44,noise
6395447757108,6393511301796,T309,21.1,Zane Chen,2025-08-18 12:05:08,noise
6395447757108,6395574777798,T576,19.4,Zane Chen,2025-08-18 20:23:08,noise
6395447757108,6392609362629,T576,7.2,Zane Chen,2025-08-17 08:25:24,noise
6395447757108,6395388614739,T309,5.0,Zane Chen,2025-08-17 04:13:54,noise
6395447757108,6397872153794,T576,68.5,Zane Chen,2025-08-16 02:13:29,noise
6395447757108,6395388614739,T309,13.9,Zane Chen,2025-08-15 00:03:44,noise
6395447757108,6395388614739,T309,12.4,Zane Chen,2025-08-14 12:10:09,noise
6395447757108,6392609362629,T576,3.7,Zane Chen,2025-08-14 13:07:43,noise
6395447757108,6395574777798,T309,16.8,Zane Chen,2025-08-14 13:30:13,noise
6395447757108,6395388614739,T576,9.9,Zane Chen,2025-08-13 20:12:29,noise
6395447757108,6396433624746,T576,43.2,Zane Chen,2025-08-13 18:13:13,noise
6395447757108,6392609362629,T576,8.0,Zane Chen,2025-08-13 04:16:29,noise
6395447757108,6392609362629,T309,17.7,Zane Chen,2025-08-12 19:04:45,noise
6395447757108,6395086222587,T309,60.2,Zane Chen,2025-08-12 22:29:00,noise
6395447757108,6395388614739,T576,22.5,Zane Chen,2025-08-11 19:12:28,noise
6395447757108,6395388614739,T309,7.6,Zane Chen,2025-08-11 10:05:51,noise
6395447757108,6394863330204,T309,15.0,Zane Chen,2025-08-11 18:18:52,noise
6395447757108,6399119973715,T309,16.8,Zane Chen,2025-08-10 08:30:36,noise
6395447757108,6395388614739,T309,14.1,Zane Chen,2025-08-10 13:18:31,noise
6395447757108,6392609362629,T576,11.7,Zane Chen,2025-08-09 19:04:33,noise
6395447757108,6392609362629,T309,13.2,Zane Chen,2025-08-09 08:30:16,noise
6395447757108,6392691285953,T309,4.5,Zane Chen,2025-08-08 16:16:14,noise
6395447757108,6392089382142,T309,13.0,Zane Chen,2025-08-08 05:30:35,noise
6395447757108,6394369267219,T576,19.8,Zane Chen,2025-08-07 19:15:06,noise
6395447757108,6395574777798,T309,49.5,Zane Chen,2025-08-07 01:11:22,noise
6395447757108,6395388614739,T576,9.1,Zane Chen,2025-08-06 13:11:29,noise
6395447757108,6392609362629,T309,10.0,Zane Chen,2025-08-06 00:13:26,noise
6395447757108,6392691285953,T309,47.2,Zane Chen,2025-08-05 11:02:30,noise
6395447757108,6397907454154,T576,10.4,Zane Chen,2025-08-05 20:28:46,noise
6395447757108,6395574777798,T309,8.7,Zane Chen,2025-08-04 09:21:07,noise
6395447757108,6392609362629,T576,3.0,Zane Chen,2025-08-04 22:06:37,noise
6395447757108,6395574777798,T309,15.8,Zane Chen,2025-08-04 14:20:16,noise
6399042725763,6394995994848,T290,12.8,Yara Brooks,2025-10-18 20:04:36,noise
6399042725763,6392523329605,T290,20.9,Yara Brooks,2025-10-18 21:11:51,noise
6399042725763,6398313094253,T290,13.3,Yara Brooks,2025-10-18 16:22:01,noise
6399042725763,6397671860113,T290,5.5,Yara Brooks,2025-10-17 08:20:59,noise
6399042725763,6397907454154,T290,11.8,Yara Brooks,2025-10-17 19:19:54,noise
6399042725763,6394701982874,T290,52.5,Yara Brooks,2025-10-16 03:24:35,noise
6399042725763,6398313094253,T290,9.0,Yara Brooks,2025-10-16 16:14:38,noise
6399042725763,6397317313563,T290,15.1,Yara Brooks,2025-10-15 11:29:11,noise
6399042725763,6398584437466,T714,11.3,Yara Brooks,2025-10-15 09:30:24,noise
6399042725763,6397357048476,T290,13.8,Yara Brooks,2025-10-14 15:08:43,noise
6399042725763,6399119973715,T290,14.2,Yara Brooks,2025-10-14 13:02:23,noise
6399042725763,6399119973715,T290,10.3,Yara Brooks,2025-10-14 19:07:34,noise
6399042725763,6399119973715,T290,6.1,Yara Brooks,2025-10-13 13:08:43,noise
6399042725763,6392623441780,T290,6.7,Yara Brooks,2025-10-12 14:22:54,noise
6399042725763,6397317313563,T714,5.3,Yara Brooks,2025-10-12 20:03:54,noise
6399042725763,6396863262521,T714,14.7,Yara Brooks,2025-10-11 10:03:26,noise
6399042725763,6399042725763,T714,14.0,Yara Brooks,2025-10-11 10:27:07,noise
6399042725763,6399119973715,T290,16.1,Yara Brooks,2025-10-10 11:06:02,noise
6399042725763,6397317313563,T714,15.3,Yara Brooks,2025-10-09 19:01:28,noise
6399042725763,6399095757865,T714,14.9,Yara Brooks,2025-10-09 14:16:55,noise
6399042725763,6399119973715,T714,15.6,Yara Brooks,2025-10-08 19:18:35,noise
6399042725763,6397033353739,T290,13.1,Yara Brooks,2025-10-08 11:11:11,noise
6399042725763,6398313094253,T290,16.2,Yara Brooks,2025-10-08 04:02:50,noise
6399042725763,6399119973715,T290,25.8,Yara Brooks,2025-10-07 14:28:55,noise
6399042725763,6397317313563,T290,13.7,Yara Brooks,2025-10-06 08:11:26,noise
6399042725763,6399119973715,T714,26.9,Yara Brooks,2025-10-06 21:20:45,noise
6399042725763,6399119973715,T714,18.5,Yara Brooks,2025-10-06 13:26:41,noise
6399042725763,6396782939427,T290,18.7,Yara Brooks,2025-10-05 02:14:37,noise
6399042725763,6398313094253,T714,17.1,Yara Brooks,2025-10-05 09:12:19,noise
6399042725763,6396168850025,T290,3.6,Yara Brooks,2025-10-04 14:04:52,noise
6399042725763,6399119973715,T290,10.7,Yara Brooks,2025-10-04 21:02:12,noise
6399042725763,6397317313563,T290,44.0,Yara Brooks,2025-10-03 19:00:20,noise
6399042725763,6397169427647,T290,13.0,Yara Brooks,2025-10-03 13:00:00,noise
6399042725763,6391697329269,T714,16.0,Yara Brooks,2025-10-02 13:26:25,noise
6399042725763,6396863262521,T714,30.3,Yara Brooks,2025-10-02 14:03:31,noise
6399042725763,6399119973715,T290,20.7,Yara Brooks,2025-10-02 09:19:40,noise
6399042725763,6399119973715,T290,8.6,Yara Brooks,2025-10-01 08:04:13,noise
6399042725763,6399119973715,T290,35.5,Yara Brooks,2025-10-01 11:26:34,noise
6399042725763,6397317313563,T714,26.0,Yara Brooks,2025-10-01 14:11:45,noise
6399042725763,6398313094253,T290,10.1,Yara Brooks,2025-09-30 19:10:34,noise
6399042725763,6398313094253,T290,25.0,Yara Brooks,2025-09-29 01:02:48,noise
6399042725763,6399119973715,T714,7.5,Yara Brooks,2025-09-29 08:03:32,noise
6399042725763,6399119973715,T714,17.6,Yara Brooks,2025-09-29 10:01:51,noise
6399042725763,6398313094253,T714,16.5,Yara Brooks,2025-09-28 21:29:12,noise
6399042725763,6398313094253,T714,10.8,Yara Brooks,2025-09-28 15:21:34,noise
6399042725763,6398313094253,T714,8.5,Yara Brooks,2025-09-27 17:29:31,noise
6399042725763,6397317313563,T290,31.8,Yara Brooks,2025-09-27 19:08:56,noise
6399042725763,6398313094253,T714,19.1,Yara Brooks,2025-09-26 02:25:50,noise
6399042725763,6399119973715,T290,18.6,Yara Brooks,2025-09-26 01:19:56,noise
6399042725763,6398313094253,T290,6.9,Yara Brooks,2025-09-25 21:06:46,noise
6399042725763,6399119973715,T290,14.3,Yara Brooks,2025-09-25 17:19:58,noise
6399042725763,6398313094253,T714,27.7,Yara Brooks,2025-09-24 23:25:45,noise
6399042725763,6398313094253,T714,5.3,Yara Brooks,2025-09-24 13:01:36,noise
6399042725763,6398313094253,T290,42.4,Yara Brooks,2025-09-23 13:13:30,noise
6399042725763,6399119973715,T714,12.9,Yara Brooks,2025-09-23 18:26:07,noise
6399042725763,6398313094253,T290,11.9,Yara Brooks,2025-09-23 08:08:26,noise
6399042725763,6394602944141,T290,18.7,Yara Brooks,2025-09-22 20:18:17,noise
6399042725763,6397317313563,T714,54.1,Yara Brooks,2025-09-22 23:01:04,noise
6399042725763,6397317313563,T290,19.7,Yara Brooks,2025-09-21 17:04:55,noise
6399042725763,6397317313563,T290,12.8,Yara Brooks,2025-09-21 16:05:32,noise
6399042725763,6397317313563,T290,4.3,Yara Brooks,2025-09-20 10:18:52,noise
6399042725763,6397317313563,T714,41.2,Yara Brooks,2025-09-20 18:28:16,noise
6399042725763,6392584159767,T714,82.5,Yara Brooks,2025-09-19 15:23:33,noise
6399042725763,6392546307565,T714,8.2,Yara Brooks,2025-09-18 20:23:25,noise
6399042725763,6399119973715,T714,5.9,Yara Brooks,2025-09-18 08:23:43,noise
6399042725763,6398313094253,T290,16.2,Yara Brooks,2025-09-17 14:20:49,noise
6399042725763,6398313094253,T714,13.6,Yara Brooks,2025-09-16 11:29:18,noise
6399042725763,6399119973715,T714,12.3,Yara Brooks,2025-09-16 13:16:38,noise
6399042725763,6398313094253,T290,42.7,Yara Brooks,2025-09-15 01:16:35,noise
6399042725763,6399119973715,T290,19.3,Yara Brooks,2025-09-14 09:18:56,noise
6399042725763,6399119973715,T714,17.1,Yara Brooks,2025-09-14 16:12:59,noise
6399042725763,6392251159617,T290,12.0,Yara Brooks,2025-09-13 13:11:22,noise
6399042725763,6398313094253,T290,8.0,Yara Brooks,2025-09-13 09:13:00,noise
6399042725763,6394369267219,T714,31.5,Yara Brooks,2025-09-13 00:07:31,noise
6399042725763,6399119973715,T290,90.4,Yara Brooks,2025-09-12 12:03:44,noise
6399042725763,6395086222587,T714,8.0,Yara Brooks,2025-09-11 12:08:18,noise
6399042725763,6397317313563,T714,10.4,Yara Brooks,2025-09-11 00:02:00,noise
6399042725763,6397872153794,T714,18.4,Yara Brooks,2025-09-10 11:03:41,noise
6399042725763,6399119973715,T714,10.9,Yara Brooks,2025-09-09 22:07:58,noise
6399042725763,6399119973715,T290,17.4,Yara Brooks,2025-09-09 20:17:42,noise
6399042725763,6396433624746,T290,19.6,Yara Brooks,2025-09-08 12:08:08,noise
6399042725763,6399119973715,T714,24.5,Yara Brooks,2025-09-08 17:20:06,noise
6399042725763,6398313094253,T290,34.9,Yara Brooks,2025-09-07 21:14:06,noise
6399042725763,6398313094253,T714,20.3,Yara Brooks,2025-09-07 20:23:17,noise
6399042725763,6394018894269,T290,3.1,Yara Brooks,2025-09-06 19:05:26,noise
6399042725763,6392944941518,T290,8.2,Yara Brooks,2025-09-05 14:18:39,noise
6399042725763,6398313094253,T714,45.7,Yara Brooks,2025-09-05 03:00:48,noise
6399042725763,6396956367740,T290,16.3,Yara Brooks,2025-09-05 15:23:41,noise
6399042725763,6399119973715,T714,28.8,Yara Brooks,2025-09-04 01:19:27,noise
6399042725763,6392385746157,T290,40.9,Yara Brooks,2025-09-04 17:18:27,noise
6399042725763,6397317313563,T714,12.8,Yara Brooks,2025-09-04 18:08:34,noise
6399042725763,6395557270185,T290,52.2,Yara Brooks,2025-09-03 17:14:50,noise
6399042725763,6399119973715,T290,29.7,Yara Brooks,2025-09-03 14:06:06,noise
6399042725763,6397317313563,T290,27.6,Yara Brooks,2025-09-02 21:29:01,noise
6399042725763,6394369267219,T714,15.9,Yara Brooks,2025-09-02 18:29:10,noise
6399042725763,6397317313563,T290,47.2,Yara Brooks,2025-09-02 17:06:53,noise
6399042725763,6392089382142,T290,14.0,Yara Brooks,2025-09-01 19:20:46,noise
6399042725763,6397317313563,T290,8.1,Yara Brooks,2025-08-31 20:17:39,noise
6399042725763,6393511301796,T290,21.5,Yara Brooks,2025-08-30 11:04:58,noise
6399042725763,6397317313563,T714,8.8,Yara Brooks,2025-08-29 17:21:13,noise
6399042725763,6391981016678,T290,31.1,Yara Brooks,2025-08-29 16:22:17,noise
6399042725763,6398313094253,T290,10.0,Yara Brooks,2025-08-28 20:10:12,noise
6399042725763,6399119973715,T290,4.6,Yara Brooks,2025-08-28 15:07:32,noise
6399042725763,6399119973715,T290,14.6,Yara Brooks,2025-08-28 08:10:18,noise
6399042725763,6398313094253,T290,9.6,Yara Brooks,2025-08-27 10:03:22,noise
6399042725763,6399119973715,T290,6.9,Yara Brooks,2025-08-26 19:28:13,noise
6399042725763,6397317313563,T290,6.1,Yara Brooks,2025-08-26 18:30:33,noise
6399042725763,6397317313563,T290,16.7,Yara Brooks,2025-08-25 19:27:57,noise
6399042725763,6399119973715,T290,12.3,Yara Brooks,2025-08-24 12:19:13,noise
6399042725763,6394855637596,T714,17.2,Yara Brooks,2025-08-24 13:05:48,noise
6399042725763,6398313094253,T714,6.3,Yara Brooks,2025-08-23 15:08:25,noise
6399042725763,6393502849379,T290,36.4,Yara Brooks,2025-08-23 23:11:10,noise
6399042725763,6397317313563,T714,39.5,Yara Brooks,2025-08-22 15:24:03,noise
6399042725763,6397317313563,T714,19.4,Yara Brooks,2025-08-21 12:30:27,noise
6399042725763,6395447757108,T714,2.6,Yara Brooks,2025-08-21 19:30:03,noise
6399042725763,6397317313563,T290,8.3,Yara Brooks,2025-08-20 10:22:24,noise
6399042725763,6394855637596,T714,17.0,Yara Brooks,2025-08-20 12:13:55,noise
6399042725763,6394781266670,T290,23.4,Yara Brooks,2025-08-19 09:30:01,noise
6399042725763,6399119973715,T714,22.2,Yara Brooks,2025-08-19 11:25:43,noise
6399042725763,6398313094253,T290,19.0,Yara Brooks,2025-08-18 11:09:18,noise
6399042725763,6396663971262,T290,58.2,Yara Brooks,2025-08-18 18:24:23,noise
6399042725763,6394602944141,T290,9.9,Yara Brooks,2025-08-17 01:04:02,noise
6399042725763,6392623441780,T714,14.1,Yara Brooks,2025-08-16 23:24:08,noise
6399042725763,6394781266670,T714,16.6,Yara Brooks,2025-08-16 22:04:59,noise
6399042725763,6395277555081,T714,25.7,Yara Brooks,2025-08-16 13:11:14,noise
6399042725763,6397317313563,T290,15.5,Yara Brooks,2025-08-15 15:10:18,noise
6399042725763,6397317313563,T290,11.7,Yara Brooks,2025-08-14 12:06:12,noise
6399042725763,6392523329605,T290,10.2,Yara Brooks,2025-08-14 13:11:00,noise
6399042725763,6394602944141,T714,5.9,Yara Brooks,2025-08-13 14:01:03,noise
6399042725763,6398313094253,T290,7.9,Yara Brooks,2025-08-13 17:11:44,noise
6399042725763,6398313094253,T290,6.8,Yara Brooks,2025-08-12 19:00:57,noise
6399042725763,6399119973715,T714,31.6,Yara Brooks,2025-08-12 16:10:00,noise
6399042725763,6399119973715,T714,28.3,Yara Brooks,2025-08-11 05:21:46,noise
6399042725763,6396609601602,T290,18.9,Yara Brooks,2025-08-10 17:21:07,noise
6399042725763,6397317313563,T290,9.3,Yara Brooks,2025-08-10 17:06:09,noise
6399042725763,6399961796941,T290,27.4,Yara Brooks,2025-08-09 16:05:03,noise
6399042725763,6397317313563,T290,23.5,Yara Brooks,2025-08-09 19:02:38,noise
6399042725763,6398313094253,T290,12.5,Yara Brooks,2025-08-09 15:15:30,noise
6399042725763,6399119973715,T714,26.7,Yara Brooks,2025-08-08 11:18:48,noise
6399042725763,6399119973715,T714,18.9,Yara Brooks,2025-08-08 16:29:33,noise
6399042725763,6397317313563,T290,18.4,Yara Brooks,2025-08-07 10:05:10,noise
6399042725763,6397317313563,T290,18.7,Yara Brooks,2025-08-07 00:15:01,noise
6399042725763,6397317313563,T290,16.2,Yara Brooks,2025-08-06 02:07:11,noise
6399042725763,6397317313563,T714,30.0,Yara Brooks,2025-08-06 19:21:34,noise
6399042725763,6398096864787,T290,6.2,Yara Brooks,2025-08-05 19:03:37,noise
6399042725763,6399119973715,T290,42.3,Yara Brooks,2025-08-05 09:19:18,noise
6399042725763,6399119973715,T290,5.7,Yara Brooks,2025-08-04 03:20:50,noise
6399042725763,6397317313563,T714,8.9,Yara Brooks,2025-08-04 08:30:07,noise
6392623441780,6398096864787,T836,13.0,Ivy Meyer,2025-10-18 03:01:09,noise
6392623441780,6398096864787,T136,20.1,Ivy Meyer,2025-10-18 19:28:28,noise
6392623441780,6399119973715,T836,25.3,Ivy Meyer,2025-10-17 13:19:25,noise
6392623441780,6399119973715,T836,11.8,Ivy Meyer,2025-10-16 04:03:32,noise
6392623441780,6398578995606,T136,8.7,Ivy Meyer,2025-10-16 17:13:02,noise
6392623441780,6391847085587,T136,9.5,Ivy Meyer,2025-10-15 03:01:33,noise
6392623441780,6399119973715,T836,10.0,Ivy Meyer,2025-10-15 09:18:42,noise
6392623441780,6398096864787,T836,25.3,Ivy Meyer,2025-10-14 04:05:47,noise
6392623441780,6395264944630,T136,64.2,Ivy Meyer,2025-10-14 13:01:40,noise
6392623441780,6392609362629,T136,12.7,Ivy Meyer,2025-10-13 09:15:55,noise
6392623441780,6392523329605,T136,10.8,Ivy Meyer,2025-10-13 16:23:38,noise
6392623441780,6396212810153,T836,14.3,Ivy Meyer,2025-10-13 13:13:16,noise
6392623441780,6399119973715,T136,14.7,Ivy Meyer,2025-10-12 16:28:09,noise
6392623441780,6397317313563,T136,10.5,Ivy Meyer,2025-10-12 20:10:57,noise
6392623441780,6399119973715,T836,7.8,Ivy Meyer,2025-10-11 16:12:38,noise
6392623441780,6399119973715,T136,16.7,Ivy Meyer,2025-10-11 13:21:18,noise
6392623441780,6394602944141,T136,11.1,Ivy Meyer,2025-10-10 15:30:35,noise
6392623441780,6399119973715,T136,14.6,Ivy Meyer,2025-10-10 10:24:53,noise
6392623441780,6399119973715,T136,35.8,Ivy Meyer,2025-10-09 20:19:53,noise
6392623441780,6397317313563,T836,2.0,Ivy Meyer,2025-10-09 12:05:53,noise
6392623441780,6394369267219,T136,7.4,Ivy Meyer,2025-10-09 16:17:20,noise
6392623441780,6394285686989,T136,10.1,Ivy Meyer,2025-10-08 14:25:51,noise
6392623441780,6398096864787,T836,30.9,Ivy Meyer,2025-10-08 09:07:22,noise
6392623441780,6399119973715,T836,27.0,Ivy Meyer,2025-10-07 18:14:50,noise
6392623441780,6398096864787,T136,31.2,Ivy Meyer,2025-10-06 17:27:24,noise
6392623441780,6399119973715,T136,14.4,Ivy Meyer,2025-10-05 22:07:34,noise
6392623441780,6395086222587,T836,22.3,Ivy Meyer,2025-10-05 19:20:09,noise
6392623441780,6398096864787,T136,14.5,Ivy Meyer,2025-10-05 08:02:10,noise
6392623441780,6398096864787,T136,17.7,Ivy Meyer,2025-10-04 08:10:15,noise
6392623441780,6393116814799,T136,17.0,Ivy Meyer,2025-10-04 14:00:13,noise
6392623441780,6391981016678,T136,10.6,Ivy Meyer,2025-10-03 02:24:50,noise
6392623441780,6397317313563,T136,7.5,Ivy Meyer,2025-10-02 11:19:13,noise
6392623441780,6399119973715,T136,26.7,Ivy Meyer,2025-10-01 22:10:45,noise
6392623441780,6396397246783,T136,9.7,Ivy Meyer,2025-10-01 21:05:57,noise
6392623441780,6393474215565,T136,16.9,Ivy Meyer,2025-09-30 11:25:51,noise
6392623441780,6395034822866,T836,36.4,Ivy Meyer,2025-09-29 16:16:14,noise
6392623441780,6398096864787,T136,14.0,Ivy Meyer,2025-09-29 12:05:43,noise
6392623441780,6399119973715,T836,66.0,Ivy Meyer,2025-09-29 19:17:15,noise
6392623441780,6398096864787,T836,14.4,Ivy Meyer,2025-09-28 15:19:58,noise
6392623441780,6399119973715,T136,16.2,Ivy Meyer,2025-09-27 11:30:26,noise
6392623441780,6398096864787,T836,38.6,Ivy Meyer,2025-09-27 16:03:27,noise
6392623441780,6397317313563,T136,15.0,Ivy Meyer,2025-09-27 16:29:35,noise
6392623441780,6397317313563,T136,35.4,Ivy Meyer,2025-09-26 10:27:32,noise
6392623441780,6395277555081,T136,7.0,Ivy Meyer,2025-09-26 16:01:15,noise
6392623441780,6398096864787,T836,11.9,Ivy Meyer,2025-09-25 10:06:40,noise
6392623441780,6392249133353,T136,7.2,Ivy Meyer,2025-09-25 14:13:27,noise
6392623441780,6396663971262,T836,28.5,Ivy Meyer,2025-09-24 15:13:14,noise
6392623441780,6396934367041,T136,18.4,Ivy Meyer,2025-09-23 13:12:43,noise
6392623441780,6393299477204,T136,34.6,Ivy Meyer,2025-09-23 02:04:57,noise
6392623441780,6397317313563,T836,5.9,Ivy Meyer,2025-09-22 14:19:44,noise
6392623441780,6399119973715,T836,20.9,Ivy Meyer,2025-09-22 08:18:39,noise
6392623441780,6394863330204,T136,3.2,Ivy Meyer,2025-09-21 20:26:15,noise
6392623441780,6399119973715,T136,28.8,Ivy Meyer,2025-09-20 19:21:45,noise
6392623441780,6399119973715,T136,38.9,Ivy Meyer,2025-09-19 12:20:23,noise
6392623441780,6397317313563,T136,11.8,Ivy Meyer,2025-09-19 23:24:51,noise
6392623441780,6398096864787,T136,18.1,Ivy Meyer,2025-09-18 20:11:24,noise
6392623441780,6398096864787,T836,23.7,Ivy Meyer,2025-09-17 13:27:19,noise
6392623441780,6392691285953,T136,7.2,Ivy Meyer,2025-09-17 16:01:06,noise
6392623441780,6398096864787,T136,19.5,Ivy Meyer,2025-09-16 21:27:55,noise
6392623441780,6399119973715,T136,61.1,Ivy Meyer,2025-09-16 08:19:46,noise
6392623441780,6397317313563,T136,12.3,Ivy Meyer,2025-09-16 14:01:04,noise
6392623441780,6397317313563,T136,11.4,Ivy Meyer,2025-09-15 18:18:21,noise
6392623441780,6398096864787,T136,37.3,Ivy Meyer,2025-09-15 19:09:03,noise
6392623441780,6399119973715,T836,20.3,Ivy Meyer,2025-09-14 16:28:31,noise
6392623441780,6397317313563,T836,18.6,Ivy Meyer,2025-09-14 18:14:26,noise
6392623441780,6399119973715,T836,21.3,Ivy Meyer,2025-09-13 15:22:50,noise
6392623441780,6393511301796,T136,23.2,Ivy Meyer,2025-09-13 03:22:32,noise
6392623441780,6398096864787,T136,19.6,Ivy Meyer,2025-09-13 17:17:05,noise
6392623441780,6392385746157,T136,4.1,Ivy Meyer,2025-09-12 20:20:41,noise
6392623441780,6399119973715,T136,5.9,Ivy Meyer,2025-09-12 20:26:41,noise
6392623441780,6397317313563,T136,10.9,Ivy Meyer,2025-09-11 20:07:02,noise
6392623441780,6397317313563,T136,19.2,Ivy Meyer,2025-09-11 20:11:26,noise
6392623441780,6391024970537,T136,79.9,Ivy Meyer,2025-09-10 14:04:45,noise
6392623441780,6398096864787,T836,7.1,Ivy Meyer,2025-09-09 09:05:28,noise
6392623441780,6398096864787,T136,35.2,Ivy Meyer,2025-09-09 09:27:33,noise
6392623441780,6392609362629,T836,14.9,Ivy Meyer,2025-09-08 15:23:17,noise
6392623441780,6391917476319,T136,17.1,Ivy Meyer,2025-09-08 19:03:46,noise
6392623441780,6391936644374,T136,72.5,Ivy Meyer,2025-09-07 20:03:06,noise
6392623441780,6398096864787,T136,11.8,Ivy Meyer,2025-09-07 18:17:42,noise
6392623441780,6391936644374,T836,12.2,Ivy Meyer,2025-09-07 23:28:31,noise
6392623441780,6397317313563,T836,7.8,Ivy Meyer,2025-09-06 10:11:24,noise
6392623441780,6399119973715,T136,30.6,Ivy Meyer,2025-09-06 13:01:03,noise
6392623441780,6398096864787,T836,19.2,Ivy Meyer,2025-09-05 16:17:41,noise
6392623441780,6397317313563,T836,13.6,Ivy Meyer,2025-09-05 16:04:09,noise
6392623441780,6392089382142,T836,7.6,Ivy Meyer,2025-09-04 19:00:46,noise
6392623441780,6399119973715,T136,34.2,Ivy Meyer,2025-09-03 18:24:48,noise
6392623441780,6398096864787,T836,11.5,Ivy Meyer,2025-09-03 17:07:32,noise
6392623441780,6392609362629,T836,7.3,Ivy Meyer,2025-09-02 02:02:38,noise
6392623441780,6392584159767,T136,18.9,Ivy Meyer,2025-09-02 22:09:56,noise
6392623441780,6395289242961,T836,22.8,Ivy Meyer,2025-09-01 04:02:01,noise
6392623441780,6399119973715,T836,39.0,Ivy Meyer,2025-08-31 12:09:27,noise
6392623441780,6397317313563,T836,4.7,Ivy Meyer,2025-08-31 19:10:24,noise
6392623441780,6399119973715,T136,16.1,Ivy Meyer,2025-08-30 18:23:48,noise
6392623441780,6398096864787,T136,28.9,Ivy Meyer,2025-08-30 19:06:54,noise
6392623441780,6398096864787,T136,12.2,Ivy Meyer,2025-08-29 21:20:09,noise
6392623441780,6397317313563,T136,63.3,Ivy Meyer,2025-08-29 14:26:53,noise
6392623441780,6397317313563,T136,27.5,Ivy Meyer,2025-08-28 20:15:48,noise
6392623441780,6399119973715,T836,23.4,Ivy Meyer,2025-08-28 19:21:35,noise
6392623441780,6398096864787,T836,5.8,Ivy Meyer,2025-08-28 12:13:02,noise
6392623441780,6397872153794,T136,9.4,Ivy Meyer,2025-08-27 13:26:49,noise
6392623441780,6397317313563,T136,20.5,Ivy Meyer,2025-08-27 12:26:01,noise
6392623441780,6399119973715,T136,7.3,Ivy Meyer,2025-08-26 08:20:34,noise
6392623441780,6398096864787,T136,10.5,Ivy Meyer,2025-08-26 15:29:28,noise
6392623441780,6397317313563,T136,17.5,Ivy Meyer,2025-08-25 15:14:24,noise
6392623441780,6397317313563,T136,66.6,Ivy Meyer,2025-08-25 22:14:10,noise
6392623441780,6397317313563,T136,5.0,Ivy Meyer,2025-08-25 14:09:13,noise
6392623441780,6399119973715,T136,14.2,Ivy Meyer,2025-08-24 20:10:01,noise
6392623441780,6392251159617,T136,19.5,Ivy Meyer,2025-08-24 20:15:00,noise
6392623441780,6397317313563,T836,13.6,Ivy Meyer,2025-08-23 21:02:07,noise
6392623441780,6399119973715,T136,21.5,Ivy Meyer,2025-08-22 17:04:37,noise
6392623441780,6396168850025,T836,28.8,Ivy Meyer,2025-08-22 08:15:09,noise
6392623441780,6397317313563,T136,23.6,Ivy Meyer,2025-08-21 22:13:43,noise
6392623441780,6397317313563,T136,18.2,Ivy Meyer,2025-08-21 10:20:43,noise
6392623441780,6398096864787,T836,25.7,Ivy Meyer,2025-08-21 02:30:31,noise
6392623441780,6394855637596,T136,11.6,Ivy Meyer,2025-08-20 14:09:35,noise
6392623441780,6397317313563,T836,11.8,Ivy Meyer,2025-08-20 16:09:54,noise
6392623441780,6398096864787,T136,9.9,Ivy Meyer,2025-08-20 20:27:37,noise
6392623441780,6398096864787,T136,13.2,Ivy Meyer,2025-08-19 01:10:16,noise
6392623441780,6397317313563,T136,12.7,Ivy Meyer,2025-08-18 01:29:26,noise
6392623441780,6397317313563,T836,48.9,Ivy Meyer,2025-08-17 22:19:32,noise
6392623441780,6398096864787,T836,10.9,Ivy Meyer,2025-08-16 11:18:02,noise
6392623441780,6398096864787,T836,11.8,Ivy Meyer,2025-08-16 03:27:57,noise
6392623441780,6392249133353,T836,12.9,Ivy Meyer,2025-08-15 10:00:00,noise
6392623441780,6398096864787,T836,19.7,Ivy Meyer,2025-08-15 13:08:12,noise
6392623441780,6399119973715,T836,17.4,Ivy Meyer,2025-08-15 04:15:58,noise
6392623441780,6398096864787,T836,5.9,Ivy Meyer,2025-08-14 11:25:46,noise
6392623441780,6398096864787,T836,16.4,Ivy Meyer,2025-08-14 19:13:42,noise
6392623441780,6398645236008,T136,13.1,Ivy Meyer,2025-08-13 11:30:05,noise
6392623441780,6397317313563,T136,64.5,Ivy Meyer,2025-08-12 19:02:16,noise
6392623441780,6397317313563,T136,21.9,Ivy Meyer,2025-08-12 08:02:21,noise
6392623441780,6398096864787,T836,15.7,Ivy Meyer,2025-08-11 15:28:45,noise
6392623441780,6397317313563,T136,9.2,Ivy Meyer,2025-08-10 11:25:08,noise
6392623441780,6397317313563,T136,40.7,Ivy Meyer,2025-08-10 20:29:56,noise
6392623441780,6399119973715,T136,51.3,Ivy Meyer,2025-08-09 10:26:40,noise
6392623441780,6398096864787,T836,78.6,Ivy Meyer,2025-08-08 10:02:09,noise
6392623441780,6397317313563,T136,6.5,Ivy Meyer,2025-08-08 12:09:35,noise
6392623441780,6398096864787,T136,19.8,Ivy Meyer,2025-08-07 16:26:46,noise
6392623441780,6399119973715,T836,14.5,Ivy Meyer,2025-08-07 17:22:50,noise
6392623441780,6399042725763,T136,7.0,Ivy Meyer,2025-08-07 08:30:29,noise
6392623441780,6398446041346,T836,8.9,Ivy Meyer,2025-08-06 20:19:27,noise
6392623441780,6398096864787,T836,10.3,Ivy Meyer,2025-08-06 14:00:08,noise
6392623441780,6398446041346,T136,43.0,Ivy Meyer,2025-08-06 11:27:44,noise
6392623441780,6398096864787,T136,10.2,Ivy Meyer,2025-08-05 17:05:14,noise
6392623441780,6399119973715,T836,18.7,Ivy Meyer,2025-08-04 09:11:40,noise
6392623441780,6397169427647,T136,54.8,Ivy Meyer,2025-08-04 16:25:26,noise
6392623441780,6399119973715,T136,26.0,Ivy Meyer,2025-08-04 02:24:21,noise
6392944941518,6391294572959,T408,37.4,Ben Okafor,2025-10-18 13:17:33,noise
6392944941518,6395863306424,T514,5.4,Ben Okafor,2025-10-18 19:14:36,noise
6392944941518,6397345443862,T514,28.1,Ben Okafor,2025-10-18 12:26:31,noise
6392944941518,6392944941518,T408,22.2,Ben Okafor,2025-10-17 19:05:31,noise
6392944941518,6398096864787,T408,25.6,Ben Okafor,2025-10-16 12:01:23,noise
6392944941518,6397345443862,T408,37.3,Ben Okafor,2025-10-15 19:15:30,noise
6392944941518,6397345443862,T514,21.0,Ben Okafor,2025-10-15 23:16:36,noise
6392944941518,6391294572959,T408,59.2,Ben Okafor,2025-10-14 18:26:08,noise
6392944941518,6397345443862,T514,20.3,Ben Okafor,2025-10-14 08:26:09,noise
6392944941518,6396433624746,T408,15.6,Ben Okafor,2025-10-13 18:01:38,noise
6392944941518,6391296649512,T514,15.4,Ben Okafor,2025-10-13 14:16:09,noise
6392944941518,6391294572959,T408,13.9,Ben Okafor,2025-10-12 19:06:28,noise
6392944941518,6391294572959,T514,16.1,Ben Okafor,2025-10-12 09:00:02,noise
6392944941518,6397345443862,T514,33.1,Ben Okafor,2025-10-12 21:14:00,noise
6392944941518,6397345443862,T514,12.0,Ben Okafor,2025-10-11 17:24:37,noise
6392944941518,6397345443862,T408,33.6,Ben Okafor,2025-10-11 05:10:45,noise
6392944941518,6395863306424,T408,31.9,Ben Okafor,2025-10-10 14:09:51,noise
6392944941518,6393116814799,T408,19.8,Ben Okafor,2025-10-10 09:16:38,noise
6392944941518,6396782939427,T408,18.2,Ben Okafor,2025-10-09 13:05:27,noise
6392944941518,6391294572959,T514,19.4,Ben Okafor,2025-10-08 16:05:53,noise
6392944941518,6397345443862,T514,13.2,Ben Okafor,2025-10-08 14:12:18,noise
6392944941518,6395863306424,T408,41.0,Ben Okafor,2025-10-07 09:23:33,noise
6392944941518,6397345443862,T514,4.8,Ben Okafor,2025-10-07 09:03:57,noise
6392944941518,6391294572959,T514,11.8,Ben Okafor,2025-10-07 03:09:40,noise
6392944941518,6395557270185,T408,10.7,Ben Okafor,2025-10-06 16:14:49,noise
6392944941518,6391294572959,T408,14.9,Ben Okafor,2025-10-06 10:26:09,noise
6392944941518,6395863306424,T514,5.8,Ben Okafor,2025-10-05 10:20:54,noise
6392944941518,6391294572959,T408,38.3,Ben Okafor,2025-10-05 16:29:20,noise
6392944941518,6391024970537,T408,24.7,Ben Okafor,2025-10-04 16:15:24,noise
6392944941518,6397907454154,T514,5.2,Ben Okafor,2025-10-04 09:03:26,noise
6392944941518,6393958914953,T514,21.6,Ben Okafor,2025-10-03 21:04:13,noise
6392944941518,6391294572959,T514,23.8,Ben Okafor,2025-10-03 15:20:15,noise
6392944941518,6397345443862,T408,14.6,Ben Okafor,2025-10-02 22:14:33,noise
6392944941518,6399119973715,T408,12.2,Ben Okafor,2025-10-01 09:15:17,noise
6392944941518,6395863306424,T514,15.9,Ben Okafor,2025-10-01 14:28:06,noise
6392944941518,6399697255231,T514,4.4,Ben Okafor,2025-09-30 23:29:35,noise
6392944941518,6395863306424,T514,30.9,Ben Okafor,2025-09-30 17:23:28,noise
6392944941518,6391294572959,T514,47.6,Ben Okafor,2025-09-29 11:25:32,noise
6392944941518,6397345443862,T514,5.4,Ben Okafor,2025-09-28 18:01:18,noise
6392944941518,6395863306424,T514,9.9,Ben Okafor,2025-09-28 16:27:21,noise
6392944941518,6392599009461,T514,30.6,Ben Okafor,2025-09-28 15:06:02,noise
6392944941518,6391294572959,T408,16.4,Ben Okafor,2025-09-27 15:18:48,noise
6392944941518,6397345443862,T514,13.4,Ben Okafor,2025-09-27 12:24:42,noise
6392944941518,6391294572959,T514,18.4,Ben Okafor,2025-09-27 08:16:07,noise
6392944941518,6391294572959,T514,12.2,Ben Okafor,2025-09-26 14:10:16,noise
6392944941518,6394485230571,T408,21.4,Ben Okafor,2025-09-25 16:06:53,noise
6392944941518,6398578995606,T514,41.3,Ben Okafor,2025-09-25 16:22:35,noise
6392944941518,6395447757108,T514,13.3,Ben Okafor,2025-09-25 13:03:09,noise
6392944941518,6391294572959,T514,70.3,Ben Okafor,2025-09-24 15:03:09,noise
6392944941518,6391294572959,T514,21.7,Ben Okafor,2025-09-24 14:08:35,noise
6392944941518,6392385746157,T408,11.4,Ben Okafor,2025-09-24 02:14:32,noise
6392944941518,6392089382142,T514,12.8,Ben Okafor,2025-09-23 16:14:17,noise
6392944941518,6395863306424,T514,12.2,Ben Okafor,2025-09-23 21:28:57,noise
6392944941518,6397317313563,T514,26.0,Ben Okafor,2025-09-22 04:26:36,noise
6392944941518,6391294572959,T514,20.7,Ben Okafor,2025-09-22 12:22:29,noise
6392944941518,6397345443862,T408,29.5,Ben Okafor,2025-09-21 03:02:46,noise
6392944941518,6391294572959,T408,28.2,Ben Okafor,2025-09-21 09:00:00,noise
6392944941518,6395863306424,T408,11.5,Ben Okafor,2025-09-20 15:04:04,noise
6392944941518,6394995994848,T514,20.1,Ben Okafor,2025-09-19 19:24:54,noise
6392944941518,6392385746157,T514,23.9,Ben Okafor,2025-09-19 19:06:33,noise
6392944941518,6392251159617,T514,28.5,Ben Okafor,2025-09-19 20:01:35,noise
6392944941518,6392609362629,T408,13.7,Ben Okafor,2025-09-18 13:04:08,noise
6392944941518,6392523329605,T514,27.1,Ben Okafor,2025-09-18 22:18:27,noise
6392944941518,6391936644374,T514,3.3,Ben Okafor,2025-09-17 22:09:54,noise
6392944941518,6391024970537,T514,35.7,Ben Okafor,2025-09-17 21:27:42,noise
6392944941518,6395863306424,T514,17.0,Ben Okafor,2025-09-16 18:03:01,noise
6392944941518,6397345443862,T408,21.4,Ben Okafor,2025-09-16 15:10:25,noise
6392944941518,6397345443862,T408,19.3,Ben Okafor,2025-09-15 20:24:41,noise
6392944941518,6396168850025,T514,20.2,Ben Okafor,2025-09-15 08:22:35,noise
6392944941518,6395557270185,T514,14.5,Ben Okafor,2025-09-14 23:12:20,noise
6392944941518,6398175003577,T514,45.7,Ben Okafor,2025-09-14 16:17:39,noise
6392944941518,6395863306424,T514,15.8,Ben Okafor,2025-09-13 15:08:57,noise
6392944941518,6391294572959,T408,4.5,Ben Okafor,2025-09-12 11:19:23,noise
6392944941518,6397345443862,T408,15.3,Ben Okafor,2025-09-11 12:06:51,noise
6392944941518,6391294572959,T408,29.9,Ben Okafor,2025-09-11 17:02:39,noise
6392944941518,6397345443862,T514,13.9,Ben Okafor,2025-09-10 18:16:03,noise
6392944941518,6397345443862,T514,28.0,Ben Okafor,2025-09-10 10:07:08,noise
6392944941518,6399697255231,T514,9.7,Ben Okafor,2025-09-09 21:12:04,noise
6392944941518,6397345443862,T514,25.0,Ben Okafor,2025-09-09 12:27:09,noise
6392944941518,6391294572959,T408,9.7,Ben Okafor,2025-09-09 21:06:02,noise
6392944941518,6397345443862,T408,17.8,Ben Okafor,2025-09-08 10:21:04,noise
6392944941518,6397345443862,T514,12.9,Ben Okafor,2025-09-08 20:29:40,noise
6392944941518,6391294572959,T514,14.1,Ben Okafor,2025-09-07 11:27:42,noise
6392944941518,6395863306424,T408,58.5,Ben Okafor,2025-09-07 22:27:36,noise
6392944941518,6392546307565,T408,5.0,Ben Okafor,2025-09-06 19:13:24,noise
6392944941518,6397671860113,T514,10.3,Ben Okafor,2025-09-06 11:02:56,noise
6392944941518,6397345443862,T514,46.2,Ben Okafor,2025-09-05 12:10:18,noise
6392944941518,6398578995606,T514,6.1,Ben Okafor,2025-09-04 13:16:40,noise
6392944941518,6398536130070,T514,32.4,Ben Okafor,2025-09-04 04:21:24,noise
6392944941518,6391294572959,T514,9.2,Ben Okafor,2025-09-04 14:17:33,noise
6392944941518,6395863306424,T408,14.7,Ben Okafor,2025-09-03 20:25:53,noise
6392944941518,6397907454154,T514,11.0,Ben Okafor,2025-09-03 19:11:26,noise
6392944941518,6392385746157,T514,32.3,Ben Okafor,2025-09-02 20:25:34,noise
6392944941518,6399857882871,T408,29.5,Ben Okafor,2025-09-02 00:20:29,noise
6392944941518,6397345443862,T514,50.5,Ben Okafor,2025-09-02 01:28:15,noise
6392944941518,6391294572959,T514,18.6,Ben Okafor,2025-09-01 14:18:15,noise
6392944941518,6397345443862,T514,15.2,Ben Okafor,2025-09-01 18:02:28,noise
6392944941518,6395863306424,T514,5.7,Ben Okafor,2025-08-31 18:30:56,noise
6392944941518,6397345443862,T408,43.6,Ben Okafor,2025-08-30 14:29:45,noise
6392944941518,6395863306424,T514,30.6,Ben Okafor,2025-08-29 10:17:29,noise
6392944941518,6392546307565,T408,21.6,Ben Okafor,2025-08-29 15:18:33,noise
6392944941518,6391294572959,T514,19.1,Ben Okafor,2025-08-29 17:12:27,noise
6392944941518,6391294572959,T408,13.5,Ben Okafor,2025-08-28 08:05:37,noise
6392944941518,6395863306424,T514,16.8,Ben Okafor,2025-08-28 16:16:33,noise
6392944941518,6395863306424,T514,39.8,Ben Okafor,2025-08-27 08:03:09,noise
6392944941518,6396168850025,T514,16.8,Ben Okafor,2025-08-27 08:10:09,noise
6392944941518,6397345443862,T408,24.4,Ben Okafor,2025-08-26 18:30:59,noise
6392944941518,6395863306424,T514,10.1,Ben Okafor,2025-08-25 17:15:59,noise
6392944941518,6397345443862,T408,9.8,Ben Okafor,2025-08-25 17:14:24,noise
6392944941518,6394485230571,T408,9.6,Ben Okafor,2025-08-25 13:24:43,noise
6392944941518,6393502849379,T514,5.6,Ben Okafor,2025-08-24 17:24:54,noise
6392944941518,6395863306424,T514,12.1,Ben Okafor,2025-08-24 09:24:14,noise
6392944941518,6395863306424,T514,24.5,Ben Okafor,2025-08-23 11:01:32,noise
6392944941518,6397345443862,T514,9.7,Ben Okafor,2025-08-22 10:27:04,noise
6392944941518,6395863306424,T514,5.1,Ben Okafor,2025-08-21 04:03:36,noise
6392944941518,6395863306424,T408,5.6,Ben Okafor,2025-08-21 12:20:26,noise
6392944941518,6395863306424,T514,19.8,Ben Okafor,2025-08-20 19:19:03,noise
6392944941518,6397345443862,T514,12.8,Ben Okafor,2025-08-20 14:07:47,noise
6392944941518,6399406323212,T514,15.4,Ben Okafor,2025-08-20 11:03:45,noise
6392944941518,6397345443862,T514,55.7,Ben Okafor,2025-08-19 19:19:00,noise
6392944941518,6395863306424,T514,7.1,Ben Okafor,2025-08-19 09:15:37,noise
6392944941518,6395863306424,T514,24.0,Ben Okafor,2025-08-18 18:19:39,noise
6392944941518,6393299477204,T514,5.9,Ben Okafor,2025-08-18 13:20:04,noise
6392944941518,6395863306424,T514,25.8,Ben Okafor,2025-08-17 10:02:50,noise
6392944941518,6397345443862,T514,65.1,Ben Okafor,2025-08-17 14:05:21,noise
6392944941518,6395863306424,T514,7.5,Ben Okafor,2025-08-17 02:07:35,noise
6392944941518,6397345443862,T514,13.9,Ben Okafor,2025-08-16 13:21:56,noise
6392944941518,6395863306424,T514,9.0,Ben Okafor,2025-08-16 05:03:26,noise
6392944941518,6395086222587,T514,17.6,Ben Okafor,2025-08-15 20:13:59,noise
6392944941518,6397345443862,T514,17.0,Ben Okafor,2025-08-15 19:01:00,noise
6392944941518,6397345443862,T514,11.1,Ben Okafor,2025-08-14 21:18:51,noise
6392944941518,6395863306424,T514,61.9,Ben Okafor,2025-08-14 16:15:50,noise
6392944941518,6395863306424,T408,14.7,Ben Okafor,2025-08-14 17:13:00,noise
6392944941518,6399119973715,T408,8.2,Ben Okafor,2025-08-13 13:12:39,noise
6392944941518,6395863306424,T514,16.5,Ben Okafor,2025-08-13 20:21:41,noise
6392944941518,6395863306424,T514,18.8,Ben Okafor,2025-08-12 12:00:12,noise
6392944941518,6397345443862,T408,12.5,Ben Okafor,2025-08-12 20:02:49,noise
6392944941518,6396609601602,T514,60.5,Ben Okafor,2025-08-11 09:06:11,noise
6392944941518,6391294572959,T408,16.7,Ben Okafor,2025-08-11 15:00:22,noise
6392944941518,6399406323212,T408,11.4,Ben Okafor,2025-08-10 20:13:12,noise
6392944941518,6392385746157,T408,10.8,Ben Okafor,2025-08-09 08:01:52,noise
6392944941518,6394602944141,T408,30.2,Ben Okafor,2025-08-08 13:22:35,noise
6392944941518,6395863306424,T514,38.9,Ben Okafor,2025-08-08 10:09:05,noise
6392944941518,6398389473157,T514,25.1,Ben Okafor,2025-08-08 15:01:22,noise
6392944941518,6392182204871,T408,12.7,Ben Okafor,2025-08-07 13:10:26,noise
6392944941518,6392623441780,T408,32.5,Ben Okafor,2025-08-07 15:25:29,noise
6392944941518,6392523329605,T408,23.6,Ben Okafor,2025-08-06 15:17:58,noise
6392944941518,6391294572959,T514,12.1,Ben Okafor,2025-08-06 11:11:22,noise
6392944941518,6391294572959,T514,22.4,Ben Okafor,2025-08-06 14:29:59,noise
6392944941518,6395863306424,T514,25.7,Ben Okafor,2025-08-05 12:08:39,noise
6392944941518,6391294572959,T408,17.8,Ben Okafor,2025-08-05 05:01:12,noise
6392944941518,6391294572959,T408,69.9,Ben Okafor,2025-08-04 11:11:23,noise
6392944941518,6395863306424,T408,29.1,Ben Okafor,2025-08-04 20:03:41,noise
6392609362629,6395388614739,T888,46.3,Nia Alvarez,2025-10-18 16:20:23,noise
6392609362629,6396433624746,T888,42.4,Nia Alvarez,2025-10-18 13:28:44,noise
6392609362629,6395388614739,T239,7.6,Nia Alvarez,2025-10-18 09:27:42,noise
6392609362629,6395557270185,T888,21.0,Nia Alvarez,2025-10-17 23:09:09,noise
6392609362629,6396433624746,T239,67.9,Nia Alvarez,2025-10-17 11:10:29,noise
6392609362629,6392523329605,T888,26.1,Nia Alvarez,2025-10-17 12:23:53,noise
6392609362629,6395557270185,T239,29.1,Nia Alvarez,2025-10-16 20:15:09,noise
6392609362629,6395388614739,T888,8.4,Nia Alvarez,2025-10-16 01:23:15,noise
6392609362629,6399406323212,T239,15.2,Nia Alvarez,2025-10-16 18:17:29,noise
6392609362629,6394863330204,T888,13.8,Nia Alvarez,2025-10-15 12:22:04,noise
6392609362629,6395388614739,T239,28.0,Nia Alvarez,2025-10-15 18:10:22,noise
6392609362629,6396433624746,T888,13.4,Nia Alvarez,2025-10-14 21:17:03,noise
6392609362629,6395557270185,T888,9.9,Nia Alvarez,2025-10-14 10:15:44,noise
6392609362629,6395557270185,T888,8.6,Nia Alvarez,2025-10-13 20:16:33,noise
6392609362629,6397654503285,T239,24.3,Nia Alvarez,2025-10-12 08:07:08,noise
6392609362629,6397685492906,T239,15.1,Nia Alvarez,2025-10-11 19:08:02,noise
6392609362629,6396863262521,T239,10.7,Nia Alvarez,2025-10-10 10:02:04,noise
6392609362629,6391981016678,T239,10.6,Nia Alvarez,2025-10-10 18:30:23,noise
6392609362629,6395557270185,T239,12.0,Nia Alvarez,2025-10-10 09:27:02,noise
6392609362629,6395557270185,T888,16.5,Nia Alvarez,2025-10-09 10:20:59,noise
6392609362629,6396433624746,T239,10.0,Nia Alvarez,2025-10-09 14:22:51,noise
6392609362629,6397317313563,T888,19.3,Nia Alvarez,2025-10-09 14:25:07,noise
6392609362629,6395557270185,T888,23.0,Nia Alvarez,2025-10-08 21:22:35,noise
6392609362629,6391697329269,T239,12.8,Nia Alvarez,2025-10-08 08:08:34,noise
6392609362629,6395388614739,T888,33.3,Nia Alvarez,2025-10-08 05:04:53,noise
6392609362629,6392546307565,T888,19.3,Nia Alvarez,2025-10-07 10:23:36,noise
6392609362629,6396433624746,T888,27.5,Nia Alvarez,2025-10-06 17:13:21,noise
6392609362629,6398645236008,T239,21.5,Nia Alvarez,2025-10-06 21:13:46,noise
6392609362629,6397931099268,T888,22.6,Nia Alvarez,2025-10-06 21:19:52,noise
6392609362629,6399406323212,T239,20.5,Nia Alvarez,2025-10-05 05:11:23,noise
6392609362629,6398621864419,T888,21.8,Nia Alvarez,2025-10-05 14:26:32,noise
6392609362629,6394995994848,T888,15.6,Nia Alvarez,2025-10-04 19:07:25,noise
6392609362629,6395388614739,T888,27.9,Nia Alvarez,2025-10-04 15:08:04,noise
6392609362629,6395388614739,T239,16.8,Nia Alvarez,2025-10-03 09:10:54,noise
6392609362629,6395388614739,T888,34.5,Nia Alvarez,2025-10-03 10:24:11,noise
6392609362629,6392944941518,T888,9.7,Nia Alvarez,2025-10-02 13:10:32,noise
6392609362629,6391917476319,T239,16.0,Nia Alvarez,2025-10-01 19:21:11,noise
6392609362629,6395388614739,T888,7.6,Nia Alvarez,2025-09-30 22:00:52,noise
6392609362629,6397907454154,T888,10.2,Nia Alvarez,2025-09-30 08:11:51,noise
6392609362629,6395104602062,T888,19.5,Nia Alvarez,2025-09-29 13:18:26,noise
6392609362629,6394995994848,T888,22.5,Nia Alvarez,2025-09-29 12:10:22,noise
6392609362629,6397398372383,T888,12.7,Nia Alvarez,2025-09-28 18:05:14,noise
6392609362629,6394018894269,T888,12.4,Nia Alvarez,2025-09-27 11:13:11,noise
6392609362629,6395388614739,T888,8.1,Nia Alvarez,2025-09-27 14:05:32,noise
6392609362629,6395388614739,T239,7.1,Nia Alvarez,2025-09-26 13:24:58,noise
6392609362629,6394781266670,T239,13.0,Nia Alvarez,2025-09-26 18:08:06,noise
6392609362629,6398446041346,T888,6.6,Nia Alvarez,2025-09-25 08:30:41,noise
6392609362629,6391678940428,T888,2.0,Nia Alvarez,2025-09-24 17:30:37,noise
6392609362629,6395388614739,T888,12.2,Nia Alvarez,2025-09-23 19:16:04,noise
6392609362629,6391644392848,T888,32.0,Nia Alvarez,2025-09-22 13:01:24,noise
6392609362629,6395086222587,T888,8.7,Nia Alvarez,2025-09-21 13:07:33,noise
6392609362629,6395388614739,T239,9.6,Nia Alvarez,2025-09-21 10:18:23,noise
6392609362629,6392944941518,T888,12.6,Nia Alvarez,2025-09-20 00:12:44,noise
6392609362629,6396433624746,T888,5.3,Nia Alvarez,2025-09-20 16:10:44,noise
6392609362629,6395388614739,T888,20.5,Nia Alvarez,2025-09-19 22:23:46,noise
6392609362629,6399857882871,T239,16.4,Nia Alvarez,2025-09-19 11:17:57,noise
6392609362629,6391917476319,T888,40.1,Nia Alvarez,2025-09-19 02:11:24,noise
6392609362629,6395388614739,T888,12.2,Nia Alvarez,2025-09-18 21:08:29,noise
6392609362629,6395388614739,T888,22.9,Nia Alvarez,2025-09-18 09:01:40,noise
6392609362629,6395388614739,T888,45.1,Nia Alvarez,2025-09-17 04:16:31,noise
6392609362629,6394389103334,T888,10.3,Nia Alvarez,2025-09-16 10:00:08,noise
6392609362629,6396433624746,T239,13.3,Nia Alvarez,2025-09-16 13:05:17,noise
6392609362629,6395738348726,T239,22.6,Nia Alvarez,2025-09-16 03:06:01,noise
6392609362629,6396433624746,T888,43.3,Nia Alvarez,2025-09-15 10:18:11,noise
6392609362629,6395557270185,T888,101.3,Nia Alvarez,2025-09-15 11:26:23,noise
6392609362629,6396934367041,T888,6.9,Nia Alvarez,2025-09-14 10:07:37,noise
6392609362629,6397907454154,T888,48.9,Nia Alvarez,2025-09-14 05:02:31,noise
6392609362629,6396433624746,T888,7.3,Nia Alvarez,2025-09-13 17:13:00,noise
6392609362629,6391847085587,T239,19.6,Nia Alvarez,2025-09-12 15:29:42,noise
6392609362629,6394018894269,T888,42.8,Nia Alvarez,2025-09-11 14:12:20,noise
6392609362629,6397671860113,T239,13.7,Nia Alvarez,2025-09-11 09:28:12,noise
6392609362629,6394701982874,T239,13.6,Nia Alvarez,2025-09-10 10:21:47,noise
6392609362629,6396433624746,T239,18.0,Nia Alvarez,2025-09-10 12:20:01,noise
6392609362629,6395388614739,T239,16.1,Nia Alvarez,2025-09-09 15:29:23,noise
6392609362629,6395557270185,T239,19.1,Nia Alvarez,2025-09-08 08:09:53,noise
6392609362629,6395388614739,T239,25.1,Nia Alvarez,2025-09-08 17:01:31,noise
6392609362629,6397671860113,T888,7.2,Nia Alvarez,2025-09-07 17:03:36,noise
6392609362629,6395557270185,T239,14.4,Nia Alvarez,2025-09-07 13:17:17,noise
6392609362629,6395557270185,T239,46.2,Nia Alvarez,2025-09-06 21:08:12,noise
6392609362629,6395557270185,T888,16.6,Nia Alvarez,2025-09-06 14:17:00,noise
6392609362629,6391697329269,T888,12.1,Nia Alvarez,2025-09-05 17:02:33,noise
6392609362629,6396433624746,T239,16.3,Nia Alvarez,2025-09-05 11:22:06,noise
6392609362629,6394863330204,T239,23.1,Nia Alvarez,2025-09-04 10:00:17,noise
6392609362629,6395557270185,T888,3.2,Nia Alvarez,2025-09-04 16:23:24,noise
6392609362629,6396433624746,T239,56.1,Nia Alvarez,2025-09-04 19:24:51,noise
6392609362629,6395388614739,T239,9.2,Nia Alvarez,2025-09-03 15:04:29,noise
6392609362629,6395557270185,T888,20.1,Nia Alvarez,2025-09-03 01:17:48,noise
6392609362629,6395447757108,T888,15.0,Nia Alvarez,2025-09-02 23:14:42,noise
6392609362629,6396433624746,T888,12.3,Nia Alvarez,2025-09-02 04:25:48,noise
6392609362629,6392944941518,T239,6.2,Nia Alvarez,2025-09-01 09:05:08,noise
6392609362629,6395557270185,T888,7.6,Nia Alvarez,2025-09-01 03:22:40,noise
6392609362629,6394781266670,T888,8.3,Nia Alvarez,2025-08-31 14:14:17,noise
6392609362629,6395557270185,T888,20.5,Nia Alvarez,2025-08-30 13:12:01,noise
6392609362629,6393299477204,T239,22.8,Nia Alvarez,2025-08-30 05:22:49,noise
6392609362629,6396609601602,T888,7.8,Nia Alvarez,2025-08-30 20:03:46,noise
6392609362629,6392609362629,T239,15.6,Nia Alvarez,2025-08-29 08:25:16,noise
6392609362629,6395557270185,T888,28.9,Nia Alvarez,2025-08-29 17:15:29,noise
6392609362629,6396433624746,T888,14.1,Nia Alvarez,2025-08-28 20:03:56,noise
6392609362629,6395388614739,T888,19.7,Nia Alvarez,2025-08-28 03:04:41,noise
6392609362629,6393474215565,T888,24.1,Nia Alvarez,2025-08-27 11:08:16,noise
6392609362629,6391981016678,T888,15.9,Nia Alvarez,2025-08-27 18:16:34,noise
6392609362629,6394018894269,T888,24.6,Nia Alvarez,2025-08-26 08:17:42,noise
6392609362629,6396433624746,T239,15.6,Nia Alvarez,2025-08-25 14:08:06,noise
6392609362629,6392584159767,T888,37.2,Nia Alvarez,2025-08-25 13:22:41,noise
6392609362629,6395709000192,T239,12.4,Nia Alvarez,2025-08-25 20:17:41,noise
6392609362629,6399697255231,T888,5.0,Nia Alvarez,2025-08-24 03:10:44,noise
6392609362629,6395388614739,T239,29.9,Nia Alvarez,2025-08-23 09:07:10,noise
6392609362629,6391847085587,T888,49.6,Nia Alvarez,2025-08-22 21:07:39,noise
6392609362629,6396433624746,T888,11.4,Nia Alvarez,2025-08-22 20:12:00,noise
6392609362629,6396433624746,T239,10.4,Nia Alvarez,2025-08-21 10:28:01,noise
6392609362629,6391917476319,T239,6.8,Nia Alvarez,2025-08-21 05:08:23,noise
6392609362629,6395557270185,T239,63.6,Nia Alvarez,2025-08-20 14:22:26,noise
6392609362629,6395388614739,T888,34.0,Nia Alvarez,2025-08-19 18:24:40,noise
6392609362629,6392599009461,T239,28.9,Nia Alvarez,2025-08-19 00:30:19,noise
6392609362629,6396433624746,T239,21.0,Nia Alvarez,2025-08-19 19:04:58,noise
6392609362629,6391296649512,T239,11.1,Nia Alvarez,2025-08-18 11:11:53,noise
6392609362629,6397398372383,T888,35.1,Nia Alvarez,2025-08-18 02:02:41,noise
6392609362629,6399722315072,T239,3.5,Nia Alvarez,2025-08-17 10:13:54,noise
6392609362629,6396433624746,T239,11.7,Nia Alvarez,2025-08-16 08:18:45,noise
6392609362629,6399042725763,T239,21.1,Nia Alvarez,2025-08-15 04:21:56,noise
6392609362629,6396609819264,T888,15.9,Nia Alvarez,2025-08-15 10:19:31,noise
6392609362629,6393474215565,T239,30.4,Nia Alvarez,2025-08-14 23:04:37,noise
6392609362629,6396663971262,T888,13.3,Nia Alvarez,2025-08-14 16:09:37,noise
6392609362629,6396433624746,T888,17.2,Nia Alvarez,2025-08-13 01:21:38,noise
6392609362629,6397345443862,T239,26.1,Nia Alvarez,2025-08-13 13:02:55,noise
6392609362629,6391054941178,T239,11.2,Nia Alvarez,2025-08-13 08:29:10,noise
6392609362629,6396433624746,T888,49.3,Nia Alvarez,2025-08-12 21:03:47,noise
6392609362629,6395557270185,T239,91.8,Nia Alvarez,2025-08-12 13:03:19,noise
6392609362629,6396433624746,T239,14.4,Nia Alvarez,2025-08-11 12:07:18,noise
6392609362629,6395388614739,T888,24.5,Nia Alvarez,2025-08-11 18:03:02,noise
6392609362629,6396433624746,T888,6.4,Nia Alvarez,2025-08-10 22:14:52,noise
6392609362629,6397872153794,T239,6.8,Nia Alvarez,2025-08-10 11:24:57,noise
6392609362629,6394485230571,T239,7.3,Nia Alvarez,2025-08-09 15:03:40,noise
6392609362629,6394863330204,T888,10.3,Nia Alvarez,2025-08-08 20:29:07,noise
6392609362629,6395388614739,T888,18.2,Nia Alvarez,2025-08-08 08:28:34,noise
6392609362629,6399562839233,T888,21.9,Nia Alvarez,2025-08-08 02:21:59,noise
6392609362629,6395388614739,T888,9.6,Nia Alvarez,2025-08-07 17:18:57,noise
6392609362629,6399722315072,T888,13.5,Nia Alvarez,2025-08-06 09:05:55,noise
6392609362629,6392249133353,T888,19.7,Nia Alvarez,2025-08-05 18:03:22,noise
6392609362629,6395388614739,T888,12.6,Nia Alvarez,2025-08-05 20:06:01,noise
6392609362629,6395557270185,T888,12.2,Nia Alvarez,2025-08-04 16:23:48,noise
6391847085587,6394701982874,T788,92.9,Xin Brooks,2025-12-06 13:14:25,noise
6391847085587,6398446041346,T788,53.3,Xin Brooks,2025-11-29 14:09:17,noise
6391847085587,6395264944630,T788,183.4,Xin Brooks,2025-12-20 08:10:40,noise
6391847085587,6396168850025,T788,158.2,Xin Brooks,2025-11-26 14:23:03,noise
6391847085587,6397515118078,T788,123.2,Xin Brooks,2025-12-05 08:15:42,noise
6391847085587,6391296649512,T788,74.3,Xin Brooks,2025-12-03 19:00:38,noise
6394369267219,6395863306424,T252,8.9,Tomas Mehta,2025-10-18 22:22:41,noise
6394369267219,6397424123950,T252,11.2,Tomas Mehta,2025-10-18 01:01:38,noise
6394369267219,6397907454154,T789,15.5,Tomas Mehta,2025-10-17 21:26:11,noise
6394369267219,6392249133353,T252,52.6,Tomas Mehta,2025-10-17 16:03:36,noise
6394369267219,6395863306424,T252,12.4,Tomas Mehta,2025-10-16 17:01:01,noise
6394369267219,6397424123950,T252,10.1,Tomas Mehta,2025-10-16 12:18:32,noise
6394369267219,6397424123950,T789,8.7,Tomas Mehta,2025-10-15 12:25:29,noise
6394369267219,6392249133353,T252,14.2,Tomas Mehta,2025-10-15 18:05:49,noise
6394369267219,6396934367041,T252,26.8,Tomas Mehta,2025-10-15 14:04:17,noise
6394369267219,6395863306424,T789,11.2,Tomas Mehta,2025-10-14 09:26:03,noise
6394369267219,6394781266670,T252,8.7,Tomas Mehta,2025-10-14 08:19:26,noise
6394369267219,6392249133353,T789,8.6,Tomas Mehta,2025-10-13 15:17:33,noise
6394369267219,6392249133353,T252,29.3,Tomas Mehta,2025-10-13 14:00:15,noise
6394369267219,6395863306424,T252,9.0,Tomas Mehta,2025-10-12 19:25:17,noise
6394369267219,6397176014123,T789,9.0,Tomas Mehta,2025-10-12 16:22:46,noise
6394369267219,6395863306424,T789,10.1,Tomas Mehta,2025-10-11 05:11:06,noise
6394369267219,6394485230571,T252,13.3,Tomas Mehta,2025-10-11 14:08:42,noise
6394369267219,6397424123950,T789,11.0,Tomas Mehta,2025-10-11 12:20:07,noise
6394369267219,6397424123950,T252,5.9,Tomas Mehta,2025-10-10 11:11:03,noise
6394369267219,6397424123950,T252,43.9,Tomas Mehta,2025-10-10 01:00:38,noise
6394369267219,6397424123950,T252,48.5,Tomas Mehta,2025-10-09 13:01:56,noise
6394369267219,6397424123950,T789,41.4,Tomas Mehta,2025-10-09 18:17:00,noise
6394369267219,6397654503285,T252,49.3,Tomas Mehta,2025-10-09 17:26:14,noise
6394369267219,6397169427647,T252,9.2,Tomas Mehta,2025-10-08 14:20:18,noise
6394369267219,6399828853050,T252,10.6,Tomas Mehta,2025-10-08 11:21:01,noise
6394369267219,6392385746157,T252,9.9,Tomas Mehta,2025-10-07 20:26:08,noise
6394369267219,6392691285953,T252,29.5,Tomas Mehta,2025-10-07 17:09:15,noise
6394369267219,6399095757865,T789,33.0,Tomas Mehta,2025-10-07 01:13:30,noise
6394369267219,6392623441780,T252,100.4,Tomas Mehta,2025-10-06 13:07:34,noise
6394369267219,6399562839233,T789,8.6,Tomas Mehta,2025-10-06 10:14:25,noise
6394369267219,6392249133353,T252,7.8,Tomas Mehta,2025-10-05 23:23:10,noise
6394369267219,6395863306424,T252,15.9,Tomas Mehta,2025-10-05 19:00:12,noise
6394369267219,6391296649512,T789,47.9,Tomas Mehta,2025-10-04 15:27:15,noise
6394369267219,6395104602062,T789,10.3,Tomas Mehta,2025-10-04 20:07:55,noise
6394369267219,6396782939427,T252,40.1,Tomas Mehta,2025-10-04 10:02:44,noise
6394369267219,6391296649512,T789,31.7,Tomas Mehta,2025-10-03 00:03:28,noise
6394369267219,6395388614739,T252,30.4,Tomas Mehta,2025-10-03 09:11:12,noise
6394369267219,6396609601602,T252,8.6,Tomas Mehta,2025-10-02 15:22:32,noise
6394369267219,6395863306424,T252,36.8,Tomas Mehta,2025-10-02 17:14:02,noise
6394369267219,6397424123950,T252,11.1,Tomas Mehta,2025-10-02 19:11:50,noise
6394369267219,6392249133353,T789,12.1,Tomas Mehta,2025-10-01 17:16:28,noise
6394369267219,6397424123950,T789,12.9,Tomas Mehta,2025-10-01 15:29:16,noise
6394369267219,6395863306424,T789,23.6,Tomas Mehta,2025-09-30 18:07:44,noise
6394369267219,6395863306424,T252,23.7,Tomas Mehta,2025-09-30 01:22:03,noise
6394369267219,6397424123950,T789,22.9,Tomas Mehta,2025-09-29 15:26:12,noise
6394369267219,6395388614739,T252,24.5,Tomas Mehta,2025-09-29 15:01:57,noise
6394369267219,6398536130070,T252,33.5,Tomas Mehta,2025-09-28 11:00:08,noise
6394369267219,6397424123950,T789,7.1,Tomas Mehta,2025-09-27 08:10:39,noise
6394369267219,6399722315072,T252,9.0,Tomas Mehta,2025-09-26 18:06:56,noise
6394369267219,6397424123950,T789,12.4,Tomas Mehta,2025-09-26 22:27:30,noise
6394369267219,6392609362629,T789,6.4,Tomas Mehta,2025-09-26 17:19:43,noise
6394369267219,6394855637596,T252,32.0,Tomas Mehta,2025-09-25 11:03:18,noise
6394369267219,6393116814799,T252,31.3,Tomas Mehta,2025-09-25 18:26:12,noise
6394369267219,6396934367041,T252,21.7,Tomas Mehta,2025-09-24 08:19:37,noise
6394369267219,6391697329269,T252,16.6,Tomas Mehta,2025-09-24 09:28:40,noise
6394369267219,6395863306424,T789,24.2,Tomas Mehta,2025-09-23 03:19:33,noise
6394369267219,6397424123950,T789,9.8,Tomas Mehta,2025-09-23 23:10:18,noise
6394369267219,6396863262521,T789,8.4,Tomas Mehta,2025-09-23 13:05:47,noise
6394369267219,6397424123950,T252,13.7,Tomas Mehta,2025-09-22 20:06:24,noise
6394369267219,6396956367740,T252,15.5,Tomas Mehta,2025-09-22 17:03:23,noise
6394369267219,6397424123950,T789,11.0,Tomas Mehta,2025-09-21 01:21:06,noise
6394369267219,6392249133353,T789,6.7,Tomas Mehta,2025-09-20 08:15:29,noise
6394369267219,6391917476319,T252,12.9,Tomas Mehta,2025-09-19 09:06:53,noise
6394369267219,6397424123950,T252,10.0,Tomas Mehta,2025-09-18 08:20:26,noise
6394369267219,6395447757108,T789,20.1,Tomas Mehta,2025-09-18 08:01:00,noise
6394369267219,6397424123950,T789,36.5,Tomas Mehta,2025-09-18 05:00:08,noise
6394369267219,6398313094253,T789,12.4,Tomas Mehta,2025-09-17 14:20:20,noise
6394369267219,6399628559272,T252,15.3,Tomas Mehta,2025-09-17 21:25:44,noise
6394369267219,6398621864419,T789,17.3,Tomas Mehta,2025-09-16 11:05:37,noise
6394369267219,6395863306424,T252,26.4,Tomas Mehta,2025-09-15 05:23:49,noise
6394369267219,6398313094253,T252,3.5,Tomas Mehta,2025-09-15 00:12:47,noise
6394369267219,6392385746157,T789,20.5,Tomas Mehta,2025-09-15 10:29:01,noise
6394369267219,6396863262521,T252,1.4,Tomas Mehta,2025-09-14 11:16:46,noise
6394369267219,6394369267219,T252,10.2,Tomas Mehta,2025-09-14 16:10:00,noise
6394369267219,6392249133353,T252,9.4,Tomas Mehta,2025-09-14 16:21:04,noise
6394369267219,6395863306424,T252,31.3,Tomas Mehta,2025-09-13 21:04:10,noise
6394369267219,6397424123950,T789,9.9,Tomas Mehta,2025-09-12 16:02:15,noise
6394369267219,6397424123950,T252,19.9,Tomas Mehta,2025-09-12 13:28:24,noise
6394369267219,6395863306424,T252,19.3,Tomas Mehta,2025-09-11 10:17:41,noise
6394369267219,6395863306424,T252,11.7,Tomas Mehta,2025-09-11 20:07:02,noise
6394369267219,6392249133353,T252,11.3,Tomas Mehta,2025-09-10 19:17:25,noise
6394369267219,6395863306424,T252,20.2,Tomas Mehta,2025-09-10 19:16:10,noise
6394369267219,6397424123950,T789,43.6,Tomas Mehta,2025-09-09 03:20:17,noise
6394369267219,6392249133353,T789,10.8,Tomas Mehta,2025-09-09 10:27:21,noise
6394369267219,6395464499442,T789,13.0,Tomas Mehta,2025-09-08 16:03:29,noise
6394369267219,6399722315072,T789,11.3,Tomas Mehta,2025-09-08 22:28:31,noise
6394369267219,6397424123950,T789,4.2,Tomas Mehta,2025-09-08 05:07:45,noise
6394369267219,6395863306424,T789,19.6,Tomas Mehta,2025-09-07 12:05:03,noise
6394369267219,6394285686989,T789,9.8,Tomas Mehta,2025-09-07 17:01:18,noise
6394369267219,6392249133353,T252,25.5,Tomas Mehta,2025-09-07 16:00:34,noise
6394369267219,6397424123950,T789,8.7,Tomas Mehta,2025-09-06 01:01:21,noise
6394369267219,6395863306424,T789,23.7,Tomas Mehta,2025-09-06 08:12:52,noise
6394369267219,6397424123950,T252,16.0,Tomas Mehta,2025-09-05 15:26:45,noise
6394369267219,6391847085587,T252,56.4,Tomas Mehta,2025-09-04 11:04:20,noise
6394369267219,6397424123950,T252,14.9,Tomas Mehta,2025-09-03 10:28:18,noise
6394369267219,6395863306424,T252,50.9,Tomas Mehta,2025-09-03 20:05:44,noise
6394369267219,6392249133353,T252,33.8,Tomas Mehta,2025-09-02 14:06:45,noise
6394369267219,6395863306424,T789,26.6,Tomas Mehta,2025-09-02 12:14:37,noise
6394369267219,6392249133353,T789,36.2,Tomas Mehta,2025-09-01 08:22:07,noise
6394369267219,6395863306424,T252,31.8,Tomas Mehta,2025-09-01 18:15:09,noise
6394369267219,6395289242961,T789,21.1,Tomas Mehta,2025-09-01 11:12:05,noise
6394369267219,6392249133353,T252,21.0,Tomas Mehta,2025-08-31 09:01:53,noise
6394369267219,6396284057733,T252,60.1,Tomas Mehta,2025-08-31 11:11:39,noise
6394369267219,6391981016678,T789,8.9,Tomas Mehta,2025-08-31 14:17:36,noise
6394369267219,6397176014123,T252,17.9,Tomas Mehta,2025-08-30 09:15:45,noise
6394369267219,6391678940428,T252,32.9,Tomas Mehta,2025-08-30 22:29:31,noise
6394369267219,6394018894269,T789,31.5,Tomas Mehta,2025-08-29 11:26:35,noise
6394369267219,6397424123950,T252,65.5,Tomas Mehta,2025-08-29 09:23:36,noise
6394369267219,6398175003577,T789,22.9,Tomas Mehta,2025-08-29 14:15:53,noise
6394369267219,6395863306424,T789,32.2,Tomas Mehta,2025-08-28 12:01:08,noise
6394369267219,6397424123950,T789,2.9,Tomas Mehta,2025-08-28 16:23:43,noise
6394369267219,6392249133353,T252,8.5,Tomas Mehta,2025-08-27 15:01:52,noise
6394369267219,6399628559272,T252,15.5,Tomas Mehta,2025-08-27 12:14:18,noise
6394369267219,6395863306424,T252,20.3,Tomas Mehta,2025-08-26 00:23:32,noise
6394369267219,6391936644374,T789,26.0,Tomas Mehta,2025-08-26 21:06:04,noise
6394369267219,6397424123950,T252,31.3,Tomas Mehta,2025-08-26 13:14:03,noise
6394369267219,6395863306424,T789,10.0,Tomas Mehta,2025-08-25 09:11:23,noise
6394369267219,6397424123950,T252,78.1,Tomas Mehta,2025-08-25 19:07:59,noise
6394369267219,6394855637596,T252,21.3,Tomas Mehta,2025-08-25 15:00:31,noise
6394369267219,6393318640912,T252,16.6,Tomas Mehta,2025-08-24 20:05:55,noise
6394369267219,6394334018731,T789,9.8,Tomas Mehta,2025-08-23 13:27:19,noise
6394369267219,6397424123950,T789,30.8,Tomas Mehta,2025-08-22 16:17:29,noise
6394369267219,6396609819264,T252,3.4,Tomas Mehta,2025-08-22 12:09:02,noise
6394369267219,6392249133353,T789,12.8,Tomas Mehta,2025-08-22 18:27:16,noise
6394369267219,6392249133353,T252,35.0,Tomas Mehta,2025-08-21 04:03:11,noise
6394369267219,6395264944630,T789,72.4,Tomas Mehta,2025-08-21 11:26:32,noise
6394369267219,6392249133353,T252,23.4,Tomas Mehta,2025-08-21 20:02:53,noise
6394369267219,6397424123950,T789,4.3,Tomas Mehta,2025-08-20 09:24:35,noise
6394369267219,6395863306424,T252,20.6,Tomas Mehta,2025-08-19 12:23:49,noise
6394369267219,6392385746157,T789,7.7,Tomas Mehta,2025-08-19 11:02:02,noise
6394369267219,6395863306424,T789,7.8,Tomas Mehta,2025-08-18 03:11:11,noise
6394369267219,6391697329269,T252,8.3,Tomas Mehta,2025-08-18 09:08:50,noise
6394369267219,6396782939427,T252,15.4,Tomas Mehta,2025-08-17 16:03:33,noise
6394369267219,6395863306424,T789,18.5,Tomas Mehta,2025-08-17 13:08:03,noise
6394369267219,6391936644374,T252,18.8,Tomas Mehta,2025-08-16 14:16:26,noise
6394369267219,6397424123950,T252,36.5,Tomas Mehta,2025-08-16 19:10:59,noise
6394369267219,6395709000192,T252,49.1,Tomas Mehta,2025-08-15 19:17:59,noise
6394369267219,6397424123950,T789,5.9,Tomas Mehta,2025-08-15 17:27:42,noise
6394369267219,6398621864419,T789,13.1,Tomas Mehta,2025-08-15 19:23:54,noise
6394369267219,6397424123950,T252,10.7,Tomas Mehta,2025-08-14 17:00:30,noise
6394369267219,6397424123950,T789,17.6,Tomas Mehta,2025-08-14 09:29:21,noise
6394369267219,6392249133353,T789,30.2,Tomas Mehta,2025-08-13 09:10:46,noise
6394369267219,6391917476319,T789,19.0,Tomas Mehta,2025-08-13 20:22:58,noise
6394369267219,6395863306424,T252,34.4,Tomas Mehta,2025-08-12 11:12:32,noise
6394369267219,6392249133353,T789,21.2,Tomas Mehta,2025-08-12 16:08:47,noise
6394369267219,6397424123950,T252,6.1,Tomas Mehta,2025-08-11 18:14:00,noise
6394369267219,6396934367041,T252,15.3,Tomas Mehta,2025-08-11 08:17:35,noise
6394369267219,6395863306424,T252,3.9,Tomas Mehta,2025-08-10 13:25:56,noise
6394369267219,6395464499442,T789,9.9,Tomas Mehta,2025-08-09 10:19:32,noise
6394369267219,6396609601602,T252,16.9,Tomas Mehta,2025-08-09 18:28:12,noise
6394369267219,6395289242961,T252,15.5,Tomas Mehta,2025-08-08 17:04:36,noise
6394369267219,6397424123950,T252,30.4,Tomas Mehta,2025-08-07 15:17:53,noise
6394369267219,6394781266670,T252,9.3,Tomas Mehta,2025-08-07 19:19:18,noise
6394369267219,6397424123950,T252,15.9,Tomas Mehta,2025-08-06 11:15:24,noise
6394369267219,6397424123950,T252,11.1,Tomas Mehta,2025-08-06 17:11:10,noise
6394369267219,6399907611720,T789,20.0,Tomas Mehta,2025-08-06 12:26:49,noise
6394369267219,6395863306424,T789,22.4,Tomas Mehta,2025-08-05 09:28:35,noise
6394369267219,6392249133353,T252,36.3,Tomas Mehta,2025-08-05 17:28:25,noise
6394369267219,6397169427647,T252,13.4,Tomas Mehta,2025-08-04 12:10:33,noise
6394369267219,6392385746157,T789,6.8,Tomas Mehta,2025-08-04 04:00:39,noise
6396934367041,6396956367740,T206,16.5,Hugo Rossi,2025-10-18 15:01:34,noise
6396934367041,6397424123950,T206,26.5,Hugo Rossi,2025-10-18 09:08:29,noise
6396934367041,6398175003577,T206,7.1,Hugo Rossi,2025-10-17 20:14:13,noise
6396934367041,6397345443862,T864,10.7,Hugo Rossi,2025-10-17 18:07:01,noise
6396934367041,6397345443862,T206,40.2,Hugo Rossi,2025-10-17 11:11:27,noise
6396934367041,6393511301796,T206,9.3,Hugo Rossi,2025-10-16 09:04:44,noise
6396934367041,6397959530865,T206,21.6,Hugo Rossi,2025-10-16 11:02:09,noise
6396934367041,6393511301796,T864,25.6,Hugo Rossi,2025-10-16 19:02:30,noise
6396934367041,6393511301796,T864,23.2,Hugo Rossi,2025-10-15 10:06:04,noise
6396934367041,6393511301796,T206,9.8,Hugo Rossi,2025-10-15 01:06:33,noise
6396934367041,6396956367740,T864,4.3,Hugo Rossi,2025-10-15 10:25:16,noise
6396934367041,6396956367740,T864,30.2,Hugo Rossi,2025-10-14 12:14:51,noise
6396934367041,6393511301796,T206,15.0,Hugo Rossi,2025-10-14 05:09:37,noise
6396934367041,6394602944141,T864,19.8,Hugo Rossi,2025-10-13 20:16:21,noise
6396934367041,6397959530865,T206,37.5,Hugo Rossi,2025-10-13 16:03:54,noise
6396934367041,6397345443862,T864,12.9,Hugo Rossi,2025-10-12 15:19:55,noise
6396934367041,6396956367740,T206,30.7,Hugo Rossi,2025-10-12 17:22:31,noise
6396934367041,6392251159617,T206,17.8,Hugo Rossi,2025-10-11 17:01:34,noise
6396934367041,6396956367740,T206,10.6,Hugo Rossi,2025-10-10 10:10:33,noise
6396934367041,6393511301796,T864,46.9,Hugo Rossi,2025-10-10 01:30:46,noise
6396934367041,6398175003577,T206,32.1,Hugo Rossi,2025-10-09 17:29:23,noise
6396934367041,6393511301796,T864,18.0,Hugo Rossi,2025-10-08 14:30:54,noise
6396934367041,6393511301796,T864,16.6,Hugo Rossi,2025-10-08 16:02:47,noise
6396934367041,6396956367740,T206,41.0,Hugo Rossi,2025-10-07 16:17:56,noise
6396934367041,6397345443862,T864,27.9,Hugo Rossi,2025-10-07 14:19:51,noise
6396934367041,6397345443862,T864,92.8,Hugo Rossi,2025-10-07 08:15:04,noise
6396934367041,6397345443862,T864,12.9,Hugo Rossi,2025-10-06 04:04:01,noise
6396934367041,6393116814799,T206,34.2,Hugo Rossi,2025-10-05 17:18:00,noise
6396934367041,6397345443862,T864,19.3,Hugo Rossi,2025-10-05 08:02:34,noise
6396934367041,6393511301796,T864,7.2,Hugo Rossi,2025-10-04 14:22:14,noise
6396934367041,6396956367740,T206,5.6,Hugo Rossi,2025-10-03 05:04:37,noise
6396934367041,6393511301796,T206,24.1,Hugo Rossi,2025-10-03 23:06:53,noise
6396934367041,6393511301796,T864,14.6,Hugo Rossi,2025-10-02 02:06:26,noise
6396934367041,6391024970537,T206,13.4,Hugo Rossi,2025-10-02 14:30:07,noise
6396934367041,6392609362629,T864,37.1,Hugo Rossi,2025-10-02 21:19:11,noise
6396934367041,6397345443862,T206,4.8,Hugo Rossi,2025-10-01 18:16:15,noise
6396934367041,6396956367740,T206,15.1,Hugo Rossi,2025-10-01 20:10:13,noise
6396934367041,6393511301796,T206,16.6,Hugo Rossi,2025-09-30 08:05:02,noise
6396934367041,6393511301796,T206,30.2,Hugo Rossi,2025-09-30 14:29:08,noise
6396934367041,6396956367740,T206,62.8,Hugo Rossi,2025-09-30 12:14:45,noise
6396934367041,6396956367740,T206,37.6,Hugo Rossi,2025-09-29 21:00:43,noise
6396934367041,6399907611720,T206,19.3,Hugo Rossi,2025-09-28 13:04:59,noise
6396934367041,6397345443862,T206,17.7,Hugo Rossi,2025-09-27 09:12:41,noise
6396934367041,6393511301796,T206,14.6,Hugo Rossi,2025-09-26 11:23:50,noise
6396934367041,6397345443862,T206,10.2,Hugo Rossi,2025-09-26 09:22:06,noise
6396934367041,6396663971262,T864,18.2,Hugo Rossi,2025-09-25 17:11:08,noise
6396934367041,6393511301796,T206,14.9,Hugo Rossi,2025-09-25 14:25:01,noise
6396934367041,6397345443862,T864,11.6,Hugo Rossi,2025-09-24 14:14:20,noise
6396934367041,6395738348726,T864,16.3,Hugo Rossi,2025-09-24 08:05:20,noise
6396934367041,6392251159617,T864,23.4,Hugo Rossi,2025-09-23 10:04:56,noise
6396934367041,6393511301796,T206,15.8,Hugo Rossi,2025-09-23 22:02:22,noise
6396934367041,6391697329269,T206,11.8,Hugo Rossi,2025-09-22 21:03:26,noise
6396934367041,6396397246783,T864,12.2,Hugo Rossi,2025-09-22 02:20:41,noise
6396934367041,6393474215565,T864,10.7,Hugo Rossi,2025-09-21 09:07:15,noise
6396934367041,6395277555081,T864,14.8,Hugo Rossi,2025-09-20 17:25:41,noise
6396934367041,6397345443862,T864,13.4,Hugo Rossi,2025-09-19 00:16:59,noise
6396934367041,6397345443862,T864,5.8,Hugo Rossi,2025-09-19 13:28:08,noise
6396934367041,6393511301796,T864,9.2,Hugo Rossi,2025-09-18 22:14:44,noise
6396934367041,6397685492906,T206,10.4,Hugo Rossi,2025-09-18 18:04:14,noise
6396934367041,6398389473157,T864,15.4,Hugo Rossi,2025-09-17 18:19:41,noise
6396934367041,6396956367740,T206,24.6,Hugo Rossi,2025-09-16 11:25:28,noise
6396934367041,6399095757865,T206,13.8,Hugo Rossi,2025-09-16 23:06:25,noise
6396934367041,6393511301796,T206,6.5,Hugo Rossi,2025-09-15 12:01:20,noise
6396934367041,6396609601602,T864,5.7,Hugo Rossi,2025-09-15 17:26:12,noise
6396934367041,6395034822866,T206,14.2,Hugo Rossi,2025-09-14 13:25:14,noise
6396934367041,6399722315072,T864,19.8,Hugo Rossi,2025-09-14 11:14:59,noise
6396934367041,6396956367740,T864,8.1,Hugo Rossi,2025-09-13 19:01:49,noise
6396934367041,6396956367740,T206,27.1,Hugo Rossi,2025-09-13 23:00:10,noise
6396934367041,6397345443862,T206,13.1,Hugo Rossi,2025-09-12 20:20:18,noise
6396934367041,6393511301796,T864,45.9,Hugo Rossi,2025-09-11 17:30:02,noise
6396934367041,6395277555081,T206,29.5,Hugo Rossi,2025-09-10 08:13:02,noise
6396934367041,6397345443862,T206,6.8,Hugo Rossi,2025-09-10 19:27:51,noise
6396934367041,6397345443862,T206,3.2,Hugo Rossi,2025-09-09 16:04:44,noise
6396934367041,6399042725763,T206,48.9,Hugo Rossi,2025-09-09 10:21:21,noise
6396934367041,6393511301796,T864,13.9,Hugo Rossi,2025-09-09 23:30:55,noise
6396934367041,6393511301796,T206,16.0,Hugo Rossi,2025-09-08 17:09:19,noise
6396934367041,6397345443862,T864,29.9,Hugo Rossi,2025-09-08 18:20:45,noise
6396934367041,6395447757108,T206,26.5,Hugo Rossi,2025-09-07 10:07:04,noise
6396934367041,6396934367041,T206,15.8,Hugo Rossi,2025-09-07 17:03:13,noise
6396934367041,6397345443862,T206,15.7,Hugo Rossi,2025-09-07 13:27:50,noise
6396934367041,6393511301796,T206,16.1,Hugo Rossi,2025-09-06 20:11:38,noise
6396934367041,6396956367740,T206,10.6,Hugo Rossi,2025-09-05 20:30:58,noise
6396934367041,6394369267219,T206,19.6,Hugo Rossi,2025-09-05 17:21:59,noise
6396934367041,6394855637596,T864,30.8,Hugo Rossi,2025-09-04 09:22:06,noise
6396934367041,6397345443862,T864,15.7,Hugo Rossi,2025-09-03 15:02:07,noise
6396934367041,6397169427647,T206,41.4,Hugo Rossi,2025-09-02 01:05:49,noise
6396934367041,6396956367740,T206,20.1,Hugo Rossi,2025-09-02 15:09:27,noise
6396934367041,6396956367740,T864,10.0,Hugo Rossi,2025-09-01 17:20:29,noise
6396934367041,6393511301796,T864,14.1,Hugo Rossi,2025-08-31 13:01:40,noise
6396934367041,6395277555081,T864,14.7,Hugo Rossi,2025-08-31 02:06:18,noise
6396934367041,6397345443862,T864,33.8,Hugo Rossi,2025-08-30 15:13:14,noise
6396934367041,6397345443862,T206,19.1,Hugo Rossi,2025-08-30 08:16:49,noise
6396934367041,6392385746157,T864,9.7,Hugo Rossi,2025-08-29 14:28:42,noise
6396934367041,6398645236008,T864,16.6,Hugo Rossi,2025-08-29 11:13:52,noise
6396934367041,6392249133353,T206,28.9,Hugo Rossi,2025-08-28 15:30:07,noise
6396934367041,6396956367740,T206,32.5,Hugo Rossi,2025-08-28 20:13:22,noise
6396934367041,6397345443862,T206,44.0,Hugo Rossi,2025-08-28 08:02:32,noise
6396934367041,6396956367740,T206,27.2,Hugo Rossi,2025-08-27 11:12:25,noise
6396934367041,6393511301796,T206,25.2,Hugo Rossi,2025-08-26 16:09:57,noise
6396934367041,6393511301796,T864,15.7,Hugo Rossi,2025-08-26 04:20:29,noise
6396934367041,6391296649512,T206,39.6,Hugo Rossi,2025-08-25 10:30:40,noise
6396934367041,6396956367740,T206,31.1,Hugo Rossi,2025-08-25 13:15:37,noise
6396934367041,6394781266670,T206,25.9,Hugo Rossi,2025-08-25 01:07:59,noise
6396934367041,6397345443862,T206,5.7,Hugo Rossi,2025-08-24 19:05:59,noise
6396934367041,6396956367740,T206,36.5,Hugo Rossi,2025-08-23 12:10:29,noise
6396934367041,6393511301796,T206,15.0,Hugo Rossi,2025-08-23 15:27:39,noise
6396934367041,6396956367740,T206,27.9,Hugo Rossi,2025-08-22 16:11:53,noise
6396934367041,6396956367740,T206,47.6,Hugo Rossi,2025-08-22 08:17:39,noise
6396934367041,6391936644374,T864,37.8,Hugo Rossi,2025-08-21 04:10:06,noise
6396934367041,6399095757865,T864,15.3,Hugo Rossi,2025-08-21 08:14:41,noise
6396934367041,6397345443862,T206,10.9,Hugo Rossi,2025-08-20 15:17:59,noise
6396934367041,6397345443862,T206,24.3,Hugo Rossi,2025-08-20 12:06:47,noise
6396934367041,6396956367740,T206,13.7,Hugo Rossi,2025-08-19 11:08:23,noise
6396934367041,6397345443862,T206,13.2,Hugo Rossi,2025-08-19 16:04:25,noise
6396934367041,6393511301796,T864,19.2,Hugo Rossi,2025-08-18 18:17:56,noise
6396934367041,6397959530865,T206,13.7,Hugo Rossi,2025-08-17 12:10:36,noise
6396934367041,6393511301796,T206,20.3,Hugo Rossi,2025-08-16 08:06:01,noise
6396934367041,6393511301796,T206,60.2,Hugo Rossi,2025-08-16 10:01:52,noise
6396934367041,6395289242961,T864,49.6,Hugo Rossi,2025-08-16 17:06:30,noise
6396934367041,6397345443862,T206,27.5,Hugo Rossi,2025-08-15 11:02:49,noise
6396934367041,6399697255231,T206,9.1,Hugo Rossi,2025-08-15 03:15:42,noise
6396934367041,6396956367740,T206,18.7,Hugo Rossi,2025-08-14 20:04:37,noise
6396934367041,6397959530865,T206,28.3,Hugo Rossi,2025-08-14 11:07:57,noise
6396934367041,6393511301796,T864,3.9,Hugo Rossi,2025-08-13 20:11:48,noise
6396934367041,6392385746157,T206,11.7,Hugo Rossi,2025-08-13 15:20:18,noise
6396934367041,6396956367740,T864,56.4,Hugo Rossi,2025-08-12 09:17:51,noise
6396934367041,6394285686989,T206,29.1,Hugo Rossi,2025-08-12 21:29:41,noise
6396934367041,6396956367740,T206,4.1,Hugo Rossi,2025-08-11 22:03:29,noise
6396934367041,6394477195628,T206,31.5,Hugo Rossi,2025-08-10 13:17:13,noise
6396934367041,6397345443862,T864,23.0,Hugo Rossi,2025-08-09 20:13:29,noise
6396934367041,6396956367740,T206,21.4,Hugo Rossi,2025-08-09 08:18:39,noise
6396934367041,6399828853050,T864,31.1,Hugo Rossi,2025-08-08 05:12:06,noise
6396934367041,6399429451462,T206,29.4,Hugo Rossi,2025-08-08 12:29:01,noise
6396934367041,6396956367740,T206,5.4,Hugo Rossi,2025-08-08 20:10:15,noise
6396934367041,6397345443862,T864,13.5,Hugo Rossi,2025-08-07 20:12:23,noise
6396934367041,6393511301796,T206,12.3,Hugo Rossi,2025-08-07 13:17:12,noise
6396934367041,6397398372383,T864,17.7,Hugo Rossi,2025-08-07 16:11:41,noise
6396934367041,6395738348726,T864,7.0,Hugo Rossi,2025-08-06 19:24:27,noise
6396934367041,6396956367740,T206,60.3,Hugo Rossi,2025-08-05 14:25:14,noise
6396934367041,6397317313563,T864,28.2,Hugo Rossi,2025-08-05 13:19:49,noise
6396934367041,6393116814799,T864,30.9,Hugo Rossi,2025-08-04 17:25:33,noise
6396934367041,6397345443862,T864,12.2,Hugo Rossi,2025-08-04 16:02:11,noise
6396934367041,6394018894269,T864,22.9,Hugo Rossi,2025-08-04 17:22:31,noise
6394477195628,6392944941518,T512,33.4,Elena Jansen,2025-10-18 18:09:49,noise
6394477195628,6397685492906,T512,47.1,Elena Jansen,2025-10-17 15:05:59,noise
6394477195628,6399828853050,T211,8.4,Elena Jansen,2025-10-16 15:04:36,noise
6394477195628,6392944941518,T211,7.1,Elena Jansen,2025-10-16 05:27:16,noise
6394477195628,6397033353739,T211,7.6,Elena Jansen,2025-10-15 15:04:26,noise
6394477195628,6397357048476,T512,22.0,Elena Jansen,2025-10-15 17:14:51,noise
6394477195628,6397398372383,T512,34.3,Elena Jansen,2025-10-14 10:25:57,noise
6394477195628,6394602944141,T512,12.4,Elena Jansen,2025-10-14 12:10:39,noise
6394477195628,6397357048476,T211,8.8,Elena Jansen,2025-10-13 16:10:47,noise
6394477195628,6395557270185,T512,11.4,Elena Jansen,2025-10-12 12:04:48,noise
6394477195628,6392944941518,T512,7.4,Elena Jansen,2025-10-12 08:23:31,noise
6394477195628,6399628559272,T211,17.3,Elena Jansen,2025-10-11 01:01:01,noise
6394477195628,6398645236008,T211,7.5,Elena Jansen,2025-10-10 02:05:36,noise
6394477195628,6392251159617,T211,15.5,Elena Jansen,2025-10-10 17:07:02,noise
6394477195628,6392944941518,T512,13.6,Elena Jansen,2025-10-09 23:10:16,noise
6394477195628,6398645236008,T512,11.1,Elena Jansen,2025-10-09 15:12:18,noise
6394477195628,6398645236008,T512,6.9,Elena Jansen,2025-10-09 01:28:49,noise
6394477195628,6398645236008,T512,7.3,Elena Jansen,2025-10-08 12:19:06,noise
6394477195628,6398645236008,T512,8.7,Elena Jansen,2025-10-08 20:13:15,noise
6394477195628,6397357048476,T211,11.8,Elena Jansen,2025-10-07 13:20:27,noise
6394477195628,6392944941518,T512,19.1,Elena Jansen,2025-10-07 00:03:48,noise
6394477195628,6392944941518,T211,18.0,Elena Jansen,2025-10-06 10:15:04,noise
6394477195628,6391644392848,T512,19.5,Elena Jansen,2025-10-06 14:17:09,noise
6394477195628,6397357048476,T512,18.3,Elena Jansen,2025-10-05 12:28:15,noise
6394477195628,6392944941518,T512,5.6,Elena Jansen,2025-10-05 20:06:58,noise
6394477195628,6398578995606,T512,3.4,Elena Jansen,2025-10-04 02:15:43,noise
6394477195628,6396168850025,T512,5.3,Elena Jansen,2025-10-04 03:15:40,noise
6394477195628,6394369267219,T512,34.2,Elena Jansen,2025-10-03 15:00:08,noise
6394477195628,6392944941518,T512,50.7,Elena Jansen,2025-10-03 05:18:30,noise
6394477195628,6398645236008,T211,22.8,Elena Jansen,2025-10-02 04:20:02,noise
6394477195628,6397357048476,T512,18.7,Elena Jansen,2025-10-02 11:29:25,noise
6394477195628,6396956367740,T211,11.3,Elena Jansen,2025-10-01 16:12:57,noise
6394477195628,6394701982874,T512,42.8,Elena Jansen,2025-10-01 18:10:03,noise
6394477195628,6398645236008,T211,22.6,Elena Jansen,2025-09-30 23:28:10,noise
6394477195628,6397357048476,T211,16.9,Elena Jansen,2025-09-30 19:17:31,noise
6394477195628,6397398372383,T211,126.3,Elena Jansen,2025-09-30 04:23:41,noise
6394477195628,6398645236008,T211,5.2,Elena Jansen,2025-09-29 21:19:13,noise
6394477195628,6396433624746,T211,25.7,Elena Jansen,2025-09-28 20:30:47,noise
6394477195628,6392385746157,T211,18.4,Elena Jansen,2025-09-28 23:20:33,noise
6394477195628,6397357048476,T512,25.2,Elena Jansen,2025-09-27 17:18:53,noise
6394477195628,6398645236008,T211,24.5,Elena Jansen,2025-09-27 09:24:13,noise
6394477195628,6398645236008,T211,9.3,Elena Jansen,2025-09-26 10:08:51,noise
6394477195628,6391024970537,T211,8.6,Elena Jansen,2025-09-26 08:21:50,noise
6394477195628,6398313094253,T512,9.6,Elena Jansen,2025-09-25 10:19:06,noise
6394477195628,6398645236008,T211,7.3,Elena Jansen,2025-09-25 16:17:08,noise
6394477195628,6398645236008,T512,14.6,Elena Jansen,2025-09-24 15:22:28,noise
6394477195628,6396956367740,T211,4.6,Elena Jansen,2025-09-23 17:29:55,noise
6394477195628,6398645236008,T512,13.6,Elena Jansen,2025-09-23 18:18:25,noise
6394477195628,6392609362629,T512,28.2,Elena Jansen,2025-09-23 15:23:54,noise
6394477195628,6397398372383,T211,77.7,Elena Jansen,2025-09-22 22:08:12,noise
6394477195628,6392944941518,T512,17.9,Elena Jansen,2025-09-21 12:05:19,noise
6394477195628,6398645236008,T512,4.4,Elena Jansen,2025-09-20 12:18:40,noise
6394477195628,6392944941518,T512,9.3,Elena Jansen,2025-09-20 19:20:11,noise
6394477195628,6392944941518,T211,17.9,Elena Jansen,2025-09-19 17:29:11,noise
6394477195628,6397357048476,T512,12.2,Elena Jansen,2025-09-18 08:23:22,noise
6394477195628,6397357048476,T512,10.8,Elena Jansen,2025-09-17 20:20:02,noise
6394477195628,6394477195628,T512,7.2,Elena Jansen,2025-09-17 22:13:23,noise
6394477195628,6397176014123,T211,10.5,Elena Jansen,2025-09-16 09:13:32,noise
6394477195628,6394485230571,T512,6.3,Elena Jansen,2025-09-15 23:12:53,noise
6394477195628,6397931099268,T512,12.4,Elena Jansen,2025-09-15 11:20:44,noise
6394477195628,6395328992709,T512,10.3,Elena Jansen,2025-09-15 00:19:42,noise
6394477195628,6392944941518,T512,19.2,Elena Jansen,2025-09-14 09:30:16,noise
6394477195628,6397357048476,T211,17.7,Elena Jansen,2025-09-14 16:08:53,noise
6394477195628,6392944941518,T211,11.9,Elena Jansen,2025-09-13 12:28:43,noise
6394477195628,6392944941518,T512,22.3,Elena Jansen,2025-09-13 15:11:56,noise
6394477195628,6392944941518,T211,44.7,Elena Jansen,2025-09-12 11:07:53,noise
6394477195628,6397357048476,T512,9.1,Elena Jansen,2025-09-11 08:22:25,noise
6394477195628,6391296649512,T512,7.8,Elena Jansen,2025-09-11 19:13:10,noise
6394477195628,6397357048476,T211,23.5,Elena Jansen,2025-09-10 09:05:27,noise
6394477195628,6391847085587,T512,23.2,Elena Jansen,2025-09-09 08:19:33,noise
6394477195628,6397357048476,T512,21.4,Elena Jansen,2025-09-08 13:24:33,noise
6394477195628,6397357048476,T512,9.6,Elena Jansen,2025-09-08 13:14:32,noise
6394477195628,6398313094253,T211,17.4,Elena Jansen,2025-09-07 19:05:41,noise
6394477195628,6397357048476,T512,18.0,Elena Jansen,2025-09-07 15:28:27,noise
6394477195628,6397357048476,T512,23.9,Elena Jansen,2025-09-06 14:18:56,noise
6394477195628,6397515118078,T211,14.4,Elena Jansen,2025-09-05 18:13:13,noise
6394477195628,6398621864419,T512,5.2,Elena Jansen,2025-09-04 03:26:19,noise
6394477195628,6392944941518,T512,7.5,Elena Jansen,2025-09-04 03:26:02,noise
6394477195628,6392944941518,T512,25.7,Elena Jansen,2025-09-03 15:16:40,noise
6394477195628,6392944941518,T512,4.1,Elena Jansen,2025-09-03 14:20:49,noise
6394477195628,6394855637596,T512,3.5,Elena Jansen,2025-09-02 15:13:42,noise
6394477195628,6392623441780,T512,25.9,Elena Jansen,2025-09-02 13:01:03,noise
6394477195628,6392944941518,T211,7.2,Elena Jansen,2025-09-01 12:20:36,noise
6394477195628,6392546307565,T512,31.3,Elena Jansen,2025-08-31 13:28:35,noise
6394477195628,6398645236008,T512,8.4,Elena Jansen,2025-08-31 09:26:27,noise
6394477195628,6399628559272,T512,11.5,Elena Jansen,2025-08-30 12:22:37,noise
6394477195628,6392944941518,T512,36.8,Elena Jansen,2025-08-30 15:29:19,noise
6394477195628,6392944941518,T512,31.3,Elena Jansen,2025-08-29 12:07:40,noise
6394477195628,6397357048476,T512,4.2,Elena Jansen,2025-08-29 17:29:59,noise
6394477195628,6392944941518,T211,7.6,Elena Jansen,2025-08-28 15:01:38,noise
6394477195628,6395464499442,T512,79.4,Elena Jansen,2025-08-27 09:06:01,noise
6394477195628,6398645236008,T512,20.2,Elena Jansen,2025-08-27 14:25:51,noise
6394477195628,6398645236008,T512,23.2,Elena Jansen,2025-08-26 11:15:02,noise
6394477195628,6397357048476,T512,13.8,Elena Jansen,2025-08-26 17:05:27,noise
6394477195628,6399406323212,T512,27.0,Elena Jansen,2025-08-25 20:10:41,noise
6394477195628,6398645236008,T512,15.4,Elena Jansen,2025-08-24 04:11:29,noise
6394477195628,6397357048476,T512,20.8,Elena Jansen,2025-08-24 21:06:44,noise
6394477195628,6398645236008,T512,25.5,Elena Jansen,2025-08-23 15:05:44,noise
6394477195628,6392944941518,T211,25.9,Elena Jansen,2025-08-23 23:02:28,noise
6394477195628,6392944941518,T211,35.0,Elena Jansen,2025-08-22 12:17:01,noise
6394477195628,6397357048476,T211,33.1,Elena Jansen,2025-08-22 13:03:17,noise
6394477195628,6398645236008,T211,16.6,Elena Jansen,2025-08-22 08:06:06,noise
6394477195628,6398645236008,T512,20.8,Elena Jansen,2025-08-21 08:21:45,noise
6394477195628,6397357048476,T512,17.4,Elena Jansen,2025-08-21 21:30:02,noise
6394477195628,6398645236008,T512,34.7,Elena Jansen,2025-08-21 17:05:44,noise
6394477195628,6392944941518,T211,7.9,Elena Jansen,2025-08-20 17:16:21,noise
6394477195628,6397357048476,T211,31.2,Elena Jansen,2025-08-20 13:26:28,noise
6394477195628,6392944941518,T512,6.7,Elena Jansen,2025-08-19 14:06:40,noise
6394477195628,6397357048476,T512,18.0,Elena Jansen,2025-08-19 17:23:49,noise
6394477195628,6397357048476,T512,17.1,Elena Jansen,2025-08-19 17:19:55,noise
6394477195628,6396433624746,T512,13.0,Elena Jansen,2025-08-18 16:04:05,noise
6394477195628,6398645236008,T211,51.9,Elena Jansen,2025-08-18 14:09:43,noise
6394477195628,6391917476319,T512,18.1,Elena Jansen,2025-08-17 13:17:04,noise
6394477195628,6392944941518,T512,4.5,Elena Jansen,2025-08-17 15:21:12,noise
6394477195628,6395277555081,T512,17.9,Elena Jansen,2025-08-16 22:23:20,noise
6394477195628,6391644392848,T211,11.2,Elena Jansen,2025-08-16 18:05:44,noise
6394477195628,6398645236008,T211,29.9,Elena Jansen,2025-08-15 23:30:10,noise
6394477195628,6392944941518,T211,8.6,Elena Jansen,2025-08-14 17:21:19,noise
6394477195628,6398645236008,T512,13.4,Elena Jansen,2025-08-14 11:20:21,noise
6394477195628,6398645236008,T211,16.5,Elena Jansen,2025-08-13 22:17:25,noise
6394477195628,6397357048476,T211,34.4,Elena Jansen,2025-08-13 10:05:49,noise
6394477195628,6397357048476,T512,26.7,Elena Jansen,2025-08-12 04:13:38,noise
6394477195628,6399857882871,T512,28.1,Elena Jansen,2025-08-12 21:07:02,noise
6394477195628,6392944941518,T211,19.1,Elena Jansen,2025-08-12 18:05:02,noise
6394477195628,6398645236008,T512,8.4,Elena Jansen,2025-08-11 09:23:55,noise
6394477195628,6398645236008,T512,8.2,Elena Jansen,2025-08-11 16:01:02,noise
6394477195628,6397357048476,T512,48.9,Elena Jansen,2025-08-11 16:23:31,noise
6394477195628,6397357048476,T211,35.0,Elena Jansen,2025-08-10 21:10:43,noise
6394477195628,6398645236008,T211,36.8,Elena Jansen,2025-08-09 10:09:11,noise
6394477195628,6398645236008,T211,8.7,Elena Jansen,2025-08-08 17:22:08,noise
6394477195628,6399961796941,T211,4.6,Elena Jansen,2025-08-08 08:03:04,noise
6394477195628,6397357048476,T512,13.5,Elena Jansen,2025-08-07 15:06:40,noise
6394477195628,6398645236008,T512,34.4,Elena Jansen,2025-08-07 04:02:59,noise
6394477195628,6397357048476,T512,5.9,Elena Jansen,2025-08-06 13:03:48,noise
6394477195628,6396397246783,T211,5.3,Elena Jansen,2025-08-06 18:00:20,noise
6394477195628,6397357048476,T512,9.8,Elena Jansen,2025-08-06 19:12:07,noise
6394477195628,6395328992709,T211,13.0,Elena Jansen,2025-08-05 15:30:58,noise
6394477195628,6392944941518,T512,12.7,Elena Jansen,2025-08-05 16:17:53,noise
6394477195628,6398645236008,T211,22.7,Elena Jansen,2025-08-05 22:16:22,noise
6394477195628,6398645236008,T211,3.5,Elena Jansen,2025-08-04 18:25:28,noise
6394477195628,6394485230571,T512,4.2,Elena Jansen,2025-08-04 21:04:32,noise
6394477195628,6394285686989,T512,77.8,Elena Jansen,2025-12-22 09:02:25,noise
6394477195628,6394285686989,T512,160.2,Elena Jansen,2025-12-23 13:17:26,noise
6394477195628,6394285686989,T512,126.7,Elena Jansen,2025-12-13 23:06:50,noise
6394477195628,6394285686989,T512,130.5,Elena Jansen,2025-12-17 07:26:19,noise
6394477195628,6394285686989,T512,129.1,Elena Jansen,2025-11-26 21:12:22,noise
6394477195628,6394285686989,T512,138.3,Elena Jansen,2025-11-28 00:05:48,noise
6394863330204,6392251159617,T424,11.7,Hugo Zhou,2025-10-18 11:04:43,noise
6394863330204,6392584159767,T424,19.0,Hugo Zhou,2025-10-18 15:22:28,noise
6394863330204,6394863330204,T424,13.8,Hugo Zhou,2025-10-17 14:01:17,noise
6394863330204,6391936644374,T947,16.6,Hugo Zhou,2025-10-17 23:29:22,noise
6394863330204,6392182204871,T947,23.3,Hugo Zhou,2025-10-16 15:16:47,noise
6394863330204,6399857882871,T424,29.7,Hugo Zhou,2025-10-16 19:09:45,noise
6394863330204,6392251159617,T947,5.2,Hugo Zhou,2025-10-15 08:16:54,noise
6394863330204,6392251159617,T424,21.3,Hugo Zhou,2025-10-15 13:11:23,noise
6394863330204,6398621864419,T424,17.9,Hugo Zhou,2025-10-15 10:27:51,noise
6394863330204,6395738348726,T424,10.0,Hugo Zhou,2025-10-14 09:12:29,noise
6394863330204,6392523329605,T424,6.9,Hugo Zhou,2025-10-13 13:23:34,noise
6394863330204,6396956367740,T947,23.2,Hugo Zhou,2025-10-13 21:11:38,noise
6394863330204,6399697255231,T947,42.6,Hugo Zhou,2025-10-13 14:01:39,noise
6394863330204,6399697255231,T947,12.6,Hugo Zhou,2025-10-12 17:30:31,noise
6394863330204,6392251159617,T424,29.3,Hugo Zhou,2025-10-12 19:19:31,noise
6394863330204,6398536130070,T947,24.1,Hugo Zhou,2025-10-12 11:19:40,noise
6394863330204,6391936644374,T947,16.1,Hugo Zhou,2025-10-11 10:08:06,noise
6394863330204,6399961796941,T424,3.8,Hugo Zhou,2025-10-10 18:05:53,noise
6394863330204,6395264944630,T424,18.7,Hugo Zhou,2025-10-09 15:15:18,noise
6394863330204,6391936644374,T947,17.3,Hugo Zhou,2025-10-09 15:29:30,noise
6394863330204,6394602944141,T947,11.8,Hugo Zhou,2025-10-09 16:08:02,noise
6394863330204,6399857882871,T424,25.3,Hugo Zhou,2025-10-08 22:00:05,noise
6394863330204,6391936644374,T424,9.5,Hugo Zhou,2025-10-08 10:13:21,noise
6394863330204,6392182204871,T947,14.4,Hugo Zhou,2025-10-08 20:08:21,noise
6394863330204,6393299477204,T424,46.4,Hugo Zhou,2025-10-07 16:03:46,noise
6394863330204,6392251159617,T947,8.9,Hugo Zhou,2025-10-07 14:14:59,noise
6394863330204,6396663971262,T424,13.0,Hugo Zhou,2025-10-07 18:27:16,noise
6394863330204,6393299477204,T424,26.3,Hugo Zhou,2025-10-06 18:16:51,noise
6394863330204,6391936644374,T424,24.6,Hugo Zhou,2025-10-05 11:13:02,noise
6394863330204,6394485230571,T947,25.8,Hugo Zhou,2025-10-05 14:11:41,noise
6394863330204,6392251159617,T424,29.6,Hugo Zhou,2025-10-04 12:24:04,noise
6394863330204,6391936644374,T424,29.1,Hugo Zhou,2025-10-04 09:28:34,noise
6394863330204,6398389473157,T424,37.2,Hugo Zhou,2025-10-04 10:12:11,noise
6394863330204,6391936644374,T424,29.8,Hugo Zhou,2025-10-03 08:02:38,noise
6394863330204,6392584159767,T947,3.4,Hugo Zhou,2025-10-03 14:23:05,noise
6394863330204,6394018894269,T424,2.7,Hugo Zhou,2025-10-02 02:14:16,noise
6394863330204,6391678940428,T424,18.7,Hugo Zhou,2025-10-02 21:23:52,noise
6394863330204,6393299477204,T947,20.0,Hugo Zhou,2025-10-02 15:07:34,noise
6394863330204,6396397246783,T947,57.2,Hugo Zhou,2025-10-01 14:28:46,noise
6394863330204,6392251159617,T947,16.7,Hugo Zhou,2025-10-01 10:09:30,noise
6394863330204,6393318640912,T947,12.8,Hugo Zhou,2025-09-30 21:04:26,noise
6394863330204,6391936644374,T424,32.1,Hugo Zhou,2025-09-30 15:13:41,noise
6394863330204,6393299477204,T947,4.3,Hugo Zhou,2025-09-30 23:23:55,noise
6394863330204,6391936644374,T947,16.6,Hugo Zhou,2025-09-29 19:22:23,noise
6394863330204,6397345443862,T947,42.7,Hugo Zhou,2025-09-29 09:12:46,noise
6394863330204,6391936644374,T424,14.9,Hugo Zhou,2025-09-28 14:17:37,noise
6394863330204,6391054941178,T424,17.7,Hugo Zhou,2025-09-28 14:19:05,noise
6394863330204,6393299477204,T424,9.2,Hugo Zhou,2025-09-27 18:30:12,noise
6394863330204,6399628559272,T424,11.5,Hugo Zhou,2025-09-27 03:16:31,noise
6394863330204,6392251159617,T424,5.4,Hugo Zhou,2025-09-26 05:17:56,noise
6394863330204,6391024970537,T424,23.2,Hugo Zhou,2025-09-26 18:17:49,noise
6394863330204,6393299477204,T424,7.1,Hugo Zhou,2025-09-25 09:12:21,noise
6394863330204,6397931099268,T424,26.3,Hugo Zhou,2025-09-24 11:10:11,noise
6394863330204,6398096864787,T947,15.7,Hugo Zhou,2025-09-23 11:12:25,noise
6394863330204,6394602944141,T947,5.0,Hugo Zhou,2025-09-23 13:12:32,noise
6394863330204,6394369267219,T947,37.1,Hugo Zhou,2025-09-23 21:07:00,noise
6394863330204,6393299477204,T947,16.6,Hugo Zhou,2025-09-22 15:14:52,noise
6394863330204,6395328992709,T947,18.2,Hugo Zhou,2025-09-22 00:20:27,noise
6394863330204,6399562839233,T947,38.8,Hugo Zhou,2025-09-21 11:18:22,noise
6394863330204,6391936644374,T947,28.3,Hugo Zhou,2025-09-20 01:29:15,noise
6394863330204,6395086222587,T947,4.6,Hugo Zhou,2025-09-20 10:26:00,noise
6394863330204,6393299477204,T947,23.2,Hugo Zhou,2025-09-19 15:22:52,noise
6394863330204,6393299477204,T424,17.8,Hugo Zhou,2025-09-19 11:29:52,noise
6394863330204,6391936644374,T424,8.5,Hugo Zhou,2025-09-18 16:11:27,noise
6394863330204,6392251159617,T424,54.0,Hugo Zhou,2025-09-18 17:03:20,noise
6394863330204,6391936644374,T947,15.4,Hugo Zhou,2025-09-17 03:02:36,noise
6394863330204,6395557270185,T947,2.2,Hugo Zhou,2025-09-16 13:30:35,noise
6394863330204,6392251159617,T947,38.9,Hugo Zhou,2025-09-16 14:23:33,noise
6394863330204,6392251159617,T424,12.8,Hugo Zhou,2025-09-15 17:27:31,noise
6394863330204,6396934367041,T947,8.5,Hugo Zhou,2025-09-15 03:08:54,noise
6394863330204,6395709000192,T424,8.3,Hugo Zhou,2025-09-14 17:06:23,noise
6394863330204,6397671860113,T947,30.8,Hugo Zhou,2025-09-14 10:10:18,noise
6394863330204,6392523329605,T424,6.6,Hugo Zhou,2025-09-14 15:13:30,noise
6394863330204,6392182204871,T947,39.6,Hugo Zhou,2025-09-13 16:27:13,noise
6394863330204,6391936644374,T424,16.2,Hugo Zhou,2025-09-13 16:03:48,noise
6394863330204,6392251159617,T947,12.5,Hugo Zhou,2025-09-12 08:12:46,noise
6394863330204,6393299477204,T947,14.6,Hugo Zhou,2025-09-12 15:15:58,noise
6394863330204,6396663971262,T424,12.5,Hugo Zhou,2025-09-11 08:11:49,noise
6394863330204,6391936644374,T424,12.3,Hugo Zhou,2025-09-11 08:20:31,noise
6394863330204,6392089382142,T947,19.2,Hugo Zhou,2025-09-10 21:07:02,noise
6394863330204,6392251159617,T947,21.8,Hugo Zhou,2025-09-10 11:27:34,noise
6394863330204,6391936644374,T424,65.8,Hugo Zhou,2025-09-09 23:24:39,noise
6394863330204,6396026405795,T424,16.0,Hugo Zhou,2025-09-08 03:02:51,noise
6394863330204,6392609362629,T424,7.8,Hugo Zhou,2025-09-07 17:16:22,noise
6394863330204,6392251159617,T947,10.5,Hugo Zhou,2025-09-07 11:03:36,noise
6394863330204,6393299477204,T424,19.9,Hugo Zhou,2025-09-07 05:13:06,noise
6394863330204,6396609601602,T947,22.6,Hugo Zhou,2025-09-06 10:27:30,noise
6394863330204,6394369267219,T947,16.3,Hugo Zhou,2025-09-06 08:18:36,noise
6394863330204,6391936644374,T424,17.5,Hugo Zhou,2025-09-05 05:06:39,noise
6394863330204,6391936644374,T424,9.5,Hugo Zhou,2025-09-05 19:17:28,noise
6394863330204,6397424123950,T424,25.0,Hugo Zhou,2025-09-04 18:05:39,noise
6394863330204,6393299477204,T947,36.4,Hugo Zhou,2025-09-04 03:03:00,noise
6394863330204,6393299477204,T947,12.0,Hugo Zhou,2025-09-04 15:20:36,noise
6394863330204,6394855637596,T424,12.1,Hugo Zhou,2025-09-03 09:24:04,noise
6394863330204,6391936644374,T424,19.2,Hugo Zhou,2025-09-03 17:22:16,noise
6394863330204,6395277555081,T424,22.7,Hugo Zhou,2025-09-02 14:24:14,noise
6394863330204,6393299477204,T424,7.2,Hugo Zhou,2025-09-02 12:28:20,noise
6394863330204,6393299477204,T424,12.1,Hugo Zhou,2025-09-01 18:08:47,noise
6394863330204,6392251159617,T424,13.4,Hugo Zhou,2025-08-31 16:10:13,noise
6394863330204,6392251159617,T947,10.6,Hugo Zhou,2025-08-31 04:12:48,noise
6394863330204,6392251159617,T947,11.9,Hugo Zhou,2025-08-30 04:06:57,noise
6394863330204,6393299477204,T947,18.3,Hugo Zhou,2025-08-30 12:10:57,noise
6394863330204,6399722315072,T424,8.3,Hugo Zhou,2025-08-29 23:15:14,noise
6394863330204,6391936644374,T424,17.2,Hugo Zhou,2025-08-29 01:14:50,noise
6394863330204,6392251159617,T424,12.3,Hugo Zhou,2025-08-28 22:16:52,noise
6394863330204,6393299477204,T424,14.7,Hugo Zhou,2025-08-28 17:24:56,noise
6394863330204,6398313094253,T424,11.7,Hugo Zhou,2025-08-27 12:08:49,noise
6394863330204,6392251159617,T424,11.9,Hugo Zhou,2025-08-27 18:00:43,noise
6394863330204,6392251159617,T947,16.4,Hugo Zhou,2025-08-26 17:14:46,noise
6394863330204,6392251159617,T947,34.2,Hugo Zhou,2025-08-26 17:12:13,noise
6394863330204,6391936644374,T947,10.5,Hugo Zhou,2025-08-25 08:10:13,noise
6394863330204,6393299477204,T947,37.9,Hugo Zhou,2025-08-25 20:21:38,noise
6394863330204,6392251159617,T424,14.0,Hugo Zhou,2025-08-24 11:14:30,noise
6394863330204,6391936644374,T424,47.0,Hugo Zhou,2025-08-24 08:19:10,noise
6394863330204,6391936644374,T424,7.9,Hugo Zhou,2025-08-23 14:24:12,noise
6394863330204,6391936644374,T424,37.0,Hugo Zhou,2025-08-23 03:23:16,noise
6394863330204,6398621864419,T424,40.5,Hugo Zhou,2025-08-22 19:15:10,noise
6394863330204,6393511301796,T424,11.5,Hugo Zhou,2025-08-21 17:03:40,noise
6394863330204,6392251159617,T424,15.8,Hugo Zhou,2025-08-20 09:19:57,noise
6394863330204,6391981016678,T424,14.8,Hugo Zhou,2025-08-20 23:01:01,noise
6394863330204,6394334018731,T947,36.6,Hugo Zhou,2025-08-19 18:13:52,noise
6394863330204,6395289242961,T424,11.3,Hugo Zhou,2025-08-19 14:20:27,noise
6394863330204,6393299477204,T424,20.3,Hugo Zhou,2025-08-19 20:12:51,noise
6394863330204,6392251159617,T947,18.4,Hugo Zhou,2025-08-18 11:01:50,noise
6394863330204,6397959530865,T947,13.4,Hugo Zhou,2025-08-18 09:30:29,noise
6394863330204,6393299477204,T947,24.8,Hugo Zhou,2025-08-18 19:22:18,noise
6394863330204,6393299477204,T947,18.2,Hugo Zhou,2025-08-17 17:01:10,noise
6394863330204,6395289242961,T424,16.8,Hugo Zhou,2025-08-16 20:24:02,noise
6394863330204,6392523329605,T424,10.3,Hugo Zhou,2025-08-16 09:13:42,noise
6394863330204,6397907454154,T424,43.3,Hugo Zhou,2025-08-16 08:07:43,noise
6394863330204,6393958914953,T424,7.5,Hugo Zhou,2025-08-15 10:25:54,noise
6394863330204,6391936644374,T947,10.0,Hugo Zhou,2025-08-14 16:23:44,noise
6394863330204,6391936644374,T947,3.2,Hugo Zhou,2025-08-14 04:12:44,noise
6394863330204,6397685492906,T424,40.2,Hugo Zhou,2025-08-13 08:05:31,noise
6394863330204,6393299477204,T424,14.4,Hugo Zhou,2025-08-13 14:25:16,noise
6394863330204,6396168850025,T424,27.0,Hugo Zhou,2025-08-12 23:16:29,noise
6394863330204,6396956367740,T424,51.3,Hugo Zhou,2025-08-12 15:03:38,noise
6394863330204,6391936644374,T424,20.3,Hugo Zhou,2025-08-11 23:17:15,noise
6394863330204,6394369267219,T424,7.6,Hugo Zhou,2025-08-10 05:15:39,noise
6394863330204,6392251159617,T424,7.6,Hugo Zhou,2025-08-09 09:16:14,noise
6394863330204,6391936644374,T947,32.4,Hugo Zhou,2025-08-09 12:08:21,noise
6394863330204,6394863330204,T947,34.8,Hugo Zhou,2025-08-08 21:17:52,noise
6394863330204,6391917476319,T424,72.3,Hugo Zhou,2025-08-08 10:12:39,noise
6394863330204,6392251159617,T424,22.3,Hugo Zhou,2025-08-07 14:14:52,noise
6394863330204,6392251159617,T424,35.3,Hugo Zhou,2025-08-07 13:16:59,noise
6394863330204,6393299477204,T424,19.5,Hugo Zhou,2025-08-06 10:30:29,noise
6394863330204,6399857882871,T424,12.1,Hugo Zhou,2025-08-06 15:29:35,noise
6394863330204,6394334018731,T424,20.8,Hugo Zhou,2025-08-06 20:18:51,noise
6394863330204,6391936644374,T424,27.4,Hugo Zhou,2025-08-05 17:14:52,noise
6394863330204,6393299477204,T424,62.8,Hugo Zhou,2025-08-05 19:20:08,noise
6394863330204,6393299477204,T424,6.1,Hugo Zhou,2025-08-04 09:25:52,noise
6394863330204,6392251159617,T947,18.7,Hugo Zhou,2025-08-04 20:17:14,noise
6395738348726,6392523329605,T531,17.5,Fahad Bakker,2025-10-18 19:05:29,noise
6395738348726,6397959530865,T531,46.1,Fahad Bakker,2025-10-18 19:14:12,noise
6395738348726,6394369267219,T531,13.3,Fahad Bakker,2025-10-18 09:00:56,noise
6395738348726,6396433624746,T393,21.3,Fahad Bakker,2025-10-17 16:05:11,noise
6395738348726,6393958914953,T393,7.9,Fahad Bakker,2025-10-17 11:06:55,noise
6395738348726,6392584159767,T531,45.9,Fahad Bakker,2025-10-17 15:04:19,noise
6395738348726,6394369267219,T531,2.8,Fahad Bakker,2025-10-16 11:25:17,noise
6395738348726,6399857882871,T393,27.2,Fahad Bakker,2025-10-15 09:03:17,noise
6395738348726,6394477195628,T531,6.4,Fahad Bakker,2025-10-15 02:05:22,noise
6395738348726,6396168850025,T531,17.5,Fahad Bakker,2025-10-14 08:29:56,noise
6395738348726,6396433624746,T393,10.3,Fahad Bakker,2025-10-14 08:14:58,noise
6395738348726,6396433624746,T393,15.0,Fahad Bakker,2025-10-14 11:28:40,noise
6395738348726,6394369267219,T393,86.6,Fahad Bakker,2025-10-13 14:03:58,noise
6395738348726,6392609362629,T393,35.4,Fahad Bakker,2025-10-13 13:03:51,noise
6395738348726,6394369267219,T531,13.1,Fahad Bakker,2025-10-13 15:25:11,noise
6395738348726,6396433624746,T393,24.6,Fahad Bakker,2025-10-12 14:14:16,noise
6395738348726,6391981016678,T393,10.9,Fahad Bakker,2025-10-12 00:22:05,noise
6395738348726,6396433624746,T531,14.2,Fahad Bakker,2025-10-11 09:05:59,noise
6395738348726,6396168850025,T531,7.9,Fahad Bakker,2025-10-11 02:12:27,noise
6395738348726,6396168850025,T393,25.7,Fahad Bakker,2025-10-11 16:07:17,noise
6395738348726,6394369267219,T531,21.7,Fahad Bakker,2025-10-10 19:15:55,noise
6395738348726,6396168850025,T531,53.6,Fahad Bakker,2025-10-10 08:20:32,noise
6395738348726,6396168850025,T531,9.2,Fahad Bakker,2025-10-10 20:07:22,noise
6395738348726,6396433624746,T393,18.4,Fahad Bakker,2025-10-09 12:24:39,noise
6395738348726,6396168850025,T531,26.1,Fahad Bakker,2025-10-09 21:06:00,noise
6395738348726,6397959530865,T393,35.0,Fahad Bakker,2025-10-08 09:11:39,noise
6395738348726,6393318640912,T531,18.2,Fahad Bakker,2025-10-08 09:04:40,noise
6395738348726,6397931099268,T393,8.8,Fahad Bakker,2025-10-08 04:09:30,noise
6395738348726,6394369267219,T531,6.8,Fahad Bakker,2025-10-07 22:09:55,noise
6395738348726,6396168850025,T531,8.4,Fahad Bakker,2025-10-07 18:10:39,noise
6395738348726,6396168850025,T393,7.0,Fahad Bakker,2025-10-06 20:30:11,noise
6395738348726,6397515118078,T531,6.4,Fahad Bakker,2025-10-06 21:14:20,noise
6395738348726,6396863262521,T531,75.7,Fahad Bakker,2025-10-05 16:04:10,noise
6395738348726,6399406323212,T531,9.2,Fahad Bakker,2025-10-05 08:06:48,noise
6395738348726,6396433624746,T393,33.1,Fahad Bakker,2025-10-04 14:10:09,noise
6395738348726,6397176014123,T531,28.9,Fahad Bakker,2025-10-04 17:12:02,noise
6395738348726,6394389103334,T531,21.9,Fahad Bakker,2025-10-04 17:29:32,noise
6395738348726,6393958914953,T531,16.2,Fahad Bakker,2025-10-03 12:08:31,noise
6395738348726,6398446041346,T531,7.9,Fahad Bakker,2025-10-03 17:04:37,noise
6395738348726,6396433624746,T393,10.2,Fahad Bakker,2025-10-02 17:22:13,noise
6395738348726,6396168850025,T531,16.9,Fahad Bakker,2025-10-02 17:19:57,noise
6395738348726,6399628559272,T393,10.2,Fahad Bakker,2025-10-01 11:05:35,noise
6395738348726,6396168850025,T531,6.0,Fahad Bakker,2025-10-01 10:15:48,noise
6395738348726,6394369267219,T393,27.3,Fahad Bakker,2025-09-30 11:12:31,noise
6395738348726,6396397246783,T531,22.9,Fahad Bakker,2025-09-30 09:15:36,noise
6395738348726,6396433624746,T393,11.8,Fahad Bakker,2025-09-29 10:14:11,noise
6395738348726,6396433624746,T531,11.0,Fahad Bakker,2025-09-29 02:22:46,noise
6395738348726,6392944941518,T393,19.1,Fahad Bakker,2025-09-29 20:12:21,noise
6395738348726,6394781266670,T393,21.7,Fahad Bakker,2025-09-28 12:14:12,noise
6395738348726,6394369267219,T531,15.7,Fahad Bakker,2025-09-28 02:21:01,noise
6395738348726,6394369267219,T393,82.9,Fahad Bakker,2025-09-27 11:26:57,noise
6395738348726,6399961796941,T393,1.8,Fahad Bakker,2025-09-27 18:25:01,noise
6395738348726,6391644392848,T393,11.3,Fahad Bakker,2025-09-26 11:08:04,noise
6395738348726,6396433624746,T393,10.6,Fahad Bakker,2025-09-26 20:01:36,noise
6395738348726,6393511301796,T393,7.5,Fahad Bakker,2025-09-25 03:07:53,noise
6395738348726,6394369267219,T531,6.3,Fahad Bakker,2025-09-25 10:17:07,noise
6395738348726,6396168850025,T393,45.3,Fahad Bakker,2025-09-24 10:11:32,noise
6395738348726,6394369267219,T531,49.6,Fahad Bakker,2025-09-24 20:04:23,noise
6395738348726,6399857882871,T393,13.8,Fahad Bakker,2025-09-24 11:08:25,noise
6395738348726,6396168850025,T531,43.6,Fahad Bakker,2025-09-23 13:15:54,noise
6395738348726,6394369267219,T531,24.2,Fahad Bakker,2025-09-23 16:22:57,noise
6395738348726,6396168850025,T393,31.1,Fahad Bakker,2025-09-22 16:28:01,noise
6395738348726,6393502849379,T393,32.0,Fahad Bakker,2025-09-22 13:10:10,noise
6395738348726,6396284057733,T393,15.4,Fahad Bakker,2025-09-21 16:27:34,noise
6395738348726,6396433624746,T393,24.5,Fahad Bakker,2025-09-20 08:18:09,noise
6395738348726,6396168850025,T531,11.9,Fahad Bakker,2025-09-20 19:24:53,noise
6395738348726,6396433624746,T531,6.5,Fahad Bakker,2025-09-19 13:24:24,noise
6395738348726,6396168850025,T531,11.4,Fahad Bakker,2025-09-19 21:19:30,noise
6395738348726,6396168850025,T531,6.1,Fahad Bakker,2025-09-18 10:26:11,noise
6395738348726,6397345443862,T531,44.5,Fahad Bakker,2025-09-18 14:02:36,noise
6395738348726,6394855637596,T531,22.8,Fahad Bakker,2025-09-17 19:06:23,noise
6395738348726,6396168850025,T393,7.4,Fahad Bakker,2025-09-17 09:25:26,noise
6395738348726,6396433624746,T531,9.0,Fahad Bakker,2025-09-17 08:15:22,noise
6395738348726,6396433624746,T393,16.7,Fahad Bakker,2025-09-16 15:24:42,noise
6395738348726,6397872153794,T531,14.6,Fahad Bakker,2025-09-16 12:22:45,noise
6395738348726,6394369267219,T393,2.9,Fahad Bakker,2025-09-15 12:04:32,noise
6395738348726,6396433624746,T531,11.2,Fahad Bakker,2025-09-15 10:10:11,noise
6395738348726,6396168850025,T531,22.5,Fahad Bakker,2025-09-15 19:13:56,noise
6395738348726,6396168850025,T531,31.9,Fahad Bakker,2025-09-14 14:00:37,noise
6395738348726,6391847085587,T531,11.9,Fahad Bakker,2025-09-14 12:02:45,noise
6395738348726,6391296649512,T531,2.8,Fahad Bakker,2025-09-13 12:04:26,noise
6395738348726,6394369267219,T531,5.7,Fahad Bakker,2025-09-13 14:28:21,noise
6395738348726,6394369267219,T393,25.1,Fahad Bakker,2025-09-12 19:04:44,noise
6395738348726,6394369267219,T531,5.6,Fahad Bakker,2025-09-11 10:15:58,noise
6395738348726,6396433624746,T531,19.0,Fahad Bakker,2025-09-11 21:10:33,noise
6395738348726,6391678940428,T531,11.8,Fahad Bakker,2025-09-10 13:06:47,noise
6395738348726,6396168850025,T531,42.4,Fahad Bakker,2025-09-10 20:11:10,noise
6395738348726,6394369267219,T531,12.5,Fahad Bakker,2025-09-09 23:08:28,noise
6395738348726,6396433624746,T531,14.2,Fahad Bakker,2025-09-09 08:03:27,noise
6395738348726,6399857882871,T393,28.8,Fahad Bakker,2025-09-09 11:16:27,noise
6395738348726,6394369267219,T393,6.9,Fahad Bakker,2025-09-08 17:04:27,noise
6395738348726,6398645236008,T393,13.8,Fahad Bakker,2025-09-08 19:15:02,noise
6395738348726,6396433624746,T393,21.1,Fahad Bakker,2025-09-07 04:07:00,noise
6395738348726,6396863262521,T531,29.0,Fahad Bakker,2025-09-07 14:16:30,noise
6395738348726,6396433624746,T531,28.4,Fahad Bakker,2025-09-06 14:13:53,noise
6395738348726,6398621864419,T393,20.4,Fahad Bakker,2025-09-05 03:04:37,noise
6395738348726,6394369267219,T393,14.6,Fahad Bakker,2025-09-05 20:13:40,noise
6395738348726,6397931099268,T393,4.6,Fahad Bakker,2025-09-04 14:10:36,noise
6395738348726,6391294572959,T531,9.1,Fahad Bakker,2025-09-04 08:27:08,noise
6395738348726,6394018894269,T393,4.1,Fahad Bakker,2025-09-03 20:27:50,noise
6395738348726,6395574777798,T393,30.9,Fahad Bakker,2025-09-03 22:10:14,noise
6395738348726,6396433624746,T531,5.0,Fahad Bakker,2025-09-03 17:17:24,noise
6395738348726,6394369267219,T531,4.6,Fahad Bakker,2025-09-02 15:24:13,noise
6395738348726,6396433624746,T531,40.2,Fahad Bakker,2025-09-02 22:03:54,noise
6395738348726,6396168850025,T531,7.8,Fahad Bakker,2025-09-01 18:14:48,noise
6395738348726,6396433624746,T531,19.9,Fahad Bakker,2025-09-01 09:24:31,noise
6395738348726,6396433624746,T531,24.1,Fahad Bakker,2025-08-31 22:20:04,noise
6395738348726,6396168850025,T531,14.8,Fahad Bakker,2025-08-31 18:22:21,noise
6395738348726,6396168850025,T531,42.9,Fahad Bakker,2025-08-30 00:10:23,noise
6395738348726,6394369267219,T531,23.8,Fahad Bakker,2025-08-30 16:06:10,noise
6395738348726,6399562839233,T393,11.8,Fahad Bakker,2025-08-29 10:02:53,noise
6395738348726,6396433624746,T393,26.5,Fahad Bakker,2025-08-29 02:22:43,noise
6395738348726,6396168850025,T393,12.5,Fahad Bakker,2025-08-28 11:11:58,noise
6395738348726,6396168850025,T531,9.2,Fahad Bakker,2025-08-27 14:10:44,noise
6395738348726,6395557270185,T531,2.9,Fahad Bakker,2025-08-27 16:01:42,noise
6395738348726,6395289242961,T393,7.9,Fahad Bakker,2025-08-26 15:06:18,noise
6395738348726,6396168850025,T531,21.6,Fahad Bakker,2025-08-26 13:20:14,noise
6395738348726,6396433624746,T393,19.4,Fahad Bakker,2025-08-25 10:03:45,noise
6395738348726,6397654503285,T531,16.8,Fahad Bakker,2025-08-24 09:01:25,noise
6395738348726,6396168850025,T393,12.5,Fahad Bakker,2025-08-23 23:20:15,noise
6395738348726,6396433624746,T393,4.7,Fahad Bakker,2025-08-23 19:12:23,noise
6395738348726,6396433624746,T393,12.0,Fahad Bakker,2025-08-23 16:23:23,noise
6395738348726,6396168850025,T393,20.8,Fahad Bakker,2025-08-22 11:11:15,noise
6395738348726,6396433624746,T393,14.2,Fahad Bakker,2025-08-22 09:17:52,noise
6395738348726,6396433624746,T393,9.4,Fahad Bakker,2025-08-21 18:03:16,noise
6395738348726,6396168850025,T393,21.3,Fahad Bakker,2025-08-21 18:10:52,noise
6395738348726,6392623441780,T393,65.8,Fahad Bakker,2025-08-20 08:08:55,noise
6395738348726,6399119973715,T393,25.5,Fahad Bakker,2025-08-20 21:09:31,noise
6395738348726,6396397246783,T393,14.0,Fahad Bakker,2025-08-19 17:22:40,noise
6395738348726,6396433624746,T531,32.0,Fahad Bakker,2025-08-19 14:04:21,noise
6395738348726,6394369267219,T531,7.0,Fahad Bakker,2025-08-18 14:23:03,noise
6395738348726,6395464499442,T531,13.2,Fahad Bakker,2025-08-18 11:17:38,noise
6395738348726,6398446041346,T531,25.1,Fahad Bakker,2025-08-17 17:04:49,noise
6395738348726,6396433624746,T531,38.0,Fahad Bakker,2025-08-17 12:14:04,noise
6395738348726,6396168850025,T393,53.8,Fahad Bakker,2025-08-17 12:03:57,noise
6395738348726,6394369267219,T393,39.1,Fahad Bakker,2025-08-16 20:02:21,noise
6395738348726,6396168850025,T393,8.1,Fahad Bakker,2025-08-16 16:19:48,noise
6395738348726,6393502849379,T393,40.1,Fahad Bakker,2025-08-16 18:22:45,noise
6395738348726,6394369267219,T531,22.9,Fahad Bakker,2025-08-15 00:09:58,noise
6395738348726,6396168850025,T393,5.9,Fahad Bakker,2025-08-14 18:17:46,noise
6395738348726,6392182204871,T393,9.0,Fahad Bakker,2025-08-14 19:28:34,noise
6395738348726,6396433624746,T393,5.4,Fahad Bakker,2025-08-13 20:26:24,noise
6395738348726,6392944941518,T531,23.2,Fahad Bakker,2025-08-13 20:08:53,noise
6395738348726,6396433624746,T531,30.8,Fahad Bakker,2025-08-12 14:03:29,noise
6395738348726,6394995994848,T531,21.2,Fahad Bakker,2025-08-11 14:02:57,noise
6395738348726,6396433624746,T393,8.4,Fahad Bakker,2025-08-11 21:20:10,noise
6395738348726,6395574777798,T531,13.0,Fahad Bakker,2025-08-10 18:22:32,noise
6395738348726,6396433624746,T393,31.0,Fahad Bakker,2025-08-10 12:19:51,noise
6395738348726,6396433624746,T531,9.3,Fahad Bakker,2025-08-10 20:27:24,noise
6395738348726,6394369267219,T531,24.7,Fahad Bakker,2025-08-09 17:09:28,noise
6395738348726,6396168850025,T393,19.7,Fahad Bakker,2025-08-09 09:26:35,noise
6395738348726,6394701982874,T531,35.9,Fahad Bakker,2025-08-09 21:20:57,noise
6395738348726,6392944941518,T393,3.5,Fahad Bakker,2025-08-08 08:10:27,noise
6395738348726,6394369267219,T393,9.1,Fahad Bakker,2025-08-07 10:26:15,noise
6395738348726,6396168850025,T531,6.3,Fahad Bakker,2025-08-06 10:17:09,noise
6395738348726,6393474215565,T531,17.0,Fahad Bakker,2025-08-06 20:00:14,noise
6395738348726,6396168850025,T531,14.5,Fahad Bakker,2025-08-05 12:00:01,noise
6395738348726,6394369267219,T531,26.7,Fahad Bakker,2025-08-04 20:01:02,noise
6395738348726,6396433624746,T393,22.6,Fahad Bakker,2025-08-04 05:22:02,noise
6398645236008,6399042725763,T298,26.4,Noah Unger,2025-10-18 05:22:04,noise
6398645236008,6396212810153,T298,11.4,Noah Unger,2025-10-18 01:01:46,noise
6398645236008,6391847085587,T298,20.9,Noah Unger,2025-10-17 17:22:04,noise
6398645236008,6395104602062,T298,10.4,Noah Unger,2025-10-17 19:04:22,noise
6398645236008,6399042725763,T298,34.7,Noah Unger,2025-10-17 17:29:19,noise
6398645236008,6399042725763,T304,6.3,Noah Unger,2025-10-16 20:25:34,noise
6398645236008,6391847085587,T298,23.0,Noah Unger,2025-10-16 20:08:50,noise
6398645236008,6391981016678,T298,10.3,Noah Unger,2025-10-15 13:10:56,noise
6398645236008,6391847085587,T298,12.4,Noah Unger,2025-10-14 21:19:22,noise
6398645236008,6391847085587,T298,103.3,Noah Unger,2025-10-14 16:13:31,noise
6398645236008,6399042725763,T298,13.6,Noah Unger,2025-10-13 13:12:50,noise
6398645236008,6391981016678,T304,17.8,Noah Unger,2025-10-13 15:14:55,noise
6398645236008,6391644392848,T304,39.8,Noah Unger,2025-10-12 12:00:43,noise
6398645236008,6392251159617,T298,22.6,Noah Unger,2025-10-12 10:14:03,noise
6398645236008,6399042725763,T298,16.5,Noah Unger,2025-10-11 22:06:40,noise
6398645236008,6399042725763,T304,15.8,Noah Unger,2025-10-11 13:22:09,noise
6398645236008,6391847085587,T298,15.0,Noah Unger,2025-10-11 02:05:05,noise
6398645236008,6391981016678,T298,19.7,Noah Unger,2025-10-10 14:27:59,noise
6398645236008,6391981016678,T298,35.9,Noah Unger,2025-10-10 12:15:05,noise
6398645236008,6395863306424,T298,29.8,Noah Unger,2025-10-10 12:28:21,noise
6398645236008,6391981016678,T304,18.8,Noah Unger,2025-10-09 17:09:46,noise
6398645236008,6399042725763,T298,20.6,Noah Unger,2025-10-09 16:15:51,noise
6398645236008,6399042725763,T298,24.6,Noah Unger,2025-10-09 11:03:02,noise
6398645236008,6399042725763,T298,16.6,Noah Unger,2025-10-08 11:09:28,noise
6398645236008,6397515118078,T298,29.1,Noah Unger,2025-10-08 14:26:59,noise
6398645236008,6395447757108,T304,7.8,Noah Unger,2025-10-07 08:30:35,noise
6398645236008,6395738348726,T304,5.0,Noah Unger,2025-10-07 22:25:58,noise
6398645236008,6391054941178,T298,11.0,Noah Unger,2025-10-06 11:28:04,noise
6398645236008,6399042725763,T298,164.9,Noah Unger,2025-10-05 13:15:02,noise
6398645236008,6391847085587,T304,40.8,Noah Unger,2025-10-04 20:22:39,noise
6398645236008,6399042725763,T304,8.8,Noah Unger,2025-10-04 20:17:47,noise
6398645236008,6394477195628,T304,15.6,Noah Unger,2025-10-04 17:21:49,noise
6398645236008,6391847085587,T304,24.2,Noah Unger,2025-10-03 15:12:34,noise
6398645236008,6391847085587,T298,21.4,Noah Unger,2025-10-03 02:16:53,noise
6398645236008,6393318640912,T298,19.4,Noah Unger,2025-10-03 08:30:24,noise
6398645236008,6391981016678,T298,9.1,Noah Unger,2025-10-02 20:24:31,noise
6398645236008,6399042725763,T304,27.9,Noah Unger,2025-10-01 20:14:55,noise
6398645236008,6391917476319,T298,4.6,Noah Unger,2025-09-30 14:00:30,noise
6398645236008,6399628559272,T304,15.7,Noah Unger,2025-09-30 18:18:48,noise
6398645236008,6391981016678,T298,38.7,Noah Unger,2025-09-29 09:12:01,noise
6398645236008,6397931099268,T298,37.4,Noah Unger,2025-09-29 12:06:14,noise
6398645236008,6398584437466,T304,19.6,Noah Unger,2025-09-28 01:02:03,noise
6398645236008,6393299477204,T298,27.3,Noah Unger,2025-09-27 15:28:11,noise
6398645236008,6399042725763,T298,45.5,Noah Unger,2025-09-26 05:28:07,noise
6398645236008,6398096864787,T298,20.8,Noah Unger,2025-09-26 13:13:05,noise
6398645236008,6398621864419,T304,38.5,Noah Unger,2025-09-25 17:28:19,noise
6398645236008,6391981016678,T298,29.2,Noah Unger,2025-09-25 18:28:51,noise
6398645236008,6399042725763,T298,16.2,Noah Unger,2025-09-24 18:20:03,noise
6398645236008,6393299477204,T304,20.1,Noah Unger,2025-09-24 08:01:09,noise
6398645236008,6391981016678,T298,13.1,Noah Unger,2025-09-23 09:18:13,noise
6398645236008,6394285686989,T304,10.6,Noah Unger,2025-09-23 14:00:38,noise
6398645236008,6396212810153,T298,8.1,Noah Unger,2025-09-22 12:24:59,noise
6398645236008,6391847085587,T304,4.7,Noah Unger,2025-09-22 18:08:57,noise
6398645236008,6391644392848,T298,9.5,Noah Unger,2025-09-22 18:25:47,noise
6398645236008,6399042725763,T298,25.3,Noah Unger,2025-09-21 10:05:48,noise
6398645236008,6399042725763,T298,37.9,Noah Unger,2025-09-21 09:30:46,noise
6398645236008,6391847085587,T298,12.4,Noah Unger,2025-09-20 20:26:23,noise
6398645236008,6399042725763,T298,42.5,Noah Unger,2025-09-19 13:10:50,noise
6398645236008,6399042725763,T304,22.8,Noah Unger,2025-09-19 09:23:04,noise
6398645236008,6395277555081,T298,77.8,Noah Unger,2025-09-19 21:20:30,noise
6398645236008,6391678940428,T298,12.9,Noah Unger,2025-09-18 22:26:43,noise
6398645236008,6391847085587,T298,6.5,Noah Unger,2025-09-18 20:18:56,noise
6398645236008,6391981016678,T304,17.6,Noah Unger,2025-09-17 17:26:44,noise
6398645236008,6395104602062,T298,27.4,Noah Unger,2025-09-17 15:02:27,noise
6398645236008,6399042725763,T298,26.8,Noah Unger,2025-09-16 10:10:10,noise
6398645236008,6399042725763,T304,23.4,Noah Unger,2025-09-16 22:12:10,noise
6398645236008,6399042725763,T304,18.1,Noah Unger,2025-09-15 23:07:36,noise
6398645236008,6391981016678,T298,6.0,Noah Unger,2025-09-14 20:06:12,noise
6398645236008,6391847085587,T298,27.4,Noah Unger,2025-09-13 13:00:22,noise
6398645236008,6391981016678,T304,7.5,Noah Unger,2025-09-13 10:28:45,noise
6398645236008,6399042725763,T298,42.8,Noah Unger,2025-09-13 13:21:37,noise
6398645236008,6399042725763,T298,34.6,Noah Unger,2025-09-12 10:09:25,noise
6398645236008,6391024970537,T304,13.2,Noah Unger,2025-09-12 18:10:31,noise
6398645236008,6391981016678,T298,24.6,Noah Unger,2025-09-11 23:27:50,noise
6398645236008,6391981016678,T298,7.1,Noah Unger,2025-09-10 16:05:27,noise
6398645236008,6399042725763,T304,6.1,Noah Unger,2025-09-09 18:25:32,noise
6398645236008,6391981016678,T304,4.3,Noah Unger,2025-09-09 22:02:21,noise
6398645236008,6397357048476,T298,3.5,Noah Unger,2025-09-09 11:26:20,noise
6398645236008,6391981016678,T298,11.7,Noah Unger,2025-09-08 15:19:34,noise
6398645236008,6391847085587,T298,4.9,Noah Unger,2025-09-08 17:28:32,noise
6398645236008,6399042725763,T298,8.3,Noah Unger,2025-09-07 19:17:17,noise
6398645236008,6391847085587,T304,26.1,Noah Unger,2025-09-07 00:06:11,noise
6398645236008,6398584437466,T304,29.3,Noah Unger,2025-09-06 13:14:41,noise
6398645236008,6393502849379,T298,14.9,Noah Unger,2025-09-05 14:12:50,noise
6398645236008,6392584159767,T298,17.1,Noah Unger,2025-09-05 19:21:22,noise
6398645236008,6391981016678,T304,16.5,Noah Unger,2025-09-04 08:24:00,noise
6398645236008,6399042725763,T304,19.5,Noah Unger,2025-09-04 10:23:31,noise
6398645236008,6391847085587,T304,18.2,Noah Unger,2025-09-03 15:03:13,noise
6398645236008,6399042725763,T304,38.3,Noah Unger,2025-09-02 09:02:05,noise
6398645236008,6393474215565,T304,41.3,Noah Unger,2025-09-02 08:04:04,noise
6398645236008,6391847085587,T304,5.9,Noah Unger,2025-09-02 03:25:06,noise
6398645236008,6396609601602,T304,15.3,Noah Unger,2025-09-01 17:06:56,noise
6398645236008,6395277555081,T304,19.3,Noah Unger,2025-09-01 10:09:30,noise
6398645236008,6392609362629,T298,17.3,Noah Unger,2025-08-31 17:08:29,noise
6398645236008,6391981016678,T298,8.8,Noah Unger,2025-08-30 17:20:30,noise
6398645236008,6391847085587,T298,13.4,Noah Unger,2025-08-30 18:18:50,noise
6398645236008,6399042725763,T304,17.9,Noah Unger,2025-08-30 11:16:09,noise
6398645236008,6391936644374,T298,12.7,Noah Unger,2025-08-29 10:16:32,noise
6398645236008,6399628559272,T298,8.6,Noah Unger,2025-08-29 22:13:16,noise
6398645236008,6391847085587,T298,40.6,Noah Unger,2025-08-28 10:22:40,noise
6398645236008,6399042725763,T298,18.6,Noah Unger,2025-08-28 13:28:25,noise
6398645236008,6395464499442,T304,13.2,Noah Unger,2025-08-27 21:09:00,noise
6398645236008,6391981016678,T304,16.5,Noah Unger,2025-08-26 08:26:20,noise
6398645236008,6398313094253,T298,11.3,Noah Unger,2025-08-26 16:21:28,noise
6398645236008,6391847085587,T298,8.2,Noah Unger,2025-08-25 04:28:49,noise
6398645236008,6399042725763,T298,32.0,Noah Unger,2025-08-25 19:27:47,noise
6398645236008,6395388614739,T298,21.6,Noah Unger,2025-08-24 10:03:34,noise
6398645236008,6399042725763,T304,23.2,Noah Unger,2025-08-24 14:06:26,noise
6398645236008,6399042725763,T298,37.9,Noah Unger,2025-08-24 15:09:58,noise
6398645236008,6394334018731,T298,14.7,Noah Unger,2025-08-23 23:15:21,noise
6398645236008,6391847085587,T298,9.4,Noah Unger,2025-08-23 05:29:22,noise
6398645236008,6391847085587,T304,21.4,Noah Unger,2025-08-22 18:08:07,noise
6398645236008,6391981016678,T298,21.7,Noah Unger,2025-08-22 11:27:54,noise
6398645236008,6397685492906,T304,15.8,Noah Unger,2025-08-21 16:05:22,noise
6398645236008,6392944941518,T298,34.3,Noah Unger,2025-08-20 19:06:51,noise
6398645236008,6395464499442,T304,15.4,Noah Unger,2025-08-20 09:05:22,noise
6398645236008,6391981016678,T304,11.5,Noah Unger,2025-08-19 22:23:00,noise
6398645236008,6391847085587,T298,8.9,Noah Unger,2025-08-19 03:28:08,noise
6398645236008,6399697255231,T298,32.7,Noah Unger,2025-08-19 13:07:45,noise
6398645236008,6397169427647,T304,35.4,Noah Unger,2025-08-18 00:14:23,noise
6398645236008,6394477195628,T298,11.9,Noah Unger,2025-08-18 20:27:36,noise
6398645236008,6391981016678,T298,9.5,Noah Unger,2025-08-17 15:15:32,noise
6398645236008,6391644392848,T298,30.2,Noah Unger,2025-08-17 10:06:10,noise
6398645236008,6399042725763,T298,8.1,Noah Unger,2025-08-16 18:26:44,noise
6398645236008,6391847085587,T304,16.6,Noah Unger,2025-08-16 09:03:39,noise
6398645236008,6391847085587,T298,9.5,Noah Unger,2025-08-15 03:22:59,noise
6398645236008,6391847085587,T298,30.2,Noah Unger,2025-08-15 23:01:22,noise
6398645236008,6391981016678,T304,10.4,Noah Unger,2025-08-15 09:01:32,noise
6398645236008,6398446041346,T304,62.7,Noah Unger,2025-08-14 15:00:49,noise
6398645236008,6391981016678,T304,15.3,Noah Unger,2025-08-14 12:13:30,noise
6398645236008,6391678940428,T298,43.2,Noah Unger,2025-08-13 16:23:21,noise
6398645236008,6391981016678,T298,25.1,Noah Unger,2025-08-13 18:00:01,noise
6398645236008,6391847085587,T304,12.6,Noah Unger,2025-08-12 05:20:14,noise
6398645236008,6394602944141,T298,29.7,Noah Unger,2025-08-12 21:11:56,noise
6398645236008,6391981016678,T304,10.1,Noah Unger,2025-08-12 13:07:34,noise
6398645236008,6399042725763,T298,16.5,Noah Unger,2025-08-11 17:21:11,noise
6398645236008,6394018894269,T298,13.7,Noah Unger,2025-08-11 15:00:56,noise
6398645236008,6397931099268,T304,5.0,Noah Unger,2025-08-10 08:05:03,noise
6398645236008,6399042725763,T298,5.3,Noah Unger,2025-08-10 13:30:12,noise
6398645236008,6391847085587,T304,26.5,Noah Unger,2025-08-10 11:23:16,noise
6398645236008,6391847085587,T298,15.3,Noah Unger,2025-08-09 09:27:16,noise
6398645236008,6391981016678,T304,15.4,Noah Unger,2025-08-08 09:01:48,noise
6398645236008,6399697255231,T298,9.5,Noah Unger,2025-08-07 13:11:00,noise
6398645236008,6391847085587,T304,10.1,Noah Unger,2025-08-07 09:15:04,noise
6398645236008,6391054941178,T298,15.3,Noah Unger,2025-08-07 09:07:01,noise
6398645236008,6391054941178,T304,14.3,Noah Unger,2025-08-06 17:06:57,noise
6398645236008,6391981016678,T298,9.0,Noah Unger,2025-08-05 21:00:26,noise
6398645236008,6391981016678,T304,40.2,Noah Unger,2025-08-05 23:26:10,noise
6398645236008,6391847085587,T304,3.2,Noah Unger,2025-08-04 17:30:26,noise
6395277555081,6394995994848,T224,13.9,Omar Gomes,2025-10-18 01:14:15,noise
6395277555081,6391936644374,T224,50.6,Omar Gomes,2025-10-18 14:22:46,noise
6395277555081,6394995994848,T224,6.4,Omar Gomes,2025-10-17 23:01:50,noise
6395277555081,6391936644374,T224,15.5,Omar Gomes,2025-10-17 01:09:17,noise
6395277555081,6391936644374,T224,36.6,Omar Gomes,2025-10-16 19:08:23,noise
6395277555081,6391936644374,T110,25.1,Omar Gomes,2025-10-16 09:09:10,noise
6395277555081,6397685492906,T110,22.5,Omar Gomes,2025-10-16 17:10:10,noise
6395277555081,6397317313563,T224,18.4,Omar Gomes,2025-10-15 21:28:13,noise
6395277555081,6394995994848,T224,11.9,Omar Gomes,2025-10-15 09:20:35,noise
6395277555081,6394995994848,T224,52.6,Omar Gomes,2025-10-15 01:17:32,noise
6395277555081,6394995994848,T224,11.3,Omar Gomes,2025-10-14 00:26:16,noise
6395277555081,6394701982874,T110,15.7,Omar Gomes,2025-10-14 17:03:47,noise
6395277555081,6394995994848,T110,9.2,Omar Gomes,2025-10-13 09:22:01,noise
6395277555081,6394995994848,T110,14.6,Omar Gomes,2025-10-12 13:24:17,noise
6395277555081,6397685492906,T224,45.2,Omar Gomes,2025-10-12 18:14:54,noise
6395277555081,6394995994848,T224,26.4,Omar Gomes,2025-10-12 09:06:53,noise
6395277555081,6392385746157,T110,30.0,Omar Gomes,2025-10-11 15:29:16,noise
6395277555081,6391936644374,T224,8.2,Omar Gomes,2025-10-11 13:24:38,noise
6395277555081,6397176014123,T110,24.2,Omar Gomes,2025-10-11 14:04:02,noise
6395277555081,6391936644374,T224,11.4,Omar Gomes,2025-10-10 04:30:19,noise
6395277555081,6392609362629,T224,7.7,Omar Gomes,2025-10-09 10:25:17,noise
6395277555081,6397671860113,T110,15.5,Omar Gomes,2025-10-09 18:29:02,noise
6395277555081,6391697329269,T224,9.2,Omar Gomes,2025-10-08 12:10:43,noise
6395277555081,6391936644374,T224,11.1,Omar Gomes,2025-10-08 14:21:16,noise
6395277555081,6397931099268,T224,11.3,Omar Gomes,2025-10-07 01:03:36,noise
6395277555081,6394855637596,T224,15.7,Omar Gomes,2025-10-06 16:17:40,noise
6395277555081,6396397246783,T110,7.7,Omar Gomes,2025-10-06 15:30:57,noise
6395277555081,6397685492906,T110,21.7,Omar Gomes,2025-10-05 19:21:14,noise
6395277555081,6395738348726,T224,76.6,Omar Gomes,2025-10-05 14:12:39,noise
6395277555081,6394995994848,T110,20.4,Omar Gomes,2025-10-04 18:11:16,noise
6395277555081,6394995994848,T110,9.2,Omar Gomes,2025-10-03 12:22:03,noise
6395277555081,6395574777798,T110,9.7,Omar Gomes,2025-10-03 00:11:49,noise
6395277555081,6392251159617,T224,9.6,Omar Gomes,2025-10-03 13:01:26,noise
6395277555081,6393502849379,T110,55.9,Omar Gomes,2025-10-02 20:21:53,noise
6395277555081,6394995994848,T224,61.1,Omar Gomes,2025-10-02 21:26:48,noise
6395277555081,6396609601602,T224,22.1,Omar Gomes,2025-10-01 11:19:16,noise
6395277555081,6399562839233,T224,15.6,Omar Gomes,2025-10-01 05:08:49,noise
6395277555081,6395863306424,T224,14.4,Omar Gomes,2025-10-01 19:06:02,noise
6395277555081,6395464499442,T110,29.1,Omar Gomes,2025-09-30 16:01:56,noise
6395277555081,6394995994848,T224,23.2,Omar Gomes,2025-09-30 19:00:01,noise
6395277555081,6397424123950,T110,6.2,Omar Gomes,2025-09-29 14:08:07,noise
6395277555081,6391936644374,T110,13.7,Omar Gomes,2025-09-29 15:28:54,noise
6395277555081,6391936644374,T110,4.6,Omar Gomes,2025-09-28 12:12:47,noise
6395277555081,6395277555081,T224,22.8,Omar Gomes,2025-09-27 19:05:33,noise
6395277555081,6398313094253,T224,45.8,Omar Gomes,2025-09-27 23:26:52,noise
6395277555081,6391936644374,T224,40.6,Omar Gomes,2025-09-26 12:25:48,noise
6395277555081,6394855637596,T224,36.5,Omar Gomes,2025-09-26 14:07:48,noise
6395277555081,6391936644374,T110,16.0,Omar Gomes,2025-09-25 17:12:27,noise
6395277555081,6391917476319,T224,14.8,Omar Gomes,2025-09-25 08:02:25,noise
6395277555081,6397685492906,T110,13.8,Omar Gomes,2025-09-24 14:30:54,noise
6395277555081,6391936644374,T224,10.0,Omar Gomes,2025-09-23 16:15:21,noise
6395277555081,6391936644374,T224,30.5,Omar Gomes,2025-09-23 15:15:46,noise
6395277555081,6391936644374,T110,12.8,Omar Gomes,2025-09-22 11:07:09,noise
6395277555081,6391936644374,T224,13.2,Omar Gomes,2025-09-22 00:24:33,noise
6395277555081,6391936644374,T224,67.5,Omar Gomes,2025-09-22 16:19:23,noise
6395277555081,6393502849379,T110,6.6,Omar Gomes,2025-09-21 21:05:21,noise
6395277555081,6395104602062,T110,29.9,Omar Gomes,2025-09-21 14:09:06,noise
6395277555081,6399828853050,T224,9.0,Omar Gomes,2025-09-20 16:24:35,noise
6395277555081,6397685492906,T224,17.7,Omar Gomes,2025-09-19 16:07:06,noise
6395277555081,6391936644374,T224,15.9,Omar Gomes,2025-09-18 11:11:46,noise
6395277555081,6399697255231,T110,36.8,Omar Gomes,2025-09-18 16:00:57,noise
6395277555081,6397685492906,T110,4.8,Omar Gomes,2025-09-18 01:27:10,noise
6395277555081,6394995994848,T224,43.5,Omar Gomes,2025-09-17 12:15:32,noise
6395277555081,6398621864419,T224,4.2,Omar Gomes,2025-09-17 19:10:44,noise
6395277555081,6398389473157,T224,11.4,Omar Gomes,2025-09-16 14:03:08,noise
6395277555081,6397685492906,T224,9.2,Omar Gomes,2025-09-15 10:14:05,noise
6395277555081,6391936644374,T224,20.4,Omar Gomes,2025-09-15 10:21:21,noise
6395277555081,6397398372383,T110,5.6,Omar Gomes,2025-09-14 08:30:56,noise
6395277555081,6394995994848,T110,10.2,Omar Gomes,2025-09-14 19:12:14,noise
6395277555081,6391296649512,T110,24.5,Omar Gomes,2025-09-14 14:12:03,noise
6395277555081,6392609362629,T110,17.6,Omar Gomes,2025-09-13 18:17:49,noise
6395277555081,6397424123950,T224,4.7,Omar Gomes,2025-09-13 19:15:05,noise
6395277555081,6397685492906,T224,21.0,Omar Gomes,2025-09-12 20:13:23,noise
6395277555081,6397685492906,T224,7.0,Omar Gomes,2025-09-12 10:20:53,noise
6395277555081,6394995994848,T224,23.6,Omar Gomes,2025-09-11 10:18:24,noise
6395277555081,6391936644374,T224,26.1,Omar Gomes,2025-09-10 19:30:04,noise
6395277555081,6393299477204,T224,9.2,Omar Gomes,2025-09-10 11:11:17,noise
6395277555081,6391936644374,T224,3.2,Omar Gomes,2025-09-09 20:17:57,noise
6395277555081,6397685492906,T224,27.9,Omar Gomes,2025-09-08 16:07:04,noise
6395277555081,6397685492906,T110,23.2,Omar Gomes,2025-09-08 19:09:27,noise
6395277555081,6397685492906,T224,8.6,Omar Gomes,2025-09-07 19:03:28,noise
6395277555081,6395464499442,T110,53.8,Omar Gomes,2025-09-07 10:11:31,noise
6395277555081,6391936644374,T224,15.5,Omar Gomes,2025-09-07 17:30:31,noise
6395277555081,6391981016678,T224,13.4,Omar Gomes,2025-09-06 16:13:13,noise
6395277555081,6397685492906,T110,18.8,Omar Gomes,2025-09-06 17:28:41,noise
6395277555081,6394995994848,T224,6.2,Omar Gomes,2025-09-05 14:11:52,noise
6395277555081,6398175003577,T224,39.3,Omar Gomes,2025-09-05 13:07:40,noise
6395277555081,6391936644374,T224,53.1,Omar Gomes,2025-09-04 05:20:57,noise
6395277555081,6394602944141,T224,23.2,Omar Gomes,2025-09-04 09:09:12,noise
6395277555081,6397685492906,T224,8.3,Omar Gomes,2025-09-04 12:21:44,noise
6395277555081,6397654503285,T224,29.7,Omar Gomes,2025-09-03 08:10:57,noise
6395277555081,6391936644374,T224,6.7,Omar Gomes,2025-09-02 20:08:01,noise
6395277555081,6393502849379,T110,3.6,Omar Gomes,2025-09-02 16:18:50,noise
6395277555081,6397685492906,T224,10.2,Omar Gomes,2025-09-01 10:07:49,noise
6395277555081,6397872153794,T224,11.2,Omar Gomes,2025-09-01 10:16:50,noise
6395277555081,6392691285953,T110,167.2,Omar Gomes,2025-08-31 17:29:28,noise
6395277555081,6391936644374,T110,8.2,Omar Gomes,2025-08-31 09:23:35,noise
6395277555081,6394995994848,T224,4.9,Omar Gomes,2025-08-30 13:12:52,noise
6395277555081,6394995994848,T110,11.0,Omar Gomes,2025-08-29 20:23:37,noise
6395277555081,6397685492906,T110,38.6,Omar Gomes,2025-08-29 04:25:07,noise
6395277555081,6391644392848,T224,39.5,Omar Gomes,2025-08-28 18:25:48,noise
6395277555081,6391936644374,T110,20.2,Omar Gomes,2025-08-28 08:17:39,noise
6395277555081,6397685492906,T224,18.3,Omar Gomes,2025-08-27 08:28:16,noise
6395277555081,6394995994848,T224,59.3,Omar Gomes,2025-08-27 12:03:43,noise
6395277555081,6394369267219,T110,37.3,Omar Gomes,2025-08-26 18:19:32,noise
6395277555081,6391936644374,T224,4.5,Omar Gomes,2025-08-25 16:19:59,noise
6395277555081,6391936644374,T110,33.7,Omar Gomes,2025-08-24 13:04:31,noise
6395277555081,6394855637596,T110,10.6,Omar Gomes,2025-08-24 12:00:37,noise
6395277555081,6394863330204,T224,10.1,Omar Gomes,2025-08-23 08:01:04,noise
6395277555081,6394018894269,T224,24.0,Omar Gomes,2025-08-23 17:25:21,noise
6395277555081,6394995994848,T110,9.4,Omar Gomes,2025-08-23 11:27:01,noise
6395277555081,6394995994848,T224,38.5,Omar Gomes,2025-08-22 19:09:50,noise
6395277555081,6391847085587,T224,28.6,Omar Gomes,2025-08-22 20:01:54,noise
6395277555081,6393318640912,T224,15.7,Omar Gomes,2025-08-21 11:22:36,noise
6395277555081,6391054941178,T110,6.8,Omar Gomes,2025-08-21 11:07:29,noise
6395277555081,6391936644374,T110,5.0,Omar Gomes,2025-08-21 04:14:31,noise
6395277555081,6398389473157,T224,5.5,Omar Gomes,2025-08-20 08:24:23,noise
6395277555081,6391936644374,T224,62.1,Omar Gomes,2025-08-20 11:08:05,noise
6395277555081,6397398372383,T110,81.5,Omar Gomes,2025-08-19 12:19:34,noise
6395277555081,6397033353739,T224,10.3,Omar Gomes,2025-08-19 16:21:38,noise
6395277555081,6392251159617,T224,6.4,Omar Gomes,2025-08-18 00:14:45,noise
6395277555081,6391936644374,T110,17.9,Omar Gomes,2025-08-17 05:28:05,noise
6395277555081,6391936644374,T110,11.8,Omar Gomes,2025-08-17 22:28:58,noise
6395277555081,6397685492906,T110,19.3,Omar Gomes,2025-08-17 13:15:30,noise
6395277555081,6392546307565,T224,18.9,Omar Gomes,2025-08-16 12:25:59,noise
6395277555081,6395264944630,T110,11.2,Omar Gomes,2025-08-15 00:00:35,noise
6395277555081,6395574777798,T224,16.2,Omar Gomes,2025-08-15 15:25:46,noise
6395277555081,6399119973715,T224,43.0,Omar Gomes,2025-08-14 17:23:28,noise
6395277555081,6399429451462,T224,16.7,Omar Gomes,2025-08-14 12:17:15,noise
6395277555081,6397685492906,T224,16.3,Omar Gomes,2025-08-14 14:17:07,noise
6395277555081,6397907454154,T224,11.4,Omar Gomes,2025-08-13 10:16:00,noise
6395277555081,6394995994848,T110,27.6,Omar Gomes,2025-08-13 11:09:38,noise
6395277555081,6397685492906,T224,25.2,Omar Gomes,2025-08-12 14:16:18,noise
6395277555081,6394701982874,T224,34.5,Omar Gomes,2025-08-12 04:14:16,noise
6395277555081,6399907611720,T224,19.8,Omar Gomes,2025-08-12 17:09:02,noise
6395277555081,6394369267219,T110,25.9,Omar Gomes,2025-08-11 15:28:45,noise
6395277555081,6394995994848,T224,16.0,Omar Gomes,2025-08-11 08:14:53,noise
6395277555081,6394995994848,T110,4.4,Omar Gomes,2025-08-11 10:01:55,noise
6395277555081,6391936644374,T224,6.7,Omar Gomes,2025-08-10 01:01:52,noise
6395277555081,6398389473157,T224,54.3,Omar Gomes,2025-08-09 20:05:24,noise
6395277555081,6398175003577,T224,29.5,Omar Gomes,2025-08-09 11:28:41,noise
6395277555081,6391936644374,T110,50.4,Omar Gomes,2025-08-08 10:13:25,noise
6395277555081,6391936644374,T110,6.0,Omar Gomes,2025-08-07 05:12:26,noise
6395277555081,6397685492906,T224,35.9,Omar Gomes,2025-08-07 12:29:13,noise
6395277555081,6392691285953,T224,15.4,Omar Gomes,2025-08-06 10:24:50,noise
6395277555081,6391936644374,T110,11.2,Omar Gomes,2025-08-06 17:23:46,noise
6395277555081,6397685492906,T224,17.2,Omar Gomes,2025-08-05 14:05:22,noise
6395277555081,6399095757865,T110,35.8,Omar Gomes,2025-08-05 13:01:24,noise
6395277555081,6394995994848,T224,63.4,Omar Gomes,2025-08-05 23:15:11,noise
6395277555081,6394995994848,T110,22.0,Omar Gomes,2025-08-04 11:14:26,noise
6395277555081,6394995994848,T224,4.8,Omar Gomes,2025-08-04 19:05:52,noise
6395277555081,6397907454154,T224,13.4,Omar Gomes,2025-08-04 08:30:47,noise
6391981016678,6392385746157,T380,4.4,Ana Carlos,2025-10-18 16:23:27,noise
6391981016678,6392385746157,T807,12.6,Ana Carlos,2025-10-18 14:08:04,noise
6391981016678,6391644392848,T807,54.7,Ana Carlos,2025-10-18 20:20:00,noise
6391981016678,6393958914953,T807,6.6,Ana Carlos,2025-10-17 19:02:52,noise
6391981016678,6392385746157,T380,11.8,Ana Carlos,2025-10-17 03:06:26,noise
6391981016678,6393958914953,T807,12.8,Ana Carlos,2025-10-17 19:21:53,noise
6391981016678,6399042725763,T807,21.6,Ana Carlos,2025-10-16 17:05:24,noise
6391981016678,6394863330204,T380,6.9,Ana Carlos,2025-10-16 14:01:22,noise
6391981016678,6393958914953,T380,42.3,Ana Carlos,2025-10-16 23:24:41,noise
6391981016678,6392089382142,T380,9.4,Ana Carlos,2025-10-15 11:10:59,noise
6391981016678,6392385746157,T807,26.7,Ana Carlos,2025-10-15 21:13:55,noise
6391981016678,6395264944630,T380,9.4,Ana Carlos,2025-10-14 20:21:17,noise
6391981016678,6395574777798,T807,33.9,Ana Carlos,2025-10-14 13:03:49,noise
6391981016678,6395574777798,T380,50.3,Ana Carlos,2025-10-13 09:10:47,noise
6391981016678,6392249133353,T380,12.0,Ana Carlos,2025-10-13 20:28:55,noise
6391981016678,6391644392848,T807,9.1,Ana Carlos,2025-10-12 22:26:03,noise
6391981016678,6395574777798,T807,33.8,Ana Carlos,2025-10-11 23:22:05,noise
6391981016678,6396397246783,T380,45.2,Ana Carlos,2025-10-11 22:23:44,noise
6391981016678,6395574777798,T380,13.0,Ana Carlos,2025-10-11 03:08:05,noise
6391981016678,6392385746157,T380,46.0,Ana Carlos,2025-10-10 10:25:34,noise
6391981016678,6396168850025,T380,25.0,Ana Carlos,2025-10-09 12:18:10,noise
6391981016678,6395574777798,T807,31.6,Ana Carlos,2025-10-09 15:08:07,noise
6391981016678,6393958914953,T807,22.3,Ana Carlos,2025-10-08 01:16:35,noise
6391981016678,6397033353739,T380,5.9,Ana Carlos,2025-10-08 11:23:50,noise
6391981016678,6392385746157,T380,10.7,Ana Carlos,2025-10-07 00:14:52,noise
6391981016678,6392385746157,T380,25.6,Ana Carlos,2025-10-07 22:00:45,noise
6391981016678,6395388614739,T380,6.2,Ana Carlos,2025-10-07 09:22:14,noise
6391981016678,6391917476319,T807,42.4,Ana Carlos,2025-10-06 11:01:57,noise
6391981016678,6395574777798,T807,9.8,Ana Carlos,2025-10-06 23:23:29,noise
6391981016678,6395086222587,T807,63.0,Ana Carlos,2025-10-05 19:28:45,noise
6391981016678,6393958914953,T380,13.2,Ana Carlos,2025-10-05 15:17:23,noise
6391981016678,6395574777798,T380,6.1,Ana Carlos,2025-10-04 10:11:43,noise
6391981016678,6393958914953,T807,9.6,Ana Carlos,2025-10-04 03:15:49,noise
6391981016678,6395388614739,T380,8.1,Ana Carlos,2025-10-03 18:30:45,noise
6391981016678,6393958914953,T380,37.7,Ana Carlos,2025-10-03 23:08:36,noise
6391981016678,6399961796941,T380,30.2,Ana Carlos,2025-10-02 19:09:32,noise
6391981016678,6399697255231,T380,7.8,Ana Carlos,2025-10-02 17:13:43,noise
6391981016678,6393958914953,T380,9.1,Ana Carlos,2025-10-01 12:07:49,noise
6391981016678,6398096864787,T807,14.5,Ana Carlos,2025-09-30 13:09:45,noise
6391981016678,6391981016678,T807,15.5,Ana Carlos,2025-09-30 11:09:58,noise
6391981016678,6395574777798,T380,2.7,Ana Carlos,2025-09-29 12:26:48,noise
6391981016678,6393958914953,T380,17.2,Ana Carlos,2025-09-29 20:10:10,noise
6391981016678,6395574777798,T807,25.8,Ana Carlos,2025-09-29 08:13:47,noise
6391981016678,6399095757865,T380,26.4,Ana Carlos,2025-09-28 16:27:30,noise
6391981016678,6393958914953,T807,14.7,Ana Carlos,2025-09-28 11:17:23,noise
6391981016678,6392385746157,T380,9.4,Ana Carlos,2025-09-27 08:28:30,noise
6391981016678,6393502849379,T807,14.9,Ana Carlos,2025-09-26 20:01:06,noise
6391981016678,6394285686989,T807,10.7,Ana Carlos,2025-09-26 17:28:43,noise
6391981016678,6396956367740,T380,23.9,Ana Carlos,2025-09-25 16:26:51,noise
6391981016678,6391294572959,T380,37.9,Ana Carlos,2025-09-25 23:15:27,noise
6391981016678,6393958914953,T380,13.0,Ana Carlos,2025-09-25 14:27:34,noise
6391981016678,6391936644374,T807,4.1,Ana Carlos,2025-09-24 00:29:59,noise
6391981016678,6392691285953,T380,13.8,Ana Carlos,2025-09-24 15:16:12,noise
6391981016678,6392385746157,T380,11.1,Ana Carlos,2025-09-23 14:19:39,noise
6391981016678,6395574777798,T380,2.0,Ana Carlos,2025-09-23 20:22:02,noise
6391981016678,6392385746157,T807,6.8,Ana Carlos,2025-09-22 11:25:55,noise
6391981016678,6395574777798,T380,10.7,Ana Carlos,2025-09-22 19:17:36,noise
6391981016678,6392691285953,T807,11.6,Ana Carlos,2025-09-21 10:26:08,noise
6391981016678,6397169427647,T807,7.2,Ana Carlos,2025-09-20 10:10:32,noise
6391981016678,6393958914953,T380,8.1,Ana Carlos,2025-09-19 18:03:17,noise
6391981016678,6395738348726,T380,7.0,Ana Carlos,2025-09-19 09:16:13,noise
6391981016678,6395574777798,T380,10.1,Ana Carlos,2025-09-18 18:27:36,noise
6391981016678,6392385746157,T380,3.7,Ana Carlos,2025-09-18 08:06:31,noise
6391981016678,6393958914953,T380,14.1,Ana Carlos,2025-09-17 12:30:35,noise
6391981016678,6392385746157,T807,17.9,Ana Carlos,2025-09-17 12:09:09,noise
6391981016678,6393958914953,T380,7.2,Ana Carlos,2025-09-16 18:10:08,noise
6391981016678,6396609819264,T380,11.1,Ana Carlos,2025-09-16 10:03:03,noise
6391981016678,6396397246783,T380,48.1,Ana Carlos,2025-09-15 11:14:34,noise
6391981016678,6392385746157,T807,10.9,Ana Carlos,2025-09-15 12:29:39,noise
6391981016678,6396863262521,T380,26.6,Ana Carlos,2025-09-14 15:22:38,noise
6391981016678,6395574777798,T380,8.9,Ana Carlos,2025-09-14 15:18:16,noise
6391981016678,6395574777798,T807,10.7,Ana Carlos,2025-09-14 08:11:53,noise
6391981016678,6392385746157,T807,30.8,Ana Carlos,2025-09-13 22:22:41,noise
6391981016678,6394995994848,T380,43.4,Ana Carlos,2025-09-13 13:24:18,noise
6391981016678,6392385746157,T380,16.9,Ana Carlos,2025-09-12 18:05:30,noise
6391981016678,6393958914953,T380,7.6,Ana Carlos,2025-09-12 10:05:58,noise
6391981016678,6392385746157,T807,16.8,Ana Carlos,2025-09-11 12:25:57,noise
6391981016678,6393958914953,T807,54.9,Ana Carlos,2025-09-11 18:01:55,noise
6391981016678,6393958914953,T807,13.7,Ana Carlos,2025-09-10 19:24:53,noise
6391981016678,6398446041346,T380,9.0,Ana Carlos,2025-09-10 11:14:13,noise
6391981016678,6397671860113,T807,8.6,Ana Carlos,2025-09-09 14:27:46,noise
6391981016678,6396663971262,T807,1.8,Ana Carlos,2025-09-09 19:23:37,noise
6391981016678,6392385746157,T380,45.9,Ana Carlos,2025-09-08 21:26:37,noise
6391981016678,6395277555081,T380,20.0,Ana Carlos,2025-09-07 08:03:59,noise
6391981016678,6395086222587,T807,8.6,Ana Carlos,2025-09-07 13:09:12,noise
6391981016678,6392385746157,T380,8.4,Ana Carlos,2025-09-07 18:02:44,noise
6391981016678,6395574777798,T807,13.0,Ana Carlos,2025-09-06 15:30:57,noise
6391981016678,6398621864419,T380,25.6,Ana Carlos,2025-09-06 20:24:35,noise
6391981016678,6393502849379,T380,12.4,Ana Carlos,2025-09-05 21:12:31,noise
6391981016678,6398313094253,T380,11.9,Ana Carlos,2025-09-05 17:16:51,noise
6391981016678,6393958914953,T807,11.4,Ana Carlos,2025-09-04 16:30:22,noise
6391981016678,6393958914953,T380,9.8,Ana Carlos,2025-09-03 14:12:11,noise
6391981016678,6392609362629,T807,17.7,Ana Carlos,2025-09-02 20:25:05,noise
6391981016678,6395574777798,T380,14.3,Ana Carlos,2025-09-02 08:27:34,noise
6391981016678,6392385746157,T380,18.4,Ana Carlos,2025-09-01 14:25:32,noise
6391981016678,6395574777798,T380,31.6,Ana Carlos,2025-09-01 16:24:09,noise
6391981016678,6392385746157,T380,13.7,Ana Carlos,2025-08-31 18:28:26,noise
6391981016678,6395574777798,T380,41.4,Ana Carlos,2025-08-31 22:22:30,noise
6391981016678,6393502849379,T380,31.3,Ana Carlos,2025-08-31 19:00:07,noise
6391981016678,6392691285953,T380,7.6,Ana Carlos,2025-08-30 23:02:36,noise
6391981016678,6395574777798,T380,19.4,Ana Carlos,2025-08-30 09:08:34,noise
6391981016678,6395574777798,T380,11.9,Ana Carlos,2025-08-30 12:00:16,noise
6391981016678,6392385746157,T380,6.6,Ana Carlos,2025-08-29 15:16:49,noise
6391981016678,6392385746157,T807,24.4,Ana Carlos,2025-08-29 08:08:00,noise
6391981016678,6393958914953,T807,91.8,Ana Carlos,2025-08-28 01:17:24,noise
6391981016678,6398578995606,T807,25.7,Ana Carlos,2025-08-28 18:12:07,noise
6391981016678,6393958914953,T380,25.1,Ana Carlos,2025-08-27 19:22:04,noise
6391981016678,6392385746157,T380,26.3,Ana Carlos,2025-08-27 10:02:16,noise
6391981016678,6393958914953,T380,14.6,Ana Carlos,2025-08-27 04:17:58,noise
6391981016678,6393958914953,T380,14.2,Ana Carlos,2025-08-26 20:27:53,noise
6391981016678,6393958914953,T380,22.3,Ana Carlos,2025-08-25 21:09:47,noise
6391981016678,6396168850025,T380,16.9,Ana Carlos,2025-08-25 13:03:48,noise
6391981016678,6392385746157,T380,84.7,Ana Carlos,2025-08-24 17:27:35,noise
6391981016678,6393958914953,T807,7.8,Ana Carlos,2025-08-23 17:20:24,noise
6391981016678,6392546307565,T807,60.2,Ana Carlos,2025-08-23 20:12:23,noise
6391981016678,6393958914953,T807,35.8,Ana Carlos,2025-08-22 10:14:44,noise
6391981016678,6398621864419,T380,88.1,Ana Carlos,2025-08-21 09:14:53,noise
6391981016678,6395574777798,T380,16.5,Ana Carlos,2025-08-21 09:21:59,noise
6391981016678,6393958914953,T380,13.8,Ana Carlos,2025-08-21 15:19:07,noise
6391981016678,6393958914953,T380,6.8,Ana Carlos,2025-08-20 16:02:28,noise
6391981016678,6392251159617,T807,11.6,Ana Carlos,2025-08-20 14:01:47,noise
6391981016678,6398313094253,T380,27.9,Ana Carlos,2025-08-20 15:22:21,noise
6391981016678,6399042725763,T380,11.9,Ana Carlos,2025-08-19 16:01:32,noise
6391981016678,6392385746157,T380,9.9,Ana Carlos,2025-08-19 18:22:14,noise
6391981016678,6395574777798,T807,13.0,Ana Carlos,2025-08-18 20:02:31,noise
6391981016678,6393958914953,T807,8.9,Ana Carlos,2025-08-18 21:25:19,noise
6391981016678,6395574777798,T380,9.5,Ana Carlos,2025-08-18 08:09:57,noise
6391981016678,6392385746157,T380,16.0,Ana Carlos,2025-08-17 16:00:36,noise
6391981016678,6392944941518,T807,4.1,Ana Carlos,2025-08-17 23:30:23,noise
6391981016678,6396609601602,T380,8.4,Ana Carlos,2025-08-16 21:26:44,noise
6391981016678,6393958914953,T380,23.4,Ana Carlos,2025-08-15 13:00:22,noise
6391981016678,6395574777798,T380,11.4,Ana Carlos,2025-08-15 09:21:37,noise
6391981016678,6393958914953,T807,7.7,Ana Carlos,2025-08-15 20:00:06,noise
6391981016678,6393958914953,T380,10.7,Ana Carlos,2025-08-14 19:07:12,noise
6391981016678,6392385746157,T380,10.7,Ana Carlos,2025-08-14 19:02:52,noise
6391981016678,6394018894269,T380,11.2,Ana Carlos,2025-08-14 15:00:55,noise
6391981016678,6397931099268,T807,7.6,Ana Carlos,2025-08-13 08:13:46,noise
6391981016678,6393958914953,T380,28.4,Ana Carlos,2025-08-12 15:13:45,noise
6391981016678,6392385746157,T807,14.1,Ana Carlos,2025-08-12 21:15:45,noise
6391981016678,6392385746157,T380,25.5,Ana Carlos,2025-08-12 21:10:46,noise
6391981016678,6395574777798,T807,17.3,Ana Carlos,2025-08-11 20:02:41,noise
6391981016678,6393958914953,T380,19.2,Ana Carlos,2025-08-11 15:14:37,noise
6391981016678,6393958914953,T380,23.2,Ana Carlos,2025-08-10 14:11:55,noise
6391981016678,6399857882871,T380,21.8,Ana Carlos,2025-08-10 15:20:52,noise
6391981016678,6395574777798,T380,53.0,Ana Carlos,2025-08-10 08:28:23,noise
6391981016678,6395574777798,T380,14.9,Ana Carlos,2025-08-09 05:03:46,noise
6391981016678,6398645236008,T380,8.4,Ana Carlos,2025-08-09 23:18:08,noise
6391981016678,6395574777798,T807,3.4,Ana Carlos,2025-08-08 16:09:24,noise
6391981016678,6397931099268,T807,4.8,Ana Carlos,2025-08-08 11:04:19,noise
6391981016678,6397907454154,T380,12.6,Ana Carlos,2025-08-08 16:14:32,noise
6391981016678,6395574777798,T380,10.0,Ana Carlos,2025-08-07 12:25:48,noise
6391981016678,6392385746157,T380,20.0,Ana Carlos,2025-08-06 16:15:17,noise
6391981016678,6393958914953,T807,10.3,Ana Carlos,2025-08-06 00:26:00,noise
6391981016678,6392584159767,T807,11.5,Ana Carlos,2025-08-06 10:15:59,noise
6391981016678,6392385746157,T380,10.3,Ana Carlos,2025-08-05 22:07:40,noise
6391981016678,6392385746157,T380,10.1,Ana Carlos,2025-08-05 14:10:22,noise
6391981016678,6395574777798,T807,31.7,Ana Carlos,2025-08-04 10:02:05,noise
6391981016678,6392385746157,T807,21.1,Ana Carlos,2025-08-04 20:29:39,noise
6397515118078,6392546307565,T329,9.0,Mara Lopes,2025-10-18 05:06:49,noise
6397515118078,6394334018731,T178,27.7,Mara Lopes,2025-10-18 10:30:44,noise
6397515118078,6392249133353,T329,25.0,Mara Lopes,2025-10-17 20:07:36,noise
6397515118078,6397515118078,T329,11.3,Mara Lopes,2025-10-17 19:16:37,noise
6397515118078,6392546307565,T329,27.2,Mara Lopes,2025-10-16 14:13:38,noise
6397515118078,6392249133353,T329,13.8,Mara Lopes,2025-10-16 19:26:13,noise
6397515118078,6392546307565,T329,10.6,Mara Lopes,2025-10-15 12:18:28,noise
6397515118078,6391296649512,T329,27.3,Mara Lopes,2025-10-14 09:07:29,noise
6397515118078,6392249133353,T178,13.9,Mara Lopes,2025-10-14 09:04:03,noise
6397515118078,6397317313563,T178,15.2,Mara Lopes,2025-10-14 02:21:25,noise
6397515118078,6399697255231,T178,7.7,Mara Lopes,2025-10-13 08:15:58,noise
6397515118078,6395557270185,T178,8.4,Mara Lopes,2025-10-13 19:06:00,noise
6397515118078,6392546307565,T178,6.6,Mara Lopes,2025-10-12 14:12:34,noise
6397515118078,6393299477204,T178,4.7,Mara Lopes,2025-10-12 20:01:16,noise
6397515118078,6392546307565,T329,8.2,Mara Lopes,2025-10-12 14:18:32,noise
6397515118078,6392385746157,T178,19.4,Mara Lopes,2025-10-11 01:11:49,noise
6397515118078,6391296649512,T178,30.0,Mara Lopes,2025-10-11 11:28:26,noise
6397515118078,6392249133353,T178,6.5,Mara Lopes,2025-10-10 21:05:41,noise
6397515118078,6396863262521,T329,16.1,Mara Lopes,2025-10-10 08:03:28,noise
6397515118078,6392546307565,T329,13.1,Mara Lopes,2025-10-09 13:13:21,noise
6397515118078,6397424123950,T329,19.4,Mara Lopes,2025-10-09 18:27:18,noise
6397515118078,6392546307565,T329,7.5,Mara Lopes,2025-10-08 04:08:44,noise
6397515118078,6392546307565,T178,34.2,Mara Lopes,2025-10-07 19:27:51,noise
6397515118078,6392249133353,T178,37.7,Mara Lopes,2025-10-07 21:00:49,noise
6397515118078,6394334018731,T329,43.4,Mara Lopes,2025-10-06 10:28:24,noise
6397515118078,6392249133353,T329,24.5,Mara Lopes,2025-10-05 18:09:18,noise
6397515118078,6396934367041,T329,22.1,Mara Lopes,2025-10-04 11:17:10,noise
6397515118078,6392546307565,T329,24.3,Mara Lopes,2025-10-04 20:12:02,noise
6397515118078,6391296649512,T178,22.8,Mara Lopes,2025-10-03 01:03:53,noise
6397515118078,6391296649512,T329,12.5,Mara Lopes,2025-10-03 15:05:04,noise
6397515118078,6392546307565,T329,18.3,Mara Lopes,2025-10-03 19:22:23,noise
6397515118078,6395104602062,T329,34.9,Mara Lopes,2025-10-02 08:24:10,noise
6397515118078,6394485230571,T178,7.2,Mara Lopes,2025-10-01 17:25:32,noise
6397515118078,6392546307565,T329,17.6,Mara Lopes,2025-10-01 12:20:30,noise
6397515118078,6391296649512,T329,8.8,Mara Lopes,2025-10-01 10:07:59,noise
6397515118078,6393318640912,T178,25.3,Mara Lopes,2025-09-30 20:27:38,noise
6397515118078,6394477195628,T178,11.8,Mara Lopes,2025-09-29 08:01:52,noise
6397515118078,6392546307565,T178,61.9,Mara Lopes,2025-09-28 14:20:20,noise
6397515118078,6392546307565,T329,24.6,Mara Lopes,2025-09-27 08:29:19,noise
6397515118078,6393958914953,T329,23.3,Mara Lopes,2025-09-27 01:16:18,noise
6397515118078,6391296649512,T329,12.6,Mara Lopes,2025-09-27 20:12:24,noise
6397515118078,6392249133353,T329,15.2,Mara Lopes,2025-09-26 12:11:24,noise
6397515118078,6392249133353,T329,37.3,Mara Lopes,2025-09-26 10:15:21,noise
6397515118078,6392249133353,T329,8.6,Mara Lopes,2025-09-25 15:09:25,noise
6397515118078,6392249133353,T178,23.1,Mara Lopes,2025-09-25 15:24:47,noise
6397515118078,6393116814799,T329,51.0,Mara Lopes,2025-09-25 08:26:32,noise
6397515118078,6397033353739,T178,31.6,Mara Lopes,2025-09-24 16:12:48,noise
6397515118078,6392249133353,T178,17.2,Mara Lopes,2025-09-24 11:06:58,noise
6397515118078,6399722315072,T329,8.9,Mara Lopes,2025-09-23 10:05:13,noise
6397515118078,6391296649512,T178,26.8,Mara Lopes,2025-09-22 03:30:35,noise
6397515118078,6391296649512,T329,13.4,Mara Lopes,2025-09-22 12:23:37,noise
6397515118078,6391296649512,T329,59.0,Mara Lopes,2025-09-21 05:23:51,noise
6397515118078,6392546307565,T329,5.9,Mara Lopes,2025-09-20 14:11:52,noise
6397515118078,6392546307565,T329,55.2,Mara Lopes,2025-09-20 11:02:04,noise
6397515118078,6399095757865,T329,26.7,Mara Lopes,2025-09-19 08:23:53,noise
6397515118078,6392546307565,T329,59.3,Mara Lopes,2025-09-19 18:10:44,noise
6397515118078,6392546307565,T329,14.5,Mara Lopes,2025-09-18 23:17:46,noise
6397515118078,6392249133353,T329,82.7,Mara Lopes,2025-09-17 14:19:59,noise
6397515118078,6392249133353,T329,6.1,Mara Lopes,2025-09-17 00:24:31,noise
6397515118078,6392546307565,T178,25.2,Mara Lopes,2025-09-17 14:13:50,noise
6397515118078,6391296649512,T329,22.4,Mara Lopes,2025-09-16 15:29:34,noise
6397515118078,6392546307565,T178,9.7,Mara Lopes,2025-09-16 10:27:57,noise
6397515118078,6391296649512,T329,7.0,Mara Lopes,2025-09-15 20:21:11,noise
6397515118078,6392249133353,T178,15.7,Mara Lopes,2025-09-15 16:07:33,noise
6397515118078,6392546307565,T329,67.5,Mara Lopes,2025-09-14 18:13:15,noise
6397515118078,6391296649512,T329,21.7,Mara Lopes,2025-09-14 13:14:31,noise
6397515118078,6392546307565,T329,9.5,Mara Lopes,2025-09-13 23:02:22,noise
6397515118078,6392249133353,T178,13.6,Mara Lopes,2025-09-12 03:30:09,noise
6397515118078,6392546307565,T329,3.9,Mara Lopes,2025-09-12 20:10:01,noise
6397515118078,6391296649512,T329,3.5,Mara Lopes,2025-09-11 18:05:25,noise
6397515118078,6392249133353,T178,11.4,Mara Lopes,2025-09-11 20:23:00,noise
6397515118078,6391296649512,T178,31.8,Mara Lopes,2025-09-11 11:03:39,noise
6397515118078,6392249133353,T329,14.1,Mara Lopes,2025-09-10 19:25:16,noise
6397515118078,6395086222587,T329,12.1,Mara Lopes,2025-09-10 17:24:20,noise
6397515118078,6396397246783,T178,24.7,Mara Lopes,2025-09-10 05:11:53,noise
6397515118078,6392249133353,T329,37.3,Mara Lopes,2025-09-09 08:11:04,noise
6397515118078,6392249133353,T329,23.9,Mara Lopes,2025-09-09 10:02:52,noise
6397515118078,6392584159767,T329,20.4,Mara Lopes,2025-09-09 11:17:33,noise
6397515118078,6394995994848,T329,10.4,Mara Lopes,2025-09-08 16:02:20,noise
6397515118078,6392249133353,T329,8.7,Mara Lopes,2025-09-08 12:17:17,noise
6397515118078,6391296649512,T329,23.4,Mara Lopes,2025-09-08 19:25:01,noise
6397515118078,6395709000192,T178,27.0,Mara Lopes,2025-09-07 12:14:32,noise
6397515118078,6392546307565,T178,9.9,Mara Lopes,2025-09-07 18:07:03,noise
6397515118078,6392249133353,T178,44.5,Mara Lopes,2025-09-06 09:03:11,noise
6397515118078,6392546307565,T178,10.3,Mara Lopes,2025-09-06 18:25:19,noise
6397515118078,6391296649512,T329,10.4,Mara Lopes,2025-09-05 11:28:13,noise
6397515118078,6392546307565,T178,29.4,Mara Lopes,2025-09-04 20:09:35,noise
6397515118078,6392249133353,T329,29.4,Mara Lopes,2025-09-03 01:02:37,noise
6397515118078,6392249133353,T178,16.7,Mara Lopes,2025-09-03 13:14:56,noise
6397515118078,6391296649512,T329,9.3,Mara Lopes,2025-09-02 12:18:27,noise
6397515118078,6391296649512,T329,17.9,Mara Lopes,2025-09-02 17:04:47,noise
6397515118078,6399119973715,T178,6.0,Mara Lopes,2025-09-01 14:07:12,noise
6397515118078,6394602944141,T329,5.1,Mara Lopes,2025-09-01 08:27:08,noise
6397515118078,6397959530865,T178,29.5,Mara Lopes,2025-09-01 17:01:43,noise
6397515118078,6399406323212,T178,10.1,Mara Lopes,2025-08-31 02:07:57,noise
6397515118078,6392546307565,T329,14.2,Mara Lopes,2025-08-31 18:25:17,noise
6397515118078,6396609819264,T178,8.9,Mara Lopes,2025-08-30 17:23:55,noise
6397515118078,6392546307565,T178,23.1,Mara Lopes,2025-08-29 11:20:34,noise
6397515118078,6395709000192,T329,31.1,Mara Lopes,2025-08-29 13:26:03,noise
6397515118078,6399697255231,T329,9.1,Mara Lopes,2025-08-28 09:27:59,noise
6397515118078,6392249133353,T329,12.4,Mara Lopes,2025-08-28 09:08:36,noise
6397515118078,6396956367740,T329,14.5,Mara Lopes,2025-08-27 19:01:13,noise
6397515118078,6392249133353,T178,19.4,Mara Lopes,2025-08-26 16:15:54,noise
6397515118078,6395104602062,T178,23.4,Mara Lopes,2025-08-26 22:04:16,noise
6397515118078,6394602944141,T329,10.9,Mara Lopes,2025-08-25 18:16:58,noise
6397515118078,6397907454154,T329,18.8,Mara Lopes,2025-08-25 10:30:48,noise
6397515118078,6392249133353,T329,19.2,Mara Lopes,2025-08-24 14:12:37,noise
6397515118078,6397176014123,T178,12.5,Mara Lopes,2025-08-23 13:23:41,noise
6397515118078,6391296649512,T329,23.6,Mara Lopes,2025-08-22 13:10:47,noise
6397515118078,6392599009461,T178,21.9,Mara Lopes,2025-08-22 11:22:19,noise
6397515118078,6399828853050,T178,42.2,Mara Lopes,2025-08-21 11:27:42,noise
6397515118078,6396433624746,T178,18.3,Mara Lopes,2025-08-21 21:03:05,noise
6397515118078,6392249133353,T329,5.8,Mara Lopes,2025-08-20 15:08:38,noise
6397515118078,6397671860113,T329,6.9,Mara Lopes,2025-08-20 17:29:01,noise
6397515118078,6397907454154,T329,22.5,Mara Lopes,2025-08-19 17:17:28,noise
6397515118078,6392546307565,T178,30.5,Mara Lopes,2025-08-18 08:23:46,noise
6397515118078,6392546307565,T178,26.5,Mara Lopes,2025-08-18 08:18:33,noise
6397515118078,6397317313563,T329,11.5,Mara Lopes,2025-08-17 16:27:57,noise
6397515118078,6392249133353,T329,8.0,Mara Lopes,2025-08-17 10:30:27,noise
6397515118078,6392546307565,T329,24.5,Mara Lopes,2025-08-16 12:18:39,noise
6397515118078,6392249133353,T329,41.1,Mara Lopes,2025-08-15 23:28:47,noise
6397515118078,6393958914953,T178,11.1,Mara Lopes,2025-08-15 21:24:17,noise
6397515118078,6392249133353,T329,12.7,Mara Lopes,2025-08-15 23:17:29,noise
6397515118078,6392546307565,T178,43.2,Mara Lopes,2025-08-14 17:04:37,noise
6397515118078,6392546307565,T329,18.2,Mara Lopes,2025-08-14 12:12:21,noise
6397515118078,6392249133353,T329,12.8,Mara Lopes,2025-08-14 12:20:23,noise
6397515118078,6392249133353,T178,6.8,Mara Lopes,2025-08-13 02:06:20,noise
6397515118078,6394018894269,T329,37.1,Mara Lopes,2025-08-13 15:23:59,noise
6397515118078,6391296649512,T178,34.9,Mara Lopes,2025-08-13 16:18:06,noise
6397515118078,6391296649512,T329,39.3,Mara Lopes,2025-08-12 13:16:20,noise
6397515118078,6392546307565,T178,30.5,Mara Lopes,2025-08-11 11:06:07,noise
6397515118078,6392546307565,T178,24.2,Mara Lopes,2025-08-11 11:11:40,noise
6397515118078,6392249133353,T178,15.9,Mara Lopes,2025-08-10 22:14:12,noise
6397515118078,6391296649512,T178,3.5,Mara Lopes,2025-08-09 17:21:22,noise
6397515118078,6394369267219,T178,12.8,Mara Lopes,2025-08-09 21:15:22,noise
6397515118078,6392249133353,T329,38.1,Mara Lopes,2025-08-08 08:26:43,noise
6397515118078,6391296649512,T329,25.6,Mara Lopes,2025-08-08 19:19:00,noise
6397515118078,6392249133353,T329,59.9,Mara Lopes,2025-08-08 15:15:12,noise
6397515118078,6395086222587,T329,88.8,Mara Lopes,2025-08-07 08:30:50,noise
6397515118078,6392249133353,T329,8.9,Mara Lopes,2025-08-06 14:07:54,noise
6397515118078,6394018894269,T329,13.9,Mara Lopes,2025-08-06 22:28:21,noise
6397515118078,6391296649512,T178,20.5,Mara Lopes,2025-08-06 12:10:49,noise
6397515118078,6392546307565,T329,18.4,Mara Lopes,2025-08-05 15:01:10,noise
6397515118078,6392249133353,T178,8.6,Mara Lopes,2025-08-05 15:11:31,noise
6397515118078,6391296649512,T178,11.6,Mara Lopes,2025-08-05 12:04:48,noise
6397515118078,6391296649512,T178,47.6,Mara Lopes,2025-08-04 13:13:00,noise
6397515118078,6392546307565,T178,10.6,Mara Lopes,2025-08-04 19:05:28,noise
6399119973715,6395709000192,T130,14.8,Elena Chen,2025-10-18 13:27:41,noise
6399119973715,6395086222587,T130,11.5,Elena Chen,2025-10-18 15:03:10,noise
6399119973715,6397345443862,T173,6.2,Elena Chen,2025-10-18 09:11:41,noise
6399119973715,6396168850025,T130,31.9,Elena Chen,2025-10-17 16:02:14,noise
6399119973715,6392623441780,T173,9.7,Elena Chen,2025-10-17 15:18:05,noise
6399119973715,6395709000192,T173,24.6,Elena Chen,2025-10-16 11:28:50,noise
6399119973715,6395086222587,T173,21.7,Elena Chen,2025-10-16 08:10:00,noise
6399119973715,6396284057733,T173,7.9,Elena Chen,2025-10-15 08:15:12,noise
6399119973715,6393958914953,T173,15.4,Elena Chen,2025-10-14 23:00:12,noise
6399119973715,6396609819264,T130,65.4,Elena Chen,2025-10-14 20:14:51,noise
6399119973715,6395086222587,T130,24.0,Elena Chen,2025-10-13 22:27:35,noise
6399119973715,6396609819264,T130,19.7,Elena Chen,2025-10-13 04:23:42,noise
6399119973715,6399406323212,T173,51.5,Elena Chen,2025-10-12 14:01:43,noise
6399119973715,6396168850025,T130,31.5,Elena Chen,2025-10-12 18:15:21,noise
6399119973715,6395086222587,T173,12.3,Elena Chen,2025-10-11 16:01:02,noise
6399119973715,6395086222587,T173,10.5,Elena Chen,2025-10-11 03:27:29,noise
6399119973715,6396168850025,T173,12.1,Elena Chen,2025-10-11 18:06:55,noise
6399119973715,6396863262521,T173,14.7,Elena Chen,2025-10-10 17:10:01,noise
6399119973715,6396609819264,T130,14.2,Elena Chen,2025-10-09 21:20:52,noise
6399119973715,6396168850025,T130,43.8,Elena Chen,2025-10-09 01:28:06,noise
6399119973715,6395328992709,T173,17.3,Elena Chen,2025-10-08 22:13:14,noise
6399119973715,6396609819264,T130,5.3,Elena Chen,2025-10-08 12:00:10,noise
6399119973715,6396168850025,T173,20.5,Elena Chen,2025-10-07 08:27:50,noise
6399119973715,6395086222587,T173,8.7,Elena Chen,2025-10-07 18:08:19,noise
6399119973715,6395086222587,T130,17.2,Elena Chen,2025-10-07 19:05:46,noise
6399119973715,6397685492906,T130,10.6,Elena Chen,2025-10-06 12:29:54,noise
6399119973715,6396168850025,T173,12.4,Elena Chen,2025-10-05 19:22:03,noise
6399119973715,6396168850025,T173,16.9,Elena Chen,2025-10-04 16:24:06,noise
6399119973715,6396168850025,T173,11.0,Elena Chen,2025-10-03 15:07:39,noise
6399119973715,6397169427647,T173,25.6,Elena Chen,2025-10-03 15:24:10,noise
6399119973715,6395086222587,T130,5.2,Elena Chen,2025-10-02 21:28:18,noise
6399119973715,6396168850025,T173,12.3,Elena Chen,2025-10-01 22:01:07,noise
6399119973715,6395086222587,T173,18.7,Elena Chen,2025-10-01 15:15:29,noise
6399119973715,6391678940428,T173,29.0,Elena Chen,2025-09-30 18:07:21,noise
6399119973715,6396397246783,T173,11.4,Elena Chen,2025-09-30 15:01:15,noise
6399119973715,6396168850025,T130,29.3,Elena Chen,2025-09-29 15:03:49,noise
6399119973715,6396168850025,T130,8.5,Elena Chen,2025-09-28 22:19:27,noise
6399119973715,6395863306424,T173,27.5,Elena Chen,2025-09-28 10:10:47,noise
6399119973715,6392251159617,T173,8.9,Elena Chen,2025-09-28 12:05:39,noise
6399119973715,6399628559272,T173,17.7,Elena Chen,2025-09-27 19:23:28,noise
6399119973715,6396168850025,T130,40.5,Elena Chen,2025-09-27 16:12:25,noise
6399119973715,6396609819264,T173,23.8,Elena Chen,2025-09-26 09:11:51,noise
6399119973715,6396168850025,T130,8.3,Elena Chen,2025-09-26 20:14:34,noise
6399119973715,6399697255231,T130,18.3,Elena Chen,2025-09-25 15:01:34,noise
6399119973715,6392182204871,T173,25.1,Elena Chen,2025-09-25 09:07:11,noise
6399119973715,6395086222587,T173,15.6,Elena Chen,2025-09-24 02:24:51,noise
6399119973715,6396168850025,T130,67.3,Elena Chen,2025-09-24 14:22:47,noise
6399119973715,6396168850025,T173,9.1,Elena Chen,2025-09-24 12:17:22,noise
6399119973715,6396168850025,T173,19.3,Elena Chen,2025-09-23 16:16:57,noise
6399119973715,6396168850025,T173,11.2,Elena Chen,2025-09-23 09:25:17,noise
6399119973715,6395086222587,T130,2.7,Elena Chen,2025-09-22 18:24:27,noise
6399119973715,6396168850025,T130,14.2,Elena Chen,2025-09-22 19:17:42,noise
6399119973715,6396168850025,T173,28.6,Elena Chen,2025-09-22 18:30:46,noise
6399119973715,6394485230571,T173,24.2,Elena Chen,2025-09-21 18:09:24,noise
6399119973715,6395277555081,T130,20.6,Elena Chen,2025-09-21 22:04:19,noise
6399119973715,6398096864787,T130,10.7,Elena Chen,2025-09-20 19:23:25,noise
6399119973715,6395086222587,T173,40.4,Elena Chen,2025-09-20 05:22:02,noise
6399119973715,6397931099268,T173,15.7,Elena Chen,2025-09-19 20:10:00,noise
6399119973715,6396609819264,T173,11.4,Elena Chen,2025-09-19 20:12:05,noise
6399119973715,6396168850025,T173,60.4,Elena Chen,2025-09-19 11:29:30,noise
6399119973715,6395086222587,T173,16.4,Elena Chen,2025-09-18 19:16:41,noise
6399119973715,6397931099268,T173,7.0,Elena Chen,2025-09-18 10:15:16,noise
6399119973715,6392249133353,T130,11.6,Elena Chen,2025-09-18 20:12:07,noise
6399119973715,6396609819264,T173,4.1,Elena Chen,2025-09-17 00:29:28,noise
6399119973715,6395086222587,T173,21.1,Elena Chen,2025-09-17 21:04:33,noise
6399119973715,6395086222587,T173,12.5,Elena Chen,2025-09-16 09:28:05,noise
6399119973715,6398175003577,T173,13.6,Elena Chen,2025-09-16 09:23:30,noise
6399119973715,6395086222587,T173,5.3,Elena Chen,2025-09-15 09:15:04,noise
6399119973715,6395086222587,T130,11.6,Elena Chen,2025-09-15 12:01:27,noise
6399119973715,6393318640912,T173,57.0,Elena Chen,2025-09-14 10:18:20,noise
6399119973715,6397685492906,T173,14.4,Elena Chen,2025-09-14 03:10:28,noise
6399119973715,6397398372383,T173,16.5,Elena Chen,2025-09-13 15:19:30,noise
6399119973715,6396609819264,T173,25.9,Elena Chen,2025-09-13 18:26:58,noise
6399119973715,6391644392848,T130,16.2,Elena Chen,2025-09-12 21:15:09,noise
6399119973715,6396168850025,T130,63.2,Elena Chen,2025-09-12 11:04:35,noise
6399119973715,6391847085587,T173,34.4,Elena Chen,2025-09-11 10:14:18,noise
6399119973715,6395086222587,T173,13.9,Elena Chen,2025-09-11 11:21:17,noise
6399119973715,6396609819264,T173,62.0,Elena Chen,2025-09-10 11:07:37,noise
6399119973715,6396168850025,T173,30.0,Elena Chen,2025-09-10 15:23:35,noise
6399119973715,6396782939427,T130,6.3,Elena Chen,2025-09-10 12:16:14,noise
6399119973715,6396168850025,T130,19.5,Elena Chen,2025-09-09 15:18:13,noise
6399119973715,6395086222587,T130,10.2,Elena Chen,2025-09-09 21:01:12,noise
6399119973715,6396609819264,T130,12.2,Elena Chen,2025-09-08 16:13:11,noise
6399119973715,6397931099268,T173,23.4,Elena Chen,2025-09-07 13:12:13,noise
6399119973715,6395086222587,T130,35.2,Elena Chen,2025-09-06 21:04:25,noise
6399119973715,6398313094253,T173,68.4,Elena Chen,2025-09-05 10:24:28,noise
6399119973715,6396609819264,T173,13.3,Elena Chen,2025-09-04 20:29:11,noise
6399119973715,6396609819264,T173,26.1,Elena Chen,2025-09-04 05:28:40,noise
6399119973715,6397931099268,T130,38.3,Elena Chen,2025-09-04 09:03:28,noise
6399119973715,6396609819264,T130,4.7,Elena Chen,2025-09-03 17:27:45,noise
6399119973715,6395086222587,T130,18.5,Elena Chen,2025-09-03 15:21:14,noise
6399119973715,6396609819264,T173,27.0,Elena Chen,2025-09-02 22:16:03,noise
6399119973715,6396397246783,T130,11.9,Elena Chen,2025-09-02 19:09:41,noise
6399119973715,6391917476319,T130,9.5,Elena Chen,2025-09-01 12:07:05,noise
6399119973715,6396168850025,T130,12.7,Elena Chen,2025-09-01 19:27:35,noise
6399119973715,6395447757108,T173,37.9,Elena Chen,2025-08-31 01:27:47,noise
6399119973715,6398389473157,T173,22.4,Elena Chen,2025-08-30 19:25:49,noise
6399119973715,6395086222587,T173,8.9,Elena Chen,2025-08-30 22:12:33,noise
6399119973715,6396609819264,T173,5.5,Elena Chen,2025-08-30 21:25:34,noise
6399119973715,6398621864419,T173,8.0,Elena Chen,2025-08-29 16:07:18,noise
6399119973715,6392623441780,T173,19.6,Elena Chen,2025-08-29 17:20:42,noise
6399119973715,6396609819264,T173,10.3,Elena Chen,2025-08-28 05:01:00,noise
6399119973715,6396433624746,T173,21.2,Elena Chen,2025-08-27 21:02:51,noise
6399119973715,6395086222587,T173,19.8,Elena Chen,2025-08-27 12:23:37,noise
6399119973715,6395086222587,T130,16.9,Elena Chen,2025-08-26 22:15:27,noise
6399119973715,6395086222587,T173,61.9,Elena Chen,2025-08-26 09:19:42,noise
6399119973715,6396168850025,T173,24.1,Elena Chen,2025-08-25 17:08:21,noise
6399119973715,6391294572959,T173,16.7,Elena Chen,2025-08-25 13:12:47,noise
6399119973715,6395086222587,T173,5.4,Elena Chen,2025-08-24 12:07:04,noise
6399119973715,6396609819264,T173,11.9,Elena Chen,2025-08-24 18:02:19,noise
6399119973715,6395086222587,T130,50.0,Elena Chen,2025-08-24 20:03:20,noise
6399119973715,6399722315072,T173,7.6,Elena Chen,2025-08-23 14:26:36,noise
6399119973715,6396609819264,T173,27.0,Elena Chen,2025-08-23 23:29:54,noise
6399119973715,6395086222587,T173,9.3,Elena Chen,2025-08-23 17:08:01,noise
6399119973715,6399429451462,T130,14.0,Elena Chen,2025-08-22 13:14:13,noise
6399119973715,6395277555081,T173,9.8,Elena Chen,2025-08-22 18:28:42,noise
6399119973715,6395086222587,T130,28.7,Elena Chen,2025-08-21 22:02:44,noise
6399119973715,6395086222587,T173,19.6,Elena Chen,2025-08-21 17:00:13,noise
6399119973715,6395086222587,T173,7.7,Elena Chen,2025-08-20 11:25:29,noise
6399119973715,6395086222587,T130,45.3,Elena Chen,2025-08-20 02:29:55,noise
6399119973715,6396609819264,T173,34.2,Elena Chen,2025-08-20 21:09:57,noise
6399119973715,6392623441780,T173,12.8,Elena Chen,2025-08-19 17:25:14,noise
6399119973715,6394369267219,T173,15.0,Elena Chen,2025-08-18 21:23:24,noise
6399119973715,6394018894269,T130,56.7,Elena Chen,2025-08-18 22:18:59,noise
6399119973715,6397357048476,T173,11.6,Elena Chen,2025-08-17 10:02:57,noise
6399119973715,6395086222587,T173,37.8,Elena Chen,2025-08-17 08:21:13,noise
6399119973715,6393474215565,T130,15.6,Elena Chen,2025-08-16 05:03:31,noise
6399119973715,6395086222587,T173,11.9,Elena Chen,2025-08-16 13:21:32,noise
6399119973715,6399828853050,T173,7.0,Elena Chen,2025-08-16 13:29:58,noise
6399119973715,6396168850025,T130,4.9,Elena Chen,2025-08-15 08:03:20,noise
6399119973715,6397033353739,T173,36.7,Elena Chen,2025-08-15 19:15:10,noise
6399119973715,6396609819264,T173,30.1,Elena Chen,2025-08-14 23:13:21,noise
6399119973715,6396609819264,T173,17.7,Elena Chen,2025-08-13 08:24:24,noise
6399119973715,6396663971262,T130,15.3,Elena Chen,2025-08-12 12:18:28,noise
6399119973715,6397685492906,T173,11.4,Elena Chen,2025-08-12 12:08:52,noise
6399119973715,6395289242961,T173,47.4,Elena Chen,2025-08-12 10:25:36,noise
6399119973715,6395086222587,T130,18.4,Elena Chen,2025-08-11 11:17:41,noise
6399119973715,6394018894269,T173,14.8,Elena Chen,2025-08-11 17:30:20,noise
6399119973715,6394018894269,T130,19.5,Elena Chen,2025-08-10 20:10:04,noise
6399119973715,6397872153794,T173,5.3,Elena Chen,2025-08-10 01:18:59,noise
6399119973715,6396863262521,T173,12.9,Elena Chen,2025-08-10 13:19:25,noise
6399119973715,6396609819264,T130,33.3,Elena Chen,2025-08-09 13:28:51,noise
6399119973715,6395086222587,T173,13.2,Elena Chen,2025-08-09 16:01:49,noise
6399119973715,6391024970537,T173,13.0,Elena Chen,2025-08-08 18:01:46,noise
6399119973715,6395086222587,T173,37.1,Elena Chen,2025-08-08 10:18:47,noise
6399119973715,6394781266670,T130,60.8,Elena Chen,2025-08-07 11:06:59,noise
6399119973715,6395086222587,T130,78.5,Elena Chen,2025-08-07 22:21:12,noise
6399119973715,6396609819264,T130,31.1,Elena Chen,2025-08-06 08:01:57,noise
6399119973715,6391644392848,T173,7.7,Elena Chen,2025-08-06 20:28:36,noise
6399119973715,6396609819264,T130,15.0,Elena Chen,2025-08-05 16:16:16,noise
6399119973715,6396609819264,T130,6.5,Elena Chen,2025-08-05 15:14:06,noise
6399119973715,6395086222587,T130,11.4,Elena Chen,2025-08-04 16:18:58,noise
6398313094253,6398536130070,T157,70.9,Fahad Anderson,2025-10-18 22:05:48,noise
6398313094253,6396433624746,T157,23.8,Fahad Anderson,2025-10-17 19:19:22,noise
6398313094253,6394285686989,T833,43.1,Fahad Anderson,2025-10-17 12:17:15,noise
6398313094253,6394018894269,T833,14.6,Fahad Anderson,2025-10-17 15:28:41,noise
6398313094253,6397515118078,T157,15.1,Fahad Anderson,2025-10-16 17:18:07,noise
6398313094253,6392584159767,T833,37.7,Fahad Anderson,2025-10-16 20:22:27,noise
6398313094253,6392584159767,T833,7.0,Fahad Anderson,2025-10-16 04:00:18,noise
6398313094253,6398578995606,T833,6.1,Fahad Anderson,2025-10-15 21:26:02,noise
6398313094253,6396609819264,T157,20.6,Fahad Anderson,2025-10-14 20:12:36,noise
6398313094253,6394285686989,T833,37.1,Fahad Anderson,2025-10-14 10:15:30,noise
6398313094253,6392584159767,T833,58.7,Fahad Anderson,2025-10-13 13:18:53,noise
6398313094253,6392584159767,T833,13.3,Fahad Anderson,2025-10-13 19:23:41,noise
6398313094253,6395104602062,T157,15.1,Fahad Anderson,2025-10-12 15:02:52,noise
6398313094253,6394334018731,T157,15.6,Fahad Anderson,2025-10-11 12:11:19,noise
6398313094253,6392584159767,T833,16.2,Fahad Anderson,2025-10-11 18:08:02,noise
6398313094253,6394285686989,T833,38.7,Fahad Anderson,2025-10-10 22:08:00,noise
6398313094253,6392584159767,T157,5.4,Fahad Anderson,2025-10-10 15:12:01,noise
6398313094253,6394285686989,T833,26.4,Fahad Anderson,2025-10-09 11:22:52,noise
6398313094253,6392623441780,T157,19.3,Fahad Anderson,2025-10-08 23:23:53,noise
6398313094253,6395738348726,T833,20.9,Fahad Anderson,2025-10-08 13:12:39,noise
6398313094253,6395738348726,T157,33.2,Fahad Anderson,2025-10-07 11:09:26,noise
6398313094253,6394285686989,T157,10.9,Fahad Anderson,2025-10-06 18:15:34,noise
6398313094253,6392584159767,T833,10.2,Fahad Anderson,2025-10-06 10:17:20,noise
6398313094253,6395738348726,T157,6.0,Fahad Anderson,2025-10-05 21:12:16,noise
6398313094253,6392584159767,T157,8.3,Fahad Anderson,2025-10-05 19:02:25,noise
6398313094253,6392584159767,T157,9.5,Fahad Anderson,2025-10-04 00:08:44,noise
6398313094253,6392584159767,T833,21.0,Fahad Anderson,2025-10-04 19:18:32,noise
6398313094253,6398536130070,T157,9.0,Fahad Anderson,2025-10-04 15:14:01,noise
6398313094253,6394285686989,T833,3.9,Fahad Anderson,2025-10-03 12:20:16,noise
6398313094253,6392584159767,T833,14.7,Fahad Anderson,2025-10-03 09:23:05,noise
6398313094253,6398175003577,T833,17.9,Fahad Anderson,2025-10-03 20:12:14,noise
6398313094253,6392584159767,T157,33.8,Fahad Anderson,2025-10-02 22:26:55,noise
6398313094253,6394285686989,T833,9.9,Fahad Anderson,2025-10-01 22:14:58,noise
6398313094253,6392584159767,T833,20.0,Fahad Anderson,2025-10-01 17:07:53,noise
6398313094253,6392523329605,T833,27.2,Fahad Anderson,2025-10-01 13:18:46,noise
6398313094253,6394285686989,T157,33.7,Fahad Anderson,2025-09-30 11:11:40,noise
6398313094253,6395738348726,T833,6.5,Fahad Anderson,2025-09-30 19:28:31,noise
6398313094253,6396863262521,T157,50.1,Fahad Anderson,2025-09-30 18:28:50,noise
6398313094253,6394018894269,T157,19.8,Fahad Anderson,2025-09-29 02:12:56,noise
6398313094253,6397176014123,T833,21.1,Fahad Anderson,2025-09-29 14:18:01,noise
6398313094253,6391678940428,T157,14.0,Fahad Anderson,2025-09-29 19:00:20,noise
6398313094253,6394369267219,T833,19.3,Fahad Anderson,2025-09-28 16:09:24,noise
6398313094253,6398536130070,T157,26.7,Fahad Anderson,2025-09-28 11:11:56,noise
6398313094253,6394477195628,T833,7.3,Fahad Anderson,2025-09-27 11:13:03,noise
6398313094253,6392584159767,T833,71.0,Fahad Anderson,2025-09-26 05:02:41,noise
6398313094253,6398096864787,T157,10.2,Fahad Anderson,2025-09-25 13:30:51,noise
6398313094253,6394285686989,T157,19.5,Fahad Anderson,2025-09-25 11:21:51,noise
6398313094253,6396397246783,T157,41.1,Fahad Anderson,2025-09-24 22:05:33,noise
6398313094253,6394285686989,T833,14.3,Fahad Anderson,2025-09-23 11:21:59,noise
6398313094253,6399119973715,T157,10.7,Fahad Anderson,2025-09-23 23:04:37,noise
6398313094253,6397357048476,T157,16.5,Fahad Anderson,2025-09-22 17:03:24,noise
6398313094253,6395738348726,T833,8.9,Fahad Anderson,2025-09-22 08:23:30,noise
6398313094253,6397872153794,T157,59.3,Fahad Anderson,2025-09-21 23:27:26,noise
6398313094253,6397169427647,T833,6.3,Fahad Anderson,2025-09-20 19:27:45,noise
6398313094253,6394285686989,T833,51.8,Fahad Anderson,2025-09-20 16:22:38,noise
6398313094253,6392584159767,T833,16.1,Fahad Anderson,2025-09-20 22:30:58,noise
6398313094253,6392584159767,T833,7.3,Fahad Anderson,2025-09-19 03:25:17,noise
6398313094253,6396397246783,T833,16.6,Fahad Anderson,2025-09-18 11:19:50,noise
6398313094253,6394285686989,T157,24.4,Fahad Anderson,2025-09-18 08:30:12,noise
6398313094253,6395289242961,T157,20.7,Fahad Anderson,2025-09-17 18:07:18,noise
6398313094253,6395104602062,T833,15.3,Fahad Anderson,2025-09-17 11:19:59,noise
6398313094253,6391917476319,T157,24.4,Fahad Anderson,2025-09-16 16:27:53,noise
6398313094253,6392584159767,T157,18.2,Fahad Anderson,2025-09-15 08:24:02,noise
6398313094253,6391644392848,T833,30.6,Fahad Anderson,2025-09-15 15:00:58,noise
6398313094253,6391054941178,T833,27.7,Fahad Anderson,2025-09-14 09:11:21,noise
6398313094253,6392584159767,T833,15.9,Fahad Anderson,2025-09-14 04:10:24,noise
6398313094253,6394781266670,T157,21.7,Fahad Anderson,2025-09-14 16:28:05,noise
6398313094253,6398446041346,T157,18.6,Fahad Anderson,2025-09-13 09:19:23,noise
6398313094253,6395738348726,T157,31.8,Fahad Anderson,2025-09-13 10:17:43,noise
6398313094253,6394285686989,T157,20.7,Fahad Anderson,2025-09-12 11:13:53,noise
6398313094253,6394285686989,T157,13.1,Fahad Anderson,2025-09-11 18:17:34,noise
6398313094253,6396609819264,T833,7.0,Fahad Anderson,2025-09-11 13:14:52,noise
6398313094253,6394285686989,T157,10.4,Fahad Anderson,2025-09-10 18:06:36,noise
6398313094253,6392584159767,T157,18.5,Fahad Anderson,2025-09-10 10:29:19,noise
6398313094253,6395738348726,T157,9.1,Fahad Anderson,2025-09-09 09:04:43,noise
6398313094253,6395738348726,T157,20.6,Fahad Anderson,2025-09-08 18:10:59,noise
6398313094253,6394285686989,T833,11.8,Fahad Anderson,2025-09-08 05:03:30,noise
6398313094253,6392385746157,T833,22.4,Fahad Anderson,2025-09-07 10:23:13,noise
6398313094253,6395738348726,T833,13.7,Fahad Anderson,2025-09-06 14:22:25,noise
6398313094253,6392584159767,T833,5.3,Fahad Anderson,2025-09-06 20:09:04,noise
6398313094253,6396433624746,T157,7.4,Fahad Anderson,2025-09-06 08:09:27,noise
6398313094253,6393958914953,T157,32.0,Fahad Anderson,2025-09-05 08:25:40,noise
6398313094253,6396284057733,T157,47.6,Fahad Anderson,2025-09-05 14:07:00,noise
6398313094253,6392182204871,T157,24.9,Fahad Anderson,2025-09-04 14:02:44,noise
6398313094253,6392584159767,T157,19.0,Fahad Anderson,2025-09-04 21:12:23,noise
6398313094253,6394285686989,T833,9.0,Fahad Anderson,2025-09-03 11:05:51,noise
6398313094253,6392584159767,T157,35.1,Fahad Anderson,2025-09-03 16:05:27,noise
6398313094253,6395738348726,T157,23.8,Fahad Anderson,2025-09-02 11:27:32,noise
6398313094253,6395738348726,T833,17.6,Fahad Anderson,2025-09-02 15:17:35,noise
6398313094253,6395738348726,T833,31.9,Fahad Anderson,2025-09-02 10:02:44,noise
6398313094253,6395086222587,T157,11.6,Fahad Anderson,2025-09-01 21:22:13,noise
6398313094253,6394285686989,T833,20.7,Fahad Anderson,2025-09-01 08:15:05,noise
6398313094253,6394389103334,T833,10.4,Fahad Anderson,2025-08-31 10:20:36,noise
6398313094253,6395863306424,T833,8.7,Fahad Anderson,2025-08-30 13:04:37,noise
6398313094253,6394285686989,T157,18.0,Fahad Anderson,2025-08-30 10:06:54,noise
6398313094253,6394285686989,T833,23.8,Fahad Anderson,2025-08-29 14:16:47,noise
6398313094253,6397654503285,T157,21.5,Fahad Anderson,2025-08-29 12:28:22,noise
6398313094253,6395738348726,T833,17.3,Fahad Anderson,2025-08-29 15:15:58,noise
6398313094253,6391847085587,T157,56.3,Fahad Anderson,2025-08-28 13:07:50,noise
6398313094253,6392584159767,T157,59.3,Fahad Anderson,2025-08-28 12:00:02,noise
6398313094253,6392584159767,T157,22.6,Fahad Anderson,2025-08-27 14:06:11,noise
6398313094253,6395738348726,T157,41.0,Fahad Anderson,2025-08-27 19:15:39,noise
6398313094253,6395738348726,T833,29.6,Fahad Anderson,2025-08-27 15:30:04,noise
6398313094253,6395738348726,T833,14.2,Fahad Anderson,2025-08-26 11:08:26,noise
6398313094253,6395709000192,T157,7.7,Fahad Anderson,2025-08-26 10:27:59,noise
6398313094253,6399697255231,T157,19.6,Fahad Anderson,2025-08-25 00:09:30,noise
6398313094253,6392584159767,T157,4.8,Fahad Anderson,2025-08-25 13:14:38,noise
6398313094253,6394285686989,T833,44.5,Fahad Anderson,2025-08-24 14:07:40,noise
6398313094253,6392584159767,T157,7.8,Fahad Anderson,2025-08-24 14:03:01,noise
6398313094253,6395289242961,T833,34.9,Fahad Anderson,2025-08-24 17:06:55,noise
6398313094253,6392584159767,T157,28.5,Fahad Anderson,2025-08-23 21:08:53,noise
6398313094253,6394285686989,T157,6.3,Fahad Anderson,2025-08-22 09:26:53,noise
6398313094253,6393502849379,T833,22.2,Fahad Anderson,2025-08-22 16:29:30,noise
6398313094253,6395264944630,T833,10.3,Fahad Anderson,2025-08-21 10:14:36,noise
6398313094253,6398621864419,T157,9.9,Fahad Anderson,2025-08-21 14:28:02,noise
6398313094253,6394389103334,T833,9.6,Fahad Anderson,2025-08-21 11:01:32,noise
6398313094253,6394285686989,T157,3.2,Fahad Anderson,2025-08-20 15:07:49,noise
6398313094253,6394781266670,T833,15.9,Fahad Anderson,2025-08-19 04:13:13,noise
6398313094253,6393299477204,T157,97.5,Fahad Anderson,2025-08-19 16:08:10,noise
6398313094253,6399628559272,T833,6.7,Fahad Anderson,2025-08-19 10:30:54,noise
6398313094253,6393511301796,T157,6.0,Fahad Anderson,2025-08-18 16:18:57,noise
6398313094253,6395738348726,T833,6.3,Fahad Anderson,2025-08-17 11:04:00,noise
6398313094253,6398578995606,T157,29.5,Fahad Anderson,2025-08-16 12:00:59,noise
6398313094253,6395738348726,T157,45.9,Fahad Anderson,2025-08-16 04:15:34,noise
6398313094253,6395738348726,T833,20.5,Fahad Anderson,2025-08-16 15:03:46,noise
6398313094253,6392584159767,T833,17.0,Fahad Anderson,2025-08-15 19:17:01,noise
6398313094253,6392584159767,T157,25.8,Fahad Anderson,2025-08-15 10:07:56,noise
6398313094253,6395738348726,T157,12.6,Fahad Anderson,2025-08-15 08:14:47,noise
6398313094253,6398096864787,T833,44.5,Fahad Anderson,2025-08-14 20:20:35,noise
6398313094253,6394285686989,T833,7.1,Fahad Anderson,2025-08-14 17:28:18,noise
6398313094253,6398446041346,T157,17.4,Fahad Anderson,2025-08-13 10:29:13,noise
6398313094253,6392584159767,T833,26.7,Fahad Anderson,2025-08-13 11:18:13,noise
6398313094253,6395738348726,T157,4.0,Fahad Anderson,2025-08-13 12:19:50,noise
6398313094253,6392584159767,T157,30.2,Fahad Anderson,2025-08-12 08:16:51,noise
6398313094253,6392584159767,T157,24.9,Fahad Anderson,2025-08-12 14:03:46,noise
6398313094253,6396782939427,T833,50.3,Fahad Anderson,2025-08-12 01:21:02,noise
6398313094253,6395277555081,T157,12.5,Fahad Anderson,2025-08-11 20:00:46,noise
6398313094253,6392249133353,T157,28.8,Fahad Anderson,2025-08-11 15:13:25,noise
6398313094253,6396782939427,T157,24.5,Fahad Anderson,2025-08-11 14:17:43,noise
6398313094253,6391678940428,T833,10.9,Fahad Anderson,2025-08-10 12:07:35,noise
6398313094253,6395738348726,T157,2.9,Fahad Anderson,2025-08-10 20:22:17,noise
6398313094253,6392584159767,T833,5.4,Fahad Anderson,2025-08-09 11:29:20,noise
6398313094253,6392584159767,T157,15.4,Fahad Anderson,2025-08-09 08:26:50,noise
6398313094253,6396433624746,T833,7.5,Fahad Anderson,2025-08-08 15:12:43,noise
6398313094253,6392584159767,T833,26.0,Fahad Anderson,2025-08-08 08:07:57,noise
6398313094253,6392584159767,T157,14.2,Fahad Anderson,2025-08-07 12:09:57,noise
6398313094253,6393318640912,T833,11.7,Fahad Anderson,2025-08-07 03:11:20,noise
6398313094253,6399119973715,T833,30.2,Fahad Anderson,2025-08-06 11:21:34,noise
6398313094253,6399406323212,T157,3.5,Fahad Anderson,2025-08-06 08:00:13,noise
6398313094253,6392584159767,T833,45.7,Fahad Anderson,2025-08-05 11:25:07,noise
6398313094253,6392584159767,T833,7.6,Fahad Anderson,2025-08-05 10:15:35,noise
6398313094253,6394285686989,T833,16.7,Fahad Anderson,2025-08-04 12:16:47,noise
6398313094253,6395738348726,T157,7.0,Fahad Anderson,2025-08-04 17:29:00,noise
6398313094253,6392944941518,T833,6.0,Fahad Anderson,2025-08-04 21:17:49,noise
6396026405795,6392599009461,T819,15.9,Omar Meyer,2025-10-18 10:15:42,noise
6396026405795,6392546307565,T921,25.0,Omar Meyer,2025-10-18 10:22:44,noise
6396026405795,6394334018731,T819,33.4,Omar Meyer,2025-10-17 03:21:36,noise
6396026405795,6396433624746,T819,66.3,Omar Meyer,2025-10-17 22:22:25,noise
6396026405795,6391936644374,T921,52.3,Omar Meyer,2025-10-16 18:12:30,noise
6396026405795,6392385746157,T921,43.1,Omar Meyer,2025-10-16 15:22:06,noise
6396026405795,6396433624746,T819,12.7,Omar Meyer,2025-10-16 22:15:26,noise
6396026405795,6392385746157,T819,16.1,Omar Meyer,2025-10-15 18:10:30,noise
6396026405795,6396433624746,T819,9.3,Omar Meyer,2025-10-15 21:13:39,noise
6396026405795,6392385746157,T819,5.3,Omar Meyer,2025-10-15 12:00:29,noise
6396026405795,6396433624746,T819,4.6,Omar Meyer,2025-10-14 13:24:10,noise
6396026405795,6392182204871,T819,5.1,Omar Meyer,2025-10-13 10:16:18,noise
6396026405795,6396433624746,T921,28.8,Omar Meyer,2025-10-12 11:04:14,noise
6396026405795,6396433624746,T819,63.2,Omar Meyer,2025-10-11 15:14:44,noise
6396026405795,6396433624746,T819,7.5,Omar Meyer,2025-10-11 17:13:15,noise
6396026405795,6398621864419,T921,50.0,Omar Meyer,2025-10-11 08:12:22,noise
6396026405795,6392251159617,T921,88.9,Omar Meyer,2025-10-10 16:25:09,noise
6396026405795,6394477195628,T819,30.5,Omar Meyer,2025-10-09 20:06:45,noise
6396026405795,6396663971262,T819,22.7,Omar Meyer,2025-10-09 11:04:28,noise
6396026405795,6392251159617,T819,8.9,Omar Meyer,2025-10-08 12:17:40,noise
6396026405795,6392385746157,T819,5.7,Omar Meyer,2025-10-08 04:11:27,noise
6396026405795,6392385746157,T819,20.6,Omar Meyer,2025-10-08 13:06:33,noise
6396026405795,6396433624746,T921,17.4,Omar Meyer,2025-10-07 08:18:35,noise
6396026405795,6392251159617,T921,39.1,Omar Meyer,2025-10-07 12:04:32,noise
6396026405795,6397169427647,T819,50.2,Omar Meyer,2025-10-07 16:11:33,noise
6396026405795,6392385746157,T819,17.4,Omar Meyer,2025-10-06 19:12:32,noise
6396026405795,6396433624746,T819,27.8,Omar Meyer,2025-10-06 11:27:24,noise
6396026405795,6397398372383,T819,8.5,Omar Meyer,2025-10-06 17:15:30,noise
6396026405795,6396433624746,T921,2.6,Omar Meyer,2025-10-05 16:29:56,noise
6396026405795,6396433624746,T819,119.2,Omar Meyer,2025-10-04 17:08:20,noise
6396026405795,6392385746157,T819,12.2,Omar Meyer,2025-10-04 10:26:32,noise
6396026405795,6396433624746,T819,31.4,Omar Meyer,2025-10-04 08:27:05,noise
6396026405795,6399628559272,T819,23.2,Omar Meyer,2025-10-03 15:26:08,noise
6396026405795,6396433624746,T819,3.1,Omar Meyer,2025-10-03 11:00:44,noise
6396026405795,6392385746157,T819,25.3,Omar Meyer,2025-10-02 12:01:09,noise
6396026405795,6399857882871,T819,19.5,Omar Meyer,2025-10-02 11:24:39,noise
6396026405795,6392251159617,T819,6.4,Omar Meyer,2025-10-01 20:25:26,noise
6396026405795,6392385746157,T819,69.1,Omar Meyer,2025-10-01 08:11:58,noise
6396026405795,6398645236008,T819,38.0,Omar Meyer,2025-09-30 10:08:36,noise
6396026405795,6392251159617,T819,13.8,Omar Meyer,2025-09-30 10:18:22,noise
6396026405795,6392251159617,T819,20.9,Omar Meyer,2025-09-29 13:01:03,noise
6396026405795,6392385746157,T819,20.5,Omar Meyer,2025-09-29 18:23:25,noise
6396026405795,6395104602062,T921,41.4,Omar Meyer,2025-09-28 12:13:11,noise
6396026405795,6392089382142,T921,18.3,Omar Meyer,2025-09-28 16:24:37,noise
6396026405795,6392385746157,T819,34.2,Omar Meyer,2025-09-27 10:20:51,noise
6396026405795,6392251159617,T819,39.5,Omar Meyer,2025-09-26 20:12:37,noise
6396026405795,6394602944141,T819,96.1,Omar Meyer,2025-09-26 09:13:23,noise
6396026405795,6396433624746,T819,21.6,Omar Meyer,2025-09-26 14:16:27,noise
6396026405795,6399697255231,T819,11.1,Omar Meyer,2025-09-25 11:03:07,noise
6396026405795,6396433624746,T819,6.7,Omar Meyer,2025-09-25 09:07:44,noise
6396026405795,6392251159617,T819,7.6,Omar Meyer,2025-09-25 13:13:36,noise
6396026405795,6395709000192,T819,21.4,Omar Meyer,2025-09-24 20:25:12,noise
6396026405795,6394602944141,T921,5.5,Omar Meyer,2025-09-24 17:02:50,noise
6396026405795,6392251159617,T819,10.7,Omar Meyer,2025-09-23 09:03:31,noise
6396026405795,6396863262521,T921,20.6,Omar Meyer,2025-09-23 12:13:55,noise
6396026405795,6398096864787,T921,4.8,Omar Meyer,2025-09-22 15:07:34,noise
6396026405795,6392251159617,T921,21.5,Omar Meyer,2025-09-22 19:17:48,noise
6396026405795,6395388614739,T819,11.0,Omar Meyer,2025-09-21 10:26:32,noise
6396026405795,6391678940428,T819,11.8,Omar Meyer,2025-09-20 13:20:58,noise
6396026405795,6392251159617,T921,22.3,Omar Meyer,2025-09-20 09:30:52,noise
6396026405795,6392385746157,T819,14.7,Omar Meyer,2025-09-20 09:12:21,noise
6396026405795,6396433624746,T819,29.1,Omar Meyer,2025-09-19 05:23:04,noise
6396026405795,6396433624746,T921,20.2,Omar Meyer,2025-09-19 08:26:47,noise
6396026405795,6392385746157,T819,11.7,Omar Meyer,2025-09-18 22:29:06,noise
6396026405795,6398578995606,T819,24.3,Omar Meyer,2025-09-17 23:08:25,noise
6396026405795,6392251159617,T921,10.1,Omar Meyer,2025-09-17 18:00:48,noise
6396026405795,6391054941178,T921,58.2,Omar Meyer,2025-09-17 16:06:03,noise
6396026405795,6395328992709,T921,32.5,Omar Meyer,2025-09-16 15:29:32,noise
6396026405795,6395289242961,T819,14.0,Omar Meyer,2025-09-16 03:27:45,noise
6396026405795,6396433624746,T819,15.3,Omar Meyer,2025-09-16 16:22:32,noise
6396026405795,6392385746157,T819,18.0,Omar Meyer,2025-09-15 19:21:38,noise
6396026405795,6396433624746,T921,54.2,Omar Meyer,2025-09-15 15:07:19,noise
6396026405795,6392251159617,T921,23.9,Omar Meyer,2025-09-15 23:24:48,noise
6396026405795,6392251159617,T819,13.0,Omar Meyer,2025-09-14 22:02:36,noise
6396026405795,6396433624746,T921,46.9,Omar Meyer,2025-09-14 20:01:40,noise
6396026405795,6392691285953,T921,14.1,Omar Meyer,2025-09-14 12:23:51,noise
6396026405795,6391644392848,T819,7.8,Omar Meyer,2025-09-13 02:04:44,noise
6396026405795,6392251159617,T921,34.6,Omar Meyer,2025-09-12 18:30:54,noise
6396026405795,6392385746157,T819,9.2,Omar Meyer,2025-09-12 11:14:41,noise
6396026405795,6392523329605,T921,11.6,Omar Meyer,2025-09-11 20:07:03,noise
6396026405795,6396433624746,T819,7.2,Omar Meyer,2025-09-11 15:23:21,noise
6396026405795,6396433624746,T921,2.9,Omar Meyer,2025-09-10 11:25:48,noise
6396026405795,6392251159617,T819,71.2,Omar Meyer,2025-09-10 10:26:10,noise
6396026405795,6392385746157,T819,28.3,Omar Meyer,2025-09-10 19:27:56,noise
6396026405795,6398446041346,T819,9.0,Omar Meyer,2025-09-09 21:05:59,noise
6396026405795,6396433624746,T819,27.1,Omar Meyer,2025-09-09 14:27:59,noise
6396026405795,6392385746157,T921,37.0,Omar Meyer,2025-09-09 17:01:56,noise
6396026405795,6394285686989,T819,9.6,Omar Meyer,2025-09-08 09:29:16,noise
6396026405795,6397317313563,T819,14.9,Omar Meyer,2025-09-08 12:30:49,noise
6396026405795,6396433624746,T819,9.4,Omar Meyer,2025-09-08 15:05:29,noise
6396026405795,6396433624746,T819,14.3,Omar Meyer,2025-09-07 12:25:48,noise
6396026405795,6397398372383,T819,8.7,Omar Meyer,2025-09-07 20:23:45,noise
6396026405795,6392385746157,T819,34.8,Omar Meyer,2025-09-06 17:17:25,noise
6396026405795,6397345443862,T921,19.5,Omar Meyer,2025-09-06 22:29:27,noise
6396026405795,6395447757108,T819,32.0,Omar Meyer,2025-09-05 14:26:40,noise
6396026405795,6392385746157,T819,23.5,Omar Meyer,2025-09-05 22:16:56,noise
6396026405795,6392251159617,T921,10.9,Omar Meyer,2025-09-05 15:19:47,noise
6396026405795,6392385746157,T921,7.9,Omar Meyer,2025-09-04 13:11:06,noise
6396026405795,6396433624746,T921,13.1,Omar Meyer,2025-09-04 12:20:51,noise
6396026405795,6396433624746,T921,20.7,Omar Meyer,2025-09-03 00:12:00,noise
6396026405795,6392385746157,T819,43.6,Omar Meyer,2025-09-03 11:06:11,noise
6396026405795,6396433624746,T819,4.7,Omar Meyer,2025-09-02 19:26:37,noise
6396026405795,6396433624746,T819,14.2,Omar Meyer,2025-09-02 22:29:38,noise
6396026405795,6395709000192,T921,30.3,Omar Meyer,2025-09-02 09:02:28,noise
6396026405795,6392251159617,T819,31.7,Omar Meyer,2025-09-01 22:21:26,noise
6396026405795,6392385746157,T921,8.4,Omar Meyer,2025-09-01 11:22:07,noise
6396026405795,6396026405795,T819,14.2,Omar Meyer,2025-08-31 11:03:09,noise
6396026405795,6396433624746,T921,8.3,Omar Meyer,2025-08-31 02:27:15,noise
6396026405795,6392251159617,T921,42.0,Omar Meyer,2025-08-30 05:05:01,noise
6396026405795,6392251159617,T921,28.2,Omar Meyer,2025-08-30 20:03:30,noise
6396026405795,6393474215565,T819,14.3,Omar Meyer,2025-08-29 22:14:44,noise
6396026405795,6395447757108,T921,8.3,Omar Meyer,2025-08-29 14:15:14,noise
6396026405795,6392251159617,T921,10.4,Omar Meyer,2025-08-28 22:23:37,noise
6396026405795,6392385746157,T819,16.0,Omar Meyer,2025-08-28 18:13:42,noise
6396026405795,6392385746157,T921,16.2,Omar Meyer,2025-08-28 13:07:56,noise
6396026405795,6394018894269,T921,7.2,Omar Meyer,2025-08-27 00:29:38,noise
6396026405795,6392251159617,T819,17.0,Omar Meyer,2025-08-27 10:19:16,noise
6396026405795,6396433624746,T921,49.0,Omar Meyer,2025-08-26 17:21:27,noise
6396026405795,6392251159617,T819,38.6,Omar Meyer,2025-08-26 08:01:27,noise
6396026405795,6392251159617,T819,11.1,Omar Meyer,2025-08-26 09:06:18,noise
6396026405795,6396212810153,T819,20.4,Omar Meyer,2025-08-25 05:29:25,noise
6396026405795,6397959530865,T921,21.2,Omar Meyer,2025-08-24 08:16:26,noise
6396026405795,6392385746157,T819,12.5,Omar Meyer,2025-08-24 11:14:45,noise
6396026405795,6396433624746,T819,5.5,Omar Meyer,2025-08-23 11:22:58,noise
6396026405795,6392251159617,T819,13.3,Omar Meyer,2025-08-23 22:29:09,noise
6396026405795,6392385746157,T819,11.0,Omar Meyer,2025-08-22 12:04:10,noise
6396026405795,6392385746157,T819,24.8,Omar Meyer,2025-08-22 16:18:51,noise
6396026405795,6398096864787,T819,19.6,Omar Meyer,2025-08-22 14:11:38,noise
6396026405795,6396433624746,T921,47.9,Omar Meyer,2025-08-21 19:02:03,noise
6396026405795,6396433624746,T819,12.6,Omar Meyer,2025-08-21 10:17:08,noise
6396026405795,6396433624746,T819,11.7,Omar Meyer,2025-08-20 11:04:24,noise
6396026405795,6392385746157,T921,3.4,Omar Meyer,2025-08-20 19:14:17,noise
6396026405795,6392251159617,T819,10.1,Omar Meyer,2025-08-19 22:10:36,noise
6396026405795,6392623441780,T819,9.1,Omar Meyer,2025-08-19 05:16:59,noise
6396026405795,6392385746157,T819,9.3,Omar Meyer,2025-08-18 15:17:13,noise
6396026405795,6397357048476,T921,50.1,Omar Meyer,2025-08-18 08:24:16,noise
6396026405795,6398313094253,T921,27.1,Omar Meyer,2025-08-17 01:29:04,noise
6396026405795,6394855637596,T921,19.8,Omar Meyer,2025-08-17 11:24:50,noise
6396026405795,6395277555081,T921,45.0,Omar Meyer,2025-08-17 13:01:24,noise
6396026405795,6399828853050,T819,23.1,Omar Meyer,2025-08-16 16:09:28,noise
6396026405795,6396433624746,T921,7.8,Omar Meyer,2025-08-15 11:29:32,noise
6396026405795,6399857882871,T819,16.9,Omar Meyer,2025-08-15 18:21:17,noise
6396026405795,6396397246783,T921,34.3,Omar Meyer,2025-08-14 13:15:42,noise
6396026405795,6392251159617,T921,19.4,Omar Meyer,2025-08-13 19:05:55,noise
6396026405795,6393511301796,T819,6.3,Omar Meyer,2025-08-13 14:14:42,noise
6396026405795,6399406323212,T819,7.8,Omar Meyer,2025-08-13 08:12:16,noise
6396026405795,6396433624746,T819,8.4,Omar Meyer,2025-08-12 12:23:30,noise
6396026405795,6392251159617,T819,10.2,Omar Meyer,2025-08-12 03:15:46,noise
6396026405795,6398175003577,T921,37.3,Omar Meyer,2025-08-11 18:30:52,noise
6396026405795,6392523329605,T921,18.3,Omar Meyer,2025-08-11 08:04:49,noise
6396026405795,6392691285953,T819,16.1,Omar Meyer,2025-08-10 16:30:04,noise
6396026405795,6396433624746,T819,78.2,Omar Meyer,2025-08-09 19:23:59,noise
6396026405795,6392599009461,T921,17.9,Omar Meyer,2025-08-09 17:29:00,noise
6396026405795,6395557270185,T819,3.3,Omar Meyer,2025-08-08 15:06:40,noise
6396026405795,6392385746157,T921,27.4,Omar Meyer,2025-08-08 13:13:00,noise
6396026405795,6392385746157,T921,14.1,Omar Meyer,2025-08-07 18:10:51,noise
6396026405795,6392251159617,T921,83.8,Omar Meyer,2025-08-07 20:07:27,noise
6396026405795,6392251159617,T921,8.5,Omar Meyer,2025-08-06 17:26:00,noise
6396026405795,6398536130070,T921,8.9,Omar Meyer,2025-08-05 14:21:40,noise
6396026405795,6396934367041,T819,16.6,Omar Meyer,2025-08-05 19:08:04,noise
6396026405795,6396433624746,T819,8.4,Omar Meyer,2025-08-04 10:10:38,noise
6396026405795,6396433624746,T921,10.3,Omar Meyer,2025-08-04 18:19:21,noise
6391294572959,6394369267219,T251,54.1,Ana Carlos,2025-10-18 12:08:32,noise
6391294572959,6398584437466,T681,15.4,Ana Carlos,2025-10-18 13:00:06,noise
6391294572959,6391294572959,T681,31.1,Ana Carlos,2025-10-17 13:17:07,noise
6391294572959,6396026405795,T681,9.7,Ana Carlos,2025-10-16 20:02:20,noise
6391294572959,6394334018731,T681,7.3,Ana Carlos,2025-10-15 09:29:09,noise
6391294572959,6395034822866,T251,19.0,Ana Carlos,2025-10-15 10:23:01,noise
6391294572959,6395104602062,T681,18.5,Ana Carlos,2025-10-14 11:01:43,noise
6391294572959,6392609362629,T681,27.8,Ana Carlos,2025-10-14 20:18:44,noise
6391294572959,6395034822866,T681,33.8,Ana Carlos,2025-10-14 10:30:55,noise
6391294572959,6396397246783,T681,8.2,Ana Carlos,2025-10-13 21:18:47,noise
6391294572959,6398096864787,T251,23.4,Ana Carlos,2025-10-13 19:11:00,noise
6391294572959,6391678940428,T681,37.5,Ana Carlos,2025-10-12 16:01:54,noise
6391294572959,6396397246783,T681,24.0,Ana Carlos,2025-10-11 01:21:35,noise
6391294572959,6397685492906,T251,10.2,Ana Carlos,2025-10-10 10:03:30,noise
6391294572959,6396397246783,T681,12.4,Ana Carlos,2025-10-10 23:23:54,noise
6391294572959,6396397246783,T251,36.3,Ana Carlos,2025-10-09 14:22:58,noise
6391294572959,6396397246783,T251,3.7,Ana Carlos,2025-10-09 19:18:25,noise
6391294572959,6395447757108,T251,7.1,Ana Carlos,2025-10-09 16:18:43,noise
6391294572959,6395034822866,T251,14.0,Ana Carlos,2025-10-08 19:03:18,noise
6391294572959,6396397246783,T251,17.1,Ana Carlos,2025-10-08 05:09:02,noise
6391294572959,6396397246783,T681,9.1,Ana Carlos,2025-10-07 11:27:07,noise
6391294572959,6395104602062,T251,6.4,Ana Carlos,2025-10-07 14:01:30,noise
6391294572959,6396397246783,T251,16.3,Ana Carlos,2025-10-06 13:26:47,noise
6391294572959,6395034822866,T681,21.5,Ana Carlos,2025-10-06 18:24:15,noise
6391294572959,6395034822866,T681,40.0,Ana Carlos,2025-10-06 16:05:28,noise
6391294572959,6392599009461,T681,5.9,Ana Carlos,2025-10-05 20:15:09,noise
6391294572959,6395034822866,T681,16.3,Ana Carlos,2025-10-05 14:10:29,noise
6391294572959,6395034822866,T681,17.4,Ana Carlos,2025-10-04 14:21:21,noise
6391294572959,6392691285953,T681,9.6,Ana Carlos,2025-10-04 18:29:11,noise
6391294572959,6399119973715,T681,15.2,Ana Carlos,2025-10-04 16:13:45,noise
6391294572959,6395034822866,T681,15.2,Ana Carlos,2025-10-03 13:11:54,noise
6391294572959,6391294572959,T681,24.8,Ana Carlos,2025-10-02 11:24:04,noise
6391294572959,6397176014123,T681,24.7,Ana Carlos,2025-10-02 19:13:49,noise
6391294572959,6396397246783,T251,16.1,Ana Carlos,2025-10-01 17:05:57,noise
6391294572959,6396397246783,T681,19.2,Ana Carlos,2025-10-01 14:30:04,noise
6391294572959,6392523329605,T251,9.3,Ana Carlos,2025-09-30 18:23:10,noise
6391294572959,6395104602062,T681,10.2,Ana Carlos,2025-09-30 23:28:45,noise
6391294572959,6395388614739,T681,27.6,Ana Carlos,2025-09-30 10:27:18,noise
6391294572959,6396397246783,T681,8.3,Ana Carlos,2025-09-29 13:05:29,noise
6391294572959,6391917476319,T251,2.1,Ana Carlos,2025-09-29 14:03:35,noise
6391294572959,6395104602062,T681,8.4,Ana Carlos,2025-09-28 15:15:24,noise
6391294572959,6396397246783,T681,12.1,Ana Carlos,2025-09-28 08:28:28,noise
6391294572959,6395034822866,T681,4.9,Ana Carlos,2025-09-28 19:01:45,noise
6391294572959,6396284057733,T681,59.2,Ana Carlos,2025-09-27 15:10:44,noise
6391294572959,6395034822866,T681,13.6,Ana Carlos,2025-09-27 10:06:35,noise
6391294572959,6398313094253,T251,27.9,Ana Carlos,2025-09-26 04:02:34,noise
6391294572959,6395034822866,T251,22.7,Ana Carlos,2025-09-26 15:30:24,noise
6391294572959,6391697329269,T681,8.5,Ana Carlos,2025-09-25 18:13:05,noise
6391294572959,6395104602062,T251,7.0,Ana Carlos,2025-09-24 12:15:11,noise
6391294572959,6394855637596,T251,7.1,Ana Carlos,2025-09-24 09:10:52,noise
6391294572959,6392249133353,T681,9.2,Ana Carlos,2025-09-24 12:28:59,noise
6391294572959,6396397246783,T681,4.9,Ana Carlos,2025-09-23 20:23:53,noise
6391294572959,6397176014123,T681,10.2,Ana Carlos,2025-09-23 17:28:32,noise
6391294572959,6396397246783,T681,35.7,Ana Carlos,2025-09-22 14:23:51,noise
6391294572959,6394018894269,T251,43.5,Ana Carlos,2025-09-22 13:05:29,noise
6391294572959,6396397246783,T251,63.5,Ana Carlos,2025-09-21 13:10:57,noise
6391294572959,6395388614739,T681,25.2,Ana Carlos,2025-09-21 13:26:21,noise
6391294572959,6396397246783,T681,12.4,Ana Carlos,2025-09-20 17:17:39,noise
6391294572959,6396397246783,T681,5.1,Ana Carlos,2025-09-20 17:26:59,noise
6391294572959,6395034822866,T251,33.9,Ana Carlos,2025-09-20 17:11:16,noise
6391294572959,6392385746157,T681,26.3,Ana Carlos,2025-09-19 08:18:16,noise
6391294572959,6395034822866,T251,13.3,Ana Carlos,2025-09-18 10:25:55,noise
6391294572959,6396397246783,T251,14.9,Ana Carlos,2025-09-18 09:05:03,noise
6391294572959,6395104602062,T251,19.7,Ana Carlos,2025-09-17 15:14:24,noise
6391294572959,6398621864419,T251,44.3,Ana Carlos,2025-09-17 03:08:49,noise
6391294572959,6399628559272,T681,16.9,Ana Carlos,2025-09-17 15:28:25,noise
6391294572959,6395104602062,T681,32.0,Ana Carlos,2025-09-16 20:16:31,noise
6391294572959,6396956367740,T681,15.4,Ana Carlos,2025-09-16 16:26:51,noise
6391294572959,6395034822866,T681,17.7,Ana Carlos,2025-09-15 10:27:12,noise
6391294572959,6393511301796,T681,15.5,Ana Carlos,2025-09-15 10:28:34,noise
6391294572959,6395034822866,T251,17.9,Ana Carlos,2025-09-14 17:14:45,noise
6391294572959,6395034822866,T251,16.0,Ana Carlos,2025-09-14 08:16:23,noise
6391294572959,6395104602062,T251,11.7,Ana Carlos,2025-09-14 16:00:08,noise
6391294572959,6395034822866,T681,15.7,Ana Carlos,2025-09-13 18:00:15,noise
6391294572959,6396397246783,T681,22.3,Ana Carlos,2025-09-12 11:06:52,noise
6391294572959,6396397246783,T681,19.3,Ana Carlos,2025-09-12 13:00:51,noise
6391294572959,6398536130070,T681,5.0,Ana Carlos,2025-09-12 14:04:14,noise
6391294572959,6398578995606,T681,12.2,Ana Carlos,2025-09-11 20:06:30,noise
6391294572959,6396397246783,T251,16.1,Ana Carlos,2025-09-11 23:01:42,noise
6391294572959,6396397246783,T251,9.2,Ana Carlos,2025-09-10 13:02:41,noise
6391294572959,6392385746157,T681,43.1,Ana Carlos,2025-09-10 00:15:21,noise
6391294572959,6395034822866,T251,19.8,Ana Carlos,2025-09-10 13:06:12,noise
6391294572959,6395104602062,T251,10.7,Ana Carlos,2025-09-09 01:03:36,noise
6391294572959,6399697255231,T251,6.7,Ana Carlos,2025-09-09 19:05:23,noise
6391294572959,6394018894269,T251,18.8,Ana Carlos,2025-09-08 15:04:01,noise
6391294572959,6394855637596,T681,3.5,Ana Carlos,2025-09-08 03:26:42,noise
6391294572959,6395557270185,T681,27.7,Ana Carlos,2025-09-08 10:17:41,noise
6391294572959,6395104602062,T681,11.7,Ana Carlos,2025-09-07 21:10:25,noise
6391294572959,6393511301796,T251,28.4,Ana Carlos,2025-09-06 18:04:40,noise
6391294572959,6395104602062,T681,20.8,Ana Carlos,2025-09-06 10:13:12,noise
6391294572959,6395104602062,T681,8.3,Ana Carlos,2025-09-06 03:25:10,noise
6391294572959,6395104602062,T251,39.0,Ana Carlos,2025-09-05 14:17:57,noise
6391294572959,6395104602062,T681,22.0,Ana Carlos,2025-09-04 19:08:02,noise
6391294572959,6397398372383,T681,5.5,Ana Carlos,2025-09-04 14:01:51,noise
6391294572959,6396397246783,T681,13.7,Ana Carlos,2025-09-03 10:17:33,noise
6391294572959,6393116814799,T681,12.6,Ana Carlos,2025-09-03 19:09:37,noise
6391294572959,6398096864787,T681,5.1,Ana Carlos,2025-09-02 18:18:39,noise
6391294572959,6395034822866,T681,18.2,Ana Carlos,2025-09-02 20:00:13,noise
6391294572959,6396397246783,T251,24.7,Ana Carlos,2025-09-01 11:18:17,noise
6391294572959,6395104602062,T681,4.1,Ana Carlos,2025-08-31 04:14:43,noise
6391294572959,6395277555081,T251,21.3,Ana Carlos,2025-08-30 10:07:38,noise
6391294572959,6396433624746,T251,14.2,Ana Carlos,2025-08-30 03:29:32,noise
6391294572959,6391294572959,T251,18.0,Ana Carlos,2025-08-29 15:04:05,noise
6391294572959,6399095757865,T251,14.1,Ana Carlos,2025-08-29 23:04:48,noise
6391294572959,6395104602062,T251,24.5,Ana Carlos,2025-08-28 04:30:21,noise
6391294572959,6393318640912,T681,22.7,Ana Carlos,2025-08-27 21:28:54,noise
6391294572959,6395034822866,T681,19.0,Ana Carlos,2025-08-27 10:21:25,noise
6391294572959,6394701982874,T251,15.6,Ana Carlos,2025-08-26 20:21:29,noise
6391294572959,6395104602062,T681,9.9,Ana Carlos,2025-08-26 15:03:36,noise
6391294572959,6395388614739,T681,13.4,Ana Carlos,2025-08-25 10:27:53,noise
6391294572959,6395104602062,T681,18.3,Ana Carlos,2025-08-25 21:18:26,noise
6391294572959,6395034822866,T251,12.5,Ana Carlos,2025-08-25 08:27:00,noise
6391294572959,6394995994848,T251,11.1,Ana Carlos,2025-08-24 11:13:22,noise
6391294572959,6393511301796,T251,11.5,Ana Carlos,2025-08-24 20:09:25,noise
6391294572959,6396212810153,T251,7.0,Ana Carlos,2025-08-24 09:13:22,noise
6391294572959,6396397246783,T251,8.4,Ana Carlos,2025-08-23 09:10:12,noise
6391294572959,6395104602062,T251,9.1,Ana Carlos,2025-08-23 12:06:48,noise
6391294572959,6395104602062,T251,10.0,Ana Carlos,2025-08-23 08:14:57,noise
6391294572959,6395104602062,T251,35.5,Ana Carlos,2025-08-22 12:13:02,noise
6391294572959,6395104602062,T681,10.5,Ana Carlos,2025-08-22 23:23:52,noise
6391294572959,6395104602062,T681,14.3,Ana Carlos,2025-08-22 18:05:57,noise
6391294572959,6394701982874,T251,21.3,Ana Carlos,2025-08-21 19:24:12,noise
6391294572959,6396397246783,T251,22.0,Ana Carlos,2025-08-21 19:16:41,noise
6391294572959,6396397246783,T681,10.4,Ana Carlos,2025-08-20 12:01:04,noise
6391294572959,6395104602062,T251,23.4,Ana Carlos,2025-08-20 11:13:00,noise
6391294572959,6395104602062,T251,8.0,Ana Carlos,2025-08-19 04:00:26,noise
6391294572959,6393116814799,T681,17.7,Ana Carlos,2025-08-19 20:27:25,noise
6391294572959,6396397246783,T251,25.6,Ana Carlos,2025-08-19 15:23:52,noise
6391294572959,6395034822866,T681,26.9,Ana Carlos,2025-08-18 09:07:12,noise
6391294572959,6395104602062,T251,32.8,Ana Carlos,2025-08-17 17:27:35,noise
6391294572959,6396397246783,T681,18.0,Ana Carlos,2025-08-17 18:04:24,noise
6391294572959,6391917476319,T681,20.6,Ana Carlos,2025-08-17 14:26:37,noise
6391294572959,6395034822866,T681,12.5,Ana Carlos,2025-08-16 12:26:29,noise
6391294572959,6397398372383,T681,12.2,Ana Carlos,2025-08-16 08:22:31,noise
6391294572959,6395464499442,T681,8.1,Ana Carlos,2025-08-16 14:03:07,noise
6391294572959,6395104602062,T681,22.2,Ana Carlos,2025-08-15 19:14:03,noise
6391294572959,6395034822866,T251,11.5,Ana Carlos,2025-08-15 19:04:32,noise
6391294572959,6395034822866,T681,8.1,Ana Carlos,2025-08-14 21:13:07,noise
6391294572959,6395277555081,T681,11.7,Ana Carlos,2025-08-13 05:10:27,noise
6391294572959,6395104602062,T251,6.3,Ana Carlos,2025-08-12 13:01:15,noise
6391294572959,6396397246783,T251,57.9,Ana Carlos,2025-08-11 14:18:24,noise
6391294572959,6399628559272,T251,17.1,Ana Carlos,2025-08-10 16:24:27,noise
6391294572959,6394369267219,T681,7.4,Ana Carlos,2025-08-10 20:25:10,noise
6391294572959,6395104602062,T681,7.1,Ana Carlos,2025-08-10 18:21:49,noise
6391294572959,6393474215565,T681,14.7,Ana Carlos,2025-08-09 20:17:10,noise
6391294572959,6394602944141,T251,14.2,Ana Carlos,2025-08-09 14:13:46,noise
6391294572959,6391936644374,T681,7.5,Ana Carlos,2025-08-08 12:17:03,noise
6391294572959,6395034822866,T251,8.1,Ana Carlos,2025-08-08 16:12:55,noise
6391294572959,6399562839233,T681,36.4,Ana Carlos,2025-08-08 17:07:02,noise
6391294572959,6399722315072,T251,20.2,Ana Carlos,2025-08-07 13:05:22,noise
6391294572959,6396397246783,T251,7.4,Ana Carlos,2025-08-07 23:17:12,noise
6391294572959,6395104602062,T251,12.8,Ana Carlos,2025-08-06 20:30:49,noise
6391294572959,6397515118078,T681,14.2,Ana Carlos,2025-08-06 19:21:39,noise
6391294572959,6395104602062,T681,25.8,Ana Carlos,2025-08-05 13:20:12,noise
6391294572959,6395034822866,T681,7.0,Ana Carlos,2025-08-05 09:12:38,noise
6391294572959,6396397246783,T251,11.1,Ana Carlos,2025-08-05 14:11:01,noise
6391294572959,6395034822866,T251,6.8,Ana Carlos,2025-08-04 14:07:57,noise
6391294572959,6396397246783,T251,7.9,Ana Carlos,2025-08-04 14:07:31,noise
6391294572959,6396397246783,T681,10.2,Ana Carlos,2025-08-04 11:10:14,noise
6394602944141,6395738348726,T820,12.3,Victor Iqbal,2025-10-18 17:28:52,noise
6394602944141,6395738348726,T820,13.8,Victor Iqbal,2025-10-18 19:24:20,noise
6394602944141,6396663971262,T820,15.7,Victor Iqbal,2025-10-18 08:14:24,noise
6394602944141,6399562839233,T820,9.2,Victor Iqbal,2025-10-17 11:19:50,noise
6394602944141,6396284057733,T820,8.2,Victor Iqbal,2025-10-17 03:23:08,noise
6394602944141,6395738348726,T842,40.0,Victor Iqbal,2025-10-16 19:22:11,noise
6394602944141,6396663971262,T820,7.0,Victor Iqbal,2025-10-16 01:21:41,noise
6394602944141,6395738348726,T820,80.7,Victor Iqbal,2025-10-15 13:28:15,noise
6394602944141,6398645236008,T820,15.7,Victor Iqbal,2025-10-15 23:09:22,noise
6394602944141,6395574777798,T842,10.2,Victor Iqbal,2025-10-14 19:08:56,noise
6394602944141,6395289242961,T820,42.5,Victor Iqbal,2025-10-14 15:15:48,noise
6394602944141,6396168850025,T842,21.7,Victor Iqbal,2025-10-13 02:12:25,noise
6394602944141,6395738348726,T842,18.8,Victor Iqbal,2025-10-13 20:24:29,noise
6394602944141,6395738348726,T820,31.6,Victor Iqbal,2025-10-12 17:09:53,noise
6394602944141,6396168850025,T820,6.7,Victor Iqbal,2025-10-12 13:05:04,noise
6394602944141,6395738348726,T820,21.3,Victor Iqbal,2025-10-11 14:04:48,noise
6394602944141,6395738348726,T842,19.4,Victor Iqbal,2025-10-10 17:28:21,noise
6394602944141,6396663971262,T820,8.0,Victor Iqbal,2025-10-10 12:13:55,noise
6394602944141,6395086222587,T820,28.0,Victor Iqbal,2025-10-09 15:06:26,noise
6394602944141,6399406323212,T820,24.5,Victor Iqbal,2025-10-09 10:19:31,noise
6394602944141,6398313094253,T842,14.7,Victor Iqbal,2025-10-08 05:04:32,noise
6394602944141,6391296649512,T820,86.9,Victor Iqbal,2025-10-07 08:20:28,noise
6394602944141,6396168850025,T820,20.4,Victor Iqbal,2025-10-07 14:18:51,noise
6394602944141,6398578995606,T842,38.6,Victor Iqbal,2025-10-06 23:08:06,noise
6394602944141,6396168850025,T842,27.5,Victor Iqbal,2025-10-06 14:05:37,noise
6394602944141,6397654503285,T842,6.8,Victor Iqbal,2025-10-06 05:29:03,noise
6394602944141,6396663971262,T820,19.0,Victor Iqbal,2025-10-05 19:01:19,noise
6394602944141,6396663971262,T842,23.2,Victor Iqbal,2025-10-04 19:07:49,noise
6394602944141,6396168850025,T820,6.8,Victor Iqbal,2025-10-04 16:08:35,noise
6394602944141,6395738348726,T820,10.4,Victor Iqbal,2025-10-04 18:24:00,noise
6394602944141,6396168850025,T820,15.1,Victor Iqbal,2025-10-03 10:08:51,noise
6394602944141,6395738348726,T820,15.7,Victor Iqbal,2025-10-02 19:13:22,noise
6394602944141,6396663971262,T820,16.1,Victor Iqbal,2025-10-01 11:01:12,noise
6394602944141,6392251159617,T842,20.5,Victor Iqbal,2025-10-01 12:12:09,noise
6394602944141,6395738348726,T842,11.5,Victor Iqbal,2025-09-30 08:30:31,noise
6394602944141,6396168850025,T820,36.9,Victor Iqbal,2025-09-30 04:08:01,noise
6394602944141,6396663971262,T842,20.1,Victor Iqbal,2025-09-30 20:21:15,noise
6394602944141,6396168850025,T820,22.1,Victor Iqbal,2025-09-29 10:00:05,noise
6394602944141,6395738348726,T820,17.5,Victor Iqbal,2025-09-28 12:07:52,noise
6394602944141,6393299477204,T820,21.9,Victor Iqbal,2025-09-28 19:03:55,noise
6394602944141,6396168850025,T820,13.9,Victor Iqbal,2025-09-28 08:08:44,noise
6394602944141,6395738348726,T820,11.0,Victor Iqbal,2025-09-27 11:01:16,noise
6394602944141,6395738348726,T842,14.0,Victor Iqbal,2025-09-27 18:26:58,noise
6394602944141,6391054941178,T842,6.6,Victor Iqbal,2025-09-27 09:07:15,noise
6394602944141,6397685492906,T820,43.8,Victor Iqbal,2025-09-26 09:23:34,noise
6394602944141,6396663971262,T820,5.9,Victor Iqbal,2025-09-26 20:21:04,noise
6394602944141,6395738348726,T842,12.4,Victor Iqbal,2025-09-25 21:06:53,noise
6394602944141,6396663971262,T842,12.1,Victor Iqbal,2025-09-25 19:13:23,noise
6394602944141,6396168850025,T820,32.2,Victor Iqbal,2025-09-25 11:05:42,noise
6394602944141,6396663971262,T842,10.3,Victor Iqbal,2025-09-24 11:26:41,noise
6394602944141,6395738348726,T820,16.1,Victor Iqbal,2025-09-24 13:04:18,noise
6394602944141,6396168850025,T820,49.5,Victor Iqbal,2025-09-24 22:09:24,noise
6394602944141,6395464499442,T820,16.3,Victor Iqbal,2025-09-23 08:29:22,noise
6394602944141,6395738348726,T842,56.6,Victor Iqbal,2025-09-23 13:00:36,noise
6394602944141,6395328992709,T842,35.4,Victor Iqbal,2025-09-22 21:29:09,noise
6394602944141,6397398372383,T842,9.5,Victor Iqbal,2025-09-21 10:26:30,noise
6394602944141,6395738348726,T820,6.1,Victor Iqbal,2025-09-21 11:01:52,noise
6394602944141,6395738348726,T820,6.1,Victor Iqbal,2025-09-21 16:30:27,noise
6394602944141,6391296649512,T820,43.8,Victor Iqbal,2025-09-20 00:24:27,noise
6394602944141,6392182204871,T820,29.5,Victor Iqbal,2025-09-20 18:11:31,noise
6394602944141,6396663971262,T842,9.0,Victor Iqbal,2025-09-20 19:00:49,noise
6394602944141,6397671860113,T820,16.5,Victor Iqbal,2025-09-19 21:13:16,noise
6394602944141,6396168850025,T842,16.6,Victor Iqbal,2025-09-19 10:02:31,noise
6394602944141,6397671860113,T820,12.8,Victor Iqbal,2025-09-18 23:27:32,noise
6394602944141,6396663971262,T820,15.2,Victor Iqbal,2025-09-18 19:21:33,noise
6394602944141,6395277555081,T820,12.0,Victor Iqbal,2025-09-17 12:08:00,noise
6394602944141,6396168850025,T842,11.6,Victor Iqbal,2025-09-16 11:13:37,noise
6394602944141,6396663971262,T842,13.1,Victor Iqbal,2025-09-16 08:14:04,noise
6394602944141,6394863330204,T842,27.1,Victor Iqbal,2025-09-16 12:19:11,noise
6394602944141,6391294572959,T842,13.3,Victor Iqbal,2025-09-15 15:24:57,noise
6394602944141,6396168850025,T842,13.5,Victor Iqbal,2025-09-15 19:17:52,noise
6394602944141,6395738348726,T820,58.6,Victor Iqbal,2025-09-15 13:18:30,noise
6394602944141,6395738348726,T842,6.0,Victor Iqbal,2025-09-14 17:30:45,noise
6394602944141,6396168850025,T820,4.9,Victor Iqbal,2025-09-13 20:22:32,noise
6394602944141,6395574777798,T820,19.7,Victor Iqbal,2025-09-13 15:25:17,noise
6394602944141,6396168850025,T820,22.0,Victor Iqbal,2025-09-12 09:28:19,noise
6394602944141,6393511301796,T820,44.9,Victor Iqbal,2025-09-11 23:17:40,noise
6394602944141,6394602944141,T820,11.6,Victor Iqbal,2025-09-10 15:16:32,noise
6394602944141,6394855637596,T842,20.7,Victor Iqbal,2025-09-10 00:00:22,noise
6394602944141,6395738348726,T842,8.2,Victor Iqbal,2025-09-10 08:22:44,noise
6394602944141,6396663971262,T820,17.2,Victor Iqbal,2025-09-09 14:05:01,noise
6394602944141,6398536130070,T820,3.8,Victor Iqbal,2025-09-09 08:00:34,noise
6394602944141,6395574777798,T842,10.1,Victor Iqbal,2025-09-08 08:19:54,noise
6394602944141,6396663971262,T842,7.9,Victor Iqbal,2025-09-07 18:19:26,noise
6394602944141,6396168850025,T820,18.5,Victor Iqbal,2025-09-06 12:12:08,noise
6394602944141,6397176014123,T842,21.2,Victor Iqbal,2025-09-06 20:27:29,noise
6394602944141,6393299477204,T842,58.1,Victor Iqbal,2025-09-05 16:09:05,noise
6394602944141,6397515118078,T820,16.2,Victor Iqbal,2025-09-05 01:17:27,noise
6394602944141,6397685492906,T842,68.1,Victor Iqbal,2025-09-04 11:27:15,noise
6394602944141,6398584437466,T820,7.7,Victor Iqbal,2025-09-04 12:25:15,noise
6394602944141,6396168850025,T820,18.7,Victor Iqbal,2025-09-04 09:25:52,noise
6394602944141,6396863262521,T820,13.4,Victor Iqbal,2025-09-03 20:03:34,noise
6394602944141,6395738348726,T820,12.2,Victor Iqbal,2025-09-03 02:00:01,noise
6394602944141,6395738348726,T820,45.7,Victor Iqbal,2025-09-03 15:26:21,noise
6394602944141,6394334018731,T842,79.1,Victor Iqbal,2025-09-02 22:29:43,noise
6394602944141,6399628559272,T820,23.2,Victor Iqbal,2025-09-02 17:08:57,noise
6394602944141,6397907454154,T820,22.3,Victor Iqbal,2025-09-02 18:10:52,noise
6394602944141,6395738348726,T820,11.6,Victor Iqbal,2025-09-01 20:19:39,noise
6394602944141,6396168850025,T842,33.4,Victor Iqbal,2025-09-01 08:06:40,noise
6394602944141,6395738348726,T842,7.8,Victor Iqbal,2025-08-31 12:04:18,noise
6394602944141,6396168850025,T820,20.8,Victor Iqbal,2025-08-31 15:09:06,noise
6394602944141,6391296649512,T820,18.0,Victor Iqbal,2025-08-30 09:17:33,noise
6394602944141,6396663971262,T820,13.4,Victor Iqbal,2025-08-30 14:12:09,noise
6394602944141,6392584159767,T842,13.7,Victor Iqbal,2025-08-30 22:13:31,noise
6394602944141,6395738348726,T842,26.0,Victor Iqbal,2025-08-29 09:20:09,noise
6394602944141,6395738348726,T842,19.4,Victor Iqbal,2025-08-28 19:15:52,noise
6394602944141,6396663971262,T842,39.5,Victor Iqbal,2025-08-28 19:06:45,noise
6394602944141,6395738348726,T820,7.5,Victor Iqbal,2025-08-27 10:06:14,noise
6394602944141,6397317313563,T820,16.7,Victor Iqbal,2025-08-27 12:25:33,noise
6394602944141,6399828853050,T820,9.7,Victor Iqbal,2025-08-26 08:04:06,noise
6394602944141,6395738348726,T842,3.1,Victor Iqbal,2025-08-26 10:16:45,noise
6394602944141,6399722315072,T842,13.9,Victor Iqbal,2025-08-25 13:09:22,noise
6394602944141,6396663971262,T820,18.1,Victor Iqbal,2025-08-25 22:14:31,noise
6394602944141,6399628559272,T842,4.2,Victor Iqbal,2025-08-25 20:25:24,noise
6394602944141,6396663971262,T842,12.5,Victor Iqbal,2025-08-24 19:11:43,noise
6394602944141,6395738348726,T842,14.0,Victor Iqbal,2025-08-24 18:30:59,noise
6394602944141,6396663971262,T820,10.2,Victor Iqbal,2025-08-23 10:28:32,noise
6394602944141,6396663971262,T842,13.7,Victor Iqbal,2025-08-23 10:20:53,noise
6394602944141,6396284057733,T820,31.1,Victor Iqbal,2025-08-23 13:05:47,noise
6394602944141,6396663971262,T842,8.6,Victor Iqbal,2025-08-22 16:14:56,noise
6394602944141,6395738348726,T820,9.6,Victor Iqbal,2025-08-22 20:25:53,noise
6394602944141,6395738348726,T820,20.7,Victor Iqbal,2025-08-21 19:06:06,noise
6394602944141,6396168850025,T820,22.5,Victor Iqbal,2025-08-20 09:23:41,noise
6394602944141,6393474215565,T820,23.4,Victor Iqbal,2025-08-20 16:12:37,noise
6394602944141,6395034822866,T820,47.6,Victor Iqbal,2025-08-19 13:18:51,noise
6394602944141,6396609601602,T820,21.6,Victor Iqbal,2025-08-19 20:12:46,noise
6394602944141,6395738348726,T820,9.7,Victor Iqbal,2025-08-19 16:10:42,noise
6394602944141,6399406323212,T842,11.7,Victor Iqbal,2025-08-18 20:15:34,noise
6394602944141,6395738348726,T820,12.8,Victor Iqbal,2025-08-17 18:22:02,noise
6394602944141,6396168850025,T820,30.4,Victor Iqbal,2025-08-17 12:03:40,noise
6394602944141,6397671860113,T820,11.7,Victor Iqbal,2025-08-16 11:28:13,noise
6394602944141,6395738348726,T842,7.2,Victor Iqbal,2025-08-16 14:22:49,noise
6394602944141,6394389103334,T820,34.0,Victor Iqbal,2025-08-15 03:08:22,noise
6394602944141,6391644392848,T842,3.6,Victor Iqbal,2025-08-15 23:23:50,noise
6394602944141,6394018894269,T842,47.8,Victor Iqbal,2025-08-14 20:00:36,noise
6394602944141,6396663971262,T820,17.9,Victor Iqbal,2025-08-14 01:21:08,noise
6394602944141,6396212810153,T842,9.4,Victor Iqbal,2025-08-13 08:22:13,noise
6394602944141,6398645236008,T820,55.0,Victor Iqbal,2025-08-13 20:03:52,noise
6394602944141,6395738348726,T842,23.6,Victor Iqbal,2025-08-12 15:17:37,noise
6394602944141,6391294572959,T820,17.6,Victor Iqbal,2025-08-12 18:05:17,noise
6394602944141,6399697255231,T842,5.8,Victor Iqbal,2025-08-11 14:19:13,noise
6394602944141,6395738348726,T820,5.2,Victor Iqbal,2025-08-11 12:02:45,noise
6394602944141,6394863330204,T842,9.0,Victor Iqbal,2025-08-10 21:07:02,noise
6394602944141,6396168850025,T820,22.2,Victor Iqbal,2025-08-10 17:04:28,noise
6394602944141,6396168850025,T820,16.2,Victor Iqbal,2025-08-09 15:19:02,noise
6394602944141,6395738348726,T820,20.2,Victor Iqbal,2025-08-09 10:01:10,noise
6394602944141,6396168850025,T820,9.0,Victor Iqbal,2025-08-09 11:29:27,noise
6394602944141,6396397246783,T842,19.9,Victor Iqbal,2025-08-08 13:29:15,noise
6394602944141,6395738348726,T842,15.1,Victor Iqbal,2025-08-07 04:15:03,noise
6394602944141,6392523329605,T842,9.3,Victor Iqbal,2025-08-06 11:28:39,noise
6394602944141,6396168850025,T820,9.9,Victor Iqbal,2025-08-06 13:22:31,noise
6394602944141,6396433624746,T842,5.0,Victor Iqbal,2025-08-05 14:28:20,noise
6394602944141,6392623441780,T820,41.4,Victor Iqbal,2025-08-04 12:17:10,noise
6394602944141,6396663971262,T842,5.0,Victor Iqbal,2025-08-04 16:16:15,noise
6394602944141,6396168850025,T820,13.5,Victor Iqbal,2025-08-04 20:16:30,noise
6396397246783,6397931099268,T868,25.5,Wes Meyer,2025-10-18 13:01:46,noise
6396397246783,6396609819264,T868,32.1,Wes Meyer,2025-10-18 11:07:51,noise
6396397246783,6397931099268,T586,6.8,Wes Meyer,2025-10-18 12:28:10,noise
6396397246783,6396609819264,T586,33.4,Wes Meyer,2025-10-17 20:30:14,noise
6396397246783,6396168850025,T586,38.0,Wes Meyer,2025-10-16 00:12:28,noise
6396397246783,6396609819264,T868,42.7,Wes Meyer,2025-10-16 15:05:08,noise
6396397246783,6396168850025,T586,8.6,Wes Meyer,2025-10-15 16:09:25,noise
6396397246783,6393318640912,T868,9.2,Wes Meyer,2025-10-15 14:27:24,noise
6396397246783,6393116814799,T586,47.0,Wes Meyer,2025-10-15 15:15:25,noise
6396397246783,6398096864787,T868,11.1,Wes Meyer,2025-10-14 15:10:55,noise
6396397246783,6392944941518,T868,18.9,Wes Meyer,2025-10-14 12:13:51,noise
6396397246783,6396609819264,T868,29.1,Wes Meyer,2025-10-14 12:25:18,noise
6396397246783,6396609819264,T586,9.3,Wes Meyer,2025-10-13 14:05:55,noise
6396397246783,6397931099268,T586,6.6,Wes Meyer,2025-10-12 12:20:53,noise
6396397246783,6397931099268,T868,24.8,Wes Meyer,2025-10-11 19:02:47,noise
6396397246783,6396168850025,T868,20.6,Wes Meyer,2025-10-11 08:05:48,noise
6396397246783,6396609819264,T586,14.6,Wes Meyer,2025-10-11 15:03:58,noise
6396397246783,6396168850025,T868,11.9,Wes Meyer,2025-10-10 10:03:11,noise
6396397246783,6396609819264,T868,12.0,Wes Meyer,2025-10-09 12:18:46,noise
6396397246783,6392249133353,T868,12.4,Wes Meyer,2025-10-09 20:09:03,noise
6396397246783,6396026405795,T868,8.8,Wes Meyer,2025-10-08 08:15:06,noise
6396397246783,6397931099268,T586,13.6,Wes Meyer,2025-10-08 21:05:25,noise
6396397246783,6397931099268,T586,16.3,Wes Meyer,2025-10-07 14:10:46,noise
6396397246783,6396609819264,T868,12.3,Wes Meyer,2025-10-07 17:07:51,noise
6396397246783,6395034822866,T868,21.2,Wes Meyer,2025-10-06 09:15:50,noise
6396397246783,6397931099268,T868,26.9,Wes Meyer,2025-10-05 13:19:52,noise
6396397246783,6397931099268,T868,17.0,Wes Meyer,2025-10-05 08:17:27,noise
6396397246783,6397931099268,T586,23.6,Wes Meyer,2025-10-05 22:05:43,noise
6396397246783,6397931099268,T868,8.2,Wes Meyer,2025-10-04 10:01:37,noise
6396397246783,6392584159767,T868,13.1,Wes Meyer,2025-10-04 17:01:45,noise
6396397246783,6397931099268,T868,6.7,Wes Meyer,2025-10-03 19:28:04,noise
6396397246783,6395104602062,T586,21.2,Wes Meyer,2025-10-03 21:07:32,noise
6396397246783,6396609819264,T868,40.1,Wes Meyer,2025-10-02 09:25:59,noise
6396397246783,6392251159617,T868,19.0,Wes Meyer,2025-10-01 16:08:50,noise
6396397246783,6396609819264,T868,14.6,Wes Meyer,2025-09-30 21:04:32,noise
6396397246783,6395328992709,T868,8.1,Wes Meyer,2025-09-30 15:24:30,noise
6396397246783,6397931099268,T868,2.7,Wes Meyer,2025-09-29 14:02:08,noise
6396397246783,6397424123950,T868,13.3,Wes Meyer,2025-09-28 09:20:42,noise
6396397246783,6396934367041,T586,11.6,Wes Meyer,2025-09-28 18:26:46,noise
6396397246783,6396168850025,T586,5.4,Wes Meyer,2025-09-27 14:09:34,noise
6396397246783,6396168850025,T868,9.8,Wes Meyer,2025-09-27 13:16:51,noise
6396397246783,6398389473157,T586,7.2,Wes Meyer,2025-09-26 09:09:51,noise
6396397246783,6397931099268,T586,19.3,Wes Meyer,2025-09-26 02:11:27,noise
6396397246783,6396168850025,T868,36.4,Wes Meyer,2025-09-25 18:12:31,noise
6396397246783,6394855637596,T868,35.5,Wes Meyer,2025-09-25 09:30:24,noise
6396397246783,6394701982874,T868,19.2,Wes Meyer,2025-09-24 10:28:04,noise
6396397246783,6396609819264,T586,13.4,Wes Meyer,2025-09-24 17:13:00,noise
6396397246783,6396168850025,T868,22.7,Wes Meyer,2025-09-23 08:04:58,noise
6396397246783,6397931099268,T868,7.4,Wes Meyer,2025-09-23 22:15:19,noise
6396397246783,6396168850025,T868,31.9,Wes Meyer,2025-09-22 11:18:14,noise
6396397246783,6396168850025,T868,10.8,Wes Meyer,2025-09-22 12:24:30,noise
6396397246783,6395328992709,T586,14.2,Wes Meyer,2025-09-22 20:05:31,noise
6396397246783,6396168850025,T868,20.9,Wes Meyer,2025-09-21 14:24:52,noise
6396397246783,6396863262521,T868,22.7,Wes Meyer,2025-09-21 00:19:50,noise
6396397246783,6396168850025,T586,14.1,Wes Meyer,2025-09-21 23:29:14,noise
6396397246783,6395709000192,T586,42.2,Wes Meyer,2025-09-20 02:17:15,noise
6396397246783,6397931099268,T868,74.3,Wes Meyer,2025-09-20 22:04:04,noise
6396397246783,6396609819264,T868,15.8,Wes Meyer,2025-09-19 08:00:28,noise
6396397246783,6391296649512,T868,15.4,Wes Meyer,2025-09-19 20:24:27,noise
6396397246783,6395328992709,T586,25.7,Wes Meyer,2025-09-18 09:08:56,noise
6396397246783,6397931099268,T868,7.6,Wes Meyer,2025-09-17 09:05:50,noise
6396397246783,6391678940428,T868,24.9,Wes Meyer,2025-09-17 08:17:54,noise
6396397246783,6396609819264,T586,3.4,Wes Meyer,2025-09-16 15:25:03,noise
6396397246783,6393318640912,T868,10.4,Wes Meyer,2025-09-15 08:10:13,noise
6396397246783,6397931099268,T586,10.8,Wes Meyer,2025-09-15 10:17:36,noise
6396397246783,6393511301796,T586,13.8,Wes Meyer,2025-09-15 14:11:58,noise
6396397246783,6391296649512,T586,76.4,Wes Meyer,2025-09-14 21:10:33,noise
6396397246783,6395277555081,T868,12.7,Wes Meyer,2025-09-14 11:05:27,noise
6396397246783,6393116814799,T868,24.3,Wes Meyer,2025-09-14 12:07:59,noise
6396397246783,6396168850025,T868,10.0,Wes Meyer,2025-09-13 02:06:01,noise
6396397246783,6397931099268,T868,8.4,Wes Meyer,2025-09-12 10:29:02,noise
6396397246783,6396168850025,T868,31.6,Wes Meyer,2025-09-12 17:09:20,noise
6396397246783,6399429451462,T586,11.3,Wes Meyer,2025-09-11 14:15:10,noise
6396397246783,6398584437466,T868,25.6,Wes Meyer,2025-09-11 08:17:39,noise
6396397246783,6398096864787,T586,5.7,Wes Meyer,2025-09-10 16:10:46,noise
6396397246783,6396863262521,T868,10.1,Wes Meyer,2025-09-09 19:17:56,noise
6396397246783,6399828853050,T868,34.0,Wes Meyer,2025-09-08 13:29:30,noise
6396397246783,6396609819264,T586,14.4,Wes Meyer,2025-09-08 10:21:17,noise
6396397246783,6396168850025,T586,25.7,Wes Meyer,2025-09-07 17:23:57,noise
6396397246783,6399961796941,T868,12.5,Wes Meyer,2025-09-07 10:27:30,noise
6396397246783,6396168850025,T868,31.6,Wes Meyer,2025-09-06 16:15:50,noise
6396397246783,6396168850025,T586,35.6,Wes Meyer,2025-09-05 12:22:46,noise
6396397246783,6397872153794,T586,6.4,Wes Meyer,2025-09-04 20:18:28,noise
6396397246783,6392523329605,T868,5.0,Wes Meyer,2025-09-03 18:21:35,noise
6396397246783,6397515118078,T586,17.8,Wes Meyer,2025-09-03 11:11:13,noise
6396397246783,6396168850025,T586,64.5,Wes Meyer,2025-09-02 01:20:26,noise
6396397246783,6396168850025,T868,15.4,Wes Meyer,2025-09-02 13:23:23,noise
6396397246783,6396609819264,T868,13.2,Wes Meyer,2025-09-01 15:16:47,noise
6396397246783,6396609819264,T868,16.9,Wes Meyer,2025-09-01 12:18:42,noise
6396397246783,6395863306424,T586,15.9,Wes Meyer,2025-08-31 18:02:19,noise
6396397246783,6396609819264,T868,19.3,Wes Meyer,2025-08-31 17:19:15,noise
6396397246783,6399628559272,T868,12.3,Wes Meyer,2025-08-31 19:02:40,noise
6396397246783,6398313094253,T586,14.4,Wes Meyer,2025-08-30 05:25:43,noise
6396397246783,6396609819264,T868,20.0,Wes Meyer,2025-08-29 09:07:38,noise
6396397246783,6397872153794,T868,11.7,Wes Meyer,2025-08-28 01:17:52,noise
6396397246783,6396168850025,T868,13.3,Wes Meyer,2025-08-28 11:00:54,noise
6396397246783,6399562839233,T868,21.6,Wes Meyer,2025-08-27 10:03:00,noise
6396397246783,6393318640912,T586,14.0,Wes Meyer,2025-08-27 20:20:33,noise
6396397246783,6397685492906,T868,23.7,Wes Meyer,2025-08-26 08:06:57,noise
6396397246783,6397872153794,T586,46.6,Wes Meyer,2025-08-25 22:07:19,noise
6396397246783,6399907611720,T868,10.9,Wes Meyer,2025-08-24 16:21:43,noise
6396397246783,6393318640912,T586,7.8,Wes Meyer,2025-08-24 16:17:52,noise
6396397246783,6393116814799,T586,20.5,Wes Meyer,2025-08-23 18:28:04,noise
6396397246783,6396168850025,T586,6.9,Wes Meyer,2025-08-23 17:20:47,noise
6396397246783,6397931099268,T586,5.3,Wes Meyer,2025-08-22 15:29:16,noise
6396397246783,6397931099268,T868,22.3,Wes Meyer,2025-08-22 18:05:11,noise
6396397246783,6397176014123,T868,34.3,Wes Meyer,2025-08-21 20:08:37,noise
6396397246783,6397931099268,T586,9.2,Wes Meyer,2025-08-21 18:21:21,noise
6396397246783,6396609819264,T586,18.1,Wes Meyer,2025-08-20 20:00:02,noise
6396397246783,6396609819264,T868,30.2,Wes Meyer,2025-08-19 19:26:29,noise
6396397246783,6396609819264,T868,26.4,Wes Meyer,2025-08-19 19:13:38,noise
6396397246783,6396168850025,T586,25.4,Wes Meyer,2025-08-18 10:29:22,noise
6396397246783,6396168850025,T868,15.1,Wes Meyer,2025-08-18 18:19:17,noise
6396397246783,6397931099268,T868,19.3,Wes Meyer,2025-08-17 08:01:21,noise
6396397246783,6397398372383,T586,49.6,Wes Meyer,2025-08-17 20:05:19,noise
6396397246783,6396609819264,T868,17.8,Wes Meyer,2025-08-16 18:14:45,noise
6396397246783,6396168850025,T868,14.3,Wes Meyer,2025-08-16 14:04:56,noise
6396397246783,6398645236008,T868,26.2,Wes Meyer,2025-08-15 12:07:29,noise
6396397246783,6396026405795,T868,25.9,Wes Meyer,2025-08-14 09:17:47,noise
6396397246783,6396609819264,T868,25.2,Wes Meyer,2025-08-14 18:12:11,noise
6396397246783,6397931099268,T586,26.1,Wes Meyer,2025-08-13 10:30:41,noise
6396397246783,6396609819264,T868,82.4,Wes Meyer,2025-08-13 20:00:11,noise
6396397246783,6397931099268,T868,9.3,Wes Meyer,2025-08-12 02:02:31,noise
6396397246783,6397931099268,T868,13.9,Wes Meyer,2025-08-12 12:05:05,noise
6396397246783,6391644392848,T868,14.6,Wes Meyer,2025-08-11 12:06:08,noise
6396397246783,6397931099268,T586,12.0,Wes Meyer,2025-08-11 11:29:50,noise
6396397246783,6397931099268,T868,12.4,Wes Meyer,2025-08-10 19:12:52,noise
6396397246783,6397931099268,T868,23.7,Wes Meyer,2025-08-09 13:16:13,noise
6396397246783,6396609819264,T868,28.8,Wes Meyer,2025-08-09 00:19:50,noise
6396397246783,6397931099268,T868,52.6,Wes Meyer,2025-08-08 13:19:24,noise
6396397246783,6392546307565,T868,15.1,Wes Meyer,2025-08-08 18:09:56,noise
6396397246783,6394285686989,T868,26.6,Wes Meyer,2025-08-07 11:05:19,noise
6396397246783,6396168850025,T868,12.8,Wes Meyer,2025-08-07 20:14:56,noise
6396397246783,6396168850025,T868,19.7,Wes Meyer,2025-08-06 10:13:26,noise
6396397246783,6396609819264,T868,111.1,Wes Meyer,2025-08-06 12:06:48,noise
6396397246783,6391678940428,T586,13.8,Wes Meyer,2025-08-05 08:18:51,noise
6396397246783,6392251159617,T586,10.2,Wes Meyer,2025-08-05 22:17:44,noise
6396397246783,6396168850025,T586,17.2,Wes Meyer,2025-08-05 09:17:00,noise
6396397246783,6397931099268,T868,8.6,Wes Meyer,2025-08-04 08:16:19,noise
6396397246783,6396863262521,T586,8.1,Wes Meyer,2025-08-04 17:06:03,noise
6393318640912,6397357048476,T686,4.7,Raj Lopes,2025-10-18 12:06:41,noise
6393318640912,6394334018731,T686,10.1,Raj Lopes,2025-10-18 19:18:16,noise
6393318640912,6391294572959,T862,18.6,Raj Lopes,2025-10-17 15:24:56,noise
6393318640912,6398446041346,T686,13.9,Raj Lopes,2025-10-17 17:09:10,noise
6393318640912,6398446041346,T686,20.0,Raj Lopes,2025-10-16 01:01:15,noise
6393318640912,6397357048476,T686,5.7,Raj Lopes,2025-10-16 18:01:07,noise
6393318640912,6395738348726,T686,39.7,Raj Lopes,2025-10-15 13:25:41,noise
6393318640912,6398446041346,T686,40.2,Raj Lopes,2025-10-15 12:03:56,noise
6393318640912,6394485230571,T686,24.6,Raj Lopes,2025-10-14 08:17:41,noise
6393318640912,6399961796941,T862,2.7,Raj Lopes,2025-10-14 14:18:16,noise
6393318640912,6397357048476,T862,7.8,Raj Lopes,2025-10-14 19:24:43,noise
6393318640912,6397357048476,T686,29.1,Raj Lopes,2025-10-13 09:05:19,noise
6393318640912,6398096864787,T686,21.6,Raj Lopes,2025-10-13 23:29:39,noise
6393318640912,6397357048476,T686,11.7,Raj Lopes,2025-10-12 18:24:44,noise
6393318640912,6397357048476,T686,29.8,Raj Lopes,2025-10-11 13:29:57,noise
6393318640912,6391917476319,T686,29.3,Raj Lopes,2025-10-11 12:15:27,noise
6393318640912,6399961796941,T862,17.6,Raj Lopes,2025-10-10 13:15:22,noise
6393318640912,6399961796941,T686,67.7,Raj Lopes,2025-10-10 12:15:09,noise
6393318640912,6398578995606,T686,46.0,Raj Lopes,2025-10-09 12:21:51,noise
6393318640912,6391296649512,T862,19.3,Raj Lopes,2025-10-09 04:26:14,noise
6393318640912,6398578995606,T686,12.5,Raj Lopes,2025-10-08 19:23:45,noise
6393318640912,6398446041346,T686,10.4,Raj Lopes,2025-10-08 19:30:45,noise
6393318640912,6397357048476,T686,17.8,Raj Lopes,2025-10-08 23:13:14,noise
6393318640912,6398446041346,T686,24.5,Raj Lopes,2025-10-07 13:28:44,noise
6393318640912,6392623441780,T686,18.6,Raj Lopes,2025-10-07 00:28:28,noise
6393318640912,6398446041346,T862,15.1,Raj Lopes,2025-10-06 13:13:21,noise
6393318640912,6392089382142,T862,17.8,Raj Lopes,2025-10-06 09:13:25,noise
6393318640912,6398584437466,T862,48.9,Raj Lopes,2025-10-05 13:13:05,noise
6393318640912,6391024970537,T686,6.0,Raj Lopes,2025-10-04 14:21:08,noise
6393318640912,6395709000192,T862,10.0,Raj Lopes,2025-10-04 12:02:38,noise
6393318640912,6399857882871,T686,33.4,Raj Lopes,2025-10-03 08:00:28,noise
6393318640912,6395277555081,T686,8.5,Raj Lopes,2025-10-03 23:07:10,noise
6393318640912,6396863262521,T686,6.4,Raj Lopes,2025-10-03 19:27:50,noise
6393318640912,6391697329269,T686,8.4,Raj Lopes,2025-10-02 08:28:54,noise
6393318640912,6398446041346,T862,10.5,Raj Lopes,2025-10-01 09:28:35,noise
6393318640912,6397357048476,T686,13.8,Raj Lopes,2025-09-30 12:16:16,noise
6393318640912,6394701982874,T686,20.9,Raj Lopes,2025-09-29 08:28:58,noise
6393318640912,6397931099268,T686,64.7,Raj Lopes,2025-09-29 14:15:50,noise
6393318640912,6397357048476,T862,30.4,Raj Lopes,2025-09-28 13:26:17,noise
6393318640912,6397872153794,T686,10.8,Raj Lopes,2025-09-28 17:04:28,noise
6393318640912,6399406323212,T686,71.6,Raj Lopes,2025-09-28 10:13:44,noise
6393318640912,6398446041346,T862,11.6,Raj Lopes,2025-09-27 01:15:31,noise
6393318640912,6395464499442,T862,15.0,Raj Lopes,2025-09-27 10:02:53,noise
6393318640912,6394863330204,T686,12.7,Raj Lopes,2025-09-27 10:11:47,noise
6393318640912,6397872153794,T862,20.1,Raj Lopes,2025-09-26 10:07:26,noise
6393318640912,6398578995606,T686,11.5,Raj Lopes,2025-09-26 17:02:28,noise
6393318640912,6399961796941,T862,38.3,Raj Lopes,2025-09-26 11:19:54,noise
6393318640912,6399961796941,T686,35.3,Raj Lopes,2025-09-25 19:16:58,noise
6393318640912,6394701982874,T686,69.6,Raj Lopes,2025-09-25 08:15:59,noise
6393318640912,6398446041346,T686,14.0,Raj Lopes,2025-09-24 13:16:32,noise
6393318640912,6396397246783,T862,30.7,Raj Lopes,2025-09-23 08:07:34,noise
6393318640912,6398446041346,T686,45.0,Raj Lopes,2025-09-23 09:23:03,noise
6393318640912,6394285686989,T686,34.1,Raj Lopes,2025-09-23 23:10:32,noise
6393318640912,6392609362629,T862,5.3,Raj Lopes,2025-09-22 13:04:33,noise
6393318640912,6399961796941,T686,26.5,Raj Lopes,2025-09-21 23:07:45,noise
6393318640912,6398446041346,T862,26.3,Raj Lopes,2025-09-21 15:18:47,noise
6393318640912,6398446041346,T686,36.5,Raj Lopes,2025-09-21 15:12:52,noise
6393318640912,6399961796941,T862,37.8,Raj Lopes,2025-09-20 12:14:11,noise
6393318640912,6398446041346,T686,73.9,Raj Lopes,2025-09-19 14:16:59,noise
6393318640912,6398584437466,T862,9.9,Raj Lopes,2025-09-19 10:03:08,noise
6393318640912,6399562839233,T686,24.0,Raj Lopes,2025-09-18 15:15:25,noise
6393318640912,6397357048476,T686,37.1,Raj Lopes,2025-09-18 16:25:53,noise
6393318640912,6398446041346,T862,13.6,Raj Lopes,2025-09-17 20:16:16,noise
6393318640912,6396609601602,T686,17.6,Raj Lopes,2025-09-17 19:14:49,noise
6393318640912,6399961796941,T686,20.5,Raj Lopes,2025-09-17 20:12:10,noise
6393318640912,6397357048476,T686,29.6,Raj Lopes,2025-09-16 19:01:17,noise
6393318640912,6397357048476,T686,8.4,Raj Lopes,2025-09-16 14:07:53,noise
6393318640912,6399961796941,T862,30.4,Raj Lopes,2025-09-16 17:01:14,noise
6393318640912,6399961796941,T862,24.1,Raj Lopes,2025-09-15 10:03:31,noise
6393318640912,6399961796941,T862,18.0,Raj Lopes,2025-09-15 19:07:29,noise
6393318640912,6397959530865,T862,26.2,Raj Lopes,2025-09-15 21:26:41,noise
6393318640912,6399961796941,T686,13.1,Raj Lopes,2025-09-14 17:10:46,noise
6393318640912,6397654503285,T686,14.2,Raj Lopes,2025-09-14 02:25:35,noise
6393318640912,6397357048476,T862,9.9,Raj Lopes,2025-09-13 16:11:38,noise
6393318640912,6398446041346,T686,4.8,Raj Lopes,2025-09-12 15:07:44,noise
6393318640912,6398446041346,T686,6.3,Raj Lopes,2025-09-12 04:28:50,noise
6393318640912,6395264944630,T862,22.2,Raj Lopes,2025-09-11 10:03:18,noise
6393318640912,6398446041346,T862,22.7,Raj Lopes,2025-09-11 16:08:38,noise
6393318640912,6392599009461,T686,44.9,Raj Lopes,2025-09-11 21:20:31,noise
6393318640912,6397357048476,T686,12.1,Raj Lopes,2025-09-10 18:24:12,noise
6393318640912,6397357048476,T686,30.7,Raj Lopes,2025-09-09 08:16:42,noise
6393318640912,6399429451462,T686,10.7,Raj Lopes,2025-09-09 08:22:24,noise
6393318640912,6399628559272,T686,6.7,Raj Lopes,2025-09-08 22:15:00,noise
6393318640912,6397872153794,T686,23.1,Raj Lopes,2025-09-07 16:13:40,noise
6393318640912,6399961796941,T686,25.4,Raj Lopes,2025-09-07 12:07:53,noise
6393318640912,6391847085587,T686,12.6,Raj Lopes,2025-09-06 20:13:55,noise
6393318640912,6397357048476,T686,21.5,Raj Lopes,2025-09-05 17:17:26,noise
6393318640912,6399961796941,T686,22.0,Raj Lopes,2025-09-05 02:13:36,noise
6393318640912,6399961796941,T686,48.9,Raj Lopes,2025-09-04 11:30:01,noise
6393318640912,6397357048476,T686,5.4,Raj Lopes,2025-09-04 17:10:50,noise
6393318640912,6393299477204,T862,8.4,Raj Lopes,2025-09-03 02:05:25,noise
6393318640912,6398446041346,T862,14.0,Raj Lopes,2025-09-03 13:11:53,noise
6393318640912,6398446041346,T686,15.4,Raj Lopes,2025-09-02 01:14:01,noise
6393318640912,6399961796941,T686,14.6,Raj Lopes,2025-09-02 02:29:20,noise
6393318640912,6391024970537,T686,13.4,Raj Lopes,2025-09-02 08:28:23,noise
6393318640912,6399961796941,T686,15.6,Raj Lopes,2025-09-01 11:11:27,noise
6393318640912,6399961796941,T862,26.2,Raj Lopes,2025-08-31 20:28:09,noise
6393318640912,6397357048476,T686,15.3,Raj Lopes,2025-08-31 12:25:26,noise
6393318640912,6397515118078,T686,7.4,Raj Lopes,2025-08-30 10:18:36,noise
6393318640912,6399961796941,T862,27.1,Raj Lopes,2025-08-30 14:02:32,noise
6393318640912,6392089382142,T862,21.1,Raj Lopes,2025-08-30 12:21:13,noise
6393318640912,6397685492906,T686,32.1,Raj Lopes,2025-08-29 15:03:39,noise
6393318640912,6396609819264,T862,15.5,Raj Lopes,2025-08-29 20:15:47,noise
6393318640912,6392089382142,T686,47.1,Raj Lopes,2025-08-28 16:24:29,noise
6393318640912,6397357048476,T686,4.6,Raj Lopes,2025-08-28 20:27:03,noise
6393318640912,6398446041346,T686,14.3,Raj Lopes,2025-08-27 15:24:37,noise
6393318640912,6394285686989,T862,28.1,Raj Lopes,2025-08-27 10:05:16,noise
6393318640912,6398446041346,T686,52.4,Raj Lopes,2025-08-27 01:14:17,noise
6393318640912,6398446041346,T686,10.4,Raj Lopes,2025-08-26 00:16:00,noise
6393318640912,6398446041346,T862,16.7,Raj Lopes,2025-08-26 10:10:00,noise
6393318640912,6398446041346,T686,6.0,Raj Lopes,2025-08-25 14:22:46,noise
6393318640912,6397357048476,T686,49.0,Raj Lopes,2025-08-24 11:01:12,noise
6393318640912,6391054941178,T686,26.0,Raj Lopes,2025-08-24 10:04:59,noise
6393318640912,6398446041346,T686,18.7,Raj Lopes,2025-08-23 09:08:21,noise
6393318640912,6398446041346,T686,11.5,Raj Lopes,2025-08-23 15:19:54,noise
6393318640912,6397357048476,T686,54.4,Raj Lopes,2025-08-22 08:05:19,noise
6393318640912,6398446041346,T686,17.8,Raj Lopes,2025-08-22 12:04:58,noise
6393318640912,6392523329605,T686,5.4,Raj Lopes,2025-08-21 19:10:27,noise
6393318640912,6397357048476,T862,28.1,Raj Lopes,2025-08-21 12:30:21,noise
6393318640912,6397654503285,T862,24.4,Raj Lopes,2025-08-20 18:11:18,noise
6393318640912,6397357048476,T686,24.0,Raj Lopes,2025-08-20 13:02:37,noise
6393318640912,6395277555081,T862,7.5,Raj Lopes,2025-08-20 15:12:39,noise
6393318640912,6395557270185,T686,20.9,Raj Lopes,2025-08-19 22:26:21,noise
6393318640912,6397357048476,T686,47.5,Raj Lopes,2025-08-19 18:10:27,noise
6393318640912,6399961796941,T862,22.7,Raj Lopes,2025-08-19 19:08:42,noise
6393318640912,6398446041346,T686,27.3,Raj Lopes,2025-08-18 18:20:25,noise
6393318640912,6399961796941,T862,5.9,Raj Lopes,2025-08-17 10:13:07,noise
6393318640912,6399828853050,T686,29.1,Raj Lopes,2025-08-17 20:03:50,noise
6393318640912,6398446041346,T862,44.5,Raj Lopes,2025-08-16 02:22:15,noise
6393318640912,6399961796941,T686,42.5,Raj Lopes,2025-08-15 14:08:09,noise
6393318640912,6398446041346,T686,8.7,Raj Lopes,2025-08-15 09:04:50,noise
6393318640912,6398446041346,T686,41.4,Raj Lopes,2025-08-14 14:17:41,noise
6393318640912,6399961796941,T862,7.6,Raj Lopes,2025-08-14 14:22:23,noise
6393318640912,6398446041346,T862,5.0,Raj Lopes,2025-08-14 02:26:59,noise
6393318640912,6399961796941,T686,19.7,Raj Lopes,2025-08-13 18:03:53,noise
6393318640912,6394855637596,T862,12.5,Raj Lopes,2025-08-13 14:16:58,noise
6393318640912,6393116814799,T686,18.2,Raj Lopes,2025-08-13 19:00:49,noise
6393318640912,6396397246783,T686,44.4,Raj Lopes,2025-08-12 17:02:27,noise
6393318640912,6398446041346,T686,14.2,Raj Lopes,2025-08-12 17:05:34,noise
6393318640912,6399961796941,T862,7.1,Raj Lopes,2025-08-12 14:03:34,noise
6393318640912,6399095757865,T686,19.7,Raj Lopes,2025-08-11 18:25:55,noise
6393318640912,6397357048476,T686,46.3,Raj Lopes,2025-08-11 11:13:05,noise
6393318640912,6398096864787,T862,19.3,Raj Lopes,2025-08-11 10:01:48,noise
6393318640912,6398446041346,T862,61.9,Raj Lopes,2025-08-10 15:23:04,noise
6393318640912,6396433624746,T862,24.0,Raj Lopes,2025-08-09 11:10:26,noise
6393318640912,6394701982874,T862,39.4,Raj Lopes,2025-08-08 12:03:13,noise
6393318640912,6397357048476,T862,54.0,Raj Lopes,2025-08-08 08:21:05,noise
6393318640912,6392599009461,T686,21.9,Raj Lopes,2025-08-07 13:29:48,noise
6393318640912,6399961796941,T862,13.9,Raj Lopes,2025-08-07 15:01:18,noise
6393318640912,6398446041346,T686,56.7,Raj Lopes,2025-08-06 12:21:11,noise
6393318640912,6398446041346,T862,18.9,Raj Lopes,2025-08-06 17:21:24,noise
6393318640912,6397357048476,T686,15.4,Raj Lopes,2025-08-05 19:04:10,noise
6393318640912,6399961796941,T862,28.8,Raj Lopes,2025-08-05 13:25:05,noise
6393318640912,6397176014123,T686,28.6,Raj Lopes,2025-08-04 09:23:23,noise
6393318640912,6398446041346,T686,27.8,Raj Lopes,2025-08-04 10:05:23,noise
6393318640912,6397357048476,T686,24.4,Raj Lopes,2025-08-04 17:12:09,noise
6399628559272,6392623441780,T188,7.5,Ivy Lopes,2025-10-18 12:17:54,noise
6399628559272,6395447757108,T188,5.5,Ivy Lopes,2025-10-18 17:04:20,noise
6399628559272,6392584159767,T698,33.0,Ivy Lopes,2025-10-17 08:13:38,noise
6399628559272,6395447757108,T188,8.8,Ivy Lopes,2025-10-17 08:04:31,noise
6399628559272,6394863330204,T698,16.3,Ivy Lopes,2025-10-16 23:24:34,noise
6399628559272,6392623441780,T188,17.7,Ivy Lopes,2025-10-16 19:29:31,noise
6399628559272,6392385746157,T698,25.6,Ivy Lopes,2025-10-15 17:04:18,noise
6399628559272,6396168850025,T698,27.7,Ivy Lopes,2025-10-15 10:05:40,noise
6399628559272,6394369267219,T698,8.9,Ivy Lopes,2025-10-14 02:18:38,noise
6399628559272,6392623441780,T188,24.7,Ivy Lopes,2025-10-14 12:30:13,noise
6399628559272,6392623441780,T698,7.6,Ivy Lopes,2025-10-13 11:05:19,noise
6399628559272,6392385746157,T698,35.7,Ivy Lopes,2025-10-13 13:06:36,noise
6399628559272,6397907454154,T188,50.9,Ivy Lopes,2025-10-12 20:03:03,noise
6399628559272,6392623441780,T698,15.8,Ivy Lopes,2025-10-11 23:19:24,noise
6399628559272,6393958914953,T188,11.1,Ivy Lopes,2025-10-11 09:12:54,noise
6399628559272,6396956367740,T698,13.5,Ivy Lopes,2025-10-10 14:28:25,noise
6399628559272,6395328992709,T698,83.0,Ivy Lopes,2025-10-09 17:27:39,noise
6399628559272,6398578995606,T188,21.6,Ivy Lopes,2025-10-09 13:28:59,noise
6399628559272,6392623441780,T188,21.1,Ivy Lopes,2025-10-08 11:14:24,noise
6399628559272,6395086222587,T698,21.1,Ivy Lopes,2025-10-08 14:13:07,noise
6399628559272,6394485230571,T698,20.1,Ivy Lopes,2025-10-08 21:11:23,noise
6399628559272,6391294572959,T188,7.8,Ivy Lopes,2025-10-07 09:13:13,noise
6399628559272,6395447757108,T698,6.0,Ivy Lopes,2025-10-07 10:09:34,noise
6399628559272,6394602944141,T188,21.1,Ivy Lopes,2025-10-06 09:14:59,noise
6399628559272,6395447757108,T188,3.9,Ivy Lopes,2025-10-06 09:23:37,noise
6399628559272,6395447757108,T188,44.6,Ivy Lopes,2025-10-05 17:01:15,noise
6399628559272,6395447757108,T698,11.6,Ivy Lopes,2025-10-05 18:27:29,noise
6399628559272,6397515118078,T188,26.3,Ivy Lopes,2025-10-04 20:22:33,noise
6399628559272,6392385746157,T188,16.7,Ivy Lopes,2025-10-04 01:27:04,noise
6399628559272,6392385746157,T188,11.0,Ivy Lopes,2025-10-03 01:18:32,noise
6399628559272,6392385746157,T698,37.8,Ivy Lopes,2025-10-02 13:04:21,noise
6399628559272,6395447757108,T698,33.3,Ivy Lopes,2025-10-02 22:06:56,noise
6399628559272,6396934367041,T188,13.3,Ivy Lopes,2025-10-02 22:04:19,noise
6399628559272,6392385746157,T698,3.9,Ivy Lopes,2025-10-01 20:05:49,noise
6399628559272,6396397246783,T188,13.2,Ivy Lopes,2025-10-01 19:03:02,noise
6399628559272,6395447757108,T188,8.6,Ivy Lopes,2025-10-01 10:05:42,noise
6399628559272,6397931099268,T188,9.2,Ivy Lopes,2025-09-30 19:04:17,noise
6399628559272,6395709000192,T698,9.5,Ivy Lopes,2025-09-29 23:10:18,noise
6399628559272,6395447757108,T188,18.1,Ivy Lopes,2025-09-29 15:17:26,noise
6399628559272,6391054941178,T188,16.8,Ivy Lopes,2025-09-29 18:26:24,noise
6399628559272,6392623441780,T188,32.7,Ivy Lopes,2025-09-28 17:14:29,noise
6399628559272,6396433624746,T188,6.5,Ivy Lopes,2025-09-28 18:17:21,noise
6399628559272,6392623441780,T698,14.7,Ivy Lopes,2025-09-27 15:18:15,noise
6399628559272,6392385746157,T698,12.8,Ivy Lopes,2025-09-27 19:04:29,noise
6399628559272,6392385746157,T188,24.8,Ivy Lopes,2025-09-26 15:12:19,noise
6399628559272,6395447757108,T188,15.8,Ivy Lopes,2025-09-25 01:02:09,noise
6399628559272,6395447757108,T698,11.5,Ivy Lopes,2025-09-25 19:01:12,noise
6399628559272,6394477195628,T188,8.9,Ivy Lopes,2025-09-24 15:01:26,noise
6399628559272,6395447757108,T698,11.2,Ivy Lopes,2025-09-24 12:14:04,noise
6399628559272,6395447757108,T188,23.3,Ivy Lopes,2025-09-24 09:16:41,noise
6399628559272,6395447757108,T698,8.4,Ivy Lopes,2025-09-23 14:17:38,noise
6399628559272,6395447757108,T188,7.5,Ivy Lopes,2025-09-23 15:06:31,noise
6399628559272,6392623441780,T698,14.6,Ivy Lopes,2025-09-23 16:29:06,noise
6399628559272,6395447757108,T188,8.9,Ivy Lopes,2025-09-22 16:29:15,noise
6399628559272,6392385746157,T188,41.9,Ivy Lopes,2025-09-21 08:04:50,noise
6399628559272,6392385746157,T698,17.7,Ivy Lopes,2025-09-21 15:12:47,noise
6399628559272,6391936644374,T188,23.9,Ivy Lopes,2025-09-20 17:23:23,noise
6399628559272,6395709000192,T188,17.8,Ivy Lopes,2025-09-20 23:10:56,noise
6399628559272,6392385746157,T698,25.7,Ivy Lopes,2025-09-20 20:30:31,noise
6399628559272,6391644392848,T188,79.1,Ivy Lopes,2025-09-19 12:13:53,noise
6399628559272,6392385746157,T188,26.6,Ivy Lopes,2025-09-18 02:18:54,noise
6399628559272,6395447757108,T698,12.9,Ivy Lopes,2025-09-18 16:27:52,noise
6399628559272,6392623441780,T188,4.2,Ivy Lopes,2025-09-18 21:01:11,noise
6399628559272,6392385746157,T188,8.4,Ivy Lopes,2025-09-17 11:03:54,noise
6399628559272,6394863330204,T188,36.8,Ivy Lopes,2025-09-17 08:05:08,noise
6399628559272,6395388614739,T188,14.2,Ivy Lopes,2025-09-17 12:02:02,noise
6399628559272,6395328992709,T698,19.5,Ivy Lopes,2025-09-16 10:13:10,noise
6399628559272,6392623441780,T698,2.3,Ivy Lopes,2025-09-15 22:03:36,noise
6399628559272,6392546307565,T698,6.9,Ivy Lopes,2025-09-15 16:22:07,noise
6399628559272,6392623441780,T188,18.3,Ivy Lopes,2025-09-14 15:04:31,noise
6399628559272,6395447757108,T188,8.1,Ivy Lopes,2025-09-13 12:25:35,noise
6399628559272,6395447757108,T698,14.9,Ivy Lopes,2025-09-13 19:22:02,noise
6399628559272,6392623441780,T698,12.6,Ivy Lopes,2025-09-12 14:10:51,noise
6399628559272,6393299477204,T698,23.7,Ivy Lopes,2025-09-12 01:11:42,noise
6399628559272,6395447757108,T188,16.8,Ivy Lopes,2025-09-11 17:29:51,noise
6399628559272,6397685492906,T698,12.7,Ivy Lopes,2025-09-11 12:22:49,noise
6399628559272,6392623441780,T698,15.0,Ivy Lopes,2025-09-11 20:10:57,noise
6399628559272,6395447757108,T188,10.1,Ivy Lopes,2025-09-10 00:00:05,noise
6399628559272,6395447757108,T188,19.5,Ivy Lopes,2025-09-09 09:12:19,noise
6399628559272,6398389473157,T188,7.3,Ivy Lopes,2025-09-08 11:23:31,noise
6399628559272,6399828853050,T188,12.1,Ivy Lopes,2025-09-07 15:24:35,noise
6399628559272,6391054941178,T188,10.4,Ivy Lopes,2025-09-07 21:05:46,noise
6399628559272,6395447757108,T188,4.5,Ivy Lopes,2025-09-07 10:12:29,noise
6399628559272,6392623441780,T188,62.5,Ivy Lopes,2025-09-06 16:18:04,noise
6399628559272,6392623441780,T188,9.9,Ivy Lopes,2025-09-05 17:25:26,noise
6399628559272,6396397246783,T188,29.1,Ivy Lopes,2025-09-04 16:27:40,noise
6399628559272,6395447757108,T188,28.5,Ivy Lopes,2025-09-04 17:18:32,noise
6399628559272,6396956367740,T188,41.7,Ivy Lopes,2025-09-03 21:27:18,noise
6399628559272,6395447757108,T698,11.8,Ivy Lopes,2025-09-03 11:09:41,noise
6399628559272,6395447757108,T188,30.7,Ivy Lopes,2025-09-03 09:27:41,noise
6399628559272,6396782939427,T698,4.6,Ivy Lopes,2025-09-02 09:19:01,noise
6399628559272,6397654503285,T698,21.3,Ivy Lopes,2025-09-02 22:28:55,noise
6399628559272,6397931099268,T188,21.2,Ivy Lopes,2025-09-01 21:07:38,noise
6399628559272,6392623441780,T698,16.9,Ivy Lopes,2025-08-31 03:26:12,noise
6399628559272,6394485230571,T188,15.5,Ivy Lopes,2025-08-30 17:29:09,noise
6399628559272,6394781266670,T188,14.8,Ivy Lopes,2025-08-30 16:24:24,noise
6399628559272,6392385746157,T188,19.2,Ivy Lopes,2025-08-29 19:01:08,noise
6399628559272,6391644392848,T698,12.1,Ivy Lopes,2025-08-29 11:12:50,noise
6399628559272,6399961796941,T188,26.1,Ivy Lopes,2025-08-28 09:02:08,noise
6399628559272,6392623441780,T188,24.6,Ivy Lopes,2025-08-28 20:26:49,noise
6399628559272,6392385746157,T698,47.6,Ivy Lopes,2025-08-27 17:19:26,noise
6399628559272,6395447757108,T698,18.8,Ivy Lopes,2025-08-27 09:07:50,noise
6399628559272,6392385746157,T698,11.5,Ivy Lopes,2025-08-26 22:10:40,noise
6399628559272,6392385746157,T188,13.9,Ivy Lopes,2025-08-26 17:12:31,noise
6399628559272,6392385746157,T188,79.0,Ivy Lopes,2025-08-25 21:15:22,noise
6399628559272,6391981016678,T188,13.0,Ivy Lopes,2025-08-25 19:17:02,noise
6399628559272,6399857882871,T188,43.8,Ivy Lopes,2025-08-24 19:21:36,noise
6399628559272,6395277555081,T698,7.0,Ivy Lopes,2025-08-24 20:20:27,noise
6399628559272,6392385746157,T188,19.8,Ivy Lopes,2025-08-23 18:26:48,noise
6399628559272,6391678940428,T188,8.3,Ivy Lopes,2025-08-23 20:13:13,noise
6399628559272,6392623441780,T188,14.8,Ivy Lopes,2025-08-22 15:26:07,noise
6399628559272,6392385746157,T188,49.2,Ivy Lopes,2025-08-22 11:30:01,noise
6399628559272,6392623441780,T188,22.6,Ivy Lopes,2025-08-21 15:22:58,noise
6399628559272,6392385746157,T188,16.4,Ivy Lopes,2025-08-21 10:21:59,noise
6399628559272,6392623441780,T188,14.4,Ivy Lopes,2025-08-21 00:12:00,noise
6399628559272,6392385746157,T188,8.8,Ivy Lopes,2025-08-20 13:24:23,noise
6399628559272,6395447757108,T188,4.4,Ivy Lopes,2025-08-20 22:30:30,noise
6399628559272,6397169427647,T698,28.8,Ivy Lopes,2025-08-19 14:12:16,noise
6399628559272,6395289242961,T188,10.2,Ivy Lopes,2025-08-18 09:19:40,noise
6399628559272,6399042725763,T188,10.6,Ivy Lopes,2025-08-18 08:23:04,noise
6399628559272,6392385746157,T188,22.3,Ivy Lopes,2025-08-17 15:14:59,noise
6399628559272,6395388614739,T188,20.6,Ivy Lopes,2025-08-16 17:03:25,noise
6399628559272,6392623441780,T188,43.7,Ivy Lopes,2025-08-16 09:30:57,noise
6399628559272,6397959530865,T698,9.2,Ivy Lopes,2025-08-15 14:20:05,noise
6399628559272,6397033353739,T188,25.3,Ivy Lopes,2025-08-15 15:00:42,noise
6399628559272,6399828853050,T188,70.2,Ivy Lopes,2025-08-14 12:14:25,noise
6399628559272,6395447757108,T698,26.5,Ivy Lopes,2025-08-13 11:20:48,noise
6399628559272,6392623441780,T188,6.7,Ivy Lopes,2025-08-12 13:14:17,noise
6399628559272,6392623441780,T698,14.7,Ivy Lopes,2025-08-12 12:29:19,noise
6399628559272,6399828853050,T188,15.1,Ivy Lopes,2025-08-11 17:18:13,noise
6399628559272,6398313094253,T188,3.8,Ivy Lopes,2025-08-10 20:24:56,noise
6399628559272,6392623441780,T698,17.4,Ivy Lopes,2025-08-10 10:14:51,noise
6399628559272,6395447757108,T698,21.0,Ivy Lopes,2025-08-09 20:19:30,noise
6399628559272,6396956367740,T188,22.9,Ivy Lopes,2025-08-09 10:05:09,noise
6399628559272,6395447757108,T698,21.2,Ivy Lopes,2025-08-09 15:07:48,noise
6399628559272,6394477195628,T188,8.6,Ivy Lopes,2025-08-08 11:29:37,noise
6399628559272,6395447757108,T188,10.7,Ivy Lopes,2025-08-08 10:06:35,noise
6399628559272,6395447757108,T698,6.0,Ivy Lopes,2025-08-08 18:30:47,noise
6399628559272,6399697255231,T188,58.6,Ivy Lopes,2025-08-07 08:05:34,noise
6399628559272,6392385746157,T188,10.6,Ivy Lopes,2025-08-07 18:03:20,noise
6399628559272,6397654503285,T188,11.3,Ivy Lopes,2025-08-06 19:11:22,noise
6399628559272,6392249133353,T698,9.5,Ivy Lopes,2025-08-06 14:05:16,noise
6399628559272,6392623441780,T188,17.4,Ivy Lopes,2025-08-05 11:01:43,noise
6399628559272,6398621864419,T188,17.6,Ivy Lopes,2025-08-05 15:09:42,noise
6399628559272,6398578995606,T188,3.0,Ivy Lopes,2025-08-04 14:02:40,noise
6399628559272,6392623441780,T698,41.0,Ivy Lopes,2025-08-04 14:29:18,noise
6399628559272,6394018894269,T188,18.8,Ivy Lopes,2025-08-04 15:02:44,noise
6397398372383,6395709000192,T773,35.6,Ava Patida,2025-10-18 04:21:35,noise
6397398372383,6399961796941,T224,20.6,Ava Patida,2025-10-18 14:25:25,noise
6397398372383,6398389473157,T773,30.0,Ava Patida,2025-10-18 18:25:34,noise
6397398372383,6399961796941,T224,33.1,Ava Patida,2025-10-17 14:17:06,noise
6397398372383,6399961796941,T773,42.0,Ava Patida,2025-10-16 10:06:17,noise
6397398372383,6391296649512,T773,25.5,Ava Patida,2025-10-16 18:14:47,noise
6397398372383,6391296649512,T224,16.8,Ava Patida,2025-10-15 00:29:26,noise
6397398372383,6399961796941,T773,11.3,Ava Patida,2025-10-14 10:17:43,noise
6397398372383,6391296649512,T773,21.3,Ava Patida,2025-10-14 08:17:17,noise
6397398372383,6395104602062,T773,14.3,Ava Patida,2025-10-13 11:11:35,noise
6397398372383,6392944941518,T224,11.2,Ava Patida,2025-10-13 20:22:50,noise
6397398372383,6399961796941,T773,34.3,Ava Patida,2025-10-12 08:22:21,noise
6397398372383,6391296649512,T224,46.0,Ava Patida,2025-10-12 19:08:51,noise
6397398372383,6399722315072,T773,7.2,Ava Patida,2025-10-11 10:01:55,noise
6397398372383,6391296649512,T773,10.5,Ava Patida,2025-10-11 21:17:31,noise
6397398372383,6395104602062,T773,4.3,Ava Patida,2025-10-10 12:19:49,noise
6397398372383,6396397246783,T773,26.9,Ava Patida,2025-10-10 23:26:54,noise
6397398372383,6399562839233,T773,22.9,Ava Patida,2025-10-10 23:13:03,noise
6397398372383,6398389473157,T773,46.8,Ava Patida,2025-10-09 17:12:46,noise
6397398372383,6399961796941,T224,17.6,Ava Patida,2025-10-08 16:28:51,noise
6397398372383,6391644392848,T773,35.5,Ava Patida,2025-10-07 12:17:11,noise
6397398372383,6399961796941,T224,13.8,Ava Patida,2025-10-07 18:24:07,noise
6397398372383,6398621864419,T773,9.5,Ava Patida,2025-10-07 17:01:09,noise
6397398372383,6395574777798,T224,17.1,Ava Patida,2025-10-06 16:01:03,noise
6397398372383,6391296649512,T773,10.4,Ava Patida,2025-10-06 10:17:38,noise
6397398372383,6399961796941,T224,7.8,Ava Patida,2025-10-06 17:09:41,noise
6397398372383,6391294572959,T773,8.2,Ava Patida,2025-10-05 14:21:41,noise
6397398372383,6399722315072,T224,8.3,Ava Patida,2025-10-04 15:08:51,noise
6397398372383,6398389473157,T773,26.3,Ava Patida,2025-10-03 13:24:07,noise
6397398372383,6399961796941,T773,25.9,Ava Patida,2025-10-03 11:27:13,noise
6397398372383,6397671860113,T773,16.6,Ava Patida,2025-10-02 02:15:09,noise
6397398372383,6391296649512,T224,11.8,Ava Patida,2025-10-01 14:06:47,noise
6397398372383,6398175003577,T773,24.9,Ava Patida,2025-09-30 18:01:01,noise
6397398372383,6396863262521,T224,10.1,Ava Patida,2025-09-30 08:29:26,noise
6397398372383,6399961796941,T773,40.4,Ava Patida,2025-09-30 12:24:40,noise
6397398372383,6396609819264,T773,31.9,Ava Patida,2025-09-29 20:17:36,noise
6397398372383,6391296649512,T773,8.4,Ava Patida,2025-09-29 14:23:05,noise
6397398372383,6398389473157,T773,16.9,Ava Patida,2025-09-28 08:18:34,noise
6397398372383,6391296649512,T224,10.0,Ava Patida,2025-09-28 19:14:57,noise
6397398372383,6391296649512,T224,18.2,Ava Patida,2025-09-28 10:14:28,noise
6397398372383,6391296649512,T224,5.6,Ava Patida,2025-09-27 08:11:19,noise
6397398372383,6391296649512,T224,9.9,Ava Patida,2025-09-27 19:03:02,noise
6397398372383,6391296649512,T773,63.2,Ava Patida,2025-09-26 18:10:13,noise
6397398372383,6393502849379,T773,14.8,Ava Patida,2025-09-26 16:20:29,noise
6397398372383,6392546307565,T773,35.6,Ava Patida,2025-09-26 13:14:03,noise
6397398372383,6398389473157,T224,8.5,Ava Patida,2025-09-25 21:00:57,noise
6397398372383,6398389473157,T773,8.4,Ava Patida,2025-09-25 22:08:18,noise
6397398372383,6397685492906,T224,20.5,Ava Patida,2025-09-24 20:20:11,noise
6397398372383,6391296649512,T773,4.4,Ava Patida,2025-09-24 09:08:53,noise
6397398372383,6399907611720,T773,31.7,Ava Patida,2025-09-23 23:27:19,noise
6397398372383,6398389473157,T224,71.0,Ava Patida,2025-09-23 16:20:00,noise
6397398372383,6398621864419,T224,7.2,Ava Patida,2025-09-23 21:22:45,noise
6397398372383,6398389473157,T224,29.7,Ava Patida,2025-09-22 08:13:50,noise
6397398372383,6391296649512,T773,10.2,Ava Patida,2025-09-21 11:01:46,noise
6397398372383,6391644392848,T224,34.6,Ava Patida,2025-09-21 14:10:16,noise
6397398372383,6399961796941,T773,16.0,Ava Patida,2025-09-20 19:13:00,noise
6397398372383,6391697329269,T224,20.0,Ava Patida,2025-09-20 15:18:56,noise
6397398372383,6399961796941,T773,8.9,Ava Patida,2025-09-19 18:04:19,noise
6397398372383,6399961796941,T773,26.0,Ava Patida,2025-09-19 04:21:23,noise
6397398372383,6396609819264,T224,10.4,Ava Patida,2025-09-18 14:14:29,noise
6397398372383,6397317313563,T773,43.0,Ava Patida,2025-09-18 18:16:54,noise
6397398372383,6398389473157,T224,14.8,Ava Patida,2025-09-18 17:19:24,noise
6397398372383,6398389473157,T773,10.5,Ava Patida,2025-09-17 17:28:26,noise
6397398372383,6398536130070,T224,17.5,Ava Patida,2025-09-16 22:03:14,noise
6397398372383,6395574777798,T224,15.6,Ava Patida,2025-09-16 09:16:27,noise
6397398372383,6391296649512,T224,56.1,Ava Patida,2025-09-15 10:18:00,noise
6397398372383,6399961796941,T773,9.8,Ava Patida,2025-09-15 20:25:33,noise
6397398372383,6399961796941,T773,10.5,Ava Patida,2025-09-14 12:18:34,noise
6397398372383,6399961796941,T773,18.7,Ava Patida,2025-09-14 11:09:09,noise
6397398372383,6399429451462,T773,10.8,Ava Patida,2025-09-13 18:24:26,noise
6397398372383,6391024970537,T224,41.0,Ava Patida,2025-09-13 09:16:19,noise
6397398372383,6399406323212,T773,10.0,Ava Patida,2025-09-12 18:29:36,noise
6397398372383,6395277555081,T773,23.4,Ava Patida,2025-09-12 20:25:17,noise
6397398372383,6391296649512,T773,13.4,Ava Patida,2025-09-12 13:07:52,noise
6397398372383,6399429451462,T773,15.5,Ava Patida,2025-09-11 13:26:34,noise
6397398372383,6391296649512,T224,36.9,Ava Patida,2025-09-11 01:13:58,noise
6397398372383,6391936644374,T773,23.2,Ava Patida,2025-09-10 20:29:57,noise
6397398372383,6398389473157,T773,46.0,Ava Patida,2025-09-10 05:29:35,noise
6397398372383,6392385746157,T773,70.9,Ava Patida,2025-09-09 21:22:28,noise
6397398372383,6391296649512,T224,6.6,Ava Patida,2025-09-09 13:20:33,noise
6397398372383,6391296649512,T773,8.8,Ava Patida,2025-09-08 14:17:57,noise
6397398372383,6391296649512,T224,16.2,Ava Patida,2025-09-07 18:19:10,noise
6397398372383,6399961796941,T224,11.7,Ava Patida,2025-09-07 16:03:13,noise
6397398372383,6398389473157,T773,14.6,Ava Patida,2025-09-06 14:13:55,noise
6397398372383,6391296649512,T224,30.2,Ava Patida,2025-09-06 10:10:38,noise
6397398372383,6399961796941,T773,12.9,Ava Patida,2025-09-05 19:14:39,noise
6397398372383,6391294572959,T773,18.7,Ava Patida,2025-09-04 23:24:21,noise
6397398372383,6399961796941,T773,13.6,Ava Patida,2025-09-04 15:18:19,noise
6397398372383,6391296649512,T773,15.1,Ava Patida,2025-09-04 19:18:41,noise
6397398372383,6391296649512,T773,19.7,Ava Patida,2025-09-03 19:23:30,noise
6397398372383,6398389473157,T224,29.4,Ava Patida,2025-09-03 12:30:31,noise
6397398372383,6391847085587,T224,5.7,Ava Patida,2025-09-03 09:08:58,noise
6397398372383,6399042725763,T773,22.2,Ava Patida,2025-09-02 08:24:14,noise
6397398372383,6398389473157,T224,33.7,Ava Patida,2025-09-02 09:11:13,noise
6397398372383,6391296649512,T224,28.5,Ava Patida,2025-09-01 16:12:55,noise
6397398372383,6391296649512,T224,15.2,Ava Patida,2025-09-01 09:21:43,noise
6397398372383,6391296649512,T773,19.3,Ava Patida,2025-08-31 19:26:54,noise
6397398372383,6399961796941,T773,21.2,Ava Patida,2025-08-30 08:19:44,noise
6397398372383,6397931099268,T773,18.6,Ava Patida,2025-08-30 22:07:55,noise
6397398372383,6399961796941,T773,72.6,Ava Patida,2025-08-29 18:11:13,noise
6397398372383,6397424123950,T224,35.5,Ava Patida,2025-08-29 21:29:55,noise
6397398372383,6398389473157,T773,11.9,Ava Patida,2025-08-29 02:08:49,noise
6397398372383,6399961796941,T773,62.3,Ava Patida,2025-08-28 20:02:25,noise
6397398372383,6391024970537,T224,41.4,Ava Patida,2025-08-28 11:21:40,noise
6397398372383,6397176014123,T224,35.3,Ava Patida,2025-08-27 11:21:16,noise
6397398372383,6397345443862,T224,2.9,Ava Patida,2025-08-27 16:00:19,noise
6397398372383,6399961796941,T224,6.0,Ava Patida,2025-08-26 22:12:15,noise
6397398372383,6399961796941,T773,5.4,Ava Patida,2025-08-25 12:02:06,noise
6397398372383,6391296649512,T773,18.8,Ava Patida,2025-08-25 12:26:33,noise
6397398372383,6391054941178,T224,28.2,Ava Patida,2025-08-25 00:13:25,noise
6397398372383,6398389473157,T773,22.1,Ava Patida,2025-08-24 23:25:18,noise
6397398372383,6393116814799,T224,14.1,Ava Patida,2025-08-24 12:30:18,noise
6397398372383,6391296649512,T224,13.6,Ava Patida,2025-08-23 13:11:47,noise
6397398372383,6398389473157,T224,11.5,Ava Patida,2025-08-23 15:22:56,noise
6397398372383,6395464499442,T224,3.4,Ava Patida,2025-08-23 18:30:28,noise
6397398372383,6391296649512,T773,16.5,Ava Patida,2025-08-22 20:21:31,noise
6397398372383,6397398372383,T773,13.5,Ava Patida,2025-08-22 12:25:07,noise
6397398372383,6399961796941,T773,9.4,Ava Patida,2025-08-21 16:01:25,noise
6397398372383,6399628559272,T224,8.2,Ava Patida,2025-08-21 17:27:59,noise
6397398372383,6396026405795,T773,15.6,Ava Patida,2025-08-21 15:11:53,noise
6397398372383,6396782939427,T224,26.2,Ava Patida,2025-08-20 17:04:22,noise
6397398372383,6391296649512,T773,18.4,Ava Patida,2025-08-20 19:13:06,noise
6397398372383,6391296649512,T224,6.2,Ava Patida,2025-08-19 20:06:35,noise
6397398372383,6399628559272,T773,18.4,Ava Patida,2025-08-19 19:09:44,noise
6397398372383,6394995994848,T224,21.1,Ava Patida,2025-08-19 19:10:03,noise
6397398372383,6391296649512,T773,12.2,Ava Patida,2025-08-18 13:02:18,noise
6397398372383,6391296649512,T773,7.9,Ava Patida,2025-08-18 13:21:38,noise
6397398372383,6391296649512,T224,14.3,Ava Patida,2025-08-17 20:00:34,noise
6397398372383,6391296649512,T224,7.9,Ava Patida,2025-08-17 15:15:02,noise
6397398372383,6391981016678,T773,25.1,Ava Patida,2025-08-16 11:22:31,noise
6397398372383,6394389103334,T224,11.0,Ava Patida,2025-08-16 12:01:26,noise
6397398372383,6391296649512,T224,32.1,Ava Patida,2025-08-16 15:11:07,noise
6397398372383,6391296649512,T773,8.3,Ava Patida,2025-08-15 08:15:16,noise
6397398372383,6399429451462,T773,17.3,Ava Patida,2025-08-15 00:27:03,noise
6397398372383,6397907454154,T224,50.1,Ava Patida,2025-08-14 17:15:34,noise
6397398372383,6396956367740,T224,11.1,Ava Patida,2025-08-14 08:17:02,noise
6397398372383,6399961796941,T773,26.2,Ava Patida,2025-08-13 12:08:59,noise
6397398372383,6399961796941,T224,5.5,Ava Patida,2025-08-12 12:01:23,noise
6397398372383,6398389473157,T773,22.8,Ava Patida,2025-08-12 12:15:11,noise
6397398372383,6398389473157,T224,7.8,Ava Patida,2025-08-11 17:16:26,noise
6397398372383,6391296649512,T773,12.5,Ava Patida,2025-08-10 21:07:58,noise
6397398372383,6391296649512,T224,5.3,Ava Patida,2025-08-10 14:12:58,noise
6397398372383,6391296649512,T224,39.0,Ava Patida,2025-08-10 13:30:52,noise
6397398372383,6391296649512,T224,34.5,Ava Patida,2025-08-09 20:04:46,noise
6397398372383,6399961796941,T224,21.8,Ava Patida,2025-08-09 16:24:30,noise
6397398372383,6391296649512,T773,7.6,Ava Patida,2025-08-08 10:30:27,noise
6397398372383,6391296649512,T773,17.2,Ava Patida,2025-08-08 02:16:09,noise
6397398372383,6391296649512,T224,14.9,Ava Patida,2025-08-08 00:26:46,noise
6397398372383,6399961796941,T773,18.2,Ava Patida,2025-08-07 21:06:34,noise
6397398372383,6391296649512,T224,12.8,Ava Patida,2025-08-06 11:01:23,noise
6397398372383,6391296649512,T773,44.6,Ava Patida,2025-08-06 14:20:23,noise
6397398372383,6398389473157,T224,19.5,Ava Patida,2025-08-06 13:26:51,noise
6397398372383,6391296649512,T773,25.0,Ava Patida,2025-08-05 16:04:14,noise
6397398372383,6398389473157,T773,7.1,Ava Patida,2025-08-05 19:08:45,noise
6397398372383,6399961796941,T773,16.0,Ava Patida,2025-08-04 13:15:23,noise
6397398372383,6399961796941,T773,11.2,Ava Patida,2025-08-04 17:15:18,noise
6397398372383,6394485230571,T773,10.6,Ava Patida,2025-08-04 16:03:10,noise
6395863306424,6398096864787,T645,10.5,Wes Alvarez,2025-10-18 19:18:28,noise
6395863306424,6398096864787,T645,37.3,Wes Alvarez,2025-10-17 16:18:18,noise
6395863306424,6391024970537,T120,9.2,Wes Alvarez,2025-10-17 12:05:11,noise
6395863306424,6398446041346,T120,5.6,Wes Alvarez,2025-10-17 22:16:59,noise
6395863306424,6398096864787,T645,31.7,Wes Alvarez,2025-10-16 08:30:39,noise
6395863306424,6392249133353,T645,45.7,Wes Alvarez,2025-10-16 11:28:25,noise
6395863306424,6392249133353,T120,3.9,Wes Alvarez,2025-10-15 08:11:17,noise
6395863306424,6398446041346,T645,10.5,Wes Alvarez,2025-10-15 23:27:13,noise
6395863306424,6396863262521,T645,30.3,Wes Alvarez,2025-10-15 09:04:09,noise
6395863306424,6392249133353,T645,47.0,Wes Alvarez,2025-10-14 12:18:19,noise
6395863306424,6397317313563,T645,22.5,Wes Alvarez,2025-10-14 09:24:20,noise
6395863306424,6398096864787,T120,31.1,Wes Alvarez,2025-10-13 21:21:17,noise
6395863306424,6391917476319,T645,4.5,Wes Alvarez,2025-10-13 03:21:54,noise
6395863306424,6398096864787,T645,34.4,Wes Alvarez,2025-10-12 13:30:59,noise
6395863306424,6398446041346,T645,7.4,Wes Alvarez,2025-10-12 13:20:16,noise
6395863306424,6395863306424,T645,25.7,Wes Alvarez,2025-10-11 18:28:42,noise
6395863306424,6397398372383,T120,20.2,Wes Alvarez,2025-10-11 18:22:34,noise
6395863306424,6398446041346,T645,10.1,Wes Alvarez,2025-10-10 00:17:03,noise
6395863306424,6398096864787,T645,12.7,Wes Alvarez,2025-10-10 19:29:09,noise
6395863306424,6398096864787,T645,25.7,Wes Alvarez,2025-10-09 01:26:25,noise
6395863306424,6397357048476,T645,26.7,Wes Alvarez,2025-10-09 15:07:46,noise
6395863306424,6398446041346,T645,6.6,Wes Alvarez,2025-10-08 12:27:16,noise
6395863306424,6398446041346,T645,27.4,Wes Alvarez,2025-10-08 18:27:09,noise
6395863306424,6392249133353,T120,26.5,Wes Alvarez,2025-10-07 17:02:47,noise
6395863306424,6398096864787,T120,64.5,Wes Alvarez,2025-10-07 19:09:34,noise
6395863306424,6392249133353,T120,5.1,Wes Alvarez,2025-10-07 08:29:02,noise
6395863306424,6392182204871,T120,18.1,Wes Alvarez,2025-10-06 14:18:55,noise
6395863306424,6398096864787,T645,62.0,Wes Alvarez,2025-10-06 15:23:06,noise
6395863306424,6398096864787,T645,4.5,Wes Alvarez,2025-10-05 08:13:15,noise
6395863306424,6392249133353,T120,9.1,Wes Alvarez,2025-10-05 12:05:32,noise
6395863306424,6392249133353,T645,19.0,Wes Alvarez,2025-10-04 18:19:32,noise
6395863306424,6399119973715,T645,20.3,Wes Alvarez,2025-10-03 17:19:52,noise
6395863306424,6398446041346,T645,13.0,Wes Alvarez,2025-10-02 10:21:30,noise
6395863306424,6392249133353,T645,8.8,Wes Alvarez,2025-10-02 08:29:56,noise
6395863306424,6397357048476,T120,7.9,Wes Alvarez,2025-10-02 14:12:11,noise
6395863306424,6398096864787,T120,9.5,Wes Alvarez,2025-10-01 20:18:12,noise
6395863306424,6398446041346,T120,13.2,Wes Alvarez,2025-10-01 08:04:12,noise
6395863306424,6397424123950,T645,9.2,Wes Alvarez,2025-10-01 14:02:07,noise
6395863306424,6392249133353,T645,60.0,Wes Alvarez,2025-09-30 20:05:34,noise
6395863306424,6391054941178,T120,33.3,Wes Alvarez,2025-09-30 10:19:17,noise
6395863306424,6396782939427,T645,12.8,Wes Alvarez,2025-09-29 20:26:22,noise
6395863306424,6398096864787,T645,12.8,Wes Alvarez,2025-09-29 05:25:19,noise
6395863306424,6398096864787,T645,10.4,Wes Alvarez,2025-09-29 11:09:53,noise
6395863306424,6398446041346,T120,4.6,Wes Alvarez,2025-09-28 20:28:51,noise
6395863306424,6398096864787,T120,15.0,Wes Alvarez,2025-09-28 19:10:03,noise
6395863306424,6395447757108,T120,13.7,Wes Alvarez,2025-09-27 21:19:24,noise
6395863306424,6397872153794,T120,19.2,Wes Alvarez,2025-09-27 20:12:15,noise
6395863306424,6398446041346,T645,19.1,Wes Alvarez,2025-09-26 10:01:16,noise
6395863306424,6395863306424,T120,14.0,Wes Alvarez,2025-09-26 09:00:50,noise
6395863306424,6392249133353,T645,22.0,Wes Alvarez,2025-09-25 22:08:57,noise
6395863306424,6392249133353,T645,26.2,Wes Alvarez,2025-09-25 10:02:35,noise
6395863306424,6392251159617,T120,12.0,Wes Alvarez,2025-09-24 09:30:02,noise
6395863306424,6398096864787,T645,25.7,Wes Alvarez,2025-09-23 17:15:54,noise
6395863306424,6398446041346,T120,16.3,Wes Alvarez,2025-09-23 15:12:55,noise
6395863306424,6398446041346,T120,14.3,Wes Alvarez,2025-09-22 18:16:07,noise
6395863306424,6395086222587,T645,11.1,Wes Alvarez,2025-09-22 17:24:16,noise
6395863306424,6398446041346,T120,8.6,Wes Alvarez,2025-09-21 15:06:56,noise
6395863306424,6395034822866,T645,66.1,Wes Alvarez,2025-09-21 10:06:52,noise
6395863306424,6398096864787,T120,38.2,Wes Alvarez,2025-09-20 14:01:53,noise
6395863306424,6398446041346,T120,14.7,Wes Alvarez,2025-09-20 11:02:17,noise
6395863306424,6395034822866,T645,26.4,Wes Alvarez,2025-09-19 21:10:39,noise
6395863306424,6398446041346,T120,18.2,Wes Alvarez,2025-09-19 12:16:07,noise
6395863306424,6397424123950,T120,22.9,Wes Alvarez,2025-09-18 20:29:20,noise
6395863306424,6392249133353,T645,27.7,Wes Alvarez,2025-09-18 15:23:22,noise
6395863306424,6392249133353,T645,22.1,Wes Alvarez,2025-09-18 09:16:04,noise
6395863306424,6398446041346,T120,46.2,Wes Alvarez,2025-09-17 21:14:55,noise
6395863306424,6398446041346,T645,17.2,Wes Alvarez,2025-09-16 10:02:51,noise
6395863306424,6398446041346,T645,23.9,Wes Alvarez,2025-09-16 10:08:13,noise
6395863306424,6392249133353,T645,16.9,Wes Alvarez,2025-09-16 02:24:32,noise
6395863306424,6394485230571,T120,7.0,Wes Alvarez,2025-09-15 08:14:50,noise
6395863306424,6394334018731,T120,22.5,Wes Alvarez,2025-09-15 00:07:11,noise
6395863306424,6392249133353,T120,8.7,Wes Alvarez,2025-09-14 08:21:14,noise
6395863306424,6398621864419,T120,23.0,Wes Alvarez,2025-09-14 19:14:07,noise
6395863306424,6391294572959,T645,95.2,Wes Alvarez,2025-09-14 02:10:13,noise
6395863306424,6392249133353,T645,17.0,Wes Alvarez,2025-09-13 20:14:37,noise
6395863306424,6398446041346,T120,32.5,Wes Alvarez,2025-09-12 23:28:48,noise
6395863306424,6398096864787,T120,10.6,Wes Alvarez,2025-09-12 14:25:07,noise
6395863306424,6394863330204,T645,14.1,Wes Alvarez,2025-09-11 18:26:03,noise
6395863306424,6392944941518,T120,16.2,Wes Alvarez,2025-09-11 10:28:56,noise
6395863306424,6398446041346,T120,11.8,Wes Alvarez,2025-09-10 17:20:29,noise
6395863306424,6398096864787,T120,71.5,Wes Alvarez,2025-09-10 13:10:53,noise
6395863306424,6398096864787,T645,21.4,Wes Alvarez,2025-09-10 11:01:56,noise
6395863306424,6398536130070,T120,22.1,Wes Alvarez,2025-09-09 10:14:43,noise
6395863306424,6392249133353,T645,6.6,Wes Alvarez,2025-09-09 01:23:29,noise
6395863306424,6392249133353,T645,65.2,Wes Alvarez,2025-09-08 18:11:32,noise
6395863306424,6398446041346,T645,16.1,Wes Alvarez,2025-09-08 02:17:01,noise
6395863306424,6395738348726,T120,64.7,Wes Alvarez,2025-09-07 20:24:51,noise
6395863306424,6398096864787,T120,5.4,Wes Alvarez,2025-09-07 15:03:57,noise
6395863306424,6398096864787,T645,8.6,Wes Alvarez,2025-09-07 05:17:41,noise
6395863306424,6398096864787,T645,37.9,Wes Alvarez,2025-09-06 20:18:37,noise
6395863306424,6399907611720,T645,16.3,Wes Alvarez,2025-09-06 19:19:30,noise
6395863306424,6398096864787,T645,32.6,Wes Alvarez,2025-09-05 08:16:15,noise
6395863306424,6395289242961,T120,17.4,Wes Alvarez,2025-09-05 00:27:21,noise
6395863306424,6398096864787,T645,6.0,Wes Alvarez,2025-09-04 20:23:11,noise
6395863306424,6392249133353,T645,16.2,Wes Alvarez,2025-09-03 17:19:53,noise
6395863306424,6398096864787,T645,17.1,Wes Alvarez,2025-09-03 11:15:45,noise
6395863306424,6392249133353,T120,7.4,Wes Alvarez,2025-09-02 11:28:01,noise
6395863306424,6392249133353,T120,40.5,Wes Alvarez,2025-09-02 17:17:20,noise
6395863306424,6398446041346,T120,7.1,Wes Alvarez,2025-09-02 00:16:09,noise
6395863306424,6398175003577,T645,7.9,Wes Alvarez,2025-09-01 09:03:14,noise
6395863306424,6392249133353,T645,11.4,Wes Alvarez,2025-09-01 16:21:13,noise
6395863306424,6399095757865,T645,69.0,Wes Alvarez,2025-08-31 14:18:08,noise
6395863306424,6398621864419,T120,21.7,Wes Alvarez,2025-08-31 08:13:12,noise
6395863306424,6392249133353,T120,3.8,Wes Alvarez,2025-08-30 23:18:48,noise
6395863306424,6398096864787,T645,4.1,Wes Alvarez,2025-08-30 04:17:50,noise
6395863306424,6398446041346,T120,21.9,Wes Alvarez,2025-08-29 09:27:38,noise
6395863306424,6398446041346,T645,7.1,Wes Alvarez,2025-08-29 08:15:42,noise
6395863306424,6392691285953,T645,15.3,Wes Alvarez,2025-08-28 16:08:35,noise
6395863306424,6392249133353,T645,27.4,Wes Alvarez,2025-08-28 23:08:19,noise
6395863306424,6398096864787,T120,30.8,Wes Alvarez,2025-08-28 10:17:15,noise
6395863306424,6395264944630,T645,34.3,Wes Alvarez,2025-08-27 22:27:32,noise
6395863306424,6399119973715,T120,14.2,Wes Alvarez,2025-08-26 21:13:33,noise
6395863306424,6391697329269,T120,6.0,Wes Alvarez,2025-08-26 13:30:44,noise
6395863306424,6398096864787,T120,36.0,Wes Alvarez,2025-08-26 21:04:19,noise
6395863306424,6392249133353,T645,19.0,Wes Alvarez,2025-08-25 12:28:02,noise
6395863306424,6392249133353,T645,103.2,Wes Alvarez,2025-08-24 19:00:53,noise
6395863306424,6399119973715,T120,14.0,Wes Alvarez,2025-08-24 08:07:12,noise
6395863306424,6394855637596,T120,2.8,Wes Alvarez,2025-08-23 09:21:57,noise
6395863306424,6398096864787,T645,12.1,Wes Alvarez,2025-08-23 11:17:47,noise
6395863306424,6397671860113,T120,7.2,Wes Alvarez,2025-08-22 18:20:56,noise
6395863306424,6398096864787,T645,6.9,Wes Alvarez,2025-08-22 05:23:35,noise
6395863306424,6395863306424,T120,46.3,Wes Alvarez,2025-08-22 11:16:04,noise
6395863306424,6394602944141,T645,19.2,Wes Alvarez,2025-08-21 09:13:27,noise
6395863306424,6398096864787,T645,24.2,Wes Alvarez,2025-08-21 04:01:09,noise
6395863306424,6398096864787,T120,31.2,Wes Alvarez,2025-08-20 20:17:47,noise
6395863306424,6398096864787,T120,27.4,Wes Alvarez,2025-08-20 08:29:45,noise
6395863306424,6398096864787,T645,12.8,Wes Alvarez,2025-08-19 15:27:14,noise
6395863306424,6398446041346,T645,36.1,Wes Alvarez,2025-08-19 21:27:15,noise
6395863306424,6392249133353,T120,27.1,Wes Alvarez,2025-08-18 00:18:34,noise
6395863306424,6398446041346,T645,18.0,Wes Alvarez,2025-08-18 03:30:39,noise
6395863306424,6391847085587,T120,20.6,Wes Alvarez,2025-08-17 19:29:21,noise
6395863306424,6396609601602,T645,18.0,Wes Alvarez,2025-08-17 08:07:29,noise
6395863306424,6398446041346,T120,49.5,Wes Alvarez,2025-08-16 08:00:51,noise
6395863306424,6398096864787,T645,11.4,Wes Alvarez,2025-08-15 17:13:39,noise
6395863306424,6392249133353,T120,10.6,Wes Alvarez,2025-08-15 22:12:49,noise
6395863306424,6398446041346,T120,8.0,Wes Alvarez,2025-08-15 17:22:47,noise
6395863306424,6398446041346,T120,9.6,Wes Alvarez,2025-08-14 19:13:09,noise
6395863306424,6398096864787,T120,7.4,Wes Alvarez,2025-08-14 18:06:19,noise
6395863306424,6393958914953,T645,5.2,Wes Alvarez,2025-08-13 09:28:27,noise
6395863306424,6392249133353,T120,25.8,Wes Alvarez,2025-08-12 13:17:57,noise
6395863306424,6398096864787,T120,22.8,Wes Alvarez,2025-08-12 09:28:28,noise
6395863306424,6398446041346,T645,11.6,Wes Alvarez,2025-08-11 13:01:50,noise
6395863306424,6392249133353,T120,19.7,Wes Alvarez,2025-08-11 12:19:23,noise
6395863306424,6398096864787,T120,19.3,Wes Alvarez,2025-08-11 09:02:54,noise
6395863306424,6398446041346,T120,12.4,Wes Alvarez,2025-08-10 16:26:54,noise
6395863306424,6392249133353,T120,57.3,Wes Alvarez,2025-08-10 09:10:58,noise
6395863306424,6392249133353,T120,13.7,Wes Alvarez,2025-08-09 19:19:17,noise
6395863306424,6392249133353,T120,8.3,Wes Alvarez,2025-08-08 10:07:09,noise
6395863306424,6392249133353,T645,15.0,Wes Alvarez,2025-08-08 11:10:03,noise
6395863306424,6392249133353,T120,15.7,Wes Alvarez,2025-08-08 09:15:56,noise
6395863306424,6398096864787,T120,4.6,Wes Alvarez,2025-08-07 09:21:27,noise
6395863306424,6392249133353,T645,16.1,Wes Alvarez,2025-08-07 01:11:06,noise
6395863306424,6399961796941,T645,59.1,Wes Alvarez,2025-08-06 14:25:49,noise
6395863306424,6398446041346,T120,15.3,Wes Alvarez,2025-08-06 19:22:45,noise
6395863306424,6398096864787,T645,42.7,Wes Alvarez,2025-08-06 12:25:48,noise
6395863306424,6398313094253,T645,39.0,Wes Alvarez,2025-08-05 12:13:56,noise
6395863306424,6392249133353,T645,42.7,Wes Alvarez,2025-08-05 09:05:05,noise
6395863306424,6392249133353,T645,19.1,Wes Alvarez,2025-08-04 11:13:27,noise
6395863306424,6394701982874,T645,12.7,Wes Alvarez,2025-08-04 10:12:01,noise
6395863306424,6398096864787,T645,21.2,Wes Alvarez,2025-08-04 18:12:44,noise
6391678940428,6394018894269,T606,31.2,Grace Jansen,2025-10-18 09:17:18,noise
6391678940428,6395574777798,T939,10.4,Grace Jansen,2025-10-17 16:10:33,noise
6391678940428,6397357048476,T606,5.5,Grace Jansen,2025-10-17 14:02:02,noise
6391678940428,6394018894269,T606,26.2,Grace Jansen,2025-10-16 15:16:46,noise
6391678940428,6398578995606,T606,13.8,Grace Jansen,2025-10-16 05:21:42,noise
6391678940428,6395863306424,T606,25.1,Grace Jansen,2025-10-16 12:14:15,noise
6391678940428,6396026405795,T939,33.4,Grace Jansen,2025-10-15 15:20:57,noise
6391678940428,6391294572959,T606,6.5,Grace Jansen,2025-10-14 00:25:02,noise
6391678940428,6395289242961,T606,16.9,Grace Jansen,2025-10-13 16:13:38,noise
6391678940428,6399429451462,T606,23.5,Grace Jansen,2025-10-13 19:03:14,noise
6391678940428,6397671860113,T606,9.6,Grace Jansen,2025-10-12 13:27:58,noise
6391678940428,6397959530865,T939,15.8,Grace Jansen,2025-10-12 10:00:37,noise
6391678940428,6395863306424,T606,23.7,Grace Jansen,2025-10-12 01:06:35,noise
6391678940428,6395104602062,T606,56.8,Grace Jansen,2025-10-11 17:09:45,noise
6391678940428,6393318640912,T939,28.1,Grace Jansen,2025-10-10 13:21:19,noise
6391678940428,6395863306424,T606,34.1,Grace Jansen,2025-10-10 11:20:38,noise
6391678940428,6396663971262,T939,23.8,Grace Jansen,2025-10-09 01:17:58,noise
6391678940428,6396663971262,T939,6.7,Grace Jansen,2025-10-08 08:00:07,noise
6391678940428,6397357048476,T606,17.4,Grace Jansen,2025-10-08 22:14:25,noise
6391678940428,6393474215565,T606,7.1,Grace Jansen,2025-10-08 11:18:47,noise
6391678940428,6394995994848,T939,5.9,Grace Jansen,2025-10-07 20:25:52,noise
6391678940428,6395863306424,T939,25.1,Grace Jansen,2025-10-07 12:00:39,noise
6391678940428,6396212810153,T939,6.9,Grace Jansen,2025-10-06 14:23:00,noise
6391678940428,6394018894269,T939,19.6,Grace Jansen,2025-10-05 20:07:37,noise
6391678940428,6396663971262,T939,11.3,Grace Jansen,2025-10-04 13:30:04,noise
6391678940428,6394018894269,T606,8.9,Grace Jansen,2025-10-03 22:10:48,noise
6391678940428,6394018894269,T939,31.8,Grace Jansen,2025-10-03 08:23:33,noise
6391678940428,6394018894269,T606,49.4,Grace Jansen,2025-10-02 08:06:07,noise
6391678940428,6399697255231,T939,24.1,Grace Jansen,2025-10-02 19:02:30,noise
6391678940428,6394018894269,T939,13.4,Grace Jansen,2025-10-02 08:24:38,noise
6391678940428,6394018894269,T606,32.1,Grace Jansen,2025-10-01 11:30:30,noise
6391678940428,6399429451462,T606,18.9,Grace Jansen,2025-09-30 10:27:52,noise
6391678940428,6394018894269,T606,57.2,Grace Jansen,2025-09-30 17:18:38,noise
6391678940428,6395863306424,T939,19.0,Grace Jansen,2025-09-29 19:03:05,noise
6391678940428,6395574777798,T939,15.7,Grace Jansen,2025-09-28 22:15:19,noise
6391678940428,6394018894269,T939,31.6,Grace Jansen,2025-09-28 08:29:35,noise
6391678940428,6396663971262,T939,7.3,Grace Jansen,2025-09-27 15:07:59,noise
6391678940428,6399429451462,T606,42.7,Grace Jansen,2025-09-27 22:11:10,noise
6391678940428,6395863306424,T939,42.7,Grace Jansen,2025-09-26 09:25:49,noise
6391678940428,6394018894269,T939,19.5,Grace Jansen,2025-09-26 19:26:59,noise
6391678940428,6392251159617,T606,43.6,Grace Jansen,2025-09-26 16:12:04,noise
6391678940428,6398313094253,T606,9.9,Grace Jansen,2025-09-25 21:06:02,noise
6391678940428,6394018894269,T606,11.8,Grace Jansen,2025-09-25 09:00:37,noise
6391678940428,6396663971262,T939,13.6,Grace Jansen,2025-09-24 13:26:19,noise
6391678940428,6396663971262,T939,15.2,Grace Jansen,2025-09-24 10:00:23,noise
6391678940428,6392944941518,T939,4.3,Grace Jansen,2025-09-24 15:20:01,noise
6391678940428,6394018894269,T606,8.5,Grace Jansen,2025-09-23 17:29:24,noise
6391678940428,6395709000192,T939,13.6,Grace Jansen,2025-09-23 14:23:39,noise
6391678940428,6394018894269,T606,49.2,Grace Jansen,2025-09-23 21:11:45,noise
6391678940428,6395863306424,T939,15.9,Grace Jansen,2025-09-22 03:03:07,noise
6391678940428,6396663971262,T606,10.8,Grace Jansen,2025-09-22 23:02:18,noise
6391678940428,6394018894269,T939,43.1,Grace Jansen,2025-09-21 21:21:57,noise
6391678940428,6391054941178,T939,22.5,Grace Jansen,2025-09-20 15:08:27,noise
6391678940428,6395863306424,T606,14.1,Grace Jansen,2025-09-20 11:20:12,noise
6391678940428,6396663971262,T939,9.1,Grace Jansen,2025-09-19 22:20:45,noise
6391678940428,6393299477204,T606,14.0,Grace Jansen,2025-09-18 18:18:10,noise
6391678940428,6392599009461,T939,8.6,Grace Jansen,2025-09-18 16:06:31,noise
6391678940428,6392249133353,T939,11.0,Grace Jansen,2025-09-17 03:14:40,noise
6391678940428,6396663971262,T606,46.9,Grace Jansen,2025-09-17 17:19:04,noise
6391678940428,6399828853050,T606,15.2,Grace Jansen,2025-09-17 16:01:53,noise
6391678940428,6394018894269,T606,9.8,Grace Jansen,2025-09-16 08:03:17,noise
6391678940428,6394018894269,T606,6.1,Grace Jansen,2025-09-16 18:09:46,noise
6391678940428,6394018894269,T606,24.5,Grace Jansen,2025-09-16 12:11:43,noise
6391678940428,6393116814799,T606,74.5,Grace Jansen,2025-09-15 15:29:33,noise
6391678940428,6394018894269,T939,5.8,Grace Jansen,2025-09-15 09:07:13,noise
6391678940428,6395863306424,T606,18.2,Grace Jansen,2025-09-14 17:19:15,noise
6391678940428,6394018894269,T606,19.9,Grace Jansen,2025-09-14 22:28:29,noise
6391678940428,6394995994848,T606,11.8,Grace Jansen,2025-09-13 13:30:14,noise
6391678940428,6394018894269,T939,42.1,Grace Jansen,2025-09-12 17:13:07,noise
6391678940428,6395738348726,T606,23.1,Grace Jansen,2025-09-12 12:16:49,noise
6391678940428,6396663971262,T606,37.4,Grace Jansen,2025-09-12 23:25:01,noise
6391678940428,6395863306424,T606,31.3,Grace Jansen,2025-09-11 10:18:01,noise
6391678940428,6398446041346,T939,29.8,Grace Jansen,2025-09-11 12:04:09,noise
6391678940428,6394781266670,T939,24.0,Grace Jansen,2025-09-10 09:07:18,noise
6391678940428,6395863306424,T939,5.9,Grace Jansen,2025-09-10 16:03:05,noise
6391678940428,6395738348726,T606,4.6,Grace Jansen,2025-09-10 13:04:45,noise
6391678940428,6399722315072,T939,15.5,Grace Jansen,2025-09-09 14:22:08,noise
6391678940428,6395863306424,T606,8.3,Grace Jansen,2025-09-09 20:28:52,noise
6391678940428,6394018894269,T606,3.9,Grace Jansen,2025-09-08 15:20:11,noise
6391678940428,6396663971262,T606,35.2,Grace Jansen,2025-09-08 12:04:18,noise
6391678940428,6396663971262,T606,17.8,Grace Jansen,2025-09-07 13:14:02,noise
6391678940428,6394018894269,T606,7.6,Grace Jansen,2025-09-07 18:22:15,noise
6391678940428,6396663971262,T606,29.3,Grace Jansen,2025-09-06 19:17:35,noise
6391678940428,6395863306424,T606,19.1,Grace Jansen,2025-09-06 15:05:56,noise
6391678940428,6392944941518,T939,14.8,Grace Jansen,2025-09-05 13:03:55,noise
6391678940428,6395863306424,T606,28.3,Grace Jansen,2025-09-04 15:19:39,noise
6391678940428,6394018894269,T939,24.8,Grace Jansen,2025-09-04 14:19:57,noise
6391678940428,6396609819264,T606,7.6,Grace Jansen,2025-09-03 16:17:17,noise
6391678940428,6394018894269,T606,13.0,Grace Jansen,2025-09-03 23:20:58,noise
6391678940428,6392546307565,T939,17.4,Grace Jansen,2025-09-03 02:11:29,noise
6391678940428,6399562839233,T606,38.6,Grace Jansen,2025-09-02 23:08:16,noise
6391678940428,6391847085587,T606,5.5,Grace Jansen,2025-09-01 14:17:07,noise
6391678940428,6396663971262,T606,47.2,Grace Jansen,2025-09-01 12:27:54,noise
6391678940428,6393318640912,T606,7.4,Grace Jansen,2025-08-31 08:10:25,noise
6391678940428,6394018894269,T606,42.9,Grace Jansen,2025-08-31 18:09:25,noise
6391678940428,6396663971262,T606,47.6,Grace Jansen,2025-08-30 09:29:05,noise
6391678940428,6391697329269,T606,44.0,Grace Jansen,2025-08-30 05:29:33,noise
6391678940428,6394018894269,T939,39.6,Grace Jansen,2025-08-29 14:27:56,noise
6391678940428,6396663971262,T606,42.2,Grace Jansen,2025-08-29 09:30:15,noise
6391678940428,6391936644374,T606,40.8,Grace Jansen,2025-08-28 12:18:34,noise
6391678940428,6395863306424,T939,8.2,Grace Jansen,2025-08-28 22:19:15,noise
6391678940428,6394018894269,T939,15.9,Grace Jansen,2025-08-28 17:06:37,noise
6391678940428,6394369267219,T939,11.2,Grace Jansen,2025-08-27 22:26:07,noise
6391678940428,6395863306424,T606,31.6,Grace Jansen,2025-08-26 09:09:00,noise
6391678940428,6396663971262,T606,37.7,Grace Jansen,2025-08-26 20:13:20,noise
6391678940428,6396663971262,T939,15.1,Grace Jansen,2025-08-25 12:15:42,noise
6391678940428,6397931099268,T606,29.7,Grace Jansen,2025-08-25 01:24:55,noise
6391678940428,6395574777798,T606,26.2,Grace Jansen,2025-08-25 09:10:38,noise
6391678940428,6395863306424,T606,7.7,Grace Jansen,2025-08-24 10:16:20,noise
6391678940428,6395863306424,T939,13.0,Grace Jansen,2025-08-23 21:17:41,noise
6391678940428,6396663971262,T606,10.7,Grace Jansen,2025-08-23 16:04:52,noise
6391678940428,6395863306424,T606,8.7,Grace Jansen,2025-08-23 19:15:33,noise
6391678940428,6394018894269,T606,12.7,Grace Jansen,2025-08-22 15:30:17,noise
6391678940428,6394018894269,T606,12.9,Grace Jansen,2025-08-21 18:13:54,noise
6391678940428,6399042725763,T939,60.3,Grace Jansen,2025-08-21 11:19:35,noise
6391678940428,6397398372383,T939,11.7,Grace Jansen,2025-08-20 22:02:51,noise
6391678940428,6392623441780,T606,14.0,Grace Jansen,2025-08-20 00:09:40,noise
6391678940428,6396663971262,T606,20.0,Grace Jansen,2025-08-19 19:17:08,noise
6391678940428,6395863306424,T606,43.7,Grace Jansen,2025-08-19 15:11:34,noise
6391678940428,6394018894269,T939,78.1,Grace Jansen,2025-08-18 13:16:11,noise
6391678940428,6395863306424,T606,4.8,Grace Jansen,2025-08-18 19:07:22,noise
6391678940428,6399562839233,T606,8.9,Grace Jansen,2025-08-18 12:05:52,noise
6391678940428,6394477195628,T606,17.7,Grace Jansen,2025-08-17 20:03:11,noise
6391678940428,6395863306424,T606,37.5,Grace Jansen,2025-08-17 15:23:41,noise
6391678940428,6394018894269,T939,10.2,Grace Jansen,2025-08-16 02:21:53,noise
6391678940428,6396663971262,T606,8.0,Grace Jansen,2025-08-16 21:24:45,noise
6391678940428,6397317313563,T606,16.4,Grace Jansen,2025-08-16 17:04:58,noise
6391678940428,6396663971262,T606,42.0,Grace Jansen,2025-08-15 16:17:22,noise
6391678940428,6396663971262,T606,9.2,Grace Jansen,2025-08-15 20:28:02,noise
6391678940428,6395574777798,T939,6.5,Grace Jansen,2025-08-14 12:11:15,noise
6391678940428,6392691285953,T939,20.6,Grace Jansen,2025-08-14 19:28:13,noise
6391678940428,6395863306424,T606,9.3,Grace Jansen,2025-08-13 13:24:45,noise
6391678940428,6395863306424,T606,25.3,Grace Jansen,2025-08-13 11:27:23,noise
6391678940428,6394018894269,T939,6.3,Grace Jansen,2025-08-12 14:25:30,noise
6391678940428,6392249133353,T939,23.5,Grace Jansen,2025-08-12 20:14:45,noise
6391678940428,6395738348726,T939,22.5,Grace Jansen,2025-08-12 08:26:00,noise
6391678940428,6396663971262,T606,26.8,Grace Jansen,2025-08-11 22:19:49,noise
6391678940428,6394018894269,T606,16.6,Grace Jansen,2025-08-11 05:30:28,noise
6391678940428,6395863306424,T606,52.6,Grace Jansen,2025-08-11 00:07:14,noise
6391678940428,6398645236008,T606,27.6,Grace Jansen,2025-08-10 18:08:41,noise
6391678940428,6395863306424,T939,28.1,Grace Jansen,2025-08-10 18:10:31,noise
6391678940428,6392523329605,T606,40.9,Grace Jansen,2025-08-10 10:14:25,noise
6391678940428,6396663971262,T939,29.2,Grace Jansen,2025-08-09 14:17:46,noise
6391678940428,6395863306424,T606,12.9,Grace Jansen,2025-08-09 14:27:43,noise
6391678940428,6399562839233,T939,13.7,Grace Jansen,2025-08-08 09:09:01,noise
6391678940428,6395863306424,T606,142.8,Grace Jansen,2025-08-08 20:24:31,noise
6391678940428,6395863306424,T606,34.4,Grace Jansen,2025-08-07 16:03:24,noise
6391678940428,6397872153794,T939,46.2,Grace Jansen,2025-08-06 09:17:41,noise
6391678940428,6396663971262,T606,15.0,Grace Jansen,2025-08-06 16:29:34,noise
6391678940428,6391917476319,T939,20.7,Grace Jansen,2025-08-05 23:13:19,noise
6391678940428,6395863306424,T606,36.9,Grace Jansen,2025-08-05 19:15:21,noise
6391678940428,6399961796941,T939,13.3,Grace Jansen,2025-08-04 15:21:31,noise
6391678940428,6396663971262,T606,25.2,Grace Jansen,2025-08-04 17:04:26,noise
6391936644374,6399828853050,T111,208.8,Lena Novak,2025-12-11 19:20:57,noise
6391936644374,6399095757865,T111,222.6,Lena Novak,2025-12-20 13:07:53,noise
6391936644374,6396168850025,T111,72.4,Lena Novak,2025-11-25 16:23:57,noise
6391936644374,6397317313563,T111,244.8,Lena Novak,2025-11-29 19:07:08,noise
6391936644374,6396026405795,T111,105.4,Lena Novak,2025-11-20 17:14:50,noise
6392249133353,6392944941518,T576,8.9,Noah Unger,2025-10-18 16:12:38,noise
6392249133353,6396168850025,T788,34.2,Noah Unger,2025-10-18 16:05:24,noise
6392249133353,6391294572959,T788,10.7,Noah Unger,2025-10-17 08:18:43,noise
6392249133353,6392944941518,T576,5.3,Noah Unger,2025-10-17 13:26:10,noise
6392249133353,6396284057733,T576,27.0,Noah Unger,2025-10-17 19:23:59,noise
6392249133353,6392944941518,T788,12.0,Noah Unger,2025-10-16 16:17:51,noise
6392249133353,6399406323212,T576,33.7,Noah Unger,2025-10-16 03:09:43,noise
6392249133353,6399429451462,T788,23.9,Noah Unger,2025-10-15 22:03:32,noise
6392249133353,6396168850025,T576,13.2,Noah Unger,2025-10-15 10:15:52,noise
6392249133353,6392944941518,T576,21.3,Noah Unger,2025-10-14 16:30:27,noise
6392249133353,6394477195628,T576,6.1,Noah Unger,2025-10-14 16:11:51,noise
6392249133353,6392944941518,T576,4.8,Noah Unger,2025-10-13 10:22:53,noise
6392249133353,6392182204871,T576,120.3,Noah Unger,2025-10-12 09:20:53,noise
6392249133353,6399406323212,T576,25.6,Noah Unger,2025-10-11 17:26:15,noise
6392249133353,6392089382142,T788,25.1,Noah Unger,2025-10-11 18:29:19,noise
6392249133353,6399406323212,T576,4.6,Noah Unger,2025-10-10 18:16:39,noise
6392249133353,6396168850025,T576,12.8,Noah Unger,2025-10-10 09:27:38,noise
6392249133353,6395388614739,T788,33.1,Noah Unger,2025-10-09 16:14:19,noise
6392249133353,6392944941518,T788,23.9,Noah Unger,2025-10-09 13:02:45,noise
6392249133353,6396168850025,T788,72.6,Noah Unger,2025-10-09 17:15:35,noise
6392249133353,6396168850025,T576,11.5,Noah Unger,2025-10-08 15:14:53,noise
6392249133353,6396168850025,T788,11.0,Noah Unger,2025-10-08 14:18:54,noise
6392249133353,6392944941518,T576,18.8,Noah Unger,2025-10-08 16:14:38,noise
6392249133353,6392944941518,T576,16.5,Noah Unger,2025-10-07 13:22:21,noise
6392249133353,6395277555081,T788,12.6,Noah Unger,2025-10-07 09:00:10,noise
6392249133353,6392944941518,T788,14.8,Noah Unger,2025-10-06 08:12:44,noise
6392249133353,6399406323212,T576,31.7,Noah Unger,2025-10-06 13:22:07,noise
6392249133353,6396168850025,T788,8.8,Noah Unger,2025-10-05 12:05:58,noise
6392249133353,6396609601602,T576,16.8,Noah Unger,2025-10-05 11:29:25,noise
6392249133353,6392944941518,T576,3.9,Noah Unger,2025-10-05 04:30:29,noise
6392249133353,6392944941518,T576,36.8,Noah Unger,2025-10-04 03:00:52,noise
6392249133353,6399406323212,T788,6.2,Noah Unger,2025-10-04 18:29:43,noise
6392249133353,6392944941518,T788,114.0,Noah Unger,2025-10-03 16:25:38,noise
6392249133353,6396863262521,T788,24.8,Noah Unger,2025-10-03 10:02:28,noise
6392249133353,6396168850025,T576,13.8,Noah Unger,2025-10-03 10:04:51,noise
6392249133353,6399406323212,T576,15.6,Noah Unger,2025-10-02 18:01:04,noise
6392249133353,6397931099268,T576,45.6,Noah Unger,2025-10-02 15:28:56,noise
6392249133353,6392944941518,T576,29.8,Noah Unger,2025-10-02 17:07:02,noise
6392249133353,6392944941518,T788,15.8,Noah Unger,2025-10-01 22:06:23,noise
6392249133353,6392944941518,T788,9.1,Noah Unger,2025-10-01 09:21:08,noise
6392249133353,6392944941518,T576,9.2,Noah Unger,2025-09-30 10:03:08,noise
6392249133353,6392944941518,T576,11.7,Noah Unger,2025-09-30 20:00:30,noise
6392249133353,6394018894269,T576,11.7,Noah Unger,2025-09-30 12:21:03,noise
6392249133353,6397515118078,T788,46.3,Noah Unger,2025-09-29 13:29:42,noise
6392249133353,6396168850025,T576,78.8,Noah Unger,2025-09-28 17:06:24,noise
6392249133353,6396168850025,T576,2.7,Noah Unger,2025-09-28 14:06:44,noise
6392249133353,6392944941518,T576,10.1,Noah Unger,2025-09-27 04:17:20,noise
6392249133353,6395289242961,T576,29.0,Noah Unger,2025-09-27 17:13:22,noise
6392249133353,6399406323212,T576,24.0,Noah Unger,2025-09-26 09:10:37,noise
6392249133353,6392944941518,T788,28.0,Noah Unger,2025-09-25 12:05:09,noise
6392249133353,6396168850025,T576,6.2,Noah Unger,2025-09-25 09:16:54,noise
6392249133353,6392385746157,T576,24.2,Noah Unger,2025-09-24 20:10:16,noise
6392249133353,6396609819264,T576,16.4,Noah Unger,2025-09-24 18:24:57,noise
6392249133353,6399429451462,T576,8.3,Noah Unger,2025-09-23 20:15:27,noise
6392249133353,6399406323212,T576,75.7,Noah Unger,2025-09-23 10:09:04,noise
6392249133353,6394369267219,T576,26.4,Noah Unger,2025-09-22 16:29:00,noise
6392249133353,6399406323212,T576,25.5,Noah Unger,2025-09-22 13:05:22,noise
6392249133353,6399961796941,T576,18.1,Noah Unger,2025-09-21 19:11:03,noise
6392249133353,6399406323212,T576,27.3,Noah Unger,2025-09-21 20:28:57,noise
6392249133353,6396168850025,T788,31.2,Noah Unger,2025-09-21 10:23:16,noise
6392249133353,6399722315072,T788,13.7,Noah Unger,2025-09-20 16:24:03,noise
6392249133353,6391678940428,T788,13.2,Noah Unger,2025-09-20 00:22:37,noise
6392249133353,6397169427647,T576,13.5,Noah Unger,2025-09-19 22:22:27,noise
6392249133353,6399119973715,T788,58.1,Noah Unger,2025-09-18 14:19:10,noise
6392249133353,6399406323212,T576,7.8,Noah Unger,2025-09-18 12:08:36,noise
6392249133353,6396168850025,T788,28.8,Noah Unger,2025-09-17 10:06:17,noise
6392249133353,6399406323212,T576,5.7,Noah Unger,2025-09-17 00:26:37,noise
6392249133353,6397872153794,T576,20.2,Noah Unger,2025-09-17 14:20:24,noise
6392249133353,6396663971262,T576,13.9,Noah Unger,2025-09-16 22:14:47,noise
6392249133353,6395328992709,T576,15.2,Noah Unger,2025-09-15 08:05:31,noise
6392249133353,6395104602062,T576,24.8,Noah Unger,2025-09-14 11:23:24,noise
6392249133353,6396168850025,T576,17.3,Noah Unger,2025-09-14 16:10:43,noise
6392249133353,6399406323212,T576,3.1,Noah Unger,2025-09-13 16:08:16,noise
6392249133353,6396168850025,T576,12.0,Noah Unger,2025-09-13 18:08:02,noise
6392249133353,6397345443862,T788,11.3,Noah Unger,2025-09-12 08:05:17,noise
6392249133353,6396168850025,T576,29.6,Noah Unger,2025-09-12 08:13:44,noise
6392249133353,6392944941518,T576,19.0,Noah Unger,2025-09-11 14:04:50,noise
6392249133353,6398313094253,T576,86.1,Noah Unger,2025-09-11 17:12:29,noise
6392249133353,6391981016678,T576,25.4,Noah Unger,2025-09-11 19:28:02,noise
6392249133353,6397959530865,T788,12.0,Noah Unger,2025-09-10 19:20:01,noise
6392249133353,6399406323212,T788,28.9,Noah Unger,2025-09-10 09:04:35,noise
6392249133353,6392944941518,T576,65.5,Noah Unger,2025-09-09 19:26:30,noise
6392249133353,6392944941518,T788,10.2,Noah Unger,2025-09-09 11:01:44,noise
6392249133353,6399406323212,T576,13.1,Noah Unger,2025-09-08 13:15:55,noise
6392249133353,6397033353739,T788,30.2,Noah Unger,2025-09-08 08:20:31,noise
6392249133353,6396168850025,T788,24.8,Noah Unger,2025-09-08 05:22:48,noise
6392249133353,6396168850025,T576,11.5,Noah Unger,2025-09-07 20:20:22,noise
6392249133353,6392944941518,T788,9.6,Noah Unger,2025-09-07 21:02:30,noise
6392249133353,6396168850025,T576,23.5,Noah Unger,2025-09-06 17:27:46,noise
6392249133353,6391917476319,T576,14.8,Noah Unger,2025-09-05 23:30:45,noise
6392249133353,6391678940428,T576,23.1,Noah Unger,2025-09-05 14:01:49,noise
6392249133353,6399406323212,T788,23.5,Noah Unger,2025-09-05 15:03:01,noise
6392249133353,6399406323212,T576,8.2,Noah Unger,2025-09-04 14:08:28,noise
6392249133353,6392944941518,T576,23.2,Noah Unger,2025-09-04 13:24:33,noise
6392249133353,6396168850025,T788,18.2,Noah Unger,2025-09-03 00:20:32,noise
6392249133353,6391847085587,T576,6.3,Noah Unger,2025-09-03 12:23:20,noise
6392249133353,6399722315072,T576,13.0,Noah Unger,2025-09-03 10:23:46,noise
6392249133353,6399406323212,T576,19.1,Noah Unger,2025-09-02 09:21:43,noise
6392249133353,6399907611720,T788,38.8,Noah Unger,2025-09-01 09:23:35,noise
6392249133353,6399406323212,T788,14.4,Noah Unger,2025-09-01 17:16:20,noise
6392249133353,6398313094253,T576,64.0,Noah Unger,2025-08-31 11:14:31,noise
6392249133353,6392623441780,T576,70.2,Noah Unger,2025-08-31 05:27:42,noise
6392249133353,6395709000192,T788,15.6,Noah Unger,2025-08-30 05:14:44,noise
6392249133353,6398096864787,T788,14.1,Noah Unger,2025-08-30 11:29:35,noise
6392249133353,6399406323212,T788,44.6,Noah Unger,2025-08-29 15:22:14,noise
6392249133353,6392944941518,T576,32.4,Noah Unger,2025-08-29 03:20:24,noise
6392249133353,6392599009461,T788,13.5,Noah Unger,2025-08-29 09:20:44,noise
6392249133353,6399406323212,T788,36.8,Noah Unger,2025-08-28 08:05:33,noise
6392249133353,6392944941518,T788,10.7,Noah Unger,2025-08-28 17:03:25,noise
6392249133353,6396168850025,T788,12.0,Noah Unger,2025-08-27 22:19:42,noise
6392249133353,6395277555081,T788,27.9,Noah Unger,2025-08-27 17:07:01,noise
6392249133353,6397515118078,T576,13.2,Noah Unger,2025-08-26 23:05:16,noise
6392249133353,6399406323212,T576,15.4,Noah Unger,2025-08-25 20:09:03,noise
6392249133353,6399406323212,T576,32.3,Noah Unger,2025-08-25 15:04:03,noise
6392249133353,6396168850025,T576,32.1,Noah Unger,2025-08-25 09:26:43,noise
6392249133353,6392944941518,T788,13.8,Noah Unger,2025-08-24 10:14:08,noise
6392249133353,6396168850025,T788,13.3,Noah Unger,2025-08-24 20:25:44,noise
6392249133353,6398578995606,T788,109.4,Noah Unger,2025-08-24 15:20:55,noise
6392249133353,6398645236008,T788,21.1,Noah Unger,2025-08-23 09:05:40,noise
6392249133353,6396433624746,T576,36.7,Noah Unger,2025-08-23 21:13:45,noise
6392249133353,6399406323212,T576,28.1,Noah Unger,2025-08-23 10:29:25,noise
6392249133353,6392944941518,T788,14.4,Noah Unger,2025-08-22 08:20:09,noise
6392249133353,6399406323212,T576,12.5,Noah Unger,2025-08-22 23:18:13,noise
6392249133353,6396168850025,T576,6.7,Noah Unger,2025-08-21 11:18:41,noise
6392249133353,6396168850025,T576,7.7,Noah Unger,2025-08-21 15:06:22,noise
6392249133353,6396168850025,T788,16.5,Noah Unger,2025-08-20 19:09:05,noise
6392249133353,6394485230571,T788,49.4,Noah Unger,2025-08-19 14:30:52,noise
6392249133353,6399406323212,T576,32.2,Noah Unger,2025-08-18 09:12:59,noise
6392249133353,6396168850025,T576,23.4,Noah Unger,2025-08-18 11:28:30,noise
6392249133353,6392944941518,T788,12.3,Noah Unger,2025-08-17 13:19:06,noise
6392249133353,6399406323212,T576,20.5,Noah Unger,2025-08-17 21:00:53,noise
6392249133353,6394602944141,T788,10.4,Noah Unger,2025-08-17 22:30:18,noise
6392249133353,6392944941518,T788,20.0,Noah Unger,2025-08-16 08:05:49,noise
6392249133353,6392944941518,T576,6.9,Noah Unger,2025-08-16 11:12:19,noise
6392249133353,6392944941518,T576,25.7,Noah Unger,2025-08-15 08:12:12,noise
6392249133353,6392944941518,T576,29.5,Noah Unger,2025-08-15 22:05:28,noise
6392249133353,6394863330204,T576,14.9,Noah Unger,2025-08-14 21:02:43,noise
6392249133353,6396168850025,T788,11.6,Noah Unger,2025-08-14 13:24:15,noise
6392249133353,6398621864419,T576,11.1,Noah Unger,2025-08-14 10:25:08,noise
6392249133353,6399406323212,T788,36.6,Noah Unger,2025-08-13 12:26:04,noise
6392249133353,6396168850025,T788,21.0,Noah Unger,2025-08-13 18:21:20,noise
6392249133353,6392944941518,T576,7.2,Noah Unger,2025-08-13 13:29:25,noise
6392249133353,6392944941518,T576,17.2,Noah Unger,2025-08-12 08:14:59,noise
6392249133353,6392944941518,T576,11.0,Noah Unger,2025-08-12 08:15:28,noise
6392249133353,6397169427647,T576,24.4,Noah Unger,2025-08-12 08:20:02,noise
6392249133353,6392944941518,T788,7.7,Noah Unger,2025-08-11 11:30:21,noise
6392249133353,6395277555081,T576,30.1,Noah Unger,2025-08-11 09:29:31,noise
6392249133353,6394389103334,T788,9.6,Noah Unger,2025-08-11 17:16:08,noise
6392249133353,6399406323212,T576,7.2,Noah Unger,2025-08-10 16:17:02,noise
6392249133353,6396168850025,T576,32.4,Noah Unger,2025-08-10 01:01:00,noise
6392249133353,6399406323212,T576,20.7,Noah Unger,2025-08-09 10:19:56,noise
6392249133353,6399406323212,T576,28.1,Noah Unger,2025-08-09 12:28:29,noise
6392249133353,6392944941518,T576,24.7,Noah Unger,2025-08-09 20:06:02,noise
6392249133353,6399406323212,T576,47.9,Noah Unger,2025-08-08 10:08:20,noise
6392249133353,6393511301796,T576,6.3,Noah Unger,2025-08-08 12:28:56,noise
6392249133353,6395709000192,T576,35.6,Noah Unger,2025-08-07 16:18:53,noise
6392249133353,6399907611720,T788,19.2,Noah Unger,2025-08-07 10:04:01,noise
6392249133353,6399429451462,T576,20.7,Noah Unger,2025-08-06 15:05:56,noise
6392249133353,6396397246783,T576,10.7,Noah Unger,2025-08-05 11:10:14,noise
6392249133353,6392623441780,T576,5.8,Noah Unger,2025-08-04 13:18:35,noise
6392249133353,6398096864787,T576,21.0,Noah Unger,2025-08-04 09:17:32,noise
6397169427647,6399628559272,T781,39.1,Ben Gomes,2025-10-18 09:14:27,noise
6397169427647,6399961796941,T781,21.0,Ben Gomes,2025-10-17 19:14:49,noise
6397169427647,6399429451462,T917,17.3,Ben Gomes,2025-10-17 09:26:21,noise
6397169427647,6395574777798,T917,18.7,Ben Gomes,2025-10-16 10:17:58,noise
6397169427647,6399429451462,T917,19.3,Ben Gomes,2025-10-16 18:00:21,noise
6397169427647,6399961796941,T781,4.1,Ben Gomes,2025-10-15 14:27:00,noise
6397169427647,6394477195628,T781,4.3,Ben Gomes,2025-10-15 18:20:36,noise
6397169427647,6399042725763,T781,26.1,Ben Gomes,2025-10-15 15:24:06,noise
6397169427647,6399961796941,T781,17.9,Ben Gomes,2025-10-14 09:01:02,noise
6397169427647,6399961796941,T917,17.4,Ben Gomes,2025-10-13 01:25:01,noise
6397169427647,6399429451462,T781,15.4,Ben Gomes,2025-10-12 09:30:14,noise
6397169427647,6392523329605,T917,13.2,Ben Gomes,2025-10-12 23:26:24,noise
6397169427647,6392609362629,T781,7.6,Ben Gomes,2025-10-11 10:02:23,noise
6397169427647,6395574777798,T781,28.1,Ben Gomes,2025-10-10 09:24:51,noise
6397169427647,6395574777798,T917,15.9,Ben Gomes,2025-10-10 12:23:06,noise
6397169427647,6392182204871,T917,25.4,Ben Gomes,2025-10-09 18:02:56,noise
6397169427647,6399429451462,T781,2.9,Ben Gomes,2025-10-08 18:14:33,noise
6397169427647,6399961796941,T781,31.5,Ben Gomes,2025-10-08 03:30:42,noise
6397169427647,6395574777798,T781,7.8,Ben Gomes,2025-10-08 19:24:15,noise
6397169427647,6397872153794,T917,11.8,Ben Gomes,2025-10-07 18:12:49,noise
6397169427647,6395574777798,T781,10.1,Ben Gomes,2025-10-06 12:12:35,noise
6397169427647,6398645236008,T781,18.2,Ben Gomes,2025-10-05 21:11:49,noise
6397169427647,6392523329605,T917,7.5,Ben Gomes,2025-10-04 20:04:42,noise
6397169427647,6393299477204,T781,19.0,Ben Gomes,2025-10-04 20:13:50,noise
6397169427647,6395574777798,T781,28.6,Ben Gomes,2025-10-04 04:10:11,noise
6397169427647,6392609362629,T781,7.9,Ben Gomes,2025-10-03 20:11:00,noise
6397169427647,6399961796941,T917,5.1,Ben Gomes,2025-10-03 15:12:07,noise
6397169427647,6395574777798,T917,8.6,Ben Gomes,2025-10-02 19:12:23,noise
6397169427647,6399961796941,T917,54.7,Ben Gomes,2025-10-02 23:28:40,noise
6397169427647,6399429451462,T781,38.0,Ben Gomes,2025-10-01 04:28:01,noise
6397169427647,6395264944630,T917,4.3,Ben Gomes,2025-09-30 18:25:09,noise
6397169427647,6391678940428,T781,53.5,Ben Gomes,2025-09-29 09:21:17,noise
6397169427647,6399961796941,T781,11.0,Ben Gomes,2025-09-29 09:09:40,noise
6397169427647,6395574777798,T781,53.0,Ben Gomes,2025-09-28 13:15:12,noise
6397169427647,6395034822866,T917,28.3,Ben Gomes,2025-09-28 20:27:55,noise
6397169427647,6399429451462,T781,10.4,Ben Gomes,2025-09-28 17:07:48,noise
6397169427647,6398313094253,T781,37.2,Ben Gomes,2025-09-27 12:29:18,noise
6397169427647,6395574777798,T781,26.0,Ben Gomes,2025-09-26 14:03:22,noise
6397169427647,6399961796941,T781,11.6,Ben Gomes,2025-09-26 13:19:57,noise
6397169427647,6399429451462,T781,6.8,Ben Gomes,2025-09-25 12:23:43,noise
6397169427647,6399406323212,T917,13.7,Ben Gomes,2025-09-25 05:07:08,noise
6397169427647,6399961796941,T917,36.7,Ben Gomes,2025-09-24 17:01:15,noise
6397169427647,6399961796941,T917,8.0,Ben Gomes,2025-09-24 18:00:52,noise
6397169427647,6399961796941,T781,11.9,Ben Gomes,2025-09-24 02:21:01,noise
6397169427647,6391917476319,T917,17.7,Ben Gomes,2025-09-23 13:22:04,noise
6397169427647,6399961796941,T917,60.7,Ben Gomes,2025-09-23 18:23:09,noise
6397169427647,6399429451462,T781,8.2,Ben Gomes,2025-09-22 22:30:33,noise
6397169427647,6398621864419,T917,23.6,Ben Gomes,2025-09-22 19:25:58,noise
6397169427647,6395574777798,T781,21.7,Ben Gomes,2025-09-22 13:24:58,noise
6397169427647,6399961796941,T781,45.2,Ben Gomes,2025-09-21 22:19:43,noise
6397169427647,6399961796941,T781,19.2,Ben Gomes,2025-09-20 15:14:30,noise
6397169427647,6399961796941,T917,18.7,Ben Gomes,2025-09-19 11:17:43,noise
6397169427647,6395104602062,T917,23.1,Ben Gomes,2025-09-18 04:23:09,noise
6397169427647,6399429451462,T781,10.1,Ben Gomes,2025-09-18 02:30:23,noise
6397169427647,6395574777798,T917,18.2,Ben Gomes,2025-09-17 15:04:19,noise
6397169427647,6399429451462,T781,16.1,Ben Gomes,2025-09-17 20:23:09,noise
6397169427647,6399961796941,T917,18.9,Ben Gomes,2025-09-16 19:05:57,noise
6397169427647,6395574777798,T781,16.7,Ben Gomes,2025-09-16 08:07:26,noise
6397169427647,6399429451462,T781,9.3,Ben Gomes,2025-09-15 13:05:13,noise
6397169427647,6399429451462,T781,12.5,Ben Gomes,2025-09-15 23:30:14,noise
6397169427647,6399429451462,T917,11.0,Ben Gomes,2025-09-15 18:09:12,noise
6397169427647,6399961796941,T781,11.1,Ben Gomes,2025-09-14 13:19:35,noise
6397169427647,6399429451462,T917,23.7,Ben Gomes,2025-09-13 15:24:09,noise
6397169427647,6398536130070,T781,18.7,Ben Gomes,2025-09-13 11:04:11,noise
6397169427647,6399628559272,T781,20.3,Ben Gomes,2025-09-13 17:00:13,noise
6397169427647,6399429451462,T781,5.9,Ben Gomes,2025-09-12 14:20:23,noise
6397169427647,6395574777798,T917,28.3,Ben Gomes,2025-09-11 18:17:34,noise
6397169427647,6397671860113,T917,15.1,Ben Gomes,2025-09-11 09:20:20,noise
6397169427647,6399961796941,T781,9.5,Ben Gomes,2025-09-10 17:05:39,noise
6397169427647,6399961796941,T781,8.0,Ben Gomes,2025-09-10 10:01:32,noise
6397169427647,6392623441780,T781,29.2,Ben Gomes,2025-09-09 18:03:45,noise
6397169427647,6399961796941,T781,50.7,Ben Gomes,2025-09-09 00:21:51,noise
6397169427647,6392089382142,T781,4.6,Ben Gomes,2025-09-09 08:08:23,noise
6397169427647,6395574777798,T917,15.0,Ben Gomes,2025-09-08 19:08:20,noise
6397169427647,6399961796941,T781,10.7,Ben Gomes,2025-09-08 00:30:31,noise
6397169427647,6395574777798,T781,10.1,Ben Gomes,2025-09-08 11:29:57,noise
6397169427647,6393318640912,T781,22.1,Ben Gomes,2025-09-07 12:12:28,noise
6397169427647,6399628559272,T917,29.7,Ben Gomes,2025-09-07 09:11:49,noise
6397169427647,6399429451462,T781,14.8,Ben Gomes,2025-09-07 19:12:06,noise
6397169427647,6399429451462,T781,9.9,Ben Gomes,2025-09-06 14:08:05,noise
6397169427647,6397317313563,T917,22.3,Ben Gomes,2025-09-06 18:24:38,noise
6397169427647,6391296649512,T781,13.4,Ben Gomes,2025-09-06 22:18:28,noise
6397169427647,6399429451462,T917,37.1,Ben Gomes,2025-09-05 20:10:11,noise
6397169427647,6398446041346,T781,137.3,Ben Gomes,2025-09-05 10:16:09,noise
6397169427647,6396433624746,T917,13.7,Ben Gomes,2025-09-04 19:11:03,noise
6397169427647,6394369267219,T781,10.9,Ben Gomes,2025-09-04 16:18:58,noise
6397169427647,6397033353739,T917,17.8,Ben Gomes,2025-09-04 19:14:08,noise
6397169427647,6399429451462,T781,47.8,Ben Gomes,2025-09-03 03:26:09,noise
6397169427647,6398584437466,T917,15.6,Ben Gomes,2025-09-03 11:07:17,noise
6397169427647,6395574777798,T781,12.9,Ben Gomes,2025-09-02 08:27:56,noise
6397169427647,6396212810153,T781,15.7,Ben Gomes,2025-09-02 20:05:23,noise
6397169427647,6399429451462,T917,22.0,Ben Gomes,2025-09-01 14:25:02,noise
6397169427647,6395574777798,T781,5.6,Ben Gomes,2025-09-01 00:05:12,noise
6397169427647,6399857882871,T917,7.8,Ben Gomes,2025-09-01 19:15:47,noise
6397169427647,6399961796941,T781,84.2,Ben Gomes,2025-08-31 10:12:08,noise
6397169427647,6399961796941,T917,24.1,Ben Gomes,2025-08-31 19:15:42,noise
6397169427647,6395277555081,T781,15.8,Ben Gomes,2025-08-31 13:25:39,noise
6397169427647,6396212810153,T917,8.1,Ben Gomes,2025-08-30 13:15:27,noise
6397169427647,6399429451462,T781,7.9,Ben Gomes,2025-08-30 22:11:56,noise
6397169427647,6395464499442,T781,7.7,Ben Gomes,2025-08-29 19:02:36,noise
6397169427647,6395574777798,T917,13.4,Ben Gomes,2025-08-29 23:04:21,noise
6397169427647,6395574777798,T781,19.8,Ben Gomes,2025-08-29 15:14:56,noise
6397169427647,6391644392848,T917,6.8,Ben Gomes,2025-08-28 17:10:22,noise
6397169427647,6399961796941,T917,3.4,Ben Gomes,2025-08-28 20:22:36,noise
6397169427647,6395574777798,T781,4.5,Ben Gomes,2025-08-27 03:02:08,noise
6397169427647,6395574777798,T781,22.8,Ben Gomes,2025-08-27 23:18:28,noise
6397169427647,6397345443862,T917,9.1,Ben Gomes,2025-08-27 02:05:06,noise
6397169427647,6395574777798,T781,23.7,Ben Gomes,2025-08-26 17:29:51,noise
6397169427647,6394781266670,T781,11.1,Ben Gomes,2025-08-26 03:01:18,noise
6397169427647,6399961796941,T781,15.6,Ben Gomes,2025-08-26 17:06:50,noise
6397169427647,6396934367041,T917,7.6,Ben Gomes,2025-08-25 16:30:31,noise
6397169427647,6399961796941,T781,4.1,Ben Gomes,2025-08-25 22:15:07,noise
6397169427647,6392249133353,T781,6.1,Ben Gomes,2025-08-24 11:02:54,noise
6397169427647,6399961796941,T781,10.7,Ben Gomes,2025-08-23 22:02:25,noise
6397169427647,6395574777798,T781,11.6,Ben Gomes,2025-08-23 09:04:35,noise
6397169427647,6399429451462,T917,11.7,Ben Gomes,2025-08-22 11:19:37,noise
6397169427647,6395574777798,T781,11.1,Ben Gomes,2025-08-21 15:16:23,noise
6397169427647,6395574777798,T781,8.9,Ben Gomes,2025-08-21 17:11:50,noise
6397169427647,6399429451462,T781,11.0,Ben Gomes,2025-08-21 14:21:37,noise
6397169427647,6394389103334,T917,30.4,Ben Gomes,2025-08-20 14:15:59,noise
6397169427647,6392523329605,T781,21.1,Ben Gomes,2025-08-20 22:12:24,noise
6397169427647,6399429451462,T917,16.2,Ben Gomes,2025-08-20 14:23:29,noise
6397169427647,6395574777798,T781,9.6,Ben Gomes,2025-08-19 19:10:19,noise
6397169427647,6399961796941,T917,6.4,Ben Gomes,2025-08-19 13:08:09,noise
6397169427647,6395388614739,T781,10.1,Ben Gomes,2025-08-18 09:28:44,noise
6397169427647,6397671860113,T781,17.3,Ben Gomes,2025-08-18 19:27:22,noise
6397169427647,6399429451462,T781,8.4,Ben Gomes,2025-08-18 18:02:34,noise
6397169427647,6399961796941,T917,14.0,Ben Gomes,2025-08-17 18:25:35,noise
6397169427647,6392546307565,T781,15.4,Ben Gomes,2025-08-16 23:20:50,noise
6397169427647,6393116814799,T917,7.1,Ben Gomes,2025-08-16 12:09:13,noise
6397169427647,6395388614739,T781,28.7,Ben Gomes,2025-08-16 20:13:45,noise
6397169427647,6399429451462,T917,22.7,Ben Gomes,2025-08-15 17:22:24,noise
6397169427647,6399961796941,T917,10.2,Ben Gomes,2025-08-15 15:19:39,noise
6397169427647,6397033353739,T917,5.3,Ben Gomes,2025-08-15 16:15:56,noise
6397169427647,6399119973715,T781,35.2,Ben Gomes,2025-08-14 12:16:28,noise
6397169427647,6395574777798,T917,23.1,Ben Gomes,2025-08-14 08:16:01,noise
6397169427647,6399961796941,T917,9.2,Ben Gomes,2025-08-13 19:20:09,noise
6397169427647,6399429451462,T917,20.7,Ben Gomes,2025-08-12 21:25:46,noise
6397169427647,6395574777798,T917,30.6,Ben Gomes,2025-08-12 14:25:42,noise
6397169427647,6395574777798,T917,13.4,Ben Gomes,2025-08-11 11:10:12,noise
6397169427647,6393318640912,T781,42.4,Ben Gomes,2025-08-11 13:11:34,noise
6397169427647,6396934367041,T917,18.5,Ben Gomes,2025-08-11 10:23:54,noise
6397169427647,6395863306424,T781,81.7,Ben Gomes,2025-08-10 18:25:41,noise
6397169427647,6399429451462,T781,32.8,Ben Gomes,2025-08-10 10:11:33,noise
6397169427647,6399429451462,T781,3.4,Ben Gomes,2025-08-10 12:15:37,noise
6397169427647,6397654503285,T781,25.3,Ben Gomes,2025-08-09 03:13:44,noise
6397169427647,6399961796941,T781,27.7,Ben Gomes,2025-08-09 08:05:36,noise
6397169427647,6395034822866,T781,15.7,Ben Gomes,2025-08-09 09:01:22,noise
6397169427647,6393511301796,T917,26.0,Ben Gomes,2025-08-08 12:20:38,noise
6397169427647,6399429451462,T781,44.0,Ben Gomes,2025-08-07 15:03:41,noise
6397169427647,6399961796941,T781,11.9,Ben Gomes,2025-08-07 13:12:35,noise
6397169427647,6397685492906,T781,7.4,Ben Gomes,2025-08-06 08:00:32,noise
6397169427647,6399406323212,T917,16.4,Ben Gomes,2025-08-05 11:19:22,noise
6397169427647,6398175003577,T781,12.7,Ben Gomes,2025-08-05 19:06:25,noise
6397169427647,6395574777798,T781,11.7,Ben Gomes,2025-08-04 19:12:42,noise
6396284057733,6396782939427,T753,4.3,Ben Carlos,2025-10-18 12:22:50,noise
6396284057733,6397515118078,T753,55.3,Ben Carlos,2025-10-18 12:21:42,noise
6396284057733,6398313094253,T753,22.3,Ben Carlos,2025-10-17 12:04:36,noise
6396284057733,6395277555081,T458,30.7,Ben Carlos,2025-10-17 02:29:38,noise
6396284057733,6395738348726,T458,18.8,Ben Carlos,2025-10-17 18:16:00,noise
6396284057733,6392623441780,T753,6.3,Ben Carlos,2025-10-16 18:05:28,noise
6396284057733,6395709000192,T458,18.3,Ben Carlos,2025-10-15 04:10:34,noise
6396284057733,6395277555081,T753,6.2,Ben Carlos,2025-10-15 11:24:40,noise
6396284057733,6394863330204,T458,8.4,Ben Carlos,2025-10-14 11:24:12,noise
6396284057733,6392623441780,T753,10.0,Ben Carlos,2025-10-14 09:19:59,noise
6396284057733,6396609601602,T753,36.9,Ben Carlos,2025-10-14 22:27:40,noise
6396284057733,6395086222587,T753,38.9,Ben Carlos,2025-10-13 20:23:35,noise
6396284057733,6392584159767,T753,22.2,Ben Carlos,2025-10-13 15:30:44,noise
6396284057733,6395557270185,T753,25.8,Ben Carlos,2025-10-12 12:05:25,noise
6396284057733,6397345443862,T753,18.0,Ben Carlos,2025-10-12 18:05:31,noise
6396284057733,6392623441780,T458,44.0,Ben Carlos,2025-10-11 11:20:08,noise
6396284057733,6392623441780,T753,56.6,Ben Carlos,2025-10-11 09:30:21,noise
6396284057733,6392182204871,T753,17.3,Ben Carlos,2025-10-11 16:22:10,noise
6396284057733,6395277555081,T753,11.2,Ben Carlos,2025-10-10 11:17:03,noise
6396284057733,6394863330204,T458,3.1,Ben Carlos,2025-10-10 17:22:13,noise
6396284057733,6394863330204,T458,8.1,Ben Carlos,2025-10-09 16:12:32,noise
6396284057733,6394389103334,T458,38.5,Ben Carlos,2025-10-09 09:28:14,noise
6396284057733,6395863306424,T458,43.4,Ben Carlos,2025-10-08 10:10:56,noise
6396284057733,6395574777798,T753,44.0,Ben Carlos,2025-10-08 19:06:26,noise
6396284057733,6399697255231,T458,17.0,Ben Carlos,2025-10-07 10:04:03,noise
6396284057733,6391697329269,T753,17.4,Ben Carlos,2025-10-06 18:02:28,noise
6396284057733,6392623441780,T753,37.3,Ben Carlos,2025-10-06 18:20:30,noise
6396284057733,6395574777798,T753,17.8,Ben Carlos,2025-10-06 18:02:30,noise
6396284057733,6394863330204,T753,9.7,Ben Carlos,2025-10-05 20:28:01,noise
6396284057733,6392182204871,T458,10.6,Ben Carlos,2025-10-05 10:28:32,noise
6396284057733,6394863330204,T753,10.6,Ben Carlos,2025-10-05 09:27:08,noise
6396284057733,6392249133353,T753,89.9,Ben Carlos,2025-10-04 08:20:50,noise
6396284057733,6394389103334,T458,19.2,Ben Carlos,2025-10-03 09:03:22,noise
6396284057733,6392623441780,T753,6.5,Ben Carlos,2025-10-02 09:17:13,noise
6396284057733,6395277555081,T458,14.1,Ben Carlos,2025-10-02 20:13:33,noise
6396284057733,6395277555081,T753,4.4,Ben Carlos,2025-10-01 20:14:38,noise
6396284057733,6391024970537,T458,13.3,Ben Carlos,2025-10-01 08:10:00,noise
6396284057733,6392623441780,T458,17.4,Ben Carlos,2025-10-01 15:08:46,noise
6396284057733,6392623441780,T753,24.5,Ben Carlos,2025-09-30 17:16:17,noise
6396284057733,6394863330204,T753,13.2,Ben Carlos,2025-09-29 10:01:03,noise
6396284057733,6395277555081,T753,33.0,Ben Carlos,2025-09-29 11:21:11,noise
6396284057733,6394863330204,T753,10.1,Ben Carlos,2025-09-28 08:21:04,noise
6396284057733,6393318640912,T753,42.3,Ben Carlos,2025-09-27 14:17:38,noise
6396284057733,6395277555081,T458,18.3,Ben Carlos,2025-09-26 09:25:39,noise
6396284057733,6397033353739,T458,11.7,Ben Carlos,2025-09-26 11:22:07,noise
6396284057733,6392623441780,T458,16.4,Ben Carlos,2025-09-25 16:22:53,noise
6396284057733,6395277555081,T458,6.4,Ben Carlos,2025-09-25 16:09:54,noise
6396284057733,6394863330204,T753,6.0,Ben Carlos,2025-09-25 01:14:37,noise
6396284057733,6394863330204,T753,23.4,Ben Carlos,2025-09-24 15:27:07,noise
6396284057733,6392623441780,T458,14.6,Ben Carlos,2025-09-24 05:09:13,noise
6396284057733,6395277555081,T458,25.4,Ben Carlos,2025-09-24 20:24:56,noise
6396284057733,6394863330204,T458,18.0,Ben Carlos,2025-09-23 10:19:57,noise
6396284057733,6395709000192,T753,9.7,Ben Carlos,2025-09-23 17:23:24,noise
6396284057733,6394863330204,T753,20.2,Ben Carlos,2025-09-22 04:14:40,noise
6396284057733,6392623441780,T753,39.3,Ben Carlos,2025-09-21 09:09:24,noise
6396284057733,6391644392848,T753,38.9,Ben Carlos,2025-09-21 18:22:09,noise
6396284057733,6392623441780,T458,14.1,Ben Carlos,2025-09-20 10:04:59,noise
6396284057733,6392623441780,T458,8.2,Ben Carlos,2025-09-20 23:00:45,noise
6396284057733,6394863330204,T458,10.7,Ben Carlos,2025-09-20 15:02:34,noise
6396284057733,6392623441780,T753,2.9,Ben Carlos,2025-09-19 16:24:12,noise
6396284057733,6392623441780,T753,14.7,Ben Carlos,2025-09-19 09:21:10,noise
6396284057733,6392623441780,T458,15.9,Ben Carlos,2025-09-19 13:15:59,noise
6396284057733,6392385746157,T753,12.8,Ben Carlos,2025-09-18 15:02:53,noise
6396284057733,6395277555081,T458,68.2,Ben Carlos,2025-09-18 10:08:12,noise
6396284057733,6392623441780,T753,17.1,Ben Carlos,2025-09-17 20:19:03,noise
6396284057733,6395277555081,T753,17.3,Ben Carlos,2025-09-17 10:26:40,noise
6396284057733,6392623441780,T753,18.7,Ben Carlos,2025-09-17 13:18:28,noise
6396284057733,6394863330204,T753,13.8,Ben Carlos,2025-09-16 04:15:02,noise
6396284057733,6394863330204,T753,21.4,Ben Carlos,2025-09-15 11:01:24,noise
6396284057733,6394781266670,T458,34.8,Ben Carlos,2025-09-15 01:07:30,noise
6396284057733,6398584437466,T753,15.7,Ben Carlos,2025-09-15 08:16:20,noise
6396284057733,6394863330204,T753,12.4,Ben Carlos,2025-09-14 12:05:22,noise
6396284057733,6397959530865,T753,14.9,Ben Carlos,2025-09-14 20:02:58,noise
6396284057733,6396026405795,T753,19.4,Ben Carlos,2025-09-13 18:02:25,noise
6396284057733,6392623441780,T753,16.8,Ben Carlos,2025-09-13 18:07:31,noise
6396284057733,6392249133353,T753,31.9,Ben Carlos,2025-09-13 23:25:06,noise
6396284057733,6393958914953,T458,47.8,Ben Carlos,2025-09-12 19:26:16,noise
6396284057733,6392623441780,T458,9.0,Ben Carlos,2025-09-12 16:19:10,noise
6396284057733,6392623441780,T458,16.6,Ben Carlos,2025-09-11 14:17:40,noise
6396284057733,6395277555081,T458,35.4,Ben Carlos,2025-09-11 03:01:45,noise
6396284057733,6392623441780,T458,12.0,Ben Carlos,2025-09-10 13:02:38,noise
6396284057733,6395709000192,T458,20.6,Ben Carlos,2025-09-10 19:26:04,noise
6396284057733,6395277555081,T753,9.4,Ben Carlos,2025-09-09 17:15:58,noise
6396284057733,6395277555081,T458,25.7,Ben Carlos,2025-09-08 09:27:34,noise
6396284057733,6397345443862,T753,20.2,Ben Carlos,2025-09-08 16:27:18,noise
6396284057733,6394863330204,T458,27.3,Ben Carlos,2025-09-07 09:28:54,noise
6396284057733,6395277555081,T458,6.1,Ben Carlos,2025-09-07 16:14:54,noise
6396284057733,6396956367740,T753,20.4,Ben Carlos,2025-09-06 16:25:47,noise
6396284057733,6398389473157,T753,35.4,Ben Carlos,2025-09-06 09:12:06,noise
6396284057733,6395277555081,T753,22.3,Ben Carlos,2025-09-05 22:20:58,noise
6396284057733,6392623441780,T753,20.4,Ben Carlos,2025-09-05 09:29:49,noise
6396284057733,6394863330204,T458,7.8,Ben Carlos,2025-09-04 20:02:32,noise
6396284057733,6392623441780,T458,13.0,Ben Carlos,2025-09-03 09:22:43,noise
6396284057733,6395277555081,T753,3.9,Ben Carlos,2025-09-03 11:22:35,noise
6396284057733,6395277555081,T753,8.3,Ben Carlos,2025-09-03 08:12:54,noise
6396284057733,6397931099268,T753,5.4,Ben Carlos,2025-09-02 19:05:14,noise
6396284057733,6395464499442,T458,19.4,Ben Carlos,2025-09-01 08:09:21,noise
6396284057733,6394863330204,T458,28.4,Ben Carlos,2025-09-01 14:18:14,noise
6396284057733,6395277555081,T753,38.6,Ben Carlos,2025-09-01 14:01:44,noise
6396284057733,6395277555081,T753,39.4,Ben Carlos,2025-08-31 10:22:31,noise
6396284057733,6395277555081,T458,15.2,Ben Carlos,2025-08-31 11:28:38,noise
6396284057733,6395557270185,T753,6.7,Ben Carlos,2025-08-31 18:00:18,noise
6396284057733,6396026405795,T458,7.4,Ben Carlos,2025-08-30 18:10:01,noise
6396284057733,6392623441780,T753,6.0,Ben Carlos,2025-08-30 03:18:11,noise
6396284057733,6392623441780,T753,19.8,Ben Carlos,2025-08-29 10:04:41,noise
6396284057733,6394863330204,T753,53.4,Ben Carlos,2025-08-28 22:22:01,noise
6396284057733,6393511301796,T753,12.1,Ben Carlos,2025-08-27 13:18:56,noise
6396284057733,6391644392848,T753,12.9,Ben Carlos,2025-08-27 12:02:59,noise
6396284057733,6395277555081,T458,5.9,Ben Carlos,2025-08-26 14:01:02,noise
6396284057733,6392623441780,T753,27.4,Ben Carlos,2025-08-26 11:01:45,noise
6396284057733,6394863330204,T753,6.3,Ben Carlos,2025-08-25 23:22:57,noise
6396284057733,6396609819264,T753,14.1,Ben Carlos,2025-08-25 11:13:50,noise
6396284057733,6395277555081,T753,22.0,Ben Carlos,2025-08-24 20:28:35,noise
6396284057733,6397345443862,T753,43.9,Ben Carlos,2025-08-23 18:04:29,noise
6396284057733,6394863330204,T753,25.5,Ben Carlos,2025-08-23 04:18:31,noise
6396284057733,6395557270185,T753,46.2,Ben Carlos,2025-08-22 20:25:16,noise
6396284057733,6391024970537,T753,39.6,Ben Carlos,2025-08-21 15:14:19,noise
6396284057733,6395277555081,T753,30.1,Ben Carlos,2025-08-21 18:19:02,noise
6396284057733,6392623441780,T753,11.0,Ben Carlos,2025-08-21 19:15:47,noise
6396284057733,6395264944630,T753,6.6,Ben Carlos,2025-08-20 19:23:26,noise
6396284057733,6394863330204,T753,8.9,Ben Carlos,2025-08-20 14:26:07,noise
6396284057733,6395289242961,T753,15.6,Ben Carlos,2025-08-19 08:18:24,noise
6396284057733,6392623441780,T753,26.8,Ben Carlos,2025-08-18 18:10:20,noise
6396284057733,6395277555081,T753,9.6,Ben Carlos,2025-08-18 15:25:51,noise
6396284057733,6392584159767,T458,18.9,Ben Carlos,2025-08-17 03:03:19,noise
6396284057733,6394863330204,T458,13.2,Ben Carlos,2025-08-17 22:08:55,noise
6396284057733,6394863330204,T753,6.5,Ben Carlos,2025-08-16 11:03:04,noise
6396284057733,6395277555081,T458,24.7,Ben Carlos,2025-08-16 18:13:26,noise
6396284057733,6392623441780,T753,4.8,Ben Carlos,2025-08-15 22:00:19,noise
6396284057733,6392623441780,T753,13.7,Ben Carlos,2025-08-14 21:25:43,noise
6396284057733,6392623441780,T753,7.9,Ben Carlos,2025-08-14 11:28:40,noise
6396284057733,6398313094253,T753,17.5,Ben Carlos,2025-08-14 13:09:58,noise
6396284057733,6391294572959,T753,7.0,Ben Carlos,2025-08-13 23:16:33,noise
6396284057733,6396168850025,T753,9.7,Ben Carlos,2025-08-13 21:07:15,noise
6396284057733,6399119973715,T753,12.9,Ben Carlos,2025-08-12 20:10:26,noise
6396284057733,6394477195628,T458,23.4,Ben Carlos,2025-08-12 18:29:00,noise
6396284057733,6394863330204,T458,9.2,Ben Carlos,2025-08-11 14:23:16,noise
6396284057733,6394477195628,T753,13.6,Ben Carlos,2025-08-11 19:03:26,noise
6396284057733,6394863330204,T753,7.3,Ben Carlos,2025-08-11 10:08:52,noise
6396284057733,6395277555081,T753,14.3,Ben Carlos,2025-08-10 13:12:09,noise
6396284057733,6394863330204,T753,18.1,Ben Carlos,2025-08-10 03:21:39,noise
6396284057733,6394863330204,T753,20.9,Ben Carlos,2025-08-09 00:11:21,noise
6396284057733,6395277555081,T458,10.9,Ben Carlos,2025-08-09 21:21:51,noise
6396284057733,6394863330204,T753,20.3,Ben Carlos,2025-08-08 08:30:05,noise
6396284057733,6392623441780,T753,13.2,Ben Carlos,2025-08-08 09:11:25,noise
6396284057733,6392623441780,T753,27.9,Ben Carlos,2025-08-08 09:00:56,noise
6396284057733,6397317313563,T753,32.6,Ben Carlos,2025-08-07 13:02:25,noise
6396284057733,6398578995606,T753,14.1,Ben Carlos,2025-08-07 20:22:22,noise
6396284057733,6392623441780,T753,8.9,Ben Carlos,2025-08-07 12:21:30,noise
6396284057733,6391296649512,T753,10.8,Ben Carlos,2025-08-06 11:07:49,noise
6396284057733,6394701982874,T458,15.9,Ben Carlos,2025-08-05 17:00:30,noise
6396284057733,6396782939427,T753,7.2,Ben Carlos,2025-08-05 09:28:04,noise
6396284057733,6399697255231,T753,26.4,Ben Carlos,2025-08-04 17:25:42,noise
6396284057733,6396609601602,T753,12.6,Ben Carlos,2025-08-04 14:02:16,noise
6399095757865,6396433624746,T311,7.2,Ava Haddad,2025-10-18 17:01:57,noise
6399095757865,6391981016678,T311,28.1,Ava Haddad,2025-10-18 20:11:50,noise
6399095757865,6396433624746,T311,10.3,Ava Haddad,2025-10-17 12:04:14,noise
6399095757865,6392623441780,T311,19.8,Ava Haddad,2025-10-17 19:20:40,noise
6399095757865,6396433624746,T382,7.4,Ava Haddad,2025-10-16 00:03:20,noise
6399095757865,6396433624746,T382,36.4,Ava Haddad,2025-10-15 16:25:53,noise
6399095757865,6396433624746,T311,30.5,Ava Haddad,2025-10-15 21:18:55,noise
6399095757865,6396433624746,T382,23.3,Ava Haddad,2025-10-15 00:09:53,noise
6399095757865,6396433624746,T382,5.3,Ava Haddad,2025-10-14 21:02:10,noise
6399095757865,6392251159617,T311,12.7,Ava Haddad,2025-10-14 19:29:49,noise
6399095757865,6392623441780,T382,42.2,Ava Haddad,2025-10-13 04:13:15,noise
6399095757865,6396433624746,T382,76.1,Ava Haddad,2025-10-13 17:04:16,noise
6399095757865,6396433624746,T382,12.3,Ava Haddad,2025-10-12 22:04:53,noise
6399095757865,6391981016678,T311,22.3,Ava Haddad,2025-10-12 18:18:11,noise
6399095757865,6392623441780,T382,31.8,Ava Haddad,2025-10-11 12:00:00,noise
6399095757865,6395738348726,T382,7.5,Ava Haddad,2025-10-11 10:12:19,noise
6399095757865,6392623441780,T382,36.8,Ava Haddad,2025-10-11 10:17:25,noise
6399095757865,6395447757108,T382,10.2,Ava Haddad,2025-10-10 10:03:16,noise
6399095757865,6399722315072,T382,18.3,Ava Haddad,2025-10-10 11:18:56,noise
6399095757865,6392623441780,T311,8.6,Ava Haddad,2025-10-10 00:19:14,noise
6399095757865,6391981016678,T311,19.4,Ava Haddad,2025-10-09 23:29:57,noise
6399095757865,6396433624746,T311,17.6,Ava Haddad,2025-10-08 15:30:46,noise
6399095757865,6391981016678,T382,17.6,Ava Haddad,2025-10-08 20:02:48,noise
6399095757865,6392623441780,T311,27.5,Ava Haddad,2025-10-07 13:20:59,noise
6399095757865,6391678940428,T382,10.2,Ava Haddad,2025-10-07 17:12:06,noise
6399095757865,6391981016678,T382,30.2,Ava Haddad,2025-10-07 13:22:49,noise
6399095757865,6398175003577,T382,13.8,Ava Haddad,2025-10-06 13:14:57,noise
6399095757865,6396663971262,T382,28.7,Ava Haddad,2025-10-06 23:03:40,noise
6399095757865,6392623441780,T311,50.5,Ava Haddad,2025-10-06 21:05:01,noise
6399095757865,6392623441780,T311,2.8,Ava Haddad,2025-10-05 13:26:26,noise
6399095757865,6395574777798,T311,12.7,Ava Haddad,2025-10-04 15:21:30,noise
6399095757865,6396433624746,T382,23.0,Ava Haddad,2025-10-04 18:17:08,noise
6399095757865,6396433624746,T382,22.0,Ava Haddad,2025-10-04 17:14:56,noise
6399095757865,6392623441780,T311,11.6,Ava Haddad,2025-10-03 14:11:01,noise
6399095757865,6392623441780,T382,33.6,Ava Haddad,2025-10-03 17:28:36,noise
6399095757865,6391981016678,T382,99.7,Ava Haddad,2025-10-03 14:13:49,noise
6399095757865,6396433624746,T382,25.9,Ava Haddad,2025-10-02 10:22:43,noise
6399095757865,6394334018731,T311,6.3,Ava Haddad,2025-10-02 20:07:34,noise
6399095757865,6391981016678,T311,5.4,Ava Haddad,2025-10-01 09:17:48,noise
6399095757865,6396433624746,T311,32.7,Ava Haddad,2025-09-30 23:15:56,noise
6399095757865,6396433624746,T311,26.2,Ava Haddad,2025-09-30 13:00:01,noise
6399095757865,6396433624746,T382,26.5,Ava Haddad,2025-09-29 11:30:01,noise
6399095757865,6397424123950,T382,18.7,Ava Haddad,2025-09-29 17:02:32,noise
6399095757865,6396663971262,T382,10.1,Ava Haddad,2025-09-29 09:10:30,noise
6399095757865,6391981016678,T382,25.1,Ava Haddad,2025-09-28 19:26:08,noise
6399095757865,6396433624746,T311,17.9,Ava Haddad,2025-09-28 15:22:50,noise
6399095757865,6397033353739,T382,15.0,Ava Haddad,2025-09-27 18:09:30,noise
6399095757865,6391981016678,T311,4.9,Ava Haddad,2025-09-27 20:13:56,noise
6399095757865,6396433624746,T311,39.3,Ava Haddad,2025-09-26 18:00:18,noise
6399095757865,6395034822866,T311,20.8,Ava Haddad,2025-09-26 14:18:43,noise
6399095757865,6396609819264,T311,49.2,Ava Haddad,2025-09-25 19:01:54,noise
6399095757865,6394781266670,T311,28.5,Ava Haddad,2025-09-25 03:27:19,noise
6399095757865,6397169427647,T311,6.3,Ava Haddad,2025-09-24 12:11:15,noise
6399095757865,6391981016678,T382,26.7,Ava Haddad,2025-09-24 01:25:18,noise
6399095757865,6392623441780,T382,18.8,Ava Haddad,2025-09-23 12:11:12,noise
6399095757865,6391981016678,T382,42.1,Ava Haddad,2025-09-23 09:02:14,noise
6399095757865,6393299477204,T382,28.0,Ava Haddad,2025-09-22 16:09:30,noise
6399095757865,6396433624746,T311,5.0,Ava Haddad,2025-09-22 13:27:45,noise
6399095757865,6391981016678,T382,20.0,Ava Haddad,2025-09-22 05:21:48,noise
6399095757865,6391981016678,T382,38.5,Ava Haddad,2025-09-21 09:04:06,noise
6399095757865,6395388614739,T382,11.9,Ava Haddad,2025-09-21 14:12:06,noise
6399095757865,6396433624746,T382,43.2,Ava Haddad,2025-09-21 11:15:31,noise
6399095757865,6392623441780,T311,9.8,Ava Haddad,2025-09-20 16:06:03,noise
6399095757865,6396433624746,T382,12.6,Ava Haddad,2025-09-20 12:10:50,noise
6399095757865,6399857882871,T382,4.0,Ava Haddad,2025-09-20 11:30:43,noise
6399095757865,6391981016678,T382,9.5,Ava Haddad,2025-09-19 18:29:58,noise
6399095757865,6392623441780,T382,10.6,Ava Haddad,2025-09-19 23:01:00,noise
6399095757865,6396433624746,T382,22.4,Ava Haddad,2025-09-19 15:09:28,noise
6399095757865,6397685492906,T311,27.0,Ava Haddad,2025-09-18 04:25:02,noise
6399095757865,6392623441780,T382,26.5,Ava Haddad,2025-09-17 12:04:15,noise
6399095757865,6396433624746,T382,16.7,Ava Haddad,2025-09-17 18:11:29,noise
6399095757865,6396956367740,T311,27.3,Ava Haddad,2025-09-17 17:00:18,noise
6399095757865,6395574777798,T382,31.5,Ava Haddad,2025-09-16 19:10:28,noise
6399095757865,6396433624746,T311,7.2,Ava Haddad,2025-09-16 05:05:26,noise
6399095757865,6396433624746,T382,11.2,Ava Haddad,2025-09-15 15:19:44,noise
6399095757865,6391981016678,T382,6.2,Ava Haddad,2025-09-15 12:06:41,noise
6399095757865,6391981016678,T382,10.9,Ava Haddad,2025-09-15 19:22:10,noise
6399095757865,6391981016678,T311,33.9,Ava Haddad,2025-09-14 19:25:49,noise
6399095757865,6396433624746,T311,18.6,Ava Haddad,2025-09-14 15:30:56,noise
6399095757865,6396433624746,T311,14.5,Ava Haddad,2025-09-14 16:15:03,noise
6399095757865,6399857882871,T311,76.6,Ava Haddad,2025-09-13 08:16:56,noise
6399095757865,6391981016678,T382,8.3,Ava Haddad,2025-09-13 15:19:37,noise
6399095757865,6396433624746,T382,7.6,Ava Haddad,2025-09-13 21:19:05,noise
6399095757865,6396782939427,T382,46.4,Ava Haddad,2025-09-12 16:20:38,noise
6399095757865,6395557270185,T382,10.2,Ava Haddad,2025-09-12 19:07:33,noise
6399095757865,6391981016678,T382,17.6,Ava Haddad,2025-09-11 19:30:56,noise
6399095757865,6392623441780,T311,12.8,Ava Haddad,2025-09-11 21:21:24,noise
6399095757865,6391981016678,T382,14.8,Ava Haddad,2025-09-10 13:05:02,noise
6399095757865,6396212810153,T382,58.4,Ava Haddad,2025-09-10 21:01:17,noise
6399095757865,6391981016678,T311,10.1,Ava Haddad,2025-09-10 15:13:13,noise
6399095757865,6392623441780,T311,6.7,Ava Haddad,2025-09-09 16:09:30,noise
6399095757865,6392251159617,T311,29.2,Ava Haddad,2025-09-09 17:10:38,noise
6399095757865,6399628559272,T382,44.9,Ava Haddad,2025-09-08 19:22:11,noise
6399095757865,6395328992709,T311,24.2,Ava Haddad,2025-09-07 04:30:38,noise
6399095757865,6396956367740,T382,15.5,Ava Haddad,2025-09-07 16:27:08,noise
6399095757865,6391981016678,T311,25.1,Ava Haddad,2025-09-06 18:26:25,noise
6399095757865,6397176014123,T311,17.6,Ava Haddad,2025-09-06 05:12:27,noise
6399095757865,6392623441780,T311,41.7,Ava Haddad,2025-09-05 18:05:19,noise
6399095757865,6391917476319,T382,41.6,Ava Haddad,2025-09-05 08:08:56,noise
6399095757865,6391981016678,T382,13.6,Ava Haddad,2025-09-05 12:11:17,noise
6399095757865,6392623441780,T382,14.0,Ava Haddad,2025-09-04 04:19:42,noise
6399095757865,6395034822866,T311,29.9,Ava Haddad,2025-09-04 13:24:20,noise
6399095757865,6392623441780,T311,9.5,Ava Haddad,2025-09-03 05:11:42,noise
6399095757865,6391981016678,T382,19.6,Ava Haddad,2025-09-03 11:21:57,noise
6399095757865,6398645236008,T382,27.1,Ava Haddad,2025-09-03 15:29:26,noise
6399095757865,6396433624746,T311,14.8,Ava Haddad,2025-09-02 09:16:12,noise
6399095757865,6392623441780,T382,18.8,Ava Haddad,2025-09-02 22:06:38,noise
6399095757865,6391981016678,T382,3.8,Ava Haddad,2025-09-01 02:05:10,noise
6399095757865,6394369267219,T311,7.8,Ava Haddad,2025-09-01 12:17:44,noise
6399095757865,6392623441780,T382,8.2,Ava Haddad,2025-08-31 16:24:58,noise
6399095757865,6392584159767,T382,43.9,Ava Haddad,2025-08-30 14:21:07,noise
6399095757865,6391697329269,T382,37.2,Ava Haddad,2025-08-29 15:28:10,noise
6399095757865,6396609819264,T382,24.7,Ava Haddad,2025-08-29 19:10:50,noise
6399095757865,6391981016678,T382,13.3,Ava Haddad,2025-08-28 09:06:09,noise
6399095757865,6392182204871,T382,109.2,Ava Haddad,2025-08-28 16:25:38,noise
6399095757865,6394701982874,T311,11.5,Ava Haddad,2025-08-27 20:12:52,noise
6399095757865,6391981016678,T311,16.6,Ava Haddad,2025-08-27 15:24:15,noise
6399095757865,6394602944141,T311,137.2,Ava Haddad,2025-08-27 12:05:01,noise
6399095757865,6391847085587,T382,26.0,Ava Haddad,2025-08-26 18:19:08,noise
6399095757865,6391981016678,T311,42.8,Ava Haddad,2025-08-25 04:01:28,noise
6399095757865,6396433624746,T382,4.2,Ava Haddad,2025-08-25 11:03:24,noise
6399095757865,6391981016678,T382,14.5,Ava Haddad,2025-08-24 16:21:42,noise
6399095757865,6392385746157,T382,57.2,Ava Haddad,2025-08-24 20:23:14,noise
6399095757865,6391981016678,T311,6.9,Ava Haddad,2025-08-23 12:20:07,noise
6399095757865,6397169427647,T311,19.0,Ava Haddad,2025-08-22 13:15:01,noise
6399095757865,6393116814799,T382,16.4,Ava Haddad,2025-08-22 12:06:09,noise
6399095757865,6396433624746,T382,20.6,Ava Haddad,2025-08-21 12:04:08,noise
6399095757865,6392623441780,T382,13.3,Ava Haddad,2025-08-21 15:28:29,noise
6399095757865,6396433624746,T382,5.9,Ava Haddad,2025-08-20 20:10:03,noise
6399095757865,6392623441780,T311,18.4,Ava Haddad,2025-08-20 01:22:10,noise
6399095757865,6396433624746,T382,20.6,Ava Haddad,2025-08-19 22:00:27,noise
6399095757865,6391981016678,T311,4.0,Ava Haddad,2025-08-19 15:19:15,noise
6399095757865,6391981016678,T382,16.0,Ava Haddad,2025-08-19 16:06:27,noise
6399095757865,6399961796941,T382,12.4,Ava Haddad,2025-08-18 14:01:47,noise
6399095757865,6394863330204,T311,7.3,Ava Haddad,2025-08-17 09:02:04,noise
6399095757865,6392623441780,T382,31.6,Ava Haddad,2025-08-17 20:09:39,noise
6399095757865,6396433624746,T382,25.5,Ava Haddad,2025-08-16 19:21:20,noise
6399095757865,6396609601602,T311,7.2,Ava Haddad,2025-08-16 16:14:51,noise
6399095757865,6394701982874,T382,20.5,Ava Haddad,2025-08-16 08:08:16,noise
6399095757865,6399119973715,T311,10.9,Ava Haddad,2025-08-15 13:26:56,noise
6399095757865,6391981016678,T382,14.8,Ava Haddad,2025-08-15 09:02:35,noise
6399095757865,6392623441780,T311,15.4,Ava Haddad,2025-08-15 08:01:21,noise
6399095757865,6394018894269,T311,20.6,Ava Haddad,2025-08-14 11:06:27,noise
6399095757865,6396433624746,T382,20.7,Ava Haddad,2025-08-14 13:04:46,noise
6399095757865,6391981016678,T311,19.0,Ava Haddad,2025-08-14 18:29:16,noise
6399095757865,6396433624746,T382,27.2,Ava Haddad,2025-08-13 09:23:07,noise
6399095757865,6399828853050,T382,29.0,Ava Haddad,2025-08-13 11:25:11,noise
6399095757865,6392251159617,T311,30.9,Ava Haddad,2025-08-12 23:13:11,noise
6399095757865,6396433624746,T311,17.4,Ava Haddad,2025-08-12 11:22:38,noise
6399095757865,6391981016678,T311,17.6,Ava Haddad,2025-08-11 17:11:07,noise
6399095757865,6391981016678,T382,7.7,Ava Haddad,2025-08-10 14:21:37,noise
6399095757865,6396663971262,T311,15.7,Ava Haddad,2025-08-10 16:30:07,noise
6399095757865,6392251159617,T382,29.4,Ava Haddad,2025-08-09 20:08:38,noise
6399095757865,6396433624746,T311,17.2,Ava Haddad,2025-08-09 19:02:31,noise
6399095757865,6392623441780,T382,31.7,Ava Haddad,2025-08-08 22:16:30,noise
6399095757865,6396433624746,T382,37.5,Ava Haddad,2025-08-08 19:02:13,noise
6399095757865,6392623441780,T382,14.6,Ava Haddad,2025-08-07 18:16:49,noise
6399095757865,6396433624746,T311,25.2,Ava Haddad,2025-08-06 18:11:30,noise
6399095757865,6396433624746,T382,33.0,Ava Haddad,2025-08-06 16:00:37,noise
6399095757865,6392623441780,T382,2.5,Ava Haddad,2025-08-05 12:23:21,noise
6399095757865,6397959530865,T311,11.1,Ava Haddad,2025-08-05 14:12:44,noise
6399095757865,6396433624746,T382,26.7,Ava Haddad,2025-08-04 09:03:27,noise
6399095757865,6396433624746,T382,21.6,Ava Haddad,2025-08-04 05:28:48,noise
6397317313563,6398621864419,T995,15.3,Priya Patida,2025-10-18 15:00:44,noise
6397317313563,6394485230571,T995,69.9,Priya Patida,2025-10-17 17:13:54,noise
6397317313563,6398446041346,T555,22.0,Priya Patida,2025-10-17 23:19:50,noise
6397317313563,6399095757865,T555,22.3,Priya Patida,2025-10-16 19:23:21,noise
6397317313563,6396609819264,T995,20.8,Priya Patida,2025-10-16 15:10:27,noise
6397317313563,6395709000192,T995,13.0,Priya Patida,2025-10-15 09:15:25,noise
6397317313563,6399562839233,T995,11.6,Priya Patida,2025-10-14 17:06:09,noise
6397317313563,6394701982874,T995,35.7,Priya Patida,2025-10-14 04:00:32,noise
6397317313563,6398446041346,T995,16.0,Priya Patida,2025-10-13 17:16:48,noise
6397317313563,6395709000192,T995,21.3,Priya Patida,2025-10-12 10:12:31,noise
6397317313563,6396609819264,T995,12.5,Priya Patida,2025-10-12 02:16:09,noise
6397317313563,6391847085587,T995,2.1,Priya Patida,2025-10-11 19:13:21,noise
6397317313563,6395277555081,T555,8.5,Priya Patida,2025-10-11 15:05:53,noise
6397317313563,6396956367740,T995,28.8,Priya Patida,2025-10-10 03:21:47,noise
6397317313563,6398446041346,T995,6.0,Priya Patida,2025-10-10 20:15:23,noise
6397317313563,6395709000192,T995,32.4,Priya Patida,2025-10-09 17:10:48,noise
6397317313563,6397907454154,T555,15.9,Priya Patida,2025-10-08 10:30:04,noise
6397317313563,6395709000192,T555,6.1,Priya Patida,2025-10-08 15:01:44,noise
6397317313563,6397033353739,T555,26.2,Priya Patida,2025-10-07 16:21:08,noise
6397317313563,6398096864787,T555,26.6,Priya Patida,2025-10-07 22:00:51,noise
6397317313563,6398446041346,T995,38.7,Priya Patida,2025-10-07 18:08:40,noise
6397317313563,6397654503285,T995,24.0,Priya Patida,2025-10-06 18:09:49,noise
6397317313563,6395709000192,T995,10.8,Priya Patida,2025-10-05 00:00:05,noise
6397317313563,6398446041346,T995,3.3,Priya Patida,2025-10-05 13:05:22,noise
6397317313563,6392089382142,T555,12.6,Priya Patida,2025-10-05 19:24:08,noise
6397317313563,6392584159767,T555,35.4,Priya Patida,2025-10-04 20:01:26,noise
6397317313563,6391024970537,T995,10.3,Priya Patida,2025-10-03 16:19:17,noise
6397317313563,6396956367740,T995,22.2,Priya Patida,2025-10-02 20:15:29,noise
6397317313563,6395447757108,T995,6.6,Priya Patida,2025-10-01 23:10:44,noise
6397317313563,6395034822866,T995,56.9,Priya Patida,2025-10-01 17:28:44,noise
6397317313563,6396934367041,T995,6.6,Priya Patida,2025-09-30 21:29:20,noise
6397317313563,6396609819264,T555,18.9,Priya Patida,2025-09-30 12:13:37,noise
6397317313563,6395709000192,T995,14.3,Priya Patida,2025-09-30 09:02:22,noise
6397317313563,6398446041346,T995,12.1,Priya Patida,2025-09-29 23:29:37,noise
6397317313563,6393318640912,T995,66.5,Priya Patida,2025-09-29 12:04:48,noise
6397317313563,6392691285953,T995,8.1,Priya Patida,2025-09-28 18:27:20,noise
6397317313563,6398446041346,T995,34.5,Priya Patida,2025-09-28 10:13:24,noise
6397317313563,6395709000192,T555,20.9,Priya Patida,2025-09-27 17:06:07,noise
6397317313563,6396609819264,T555,28.0,Priya Patida,2025-09-27 11:12:04,noise
6397317313563,6395709000192,T995,48.1,Priya Patida,2025-09-27 17:11:29,noise
6397317313563,6398446041346,T555,7.6,Priya Patida,2025-09-26 17:05:05,noise
6397317313563,6391296649512,T555,6.3,Priya Patida,2025-09-26 10:14:35,noise
6397317313563,6394285686989,T995,11.1,Priya Patida,2025-09-26 20:07:23,noise
6397317313563,6395709000192,T555,18.9,Priya Patida,2025-09-25 08:17:36,noise
6397317313563,6398446041346,T995,41.1,Priya Patida,2025-09-24 21:28:29,noise
6397317313563,6395709000192,T995,24.2,Priya Patida,2025-09-24 08:18:10,noise
6397317313563,6396609819264,T555,12.7,Priya Patida,2025-09-23 11:26:34,noise
6397317313563,6395709000192,T555,16.8,Priya Patida,2025-09-23 11:10:23,noise
6397317313563,6398446041346,T995,9.8,Priya Patida,2025-09-23 20:17:22,noise
6397317313563,6394863330204,T555,25.3,Priya Patida,2025-09-22 13:19:27,noise
6397317313563,6398446041346,T555,8.8,Priya Patida,2025-09-21 20:15:58,noise
6397317313563,6396609819264,T995,5.8,Priya Patida,2025-09-21 04:14:24,noise
6397317313563,6396168850025,T555,6.3,Priya Patida,2025-09-20 16:16:17,noise
6397317313563,6391917476319,T995,15.3,Priya Patida,2025-09-20 11:00:05,noise
6397317313563,6395709000192,T555,43.3,Priya Patida,2025-09-19 17:01:52,noise
6397317313563,6396609819264,T995,24.3,Priya Patida,2025-09-19 13:17:16,noise
6397317313563,6398645236008,T555,9.0,Priya Patida,2025-09-18 14:07:16,noise
6397317313563,6398446041346,T555,14.8,Priya Patida,2025-09-18 17:07:59,noise
6397317313563,6395709000192,T995,12.9,Priya Patida,2025-09-17 15:10:10,noise
6397317313563,6395709000192,T995,18.8,Priya Patida,2025-09-17 08:17:20,noise
6397317313563,6396609819264,T995,24.8,Priya Patida,2025-09-17 20:25:49,noise
6397317313563,6395709000192,T995,71.5,Priya Patida,2025-09-16 09:29:41,noise
6397317313563,6394863330204,T995,2.7,Priya Patida,2025-09-15 14:17:40,noise
6397317313563,6396934367041,T555,19.2,Priya Patida,2025-09-15 22:13:06,noise
6397317313563,6396609819264,T995,6.0,Priya Patida,2025-09-14 13:27:29,noise
6397317313563,6396609819264,T995,6.4,Priya Patida,2025-09-14 09:14:59,noise
6397317313563,6395709000192,T555,60.9,Priya Patida,2025-09-13 20:26:34,noise
6397317313563,6395709000192,T995,8.6,Priya Patida,2025-09-13 16:27:53,noise
6397317313563,6397398372383,T555,17.5,Priya Patida,2025-09-13 12:15:17,noise
6397317313563,6395709000192,T995,10.2,Priya Patida,2025-09-12 18:25:38,noise
6397317313563,6396609819264,T995,10.6,Priya Patida,2025-09-11 16:17:26,noise
6397317313563,6392691285953,T995,24.7,Priya Patida,2025-09-11 08:10:02,noise
6397317313563,6395328992709,T995,10.4,Priya Patida,2025-09-10 05:19:24,noise
6397317313563,6396609819264,T995,12.2,Priya Patida,2025-09-09 20:28:33,noise
6397317313563,6395709000192,T555,22.2,Priya Patida,2025-09-09 16:12:04,noise
6397317313563,6395709000192,T555,26.5,Priya Patida,2025-09-09 20:29:06,noise
6397317313563,6391054941178,T995,14.9,Priya Patida,2025-09-08 16:11:13,noise
6397317313563,6396609819264,T995,13.7,Priya Patida,2025-09-08 18:29:23,noise
6397317313563,6393116814799,T555,18.0,Priya Patida,2025-09-07 08:18:30,noise
6397317313563,6399857882871,T555,29.0,Priya Patida,2025-09-07 18:22:55,noise
6397317313563,6398389473157,T995,10.4,Priya Patida,2025-09-06 11:26:11,noise
6397317313563,6397357048476,T555,20.8,Priya Patida,2025-09-05 11:10:52,noise
6397317313563,6395709000192,T555,16.5,Priya Patida,2025-09-05 04:21:21,noise
6397317313563,6396168850025,T995,2.3,Priya Patida,2025-09-05 15:29:08,noise
6397317313563,6398446041346,T995,28.1,Priya Patida,2025-09-04 11:13:02,noise
6397317313563,6395709000192,T995,7.5,Priya Patida,2025-09-04 11:14:05,noise
6397317313563,6397931099268,T995,48.6,Priya Patida,2025-09-03 10:21:43,noise
6397317313563,6396609819264,T995,32.6,Priya Patida,2025-09-03 11:01:03,noise
6397317313563,6398446041346,T555,21.3,Priya Patida,2025-09-02 08:10:59,noise
6397317313563,6393502849379,T995,13.8,Priya Patida,2025-09-02 09:20:02,noise
6397317313563,6398446041346,T995,38.5,Priya Patida,2025-09-01 18:10:01,noise
6397317313563,6392609362629,T555,40.8,Priya Patida,2025-09-01 13:28:17,noise
6397317313563,6398446041346,T995,22.7,Priya Patida,2025-08-31 21:16:03,noise
6397317313563,6395709000192,T995,29.6,Priya Patida,2025-08-31 22:18:39,noise
6397317313563,6391847085587,T555,2.7,Priya Patida,2025-08-31 12:22:40,noise
6397317313563,6394334018731,T555,10.5,Priya Patida,2025-08-30 13:26:08,noise
6397317313563,6396609819264,T995,10.0,Priya Patida,2025-08-29 13:16:43,noise
6397317313563,6395709000192,T995,7.7,Priya Patida,2025-08-29 12:19:33,noise
6397317313563,6396609819264,T555,6.9,Priya Patida,2025-08-29 19:21:57,noise
6397317313563,6395709000192,T995,57.8,Priya Patida,2025-08-28 20:02:34,noise
6397317313563,6395709000192,T995,7.2,Priya Patida,2025-08-27 04:27:05,noise
6397317313563,6399119973715,T995,11.0,Priya Patida,2025-08-26 15:22:45,noise
6397317313563,6396609819264,T995,21.6,Priya Patida,2025-08-26 21:01:58,noise
6397317313563,6395709000192,T555,16.6,Priya Patida,2025-08-26 17:21:50,noise
6397317313563,6398446041346,T555,18.9,Priya Patida,2025-08-25 14:06:57,noise
6397317313563,6398446041346,T555,8.8,Priya Patida,2025-08-25 20:13:33,noise
6397317313563,6395709000192,T995,3.9,Priya Patida,2025-08-24 09:14:21,noise
6397317313563,6395709000192,T995,12.4,Priya Patida,2025-08-24 09:18:22,noise
6397317313563,6395709000192,T995,83.4,Priya Patida,2025-08-23 08:08:50,noise
6397317313563,6399119973715,T995,14.6,Priya Patida,2025-08-23 22:28:47,noise
6397317313563,6398621864419,T995,38.1,Priya Patida,2025-08-22 10:13:11,noise
6397317313563,6397685492906,T995,4.6,Priya Patida,2025-08-21 16:00:08,noise
6397317313563,6392546307565,T995,40.7,Priya Patida,2025-08-21 19:05:53,noise
6397317313563,6397357048476,T555,58.0,Priya Patida,2025-08-21 03:28:03,noise
6397317313563,6397169427647,T555,21.9,Priya Patida,2025-08-20 23:17:04,noise
6397317313563,6398446041346,T995,12.8,Priya Patida,2025-08-20 12:25:36,noise
6397317313563,6398446041346,T995,53.7,Priya Patida,2025-08-20 23:02:59,noise
6397317313563,6398584437466,T555,15.2,Priya Patida,2025-08-19 14:07:23,noise
6397317313563,6396609819264,T995,30.8,Priya Patida,2025-08-19 17:19:48,noise
6397317313563,6398446041346,T995,6.9,Priya Patida,2025-08-18 11:22:25,noise
6397317313563,6398446041346,T555,6.4,Priya Patida,2025-08-18 09:09:40,noise
6397317313563,6391697329269,T995,18.8,Priya Patida,2025-08-17 16:29:17,noise
6397317313563,6395709000192,T555,12.1,Priya Patida,2025-08-16 08:20:08,noise
6397317313563,6396609819264,T555,16.6,Priya Patida,2025-08-16 21:20:25,noise
6397317313563,6394389103334,T555,9.1,Priya Patida,2025-08-15 22:23:22,noise
6397317313563,6395709000192,T555,6.1,Priya Patida,2025-08-15 10:20:11,noise
6397317313563,6394855637596,T995,13.2,Priya Patida,2025-08-14 11:14:33,noise
6397317313563,6397907454154,T555,18.7,Priya Patida,2025-08-13 05:16:55,noise
6397317313563,6396609601602,T995,49.9,Priya Patida,2025-08-13 10:13:14,noise
6397317313563,6396609819264,T555,33.5,Priya Patida,2025-08-13 14:13:21,noise
6397317313563,6394369267219,T995,22.9,Priya Patida,2025-08-12 20:22:52,noise
6397317313563,6392249133353,T995,11.4,Priya Patida,2025-08-12 08:12:14,noise
6397317313563,6394863330204,T555,64.6,Priya Patida,2025-08-11 19:10:21,noise
6397317313563,6395709000192,T995,13.7,Priya Patida,2025-08-10 08:23:44,noise
6397317313563,6398446041346,T995,16.1,Priya Patida,2025-08-10 00:21:57,noise
6397317313563,6391054941178,T995,148.0,Priya Patida,2025-08-09 18:27:25,noise
6397317313563,6391644392848,T995,10.6,Priya Patida,2025-08-09 19:22:05,noise
6397317313563,6396609819264,T555,13.4,Priya Patida,2025-08-08 20:15:58,noise
6397317313563,6396609819264,T995,38.2,Priya Patida,2025-08-07 08:18:12,noise
6397317313563,6393511301796,T555,4.5,Priya Patida,2025-08-06 20:13:32,noise
6397317313563,6395709000192,T555,45.9,Priya Patida,2025-08-06 12:13:37,noise
6397317313563,6398446041346,T555,14.2,Priya Patida,2025-08-06 16:05:02,noise
6397317313563,6391678940428,T995,15.5,Priya Patida,2025-08-05 13:09:49,noise
6397317313563,6399406323212,T995,3.2,Priya Patida,2025-08-05 23:16:07,noise
6397317313563,6398446041346,T555,14.9,Priya Patida,2025-08-05 10:28:03,noise
6397317313563,6395709000192,T995,11.6,Priya Patida,2025-08-04 10:01:50,noise
6398578995606,6397959530865,T285,11.1,Priya Quinn,2025-10-18 15:11:01,noise
6398578995606,6395388614739,T285,4.7,Priya Quinn,2025-10-18 18:15:36,noise
6398578995606,6391296649512,T285,24.5,Priya Quinn,2025-10-17 17:03:36,noise
6398578995606,6395388614739,T285,13.7,Priya Quinn,2025-10-17 17:16:30,noise
6398578995606,6395557270185,T285,10.2,Priya Quinn,2025-10-16 13:05:51,noise
6398578995606,6395557270185,T285,29.3,Priya Quinn,2025-10-16 16:07:13,noise
6398578995606,6397424123950,T285,53.0,Priya Quinn,2025-10-16 16:28:18,noise
6398578995606,6397424123950,T285,14.6,Priya Quinn,2025-10-15 13:04:05,noise
6398578995606,6395557270185,T525,25.0,Priya Quinn,2025-10-15 15:12:03,noise
6398578995606,6396397246783,T525,14.6,Priya Quinn,2025-10-14 18:03:56,noise
6398578995606,6395034822866,T285,38.6,Priya Quinn,2025-10-14 19:02:17,noise
6398578995606,6395388614739,T285,6.6,Priya Quinn,2025-10-13 09:10:27,noise
6398578995606,6397424123950,T525,17.2,Priya Quinn,2025-10-13 16:11:27,noise
6398578995606,6391296649512,T285,33.4,Priya Quinn,2025-10-12 17:20:25,noise
6398578995606,6395388614739,T285,23.6,Priya Quinn,2025-10-12 15:27:06,noise
6398578995606,6395388614739,T285,33.0,Priya Quinn,2025-10-11 16:26:43,noise
6398578995606,6395557270185,T285,13.2,Priya Quinn,2025-10-11 11:16:38,noise
6398578995606,6395388614739,T525,9.1,Priya Quinn,2025-10-10 17:10:27,noise
6398578995606,6395557270185,T525,10.8,Priya Quinn,2025-10-10 09:03:20,noise
6398578995606,6397424123950,T285,20.5,Priya Quinn,2025-10-10 14:25:16,noise
6398578995606,6397424123950,T285,58.5,Priya Quinn,2025-10-09 16:08:15,noise
6398578995606,6397424123950,T285,28.8,Priya Quinn,2025-10-09 17:10:54,noise
6398578995606,6397424123950,T285,39.6,Priya Quinn,2025-10-08 15:04:54,noise
6398578995606,6395557270185,T285,7.8,Priya Quinn,2025-10-08 12:08:53,noise
6398578995606,6396609601602,T285,9.6,Priya Quinn,2025-10-07 15:25:54,noise
6398578995606,6397424123950,T525,12.3,Priya Quinn,2025-10-06 15:15:47,noise
6398578995606,6395388614739,T285,3.7,Priya Quinn,2025-10-05 09:03:29,noise
6398578995606,6395557270185,T285,6.7,Priya Quinn,2025-10-05 19:15:01,noise
6398578995606,6393318640912,T285,12.2,Priya Quinn,2025-10-04 12:24:45,noise
6398578995606,6395557270185,T525,10.6,Priya Quinn,2025-10-03 08:21:59,noise
6398578995606,6395557270185,T285,22.6,Priya Quinn,2025-10-03 15:11:15,noise
6398578995606,6395264944630,T285,15.8,Priya Quinn,2025-10-02 16:06:07,noise
6398578995606,6395388614739,T525,18.4,Priya Quinn,2025-10-01 04:09:28,noise
6398578995606,6397345443862,T285,11.1,Priya Quinn,2025-10-01 21:30:32,noise
6398578995606,6395388614739,T285,20.0,Priya Quinn,2025-09-30 01:15:42,noise
6398578995606,6395557270185,T285,33.3,Priya Quinn,2025-09-30 21:27:41,noise
6398578995606,6395388614739,T285,9.7,Priya Quinn,2025-09-30 04:06:09,noise
6398578995606,6395557270185,T285,11.9,Priya Quinn,2025-09-29 15:11:16,noise
6398578995606,6395388614739,T285,16.9,Priya Quinn,2025-09-29 11:11:39,noise
6398578995606,6395557270185,T525,29.8,Priya Quinn,2025-09-28 12:24:27,noise
6398578995606,6397424123950,T285,15.9,Priya Quinn,2025-09-27 21:26:41,noise
6398578995606,6395388614739,T285,13.9,Priya Quinn,2025-09-27 12:30:19,noise
6398578995606,6394855637596,T285,25.0,Priya Quinn,2025-09-26 10:24:27,noise
6398578995606,6395328992709,T525,32.5,Priya Quinn,2025-09-26 14:02:59,noise
6398578995606,6397398372383,T525,14.3,Priya Quinn,2025-09-25 20:12:11,noise
6398578995606,6397424123950,T285,33.4,Priya Quinn,2025-09-25 19:10:51,noise
6398578995606,6395277555081,T285,6.6,Priya Quinn,2025-09-25 16:00:48,noise
6398578995606,6397424123950,T525,25.3,Priya Quinn,2025-09-24 20:10:50,noise
6398578995606,6397424123950,T285,13.9,Priya Quinn,2025-09-24 09:19:53,noise
6398578995606,6395557270185,T285,13.4,Priya Quinn,2025-09-23 21:14:23,noise
6398578995606,6395388614739,T285,6.4,Priya Quinn,2025-09-23 10:15:54,noise
6398578995606,6394602944141,T285,59.0,Priya Quinn,2025-09-22 01:20:51,noise
6398578995606,6395388614739,T285,17.4,Priya Quinn,2025-09-21 19:16:10,noise
6398578995606,6394701982874,T285,2.3,Priya Quinn,2025-09-21 19:19:25,noise
6398578995606,6397424123950,T285,41.3,Priya Quinn,2025-09-20 17:09:15,noise
6398578995606,6395388614739,T285,17.7,Priya Quinn,2025-09-20 03:29:19,noise
6398578995606,6395557270185,T525,9.6,Priya Quinn,2025-09-20 19:00:37,noise
6398578995606,6395388614739,T285,8.7,Priya Quinn,2025-09-19 03:14:42,noise
6398578995606,6395557270185,T285,35.3,Priya Quinn,2025-09-19 16:29:25,noise
6398578995606,6394863330204,T285,66.0,Priya Quinn,2025-09-18 15:19:02,noise
6398578995606,6396212810153,T285,14.5,Priya Quinn,2025-09-17 15:29:32,noise
6398578995606,6395388614739,T525,35.0,Priya Quinn,2025-09-17 17:24:09,noise
6398578995606,6391644392848,T285,16.8,Priya Quinn,2025-09-17 16:29:25,noise
6398578995606,6393511301796,T525,33.2,Priya Quinn,2025-09-16 14:28:33,noise
6398578995606,6397424123950,T525,9.4,Priya Quinn,2025-09-16 13:28:36,noise
6398578995606,6397424123950,T285,31.2,Priya Quinn,2025-09-15 03:27:36,noise
6398578995606,6395447757108,T285,14.0,Priya Quinn,2025-09-15 11:03:11,noise
6398578995606,6399119973715,T525,7.5,Priya Quinn,2025-09-14 19:24:25,noise
6398578995606,6397424123950,T285,12.5,Priya Quinn,2025-09-14 10:30:56,noise
6398578995606,6393502849379,T525,17.6,Priya Quinn,2025-09-13 20:06:37,noise
6398578995606,6395388614739,T525,16.6,Priya Quinn,2025-09-12 11:11:37,noise
6398578995606,6395388614739,T285,6.5,Priya Quinn,2025-09-11 11:22:50,noise
6398578995606,6395388614739,T285,17.9,Priya Quinn,2025-09-11 18:12:21,noise
6398578995606,6395388614739,T525,6.7,Priya Quinn,2025-09-11 10:08:40,noise
6398578995606,6393511301796,T285,23.5,Priya Quinn,2025-09-10 11:07:44,noise
6398578995606,6397424123950,T285,15.2,Priya Quinn,2025-09-10 18:04:32,noise
6398578995606,6397907454154,T285,22.7,Priya Quinn,2025-09-09 11:24:48,noise
6398578995606,6397424123950,T285,12.1,Priya Quinn,2025-09-09 20:27:50,noise
6398578995606,6395557270185,T285,47.7,Priya Quinn,2025-09-08 19:09:54,noise
6398578995606,6397317313563,T525,13.9,Priya Quinn,2025-09-07 17:11:09,noise
6398578995606,6395388614739,T285,26.4,Priya Quinn,2025-09-07 13:02:07,noise
6398578995606,6398313094253,T285,10.6,Priya Quinn,2025-09-07 16:18:35,noise
6398578995606,6397424123950,T525,20.3,Priya Quinn,2025-09-06 00:22:18,noise
6398578995606,6395557270185,T285,13.6,Priya Quinn,2025-09-06 09:16:09,noise
6398578995606,6399828853050,T525,26.5,Priya Quinn,2025-09-06 18:08:26,noise
6398578995606,6397424123950,T285,20.2,Priya Quinn,2025-09-05 14:02:26,noise
6398578995606,6395388614739,T285,16.6,Priya Quinn,2025-09-05 09:04:55,noise
6398578995606,6399961796941,T525,10.2,Priya Quinn,2025-09-05 13:27:03,noise
6398578995606,6395557270185,T285,48.6,Priya Quinn,2025-09-04 15:01:46,noise
6398578995606,6395557270185,T525,16.8,Priya Quinn,2025-09-03 20:06:50,noise
6398578995606,6397424123950,T285,3.3,Priya Quinn,2025-09-03 21:22:47,noise
6398578995606,6395388614739,T285,36.7,Priya Quinn,2025-09-03 12:11:26,noise
6398578995606,6395388614739,T285,8.9,Priya Quinn,2025-09-02 12:16:55,noise
6398578995606,6395388614739,T285,19.3,Priya Quinn,2025-09-02 23:24:29,noise
6398578995606,6395388614739,T525,15.6,Priya Quinn,2025-09-01 10:28:46,noise
6398578995606,6394855637596,T285,7.3,Priya Quinn,2025-08-31 16:12:21,noise
6398578995606,6395034822866,T525,20.7,Priya Quinn,2025-08-31 22:03:59,noise
6398578995606,6395388614739,T285,10.3,Priya Quinn,2025-08-30 11:04:55,noise
6398578995606,6395388614739,T525,32.4,Priya Quinn,2025-08-30 02:19:56,noise
6398578995606,6395557270185,T285,33.5,Priya Quinn,2025-08-29 13:18:15,noise
6398578995606,6395034822866,T525,22.1,Priya Quinn,2025-08-28 12:04:26,noise
6398578995606,6395388614739,T285,8.0,Priya Quinn,2025-08-27 16:11:37,noise
6398578995606,6397424123950,T525,20.8,Priya Quinn,2025-08-27 21:27:50,noise
6398578995606,6395557270185,T285,3.7,Priya Quinn,2025-08-27 13:08:46,noise
6398578995606,6397424123950,T285,35.0,Priya Quinn,2025-08-26 16:11:06,noise
6398578995606,6397424123950,T285,20.4,Priya Quinn,2025-08-26 08:25:20,noise
6398578995606,6398446041346,T285,14.2,Priya Quinn,2025-08-25 14:29:32,noise
6398578995606,6397654503285,T285,12.6,Priya Quinn,2025-08-25 11:06:23,noise
6398578995606,6397424123950,T525,25.4,Priya Quinn,2025-08-25 13:07:21,noise
6398578995606,6395104602062,T285,34.8,Priya Quinn,2025-08-24 12:26:03,noise
6398578995606,6392584159767,T525,12.5,Priya Quinn,2025-08-24 19:09:43,noise
6398578995606,6395557270185,T525,10.9,Priya Quinn,2025-08-24 13:13:39,noise
6398578995606,6395557270185,T525,116.5,Priya Quinn,2025-08-23 05:26:27,noise
6398578995606,6393299477204,T285,31.6,Priya Quinn,2025-08-22 17:26:09,noise
6398578995606,6397424123950,T285,23.6,Priya Quinn,2025-08-21 16:15:34,noise
6398578995606,6395104602062,T525,17.9,Priya Quinn,2025-08-21 14:08:39,noise
6398578995606,6395388614739,T525,14.6,Priya Quinn,2025-08-21 17:04:11,noise
6398578995606,6395388614739,T525,15.1,Priya Quinn,2025-08-20 14:11:16,noise
6398578995606,6392546307565,T285,8.9,Priya Quinn,2025-08-20 18:14:34,noise
6398578995606,6395388614739,T285,5.5,Priya Quinn,2025-08-19 18:10:23,noise
6398578995606,6395557270185,T285,8.1,Priya Quinn,2025-08-19 12:01:32,noise
6398578995606,6395557270185,T525,7.1,Priya Quinn,2025-08-18 20:07:49,noise
6398578995606,6397424123950,T285,12.3,Priya Quinn,2025-08-18 14:02:47,noise
6398578995606,6395738348726,T525,10.3,Priya Quinn,2025-08-17 13:11:42,noise
6398578995606,6396397246783,T525,12.3,Priya Quinn,2025-08-17 04:29:44,noise
6398578995606,6395557270185,T285,14.2,Priya Quinn,2025-08-17 17:17:44,noise
6398578995606,6395557270185,T285,64.9,Priya Quinn,2025-08-16 04:18:33,noise
6398578995606,6395388614739,T285,12.9,Priya Quinn,2025-08-15 21:29:07,noise
6398578995606,6395388614739,T525,10.4,Priya Quinn,2025-08-15 14:26:02,noise
6398578995606,6395557270185,T525,10.6,Priya Quinn,2025-08-14 08:18:48,noise
6398578995606,6392944941518,T285,8.4,Priya Quinn,2025-08-14 08:08:11,noise
6398578995606,6393318640912,T525,29.6,Priya Quinn,2025-08-13 21:06:41,noise
6398578995606,6395328992709,T525,32.7,Priya Quinn,2025-08-12 22:13:31,noise
6398578995606,6397424123950,T285,10.9,Priya Quinn,2025-08-12 16:20:13,noise
6398578995606,6394485230571,T525,22.3,Priya Quinn,2025-08-11 16:17:04,noise
6398578995606,6395574777798,T285,35.8,Priya Quinn,2025-08-11 23:20:03,noise
6398578995606,6397424123950,T525,7.9,Priya Quinn,2025-08-11 18:27:45,noise
6398578995606,6398313094253,T285,32.6,Priya Quinn,2025-08-10 15:29:34,noise
6398578995606,6397424123950,T285,16.7,Priya Quinn,2025-08-10 04:29:45,noise
6398578995606,6395328992709,T285,12.4,Priya Quinn,2025-08-10 17:04:56,noise
6398578995606,6395557270185,T285,22.1,Priya Quinn,2025-08-09 17:09:36,noise
6398578995606,6397424123950,T525,9.0,Priya Quinn,2025-08-09 00:20:00,noise
6398578995606,6397424123950,T285,8.0,Priya Quinn,2025-08-08 12:11:06,noise
6398578995606,6393958914953,T525,32.6,Priya Quinn,2025-08-07 11:09:17,noise
6398578995606,6399429451462,T285,21.2,Priya Quinn,2025-08-07 17:04:43,noise
6398578995606,6397424123950,T285,15.1,Priya Quinn,2025-08-07 23:12:39,noise
6398578995606,6397424123950,T285,13.2,Priya Quinn,2025-08-06 08:09:33,noise
6398578995606,6397424123950,T525,14.8,Priya Quinn,2025-08-06 03:10:40,noise
6398578995606,6395388614739,T285,45.4,Priya Quinn,2025-08-06 17:01:37,noise
6398578995606,6395557270185,T285,7.8,Priya Quinn,2025-08-05 11:21:52,noise
6398578995606,6395388614739,T285,10.4,Priya Quinn,2025-08-05 16:28:00,noise
6398578995606,6397424123950,T525,16.8,Priya Quinn,2025-08-04 10:24:12,noise
6398578995606,6397931099268,T285,54.7,Priya Quinn,2025-08-04 09:04:48,noise
6392523329605,6396433624746,T691,15.2,Grace Fischer,2025-10-18 19:24:52,noise
6392523329605,6397872153794,T563,42.4,Grace Fischer,2025-10-17 15:25:47,noise
6392523329605,6394602944141,T563,17.9,Grace Fischer,2025-10-17 09:28:49,noise
6392523329605,6397931099268,T691,23.1,Grace Fischer,2025-10-16 15:24:50,noise
6392523329605,6394602944141,T563,21.0,Grace Fischer,2025-10-16 20:23:35,noise
6392523329605,6392182204871,T563,40.6,Grace Fischer,2025-10-15 13:17:30,noise
6392523329605,6397169427647,T691,11.0,Grace Fischer,2025-10-15 00:13:17,noise
6392523329605,6394602944141,T563,18.1,Grace Fischer,2025-10-15 05:30:29,noise
6392523329605,6398313094253,T691,32.9,Grace Fischer,2025-10-14 15:24:34,noise
6392523329605,6391296649512,T691,53.9,Grace Fischer,2025-10-13 16:16:31,noise
6392523329605,6391296649512,T563,12.1,Grace Fischer,2025-10-13 09:22:48,noise
6392523329605,6398313094253,T691,34.9,Grace Fischer,2025-10-13 09:04:02,noise
6392523329605,6398313094253,T691,7.0,Grace Fischer,2025-10-12 18:28:28,noise
6392523329605,6391296649512,T691,10.1,Grace Fischer,2025-10-12 19:20:53,noise
6392523329605,6392523329605,T691,20.3,Grace Fischer,2025-10-11 12:30:36,noise
6392523329605,6394602944141,T691,5.1,Grace Fischer,2025-10-11 18:13:11,noise
6392523329605,6397357048476,T563,42.2,Grace Fischer,2025-10-11 14:02:43,noise
6392523329605,6398313094253,T691,16.5,Grace Fischer,2025-10-10 16:05:39,noise
6392523329605,6398313094253,T691,29.5,Grace Fischer,2025-10-10 12:19:59,noise
6392523329605,6395034822866,T563,9.4,Grace Fischer,2025-10-10 13:21:34,noise
6392523329605,6398313094253,T691,59.1,Grace Fischer,2025-10-09 18:13:48,noise
6392523329605,6398313094253,T691,8.9,Grace Fischer,2025-10-09 10:08:08,noise
6392523329605,6394602944141,T691,21.6,Grace Fischer,2025-10-08 10:16:15,noise
6392523329605,6394602944141,T563,27.1,Grace Fischer,2025-10-08 09:10:54,noise
6392523329605,6392599009461,T563,13.7,Grace Fischer,2025-10-07 09:13:38,noise
6392523329605,6396609819264,T563,23.3,Grace Fischer,2025-10-06 12:28:55,noise
6392523329605,6394602944141,T691,7.3,Grace Fischer,2025-10-06 20:17:23,noise
6392523329605,6397931099268,T691,9.1,Grace Fischer,2025-10-06 04:28:29,noise
6392523329605,6394602944141,T691,8.4,Grace Fischer,2025-10-05 16:18:13,noise
6392523329605,6399697255231,T563,10.0,Grace Fischer,2025-10-05 20:11:22,noise
6392523329605,6398313094253,T563,10.4,Grace Fischer,2025-10-05 01:29:16,noise
6392523329605,6391296649512,T691,17.0,Grace Fischer,2025-10-04 09:29:06,noise
6392523329605,6398313094253,T691,121.6,Grace Fischer,2025-10-04 11:07:08,noise
6392523329605,6394602944141,T691,38.5,Grace Fischer,2025-10-03 08:06:41,noise
6392523329605,6398313094253,T691,65.9,Grace Fischer,2025-10-02 14:26:02,noise
6392523329605,6397317313563,T691,7.4,Grace Fischer,2025-10-02 18:02:47,noise
6392523329605,6391697329269,T691,26.8,Grace Fischer,2025-10-01 11:26:44,noise
6392523329605,6396168850025,T691,53.9,Grace Fischer,2025-10-01 08:16:40,noise
6392523329605,6394602944141,T691,8.1,Grace Fischer,2025-09-30 18:05:44,noise
6392523329605,6398313094253,T691,32.2,Grace Fischer,2025-09-30 23:29:24,noise
6392523329605,6396609601602,T691,14.6,Grace Fischer,2025-09-29 08:27:29,noise
6392523329605,6397959530865,T563,42.6,Grace Fischer,2025-09-29 23:06:50,noise
6392523329605,6399857882871,T563,10.9,Grace Fischer,2025-09-28 09:24:27,noise
6392523329605,6398313094253,T691,23.0,Grace Fischer,2025-09-28 05:26:53,noise
6392523329605,6394602944141,T691,35.2,Grace Fischer,2025-09-27 22:12:08,noise
6392523329605,6398096864787,T691,24.2,Grace Fischer,2025-09-27 16:09:30,noise
6392523329605,6398313094253,T563,15.9,Grace Fischer,2025-09-26 22:24:16,noise
6392523329605,6391296649512,T691,19.5,Grace Fischer,2025-09-26 12:30:49,noise
6392523329605,6396026405795,T563,3.5,Grace Fischer,2025-09-25 21:03:43,noise
6392523329605,6395464499442,T691,29.0,Grace Fischer,2025-09-25 15:13:56,noise
6392523329605,6397317313563,T563,24.6,Grace Fischer,2025-09-24 09:20:23,noise
6392523329605,6398313094253,T563,3.5,Grace Fischer,2025-09-24 15:03:32,noise
6392523329605,6394995994848,T563,15.7,Grace Fischer,2025-09-23 09:11:57,noise
6392523329605,6395388614739,T691,10.4,Grace Fischer,2025-09-23 21:27:55,noise
6392523329605,6394602944141,T691,22.8,Grace Fischer,2025-09-23 11:16:18,noise
6392523329605,6391296649512,T691,19.1,Grace Fischer,2025-09-22 18:02:36,noise
6392523329605,6394602944141,T563,17.4,Grace Fischer,2025-09-22 11:16:03,noise
6392523329605,6394602944141,T691,13.1,Grace Fischer,2025-09-22 11:04:42,noise
6392523329605,6398313094253,T563,18.5,Grace Fischer,2025-09-21 19:10:35,noise
6392523329605,6398389473157,T691,13.3,Grace Fischer,2025-09-20 15:13:15,noise
6392523329605,6398313094253,T563,16.3,Grace Fischer,2025-09-20 13:18:10,noise
6392523329605,6394602944141,T563,28.0,Grace Fischer,2025-09-19 13:19:45,noise
6392523329605,6398313094253,T691,24.7,Grace Fischer,2025-09-19 08:18:49,noise
6392523329605,6391296649512,T563,10.7,Grace Fischer,2025-09-18 20:21:39,noise
6392523329605,6398313094253,T691,19.5,Grace Fischer,2025-09-18 11:15:00,noise
6392523329605,6397872153794,T563,45.8,Grace Fischer,2025-09-18 22:27:27,noise
6392523329605,6399095757865,T691,18.1,Grace Fischer,2025-09-17 19:00:13,noise
6392523329605,6399628559272,T691,30.1,Grace Fischer,2025-09-17 18:28:08,noise
6392523329605,6392599009461,T563,12.4,Grace Fischer,2025-09-16 10:04:52,noise
6392523329605,6394863330204,T691,28.6,Grace Fischer,2025-09-16 10:12:30,noise
6392523329605,6395289242961,T691,5.7,Grace Fischer,2025-09-16 14:12:19,noise
6392523329605,6394485230571,T691,6.3,Grace Fischer,2025-09-15 09:03:47,noise
6392523329605,6398313094253,T691,103.2,Grace Fischer,2025-09-15 09:20:38,noise
6392523329605,6394602944141,T691,17.2,Grace Fischer,2025-09-14 15:06:39,noise
6392523329605,6391847085587,T563,67.2,Grace Fischer,2025-09-14 12:14:39,noise
6392523329605,6395464499442,T691,32.6,Grace Fischer,2025-09-14 19:06:22,noise
6392523329605,6391296649512,T691,6.1,Grace Fischer,2025-09-13 00:23:26,noise
6392523329605,6391296649512,T691,9.2,Grace Fischer,2025-09-13 12:19:52,noise
6392523329605,6394602944141,T691,10.1,Grace Fischer,2025-09-13 13:24:39,noise
6392523329605,6391296649512,T691,37.5,Grace Fischer,2025-09-12 17:00:18,noise
6392523329605,6394602944141,T691,6.0,Grace Fischer,2025-09-12 15:02:12,noise
6392523329605,6395034822866,T691,22.7,Grace Fischer,2025-09-11 10:20:46,noise
6392523329605,6399857882871,T691,6.6,Grace Fischer,2025-09-11 12:20:09,noise
6392523329605,6391296649512,T563,37.6,Grace Fischer,2025-09-10 00:27:21,noise
6392523329605,6391296649512,T691,14.5,Grace Fischer,2025-09-10 12:27:40,noise
6392523329605,6398313094253,T691,41.8,Grace Fischer,2025-09-09 09:05:31,noise
6392523329605,6398313094253,T691,13.8,Grace Fischer,2025-09-08 12:16:40,noise
6392523329605,6398313094253,T691,16.7,Grace Fischer,2025-09-08 09:08:38,noise
6392523329605,6392249133353,T691,6.3,Grace Fischer,2025-09-07 12:14:16,noise
6392523329605,6398313094253,T563,25.9,Grace Fischer,2025-09-07 01:03:25,noise
6392523329605,6399907611720,T563,19.0,Grace Fischer,2025-09-07 08:18:11,noise
6392523329605,6394602944141,T691,51.0,Grace Fischer,2025-09-06 16:08:28,noise
6392523329605,6399119973715,T563,224.3,Grace Fischer,2025-09-05 16:26:41,noise
6392523329605,6394701982874,T691,48.1,Grace Fischer,2025-09-05 22:03:58,noise
6392523329605,6391296649512,T563,19.1,Grace Fischer,2025-09-04 13:28:16,noise
6392523329605,6398313094253,T691,25.0,Grace Fischer,2025-09-03 19:23:26,noise
6392523329605,6395464499442,T563,20.3,Grace Fischer,2025-09-03 18:03:54,noise
6392523329605,6392249133353,T691,71.9,Grace Fischer,2025-09-02 20:28:13,noise
6392523329605,6394602944141,T691,24.3,Grace Fischer,2025-09-02 09:23:21,noise
6392523329605,6394602944141,T563,20.3,Grace Fischer,2025-09-01 18:22:53,noise
6392523329605,6393116814799,T563,7.0,Grace Fischer,2025-09-01 02:00:43,noise
6392523329605,6398621864419,T691,12.6,Grace Fischer,2025-09-01 11:24:08,noise
6392523329605,6394602944141,T691,14.1,Grace Fischer,2025-08-31 13:30:02,noise
6392523329605,6391296649512,T563,20.1,Grace Fischer,2025-08-31 09:21:08,noise
6392523329605,6391296649512,T563,19.1,Grace Fischer,2025-08-30 15:17:35,noise
6392523329605,6394995994848,T563,22.0,Grace Fischer,2025-08-30 14:03:10,noise
6392523329605,6391296649512,T563,25.6,Grace Fischer,2025-08-30 09:08:13,noise
6392523329605,6394602944141,T691,21.8,Grace Fischer,2025-08-29 15:18:06,noise
6392523329605,6391697329269,T563,21.6,Grace Fischer,2025-08-28 16:23:56,noise
6392523329605,6394602944141,T691,139.2,Grace Fischer,2025-08-28 12:05:16,noise
6392523329605,6398313094253,T691,11.9,Grace Fischer,2025-08-27 15:04:37,noise
6392523329605,6394602944141,T691,7.0,Grace Fischer,2025-08-26 17:02:32,noise
6392523329605,6391296649512,T563,37.9,Grace Fischer,2025-08-25 16:04:44,noise
6392523329605,6398313094253,T691,17.8,Grace Fischer,2025-08-24 10:22:12,noise
6392523329605,6391296649512,T691,12.9,Grace Fischer,2025-08-24 11:26:18,noise
6392523329605,6398313094253,T691,63.7,Grace Fischer,2025-08-24 15:11:49,noise
6392523329605,6394602944141,T563,35.1,Grace Fischer,2025-08-23 13:07:22,noise
6392523329605,6391296649512,T691,14.8,Grace Fischer,2025-08-22 16:08:47,noise
6392523329605,6398313094253,T563,23.3,Grace Fischer,2025-08-22 09:10:32,noise
6392523329605,6394602944141,T691,16.0,Grace Fischer,2025-08-22 04:03:46,noise
6392523329605,6394602944141,T691,14.4,Grace Fischer,2025-08-21 18:12:15,noise
6392523329605,6394285686989,T563,66.0,Grace Fischer,2025-08-21 22:00:08,noise
6392523329605,6395034822866,T563,6.8,Grace Fischer,2025-08-20 10:03:07,noise
6392523329605,6398313094253,T563,9.2,Grace Fischer,2025-08-20 03:09:45,noise
6392523329605,6393474215565,T691,33.0,Grace Fischer,2025-08-20 09:16:43,noise
6392523329605,6392251159617,T563,36.8,Grace Fischer,2025-08-19 13:13:05,noise
6392523329605,6394602944141,T563,13.3,Grace Fischer,2025-08-19 10:27:19,noise
6392523329605,6395464499442,T691,6.1,Grace Fischer,2025-08-18 18:07:20,noise
6392523329605,6394602944141,T691,23.0,Grace Fischer,2025-08-17 17:26:26,noise
6392523329605,6391936644374,T691,26.0,Grace Fischer,2025-08-17 20:09:08,noise
6392523329605,6394602944141,T691,3.9,Grace Fischer,2025-08-17 08:11:33,noise
6392523329605,6392385746157,T691,8.2,Grace Fischer,2025-08-16 08:05:49,noise
6392523329605,6398313094253,T691,8.1,Grace Fischer,2025-08-15 15:09:46,noise
6392523329605,6398313094253,T691,17.6,Grace Fischer,2025-08-14 13:17:46,noise
6392523329605,6398313094253,T691,10.9,Grace Fischer,2025-08-13 19:19:35,noise
6392523329605,6391644392848,T691,32.3,Grace Fischer,2025-08-12 21:26:36,noise
6392523329605,6394602944141,T691,4.4,Grace Fischer,2025-08-11 15:24:44,noise
6392523329605,6394602944141,T563,6.7,Grace Fischer,2025-08-10 21:11:25,noise
6392523329605,6394602944141,T563,8.7,Grace Fischer,2025-08-10 18:21:00,noise
6392523329605,6391296649512,T563,11.1,Grace Fischer,2025-08-09 17:30:57,noise
6392523329605,6395574777798,T563,5.7,Grace Fischer,2025-08-08 19:10:13,noise
6392523329605,6396934367041,T691,7.0,Grace Fischer,2025-08-08 18:26:54,noise
6392523329605,6394602944141,T691,25.6,Grace Fischer,2025-08-08 10:02:01,noise
6392523329605,6395738348726,T563,14.6,Grace Fischer,2025-08-07 13:05:05,noise
6392523329605,6396433624746,T691,11.0,Grace Fischer,2025-08-07 00:30:10,noise
6392523329605,6394701982874,T563,96.4,Grace Fischer,2025-08-06 12:27:54,noise
6392523329605,6397654503285,T563,10.3,Grace Fischer,2025-08-06 08:26:50,noise
6392523329605,6399961796941,T563,18.7,Grace Fischer,2025-08-06 14:20:44,noise
6392523329605,6394602944141,T563,5.1,Grace Fischer,2025-08-05 15:09:56,noise
6392523329605,6398313094253,T691,19.2,Grace Fischer,2025-08-05 10:07:31,noise
6392523329605,6391296649512,T563,4.5,Grace Fischer,2025-08-04 12:17:28,noise
6392385746157,6396782939427,T449,47.5,Zane Fischer,2025-10-18 09:04:15,noise
6392385746157,6394602944141,T925,4.1,Zane Fischer,2025-10-18 20:13:37,noise
6392385746157,6399042725763,T449,11.3,Zane Fischer,2025-10-17 23:28:42,noise
6392385746157,6393474215565,T449,14.2,Zane Fischer,2025-10-17 18:30:08,noise
6392385746157,6392609362629,T925,123.3,Zane Fischer,2025-10-16 22:01:17,noise
6392385746157,6397515118078,T449,4.5,Zane Fischer,2025-10-16 19:10:48,noise
6392385746157,6391936644374,T449,56.1,Zane Fischer,2025-10-15 13:23:47,noise
6392385746157,6394602944141,T925,23.3,Zane Fischer,2025-10-15 15:13:00,noise
6392385746157,6394602944141,T449,32.3,Zane Fischer,2025-10-14 10:08:35,noise
6392385746157,6394602944141,T925,36.3,Zane Fischer,2025-10-13 12:23:15,noise
6392385746157,6394602944141,T449,25.5,Zane Fischer,2025-10-13 17:23:27,noise
6392385746157,6392609362629,T925,17.7,Zane Fischer,2025-10-12 15:28:37,noise
6392385746157,6392609362629,T449,23.1,Zane Fischer,2025-10-12 21:18:05,noise
6392385746157,6397872153794,T449,24.2,Zane Fischer,2025-10-11 18:16:19,noise
6392385746157,6391936644374,T449,78.2,Zane Fischer,2025-10-10 12:02:45,noise
6392385746157,6395104602062,T449,22.0,Zane Fischer,2025-10-10 04:07:10,noise
6392385746157,6393318640912,T925,19.9,Zane Fischer,2025-10-09 14:10:41,noise
6392385746157,6396212810153,T925,18.8,Zane Fischer,2025-10-09 02:27:52,noise
6392385746157,6395264944630,T449,5.2,Zane Fischer,2025-10-08 08:12:35,noise
6392385746157,6391936644374,T925,7.4,Zane Fischer,2025-10-08 15:14:37,noise
6392385746157,6392089382142,T449,5.6,Zane Fischer,2025-10-08 16:21:41,noise
6392385746157,6394602944141,T925,30.3,Zane Fischer,2025-10-07 13:15:13,noise
6392385746157,6392609362629,T925,14.4,Zane Fischer,2025-10-06 14:20:03,noise
6392385746157,6395709000192,T925,8.5,Zane Fischer,2025-10-05 17:22:47,noise
6392385746157,6391936644374,T449,4.1,Zane Fischer,2025-10-05 23:07:47,noise
6392385746157,6392599009461,T449,68.7,Zane Fischer,2025-10-04 14:09:48,noise
6392385746157,6391936644374,T925,13.2,Zane Fischer,2025-10-04 16:15:36,noise
6392385746157,6397671860113,T449,5.7,Zane Fischer,2025-10-04 15:26:08,noise
6392385746157,6394602944141,T925,8.9,Zane Fischer,2025-10-03 13:16:15,noise
6392385746157,6394602944141,T449,41.3,Zane Fischer,2025-10-03 03:03:05,noise
6392385746157,6394602944141,T449,72.1,Zane Fischer,2025-10-03 08:29:40,noise
6392385746157,6394602944141,T925,31.9,Zane Fischer,2025-10-02 23:27:09,noise
6392385746157,6391936644374,T449,21.4,Zane Fischer,2025-10-02 19:00:21,noise
6392385746157,6391936644374,T449,11.6,Zane Fischer,2025-10-01 12:09:00,noise
6392385746157,6391936644374,T449,9.5,Zane Fischer,2025-10-01 22:28:32,noise
6392385746157,6394863330204,T449,11.5,Zane Fischer,2025-09-30 14:19:31,noise
6392385746157,6391936644374,T925,38.0,Zane Fischer,2025-09-30 10:10:01,noise
6392385746157,6392691285953,T449,19.4,Zane Fischer,2025-09-29 22:22:27,noise
6392385746157,6391936644374,T449,36.2,Zane Fischer,2025-09-29 15:11:02,noise
6392385746157,6392089382142,T449,40.3,Zane Fischer,2025-09-28 18:07:12,noise
6392385746157,6395289242961,T449,13.0,Zane Fischer,2025-09-28 03:08:14,noise
6392385746157,6392609362629,T925,35.6,Zane Fischer,2025-09-27 08:02:29,noise
6392385746157,6392609362629,T925,11.2,Zane Fischer,2025-09-27 22:21:27,noise
6392385746157,6394602944141,T449,5.5,Zane Fischer,2025-09-26 17:08:50,noise
6392385746157,6394602944141,T449,21.0,Zane Fischer,2025-09-25 19:16:44,noise
6392385746157,6394602944141,T449,39.4,Zane Fischer,2025-09-25 22:26:57,noise
6392385746157,6393474215565,T449,27.0,Zane Fischer,2025-09-24 22:16:23,noise
6392385746157,6391296649512,T925,10.0,Zane Fischer,2025-09-24 08:21:25,noise
6392385746157,6394389103334,T449,35.8,Zane Fischer,2025-09-24 16:22:35,noise
6392385746157,6396026405795,T925,10.6,Zane Fischer,2025-09-23 11:26:43,noise
6392385746157,6396397246783,T925,20.6,Zane Fischer,2025-09-23 12:03:15,noise
6392385746157,6391936644374,T449,40.5,Zane Fischer,2025-09-22 14:29:56,noise
6392385746157,6394602944141,T925,8.0,Zane Fischer,2025-09-22 19:25:01,noise
6392385746157,6398096864787,T449,20.8,Zane Fischer,2025-09-22 04:27:27,noise
6392385746157,6392609362629,T925,14.1,Zane Fischer,2025-09-21 14:29:41,noise
6392385746157,6391678940428,T449,17.0,Zane Fischer,2025-09-21 17:17:26,noise
6392385746157,6392609362629,T449,26.6,Zane Fischer,2025-09-21 05:15:10,noise
6392385746157,6396609819264,T449,16.6,Zane Fischer,2025-09-20 11:22:29,noise
6392385746157,6392609362629,T925,8.1,Zane Fischer,2025-09-20 14:02:48,noise
6392385746157,6392609362629,T449,18.5,Zane Fischer,2025-09-19 17:19:43,noise
6392385746157,6391024970537,T449,54.7,Zane Fischer,2025-09-19 10:23:13,noise
6392385746157,6391917476319,T449,13.5,Zane Fischer,2025-09-18 14:00:15,noise
6392385746157,6397685492906,T449,11.1,Zane Fischer,2025-09-17 17:14:30,noise
6392385746157,6392609362629,T925,32.2,Zane Fischer,2025-09-17 10:28:07,noise
6392385746157,6394602944141,T925,19.7,Zane Fischer,2025-09-16 16:12:35,noise
6392385746157,6395447757108,T449,14.8,Zane Fischer,2025-09-16 16:12:39,noise
6392385746157,6391054941178,T925,36.6,Zane Fischer,2025-09-16 05:07:32,noise
6392385746157,6394334018731,T449,11.3,Zane Fischer,2025-09-15 17:22:16,noise
6392385746157,6392609362629,T449,14.0,Zane Fischer,2025-09-15 19:23:40,noise
6392385746157,6397685492906,T449,11.5,Zane Fischer,2025-09-14 11:01:18,noise
6392385746157,6398621864419,T449,25.5,Zane Fischer,2025-09-14 18:02:15,noise
6392385746157,6391981016678,T449,6.6,Zane Fischer,2025-09-13 11:06:52,noise
6392385746157,6391936644374,T449,16.6,Zane Fischer,2025-09-13 12:28:52,noise
6392385746157,6391936644374,T449,36.9,Zane Fischer,2025-09-12 20:09:41,noise
6392385746157,6392249133353,T449,30.4,Zane Fischer,2025-09-12 03:06:17,noise
6392385746157,6391936644374,T449,10.2,Zane Fischer,2025-09-12 19:21:23,noise
6392385746157,6392609362629,T449,20.9,Zane Fischer,2025-09-11 00:25:53,noise
6392385746157,6397515118078,T449,26.1,Zane Fischer,2025-09-11 16:16:14,noise
6392385746157,6394602944141,T449,46.4,Zane Fischer,2025-09-11 17:25:57,noise
6392385746157,6396026405795,T925,21.7,Zane Fischer,2025-09-10 20:23:24,noise
6392385746157,6395557270185,T925,24.6,Zane Fischer,2025-09-10 08:20:32,noise
6392385746157,6394602944141,T925,15.4,Zane Fischer,2025-09-09 14:12:45,noise
6392385746157,6391936644374,T449,10.1,Zane Fischer,2025-09-09 23:06:38,noise
6392385746157,6392609362629,T925,9.1,Zane Fischer,2025-09-09 12:14:36,noise
6392385746157,6392609362629,T925,19.4,Zane Fischer,2025-09-08 14:12:50,noise
6392385746157,6395574777798,T925,33.3,Zane Fischer,2025-09-08 14:05:36,noise
6392385746157,6398313094253,T925,9.6,Zane Fischer,2025-09-08 03:26:37,noise
6392385746157,6391936644374,T925,37.6,Zane Fischer,2025-09-07 23:19:25,noise
6392385746157,6392609362629,T925,15.2,Zane Fischer,2025-09-07 09:14:10,noise
6392385746157,6398621864419,T449,11.5,Zane Fischer,2025-09-06 16:12:04,noise
6392385746157,6395738348726,T925,14.9,Zane Fischer,2025-09-06 19:04:18,noise
6392385746157,6394995994848,T925,30.6,Zane Fischer,2025-09-06 00:30:34,noise
6392385746157,6391936644374,T925,17.7,Zane Fischer,2025-09-05 23:17:10,noise
6392385746157,6396663971262,T449,12.9,Zane Fischer,2025-09-05 20:14:41,noise
6392385746157,6394602944141,T925,71.5,Zane Fischer,2025-09-05 18:04:17,noise
6392385746157,6399628559272,T449,27.5,Zane Fischer,2025-09-04 08:26:20,noise
6392385746157,6394602944141,T925,11.2,Zane Fischer,2025-09-04 12:21:02,noise
6392385746157,6391294572959,T449,37.9,Zane Fischer,2025-09-04 12:14:35,noise
6392385746157,6392609362629,T449,25.7,Zane Fischer,2025-09-03 19:11:21,noise
6392385746157,6391936644374,T449,43.1,Zane Fischer,2025-09-03 20:05:11,noise
6392385746157,6391936644374,T925,17.6,Zane Fischer,2025-09-02 13:14:49,noise
6392385746157,6391936644374,T925,25.8,Zane Fischer,2025-09-02 17:21:29,noise
6392385746157,6392609362629,T449,62.2,Zane Fischer,2025-09-02 09:10:51,noise
6392385746157,6394602944141,T449,47.2,Zane Fischer,2025-09-01 13:29:13,noise
6392385746157,6399961796941,T449,101.5,Zane Fischer,2025-08-31 18:08:31,noise
6392385746157,6399562839233,T925,10.2,Zane Fischer,2025-08-31 12:29:34,noise
6392385746157,6394602944141,T449,22.1,Zane Fischer,2025-08-30 03:26:27,noise
6392385746157,6394855637596,T925,18.1,Zane Fischer,2025-08-29 08:21:53,noise
6392385746157,6391936644374,T925,12.3,Zane Fischer,2025-08-29 20:04:29,noise
6392385746157,6394602944141,T925,7.4,Zane Fischer,2025-08-28 14:22:23,noise
6392385746157,6391936644374,T449,11.6,Zane Fischer,2025-08-28 15:13:40,noise
6392385746157,6394602944141,T449,28.1,Zane Fischer,2025-08-28 09:18:54,noise
6392385746157,6392609362629,T449,52.0,Zane Fischer,2025-08-27 17:29:13,noise
6392385746157,6394602944141,T449,35.1,Zane Fischer,2025-08-26 15:07:53,noise
6392385746157,6392182204871,T449,34.5,Zane Fischer,2025-08-26 22:25:59,noise
6392385746157,6398389473157,T925,16.7,Zane Fischer,2025-08-26 08:25:13,noise
6392385746157,6399697255231,T925,7.1,Zane Fischer,2025-08-25 08:12:45,noise
6392385746157,6397959530865,T449,17.0,Zane Fischer,2025-08-25 14:08:07,noise
6392385746157,6392609362629,T449,11.1,Zane Fischer,2025-08-24 16:13:30,noise
6392385746157,6394602944141,T925,11.1,Zane Fischer,2025-08-23 11:25:31,noise
6392385746157,6397671860113,T925,9.6,Zane Fischer,2025-08-23 10:08:00,noise
6392385746157,6391936644374,T925,18.3,Zane Fischer,2025-08-22 08:14:07,noise
6392385746157,6394602944141,T925,17.4,Zane Fischer,2025-08-21 12:10:33,noise
6392385746157,6391936644374,T449,24.0,Zane Fischer,2025-08-21 22:16:32,noise
6392385746157,6392523329605,T449,46.4,Zane Fischer,2025-08-21 13:21:39,noise
6392385746157,6394602944141,T449,30.4,Zane Fischer,2025-08-20 14:21:57,noise
6392385746157,6392609362629,T449,10.7,Zane Fischer,2025-08-20 17:16:09,noise
6392385746157,6394863330204,T449,15.1,Zane Fischer,2025-08-20 11:18:04,noise
6392385746157,6391294572959,T449,18.6,Zane Fischer,2025-08-19 14:12:12,noise
6392385746157,6395328992709,T925,27.5,Zane Fischer,2025-08-19 20:20:05,noise
6392385746157,6394602944141,T449,17.2,Zane Fischer,2025-08-18 04:02:18,noise
6392385746157,6394863330204,T449,34.5,Zane Fischer,2025-08-18 18:23:30,noise
6392385746157,6398578995606,T449,10.1,Zane Fischer,2025-08-17 21:30:21,noise
6392385746157,6392609362629,T449,61.6,Zane Fischer,2025-08-17 10:21:43,noise
6392385746157,6397515118078,T925,8.4,Zane Fischer,2025-08-16 11:18:52,noise
6392385746157,6391936644374,T449,48.9,Zane Fischer,2025-08-16 01:02:57,noise
6392385746157,6392609362629,T925,15.8,Zane Fischer,2025-08-16 21:26:55,noise
6392385746157,6397345443862,T449,36.9,Zane Fischer,2025-08-15 10:27:21,noise
6392385746157,6397398372383,T449,45.3,Zane Fischer,2025-08-14 04:00:29,noise
6392385746157,6394602944141,T925,8.4,Zane Fischer,2025-08-14 09:09:04,noise
6392385746157,6391936644374,T449,29.0,Zane Fischer,2025-08-13 23:07:56,noise
6392385746157,6395574777798,T449,42.3,Zane Fischer,2025-08-13 04:28:32,noise
6392385746157,6391936644374,T449,51.9,Zane Fischer,2025-08-13 12:11:07,noise
6392385746157,6392609362629,T925,84.6,Zane Fischer,2025-08-12 11:18:52,noise
6392385746157,6394602944141,T925,8.0,Zane Fischer,2025-08-12 08:20:00,noise
6392385746157,6398175003577,T449,12.4,Zane Fischer,2025-08-11 23:17:43,noise
6392385746157,6391936644374,T925,20.7,Zane Fischer,2025-08-11 13:26:47,noise
6392385746157,6391296649512,T449,15.2,Zane Fischer,2025-08-11 11:07:17,noise
6392385746157,6396609819264,T449,23.4,Zane Fischer,2025-08-10 10:13:27,noise
6392385746157,6391936644374,T925,20.4,Zane Fischer,2025-08-09 11:29:09,noise
6392385746157,6394285686989,T925,96.4,Zane Fischer,2025-08-08 12:12:07,noise
6392385746157,6391847085587,T449,14.1,Zane Fischer,2025-08-08 13:29:20,noise
6392385746157,6396663971262,T925,10.0,Zane Fischer,2025-08-07 13:10:05,noise
6392385746157,6396934367041,T449,8.6,Zane Fischer,2025-08-06 18:14:53,noise
6392385746157,6395388614739,T449,9.6,Zane Fischer,2025-08-05 16:23:10,noise
6392385746157,6395388614739,T925,21.6,Zane Fischer,2025-08-04 14:21:18,noise
6392385746157,6396663971262,T449,35.9,Zane Fischer,2025-08-04 12:28:27,noise
6392385746157,6392944941518,T449,97.2,Zane Fischer,2025-11-30 19:08:33,noise
6392385746157,6392944941518,T449,92.3,Zane Fischer,2025-12-28 18:00:28,noise
6392385746157,6392944941518,T449,114.1,Zane Fischer,2025-12-06 22:07:57,noise
6392385746157,6392944941518,T449,67.5,Zane Fischer,2025-12-30 03:11:01,noise
6392385746157,6392944941518,T449,37.7,Zane Fischer,2025-11-23 05:16:21,noise
6392385746157,6392944941518,T449,125.2,Zane Fischer,2025-12-12 09:02:24,noise
6395289242961,6392251159617,T390,34.0,Victor Diaz,2025-10-18 16:25:22,noise
6395289242961,6398584437466,T626,5.9,Victor Diaz,2025-10-17 15:13:31,noise
6395289242961,6398584437466,T626,27.5,Victor Diaz,2025-10-17 04:07:45,noise
6395289242961,6391024970537,T626,24.0,Victor Diaz,2025-10-16 19:06:34,noise
6395289242961,6393299477204,T390,74.0,Victor Diaz,2025-10-16 17:09:53,noise
6395289242961,6392251159617,T390,25.6,Victor Diaz,2025-10-16 02:20:12,noise
6395289242961,6392251159617,T626,11.9,Victor Diaz,2025-10-15 12:15:11,noise
6395289242961,6393116814799,T390,7.3,Victor Diaz,2025-10-14 13:11:59,noise
6395289242961,6391024970537,T390,28.8,Victor Diaz,2025-10-14 04:20:43,noise
6395289242961,6393318640912,T390,13.1,Victor Diaz,2025-10-13 18:14:03,noise
6395289242961,6394995994848,T390,16.5,Victor Diaz,2025-10-13 11:06:04,noise
6395289242961,6392251159617,T390,11.9,Victor Diaz,2025-10-13 18:06:29,noise
6395289242961,6391024970537,T626,13.2,Victor Diaz,2025-10-12 12:30:50,noise
6395289242961,6392584159767,T626,24.1,Victor Diaz,2025-10-12 14:30:58,noise
6395289242961,6392251159617,T390,5.9,Victor Diaz,2025-10-11 17:17:46,noise
6395289242961,6392584159767,T626,43.8,Victor Diaz,2025-10-10 13:18:08,noise
6395289242961,6391024970537,T626,14.0,Victor Diaz,2025-10-10 14:30:00,noise
6395289242961,6391024970537,T390,23.5,Victor Diaz,2025-10-10 21:15:18,noise
6395289242961,6391024970537,T626,8.6,Victor Diaz,2025-10-09 03:20:01,noise
6395289242961,6394334018731,T390,4.3,Victor Diaz,2025-10-09 16:30:18,noise
6395289242961,6399722315072,T390,15.3,Victor Diaz,2025-10-08 08:04:49,noise
6395289242961,6397033353739,T390,8.3,Victor Diaz,2025-10-08 13:02:33,noise
6395289242961,6392251159617,T390,12.9,Victor Diaz,2025-10-08 08:25:48,noise
6395289242961,6392251159617,T390,38.2,Victor Diaz,2025-10-07 12:20:53,noise
6395289242961,6398584437466,T390,33.1,Victor Diaz,2025-10-07 22:11:48,noise
6395289242961,6392609362629,T390,18.2,Victor Diaz,2025-10-07 18:02:22,noise
6395289242961,6398584437466,T626,14.2,Victor Diaz,2025-10-06 08:03:57,noise
6395289242961,6398584437466,T626,28.3,Victor Diaz,2025-10-06 18:27:24,noise
6395289242961,6398584437466,T626,13.5,Victor Diaz,2025-10-06 19:28:24,noise
6395289242961,6398584437466,T626,7.2,Victor Diaz,2025-10-05 10:06:17,noise
6395289242961,6394018894269,T390,4.2,Victor Diaz,2025-10-05 12:21:10,noise
6395289242961,6391024970537,T626,22.1,Victor Diaz,2025-10-04 15:04:20,noise
6395289242961,6391024970537,T390,7.9,Victor Diaz,2025-10-03 09:17:43,noise
6395289242961,6398584437466,T626,17.8,Victor Diaz,2025-10-03 18:21:24,noise
6395289242961,6391936644374,T390,21.0,Victor Diaz,2025-10-03 08:11:39,noise
6395289242961,6394285686989,T390,11.4,Victor Diaz,2025-10-02 14:16:08,noise
6395289242961,6391024970537,T390,11.4,Victor Diaz,2025-10-02 09:25:16,noise
6395289242961,6391024970537,T626,27.9,Victor Diaz,2025-10-01 09:00:39,noise
6395289242961,6391024970537,T390,24.9,Victor Diaz,2025-10-01 19:06:28,noise
6395289242961,6391024970537,T626,8.1,Victor Diaz,2025-09-30 09:05:16,noise
6395289242961,6392251159617,T390,13.9,Victor Diaz,2025-09-30 08:01:17,noise
6395289242961,6392251159617,T626,8.8,Victor Diaz,2025-09-29 23:05:32,noise
6395289242961,6399907611720,T390,24.0,Victor Diaz,2025-09-29 16:09:21,noise
6395289242961,6398584437466,T390,13.1,Victor Diaz,2025-09-28 14:11:24,noise
6395289242961,6392251159617,T626,6.1,Victor Diaz,2025-09-27 08:28:54,noise
6395289242961,6395738348726,T390,31.3,Victor Diaz,2025-09-27 18:09:58,noise
6395289242961,6393502849379,T626,16.4,Victor Diaz,2025-09-26 13:17:33,noise
6395289242961,6398536130070,T626,4.5,Victor Diaz,2025-09-26 17:15:32,noise
6395289242961,6398584437466,T626,6.6,Victor Diaz,2025-09-26 05:07:57,noise
6395289242961,6398584437466,T626,7.7,Victor Diaz,2025-09-25 10:25:48,noise
6395289242961,6391024970537,T390,20.5,Victor Diaz,2025-09-25 08:03:55,noise
6395289242961,6391024970537,T626,16.5,Victor Diaz,2025-09-24 18:12:49,noise
6395289242961,6391024970537,T626,55.5,Victor Diaz,2025-09-24 16:26:37,noise
6395289242961,6394389103334,T390,27.1,Victor Diaz,2025-09-24 13:16:08,noise
6395289242961,6392523329605,T626,20.3,Victor Diaz,2025-09-23 16:21:19,noise
6395289242961,6392251159617,T626,9.6,Victor Diaz,2025-09-23 18:06:56,noise
6395289242961,6392251159617,T390,3.0,Victor Diaz,2025-09-22 11:06:08,noise
6395289242961,6391024970537,T390,8.4,Victor Diaz,2025-09-22 20:14:01,noise
6395289242961,6395277555081,T390,52.1,Victor Diaz,2025-09-21 12:17:31,noise
6395289242961,6391024970537,T390,19.7,Victor Diaz,2025-09-21 16:20:23,noise
6395289242961,6398584437466,T390,8.3,Victor Diaz,2025-09-20 21:04:43,noise
6395289242961,6396609819264,T626,4.6,Victor Diaz,2025-09-20 13:27:21,noise
6395289242961,6399095757865,T390,30.0,Victor Diaz,2025-09-20 02:18:47,noise
6395289242961,6395277555081,T626,20.2,Victor Diaz,2025-09-19 05:11:16,noise
6395289242961,6391024970537,T390,17.6,Victor Diaz,2025-09-19 23:03:17,noise
6395289242961,6397671860113,T390,17.2,Victor Diaz,2025-09-18 03:15:14,noise
6395289242961,6392944941518,T626,40.9,Victor Diaz,2025-09-18 23:08:53,noise
6395289242961,6391024970537,T626,24.0,Victor Diaz,2025-09-17 16:14:21,noise
6395289242961,6391024970537,T626,9.7,Victor Diaz,2025-09-17 09:19:18,noise
6395289242961,6392251159617,T390,16.5,Victor Diaz,2025-09-16 19:21:32,noise
6395289242961,6391024970537,T626,16.2,Victor Diaz,2025-09-15 20:19:36,noise
6395289242961,6392251159617,T390,9.3,Victor Diaz,2025-09-15 12:12:35,noise
6395289242961,6398584437466,T390,11.6,Victor Diaz,2025-09-14 09:21:46,noise
6395289242961,6397176014123,T626,6.3,Victor Diaz,2025-09-13 19:06:52,noise
6395289242961,6398584437466,T626,13.5,Victor Diaz,2025-09-13 11:10:10,noise
6395289242961,6392251159617,T626,14.6,Victor Diaz,2025-09-12 09:25:29,noise
6395289242961,6398584437466,T626,33.3,Victor Diaz,2025-09-11 09:28:17,noise
6395289242961,6392251159617,T390,5.9,Victor Diaz,2025-09-11 21:08:21,noise
6395289242961,6391024970537,T390,5.8,Victor Diaz,2025-09-10 14:12:09,noise
6395289242961,6397033353739,T390,13.5,Victor Diaz,2025-09-09 08:14:49,noise
6395289242961,6391024970537,T626,11.1,Victor Diaz,2025-09-08 11:02:58,noise
6395289242961,6398584437466,T390,15.1,Victor Diaz,2025-09-08 16:07:04,noise
6395289242961,6392599009461,T626,21.4,Victor Diaz,2025-09-07 20:09:55,noise
6395289242961,6398584437466,T390,21.6,Victor Diaz,2025-09-07 12:13:29,noise
6395289242961,6391024970537,T626,69.2,Victor Diaz,2025-09-07 09:27:05,noise
6395289242961,6392251159617,T390,29.7,Victor Diaz,2025-09-06 10:05:31,noise
6395289242961,6398584437466,T390,21.7,Victor Diaz,2025-09-06 09:12:08,noise
6395289242961,6392251159617,T390,14.3,Victor Diaz,2025-09-05 13:16:30,noise
6395289242961,6398584437466,T390,29.9,Victor Diaz,2025-09-05 02:06:08,noise
6395289242961,6398584437466,T390,17.3,Victor Diaz,2025-09-05 23:27:33,noise
6395289242961,6392251159617,T626,6.0,Victor Diaz,2025-09-04 11:24:21,noise
6395289242961,6392251159617,T626,10.8,Victor Diaz,2025-09-04 13:18:47,noise
6395289242961,6391024970537,T390,7.9,Victor Diaz,2025-09-04 18:09:49,noise
6395289242961,6391024970537,T390,20.2,Victor Diaz,2025-09-03 13:07:40,noise
6395289242961,6398584437466,T390,15.6,Victor Diaz,2025-09-02 08:22:55,noise
6395289242961,6393958914953,T390,19.1,Victor Diaz,2025-09-02 19:13:46,noise
6395289242961,6392944941518,T390,19.5,Victor Diaz,2025-09-01 08:23:48,noise
6395289242961,6392251159617,T390,10.4,Victor Diaz,2025-09-01 23:20:53,noise
6395289242961,6398584437466,T626,13.2,Victor Diaz,2025-08-31 16:02:46,noise
6395289242961,6394863330204,T626,10.1,Victor Diaz,2025-08-31 09:17:04,noise
6395289242961,6395388614739,T626,28.6,Victor Diaz,2025-08-30 19:03:35,noise
6395289242961,6391024970537,T390,43.6,Victor Diaz,2025-08-30 23:17:28,noise
6395289242961,6396782939427,T390,15.6,Victor Diaz,2025-08-29 04:28:41,noise
6395289242961,6393299477204,T390,8.0,Victor Diaz,2025-08-29 15:10:03,noise
6395289242961,6395104602062,T390,8.4,Victor Diaz,2025-08-28 14:07:08,noise
6395289242961,6391296649512,T626,13.0,Victor Diaz,2025-08-27 18:08:41,noise
6395289242961,6397398372383,T626,26.3,Victor Diaz,2025-08-26 11:10:07,noise
6395289242961,6395277555081,T390,5.7,Victor Diaz,2025-08-26 11:11:55,noise
6395289242961,6392251159617,T390,31.8,Victor Diaz,2025-08-26 10:05:36,noise
6395289242961,6391024970537,T390,10.8,Victor Diaz,2025-08-25 09:09:03,noise
6395289242961,6392251159617,T390,26.2,Victor Diaz,2025-08-25 08:23:11,noise
6395289242961,6397033353739,T390,11.5,Victor Diaz,2025-08-24 19:16:06,noise
6395289242961,6396782939427,T626,45.0,Victor Diaz,2025-08-24 08:11:54,noise
6395289242961,6391024970537,T626,8.9,Victor Diaz,2025-08-23 19:21:21,noise
6395289242961,6397424123950,T390,30.8,Victor Diaz,2025-08-23 15:24:48,noise
6395289242961,6398584437466,T390,6.6,Victor Diaz,2025-08-22 20:02:18,noise
6395289242961,6392251159617,T626,23.7,Victor Diaz,2025-08-21 20:24:33,noise
6395289242961,6395709000192,T390,28.9,Victor Diaz,2025-08-20 14:12:24,noise
6395289242961,6391024970537,T390,15.3,Victor Diaz,2025-08-20 12:22:25,noise
6395289242961,6391024970537,T390,15.8,Victor Diaz,2025-08-19 10:12:34,noise
6395289242961,6395289242961,T390,19.8,Victor Diaz,2025-08-19 02:23:51,noise
6395289242961,6398584437466,T390,47.1,Victor Diaz,2025-08-19 21:05:41,noise
6395289242961,6391024970537,T390,13.0,Victor Diaz,2025-08-18 14:03:11,noise
6395289242961,6393299477204,T626,50.4,Victor Diaz,2025-08-17 18:07:25,noise
6395289242961,6396934367041,T390,10.9,Victor Diaz,2025-08-17 16:15:13,noise
6395289242961,6396212810153,T390,3.9,Victor Diaz,2025-08-16 19:25:10,noise
6395289242961,6391024970537,T390,14.1,Victor Diaz,2025-08-16 08:23:35,noise
6395289242961,6391024970537,T390,28.2,Victor Diaz,2025-08-16 19:22:45,noise
6395289242961,6391024970537,T626,6.2,Victor Diaz,2025-08-15 18:15:11,noise
6395289242961,6398584437466,T390,30.4,Victor Diaz,2025-08-15 20:24:52,noise
6395289242961,6394018894269,T626,12.9,Victor Diaz,2025-08-14 13:28:33,noise
6395289242961,6397654503285,T626,8.1,Victor Diaz,2025-08-14 05:03:27,noise
6395289242961,6392251159617,T626,27.5,Victor Diaz,2025-08-14 09:17:08,noise
6395289242961,6398584437466,T390,20.0,Victor Diaz,2025-08-13 18:09:17,noise
6395289242961,6392251159617,T626,40.7,Victor Diaz,2025-08-13 09:08:59,noise
6395289242961,6398584437466,T390,26.4,Victor Diaz,2025-08-12 13:21:30,noise
6395289242961,6397515118078,T390,10.7,Victor Diaz,2025-08-12 08:14:22,noise
6395289242961,6398584437466,T390,14.6,Victor Diaz,2025-08-11 10:21:31,noise
6395289242961,6391024970537,T390,59.1,Victor Diaz,2025-08-11 14:04:14,noise
6395289242961,6392251159617,T390,15.7,Victor Diaz,2025-08-11 09:02:10,noise
6395289242961,6391024970537,T390,46.1,Victor Diaz,2025-08-10 16:05:44,noise
6395289242961,6391294572959,T626,18.1,Victor Diaz,2025-08-10 08:11:14,noise
6395289242961,6395709000192,T390,15.5,Victor Diaz,2025-08-10 08:28:56,noise
6395289242961,6391024970537,T626,10.8,Victor Diaz,2025-08-09 12:24:25,noise
6395289242961,6391024970537,T626,43.8,Victor Diaz,2025-08-09 10:06:20,noise
6395289242961,6398446041346,T390,9.8,Victor Diaz,2025-08-08 11:15:53,noise
6395289242961,6394389103334,T626,19.9,Victor Diaz,2025-08-08 12:20:23,noise
6395289242961,6391024970537,T626,22.9,Victor Diaz,2025-08-07 11:03:01,noise
6395289242961,6393116814799,T390,14.0,Victor Diaz,2025-08-06 20:20:12,noise
6395289242961,6399828853050,T390,10.5,Victor Diaz,2025-08-06 13:18:04,noise
6395289242961,6391024970537,T626,22.3,Victor Diaz,2025-08-05 10:05:23,noise
6395289242961,6392691285953,T626,11.2,Victor Diaz,2025-08-04 14:17:38,noise
6399907611720,6398446041346,T613,25.2,Cara Quinn,2025-10-18 16:05:01,noise
6399907611720,6394995994848,T879,21.7,Cara Quinn,2025-10-18 23:19:39,noise
6399907611720,6392584159767,T879,16.0,Cara Quinn,2025-10-17 11:09:59,noise
6399907611720,6396934367041,T879,8.9,Cara Quinn,2025-10-17 08:30:13,noise
6399907611720,6394701982874,T879,10.5,Cara Quinn,2025-10-16 15:02:37,noise
6399907611720,6398175003577,T613,29.0,Cara Quinn,2025-10-16 16:14:03,noise
6399907611720,6392584159767,T613,24.4,Cara Quinn,2025-10-15 13:28:56,noise
6399907611720,6398446041346,T613,15.7,Cara Quinn,2025-10-14 02:29:54,noise
6399907611720,6396212810153,T879,6.4,Cara Quinn,2025-10-14 23:05:33,noise
6399907611720,6396934367041,T613,13.6,Cara Quinn,2025-10-13 18:05:11,noise
6399907611720,6398446041346,T613,12.2,Cara Quinn,2025-10-13 14:19:27,noise
6399907611720,6392584159767,T613,20.6,Cara Quinn,2025-10-12 17:26:05,noise
6399907611720,6398446041346,T613,10.4,Cara Quinn,2025-10-12 16:10:03,noise
6399907611720,6395328992709,T613,6.0,Cara Quinn,2025-10-11 19:07:42,noise
6399907611720,6398446041346,T613,12.9,Cara Quinn,2025-10-11 09:18:35,noise
6399907611720,6394334018731,T613,16.5,Cara Quinn,2025-10-11 11:30:30,noise
6399907611720,6398446041346,T613,12.6,Cara Quinn,2025-10-10 19:25:29,noise
6399907611720,6395863306424,T613,19.4,Cara Quinn,2025-10-10 08:21:36,noise
6399907611720,6398446041346,T879,27.8,Cara Quinn,2025-10-09 09:08:49,noise
6399907611720,6398446041346,T613,3.1,Cara Quinn,2025-10-09 02:25:10,noise
6399907611720,6392584159767,T613,11.0,Cara Quinn,2025-10-09 17:03:38,noise
6399907611720,6398446041346,T613,30.7,Cara Quinn,2025-10-08 17:24:54,noise
6399907611720,6396934367041,T879,15.2,Cara Quinn,2025-10-08 19:17:21,noise
6399907611720,6396934367041,T613,16.3,Cara Quinn,2025-10-07 15:22:51,noise
6399907611720,6396934367041,T879,10.2,Cara Quinn,2025-10-07 10:17:29,noise
6399907611720,6398446041346,T613,30.0,Cara Quinn,2025-10-06 15:17:02,noise
6399907611720,6392944941518,T613,17.2,Cara Quinn,2025-10-05 20:08:44,noise
6399907611720,6394018894269,T613,31.2,Cara Quinn,2025-10-05 09:18:49,noise
6399907611720,6392546307565,T879,17.4,Cara Quinn,2025-10-05 09:30:43,noise
6399907611720,6398446041346,T613,18.9,Cara Quinn,2025-10-04 13:00:51,noise
6399907611720,6396934367041,T879,42.3,Cara Quinn,2025-10-04 12:08:22,noise
6399907611720,6396934367041,T613,5.1,Cara Quinn,2025-10-03 17:16:32,noise
6399907611720,6396934367041,T613,15.6,Cara Quinn,2025-10-03 16:12:19,noise
6399907611720,6398446041346,T613,12.0,Cara Quinn,2025-10-02 20:08:10,noise
6399907611720,6396934367041,T613,13.8,Cara Quinn,2025-10-02 08:22:42,noise
6399907611720,6392584159767,T613,11.8,Cara Quinn,2025-10-01 19:27:16,noise
6399907611720,6398536130070,T879,8.1,Cara Quinn,2025-09-30 17:17:48,noise
6399907611720,6397685492906,T879,21.9,Cara Quinn,2025-09-30 17:14:25,noise
6399907611720,6396934367041,T879,11.4,Cara Quinn,2025-09-30 22:22:38,noise
6399907611720,6396934367041,T879,50.5,Cara Quinn,2025-09-29 15:24:13,noise
6399907611720,6398446041346,T613,42.0,Cara Quinn,2025-09-28 20:19:47,noise
6399907611720,6396782939427,T613,14.7,Cara Quinn,2025-09-27 20:20:32,noise
6399907611720,6392584159767,T879,14.5,Cara Quinn,2025-09-26 18:19:47,noise
6399907611720,6391296649512,T879,42.0,Cara Quinn,2025-09-26 13:04:17,noise
6399907611720,6397872153794,T613,6.4,Cara Quinn,2025-09-26 19:04:40,noise
6399907611720,6398446041346,T613,44.5,Cara Quinn,2025-09-25 18:30:10,noise
6399907611720,6398446041346,T879,18.6,Cara Quinn,2025-09-25 20:15:40,noise
6399907611720,6396863262521,T613,8.0,Cara Quinn,2025-09-25 19:24:38,noise
6399907611720,6396934367041,T613,13.6,Cara Quinn,2025-09-24 19:23:03,noise
6399907611720,6396934367041,T613,4.5,Cara Quinn,2025-09-24 14:10:29,noise
6399907611720,6396934367041,T879,10.6,Cara Quinn,2025-09-23 19:09:26,noise
6399907611720,6398446041346,T613,11.7,Cara Quinn,2025-09-23 03:23:01,noise
6399907611720,6396934367041,T613,22.4,Cara Quinn,2025-09-23 10:10:06,noise
6399907611720,6398446041346,T613,29.1,Cara Quinn,2025-09-22 16:24:41,noise
6399907611720,6392584159767,T879,37.2,Cara Quinn,2025-09-21 12:16:26,noise
6399907611720,6392584159767,T613,44.5,Cara Quinn,2025-09-21 21:17:52,noise
6399907611720,6392584159767,T613,13.3,Cara Quinn,2025-09-20 08:15:46,noise
6399907611720,6396934367041,T613,15.0,Cara Quinn,2025-09-20 18:23:34,noise
6399907611720,6396934367041,T613,19.8,Cara Quinn,2025-09-19 17:10:50,noise
6399907611720,6395328992709,T613,48.1,Cara Quinn,2025-09-19 10:03:14,noise
6399907611720,6397345443862,T613,7.4,Cara Quinn,2025-09-18 19:04:00,noise
6399907611720,6397959530865,T879,8.8,Cara Quinn,2025-09-18 09:21:03,noise
6399907611720,6398536130070,T879,41.9,Cara Quinn,2025-09-17 13:09:57,noise
6399907611720,6392584159767,T879,13.2,Cara Quinn,2025-09-17 00:13:33,noise
6399907611720,6392249133353,T879,15.7,Cara Quinn,2025-09-16 11:21:58,noise
6399907611720,6392584159767,T879,7.9,Cara Quinn,2025-09-16 12:02:17,noise
6399907611720,6396934367041,T879,12.7,Cara Quinn,2025-09-15 02:00:30,noise
6399907611720,6398446041346,T613,27.6,Cara Quinn,2025-09-15 20:14:15,noise
6399907611720,6398446041346,T879,42.2,Cara Quinn,2025-09-14 10:06:42,noise
6399907611720,6395388614739,T613,4.0,Cara Quinn,2025-09-14 19:24:56,noise
6399907611720,6396934367041,T879,14.5,Cara Quinn,2025-09-13 11:08:48,noise
6399907611720,6399095757865,T613,23.4,Cara Quinn,2025-09-13 16:29:29,noise
6399907611720,6398446041346,T613,13.0,Cara Quinn,2025-09-12 08:16:31,noise
6399907611720,6398446041346,T613,9.1,Cara Quinn,2025-09-12 09:02:46,noise
6399907611720,6396433624746,T613,12.1,Cara Quinn,2025-09-11 21:11:57,noise
6399907611720,6398621864419,T879,29.3,Cara Quinn,2025-09-11 15:14:31,noise
6399907611720,6399697255231,T613,30.6,Cara Quinn,2025-09-11 08:24:11,noise
6399907611720,6392584159767,T613,29.5,Cara Quinn,2025-09-10 20:07:19,noise
6399907611720,6397907454154,T613,3.3,Cara Quinn,2025-09-10 20:27:22,noise
6399907611720,6398446041346,T879,11.4,Cara Quinn,2025-09-09 15:03:23,noise
6399907611720,6396934367041,T613,16.9,Cara Quinn,2025-09-09 10:14:56,noise
6399907611720,6392249133353,T879,49.2,Cara Quinn,2025-09-08 14:18:11,noise
6399907611720,6395034822866,T613,26.9,Cara Quinn,2025-09-08 13:21:40,noise
6399907611720,6394995994848,T613,11.6,Cara Quinn,2025-09-07 09:29:38,noise
6399907611720,6396934367041,T613,8.8,Cara Quinn,2025-09-07 15:15:01,noise
6399907611720,6395034822866,T613,12.3,Cara Quinn,2025-09-07 03:28:06,noise
6399907611720,6392584159767,T879,6.7,Cara Quinn,2025-09-06 13:18:07,noise
6399907611720,6398446041346,T613,6.2,Cara Quinn,2025-09-06 11:14:57,noise
6399907611720,6391917476319,T879,37.7,Cara Quinn,2025-09-05 10:24:51,noise
6399907611720,6398446041346,T879,10.3,Cara Quinn,2025-09-05 13:19:15,noise
6399907611720,6398446041346,T879,29.3,Cara Quinn,2025-09-04 14:25:02,noise
6399907611720,6392584159767,T879,26.2,Cara Quinn,2025-09-03 08:13:51,noise
6399907611720,6396934367041,T879,13.1,Cara Quinn,2025-09-03 22:17:46,noise
6399907611720,6396863262521,T879,7.7,Cara Quinn,2025-09-02 04:15:10,noise
6399907611720,6397931099268,T879,37.5,Cara Quinn,2025-09-02 00:30:59,noise
6399907611720,6398446041346,T613,24.1,Cara Quinn,2025-09-01 11:20:02,noise
6399907611720,6396863262521,T879,16.9,Cara Quinn,2025-09-01 13:19:53,noise
6399907611720,6398446041346,T613,14.0,Cara Quinn,2025-08-31 15:24:12,noise
6399907611720,6394285686989,T613,7.4,Cara Quinn,2025-08-31 22:03:01,noise
6399907611720,6392251159617,T613,6.6,Cara Quinn,2025-08-30 01:18:06,noise
6399907611720,6396934367041,T613,20.0,Cara Quinn,2025-08-30 13:06:57,noise
6399907611720,6392584159767,T879,4.4,Cara Quinn,2025-08-30 13:08:25,noise
6399907611720,6392584159767,T613,71.1,Cara Quinn,2025-08-29 10:04:30,noise
6399907611720,6396934367041,T613,34.0,Cara Quinn,2025-08-29 18:28:44,noise
6399907611720,6392584159767,T879,18.0,Cara Quinn,2025-08-29 02:14:38,noise
6399907611720,6396934367041,T879,18.1,Cara Quinn,2025-08-28 14:12:58,noise
6399907611720,6395086222587,T879,18.1,Cara Quinn,2025-08-28 08:00:18,noise
6399907611720,6398446041346,T879,35.6,Cara Quinn,2025-08-27 04:10:13,noise
6399907611720,6398446041346,T613,24.4,Cara Quinn,2025-08-27 11:10:01,noise
6399907611720,6392584159767,T613,4.3,Cara Quinn,2025-08-26 13:02:02,noise
6399907611720,6393502849379,T879,13.7,Cara Quinn,2025-08-26 09:16:12,noise
6399907611720,6398446041346,T613,17.8,Cara Quinn,2025-08-25 09:05:08,noise
6399907611720,6398446041346,T879,29.7,Cara Quinn,2025-08-25 14:03:28,noise
6399907611720,6398446041346,T613,15.7,Cara Quinn,2025-08-24 11:27:17,noise
6399907611720,6396934367041,T879,15.6,Cara Quinn,2025-08-23 08:03:15,noise
6399907611720,6398446041346,T613,27.2,Cara Quinn,2025-08-23 08:19:08,noise
6399907611720,6392584159767,T613,7.0,Cara Quinn,2025-08-22 17:09:54,noise
6399907611720,6398175003577,T613,10.2,Cara Quinn,2025-08-22 12:16:23,noise
6399907611720,6398446041346,T613,32.2,Cara Quinn,2025-08-21 11:14:47,noise
6399907611720,6398446041346,T613,55.2,Cara Quinn,2025-08-20 20:18:05,noise
6399907611720,6392182204871,T879,87.2,Cara Quinn,2025-08-20 23:11:32,noise
6399907611720,6398446041346,T879,29.9,Cara Quinn,2025-08-19 08:29:17,noise
6399907611720,6398446041346,T613,11.8,Cara Quinn,2025-08-18 12:13:21,noise
6399907611720,6396609819264,T879,11.6,Cara Quinn,2025-08-17 04:12:35,noise
6399907611720,6398446041346,T879,14.4,Cara Quinn,2025-08-17 15:19:03,noise
6399907611720,6391296649512,T879,13.6,Cara Quinn,2025-08-17 19:21:07,noise
6399907611720,6396934367041,T613,10.6,Cara Quinn,2025-08-16 21:04:42,noise
6399907611720,6399429451462,T613,7.6,Cara Quinn,2025-08-16 10:05:58,noise
6399907611720,6396934367041,T613,10.6,Cara Quinn,2025-08-16 13:07:13,noise
6399907611720,6392584159767,T879,12.5,Cara Quinn,2025-08-15 12:20:32,noise
6399907611720,6398446041346,T613,48.3,Cara Quinn,2025-08-15 16:26:10,noise
6399907611720,6393511301796,T879,3.2,Cara Quinn,2025-08-14 09:13:46,noise
6399907611720,6398446041346,T879,106.4,Cara Quinn,2025-08-14 16:20:25,noise
6399907611720,6396934367041,T613,11.4,Cara Quinn,2025-08-13 08:01:07,noise
6399907611720,6398536130070,T879,5.4,Cara Quinn,2025-08-13 11:25:41,noise
6399907611720,6398446041346,T879,5.3,Cara Quinn,2025-08-12 19:12:52,noise
6399907611720,6392599009461,T613,13.3,Cara Quinn,2025-08-12 15:28:01,noise
6399907611720,6392584159767,T613,6.0,Cara Quinn,2025-08-11 16:05:46,noise
6399907611720,6392584159767,T879,57.8,Cara Quinn,2025-08-11 20:18:11,noise
6399907611720,6398446041346,T879,8.4,Cara Quinn,2025-08-11 02:11:00,noise
6399907611720,6399095757865,T879,6.5,Cara Quinn,2025-08-10 14:13:17,noise
6399907611720,6392584159767,T879,26.9,Cara Quinn,2025-08-10 02:27:36,noise
6399907611720,6396782939427,T879,9.5,Cara Quinn,2025-08-09 11:29:51,noise
6399907611720,6391024970537,T613,17.1,Cara Quinn,2025-08-09 20:28:28,noise
6399907611720,6392584159767,T879,14.3,Cara Quinn,2025-08-08 00:00:52,noise
6399907611720,6398446041346,T879,5.0,Cara Quinn,2025-08-07 15:08:00,noise
6399907611720,6398446041346,T879,16.7,Cara Quinn,2025-08-06 15:20:17,noise
6399907611720,6396934367041,T613,11.6,Cara Quinn,2025-08-06 18:30:39,noise
6399907611720,6394477195628,T879,12.5,Cara Quinn,2025-08-06 09:10:58,noise
6399907611720,6397033353739,T613,31.1,Cara Quinn,2025-08-05 11:28:28,noise
6399907611720,6392584159767,T879,21.8,Cara Quinn,2025-08-05 19:09:01,noise
6399907611720,6392584159767,T613,13.0,Cara Quinn,2025-08-05 20:30:41,noise
6399907611720,6392584159767,T879,50.5,Cara Quinn,2025-08-04 20:04:45,noise
6399907611720,6398446041346,T879,10.3,Cara Quinn,2025-08-04 05:25:37,noise
6395709000192,6392599009461,T184,12.1,Tomas Silva,2025-10-18 12:13:47,noise
6395709000192,6396168850025,T661,25.1,Tomas Silva,2025-10-18 22:19:18,noise
6395709000192,6397398372383,T184,48.7,Tomas Silva,2025-10-17 19:27:34,noise
6395709000192,6391847085587,T184,5.1,Tomas Silva,2025-10-17 15:24:08,noise
6395709000192,6399857882871,T661,13.3,Tomas Silva,2025-10-16 13:17:29,noise
6395709000192,6396168850025,T661,11.3,Tomas Silva,2025-10-16 13:24:02,noise
6395709000192,6391847085587,T661,13.8,Tomas Silva,2025-10-15 09:18:03,noise
6395709000192,6396168850025,T184,9.9,Tomas Silva,2025-10-15 08:13:58,noise
6395709000192,6396168850025,T184,10.0,Tomas Silva,2025-10-14 01:06:39,noise
6395709000192,6392089382142,T184,64.3,Tomas Silva,2025-10-14 10:26:47,noise
6395709000192,6392089382142,T661,41.9,Tomas Silva,2025-10-13 10:08:19,noise
6395709000192,6395034822866,T184,5.8,Tomas Silva,2025-10-12 19:27:20,noise
6395709000192,6391847085587,T661,10.7,Tomas Silva,2025-10-12 08:30:28,noise
6395709000192,6391847085587,T661,25.0,Tomas Silva,2025-10-12 11:22:57,noise
6395709000192,6397671860113,T184,11.0,Tomas Silva,2025-10-11 12:03:32,noise
6395709000192,6394369267219,T184,20.5,Tomas Silva,2025-10-11 12:30:45,noise
6395709000192,6394285686989,T184,9.9,Tomas Silva,2025-10-10 11:16:52,noise
6395709000192,6391847085587,T184,31.7,Tomas Silva,2025-10-10 21:21:26,noise
6395709000192,6394855637596,T661,9.7,Tomas Silva,2025-10-10 16:21:01,noise
6395709000192,6397398372383,T661,12.2,Tomas Silva,2025-10-09 17:20:03,noise
6395709000192,6391847085587,T184,11.0,Tomas Silva,2025-10-09 10:23:11,noise
6395709000192,6397398372383,T184,104.7,Tomas Silva,2025-10-08 09:30:05,noise
6395709000192,6396168850025,T184,4.9,Tomas Silva,2025-10-08 20:14:24,noise
6395709000192,6391847085587,T661,16.8,Tomas Silva,2025-10-07 21:28:18,noise
6395709000192,6395086222587,T661,13.0,Tomas Silva,2025-10-07 09:30:11,noise
6395709000192,6396663971262,T661,7.9,Tomas Silva,2025-10-06 01:29:51,noise
6395709000192,6397398372383,T661,6.3,Tomas Silva,2025-10-06 09:19:04,noise
6395709000192,6399562839233,T184,30.5,Tomas Silva,2025-10-06 14:04:43,noise
6395709000192,6396168850025,T184,9.4,Tomas Silva,2025-10-05 19:12:45,noise
6395709000192,6394389103334,T661,10.1,Tomas Silva,2025-10-05 03:23:46,noise
6395709000192,6396168850025,T661,34.9,Tomas Silva,2025-10-04 17:05:45,noise
6395709000192,6394855637596,T184,22.7,Tomas Silva,2025-10-03 12:01:46,noise
6395709000192,6396168850025,T184,10.1,Tomas Silva,2025-10-03 17:15:06,noise
6395709000192,6391847085587,T661,32.1,Tomas Silva,2025-10-02 15:25:04,noise
6395709000192,6394863330204,T184,15.3,Tomas Silva,2025-10-02 17:24:54,noise
6395709000192,6398536130070,T184,4.4,Tomas Silva,2025-10-01 18:14:22,noise
6395709000192,6391847085587,T184,9.7,Tomas Silva,2025-10-01 16:03:01,noise
6395709000192,6397398372383,T184,16.7,Tomas Silva,2025-09-30 09:10:15,noise
6395709000192,6396782939427,T184,13.1,Tomas Silva,2025-09-30 15:17:07,noise
6395709000192,6394334018731,T184,12.5,Tomas Silva,2025-09-29 21:03:41,noise
6395709000192,6396863262521,T184,20.4,Tomas Silva,2025-09-29 16:26:50,noise
6395709000192,6397398372383,T661,45.5,Tomas Silva,2025-09-29 15:01:50,noise
6395709000192,6397345443862,T184,29.7,Tomas Silva,2025-09-28 08:29:47,noise
6395709000192,6398584437466,T184,35.1,Tomas Silva,2025-09-28 12:14:38,noise
6395709000192,6396168850025,T661,9.0,Tomas Silva,2025-09-27 12:00:29,noise
6395709000192,6391847085587,T661,16.4,Tomas Silva,2025-09-26 14:24:34,noise
6395709000192,6396168850025,T661,12.1,Tomas Silva,2025-09-26 15:01:08,noise
6395709000192,6399722315072,T184,9.9,Tomas Silva,2025-09-25 09:15:50,noise
6395709000192,6397398372383,T184,19.6,Tomas Silva,2025-09-25 11:02:09,noise
6395709000192,6398584437466,T184,14.0,Tomas Silva,2025-09-24 10:11:43,noise
6395709000192,6398313094253,T184,14.3,Tomas Silva,2025-09-24 11:11:01,noise
6395709000192,6396609601602,T184,12.9,Tomas Silva,2025-09-23 21:04:08,noise
6395709000192,6397398372383,T661,25.8,Tomas Silva,2025-09-22 16:03:45,noise
6395709000192,6398621864419,T184,16.5,Tomas Silva,2025-09-22 18:28:35,noise
6395709000192,6391847085587,T184,15.7,Tomas Silva,2025-09-21 19:18:12,noise
6395709000192,6397398372383,T184,11.7,Tomas Silva,2025-09-20 20:19:48,noise
6395709000192,6391847085587,T661,5.1,Tomas Silva,2025-09-20 20:30:10,noise
6395709000192,6396168850025,T184,14.3,Tomas Silva,2025-09-19 17:02:34,noise
6395709000192,6397398372383,T184,19.6,Tomas Silva,2025-09-18 10:13:37,noise
6395709000192,6396168850025,T184,18.2,Tomas Silva,2025-09-18 16:03:46,noise
6395709000192,6397398372383,T184,10.7,Tomas Silva,2025-09-18 22:06:19,noise
6395709000192,6397398372383,T184,23.3,Tomas Silva,2025-09-17 17:28:43,noise
6395709000192,6397398372383,T184,8.9,Tomas Silva,2025-09-17 11:01:11,noise
6395709000192,6394701982874,T184,5.2,Tomas Silva,2025-09-16 17:11:42,noise
6395709000192,6391847085587,T184,17.6,Tomas Silva,2025-09-16 10:28:52,noise
6395709000192,6392546307565,T661,9.4,Tomas Silva,2025-09-15 19:12:18,noise
6395709000192,6397398372383,T661,15.0,Tomas Silva,2025-09-15 16:20:12,noise
6395709000192,6394285686989,T184,12.2,Tomas Silva,2025-09-14 21:01:22,noise
6395709000192,6397398372383,T184,30.8,Tomas Silva,2025-09-13 05:16:28,noise
6395709000192,6396168850025,T661,16.9,Tomas Silva,2025-09-13 19:05:03,noise
6395709000192,6395863306424,T184,15.3,Tomas Silva,2025-09-13 08:18:38,noise
6395709000192,6392385746157,T184,12.7,Tomas Silva,2025-09-12 11:05:44,noise
6395709000192,6394855637596,T184,13.2,Tomas Silva,2025-09-12 21:16:13,noise
6395709000192,6399828853050,T661,10.7,Tomas Silva,2025-09-12 10:23:29,noise
6395709000192,6399857882871,T184,25.5,Tomas Silva,2025-09-11 11:24:24,noise
6395709000192,6391847085587,T661,7.7,Tomas Silva,2025-09-11 10:00:23,noise
6395709000192,6391847085587,T661,47.1,Tomas Silva,2025-09-10 08:18:41,noise
6395709000192,6396863262521,T184,30.2,Tomas Silva,2025-09-09 03:10:36,noise
6395709000192,6396168850025,T184,5.2,Tomas Silva,2025-09-09 17:17:04,noise
6395709000192,6397671860113,T184,5.6,Tomas Silva,2025-09-08 21:21:31,noise
6395709000192,6397398372383,T661,12.2,Tomas Silva,2025-09-08 09:22:56,noise
6395709000192,6396168850025,T661,29.6,Tomas Silva,2025-09-08 11:28:16,noise
6395709000192,6395328992709,T661,15.9,Tomas Silva,2025-09-07 14:00:14,noise
6395709000192,6398446041346,T661,28.2,Tomas Silva,2025-09-07 11:21:16,noise
6395709000192,6391847085587,T184,79.1,Tomas Silva,2025-09-06 09:29:21,noise
6395709000192,6391847085587,T184,15.9,Tomas Silva,2025-09-06 19:12:03,noise
6395709000192,6397176014123,T184,29.5,Tomas Silva,2025-09-06 12:05:59,noise
6395709000192,6397398372383,T661,14.1,Tomas Silva,2025-09-05 11:01:20,noise
6395709000192,6391847085587,T184,6.8,Tomas Silva,2025-09-05 11:29:36,noise
6395709000192,6391847085587,T184,10.7,Tomas Silva,2025-09-05 02:19:53,noise
6395709000192,6391847085587,T661,13.5,Tomas Silva,2025-09-04 08:23:29,noise
6395709000192,6397398372383,T184,6.0,Tomas Silva,2025-09-04 09:19:03,noise
6395709000192,6397907454154,T661,7.5,Tomas Silva,2025-09-04 18:01:13,noise
6395709000192,6397398372383,T184,17.2,Tomas Silva,2025-09-03 18:16:13,noise
6395709000192,6397398372383,T661,64.0,Tomas Silva,2025-09-03 09:27:54,noise
6395709000192,6396168850025,T184,12.3,Tomas Silva,2025-09-02 01:19:52,noise
6395709000192,6397398372383,T184,99.7,Tomas Silva,2025-09-02 18:30:09,noise
6395709000192,6391847085587,T184,6.0,Tomas Silva,2025-09-01 19:06:28,noise
6395709000192,6391847085587,T661,60.2,Tomas Silva,2025-08-31 17:20:31,noise
6395709000192,6396168850025,T184,6.9,Tomas Silva,2025-08-30 14:00:27,noise
6395709000192,6392944941518,T184,14.9,Tomas Silva,2025-08-29 08:26:00,noise
6395709000192,6396168850025,T184,4.7,Tomas Silva,2025-08-28 09:30:28,noise
6395709000192,6396168850025,T184,46.8,Tomas Silva,2025-08-28 12:21:41,noise
6395709000192,6396168850025,T661,17.7,Tomas Silva,2025-08-27 02:20:06,noise
6395709000192,6396168850025,T184,12.3,Tomas Silva,2025-08-27 22:07:08,noise
6395709000192,6391847085587,T184,17.3,Tomas Silva,2025-08-26 10:03:16,noise
6395709000192,6398446041346,T661,27.6,Tomas Silva,2025-08-26 09:12:38,noise
6395709000192,6391294572959,T184,18.8,Tomas Silva,2025-08-26 08:26:09,noise
6395709000192,6396168850025,T184,15.5,Tomas Silva,2025-08-25 20:24:39,noise
6395709000192,6391847085587,T184,21.0,Tomas Silva,2025-08-24 14:13:01,noise
6395709000192,6391847085587,T184,9.8,Tomas Silva,2025-08-23 19:20:47,noise
6395709000192,6395264944630,T184,19.2,Tomas Silva,2025-08-23 15:10:57,noise
6395709000192,6391917476319,T661,16.6,Tomas Silva,2025-08-23 12:08:41,noise
6395709000192,6396168850025,T661,4.1,Tomas Silva,2025-08-22 03:03:07,noise
6395709000192,6396168850025,T661,15.3,Tomas Silva,2025-08-21 18:28:19,noise
6395709000192,6397398372383,T184,15.4,Tomas Silva,2025-08-21 08:18:53,noise
6395709000192,6391847085587,T661,31.8,Tomas Silva,2025-08-21 11:07:05,noise
6395709000192,6395709000192,T661,20.3,Tomas Silva,2025-08-20 14:10:38,noise
6395709000192,6399697255231,T661,62.9,Tomas Silva,2025-08-19 12:15:09,noise
6395709000192,6391054941178,T184,14.7,Tomas Silva,2025-08-19 09:20:30,noise
6395709000192,6395086222587,T184,21.0,Tomas Silva,2025-08-18 15:18:11,noise
6395709000192,6397671860113,T184,37.2,Tomas Silva,2025-08-18 08:10:34,noise
6395709000192,6399562839233,T184,5.2,Tomas Silva,2025-08-17 11:29:15,noise
6395709000192,6399119973715,T184,29.6,Tomas Silva,2025-08-16 04:28:16,noise
6395709000192,6396168850025,T661,12.8,Tomas Silva,2025-08-15 11:18:55,noise
6395709000192,6393502849379,T661,36.6,Tomas Silva,2025-08-15 16:06:34,noise
6395709000192,6397398372383,T661,17.7,Tomas Silva,2025-08-14 15:25:35,noise
6395709000192,6394701982874,T184,40.1,Tomas Silva,2025-08-14 14:16:09,noise
6395709000192,6391981016678,T661,8.6,Tomas Silva,2025-08-14 18:04:18,noise
6395709000192,6397398372383,T184,12.1,Tomas Silva,2025-08-13 10:27:42,noise
6395709000192,6391847085587,T184,50.1,Tomas Silva,2025-08-13 20:12:49,noise
6395709000192,6391847085587,T184,14.4,Tomas Silva,2025-08-12 18:11:55,noise
6395709000192,6397398372383,T661,30.7,Tomas Silva,2025-08-12 11:24:11,noise
6395709000192,6394781266670,T184,9.3,Tomas Silva,2025-08-11 14:11:52,noise
6395709000192,6396168850025,T184,12.2,Tomas Silva,2025-08-10 18:08:02,noise
6395709000192,6392691285953,T184,27.9,Tomas Silva,2025-08-10 16:00:30,noise
6395709000192,6396609601602,T184,69.6,Tomas Silva,2025-08-09 09:29:45,noise
6395709000192,6391847085587,T184,24.7,Tomas Silva,2025-08-09 11:27:51,noise
6395709000192,6397398372383,T661,28.6,Tomas Silva,2025-08-09 10:16:09,noise
6395709000192,6391847085587,T184,40.0,Tomas Silva,2025-08-08 17:13:39,noise
6395709000192,6397357048476,T661,6.3,Tomas Silva,2025-08-08 10:19:33,noise
6395709000192,6391847085587,T184,42.6,Tomas Silva,2025-08-08 03:08:16,noise
6395709000192,6399828853050,T184,30.6,Tomas Silva,2025-08-07 11:07:12,noise
6395709000192,6396168850025,T661,46.4,Tomas Silva,2025-08-07 18:04:22,noise
6395709000192,6391697329269,T184,57.7,Tomas Silva,2025-08-07 18:14:04,noise
6395709000192,6391847085587,T661,10.9,Tomas Silva,2025-08-06 09:02:01,noise
6395709000192,6396168850025,T184,9.8,Tomas Silva,2025-08-06 15:15:12,noise
6395709000192,6399562839233,T661,16.0,Tomas Silva,2025-08-06 10:16:41,noise
6395709000192,6395447757108,T184,14.2,Tomas Silva,2025-08-05 15:16:47,noise
6395709000192,6397169427647,T661,28.2,Tomas Silva,2025-08-05 18:03:58,noise
6395709000192,6395277555081,T661,88.8,Tomas Silva,2025-08-04 16:30:02,noise
6395709000192,6399961796941,T661,37.0,Tomas Silva,2025-08-04 08:10:07,noise
6395104602062,6396168850025,T968,25.7,Zane Duarte,2025-10-18 04:05:43,noise
6395104602062,6392623441780,T968,14.0,Zane Duarte,2025-10-17 18:08:58,noise
6395104602062,6391936644374,T968,4.7,Zane Duarte,2025-10-16 09:00:11,noise
6395104602062,6398645236008,T968,6.8,Zane Duarte,2025-10-16 11:19:17,noise
6395104602062,6391697329269,T968,48.3,Zane Duarte,2025-10-15 16:30:28,noise
6395104602062,6399406323212,T968,7.5,Zane Duarte,2025-10-15 13:20:14,noise
6395104602062,6391697329269,T600,11.0,Zane Duarte,2025-10-14 00:24:08,noise
6395104602062,6394855637596,T968,19.5,Zane Duarte,2025-10-13 23:24:17,noise
6395104602062,6398645236008,T600,8.4,Zane Duarte,2025-10-13 08:20:20,noise
6395104602062,6392584159767,T968,23.8,Zane Duarte,2025-10-12 17:26:44,noise
6395104602062,6391697329269,T600,7.5,Zane Duarte,2025-10-12 09:17:49,noise
6395104602062,6392623441780,T968,17.6,Zane Duarte,2025-10-12 09:01:27,noise
6395104602062,6391697329269,T968,26.0,Zane Duarte,2025-10-11 23:01:56,noise
6395104602062,6392623441780,T600,3.5,Zane Duarte,2025-10-11 21:30:44,noise
6395104602062,6392599009461,T600,25.1,Zane Duarte,2025-10-10 17:27:30,noise
6395104602062,6399628559272,T600,13.3,Zane Duarte,2025-10-10 08:25:12,noise
6395104602062,6393299477204,T968,37.1,Zane Duarte,2025-10-09 18:10:34,noise
6395104602062,6391697329269,T600,11.0,Zane Duarte,2025-10-09 11:26:52,noise
6395104602062,6391697329269,T968,17.0,Zane Duarte,2025-10-08 11:06:45,noise
6395104602062,6398645236008,T600,8.5,Zane Duarte,2025-10-08 18:04:42,noise
6395104602062,6398645236008,T968,10.7,Zane Duarte,2025-10-07 08:03:54,noise
6395104602062,6394334018731,T968,23.0,Zane Duarte,2025-10-06 14:00:43,noise
6395104602062,6391697329269,T600,28.5,Zane Duarte,2025-10-06 13:21:31,noise
6395104602062,6398645236008,T968,29.5,Zane Duarte,2025-10-05 19:06:21,noise
6395104602062,6398645236008,T600,7.4,Zane Duarte,2025-10-05 21:26:50,noise
6395104602062,6398645236008,T600,9.2,Zane Duarte,2025-10-04 15:11:24,noise
6395104602062,6398645236008,T968,14.6,Zane Duarte,2025-10-04 18:16:37,noise
6395104602062,6392623441780,T968,3.9,Zane Duarte,2025-10-03 10:29:45,noise
6395104602062,6397515118078,T600,6.2,Zane Duarte,2025-10-03 12:19:49,noise
6395104602062,6399429451462,T600,16.1,Zane Duarte,2025-10-02 18:04:44,noise
6395104602062,6391678940428,T600,24.4,Zane Duarte,2025-10-02 14:12:34,noise
6395104602062,6391697329269,T600,5.1,Zane Duarte,2025-10-02 16:06:07,noise
6395104602062,6392623441780,T968,32.6,Zane Duarte,2025-10-01 13:16:08,noise
6395104602062,6392944941518,T600,5.6,Zane Duarte,2025-10-01 08:08:43,noise
6395104602062,6398645236008,T600,6.1,Zane Duarte,2025-09-30 18:19:50,noise
6395104602062,6391697329269,T968,9.3,Zane Duarte,2025-09-30 18:16:31,noise
6395104602062,6394602944141,T968,41.4,Zane Duarte,2025-09-29 21:15:45,noise
6395104602062,6394855637596,T600,32.4,Zane Duarte,2025-09-28 15:22:49,noise
6395104602062,6395264944630,T600,16.6,Zane Duarte,2025-09-28 03:13:13,noise
6395104602062,6391678940428,T600,9.8,Zane Duarte,2025-09-28 18:18:21,noise
6395104602062,6391697329269,T968,17.3,Zane Duarte,2025-09-27 23:29:33,noise
6395104602062,6396026405795,T600,21.0,Zane Duarte,2025-09-26 12:27:51,noise
6395104602062,6391644392848,T600,20.1,Zane Duarte,2025-09-26 22:05:00,noise
6395104602062,6398536130070,T600,19.0,Zane Duarte,2025-09-26 04:12:15,noise
6395104602062,6391697329269,T600,35.4,Zane Duarte,2025-09-25 11:00:28,noise
6395104602062,6398645236008,T600,5.5,Zane Duarte,2025-09-25 16:18:16,noise
6395104602062,6392623441780,T600,20.9,Zane Duarte,2025-09-24 14:01:09,noise
6395104602062,6397671860113,T968,11.0,Zane Duarte,2025-09-23 14:28:00,noise
6395104602062,6396863262521,T968,9.6,Zane Duarte,2025-09-23 16:02:00,noise
6395104602062,6392623441780,T600,23.0,Zane Duarte,2025-09-23 09:28:29,noise
6395104602062,6398645236008,T600,23.1,Zane Duarte,2025-09-22 17:18:10,noise
6395104602062,6392623441780,T968,41.3,Zane Duarte,2025-09-22 01:00:14,noise
6395104602062,6392691285953,T600,29.1,Zane Duarte,2025-09-22 00:17:20,noise
6395104602062,6391697329269,T968,19.0,Zane Duarte,2025-09-21 09:17:21,noise
6395104602062,6395388614739,T600,16.4,Zane Duarte,2025-09-21 12:09:49,noise
6395104602062,6394863330204,T968,29.1,Zane Duarte,2025-09-21 08:04:36,noise
6395104602062,6399722315072,T968,12.5,Zane Duarte,2025-09-20 10:01:25,noise
6395104602062,6394334018731,T968,24.3,Zane Duarte,2025-09-20 12:23:25,noise
6395104602062,6392623441780,T968,17.6,Zane Duarte,2025-09-20 17:27:52,noise
6395104602062,6391981016678,T600,55.0,Zane Duarte,2025-09-19 05:15:15,noise
6395104602062,6398313094253,T600,15.6,Zane Duarte,2025-09-19 09:30:11,noise
6395104602062,6394018894269,T968,28.4,Zane Duarte,2025-09-18 11:16:24,noise
6395104602062,6391917476319,T600,13.4,Zane Duarte,2025-09-18 18:28:25,noise
6395104602062,6399628559272,T968,31.3,Zane Duarte,2025-09-18 17:21:04,noise
6395104602062,6392623441780,T968,15.8,Zane Duarte,2025-09-17 08:08:24,noise
6395104602062,6395104602062,T600,99.8,Zane Duarte,2025-09-17 20:26:37,noise
6395104602062,6391697329269,T600,13.0,Zane Duarte,2025-09-16 16:11:14,noise
6395104602062,6391697329269,T968,20.7,Zane Duarte,2025-09-16 11:28:11,noise
6395104602062,6399429451462,T600,3.2,Zane Duarte,2025-09-15 08:06:16,noise
6395104602062,6392251159617,T600,22.1,Zane Duarte,2025-09-14 12:29:57,noise
6395104602062,6398175003577,T600,32.7,Zane Duarte,2025-09-14 22:09:36,noise
6395104602062,6395289242961,T600,47.1,Zane Duarte,2025-09-14 15:28:43,noise
6395104602062,6398645236008,T600,34.3,Zane Duarte,2025-09-13 18:22:30,noise
6395104602062,6393502849379,T600,8.6,Zane Duarte,2025-09-12 19:06:23,noise
6395104602062,6398645236008,T600,31.2,Zane Duarte,2025-09-11 15:15:08,noise
6395104602062,6396168850025,T600,27.0,Zane Duarte,2025-09-11 16:24:04,noise
6395104602062,6398621864419,T968,13.8,Zane Duarte,2025-09-11 12:12:21,noise
6395104602062,6398645236008,T600,9.6,Zane Duarte,2025-09-10 13:17:54,noise
6395104602062,6391697329269,T600,9.7,Zane Duarte,2025-09-09 12:23:35,noise
6395104602062,6393299477204,T968,15.1,Zane Duarte,2025-09-08 19:15:13,noise
6395104602062,6395289242961,T600,17.3,Zane Duarte,2025-09-08 09:05:19,noise
6395104602062,6398645236008,T968,15.0,Zane Duarte,2025-09-07 04:14:33,noise
6395104602062,6395738348726,T600,66.1,Zane Duarte,2025-09-06 19:29:15,noise
6395104602062,6391697329269,T600,8.8,Zane Duarte,2025-09-05 01:06:32,noise
6395104602062,6399628559272,T600,20.0,Zane Duarte,2025-09-05 02:04:06,noise
6395104602062,6392623441780,T968,6.7,Zane Duarte,2025-09-04 23:07:47,noise
6395104602062,6398645236008,T968,5.8,Zane Duarte,2025-09-04 11:22:46,noise
6395104602062,6392623441780,T968,24.2,Zane Duarte,2025-09-04 18:09:35,noise
6395104602062,6391697329269,T600,15.0,Zane Duarte,2025-09-03 14:05:53,noise
6395104602062,6392623441780,T600,5.7,Zane Duarte,2025-09-03 17:05:16,noise
6395104602062,6391697329269,T968,48.4,Zane Duarte,2025-09-03 20:24:10,noise
6395104602062,6398645236008,T968,8.0,Zane Duarte,2025-09-02 03:10:06,noise
6395104602062,6391697329269,T968,23.0,Zane Duarte,2025-09-02 19:29:03,noise
6395104602062,6396433624746,T600,46.7,Zane Duarte,2025-09-02 08:11:17,noise
6395104602062,6392623441780,T968,54.3,Zane Duarte,2025-09-01 15:02:02,noise
6395104602062,6396956367740,T600,24.4,Zane Duarte,2025-09-01 08:27:58,noise
6395104602062,6391024970537,T600,7.1,Zane Duarte,2025-08-31 14:29:28,noise
6395104602062,6392623441780,T600,52.0,Zane Duarte,2025-08-31 16:27:31,noise
6395104602062,6392623441780,T968,6.3,Zane Duarte,2025-08-30 18:11:49,noise
6395104602062,6391054941178,T600,2.3,Zane Duarte,2025-08-30 14:27:10,noise
6395104602062,6391697329269,T968,4.0,Zane Duarte,2025-08-29 01:23:32,noise
6395104602062,6392623441780,T968,41.9,Zane Duarte,2025-08-29 10:24:36,noise
6395104602062,6399119973715,T968,12.3,Zane Duarte,2025-08-28 09:17:10,noise
6395104602062,6392623441780,T600,4.2,Zane Duarte,2025-08-28 19:02:02,noise
6395104602062,6399628559272,T968,14.4,Zane Duarte,2025-08-28 20:00:41,noise
6395104602062,6391697329269,T968,24.5,Zane Duarte,2025-08-27 20:15:32,noise
6395104602062,6398645236008,T968,21.6,Zane Duarte,2025-08-27 16:19:55,noise
6395104602062,6394995994848,T968,10.8,Zane Duarte,2025-08-26 15:12:11,noise
6395104602062,6391697329269,T600,4.9,Zane Duarte,2025-08-26 08:15:51,noise
6395104602062,6392623441780,T600,11.0,Zane Duarte,2025-08-26 01:02:06,noise
6395104602062,6391697329269,T600,5.8,Zane Duarte,2025-08-25 11:01:14,noise
6395104602062,6397671860113,T968,6.1,Zane Duarte,2025-08-25 10:06:33,noise
6395104602062,6398621864419,T968,7.2,Zane Duarte,2025-08-24 19:30:57,noise
6395104602062,6391697329269,T968,8.0,Zane Duarte,2025-08-23 22:10:29,noise
6395104602062,6391697329269,T968,10.1,Zane Duarte,2025-08-23 20:16:11,noise
6395104602062,6398446041346,T600,38.1,Zane Duarte,2025-08-23 10:22:41,noise
6395104602062,6391697329269,T600,4.1,Zane Duarte,2025-08-22 20:11:50,noise
6395104602062,6394285686989,T968,5.6,Zane Duarte,2025-08-22 03:03:39,noise
6395104602062,6391697329269,T600,15.9,Zane Duarte,2025-08-21 15:10:07,noise
6395104602062,6398645236008,T600,8.5,Zane Duarte,2025-08-21 11:23:57,noise
6395104602062,6392623441780,T600,41.8,Zane Duarte,2025-08-20 17:16:44,noise
6395104602062,6391697329269,T968,17.3,Zane Duarte,2025-08-19 15:19:51,noise
6395104602062,6392623441780,T600,7.7,Zane Duarte,2025-08-19 20:30:17,noise
6395104602062,6398446041346,T600,4.2,Zane Duarte,2025-08-18 19:13:15,noise
6395104602062,6392623441780,T600,23.4,Zane Duarte,2025-08-18 13:30:44,noise
6395104602062,6391697329269,T968,39.7,Zane Duarte,2025-08-18 20:21:57,noise
6395104602062,6397424123950,T600,72.2,Zane Duarte,2025-08-17 04:12:28,noise
6395104602062,6393299477204,T968,22.8,Zane Duarte,2025-08-17 08:28:10,noise
6395104602062,6391294572959,T600,6.1,Zane Duarte,2025-08-16 08:03:55,noise
6395104602062,6391294572959,T600,25.6,Zane Duarte,2025-08-16 15:15:28,noise
6395104602062,6398645236008,T968,75.7,Zane Duarte,2025-08-15 18:22:48,noise
6395104602062,6391697329269,T968,4.5,Zane Duarte,2025-08-15 16:01:07,noise
6395104602062,6395277555081,T968,12.9,Zane Duarte,2025-08-14 10:23:55,noise
6395104602062,6398645236008,T600,11.5,Zane Duarte,2025-08-14 10:21:49,noise
6395104602062,6395388614739,T600,37.5,Zane Duarte,2025-08-13 04:26:54,noise
6395104602062,6391697329269,T968,26.2,Zane Duarte,2025-08-13 19:27:15,noise
6395104602062,6391697329269,T600,17.1,Zane Duarte,2025-08-12 16:09:17,noise
6395104602062,6392623441780,T600,49.0,Zane Duarte,2025-08-12 16:16:17,noise
6395104602062,6391697329269,T600,18.0,Zane Duarte,2025-08-11 19:27:02,noise
6395104602062,6391296649512,T600,15.2,Zane Duarte,2025-08-10 17:09:02,noise
6395104602062,6399042725763,T968,67.8,Zane Duarte,2025-08-10 19:00:14,noise
6395104602062,6397931099268,T600,12.1,Zane Duarte,2025-08-10 02:20:14,noise
6395104602062,6391697329269,T600,22.3,Zane Duarte,2025-08-09 20:16:40,noise
6395104602062,6391697329269,T968,9.4,Zane Duarte,2025-08-09 11:22:06,noise
6395104602062,6398536130070,T600,24.0,Zane Duarte,2025-08-08 03:00:21,noise
6395104602062,6398584437466,T600,22.8,Zane Duarte,2025-08-08 15:12:49,noise
6395104602062,6397671860113,T600,20.0,Zane Duarte,2025-08-08 15:25:11,noise
6395104602062,6398645236008,T600,6.0,Zane Duarte,2025-08-07 23:05:07,noise
6395104602062,6392623441780,T968,28.0,Zane Duarte,2025-08-07 15:15:07,noise
6395104602062,6398175003577,T968,34.2,Zane Duarte,2025-08-07 15:15:00,noise
6395104602062,6391697329269,T968,23.4,Zane Duarte,2025-08-06 21:04:08,noise
6395104602062,6396782939427,T600,9.2,Zane Duarte,2025-08-06 13:30:51,noise
6395104602062,6392623441780,T968,20.2,Zane Duarte,2025-08-05 20:29:50,noise
6395104602062,6391697329269,T600,52.5,Zane Duarte,2025-08-05 08:06:12,noise
6395104602062,6398446041346,T968,25.7,Zane Duarte,2025-08-05 08:13:12,noise
6395104602062,6392623441780,T600,24.0,Zane Duarte,2025-08-04 19:17:06,noise
6395104602062,6395738348726,T968,9.1,Zane Duarte,2025-08-04 03:07:50,noise
6393958914953,6399722315072,T742,28.2,Xin Gomes,2025-10-18 11:24:04,noise
6393958914953,6396284057733,T742,16.2,Xin Gomes,2025-10-17 09:18:51,noise
6393958914953,6393318640912,T353,54.0,Xin Gomes,2025-10-16 14:18:50,noise
6393958914953,6391024970537,T742,21.6,Xin Gomes,2025-10-16 14:22:55,noise
6393958914953,6393318640912,T742,6.8,Xin Gomes,2025-10-15 17:03:41,noise
6393958914953,6395328992709,T742,18.5,Xin Gomes,2025-10-15 19:14:26,noise
6393958914953,6395104602062,T742,27.3,Xin Gomes,2025-10-14 10:18:45,noise
6393958914953,6393318640912,T353,20.9,Xin Gomes,2025-10-14 14:19:22,noise
6393958914953,6398645236008,T742,11.2,Xin Gomes,2025-10-13 08:30:07,noise
6393958914953,6394863330204,T353,26.3,Xin Gomes,2025-10-13 11:11:39,noise
6393958914953,6398389473157,T353,11.9,Xin Gomes,2025-10-12 16:07:49,noise
6393958914953,6394863330204,T353,22.1,Xin Gomes,2025-10-12 18:25:14,noise
6393958914953,6393318640912,T353,26.6,Xin Gomes,2025-10-11 12:22:38,noise
6393958914953,6395388614739,T742,18.6,Xin Gomes,2025-10-11 21:28:58,noise
6393958914953,6393318640912,T353,13.5,Xin Gomes,2025-10-10 18:02:46,noise
6393958914953,6393318640912,T742,27.9,Xin Gomes,2025-10-10 19:02:26,noise
6393958914953,6393318640912,T742,13.7,Xin Gomes,2025-10-09 18:29:37,noise
6393958914953,6392089382142,T353,5.3,Xin Gomes,2025-10-09 13:20:45,noise
6393958914953,6393318640912,T353,9.8,Xin Gomes,2025-10-08 20:23:41,noise
6393958914953,6394863330204,T353,15.4,Xin Gomes,2025-10-08 03:01:31,noise
6393958914953,6394863330204,T742,31.4,Xin Gomes,2025-10-07 19:20:02,noise
6393958914953,6394863330204,T742,43.2,Xin Gomes,2025-10-07 22:10:59,noise
6393958914953,6396863262521,T353,19.8,Xin Gomes,2025-10-06 17:24:27,noise
6393958914953,6393318640912,T742,13.8,Xin Gomes,2025-10-06 15:15:44,noise
6393958914953,6393116814799,T742,21.3,Xin Gomes,2025-10-05 09:08:58,noise
6393958914953,6394863330204,T742,33.0,Xin Gomes,2025-10-04 15:01:45,noise
6393958914953,6393318640912,T742,7.5,Xin Gomes,2025-10-04 11:28:43,noise
6393958914953,6393318640912,T742,12.3,Xin Gomes,2025-10-03 20:25:11,noise
6393958914953,6394863330204,T742,15.5,Xin Gomes,2025-10-03 12:01:54,noise
6393958914953,6393318640912,T742,12.5,Xin Gomes,2025-10-02 11:29:51,noise
6393958914953,6393318640912,T742,30.5,Xin Gomes,2025-10-02 17:24:58,noise
6393958914953,6394863330204,T742,33.2,Xin Gomes,2025-10-01 10:02:33,noise
6393958914953,6393318640912,T353,11.9,Xin Gomes,2025-09-30 20:09:05,noise
6393958914953,6393318640912,T353,10.7,Xin Gomes,2025-09-30 23:29:18,noise
6393958914953,6393318640912,T353,12.6,Xin Gomes,2025-09-29 19:22:20,noise
6393958914953,6398621864419,T353,13.7,Xin Gomes,2025-09-29 08:12:47,noise
6393958914953,6394863330204,T742,17.6,Xin Gomes,2025-09-28 12:22:31,noise
6393958914953,6394863330204,T742,19.6,Xin Gomes,2025-09-28 16:05:19,noise
6393958914953,6394863330204,T742,10.1,Xin Gomes,2025-09-27 23:14:34,noise
6393958914953,6393318640912,T742,6.0,Xin Gomes,2025-09-26 17:28:45,noise
6393958914953,6392691285953,T742,15.0,Xin Gomes,2025-09-26 14:18:46,noise
6393958914953,6395277555081,T353,12.7,Xin Gomes,2025-09-26 14:15:32,noise
6393958914953,6394863330204,T353,11.7,Xin Gomes,2025-09-25 23:13:00,noise
6393958914953,6393318640912,T353,12.7,Xin Gomes,2025-09-24 18:13:50,noise
6393958914953,6393318640912,T353,35.0,Xin Gomes,2025-09-24 17:30:54,noise
6393958914953,6394863330204,T742,17.7,Xin Gomes,2025-09-23 20:28:33,noise
6393958914953,6397654503285,T742,6.8,Xin Gomes,2025-09-22 09:14:04,noise
6393958914953,6392546307565,T742,37.7,Xin Gomes,2025-09-22 22:21:21,noise
6393958914953,6394995994848,T742,40.7,Xin Gomes,2025-09-22 04:12:53,noise
6393958914953,6394863330204,T742,7.3,Xin Gomes,2025-09-21 12:16:54,noise
6393958914953,6393318640912,T742,26.4,Xin Gomes,2025-09-21 22:25:17,noise
6393958914953,6394863330204,T742,8.8,Xin Gomes,2025-09-20 10:22:43,noise
6393958914953,6394863330204,T742,14.6,Xin Gomes,2025-09-20 19:19:08,noise
6393958914953,6396782939427,T353,24.3,Xin Gomes,2025-09-19 18:13:32,noise
6393958914953,6394855637596,T742,13.0,Xin Gomes,2025-09-19 17:03:37,noise
6393958914953,6394863330204,T353,12.1,Xin Gomes,2025-09-18 10:01:10,noise
6393958914953,6394863330204,T742,5.1,Xin Gomes,2025-09-18 08:01:48,noise
6393958914953,6393318640912,T353,19.8,Xin Gomes,2025-09-17 15:22:56,noise
6393958914953,6394863330204,T742,11.8,Xin Gomes,2025-09-17 13:03:44,noise
6393958914953,6394863330204,T353,14.1,Xin Gomes,2025-09-16 09:13:16,noise
6393958914953,6393318640912,T742,88.0,Xin Gomes,2025-09-15 20:12:51,noise
6393958914953,6393318640912,T742,21.6,Xin Gomes,2025-09-15 20:27:21,noise
6393958914953,6394863330204,T353,6.9,Xin Gomes,2025-09-14 23:29:21,noise
6393958914953,6397398372383,T742,13.3,Xin Gomes,2025-09-13 13:02:06,noise
6393958914953,6392251159617,T353,4.0,Xin Gomes,2025-09-12 21:05:41,noise
6393958914953,6395034822866,T353,9.6,Xin Gomes,2025-09-12 11:20:37,noise
6393958914953,6391296649512,T353,17.2,Xin Gomes,2025-09-11 08:22:20,noise
6393958914953,6394863330204,T742,48.9,Xin Gomes,2025-09-11 08:19:58,noise
6393958914953,6393318640912,T742,7.3,Xin Gomes,2025-09-10 16:00:32,noise
6393958914953,6397515118078,T742,15.0,Xin Gomes,2025-09-09 19:18:51,noise
6393958914953,6394863330204,T742,11.1,Xin Gomes,2025-09-09 16:13:23,noise
6393958914953,6393318640912,T742,18.3,Xin Gomes,2025-09-08 20:23:24,noise
6393958914953,6394863330204,T742,12.5,Xin Gomes,2025-09-08 14:30:37,noise
6393958914953,6393318640912,T742,4.2,Xin Gomes,2025-09-07 18:06:29,noise
6393958914953,6391936644374,T742,11.7,Xin Gomes,2025-09-07 15:15:20,noise
6393958914953,6393318640912,T353,7.6,Xin Gomes,2025-09-06 16:07:44,noise
6393958914953,6393318640912,T353,14.2,Xin Gomes,2025-09-05 23:08:47,noise
6393958914953,6397345443862,T742,25.3,Xin Gomes,2025-09-05 03:17:12,noise
6393958914953,6395328992709,T742,49.1,Xin Gomes,2025-09-04 20:23:41,noise
6393958914953,6394863330204,T742,28.8,Xin Gomes,2025-09-04 00:25:44,noise
6393958914953,6394863330204,T742,6.7,Xin Gomes,2025-09-03 19:12:35,noise
6393958914953,6396782939427,T353,36.3,Xin Gomes,2025-09-03 20:14:19,noise
6393958914953,6393318640912,T353,19.1,Xin Gomes,2025-09-02 19:18:42,noise
6393958914953,6394701982874,T353,15.4,Xin Gomes,2025-09-02 11:19:55,noise
6393958914953,6399562839233,T742,21.5,Xin Gomes,2025-09-02 00:24:50,noise
6393958914953,6393318640912,T742,50.3,Xin Gomes,2025-09-01 19:04:13,noise
6393958914953,6394863330204,T353,10.7,Xin Gomes,2025-09-01 08:14:13,noise
6393958914953,6394863330204,T353,13.7,Xin Gomes,2025-09-01 08:30:28,noise
6393958914953,6393318640912,T742,8.4,Xin Gomes,2025-08-31 20:03:32,noise
6393958914953,6393318640912,T742,4.3,Xin Gomes,2025-08-30 13:10:45,noise
6393958914953,6393318640912,T353,39.8,Xin Gomes,2025-08-29 10:14:33,noise
6393958914953,6393318640912,T742,16.6,Xin Gomes,2025-08-29 16:09:52,noise
6393958914953,6393318640912,T742,15.7,Xin Gomes,2025-08-28 16:23:35,noise
6393958914953,6393318640912,T353,17.5,Xin Gomes,2025-08-28 03:21:44,noise
6393958914953,6398313094253,T742,12.5,Xin Gomes,2025-08-27 20:30:00,noise
6393958914953,6394863330204,T742,8.4,Xin Gomes,2025-08-27 01:16:01,noise
6393958914953,6392584159767,T353,53.3,Xin Gomes,2025-08-27 13:07:25,noise
6393958914953,6393318640912,T742,20.3,Xin Gomes,2025-08-26 11:30:54,noise
6393958914953,6394863330204,T742,109.6,Xin Gomes,2025-08-26 15:23:56,noise
6393958914953,6394863330204,T742,45.7,Xin Gomes,2025-08-25 15:12:23,noise
6393958914953,6393318640912,T742,10.0,Xin Gomes,2025-08-24 12:25:58,noise
6393958914953,6393318640912,T742,12.6,Xin Gomes,2025-08-23 10:04:29,noise
6393958914953,6393318640912,T353,16.0,Xin Gomes,2025-08-22 10:27:50,noise
6393958914953,6394863330204,T353,14.4,Xin Gomes,2025-08-21 18:03:59,noise
6393958914953,6394863330204,T353,19.6,Xin Gomes,2025-08-21 12:03:01,noise
6393958914953,6392089382142,T742,6.2,Xin Gomes,2025-08-20 10:14:39,noise
6393958914953,6396284057733,T742,26.1,Xin Gomes,2025-08-19 20:04:25,noise
6393958914953,6393318640912,T742,31.2,Xin Gomes,2025-08-19 08:12:46,noise
6393958914953,6398175003577,T742,105.9,Xin Gomes,2025-08-18 00:29:06,noise
6393958914953,6393318640912,T742,15.9,Xin Gomes,2025-08-18 17:03:40,noise
6393958914953,6393318640912,T353,38.5,Xin Gomes,2025-08-18 15:03:24,noise
6393958914953,6393318640912,T742,18.7,Xin Gomes,2025-08-17 12:24:20,noise
6393958914953,6396284057733,T353,20.5,Xin Gomes,2025-08-17 09:23:26,noise
6393958914953,6393318640912,T742,25.8,Xin Gomes,2025-08-16 21:16:18,noise
6393958914953,6394863330204,T742,37.6,Xin Gomes,2025-08-16 19:29:40,noise
6393958914953,6394863330204,T353,9.7,Xin Gomes,2025-08-15 10:07:39,noise
6393958914953,6394389103334,T353,41.5,Xin Gomes,2025-08-15 14:04:12,noise
6393958914953,6393318640912,T742,5.0,Xin Gomes,2025-08-15 10:06:21,noise
6393958914953,6394863330204,T742,19.7,Xin Gomes,2025-08-14 12:21:09,noise
6393958914953,6394863330204,T742,13.6,Xin Gomes,2025-08-13 08:16:47,noise
6393958914953,6397345443862,T353,21.7,Xin Gomes,2025-08-13 11:00:42,noise
6393958914953,6394863330204,T353,12.3,Xin Gomes,2025-08-13 11:28:30,noise
6393958914953,6394863330204,T353,16.6,Xin Gomes,2025-08-12 11:19:10,noise
6393958914953,6394863330204,T353,20.4,Xin Gomes,2025-08-12 19:20:39,noise
6393958914953,6393318640912,T742,2.1,Xin Gomes,2025-08-11 14:25:10,noise
6393958914953,6393318640912,T353,25.2,Xin Gomes,2025-08-11 18:18:25,noise
6393958914953,6396433624746,T742,18.4,Xin Gomes,2025-08-10 15:26:59,noise
6393958914953,6394863330204,T742,16.6,Xin Gomes,2025-08-10 20:26:31,noise
6393958914953,6393318640912,T353,19.2,Xin Gomes,2025-08-09 13:04:18,noise
6393958914953,6394863330204,T742,16.9,Xin Gomes,2025-08-08 10:19:09,noise
6393958914953,6394018894269,T353,31.1,Xin Gomes,2025-08-08 19:03:33,noise
6393958914953,6397654503285,T742,3.7,Xin Gomes,2025-08-07 23:07:26,noise
6393958914953,6392523329605,T742,4.1,Xin Gomes,2025-08-07 15:00:59,noise
6393958914953,6392182204871,T742,17.7,Xin Gomes,2025-08-07 11:02:56,noise
6393958914953,6394863330204,T353,4.7,Xin Gomes,2025-08-06 21:28:47,noise
6393958914953,6392609362629,T742,6.0,Xin Gomes,2025-08-05 13:26:13,noise
6393958914953,6397515118078,T742,26.2,Xin Gomes,2025-08-04 09:13:22,noise
6393958914953,6394863330204,T742,23.6,Xin Gomes,2025-08-04 15:06:36,noise
6392691285953,6394018894269,T900,16.9,Fahad Lopes,2025-10-18 23:27:00,noise
6392691285953,6391981016678,T690,10.0,Fahad Lopes,2025-10-18 10:11:11,noise
6392691285953,6395289242961,T690,42.5,Fahad Lopes,2025-10-18 14:18:13,noise
6392691285953,6394018894269,T690,17.0,Fahad Lopes,2025-10-17 11:16:37,noise
6392691285953,6394018894269,T900,9.1,Fahad Lopes,2025-10-17 11:19:57,noise
6392691285953,6399119973715,T690,14.6,Fahad Lopes,2025-10-16 20:10:50,noise
6392691285953,6394018894269,T690,41.3,Fahad Lopes,2025-10-16 11:29:29,noise
6392691285953,6399119973715,T900,26.9,Fahad Lopes,2025-10-16 00:12:36,noise
6392691285953,6395388614739,T690,32.7,Fahad Lopes,2025-10-15 15:19:30,noise
6392691285953,6396284057733,T900,24.4,Fahad Lopes,2025-10-15 17:03:25,noise
6392691285953,6396284057733,T900,201.7,Fahad Lopes,2025-10-14 13:03:10,noise
6392691285953,6396284057733,T690,48.5,Fahad Lopes,2025-10-14 09:04:45,noise
6392691285953,6399119973715,T900,16.5,Fahad Lopes,2025-10-14 13:07:28,noise
6392691285953,6395863306424,T690,7.6,Fahad Lopes,2025-10-13 16:21:20,noise
6392691285953,6396782939427,T900,26.0,Fahad Lopes,2025-10-13 18:14:45,noise
6392691285953,6396284057733,T690,24.7,Fahad Lopes,2025-10-13 15:15:43,noise
6392691285953,6398536130070,T690,16.5,Fahad Lopes,2025-10-12 15:01:14,noise
6392691285953,6394018894269,T900,24.0,Fahad Lopes,2025-10-11 10:26:49,noise
6392691285953,6394018894269,T690,17.5,Fahad Lopes,2025-10-11 19:08:03,noise
6392691285953,6399119973715,T900,57.1,Fahad Lopes,2025-10-10 16:14:27,noise
6392691285953,6396284057733,T900,30.0,Fahad Lopes,2025-10-10 05:04:19,noise
6392691285953,6399119973715,T690,16.4,Fahad Lopes,2025-10-09 22:04:59,noise
6392691285953,6399119973715,T690,11.0,Fahad Lopes,2025-10-09 22:04:59,noise
6392691285953,6398645236008,T690,39.4,Fahad Lopes,2025-10-09 10:10:22,noise
6392691285953,6396026405795,T900,14.4,Fahad Lopes,2025-10-08 14:29:19,noise
6392691285953,6391024970537,T900,27.7,Fahad Lopes,2025-10-08 22:16:15,noise
6392691285953,6396284057733,T690,19.5,Fahad Lopes,2025-10-08 16:25:27,noise
6392691285953,6396956367740,T900,19.8,Fahad Lopes,2025-10-07 14:24:12,noise
6392691285953,6394018894269,T900,16.3,Fahad Lopes,2025-10-06 09:26:12,noise
6392691285953,6396284057733,T900,31.9,Fahad Lopes,2025-10-05 08:20:58,noise
6392691285953,6399119973715,T900,6.4,Fahad Lopes,2025-10-05 17:22:54,noise
6392691285953,6391296649512,T690,6.7,Fahad Lopes,2025-10-04 23:02:05,noise
6392691285953,6394334018731,T690,17.2,Fahad Lopes,2025-10-04 16:15:56,noise
6392691285953,6399119973715,T690,24.0,Fahad Lopes,2025-10-04 02:22:42,noise
6392691285953,6393299477204,T900,33.2,Fahad Lopes,2025-10-03 09:12:53,noise
6392691285953,6394018894269,T900,17.4,Fahad Lopes,2025-10-03 14:23:01,noise
6392691285953,6399562839233,T690,13.4,Fahad Lopes,2025-10-03 02:05:31,noise
6392691285953,6399119973715,T690,31.2,Fahad Lopes,2025-10-02 23:29:31,noise
6392691285953,6398313094253,T690,6.1,Fahad Lopes,2025-10-02 18:03:15,noise
6392691285953,6399961796941,T690,23.1,Fahad Lopes,2025-10-01 14:06:35,noise
6392691285953,6399119973715,T900,45.6,Fahad Lopes,2025-10-01 10:16:01,noise
6392691285953,6396284057733,T690,37.9,Fahad Lopes,2025-10-01 15:24:17,noise
6392691285953,6397872153794,T900,9.5,Fahad Lopes,2025-09-30 18:04:30,noise
6392691285953,6396284057733,T690,24.8,Fahad Lopes,2025-09-30 16:20:54,noise
6392691285953,6398621864419,T900,23.8,Fahad Lopes,2025-09-29 09:09:24,noise
6392691285953,6394018894269,T900,16.7,Fahad Lopes,2025-09-29 20:19:58,noise
6392691285953,6399119973715,T900,17.0,Fahad Lopes,2025-09-29 19:24:48,noise
6392691285953,6394701982874,T690,54.1,Fahad Lopes,2025-09-28 11:20:58,noise
6392691285953,6392251159617,T690,7.6,Fahad Lopes,2025-09-27 09:09:54,noise
6392691285953,6396284057733,T690,21.3,Fahad Lopes,2025-09-26 18:00:46,noise
6392691285953,6395086222587,T690,67.6,Fahad Lopes,2025-09-26 09:00:28,noise
6392691285953,6396782939427,T900,5.7,Fahad Lopes,2025-09-25 20:06:26,noise
6392691285953,6399119973715,T900,21.0,Fahad Lopes,2025-09-25 14:21:16,noise
6392691285953,6392599009461,T690,16.0,Fahad Lopes,2025-09-25 20:03:59,noise
6392691285953,6399119973715,T690,18.0,Fahad Lopes,2025-09-24 17:14:51,noise
6392691285953,6392089382142,T690,7.9,Fahad Lopes,2025-09-23 10:10:23,noise
6392691285953,6394018894269,T690,7.3,Fahad Lopes,2025-09-23 20:19:54,noise
6392691285953,6394018894269,T690,20.9,Fahad Lopes,2025-09-23 18:15:49,noise
6392691285953,6399119973715,T900,9.1,Fahad Lopes,2025-09-22 22:08:39,noise
6392691285953,6396863262521,T900,9.3,Fahad Lopes,2025-09-22 10:28:27,noise
6392691285953,6399119973715,T690,26.9,Fahad Lopes,2025-09-22 11:09:38,noise
6392691285953,6394018894269,T900,51.4,Fahad Lopes,2025-09-21 19:00:28,noise
6392691285953,6399119973715,T690,15.2,Fahad Lopes,2025-09-20 20:05:00,noise
6392691285953,6396284057733,T900,25.4,Fahad Lopes,2025-09-20 08:18:55,noise
6392691285953,6392546307565,T690,45.1,Fahad Lopes,2025-09-19 11:28:02,noise
6392691285953,6395086222587,T690,16.1,Fahad Lopes,2025-09-19 17:24:25,noise
6392691285953,6396284057733,T900,6.5,Fahad Lopes,2025-09-19 20:23:30,noise
6392691285953,6391678940428,T900,14.3,Fahad Lopes,2025-09-18 20:27:17,noise
6392691285953,6394018894269,T690,18.7,Fahad Lopes,2025-09-18 13:10:02,noise
6392691285953,6396284057733,T690,11.1,Fahad Lopes,2025-09-18 19:23:02,noise
6392691285953,6396284057733,T690,33.7,Fahad Lopes,2025-09-17 18:01:03,noise
6392691285953,6399119973715,T900,9.4,Fahad Lopes,2025-09-17 08:13:20,noise
6392691285953,6395863306424,T690,20.6,Fahad Lopes,2025-09-16 19:22:51,noise
6392691285953,6397515118078,T900,7.2,Fahad Lopes,2025-09-16 10:24:07,noise
6392691285953,6396284057733,T900,27.3,Fahad Lopes,2025-09-16 18:23:45,noise
6392691285953,6397907454154,T900,6.8,Fahad Lopes,2025-09-15 18:00:27,noise
6392691285953,6394018894269,T900,12.1,Fahad Lopes,2025-09-14 20:07:27,noise
6392691285953,6399907611720,T900,12.7,Fahad Lopes,2025-09-14 16:14:37,noise
6392691285953,6394485230571,T900,9.4,Fahad Lopes,2025-09-13 21:27:47,noise
6392691285953,6396284057733,T900,33.8,Fahad Lopes,2025-09-13 18:02:51,noise
6392691285953,6399119973715,T900,16.3,Fahad Lopes,2025-09-12 10:02:06,noise
6392691285953,6394018894269,T900,8.0,Fahad Lopes,2025-09-11 11:25:29,noise
6392691285953,6396284057733,T690,17.6,Fahad Lopes,2025-09-11 16:00:47,noise
6392691285953,6397317313563,T690,41.4,Fahad Lopes,2025-09-10 10:23:19,noise
6392691285953,6397685492906,T900,18.2,Fahad Lopes,2025-09-10 08:09:49,noise
6392691285953,6396284057733,T690,67.9,Fahad Lopes,2025-09-09 10:26:59,noise
6392691285953,6396609601602,T690,6.8,Fahad Lopes,2025-09-08 09:18:33,noise
6392691285953,6393318640912,T900,14.6,Fahad Lopes,2025-09-08 11:15:54,noise
6392691285953,6399119973715,T900,42.6,Fahad Lopes,2025-09-07 17:15:04,noise
6392691285953,6396284057733,T690,14.8,Fahad Lopes,2025-09-07 17:04:41,noise
6392691285953,6396284057733,T900,5.1,Fahad Lopes,2025-09-06 18:25:30,noise
6392691285953,6399907611720,T690,15.4,Fahad Lopes,2025-09-06 12:04:06,noise
6392691285953,6399119973715,T690,27.4,Fahad Lopes,2025-09-06 18:22:53,noise
6392691285953,6396284057733,T900,4.1,Fahad Lopes,2025-09-05 23:24:02,noise
6392691285953,6396284057733,T900,12.8,Fahad Lopes,2025-09-05 14:10:26,noise
6392691285953,6396284057733,T690,21.2,Fahad Lopes,2025-09-04 08:15:05,noise
6392691285953,6396212810153,T900,20.9,Fahad Lopes,2025-09-04 22:10:17,noise
6392691285953,6399119973715,T690,7.1,Fahad Lopes,2025-09-04 16:06:39,noise
6392691285953,6399119973715,T690,8.7,Fahad Lopes,2025-09-03 21:04:20,noise
6392691285953,6394018894269,T690,18.0,Fahad Lopes,2025-09-03 14:00:09,noise
6392691285953,6396284057733,T900,4.5,Fahad Lopes,2025-09-03 17:10:01,noise
6392691285953,6399119973715,T690,23.9,Fahad Lopes,2025-09-02 03:15:39,noise
6392691285953,6392623441780,T690,25.5,Fahad Lopes,2025-09-01 18:03:44,noise
6392691285953,6396284057733,T900,16.5,Fahad Lopes,2025-09-01 01:24:17,noise
6392691285953,6396782939427,T690,22.3,Fahad Lopes,2025-09-01 19:13:47,noise
6392691285953,6399119973715,T690,65.9,Fahad Lopes,2025-08-31 22:18:41,noise
6392691285953,6394018894269,T690,10.3,Fahad Lopes,2025-08-31 21:25:31,noise
6392691285953,6396284057733,T900,22.2,Fahad Lopes,2025-08-31 08:27:17,noise
6392691285953,6399119973715,T690,45.9,Fahad Lopes,2025-08-30 23:02:41,noise
6392691285953,6394018894269,T690,82.0,Fahad Lopes,2025-08-30 14:27:36,noise
6392691285953,6396284057733,T690,6.5,Fahad Lopes,2025-08-30 19:15:37,noise
6392691285953,6396284057733,T690,3.7,Fahad Lopes,2025-08-29 08:16:22,noise
6392691285953,6392182204871,T900,16.9,Fahad Lopes,2025-08-28 01:09:30,noise
6392691285953,6393511301796,T690,38.9,Fahad Lopes,2025-08-28 10:03:14,noise
6392691285953,6394018894269,T900,26.4,Fahad Lopes,2025-08-27 12:15:51,noise
6392691285953,6396284057733,T690,15.9,Fahad Lopes,2025-08-27 17:28:24,noise
6392691285953,6395086222587,T900,11.8,Fahad Lopes,2025-08-26 03:28:41,noise
6392691285953,6396284057733,T690,16.2,Fahad Lopes,2025-08-25 14:13:45,noise
6392691285953,6394018894269,T900,22.3,Fahad Lopes,2025-08-24 10:03:33,noise
6392691285953,6399119973715,T690,11.3,Fahad Lopes,2025-08-24 18:23:12,noise
6392691285953,6393318640912,T900,4.6,Fahad Lopes,2025-08-24 09:06:01,noise
6392691285953,6396284057733,T690,18.9,Fahad Lopes,2025-08-23 14:00:32,noise
6392691285953,6394018894269,T900,17.0,Fahad Lopes,2025-08-22 16:28:47,noise
6392691285953,6394018894269,T900,3.9,Fahad Lopes,2025-08-21 14:26:27,noise
6392691285953,6396284057733,T690,75.9,Fahad Lopes,2025-08-20 20:19:30,noise
6392691285953,6396212810153,T690,13.8,Fahad Lopes,2025-08-20 18:03:01,noise
6392691285953,6391644392848,T900,17.4,Fahad Lopes,2025-08-20 18:22:29,noise
6392691285953,6394018894269,T690,7.2,Fahad Lopes,2025-08-19 09:18:54,noise
6392691285953,6394018894269,T900,27.1,Fahad Lopes,2025-08-18 11:12:04,noise
6392691285953,6397872153794,T690,42.8,Fahad Lopes,2025-08-18 14:16:57,noise
6392691285953,6396284057733,T900,18.1,Fahad Lopes,2025-08-17 19:19:11,noise
6392691285953,6391981016678,T690,30.0,Fahad Lopes,2025-08-17 05:29:55,noise
6392691285953,6396284057733,T900,20.8,Fahad Lopes,2025-08-16 15:20:15,noise
6392691285953,6399119973715,T690,9.0,Fahad Lopes,2025-08-15 12:01:58,noise
6392691285953,6394018894269,T900,7.8,Fahad Lopes,2025-08-14 10:00:05,noise
6392691285953,6396397246783,T900,17.2,Fahad Lopes,2025-08-14 15:30:17,noise
6392691285953,6394018894269,T690,13.7,Fahad Lopes,2025-08-13 17:09:33,noise
6392691285953,6395277555081,T900,27.7,Fahad Lopes,2025-08-13 09:16:44,noise
6392691285953,6396284057733,T900,29.8,Fahad Lopes,2025-08-13 12:04:40,noise
6392691285953,6396284057733,T690,16.4,Fahad Lopes,2025-08-12 23:29:10,noise
6392691285953,6394863330204,T690,12.5,Fahad Lopes,2025-08-11 13:02:37,noise
6392691285953,6399119973715,T690,72.9,Fahad Lopes,2025-08-11 02:08:52,noise
6392691285953,6399119973715,T900,15.7,Fahad Lopes,2025-08-11 11:23:01,noise
6392691285953,6396284057733,T690,15.9,Fahad Lopes,2025-08-10 08:03:16,noise
6392691285953,6392691285953,T690,30.0,Fahad Lopes,2025-08-10 08:17:28,noise
6392691285953,6396284057733,T690,44.3,Fahad Lopes,2025-08-10 08:21:14,noise
6392691285953,6399119973715,T900,10.7,Fahad Lopes,2025-08-09 22:01:52,noise
6392691285953,6395574777798,T690,33.1,Fahad Lopes,2025-08-09 19:07:58,noise
6392691285953,6393958914953,T690,10.8,Fahad Lopes,2025-08-08 04:26:35,noise
6392691285953,6394285686989,T900,16.9,Fahad Lopes,2025-08-08 21:05:12,noise
6392691285953,6396663971262,T690,9.5,Fahad Lopes,2025-08-07 20:09:23,noise
6392691285953,6396284057733,T690,11.9,Fahad Lopes,2025-08-06 23:23:06,noise
6392691285953,6399119973715,T900,35.9,Fahad Lopes,2025-08-06 18:13:38,noise
6392691285953,6399119973715,T690,27.2,Fahad Lopes,2025-08-05 13:27:17,noise
6392691285953,6399119973715,T690,56.3,Fahad Lopes,2025-08-05 18:00:55,noise
6392691285953,6396284057733,T900,38.6,Fahad Lopes,2025-08-05 11:09:13,noise
6392691285953,6396284057733,T690,29.0,Fahad Lopes,2025-08-04 14:23:38,noise
6398536130070,6396956367740,T961,13.2,Ana Fischer,2025-10-18 01:19:34,noise
6398536130070,6392623441780,T107,16.2,Ana Fischer,2025-10-18 10:27:39,noise
6398536130070,6396956367740,T961,13.8,Ana Fischer,2025-10-17 19:24:23,noise
6398536130070,6395447757108,T961,23.2,Ana Fischer,2025-10-17 17:10:09,noise
6398536130070,6396663971262,T961,12.3,Ana Fischer,2025-10-16 22:21:34,noise
6398536130070,6399628559272,T961,19.1,Ana Fischer,2025-10-15 12:25:55,noise
6398536130070,6396663971262,T107,15.0,Ana Fischer,2025-10-15 12:15:12,noise
6398536130070,6393511301796,T107,27.1,Ana Fischer,2025-10-14 10:28:36,noise
6398536130070,6392623441780,T961,15.6,Ana Fischer,2025-10-14 22:11:24,noise
6398536130070,6396956367740,T107,15.2,Ana Fischer,2025-10-13 17:11:19,noise
6398536130070,6396956367740,T961,3.6,Ana Fischer,2025-10-12 17:22:38,noise
6398536130070,6396956367740,T107,15.8,Ana Fischer,2025-10-12 20:27:11,noise
6398536130070,6396956367740,T107,4.9,Ana Fischer,2025-10-11 10:03:44,noise
6398536130070,6396663971262,T961,11.5,Ana Fischer,2025-10-11 20:25:14,noise
6398536130070,6398584437466,T107,32.8,Ana Fischer,2025-10-11 16:15:30,noise
6398536130070,6392546307565,T107,8.6,Ana Fischer,2025-10-10 19:00:54,noise
6398536130070,6392623441780,T961,5.8,Ana Fischer,2025-10-10 19:24:12,noise
6398536130070,6396663971262,T961,5.0,Ana Fischer,2025-10-10 09:16:40,noise
6398536130070,6396663971262,T107,25.0,Ana Fischer,2025-10-09 11:05:31,noise
6398536130070,6396026405795,T107,8.0,Ana Fischer,2025-10-08 09:26:25,noise
6398536130070,6392623441780,T961,8.1,Ana Fischer,2025-10-08 14:11:46,noise
6398536130070,6399406323212,T107,20.3,Ana Fischer,2025-10-08 14:26:37,noise
6398536130070,6397931099268,T107,21.9,Ana Fischer,2025-10-07 12:26:54,noise
6398536130070,6392623441780,T107,13.7,Ana Fischer,2025-10-06 13:14:36,noise
6398536130070,6396956367740,T961,10.0,Ana Fischer,2025-10-06 12:30:35,noise
6398536130070,6396956367740,T107,18.4,Ana Fischer,2025-10-06 22:28:14,noise
6398536130070,6399119973715,T961,12.7,Ana Fischer,2025-10-05 10:00:42,noise
6398536130070,6392623441780,T107,9.6,Ana Fischer,2025-10-05 16:16:50,noise
6398536130070,6392623441780,T107,15.7,Ana Fischer,2025-10-05 19:18:34,noise
6398536130070,6396663971262,T107,35.5,Ana Fischer,2025-10-04 09:13:25,noise
6398536130070,6396663971262,T961,11.1,Ana Fischer,2025-10-03 23:24:32,noise
6398536130070,6394995994848,T961,16.0,Ana Fischer,2025-10-03 15:27:14,noise
6398536130070,6396956367740,T107,48.4,Ana Fischer,2025-10-03 22:03:28,noise
6398536130070,6396956367740,T107,31.7,Ana Fischer,2025-10-02 14:29:30,noise
6398536130070,6392523329605,T107,27.8,Ana Fischer,2025-10-01 11:08:23,noise
6398536130070,6396956367740,T107,21.6,Ana Fischer,2025-10-01 21:21:46,noise
6398536130070,6393318640912,T961,11.6,Ana Fischer,2025-09-30 10:16:39,noise
6398536130070,6396956367740,T107,13.2,Ana Fischer,2025-09-29 19:05:13,noise
6398536130070,6391296649512,T107,18.7,Ana Fischer,2025-09-28 12:22:02,noise
6398536130070,6392623441780,T961,7.8,Ana Fischer,2025-09-28 20:18:19,noise
6398536130070,6392623441780,T107,7.5,Ana Fischer,2025-09-27 16:06:06,noise
6398536130070,6397424123950,T961,30.0,Ana Fischer,2025-09-26 13:05:35,noise
6398536130070,6396663971262,T961,36.3,Ana Fischer,2025-09-25 09:24:36,noise
6398536130070,6396663971262,T961,11.2,Ana Fischer,2025-09-25 08:14:47,noise
6398536130070,6396956367740,T107,22.4,Ana Fischer,2025-09-24 08:14:48,noise
6398536130070,6394018894269,T107,14.8,Ana Fischer,2025-09-24 19:26:18,noise
6398536130070,6392623441780,T107,11.5,Ana Fischer,2025-09-23 10:05:17,noise
6398536130070,6398446041346,T961,9.3,Ana Fischer,2025-09-23 14:03:20,noise
6398536130070,6398446041346,T107,10.8,Ana Fischer,2025-09-23 02:21:08,noise
6398536130070,6398389473157,T961,13.6,Ana Fischer,2025-09-22 14:18:52,noise
6398536130070,6398096864787,T107,19.9,Ana Fischer,2025-09-21 20:22:34,noise
6398536130070,6392623441780,T107,27.2,Ana Fischer,2025-09-20 17:12:19,noise
6398536130070,6397931099268,T107,17.2,Ana Fischer,2025-09-20 22:29:49,noise
6398536130070,6396956367740,T107,9.2,Ana Fischer,2025-09-19 11:13:06,noise
6398536130070,6396956367740,T961,16.6,Ana Fischer,2025-09-19 19:11:53,noise
6398536130070,6391936644374,T107,8.4,Ana Fischer,2025-09-19 23:01:33,noise
6398536130070,6393511301796,T107,46.0,Ana Fischer,2025-09-18 10:01:51,noise
6398536130070,6396663971262,T107,10.3,Ana Fischer,2025-09-18 16:14:08,noise
6398536130070,6392623441780,T961,17.2,Ana Fischer,2025-09-17 18:24:37,noise
6398536130070,6396663971262,T961,7.4,Ana Fischer,2025-09-16 20:12:39,noise
6398536130070,6398584437466,T107,53.0,Ana Fischer,2025-09-16 17:06:55,noise
6398536130070,6394018894269,T961,11.9,Ana Fischer,2025-09-15 14:20:02,noise
6398536130070,6399722315072,T107,12.1,Ana Fischer,2025-09-15 22:14:35,noise
6398536130070,6393511301796,T107,33.4,Ana Fischer,2025-09-14 19:02:55,noise
6398536130070,6397169427647,T961,16.4,Ana Fischer,2025-09-13 10:27:55,noise
6398536130070,6398584437466,T107,11.6,Ana Fischer,2025-09-13 17:05:01,noise
6398536130070,6395709000192,T107,25.3,Ana Fischer,2025-09-13 09:14:10,noise
6398536130070,6392523329605,T107,29.1,Ana Fischer,2025-09-12 19:00:46,noise
6398536130070,6393299477204,T107,6.0,Ana Fischer,2025-09-12 20:26:43,noise
6398536130070,6397654503285,T107,15.5,Ana Fischer,2025-09-11 18:10:05,noise
6398536130070,6396663971262,T107,9.5,Ana Fischer,2025-09-11 19:23:31,noise
6398536130070,6396956367740,T107,10.6,Ana Fischer,2025-09-11 19:24:37,noise
6398536130070,6396663971262,T107,55.9,Ana Fischer,2025-09-10 13:16:38,noise
6398536130070,6396663971262,T107,10.5,Ana Fischer,2025-09-10 17:25:52,noise
6398536130070,6396663971262,T107,22.5,Ana Fischer,2025-09-09 13:13:59,noise
6398536130070,6392623441780,T961,9.5,Ana Fischer,2025-09-09 20:03:25,noise
6398536130070,6398446041346,T107,14.8,Ana Fischer,2025-09-08 10:23:52,noise
6398536130070,6396956367740,T107,5.6,Ana Fischer,2025-09-08 10:20:12,noise
6398536130070,6395388614739,T107,19.3,Ana Fischer,2025-09-08 12:10:51,noise
6398536130070,6392623441780,T107,17.3,Ana Fischer,2025-09-07 21:07:14,noise
6398536130070,6392623441780,T961,15.5,Ana Fischer,2025-09-07 16:08:29,noise
6398536130070,6396956367740,T961,15.1,Ana Fischer,2025-09-06 14:23:17,noise
6398536130070,6395328992709,T107,17.4,Ana Fischer,2025-09-06 11:25:46,noise
6398536130070,6397176014123,T107,17.3,Ana Fischer,2025-09-05 21:29:57,noise
6398536130070,6391294572959,T961,23.8,Ana Fischer,2025-09-04 09:16:40,noise
6398536130070,6396663971262,T107,10.7,Ana Fischer,2025-09-04 14:20:20,noise
6398536130070,6396956367740,T107,26.8,Ana Fischer,2025-09-04 13:02:33,noise
6398536130070,6396663971262,T961,27.5,Ana Fischer,2025-09-03 14:00:34,noise
6398536130070,6396663971262,T107,26.5,Ana Fischer,2025-09-03 20:09:26,noise
6398536130070,6396956367740,T107,5.4,Ana Fischer,2025-09-02 12:26:54,noise
6398536130070,6396663971262,T961,17.0,Ana Fischer,2025-09-02 17:07:40,noise
6398536130070,6392599009461,T107,10.1,Ana Fischer,2025-09-02 10:12:00,noise
6398536130070,6392623441780,T107,12.9,Ana Fischer,2025-09-01 10:25:07,noise
6398536130070,6392623441780,T961,24.9,Ana Fischer,2025-09-01 10:24:55,noise
6398536130070,6399562839233,T107,4.5,Ana Fischer,2025-08-31 11:24:13,noise
6398536130070,6396956367740,T107,33.7,Ana Fischer,2025-08-31 14:00:12,noise
6398536130070,6396026405795,T107,11.8,Ana Fischer,2025-08-30 12:10:50,noise
6398536130070,6396663971262,T961,12.8,Ana Fischer,2025-08-29 08:21:24,noise
6398536130070,6396663971262,T107,12.1,Ana Fischer,2025-08-29 16:28:34,noise
6398536130070,6396956367740,T107,47.4,Ana Fischer,2025-08-28 12:03:46,noise
6398536130070,6392944941518,T961,15.6,Ana Fischer,2025-08-28 04:06:26,noise
6398536130070,6396956367740,T961,16.2,Ana Fischer,2025-08-28 19:11:47,noise
6398536130070,6396956367740,T107,26.3,Ana Fischer,2025-08-27 10:26:53,noise
6398536130070,6394701982874,T961,7.5,Ana Fischer,2025-08-27 14:22:31,noise
6398536130070,6394602944141,T961,12.1,Ana Fischer,2025-08-27 21:25:27,noise
6398536130070,6392623441780,T961,6.4,Ana Fischer,2025-08-26 12:06:39,noise
6398536130070,6396956367740,T961,14.3,Ana Fischer,2025-08-26 17:20:39,noise
6398536130070,6396663971262,T107,25.6,Ana Fischer,2025-08-25 16:01:26,noise
6398536130070,6392623441780,T107,13.6,Ana Fischer,2025-08-25 22:23:53,noise
6398536130070,6396956367740,T961,9.5,Ana Fischer,2025-08-24 21:18:11,noise
6398536130070,6395289242961,T961,24.9,Ana Fischer,2025-08-24 15:15:03,noise
6398536130070,6396956367740,T107,10.2,Ana Fischer,2025-08-23 10:00:21,noise
6398536130070,6396956367740,T961,36.3,Ana Fischer,2025-08-22 14:30:22,noise
6398536130070,6391054941178,T961,15.1,Ana Fischer,2025-08-21 19:12:35,noise
6398536130070,6391847085587,T961,15.5,Ana Fischer,2025-08-21 08:25:55,noise
6398536130070,6396168850025,T961,25.5,Ana Fischer,2025-08-21 16:06:45,noise
6398536130070,6392182204871,T961,71.5,Ana Fischer,2025-08-20 14:23:36,noise
6398536130070,6396956367740,T107,12.1,Ana Fischer,2025-08-20 01:09:23,noise
6398536130070,6396663971262,T961,8.1,Ana Fischer,2025-08-20 05:04:11,noise
6398536130070,6396663971262,T961,6.3,Ana Fischer,2025-08-19 13:21:04,noise
6398536130070,6397345443862,T107,42.9,Ana Fischer,2025-08-19 11:27:32,noise
6398536130070,6396663971262,T961,38.7,Ana Fischer,2025-08-19 19:26:34,noise
6398536130070,6396663971262,T107,11.0,Ana Fischer,2025-08-18 17:24:30,noise
6398536130070,6396663971262,T107,16.5,Ana Fischer,2025-08-17 22:11:29,noise
6398536130070,6395277555081,T961,10.8,Ana Fischer,2025-08-17 09:19:15,noise
6398536130070,6391847085587,T107,13.9,Ana Fischer,2025-08-16 14:26:27,noise
6398536130070,6396168850025,T961,10.2,Ana Fischer,2025-08-16 13:06:13,noise
6398536130070,6392623441780,T107,7.5,Ana Fischer,2025-08-15 08:06:04,noise
6398536130070,6392623441780,T107,11.3,Ana Fischer,2025-08-15 16:14:57,noise
6398536130070,6396956367740,T107,14.8,Ana Fischer,2025-08-14 12:11:41,noise
6398536130070,6396663971262,T107,12.6,Ana Fischer,2025-08-14 18:28:49,noise
6398536130070,6396956367740,T961,32.9,Ana Fischer,2025-08-13 09:07:28,noise
6398536130070,6393116814799,T107,11.2,Ana Fischer,2025-08-13 10:30:58,noise
6398536130070,6396956367740,T961,8.4,Ana Fischer,2025-08-12 01:14:36,noise
6398536130070,6396663971262,T107,34.6,Ana Fischer,2025-08-12 04:02:28,noise
6398536130070,6396956367740,T961,15.6,Ana Fischer,2025-08-11 21:04:51,noise
6398536130070,6397931099268,T107,25.2,Ana Fischer,2025-08-11 09:24:50,noise
6398536130070,6396663971262,T961,54.5,Ana Fischer,2025-08-11 17:07:16,noise
6398536130070,6396956367740,T961,10.8,Ana Fischer,2025-08-10 01:07:38,noise
6398536130070,6394285686989,T961,5.5,Ana Fischer,2025-08-10 16:10:20,noise
6398536130070,6396956367740,T107,6.0,Ana Fischer,2025-08-09 22:00:58,noise
6398536130070,6392251159617,T107,13.8,Ana Fischer,2025-08-09 18:20:48,noise
6398536130070,6395289242961,T107,41.0,Ana Fischer,2025-08-08 03:07:29,noise
6398536130070,6392623441780,T107,26.6,Ana Fischer,2025-08-08 09:04:04,noise
6398536130070,6396663971262,T107,16.2,Ana Fischer,2025-08-07 10:07:58,noise
6398536130070,6392623441780,T107,10.0,Ana Fischer,2025-08-07 23:09:32,noise
6398536130070,6392623441780,T107,16.2,Ana Fischer,2025-08-06 15:14:30,noise
6398536130070,6395447757108,T107,38.7,Ana Fischer,2025-08-06 11:20:52,noise
6398536130070,6396956367740,T961,9.5,Ana Fischer,2025-08-06 15:23:15,noise
6398536130070,6395388614739,T107,28.9,Ana Fischer,2025-08-05 20:28:04,noise
6398536130070,6392623441780,T107,12.4,Ana Fischer,2025-08-05 13:07:03,noise
6398536130070,6396663971262,T961,4.3,Ana Fischer,2025-08-04 19:10:04,noise
6397931099268,6391294572959,T834,13.3,Omar Wei,2025-10-18 15:18:14,noise
6397931099268,6399042725763,T615,14.3,Omar Wei,2025-10-17 17:30:03,noise
6397931099268,6395388614739,T834,8.8,Omar Wei,2025-10-17 13:18:24,noise
6397931099268,6397176014123,T615,9.2,Omar Wei,2025-10-16 13:10:59,noise
6397931099268,6399042725763,T834,37.8,Omar Wei,2025-10-16 15:03:50,noise
6397931099268,6395388614739,T834,15.4,Omar Wei,2025-10-15 20:16:40,noise
6397931099268,6394485230571,T615,8.9,Omar Wei,2025-10-15 12:27:47,noise
6397931099268,6391294572959,T834,13.0,Omar Wei,2025-10-15 10:10:12,noise
6397931099268,6391294572959,T834,12.5,Omar Wei,2025-10-14 14:18:13,noise
6397931099268,6399042725763,T834,12.3,Omar Wei,2025-10-14 17:08:32,noise
6397931099268,6397671860113,T834,8.5,Omar Wei,2025-10-13 09:05:14,noise
6397931099268,6394855637596,T615,28.0,Omar Wei,2025-10-13 19:02:23,noise
6397931099268,6399042725763,T834,13.7,Omar Wei,2025-10-12 19:30:41,noise
6397931099268,6395388614739,T615,11.6,Omar Wei,2025-10-12 23:29:55,noise
6397931099268,6395388614739,T615,16.9,Omar Wei,2025-10-12 23:17:28,noise
6397931099268,6395388614739,T834,15.1,Omar Wei,2025-10-11 16:03:33,noise
6397931099268,6399697255231,T834,32.5,Omar Wei,2025-10-10 22:30:24,noise
6397931099268,6395388614739,T834,25.0,Omar Wei,2025-10-10 09:21:56,noise
6397931099268,6395388614739,T615,12.1,Omar Wei,2025-10-10 19:23:32,noise
6397931099268,6395388614739,T834,30.4,Omar Wei,2025-10-09 15:06:27,noise
6397931099268,6396782939427,T615,7.5,Omar Wei,2025-10-09 12:24:22,noise
6397931099268,6394285686989,T834,8.0,Omar Wei,2025-10-08 18:26:45,noise
6397931099268,6395388614739,T834,7.0,Omar Wei,2025-10-08 12:13:29,noise
6397931099268,6398578995606,T834,11.2,Omar Wei,2025-10-08 13:16:27,noise
6397931099268,6396026405795,T615,15.2,Omar Wei,2025-10-07 12:13:56,noise
6397931099268,6399042725763,T834,6.8,Omar Wei,2025-10-06 21:09:13,noise
6397931099268,6397515118078,T834,28.8,Omar Wei,2025-10-06 18:03:13,noise
6397931099268,6395388614739,T834,6.2,Omar Wei,2025-10-05 17:19:08,noise
6397931099268,6399042725763,T615,9.0,Omar Wei,2025-10-05 14:26:24,noise
6397931099268,6395388614739,T834,29.1,Omar Wei,2025-10-05 15:22:26,noise
6397931099268,6391294572959,T834,19.3,Omar Wei,2025-10-04 04:27:03,noise
6397931099268,6391981016678,T834,35.1,Omar Wei,2025-10-04 11:21:12,noise
6397931099268,6395388614739,T615,17.0,Omar Wei,2025-10-03 16:21:10,noise
6397931099268,6395388614739,T615,7.2,Omar Wei,2025-10-03 20:30:13,noise
6397931099268,6395264944630,T615,9.0,Omar Wei,2025-10-03 14:07:54,noise
6397931099268,6395388614739,T834,50.3,Omar Wei,2025-10-02 19:15:25,noise
6397931099268,6395388614739,T615,23.6,Omar Wei,2025-10-01 00:12:02,noise
6397931099268,6395388614739,T615,5.0,Omar Wei,2025-10-01 16:14:59,noise
6397931099268,6399828853050,T615,9.0,Omar Wei,2025-09-30 16:26:02,noise
6397931099268,6399042725763,T615,20.1,Omar Wei,2025-09-29 12:22:19,noise
6397931099268,6394602944141,T615,32.4,Omar Wei,2025-09-28 20:02:07,noise
6397931099268,6391294572959,T834,22.0,Omar Wei,2025-09-28 09:04:06,noise
6397931099268,6397931099268,T834,22.2,Omar Wei,2025-09-27 10:20:59,noise
6397931099268,6399042725763,T834,22.8,Omar Wei,2025-09-27 00:19:46,noise
6397931099268,6395388614739,T615,1.9,Omar Wei,2025-09-26 20:04:13,noise
6397931099268,6395388614739,T834,51.6,Omar Wei,2025-09-25 19:30:47,noise
6397931099268,6395388614739,T834,5.0,Omar Wei,2025-09-25 21:30:46,noise
6397931099268,6395388614739,T834,46.2,Omar Wei,2025-09-24 09:02:38,noise
6397931099268,6395388614739,T615,7.7,Omar Wei,2025-09-24 20:28:37,noise
6397931099268,6391294572959,T834,44.6,Omar Wei,2025-09-24 13:09:26,noise
6397931099268,6397931099268,T615,14.8,Omar Wei,2025-09-23 15:17:01,noise
6397931099268,6399042725763,T615,29.6,Omar Wei,2025-09-23 08:01:48,noise
6397931099268,6399042725763,T834,19.8,Omar Wei,2025-09-23 10:01:45,noise
6397931099268,6391294572959,T615,19.8,Omar Wei,2025-09-22 14:08:02,noise
6397931099268,6399857882871,T615,23.1,Omar Wei,2025-09-22 18:30:13,noise
6397931099268,6394369267219,T615,39.9,Omar Wei,2025-09-22 11:14:47,noise
6397931099268,6395289242961,T834,8.9,Omar Wei,2025-09-21 14:18:43,noise
6397931099268,6391294572959,T834,37.3,Omar Wei,2025-09-21 08:21:26,noise
6397931099268,6391294572959,T834,11.1,Omar Wei,2025-09-21 20:14:14,noise
6397931099268,6395388614739,T834,10.0,Omar Wei,2025-09-20 20:28:56,noise
6397931099268,6395388614739,T615,53.9,Omar Wei,2025-09-20 12:02:16,noise
6397931099268,6399042725763,T834,13.7,Omar Wei,2025-09-19 03:07:00,noise
6397931099268,6394863330204,T834,14.9,Omar Wei,2025-09-18 12:20:16,noise
6397931099268,6395388614739,T615,12.3,Omar Wei,2025-09-18 15:28:34,noise
6397931099268,6391294572959,T834,19.5,Omar Wei,2025-09-17 10:04:57,noise
6397931099268,6395388614739,T834,20.8,Omar Wei,2025-09-17 12:19:04,noise
6397931099268,6395388614739,T834,9.3,Omar Wei,2025-09-16 18:00:07,noise
6397931099268,6399042725763,T834,26.0,Omar Wei,2025-09-16 23:12:30,noise
6397931099268,6395388614739,T834,5.0,Omar Wei,2025-09-16 22:00:28,noise
6397931099268,6395388614739,T834,5.9,Omar Wei,2025-09-15 15:17:02,noise
6397931099268,6393511301796,T615,14.8,Omar Wei,2025-09-14 09:04:25,noise
6397931099268,6395388614739,T834,15.0,Omar Wei,2025-09-14 12:22:15,noise
6397931099268,6391294572959,T834,42.3,Omar Wei,2025-09-14 23:25:26,noise
6397931099268,6399042725763,T615,10.3,Omar Wei,2025-09-13 18:15:48,noise
6397931099268,6391294572959,T834,4.4,Omar Wei,2025-09-13 14:13:05,noise
6397931099268,6395388614739,T834,12.7,Omar Wei,2025-09-12 11:08:58,noise
6397931099268,6391294572959,T834,17.1,Omar Wei,2025-09-12 15:21:39,noise
6397931099268,6395388614739,T834,4.5,Omar Wei,2025-09-12 16:11:15,noise
6397931099268,6391294572959,T834,6.9,Omar Wei,2025-09-11 15:10:54,noise
6397931099268,6395863306424,T834,16.6,Omar Wei,2025-09-11 04:23:39,noise
6397931099268,6391294572959,T834,35.0,Omar Wei,2025-09-10 18:24:14,noise
6397931099268,6391296649512,T834,29.1,Omar Wei,2025-09-10 14:14:22,noise
6397931099268,6391294572959,T615,18.5,Omar Wei,2025-09-09 16:05:56,noise
6397931099268,6399042725763,T834,9.0,Omar Wei,2025-09-09 05:24:25,noise
6397931099268,6395557270185,T834,37.0,Omar Wei,2025-09-08 20:25:48,noise
6397931099268,6392089382142,T615,22.1,Omar Wei,2025-09-08 21:12:58,noise
6397931099268,6399042725763,T615,112.0,Omar Wei,2025-09-08 09:26:16,noise
6397931099268,6395388614739,T834,13.0,Omar Wei,2025-09-07 10:12:40,noise
6397931099268,6394285686989,T834,20.7,Omar Wei,2025-09-07 17:28:40,noise
6397931099268,6391024970537,T615,9.5,Omar Wei,2025-09-06 18:17:32,noise
6397931099268,6395388614739,T615,12.3,Omar Wei,2025-09-06 15:14:11,noise
6397931099268,6395388614739,T615,12.3,Omar Wei,2025-09-05 16:22:57,noise
6397931099268,6399042725763,T615,15.2,Omar Wei,2025-09-04 14:10:27,noise
6397931099268,6397317313563,T834,4.4,Omar Wei,2025-09-04 14:08:20,noise
6397931099268,6391294572959,T834,7.4,Omar Wei,2025-09-03 04:05:41,noise
6397931099268,6399042725763,T834,14.8,Omar Wei,2025-09-03 10:12:54,noise
6397931099268,6399042725763,T834,8.9,Omar Wei,2025-09-02 08:16:45,noise
6397931099268,6391294572959,T615,16.4,Omar Wei,2025-09-02 17:15:01,noise
6397931099268,6399042725763,T834,35.2,Omar Wei,2025-09-02 10:23:34,noise
6397931099268,6399042725763,T834,24.6,Omar Wei,2025-09-01 11:28:01,noise
6397931099268,6396397246783,T834,18.1,Omar Wei,2025-09-01 16:11:42,noise
6397931099268,6395388614739,T615,8.5,Omar Wei,2025-08-31 09:26:44,noise
6397931099268,6394485230571,T834,14.8,Omar Wei,2025-08-31 18:20:38,noise
6397931099268,6391294572959,T615,25.1,Omar Wei,2025-08-31 11:05:43,noise
6397931099268,6392599009461,T834,11.2,Omar Wei,2025-08-30 19:19:57,noise
6397931099268,6399042725763,T834,27.0,Omar Wei,2025-08-30 12:13:00,noise
6397931099268,6399429451462,T615,18.4,Omar Wei,2025-08-29 11:03:15,noise
6397931099268,6396934367041,T834,27.8,Omar Wei,2025-08-29 17:27:36,noise
6397931099268,6394334018731,T834,16.6,Omar Wei,2025-08-28 23:12:04,noise
6397931099268,6392089382142,T615,4.2,Omar Wei,2025-08-28 17:02:31,noise
6397931099268,6399961796941,T834,4.4,Omar Wei,2025-08-28 17:16:47,noise
6397931099268,6399429451462,T834,11.4,Omar Wei,2025-08-27 11:20:53,noise
6397931099268,6391294572959,T615,14.5,Omar Wei,2025-08-27 09:27:56,noise
6397931099268,6399042725763,T834,12.6,Omar Wei,2025-08-26 15:10:39,noise
6397931099268,6392251159617,T615,29.4,Omar Wei,2025-08-26 11:27:10,noise
6397931099268,6399042725763,T834,22.0,Omar Wei,2025-08-25 18:03:08,noise
6397931099268,6392249133353,T615,27.9,Omar Wei,2025-08-25 20:15:18,noise
6397931099268,6395289242961,T834,18.5,Omar Wei,2025-08-25 21:23:08,noise
6397931099268,6397515118078,T834,37.9,Omar Wei,2025-08-24 05:28:03,noise
6397931099268,6399828853050,T834,11.5,Omar Wei,2025-08-24 08:15:37,noise
6397931099268,6399722315072,T615,20.8,Omar Wei,2025-08-23 14:06:36,noise
6397931099268,6396026405795,T834,57.3,Omar Wei,2025-08-23 16:25:18,noise
6397931099268,6393502849379,T615,16.0,Omar Wei,2025-08-23 18:05:13,noise
6397931099268,6399042725763,T615,36.6,Omar Wei,2025-08-22 15:04:49,noise
6397931099268,6391294572959,T615,7.6,Omar Wei,2025-08-22 18:01:42,noise
6397931099268,6391294572959,T615,37.5,Omar Wei,2025-08-21 04:30:54,noise
6397931099268,6396609819264,T834,15.9,Omar Wei,2025-08-21 09:01:59,noise
6397931099268,6391294572959,T834,11.5,Omar Wei,2025-08-21 22:30:36,noise
6397931099268,6399042725763,T834,15.6,Omar Wei,2025-08-20 10:10:00,noise
6397931099268,6395388614739,T834,21.9,Omar Wei,2025-08-20 22:17:39,noise
6397931099268,6395388614739,T615,28.4,Omar Wei,2025-08-20 16:28:28,noise
6397931099268,6398389473157,T615,37.1,Omar Wei,2025-08-19 01:19:23,noise
6397931099268,6395388614739,T615,19.8,Omar Wei,2025-08-19 19:03:12,noise
6397931099268,6395388614739,T834,26.6,Omar Wei,2025-08-19 11:13:31,noise
6397931099268,6397515118078,T834,42.9,Omar Wei,2025-08-18 18:15:08,noise
6397931099268,6399042725763,T834,14.1,Omar Wei,2025-08-18 17:27:10,noise
6397931099268,6395388614739,T615,31.8,Omar Wei,2025-08-18 09:15:13,noise
6397931099268,6395388614739,T834,14.8,Omar Wei,2025-08-17 10:24:07,noise
6397931099268,6395388614739,T615,4.3,Omar Wei,2025-08-16 23:08:48,noise
6397931099268,6391294572959,T615,9.7,Omar Wei,2025-08-15 12:00:46,noise
6397931099268,6399042725763,T615,6.7,Omar Wei,2025-08-15 15:20:10,noise
6397931099268,6395863306424,T834,37.8,Omar Wei,2025-08-15 10:25:52,noise
6397931099268,6399042725763,T834,43.1,Omar Wei,2025-08-14 22:26:38,noise
6397931099268,6395388614739,T615,58.0,Omar Wei,2025-08-14 15:16:39,noise
6397931099268,6395388614739,T615,12.6,Omar Wei,2025-08-14 17:19:47,noise
6397931099268,6391294572959,T834,10.7,Omar Wei,2025-08-13 11:27:39,noise
6397931099268,6391294572959,T834,13.3,Omar Wei,2025-08-13 09:12:48,noise
6397931099268,6395388614739,T615,27.6,Omar Wei,2025-08-12 20:09:03,noise
6397931099268,6393511301796,T834,17.3,Omar Wei,2025-08-12 13:17:22,noise
6397931099268,6391294572959,T834,7.0,Omar Wei,2025-08-12 14:26:09,noise
6397931099268,6395388614739,T834,32.5,Omar Wei,2025-08-11 14:29:53,noise
6397931099268,6391294572959,T834,21.7,Omar Wei,2025-08-10 22:05:09,noise
6397931099268,6391294572959,T615,95.8,Omar Wei,2025-08-09 20:00:00,noise
6397931099268,6395388614739,T834,5.7,Omar Wei,2025-08-09 18:12:47,noise
6397931099268,6394602944141,T834,6.8,Omar Wei,2025-08-08 13:07:25,noise
6397931099268,6398645236008,T834,10.9,Omar Wei,2025-08-07 17:11:24,noise
6397931099268,6391294572959,T834,19.1,Omar Wei,2025-08-07 09:21:27,noise
6397931099268,6391294572959,T834,19.5,Omar Wei,2025-08-06 18:17:48,noise
6397931099268,6399042725763,T834,60.1,Omar Wei,2025-08-06 20:19:15,noise
6397931099268,6399722315072,T834,10.6,Omar Wei,2025-08-05 09:15:52,noise
6397931099268,6395388614739,T834,41.1,Omar Wei,2025-08-05 17:04:45,noise
6397931099268,6395388614739,T834,43.7,Omar Wei,2025-08-05 20:18:06,noise
6397931099268,6395388614739,T615,17.4,Omar Wei,2025-08-04 14:27:06,noise
6392584159767,6399095757865,T199,9.6,Ben Anderson,2025-10-18 20:05:32,noise
6392584159767,6399095757865,T402,6.5,Ben Anderson,2025-10-18 02:03:12,noise
6392584159767,6394477195628,T402,8.9,Ben Anderson,2025-10-17 10:19:39,noise
6392584159767,6396863262521,T199,26.7,Ben Anderson,2025-10-17 20:03:28,noise
6392584159767,6399095757865,T402,52.9,Ben Anderson,2025-10-17 17:15:37,noise
6392584159767,6396934367041,T402,39.4,Ben Anderson,2025-10-16 09:30:23,noise
6392584159767,6399095757865,T402,19.2,Ben Anderson,2025-10-16 11:30:03,noise
6392584159767,6394477195628,T199,23.9,Ben Anderson,2025-10-15 11:30:05,noise
6392584159767,6399095757865,T402,36.8,Ben Anderson,2025-10-15 14:03:51,noise
6392584159767,6398584437466,T199,32.0,Ben Anderson,2025-10-15 21:21:03,noise
6392584159767,6399095757865,T199,24.9,Ben Anderson,2025-10-14 02:20:10,noise
6392584159767,6392546307565,T402,27.6,Ben Anderson,2025-10-14 23:23:14,noise
6392584159767,6392599009461,T402,3.2,Ben Anderson,2025-10-13 12:05:13,noise
6392584159767,6399697255231,T199,15.3,Ben Anderson,2025-10-13 11:26:14,noise
6392584159767,6395388614739,T402,44.0,Ben Anderson,2025-10-13 21:22:08,noise
6392584159767,6399095757865,T199,16.7,Ben Anderson,2025-10-12 13:20:48,noise
6392584159767,6396026405795,T199,17.9,Ben Anderson,2025-10-12 08:12:50,noise
6392584159767,6395388614739,T402,75.2,Ben Anderson,2025-10-11 19:17:13,noise
6392584159767,6395388614739,T199,20.8,Ben Anderson,2025-10-11 12:26:38,noise
6392584159767,6394781266670,T199,35.2,Ben Anderson,2025-10-11 04:16:19,noise
6392584159767,6399095757865,T199,11.8,Ben Anderson,2025-10-10 04:20:42,noise
6392584159767,6394477195628,T402,11.8,Ben Anderson,2025-10-10 19:28:49,noise
6392584159767,6399697255231,T402,17.2,Ben Anderson,2025-10-09 22:10:14,noise
6392584159767,6399095757865,T402,6.1,Ben Anderson,2025-10-09 11:18:01,noise
6392584159767,6399095757865,T199,7.7,Ben Anderson,2025-10-08 09:16:40,noise
6392584159767,6394477195628,T199,3.7,Ben Anderson,2025-10-07 18:29:29,noise
6392584159767,6395388614739,T199,54.4,Ben Anderson,2025-10-07 09:03:07,noise
6392584159767,6399095757865,T402,11.9,Ben Anderson,2025-10-06 16:06:36,noise
6392584159767,6394477195628,T402,16.1,Ben Anderson,2025-10-06 11:11:29,noise
6392584159767,6395388614739,T402,14.2,Ben Anderson,2025-10-05 10:13:57,noise
6392584159767,6397317313563,T402,20.0,Ben Anderson,2025-10-05 10:08:31,noise
6392584159767,6391294572959,T402,11.5,Ben Anderson,2025-10-05 13:14:19,noise
6392584159767,6399095757865,T402,11.7,Ben Anderson,2025-10-04 05:13:05,noise
6392584159767,6399095757865,T199,4.5,Ben Anderson,2025-10-03 10:08:45,noise
6392584159767,6399562839233,T402,30.4,Ben Anderson,2025-10-03 15:21:12,noise
6392584159767,6392251159617,T199,17.0,Ben Anderson,2025-10-03 20:25:21,noise
6392584159767,6394477195628,T402,10.5,Ben Anderson,2025-10-02 00:27:10,noise
6392584159767,6399429451462,T402,12.2,Ben Anderson,2025-10-02 10:12:49,noise
6392584159767,6397907454154,T199,19.8,Ben Anderson,2025-10-01 10:17:38,noise
6392584159767,6395388614739,T402,12.6,Ben Anderson,2025-09-30 15:02:08,noise
6392584159767,6399095757865,T199,12.8,Ben Anderson,2025-09-30 02:01:10,noise
6392584159767,6394477195628,T402,33.6,Ben Anderson,2025-09-29 11:25:12,noise
6392584159767,6394477195628,T199,36.2,Ben Anderson,2025-09-29 00:06:03,noise
6392584159767,6399095757865,T199,12.3,Ben Anderson,2025-09-29 12:02:11,noise
6392584159767,6394477195628,T199,22.4,Ben Anderson,2025-09-28 16:15:08,noise
6392584159767,6397398372383,T199,53.4,Ben Anderson,2025-09-28 01:28:04,noise
6392584159767,6399095757865,T402,14.4,Ben Anderson,2025-09-28 12:06:02,noise
6392584159767,6395388614739,T199,23.2,Ben Anderson,2025-09-27 16:27:01,noise
6392584159767,6392623441780,T402,27.5,Ben Anderson,2025-09-27 15:06:41,noise
6392584159767,6395388614739,T402,27.1,Ben Anderson,2025-09-27 13:02:51,noise
6392584159767,6395388614739,T402,3.9,Ben Anderson,2025-09-26 17:09:10,noise
6392584159767,6398096864787,T199,29.4,Ben Anderson,2025-09-26 17:28:32,noise
6392584159767,6399095757865,T199,21.5,Ben Anderson,2025-09-26 20:05:26,noise
6392584159767,6395277555081,T402,5.4,Ben Anderson,2025-09-25 20:14:47,noise
6392584159767,6399095757865,T402,13.5,Ben Anderson,2025-09-25 17:10:29,noise
6392584159767,6399119973715,T199,13.1,Ben Anderson,2025-09-24 10:10:54,noise
6392584159767,6395388614739,T402,10.0,Ben Anderson,2025-09-23 17:14:07,noise
6392584159767,6398536130070,T199,9.0,Ben Anderson,2025-09-22 12:19:13,noise
6392584159767,6395388614739,T402,21.8,Ben Anderson,2025-09-22 05:17:14,noise
6392584159767,6399562839233,T402,5.5,Ben Anderson,2025-09-21 17:05:29,noise
6392584159767,6399095757865,T402,2.6,Ben Anderson,2025-09-21 08:29:39,noise
6392584159767,6399095757865,T199,8.4,Ben Anderson,2025-09-20 16:08:46,noise
6392584159767,6395289242961,T402,9.3,Ben Anderson,2025-09-20 20:28:20,noise
6392584159767,6392623441780,T199,23.7,Ben Anderson,2025-09-19 16:30:25,noise
6392584159767,6395388614739,T402,26.5,Ben Anderson,2025-09-19 09:00:20,noise
6392584159767,6399095757865,T199,29.8,Ben Anderson,2025-09-19 16:21:34,noise
6392584159767,6395388614739,T402,11.8,Ben Anderson,2025-09-18 03:04:00,noise
6392584159767,6399095757865,T402,25.5,Ben Anderson,2025-09-18 05:09:05,noise
6392584159767,6394018894269,T402,29.3,Ben Anderson,2025-09-17 16:18:44,noise
6392584159767,6395388614739,T199,5.8,Ben Anderson,2025-09-16 16:29:55,noise
6392584159767,6391697329269,T199,21.9,Ben Anderson,2025-09-16 13:13:07,noise
6392584159767,6394477195628,T402,9.1,Ben Anderson,2025-09-15 10:03:17,noise
6392584159767,6399095757865,T402,8.5,Ben Anderson,2025-09-15 16:08:26,noise
6392584159767,6394602944141,T402,1.9,Ben Anderson,2025-09-14 14:17:39,noise
6392584159767,6395388614739,T199,8.4,Ben Anderson,2025-09-14 08:24:37,noise
6392584159767,6395388614739,T402,18.1,Ben Anderson,2025-09-14 08:04:05,noise
6392584159767,6395388614739,T402,14.9,Ben Anderson,2025-09-13 21:08:52,noise
6392584159767,6395388614739,T199,13.0,Ben Anderson,2025-09-13 16:05:32,noise
6392584159767,6399095757865,T402,14.3,Ben Anderson,2025-09-12 21:09:58,noise
6392584159767,6399095757865,T199,9.8,Ben Anderson,2025-09-12 18:09:03,noise
6392584159767,6397959530865,T402,5.7,Ben Anderson,2025-09-12 14:28:32,noise
6392584159767,6395388614739,T402,21.4,Ben Anderson,2025-09-11 08:11:21,noise
6392584159767,6395388614739,T402,14.0,Ben Anderson,2025-09-11 21:16:52,noise
6392584159767,6399095757865,T199,10.7,Ben Anderson,2025-09-10 20:21:04,noise
6392584159767,6399095757865,T402,5.7,Ben Anderson,2025-09-10 09:09:33,noise
6392584159767,6399857882871,T199,17.3,Ben Anderson,2025-09-10 14:09:00,noise
6392584159767,6399095757865,T199,21.9,Ben Anderson,2025-09-09 20:25:05,noise
6392584159767,6399095757865,T199,36.9,Ben Anderson,2025-09-09 20:00:44,noise
6392584159767,6394477195628,T402,6.0,Ben Anderson,2025-09-09 13:14:22,noise
6392584159767,6397515118078,T402,9.8,Ben Anderson,2025-09-08 15:27:45,noise
6392584159767,6394477195628,T199,15.1,Ben Anderson,2025-09-07 10:11:21,noise
6392584159767,6391917476319,T199,75.4,Ben Anderson,2025-09-06 20:11:49,noise
6392584159767,6391936644374,T199,24.7,Ben Anderson,2025-09-05 20:20:23,noise
6392584159767,6397671860113,T402,39.0,Ben Anderson,2025-09-05 13:14:25,noise
6392584159767,6395388614739,T199,27.3,Ben Anderson,2025-09-05 10:27:34,noise
6392584159767,6395388614739,T199,15.2,Ben Anderson,2025-09-04 19:01:21,noise
6392584159767,6399095757865,T199,15.1,Ben Anderson,2025-09-04 21:11:11,noise
6392584159767,6399095757865,T199,50.2,Ben Anderson,2025-09-03 18:29:19,noise
6392584159767,6398389473157,T199,52.8,Ben Anderson,2025-09-03 13:10:43,noise
6392584159767,6395034822866,T402,18.5,Ben Anderson,2025-09-03 03:03:46,noise
6392584159767,6394477195628,T402,17.8,Ben Anderson,2025-09-02 08:03:58,noise
6392584159767,6397872153794,T402,0.9,Ben Anderson,2025-09-02 14:14:18,noise
6392584159767,6391847085587,T199,7.3,Ben Anderson,2025-09-02 19:19:25,noise
6392584159767,6395289242961,T199,11.8,Ben Anderson,2025-09-01 19:19:20,noise
6392584159767,6397357048476,T402,51.7,Ben Anderson,2025-09-01 12:24:32,noise
6392584159767,6392385746157,T402,16.6,Ben Anderson,2025-08-31 08:12:57,noise
6392584159767,6394477195628,T402,11.2,Ben Anderson,2025-08-31 15:00:37,noise
6392584159767,6399095757865,T199,25.6,Ben Anderson,2025-08-30 16:07:59,noise
6392584159767,6393511301796,T402,21.7,Ben Anderson,2025-08-29 13:22:55,noise
6392584159767,6394485230571,T199,18.0,Ben Anderson,2025-08-29 10:22:22,noise
6392584159767,6395388614739,T402,52.0,Ben Anderson,2025-08-28 15:12:54,noise
6392584159767,6395388614739,T402,38.6,Ben Anderson,2025-08-28 02:10:25,noise
6392584159767,6399095757865,T402,10.1,Ben Anderson,2025-08-28 18:19:13,noise
6392584159767,6395388614739,T402,34.5,Ben Anderson,2025-08-27 10:01:43,noise
6392584159767,6399095757865,T402,28.9,Ben Anderson,2025-08-27 12:27:07,noise
6392584159767,6393474215565,T199,26.2,Ben Anderson,2025-08-27 09:24:17,noise
6392584159767,6395388614739,T402,34.7,Ben Anderson,2025-08-26 22:07:07,noise
6392584159767,6397959530865,T402,17.2,Ben Anderson,2025-08-25 15:15:24,noise
6392584159767,6399907611720,T199,10.4,Ben Anderson,2025-08-25 08:21:57,noise
6392584159767,6396212810153,T402,24.4,Ben Anderson,2025-08-24 20:29:40,noise
6392584159767,6394477195628,T199,12.1,Ben Anderson,2025-08-24 01:27:40,noise
6392584159767,6395388614739,T402,36.3,Ben Anderson,2025-08-24 12:22:26,noise
6392584159767,6399095757865,T402,2.3,Ben Anderson,2025-08-23 19:26:10,noise
6392584159767,6391054941178,T199,9.1,Ben Anderson,2025-08-23 23:30:17,noise
6392584159767,6394477195628,T402,9.1,Ben Anderson,2025-08-23 11:16:39,noise
6392584159767,6395388614739,T402,21.9,Ben Anderson,2025-08-22 11:05:40,noise
6392584159767,6394389103334,T402,32.5,Ben Anderson,2025-08-22 13:07:21,noise
6392584159767,6394477195628,T402,12.2,Ben Anderson,2025-08-22 13:21:47,noise
6392584159767,6395104602062,T402,21.0,Ben Anderson,2025-08-21 11:25:46,noise
6392584159767,6394477195628,T402,9.8,Ben Anderson,2025-08-21 00:15:59,noise
6392584159767,6394477195628,T402,32.3,Ben Anderson,2025-08-20 17:20:03,noise
6392584159767,6394477195628,T199,27.0,Ben Anderson,2025-08-20 20:17:29,noise
6392584159767,6399722315072,T402,14.5,Ben Anderson,2025-08-20 02:24:54,noise
6392584159767,6394389103334,T199,11.1,Ben Anderson,2025-08-19 12:03:01,noise
6392584159767,6394477195628,T199,27.1,Ben Anderson,2025-08-19 18:13:00,noise
6392584159767,6397398372383,T402,16.4,Ben Anderson,2025-08-18 21:04:47,noise
6392584159767,6392385746157,T199,11.6,Ben Anderson,2025-08-18 12:15:17,noise
6392584159767,6399095757865,T199,20.1,Ben Anderson,2025-08-18 18:15:52,noise
6392584159767,6391936644374,T402,9.2,Ben Anderson,2025-08-17 15:08:31,noise
6392584159767,6395388614739,T199,11.7,Ben Anderson,2025-08-16 12:13:54,noise
6392584159767,6395388614739,T199,28.0,Ben Anderson,2025-08-16 11:09:24,noise
6392584159767,6397931099268,T199,16.1,Ben Anderson,2025-08-15 05:08:34,noise
6392584159767,6395388614739,T199,7.2,Ben Anderson,2025-08-14 17:28:09,noise
6392584159767,6399406323212,T402,37.0,Ben Anderson,2025-08-14 04:00:42,noise
6392584159767,6395388614739,T199,17.5,Ben Anderson,2025-08-13 23:07:02,noise
6392584159767,6393474215565,T199,12.2,Ben Anderson,2025-08-12 10:21:12,noise
6392584159767,6399095757865,T199,48.4,Ben Anderson,2025-08-12 03:02:36,noise
6392584159767,6395388614739,T402,9.5,Ben Anderson,2025-08-11 12:25:57,noise
6392584159767,6399095757865,T402,15.2,Ben Anderson,2025-08-11 08:10:32,noise
6392584159767,6394477195628,T402,17.9,Ben Anderson,2025-08-10 17:25:56,noise
6392584159767,6394477195628,T199,136.9,Ben Anderson,2025-08-10 19:09:56,noise
6392584159767,6395388614739,T199,15.6,Ben Anderson,2025-08-09 05:11:44,noise
6392584159767,6394018894269,T402,13.0,Ben Anderson,2025-08-09 19:25:29,noise
6392584159767,6394477195628,T402,26.4,Ben Anderson,2025-08-08 19:12:11,noise
6392584159767,6394477195628,T402,12.3,Ben Anderson,2025-08-07 10:15:07,noise
6392584159767,6394477195628,T402,13.0,Ben Anderson,2025-08-06 17:06:11,noise
6392584159767,6397033353739,T199,17.3,Ben Anderson,2025-08-06 14:30:41,noise
6392584159767,6391054941178,T402,3.7,Ben Anderson,2025-08-05 18:28:20,noise
6392584159767,6399095757865,T199,10.0,Ben Anderson,2025-08-05 12:29:52,noise
6392584159767,6395388614739,T402,20.5,Ben Anderson,2025-08-05 16:03:09,noise
6392584159767,6395388614739,T402,5.3,Ben Anderson,2025-08-04 10:08:31,noise
6392584159767,6398645236008,T402,27.6,Ben Anderson,2025-08-04 18:20:49,noise
6392584159767,6395277555081,T199,17.4,Ben Anderson,2025-08-04 04:20:28,noise
6398175003577,6398578995606,T581,87.6,Fahad Wei,2025-12-22 14:26:52,noise
6398175003577,6394485230571,T581,276.7,Fahad Wei,2025-11-21 11:00:07,noise
6398175003577,6397169427647,T581,142.3,Fahad Wei,2025-11-27 10:16:26,noise
6398175003577,6399562839233,T581,23.6,Fahad Wei,2025-12-19 16:03:28,noise
6398175003577,6393958914953,T581,167.8,Fahad Wei,2025-12-12 05:09:20,noise
6398175003577,6398389473157,T581,71.4,Fahad Wei,2025-12-02 08:00:10,noise
6398175003577,6395388614739,T581,69.6,Fahad Wei,2025-12-06 11:02:52,noise
6398175003577,6397931099268,T581,203.7,Fahad Wei,2025-12-02 01:04:19,noise
6398175003577,6399722315072,T581,149.2,Fahad Wei,2025-11-18 13:07:03,noise
6396433624746,6396863262521,T862,9.8,Lena Kim,2025-10-18 09:00:47,noise
6396433624746,6399828853050,T160,2.8,Lena Kim,2025-10-17 17:09:14,noise
6396433624746,6397654503285,T862,11.8,Lena Kim,2025-10-17 20:17:18,noise
6396433624746,6395709000192,T862,9.1,Lena Kim,2025-10-16 08:19:09,noise
6396433624746,6396863262521,T160,13.2,Lena Kim,2025-10-16 14:03:28,noise
6396433624746,6398645236008,T862,12.3,Lena Kim,2025-10-15 16:08:01,noise
6396433624746,6395709000192,T862,18.6,Lena Kim,2025-10-15 16:30:31,noise
6396433624746,6399562839233,T160,12.2,Lena Kim,2025-10-14 18:30:15,noise
6396433624746,6391917476319,T862,8.5,Lena Kim,2025-10-14 22:01:37,noise
6396433624746,6396863262521,T160,11.9,Lena Kim,2025-10-13 08:28:10,noise
6396433624746,6396863262521,T862,3.1,Lena Kim,2025-10-13 11:24:35,noise
6396433624746,6398578995606,T862,9.2,Lena Kim,2025-10-12 15:18:59,noise
6396433624746,6396026405795,T160,11.7,Lena Kim,2025-10-12 09:05:00,noise
6396433624746,6395328992709,T862,3.2,Lena Kim,2025-10-12 15:02:49,noise
6396433624746,6396863262521,T862,10.2,Lena Kim,2025-10-11 15:08:16,noise
6396433624746,6395709000192,T862,23.2,Lena Kim,2025-10-11 12:04:06,noise
6396433624746,6395709000192,T160,15.2,Lena Kim,2025-10-11 22:25:37,noise
6396433624746,6392385746157,T862,15.3,Lena Kim,2025-10-10 20:20:02,noise
6396433624746,6396863262521,T862,30.8,Lena Kim,2025-10-10 15:28:59,noise
6396433624746,6395709000192,T862,25.0,Lena Kim,2025-10-10 14:10:18,noise
6396433624746,6392251159617,T862,7.8,Lena Kim,2025-10-09 13:11:15,noise
6396433624746,6392599009461,T160,13.2,Lena Kim,2025-10-09 08:07:41,noise
6396433624746,6396863262521,T862,22.8,Lena Kim,2025-10-08 09:15:20,noise
6396433624746,6396863262521,T862,14.6,Lena Kim,2025-10-08 14:29:39,noise
6396433624746,6397515118078,T160,17.3,Lena Kim,2025-10-07 13:13:22,noise
6396433624746,6396863262521,T862,12.5,Lena Kim,2025-10-07 19:12:02,noise
6396433624746,6396863262521,T862,9.9,Lena Kim,2025-10-07 23:19:57,noise
6396433624746,6397685492906,T862,11.3,Lena Kim,2025-10-06 05:19:10,noise
6396433624746,6391054941178,T862,10.5,Lena Kim,2025-10-06 11:11:50,noise
6396433624746,6396863262521,T862,26.6,Lena Kim,2025-10-05 09:09:31,noise
6396433624746,6397685492906,T160,31.5,Lena Kim,2025-10-05 10:21:50,noise
6396433624746,6395709000192,T160,9.1,Lena Kim,2025-10-04 23:26:59,noise
6396433624746,6396863262521,T862,13.7,Lena Kim,2025-10-04 12:30:25,noise
6396433624746,6395709000192,T862,26.0,Lena Kim,2025-10-03 20:05:17,noise
6396433624746,6397515118078,T862,9.6,Lena Kim,2025-10-03 05:24:50,noise
6396433624746,6395709000192,T862,7.4,Lena Kim,2025-10-02 11:00:19,noise
6396433624746,6396863262521,T160,56.9,Lena Kim,2025-10-02 11:14:40,noise
6396433624746,6396863262521,T862,18.3,Lena Kim,2025-10-02 21:11:05,noise
6396433624746,6395328992709,T862,8.2,Lena Kim,2025-10-01 12:03:53,noise
6396433624746,6396863262521,T160,13.3,Lena Kim,2025-10-01 22:01:56,noise
6396433624746,6396863262521,T862,10.5,Lena Kim,2025-09-30 13:11:21,noise
6396433624746,6395709000192,T862,14.5,Lena Kim,2025-09-30 11:29:40,noise
6396433624746,6396863262521,T862,8.3,Lena Kim,2025-09-29 21:10:25,noise
6396433624746,6395709000192,T862,12.2,Lena Kim,2025-09-29 00:14:50,noise
6396433624746,6396863262521,T160,12.5,Lena Kim,2025-09-29 14:18:33,noise
6396433624746,6395709000192,T160,6.0,Lena Kim,2025-09-28 13:21:06,noise
6396433624746,6396863262521,T862,23.3,Lena Kim,2025-09-28 04:24:21,noise
6396433624746,6396863262521,T862,16.0,Lena Kim,2025-09-27 11:08:34,noise
6396433624746,6396863262521,T862,2.0,Lena Kim,2025-09-27 10:23:51,noise
6396433624746,6391294572959,T160,12.5,Lena Kim,2025-09-27 18:21:19,noise
6396433624746,6391847085587,T862,7.7,Lena Kim,2025-09-26 12:16:01,noise
6396433624746,6398536130070,T160,19.2,Lena Kim,2025-09-25 18:25:03,noise
6396433624746,6391024970537,T160,13.9,Lena Kim,2025-09-24 12:12:32,noise
6396433624746,6395709000192,T862,18.9,Lena Kim,2025-09-24 11:06:56,noise
6396433624746,6391697329269,T862,28.4,Lena Kim,2025-09-24 16:24:36,noise
6396433624746,6396863262521,T862,46.3,Lena Kim,2025-09-23 18:17:10,noise
6396433624746,6395709000192,T862,20.4,Lena Kim,2025-09-23 13:24:13,noise
6396433624746,6395709000192,T862,8.1,Lena Kim,2025-09-22 18:12:08,noise
6396433624746,6395086222587,T160,24.0,Lena Kim,2025-09-21 16:23:05,noise
6396433624746,6396863262521,T862,14.8,Lena Kim,2025-09-21 17:28:13,noise
6396433624746,6396863262521,T160,16.8,Lena Kim,2025-09-20 20:02:06,noise
6396433624746,6395709000192,T862,5.3,Lena Kim,2025-09-20 16:25:01,noise
6396433624746,6398536130070,T862,21.9,Lena Kim,2025-09-19 14:17:58,noise
6396433624746,6395289242961,T862,18.0,Lena Kim,2025-09-19 23:21:36,noise
6396433624746,6395709000192,T160,7.4,Lena Kim,2025-09-18 11:20:28,noise
6396433624746,6396863262521,T862,18.1,Lena Kim,2025-09-18 09:01:54,noise
6396433624746,6391644392848,T862,18.2,Lena Kim,2025-09-17 12:03:56,noise
6396433624746,6395709000192,T862,14.9,Lena Kim,2025-09-16 12:29:28,noise
6396433624746,6398389473157,T862,16.8,Lena Kim,2025-09-16 14:08:42,noise
6396433624746,6394334018731,T160,35.8,Lena Kim,2025-09-15 16:17:50,noise
6396433624746,6395709000192,T160,14.0,Lena Kim,2025-09-15 09:00:28,noise
6396433624746,6396863262521,T160,9.6,Lena Kim,2025-09-14 09:08:36,noise
6396433624746,6395709000192,T160,23.7,Lena Kim,2025-09-14 05:27:34,noise
6396433624746,6395709000192,T160,6.3,Lena Kim,2025-09-14 05:18:21,noise
6396433624746,6395709000192,T160,33.1,Lena Kim,2025-09-13 16:07:43,noise
6396433624746,6396782939427,T862,13.2,Lena Kim,2025-09-13 19:05:11,noise
6396433624746,6395709000192,T160,4.4,Lena Kim,2025-09-12 12:17:10,noise
6396433624746,6396863262521,T862,20.6,Lena Kim,2025-09-12 20:24:53,noise
6396433624746,6396863262521,T862,11.0,Lena Kim,2025-09-12 18:03:43,noise
6396433624746,6395709000192,T862,24.4,Lena Kim,2025-09-11 20:25:12,noise
6396433624746,6395709000192,T862,20.9,Lena Kim,2025-09-10 01:28:58,noise
6396433624746,6395709000192,T862,12.2,Lena Kim,2025-09-10 20:06:02,noise
6396433624746,6396863262521,T862,10.3,Lena Kim,2025-09-10 21:01:59,noise
6396433624746,6397345443862,T862,33.8,Lena Kim,2025-09-09 17:22:36,noise
6396433624746,6392182204871,T160,48.2,Lena Kim,2025-09-09 14:10:34,noise
6396433624746,6397872153794,T862,123.0,Lena Kim,2025-09-08 08:19:45,noise
6396433624746,6393318640912,T862,23.4,Lena Kim,2025-09-08 11:17:43,noise
6396433624746,6395709000192,T862,14.8,Lena Kim,2025-09-07 14:25:11,noise
6396433624746,6396026405795,T862,14.8,Lena Kim,2025-09-06 01:15:26,noise
6396433624746,6396863262521,T862,16.1,Lena Kim,2025-09-05 10:06:02,noise
6396433624746,6392251159617,T862,16.9,Lena Kim,2025-09-05 08:03:09,noise
6396433624746,6396863262521,T862,9.1,Lena Kim,2025-09-04 18:25:14,noise
6396433624746,6396863262521,T160,14.1,Lena Kim,2025-09-03 19:16:41,noise
6396433624746,6391936644374,T862,5.8,Lena Kim,2025-09-03 17:08:35,noise
6396433624746,6396284057733,T862,12.1,Lena Kim,2025-09-02 13:17:21,noise
6396433624746,6395709000192,T862,78.5,Lena Kim,2025-09-02 18:17:53,noise
6396433624746,6397169427647,T862,10.5,Lena Kim,2025-09-01 08:28:02,noise
6396433624746,6396863262521,T862,69.5,Lena Kim,2025-09-01 17:29:53,noise
6396433624746,6393116814799,T160,11.4,Lena Kim,2025-08-31 23:04:14,noise
6396433624746,6397515118078,T862,11.8,Lena Kim,2025-08-31 19:00:26,noise
6396433624746,6395709000192,T160,25.3,Lena Kim,2025-08-30 22:28:16,noise
6396433624746,6398578995606,T862,18.8,Lena Kim,2025-08-29 21:08:49,noise
6396433624746,6394855637596,T862,7.4,Lena Kim,2025-08-28 13:09:06,noise
6396433624746,6398536130070,T862,9.2,Lena Kim,2025-08-28 20:26:35,noise
6396433624746,6396863262521,T862,22.2,Lena Kim,2025-08-27 09:10:03,noise
6396433624746,6398389473157,T862,44.6,Lena Kim,2025-08-27 08:02:48,noise
6396433624746,6395709000192,T862,34.1,Lena Kim,2025-08-26 16:05:49,noise
6396433624746,6395709000192,T862,21.4,Lena Kim,2025-08-26 09:12:36,noise
6396433624746,6393474215565,T160,7.8,Lena Kim,2025-08-25 08:23:27,noise
6396433624746,6395709000192,T160,16.7,Lena Kim,2025-08-25 22:26:52,noise
6396433624746,6395388614739,T160,20.8,Lena Kim,2025-08-25 13:01:56,noise
6396433624746,6395709000192,T862,16.2,Lena Kim,2025-08-24 10:00:02,noise
6396433624746,6398313094253,T862,31.9,Lena Kim,2025-08-24 14:08:47,noise
6396433624746,6399119973715,T862,9.4,Lena Kim,2025-08-24 20:00:22,noise
6396433624746,6398584437466,T862,7.5,Lena Kim,2025-08-23 08:01:51,noise
6396433624746,6397398372383,T862,7.7,Lena Kim,2025-08-22 20:05:43,noise
6396433624746,6396863262521,T862,16.3,Lena Kim,2025-08-21 14:12:47,noise
6396433624746,6391296649512,T160,20.6,Lena Kim,2025-08-21 18:21:31,noise
6396433624746,6395709000192,T862,50.0,Lena Kim,2025-08-20 02:01:21,noise
6396433624746,6398389473157,T160,20.1,Lena Kim,2025-08-20 19:29:55,noise
6396433624746,6396863262521,T160,11.6,Lena Kim,2025-08-19 11:19:59,noise
6396433624746,6396863262521,T160,59.2,Lena Kim,2025-08-19 13:02:53,noise
6396433624746,6396863262521,T160,9.3,Lena Kim,2025-08-18 14:30:11,noise
6396433624746,6395264944630,T862,10.0,Lena Kim,2025-08-17 17:03:14,noise
6396433624746,6395709000192,T862,32.1,Lena Kim,2025-08-17 19:30:15,noise
6396433624746,6397959530865,T862,23.2,Lena Kim,2025-08-17 10:15:04,noise
6396433624746,6395709000192,T862,13.4,Lena Kim,2025-08-16 18:11:20,noise
6396433624746,6396863262521,T862,33.7,Lena Kim,2025-08-16 16:03:04,noise
6396433624746,6399119973715,T160,8.9,Lena Kim,2025-08-16 21:04:14,noise
6396433624746,6395557270185,T862,42.0,Lena Kim,2025-08-15 19:10:37,noise
6396433624746,6395863306424,T160,18.9,Lena Kim,2025-08-15 17:29:00,noise
6396433624746,6395709000192,T862,5.0,Lena Kim,2025-08-14 10:09:06,noise
6396433624746,6395709000192,T862,25.8,Lena Kim,2025-08-14 18:10:19,noise
6396433624746,6393511301796,T862,24.0,Lena Kim,2025-08-13 17:13:58,noise
6396433624746,6395709000192,T160,8.2,Lena Kim,2025-08-13 15:19:41,noise
6396433624746,6396863262521,T862,6.7,Lena Kim,2025-08-12 08:01:40,noise
6396433624746,6392691285953,T862,28.7,Lena Kim,2025-08-11 20:01:20,noise
6396433624746,6396863262521,T160,20.3,Lena Kim,2025-08-11 00:04:24,noise
6396433624746,6396863262521,T862,15.5,Lena Kim,2025-08-10 20:05:49,noise
6396433624746,6395709000192,T160,7.6,Lena Kim,2025-08-09 18:23:49,noise
6396433624746,6398175003577,T160,8.3,Lena Kim,2025-08-09 19:23:03,noise
6396433624746,6396863262521,T862,14.1,Lena Kim,2025-08-08 21:19:44,noise
6396433624746,6394995994848,T862,11.8,Lena Kim,2025-08-08 18:02:23,noise
6396433624746,6392623441780,T160,25.0,Lena Kim,2025-08-08 18:18:11,noise
6396433624746,6392623441780,T160,11.3,Lena Kim,2025-08-07 14:24:11,noise
6396433624746,6395709000192,T862,15.0,Lena Kim,2025-08-06 22:14:48,noise
6396433624746,6392523329605,T862,12.6,Lena Kim,2025-08-06 20:03:50,noise
6396433624746,6399095757865,T160,10.8,Lena Kim,2025-08-06 16:19:56,noise
6396433624746,6396863262521,T862,14.1,Lena Kim,2025-08-05 08:30:48,noise
6396433624746,6398389473157,T862,14.4,Lena Kim,2025-08-04 22:13:14,noise
6396433624746,6396956367740,T862,14.3,Lena Kim,2025-08-04 12:28:49,noise
6396433624746,6395709000192,T160,12.3,Lena Kim,2025-08-04 03:29:23,noise
6391697329269,6395738348726,T236,121.9,Cara Anderson,2025-10-18 08:14:26,noise
6391697329269,6391917476319,T828,28.1,Cara Anderson,2025-10-18 14:16:11,noise
6391697329269,6391697329269,T236,44.1,Cara Anderson,2025-10-17 19:16:30,noise
6391697329269,6396934367041,T236,32.6,Cara Anderson,2025-10-17 11:01:52,noise
6391697329269,6391024970537,T828,5.0,Cara Anderson,2025-10-16 17:05:16,noise
6391697329269,6391024970537,T236,8.6,Cara Anderson,2025-10-16 16:02:58,noise
6391697329269,6395464499442,T828,12.4,Cara Anderson,2025-10-16 13:08:36,noise
6391697329269,6396934367041,T828,13.8,Cara Anderson,2025-10-15 13:24:58,noise
6391697329269,6391024970537,T828,28.1,Cara Anderson,2025-10-15 09:26:10,noise
6391697329269,6394995994848,T828,27.2,Cara Anderson,2025-10-14 20:05:00,noise
6391697329269,6399907611720,T828,19.4,Cara Anderson,2025-10-14 10:21:43,noise
6391697329269,6396934367041,T828,25.1,Cara Anderson,2025-10-13 02:23:35,noise
6391697329269,6392249133353,T828,9.7,Cara Anderson,2025-10-12 20:18:45,noise
6391697329269,6391024970537,T828,40.5,Cara Anderson,2025-10-12 23:18:56,noise
6391697329269,6396934367041,T828,15.8,Cara Anderson,2025-10-11 13:29:01,noise
6391697329269,6391917476319,T828,16.9,Cara Anderson,2025-10-11 16:01:06,noise
6391697329269,6396934367041,T828,18.6,Cara Anderson,2025-10-11 17:22:35,noise
6391697329269,6391917476319,T236,4.7,Cara Anderson,2025-10-10 15:29:03,noise
6391697329269,6391917476319,T828,38.8,Cara Anderson,2025-10-10 15:18:00,noise
6391697329269,6391917476319,T828,27.8,Cara Anderson,2025-10-09 10:23:08,noise
6391697329269,6391024970537,T828,32.9,Cara Anderson,2025-10-09 12:20:53,noise
6391697329269,6391917476319,T828,13.5,Cara Anderson,2025-10-08 16:11:26,noise
6391697329269,6396934367041,T236,7.4,Cara Anderson,2025-10-08 17:04:12,noise
6391697329269,6396934367041,T828,5.6,Cara Anderson,2025-10-07 13:23:52,noise
6391697329269,6396934367041,T236,21.3,Cara Anderson,2025-10-06 19:11:03,noise
6391697329269,6396934367041,T236,15.9,Cara Anderson,2025-10-05 20:22:59,noise
6391697329269,6394018894269,T828,15.1,Cara Anderson,2025-10-04 08:29:25,noise
6391697329269,6396934367041,T828,13.0,Cara Anderson,2025-10-04 13:00:47,noise
6391697329269,6391024970537,T236,44.2,Cara Anderson,2025-10-03 23:06:05,noise
6391697329269,6391917476319,T236,13.9,Cara Anderson,2025-10-03 14:19:33,noise
6391697329269,6394018894269,T828,17.2,Cara Anderson,2025-10-02 21:06:08,noise
6391697329269,6393502849379,T828,5.5,Cara Anderson,2025-10-02 14:03:51,noise
6391697329269,6391917476319,T828,15.1,Cara Anderson,2025-10-01 13:25:29,noise
6391697329269,6391917476319,T828,16.0,Cara Anderson,2025-10-01 23:07:17,noise
6391697329269,6393502849379,T828,5.7,Cara Anderson,2025-09-30 02:25:50,noise
6391697329269,6394369267219,T236,27.5,Cara Anderson,2025-09-30 19:11:58,noise
6391697329269,6396934367041,T828,27.4,Cara Anderson,2025-09-29 19:19:18,noise
6391697329269,6391024970537,T828,37.4,Cara Anderson,2025-09-29 10:11:43,noise
6391697329269,6391024970537,T236,16.9,Cara Anderson,2025-09-28 04:24:55,noise
6391697329269,6397671860113,T828,26.7,Cara Anderson,2025-09-27 20:06:42,noise
6391697329269,6391917476319,T828,19.4,Cara Anderson,2025-09-27 02:03:57,noise
6391697329269,6391024970537,T828,28.2,Cara Anderson,2025-09-26 14:10:55,noise
6391697329269,6391024970537,T236,4.3,Cara Anderson,2025-09-26 18:22:00,noise
6391697329269,6394477195628,T828,8.5,Cara Anderson,2025-09-25 23:02:49,noise
6391697329269,6397424123950,T236,49.0,Cara Anderson,2025-09-25 00:04:15,noise
6391697329269,6392251159617,T236,14.2,Cara Anderson,2025-09-25 15:13:02,noise
6391697329269,6391917476319,T236,6.3,Cara Anderson,2025-09-24 23:30:32,noise
6391697329269,6391917476319,T236,13.5,Cara Anderson,2025-09-24 17:17:33,noise
6391697329269,6391936644374,T828,58.4,Cara Anderson,2025-09-23 17:17:42,noise
6391697329269,6391917476319,T828,23.5,Cara Anderson,2025-09-22 16:04:12,noise
6391697329269,6391024970537,T828,13.0,Cara Anderson,2025-09-22 02:03:18,noise
6391697329269,6397345443862,T236,19.6,Cara Anderson,2025-09-21 08:07:14,noise
6391697329269,6396934367041,T828,9.6,Cara Anderson,2025-09-20 12:07:42,noise
6391697329269,6396934367041,T828,29.7,Cara Anderson,2025-09-19 00:17:45,noise
6391697329269,6398313094253,T828,26.0,Cara Anderson,2025-09-18 16:17:07,noise
6391697329269,6391024970537,T236,29.7,Cara Anderson,2025-09-18 09:28:17,noise
6391697329269,6396934367041,T236,8.0,Cara Anderson,2025-09-18 19:06:46,noise
6391697329269,6392089382142,T828,76.9,Cara Anderson,2025-09-17 08:17:28,noise
6391697329269,6396934367041,T828,8.4,Cara Anderson,2025-09-16 10:07:19,noise
6391697329269,6396934367041,T828,16.5,Cara Anderson,2025-09-15 19:23:28,noise
6391697329269,6399562839233,T828,9.3,Cara Anderson,2025-09-14 12:19:03,noise
6391697329269,6391917476319,T236,6.8,Cara Anderson,2025-09-14 09:07:36,noise
6391697329269,6391024970537,T236,11.2,Cara Anderson,2025-09-13 12:03:55,noise
6391697329269,6396934367041,T236,23.3,Cara Anderson,2025-09-12 09:19:06,noise
6391697329269,6391024970537,T236,16.5,Cara Anderson,2025-09-12 09:22:30,noise
6391697329269,6396934367041,T236,19.6,Cara Anderson,2025-09-12 22:12:04,noise
6391697329269,6396934367041,T828,22.6,Cara Anderson,2025-09-11 02:23:06,noise
6391697329269,6391917476319,T236,30.2,Cara Anderson,2025-09-11 10:22:41,noise
6391697329269,6396934367041,T828,21.0,Cara Anderson,2025-09-11 16:28:32,noise
6391697329269,6391024970537,T236,23.7,Cara Anderson,2025-09-10 18:15:04,noise
6391697329269,6393474215565,T828,22.6,Cara Anderson,2025-09-10 13:26:03,noise
6391697329269,6393318640912,T236,8.1,Cara Anderson,2025-09-10 15:04:22,noise
6391697329269,6399095757865,T236,40.5,Cara Anderson,2025-09-09 12:30:58,noise
6391697329269,6396934367041,T828,26.6,Cara Anderson,2025-09-09 11:17:05,noise
6391697329269,6396934367041,T236,43.4,Cara Anderson,2025-09-08 14:13:00,noise
6391697329269,6391917476319,T828,12.1,Cara Anderson,2025-09-07 01:06:48,noise
6391697329269,6396934367041,T236,11.8,Cara Anderson,2025-09-07 19:29:03,noise
6391697329269,6391024970537,T236,12.5,Cara Anderson,2025-09-06 16:17:25,noise
6391697329269,6396863262521,T828,30.8,Cara Anderson,2025-09-06 04:30:03,noise
6391697329269,6396609601602,T236,45.1,Cara Anderson,2025-09-06 15:15:06,noise
6391697329269,6399119973715,T236,6.7,Cara Anderson,2025-09-05 10:04:59,noise
6391697329269,6396782939427,T236,7.9,Cara Anderson,2025-09-05 23:11:54,noise
6391697329269,6396934367041,T236,3.3,Cara Anderson,2025-09-04 23:30:51,noise
6391697329269,6396934367041,T828,40.3,Cara Anderson,2025-09-04 12:27:16,noise
6391697329269,6396934367041,T236,4.6,Cara Anderson,2025-09-03 12:05:12,noise
6391697329269,6391024970537,T236,13.1,Cara Anderson,2025-09-03 22:22:36,noise
6391697329269,6391024970537,T236,12.2,Cara Anderson,2025-09-02 16:06:07,noise
6391697329269,6395388614739,T828,20.8,Cara Anderson,2025-09-02 15:30:50,noise
6391697329269,6391917476319,T236,14.6,Cara Anderson,2025-09-01 16:28:58,noise
6391697329269,6391024970537,T236,22.9,Cara Anderson,2025-09-01 22:11:42,noise
6391697329269,6394477195628,T828,17.5,Cara Anderson,2025-08-31 19:12:14,noise
6391697329269,6397959530865,T236,8.9,Cara Anderson,2025-08-31 19:04:52,noise
6391697329269,6391917476319,T828,74.0,Cara Anderson,2025-08-30 18:28:42,noise
6391697329269,6396168850025,T828,29.2,Cara Anderson,2025-08-30 11:18:47,noise
6391697329269,6393958914953,T828,18.7,Cara Anderson,2025-08-29 12:03:49,noise
6391697329269,6391678940428,T828,45.2,Cara Anderson,2025-08-29 12:26:02,noise
6391697329269,6392089382142,T828,20.5,Cara Anderson,2025-08-29 16:25:42,noise
6391697329269,6395709000192,T236,8.1,Cara Anderson,2025-08-28 16:00:47,noise
6391697329269,6396934367041,T236,36.3,Cara Anderson,2025-08-27 15:01:10,noise
6391697329269,6391024970537,T236,16.4,Cara Anderson,2025-08-27 10:10:38,noise
6391697329269,6391847085587,T828,33.4,Cara Anderson,2025-08-26 17:22:26,noise
6391697329269,6396934367041,T236,23.2,Cara Anderson,2025-08-25 08:09:53,noise
6391697329269,6391917476319,T236,7.9,Cara Anderson,2025-08-24 11:09:24,noise
6391697329269,6394389103334,T236,6.4,Cara Anderson,2025-08-24 05:23:30,noise
6391697329269,6391024970537,T828,22.2,Cara Anderson,2025-08-23 10:12:44,noise
6391697329269,6391917476319,T236,11.5,Cara Anderson,2025-08-22 22:17:00,noise
6391697329269,6391917476319,T236,12.6,Cara Anderson,2025-08-22 09:03:34,noise
6391697329269,6391024970537,T828,3.5,Cara Anderson,2025-08-22 10:06:54,noise
6391697329269,6396934367041,T828,14.1,Cara Anderson,2025-08-21 13:02:41,noise
6391697329269,6396934367041,T828,23.1,Cara Anderson,2025-08-21 20:09:41,noise
6391697329269,6396934367041,T236,27.3,Cara Anderson,2025-08-20 11:00:38,noise
6391697329269,6391024970537,T828,21.8,Cara Anderson,2025-08-20 20:10:29,noise
6391697329269,6391917476319,T828,23.6,Cara Anderson,2025-08-20 13:13:59,noise
6391697329269,6391024970537,T828,12.2,Cara Anderson,2025-08-19 08:11:50,noise
6391697329269,6391024970537,T236,17.4,Cara Anderson,2025-08-19 12:16:46,noise
6391697329269,6398578995606,T828,22.3,Cara Anderson,2025-08-18 18:07:36,noise
6391697329269,6396934367041,T828,23.4,Cara Anderson,2025-08-18 08:06:00,noise
6391697329269,6396934367041,T828,5.9,Cara Anderson,2025-08-18 05:05:31,noise
6391697329269,6391024970537,T236,19.1,Cara Anderson,2025-08-17 13:21:52,noise
6391697329269,6396934367041,T828,23.1,Cara Anderson,2025-08-17 01:14:41,noise
6391697329269,6391917476319,T828,36.1,Cara Anderson,2025-08-16 12:01:32,noise
6391697329269,6397357048476,T828,30.6,Cara Anderson,2025-08-16 14:01:42,noise
6391697329269,6391917476319,T828,15.9,Cara Anderson,2025-08-16 14:16:00,noise
6391697329269,6391644392848,T236,33.7,Cara Anderson,2025-08-15 20:22:39,noise
6391697329269,6391024970537,T828,8.9,Cara Anderson,2025-08-14 13:06:38,noise
6391697329269,6398584437466,T236,10.5,Cara Anderson,2025-08-14 20:19:50,noise
6391697329269,6391697329269,T828,8.1,Cara Anderson,2025-08-13 23:01:12,noise
6391697329269,6391024970537,T828,4.9,Cara Anderson,2025-08-13 16:22:11,noise
6391697329269,6396782939427,T236,33.2,Cara Anderson,2025-08-12 19:24:49,noise
6391697329269,6396934367041,T236,6.9,Cara Anderson,2025-08-12 14:11:05,noise
6391697329269,6395738348726,T236,10.8,Cara Anderson,2025-08-11 17:20:57,noise
6391697329269,6392089382142,T236,62.4,Cara Anderson,2025-08-11 02:25:21,noise
6391697329269,6396934367041,T236,12.4,Cara Anderson,2025-08-11 10:23:48,noise
6391697329269,6391024970537,T828,68.3,Cara Anderson,2025-08-10 12:08:59,noise
6391697329269,6396934367041,T828,15.6,Cara Anderson,2025-08-09 13:24:42,noise
6391697329269,6391024970537,T828,27.5,Cara Anderson,2025-08-09 17:01:01,noise
6391697329269,6396934367041,T828,12.4,Cara Anderson,2025-08-08 19:06:54,noise
6391697329269,6391917476319,T236,15.1,Cara Anderson,2025-08-07 09:04:21,noise
6391697329269,6391024970537,T828,14.7,Cara Anderson,2025-08-07 12:20:24,noise
6391697329269,6391024970537,T236,8.3,Cara Anderson,2025-08-06 08:02:06,noise
6391697329269,6391024970537,T236,8.5,Cara Anderson,2025-08-05 20:14:35,noise
6391697329269,6391917476319,T236,20.4,Cara Anderson,2025-08-04 09:05:46,noise
6391697329269,6391024970537,T828,33.2,Cara Anderson,2025-08-04 13:26:26,noise
6391697329269,6396934367041,T828,11.4,Cara Anderson,2025-08-04 04:25:06,noise
6391697329269,6392089382142,T828,68.6,Cara Anderson,2025-11-28 16:15:13,noise
6391697329269,6392089382142,T828,34.1,Cara Anderson,2025-12-28 00:09:27,noise
6391697329269,6392089382142,T828,150.2,Cara Anderson,2025-12-02 22:21:10,noise
6391697329269,6392089382142,T828,106.9,Cara Anderson,2025-11-29 05:19:24,noise
6391697329269,6392089382142,T828,75.5,Cara Anderson,2025-12-29 08:03:36,noise
6391697329269,6392089382142,T828,72.0,Cara Anderson,2025-12-29 00:18:43,noise
6394018894269,6395289242961,T309,29.9,Wes Bakker,2025-10-18 18:06:08,noise
6394018894269,6392623441780,T309,13.0,Wes Bakker,2025-10-18 21:23:19,noise
6394018894269,6395289242961,T703,13.7,Wes Bakker,2025-10-17 08:08:05,noise
6394018894269,6394781266670,T309,10.3,Wes Bakker,2025-10-17 19:23:18,noise
6394018894269,6396863262521,T309,12.2,Wes Bakker,2025-10-16 11:04:14,noise
6394018894269,6397317313563,T309,41.4,Wes Bakker,2025-10-16 22:28:07,noise
6394018894269,6392623441780,T309,62.3,Wes Bakker,2025-10-16 01:24:26,noise
6394018894269,6392623441780,T309,44.8,Wes Bakker,2025-10-15 10:10:34,noise
6394018894269,6395289242961,T309,13.8,Wes Bakker,2025-10-15 08:04:04,noise
6394018894269,6392623441780,T703,29.8,Wes Bakker,2025-10-14 17:22:48,noise
6394018894269,6398645236008,T703,47.1,Wes Bakker,2025-10-14 13:30:05,noise
6394018894269,6395557270185,T309,16.1,Wes Bakker,2025-10-14 17:13:35,noise
6394018894269,6392623441780,T309,22.5,Wes Bakker,2025-10-13 09:26:58,noise
6394018894269,6398175003577,T309,68.9,Wes Bakker,2025-10-13 11:00:31,noise
6394018894269,6392623441780,T309,9.1,Wes Bakker,2025-10-12 11:07:43,noise
6394018894269,6395289242961,T703,5.4,Wes Bakker,2025-10-12 23:07:39,noise
6394018894269,6395289242961,T703,41.6,Wes Bakker,2025-10-11 12:23:47,noise
6394018894269,6395289242961,T309,6.8,Wes Bakker,2025-10-11 22:05:51,noise
6394018894269,6391981016678,T309,43.3,Wes Bakker,2025-10-10 13:02:59,noise
6394018894269,6398175003577,T309,10.0,Wes Bakker,2025-10-10 09:13:16,noise
6394018894269,6395289242961,T703,29.2,Wes Bakker,2025-10-09 10:29:02,noise
6394018894269,6395289242961,T309,21.3,Wes Bakker,2025-10-09 18:13:09,noise
6394018894269,6395289242961,T309,44.6,Wes Bakker,2025-10-08 23:12:55,noise
6394018894269,6399095757865,T309,24.0,Wes Bakker,2025-10-08 20:14:47,noise
6394018894269,6398175003577,T309,9.1,Wes Bakker,2025-10-08 10:13:03,noise
6394018894269,6399722315072,T309,18.0,Wes Bakker,2025-10-07 20:03:52,noise
6394018894269,6395289242961,T309,11.0,Wes Bakker,2025-10-07 22:05:55,noise
6394018894269,6392623441780,T309,22.9,Wes Bakker,2025-10-07 14:18:53,noise
6394018894269,6397907454154,T703,18.6,Wes Bakker,2025-10-06 11:14:05,noise
6394018894269,6397176014123,T309,32.1,Wes Bakker,2025-10-06 11:21:50,noise
6394018894269,6394995994848,T309,21.8,Wes Bakker,2025-10-05 20:17:09,noise
6394018894269,6395289242961,T309,48.5,Wes Bakker,2025-10-04 15:18:09,noise
6394018894269,6395104602062,T703,4.8,Wes Bakker,2025-10-04 17:24:16,noise
6394018894269,6392623441780,T309,21.1,Wes Bakker,2025-10-03 10:17:27,noise
6394018894269,6398175003577,T309,12.6,Wes Bakker,2025-10-03 09:00:56,noise
6394018894269,6395289242961,T703,20.7,Wes Bakker,2025-10-02 13:23:42,noise
6394018894269,6394602944141,T703,12.6,Wes Bakker,2025-10-02 20:18:31,noise
6394018894269,6398175003577,T309,30.6,Wes Bakker,2025-10-01 19:12:30,noise
6394018894269,6397424123950,T703,27.8,Wes Bakker,2025-10-01 13:00:49,noise
6394018894269,6398175003577,T309,8.0,Wes Bakker,2025-09-30 11:26:07,noise
6394018894269,6395289242961,T703,6.0,Wes Bakker,2025-09-30 12:02:25,noise
6394018894269,6391024970537,T703,5.8,Wes Bakker,2025-09-29 14:09:47,noise
6394018894269,6398175003577,T703,82.7,Wes Bakker,2025-09-28 14:26:22,noise
6394018894269,6396609819264,T309,73.3,Wes Bakker,2025-09-28 20:00:38,noise
6394018894269,6392623441780,T703,24.1,Wes Bakker,2025-09-28 09:15:18,noise
6394018894269,6395289242961,T309,30.6,Wes Bakker,2025-09-27 15:28:53,noise
6394018894269,6395289242961,T309,22.8,Wes Bakker,2025-09-27 08:19:48,noise
6394018894269,6397317313563,T309,35.2,Wes Bakker,2025-09-27 15:29:31,noise
6394018894269,6392623441780,T703,17.9,Wes Bakker,2025-09-26 11:00:09,noise
6394018894269,6392523329605,T309,47.5,Wes Bakker,2025-09-26 08:01:39,noise
6394018894269,6392623441780,T309,26.5,Wes Bakker,2025-09-25 08:27:24,noise
6394018894269,6398175003577,T309,30.7,Wes Bakker,2025-09-25 15:14:55,noise
6394018894269,6392623441780,T309,7.7,Wes Bakker,2025-09-24 14:27:48,noise
6394018894269,6398175003577,T703,23.4,Wes Bakker,2025-09-24 21:11:29,noise
6394018894269,6398175003577,T703,29.1,Wes Bakker,2025-09-23 04:16:01,noise
6394018894269,6394602944141,T703,11.3,Wes Bakker,2025-09-23 18:14:58,noise
6394018894269,6392623441780,T309,39.3,Wes Bakker,2025-09-23 10:26:43,noise
6394018894269,6391917476319,T309,17.5,Wes Bakker,2025-09-22 18:29:46,noise
6394018894269,6398645236008,T703,20.4,Wes Bakker,2025-09-22 10:16:04,noise
6394018894269,6398175003577,T309,19.5,Wes Bakker,2025-09-22 14:08:37,noise
6394018894269,6399042725763,T309,9.4,Wes Bakker,2025-09-21 09:08:57,noise
6394018894269,6396863262521,T309,36.6,Wes Bakker,2025-09-21 16:19:00,noise
6394018894269,6391024970537,T703,9.5,Wes Bakker,2025-09-21 14:08:26,noise
6394018894269,6399961796941,T703,8.6,Wes Bakker,2025-09-20 10:05:27,noise
6394018894269,6395289242961,T703,4.9,Wes Bakker,2025-09-20 08:12:10,noise
6394018894269,6395289242961,T309,9.5,Wes Bakker,2025-09-19 20:05:15,noise
6394018894269,6398175003577,T703,5.4,Wes Bakker,2025-09-18 13:18:37,noise
6394018894269,6395289242961,T703,4.7,Wes Bakker,2025-09-17 08:16:13,noise
6394018894269,6399961796941,T309,16.8,Wes Bakker,2025-09-16 18:22:23,noise
6394018894269,6398175003577,T703,28.8,Wes Bakker,2025-09-16 11:16:26,noise
6394018894269,6398175003577,T309,14.5,Wes Bakker,2025-09-16 11:11:42,noise
6394018894269,6397357048476,T309,36.8,Wes Bakker,2025-09-15 14:01:57,noise
6394018894269,6395289242961,T309,49.4,Wes Bakker,2025-09-14 09:22:33,noise
6394018894269,6398175003577,T309,3.2,Wes Bakker,2025-09-13 21:06:27,noise
6394018894269,6395264944630,T703,5.4,Wes Bakker,2025-09-12 14:02:21,noise
6394018894269,6395709000192,T703,36.8,Wes Bakker,2025-09-12 12:08:22,noise
6394018894269,6398175003577,T703,57.2,Wes Bakker,2025-09-11 15:23:08,noise
6394018894269,6395709000192,T703,9.9,Wes Bakker,2025-09-11 14:14:23,noise
6394018894269,6391296649512,T703,13.2,Wes Bakker,2025-09-10 11:20:48,noise
6394018894269,6399119973715,T309,5.5,Wes Bakker,2025-09-10 13:08:59,noise
6394018894269,6395289242961,T309,5.7,Wes Bakker,2025-09-09 16:11:25,noise
6394018894269,6392599009461,T703,33.1,Wes Bakker,2025-09-08 18:23:12,noise
6394018894269,6392623441780,T703,26.2,Wes Bakker,2025-09-08 14:00:11,noise
6394018894269,6395289242961,T703,16.7,Wes Bakker,2025-09-08 17:25:28,noise
6394018894269,6392623441780,T309,4.9,Wes Bakker,2025-09-07 20:04:12,noise
6394018894269,6394995994848,T703,5.0,Wes Bakker,2025-09-07 08:21:07,noise
6394018894269,6398175003577,T309,7.8,Wes Bakker,2025-09-06 13:24:33,noise
6394018894269,6392623441780,T309,14.2,Wes Bakker,2025-09-06 12:05:44,noise
6394018894269,6397654503285,T309,62.7,Wes Bakker,2025-09-05 21:28:57,noise
6394018894269,6393116814799,T703,8.3,Wes Bakker,2025-09-05 13:22:31,noise
6394018894269,6398175003577,T309,13.7,Wes Bakker,2025-09-04 11:22:18,noise
6394018894269,6392623441780,T309,9.9,Wes Bakker,2025-09-04 15:06:54,noise
6394018894269,6398175003577,T309,45.3,Wes Bakker,2025-09-03 13:06:35,noise
6394018894269,6395289242961,T703,10.3,Wes Bakker,2025-09-03 13:23:55,noise
6394018894269,6395289242961,T309,93.9,Wes Bakker,2025-09-03 13:29:04,noise
6394018894269,6391294572959,T309,26.5,Wes Bakker,2025-09-02 13:02:44,noise
6394018894269,6395289242961,T703,32.0,Wes Bakker,2025-09-02 11:10:23,noise
6394018894269,6392385746157,T309,15.3,Wes Bakker,2025-09-01 10:23:56,noise
6394018894269,6398446041346,T309,5.7,Wes Bakker,2025-08-31 19:26:16,noise
6394018894269,6395289242961,T309,16.2,Wes Bakker,2025-08-31 16:04:16,noise
6394018894269,6395388614739,T703,10.7,Wes Bakker,2025-08-30 15:00:42,noise
6394018894269,6392623441780,T703,70.3,Wes Bakker,2025-08-30 03:14:27,noise
6394018894269,6391024970537,T703,19.3,Wes Bakker,2025-08-30 19:27:52,noise
6394018894269,6398175003577,T309,11.0,Wes Bakker,2025-08-29 14:13:21,noise
6394018894269,6392623441780,T703,54.5,Wes Bakker,2025-08-28 10:00:00,noise
6394018894269,6395289242961,T309,7.9,Wes Bakker,2025-08-28 13:27:56,noise
6394018894269,6392623441780,T703,105.5,Wes Bakker,2025-08-27 18:20:27,noise
6394018894269,6392623441780,T309,15.3,Wes Bakker,2025-08-27 20:09:37,noise
6394018894269,6394701982874,T703,36.6,Wes Bakker,2025-08-27 20:27:42,noise
6394018894269,6398175003577,T309,16.8,Wes Bakker,2025-08-26 14:04:33,noise
6394018894269,6396397246783,T309,13.6,Wes Bakker,2025-08-26 14:00:24,noise
6394018894269,6391024970537,T703,31.3,Wes Bakker,2025-08-25 13:09:30,noise
6394018894269,6391697329269,T703,35.8,Wes Bakker,2025-08-25 17:28:07,noise
6394018894269,6399628559272,T309,41.2,Wes Bakker,2025-08-24 09:02:51,noise
6394018894269,6396782939427,T309,13.1,Wes Bakker,2025-08-23 19:22:25,noise
6394018894269,6392623441780,T309,14.3,Wes Bakker,2025-08-23 08:14:44,noise
6394018894269,6397176014123,T703,17.4,Wes Bakker,2025-08-23 09:20:08,noise
6394018894269,6395289242961,T309,8.5,Wes Bakker,2025-08-22 20:19:44,noise
6394018894269,6392623441780,T703,17.1,Wes Bakker,2025-08-21 22:18:06,noise
6394018894269,6392623441780,T309,9.4,Wes Bakker,2025-08-21 16:14:35,noise
6394018894269,6395289242961,T703,5.7,Wes Bakker,2025-08-20 17:08:14,noise
6394018894269,6392251159617,T309,15.7,Wes Bakker,2025-08-19 12:25:58,noise
6394018894269,6399697255231,T309,100.3,Wes Bakker,2025-08-19 18:08:51,noise
6394018894269,6392182204871,T309,8.7,Wes Bakker,2025-08-18 19:27:02,noise
6394018894269,6394477195628,T309,29.8,Wes Bakker,2025-08-18 16:24:07,noise
6394018894269,6395289242961,T309,6.2,Wes Bakker,2025-08-17 11:15:18,noise
6394018894269,6395289242961,T309,19.3,Wes Bakker,2025-08-16 19:13:27,noise
6394018894269,6395447757108,T309,12.1,Wes Bakker,2025-08-16 15:16:55,noise
6394018894269,6392089382142,T703,19.8,Wes Bakker,2025-08-16 11:06:35,noise
6394018894269,6392623441780,T703,25.0,Wes Bakker,2025-08-15 19:05:28,noise
6394018894269,6399562839233,T703,57.5,Wes Bakker,2025-08-15 23:20:04,noise
6394018894269,6392623441780,T703,8.6,Wes Bakker,2025-08-14 11:00:41,noise
6394018894269,6397907454154,T309,29.5,Wes Bakker,2025-08-14 10:14:52,noise
6394018894269,6395289242961,T309,61.4,Wes Bakker,2025-08-14 18:04:22,noise
6394018894269,6395289242961,T309,6.7,Wes Bakker,2025-08-13 09:15:54,noise
6394018894269,6398175003577,T309,11.5,Wes Bakker,2025-08-13 14:07:02,noise
6394018894269,6395388614739,T309,19.9,Wes Bakker,2025-08-12 05:16:11,noise
6394018894269,6392623441780,T703,14.7,Wes Bakker,2025-08-12 17:15:06,noise
6394018894269,6398536130070,T309,18.0,Wes Bakker,2025-08-12 08:26:40,noise
6394018894269,6391847085587,T703,2.3,Wes Bakker,2025-08-11 16:05:41,noise
6394018894269,6399042725763,T703,10.5,Wes Bakker,2025-08-10 21:11:31,noise
6394018894269,6398175003577,T309,9.5,Wes Bakker,2025-08-10 14:11:45,noise
6394018894269,6398389473157,T703,33.8,Wes Bakker,2025-08-10 19:12:24,noise
6394018894269,6392623441780,T309,14.4,Wes Bakker,2025-08-09 09:21:49,noise
6394018894269,6398175003577,T703,7.5,Wes Bakker,2025-08-09 10:29:55,noise
6394018894269,6398175003577,T703,29.0,Wes Bakker,2025-08-09 13:11:36,noise
6394018894269,6398175003577,T309,30.6,Wes Bakker,2025-08-08 17:07:14,noise
6394018894269,6398175003577,T703,15.5,Wes Bakker,2025-08-07 09:14:45,noise
6394018894269,6392623441780,T703,12.7,Wes Bakker,2025-08-07 12:11:58,noise
6394018894269,6398578995606,T309,22.2,Wes Bakker,2025-08-06 11:28:06,noise
6394018894269,6395289242961,T309,29.4,Wes Bakker,2025-08-06 15:24:47,noise
6394018894269,6398175003577,T703,11.0,Wes Bakker,2025-08-05 19:19:42,noise
6394018894269,6392623441780,T309,15.4,Wes Bakker,2025-08-05 19:17:14,noise
6394018894269,6399406323212,T703,20.5,Wes Bakker,2025-08-04 20:08:13,noise
6394018894269,6398175003577,T309,6.6,Wes Bakker,2025-08-04 12:20:33,noise
6397959530865,6397671860113,T580,8.0,Tomas Novak,2025-10-18 15:12:45,noise
6397959530865,6395328992709,T580,27.9,Tomas Novak,2025-10-17 18:19:28,noise
6397959530865,6397671860113,T580,20.4,Tomas Novak,2025-10-16 18:12:10,noise
6397959530865,6399406323212,T580,13.1,Tomas Novak,2025-10-16 22:23:12,noise
6397959530865,6397345443862,T580,5.5,Tomas Novak,2025-10-16 13:11:53,noise
6397959530865,6399828853050,T394,3.5,Tomas Novak,2025-10-15 10:10:38,noise
6397959530865,6399828853050,T580,17.7,Tomas Novak,2025-10-14 10:24:30,noise
6397959530865,6397671860113,T580,5.9,Tomas Novak,2025-10-14 17:05:04,noise
6397959530865,6397671860113,T580,18.5,Tomas Novak,2025-10-13 18:05:00,noise
6397959530865,6395557270185,T394,18.0,Tomas Novak,2025-10-13 12:27:36,noise
6397959530865,6397671860113,T580,6.4,Tomas Novak,2025-10-12 10:18:53,noise
6397959530865,6395277555081,T394,14.1,Tomas Novak,2025-10-12 10:29:05,noise
6397959530865,6397671860113,T394,27.1,Tomas Novak,2025-10-12 09:07:09,noise
6397959530865,6399828853050,T394,30.9,Tomas Novak,2025-10-11 11:03:22,noise
6397959530865,6393116814799,T394,44.6,Tomas Novak,2025-10-11 19:29:23,noise
6397959530865,6399828853050,T580,11.6,Tomas Novak,2025-10-11 21:27:03,noise
6397959530865,6399828853050,T580,60.6,Tomas Novak,2025-10-10 19:23:19,noise
6397959530865,6399828853050,T580,30.3,Tomas Novak,2025-10-10 17:01:29,noise
6397959530865,6395328992709,T580,11.7,Tomas Novak,2025-10-09 14:05:39,noise
6397959530865,6396956367740,T580,14.2,Tomas Novak,2025-10-09 21:21:22,noise
6397959530865,6396609601602,T394,65.5,Tomas Novak,2025-10-09 20:11:28,noise
6397959530865,6395104602062,T394,4.9,Tomas Novak,2025-10-08 00:24:26,noise
6397959530865,6399119973715,T394,23.6,Tomas Novak,2025-10-07 18:10:25,noise
6397959530865,6394369267219,T580,6.1,Tomas Novak,2025-10-06 08:28:21,noise
6397959530865,6393511301796,T394,23.8,Tomas Novak,2025-10-06 16:12:04,noise
6397959530865,6399406323212,T580,42.9,Tomas Novak,2025-10-05 19:05:59,noise
6397959530865,6399828853050,T580,19.4,Tomas Novak,2025-10-05 21:17:46,noise
6397959530865,6391697329269,T580,22.9,Tomas Novak,2025-10-04 23:13:30,noise
6397959530865,6399828853050,T580,93.7,Tomas Novak,2025-10-04 18:30:26,noise
6397959530865,6399429451462,T580,52.7,Tomas Novak,2025-10-03 18:08:38,noise
6397959530865,6399562839233,T580,15.2,Tomas Novak,2025-10-02 13:17:15,noise
6397959530865,6394018894269,T580,16.7,Tomas Novak,2025-10-01 13:08:54,noise
6397959530865,6399406323212,T580,21.0,Tomas Novak,2025-09-30 10:13:43,noise
6397959530865,6395277555081,T580,20.6,Tomas Novak,2025-09-30 08:03:39,noise
6397959530865,6393116814799,T580,6.3,Tomas Novak,2025-09-29 16:11:17,noise
6397959530865,6394369267219,T580,12.1,Tomas Novak,2025-09-28 20:20:02,noise
6397959530865,6393299477204,T580,8.2,Tomas Novak,2025-09-28 19:25:43,noise
6397959530865,6399828853050,T394,15.0,Tomas Novak,2025-09-27 18:11:38,noise
6397959530865,6397176014123,T580,49.9,Tomas Novak,2025-09-27 13:23:08,noise
6397959530865,6399828853050,T580,8.9,Tomas Novak,2025-09-26 11:24:07,noise
6397959530865,6399406323212,T580,18.4,Tomas Novak,2025-09-26 15:16:43,noise
6397959530865,6399828853050,T580,3.3,Tomas Novak,2025-09-26 11:24:57,noise
6397959530865,6391697329269,T394,25.6,Tomas Novak,2025-09-25 08:06:19,noise
6397959530865,6395277555081,T394,52.6,Tomas Novak,2025-09-25 08:00:11,noise
6397959530865,6397671860113,T394,7.7,Tomas Novak,2025-09-25 10:09:49,noise
6397959530865,6399406323212,T580,6.2,Tomas Novak,2025-09-24 12:30:32,noise
6397959530865,6394863330204,T394,26.5,Tomas Novak,2025-09-24 05:01:00,noise
6397959530865,6397671860113,T394,25.4,Tomas Novak,2025-09-23 14:07:51,noise
6397959530865,6394995994848,T580,4.9,Tomas Novak,2025-09-23 09:15:24,noise
6397959530865,6399828853050,T580,6.2,Tomas Novak,2025-09-23 11:29:26,noise
6397959530865,6399406323212,T580,14.9,Tomas Novak,2025-09-22 13:01:18,noise
6397959530865,6399828853050,T394,11.1,Tomas Novak,2025-09-22 03:01:18,noise
6397959530865,6396934367041,T580,8.1,Tomas Novak,2025-09-21 12:27:25,noise
6397959530865,6399406323212,T394,4.1,Tomas Novak,2025-09-21 04:11:52,noise
6397959530865,6399406323212,T394,16.2,Tomas Novak,2025-09-20 17:01:53,noise
6397959530865,6399406323212,T580,7.5,Tomas Novak,2025-09-20 08:00:54,noise
6397959530865,6399828853050,T394,22.3,Tomas Novak,2025-09-19 23:28:30,noise
6397959530865,6399722315072,T580,11.0,Tomas Novak,2025-09-19 10:21:18,noise
6397959530865,6392089382142,T394,76.5,Tomas Novak,2025-09-18 23:03:52,noise
6397959530865,6397959530865,T580,22.8,Tomas Novak,2025-09-18 20:19:59,noise
6397959530865,6397931099268,T394,6.2,Tomas Novak,2025-09-17 15:22:35,noise
6397959530865,6399828853050,T394,39.7,Tomas Novak,2025-09-16 17:11:50,noise
6397959530865,6396863262521,T580,5.4,Tomas Novak,2025-09-16 04:11:52,noise
6397959530865,6391054941178,T580,22.7,Tomas Novak,2025-09-15 21:16:44,noise
6397959530865,6397671860113,T580,7.2,Tomas Novak,2025-09-14 16:06:38,noise
6397959530865,6399406323212,T580,4.3,Tomas Novak,2025-09-14 23:20:27,noise
6397959530865,6395574777798,T580,27.9,Tomas Novak,2025-09-13 15:20:31,noise
6397959530865,6397671860113,T580,20.8,Tomas Novak,2025-09-12 04:17:29,noise
6397959530865,6391294572959,T580,23.2,Tomas Novak,2025-09-11 20:17:44,noise
6397959530865,6399697255231,T394,35.8,Tomas Novak,2025-09-11 17:04:33,noise
6397959530865,6399406323212,T580,33.7,Tomas Novak,2025-09-10 22:05:22,noise
6397959530865,6397671860113,T394,12.4,Tomas Novak,2025-09-10 08:14:07,noise
6397959530865,6399828853050,T394,59.0,Tomas Novak,2025-09-10 16:01:58,noise
6397959530865,6399828853050,T580,16.2,Tomas Novak,2025-09-09 01:08:45,noise
6397959530865,6397671860113,T580,5.2,Tomas Novak,2025-09-09 20:25:33,noise
6397959530865,6397671860113,T394,24.0,Tomas Novak,2025-09-08 09:21:10,noise
6397959530865,6399406323212,T580,25.4,Tomas Novak,2025-09-08 15:27:47,noise
6397959530865,6397317313563,T394,6.9,Tomas Novak,2025-09-08 17:06:36,noise
6397959530865,6398645236008,T394,15.1,Tomas Novak,2025-09-07 05:17:42,noise
6397959530865,6399406323212,T580,22.6,Tomas Novak,2025-09-07 08:10:49,noise
6397959530865,6399828853050,T580,7.0,Tomas Novak,2025-09-06 21:26:50,noise
6397959530865,6395574777798,T394,4.0,Tomas Novak,2025-09-06 13:11:24,noise
6397959530865,6394285686989,T394,17.3,Tomas Novak,2025-09-05 19:03:15,noise
6397959530865,6397671860113,T580,14.3,Tomas Novak,2025-09-04 09:22:29,noise
6397959530865,6394369267219,T580,35.5,Tomas Novak,2025-09-04 10:01:59,noise
6397959530865,6395289242961,T580,10.6,Tomas Novak,2025-09-03 12:05:29,noise
6397959530865,6399828853050,T580,44.5,Tomas Novak,2025-09-03 10:19:39,noise
6397959530865,6398578995606,T394,18.9,Tomas Novak,2025-09-02 22:14:05,noise
6397959530865,6398621864419,T580,13.4,Tomas Novak,2025-09-02 11:00:22,noise
6397959530865,6399828853050,T580,23.5,Tomas Novak,2025-09-01 14:03:45,noise
6397959530865,6399828853050,T394,8.7,Tomas Novak,2025-08-31 10:05:38,noise
6397959530865,6399406323212,T580,20.1,Tomas Novak,2025-08-31 09:19:33,noise
6397959530865,6399406323212,T394,31.9,Tomas Novak,2025-08-31 16:22:01,noise
6397959530865,6391644392848,T580,29.5,Tomas Novak,2025-08-30 16:06:31,noise
6397959530865,6399828853050,T580,50.6,Tomas Novak,2025-08-30 21:27:11,noise
6397959530865,6395104602062,T580,16.1,Tomas Novak,2025-08-30 01:07:20,noise
6397959530865,6394602944141,T580,10.2,Tomas Novak,2025-08-29 20:14:50,noise
6397959530865,6397671860113,T394,5.1,Tomas Novak,2025-08-29 09:00:46,noise
6397959530865,6397671860113,T580,37.3,Tomas Novak,2025-08-28 13:25:43,noise
6397959530865,6393958914953,T394,3.8,Tomas Novak,2025-08-27 21:05:50,noise
6397959530865,6397671860113,T580,6.9,Tomas Novak,2025-08-27 15:11:12,noise
6397959530865,6397671860113,T580,5.2,Tomas Novak,2025-08-27 18:14:24,noise
6397959530865,6398096864787,T394,34.8,Tomas Novak,2025-08-26 19:28:12,noise
6397959530865,6396934367041,T580,10.9,Tomas Novak,2025-08-26 08:01:48,noise
6397959530865,6397671860113,T580,29.1,Tomas Novak,2025-08-25 03:10:16,noise
6397959530865,6399562839233,T580,6.9,Tomas Novak,2025-08-25 17:16:49,noise
6397959530865,6395447757108,T580,2.5,Tomas Novak,2025-08-24 08:14:31,noise
6397959530865,6392251159617,T580,17.3,Tomas Novak,2025-08-24 13:21:49,noise
6397959530865,6399697255231,T580,6.8,Tomas Novak,2025-08-23 18:13:19,noise
6397959530865,6397671860113,T394,44.5,Tomas Novak,2025-08-22 18:11:42,noise
6397959530865,6394602944141,T580,7.9,Tomas Novak,2025-08-22 17:19:18,noise
6397959530865,6395447757108,T394,8.4,Tomas Novak,2025-08-21 09:07:03,noise
6397959530865,6395328992709,T394,52.6,Tomas Novak,2025-08-20 20:13:52,noise
6397959530865,6399406323212,T394,8.7,Tomas Novak,2025-08-20 08:03:11,noise
6397959530865,6399828853050,T580,6.3,Tomas Novak,2025-08-19 08:30:56,noise
6397959530865,6398389473157,T580,16.0,Tomas Novak,2025-08-18 18:18:25,noise
6397959530865,6399722315072,T580,4.2,Tomas Novak,2025-08-18 20:00:35,noise
6397959530865,6397176014123,T394,30.4,Tomas Novak,2025-08-17 18:06:50,noise
6397959530865,6397345443862,T580,7.0,Tomas Novak,2025-08-17 14:04:59,noise
6397959530865,6393958914953,T394,5.7,Tomas Novak,2025-08-17 03:21:22,noise
6397959530865,6397671860113,T394,3.2,Tomas Novak,2025-08-16 19:19:47,noise
6397959530865,6392546307565,T394,26.9,Tomas Novak,2025-08-16 13:28:44,noise
6397959530865,6397169427647,T394,15.0,Tomas Novak,2025-08-15 11:04:21,noise
6397959530865,6399406323212,T580,23.2,Tomas Novak,2025-08-14 10:19:47,noise
6397959530865,6399406323212,T580,6.9,Tomas Novak,2025-08-13 13:29:43,noise
6397959530865,6399406323212,T580,12.1,Tomas Novak,2025-08-13 15:29:35,noise
6397959530865,6392691285953,T394,21.5,Tomas Novak,2025-08-13 12:18:22,noise
6397959530865,6396782939427,T394,18.4,Tomas Novak,2025-08-12 22:00:26,noise
6397959530865,6397671860113,T394,14.3,Tomas Novak,2025-08-12 15:14:24,noise
6397959530865,6397671860113,T394,15.8,Tomas Novak,2025-08-12 10:10:56,noise
6397959530865,6391024970537,T580,14.0,Tomas Novak,2025-08-11 16:07:37,noise
6397959530865,6399406323212,T394,89.1,Tomas Novak,2025-08-11 11:28:45,noise
6397959530865,6394334018731,T394,25.8,Tomas Novak,2025-08-10 08:24:40,noise
6397959530865,6399406323212,T580,55.4,Tomas Novak,2025-08-10 09:19:46,noise
6397959530865,6391294572959,T580,20.8,Tomas Novak,2025-08-10 19:20:37,noise
6397959530865,6399828853050,T394,5.4,Tomas Novak,2025-08-09 17:12:35,noise
6397959530865,6397671860113,T580,43.6,Tomas Novak,2025-08-09 19:18:53,noise
6397959530865,6398645236008,T580,19.9,Tomas Novak,2025-08-08 17:30:14,noise
6397959530865,6395104602062,T394,18.8,Tomas Novak,2025-08-08 17:28:49,noise
6397959530865,6391697329269,T394,13.0,Tomas Novak,2025-08-07 09:13:43,noise
6397959530865,6397671860113,T394,35.0,Tomas Novak,2025-08-07 18:24:02,noise
6397959530865,6393116814799,T394,9.2,Tomas Novak,2025-08-06 08:28:32,noise
6397959530865,6399828853050,T394,27.2,Tomas Novak,2025-08-06 16:13:02,noise
6397959530865,6399828853050,T394,20.4,Tomas Novak,2025-08-05 18:23:23,noise
6397959530865,6399828853050,T394,56.9,Tomas Novak,2025-08-05 09:25:00,noise
6397959530865,6399828853050,T394,16.4,Tomas Novak,2025-08-04 12:28:48,noise
6397959530865,6399406323212,T394,15.1,Tomas Novak,2025-08-04 15:28:09,noise
6394285686989,6391294572959,T573,10.5,Lena Okafor,2025-10-18 11:30:39,noise
6394285686989,6392944941518,T573,6.8,Lena Okafor,2025-10-18 17:22:47,noise
6394285686989,6396956367740,T698,4.5,Lena Okafor,2025-10-17 22:18:09,noise
6394285686989,6397424123950,T573,6.9,Lena Okafor,2025-10-17 14:11:01,noise
6394285686989,6396956367740,T573,14.6,Lena Okafor,2025-10-17 14:06:50,noise
6394285686989,6392944941518,T698,19.4,Lena Okafor,2025-10-16 11:02:43,noise
6394285686989,6395738348726,T698,17.0,Lena Okafor,2025-10-16 08:12:20,noise
6394285686989,6396956367740,T698,5.6,Lena Okafor,2025-10-15 17:27:10,noise
6394285686989,6396956367740,T573,4.7,Lena Okafor,2025-10-15 16:29:51,noise
6394285686989,6395464499442,T573,5.0,Lena Okafor,2025-10-14 16:19:49,noise
6394285686989,6396956367740,T573,7.9,Lena Okafor,2025-10-14 13:18:10,noise
6394285686989,6396956367740,T573,13.0,Lena Okafor,2025-10-13 20:10:33,noise
6394285686989,6392944941518,T573,9.3,Lena Okafor,2025-10-13 22:22:38,noise
6394285686989,6391294572959,T573,37.2,Lena Okafor,2025-10-12 13:30:22,noise
6394285686989,6391294572959,T698,6.5,Lena Okafor,2025-10-11 01:27:34,noise
6394285686989,6398446041346,T573,5.4,Lena Okafor,2025-10-11 15:06:27,noise
6394285686989,6391981016678,T698,22.4,Lena Okafor,2025-10-11 13:17:29,noise
6394285686989,6392944941518,T573,6.9,Lena Okafor,2025-10-10 12:06:02,noise
6394285686989,6391936644374,T573,26.4,Lena Okafor,2025-10-09 10:13:15,noise
6394285686989,6396212810153,T698,8.5,Lena Okafor,2025-10-09 15:07:09,noise
6394285686989,6396956367740,T573,6.5,Lena Okafor,2025-10-08 03:11:07,noise
6394285686989,6396433624746,T698,20.3,Lena Okafor,2025-10-08 15:00:52,noise
6394285686989,6397033353739,T573,10.1,Lena Okafor,2025-10-07 14:02:01,noise
6394285686989,6394018894269,T698,6.2,Lena Okafor,2025-10-06 01:12:47,noise
6394285686989,6396956367740,T573,36.4,Lena Okafor,2025-10-06 11:00:33,noise
6394285686989,6392944941518,T698,15.2,Lena Okafor,2025-10-05 14:18:53,noise
6394285686989,6398446041346,T573,6.1,Lena Okafor,2025-10-04 17:20:09,noise
6394285686989,6392944941518,T573,34.7,Lena Okafor,2025-10-04 08:05:13,noise
6394285686989,6395388614739,T573,31.3,Lena Okafor,2025-10-04 19:01:27,noise
6394285686989,6392944941518,T573,8.4,Lena Okafor,2025-10-03 13:15:26,noise
6394285686989,6395863306424,T698,6.4,Lena Okafor,2025-10-03 12:24:18,noise
6394285686989,6396956367740,T698,15.3,Lena Okafor,2025-10-02 15:27:12,noise
6394285686989,6398645236008,T698,12.4,Lena Okafor,2025-10-02 20:23:52,noise
6394285686989,6391294572959,T698,60.5,Lena Okafor,2025-10-01 17:03:29,noise
6394285686989,6398096864787,T698,11.0,Lena Okafor,2025-10-01 13:06:23,noise
6394285686989,6392249133353,T698,16.6,Lena Okafor,2025-09-30 16:28:27,noise
6394285686989,6396956367740,T698,32.1,Lena Okafor,2025-09-30 18:22:54,noise
6394285686989,6396956367740,T573,10.5,Lena Okafor,2025-09-30 12:12:38,noise
6394285686989,6391294572959,T573,21.7,Lena Okafor,2025-09-29 12:16:01,noise
6394285686989,6392691285953,T573,16.2,Lena Okafor,2025-09-28 16:03:55,noise
6394285686989,6394477195628,T698,9.1,Lena Okafor,2025-09-28 09:29:08,noise
6394285686989,6395086222587,T698,11.9,Lena Okafor,2025-09-27 20:12:19,noise
6394285686989,6391024970537,T573,9.7,Lena Okafor,2025-09-26 10:18:14,noise
6394285686989,6396956367740,T698,21.4,Lena Okafor,2025-09-25 17:09:46,noise
6394285686989,6391294572959,T698,13.9,Lena Okafor,2025-09-25 18:11:16,noise
6394285686989,6393299477204,T698,4.6,Lena Okafor,2025-09-24 15:11:00,noise
6394285686989,6392944941518,T573,12.8,Lena Okafor,2025-09-23 23:09:54,noise
6394285686989,6399961796941,T573,21.7,Lena Okafor,2025-09-23 08:10:35,noise
6394285686989,6392944941518,T698,6.3,Lena Okafor,2025-09-22 23:19:22,noise
6394285686989,6392944941518,T573,22.0,Lena Okafor,2025-09-22 12:17:45,noise
6394285686989,6393502849379,T698,71.1,Lena Okafor,2025-09-21 11:19:44,noise
6394285686989,6396663971262,T573,14.0,Lena Okafor,2025-09-21 00:27:04,noise
6394285686989,6391294572959,T573,10.4,Lena Okafor,2025-09-20 09:13:07,noise
6394285686989,6392944941518,T698,19.2,Lena Okafor,2025-09-20 14:05:35,noise
6394285686989,6396956367740,T573,35.8,Lena Okafor,2025-09-19 08:28:07,noise
6394285686989,6392944941518,T698,9.6,Lena Okafor,2025-09-19 12:29:36,noise
6394285686989,6392182204871,T573,8.7,Lena Okafor,2025-09-18 08:12:07,noise
6394285686989,6392944941518,T698,96.9,Lena Okafor,2025-09-18 16:16:47,noise
6394285686989,6392944941518,T573,17.5,Lena Okafor,2025-09-17 17:10:03,noise
6394285686989,6392623441780,T698,25.2,Lena Okafor,2025-09-16 11:11:10,noise
6394285686989,6397931099268,T573,32.2,Lena Okafor,2025-09-16 18:19:22,noise
6394285686989,6399628559272,T573,20.2,Lena Okafor,2025-09-15 20:04:45,noise
6394285686989,6391294572959,T698,14.6,Lena Okafor,2025-09-15 17:21:19,noise
6394285686989,6396956367740,T573,29.4,Lena Okafor,2025-09-14 14:10:30,noise
6394285686989,6392944941518,T573,16.2,Lena Okafor,2025-09-14 21:00:21,noise
6394285686989,6392944941518,T573,10.9,Lena Okafor,2025-09-13 19:16:53,noise
6394285686989,6396956367740,T698,57.5,Lena Okafor,2025-09-12 20:16:01,noise
6394285686989,6396609601602,T698,4.9,Lena Okafor,2025-09-11 14:18:30,noise
6394285686989,6391981016678,T573,10.1,Lena Okafor,2025-09-11 10:20:43,noise
6394285686989,6397357048476,T573,23.8,Lena Okafor,2025-09-11 09:15:54,noise
6394285686989,6391294572959,T573,7.7,Lena Okafor,2025-09-10 23:16:48,noise
6394285686989,6391294572959,T698,21.0,Lena Okafor,2025-09-10 05:20:14,noise
6394285686989,6391294572959,T573,16.4,Lena Okafor,2025-09-09 22:17:45,noise
6394285686989,6396956367740,T698,66.0,Lena Okafor,2025-09-09 18:04:07,noise
6394285686989,6396956367740,T573,14.2,Lena Okafor,2025-09-08 08:27:33,noise
6394285686989,6392944941518,T573,5.1,Lena Okafor,2025-09-07 01:23:49,noise
6394285686989,6396956367740,T698,5.6,Lena Okafor,2025-09-07 16:00:42,noise
6394285686989,6392944941518,T573,6.3,Lena Okafor,2025-09-07 14:06:47,noise
6394285686989,6392944941518,T573,58.1,Lena Okafor,2025-09-06 17:16:36,noise
6394285686989,6395863306424,T698,4.6,Lena Okafor,2025-09-05 10:30:20,noise
6394285686989,6391294572959,T573,34.3,Lena Okafor,2025-09-05 09:15:24,noise
6394285686989,6396956367740,T698,20.1,Lena Okafor,2025-09-05 17:21:58,noise
6394285686989,6392944941518,T573,3.9,Lena Okafor,2025-09-04 11:02:53,noise
6394285686989,6392944941518,T573,8.2,Lena Okafor,2025-09-03 15:14:27,noise
6394285686989,6391294572959,T573,4.5,Lena Okafor,2025-09-03 10:28:48,noise
6394285686989,6392182204871,T573,11.7,Lena Okafor,2025-09-03 15:20:20,noise
6394285686989,6392944941518,T698,29.2,Lena Okafor,2025-09-02 08:24:18,noise
6394285686989,6391294572959,T573,6.5,Lena Okafor,2025-09-01 10:01:00,noise
6394285686989,6396956367740,T698,23.6,Lena Okafor,2025-09-01 11:20:23,noise
6394285686989,6393502849379,T573,36.3,Lena Okafor,2025-09-01 02:26:58,noise
6394285686989,6392944941518,T573,7.9,Lena Okafor,2025-08-31 10:25:53,noise
6394285686989,6396956367740,T573,17.8,Lena Okafor,2025-08-31 09:23:56,noise
6394285686989,6397685492906,T573,8.4,Lena Okafor,2025-08-31 14:09:03,noise
6394285686989,6396956367740,T573,84.7,Lena Okafor,2025-08-30 19:22:02,noise
6394285686989,6391294572959,T573,10.5,Lena Okafor,2025-08-30 22:09:54,noise
6394285686989,6397959530865,T698,19.1,Lena Okafor,2025-08-30 14:08:11,noise
6394285686989,6397685492906,T698,24.2,Lena Okafor,2025-08-29 18:20:28,noise
6394285686989,6396956367740,T698,39.4,Lena Okafor,2025-08-29 11:01:14,noise
6394285686989,6392623441780,T573,14.8,Lena Okafor,2025-08-28 13:06:20,noise
6394285686989,6391294572959,T698,15.8,Lena Okafor,2025-08-28 20:23:38,noise
6394285686989,6392089382142,T573,6.1,Lena Okafor,2025-08-28 09:06:24,noise
6394285686989,6391296649512,T573,10.1,Lena Okafor,2025-08-27 14:00:48,noise
6394285686989,6396956367740,T573,10.1,Lena Okafor,2025-08-27 15:22:11,noise
6394285686989,6391294572959,T573,8.4,Lena Okafor,2025-08-26 12:13:59,noise
6394285686989,6391294572959,T573,8.8,Lena Okafor,2025-08-26 20:19:40,noise
6394285686989,6397176014123,T573,43.6,Lena Okafor,2025-08-25 13:04:21,noise
6394285686989,6395388614739,T573,16.5,Lena Okafor,2025-08-25 11:09:08,noise
6394285686989,6391294572959,T698,11.0,Lena Okafor,2025-08-25 23:24:04,noise
6394285686989,6393116814799,T698,39.3,Lena Okafor,2025-08-24 16:13:24,noise
6394285686989,6392944941518,T698,16.5,Lena Okafor,2025-08-24 19:29:31,noise
6394285686989,6395557270185,T573,10.6,Lena Okafor,2025-08-24 16:28:22,noise
6394285686989,6392944941518,T698,8.3,Lena Okafor,2025-08-23 09:12:58,noise
6394285686989,6398313094253,T573,18.1,Lena Okafor,2025-08-23 10:01:34,noise
6394285686989,6392251159617,T573,5.4,Lena Okafor,2025-08-22 12:08:25,noise
6394285686989,6394602944141,T573,16.1,Lena Okafor,2025-08-22 16:12:57,noise
6394285686989,6394863330204,T698,82.2,Lena Okafor,2025-08-21 09:28:13,noise
6394285686989,6391294572959,T573,59.2,Lena Okafor,2025-08-21 13:04:15,noise
6394285686989,6398578995606,T573,54.4,Lena Okafor,2025-08-20 22:23:58,noise
6394285686989,6391294572959,T573,15.3,Lena Okafor,2025-08-19 02:05:20,noise
6394285686989,6396956367740,T698,28.5,Lena Okafor,2025-08-18 17:04:36,noise
6394285686989,6397176014123,T698,15.1,Lena Okafor,2025-08-18 20:05:51,noise
6394285686989,6399828853050,T573,8.3,Lena Okafor,2025-08-17 09:06:39,noise
6394285686989,6394995994848,T573,6.8,Lena Okafor,2025-08-17 14:16:08,noise
6394285686989,6396956367740,T573,22.8,Lena Okafor,2025-08-17 10:29:31,noise
6394285686989,6398584437466,T698,19.0,Lena Okafor,2025-08-16 04:04:56,noise
6394285686989,6393474215565,T573,43.1,Lena Okafor,2025-08-16 19:07:26,noise
6394285686989,6398096864787,T573,33.6,Lena Okafor,2025-08-15 15:05:30,noise
6394285686989,6391294572959,T573,10.8,Lena Okafor,2025-08-15 23:03:46,noise
6394285686989,6396956367740,T573,61.8,Lena Okafor,2025-08-15 20:26:58,noise
6394285686989,6392944941518,T573,26.4,Lena Okafor,2025-08-14 11:01:49,noise
6394285686989,6392944941518,T573,13.0,Lena Okafor,2025-08-14 23:25:47,noise
6394285686989,6392623441780,T573,13.2,Lena Okafor,2025-08-13 19:10:08,noise
6394285686989,6391294572959,T573,17.1,Lena Okafor,2025-08-13 09:23:43,noise
6394285686989,6396956367740,T698,13.0,Lena Okafor,2025-08-12 01:10:45,noise
6394285686989,6392944941518,T698,47.7,Lena Okafor,2025-08-11 14:10:57,noise
6394285686989,6392944941518,T573,11.2,Lena Okafor,2025-08-10 08:24:03,noise
6394285686989,6392944941518,T698,13.4,Lena Okafor,2025-08-09 18:28:14,noise
6394285686989,6394018894269,T573,9.5,Lena Okafor,2025-08-08 04:08:32,noise
6394285686989,6392944941518,T698,38.5,Lena Okafor,2025-08-08 16:30:14,noise
6394285686989,6392944941518,T698,6.1,Lena Okafor,2025-08-07 09:05:48,noise
6394285686989,6391294572959,T573,15.2,Lena Okafor,2025-08-07 21:19:18,noise
6394285686989,6392944941518,T698,9.9,Lena Okafor,2025-08-06 13:24:58,noise
6394285686989,6391294572959,T573,17.6,Lena Okafor,2025-08-06 15:27:54,noise
6394285686989,6391294572959,T573,18.3,Lena Okafor,2025-08-05 22:16:11,noise
6394285686989,6395277555081,T573,29.4,Lena Okafor,2025-08-05 21:02:57,noise
6394285686989,6396663971262,T573,26.2,Lena Okafor,2025-08-05 08:11:15,noise
6394285686989,6392182204871,T573,12.7,Lena Okafor,2025-08-04 11:09:47,noise
6394285686989,6392944941518,T698,18.3,Lena Okafor,2025-08-04 16:30:39,noise
6394285686989,6396956367740,T573,7.4,Lena Okafor,2025-08-04 15:02:37,noise
6399961796941,6393318640912,T477,4.7,Ben Duarte,2025-10-18 03:19:13,noise
6399961796941,6392251159617,T477,24.6,Ben Duarte,2025-10-18 20:00:51,noise
6399961796941,6394334018731,T477,9.1,Ben Duarte,2025-10-17 09:00:17,noise
6399961796941,6395328992709,T477,11.6,Ben Duarte,2025-10-17 19:10:00,noise
6399961796941,6393318640912,T477,56.1,Ben Duarte,2025-10-16 10:01:14,noise
6399961796941,6399907611720,T477,33.0,Ben Duarte,2025-10-16 02:11:26,noise
6399961796941,6395557270185,T477,19.6,Ben Duarte,2025-10-15 17:07:38,noise
6399961796941,6398645236008,T227,14.4,Ben Duarte,2025-10-15 16:23:12,noise
6399961796941,6397033353739,T227,18.3,Ben Duarte,2025-10-14 15:29:02,noise
6399961796941,6394389103334,T227,5.2,Ben Duarte,2025-10-14 19:04:45,noise
6399961796941,6398645236008,T477,19.5,Ben Duarte,2025-10-13 11:09:29,noise
6399961796941,6393318640912,T477,20.8,Ben Duarte,2025-10-13 14:10:00,noise
6399961796941,6398645236008,T227,84.8,Ben Duarte,2025-10-12 19:16:20,noise
6399961796941,6393318640912,T477,12.6,Ben Duarte,2025-10-12 12:07:01,noise
6399961796941,6397671860113,T227,6.5,Ben Duarte,2025-10-11 23:08:33,noise
6399961796941,6392944941518,T477,11.3,Ben Duarte,2025-10-11 19:27:09,noise
6399961796941,6398645236008,T477,5.0,Ben Duarte,2025-10-11 02:27:20,noise
6399961796941,6396026405795,T227,8.5,Ben Duarte,2025-10-10 13:19:24,noise
6399961796941,6392251159617,T227,54.6,Ben Duarte,2025-10-10 10:20:28,noise
6399961796941,6398584437466,T477,28.3,Ben Duarte,2025-10-10 18:00:09,noise
6399961796941,6398645236008,T227,17.2,Ben Duarte,2025-10-09 11:21:33,noise
6399961796941,6397872153794,T477,14.5,Ben Duarte,2025-10-09 11:07:23,noise
6399961796941,6393318640912,T227,36.0,Ben Duarte,2025-10-08 10:27:36,noise
6399961796941,6398645236008,T477,14.7,Ben Duarte,2025-10-08 23:02:56,noise
6399961796941,6393318640912,T477,14.3,Ben Duarte,2025-10-08 09:26:18,noise
6399961796941,6392251159617,T477,24.7,Ben Duarte,2025-10-07 12:07:06,noise
6399961796941,6393318640912,T227,22.1,Ben Duarte,2025-10-07 12:00:00,noise
6399961796941,6393318640912,T477,42.2,Ben Duarte,2025-10-07 21:12:09,noise
6399961796941,6392251159617,T477,24.1,Ben Duarte,2025-10-06 16:04:30,noise
6399961796941,6399042725763,T477,16.9,Ben Duarte,2025-10-05 14:08:08,noise
6399961796941,6392251159617,T477,5.1,Ben Duarte,2025-10-04 10:28:16,noise
6399961796941,6392251159617,T477,32.2,Ben Duarte,2025-10-04 13:26:07,noise
6399961796941,6394602944141,T477,58.2,Ben Duarte,2025-10-04 09:12:39,noise
6399961796941,6392251159617,T477,14.2,Ben Duarte,2025-10-03 16:01:11,noise
6399961796941,6398645236008,T227,111.8,Ben Duarte,2025-10-03 09:04:39,noise
6399961796941,6396934367041,T477,13.4,Ben Duarte,2025-10-03 09:24:14,noise
6399961796941,6393318640912,T477,9.2,Ben Duarte,2025-10-02 17:15:05,noise
6399961796941,6395034822866,T227,28.4,Ben Duarte,2025-10-02 08:21:18,noise
6399961796941,6393318640912,T227,16.1,Ben Duarte,2025-10-01 10:09:45,noise
6399961796941,6393318640912,T477,7.0,Ben Duarte,2025-10-01 16:29:37,noise
6399961796941,6392251159617,T227,24.7,Ben Duarte,2025-09-30 20:19:31,noise
6399961796941,6395289242961,T227,12.8,Ben Duarte,2025-09-29 03:23:19,noise
6399961796941,6393318640912,T227,5.3,Ben Duarte,2025-09-29 08:04:30,noise
6399961796941,6393318640912,T227,30.1,Ben Duarte,2025-09-29 13:15:11,noise
6399961796941,6393318640912,T477,23.9,Ben Duarte,2025-09-28 15:20:44,noise
6399961796941,6393474215565,T477,19.4,Ben Duarte,2025-09-28 18:24:52,noise
6399961796941,6393318640912,T477,9.5,Ben Duarte,2025-09-27 20:05:07,noise
6399961796941,6393318640912,T477,14.9,Ben Duarte,2025-09-27 16:12:49,noise
6399961796941,6399429451462,T477,9.8,Ben Duarte,2025-09-26 22:08:37,noise
6399961796941,6392251159617,T477,5.0,Ben Duarte,2025-09-26 11:07:22,noise
6399961796941,6398645236008,T227,13.0,Ben Duarte,2025-09-25 02:04:35,noise
6399961796941,6398645236008,T227,10.7,Ben Duarte,2025-09-25 11:06:58,noise
6399961796941,6392251159617,T477,22.0,Ben Duarte,2025-09-24 23:08:49,noise
6399961796941,6394334018731,T227,37.6,Ben Duarte,2025-09-23 09:21:45,noise
6399961796941,6392251159617,T477,26.6,Ben Duarte,2025-09-23 11:16:33,noise
6399961796941,6395086222587,T477,7.7,Ben Duarte,2025-09-22 11:17:26,noise
6399961796941,6393318640912,T477,25.8,Ben Duarte,2025-09-22 14:29:02,noise
6399961796941,6392251159617,T477,6.6,Ben Duarte,2025-09-21 20:10:08,noise
6399961796941,6394369267219,T477,4.0,Ben Duarte,2025-09-20 16:20:01,noise
6399961796941,6396782939427,T477,3.6,Ben Duarte,2025-09-20 16:14:57,noise
6399961796941,6398645236008,T477,6.2,Ben Duarte,2025-09-19 12:28:03,noise
6399961796941,6392251159617,T227,27.4,Ben Duarte,2025-09-19 21:15:40,noise
6399961796941,6395447757108,T477,4.6,Ben Duarte,2025-09-18 09:00:12,noise
6399961796941,6392251159617,T227,8.4,Ben Duarte,2025-09-18 14:21:40,noise
6399961796941,6398645236008,T477,8.6,Ben Duarte,2025-09-18 18:14:41,noise
6399961796941,6393318640912,T477,44.1,Ben Duarte,2025-09-17 20:20:29,noise
6399961796941,6399406323212,T227,22.5,Ben Duarte,2025-09-16 09:25:04,noise
6399961796941,6392251159617,T227,51.0,Ben Duarte,2025-09-16 03:08:33,noise
6399961796941,6397033353739,T227,34.2,Ben Duarte,2025-09-15 10:27:21,noise
6399961796941,6397424123950,T477,22.5,Ben Duarte,2025-09-15 10:06:03,noise
6399961796941,6393318640912,T477,16.7,Ben Duarte,2025-09-14 21:06:56,noise
6399961796941,6396433624746,T227,5.1,Ben Duarte,2025-09-13 12:20:01,noise
6399961796941,6398645236008,T477,28.5,Ben Duarte,2025-09-13 02:26:23,noise
6399961796941,6393318640912,T227,82.4,Ben Duarte,2025-09-12 01:09:37,noise
6399961796941,6392523329605,T477,29.4,Ben Duarte,2025-09-12 08:29:13,noise
6399961796941,6398578995606,T477,7.0,Ben Duarte,2025-09-12 18:08:53,noise
6399961796941,6399042725763,T477,11.9,Ben Duarte,2025-09-11 05:21:59,noise
6399961796941,6393318640912,T477,31.0,Ben Duarte,2025-09-11 18:02:08,noise
6399961796941,6392251159617,T227,5.5,Ben Duarte,2025-09-10 22:19:09,noise
6399961796941,6392251159617,T227,26.6,Ben Duarte,2025-09-10 08:04:20,noise
6399961796941,6398645236008,T227,10.6,Ben Duarte,2025-09-10 09:22:52,noise
6399961796941,6392251159617,T477,7.8,Ben Duarte,2025-09-09 10:27:25,noise
6399961796941,6391644392848,T477,5.6,Ben Duarte,2025-09-09 23:00:58,noise
6399961796941,6398645236008,T477,25.2,Ben Duarte,2025-09-09 11:19:31,noise
6399961796941,6393318640912,T477,28.7,Ben Duarte,2025-09-08 02:27:22,noise
6399961796941,6391847085587,T227,12.7,Ben Duarte,2025-09-07 12:13:21,noise
6399961796941,6395264944630,T227,31.3,Ben Duarte,2025-09-07 21:29:04,noise
6399961796941,6392251159617,T477,21.5,Ben Duarte,2025-09-06 21:26:08,noise
6399961796941,6392251159617,T227,14.0,Ben Duarte,2025-09-06 10:27:38,noise
6399961796941,6398645236008,T227,11.6,Ben Duarte,2025-09-05 09:25:18,noise
6399961796941,6392691285953,T477,30.9,Ben Duarte,2025-09-05 17:03:59,noise
6399961796941,6398645236008,T227,39.2,Ben Duarte,2025-09-05 10:00:39,noise
6399961796941,6392251159617,T477,23.5,Ben Duarte,2025-09-04 09:14:33,noise
6399961796941,6399406323212,T227,22.5,Ben Duarte,2025-09-04 13:17:52,noise
6399961796941,6396026405795,T227,15.8,Ben Duarte,2025-09-03 11:22:20,noise
6399961796941,6393318640912,T477,16.3,Ben Duarte,2025-09-02 12:12:37,noise
6399961796941,6392251159617,T477,16.1,Ben Duarte,2025-09-02 20:02:29,noise
6399961796941,6392251159617,T477,29.3,Ben Duarte,2025-09-01 03:09:38,noise
6399961796941,6392584159767,T227,12.0,Ben Duarte,2025-09-01 11:24:25,noise
6399961796941,6399857882871,T477,3.4,Ben Duarte,2025-08-31 09:03:42,noise
6399961796941,6393318640912,T477,10.1,Ben Duarte,2025-08-31 16:28:33,noise
6399961796941,6396168850025,T477,5.3,Ben Duarte,2025-08-30 12:25:13,noise
6399961796941,6392599009461,T227,31.4,Ben Duarte,2025-08-30 12:03:09,noise
6399961796941,6393318640912,T477,29.9,Ben Duarte,2025-08-29 09:00:45,noise
6399961796941,6398645236008,T477,40.8,Ben Duarte,2025-08-29 16:17:09,noise
6399961796941,6392251159617,T227,5.2,Ben Duarte,2025-08-28 17:21:50,noise
6399961796941,6392251159617,T227,20.9,Ben Duarte,2025-08-28 15:16:02,noise
6399961796941,6392251159617,T477,8.9,Ben Duarte,2025-08-27 00:22:44,noise
6399961796941,6396026405795,T227,7.0,Ben Duarte,2025-08-26 14:15:16,noise
6399961796941,6398645236008,T477,12.9,Ben Duarte,2025-08-26 14:08:02,noise
6399961796941,6398645236008,T477,13.0,Ben Duarte,2025-08-25 11:18:33,noise
6399961796941,6397176014123,T227,9.6,Ben Duarte,2025-08-25 18:13:15,noise
6399961796941,6393318640912,T477,32.8,Ben Duarte,2025-08-24 02:27:05,noise
6399961796941,6391296649512,T477,25.9,Ben Duarte,2025-08-24 14:23:45,noise
6399961796941,6396956367740,T227,10.8,Ben Duarte,2025-08-24 14:27:32,noise
6399961796941,6392251159617,T227,42.4,Ben Duarte,2025-08-23 20:28:27,noise
6399961796941,6392546307565,T477,14.1,Ben Duarte,2025-08-23 22:28:36,noise
6399961796941,6398645236008,T477,16.8,Ben Duarte,2025-08-22 14:06:06,noise
6399961796941,6392623441780,T227,26.2,Ben Duarte,2025-08-22 15:07:34,noise
6399961796941,6392251159617,T477,17.5,Ben Duarte,2025-08-21 20:15:00,noise
6399961796941,6392251159617,T227,31.2,Ben Duarte,2025-08-20 18:12:11,noise
6399961796941,6398645236008,T477,38.0,Ben Duarte,2025-08-20 16:14:38,noise
6399961796941,6394855637596,T477,5.1,Ben Duarte,2025-08-19 01:19:32,noise
6399961796941,6394334018731,T477,8.3,Ben Duarte,2025-08-19 20:23:43,noise
6399961796941,6393318640912,T477,20.4,Ben Duarte,2025-08-18 19:21:09,noise
6399961796941,6392251159617,T477,28.3,Ben Duarte,2025-08-18 14:00:07,noise
6399961796941,6393318640912,T477,7.8,Ben Duarte,2025-08-17 17:18:57,noise
6399961796941,6396956367740,T477,11.0,Ben Duarte,2025-08-17 14:23:50,noise
6399961796941,6392523329605,T227,10.6,Ben Duarte,2025-08-17 19:17:40,noise
6399961796941,6397176014123,T477,14.0,Ben Duarte,2025-08-16 10:00:06,noise
6399961796941,6392251159617,T227,25.7,Ben Duarte,2025-08-15 08:07:13,noise
6399961796941,6393318640912,T227,9.9,Ben Duarte,2025-08-15 17:25:56,noise
6399961796941,6392251159617,T477,24.9,Ben Duarte,2025-08-14 11:15:42,noise
6399961796941,6398645236008,T477,17.7,Ben Duarte,2025-08-14 19:01:51,noise
6399961796941,6398645236008,T477,23.9,Ben Duarte,2025-08-13 17:23:43,noise
6399961796941,6391697329269,T477,2.8,Ben Duarte,2025-08-13 03:14:48,noise
6399961796941,6395863306424,T227,9.0,Ben Duarte,2025-08-12 11:01:52,noise
6399961796941,6392251159617,T227,19.8,Ben Duarte,2025-08-12 10:14:44,noise
6399961796941,6392251159617,T227,8.4,Ben Duarte,2025-08-12 19:16:47,noise
6399961796941,6394389103334,T227,5.9,Ben Duarte,2025-08-11 15:13:30,noise
6399961796941,6397685492906,T227,14.7,Ben Duarte,2025-08-10 13:07:42,noise
6399961796941,6398645236008,T227,17.3,Ben Duarte,2025-08-09 14:28:22,noise
6399961796941,6392251159617,T227,13.3,Ben Duarte,2025-08-08 01:24:10,noise
6399961796941,6393318640912,T477,69.5,Ben Duarte,2025-08-07 11:04:31,noise
6399961796941,6396663971262,T477,68.1,Ben Duarte,2025-08-07 23:19:01,noise
6399961796941,6398645236008,T227,5.1,Ben Duarte,2025-08-06 04:08:59,noise
6399961796941,6393318640912,T477,11.7,Ben Duarte,2025-08-06 12:11:51,noise
6399961796941,6398645236008,T227,25.4,Ben Duarte,2025-08-06 19:30:33,noise
6399961796941,6392251159617,T227,17.9,Ben Duarte,2025-08-05 08:05:08,noise
6399961796941,6392251159617,T477,5.9,Ben Duarte,2025-08-05 05:28:24,noise
6399961796941,6398645236008,T227,18.4,Ben Duarte,2025-08-04 15:19:32,noise
6399961796941,6393318640912,T477,19.1,Ben Duarte,2025-08-04 13:12:45,noise
6397654503285,6398536130070,T153,21.1,Grace Diaz,2025-10-18 12:01:07,noise
6397654503285,6398536130070,T209,24.9,Grace Diaz,2025-10-18 12:30:50,noise
6397654503285,6399429451462,T153,11.8,Grace Diaz,2025-10-18 13:16:11,noise
6397654503285,6393958914953,T209,13.4,Grace Diaz,2025-10-17 19:12:29,noise
6397654503285,6396397246783,T209,20.6,Grace Diaz,2025-10-17 13:30:18,noise
6397654503285,6397357048476,T209,18.2,Grace Diaz,2025-10-16 09:27:10,noise
6397654503285,6397671860113,T209,12.8,Grace Diaz,2025-10-16 10:28:48,noise
6397654503285,6399961796941,T209,19.8,Grace Diaz,2025-10-16 16:22:34,noise
6397654503285,6396397246783,T209,17.7,Grace Diaz,2025-10-15 11:30:23,noise
6397654503285,6398621864419,T209,13.3,Grace Diaz,2025-10-15 15:27:14,noise
6397654503285,6398536130070,T209,18.4,Grace Diaz,2025-10-14 16:13:50,noise
6397654503285,6397357048476,T209,6.2,Grace Diaz,2025-10-14 20:07:17,noise
6397654503285,6398584437466,T209,17.6,Grace Diaz,2025-10-14 17:06:24,noise
6397654503285,6394477195628,T153,19.3,Grace Diaz,2025-10-13 18:10:52,noise
6397654503285,6398536130070,T209,32.6,Grace Diaz,2025-10-12 21:05:15,noise
6397654503285,6396397246783,T153,6.2,Grace Diaz,2025-10-12 08:18:11,noise
6397654503285,6396397246783,T209,17.5,Grace Diaz,2025-10-11 17:14:45,noise
6397654503285,6397357048476,T209,20.5,Grace Diaz,2025-10-11 19:22:20,noise
6397654503285,6397357048476,T209,52.2,Grace Diaz,2025-10-11 15:20:26,noise
6397654503285,6394485230571,T209,16.3,Grace Diaz,2025-10-10 21:03:16,noise
6397654503285,6396397246783,T209,6.4,Grace Diaz,2025-10-10 20:26:54,noise
6397654503285,6396397246783,T209,25.9,Grace Diaz,2025-10-09 01:07:20,noise
6397654503285,6394369267219,T153,17.1,Grace Diaz,2025-10-09 05:14:23,noise
6397654503285,6391697329269,T209,39.7,Grace Diaz,2025-10-08 17:25:21,noise
6397654503285,6398536130070,T209,15.1,Grace Diaz,2025-10-08 14:07:34,noise
6397654503285,6397515118078,T209,14.2,Grace Diaz,2025-10-07 17:01:42,noise
6397654503285,6398536130070,T153,38.2,Grace Diaz,2025-10-06 01:21:41,noise
6397654503285,6396397246783,T153,11.4,Grace Diaz,2025-10-06 17:23:46,noise
6397654503285,6396397246783,T153,5.5,Grace Diaz,2025-10-05 11:23:36,noise
6397654503285,6396397246783,T153,32.6,Grace Diaz,2025-10-05 01:12:08,noise
6397654503285,6397654503285,T153,13.2,Grace Diaz,2025-10-05 21:22:40,noise
6397654503285,6397357048476,T209,13.5,Grace Diaz,2025-10-04 22:09:52,noise
6397654503285,6399828853050,T209,33.5,Grace Diaz,2025-10-04 15:06:47,noise
6397654503285,6397357048476,T209,7.4,Grace Diaz,2025-10-03 11:12:56,noise
6397654503285,6397398372383,T209,9.8,Grace Diaz,2025-10-02 14:26:18,noise
6397654503285,6394285686989,T209,16.5,Grace Diaz,2025-10-01 18:11:30,noise
6397654503285,6395086222587,T153,41.5,Grace Diaz,2025-10-01 14:23:23,noise
6397654503285,6395388614739,T209,9.9,Grace Diaz,2025-09-30 18:14:12,noise
6397654503285,6392385746157,T209,42.3,Grace Diaz,2025-09-29 20:25:16,noise
6397654503285,6396397246783,T153,27.6,Grace Diaz,2025-09-28 20:27:44,noise
6397654503285,6399828853050,T209,16.3,Grace Diaz,2025-09-28 19:13:56,noise
6397654503285,6397357048476,T209,25.5,Grace Diaz,2025-09-28 08:27:24,noise
6397654503285,6394995994848,T209,11.4,Grace Diaz,2025-09-27 12:17:34,noise
6397654503285,6398536130070,T153,17.3,Grace Diaz,2025-09-27 21:26:40,noise
6397654503285,6397357048476,T153,5.5,Grace Diaz,2025-09-26 17:00:04,noise
6397654503285,6394781266670,T209,11.6,Grace Diaz,2025-09-26 10:23:29,noise
6397654503285,6391697329269,T209,16.8,Grace Diaz,2025-09-25 12:01:01,noise
6397654503285,6397357048476,T209,7.3,Grace Diaz,2025-09-25 22:18:41,noise
6397654503285,6396397246783,T153,30.4,Grace Diaz,2025-09-25 11:12:58,noise
6397654503285,6397357048476,T153,44.0,Grace Diaz,2025-09-24 22:19:32,noise
6397654503285,6397357048476,T209,14.4,Grace Diaz,2025-09-24 23:08:47,noise
6397654503285,6397357048476,T209,26.6,Grace Diaz,2025-09-24 18:09:45,noise
6397654503285,6391697329269,T153,12.5,Grace Diaz,2025-09-23 23:28:17,noise
6397654503285,6395388614739,T209,21.4,Grace Diaz,2025-09-23 18:26:26,noise
6397654503285,6391054941178,T153,9.9,Grace Diaz,2025-09-22 14:02:19,noise
6397654503285,6396397246783,T209,27.4,Grace Diaz,2025-09-22 22:12:51,noise
6397654503285,6398536130070,T209,9.2,Grace Diaz,2025-09-22 09:00:22,noise
6397654503285,6396397246783,T209,6.5,Grace Diaz,2025-09-21 19:07:35,noise
6397654503285,6398536130070,T209,39.5,Grace Diaz,2025-09-21 19:23:20,noise
6397654503285,6396397246783,T209,11.5,Grace Diaz,2025-09-20 18:24:43,noise
6397654503285,6398536130070,T209,24.0,Grace Diaz,2025-09-20 20:08:14,noise
6397654503285,6398536130070,T153,60.6,Grace Diaz,2025-09-20 15:14:53,noise
6397654503285,6397357048476,T209,33.5,Grace Diaz,2025-09-19 17:04:42,noise
6397654503285,6396397246783,T153,22.4,Grace Diaz,2025-09-19 09:07:16,noise
6397654503285,6396397246783,T153,68.6,Grace Diaz,2025-09-19 16:20:21,noise
6397654503285,6398175003577,T153,14.3,Grace Diaz,2025-09-18 09:12:28,noise
6397654503285,6396026405795,T153,33.0,Grace Diaz,2025-09-18 18:09:48,noise
6397654503285,6396397246783,T153,5.1,Grace Diaz,2025-09-18 15:08:55,noise
6397654503285,6397357048476,T209,8.4,Grace Diaz,2025-09-17 15:30:51,noise
6397654503285,6396397246783,T209,23.8,Grace Diaz,2025-09-16 11:19:32,noise
6397654503285,6397357048476,T209,8.9,Grace Diaz,2025-09-16 19:00:44,noise
6397654503285,6397357048476,T209,23.6,Grace Diaz,2025-09-15 11:17:04,noise
6397654503285,6391296649512,T153,16.4,Grace Diaz,2025-09-15 05:18:46,noise
6397654503285,6399697255231,T153,37.5,Grace Diaz,2025-09-14 19:27:19,noise
6397654503285,6396397246783,T153,10.1,Grace Diaz,2025-09-14 08:21:07,noise
6397654503285,6397357048476,T209,3.6,Grace Diaz,2025-09-13 14:15:48,noise
6397654503285,6396397246783,T153,21.0,Grace Diaz,2025-09-13 05:04:55,noise
6397654503285,6397357048476,T209,26.0,Grace Diaz,2025-09-12 03:01:41,noise
6397654503285,6397357048476,T153,7.8,Grace Diaz,2025-09-12 20:02:25,noise
6397654503285,6397176014123,T209,49.9,Grace Diaz,2025-09-11 19:25:12,noise
6397654503285,6399628559272,T209,48.7,Grace Diaz,2025-09-11 09:16:36,noise
6397654503285,6397357048476,T209,18.3,Grace Diaz,2025-09-11 10:16:30,noise
6397654503285,6397357048476,T209,5.9,Grace Diaz,2025-09-10 13:14:58,noise
6397654503285,6396397246783,T153,29.2,Grace Diaz,2025-09-10 20:20:52,noise
6397654503285,6398536130070,T209,33.7,Grace Diaz,2025-09-09 00:22:25,noise
6397654503285,6392609362629,T209,71.4,Grace Diaz,2025-09-09 21:09:29,noise
6397654503285,6393958914953,T209,37.2,Grace Diaz,2025-09-09 16:04:50,noise
6397654503285,6396397246783,T153,32.7,Grace Diaz,2025-09-08 17:12:29,noise
6397654503285,6398175003577,T209,6.9,Grace Diaz,2025-09-08 14:29:18,noise
6397654503285,6397357048476,T209,14.1,Grace Diaz,2025-09-08 08:12:41,noise
6397654503285,6396397246783,T209,18.3,Grace Diaz,2025-09-07 14:28:24,noise
6397654503285,6395277555081,T209,36.2,Grace Diaz,2025-09-07 20:13:49,noise
6397654503285,6397357048476,T153,8.3,Grace Diaz,2025-09-06 19:21:52,noise
6397654503285,6397357048476,T153,47.8,Grace Diaz,2025-09-06 05:09:06,noise
6397654503285,6397398372383,T209,8.2,Grace Diaz,2025-09-06 22:05:44,noise
6397654503285,6397357048476,T209,4.7,Grace Diaz,2025-09-05 15:21:50,noise
6397654503285,6398536130070,T153,32.4,Grace Diaz,2025-09-05 16:26:14,noise
6397654503285,6396397246783,T209,23.3,Grace Diaz,2025-09-04 13:29:33,noise
6397654503285,6394485230571,T209,64.5,Grace Diaz,2025-09-04 22:27:36,noise
6397654503285,6397357048476,T153,3.1,Grace Diaz,2025-09-04 23:29:59,noise
6397654503285,6394369267219,T153,22.8,Grace Diaz,2025-09-03 13:01:40,noise
6397654503285,6398536130070,T209,36.1,Grace Diaz,2025-09-03 13:15:25,noise
6397654503285,6393958914953,T153,9.4,Grace Diaz,2025-09-02 18:22:58,noise
6397654503285,6397357048476,T209,17.3,Grace Diaz,2025-09-02 18:13:57,noise
6397654503285,6395557270185,T209,33.0,Grace Diaz,2025-09-01 14:15:29,noise
6397654503285,6396609819264,T153,13.3,Grace Diaz,2025-09-01 18:18:02,noise
6397654503285,6395447757108,T153,33.2,Grace Diaz,2025-08-31 15:18:14,noise
6397654503285,6396397246783,T209,11.2,Grace Diaz,2025-08-31 02:09:20,noise
6397654503285,6396397246783,T153,21.5,Grace Diaz,2025-08-31 23:01:06,noise
6397654503285,6398536130070,T153,13.6,Grace Diaz,2025-08-30 10:11:57,noise
6397654503285,6399907611720,T153,36.5,Grace Diaz,2025-08-29 08:09:08,noise
6397654503285,6397345443862,T153,31.2,Grace Diaz,2025-08-29 21:05:33,noise
6397654503285,6397357048476,T209,16.8,Grace Diaz,2025-08-29 10:14:56,noise
6397654503285,6397357048476,T209,147.2,Grace Diaz,2025-08-28 15:18:06,noise
6397654503285,6398536130070,T153,18.3,Grace Diaz,2025-08-28 14:11:12,noise
6397654503285,6397357048476,T209,20.5,Grace Diaz,2025-08-27 11:12:59,noise
6397654503285,6396397246783,T153,13.5,Grace Diaz,2025-08-26 19:23:09,noise
6397654503285,6398536130070,T209,41.6,Grace Diaz,2025-08-25 09:21:34,noise
6397654503285,6397357048476,T209,20.1,Grace Diaz,2025-08-24 08:27:41,noise
6397654503285,6398536130070,T153,7.0,Grace Diaz,2025-08-23 12:15:15,noise
6397654503285,6396397246783,T209,50.3,Grace Diaz,2025-08-23 15:11:16,noise
6397654503285,6398536130070,T153,24.2,Grace Diaz,2025-08-23 05:16:59,noise
6397654503285,6396026405795,T209,9.1,Grace Diaz,2025-08-22 13:28:15,noise
6397654503285,6397357048476,T209,27.2,Grace Diaz,2025-08-22 23:09:44,noise
6397654503285,6395104602062,T209,8.5,Grace Diaz,2025-08-22 11:02:25,noise
6397654503285,6397357048476,T153,26.3,Grace Diaz,2025-08-21 00:21:50,noise
6397654503285,6394863330204,T209,11.2,Grace Diaz,2025-08-21 11:06:11,noise
6397654503285,6398621864419,T209,18.3,Grace Diaz,2025-08-20 19:10:20,noise
6397654503285,6398536130070,T153,20.7,Grace Diaz,2025-08-19 22:02:53,noise
6397654503285,6394602944141,T209,19.0,Grace Diaz,2025-08-18 13:12:57,noise
6397654503285,6398536130070,T153,19.2,Grace Diaz,2025-08-18 08:08:34,noise
6397654503285,6391054941178,T209,11.7,Grace Diaz,2025-08-17 18:28:10,noise
6397654503285,6394701982874,T209,25.5,Grace Diaz,2025-08-17 01:08:51,noise
6397654503285,6396397246783,T209,14.4,Grace Diaz,2025-08-17 00:25:13,noise
6397654503285,6396397246783,T209,44.0,Grace Diaz,2025-08-16 14:12:04,noise
6397654503285,6397357048476,T209,13.8,Grace Diaz,2025-08-15 15:08:43,noise
6397654503285,6396397246783,T209,28.5,Grace Diaz,2025-08-14 20:14:20,noise
6397654503285,6398536130070,T153,7.7,Grace Diaz,2025-08-14 14:08:05,noise
6397654503285,6399857882871,T153,31.9,Grace Diaz,2025-08-13 19:13:41,noise
6397654503285,6396934367041,T153,29.8,Grace Diaz,2025-08-13 18:07:27,noise
6397654503285,6399628559272,T209,15.2,Grace Diaz,2025-08-12 10:12:08,noise
6397654503285,6398536130070,T209,15.9,Grace Diaz,2025-08-12 09:25:25,noise
6397654503285,6398536130070,T209,14.4,Grace Diaz,2025-08-11 20:18:39,noise
6397654503285,6396397246783,T153,31.6,Grace Diaz,2025-08-10 00:18:00,noise
6397654503285,6398536130070,T209,24.3,Grace Diaz,2025-08-10 20:12:41,noise
6397654503285,6399042725763,T209,13.7,Grace Diaz,2025-08-09 08:07:15,noise
6397654503285,6396397246783,T153,28.3,Grace Diaz,2025-08-09 16:12:44,noise
6397654503285,6398536130070,T209,23.3,Grace Diaz,2025-08-09 17:22:41,noise
6397654503285,6396397246783,T209,16.2,Grace Diaz,2025-08-08 08:01:57,noise
6397654503285,6396397246783,T153,22.9,Grace Diaz,2025-08-07 11:08:51,noise
6397654503285,6399628559272,T209,15.6,Grace Diaz,2025-08-07 16:30:47,noise
6397654503285,6393474215565,T209,9.0,Grace Diaz,2025-08-06 21:20:57,noise
6397654503285,6397398372383,T209,11.6,Grace Diaz,2025-08-06 19:07:15,noise
6397654503285,6393318640912,T209,51.7,Grace Diaz,2025-08-05 14:21:32,noise
6397654503285,6399828853050,T209,35.8,Grace Diaz,2025-08-05 10:24:06,noise
6397654503285,6394369267219,T153,29.6,Grace Diaz,2025-08-04 11:12:34,noise
6397654503285,6397357048476,T209,42.6,Grace Diaz,2025-08-04 21:29:53,noise
6397654503285,6396397246783,T209,3.5,Grace Diaz,2025-08-04 03:18:31,noise
6391644392848,6397033353739,T142,29.7,Ivy Chen,2025-10-18 12:23:56,noise
6391644392848,6397176014123,T142,10.1,Ivy Chen,2025-10-18 09:07:20,noise
6391644392848,6392523329605,T680,5.6,Ivy Chen,2025-10-17 08:04:58,noise
6391644392848,6392623441780,T680,14.9,Ivy Chen,2025-10-17 05:21:57,noise
6391644392848,6396397246783,T142,36.6,Ivy Chen,2025-10-17 09:06:01,noise
6391644392848,6392523329605,T142,13.5,Ivy Chen,2025-10-16 12:15:52,noise
6391644392848,6399722315072,T142,5.2,Ivy Chen,2025-10-15 19:08:17,noise
6391644392848,6398446041346,T142,7.9,Ivy Chen,2025-10-15 18:10:47,noise
6391644392848,6392089382142,T142,32.5,Ivy Chen,2025-10-15 14:16:14,noise
6391644392848,6399907611720,T142,56.0,Ivy Chen,2025-10-14 02:10:21,noise
6391644392848,6396026405795,T142,10.3,Ivy Chen,2025-10-13 14:19:24,noise
6391644392848,6396863262521,T142,57.7,Ivy Chen,2025-10-13 08:08:07,noise
6391644392848,6392385746157,T680,17.0,Ivy Chen,2025-10-12 10:09:42,noise
6391644392848,6396168850025,T142,10.0,Ivy Chen,2025-10-12 23:24:20,noise
6391644392848,6396168850025,T142,25.7,Ivy Chen,2025-10-12 09:02:29,noise
6391644392848,6395557270185,T142,6.1,Ivy Chen,2025-10-11 15:27:05,noise
6391644392848,6396168850025,T680,17.9,Ivy Chen,2025-10-11 17:04:10,noise
6391644392848,6395264944630,T142,16.8,Ivy Chen,2025-10-10 19:13:18,noise
6391644392848,6399907611720,T680,16.3,Ivy Chen,2025-10-10 15:12:43,noise
6391644392848,6394995994848,T142,15.2,Ivy Chen,2025-10-09 10:09:32,noise
6391644392848,6397176014123,T142,37.4,Ivy Chen,2025-10-09 12:15:17,noise
6391644392848,6397907454154,T680,5.1,Ivy Chen,2025-10-08 16:24:49,noise
6391644392848,6391847085587,T142,10.7,Ivy Chen,2025-10-08 11:30:01,noise
6391644392848,6395289242961,T680,5.3,Ivy Chen,2025-10-07 00:12:02,noise
6391644392848,6391296649512,T680,23.8,Ivy Chen,2025-10-07 11:04:47,noise
6391644392848,6392089382142,T142,19.9,Ivy Chen,2025-10-06 02:19:54,noise
6391644392848,6392523329605,T142,53.6,Ivy Chen,2025-10-06 19:14:28,noise
6391644392848,6397176014123,T142,41.3,Ivy Chen,2025-10-06 22:17:29,noise
6391644392848,6396609601602,T680,54.7,Ivy Chen,2025-10-05 14:16:19,noise
6391644392848,6396284057733,T142,11.5,Ivy Chen,2025-10-05 11:20:55,noise
6391644392848,6394334018731,T680,34.4,Ivy Chen,2025-10-05 23:21:58,noise
6391644392848,6392523329605,T142,10.3,Ivy Chen,2025-10-04 11:06:31,noise
6391644392848,6391678940428,T142,11.8,Ivy Chen,2025-10-03 16:07:02,noise
6391644392848,6397907454154,T142,20.9,Ivy Chen,2025-10-03 09:01:21,noise
6391644392848,6391936644374,T680,12.8,Ivy Chen,2025-10-03 15:30:56,noise
6391644392848,6392944941518,T680,7.7,Ivy Chen,2025-10-02 11:21:39,noise
6391644392848,6393318640912,T142,12.2,Ivy Chen,2025-10-02 19:11:45,noise
6391644392848,6398536130070,T142,26.3,Ivy Chen,2025-10-01 15:01:17,noise
6391644392848,6392251159617,T142,2.3,Ivy Chen,2025-10-01 09:04:09,noise
6391644392848,6394477195628,T142,15.6,Ivy Chen,2025-09-30 08:10:40,noise
6391644392848,6391024970537,T142,16.4,Ivy Chen,2025-09-30 17:29:29,noise
6391644392848,6395289242961,T680,12.4,Ivy Chen,2025-09-29 17:03:57,noise
6391644392848,6398313094253,T142,29.1,Ivy Chen,2025-09-28 23:13:52,noise
6391644392848,6399857882871,T680,6.8,Ivy Chen,2025-09-28 21:15:17,noise
6391644392848,6397872153794,T142,8.0,Ivy Chen,2025-09-28 13:08:19,noise
6391644392848,6391678940428,T680,9.5,Ivy Chen,2025-09-27 13:26:55,noise
6391644392848,6391678940428,T142,4.9,Ivy Chen,2025-09-27 14:23:52,noise
6391644392848,6391644392848,T680,9.1,Ivy Chen,2025-09-26 20:12:16,noise
6391644392848,6396609819264,T142,36.2,Ivy Chen,2025-09-25 10:08:20,noise
6391644392848,6399828853050,T142,28.1,Ivy Chen,2025-09-24 12:28:19,noise
6391644392848,6399095757865,T680,8.1,Ivy Chen,2025-09-24 16:19:15,noise
6391644392848,6396609601602,T142,19.2,Ivy Chen,2025-09-24 14:13:12,noise
6391644392848,6397033353739,T142,20.6,Ivy Chen,2025-09-23 14:00:49,noise
6391644392848,6397872153794,T142,28.3,Ivy Chen,2025-09-23 10:28:29,noise
6391644392848,6397317313563,T680,18.3,Ivy Chen,2025-09-23 11:13:53,noise
6391644392848,6396284057733,T142,15.2,Ivy Chen,2025-09-22 09:11:48,noise
6391644392848,6392249133353,T680,12.3,Ivy Chen,2025-09-22 16:14:22,noise
6391644392848,6399429451462,T142,54.9,Ivy Chen,2025-09-21 08:01:36,noise
6391644392848,6399628559272,T142,22.9,Ivy Chen,2025-09-20 20:12:49,noise
6391644392848,6395328992709,T680,29.4,Ivy Chen,2025-09-20 12:27:47,noise
6391644392848,6394602944141,T680,23.6,Ivy Chen,2025-09-20 14:19:40,noise
6391644392848,6393318640912,T680,12.6,Ivy Chen,2025-09-19 16:14:43,noise
6391644392848,6397654503285,T680,6.0,Ivy Chen,2025-09-19 15:15:19,noise
6391644392848,6395086222587,T142,4.0,Ivy Chen,2025-09-18 21:21:35,noise
6391644392848,6399095757865,T142,12.6,Ivy Chen,2025-09-18 15:09:27,noise
6391644392848,6395277555081,T680,23.2,Ivy Chen,2025-09-17 17:10:18,noise
6391644392848,6392609362629,T680,17.0,Ivy Chen,2025-09-17 14:29:44,noise
6391644392848,6396609601602,T142,18.9,Ivy Chen,2025-09-16 19:21:31,noise
6391644392848,6394995994848,T680,20.9,Ivy Chen,2025-09-16 11:25:10,noise
6391644392848,6394389103334,T142,14.1,Ivy Chen,2025-09-15 11:12:43,noise
6391644392848,6397345443862,T142,10.5,Ivy Chen,2025-09-15 20:09:24,noise
6391644392848,6399095757865,T142,19.6,Ivy Chen,2025-09-14 17:18:44,noise
6391644392848,6399429451462,T680,22.3,Ivy Chen,2025-09-13 17:10:08,noise
6391644392848,6396609819264,T680,12.1,Ivy Chen,2025-09-13 11:04:10,noise
6391644392848,6394701982874,T142,12.1,Ivy Chen,2025-09-12 11:23:13,noise
6391644392848,6397931099268,T680,13.2,Ivy Chen,2025-09-12 11:04:37,noise
6391644392848,6397176014123,T680,20.3,Ivy Chen,2025-09-11 13:21:38,noise
6391644392848,6391678940428,T142,17.5,Ivy Chen,2025-09-10 13:10:57,noise
6391644392848,6399961796941,T680,14.7,Ivy Chen,2025-09-09 16:12:30,noise
6391644392848,6395709000192,T142,78.9,Ivy Chen,2025-09-09 18:07:11,noise
6391644392848,6392623441780,T142,3.6,Ivy Chen,2025-09-08 14:27:42,noise
6391644392848,6397872153794,T142,10.8,Ivy Chen,2025-09-08 11:15:55,noise
6391644392848,6392182204871,T142,31.6,Ivy Chen,2025-09-08 20:24:32,noise
6391644392848,6394334018731,T142,8.1,Ivy Chen,2025-09-07 10:11:31,noise
6391644392848,6396609601602,T680,6.7,Ivy Chen,2025-09-07 14:04:44,noise
6391644392848,6393958914953,T142,20.7,Ivy Chen,2025-09-06 01:07:56,noise
6391644392848,6398446041346,T142,2.4,Ivy Chen,2025-09-05 01:02:53,noise
6391644392848,6391697329269,T680,20.6,Ivy Chen,2025-09-05 13:25:08,noise
6391644392848,6397959530865,T680,12.3,Ivy Chen,2025-09-04 21:05:11,noise
6391644392848,6394701982874,T142,30.8,Ivy Chen,2025-09-04 11:17:46,noise
6391644392848,6391697329269,T142,27.8,Ivy Chen,2025-09-03 03:26:20,noise
6391644392848,6398175003577,T142,6.3,Ivy Chen,2025-09-03 17:13:27,noise
6391644392848,6395086222587,T142,11.7,Ivy Chen,2025-09-02 03:23:46,noise
6391644392848,6399697255231,T680,7.6,Ivy Chen,2025-09-02 18:28:29,noise
6391644392848,6392546307565,T680,27.6,Ivy Chen,2025-09-01 16:13:03,noise
6391644392848,6397931099268,T680,7.6,Ivy Chen,2025-09-01 19:12:06,noise
6391644392848,6395388614739,T680,63.9,Ivy Chen,2025-08-31 00:05:42,noise
6391644392848,6394389103334,T142,27.5,Ivy Chen,2025-08-30 18:29:29,noise
6391644392848,6392385746157,T680,18.2,Ivy Chen,2025-08-30 22:17:48,noise
6391644392848,6395738348726,T680,26.2,Ivy Chen,2025-08-29 18:00:55,noise
6391644392848,6399119973715,T142,2.4,Ivy Chen,2025-08-28 18:18:46,noise
6391644392848,6393958914953,T142,12.5,Ivy Chen,2025-08-27 17:02:09,noise
6391644392848,6399907611720,T680,9.9,Ivy Chen,2025-08-27 11:28:55,noise
6391644392848,6395328992709,T142,25.3,Ivy Chen,2025-08-26 14:22:53,noise
6391644392848,6397345443862,T680,11.5,Ivy Chen,2025-08-26 16:06:10,noise
6391644392848,6392691285953,T142,21.9,Ivy Chen,2025-08-26 14:06:59,noise
6391644392848,6394855637596,T142,33.2,Ivy Chen,2025-08-25 21:06:10,noise
6391644392848,6394334018731,T142,10.7,Ivy Chen,2025-08-25 16:20:04,noise
6391644392848,6391054941178,T142,14.8,Ivy Chen,2025-08-24 10:03:22,noise
6391644392848,6395574777798,T680,18.2,Ivy Chen,2025-08-23 08:13:01,noise
6391644392848,6391936644374,T142,24.5,Ivy Chen,2025-08-23 09:28:02,noise
6391644392848,6398096864787,T680,13.6,Ivy Chen,2025-08-22 12:06:57,noise
6391644392848,6399828853050,T680,11.9,Ivy Chen,2025-08-21 22:30:45,noise
6391644392848,6394477195628,T142,62.7,Ivy Chen,2025-08-21 14:02:44,noise
6391644392848,6391697329269,T142,14.1,Ivy Chen,2025-08-21 00:03:23,noise
6391644392848,6399828853050,T680,45.3,Ivy Chen,2025-08-20 15:27:15,noise
6391644392848,6397515118078,T142,14.3,Ivy Chen,2025-08-19 01:07:25,noise
6391644392848,6396934367041,T680,4.3,Ivy Chen,2025-08-18 15:06:58,noise
6391644392848,6399961796941,T142,25.5,Ivy Chen,2025-08-18 18:18:16,noise
6391644392848,6393511301796,T142,11.9,Ivy Chen,2025-08-17 17:30:57,noise
6391644392848,6393318640912,T142,9.6,Ivy Chen,2025-08-16 14:20:44,noise
6391644392848,6395574777798,T142,39.1,Ivy Chen,2025-08-15 17:14:20,noise
6391644392848,6392691285953,T142,14.5,Ivy Chen,2025-08-15 18:03:13,noise
6391644392848,6391644392848,T142,4.4,Ivy Chen,2025-08-14 21:17:27,noise
6391644392848,6392182204871,T142,23.7,Ivy Chen,2025-08-13 19:01:22,noise
6391644392848,6397033353739,T142,87.1,Ivy Chen,2025-08-13 15:22:22,noise
6391644392848,6399095757865,T680,12.4,Ivy Chen,2025-08-12 18:10:48,noise
6391644392848,6399406323212,T680,15.7,Ivy Chen,2025-08-11 15:03:32,noise
6391644392848,6395863306424,T142,18.0,Ivy Chen,2025-08-10 08:05:26,noise
6391644392848,6399119973715,T142,24.5,Ivy Chen,2025-08-10 13:25:03,noise
6391644392848,6395863306424,T680,33.1,Ivy Chen,2025-08-09 19:14:52,noise
6391644392848,6396609819264,T142,19.1,Ivy Chen,2025-08-09 15:22:37,noise
6391644392848,6397931099268,T142,5.5,Ivy Chen,2025-08-08 11:28:54,noise
6391644392848,6395264944630,T142,16.5,Ivy Chen,2025-08-08 01:01:02,noise
6391644392848,6398096864787,T680,45.3,Ivy Chen,2025-08-07 16:12:28,noise
6391644392848,6394995994848,T142,22.9,Ivy Chen,2025-08-06 13:17:26,noise
6391644392848,6398446041346,T680,10.0,Ivy Chen,2025-08-06 12:17:44,noise
6391644392848,6398175003577,T680,12.2,Ivy Chen,2025-08-05 09:24:33,noise
6391644392848,6399857882871,T142,6.9,Ivy Chen,2025-08-05 12:17:51,noise
6391644392848,6393502849379,T142,30.4,Ivy Chen,2025-08-04 00:10:38,noise
6391644392848,6398389473157,T142,23.9,Ivy Chen,2025-08-04 10:24:07,noise
6391644392848,6395557270185,T142,44.8,Ivy Chen,2025-08-04 00:28:58,noise
6391644392848,6392584159767,T142,42.2,Ivy Chen,2025-11-22 04:23:24,noise
6391644392848,6392584159767,T142,104.9,Ivy Chen,2025-11-26 06:09:17,noise
6391644392848,6392584159767,T142,149.4,Ivy Chen,2025-12-13 07:23:59,noise
6391644392848,6392584159767,T142,151.6,Ivy Chen,2025-12-11 23:22:46,noise
6391644392848,6392584159767,T142,116.2,Ivy Chen,2025-12-17 03:04:17,noise
6391644392848,6392584159767,T142,165.5,Ivy Chen,2025-12-11 06:16:35,noise
6396212810153,6395289242961,T442,12.1,Priya Vargas,2025-10-18 23:17:28,noise
6396212810153,6396609601602,T403,8.6,Priya Vargas,2025-10-18 18:29:08,noise
6396212810153,6397515118078,T442,7.6,Priya Vargas,2025-10-17 08:17:03,noise
6396212810153,6395289242961,T442,36.5,Priya Vargas,2025-10-16 13:01:01,noise
6396212810153,6395289242961,T403,32.8,Priya Vargas,2025-10-16 23:30:36,noise
6396212810153,6395289242961,T403,11.4,Priya Vargas,2025-10-15 16:30:05,noise
6396212810153,6395289242961,T442,12.8,Priya Vargas,2025-10-15 17:29:26,noise
6396212810153,6396609601602,T403,16.9,Priya Vargas,2025-10-14 08:29:18,noise
6396212810153,6396609601602,T403,15.4,Priya Vargas,2025-10-14 08:18:52,noise
6396212810153,6395289242961,T442,20.7,Priya Vargas,2025-10-13 13:07:22,noise
6396212810153,6395086222587,T442,13.9,Priya Vargas,2025-10-13 08:24:41,noise
6396212810153,6395289242961,T403,42.4,Priya Vargas,2025-10-12 00:11:23,noise
6396212810153,6395289242961,T442,3.9,Priya Vargas,2025-10-12 08:28:08,noise
6396212810153,6395034822866,T403,25.0,Priya Vargas,2025-10-12 16:29:24,noise
6396212810153,6395289242961,T442,14.6,Priya Vargas,2025-10-11 17:14:41,noise
6396212810153,6396609601602,T442,10.4,Priya Vargas,2025-10-11 19:22:44,noise
6396212810153,6394995994848,T442,34.5,Priya Vargas,2025-10-11 09:01:05,noise
6396212810153,6396609601602,T442,14.0,Priya Vargas,2025-10-10 19:06:45,noise
6396212810153,6395289242961,T403,17.9,Priya Vargas,2025-10-10 23:06:56,noise
6396212810153,6396609601602,T442,8.8,Priya Vargas,2025-10-09 10:17:01,noise
6396212810153,6396609601602,T442,43.9,Priya Vargas,2025-10-09 12:10:17,noise
6396212810153,6395289242961,T442,7.4,Priya Vargas,2025-10-08 18:14:48,noise
6396212810153,6396609601602,T442,69.1,Priya Vargas,2025-10-07 10:13:53,noise
6396212810153,6391024970537,T403,2.9,Priya Vargas,2025-10-07 21:18:16,noise
6396212810153,6398536130070,T442,12.2,Priya Vargas,2025-10-07 18:18:24,noise
6396212810153,6395328992709,T403,29.9,Priya Vargas,2025-10-06 21:04:36,noise
6396212810153,6396609601602,T442,11.2,Priya Vargas,2025-10-06 13:23:53,noise
6396212810153,6396609601602,T442,55.6,Priya Vargas,2025-10-05 10:08:01,noise
6396212810153,6396609601602,T403,30.9,Priya Vargas,2025-10-04 11:04:26,noise
6396212810153,6394477195628,T403,16.9,Priya Vargas,2025-10-04 16:14:10,noise
6396212810153,6395289242961,T442,24.9,Priya Vargas,2025-10-04 18:02:44,noise
6396212810153,6396609601602,T442,12.9,Priya Vargas,2025-10-03 11:26:32,noise
6396212810153,6395289242961,T442,12.6,Priya Vargas,2025-10-03 15:11:15,noise
6396212810153,6397398372383,T442,23.8,Priya Vargas,2025-10-02 10:00:15,noise
6396212810153,6395289242961,T403,10.6,Priya Vargas,2025-10-02 20:11:23,noise
6396212810153,6394701982874,T403,15.9,Priya Vargas,2025-10-02 12:06:19,noise
6396212810153,6395289242961,T442,15.4,Priya Vargas,2025-10-01 21:26:06,noise
6396212810153,6394334018731,T403,34.9,Priya Vargas,2025-09-30 19:08:08,noise
6396212810153,6395289242961,T442,11.5,Priya Vargas,2025-09-30 11:05:57,noise
6396212810153,6395289242961,T442,23.7,Priya Vargas,2025-09-30 01:29:09,noise
6396212810153,6396609601602,T442,16.9,Priya Vargas,2025-09-29 09:22:08,noise
6396212810153,6397398372383,T403,11.4,Priya Vargas,2025-09-29 00:23:54,noise
6396212810153,6395289242961,T442,11.9,Priya Vargas,2025-09-28 19:18:53,noise
6396212810153,6394701982874,T442,7.3,Priya Vargas,2025-09-28 15:09:48,noise
6396212810153,6395289242961,T442,18.0,Priya Vargas,2025-09-27 19:23:26,noise
6396212810153,6396609601602,T442,115.3,Priya Vargas,2025-09-27 09:19:33,noise
6396212810153,6399961796941,T442,12.5,Priya Vargas,2025-09-26 15:07:52,noise
6396212810153,6395709000192,T442,29.8,Priya Vargas,2025-09-26 14:01:02,noise
6396212810153,6395289242961,T403,12.3,Priya Vargas,2025-09-25 11:24:43,noise
6396212810153,6395289242961,T442,6.5,Priya Vargas,2025-09-24 20:06:15,noise
6396212810153,6395738348726,T403,12.3,Priya Vargas,2025-09-23 09:12:45,noise
6396212810153,6395328992709,T442,9.1,Priya Vargas,2025-09-23 05:27:24,noise
6396212810153,6395289242961,T442,13.4,Priya Vargas,2025-09-22 04:14:13,noise
6396212810153,6395289242961,T442,8.6,Priya Vargas,2025-09-22 11:20:35,noise
6396212810153,6396609601602,T403,9.9,Priya Vargas,2025-09-21 17:16:10,noise
6396212810153,6395289242961,T403,23.7,Priya Vargas,2025-09-21 14:27:01,noise
6396212810153,6397959530865,T403,27.0,Priya Vargas,2025-09-20 17:29:16,noise
6396212810153,6394477195628,T442,3.3,Priya Vargas,2025-09-20 11:19:26,noise
6396212810153,6397671860113,T403,26.2,Priya Vargas,2025-09-20 01:15:07,noise
6396212810153,6397317313563,T442,52.2,Priya Vargas,2025-09-19 05:09:28,noise
6396212810153,6396609601602,T403,16.2,Priya Vargas,2025-09-19 10:18:16,noise
6396212810153,6392944941518,T442,58.0,Priya Vargas,2025-09-18 13:07:13,noise
6396212810153,6394389103334,T442,17.7,Priya Vargas,2025-09-18 13:22:26,noise
6396212810153,6396609601602,T403,32.7,Priya Vargas,2025-09-17 18:06:34,noise
6396212810153,6395709000192,T442,25.4,Priya Vargas,2025-09-17 13:20:26,noise
6396212810153,6392089382142,T403,17.2,Priya Vargas,2025-09-16 20:26:43,noise
6396212810153,6395277555081,T403,6.1,Priya Vargas,2025-09-16 19:17:19,noise
6396212810153,6395289242961,T442,26.3,Priya Vargas,2025-09-15 10:25:20,noise
6396212810153,6395289242961,T442,27.6,Priya Vargas,2025-09-15 08:03:17,noise
6396212810153,6396609601602,T442,8.7,Priya Vargas,2025-09-14 17:27:29,noise
6396212810153,6396284057733,T442,18.3,Priya Vargas,2025-09-14 12:09:24,noise
6396212810153,6395289242961,T442,8.2,Priya Vargas,2025-09-14 17:07:11,noise
6396212810153,6391294572959,T403,6.6,Priya Vargas,2025-09-13 16:13:37,noise
6396212810153,6395289242961,T442,4.6,Priya Vargas,2025-09-13 19:17:26,noise
6396212810153,6399722315072,T442,42.7,Priya Vargas,2025-09-13 21:07:20,noise
6396212810153,6392623441780,T442,43.3,Priya Vargas,2025-09-12 08:13:32,noise
6396212810153,6395289242961,T442,8.3,Priya Vargas,2025-09-12 09:00:07,noise
6396212810153,6399562839233,T403,8.1,Priya Vargas,2025-09-11 19:09:30,noise
6396212810153,6395289242961,T403,5.9,Priya Vargas,2025-09-11 14:14:00,noise
6396212810153,6399828853050,T442,17.8,Priya Vargas,2025-09-10 14:01:19,noise
6396212810153,6395289242961,T442,18.4,Priya Vargas,2025-09-09 17:29:25,noise
6396212810153,6392584159767,T403,66.2,Priya Vargas,2025-09-09 16:16:44,noise
6396212810153,6396397246783,T442,8.7,Priya Vargas,2025-09-08 13:09:03,noise
6396212810153,6394369267219,T442,21.8,Priya Vargas,2025-09-07 15:04:40,noise
6396212810153,6395709000192,T403,10.9,Priya Vargas,2025-09-07 12:16:03,noise
6396212810153,6399095757865,T442,22.9,Priya Vargas,2025-09-07 22:24:25,noise
6396212810153,6392251159617,T442,61.9,Priya Vargas,2025-09-06 09:12:05,noise
6396212810153,6395289242961,T403,8.2,Priya Vargas,2025-09-06 19:00:03,noise
6396212810153,6391936644374,T442,4.8,Priya Vargas,2025-09-06 12:01:27,noise
6396212810153,6396609601602,T442,13.3,Priya Vargas,2025-09-05 14:09:43,noise
6396212810153,6395289242961,T442,10.5,Priya Vargas,2025-09-04 01:18:43,noise
6396212810153,6395277555081,T442,13.8,Priya Vargas,2025-09-04 08:21:25,noise
6396212810153,6396609601602,T442,22.4,Priya Vargas,2025-09-04 16:08:18,noise
6396212810153,6399628559272,T442,23.4,Priya Vargas,2025-09-03 01:12:50,noise
6396212810153,6395289242961,T442,16.9,Priya Vargas,2025-09-02 02:03:12,noise
6396212810153,6395289242961,T442,9.3,Priya Vargas,2025-09-02 12:27:33,noise
6396212810153,6391917476319,T403,30.8,Priya Vargas,2025-09-01 14:20:37,noise
6396212810153,6396609601602,T403,25.8,Priya Vargas,2025-09-01 13:15:52,noise
6396212810153,6397169427647,T442,10.9,Priya Vargas,2025-08-31 10:27:28,noise
6396212810153,6396609601602,T442,10.5,Priya Vargas,2025-08-31 04:30:08,noise
6396212810153,6395289242961,T403,16.8,Priya Vargas,2025-08-30 19:21:18,noise
6396212810153,6391644392848,T442,11.4,Priya Vargas,2025-08-30 11:06:09,noise
6396212810153,6396609601602,T403,41.7,Priya Vargas,2025-08-29 12:29:08,noise
6396212810153,6398175003577,T442,16.8,Priya Vargas,2025-08-29 16:02:17,noise
6396212810153,6396609601602,T442,15.2,Priya Vargas,2025-08-28 17:02:34,noise
6396212810153,6398313094253,T403,36.3,Priya Vargas,2025-08-28 20:07:45,noise
6396212810153,6397907454154,T442,47.9,Priya Vargas,2025-08-27 19:23:53,noise
6396212810153,6396609601602,T442,19.4,Priya Vargas,2025-08-27 11:28:34,noise
6396212810153,6397033353739,T403,8.0,Priya Vargas,2025-08-27 22:28:55,noise
6396212810153,6396433624746,T442,5.0,Priya Vargas,2025-08-26 21:08:32,noise
6396212810153,6395289242961,T442,49.6,Priya Vargas,2025-08-26 16:30:29,noise
6396212810153,6395289242961,T442,63.2,Priya Vargas,2025-08-25 22:26:29,noise
6396212810153,6396609601602,T442,13.3,Priya Vargas,2025-08-25 08:12:39,noise
6396212810153,6396609601602,T403,8.0,Priya Vargas,2025-08-24 23:10:58,noise
6396212810153,6396397246783,T442,26.6,Priya Vargas,2025-08-24 17:07:43,noise
6396212810153,6396609601602,T442,7.4,Priya Vargas,2025-08-23 08:30:00,noise
6396212810153,6395289242961,T442,37.1,Priya Vargas,2025-08-23 15:27:22,noise
6396212810153,6393299477204,T442,24.9,Priya Vargas,2025-08-22 22:28:08,noise
6396212810153,6394701982874,T442,20.6,Priya Vargas,2025-08-21 14:16:29,noise
6396212810153,6395289242961,T442,69.2,Priya Vargas,2025-08-21 23:07:33,noise
6396212810153,6396212810153,T442,9.4,Priya Vargas,2025-08-21 17:21:55,noise
6396212810153,6395289242961,T403,25.7,Priya Vargas,2025-08-20 20:16:52,noise
6396212810153,6397176014123,T442,29.1,Priya Vargas,2025-08-19 19:21:01,noise
6396212810153,6396609601602,T403,17.5,Priya Vargas,2025-08-18 10:14:20,noise
6396212810153,6395447757108,T403,9.7,Priya Vargas,2025-08-18 19:22:22,noise
6396212810153,6396168850025,T442,16.1,Priya Vargas,2025-08-17 16:25:04,noise
6396212810153,6399828853050,T442,4.3,Priya Vargas,2025-08-17 21:21:20,noise
6396212810153,6394389103334,T442,21.8,Priya Vargas,2025-08-16 13:04:24,noise
6396212810153,6395289242961,T403,29.2,Priya Vargas,2025-08-16 16:24:00,noise
6396212810153,6395289242961,T442,25.4,Priya Vargas,2025-08-15 19:16:05,noise
6396212810153,6396934367041,T403,21.5,Priya Vargas,2025-08-15 17:03:13,noise
6396212810153,6395104602062,T442,17.3,Priya Vargas,2025-08-14 02:07:43,noise
6396212810153,6395289242961,T442,41.2,Priya Vargas,2025-08-13 14:26:35,noise
6396212810153,6394863330204,T442,6.7,Priya Vargas,2025-08-12 14:13:05,noise
6396212810153,6395289242961,T442,20.4,Priya Vargas,2025-08-11 10:11:00,noise
6396212810153,6396609601602,T442,16.9,Priya Vargas,2025-08-11 02:09:19,noise
6396212810153,6399828853050,T403,12.9,Priya Vargas,2025-08-10 10:25:35,noise
6396212810153,6395289242961,T403,7.9,Priya Vargas,2025-08-09 20:25:53,noise
6396212810153,6395574777798,T403,18.4,Priya Vargas,2025-08-09 21:12:14,noise
6396212810153,6396609601602,T403,19.3,Priya Vargas,2025-08-09 15:11:07,noise
6396212810153,6398578995606,T403,10.9,Priya Vargas,2025-08-08 03:04:55,noise
6396212810153,6395277555081,T442,13.9,Priya Vargas,2025-08-08 09:00:51,noise
6396212810153,6399697255231,T403,11.6,Priya Vargas,2025-08-07 19:25:27,noise
6396212810153,6395289242961,T403,44.8,Priya Vargas,2025-08-07 14:08:04,noise
6396212810153,6396609601602,T403,15.6,Priya Vargas,2025-08-06 14:03:57,noise
6396212810153,6395289242961,T442,3.2,Priya Vargas,2025-08-05 04:09:27,noise
6396212810153,6396609601602,T442,65.9,Priya Vargas,2025-08-05 18:16:35,noise
6396212810153,6396609601602,T403,21.3,Priya Vargas,2025-08-04 14:18:09,noise
6396212810153,6395289242961,T403,17.8,Priya Vargas,2025-08-04 16:12:43,noise
6396212810153,6395289242961,T442,12.0,Priya Vargas,2025-08-04 16:00:31,noise
6396212810153,6399722315072,T442,158.2,Priya Vargas,2025-11-29 14:13:42,noise
6396212810153,6399722315072,T442,99.2,Priya Vargas,2025-12-22 00:07:39,noise
6396212810153,6399722315072,T442,65.5,Priya Vargas,2025-12-06 09:30:04,noise
6396212810153,6399722315072,T442,126.1,Priya Vargas,2025-12-05 01:04:58,noise
6396212810153,6399722315072,T442,159.5,Priya Vargas,2025-12-11 23:25:41,noise
6396212810153,6399722315072,T442,123.9,Priya Vargas,2025-12-23 20:00:07,noise
6393474215565,6392249133353,T216,175.7,Omar Unger,2025-12-17 08:06:04,noise
6393474215565,6398175003577,T216,291.1,Omar Unger,2025-12-03 11:03:39,noise
6393474215565,6392182204871,T216,126.0,Omar Unger,2025-12-05 11:11:15,noise
6393474215565,6397907454154,T216,205.5,Omar Unger,2025-11-20 23:17:46,noise
6393474215565,6393502849379,T216,220.0,Omar Unger,2025-12-30 01:30:48,noise
6393474215565,6394855637596,T216,204.0,Omar Unger,2025-12-21 14:21:48,noise
6393474215565,6396934367041,T216,51.3,Omar Unger,2025-12-02 23:30:09,noise
6393474215565,6391678940428,T216,168.2,Omar Unger,2025-12-19 20:09:16,noise
6399857882871,6396663971262,T620,57.7,Sara Haddad,2025-12-04 10:09:12,noise
6399857882871,6392599009461,T620,298.7,Sara Haddad,2025-11-23 18:14:05,noise
6399857882871,6394285686989,T620,111.7,Sara Haddad,2025-12-21 10:21:45,noise
6399857882871,6394485230571,T620,29.1,Sara Haddad,2025-12-11 18:04:11,noise
6399857882871,6395277555081,T620,299.7,Sara Haddad,2025-11-18 20:12:27,noise
6399857882871,6397317313563,T620,221.1,Sara Haddad,2025-12-27 10:04:16,noise
6399857882871,6398584437466,T620,121.7,Sara Haddad,2025-12-02 17:01:53,noise
6399857882871,6399562839233,T620,111.8,Sara Haddad,2025-12-18 00:04:20,noise
6394781266670,6391294572959,T120,283.6,Mara Patida,2025-12-19 10:29:10,noise
6394781266670,6394701982874,T120,259.3,Mara Patida,2025-12-11 02:04:32,noise
6394781266670,6392182204871,T120,292.6,Mara Patida,2025-12-21 04:26:28,noise
6394781266670,6392944941518,T120,160.0,Mara Patida,2025-12-03 23:26:28,noise
6394781266670,6399095757865,T120,84.7,Mara Patida,2025-12-26 15:08:44,noise
6397176014123,6397654503285,T607,144.9,Jin Rossi,2025-12-10 04:14:53,noise
6397176014123,6399697255231,T607,104.5,Jin Rossi,2025-12-11 20:24:34,noise
6397176014123,6395086222587,T607,35.7,Jin Rossi,2025-11-17 10:16:28,noise
6397176014123,6398578995606,T607,234.7,Jin Rossi,2025-12-15 13:11:24,noise
6397176014123,6392584159767,T607,67.1,Jin Rossi,2025-12-23 12:07:22,noise
6397176014123,6397654503285,T607,149.8,Jin Rossi,2025-12-10 04:10:03,noise
6392089382142,6391678940428,T937,21.0,Noah Kim,2025-10-18 15:25:16,noise
6392089382142,6391678940428,T937,45.4,Noah Kim,2025-10-18 11:17:13,noise
6392089382142,6391678940428,T937,8.6,Noah Kim,2025-10-17 08:25:25,noise
6392089382142,6394018894269,T585,21.6,Noah Kim,2025-10-17 10:12:24,noise
6392089382142,6391678940428,T585,19.1,Noah Kim,2025-10-17 13:30:53,noise
6392089382142,6396956367740,T585,16.4,Noah Kim,2025-10-16 14:26:04,noise
6392089382142,6391678940428,T585,10.1,Noah Kim,2025-10-15 14:14:14,noise
6392089382142,6391678940428,T937,18.6,Noah Kim,2025-10-15 11:22:58,noise
6392089382142,6391678940428,T937,21.4,Noah Kim,2025-10-14 20:14:20,noise
6392089382142,6398536130070,T585,21.8,Noah Kim,2025-10-14 18:01:32,noise
6392089382142,6391678940428,T937,22.8,Noah Kim,2025-10-14 12:27:49,noise
6392089382142,6391678940428,T585,11.5,Noah Kim,2025-10-13 14:17:54,noise
6392089382142,6391678940428,T585,24.5,Noah Kim,2025-10-13 19:17:18,noise
6392089382142,6391678940428,T937,17.4,Noah Kim,2025-10-13 14:04:16,noise
6392089382142,6391678940428,T585,41.2,Noah Kim,2025-10-12 16:12:26,noise
6392089382142,6391678940428,T585,28.9,Noah Kim,2025-10-12 20:00:49,noise
6392089382142,6398621864419,T937,6.7,Noah Kim,2025-10-11 03:12:59,noise
6392089382142,6391678940428,T585,30.2,Noah Kim,2025-10-11 18:06:52,noise
6392089382142,6391678940428,T585,13.3,Noah Kim,2025-10-11 12:16:08,noise
6392089382142,6395034822866,T937,14.3,Noah Kim,2025-10-10 20:12:46,noise
6392089382142,6391936644374,T585,8.2,Noah Kim,2025-10-10 21:03:42,noise
6392089382142,6391678940428,T585,19.3,Noah Kim,2025-10-09 08:23:03,noise
6392089382142,6391678940428,T937,6.5,Noah Kim,2025-10-09 15:07:00,noise
6392089382142,6391678940428,T585,27.0,Noah Kim,2025-10-08 16:09:37,noise
6392089382142,6395104602062,T585,16.5,Noah Kim,2025-10-08 09:02:47,noise
6392089382142,6391847085587,T937,6.4,Noah Kim,2025-10-08 15:20:25,noise
6392089382142,6391678940428,T585,27.6,Noah Kim,2025-10-07 17:06:51,noise
6392089382142,6396609601602,T937,28.5,Noah Kim,2025-10-07 12:04:41,noise
6392089382142,6391678940428,T937,6.5,Noah Kim,2025-10-06 08:03:13,noise
6392089382142,6391678940428,T585,33.6,Noah Kim,2025-10-06 12:30:35,noise
6392089382142,6391678940428,T937,52.3,Noah Kim,2025-10-06 14:10:04,noise
6392089382142,6393299477204,T585,6.3,Noah Kim,2025-10-05 13:26:31,noise
6392089382142,6398446041346,T937,59.2,Noah Kim,2025-10-05 09:26:28,noise
6392089382142,6391678940428,T585,44.0,Noah Kim,2025-10-04 14:08:48,noise
6392089382142,6391678940428,T585,23.2,Noah Kim,2025-10-03 16:07:23,noise
6392089382142,6391678940428,T585,25.6,Noah Kim,2025-10-03 11:30:41,noise
6392089382142,6391678940428,T585,20.9,Noah Kim,2025-10-02 14:25:33,noise
6392089382142,6391678940428,T585,27.3,Noah Kim,2025-10-02 11:02:13,noise
6392089382142,6391678940428,T937,13.5,Noah Kim,2025-10-02 03:07:33,noise
6392089382142,6397931099268,T585,13.0,Noah Kim,2025-10-01 09:30:51,noise
6392089382142,6398578995606,T937,4.2,Noah Kim,2025-10-01 10:13:26,noise
6392089382142,6394855637596,T585,6.2,Noah Kim,2025-09-30 19:06:34,noise
6392089382142,6391678940428,T585,35.2,Noah Kim,2025-09-30 05:06:32,noise
6392089382142,6391678940428,T585,9.4,Noah Kim,2025-09-29 08:17:52,noise
6392089382142,6395264944630,T585,12.1,Noah Kim,2025-09-29 23:03:26,noise
6392089382142,6391294572959,T937,4.7,Noah Kim,2025-09-29 13:04:50,noise
6392089382142,6391678940428,T937,17.6,Noah Kim,2025-09-28 14:04:54,noise
6392089382142,6391678940428,T585,6.6,Noah Kim,2025-09-28 12:14:50,noise
6392089382142,6391678940428,T937,16.2,Noah Kim,2025-09-27 17:04:30,noise
6392089382142,6391678940428,T937,21.3,Noah Kim,2025-09-27 16:27:14,noise
6392089382142,6391678940428,T585,2.9,Noah Kim,2025-09-27 13:29:06,noise
6392089382142,6391678940428,T937,11.3,Noah Kim,2025-09-26 04:02:38,noise
6392089382142,6394995994848,T937,15.6,Noah Kim,2025-09-26 13:22:44,noise
6392089382142,6391678940428,T937,44.6,Noah Kim,2025-09-26 15:11:58,noise
6392089382142,6391678940428,T585,30.4,Noah Kim,2025-09-25 14:26:17,noise
6392089382142,6391678940428,T937,29.8,Noah Kim,2025-09-25 14:12:41,noise
6392089382142,6391678940428,T937,11.7,Noah Kim,2025-09-24 21:17:59,noise
6392089382142,6395464499442,T585,11.7,Noah Kim,2025-09-23 17:20:00,noise
6392089382142,6398175003577,T585,7.6,Noah Kim,2025-09-23 20:21:13,noise
6392089382142,6391981016678,T585,43.5,Noah Kim,2025-09-22 13:13:18,noise
6392089382142,6392609362629,T585,2.9,Noah Kim,2025-09-22 12:27:30,noise
6392089382142,6398389473157,T937,9.8,Noah Kim,2025-09-21 17:29:07,noise
6392089382142,6391678940428,T937,20.2,Noah Kim,2025-09-21 00:02:30,noise
6392089382142,6391678940428,T937,3.2,Noah Kim,2025-09-20 09:24:47,noise
6392089382142,6392089382142,T585,18.3,Noah Kim,2025-09-20 16:20:07,noise
6392089382142,6391678940428,T585,8.1,Noah Kim,2025-09-19 20:26:19,noise
6392089382142,6394477195628,T585,17.4,Noah Kim,2025-09-19 10:26:34,noise
6392089382142,6399429451462,T585,10.6,Noah Kim,2025-09-18 12:03:59,noise
6392089382142,6391678940428,T585,13.1,Noah Kim,2025-09-18 15:25:35,noise
6392089382142,6391678940428,T585,13.1,Noah Kim,2025-09-17 21:11:36,noise
6392089382142,6391678940428,T585,17.1,Noah Kim,2025-09-17 19:16:03,noise
6392089382142,6397345443862,T937,19.5,Noah Kim,2025-09-17 13:06:03,noise
6392089382142,6391678940428,T585,5.8,Noah Kim,2025-09-16 22:27:46,noise
6392089382142,6395574777798,T937,14.6,Noah Kim,2025-09-16 11:30:19,noise
6392089382142,6391678940428,T937,38.0,Noah Kim,2025-09-15 23:27:38,noise
6392089382142,6391678940428,T937,20.4,Noah Kim,2025-09-14 09:20:17,noise
6392089382142,6391678940428,T585,3.6,Noah Kim,2025-09-14 12:25:40,noise
6392089382142,6391678940428,T937,20.2,Noah Kim,2025-09-13 15:22:12,noise
6392089382142,6394781266670,T937,16.5,Noah Kim,2025-09-13 10:16:02,noise
6392089382142,6392523329605,T585,12.8,Noah Kim,2025-09-13 19:18:02,noise
6392089382142,6394602944141,T585,32.9,Noah Kim,2025-09-12 14:00:56,noise
6392089382142,6391678940428,T585,12.6,Noah Kim,2025-09-11 10:07:17,noise
6392089382142,6394369267219,T937,25.8,Noah Kim,2025-09-11 11:10:07,noise
6392089382142,6391936644374,T585,11.6,Noah Kim,2025-09-10 13:04:16,noise
6392089382142,6391678940428,T937,18.6,Noah Kim,2025-09-09 11:25:21,noise
6392089382142,6391678940428,T937,23.2,Noah Kim,2025-09-09 19:20:16,noise
6392089382142,6391678940428,T585,32.5,Noah Kim,2025-09-08 21:09:18,noise
6392089382142,6391678940428,T937,24.2,Noah Kim,2025-09-08 23:09:59,noise
6392089382142,6391678940428,T937,25.3,Noah Kim,2025-09-07 17:02:49,noise
6392089382142,6397345443862,T937,7.7,Noah Kim,2025-09-07 17:14:28,noise
6392089382142,6391678940428,T585,11.0,Noah Kim,2025-09-06 10:19:15,noise
6392089382142,6391678940428,T585,10.5,Noah Kim,2025-09-06 08:14:38,noise
6392089382142,6391678940428,T585,19.1,Noah Kim,2025-09-05 16:05:25,noise
6392089382142,6391678940428,T937,26.9,Noah Kim,2025-09-05 09:08:38,noise
6392089382142,6398175003577,T937,73.7,Noah Kim,2025-09-04 12:02:41,noise
6392089382142,6391678940428,T937,15.4,Noah Kim,2025-09-03 19:00:38,noise
6392089382142,6399828853050,T937,15.9,Noah Kim,2025-09-03 23:25:31,noise
6392089382142,6391678940428,T585,35.2,Noah Kim,2025-09-02 12:04:08,noise
6392089382142,6391678940428,T585,25.5,Noah Kim,2025-09-02 20:04:53,noise
6392089382142,6391678940428,T937,5.6,Noah Kim,2025-09-01 10:26:14,noise
6392089382142,6391678940428,T585,27.6,Noah Kim,2025-09-01 00:15:43,noise
6392089382142,6392089382142,T937,18.1,Noah Kim,2025-09-01 15:09:30,noise
6392089382142,6394863330204,T585,6.5,Noah Kim,2025-08-31 09:22:00,noise
6392089382142,6391678940428,T585,10.1,Noah Kim,2025-08-31 01:03:45,noise
6392089382142,6391678940428,T937,6.4,Noah Kim,2025-08-30 15:03:33,noise
6392089382142,6394701982874,T585,10.3,Noah Kim,2025-08-30 17:21:48,noise
6392089382142,6397685492906,T937,19.0,Noah Kim,2025-08-29 10:06:26,noise
6392089382142,6391678940428,T585,25.9,Noah Kim,2025-08-29 19:28:16,noise
6392089382142,6391678940428,T585,28.4,Noah Kim,2025-08-29 18:01:01,noise
6392089382142,6391678940428,T937,33.9,Noah Kim,2025-08-28 10:14:43,noise
6392089382142,6391678940428,T585,25.5,Noah Kim,2025-08-27 14:02:32,noise
6392089382142,6394285686989,T585,35.6,Noah Kim,2025-08-26 19:28:18,noise
6392089382142,6391678940428,T585,15.2,Noah Kim,2025-08-26 20:25:14,noise
6392089382142,6391678940428,T585,21.7,Noah Kim,2025-08-26 11:24:23,noise
6392089382142,6396212810153,T585,23.6,Noah Kim,2025-08-25 13:08:49,noise
6392089382142,6391024970537,T585,15.4,Noah Kim,2025-08-25 13:07:50,noise
6392089382142,6391678940428,T937,21.0,Noah Kim,2025-08-25 12:19:54,noise
6392089382142,6391678940428,T585,14.7,Noah Kim,2025-08-24 11:18:10,noise
6392089382142,6391678940428,T585,21.2,Noah Kim,2025-08-23 17:14:02,noise
6392089382142,6394389103334,T937,11.7,Noah Kim,2025-08-23 18:21:26,noise
6392089382142,6391678940428,T585,28.2,Noah Kim,2025-08-22 13:01:37,noise
6392089382142,6395709000192,T585,9.8,Noah Kim,2025-08-22 17:20:06,noise
6392089382142,6398313094253,T585,45.9,Noah Kim,2025-08-22 14:22:08,noise
6392089382142,6391847085587,T937,13.9,Noah Kim,2025-08-21 22:17:57,noise
6392089382142,6391678940428,T585,11.0,Noah Kim,2025-08-21 18:05:32,noise
6392089382142,6391678940428,T585,14.6,Noah Kim,2025-08-21 09:23:40,noise
6392089382142,6391678940428,T937,17.0,Noah Kim,2025-08-20 16:07:21,noise
6392089382142,6391678940428,T585,15.9,Noah Kim,2025-08-20 20:19:50,noise
6392089382142,6391678940428,T937,18.4,Noah Kim,2025-08-19 12:14:05,noise
6392089382142,6393958914953,T937,7.0,Noah Kim,2025-08-19 03:07:17,noise
6392089382142,6391678940428,T585,4.4,Noah Kim,2025-08-18 12:21:05,noise
6392089382142,6391678940428,T937,32.7,Noah Kim,2025-08-18 12:25:33,noise
6392089382142,6391678940428,T585,14.5,Noah Kim,2025-08-18 19:17:13,noise
6392089382142,6394389103334,T585,5.0,Noah Kim,2025-08-17 19:15:41,noise
6392089382142,6391678940428,T585,6.6,Noah Kim,2025-08-16 23:10:34,noise
6392089382142,6391678940428,T585,22.8,Noah Kim,2025-08-16 09:10:00,noise
6392089382142,6391678940428,T585,72.8,Noah Kim,2025-08-15 17:23:40,noise
6392089382142,6391678940428,T585,2.9,Noah Kim,2025-08-15 17:23:10,noise
6392089382142,6391678940428,T585,21.4,Noah Kim,2025-08-15 18:15:18,noise
6392089382142,6391678940428,T585,13.3,Noah Kim,2025-08-14 21:21:19,noise
6392089382142,6391678940428,T585,17.9,Noah Kim,2025-08-13 15:08:28,noise
6392089382142,6391678940428,T585,9.8,Noah Kim,2025-08-13 16:01:13,noise
6392089382142,6394285686989,T585,24.3,Noah Kim,2025-08-12 04:15:18,noise
6392089382142,6398584437466,T937,7.6,Noah Kim,2025-08-12 13:06:20,noise
6392089382142,6398313094253,T585,13.0,Noah Kim,2025-08-11 21:16:49,noise
6392089382142,6392251159617,T585,18.5,Noah Kim,2025-08-11 15:04:51,noise
6392089382142,6392249133353,T937,5.6,Noah Kim,2025-08-10 22:00:31,noise
6392089382142,6391678940428,T585,11.1,Noah Kim,2025-08-09 19:22:42,noise
6392089382142,6393318640912,T937,19.5,Noah Kim,2025-08-09 15:00:08,noise
6392089382142,6392546307565,T585,26.5,Noah Kim,2025-08-08 14:23:10,noise
6392089382142,6399857882871,T937,30.5,Noah Kim,2025-08-08 04:22:50,noise
6392089382142,6397907454154,T585,23.5,Noah Kim,2025-08-07 09:14:13,noise
6392089382142,6391678940428,T585,18.1,Noah Kim,2025-08-07 09:02:36,noise
6392089382142,6391678940428,T585,22.1,Noah Kim,2025-08-07 18:20:16,noise
6392089382142,6391678940428,T937,16.0,Noah Kim,2025-08-06 11:10:52,noise
6392089382142,6391678940428,T585,16.3,Noah Kim,2025-08-06 19:02:43,noise
6392089382142,6391678940428,T937,27.1,Noah Kim,2025-08-06 15:14:02,noise
6392089382142,6391678940428,T585,13.4,Noah Kim,2025-08-05 18:28:24,noise
6392089382142,6396433624746,T937,43.9,Noah Kim,2025-08-05 19:22:38,noise
6392089382142,6392251159617,T937,24.9,Noah Kim,2025-08-04 10:00:16,noise
6392089382142,6392249133353,T937,23.0,Noah Kim,2025-08-04 11:27:13,noise
6392089382142,6391294572959,T585,55.9,Noah Kim,2025-12-01 01:01:50,noise
6392089382142,6391294572959,T585,122.1,Noah Kim,2025-11-23 05:20:10,noise
6392089382142,6391294572959,T585,108.9,Noah Kim,2025-12-29 23:11:37,noise
6392089382142,6391294572959,T585,158.0,Noah Kim,2025-12-27 04:20:51,noise
6392089382142,6391294572959,T585,136.6,Noah Kim,2025-12-26 00:30:58,noise
6392089382142,6391294572959,T585,104.7,Noah Kim,2025-12-17 08:13:58,noise
6395328992709,6391936644374,T800,2.5,Ivy Mehta,2025-10-18 10:07:34,noise
6395328992709,6399095757865,T209,5.8,Ivy Mehta,2025-10-17 10:14:51,noise
6395328992709,6391981016678,T209,16.1,Ivy Mehta,2025-10-17 10:26:50,noise
6395328992709,6392251159617,T800,14.1,Ivy Mehta,2025-10-17 16:01:29,noise
6395328992709,6391936644374,T800,46.3,Ivy Mehta,2025-10-16 11:12:37,noise
6395328992709,6399095757865,T800,3.7,Ivy Mehta,2025-10-16 21:03:17,noise
6395328992709,6391936644374,T800,9.6,Ivy Mehta,2025-10-15 20:00:51,noise
6395328992709,6391936644374,T800,42.6,Ivy Mehta,2025-10-15 17:13:58,noise
6395328992709,6391936644374,T209,9.1,Ivy Mehta,2025-10-14 14:05:45,noise
6395328992709,6399406323212,T209,18.2,Ivy Mehta,2025-10-13 20:20:40,noise
6395328992709,6399095757865,T800,13.6,Ivy Mehta,2025-10-13 19:21:20,noise
6395328992709,6394701982874,T800,32.8,Ivy Mehta,2025-10-12 17:09:42,noise
6395328992709,6391936644374,T209,9.2,Ivy Mehta,2025-10-11 13:04:07,noise
6395328992709,6396934367041,T800,18.4,Ivy Mehta,2025-10-10 22:30:22,noise
6395328992709,6391936644374,T209,4.2,Ivy Mehta,2025-10-10 21:11:09,noise
6395328992709,6399828853050,T800,18.4,Ivy Mehta,2025-10-09 13:27:39,noise
6395328992709,6397872153794,T209,14.2,Ivy Mehta,2025-10-09 09:06:38,noise
6395328992709,6391936644374,T209,11.4,Ivy Mehta,2025-10-09 16:25:22,noise
6395328992709,6399095757865,T209,11.1,Ivy Mehta,2025-10-08 01:24:16,noise
6395328992709,6399095757865,T209,15.9,Ivy Mehta,2025-10-08 14:23:38,noise
6395328992709,6399095757865,T209,15.2,Ivy Mehta,2025-10-07 12:13:48,noise
6395328992709,6391936644374,T209,12.7,Ivy Mehta,2025-10-07 15:13:04,noise
6395328992709,6395277555081,T209,41.5,Ivy Mehta,2025-10-06 18:12:11,noise
6395328992709,6398645236008,T800,50.8,Ivy Mehta,2025-10-06 15:16:48,noise
6395328992709,6399095757865,T800,54.0,Ivy Mehta,2025-10-06 19:20:12,noise
6395328992709,6399095757865,T800,16.0,Ivy Mehta,2025-10-05 20:06:07,noise
6395328992709,6399095757865,T800,28.4,Ivy Mehta,2025-10-05 21:25:50,noise
6395328992709,6391936644374,T800,11.9,Ivy Mehta,2025-10-05 18:17:51,noise
6395328992709,6391936644374,T800,32.1,Ivy Mehta,2025-10-04 16:13:38,noise
6395328992709,6395447757108,T800,9.8,Ivy Mehta,2025-10-03 13:13:04,noise
6395328992709,6399095757865,T209,12.2,Ivy Mehta,2025-10-02 19:07:05,noise
6395328992709,6399095757865,T209,31.6,Ivy Mehta,2025-10-02 16:17:12,noise
6395328992709,6399095757865,T209,13.4,Ivy Mehta,2025-10-02 12:10:13,noise
6395328992709,6393502849379,T209,32.8,Ivy Mehta,2025-10-01 22:28:49,noise
6395328992709,6391936644374,T800,10.8,Ivy Mehta,2025-10-01 23:05:52,noise
6395328992709,6391936644374,T800,7.5,Ivy Mehta,2025-09-30 10:06:03,noise
6395328992709,6391936644374,T800,6.9,Ivy Mehta,2025-09-30 19:06:07,noise
6395328992709,6395104602062,T209,5.4,Ivy Mehta,2025-09-29 13:30:09,noise
6395328992709,6391936644374,T800,9.5,Ivy Mehta,2025-09-28 15:07:45,noise
6395328992709,6399095757865,T209,12.0,Ivy Mehta,2025-09-28 02:25:18,noise
6395328992709,6399095757865,T209,3.1,Ivy Mehta,2025-09-27 03:23:35,noise
6395328992709,6391936644374,T209,4.2,Ivy Mehta,2025-09-27 01:06:10,noise
6395328992709,6399095757865,T209,9.2,Ivy Mehta,2025-09-26 08:19:32,noise
6395328992709,6391936644374,T800,6.6,Ivy Mehta,2025-09-26 20:07:42,noise
6395328992709,6399406323212,T209,6.8,Ivy Mehta,2025-09-26 12:00:14,noise
6395328992709,6399857882871,T800,27.8,Ivy Mehta,2025-09-25 08:08:12,noise
6395328992709,6399095757865,T209,9.7,Ivy Mehta,2025-09-25 14:29:20,noise
6395328992709,6391936644374,T209,16.1,Ivy Mehta,2025-09-24 11:17:25,noise
6395328992709,6391936644374,T800,52.5,Ivy Mehta,2025-09-24 19:19:34,noise
6395328992709,6391697329269,T800,11.1,Ivy Mehta,2025-09-24 01:07:22,noise
6395328992709,6396663971262,T800,16.2,Ivy Mehta,2025-09-23 09:08:03,noise
6395328992709,6398175003577,T800,24.6,Ivy Mehta,2025-09-23 10:30:23,noise
6395328992709,6399095757865,T209,28.0,Ivy Mehta,2025-09-22 14:01:34,noise
6395328992709,6391936644374,T209,31.7,Ivy Mehta,2025-09-22 13:06:42,noise
6395328992709,6391936644374,T209,12.2,Ivy Mehta,2025-09-21 09:15:41,noise
6395328992709,6395388614739,T800,20.5,Ivy Mehta,2025-09-21 20:22:25,noise
6395328992709,6391936644374,T800,122.8,Ivy Mehta,2025-09-21 16:16:32,noise
6395328992709,6391936644374,T800,14.1,Ivy Mehta,2025-09-20 01:12:48,noise
6395328992709,6399095757865,T209,15.1,Ivy Mehta,2025-09-19 16:24:27,noise
6395328992709,6391936644374,T800,39.6,Ivy Mehta,2025-09-19 19:17:06,noise
6395328992709,6394781266670,T800,64.1,Ivy Mehta,2025-09-18 20:09:19,noise
6395328992709,6391847085587,T209,13.6,Ivy Mehta,2025-09-17 19:07:19,noise
6395328992709,6391936644374,T209,19.6,Ivy Mehta,2025-09-17 16:06:47,noise
6395328992709,6399628559272,T209,6.9,Ivy Mehta,2025-09-17 16:10:53,noise
6395328992709,6393299477204,T209,19.4,Ivy Mehta,2025-09-16 20:01:43,noise
6395328992709,6395464499442,T209,36.7,Ivy Mehta,2025-09-16 08:17:02,noise
6395328992709,6391936644374,T209,20.8,Ivy Mehta,2025-09-15 11:08:16,noise
6395328992709,6399095757865,T209,16.5,Ivy Mehta,2025-09-14 18:13:57,noise
6395328992709,6391936644374,T209,13.1,Ivy Mehta,2025-09-13 00:30:55,noise
6395328992709,6399095757865,T800,12.7,Ivy Mehta,2025-09-12 12:16:29,noise
6395328992709,6396956367740,T800,76.6,Ivy Mehta,2025-09-12 22:24:42,noise
6395328992709,6399857882871,T209,9.2,Ivy Mehta,2025-09-12 09:15:46,noise
6395328992709,6391936644374,T800,8.9,Ivy Mehta,2025-09-11 08:19:24,noise
6395328992709,6399095757865,T800,7.0,Ivy Mehta,2025-09-11 12:04:31,noise
6395328992709,6391936644374,T800,9.4,Ivy Mehta,2025-09-10 16:20:13,noise
6395328992709,6391936644374,T209,24.8,Ivy Mehta,2025-09-10 14:00:09,noise
6395328992709,6399095757865,T800,20.3,Ivy Mehta,2025-09-10 20:20:25,noise
6395328992709,6399095757865,T800,28.5,Ivy Mehta,2025-09-09 05:15:58,noise
6395328992709,6399095757865,T209,5.8,Ivy Mehta,2025-09-08 13:13:21,noise
6395328992709,6391294572959,T800,8.1,Ivy Mehta,2025-09-07 21:19:03,noise
6395328992709,6391936644374,T800,35.2,Ivy Mehta,2025-09-07 03:23:57,noise
6395328992709,6391936644374,T209,30.3,Ivy Mehta,2025-09-06 12:07:18,noise
6395328992709,6399095757865,T800,20.3,Ivy Mehta,2025-09-06 09:11:20,noise
6395328992709,6391936644374,T800,9.7,Ivy Mehta,2025-09-05 09:20:12,noise
6395328992709,6399095757865,T800,11.7,Ivy Mehta,2025-09-05 23:15:35,noise
6395328992709,6391936644374,T209,28.6,Ivy Mehta,2025-09-04 20:12:56,noise
6395328992709,6391936644374,T800,9.1,Ivy Mehta,2025-09-03 09:18:49,noise
6395328992709,6391936644374,T209,28.2,Ivy Mehta,2025-09-02 12:23:21,noise
6395328992709,6399095757865,T209,14.6,Ivy Mehta,2025-09-02 22:12:37,noise
6395328992709,6399095757865,T800,20.7,Ivy Mehta,2025-09-01 09:28:37,noise
6395328992709,6391936644374,T800,8.1,Ivy Mehta,2025-09-01 18:08:05,noise
6395328992709,6399095757865,T209,27.6,Ivy Mehta,2025-09-01 12:00:47,noise
6395328992709,6399095757865,T209,18.7,Ivy Mehta,2025-08-31 08:17:13,noise
6395328992709,6399095757865,T800,24.3,Ivy Mehta,2025-08-31 21:15:50,noise
6395328992709,6394602944141,T800,50.3,Ivy Mehta,2025-08-30 19:16:28,noise
6395328992709,6399907611720,T209,20.8,Ivy Mehta,2025-08-30 11:12:25,noise
6395328992709,6391936644374,T800,6.0,Ivy Mehta,2025-08-29 08:26:57,noise
6395328992709,6391936644374,T800,7.1,Ivy Mehta,2025-08-29 16:21:14,noise
6395328992709,6397931099268,T800,9.1,Ivy Mehta,2025-08-28 18:08:22,noise
6395328992709,6399095757865,T209,21.0,Ivy Mehta,2025-08-28 13:12:20,noise
6395328992709,6395328992709,T800,33.3,Ivy Mehta,2025-08-28 16:24:23,noise
6395328992709,6391936644374,T209,16.7,Ivy Mehta,2025-08-27 12:26:01,noise
6395328992709,6399095757865,T800,40.2,Ivy Mehta,2025-08-27 12:26:20,noise
6395328992709,6395574777798,T800,6.3,Ivy Mehta,2025-08-26 17:16:02,noise
6395328992709,6395557270185,T800,93.7,Ivy Mehta,2025-08-26 18:19:29,noise
6395328992709,6391936644374,T800,33.4,Ivy Mehta,2025-08-25 03:18:33,noise
6395328992709,6399095757865,T209,17.6,Ivy Mehta,2025-08-25 10:04:11,noise
6395328992709,6399095757865,T800,13.7,Ivy Mehta,2025-08-24 12:05:09,noise
6395328992709,6391936644374,T800,5.4,Ivy Mehta,2025-08-24 20:26:10,noise
6395328992709,6391936644374,T800,18.8,Ivy Mehta,2025-08-24 14:08:23,noise
6395328992709,6391936644374,T800,13.5,Ivy Mehta,2025-08-23 19:03:59,noise
6395328992709,6392182204871,T209,19.7,Ivy Mehta,2025-08-23 22:01:30,noise
6395328992709,6395447757108,T209,9.0,Ivy Mehta,2025-08-23 22:09:07,noise
6395328992709,6391936644374,T209,11.6,Ivy Mehta,2025-08-22 12:27:55,noise
6395328992709,6399429451462,T209,25.0,Ivy Mehta,2025-08-21 22:17:37,noise
6395328992709,6398389473157,T800,24.8,Ivy Mehta,2025-08-21 20:06:07,noise
6395328992709,6399095757865,T209,27.4,Ivy Mehta,2025-08-20 10:21:13,noise
6395328992709,6399697255231,T800,7.9,Ivy Mehta,2025-08-20 08:16:20,noise
6395328992709,6399095757865,T800,58.4,Ivy Mehta,2025-08-20 16:23:20,noise
6395328992709,6391936644374,T800,22.6,Ivy Mehta,2025-08-19 18:21:57,noise
6395328992709,6399095757865,T209,6.8,Ivy Mehta,2025-08-19 17:16:45,noise
6395328992709,6391936644374,T800,7.5,Ivy Mehta,2025-08-19 19:00:21,noise
6395328992709,6399095757865,T209,17.1,Ivy Mehta,2025-08-18 13:00:02,noise
6395328992709,6394477195628,T800,46.3,Ivy Mehta,2025-08-18 00:21:07,noise
6395328992709,6391936644374,T800,39.8,Ivy Mehta,2025-08-17 10:06:55,noise
6395328992709,6399095757865,T209,22.4,Ivy Mehta,2025-08-17 08:17:47,noise
6395328992709,6391936644374,T800,5.3,Ivy Mehta,2025-08-16 08:12:07,noise
6395328992709,6391936644374,T209,10.0,Ivy Mehta,2025-08-16 19:13:38,noise
6395328992709,6398096864787,T800,140.4,Ivy Mehta,2025-08-15 02:12:47,noise
6395328992709,6399095757865,T209,25.2,Ivy Mehta,2025-08-15 09:27:50,noise
6395328992709,6397872153794,T800,23.2,Ivy Mehta,2025-08-14 11:16:10,noise
6395328992709,6393502849379,T800,34.3,Ivy Mehta,2025-08-14 12:17:10,noise
6395328992709,6391936644374,T800,16.3,Ivy Mehta,2025-08-13 18:30:37,noise
6395328992709,6399095757865,T209,14.0,Ivy Mehta,2025-08-13 12:13:06,noise
6395328992709,6395863306424,T800,24.8,Ivy Mehta,2025-08-12 11:12:05,noise
6395328992709,6395738348726,T800,16.8,Ivy Mehta,2025-08-12 04:28:33,noise
6395328992709,6391936644374,T209,5.5,Ivy Mehta,2025-08-12 22:28:14,noise
6395328992709,6394995994848,T800,5.9,Ivy Mehta,2025-08-11 19:25:46,noise
6395328992709,6391936644374,T209,15.9,Ivy Mehta,2025-08-11 14:24:14,noise
6395328992709,6399406323212,T800,9.7,Ivy Mehta,2025-08-10 18:15:54,noise
6395328992709,6397345443862,T209,11.7,Ivy Mehta,2025-08-09 17:21:49,noise
6395328992709,6399095757865,T800,16.2,Ivy Mehta,2025-08-09 09:29:33,noise
6395328992709,6393318640912,T800,36.8,Ivy Mehta,2025-08-09 12:25:20,noise
6395328992709,6391296649512,T800,16.7,Ivy Mehta,2025-08-08 14:01:07,noise
6395328992709,6391936644374,T800,12.2,Ivy Mehta,2025-08-07 11:01:10,noise
6395328992709,6394477195628,T209,13.1,Ivy Mehta,2025-08-07 17:22:01,noise
6395328992709,6391936644374,T209,55.7,Ivy Mehta,2025-08-06 20:20:07,noise
6395328992709,6391936644374,T800,16.6,Ivy Mehta,2025-08-06 19:02:57,noise
6395328992709,6399095757865,T800,68.6,Ivy Mehta,2025-08-05 16:02:59,noise
6395328992709,6399095757865,T209,8.8,Ivy Mehta,2025-08-05 08:12:55,noise
6395328992709,6394781266670,T209,22.1,Ivy Mehta,2025-08-04 08:16:04,noise
6395328992709,6393958914953,T800,17.3,Ivy Mehta,2025-08-04 08:06:50,noise
6395328992709,6399857882871,T209,28.1,Ivy Mehta,2025-08-04 16:16:22,noise
6395328992709,6399697255231,T800,106.1,Ivy Mehta,2025-12-20 07:00:44,noise
6395328992709,6399697255231,T800,133.7,Ivy Mehta,2025-11-25 05:26:00,noise
6395328992709,6399697255231,T800,122.0,Ivy Mehta,2025-11-30 22:10:31,noise
6395328992709,6399697255231,T800,175.7,Ivy Mehta,2025-12-23 18:01:55,noise
6395328992709,6399697255231,T800,78.3,Ivy Mehta,2025-12-10 23:22:18,noise
6395328992709,6399697255231,T800,150.8,Ivy Mehta,2025-11-22 06:22:21,noise
6395264944630,6391054941178,T928,24.1,Uma Meyer,2025-12-18 08:26:23,noise
6395264944630,6394602944141,T928,135.9,Uma Meyer,2025-11-20 08:10:51,noise
6395264944630,6392599009461,T928,152.2,Uma Meyer,2025-12-26 16:13:53,noise
6395264944630,6395104602062,T928,295.8,Uma Meyer,2025-12-29 09:25:26,noise
6395264944630,6395557270185,T928,186.0,Uma Meyer,2025-12-11 08:26:02,noise
6395264944630,6395388614739,T928,195.6,Uma Meyer,2025-11-22 15:09:45,noise
6394334018731,6394701982874,T546,21.2,Omar Quinn,2025-10-18 14:23:02,noise
6394334018731,6395086222587,T506,11.7,Omar Quinn,2025-10-17 17:09:53,noise
6394334018731,6395086222587,T506,12.8,Omar Quinn,2025-10-17 18:15:28,noise
6394334018731,6395863306424,T506,8.4,Omar Quinn,2025-10-17 13:29:48,noise
6394334018731,6395863306424,T546,9.0,Omar Quinn,2025-10-16 08:23:14,noise
6394334018731,6395086222587,T546,4.7,Omar Quinn,2025-10-16 19:26:04,noise
6394334018731,6395086222587,T546,7.2,Omar Quinn,2025-10-15 08:12:52,noise
6394334018731,6395086222587,T546,11.6,Omar Quinn,2025-10-15 16:27:28,noise
6394334018731,6395464499442,T506,18.0,Omar Quinn,2025-10-15 16:04:34,noise
6394334018731,6395863306424,T546,46.5,Omar Quinn,2025-10-14 04:18:07,noise
6394334018731,6395863306424,T546,7.5,Omar Quinn,2025-10-14 18:09:01,noise
6394334018731,6395863306424,T546,18.8,Omar Quinn,2025-10-13 08:14:40,noise
6394334018731,6395863306424,T546,19.2,Omar Quinn,2025-10-13 00:08:05,noise
6394334018731,6395863306424,T506,25.8,Omar Quinn,2025-10-12 22:09:00,noise
6394334018731,6395086222587,T546,26.4,Omar Quinn,2025-10-12 12:05:29,noise
6394334018731,6396026405795,T546,8.9,Omar Quinn,2025-10-11 02:20:58,noise
6394334018731,6399857882871,T546,17.0,Omar Quinn,2025-10-11 11:11:18,noise
6394334018731,6393958914953,T546,20.4,Omar Quinn,2025-10-10 18:15:59,noise
6394334018731,6395086222587,T506,10.8,Omar Quinn,2025-10-10 09:02:26,noise
6394334018731,6395863306424,T506,28.8,Omar Quinn,2025-10-10 18:30:49,noise
6394334018731,6395863306424,T506,10.9,Omar Quinn,2025-10-09 09:06:16,noise
6394334018731,6394285686989,T506,17.3,Omar Quinn,2025-10-09 01:30:07,noise
6394334018731,6396609819264,T506,19.8,Omar Quinn,2025-10-08 16:13:47,noise
6394334018731,6395086222587,T506,27.9,Omar Quinn,2025-10-08 13:15:30,noise
6394334018731,6395863306424,T506,10.5,Omar Quinn,2025-10-08 08:25:38,noise
6394334018731,6395086222587,T506,33.6,Omar Quinn,2025-10-07 10:10:50,noise
6394334018731,6395863306424,T546,17.5,Omar Quinn,2025-10-07 08:02:54,noise
6394334018731,6395863306424,T546,13.0,Omar Quinn,2025-10-06 12:14:02,noise
6394334018731,6396609601602,T546,45.7,Omar Quinn,2025-10-06 18:21:37,noise
6394334018731,6397907454154,T506,12.1,Omar Quinn,2025-10-06 09:09:46,noise
6394334018731,6395086222587,T506,12.8,Omar Quinn,2025-10-05 10:25:27,noise
6394334018731,6395863306424,T546,31.5,Omar Quinn,2025-10-04 09:00:49,noise
6394334018731,6393511301796,T506,4.7,Omar Quinn,2025-10-04 21:20:51,noise
6394334018731,6397317313563,T546,7.0,Omar Quinn,2025-10-03 21:16:37,noise
6394334018731,6394602944141,T506,12.9,Omar Quinn,2025-10-02 14:27:23,noise
6394334018731,6399562839233,T506,9.6,Omar Quinn,2025-10-02 11:04:54,noise
6394334018731,6395863306424,T546,14.8,Omar Quinn,2025-10-01 12:19:32,noise
6394334018731,6395863306424,T506,27.7,Omar Quinn,2025-10-01 16:00:44,noise
6394334018731,6395863306424,T506,24.5,Omar Quinn,2025-09-30 21:27:24,noise
6394334018731,6395464499442,T546,19.6,Omar Quinn,2025-09-30 20:06:46,noise
6394334018731,6399628559272,T546,16.6,Omar Quinn,2025-09-29 17:08:51,noise
6394334018731,6396284057733,T546,9.9,Omar Quinn,2025-09-29 20:06:23,noise
6394334018731,6395863306424,T546,54.5,Omar Quinn,2025-09-29 12:00:23,noise
6394334018731,6391917476319,T546,13.7,Omar Quinn,2025-09-28 08:00:33,noise
6394334018731,6399857882871,T546,14.3,Omar Quinn,2025-09-28 09:13:44,noise
6394334018731,6395709000192,T546,17.0,Omar Quinn,2025-09-27 13:20:09,noise
6394334018731,6395863306424,T546,10.8,Omar Quinn,2025-09-27 05:03:15,noise
6394334018731,6395863306424,T546,18.0,Omar Quinn,2025-09-26 00:05:15,noise
6394334018731,6391981016678,T506,21.3,Omar Quinn,2025-09-26 20:22:10,noise
6394334018731,6395863306424,T506,20.3,Omar Quinn,2025-09-25 18:04:14,noise
6394334018731,6396863262521,T506,10.6,Omar Quinn,2025-09-25 09:22:57,noise
6394334018731,6395086222587,T546,7.9,Omar Quinn,2025-09-24 19:15:03,noise
6394334018731,6395863306424,T546,18.1,Omar Quinn,2025-09-24 14:02:29,noise
6394334018731,6395863306424,T546,12.1,Omar Quinn,2025-09-23 11:01:49,noise
6394334018731,6395863306424,T546,10.2,Omar Quinn,2025-09-23 08:09:19,noise
6394334018731,6397176014123,T506,7.3,Omar Quinn,2025-09-22 23:22:52,noise
6394334018731,6395863306424,T546,12.1,Omar Quinn,2025-09-22 21:06:10,noise
6394334018731,6395863306424,T506,32.4,Omar Quinn,2025-09-21 18:15:32,noise
6394334018731,6395086222587,T546,19.3,Omar Quinn,2025-09-21 14:27:34,noise
6394334018731,6395863306424,T546,41.6,Omar Quinn,2025-09-20 13:01:31,noise
6394334018731,6398313094253,T546,38.1,Omar Quinn,2025-09-20 09:18:09,noise
6394334018731,6395557270185,T546,15.8,Omar Quinn,2025-09-20 11:15:00,noise
6394334018731,6395086222587,T506,6.1,Omar Quinn,2025-09-19 18:23:04,noise
6394334018731,6395086222587,T506,42.2,Omar Quinn,2025-09-19 19:13:47,noise
6394334018731,6392691285953,T546,13.5,Omar Quinn,2025-09-19 18:22:58,noise
6394334018731,6396609601602,T546,12.1,Omar Quinn,2025-09-18 13:18:05,noise
6394334018731,6395086222587,T546,18.9,Omar Quinn,2025-09-18 17:02:27,noise
6394334018731,6395086222587,T506,6.2,Omar Quinn,2025-09-17 09:07:36,noise
6394334018731,6399406323212,T546,20.1,Omar Quinn,2025-09-17 13:28:42,noise
6394334018731,6393958914953,T546,5.9,Omar Quinn,2025-09-16 10:08:07,noise
6394334018731,6395863306424,T546,6.7,Omar Quinn,2025-09-16 10:27:29,noise
6394334018731,6395863306424,T546,39.2,Omar Quinn,2025-09-15 18:13:54,noise
6394334018731,6395086222587,T546,5.8,Omar Quinn,2025-09-15 19:12:37,noise
6394334018731,6393116814799,T506,51.0,Omar Quinn,2025-09-14 16:13:39,noise
6394334018731,6392609362629,T546,20.4,Omar Quinn,2025-09-14 14:22:45,noise
6394334018731,6397872153794,T546,9.9,Omar Quinn,2025-09-13 11:12:51,noise
6394334018731,6395863306424,T546,17.5,Omar Quinn,2025-09-12 09:18:43,noise
6394334018731,6399406323212,T546,12.1,Omar Quinn,2025-09-12 17:21:38,noise
6394334018731,6395086222587,T506,20.7,Omar Quinn,2025-09-12 08:10:52,noise
6394334018731,6395086222587,T546,21.2,Omar Quinn,2025-09-11 13:07:54,noise
6394334018731,6395863306424,T546,45.0,Omar Quinn,2025-09-11 10:01:05,noise
6394334018731,6395863306424,T546,11.1,Omar Quinn,2025-09-10 18:22:56,noise
6394334018731,6399961796941,T506,8.7,Omar Quinn,2025-09-10 05:15:28,noise
6394334018731,6397398372383,T546,32.8,Omar Quinn,2025-09-10 08:30:04,noise
6394334018731,6395863306424,T546,10.7,Omar Quinn,2025-09-09 09:12:42,noise
6394334018731,6391697329269,T506,30.0,Omar Quinn,2025-09-09 11:04:12,noise
6394334018731,6395086222587,T506,10.0,Omar Quinn,2025-09-08 16:30:06,noise
6394334018731,6396609819264,T546,39.6,Omar Quinn,2025-09-08 12:13:00,noise
6394334018731,6395863306424,T546,20.8,Omar Quinn,2025-09-07 09:15:48,noise
6394334018731,6394369267219,T546,2.9,Omar Quinn,2025-09-07 22:00:26,noise
6394334018731,6395863306424,T546,76.2,Omar Quinn,2025-09-06 18:27:45,noise
6394334018731,6396026405795,T506,29.7,Omar Quinn,2025-09-06 01:13:15,noise
6394334018731,6395086222587,T546,3.2,Omar Quinn,2025-09-05 11:20:58,noise
6394334018731,6395709000192,T506,7.6,Omar Quinn,2025-09-05 23:15:21,noise
6394334018731,6395863306424,T546,44.1,Omar Quinn,2025-09-04 10:24:56,noise
6394334018731,6395863306424,T506,55.4,Omar Quinn,2025-09-04 21:20:04,noise
6394334018731,6391936644374,T506,13.2,Omar Quinn,2025-09-03 22:23:53,noise
6394334018731,6395086222587,T546,29.9,Omar Quinn,2025-09-03 12:22:42,noise
6394334018731,6395863306424,T546,4.8,Omar Quinn,2025-09-03 03:01:36,noise
6394334018731,6397515118078,T506,17.9,Omar Quinn,2025-09-02 16:09:31,noise
6394334018731,6395863306424,T546,18.4,Omar Quinn,2025-09-02 19:16:15,noise
6394334018731,6395086222587,T546,44.2,Omar Quinn,2025-09-01 19:04:15,noise
6394334018731,6395863306424,T546,54.1,Omar Quinn,2025-08-31 21:00:25,noise
6394334018731,6395863306424,T546,19.1,Omar Quinn,2025-08-31 12:19:45,noise
6394334018731,6395086222587,T506,7.7,Omar Quinn,2025-08-30 18:16:32,noise
6394334018731,6394602944141,T506,64.9,Omar Quinn,2025-08-30 12:23:33,noise
6394334018731,6395863306424,T546,25.3,Omar Quinn,2025-08-29 10:09:26,noise
6394334018731,6395086222587,T546,10.9,Omar Quinn,2025-08-29 12:30:06,noise
6394334018731,6398645236008,T506,17.1,Omar Quinn,2025-08-28 21:22:27,noise
6394334018731,6395086222587,T546,31.7,Omar Quinn,2025-08-28 09:07:31,noise
6394334018731,6395086222587,T546,15.1,Omar Quinn,2025-08-27 08:08:33,noise
6394334018731,6395086222587,T546,17.2,Omar Quinn,2025-08-26 22:30:48,noise
6394334018731,6395086222587,T506,12.7,Omar Quinn,2025-08-26 12:27:50,noise
6394334018731,6395863306424,T546,11.3,Omar Quinn,2025-08-25 18:00:38,noise
6394334018731,6398645236008,T546,4.1,Omar Quinn,2025-08-25 15:09:28,noise
6394334018731,6395863306424,T546,17.2,Omar Quinn,2025-08-24 09:10:03,noise
6394334018731,6395086222587,T546,26.6,Omar Quinn,2025-08-23 11:11:10,noise
6394334018731,6399119973715,T546,39.9,Omar Quinn,2025-08-22 11:15:45,noise
6394334018731,6397515118078,T506,16.7,Omar Quinn,2025-08-22 19:21:36,noise
6394334018731,6396663971262,T546,17.9,Omar Quinn,2025-08-21 22:12:00,noise
6394334018731,6396026405795,T506,5.6,Omar Quinn,2025-08-21 21:10:24,noise
6394334018731,6395086222587,T506,8.8,Omar Quinn,2025-08-21 03:19:00,noise
6394334018731,6395863306424,T546,6.5,Omar Quinn,2025-08-20 12:25:29,noise
6394334018731,6391981016678,T546,12.5,Omar Quinn,2025-08-20 19:30:47,noise
6394334018731,6395086222587,T546,47.8,Omar Quinn,2025-08-19 05:15:43,noise
6394334018731,6399857882871,T546,26.3,Omar Quinn,2025-08-19 22:12:54,noise
6394334018731,6395863306424,T546,16.3,Omar Quinn,2025-08-19 19:02:52,noise
6394334018731,6398096864787,T506,7.0,Omar Quinn,2025-08-18 18:06:40,noise
6394334018731,6394781266670,T546,18.9,Omar Quinn,2025-08-18 21:02:01,noise
6394334018731,6398578995606,T546,21.6,Omar Quinn,2025-08-18 11:30:47,noise
6394334018731,6395086222587,T546,43.0,Omar Quinn,2025-08-17 14:29:11,noise
6394334018731,6394602944141,T546,7.5,Omar Quinn,2025-08-17 23:10:01,noise
6394334018731,6395086222587,T506,27.3,Omar Quinn,2025-08-16 00:27:27,noise
6394334018731,6392523329605,T546,18.5,Omar Quinn,2025-08-16 02:18:47,noise
6394334018731,6395086222587,T546,27.9,Omar Quinn,2025-08-16 08:06:49,noise
6394334018731,6395086222587,T546,56.9,Omar Quinn,2025-08-15 18:26:33,noise
6394334018731,6395086222587,T546,4.5,Omar Quinn,2025-08-15 10:06:19,noise
6394334018731,6396284057733,T546,5.9,Omar Quinn,2025-08-14 11:27:24,noise
6394334018731,6395863306424,T546,29.8,Omar Quinn,2025-08-14 09:18:22,noise
6394334018731,6397654503285,T546,10.2,Omar Quinn,2025-08-13 15:03:28,noise
6394334018731,6395863306424,T546,22.9,Omar Quinn,2025-08-13 13:27:24,noise
6394334018731,6397872153794,T546,15.6,Omar Quinn,2025-08-12 13:15:02,noise
6394334018731,6396212810153,T546,8.6,Omar Quinn,2025-08-12 08:24:47,noise
6394334018731,6395863306424,T546,11.2,Omar Quinn,2025-08-11 16:18:15,noise
6394334018731,6394781266670,T506,28.3,Omar Quinn,2025-08-10 12:26:30,noise
6394334018731,6395863306424,T546,19.7,Omar Quinn,2025-08-10 13:04:22,noise
6394334018731,6396397246783,T546,4.7,Omar Quinn,2025-08-10 17:25:21,noise
6394334018731,6397515118078,T506,18.6,Omar Quinn,2025-08-09 11:06:04,noise
6394334018731,6394995994848,T546,31.0,Omar Quinn,2025-08-09 14:13:12,noise
6394334018731,6395863306424,T506,13.0,Omar Quinn,2025-08-08 23:25:39,noise
6394334018731,6395863306424,T506,3.2,Omar Quinn,2025-08-08 20:21:31,noise
6394334018731,6395086222587,T506,14.6,Omar Quinn,2025-08-08 02:20:38,noise
6394334018731,6395863306424,T506,7.7,Omar Quinn,2025-08-07 10:08:16,noise
6394334018731,6395086222587,T546,15.7,Omar Quinn,2025-08-07 15:06:17,noise
6394334018731,6395086222587,T546,3.5,Omar Quinn,2025-08-06 13:06:19,noise
6394334018731,6395863306424,T506,10.7,Omar Quinn,2025-08-06 23:23:22,noise
6394334018731,6395086222587,T546,5.3,Omar Quinn,2025-08-06 12:12:38,noise
6394334018731,6399406323212,T546,12.3,Omar Quinn,2025-08-05 11:16:52,noise
6394334018731,6397959530865,T506,7.6,Omar Quinn,2025-08-04 08:29:38,noise
6394334018731,6395034822866,T506,10.9,Omar Quinn,2025-08-04 12:22:40,noise
6394334018731,6398175003577,T546,120.8,Omar Quinn,2025-11-25 01:21:34,noise
6394334018731,6398175003577,T546,56.8,Omar Quinn,2025-12-02 08:14:05,noise
6394334018731,6398175003577,T546,146.0,Omar Quinn,2025-12-08 06:18:39,noise
6394334018731,6398175003577,T546,151.1,Omar Quinn,2025-12-13 20:26:05,noise
6394334018731,6398175003577,T546,88.2,Omar Quinn,2025-12-24 00:18:43,noise
6394334018731,6398175003577,T546,176.9,Omar Quinn,2025-12-11 09:00:54,noise
6393116814799,6396168850025,T878,35.7,Victor Gomes,2025-10-18 14:04:37,noise
6393116814799,6395557270185,T878,5.5,Victor Gomes,2025-10-18 10:23:11,noise
6393116814799,6396168850025,T878,21.4,Victor Gomes,2025-10-17 22:28:22,noise
6393116814799,6396168850025,T878,16.3,Victor Gomes,2025-10-17 21:13:19,noise
6393116814799,6396168850025,T878,15.1,Victor Gomes,2025-10-16 12:00:08,noise
6393116814799,6395557270185,T878,8.1,Victor Gomes,2025-10-16 17:07:43,noise
6393116814799,6396168850025,T878,10.4,Victor Gomes,2025-10-15 13:17:38,noise
6393116814799,6396168850025,T697,19.0,Victor Gomes,2025-10-14 21:04:01,noise
6393116814799,6395034822866,T878,30.8,Victor Gomes,2025-10-14 14:09:26,noise
6393116814799,6396212810153,T878,16.0,Victor Gomes,2025-10-13 20:28:07,noise
6393116814799,6396168850025,T697,53.2,Victor Gomes,2025-10-13 08:17:34,noise
6393116814799,6396168850025,T697,21.7,Victor Gomes,2025-10-12 17:20:24,noise
6393116814799,6397357048476,T878,17.2,Victor Gomes,2025-10-12 10:23:11,noise
6393116814799,6395557270185,T697,35.5,Victor Gomes,2025-10-11 23:01:46,noise
6393116814799,6395388614739,T878,25.3,Victor Gomes,2025-10-11 01:28:02,noise
6393116814799,6396168850025,T878,11.3,Victor Gomes,2025-10-10 18:01:32,noise
6393116814799,6395557270185,T878,6.7,Victor Gomes,2025-10-10 21:03:52,noise
6393116814799,6395557270185,T878,14.7,Victor Gomes,2025-10-09 23:17:24,noise
6393116814799,6395557270185,T697,12.4,Victor Gomes,2025-10-09 14:18:30,noise
6393116814799,6395557270185,T697,31.6,Victor Gomes,2025-10-09 19:00:43,noise
6393116814799,6395557270185,T697,12.4,Victor Gomes,2025-10-08 18:11:20,noise
6393116814799,6394389103334,T878,4.0,Victor Gomes,2025-10-08 10:29:33,noise
6393116814799,6393116814799,T697,10.5,Victor Gomes,2025-10-07 18:01:27,noise
6393116814799,6396168850025,T697,20.7,Victor Gomes,2025-10-07 12:12:12,noise
6393116814799,6399562839233,T878,13.7,Victor Gomes,2025-10-06 05:10:57,noise
6393116814799,6396168850025,T697,11.8,Victor Gomes,2025-10-06 08:18:07,noise
6393116814799,6394701982874,T697,26.0,Victor Gomes,2025-10-05 02:28:35,noise
6393116814799,6395557270185,T878,32.8,Victor Gomes,2025-10-04 19:14:59,noise
6393116814799,6391644392848,T697,7.3,Victor Gomes,2025-10-04 10:03:24,noise
6393116814799,6395557270185,T878,23.2,Victor Gomes,2025-10-03 19:27:46,noise
6393116814799,6395557270185,T878,10.5,Victor Gomes,2025-10-03 23:19:32,noise
6393116814799,6392249133353,T697,16.2,Victor Gomes,2025-10-03 08:13:31,noise
6393116814799,6394018894269,T697,21.9,Victor Gomes,2025-10-02 15:07:56,noise
6393116814799,6396168850025,T878,16.4,Victor Gomes,2025-10-02 20:14:28,noise
6393116814799,6396168850025,T697,53.4,Victor Gomes,2025-10-01 14:25:38,noise
6393116814799,6396168850025,T878,4.4,Victor Gomes,2025-10-01 15:19:42,noise
6393116814799,6395557270185,T697,24.8,Victor Gomes,2025-09-30 17:08:00,noise
6393116814799,6391054941178,T878,23.1,Victor Gomes,2025-09-30 14:04:13,noise
6393116814799,6395557270185,T878,8.0,Victor Gomes,2025-09-29 12:09:20,noise
6393116814799,6396168850025,T878,37.2,Victor Gomes,2025-09-29 08:20:35,noise
6393116814799,6395557270185,T878,16.4,Victor Gomes,2025-09-28 10:15:27,noise
6393116814799,6393474215565,T878,22.6,Victor Gomes,2025-09-28 20:22:03,noise
6393116814799,6395557270185,T878,14.4,Victor Gomes,2025-09-27 13:24:09,noise
6393116814799,6396168850025,T878,13.5,Victor Gomes,2025-09-27 11:26:56,noise
6393116814799,6392546307565,T697,22.5,Victor Gomes,2025-09-26 18:24:47,noise
6393116814799,6395557270185,T697,19.9,Victor Gomes,2025-09-25 10:15:40,noise
6393116814799,6396168850025,T878,7.8,Victor Gomes,2025-09-24 09:27:11,noise
6393116814799,6395557270185,T878,33.4,Victor Gomes,2025-09-24 12:04:34,noise
6393116814799,6395557270185,T697,40.3,Victor Gomes,2025-09-23 18:23:52,noise
6393116814799,6396168850025,T878,10.0,Victor Gomes,2025-09-23 02:06:37,noise
6393116814799,6396168850025,T878,28.6,Victor Gomes,2025-09-22 10:10:42,noise
6393116814799,6396168850025,T878,13.8,Victor Gomes,2025-09-22 13:30:01,noise
6393116814799,6395557270185,T878,20.0,Victor Gomes,2025-09-21 12:28:35,noise
6393116814799,6396168850025,T878,22.6,Victor Gomes,2025-09-21 05:24:45,noise
6393116814799,6395557270185,T697,13.1,Victor Gomes,2025-09-20 16:03:07,noise
6393116814799,6395328992709,T697,25.8,Victor Gomes,2025-09-20 15:00:25,noise
6393116814799,6396168850025,T697,9.6,Victor Gomes,2025-09-19 19:09:51,noise
6393116814799,6392182204871,T878,14.3,Victor Gomes,2025-09-19 09:17:38,noise
6393116814799,6396168850025,T697,24.2,Victor Gomes,2025-09-18 15:05:18,noise
6393116814799,6396168850025,T697,5.4,Victor Gomes,2025-09-18 16:03:06,noise
6393116814799,6396168850025,T878,80.0,Victor Gomes,2025-09-17 09:10:35,noise
6393116814799,6395557270185,T697,13.1,Victor Gomes,2025-09-17 04:04:34,noise
6393116814799,6395557270185,T697,4.1,Victor Gomes,2025-09-16 10:26:45,noise
6393116814799,6396934367041,T878,20.8,Victor Gomes,2025-09-15 09:17:38,noise
6393116814799,6396168850025,T878,8.8,Victor Gomes,2025-09-15 12:21:23,noise
6393116814799,6397169427647,T878,27.8,Victor Gomes,2025-09-15 18:17:38,noise
6393116814799,6391296649512,T878,31.6,Victor Gomes,2025-09-14 21:10:57,noise
6393116814799,6395447757108,T878,10.5,Victor Gomes,2025-09-14 09:16:18,noise
6393116814799,6395557270185,T697,9.8,Victor Gomes,2025-09-13 13:26:11,noise
6393116814799,6395557270185,T697,15.3,Victor Gomes,2025-09-13 04:22:14,noise
6393116814799,6393474215565,T878,16.8,Victor Gomes,2025-09-12 09:28:52,noise
6393116814799,6396168850025,T697,26.2,Victor Gomes,2025-09-12 16:23:00,noise
6393116814799,6394602944141,T878,69.3,Victor Gomes,2025-09-11 10:29:03,noise
6393116814799,6396168850025,T878,6.5,Victor Gomes,2025-09-11 15:11:31,noise
6393116814799,6395557270185,T697,24.0,Victor Gomes,2025-09-10 13:00:56,noise
6393116814799,6395557270185,T878,36.0,Victor Gomes,2025-09-10 09:05:01,noise
6393116814799,6395557270185,T697,6.0,Victor Gomes,2025-09-09 23:21:11,noise
6393116814799,6392546307565,T878,18.3,Victor Gomes,2025-09-09 14:01:23,noise
6393116814799,6397654503285,T697,15.8,Victor Gomes,2025-09-08 10:12:46,noise
6393116814799,6395557270185,T878,8.2,Victor Gomes,2025-09-08 09:15:36,noise
6393116814799,6395557270185,T878,36.0,Victor Gomes,2025-09-07 15:13:08,noise
6393116814799,6395557270185,T697,9.4,Victor Gomes,2025-09-07 15:09:24,noise
6393116814799,6396168850025,T878,12.2,Victor Gomes,2025-09-06 12:04:05,noise
6393116814799,6395289242961,T878,48.9,Victor Gomes,2025-09-06 19:01:41,noise
6393116814799,6396168850025,T697,33.0,Victor Gomes,2025-09-06 18:03:39,noise
6393116814799,6395557270185,T697,7.5,Victor Gomes,2025-09-05 19:02:04,noise
6393116814799,6396168850025,T878,13.5,Victor Gomes,2025-09-05 00:02:01,noise
6393116814799,6395557270185,T878,15.4,Victor Gomes,2025-09-04 13:19:40,noise
6393116814799,6391678940428,T878,21.1,Victor Gomes,2025-09-04 09:22:57,noise
6393116814799,6395447757108,T878,9.2,Victor Gomes,2025-09-03 08:28:02,noise
6393116814799,6395557270185,T697,17.8,Victor Gomes,2025-09-03 14:26:33,noise
6393116814799,6392691285953,T697,16.8,Victor Gomes,2025-09-02 19:23:16,noise
6393116814799,6392089382142,T697,19.1,Victor Gomes,2025-09-02 15:22:12,noise
6393116814799,6392546307565,T697,17.5,Victor Gomes,2025-09-02 09:08:50,noise
6393116814799,6399562839233,T878,31.2,Victor Gomes,2025-09-01 09:01:31,noise
6393116814799,6395557270185,T697,23.1,Victor Gomes,2025-08-31 21:06:56,noise
6393116814799,6392584159767,T697,32.7,Victor Gomes,2025-08-31 19:04:30,noise
6393116814799,6397317313563,T697,5.7,Victor Gomes,2025-08-30 23:24:12,noise
6393116814799,6395557270185,T878,17.4,Victor Gomes,2025-08-30 19:14:48,noise
6393116814799,6397654503285,T878,16.1,Victor Gomes,2025-08-30 12:04:16,noise
6393116814799,6396168850025,T878,3.2,Victor Gomes,2025-08-29 11:12:25,noise
6393116814799,6392546307565,T878,2.8,Victor Gomes,2025-08-29 02:01:13,noise
6393116814799,6397317313563,T878,65.3,Victor Gomes,2025-08-29 20:18:21,noise
6393116814799,6396212810153,T878,32.8,Victor Gomes,2025-08-28 14:10:26,noise
6393116814799,6395557270185,T878,11.1,Victor Gomes,2025-08-28 03:22:32,noise
6393116814799,6395557270185,T697,40.7,Victor Gomes,2025-08-27 17:27:05,noise
6393116814799,6395557270185,T878,15.4,Victor Gomes,2025-08-27 15:11:39,noise
6393116814799,6397169427647,T878,10.5,Victor Gomes,2025-08-26 08:08:21,noise
6393116814799,6397424123950,T697,53.5,Victor Gomes,2025-08-26 14:30:28,noise
6393116814799,6391697329269,T697,1.7,Victor Gomes,2025-08-25 14:05:30,noise
6393116814799,6396168850025,T697,8.3,Victor Gomes,2025-08-24 15:26:37,noise
6393116814799,6397959530865,T697,2.6,Victor Gomes,2025-08-23 17:20:05,noise
6393116814799,6396212810153,T878,27.2,Victor Gomes,2025-08-23 10:03:49,noise
6393116814799,6392385746157,T697,12.8,Victor Gomes,2025-08-23 16:25:36,noise
6393116814799,6396168850025,T878,19.4,Victor Gomes,2025-08-22 11:05:21,noise
6393116814799,6395557270185,T878,18.7,Victor Gomes,2025-08-22 13:15:25,noise
6393116814799,6393502849379,T697,13.4,Victor Gomes,2025-08-21 20:23:06,noise
6393116814799,6395557270185,T878,25.5,Victor Gomes,2025-08-21 12:05:58,noise
6393116814799,6396168850025,T878,12.1,Victor Gomes,2025-08-20 20:20:26,noise
6393116814799,6399697255231,T878,20.8,Victor Gomes,2025-08-20 09:09:34,noise
6393116814799,6395557270185,T878,5.7,Victor Gomes,2025-08-20 16:19:48,noise
6393116814799,6399042725763,T878,24.4,Victor Gomes,2025-08-19 08:18:03,noise
6393116814799,6391697329269,T878,38.5,Victor Gomes,2025-08-19 08:07:28,noise
6393116814799,6395557270185,T697,21.5,Victor Gomes,2025-08-18 18:30:27,noise
6393116814799,6396168850025,T878,22.0,Victor Gomes,2025-08-18 18:24:46,noise
6393116814799,6392251159617,T697,3.1,Victor Gomes,2025-08-17 18:22:11,noise
6393116814799,6396168850025,T878,9.9,Victor Gomes,2025-08-17 08:10:01,noise
6393116814799,6396168850025,T878,54.7,Victor Gomes,2025-08-16 14:28:44,noise
6393116814799,6395557270185,T878,22.0,Victor Gomes,2025-08-16 12:20:19,noise
6393116814799,6396168850025,T697,7.3,Victor Gomes,2025-08-15 16:00:46,noise
6393116814799,6393299477204,T878,8.4,Victor Gomes,2025-08-15 12:18:04,noise
6393116814799,6394018894269,T878,47.9,Victor Gomes,2025-08-14 19:04:28,noise
6393116814799,6395557270185,T878,42.9,Victor Gomes,2025-08-13 08:28:38,noise
6393116814799,6395557270185,T697,3.8,Victor Gomes,2025-08-13 15:16:27,noise
6393116814799,6398621864419,T878,37.8,Victor Gomes,2025-08-12 10:04:57,noise
6393116814799,6397169427647,T878,17.6,Victor Gomes,2025-08-12 15:17:22,noise
6393116814799,6396168850025,T878,12.8,Victor Gomes,2025-08-11 18:19:20,noise
6393116814799,6395557270185,T878,16.0,Victor Gomes,2025-08-11 10:16:28,noise
6393116814799,6395557270185,T878,66.7,Victor Gomes,2025-08-11 22:15:10,noise
6393116814799,6397424123950,T878,41.9,Victor Gomes,2025-08-10 23:23:33,noise
6393116814799,6394334018731,T878,5.5,Victor Gomes,2025-08-10 17:01:57,noise
6393116814799,6395557270185,T697,6.7,Victor Gomes,2025-08-09 16:06:22,noise
6393116814799,6396026405795,T878,50.4,Victor Gomes,2025-08-08 18:15:06,noise
6393116814799,6395557270185,T697,10.4,Victor Gomes,2025-08-08 01:26:01,noise
6393116814799,6397357048476,T697,16.8,Victor Gomes,2025-08-07 20:10:52,noise
6393116814799,6396168850025,T878,6.8,Victor Gomes,2025-08-07 01:16:42,noise
6393116814799,6395557270185,T697,11.7,Victor Gomes,2025-08-06 02:22:48,noise
6393116814799,6396168850025,T878,24.9,Victor Gomes,2025-08-06 13:30:48,noise
6393116814799,6392546307565,T697,33.2,Victor Gomes,2025-08-05 17:20:55,noise
6393116814799,6396168850025,T878,7.3,Victor Gomes,2025-08-04 19:24:19,noise
6393116814799,6399628559272,T878,154.8,Victor Gomes,2025-12-24 08:11:30,noise
6393116814799,6399628559272,T878,77.2,Victor Gomes,2025-12-18 05:20:20,noise
6393116814799,6399628559272,T878,62.5,Victor Gomes,2025-12-16 21:12:27,noise
6393116814799,6399628559272,T878,80.1,Victor Gomes,2025-12-23 05:04:09,noise
6393116814799,6399628559272,T878,67.7,Victor Gomes,2025-12-22 10:24:14,noise
6393116814799,6399628559272,T878,98.2,Victor Gomes,2025-12-29 13:10:40,noise
