dr_cr,value,payee,branch,customer_name,account_number,timestamp,batch_id
debit,840.4,ACCT4777124,BRANCH62,Priya Rossi,ACCT4688588,2025-10-03 23:00:20,noise
credit,267.14,ACCT4194369,BRANCH61,Priya Rossi,ACCT4688588,2025-10-02 03:13:29,noise
debit,657.99,ACCT3616072,BRANCH35,Priya Rossi,ACCT4688588,2025-10-02 15:08:47,noise
credit,1922.21,,BRANCH58,Priya Rossi,ACCT4688588,2025-09-29 14:08:25,noise
debit,627.78,,BRANCH61,Priya Rossi,ACCT4688588,2025-09-26 13:39:32,noise
debit,1732.01,ACCT4739370,BRANCH31,Priya Rossi,ACCT4688588,2025-09-24 14:12:13,noise
credit,1261.47,,BRANCH61,Priya Rossi,ACCT4688588,2025-09-22 02:03:08,noise
credit,789.02,,BRANCH61,Priya Rossi,ACCT4688588,2025-09-20 21:13:53,noise
debit,319.66,,BRANCH61,Priya Rossi,ACCT4688588,2025-09-20 16:09:03,noise
credit,244.31,,BRANCH61,Priya Rossi,ACCT4688588,2025-09-17 00:18:01,noise
debit,1067.58,,BRANCH61,Priya Rossi,ACCT4688588,2025-09-17 18:19:51,noise
debit,571.35,ACCT7019631,BRANCH61,Priya Rossi,ACCT4688588,2025-09-14 19:13:09,noise
debit,985.54,ACCT2597364,BRANCH90,Priya Rossi,ACCT4688588,2025-09-12 09:11:22,noise
debit,1105.8,ACCT6447710,BRANCH61,Priya Rossi,ACCT4688588,2025-09-09 10:21:09,noise
credit,919.39,,BRANCH11,Priya Rossi,ACCT4688588,2025-09-06 11:22:06,noise
debit,624.32,,BRANCH61,Priya Rossi,ACCT4688588,2025-09-04 08:26:48,noise
debit,1009.85,,BRANCH61,Priya Rossi,ACCT4688588,2025-09-03 10:26:37,noise
credit,1172.99,ACCT5505009,BRANCH87,Priya Rossi,ACCT4688588,2025-09-02 01:34:38,noise
credit,453.29,ACCT7456052,BRANCH61,Priya Rossi,ACCT4688588,2025-09-01 00:34:16,noise
credit,248.36,ACCT5165157,BRANCH10,Priya Rossi,ACCT4688588,2025-09-01 17:28:47,noise
debit,801.78,ACCT4903427,BRANCH61,Priya Rossi,ACCT4688588,2025-08-31 16:45:08,noise
credit,382.05,ACCT4775386,BRANCH61,Priya Rossi,ACCT4688588,2025-08-28 10:26:23,noise
debit,662.23,,BRANCH91,Priya Rossi,ACCT4688588,2025-08-27 10:44:48,noise
debit,457.4,,BRANCH61,Priya Rossi,ACCT4688588,2025-08-24 09:32:55,noise
credit,2154.14,,BRANCH31,Priya Rossi,ACCT4688588,2025-08-24 11:00:45,noise
debit,524.07,,BRANCH61,Priya Rossi,ACCT4688588,2025-08-23 19:34:14,noise
credit,6456.09,,BRANCH96,Priya Rossi,ACCT4688588,2025-08-23 10:35:28,noise
debit,678.92,,BRANCH61,Priya Rossi,ACCT4688588,2025-08-21 10:29:23,noise
debit,492.17,,BRANCH61,Priya Rossi,ACCT4688588,2025-08-16 15:16:13,noise
debit,1109.5,,BRANCH61,Priya Rossi,ACCT4688588,2025-08-15 17:33:20,noise
debit,928.39,,BRANCH61,Priya Rossi,ACCT4688588,2025-08-13 15:17:09,noise
debit,627.07,ACCT5868394,BRANCH63,Priya Rossi,ACCT4688588,2025-08-12 20:45:23,noise
debit,2099.49,ACCT8584499,BRANCH61,Priya Rossi,ACCT4688588,2025-08-12 04:29:14,noise
debit,361.11,ACCT5415169,BRANCH33,Priya Rossi,ACCT4688588,2025-08-11 15:07:46,noise
credit,1076.97,,BRANCH68,Priya Rossi,ACCT4688588,2025-08-11 09:28:12,noise
debit,802.22,ACCT7339022,BRANCH61,Priya Rossi,ACCT4688588,2025-08-09 15:24:03,noise
debit,202.76,,BRANCH61,Priya Rossi,ACCT4688588,2025-08-08 20:33:45,noise
credit,548.15,,BRANCH61,Priya Rossi,ACCT4688588,2025-08-06 12:07:33,noise
debit,341.37,,BRANCH62,Priya Rossi,ACCT4688588,2025-08-06 23:01:28,noise
credit,772.31,,BRANCH79,Priya Rossi,ACCT4688588,2025-08-04 14:06:49,noise
debit,738.07,ACCT6806200,BRANCH65,Kai Chen,ACCT5868394,2025-10-02 08:15:09,noise
credit,864.73,,BRANCH60,Kai Chen,ACCT5868394,2025-09-28 20:43:29,noise
debit,721.11,ACCT4955388,BRANCH53,Kai Chen,ACCT5868394,2025-09-28 20:07:13,noise
credit,460.3,,BRANCH53,Kai Chen,ACCT5868394,2025-09-27 10:08:26,noise
debit,1009.86,ACCT4353940,BRANCH53,Kai Chen,ACCT5868394,2025-09-25 20:14:50,noise
credit,401.69,ACCT5505009,BRANCH53,Kai Chen,ACCT5868394,2025-09-25 17:39:38,noise
credit,469.41,,BRANCH77,Kai Chen,ACCT5868394,2025-09-23 11:08:16,noise
credit,1893.02,,BRANCH53,Kai Chen,ACCT5868394,2025-09-23 15:09:03,noise
debit,1451.03,ACCT7874421,BRANCH53,Kai Chen,ACCT5868394,2025-09-19 20:03:32,noise
credit,366.67,,BRANCH44,Kai Chen,ACCT5868394,2025-09-13 20:06:26,noise
debit,100.43,,BRANCH53,Kai Chen,ACCT5868394,2025-09-08 15:39:57,noise
debit,819.75,,BRANCH19,Kai Chen,ACCT5868394,2025-09-07 20:42:13,noise
credit,1643.48,,BRANCH53,Kai Chen,ACCT5868394,2025-09-07 17:05:06,noise
credit,2262.24,,BRANCH53,Kai Chen,ACCT5868394,2025-09-05 10:01:43,noise
credit,833.84,,BRANCH53,Kai Chen,ACCT5868394,2025-09-04 15:30:13,noise
credit,369.92,,BRANCH89,Kai Chen,ACCT5868394,2025-09-02 08:30:32,noise
debit,77.4,,BRANCH53,Kai Chen,ACCT5868394,2025-09-01 16:44:28,noise
credit,1345.97,,BRANCH53,Kai Chen,ACCT5868394,2025-08-31 14:25:19,noise
credit,382.97,,BRANCH53,Kai Chen,ACCT5868394,2025-08-29 13:21:55,noise
debit,1862.35,ACCT8609471,BRANCH39,Kai Chen,ACCT5868394,2025-08-25 13:30:22,noise
debit,1402.75,,BRANCH53,Kai Chen,ACCT5868394,2025-08-25 16:34:09,noise
credit,404.25,,BRANCH53,Kai Chen,ACCT5868394,2025-08-23 08:08:55,noise
credit,517.66,ACCT8932729,BRANCH53,Kai Chen,ACCT5868394,2025-08-21 03:19:39,noise
credit,450.1,,BRANCH53,Kai Chen,ACCT5868394,2025-08-20 23:23:55,noise
credit,139.75,,BRANCH53,Kai Chen,ACCT5868394,2025-08-18 02:35:34,noise
debit,1399.95,ACCT6804640,BRANCH85,Kai Chen,ACCT5868394,2025-08-18 13:26:57,noise
debit,831.75,ACCT7068386,BRANCH53,Kai Chen,ACCT5868394,2025-08-17 11:34:23,noise
debit,409.76,,BRANCH53,Kai Chen,ACCT5868394,2025-08-17 13:40:01,noise
credit,697.84,,BRANCH53,Kai Chen,ACCT5868394,2025-08-16 20:39:47,noise
credit,580.47,,BRANCH53,Kai Chen,ACCT5868394,2025-08-15 17:30:21,noise
credit,653.8,,BRANCH53,Kai Chen,ACCT5868394,2025-08-13 16:16:19,noise
debit,108.4,,BRANCH53,Kai Chen,ACCT5868394,2025-08-07 21:33:25,noise
debit,53.2,,BRANCH53,Kai Chen,ACCT5868394,2025-08-06 08:10:25,noise
debit,1628.37,,BRANCH53,Kai Chen,ACCT5868394,2025-08-05 09:02:59,noise
debit,1986.79,ACCT1839300,BRANCH28,Ravi Wei,ACCT7864743,2025-09-30 11:27:19,noise
debit,421.37,,BRANCH78,Ravi Wei,ACCT7864743,2025-09-26 08:23:49,noise
debit,517.75,,BRANCH17,Ravi Wei,ACCT7864743,2025-09-26 10:03:29,noise
debit,634.45,,BRANCH17,Ravi Wei,ACCT7864743,2025-09-23 14:11:08,noise
debit,1700.96,,BRANCH85,Ravi Wei,ACCT7864743,2025-09-22 12:29:13,noise
debit,387.8,,BRANCH17,Ravi Wei,ACCT7864743,2025-09-20 00:18:18,noise
credit,1456.79,ACCT3616072,BRANCH86,Ravi Wei,ACCT7864743,2025-09-19 11:43:09,noise
debit,486.59,,BRANCH73,Ravi Wei,ACCT7864743,2025-09-18 00:05:49,noise
debit,1086.69,,BRANCH17,Ravi Wei,ACCT7864743,2025-09-18 18:06:24,noise
credit,540.0,,BRANCH17,Ravi Wei,ACCT7864743,2025-09-15 10:15:44,noise
debit,585.57,,BRANCH17,Ravi Wei,ACCT7864743,2025-09-15 19:37:04,noise
debit,564.6,,BRANCH17,Ravi Wei,ACCT7864743,2025-09-14 14:42:43,noise
debit,666.2,,BRANCH17,Ravi Wei,ACCT7864743,2025-09-14 08:12:06,noise
debit,581.58,,BRANCH17,Ravi Wei,ACCT7864743,2025-09-13 12:34:21,noise
debit,1113.41,ACCT8584499,BRANCH17,Ravi Wei,ACCT7864743,2025-09-13 18:10:05,noise
credit,264.08,,BRANCH82,Ravi Wei,ACCT7864743,2025-09-09 12:10:17,noise
debit,723.23,,BRANCH17,Ravi Wei,ACCT7864743,2025-09-09 04:04:26,noise
credit,398.43,ACCT7278505,BRANCH17,Ravi Wei,ACCT7864743,2025-09-08 13:42:46,noise
credit,220.66,ACCT7068386,BRANCH17,Ravi Wei,ACCT7864743,2025-09-08 17:14:04,noise
debit,1717.26,,BRANCH21,Ravi Wei,ACCT7864743,2025-09-05 20:35:02,noise
credit,1070.82,,BRANCH17,Ravi Wei,ACCT7864743,2025-09-05 08:06:29,noise
debit,649.65,,BRANCH10,Ravi Wei,ACCT7864743,2025-09-04 08:11:24,noise
debit,458.56,,BRANCH75,Ravi Wei,ACCT7864743,2025-08-30 02:33:36,noise
credit,391.55,ACCT6656710,BRANCH17,Ravi Wei,ACCT7864743,2025-08-28 16:26:07,noise
debit,3000.0,ACCT3185584,BRANCH17,Ravi Wei,ACCT7864743,2025-08-27 13:14:30,noise
credit,936.47,ACCT7108627,BRANCH17,Ravi Wei,ACCT7864743,2025-08-26 14:14:54,noise
debit,1549.08,ACCT8935412,BRANCH17,Ravi Wei,ACCT7864743,2025-08-26 17:24:00,noise
credit,2565.06,,BRANCH17,Ravi Wei,ACCT7864743,2025-08-24 22:35:40,noise
credit,1039.02,,BRANCH17,Ravi Wei,ACCT7864743,2025-08-22 10:02:45,noise
debit,286.6,ACCT6651500,BRANCH17,Ravi Wei,ACCT7864743,2025-08-22 20:31:17,noise
debit,733.21,ACCT1205245,BRANCH17,Ravi Wei,ACCT7864743,2025-08-19 17:45:30,noise
credit,155.74,,BRANCH17,Ravi Wei,ACCT7864743,2025-08-16 21:23:52,noise
credit,1427.32,,BRANCH17,Ravi Wei,ACCT7864743,2025-08-15 14:20:09,noise
credit,504.21,,BRANCH17,Ravi Wei,ACCT7864743,2025-08-15 14:17:46,noise
debit,121.8,,BRANCH61,Ravi Wei,ACCT7864743,2025-08-14 02:32:08,noise
debit,290.64,,BRANCH17,Ravi Wei,ACCT7864743,2025-08-11 09:22:23,noise
debit,233.23,ACCT2635910,BRANCH17,Ravi Wei,ACCT7864743,2025-08-11 17:20:49,noise
credit,887.8,,BRANCH17,Ravi Wei,ACCT7864743,2025-08-07 17:02:56,noise
credit,374.69,,BRANCH17,Ravi Wei,ACCT7864743,2025-08-06 19:09:23,noise
debit,671.52,,BRANCH17,Ravi Wei,ACCT7864743,2025-08-06 16:32:34,noise
credit,1802.07,,BRANCH17,Ravi Wei,ACCT7864743,2025-08-05 12:01:14,noise
debit,1957.02,ACCT2772646,BRANCH79,Wes Rossi,ACCT6653295,2025-10-03 20:35:29,noise
credit,872.88,ACCT3425461,BRANCH79,Wes Rossi,ACCT6653295,2025-10-03 11:17:56,noise
debit,807.87,ACCT6806200,BRANCH70,Wes Rossi,ACCT6653295,2025-10-02 10:36:44,noise
credit,2262.45,ACCT5415169,BRANCH79,Wes Rossi,ACCT6653295,2025-10-01 14:13:56,noise
credit,308.9,ACCT1509176,BRANCH79,Wes Rossi,ACCT6653295,2025-10-01 09:08:52,noise
debit,272.31,,BRANCH79,Wes Rossi,ACCT6653295,2025-09-30 08:35:43,noise
credit,1209.91,,BRANCH79,Wes Rossi,ACCT6653295,2025-09-30 20:22:33,noise
debit,486.55,,BRANCH79,Wes Rossi,ACCT6653295,2025-09-28 15:44:34,noise
debit,772.43,,BRANCH79,Wes Rossi,ACCT6653295,2025-09-27 17:37:26,noise
credit,134.54,ACCT5909096,BRANCH79,Wes Rossi,ACCT6653295,2025-09-27 08:10:30,noise
debit,1145.49,,BRANCH19,Wes Rossi,ACCT6653295,2025-09-25 14:14:58,noise
debit,737.43,,BRANCH79,Wes Rossi,ACCT6653295,2025-09-24 18:37:46,noise
credit,175.98,ACCT6816390,BRANCH79,Wes Rossi,ACCT6653295,2025-09-23 16:38:37,noise
debit,1359.06,,BRANCH79,Wes Rossi,ACCT6653295,2025-09-21 15:45:27,noise
debit,1354.51,,BRANCH79,Wes Rossi,ACCT6653295,2025-09-19 19:39:40,noise
credit,198.62,,BRANCH79,Wes Rossi,ACCT6653295,2025-09-18 10:14:55,noise
credit,362.67,,BRANCH79,Wes Rossi,ACCT6653295,2025-09-17 15:41:25,noise
credit,889.31,,BRANCH37,Wes Rossi,ACCT6653295,2025-09-17 02:05:09,noise
credit,807.2,,BRANCH79,Wes Rossi,ACCT6653295,2025-09-16 04:12:07,noise
credit,573.61,,BRANCH79,Wes Rossi,ACCT6653295,2025-09-16 14:28:28,noise
credit,1936.71,,BRANCH15,Wes Rossi,ACCT6653295,2025-09-15 15:28:11,noise
debit,458.06,ACCT8584499,BRANCH79,Wes Rossi,ACCT6653295,2025-09-14 17:44:49,noise
debit,1146.92,,BRANCH79,Wes Rossi,ACCT6653295,2025-09-13 12:32:44,noise
credit,1037.37,,BRANCH79,Wes Rossi,ACCT6653295,2025-09-13 15:36:11,noise
credit,991.58,,BRANCH76,Wes Rossi,ACCT6653295,2025-09-10 09:21:54,noise
credit,613.81,,BRANCH20,Wes Rossi,ACCT6653295,2025-09-06 09:21:24,noise
credit,567.36,ACCT5868394,BRANCH77,Wes Rossi,ACCT6653295,2025-09-05 03:39:10,noise
debit,691.46,,BRANCH79,Wes Rossi,ACCT6653295,2025-09-04 16:37:02,noise
credit,1317.39,,BRANCH44,Wes Rossi,ACCT6653295,2025-09-04 18:11:01,noise
debit,405.84,,BRANCH79,Wes Rossi,ACCT6653295,2025-09-03 14:06:07,noise
debit,1879.93,,BRANCH97,Wes Rossi,ACCT6653295,2025-09-03 14:22:25,noise
credit,588.8,,BRANCH79,Wes Rossi,ACCT6653295,2025-08-31 14:37:47,noise
credit,224.99,,BRANCH61,Wes Rossi,ACCT6653295,2025-08-30 15:18:13,noise
debit,217.42,ACCT5173151,BRANCH79,Wes Rossi,ACCT6653295,2025-08-27 10:42:34,noise
debit,244.43,,BRANCH79,Wes Rossi,ACCT6653295,2025-08-27 03:03:05,noise
credit,136.13,ACCT2635910,BRANCH79,Wes Rossi,ACCT6653295,2025-08-25 20:23:51,noise
credit,112.81,,BRANCH79,Wes Rossi,ACCT6653295,2025-08-23 11:45:54,noise
debit,151.73,,BRANCH79,Wes Rossi,ACCT6653295,2025-08-23 21:44:32,noise
debit,430.09,,BRANCH79,Wes Rossi,ACCT6653295,2025-08-22 10:02:58,noise
debit,1695.76,,BRANCH79,Wes Rossi,ACCT6653295,2025-08-21 10:38:23,noise
credit,1713.01,ACCT4739370,BRANCH79,Wes Rossi,ACCT6653295,2025-08-20 19:19:49,noise
credit,2972.13,,BRANCH79,Wes Rossi,ACCT6653295,2025-08-16 09:38:42,noise
credit,197.72,,BRANCH79,Wes Rossi,ACCT6653295,2025-08-15 22:12:33,noise
credit,146.54,ACCT6816390,BRANCH79,Wes Rossi,ACCT6653295,2025-08-13 09:24:35,noise
debit,864.46,ACCT8935412,BRANCH79,Wes Rossi,ACCT6653295,2025-08-08 17:00:54,noise
debit,249.26,,BRANCH91,Raj Zhou,ACCT4955388,2025-09-27 11:38:01,noise
debit,1053.69,,BRANCH84,Raj Zhou,ACCT4955388,2025-09-25 14:16:31,noise
debit,912.79,ACCT7424847,BRANCH42,Raj Zhou,ACCT4955388,2025-09-24 15:28:17,noise
debit,2540.8,,BRANCH28,Raj Zhou,ACCT4955388,2025-09-21 10:25:39,noise
debit,356.72,,BRANCH42,Raj Zhou,ACCT4955388,2025-09-21 20:30:44,noise
credit,335.57,,BRANCH42,Raj Zhou,ACCT4955388,2025-09-20 20:04:23,noise
debit,642.4,ACCT8935412,BRANCH42,Raj Zhou,ACCT4955388,2025-09-20 03:36:53,noise
debit,244.7,,BRANCH99,Raj Zhou,ACCT4955388,2025-09-14 08:11:24,noise
credit,1360.96,ACCT6651500,BRANCH42,Raj Zhou,ACCT4955388,2025-09-11 19:13:08,noise
credit,1450.78,,BRANCH42,Raj Zhou,ACCT4955388,2025-09-09 14:41:50,noise
debit,826.07,,BRANCH42,Raj Zhou,ACCT4955388,2025-09-07 13:27:46,noise
debit,1162.71,,BRANCH87,Raj Zhou,ACCT4955388,2025-09-07 18:07:51,noise
debit,280.11,ACCT4903427,BRANCH42,Raj Zhou,ACCT4955388,2025-09-06 13:02:47,noise
debit,487.09,,BRANCH42,Raj Zhou,ACCT4955388,2025-09-02 09:19:22,noise
credit,2116.6,,BRANCH42,Raj Zhou,ACCT4955388,2025-09-01 11:15:29,noise
debit,345.08,,BRANCH42,Raj Zhou,ACCT4955388,2025-09-01 15:37:48,noise
debit,1609.77,ACCT2432980,BRANCH42,Raj Zhou,ACCT4955388,2025-08-30 09:25:37,noise
debit,794.07,,BRANCH62,Raj Zhou,ACCT4955388,2025-08-30 02:21:19,noise
debit,175.5,,BRANCH42,Raj Zhou,ACCT4955388,2025-08-25 16:36:22,noise
credit,1071.98,,BRANCH42,Raj Zhou,ACCT4955388,2025-08-25 09:01:45,noise
debit,221.48,,BRANCH85,Raj Zhou,ACCT4955388,2025-08-24 23:08:29,noise
credit,492.74,,BRANCH42,Raj Zhou,ACCT4955388,2025-08-20 15:16:51,noise
credit,437.61,,BRANCH42,Raj Zhou,ACCT4955388,2025-08-19 13:18:33,noise
credit,3502.08,,BRANCH52,Raj Zhou,ACCT4955388,2025-08-16 15:03:10,noise
credit,5643.47,ACCT4777124,BRANCH42,Raj Zhou,ACCT4955388,2025-08-16 16:27:05,noise
credit,1905.42,,BRANCH11,Raj Zhou,ACCT4955388,2025-08-12 12:10:57,noise
debit,577.32,,BRANCH54,Raj Zhou,ACCT4955388,2025-08-04 09:36:02,noise
credit,415.92,,BRANCH62,Grace Gomes,ACCT8828441,2025-10-03 11:12:27,noise
debit,229.98,,BRANCH70,Grace Gomes,ACCT8828441,2025-10-03 19:38:27,noise
debit,1094.42,,BRANCH96,Grace Gomes,ACCT8828441,2025-10-02 17:36:26,noise
debit,407.15,,BRANCH96,Grace Gomes,ACCT8828441,2025-10-02 12:41:15,noise
credit,241.07,,BRANCH75,Grace Gomes,ACCT8828441,2025-10-01 15:38:54,noise
debit,417.87,,BRANCH96,Grace Gomes,ACCT8828441,2025-10-01 23:11:53,noise
credit,893.13,ACCT6339810,BRANCH96,Grace Gomes,ACCT8828441,2025-09-28 08:35:13,noise
credit,1480.53,,BRANCH96,Grace Gomes,ACCT8828441,2025-09-27 14:45:15,noise
credit,367.45,,BRANCH76,Grace Gomes,ACCT8828441,2025-09-27 21:04:59,noise
debit,1066.75,ACCT2056282,BRANCH96,Grace Gomes,ACCT8828441,2025-09-25 21:35:32,noise
debit,911.28,ACCT8609471,BRANCH96,Grace Gomes,ACCT8828441,2025-09-24 08:00:09,noise
debit,582.47,,BRANCH96,Grace Gomes,ACCT8828441,2025-09-23 18:41:15,noise
credit,189.77,ACCT2748184,BRANCH96,Grace Gomes,ACCT8828441,2025-09-21 19:14:42,noise
credit,1220.83,,BRANCH96,Grace Gomes,ACCT8828441,2025-09-20 09:15:16,noise
credit,1220.21,,BRANCH96,Grace Gomes,ACCT8828441,2025-09-19 22:40:16,noise
credit,702.03,,BRANCH96,Grace Gomes,ACCT8828441,2025-09-16 15:10:52,noise
debit,262.81,,BRANCH96,Grace Gomes,ACCT8828441,2025-09-13 15:28:23,noise
debit,278.59,ACCT7522765,BRANCH92,Grace Gomes,ACCT8828441,2025-09-09 09:39:21,noise
credit,286.65,,BRANCH96,Grace Gomes,ACCT8828441,2025-09-09 19:29:19,noise
debit,195.82,,BRANCH96,Grace Gomes,ACCT8828441,2025-09-05 03:43:06,noise
debit,2017.29,,BRANCH89,Grace Gomes,ACCT8828441,2025-09-02 11:35:36,noise
debit,487.35,,BRANCH45,Grace Gomes,ACCT8828441,2025-09-02 17:06:43,noise
debit,2190.61,,BRANCH92,Grace Gomes,ACCT8828441,2025-08-27 15:11:11,noise
debit,482.29,,BRANCH38,Grace Gomes,ACCT8828441,2025-08-26 15:00:10,noise
credit,2731.77,ACCT4903427,BRANCH96,Grace Gomes,ACCT8828441,2025-08-23 14:17:17,noise
debit,2449.78,ACCT2597364,BRANCH76,Grace Gomes,ACCT8828441,2025-08-21 13:31:45,noise
debit,965.53,ACCT9749800,BRANCH96,Grace Gomes,ACCT8828441,2025-08-21 14:12:10,noise
debit,218.15,,BRANCH96,Grace Gomes,ACCT8828441,2025-08-20 19:26:51,noise
debit,488.36,ACCT5652078,BRANCH96,Grace Gomes,ACCT8828441,2025-08-20 13:16:12,noise
debit,680.99,,BRANCH96,Grace Gomes,ACCT8828441,2025-08-19 11:00:41,noise
debit,122.64,ACCT1509176,BRANCH96,Grace Gomes,ACCT8828441,2025-08-14 13:29:52,noise
credit,4311.78,ACCT8584499,BRANCH96,Grace Gomes,ACCT8828441,2025-08-14 09:19:22,noise
debit,1459.36,ACCT9826303,BRANCH75,Grace Gomes,ACCT8828441,2025-08-08 10:36:53,noise
credit,742.87,,BRANCH95,Grace Gomes,ACCT8828441,2025-08-08 01:11:15,noise
credit,860.12,ACCT6651500,BRANCH96,Grace Gomes,ACCT8828441,2025-08-05 08:44:42,noise
debit,39041.92,ACCT3425461,BRANCH96,Grace Gomes,ACCT8828441,2025-11-29 23:39:50,noise
debit,8600.17,ACCT3425461,BRANCH96,Grace Gomes,ACCT8828441,2025-12-07 04:42:35,noise
debit,13474.6,ACCT3425461,BRANCH96,Grace Gomes,ACCT8828441,2025-12-10 02:45:54,noise
debit,18938.97,ACCT3425461,BRANCH96,Grace Gomes,ACCT8828441,2025-12-12 20:49:45,noise
debit,27849.48,ACCT3425461,BRANCH96,Grace Gomes,ACCT8828441,2025-12-28 22:30:52,noise
debit,22058.73,ACCT3425461,BRANCH96,Grace Gomes,ACCT8828441,2025-12-23 16:42:28,noise
debit,600.76,,BRANCH18,Omar Unger,ACCT4739370,2025-10-01 13:35:46,noise
debit,833.73,ACCT4194369,BRANCH22,Omar Unger,ACCT4739370,2025-09-26 10:24:21,noise
debit,635.25,,BRANCH76,Omar Unger,ACCT4739370,2025-09-26 02:20:55,noise
debit,865.21,,BRANCH22,Omar Unger,ACCT4739370,2025-09-21 13:27:50,noise
debit,5359.14,,BRANCH87,Omar Unger,ACCT4739370,2025-09-21 22:07:01,noise
credit,190.11,,BRANCH22,Omar Unger,ACCT4739370,2025-09-20 01:39:44,noise
credit,999.62,,BRANCH71,Omar Unger,ACCT4739370,2025-09-19 17:30:56,noise
debit,844.13,ACCT6651500,BRANCH60,Omar Unger,ACCT4739370,2025-09-18 08:20:18,noise
debit,1572.88,,BRANCH21,Omar Unger,ACCT4739370,2025-09-16 10:18:06,noise
debit,888.48,,BRANCH22,Omar Unger,ACCT4739370,2025-09-12 17:32:05,noise
credit,736.24,,BRANCH22,Omar Unger,ACCT4739370,2025-09-11 08:19:25,noise
debit,126.8,,BRANCH96,Omar Unger,ACCT4739370,2025-09-11 13:28:25,noise
credit,611.89,,BRANCH22,Omar Unger,ACCT4739370,2025-09-08 10:19:51,noise
debit,409.66,,BRANCH22,Omar Unger,ACCT4739370,2025-09-05 11:39:15,noise
credit,685.34,,BRANCH22,Omar Unger,ACCT4739370,2025-09-03 09:35:26,noise
credit,804.36,,BRANCH22,Omar Unger,ACCT4739370,2025-09-02 04:06:22,noise
credit,1110.07,ACCT4983211,BRANCH22,Omar Unger,ACCT4739370,2025-08-30 19:05:46,noise
debit,946.72,ACCT6806200,BRANCH22,Omar Unger,ACCT4739370,2025-08-29 18:09:48,noise
debit,358.7,,BRANCH22,Omar Unger,ACCT4739370,2025-08-28 17:02:17,noise
credit,430.23,,BRANCH22,Omar Unger,ACCT4739370,2025-08-24 19:29:08,noise
credit,266.88,ACCT6816390,BRANCH22,Omar Unger,ACCT4739370,2025-08-20 21:31:47,noise
debit,150.83,ACCT2845422,BRANCH22,Omar Unger,ACCT4739370,2025-08-19 16:14:27,noise
credit,537.6,ACCT4903427,BRANCH45,Omar Unger,ACCT4739370,2025-08-19 08:35:31,noise
credit,305.33,,BRANCH66,Omar Unger,ACCT4739370,2025-08-18 15:22:27,noise
credit,143.45,,BRANCH22,Omar Unger,ACCT4739370,2025-08-18 10:17:16,noise
credit,806.03,,BRANCH22,Omar Unger,ACCT4739370,2025-08-16 03:17:49,noise
credit,578.52,,BRANCH22,Omar Unger,ACCT4739370,2025-08-14 04:12:10,noise
credit,292.05,,BRANCH38,Omar Unger,ACCT4739370,2025-08-13 19:32:25,noise
debit,869.34,ACCT8479537,BRANCH98,Omar Unger,ACCT4739370,2025-08-12 18:20:40,noise
credit,309.35,,BRANCH22,Omar Unger,ACCT4739370,2025-08-12 23:07:29,noise
credit,254.56,,BRANCH22,Omar Unger,ACCT4739370,2025-08-08 23:14:17,noise
credit,167.4,ACCT3489835,BRANCH22,Omar Unger,ACCT4739370,2025-08-08 12:45:23,noise
credit,590.75,ACCT6816390,BRANCH67,Xin Novak,ACCT2845422,2025-10-03 22:13:43,noise
debit,148.94,,BRANCH67,Xin Novak,ACCT2845422,2025-10-01 10:42:40,noise
debit,2286.38,,BRANCH67,Xin Novak,ACCT2845422,2025-09-29 17:06:33,noise
credit,794.69,,BRANCH67,Xin Novak,ACCT2845422,2025-09-29 19:32:02,noise
credit,357.18,ACCT4194369,BRANCH81,Xin Novak,ACCT2845422,2025-09-27 04:45:04,noise
credit,695.71,,BRANCH67,Xin Novak,ACCT2845422,2025-09-27 09:18:35,noise
credit,869.29,,BRANCH67,Xin Novak,ACCT2845422,2025-09-26 10:39:42,noise
debit,352.95,,BRANCH67,Xin Novak,ACCT2845422,2025-09-25 19:42:42,noise
debit,130.1,ACCT4487540,BRANCH67,Xin Novak,ACCT2845422,2025-09-24 10:01:20,noise
debit,942.29,ACCT6656710,BRANCH67,Xin Novak,ACCT2845422,2025-09-24 08:32:10,noise
debit,329.7,ACCT8479537,BRANCH67,Xin Novak,ACCT2845422,2025-09-23 16:34:45,noise
debit,326.27,ACCT7233427,BRANCH67,Xin Novak,ACCT2845422,2025-09-21 21:27:29,noise
credit,3086.55,,BRANCH67,Xin Novak,ACCT2845422,2025-09-18 13:39:48,noise
debit,2840.64,,BRANCH67,Xin Novak,ACCT2845422,2025-09-17 20:02:46,noise
debit,1374.69,ACCT9283195,BRANCH81,Xin Novak,ACCT2845422,2025-09-17 15:07:05,noise
credit,447.38,,BRANCH99,Xin Novak,ACCT2845422,2025-09-11 19:25:24,noise
debit,987.22,,BRANCH67,Xin Novak,ACCT2845422,2025-09-11 16:43:27,noise
debit,760.58,ACCT6804640,BRANCH66,Xin Novak,ACCT2845422,2025-09-10 13:04:14,noise
debit,1846.26,,BRANCH50,Xin Novak,ACCT2845422,2025-09-10 19:14:36,noise
debit,291.88,,BRANCH21,Xin Novak,ACCT2845422,2025-09-07 09:33:01,noise
credit,318.18,,BRANCH67,Xin Novak,ACCT2845422,2025-09-06 09:36:15,noise
debit,1272.63,,BRANCH67,Xin Novak,ACCT2845422,2025-09-06 16:21:52,noise
credit,871.12,ACCT7046026,BRANCH67,Xin Novak,ACCT2845422,2025-09-05 05:22:49,noise
credit,848.05,ACCT6653295,BRANCH67,Xin Novak,ACCT2845422,2025-08-31 09:34:56,noise
debit,195.64,,BRANCH67,Xin Novak,ACCT2845422,2025-08-29 16:26:44,noise
debit,57.48,,BRANCH67,Xin Novak,ACCT2845422,2025-08-27 20:20:07,noise
debit,952.31,,BRANCH67,Xin Novak,ACCT2845422,2025-08-24 23:30:40,noise
credit,144.67,ACCT6206647,BRANCH67,Xin Novak,ACCT2845422,2025-08-21 09:32:41,noise
debit,301.83,,BRANCH58,Xin Novak,ACCT2845422,2025-08-21 17:38:37,noise
credit,308.29,,BRANCH67,Xin Novak,ACCT2845422,2025-08-20 21:22:24,noise
credit,843.5,,BRANCH67,Xin Novak,ACCT2845422,2025-08-18 13:21:42,noise
debit,1638.2,,BRANCH67,Xin Novak,ACCT2845422,2025-08-14 09:33:21,noise
credit,419.92,ACCT5652078,BRANCH77,Xin Novak,ACCT2845422,2025-08-12 11:36:40,noise
debit,4461.1,,BRANCH67,Xin Novak,ACCT2845422,2025-08-10 02:45:11,noise
credit,718.22,,BRANCH67,Xin Novak,ACCT2845422,2025-08-09 20:40:38,noise
credit,229.72,ACCT7278505,BRANCH81,Xin Novak,ACCT2845422,2025-08-09 13:19:08,noise
debit,198.64,,BRANCH93,Xin Novak,ACCT2845422,2025-08-04 20:03:40,noise
credit,1783.26,ACCT6656710,BRANCH60,Xin Novak,ACCT2845422,2025-08-04 10:30:10,noise
debit,23986.95,ACCT7522765,BRANCH67,Xin Novak,ACCT2845422,2025-11-28 01:45:34,noise
debit,32608.55,ACCT7522765,BRANCH67,Xin Novak,ACCT2845422,2025-12-06 13:16:47,noise
debit,33335.52,ACCT7522765,BRANCH67,Xin Novak,ACCT2845422,2025-11-22 05:29:38,noise
debit,6160.13,ACCT7522765,BRANCH67,Xin Novak,ACCT2845422,2025-12-24 21:43:01,noise
debit,27606.61,ACCT7522765,BRANCH67,Xin Novak,ACCT2845422,2025-12-30 05:38:27,noise
debit,26430.73,ACCT7522765,BRANCH67,Xin Novak,ACCT2845422,2025-12-20 02:48:41,noise
credit,205.23,,BRANCH75,Victor Wei,ACCT4313087,2025-10-01 18:23:35,noise
debit,260.88,,BRANCH55,Victor Wei,ACCT4313087,2025-10-01 22:06:16,noise
debit,225.77,,BRANCH75,Victor Wei,ACCT4313087,2025-09-30 21:07:13,noise
debit,438.69,,BRANCH64,Victor Wei,ACCT4313087,2025-09-29 09:20:10,noise
credit,103.86,ACCT7108627,BRANCH75,Victor Wei,ACCT4313087,2025-09-28 09:10:58,noise
credit,408.35,,BRANCH75,Victor Wei,ACCT4313087,2025-09-27 18:03:36,noise
credit,2193.95,,BRANCH75,Victor Wei,ACCT4313087,2025-09-27 16:44:42,noise
debit,456.61,ACCT5415169,BRANCH75,Victor Wei,ACCT4313087,2025-09-26 08:30:14,noise
debit,471.83,,BRANCH75,Victor Wei,ACCT4313087,2025-09-24 10:08:26,noise
debit,2088.84,,BRANCH75,Victor Wei,ACCT4313087,2025-09-21 09:39:27,noise
debit,764.46,,BRANCH75,Victor Wei,ACCT4313087,2025-09-20 17:02:20,noise
credit,902.23,,BRANCH75,Victor Wei,ACCT4313087,2025-09-17 09:45:43,noise
credit,490.55,,BRANCH75,Victor Wei,ACCT4313087,2025-09-14 22:20:27,noise
debit,325.67,,BRANCH15,Victor Wei,ACCT4313087,2025-09-14 20:06:08,noise
debit,2758.34,,BRANCH75,Victor Wei,ACCT4313087,2025-09-13 11:25:14,noise
debit,371.44,,BRANCH75,Victor Wei,ACCT4313087,2025-09-11 09:29:09,noise
credit,95.74,,BRANCH75,Victor Wei,ACCT4313087,2025-09-07 14:10:05,noise
debit,194.38,,BRANCH75,Victor Wei,ACCT4313087,2025-09-05 20:43:44,noise
debit,1915.0,,BRANCH75,Victor Wei,ACCT4313087,2025-09-02 13:30:11,noise
credit,758.48,ACCT6783469,BRANCH75,Victor Wei,ACCT4313087,2025-09-01 19:41:30,noise
debit,881.35,,BRANCH75,Victor Wei,ACCT4313087,2025-08-29 08:00:15,noise
debit,811.31,,BRANCH63,Victor Wei,ACCT4313087,2025-08-28 17:35:57,noise
credit,2478.33,ACCT7068386,BRANCH75,Victor Wei,ACCT4313087,2025-08-28 11:00:30,noise
credit,371.98,,BRANCH75,Victor Wei,ACCT4313087,2025-08-27 08:30:53,noise
credit,1682.24,,BRANCH75,Victor Wei,ACCT4313087,2025-08-25 15:45:37,noise
credit,8213.21,,BRANCH75,Victor Wei,ACCT4313087,2025-08-25 09:18:26,noise
debit,302.53,,BRANCH92,Victor Wei,ACCT4313087,2025-08-24 23:44:29,noise
credit,1489.11,ACCT4777124,BRANCH75,Victor Wei,ACCT4313087,2025-08-22 23:44:32,noise
credit,239.58,ACCT1771816,BRANCH75,Victor Wei,ACCT4313087,2025-08-21 09:23:12,noise
debit,809.63,,BRANCH75,Victor Wei,ACCT4313087,2025-08-21 17:36:27,noise
debit,2513.36,,BRANCH75,Victor Wei,ACCT4313087,2025-08-18 02:26:31,noise
debit,1773.66,,BRANCH75,Victor Wei,ACCT4313087,2025-08-18 10:18:21,noise
credit,358.73,,BRANCH42,Victor Wei,ACCT4313087,2025-08-16 16:18:34,noise
debit,301.44,ACCT7456052,BRANCH75,Victor Wei,ACCT4313087,2025-08-16 19:08:49,noise
debit,902.59,ACCT3185584,BRANCH75,Victor Wei,ACCT4313087,2025-08-12 19:32:50,noise
debit,236.06,,BRANCH28,Victor Wei,ACCT4313087,2025-08-11 13:25:48,noise
debit,252.04,,BRANCH75,Victor Wei,ACCT4313087,2025-08-10 22:40:37,noise
debit,1122.59,,BRANCH54,Victor Wei,ACCT4313087,2025-08-10 09:41:14,noise
debit,2483.7,,BRANCH51,Victor Wei,ACCT4313087,2025-08-05 17:37:51,noise
debit,237.45,,BRANCH75,Victor Wei,ACCT4313087,2025-08-05 15:45:30,noise
credit,266.33,ACCT6651761,BRANCH60,Ben Kim,ACCT7424847,2025-10-03 23:21:34,noise
credit,865.42,,BRANCH30,Ben Kim,ACCT7424847,2025-10-02 14:01:39,noise
credit,292.09,ACCT2845422,BRANCH71,Ben Kim,ACCT7424847,2025-10-01 12:10:47,noise
debit,4586.18,,BRANCH71,Ben Kim,ACCT7424847,2025-09-30 13:29:36,noise
debit,604.13,,BRANCH51,Ben Kim,ACCT7424847,2025-09-28 10:06:40,noise
debit,1662.31,,BRANCH71,Ben Kim,ACCT7424847,2025-09-26 22:02:58,noise
credit,930.69,,BRANCH71,Ben Kim,ACCT7424847,2025-09-26 14:42:42,noise
credit,771.15,,BRANCH71,Ben Kim,ACCT7424847,2025-09-23 23:28:35,noise
credit,321.84,,BRANCH71,Ben Kim,ACCT7424847,2025-09-21 11:17:06,noise
credit,675.75,,BRANCH71,Ben Kim,ACCT7424847,2025-09-20 11:31:25,noise
credit,523.23,ACCT8417862,BRANCH71,Ben Kim,ACCT7424847,2025-09-14 16:04:33,noise
credit,628.8,ACCT6323013,BRANCH71,Ben Kim,ACCT7424847,2025-09-14 08:21:48,noise
debit,1624.48,ACCT1745945,BRANCH71,Ben Kim,ACCT7424847,2025-09-10 09:29:00,noise
debit,1218.67,,BRANCH61,Ben Kim,ACCT7424847,2025-09-10 13:05:24,noise
credit,5694.09,,BRANCH71,Ben Kim,ACCT7424847,2025-09-09 14:09:19,noise
credit,175.14,ACCT5787130,BRANCH71,Ben Kim,ACCT7424847,2025-09-03 17:06:34,noise
credit,1110.31,,BRANCH71,Ben Kim,ACCT7424847,2025-09-01 15:17:58,noise
debit,543.59,,BRANCH71,Ben Kim,ACCT7424847,2025-08-30 08:37:10,noise
debit,823.26,ACCT9907988,BRANCH13,Ben Kim,ACCT7424847,2025-08-29 21:32:16,noise
credit,192.57,ACCT9061101,BRANCH71,Ben Kim,ACCT7424847,2025-08-25 17:45:14,noise
credit,2363.66,,BRANCH71,Ben Kim,ACCT7424847,2025-08-22 16:02:21,noise
credit,658.01,,BRANCH71,Ben Kim,ACCT7424847,2025-08-22 20:37:32,noise
debit,691.67,,BRANCH36,Ben Kim,ACCT7424847,2025-08-21 11:17:27,noise
credit,1241.01,,BRANCH71,Ben Kim,ACCT7424847,2025-08-20 21:16:24,noise
credit,308.14,,BRANCH52,Ben Kim,ACCT7424847,2025-08-18 15:07:47,noise
debit,1219.35,,BRANCH71,Ben Kim,ACCT7424847,2025-08-18 18:33:00,noise
credit,1021.99,,BRANCH96,Ben Kim,ACCT7424847,2025-08-16 13:01:38,noise
debit,167.7,ACCT1968888,BRANCH90,Ben Kim,ACCT7424847,2025-08-13 18:21:00,noise
credit,269.18,,BRANCH71,Ben Kim,ACCT7424847,2025-08-09 03:38:15,noise
debit,434.66,,BRANCH71,Ben Kim,ACCT7424847,2025-08-06 20:21:09,noise
credit,793.74,,BRANCH71,Ben Kim,ACCT7424847,2025-08-04 17:03:47,noise
credit,568.11,,BRANCH56,Ben Kim,ACCT7424847,2025-08-04 08:16:27,noise
debit,234.78,ACCT1706139,BRANCH56,Jin Chen,ACCT9489758,2025-10-03 17:27:55,noise
credit,2545.61,ACCT4764419,BRANCH56,Jin Chen,ACCT9489758,2025-10-03 08:24:56,noise
credit,5578.05,,BRANCH56,Jin Chen,ACCT9489758,2025-09-27 21:36:54,noise
debit,994.29,,BRANCH56,Jin Chen,ACCT9489758,2025-09-27 15:14:15,noise
credit,270.4,ACCT2094063,BRANCH56,Jin Chen,ACCT9489758,2025-09-25 12:29:50,noise
credit,2788.64,,BRANCH56,Jin Chen,ACCT9489758,2025-09-22 15:19:49,noise
debit,1169.89,,BRANCH28,Jin Chen,ACCT9489758,2025-09-21 13:21:45,noise
credit,1029.08,,BRANCH56,Jin Chen,ACCT9489758,2025-09-20 21:06:05,noise
debit,638.19,,BRANCH56,Jin Chen,ACCT9489758,2025-09-20 14:11:52,noise
credit,303.91,,BRANCH56,Jin Chen,ACCT9489758,2025-09-14 15:30:01,noise
credit,602.65,ACCT9375023,BRANCH56,Jin Chen,ACCT9489758,2025-09-12 03:40:01,noise
credit,622.62,,BRANCH86,Jin Chen,ACCT9489758,2025-09-09 12:26:33,noise
debit,3115.09,,BRANCH56,Jin Chen,ACCT9489758,2025-09-09 19:35:29,noise
debit,2870.1,,BRANCH56,Jin Chen,ACCT9489758,2025-09-06 09:25:57,noise
debit,1849.03,ACCT1771816,BRANCH56,Jin Chen,ACCT9489758,2025-09-05 14:31:25,noise
credit,406.15,,BRANCH56,Jin Chen,ACCT9489758,2025-09-04 09:36:56,noise
credit,124.42,,BRANCH11,Jin Chen,ACCT9489758,2025-09-02 20:45:02,noise
credit,506.89,ACCT6651500,BRANCH56,Jin Chen,ACCT9489758,2025-09-02 18:43:30,noise
debit,915.36,ACCT8304635,BRANCH56,Jin Chen,ACCT9489758,2025-08-27 17:12:06,noise
credit,4688.1,,BRANCH56,Jin Chen,ACCT9489758,2025-08-27 01:43:44,noise
credit,442.77,ACCT2367112,BRANCH56,Jin Chen,ACCT9489758,2025-08-23 18:44:58,noise
debit,627.85,,BRANCH51,Jin Chen,ACCT9489758,2025-08-22 09:23:02,noise
debit,161.42,,BRANCH54,Jin Chen,ACCT9489758,2025-08-21 18:14:16,noise
credit,1626.79,ACCT6806200,BRANCH56,Jin Chen,ACCT9489758,2025-08-20 19:23:58,noise
debit,1749.26,ACCT2635910,BRANCH56,Jin Chen,ACCT9489758,2025-08-20 20:30:15,noise
credit,136.9,,BRANCH56,Jin Chen,ACCT9489758,2025-08-19 14:02:00,noise
credit,430.26,,BRANCH51,Jin Chen,ACCT9489758,2025-08-17 17:14:50,noise
credit,347.44,,BRANCH56,Jin Chen,ACCT9489758,2025-08-17 12:44:41,noise
credit,683.4,,BRANCH29,Jin Chen,ACCT9489758,2025-08-15 19:09:00,noise
credit,490.84,,BRANCH56,Jin Chen,ACCT9489758,2025-08-14 14:39:33,noise
debit,848.59,,BRANCH56,Jin Chen,ACCT9489758,2025-08-13 01:17:34,noise
credit,196.8,ACCT7339022,BRANCH56,Jin Chen,ACCT9489758,2025-08-08 09:22:55,noise
credit,808.62,ACCT4313087,BRANCH56,Jin Chen,ACCT9489758,2025-08-08 18:00:51,noise
debit,170.6,,BRANCH56,Jin Chen,ACCT9489758,2025-08-06 13:22:32,noise
debit,384.39,,BRANCH21,Jin Chen,ACCT9489758,2025-08-04 14:22:22,noise
debit,1132.59,,BRANCH16,Ava Quinn,ACCT2772646,2025-10-01 19:05:47,noise
credit,293.27,,BRANCH45,Ava Quinn,ACCT2772646,2025-09-29 09:24:21,noise
credit,1491.61,,BRANCH51,Ava Quinn,ACCT2772646,2025-09-26 23:42:11,noise
credit,298.9,ACCT6251522,BRANCH51,Ava Quinn,ACCT2772646,2025-09-26 19:13:45,noise
credit,328.12,,BRANCH51,Ava Quinn,ACCT2772646,2025-09-25 20:13:43,noise
debit,388.57,,BRANCH51,Ava Quinn,ACCT2772646,2025-09-24 15:25:28,noise
debit,284.01,ACCT5415169,BRANCH51,Ava Quinn,ACCT2772646,2025-09-23 14:24:11,noise
credit,906.25,,BRANCH51,Ava Quinn,ACCT2772646,2025-09-20 08:30:12,noise
debit,423.5,,BRANCH21,Ava Quinn,ACCT2772646,2025-09-19 16:31:39,noise
credit,754.1,ACCT5165157,BRANCH89,Ava Quinn,ACCT2772646,2025-09-15 11:24:34,noise
debit,205.56,,BRANCH51,Ava Quinn,ACCT2772646,2025-09-15 11:01:50,noise
credit,1976.14,ACCT1205245,BRANCH51,Ava Quinn,ACCT2772646,2025-09-11 19:37:29,noise
debit,1354.78,,BRANCH43,Ava Quinn,ACCT2772646,2025-09-08 13:27:28,noise
debit,281.41,,BRANCH51,Ava Quinn,ACCT2772646,2025-09-08 20:18:45,noise
credit,6189.1,ACCT4162948,BRANCH51,Ava Quinn,ACCT2772646,2025-09-01 03:08:53,noise
debit,671.89,ACCT6653295,BRANCH49,Ava Quinn,ACCT2772646,2025-08-31 14:07:04,noise
credit,1499.4,ACCT1287495,BRANCH51,Ava Quinn,ACCT2772646,2025-08-28 16:12:21,noise
debit,408.42,,BRANCH51,Ava Quinn,ACCT2772646,2025-08-28 19:09:51,noise
debit,1394.6,,BRANCH51,Ava Quinn,ACCT2772646,2025-08-24 10:39:38,noise
debit,608.37,,BRANCH51,Ava Quinn,ACCT2772646,2025-08-22 13:43:05,noise
credit,420.02,,BRANCH36,Ava Quinn,ACCT2772646,2025-08-21 10:16:54,noise
debit,173.6,,BRANCH51,Ava Quinn,ACCT2772646,2025-08-21 14:17:29,noise
credit,2921.84,ACCT3126822,BRANCH30,Ava Quinn,ACCT2772646,2025-08-20 17:45:12,noise
credit,275.26,ACCT2597364,BRANCH44,Ava Quinn,ACCT2772646,2025-08-19 10:42:21,noise
credit,518.32,,BRANCH72,Ava Quinn,ACCT2772646,2025-08-19 23:13:59,noise
debit,1474.77,,BRANCH33,Ava Quinn,ACCT2772646,2025-08-16 15:21:08,noise
credit,67.39,ACCT9375023,BRANCH51,Ava Quinn,ACCT2772646,2025-08-16 17:43:57,noise
debit,1505.47,,BRANCH51,Ava Quinn,ACCT2772646,2025-08-14 22:43:31,noise
credit,1177.73,,BRANCH51,Ava Quinn,ACCT2772646,2025-08-12 08:02:50,noise
credit,1484.1,,BRANCH51,Ava Quinn,ACCT2772646,2025-08-12 17:20:58,noise
debit,926.42,ACCT2537273,BRANCH51,Ava Quinn,ACCT2772646,2025-08-09 11:09:43,noise
credit,704.18,,BRANCH10,Ava Quinn,ACCT2772646,2025-08-09 13:23:06,noise
debit,1490.9,ACCT1152003,BRANCH15,Ava Quinn,ACCT2772646,2025-08-08 15:14:38,noise
debit,631.48,,BRANCH51,Ava Quinn,ACCT2772646,2025-08-06 09:06:34,noise
credit,9140.98,ACCT8458814,BRANCH51,Ava Quinn,ACCT2772646,2025-12-13 21:22:00,noise
credit,9581.03,ACCT3616072,BRANCH51,Ava Quinn,ACCT2772646,2025-12-28 07:25:34,noise
credit,8821.08,ACCT6651761,BRANCH51,Ava Quinn,ACCT2772646,2025-11-19 00:23:31,noise
credit,9292.14,ACCT7956540,BRANCH51,Ava Quinn,ACCT2772646,2025-12-31 11:15:47,noise
credit,9561.15,ACCT1839300,BRANCH51,Ava Quinn,ACCT2772646,2025-12-05 14:02:52,noise
credit,8810.79,ACCT1205245,BRANCH51,Ava Quinn,ACCT2772646,2025-12-21 13:29:33,noise
credit,8962.73,ACCT5505009,BRANCH51,Ava Quinn,ACCT2772646,2025-12-06 00:17:25,noise
credit,9572.62,ACCT9606611,BRANCH51,Ava Quinn,ACCT2772646,2025-12-01 23:22:23,noise
credit,9613.67,ACCT5652078,BRANCH51,Ava Quinn,ACCT2772646,2025-12-19 02:12:00,noise
credit,8906.92,ACCT9061101,BRANCH51,Ava Quinn,ACCT2772646,2025-12-03 08:07:16,noise
credit,9173.59,ACCT9283195,BRANCH51,Ava Quinn,ACCT2772646,2025-12-25 03:20:55,noise
credit,8985.3,ACCT4385928,BRANCH51,Ava Quinn,ACCT2772646,2025-11-23 02:12:49,noise
credit,9649.75,ACCT4353940,BRANCH51,Ava Quinn,ACCT2772646,2025-11-26 21:24:41,noise
credit,1764.99,ACCT7068386,BRANCH63,Kai Brooks,ACCT9375023,2025-09-29 13:40:36,noise
debit,219.37,,BRANCH62,Kai Brooks,ACCT9375023,2025-09-24 18:22:42,noise
credit,943.73,,BRANCH38,Kai Brooks,ACCT9375023,2025-09-24 17:40:09,noise
credit,220.43,,BRANCH38,Kai Brooks,ACCT9375023,2025-09-22 14:24:00,noise
debit,694.62,ACCT5505009,BRANCH38,Kai Brooks,ACCT9375023,2025-09-21 10:35:42,noise
debit,514.15,,BRANCH38,Kai Brooks,ACCT9375023,2025-09-17 11:39:57,noise
debit,1508.03,ACCT6651761,BRANCH91,Kai Brooks,ACCT9375023,2025-09-16 15:42:52,noise
credit,1362.5,ACCT7339022,BRANCH43,Kai Brooks,ACCT9375023,2025-09-15 08:13:29,noise
debit,1070.17,,BRANCH99,Kai Brooks,ACCT9375023,2025-09-12 15:28:41,noise
debit,641.29,ACCT4955388,BRANCH38,Kai Brooks,ACCT9375023,2025-09-08 11:45:06,noise
debit,245.98,,BRANCH38,Kai Brooks,ACCT9375023,2025-09-07 20:17:56,noise
credit,494.47,ACCT5391245,BRANCH40,Kai Brooks,ACCT9375023,2025-09-07 15:14:56,noise
credit,922.64,,BRANCH38,Kai Brooks,ACCT9375023,2025-09-06 02:41:19,noise
credit,666.39,,BRANCH38,Kai Brooks,ACCT9375023,2025-09-06 20:27:16,noise
credit,94.58,,BRANCH14,Kai Brooks,ACCT9375023,2025-09-02 09:43:45,noise
debit,124.96,ACCT6447710,BRANCH38,Kai Brooks,ACCT9375023,2025-09-02 13:00:43,noise
credit,4471.16,,BRANCH41,Kai Brooks,ACCT9375023,2025-09-01 09:36:38,noise
credit,492.44,,BRANCH38,Kai Brooks,ACCT9375023,2025-08-28 02:21:46,noise
debit,712.96,,BRANCH38,Kai Brooks,ACCT9375023,2025-08-27 16:44:40,noise
debit,606.18,ACCT7108627,BRANCH38,Kai Brooks,ACCT9375023,2025-08-27 11:23:28,noise
credit,279.21,,BRANCH38,Kai Brooks,ACCT9375023,2025-08-26 19:24:51,noise
debit,478.95,,BRANCH38,Kai Brooks,ACCT9375023,2025-08-25 16:06:09,noise
credit,125.73,,BRANCH38,Kai Brooks,ACCT9375023,2025-08-24 10:23:57,noise
debit,142.58,,BRANCH90,Kai Brooks,ACCT9375023,2025-08-23 09:00:07,noise
credit,868.05,ACCT8584499,BRANCH38,Kai Brooks,ACCT9375023,2025-08-18 12:39:15,noise
credit,123.85,ACCT4903427,BRANCH38,Kai Brooks,ACCT9375023,2025-08-17 19:37:50,noise
credit,397.53,,BRANCH38,Kai Brooks,ACCT9375023,2025-08-12 12:30:17,noise
debit,107.6,ACCT2635910,BRANCH38,Kai Brooks,ACCT9375023,2025-08-11 08:04:57,noise
debit,413.93,,BRANCH38,Kai Brooks,ACCT9375023,2025-08-11 16:06:36,noise
credit,742.82,,BRANCH38,Kai Brooks,ACCT9375023,2025-08-07 19:30:27,noise
credit,1023.41,ACCT3126822,BRANCH38,Kai Brooks,ACCT9375023,2025-08-05 03:36:11,noise
credit,527.84,,BRANCH38,Kai Brooks,ACCT9375023,2025-08-04 18:28:37,noise
credit,564.91,,BRANCH38,Kai Brooks,ACCT9375023,2025-08-04 03:11:47,noise
credit,730.63,,BRANCH40,Raj Diaz,ACCT2635910,2025-09-30 20:37:40,noise
debit,1580.53,ACCT7874421,BRANCH40,Raj Diaz,ACCT2635910,2025-09-29 19:22:15,noise
debit,443.66,,BRANCH40,Raj Diaz,ACCT2635910,2025-09-28 19:35:40,noise
credit,2029.6,ACCT9826303,BRANCH27,Raj Diaz,ACCT2635910,2025-09-28 13:20:43,noise
debit,3000.0,ACCT1839300,BRANCH40,Raj Diaz,ACCT2635910,2025-09-27 02:26:18,noise
credit,135.59,,BRANCH40,Raj Diaz,ACCT2635910,2025-09-26 22:17:43,noise
credit,195.41,ACCT7522765,BRANCH40,Raj Diaz,ACCT2635910,2025-09-22 10:11:18,noise
debit,1042.16,,BRANCH40,Raj Diaz,ACCT2635910,2025-09-20 09:33:31,noise
credit,1867.98,,BRANCH40,Raj Diaz,ACCT2635910,2025-09-18 16:29:42,noise
debit,182.91,,BRANCH40,Raj Diaz,ACCT2635910,2025-09-18 01:38:31,noise
debit,834.33,,BRANCH34,Raj Diaz,ACCT2635910,2025-09-17 10:41:03,noise
debit,647.12,,BRANCH40,Raj Diaz,ACCT2635910,2025-09-12 20:36:27,noise
credit,630.58,,BRANCH40,Raj Diaz,ACCT2635910,2025-09-12 17:27:23,noise
debit,637.34,,BRANCH40,Raj Diaz,ACCT2635910,2025-09-11 09:14:54,noise
debit,502.25,,BRANCH40,Raj Diaz,ACCT2635910,2025-09-10 17:08:30,noise
debit,809.3,,BRANCH68,Raj Diaz,ACCT2635910,2025-09-09 00:00:14,noise
credit,518.63,,BRANCH90,Raj Diaz,ACCT2635910,2025-09-09 20:19:55,noise
debit,242.84,,BRANCH40,Raj Diaz,ACCT2635910,2025-09-07 12:19:18,noise
debit,278.97,,BRANCH63,Raj Diaz,ACCT2635910,2025-09-07 08:07:02,noise
credit,1456.43,ACCT5173151,BRANCH40,Raj Diaz,ACCT2635910,2025-09-04 20:10:13,noise
credit,1170.08,,BRANCH53,Raj Diaz,ACCT2635910,2025-09-01 10:03:33,noise
credit,599.68,,BRANCH91,Raj Diaz,ACCT2635910,2025-08-31 21:29:53,noise
credit,1491.12,ACCT1784651,BRANCH72,Raj Diaz,ACCT2635910,2025-08-31 02:38:18,noise
credit,151.93,,BRANCH40,Raj Diaz,ACCT2635910,2025-08-28 13:18:16,noise
debit,385.97,,BRANCH40,Raj Diaz,ACCT2635910,2025-08-26 18:10:33,noise
credit,167.83,,BRANCH40,Raj Diaz,ACCT2635910,2025-08-23 09:17:58,noise
debit,563.1,ACCT7068386,BRANCH40,Raj Diaz,ACCT2635910,2025-08-22 09:13:12,noise
debit,577.49,ACCT7565525,BRANCH40,Raj Diaz,ACCT2635910,2025-08-15 20:20:03,noise
credit,1327.69,,BRANCH60,Raj Diaz,ACCT2635910,2025-08-15 12:27:10,noise
credit,370.07,,BRANCH68,Raj Diaz,ACCT2635910,2025-08-13 08:37:40,noise
debit,856.38,,BRANCH40,Raj Diaz,ACCT2635910,2025-08-08 09:40:17,noise
credit,200.11,,BRANCH29,Raj Diaz,ACCT2635910,2025-08-06 17:01:37,noise
credit,438.68,,BRANCH10,Raj Diaz,ACCT2635910,2025-08-05 12:20:02,noise
credit,462.58,,BRANCH40,Raj Diaz,ACCT2635910,2025-08-05 18:20:21,noise
credit,5649.88,,BRANCH67,Raj Diaz,ACCT2635910,2025-08-04 00:00:24,noise
credit,1598.91,,BRANCH40,Raj Diaz,ACCT2635910,2025-08-04 18:11:28,noise
debit,900.31,,BRANCH78,Kai Brooks,ACCT9283195,2025-10-03 23:05:56,noise
credit,825.39,,BRANCH89,Kai Brooks,ACCT9283195,2025-09-30 11:38:35,noise
debit,1313.8,,BRANCH78,Kai Brooks,ACCT9283195,2025-09-26 14:30:07,noise
debit,1211.44,ACCT2367112,BRANCH78,Kai Brooks,ACCT9283195,2025-09-25 02:12:13,noise
credit,2338.3,,BRANCH78,Kai Brooks,ACCT9283195,2025-09-25 16:29:11,noise
credit,1623.98,ACCT9606611,BRANCH78,Kai Brooks,ACCT9283195,2025-09-22 09:05:49,noise
debit,367.28,,BRANCH78,Kai Brooks,ACCT9283195,2025-09-22 19:09:25,noise
debit,376.33,ACCT3616072,BRANCH78,Kai Brooks,ACCT9283195,2025-09-21 20:23:22,noise
debit,1126.84,,BRANCH78,Kai Brooks,ACCT9283195,2025-09-15 22:30:39,noise
credit,4393.17,,BRANCH49,Kai Brooks,ACCT9283195,2025-09-14 18:25:50,noise
credit,759.71,ACCT4983211,BRANCH78,Kai Brooks,ACCT9283195,2025-09-11 00:07:10,noise
debit,480.12,,BRANCH40,Kai Brooks,ACCT9283195,2025-09-11 05:11:53,noise
credit,3546.71,ACCT5451469,BRANCH54,Kai Brooks,ACCT9283195,2025-09-09 14:29:03,noise
debit,1463.93,,BRANCH78,Kai Brooks,ACCT9283195,2025-09-08 09:42:33,noise
debit,677.46,,BRANCH78,Kai Brooks,ACCT9283195,2025-09-05 15:29:15,noise
debit,1231.61,,BRANCH28,Kai Brooks,ACCT9283195,2025-09-05 21:42:41,noise
credit,929.39,,BRANCH52,Kai Brooks,ACCT9283195,2025-09-02 08:15:19,noise
debit,4661.95,,BRANCH78,Kai Brooks,ACCT9283195,2025-09-02 18:21:23,noise
debit,1876.08,,BRANCH66,Kai Brooks,ACCT9283195,2025-08-29 15:39:35,noise
credit,514.26,,BRANCH78,Kai Brooks,ACCT9283195,2025-08-28 17:08:08,noise
credit,1466.53,,BRANCH78,Kai Brooks,ACCT9283195,2025-08-28 11:22:13,noise
debit,891.28,,BRANCH61,Kai Brooks,ACCT9283195,2025-08-27 21:03:50,noise
credit,90.35,,BRANCH47,Kai Brooks,ACCT9283195,2025-08-27 16:26:01,noise
credit,1662.17,,BRANCH78,Kai Brooks,ACCT9283195,2025-08-25 10:00:13,noise
credit,803.7,,BRANCH78,Kai Brooks,ACCT9283195,2025-08-24 09:40:58,noise
credit,972.41,,BRANCH78,Kai Brooks,ACCT9283195,2025-08-24 11:29:26,noise
credit,141.2,ACCT2772646,BRANCH78,Kai Brooks,ACCT9283195,2025-08-23 11:02:49,noise
debit,455.68,,BRANCH78,Kai Brooks,ACCT9283195,2025-08-21 16:39:46,noise
credit,266.36,,BRANCH80,Kai Brooks,ACCT9283195,2025-08-16 10:07:03,noise
credit,1173.1,,BRANCH78,Kai Brooks,ACCT9283195,2025-08-16 09:45:12,noise
debit,1268.93,ACCT2772646,BRANCH78,Kai Brooks,ACCT9283195,2025-08-10 15:33:11,noise
credit,855.17,,BRANCH78,Kai Brooks,ACCT9283195,2025-08-10 16:24:47,noise
debit,1083.87,,BRANCH10,Kai Brooks,ACCT9283195,2025-08-09 12:27:05,noise
debit,376.03,,BRANCH78,Kai Brooks,ACCT9283195,2025-08-07 19:30:01,noise
credit,2054.8,ACCT7874421,BRANCH78,Kai Brooks,ACCT9283195,2025-08-06 09:34:32,noise
debit,206.9,,BRANCH78,Kai Brooks,ACCT9283195,2025-08-05 16:38:11,noise
debit,1010.55,,BRANCH78,Kai Brooks,ACCT9283195,2025-08-04 12:20:33,noise
debit,996.39,ACCT5415169,BRANCH84,Diego Fischer,ACCT2537273,2025-10-02 13:28:09,noise
credit,1033.27,ACCT7339022,BRANCH33,Diego Fischer,ACCT2537273,2025-10-01 17:43:49,noise
credit,777.46,,BRANCH51,Diego Fischer,ACCT2537273,2025-09-30 09:04:48,noise
credit,239.69,,BRANCH33,Diego Fischer,ACCT2537273,2025-09-29 22:33:33,noise
credit,2061.07,ACCT8417862,BRANCH33,Diego Fischer,ACCT2537273,2025-09-29 15:34:49,noise
debit,1068.96,,BRANCH33,Diego Fischer,ACCT2537273,2025-09-28 09:01:21,noise
debit,1485.37,ACCT3995582,BRANCH33,Diego Fischer,ACCT2537273,2025-09-27 14:01:39,noise
debit,719.51,,BRANCH20,Diego Fischer,ACCT2537273,2025-09-26 20:30:59,noise
debit,549.77,,BRANCH42,Diego Fischer,ACCT2537273,2025-09-20 05:36:35,noise
credit,1539.25,,BRANCH33,Diego Fischer,ACCT2537273,2025-09-20 08:04:22,noise
debit,456.58,,BRANCH33,Diego Fischer,ACCT2537273,2025-09-15 02:05:57,noise
credit,171.15,,BRANCH33,Diego Fischer,ACCT2537273,2025-09-15 04:19:33,noise
credit,391.32,,BRANCH33,Diego Fischer,ACCT2537273,2025-09-13 02:25:31,noise
debit,821.16,ACCT3425461,BRANCH33,Diego Fischer,ACCT2537273,2025-09-05 16:08:29,noise
credit,1060.21,ACCT6318538,BRANCH33,Diego Fischer,ACCT2537273,2025-09-03 08:02:30,noise
debit,917.74,,BRANCH33,Diego Fischer,ACCT2537273,2025-08-29 09:04:17,noise
debit,149.2,,BRANCH57,Diego Fischer,ACCT2537273,2025-08-29 08:39:34,noise
debit,1007.09,,BRANCH55,Diego Fischer,ACCT2537273,2025-08-26 12:06:37,noise
credit,297.11,,BRANCH58,Diego Fischer,ACCT2537273,2025-08-18 18:31:52,noise
debit,337.13,,BRANCH33,Diego Fischer,ACCT2537273,2025-08-14 20:23:45,noise
debit,1708.31,,BRANCH33,Diego Fischer,ACCT2537273,2025-08-14 15:45:21,noise
credit,314.94,,BRANCH33,Diego Fischer,ACCT2537273,2025-08-12 18:24:18,noise
credit,473.8,,BRANCH33,Diego Fischer,ACCT2537273,2025-08-11 11:15:11,noise
credit,1127.76,,BRANCH35,Diego Fischer,ACCT2537273,2025-08-11 00:20:42,noise
debit,791.07,,BRANCH66,Diego Fischer,ACCT2537273,2025-08-08 13:15:18,noise
credit,2662.32,,BRANCH33,Diego Fischer,ACCT2537273,2025-08-04 14:32:24,noise
credit,13035.78,ACCT6783469,BRANCH64,Kai Tanaka,ACCT3616072,2025-12-11 02:22:06,noise
credit,8476.83,ACCT8304635,BRANCH64,Kai Tanaka,ACCT3616072,2025-12-22 08:09:40,noise
credit,14841.0,ACCT8603968,BRANCH64,Kai Tanaka,ACCT3616072,2025-11-29 17:10:31,noise
credit,9016.56,ACCT4194369,BRANCH64,Kai Tanaka,ACCT3616072,2025-11-29 23:30:15,noise
credit,9426.35,ACCT3185584,BRANCH64,Kai Tanaka,ACCT3616072,2025-11-29 17:05:35,noise
credit,13964.5,ACCT4983211,BRANCH64,Kai Tanaka,ACCT3616072,2025-12-23 21:22:29,noise
credit,16160.32,ACCT4385928,BRANCH64,Kai Tanaka,ACCT3616072,2025-11-22 05:27:56,noise
credit,9889.12,ACCT4764419,BRANCH64,Kai Tanaka,ACCT3616072,2025-12-10 08:17:21,noise
debit,1012.53,,BRANCH58,Yara Duarte,ACCT6816390,2025-10-03 13:37:10,noise
debit,325.06,,BRANCH83,Yara Duarte,ACCT6816390,2025-10-02 16:03:42,noise
debit,734.96,ACCT3995582,BRANCH83,Yara Duarte,ACCT6816390,2025-09-30 01:18:50,noise
debit,154.8,,BRANCH45,Yara Duarte,ACCT6816390,2025-09-28 10:22:33,noise
debit,503.61,,BRANCH83,Yara Duarte,ACCT6816390,2025-09-28 18:01:25,noise
debit,435.12,,BRANCH40,Yara Duarte,ACCT6816390,2025-09-27 02:13:56,noise
debit,110.38,,BRANCH83,Yara Duarte,ACCT6816390,2025-09-24 16:12:04,noise
debit,888.43,,BRANCH90,Yara Duarte,ACCT6816390,2025-09-22 15:02:52,noise
debit,162.12,,BRANCH83,Yara Duarte,ACCT6816390,2025-09-19 08:37:07,noise
debit,673.77,,BRANCH83,Yara Duarte,ACCT6816390,2025-09-17 20:27:13,noise
credit,424.73,,BRANCH83,Yara Duarte,ACCT6816390,2025-09-08 08:16:02,noise
debit,198.88,,BRANCH50,Yara Duarte,ACCT6816390,2025-09-07 19:13:51,noise
credit,848.58,,BRANCH83,Yara Duarte,ACCT6816390,2025-09-07 14:37:43,noise
debit,276.29,,BRANCH83,Yara Duarte,ACCT6816390,2025-09-06 14:20:29,noise
debit,254.28,,BRANCH83,Yara Duarte,ACCT6816390,2025-09-05 00:42:50,noise
credit,294.66,,BRANCH83,Yara Duarte,ACCT6816390,2025-09-03 14:26:19,noise
debit,154.37,,BRANCH83,Yara Duarte,ACCT6816390,2025-08-27 11:38:04,noise
debit,898.64,ACCT4764419,BRANCH11,Yara Duarte,ACCT6816390,2025-08-27 18:20:57,noise
debit,2926.54,ACCT8458814,BRANCH83,Yara Duarte,ACCT6816390,2025-08-26 05:06:06,noise
credit,197.59,ACCT9061101,BRANCH83,Yara Duarte,ACCT6816390,2025-08-26 15:14:38,noise
credit,249.23,,BRANCH83,Yara Duarte,ACCT6816390,2025-08-25 18:33:42,noise
credit,184.61,ACCT7956540,BRANCH83,Yara Duarte,ACCT6816390,2025-08-20 15:06:07,noise
debit,1029.86,,BRANCH83,Yara Duarte,ACCT6816390,2025-08-19 13:02:27,noise
debit,1303.72,,BRANCH83,Yara Duarte,ACCT6816390,2025-08-17 17:44:30,noise
debit,1324.63,,BRANCH83,Yara Duarte,ACCT6816390,2025-08-12 11:12:30,noise
credit,553.72,,BRANCH83,Yara Duarte,ACCT6816390,2025-08-11 08:34:47,noise
credit,692.38,,BRANCH16,Yara Duarte,ACCT6816390,2025-08-07 11:02:25,noise
debit,437.58,,BRANCH83,Yara Duarte,ACCT6816390,2025-08-06 22:33:13,noise
credit,208.24,,BRANCH83,Yara Duarte,ACCT6816390,2025-08-06 10:22:12,noise
debit,239.02,,BRANCH85,Yara Duarte,ACCT6816390,2025-08-04 21:13:08,noise
credit,1267.84,,BRANCH69,Ana Diaz,ACCT9606611,2025-09-30 23:05:47,noise
debit,740.12,ACCT7339022,BRANCH69,Ana Diaz,ACCT9606611,2025-09-28 15:18:16,noise
credit,317.46,,BRANCH43,Ana Diaz,ACCT9606611,2025-09-27 13:20:39,noise
debit,492.44,,BRANCH69,Ana Diaz,ACCT9606611,2025-09-26 05:02:48,noise
credit,481.42,ACCT8603968,BRANCH48,Ana Diaz,ACCT9606611,2025-09-21 15:18:15,noise
credit,1232.27,ACCT4983211,BRANCH66,Ana Diaz,ACCT9606611,2025-09-21 14:08:23,noise
debit,908.9,,BRANCH69,Ana Diaz,ACCT9606611,2025-09-18 16:39:11,noise
credit,907.47,,BRANCH69,Ana Diaz,ACCT9606611,2025-09-18 19:20:26,noise
debit,1406.81,,BRANCH69,Ana Diaz,ACCT9606611,2025-09-15 14:00:49,noise
debit,400.77,,BRANCH69,Ana Diaz,ACCT9606611,2025-09-09 13:41:16,noise
debit,422.69,,BRANCH69,Ana Diaz,ACCT9606611,2025-09-05 09:09:23,noise
credit,1026.13,,BRANCH69,Ana Diaz,ACCT9606611,2025-09-02 19:28:04,noise
debit,281.31,,BRANCH69,Ana Diaz,ACCT9606611,2025-09-02 08:23:53,noise
credit,4029.37,ACCT7565525,BRANCH21,Ana Diaz,ACCT9606611,2025-09-01 08:20:00,noise
debit,6981.48,,BRANCH11,Ana Diaz,ACCT9606611,2025-08-30 20:40:44,noise
debit,491.7,,BRANCH69,Ana Diaz,ACCT9606611,2025-08-24 01:38:49,noise
debit,534.79,ACCT2772646,BRANCH69,Ana Diaz,ACCT9606611,2025-08-23 18:29:37,noise
debit,894.55,,BRANCH69,Ana Diaz,ACCT9606611,2025-08-18 17:45:44,noise
credit,2642.5,,BRANCH97,Ana Diaz,ACCT9606611,2025-08-15 16:25:50,noise
credit,1331.47,,BRANCH69,Ana Diaz,ACCT9606611,2025-08-13 22:38:51,noise
debit,295.66,,BRANCH69,Ana Diaz,ACCT9606611,2025-08-12 15:36:53,noise
debit,165.23,,BRANCH72,Ana Diaz,ACCT9606611,2025-08-11 12:41:07,noise
debit,874.41,ACCT4903427,BRANCH15,Ana Diaz,ACCT9606611,2025-08-11 16:39:08,noise
credit,228.03,,BRANCH33,Ana Diaz,ACCT9606611,2025-08-10 01:03:08,noise
debit,399.49,,BRANCH69,Ana Diaz,ACCT9606611,2025-08-08 12:00:59,noise
credit,529.24,,BRANCH69,Ana Diaz,ACCT9606611,2025-08-07 03:19:53,noise
debit,661.17,,BRANCH63,Ana Diaz,ACCT9606611,2025-08-04 12:28:43,noise
debit,852.63,,BRANCH69,Ana Diaz,ACCT9606611,2025-08-04 05:00:17,noise
debit,323.72,ACCT1784651,BRANCH33,Nia Iqbal,ACCT7019631,2025-10-02 13:44:52,noise
debit,3000.0,ACCT9907988,BRANCH33,Nia Iqbal,ACCT7019631,2025-10-01 08:31:03,noise
debit,580.31,,BRANCH73,Nia Iqbal,ACCT7019631,2025-09-30 16:26:46,noise
debit,272.25,,BRANCH33,Nia Iqbal,ACCT7019631,2025-09-29 12:18:58,noise
credit,1068.96,,BRANCH33,Nia Iqbal,ACCT7019631,2025-09-27 19:07:51,noise
credit,950.61,,BRANCH52,Nia Iqbal,ACCT7019631,2025-09-27 08:24:08,noise
credit,757.34,,BRANCH33,Nia Iqbal,ACCT7019631,2025-09-23 17:32:53,noise
debit,801.76,,BRANCH33,Nia Iqbal,ACCT7019631,2025-09-22 18:08:39,noise
credit,509.5,ACCT6783469,BRANCH33,Nia Iqbal,ACCT7019631,2025-09-18 08:34:04,noise
debit,273.75,,BRANCH33,Nia Iqbal,ACCT7019631,2025-09-18 14:26:13,noise
credit,1640.14,,BRANCH33,Nia Iqbal,ACCT7019631,2025-09-17 16:44:09,noise
credit,803.68,,BRANCH33,Nia Iqbal,ACCT7019631,2025-09-17 14:28:03,noise
debit,1896.48,ACCT5787130,BRANCH33,Nia Iqbal,ACCT7019631,2025-09-16 23:40:26,noise
credit,1748.49,ACCT9472621,BRANCH33,Nia Iqbal,ACCT7019631,2025-09-16 17:13:25,noise
debit,36.24,,BRANCH33,Nia Iqbal,ACCT7019631,2025-09-15 19:00:28,noise
credit,668.81,,BRANCH49,Nia Iqbal,ACCT7019631,2025-09-12 20:42:24,noise
debit,1433.8,ACCT2748184,BRANCH33,Nia Iqbal,ACCT7019631,2025-09-12 11:10:03,noise
debit,372.42,,BRANCH33,Nia Iqbal,ACCT7019631,2025-09-11 20:33:30,noise
credit,623.94,,BRANCH33,Nia Iqbal,ACCT7019631,2025-09-10 20:37:03,noise
debit,257.42,ACCT6865653,BRANCH13,Nia Iqbal,ACCT7019631,2025-09-07 18:33:51,noise
debit,699.14,,BRANCH33,Nia Iqbal,ACCT7019631,2025-09-07 09:43:27,noise
debit,521.04,,BRANCH33,Nia Iqbal,ACCT7019631,2025-09-06 10:33:24,noise
credit,5952.46,,BRANCH33,Nia Iqbal,ACCT7019631,2025-09-06 16:26:35,noise
credit,356.17,ACCT4266719,BRANCH33,Nia Iqbal,ACCT7019631,2025-08-31 16:45:19,noise
credit,664.55,,BRANCH50,Nia Iqbal,ACCT7019631,2025-08-29 14:30:13,noise
debit,1731.61,,BRANCH33,Nia Iqbal,ACCT7019631,2025-08-26 14:12:39,noise
debit,360.67,,BRANCH58,Nia Iqbal,ACCT7019631,2025-08-25 23:09:42,noise
credit,868.46,,BRANCH33,Nia Iqbal,ACCT7019631,2025-08-24 22:40:15,noise
debit,174.74,,BRANCH33,Nia Iqbal,ACCT7019631,2025-08-23 01:35:06,noise
credit,339.43,,BRANCH85,Nia Iqbal,ACCT7019631,2025-08-22 18:33:35,noise
credit,1300.13,ACCT3616072,BRANCH10,Nia Iqbal,ACCT7019631,2025-08-21 16:33:07,noise
credit,528.94,,BRANCH33,Nia Iqbal,ACCT7019631,2025-08-21 19:15:13,noise
debit,2026.56,,BRANCH33,Nia Iqbal,ACCT7019631,2025-08-17 16:23:35,noise
credit,1220.99,,BRANCH20,Nia Iqbal,ACCT7019631,2025-08-14 08:37:02,noise
debit,390.64,ACCT8417862,BRANCH65,Nia Iqbal,ACCT7019631,2025-08-09 22:03:51,noise
credit,809.01,,BRANCH93,Nia Iqbal,ACCT7019631,2025-08-09 05:07:47,noise
debit,1388.27,,BRANCH33,Nia Iqbal,ACCT7019631,2025-08-07 09:00:39,noise
credit,897.47,,BRANCH33,Nia Iqbal,ACCT7019631,2025-08-07 11:21:20,noise
debit,447.72,ACCT9749800,BRANCH33,Nia Iqbal,ACCT7019631,2025-08-05 13:35:35,noise
debit,714.9,,BRANCH35,Nia Iqbal,ACCT7019631,2025-08-05 19:43:34,noise
debit,183.33,ACCT9375023,BRANCH38,Ravi Carlos,ACCT8458814,2025-10-02 12:00:36,noise
debit,308.94,ACCT7956540,BRANCH42,Ravi Carlos,ACCT8458814,2025-10-02 01:08:45,noise
debit,796.93,ACCT6923329,BRANCH42,Ravi Carlos,ACCT8458814,2025-09-30 13:36:50,noise
debit,560.08,,BRANCH42,Ravi Carlos,ACCT8458814,2025-09-30 01:19:04,noise
debit,4420.76,,BRANCH42,Ravi Carlos,ACCT8458814,2025-09-29 17:37:10,noise
credit,1067.73,ACCT6816390,BRANCH42,Ravi Carlos,ACCT8458814,2025-09-29 04:00:33,noise
credit,229.23,ACCT2056282,BRANCH42,Ravi Carlos,ACCT8458814,2025-09-27 16:18:08,noise
credit,232.55,,BRANCH48,Ravi Carlos,ACCT8458814,2025-09-25 16:44:25,noise
credit,3165.53,,BRANCH42,Ravi Carlos,ACCT8458814,2025-09-23 22:13:42,noise
credit,1297.78,,BRANCH68,Ravi Carlos,ACCT8458814,2025-09-21 02:26:32,noise
debit,2283.22,,BRANCH42,Ravi Carlos,ACCT8458814,2025-09-18 14:01:10,noise
credit,897.57,,BRANCH42,Ravi Carlos,ACCT8458814,2025-09-17 12:42:46,noise
credit,379.22,ACCT6804640,BRANCH42,Ravi Carlos,ACCT8458814,2025-09-16 16:40:07,noise
credit,795.98,,BRANCH42,Ravi Carlos,ACCT8458814,2025-09-16 08:25:34,noise
debit,524.51,,BRANCH42,Ravi Carlos,ACCT8458814,2025-09-15 23:02:35,noise
credit,93.26,,BRANCH10,Ravi Carlos,ACCT8458814,2025-09-14 14:02:56,noise
credit,346.02,,BRANCH42,Ravi Carlos,ACCT8458814,2025-09-12 14:06:17,noise
credit,1272.63,,BRANCH42,Ravi Carlos,ACCT8458814,2025-09-11 10:38:09,noise
debit,1343.57,,BRANCH42,Ravi Carlos,ACCT8458814,2025-09-10 16:00:03,noise
credit,65.49,ACCT2367112,BRANCH42,Ravi Carlos,ACCT8458814,2025-09-07 15:24:59,noise
debit,133.67,,BRANCH42,Ravi Carlos,ACCT8458814,2025-09-06 10:35:32,noise
debit,139.17,ACCT6923329,BRANCH42,Ravi Carlos,ACCT8458814,2025-09-06 03:02:48,noise
debit,2313.24,,BRANCH42,Ravi Carlos,ACCT8458814,2025-08-31 20:13:25,noise
credit,895.95,ACCT5173151,BRANCH70,Ravi Carlos,ACCT8458814,2025-08-31 16:39:59,noise
credit,2629.63,,BRANCH42,Ravi Carlos,ACCT8458814,2025-08-29 10:30:40,noise
credit,205.3,,BRANCH42,Ravi Carlos,ACCT8458814,2025-08-27 14:35:53,noise
debit,270.98,,BRANCH36,Ravi Carlos,ACCT8458814,2025-08-23 22:44:54,noise
credit,178.99,ACCT6447710,BRANCH66,Ravi Carlos,ACCT8458814,2025-08-20 04:05:16,noise
credit,1451.27,ACCT4903427,BRANCH42,Ravi Carlos,ACCT8458814,2025-08-18 17:21:19,noise
debit,217.96,,BRANCH42,Ravi Carlos,ACCT8458814,2025-08-15 13:43:22,noise
debit,3669.13,,BRANCH42,Ravi Carlos,ACCT8458814,2025-08-11 17:34:50,noise
debit,873.43,,BRANCH81,Ravi Carlos,ACCT8458814,2025-08-10 08:40:55,noise
debit,949.97,,BRANCH42,Ravi Carlos,ACCT8458814,2025-08-09 19:35:47,noise
debit,8206.53,,BRANCH42,Ravi Carlos,ACCT8458814,2025-08-09 17:26:37,noise
credit,307.66,,BRANCH95,Ravi Carlos,ACCT8458814,2025-08-08 16:34:56,noise
credit,1620.6,,BRANCH15,Ravi Carlos,ACCT8458814,2025-08-08 19:35:22,noise
credit,382.72,,BRANCH42,Ravi Carlos,ACCT8458814,2025-08-04 15:02:20,noise
credit,826.34,,BRANCH42,Ravi Carlos,ACCT8458814,2025-08-04 12:26:00,noise
debit,196.64,ACCT2056282,BRANCH19,Tomas Meyer,ACCT4775386,2025-10-03 18:00:13,noise
credit,906.57,ACCT6447710,BRANCH19,Tomas Meyer,ACCT4775386,2025-10-03 09:36:56,noise
credit,1093.27,,BRANCH19,Tomas Meyer,ACCT4775386,2025-10-02 13:00:07,noise
debit,2951.71,,BRANCH47,Tomas Meyer,ACCT4775386,2025-09-27 12:13:21,noise
credit,1598.38,ACCT4266719,BRANCH19,Tomas Meyer,ACCT4775386,2025-09-26 13:26:21,noise
credit,844.44,,BRANCH19,Tomas Meyer,ACCT4775386,2025-09-26 16:01:18,noise
credit,158.35,,BRANCH19,Tomas Meyer,ACCT4775386,2025-09-25 12:12:58,noise
debit,143.08,,BRANCH19,Tomas Meyer,ACCT4775386,2025-09-24 17:22:00,noise
debit,644.82,,BRANCH19,Tomas Meyer,ACCT4775386,2025-09-17 14:10:46,noise
debit,342.34,,BRANCH19,Tomas Meyer,ACCT4775386,2025-09-17 17:14:01,noise
debit,2843.89,,BRANCH19,Tomas Meyer,ACCT4775386,2025-09-15 12:16:16,noise
credit,369.74,,BRANCH19,Tomas Meyer,ACCT4775386,2025-09-15 12:26:41,noise
credit,353.37,ACCT5909096,BRANCH30,Tomas Meyer,ACCT4775386,2025-09-14 18:20:24,noise
debit,1718.6,,BRANCH19,Tomas Meyer,ACCT4775386,2025-09-14 14:36:20,noise
credit,695.18,,BRANCH75,Tomas Meyer,ACCT4775386,2025-09-06 10:07:18,noise
debit,353.1,,BRANCH19,Tomas Meyer,ACCT4775386,2025-09-06 16:10:15,noise
debit,505.18,,BRANCH19,Tomas Meyer,ACCT4775386,2025-08-27 22:45:41,noise
debit,477.87,,BRANCH19,Tomas Meyer,ACCT4775386,2025-08-26 02:27:25,noise
credit,636.12,,BRANCH19,Tomas Meyer,ACCT4775386,2025-08-22 20:19:35,noise
credit,587.41,,BRANCH19,Tomas Meyer,ACCT4775386,2025-08-17 15:08:09,noise
credit,269.28,,BRANCH19,Tomas Meyer,ACCT4775386,2025-08-16 11:20:35,noise
debit,1074.04,,BRANCH19,Tomas Meyer,ACCT4775386,2025-08-12 08:00:17,noise
debit,962.62,,BRANCH89,Tomas Meyer,ACCT4775386,2025-08-12 09:43:33,noise
debit,352.06,,BRANCH19,Tomas Meyer,ACCT4775386,2025-08-11 20:45:47,noise
debit,1697.35,,BRANCH19,Tomas Meyer,ACCT4775386,2025-08-10 13:22:39,noise
debit,1676.88,ACCT2432980,BRANCH65,Tomas Meyer,ACCT4775386,2025-08-06 08:07:34,noise
debit,546.48,ACCT7864743,BRANCH79,Omar ElSayed,ACCT4127141,2025-10-03 23:16:56,noise
debit,375.38,,BRANCH36,Omar ElSayed,ACCT4127141,2025-10-02 19:37:03,noise
credit,3796.4,ACCT6318538,BRANCH46,Omar ElSayed,ACCT4127141,2025-10-01 04:31:28,noise
debit,2018.74,,BRANCH79,Omar ElSayed,ACCT4127141,2025-09-28 08:21:43,noise
debit,520.03,,BRANCH79,Omar ElSayed,ACCT4127141,2025-09-25 05:44:04,noise
credit,406.96,ACCT2367112,BRANCH79,Omar ElSayed,ACCT4127141,2025-09-23 17:05:23,noise
debit,554.91,ACCT2597364,BRANCH70,Omar ElSayed,ACCT4127141,2025-09-22 16:09:18,noise
credit,2361.03,,BRANCH76,Omar ElSayed,ACCT4127141,2025-09-21 09:41:39,noise
debit,487.37,,BRANCH79,Omar ElSayed,ACCT4127141,2025-09-20 15:34:32,noise
credit,698.17,,BRANCH79,Omar ElSayed,ACCT4127141,2025-09-20 04:15:09,noise
debit,286.16,,BRANCH42,Omar ElSayed,ACCT4127141,2025-09-18 13:20:49,noise
credit,741.54,,BRANCH12,Omar ElSayed,ACCT4127141,2025-09-17 10:08:25,noise
debit,473.03,ACCT5165157,BRANCH79,Omar ElSayed,ACCT4127141,2025-09-17 13:34:24,noise
debit,819.34,,BRANCH93,Omar ElSayed,ACCT4127141,2025-09-16 09:05:35,noise
debit,71.11,ACCT6653295,BRANCH79,Omar ElSayed,ACCT4127141,2025-09-15 11:39:00,noise
debit,924.78,ACCT2845422,BRANCH79,Omar ElSayed,ACCT4127141,2025-09-13 11:08:43,noise
debit,838.88,,BRANCH79,Omar ElSayed,ACCT4127141,2025-09-12 09:06:29,noise
credit,596.32,ACCT4983211,BRANCH79,Omar ElSayed,ACCT4127141,2025-09-12 12:18:32,noise
credit,4958.61,ACCT8828441,BRANCH21,Omar ElSayed,ACCT4127141,2025-09-05 13:36:18,noise
debit,199.08,,BRANCH79,Omar ElSayed,ACCT4127141,2025-09-04 20:30:07,noise
debit,1973.75,,BRANCH79,Omar ElSayed,ACCT4127141,2025-08-31 08:41:36,noise
debit,231.67,,BRANCH18,Omar ElSayed,ACCT4127141,2025-08-31 20:07:42,noise
credit,362.39,ACCT9375023,BRANCH69,Omar ElSayed,ACCT4127141,2025-08-30 14:33:26,noise
debit,3229.58,,BRANCH79,Omar ElSayed,ACCT4127141,2025-08-30 11:01:12,noise
credit,1057.7,,BRANCH51,Omar ElSayed,ACCT4127141,2025-08-29 13:39:49,noise
debit,361.85,,BRANCH79,Omar ElSayed,ACCT4127141,2025-08-28 22:30:38,noise
credit,1325.99,ACCT5652078,BRANCH79,Omar ElSayed,ACCT4127141,2025-08-28 08:14:41,noise
debit,1603.0,,BRANCH79,Omar ElSayed,ACCT4127141,2025-08-27 12:07:29,noise
credit,531.11,,BRANCH79,Omar ElSayed,ACCT4127141,2025-08-27 08:20:02,noise
credit,487.27,,BRANCH39,Omar ElSayed,ACCT4127141,2025-08-26 13:15:02,noise
debit,168.51,,BRANCH41,Omar ElSayed,ACCT4127141,2025-08-24 02:06:13,noise
debit,447.6,,BRANCH79,Omar ElSayed,ACCT4127141,2025-08-21 13:23:14,noise
credit,624.85,,BRANCH84,Omar ElSayed,ACCT4127141,2025-08-18 22:35:12,noise
debit,1237.81,,BRANCH79,Omar ElSayed,ACCT4127141,2025-08-14 10:44:47,noise
credit,969.11,ACCT9489758,BRANCH79,Omar ElSayed,ACCT4127141,2025-08-14 09:29:40,noise
debit,1063.07,,BRANCH86,Omar ElSayed,ACCT4127141,2025-08-11 19:03:48,noise
credit,1104.42,ACCT9749800,BRANCH67,Omar ElSayed,ACCT4127141,2025-08-09 13:03:21,noise
credit,175.22,,BRANCH79,Omar ElSayed,ACCT4127141,2025-08-07 10:44:07,noise
debit,752.11,ACCT7565525,BRANCH54,Ravi Yamamoto,ACCT7956540,2025-10-03 12:05:55,noise
credit,137.24,ACCT1706139,BRANCH74,Ravi Yamamoto,ACCT7956540,2025-10-02 23:44:28,noise
debit,1149.59,,BRANCH60,Ravi Yamamoto,ACCT7956540,2025-09-29 20:36:23,noise
credit,198.41,,BRANCH54,Ravi Yamamoto,ACCT7956540,2025-09-28 17:13:40,noise
credit,329.86,,BRANCH54,Ravi Yamamoto,ACCT7956540,2025-09-27 12:21:07,noise
credit,1646.84,,BRANCH54,Ravi Yamamoto,ACCT7956540,2025-09-26 19:08:41,noise
debit,1528.54,,BRANCH54,Ravi Yamamoto,ACCT7956540,2025-09-23 03:39:21,noise
credit,1089.79,,BRANCH54,Ravi Yamamoto,ACCT7956540,2025-09-22 23:04:28,noise
debit,241.53,ACCT6656710,BRANCH54,Ravi Yamamoto,ACCT7956540,2025-09-22 19:05:34,noise
credit,1222.59,ACCT4764419,BRANCH54,Ravi Yamamoto,ACCT7956540,2025-09-19 00:23:26,noise
credit,413.06,,BRANCH54,Ravi Yamamoto,ACCT7956540,2025-09-17 16:00:02,noise
credit,357.32,,BRANCH54,Ravi Yamamoto,ACCT7956540,2025-09-14 12:27:08,noise
debit,1621.65,,BRANCH54,Ravi Yamamoto,ACCT7956540,2025-09-13 10:13:24,noise
credit,422.44,,BRANCH54,Ravi Yamamoto,ACCT7956540,2025-09-10 09:43:23,noise
debit,381.51,,BRANCH57,Ravi Yamamoto,ACCT7956540,2025-09-10 12:42:09,noise
debit,57.28,,BRANCH54,Ravi Yamamoto,ACCT7956540,2025-09-08 16:10:46,noise
debit,422.16,,BRANCH54,Ravi Yamamoto,ACCT7956540,2025-09-07 13:00:07,noise
debit,621.1,,BRANCH43,Ravi Yamamoto,ACCT7956540,2025-09-07 20:20:32,noise
debit,123.61,,BRANCH54,Ravi Yamamoto,ACCT7956540,2025-09-04 18:38:45,noise
debit,444.53,,BRANCH66,Ravi Yamamoto,ACCT7956540,2025-09-04 01:01:58,noise
credit,1721.64,ACCT2056282,BRANCH54,Ravi Yamamoto,ACCT7956540,2025-09-03 13:00:23,noise
debit,1568.92,,BRANCH54,Ravi Yamamoto,ACCT7956540,2025-09-02 19:14:51,noise
debit,1202.91,ACCT4983211,BRANCH58,Ravi Yamamoto,ACCT7956540,2025-08-31 20:10:19,noise
credit,3130.71,ACCT7233427,BRANCH47,Ravi Yamamoto,ACCT7956540,2025-08-31 20:10:13,noise
credit,917.2,,BRANCH54,Ravi Yamamoto,ACCT7956540,2025-08-30 10:16:45,noise
credit,182.57,,BRANCH72,Ravi Yamamoto,ACCT7956540,2025-08-30 12:35:31,noise
credit,2372.56,ACCT5652078,BRANCH54,Ravi Yamamoto,ACCT7956540,2025-08-29 11:30:57,noise
credit,779.19,ACCT1968888,BRANCH62,Ravi Yamamoto,ACCT7956540,2025-08-28 12:42:36,noise
debit,1201.7,,BRANCH54,Ravi Yamamoto,ACCT7956540,2025-08-27 17:36:51,noise
credit,128.75,,BRANCH54,Ravi Yamamoto,ACCT7956540,2025-08-27 19:00:06,noise
credit,516.13,,BRANCH50,Ravi Yamamoto,ACCT7956540,2025-08-25 10:05:29,noise
debit,489.13,,BRANCH76,Ravi Yamamoto,ACCT7956540,2025-08-23 10:18:18,noise
credit,231.65,,BRANCH54,Ravi Yamamoto,ACCT7956540,2025-08-21 20:45:57,noise
credit,728.88,ACCT8479537,BRANCH90,Ravi Yamamoto,ACCT7956540,2025-08-21 13:13:57,noise
debit,1041.8,,BRANCH47,Ravi Yamamoto,ACCT7956540,2025-08-18 16:03:51,noise
credit,651.82,ACCT2845422,BRANCH72,Ravi Yamamoto,ACCT7956540,2025-08-17 15:19:00,noise
credit,3198.29,ACCT1509176,BRANCH62,Ravi Yamamoto,ACCT7956540,2025-08-16 14:19:37,noise
debit,1048.39,,BRANCH54,Ravi Yamamoto,ACCT7956540,2025-08-14 19:02:14,noise
debit,945.44,,BRANCH54,Ravi Yamamoto,ACCT7956540,2025-08-10 11:43:28,noise
debit,411.27,ACCT4313087,BRANCH54,Ravi Yamamoto,ACCT7956540,2025-08-07 18:37:35,noise
debit,175.42,,BRANCH54,Ravi Yamamoto,ACCT7956540,2025-08-06 12:04:20,noise
credit,1064.28,ACCT2867597,BRANCH93,Ravi Yamamoto,ACCT7956540,2025-08-06 09:31:36,noise
debit,588.68,,BRANCH33,Ravi Yamamoto,ACCT7956540,2025-08-05 18:38:35,noise
debit,244.67,,BRANCH50,Uma Unger,ACCT5165157,2025-10-03 12:33:28,noise
debit,4068.63,,BRANCH50,Uma Unger,ACCT5165157,2025-10-03 14:04:56,noise
debit,928.49,ACCT6653295,BRANCH27,Uma Unger,ACCT5165157,2025-09-30 08:13:42,noise
debit,325.29,,BRANCH44,Uma Unger,ACCT5165157,2025-09-28 11:17:12,noise
debit,548.35,,BRANCH30,Uma Unger,ACCT5165157,2025-09-24 17:27:37,noise
debit,863.73,,BRANCH50,Uma Unger,ACCT5165157,2025-09-23 17:40:41,noise
credit,1625.36,,BRANCH50,Uma Unger,ACCT5165157,2025-09-22 17:29:51,noise
credit,494.4,,BRANCH50,Uma Unger,ACCT5165157,2025-09-21 18:06:17,noise
debit,382.64,,BRANCH50,Uma Unger,ACCT5165157,2025-09-16 03:05:10,noise
credit,1959.67,ACCT9826303,BRANCH28,Uma Unger,ACCT5165157,2025-09-16 17:08:34,noise
credit,411.46,ACCT6656710,BRANCH50,Uma Unger,ACCT5165157,2025-09-15 04:28:12,noise
debit,305.8,ACCT5652078,BRANCH53,Uma Unger,ACCT5165157,2025-09-14 19:22:45,noise
debit,431.23,ACCT1287495,BRANCH38,Uma Unger,ACCT5165157,2025-09-12 08:12:52,noise
debit,1473.77,ACCT2748184,BRANCH50,Uma Unger,ACCT5165157,2025-09-12 19:00:09,noise
credit,724.84,,BRANCH91,Uma Unger,ACCT5165157,2025-09-11 19:36:00,noise
debit,471.06,,BRANCH71,Uma Unger,ACCT5165157,2025-09-11 14:00:17,noise
credit,590.45,,BRANCH50,Uma Unger,ACCT5165157,2025-09-09 12:29:35,noise
credit,583.95,,BRANCH15,Uma Unger,ACCT5165157,2025-09-06 18:05:00,noise
debit,693.64,,BRANCH86,Uma Unger,ACCT5165157,2025-09-04 11:33:59,noise
debit,2181.43,,BRANCH50,Uma Unger,ACCT5165157,2025-09-03 17:03:23,noise
debit,1541.84,,BRANCH50,Uma Unger,ACCT5165157,2025-09-01 08:45:54,noise
credit,363.66,,BRANCH50,Uma Unger,ACCT5165157,2025-08-28 09:39:52,noise
debit,389.91,ACCT4903427,BRANCH50,Uma Unger,ACCT5165157,2025-08-25 12:02:14,noise
debit,593.78,ACCT9489758,BRANCH88,Uma Unger,ACCT5165157,2025-08-23 17:18:26,noise
credit,310.24,ACCT1921428,BRANCH50,Uma Unger,ACCT5165157,2025-08-21 04:14:45,noise
credit,759.64,,BRANCH50,Uma Unger,ACCT5165157,2025-08-17 08:06:02,noise
debit,409.04,,BRANCH50,Uma Unger,ACCT5165157,2025-08-16 08:12:35,noise
credit,445.19,,BRANCH90,Uma Unger,ACCT5165157,2025-08-16 19:35:25,noise
debit,8323.24,,BRANCH50,Uma Unger,ACCT5165157,2025-08-15 23:21:07,noise
debit,1361.37,ACCT9472621,BRANCH97,Uma Unger,ACCT5165157,2025-08-14 09:11:46,noise
credit,1966.17,,BRANCH50,Uma Unger,ACCT5165157,2025-08-14 13:04:33,noise
debit,965.34,ACCT6653295,BRANCH50,Uma Unger,ACCT5165157,2025-08-12 00:15:39,noise
debit,2199.59,,BRANCH50,Uma Unger,ACCT5165157,2025-08-11 17:33:34,noise
credit,1810.44,,BRANCH50,Uma Unger,ACCT5165157,2025-08-08 10:07:40,noise
credit,857.15,,BRANCH50,Uma Unger,ACCT5165157,2025-08-07 21:10:45,noise
credit,3140.9,,BRANCH27,Tomas Vargas,ACCT5391245,2025-10-03 20:04:11,noise
credit,864.36,ACCT3185584,BRANCH27,Tomas Vargas,ACCT5391245,2025-10-03 09:41:34,noise
credit,1541.94,,BRANCH27,Tomas Vargas,ACCT5391245,2025-10-02 00:17:35,noise
credit,1440.17,,BRANCH54,Tomas Vargas,ACCT5391245,2025-10-01 14:13:14,noise
credit,244.11,,BRANCH27,Tomas Vargas,ACCT5391245,2025-09-30 22:42:40,noise
debit,4339.58,,BRANCH27,Tomas Vargas,ACCT5391245,2025-09-30 19:00:48,noise
debit,890.21,,BRANCH27,Tomas Vargas,ACCT5391245,2025-09-29 16:28:13,noise
debit,1238.59,ACCT5415169,BRANCH27,Tomas Vargas,ACCT5391245,2025-09-23 12:43:11,noise
credit,892.18,ACCT7141300,BRANCH27,Tomas Vargas,ACCT5391245,2025-09-20 11:28:43,noise
credit,1978.73,,BRANCH27,Tomas Vargas,ACCT5391245,2025-09-10 18:11:36,noise
credit,3304.93,,BRANCH83,Tomas Vargas,ACCT5391245,2025-09-10 08:24:39,noise
debit,678.11,,BRANCH27,Tomas Vargas,ACCT5391245,2025-09-09 14:38:58,noise
credit,350.17,,BRANCH27,Tomas Vargas,ACCT5391245,2025-09-09 08:45:50,noise
credit,1862.86,,BRANCH57,Tomas Vargas,ACCT5391245,2025-09-08 00:01:56,noise
credit,179.83,,BRANCH31,Tomas Vargas,ACCT5391245,2025-09-08 19:13:36,noise
credit,1037.4,ACCT9749800,BRANCH27,Tomas Vargas,ACCT5391245,2025-09-05 13:01:48,noise
debit,364.8,,BRANCH92,Tomas Vargas,ACCT5391245,2025-09-04 12:21:57,noise
debit,80.8,ACCT4162948,BRANCH27,Tomas Vargas,ACCT5391245,2025-09-01 23:39:11,noise
credit,44.72,,BRANCH20,Tomas Vargas,ACCT5391245,2025-08-31 14:04:25,noise
debit,371.11,,BRANCH27,Tomas Vargas,ACCT5391245,2025-08-29 14:27:22,noise
debit,1119.15,,BRANCH27,Tomas Vargas,ACCT5391245,2025-08-29 14:13:10,noise
debit,764.27,,BRANCH24,Tomas Vargas,ACCT5391245,2025-08-28 15:01:41,noise
debit,336.49,,BRANCH95,Tomas Vargas,ACCT5391245,2025-08-27 18:44:59,noise
credit,1803.45,,BRANCH27,Tomas Vargas,ACCT5391245,2025-08-27 14:12:17,noise
credit,2271.48,,BRANCH27,Tomas Vargas,ACCT5391245,2025-08-25 13:01:37,noise
debit,771.77,,BRANCH27,Tomas Vargas,ACCT5391245,2025-08-23 09:40:53,noise
credit,377.3,,BRANCH27,Tomas Vargas,ACCT5391245,2025-08-23 20:30:35,noise
credit,1945.33,,BRANCH27,Tomas Vargas,ACCT5391245,2025-08-22 13:31:02,noise
debit,329.91,ACCT4313087,BRANCH27,Tomas Vargas,ACCT5391245,2025-08-22 05:30:37,noise
credit,356.57,ACCT8584499,BRANCH27,Tomas Vargas,ACCT5391245,2025-08-21 22:14:27,noise
credit,1589.99,ACCT5415169,BRANCH27,Tomas Vargas,ACCT5391245,2025-08-20 10:20:40,noise
credit,2390.58,,BRANCH51,Tomas Vargas,ACCT5391245,2025-08-19 05:05:18,noise
credit,560.87,,BRANCH27,Tomas Vargas,ACCT5391245,2025-08-18 19:27:48,noise
credit,829.86,,BRANCH27,Tomas Vargas,ACCT5391245,2025-08-18 22:02:56,noise
debit,290.4,ACCT4983211,BRANCH27,Tomas Vargas,ACCT5391245,2025-08-16 20:09:14,noise
credit,202.01,,BRANCH27,Tomas Vargas,ACCT5391245,2025-08-16 05:01:40,noise
credit,1592.32,ACCT1968888,BRANCH64,Tomas Vargas,ACCT5391245,2025-08-15 19:39:02,noise
debit,658.65,ACCT9749800,BRANCH27,Tomas Vargas,ACCT5391245,2025-08-15 12:43:56,noise
debit,1260.96,,BRANCH16,Tomas Vargas,ACCT5391245,2025-08-14 13:33:12,noise
credit,544.78,,BRANCH85,Tomas Vargas,ACCT5391245,2025-08-14 01:20:46,noise
debit,134.85,,BRANCH27,Tomas Vargas,ACCT5391245,2025-08-13 14:45:53,noise
credit,1054.87,,BRANCH47,Tomas Vargas,ACCT5391245,2025-08-13 20:20:55,noise
debit,535.9,,BRANCH27,Tomas Vargas,ACCT5391245,2025-08-11 18:20:13,noise
debit,674.69,,BRANCH27,Tomas Vargas,ACCT5391245,2025-08-10 18:43:35,noise
credit,232.87,ACCT3995582,BRANCH45,Tomas Vargas,ACCT5391245,2025-08-10 17:15:29,noise
credit,413.32,ACCT4487540,BRANCH27,Tomas Vargas,ACCT5391245,2025-08-09 17:14:12,noise
credit,560.36,ACCT4983211,BRANCH36,Tomas Vargas,ACCT5391245,2025-08-07 19:21:57,noise
debit,1705.15,,BRANCH60,Tomas Vargas,ACCT5391245,2025-08-07 17:39:05,noise
debit,998.48,,BRANCH27,Tomas Vargas,ACCT5391245,2025-08-05 10:21:15,noise
debit,599.21,ACCT5909096,BRANCH37,Tomas Vargas,ACCT5391245,2025-08-04 20:24:45,noise
credit,789.65,,BRANCH61,Ravi Bakker,ACCT5505009,2025-10-02 16:22:57,noise
debit,68.68,,BRANCH14,Ravi Bakker,ACCT5505009,2025-10-01 08:10:51,noise
debit,388.92,,BRANCH21,Ravi Bakker,ACCT5505009,2025-09-30 11:22:27,noise
credit,658.56,,BRANCH41,Ravi Bakker,ACCT5505009,2025-09-30 02:28:47,noise
debit,535.19,,BRANCH76,Ravi Bakker,ACCT5505009,2025-09-28 16:35:45,noise
credit,172.66,,BRANCH76,Ravi Bakker,ACCT5505009,2025-09-28 18:14:55,noise
debit,286.78,,BRANCH30,Ravi Bakker,ACCT5505009,2025-09-26 13:16:19,noise
credit,695.11,ACCT7019631,BRANCH76,Ravi Bakker,ACCT5505009,2025-09-26 09:27:42,noise
debit,496.08,ACCT3425461,BRANCH21,Ravi Bakker,ACCT5505009,2025-09-25 22:09:38,noise
debit,2005.51,,BRANCH58,Ravi Bakker,ACCT5505009,2025-09-22 16:37:02,noise
credit,1742.87,ACCT2748184,BRANCH76,Ravi Bakker,ACCT5505009,2025-09-22 13:30:47,noise
debit,328.39,,BRANCH93,Ravi Bakker,ACCT5505009,2025-09-19 17:03:47,noise
debit,105.11,ACCT1839300,BRANCH76,Ravi Bakker,ACCT5505009,2025-09-19 11:30:48,noise
debit,2826.69,,BRANCH76,Ravi Bakker,ACCT5505009,2025-09-18 19:33:43,noise
credit,3369.86,,BRANCH76,Ravi Bakker,ACCT5505009,2025-09-17 12:32:34,noise
debit,641.06,,BRANCH76,Ravi Bakker,ACCT5505009,2025-09-17 15:31:49,noise
credit,464.32,,BRANCH76,Ravi Bakker,ACCT5505009,2025-09-14 16:08:48,noise
debit,443.11,,BRANCH76,Ravi Bakker,ACCT5505009,2025-09-14 16:27:41,noise
debit,542.0,,BRANCH76,Ravi Bakker,ACCT5505009,2025-09-13 16:26:18,noise
credit,1914.94,,BRANCH69,Ravi Bakker,ACCT5505009,2025-09-10 21:23:11,noise
credit,3062.16,,BRANCH34,Ravi Bakker,ACCT5505009,2025-09-07 23:04:36,noise
credit,703.64,,BRANCH18,Ravi Bakker,ACCT5505009,2025-09-05 11:17:39,noise
debit,438.98,,BRANCH76,Ravi Bakker,ACCT5505009,2025-09-04 17:27:07,noise
credit,4162.66,,BRANCH76,Ravi Bakker,ACCT5505009,2025-09-04 19:18:10,noise
credit,528.59,,BRANCH76,Ravi Bakker,ACCT5505009,2025-09-02 08:13:26,noise
credit,1322.92,,BRANCH76,Ravi Bakker,ACCT5505009,2025-09-02 15:24:57,noise
debit,808.18,ACCT2597364,BRANCH76,Ravi Bakker,ACCT5505009,2025-09-01 11:22:45,noise
debit,742.26,,BRANCH76,Ravi Bakker,ACCT5505009,2025-08-29 20:41:35,noise
credit,536.11,ACCT5451469,BRANCH48,Ravi Bakker,ACCT5505009,2025-08-27 11:40:05,noise
credit,523.41,,BRANCH76,Ravi Bakker,ACCT5505009,2025-08-26 13:19:56,noise
debit,1798.03,,BRANCH76,Ravi Bakker,ACCT5505009,2025-08-16 04:08:10,noise
credit,4625.83,,BRANCH64,Ravi Bakker,ACCT5505009,2025-08-16 14:01:06,noise
credit,2287.02,,BRANCH76,Ravi Bakker,ACCT5505009,2025-08-14 19:27:38,noise
credit,839.25,ACCT7565525,BRANCH76,Ravi Bakker,ACCT5505009,2025-08-13 19:02:39,noise
credit,1390.49,,BRANCH76,Ravi Bakker,ACCT5505009,2025-08-13 10:10:50,noise
debit,570.89,,BRANCH76,Ravi Bakker,ACCT5505009,2025-08-12 14:15:32,noise
debit,304.76,,BRANCH47,Ravi Bakker,ACCT5505009,2025-08-11 15:16:38,noise
credit,1203.53,,BRANCH76,Ravi Bakker,ACCT5505009,2025-08-09 18:22:09,noise
credit,768.2,,BRANCH65,Ravi Bakker,ACCT5505009,2025-08-08 02:16:26,noise
credit,1125.92,ACCT1287495,BRANCH76,Ravi Bakker,ACCT5505009,2025-12-28 02:02:29,noise
credit,2060.55,ACCT1968888,BRANCH76,Ravi Bakker,ACCT5505009,2025-12-28 08:29:26,noise
credit,2360.66,ACCT1968888,BRANCH76,Ravi Bakker,ACCT5505009,2025-12-28 02:10:28,noise
credit,2347.62,ACCT7565525,BRANCH76,Ravi Bakker,ACCT5505009,2025-12-28 02:06:44,noise
credit,1104.13,ACCT7233427,BRANCH76,Ravi Bakker,ACCT5505009,2025-12-28 22:08:47,noise
credit,1056.4,ACCT9606611,BRANCH76,Ravi Bakker,ACCT5505009,2025-12-28 22:27:39,noise
credit,2338.84,ACCT9283195,BRANCH76,Ravi Bakker,ACCT5505009,2025-12-28 06:22:16,noise
credit,2360.65,ACCT5451469,BRANCH76,Ravi Bakker,ACCT5505009,2025-12-28 04:05:21,noise
debit,1362.18,ACCT9283195,BRANCH76,Ravi Bakker,ACCT5505009,2025-12-29 10:09:25,noise
debit,906.87,ACCT2748184,BRANCH76,Ravi Bakker,ACCT5505009,2025-12-29 08:16:46,noise
debit,1245.13,ACCT6865653,BRANCH76,Ravi Bakker,ACCT5505009,2025-12-29 09:03:52,noise
debit,1033.11,ACCT4903427,BRANCH76,Ravi Bakker,ACCT5505009,2025-12-29 09:19:21,noise
debit,534.54,ACCT6206647,BRANCH76,Ravi Bakker,ACCT5505009,2025-12-29 22:23:33,noise
debit,836.96,ACCT6804640,BRANCH76,Ravi Bakker,ACCT5505009,2025-12-29 04:07:03,noise
debit,1399.11,ACCT1205245,BRANCH76,Ravi Bakker,ACCT5505009,2025-12-29 11:24:12,noise
debit,1309.73,ACCT1784651,BRANCH76,Ravi Bakker,ACCT5505009,2025-12-29 07:30:44,noise
debit,1678.11,ACCT7522765,BRANCH76,Ravi Bakker,ACCT5505009,2025-12-29 23:06:22,noise
debit,1538.56,ACCT7565525,BRANCH76,Ravi Bakker,ACCT5505009,2025-12-29 17:23:47,noise
debit,546.27,ACCT2867597,BRANCH76,Ravi Bakker,ACCT5505009,2025-12-29 01:18:30,noise
debit,1016.14,,BRANCH98,Raj Alvarez,ACCT8584499,2025-10-02 11:15:15,noise
credit,99.76,ACCT1771816,BRANCH36,Raj Alvarez,ACCT8584499,2025-10-02 10:42:27,noise
credit,1005.05,,BRANCH50,Raj Alvarez,ACCT8584499,2025-09-30 20:16:30,noise
debit,594.34,,BRANCH36,Raj Alvarez,ACCT8584499,2025-09-27 10:01:38,noise
credit,1772.91,,BRANCH36,Raj Alvarez,ACCT8584499,2025-09-25 14:15:53,noise
debit,1101.02,ACCT2942611,BRANCH36,Raj Alvarez,ACCT8584499,2025-09-21 21:10:03,noise
debit,723.02,,BRANCH36,Raj Alvarez,ACCT8584499,2025-09-21 17:45:51,noise
debit,644.2,ACCT5391245,BRANCH36,Raj Alvarez,ACCT8584499,2025-09-20 17:31:08,noise
debit,870.1,ACCT1784651,BRANCH36,Raj Alvarez,ACCT8584499,2025-09-19 09:03:25,noise
debit,1125.49,,BRANCH59,Raj Alvarez,ACCT8584499,2025-09-15 02:01:48,noise
credit,3111.74,ACCT2367112,BRANCH70,Raj Alvarez,ACCT8584499,2025-09-15 15:02:22,noise
debit,259.02,,BRANCH36,Raj Alvarez,ACCT8584499,2025-09-13 14:26:49,noise
credit,1609.11,,BRANCH36,Raj Alvarez,ACCT8584499,2025-09-10 16:43:40,noise
debit,347.59,,BRANCH36,Raj Alvarez,ACCT8584499,2025-09-10 09:38:55,noise
credit,313.58,,BRANCH89,Raj Alvarez,ACCT8584499,2025-09-09 12:41:25,noise
debit,483.47,ACCT5787130,BRANCH36,Raj Alvarez,ACCT8584499,2025-09-09 13:44:54,noise
credit,134.48,ACCT4688588,BRANCH79,Raj Alvarez,ACCT8584499,2025-09-06 09:30:47,noise
credit,928.0,ACCT9472621,BRANCH25,Raj Alvarez,ACCT8584499,2025-09-06 16:42:18,noise
credit,1201.33,ACCT4777124,BRANCH36,Raj Alvarez,ACCT8584499,2025-09-04 17:04:24,noise
debit,6712.32,,BRANCH36,Raj Alvarez,ACCT8584499,2025-08-31 13:05:22,noise
debit,368.93,ACCT2432980,BRANCH36,Raj Alvarez,ACCT8584499,2025-08-31 10:24:03,noise
credit,346.62,,BRANCH36,Raj Alvarez,ACCT8584499,2025-08-27 19:25:34,noise
credit,207.76,ACCT4487540,BRANCH36,Raj Alvarez,ACCT8584499,2025-08-27 09:41:44,noise
credit,1440.24,,BRANCH36,Raj Alvarez,ACCT8584499,2025-08-24 22:32:30,noise
debit,270.97,,BRANCH36,Raj Alvarez,ACCT8584499,2025-08-24 11:36:25,noise
debit,363.32,ACCT6206647,BRANCH16,Raj Alvarez,ACCT8584499,2025-08-22 22:12:52,noise
debit,135.38,,BRANCH20,Raj Alvarez,ACCT8584499,2025-08-22 10:19:54,noise
debit,1088.49,,BRANCH36,Raj Alvarez,ACCT8584499,2025-08-21 10:44:43,noise
credit,1018.85,ACCT8603968,BRANCH36,Raj Alvarez,ACCT8584499,2025-08-18 08:42:00,noise
debit,1068.78,,BRANCH36,Raj Alvarez,ACCT8584499,2025-08-16 18:43:31,noise
debit,85.26,,BRANCH36,Raj Alvarez,ACCT8584499,2025-08-13 20:21:22,noise
debit,1976.65,,BRANCH30,Raj Alvarez,ACCT8584499,2025-08-13 23:43:24,noise
credit,258.48,ACCT1205245,BRANCH36,Raj Alvarez,ACCT8584499,2025-08-12 10:00:39,noise
credit,2207.49,,BRANCH36,Raj Alvarez,ACCT8584499,2025-08-11 20:05:31,noise
debit,59.75,,BRANCH29,Raj Alvarez,ACCT8584499,2025-08-11 16:40:19,noise
credit,1068.39,,BRANCH60,Raj Alvarez,ACCT8584499,2025-08-06 17:18:09,noise
credit,1234.45,ACCT6865653,BRANCH36,Raj Alvarez,ACCT8584499,2025-08-06 21:30:37,noise
debit,4294.98,,BRANCH84,Raj Alvarez,ACCT8584499,2025-08-05 16:01:42,noise
credit,1220.53,ACCT5173151,BRANCH79,Wes Carlos,ACCT7339022,2025-09-30 12:45:45,noise
debit,1708.31,,BRANCH79,Wes Carlos,ACCT7339022,2025-09-26 19:26:20,noise
debit,5610.8,,BRANCH79,Wes Carlos,ACCT7339022,2025-09-25 14:39:33,noise
debit,2501.14,,BRANCH61,Wes Carlos,ACCT7339022,2025-09-22 20:35:38,noise
credit,147.31,ACCT7893150,BRANCH79,Wes Carlos,ACCT7339022,2025-09-21 12:20:41,noise
credit,1573.36,,BRANCH57,Wes Carlos,ACCT7339022,2025-09-21 17:16:32,noise
credit,185.52,,BRANCH79,Wes Carlos,ACCT7339022,2025-09-18 13:01:15,noise
credit,469.18,,BRANCH79,Wes Carlos,ACCT7339022,2025-09-18 08:33:43,noise
debit,1140.48,,BRANCH86,Wes Carlos,ACCT7339022,2025-09-17 23:15:39,noise
credit,405.94,ACCT2367112,BRANCH79,Wes Carlos,ACCT7339022,2025-09-17 20:16:27,noise
credit,399.21,ACCT3185584,BRANCH79,Wes Carlos,ACCT7339022,2025-09-13 11:16:13,noise
debit,3000.0,ACCT4487540,BRANCH79,Wes Carlos,ACCT7339022,2025-09-09 23:34:07,noise
debit,335.69,ACCT4688588,BRANCH16,Wes Carlos,ACCT7339022,2025-09-09 10:30:56,noise
debit,441.02,ACCT5035280,BRANCH79,Wes Carlos,ACCT7339022,2025-09-03 18:30:36,noise
debit,805.91,,BRANCH79,Wes Carlos,ACCT7339022,2025-08-30 17:19:06,noise
credit,1183.19,ACCT1921428,BRANCH26,Wes Carlos,ACCT7339022,2025-08-28 05:19:14,noise
credit,791.45,ACCT7522765,BRANCH79,Wes Carlos,ACCT7339022,2025-08-18 15:10:05,noise
debit,3000.0,ACCT1771816,BRANCH79,Wes Carlos,ACCT7339022,2025-08-16 08:19:00,noise
credit,590.44,,BRANCH32,Wes Carlos,ACCT7339022,2025-08-16 18:28:05,noise
debit,1981.46,ACCT4487540,BRANCH79,Wes Carlos,ACCT7339022,2025-08-14 11:04:50,noise
credit,373.31,,BRANCH74,Wes Carlos,ACCT7339022,2025-08-10 20:39:24,noise
credit,428.71,,BRANCH79,Wes Carlos,ACCT7339022,2025-08-08 13:06:17,noise
credit,213.79,,BRANCH84,Wes Carlos,ACCT7339022,2025-08-05 15:13:59,noise
debit,352.99,,BRANCH79,Wes Carlos,ACCT7339022,2025-08-05 16:01:22,noise
credit,560.29,ACCT6318538,BRANCH79,Wes Carlos,ACCT7339022,2025-08-04 16:41:49,noise
credit,3831.09,,BRANCH43,Wes Yamamoto,ACCT2891156,2025-10-02 23:24:45,noise
credit,579.32,,BRANCH78,Wes Yamamoto,ACCT2891156,2025-10-01 12:19:20,noise
credit,590.14,ACCT5909096,BRANCH43,Wes Yamamoto,ACCT2891156,2025-10-01 15:04:19,noise
credit,685.93,,BRANCH43,Wes Yamamoto,ACCT2891156,2025-09-29 03:12:30,noise
credit,1386.73,ACCT7874421,BRANCH49,Wes Yamamoto,ACCT2891156,2025-09-27 10:18:18,noise
credit,254.22,,BRANCH45,Wes Yamamoto,ACCT2891156,2025-09-26 10:30:17,noise
debit,247.64,,BRANCH96,Wes Yamamoto,ACCT2891156,2025-09-25 08:19:46,noise
debit,1802.72,,BRANCH43,Wes Yamamoto,ACCT2891156,2025-09-25 15:03:31,noise
debit,8351.54,,BRANCH57,Wes Yamamoto,ACCT2891156,2025-09-24 13:45:27,noise
credit,267.19,ACCT8304635,BRANCH43,Wes Yamamoto,ACCT2891156,2025-09-24 09:12:43,noise
debit,164.84,,BRANCH43,Wes Yamamoto,ACCT2891156,2025-09-20 00:05:18,noise
credit,772.16,,BRANCH43,Wes Yamamoto,ACCT2891156,2025-09-19 16:39:57,noise
credit,315.15,ACCT7108627,BRANCH43,Wes Yamamoto,ACCT2891156,2025-09-13 18:19:51,noise
debit,1009.89,ACCT7141300,BRANCH43,Wes Yamamoto,ACCT2891156,2025-09-10 23:12:23,noise
credit,847.57,,BRANCH70,Wes Yamamoto,ACCT2891156,2025-09-09 05:14:03,noise
credit,134.38,,BRANCH31,Wes Yamamoto,ACCT2891156,2025-09-04 13:39:21,noise
debit,118.59,,BRANCH43,Wes Yamamoto,ACCT2891156,2025-08-28 19:45:25,noise
debit,665.45,,BRANCH43,Wes Yamamoto,ACCT2891156,2025-08-26 09:35:37,noise
credit,1723.35,,BRANCH43,Wes Yamamoto,ACCT2891156,2025-08-22 19:42:09,noise
debit,200.14,ACCT2748184,BRANCH43,Wes Yamamoto,ACCT2891156,2025-08-22 15:36:16,noise
credit,426.92,ACCT8129193,BRANCH98,Wes Yamamoto,ACCT2891156,2025-08-17 12:15:59,noise
debit,285.41,,BRANCH43,Wes Yamamoto,ACCT2891156,2025-08-17 15:40:11,noise
debit,1738.19,ACCT4903427,BRANCH43,Wes Yamamoto,ACCT2891156,2025-08-16 14:27:43,noise
debit,1418.59,,BRANCH53,Wes Yamamoto,ACCT2891156,2025-08-15 19:12:04,noise
credit,266.68,ACCT6865653,BRANCH43,Wes Yamamoto,ACCT2891156,2025-08-13 10:07:03,noise
debit,569.03,ACCT7864743,BRANCH43,Wes Yamamoto,ACCT2891156,2025-08-13 22:36:18,noise
debit,867.84,,BRANCH43,Wes Yamamoto,ACCT2891156,2025-08-09 17:29:31,noise
debit,633.18,,BRANCH96,Wes Yamamoto,ACCT2891156,2025-08-08 16:37:36,noise
debit,220.53,,BRANCH43,Wes Yamamoto,ACCT2891156,2025-08-08 10:06:32,noise
credit,2910.85,,BRANCH63,Wes Yamamoto,ACCT2891156,2025-08-07 15:37:15,noise
credit,1284.29,,BRANCH43,Wes Yamamoto,ACCT2891156,2025-08-07 11:37:29,noise
debit,277.01,,BRANCH43,Wes Yamamoto,ACCT2891156,2025-08-06 09:31:27,noise
credit,177.86,ACCT2635910,BRANCH84,Ben Okafor,ACCT6251522,2025-09-30 11:40:01,noise
debit,709.47,,BRANCH84,Ben Okafor,ACCT6251522,2025-09-28 16:39:08,noise
credit,1550.15,ACCT6323013,BRANCH59,Ben Okafor,ACCT6251522,2025-09-26 00:08:34,noise
debit,323.96,,BRANCH21,Ben Okafor,ACCT6251522,2025-09-25 23:03:53,noise
debit,338.33,,BRANCH84,Ben Okafor,ACCT6251522,2025-09-24 17:17:09,noise
credit,1807.45,,BRANCH84,Ben Okafor,ACCT6251522,2025-09-22 08:03:45,noise
credit,608.73,,BRANCH84,Ben Okafor,ACCT6251522,2025-09-20 18:14:05,noise
credit,446.65,,BRANCH84,Ben Okafor,ACCT6251522,2025-09-20 13:27:38,noise
credit,2584.58,,BRANCH84,Ben Okafor,ACCT6251522,2025-09-19 08:18:39,noise
debit,328.97,ACCT7108627,BRANCH84,Ben Okafor,ACCT6251522,2025-09-18 00:39:10,noise
credit,384.7,,BRANCH84,Ben Okafor,ACCT6251522,2025-09-14 10:14:29,noise
debit,1106.69,,BRANCH41,Ben Okafor,ACCT6251522,2025-09-13 10:15:28,noise
debit,1764.8,,BRANCH28,Ben Okafor,ACCT6251522,2025-09-13 09:38:38,noise
credit,645.81,,BRANCH27,Ben Okafor,ACCT6251522,2025-09-12 10:25:25,noise
debit,157.24,,BRANCH27,Ben Okafor,ACCT6251522,2025-09-11 15:08:51,noise
credit,161.87,ACCT5173151,BRANCH41,Ben Okafor,ACCT6251522,2025-09-10 04:03:09,noise
debit,102.56,ACCT7068386,BRANCH84,Ben Okafor,ACCT6251522,2025-08-28 09:22:07,noise
credit,1848.36,,BRANCH84,Ben Okafor,ACCT6251522,2025-08-28 10:45:58,noise
credit,1095.86,ACCT6651761,BRANCH58,Ben Okafor,ACCT6251522,2025-08-27 18:09:45,noise
credit,3615.28,,BRANCH84,Ben Okafor,ACCT6251522,2025-08-27 17:41:27,noise
debit,2269.96,,BRANCH84,Ben Okafor,ACCT6251522,2025-08-25 12:38:20,noise
credit,349.46,,BRANCH84,Ben Okafor,ACCT6251522,2025-08-22 11:40:49,noise
credit,1090.33,ACCT8603968,BRANCH84,Ben Okafor,ACCT6251522,2025-08-20 09:27:53,noise
debit,352.49,ACCT6865653,BRANCH98,Ben Okafor,ACCT6251522,2025-08-20 09:00:27,noise
debit,1452.77,,BRANCH84,Ben Okafor,ACCT6251522,2025-08-16 16:25:11,noise
credit,776.64,,BRANCH84,Ben Okafor,ACCT6251522,2025-08-13 15:10:03,noise
credit,248.83,ACCT4777124,BRANCH84,Ben Okafor,ACCT6251522,2025-08-11 08:37:45,noise
debit,405.64,ACCT8458814,BRANCH84,Ben Okafor,ACCT6251522,2025-08-11 22:11:40,noise
credit,352.55,,BRANCH84,Ben Okafor,ACCT6251522,2025-08-09 10:26:23,noise
debit,893.88,ACCT7874421,BRANCH84,Ben Okafor,ACCT6251522,2025-08-08 16:22:46,noise
debit,1203.43,,BRANCH84,Ben Okafor,ACCT6251522,2025-08-07 04:35:21,noise
debit,282.94,ACCT2942611,BRANCH84,Ben Okafor,ACCT6251522,2025-08-06 09:13:34,noise
credit,240.04,,BRANCH34,Ben Okafor,ACCT6251522,2025-08-05 12:29:55,noise
credit,760.88,,BRANCH84,Ben Okafor,ACCT6251522,2025-08-04 08:28:37,noise
debit,3030.39,,BRANCH13,Ana ElSayed,ACCT5035280,2025-09-29 20:38:54,noise
debit,493.46,,BRANCH48,Ana ElSayed,ACCT5035280,2025-09-29 16:45:41,noise
credit,914.27,,BRANCH48,Ana ElSayed,ACCT5035280,2025-09-28 04:39:37,noise
credit,1362.27,,BRANCH48,Ana ElSayed,ACCT5035280,2025-09-26 16:37:30,noise
debit,667.14,,BRANCH48,Ana ElSayed,ACCT5035280,2025-09-24 04:04:49,noise
debit,2081.44,,BRANCH48,Ana ElSayed,ACCT5035280,2025-09-24 04:33:46,noise
credit,1414.75,ACCT6653295,BRANCH48,Ana ElSayed,ACCT5035280,2025-09-23 12:34:11,noise
debit,2165.38,ACCT4903427,BRANCH48,Ana ElSayed,ACCT5035280,2025-09-22 04:02:16,noise
credit,1110.31,,BRANCH48,Ana ElSayed,ACCT5035280,2025-09-21 08:23:23,noise
debit,240.43,,BRANCH48,Ana ElSayed,ACCT5035280,2025-09-20 16:36:05,noise
debit,740.26,,BRANCH48,Ana ElSayed,ACCT5035280,2025-09-17 08:06:33,noise
debit,322.01,ACCT8129193,BRANCH48,Ana ElSayed,ACCT5035280,2025-09-12 18:44:19,noise
credit,607.27,,BRANCH48,Ana ElSayed,ACCT5035280,2025-09-12 20:07:22,noise
credit,249.03,,BRANCH48,Ana ElSayed,ACCT5035280,2025-09-10 08:02:09,noise
debit,1721.88,,BRANCH48,Ana ElSayed,ACCT5035280,2025-09-08 11:25:22,noise
credit,1107.62,ACCT6447710,BRANCH47,Ana ElSayed,ACCT5035280,2025-09-08 10:05:10,noise
credit,1222.94,ACCT3489835,BRANCH48,Ana ElSayed,ACCT5035280,2025-09-06 08:17:37,noise
credit,206.87,ACCT6804640,BRANCH48,Ana ElSayed,ACCT5035280,2025-09-06 15:40:27,noise
debit,316.19,,BRANCH48,Ana ElSayed,ACCT5035280,2025-09-05 13:21:33,noise
debit,485.91,,BRANCH30,Ana ElSayed,ACCT5035280,2025-09-05 09:14:49,noise
debit,487.58,ACCT5173971,BRANCH93,Ana ElSayed,ACCT5035280,2025-09-04 08:22:59,noise
debit,448.55,ACCT5173971,BRANCH47,Ana ElSayed,ACCT5035280,2025-08-30 15:27:20,noise
debit,131.69,,BRANCH48,Ana ElSayed,ACCT5035280,2025-08-28 11:19:40,noise
credit,1675.93,,BRANCH59,Ana ElSayed,ACCT5035280,2025-08-28 15:04:52,noise
debit,979.43,,BRANCH48,Ana ElSayed,ACCT5035280,2025-08-25 20:04:54,noise
debit,578.15,ACCT1784651,BRANCH48,Ana ElSayed,ACCT5035280,2025-08-25 00:41:36,noise
credit,705.08,ACCT6651500,BRANCH47,Ana ElSayed,ACCT5035280,2025-08-24 15:03:30,noise
credit,2125.16,,BRANCH80,Ana ElSayed,ACCT5035280,2025-08-24 15:45:38,noise
debit,2015.05,,BRANCH48,Ana ElSayed,ACCT5035280,2025-08-23 23:08:13,noise
credit,2262.88,ACCT7019631,BRANCH48,Ana ElSayed,ACCT5035280,2025-08-23 19:45:10,noise
credit,6502.55,ACCT6653295,BRANCH48,Ana ElSayed,ACCT5035280,2025-08-22 01:07:06,noise
credit,3158.85,,BRANCH48,Ana ElSayed,ACCT5035280,2025-08-14 03:26:03,noise
debit,1308.8,ACCT1839300,BRANCH48,Ana ElSayed,ACCT5035280,2025-08-12 15:20:10,noise
credit,2654.07,ACCT4487540,BRANCH48,Ana ElSayed,ACCT5035280,2025-08-09 01:01:41,noise
debit,356.37,ACCT7141300,BRANCH48,Ana ElSayed,ACCT5035280,2025-08-08 08:00:04,noise
debit,417.16,,BRANCH13,Ana ElSayed,ACCT5035280,2025-08-07 17:33:11,noise
debit,322.1,,BRANCH48,Ana ElSayed,ACCT5035280,2025-08-07 23:03:13,noise
debit,610.03,ACCT5165157,BRANCH21,Diego Patida,ACCT6318538,2025-10-03 12:02:36,noise
credit,427.65,,BRANCH21,Diego Patida,ACCT6318538,2025-10-01 17:21:55,noise
credit,259.76,,BRANCH21,Diego Patida,ACCT6318538,2025-09-30 14:14:21,noise
debit,363.65,,BRANCH21,Diego Patida,ACCT6318538,2025-09-30 20:32:09,noise
credit,595.23,,BRANCH21,Diego Patida,ACCT6318538,2025-09-23 18:05:55,noise
debit,318.79,,BRANCH21,Diego Patida,ACCT6318538,2025-09-23 14:38:29,noise
credit,112.68,,BRANCH91,Diego Patida,ACCT6318538,2025-09-20 09:24:43,noise
credit,504.45,,BRANCH23,Diego Patida,ACCT6318538,2025-09-20 18:40:32,noise
debit,2382.33,ACCT5391245,BRANCH21,Diego Patida,ACCT6318538,2025-09-19 02:08:58,noise
credit,1704.98,ACCT7522765,BRANCH21,Diego Patida,ACCT6318538,2025-09-17 05:01:30,noise
debit,1515.47,,BRANCH21,Diego Patida,ACCT6318538,2025-09-16 16:12:42,noise
credit,676.04,ACCT5868394,BRANCH21,Diego Patida,ACCT6318538,2025-09-13 19:21:43,noise
debit,857.05,,BRANCH21,Diego Patida,ACCT6318538,2025-09-13 13:21:38,noise
credit,336.98,,BRANCH21,Diego Patida,ACCT6318538,2025-09-12 03:43:44,noise
debit,533.42,,BRANCH21,Diego Patida,ACCT6318538,2025-09-11 21:29:54,noise
debit,1014.19,,BRANCH93,Diego Patida,ACCT6318538,2025-09-11 13:44:17,noise
credit,653.37,,BRANCH21,Diego Patida,ACCT6318538,2025-09-10 11:38:45,noise
debit,869.84,,BRANCH21,Diego Patida,ACCT6318538,2025-09-06 17:00:03,noise
debit,433.77,ACCT4127141,BRANCH21,Diego Patida,ACCT6318538,2025-09-02 15:13:18,noise
credit,215.25,,BRANCH21,Diego Patida,ACCT6318538,2025-09-01 13:42:30,noise
credit,106.21,,BRANCH21,Diego Patida,ACCT6318538,2025-08-31 15:29:24,noise
credit,392.96,,BRANCH17,Diego Patida,ACCT6318538,2025-08-31 18:42:48,noise
debit,465.66,,BRANCH93,Diego Patida,ACCT6318538,2025-08-30 14:07:10,noise
debit,2857.08,,BRANCH59,Diego Patida,ACCT6318538,2025-08-30 13:20:44,noise
debit,183.88,ACCT7233427,BRANCH21,Diego Patida,ACCT6318538,2025-08-23 21:37:40,noise
credit,892.4,,BRANCH21,Diego Patida,ACCT6318538,2025-08-18 19:13:23,noise
debit,1957.7,ACCT6783469,BRANCH71,Diego Patida,ACCT6318538,2025-08-17 18:38:22,noise
credit,859.77,,BRANCH21,Diego Patida,ACCT6318538,2025-08-10 09:21:12,noise
debit,253.33,,BRANCH15,Diego Patida,ACCT6318538,2025-08-10 19:13:53,noise
credit,838.24,,BRANCH21,Diego Patida,ACCT6318538,2025-08-09 17:04:04,noise
credit,1263.2,ACCT2772646,BRANCH21,Diego Patida,ACCT6318538,2025-08-09 16:03:14,noise
debit,237.73,,BRANCH21,Diego Patida,ACCT6318538,2025-08-08 20:31:21,noise
credit,1564.83,,BRANCH18,Diego Patida,ACCT6318538,2025-08-08 14:31:28,noise
debit,178.43,,BRANCH21,Diego Patida,ACCT6318538,2025-08-06 08:09:57,noise
credit,234.49,ACCT9826303,BRANCH66,Diego Patida,ACCT6318538,2025-08-05 11:39:29,noise
credit,417.22,,BRANCH21,Diego Patida,ACCT6318538,2025-08-04 21:20:34,noise
credit,7659.7,,BRANCH25,Nia Diaz,ACCT9826303,2025-09-29 05:22:28,noise
debit,759.35,ACCT2942611,BRANCH25,Nia Diaz,ACCT9826303,2025-09-26 08:21:01,noise
debit,114.38,,BRANCH25,Nia Diaz,ACCT9826303,2025-09-25 11:19:24,noise
credit,589.66,,BRANCH53,Nia Diaz,ACCT9826303,2025-09-25 00:35:39,noise
credit,792.68,,BRANCH25,Nia Diaz,ACCT9826303,2025-09-24 22:21:39,noise
debit,1594.42,ACCT5451469,BRANCH25,Nia Diaz,ACCT9826303,2025-09-22 19:11:54,noise
credit,1331.08,,BRANCH25,Nia Diaz,ACCT9826303,2025-09-19 18:13:26,noise
debit,3057.45,,BRANCH25,Nia Diaz,ACCT9826303,2025-09-18 20:07:24,noise
credit,669.02,ACCT8129193,BRANCH25,Nia Diaz,ACCT9826303,2025-09-14 13:09:59,noise
debit,426.38,,BRANCH25,Nia Diaz,ACCT9826303,2025-09-14 12:36:04,noise
debit,105.7,ACCT5868394,BRANCH25,Nia Diaz,ACCT9826303,2025-09-11 03:21:04,noise
credit,572.13,,BRANCH96,Nia Diaz,ACCT9826303,2025-09-11 08:25:00,noise
debit,407.7,,BRANCH25,Nia Diaz,ACCT9826303,2025-09-10 16:01:20,noise
debit,407.97,,BRANCH43,Nia Diaz,ACCT9826303,2025-09-08 01:08:22,noise
debit,741.28,ACCT5868394,BRANCH25,Nia Diaz,ACCT9826303,2025-09-08 08:09:11,noise
credit,823.75,ACCT6816390,BRANCH72,Nia Diaz,ACCT9826303,2025-09-03 12:30:16,noise
debit,871.72,,BRANCH25,Nia Diaz,ACCT9826303,2025-09-02 17:23:21,noise
debit,288.89,ACCT5652078,BRANCH25,Nia Diaz,ACCT9826303,2025-09-02 16:35:52,noise
credit,1058.89,,BRANCH25,Nia Diaz,ACCT9826303,2025-09-01 20:20:53,noise
debit,648.06,,BRANCH94,Nia Diaz,ACCT9826303,2025-09-01 11:07:52,noise
debit,401.7,,BRANCH25,Nia Diaz,ACCT9826303,2025-08-31 10:07:24,noise
debit,1010.33,,BRANCH87,Nia Diaz,ACCT9826303,2025-08-31 03:43:24,noise
debit,1849.31,ACCT2432980,BRANCH25,Nia Diaz,ACCT9826303,2025-08-23 15:08:45,noise
debit,511.82,,BRANCH25,Nia Diaz,ACCT9826303,2025-08-23 16:34:24,noise
debit,423.03,,BRANCH25,Nia Diaz,ACCT9826303,2025-08-18 12:09:45,noise
credit,435.17,,BRANCH25,Nia Diaz,ACCT9826303,2025-08-16 14:36:32,noise
credit,6742.12,ACCT5505009,BRANCH25,Nia Diaz,ACCT9826303,2025-08-15 15:01:27,noise
credit,382.74,ACCT4903427,BRANCH25,Nia Diaz,ACCT9826303,2025-08-12 19:17:08,noise
credit,727.78,,BRANCH14,Priya Kim,ACCT4487540,2025-10-02 08:00:38,noise
debit,182.47,ACCT8129193,BRANCH14,Priya Kim,ACCT4487540,2025-09-30 14:25:08,noise
credit,1764.6,ACCT1745945,BRANCH24,Priya Kim,ACCT4487540,2025-09-29 10:28:00,noise
credit,402.23,,BRANCH14,Priya Kim,ACCT4487540,2025-09-29 01:13:15,noise
debit,2202.32,,BRANCH14,Priya Kim,ACCT4487540,2025-09-27 20:16:30,noise
debit,897.78,,BRANCH16,Priya Kim,ACCT4487540,2025-09-27 22:10:45,noise
debit,1359.78,,BRANCH14,Priya Kim,ACCT4487540,2025-09-26 11:29:41,noise
credit,835.34,,BRANCH27,Priya Kim,ACCT4487540,2025-09-26 18:12:26,noise
credit,895.98,ACCT3185584,BRANCH53,Priya Kim,ACCT4487540,2025-09-23 00:44:47,noise
credit,1788.52,,BRANCH14,Priya Kim,ACCT4487540,2025-09-23 14:13:03,noise
credit,553.71,,BRANCH14,Priya Kim,ACCT4487540,2025-09-21 08:38:15,noise
credit,1719.59,ACCT6651761,BRANCH14,Priya Kim,ACCT4487540,2025-09-20 00:29:30,noise
credit,1339.6,,BRANCH14,Priya Kim,ACCT4487540,2025-09-20 11:28:19,noise
credit,1272.97,,BRANCH14,Priya Kim,ACCT4487540,2025-09-18 15:43:26,noise
debit,2292.58,ACCT1771816,BRANCH14,Priya Kim,ACCT4487540,2025-09-12 15:40:49,noise
credit,2414.64,,BRANCH14,Priya Kim,ACCT4487540,2025-09-12 14:14:29,noise
credit,430.04,,BRANCH94,Priya Kim,ACCT4487540,2025-09-10 18:27:59,noise
debit,1323.44,,BRANCH39,Priya Kim,ACCT4487540,2025-09-10 12:07:54,noise
debit,2788.9,,BRANCH14,Priya Kim,ACCT4487540,2025-09-09 18:10:08,noise
debit,205.85,,BRANCH67,Priya Kim,ACCT4487540,2025-09-08 23:36:51,noise
debit,1211.98,,BRANCH42,Priya Kim,ACCT4487540,2025-09-08 13:22:04,noise
credit,755.31,,BRANCH14,Priya Kim,ACCT4487540,2025-09-07 22:20:51,noise
debit,1618.16,,BRANCH35,Priya Kim,ACCT4487540,2025-09-06 11:15:26,noise
debit,1525.18,,BRANCH14,Priya Kim,ACCT4487540,2025-09-05 14:40:47,noise
debit,472.0,ACCT7424847,BRANCH14,Priya Kim,ACCT4487540,2025-09-05 15:31:30,noise
credit,579.26,,BRANCH32,Priya Kim,ACCT4487540,2025-09-02 18:11:51,noise
debit,1071.15,ACCT3126822,BRANCH14,Priya Kim,ACCT4487540,2025-09-02 15:22:06,noise
credit,1210.05,ACCT2432980,BRANCH14,Priya Kim,ACCT4487540,2025-09-01 14:20:48,noise
debit,1260.71,,BRANCH14,Priya Kim,ACCT4487540,2025-09-01 20:05:35,noise
credit,101.03,ACCT9482633,BRANCH14,Priya Kim,ACCT4487540,2025-08-29 22:00:42,noise
credit,315.39,,BRANCH14,Priya Kim,ACCT4487540,2025-08-27 13:13:25,noise
credit,929.69,,BRANCH52,Priya Kim,ACCT4487540,2025-08-26 22:05:42,noise
credit,770.83,,BRANCH65,Priya Kim,ACCT4487540,2025-08-25 19:14:54,noise
credit,758.52,ACCT7893150,BRANCH43,Priya Kim,ACCT4487540,2025-08-23 10:08:22,noise
credit,1327.11,,BRANCH14,Priya Kim,ACCT4487540,2025-08-16 20:38:52,noise
credit,810.53,,BRANCH14,Priya Kim,ACCT4487540,2025-08-16 21:29:00,noise
debit,611.71,ACCT1839300,BRANCH47,Priya Kim,ACCT4487540,2025-08-14 01:05:18,noise
credit,323.19,,BRANCH14,Priya Kim,ACCT4487540,2025-08-11 19:45:56,noise
debit,349.09,,BRANCH14,Priya Kim,ACCT4487540,2025-08-11 13:03:49,noise
debit,224.07,,BRANCH14,Priya Kim,ACCT4487540,2025-08-10 09:14:35,noise
credit,1285.82,,BRANCH14,Priya Kim,ACCT4487540,2025-08-10 20:22:12,noise
debit,320.1,,BRANCH14,Priya Kim,ACCT4487540,2025-08-09 12:16:20,noise
debit,2643.09,,BRANCH14,Priya Kim,ACCT4487540,2025-08-09 15:24:38,noise
debit,462.97,ACCT7424847,BRANCH14,Priya Kim,ACCT4487540,2025-08-08 01:07:37,noise
debit,508.1,ACCT4127141,BRANCH14,Priya Kim,ACCT4487540,2025-08-04 18:16:40,noise
debit,235.19,,BRANCH30,Ravi Mehta,ACCT1287495,2025-09-30 17:13:19,noise
credit,2264.76,,BRANCH30,Ravi Mehta,ACCT1287495,2025-09-27 19:02:37,noise
debit,324.57,,BRANCH30,Ravi Mehta,ACCT1287495,2025-09-26 21:34:16,noise
credit,981.15,,BRANCH30,Ravi Mehta,ACCT1287495,2025-09-25 05:04:02,noise
credit,883.4,ACCT3995582,BRANCH30,Ravi Mehta,ACCT1287495,2025-09-25 10:20:14,noise
credit,1157.39,,BRANCH30,Ravi Mehta,ACCT1287495,2025-09-22 03:43:50,noise
credit,1266.12,,BRANCH30,Ravi Mehta,ACCT1287495,2025-09-20 11:32:04,noise
debit,157.03,,BRANCH30,Ravi Mehta,ACCT1287495,2025-09-17 16:21:16,noise
credit,648.58,ACCT8129193,BRANCH66,Ravi Mehta,ACCT1287495,2025-09-17 16:24:54,noise
debit,1074.92,,BRANCH30,Ravi Mehta,ACCT1287495,2025-09-16 17:39:08,noise
credit,627.72,,BRANCH30,Ravi Mehta,ACCT1287495,2025-09-16 11:44:17,noise
debit,264.04,ACCT6206647,BRANCH30,Ravi Mehta,ACCT1287495,2025-09-13 17:39:51,noise
debit,1697.01,,BRANCH68,Ravi Mehta,ACCT1287495,2025-09-13 09:04:48,noise
credit,790.96,,BRANCH30,Ravi Mehta,ACCT1287495,2025-09-12 20:37:31,noise
debit,472.47,,BRANCH30,Ravi Mehta,ACCT1287495,2025-09-09 14:12:07,noise
credit,514.08,,BRANCH30,Ravi Mehta,ACCT1287495,2025-09-06 20:26:22,noise
credit,561.36,,BRANCH71,Ravi Mehta,ACCT1287495,2025-09-06 09:27:33,noise
credit,235.46,ACCT1784651,BRANCH33,Ravi Mehta,ACCT1287495,2025-09-05 19:34:34,noise
debit,955.66,ACCT9826303,BRANCH30,Ravi Mehta,ACCT1287495,2025-09-04 09:17:13,noise
debit,866.86,,BRANCH30,Ravi Mehta,ACCT1287495,2025-09-04 17:21:37,noise
debit,2528.43,,BRANCH30,Ravi Mehta,ACCT1287495,2025-08-31 15:38:45,noise
debit,711.76,,BRANCH30,Ravi Mehta,ACCT1287495,2025-08-31 18:33:42,noise
credit,716.93,,BRANCH30,Ravi Mehta,ACCT1287495,2025-08-29 18:14:05,noise
credit,1534.9,,BRANCH30,Ravi Mehta,ACCT1287495,2025-08-26 19:13:06,noise
credit,982.36,,BRANCH30,Ravi Mehta,ACCT1287495,2025-08-26 13:18:53,noise
debit,1673.84,,BRANCH30,Ravi Mehta,ACCT1287495,2025-08-19 10:06:05,noise
credit,2055.4,,BRANCH30,Ravi Mehta,ACCT1287495,2025-08-19 11:01:18,noise
credit,541.66,,BRANCH30,Ravi Mehta,ACCT1287495,2025-08-16 14:15:08,noise
debit,1982.61,ACCT4739370,BRANCH30,Ravi Mehta,ACCT1287495,2025-08-15 01:14:47,noise
debit,158.95,,BRANCH30,Ravi Mehta,ACCT1287495,2025-08-13 11:24:25,noise
debit,266.22,ACCT4739370,BRANCH83,Ravi Mehta,ACCT1287495,2025-08-13 01:25:23,noise
credit,478.55,ACCT2845422,BRANCH30,Ravi Mehta,ACCT1287495,2025-08-10 03:00:28,noise
debit,1137.76,ACCT9826303,BRANCH30,Ravi Mehta,ACCT1287495,2025-08-09 04:26:26,noise
debit,1032.51,,BRANCH62,Ravi Mehta,ACCT1287495,2025-08-09 19:25:29,noise
credit,924.92,,BRANCH30,Ravi Mehta,ACCT1287495,2025-08-08 05:18:19,noise
debit,1506.92,ACCT2537273,BRANCH30,Ravi Mehta,ACCT1287495,2025-08-08 11:03:07,noise
debit,3783.56,,BRANCH30,Ravi Mehta,ACCT1287495,2025-08-07 02:30:38,noise
credit,785.41,,BRANCH30,Ravi Mehta,ACCT1287495,2025-08-05 19:26:17,noise
debit,1121.56,ACCT5415169,BRANCH30,Ravi Mehta,ACCT1287495,2025-08-05 16:04:14,noise
credit,305.31,ACCT2597364,BRANCH30,Ravi Mehta,ACCT1287495,2025-08-04 14:26:05,noise
debit,459.78,ACCT2772646,BRANCH43,Ravi Mehta,ACCT1287495,2025-08-04 08:23:00,noise
credit,242.84,,BRANCH54,Raj Mehta,ACCT6206647,2025-10-03 04:25:19,noise
debit,343.35,ACCT8458814,BRANCH54,Raj Mehta,ACCT6206647,2025-10-02 05:30:09,noise
debit,605.0,,BRANCH79,Raj Mehta,ACCT6206647,2025-09-30 10:32:15,noise
credit,748.64,,BRANCH54,Raj Mehta,ACCT6206647,2025-09-29 15:43:02,noise
credit,589.46,,BRANCH54,Raj Mehta,ACCT6206647,2025-09-29 17:41:06,noise
credit,1087.41,ACCT2942611,BRANCH54,Raj Mehta,ACCT6206647,2025-09-28 17:36:56,noise
credit,320.81,,BRANCH54,Raj Mehta,ACCT6206647,2025-09-27 16:02:06,noise
credit,1390.3,,BRANCH54,Raj Mehta,ACCT6206647,2025-09-26 09:21:32,noise
credit,1101.94,ACCT8479537,BRANCH54,Raj Mehta,ACCT6206647,2025-09-25 08:14:37,noise
debit,1716.36,,BRANCH54,Raj Mehta,ACCT6206647,2025-09-24 17:36:44,noise
credit,1709.34,,BRANCH54,Raj Mehta,ACCT6206647,2025-09-23 18:13:25,noise
credit,491.86,,BRANCH54,Raj Mehta,ACCT6206647,2025-09-23 13:12:39,noise
credit,1133.47,,BRANCH54,Raj Mehta,ACCT6206647,2025-09-20 19:29:12,noise
credit,985.53,ACCT9472621,BRANCH45,Raj Mehta,ACCT6206647,2025-09-18 22:14:01,noise
debit,464.41,,BRANCH54,Raj Mehta,ACCT6206647,2025-09-15 18:00:27,noise
debit,239.65,,BRANCH54,Raj Mehta,ACCT6206647,2025-09-15 21:06:43,noise
credit,147.37,,BRANCH54,Raj Mehta,ACCT6206647,2025-09-10 17:22:56,noise
credit,1742.64,,BRANCH54,Raj Mehta,ACCT6206647,2025-09-09 16:22:49,noise
credit,119.58,,BRANCH54,Raj Mehta,ACCT6206647,2025-09-07 10:25:39,noise
debit,316.34,,BRANCH54,Raj Mehta,ACCT6206647,2025-09-05 17:19:43,noise
credit,434.78,,BRANCH54,Raj Mehta,ACCT6206647,2025-09-03 11:14:17,noise
debit,885.06,,BRANCH47,Raj Mehta,ACCT6206647,2025-09-03 16:11:16,noise
credit,956.63,,BRANCH54,Raj Mehta,ACCT6206647,2025-09-02 22:25:08,noise
debit,1821.76,,BRANCH54,Raj Mehta,ACCT6206647,2025-09-02 12:21:38,noise
debit,284.79,ACCT8609471,BRANCH54,Raj Mehta,ACCT6206647,2025-09-01 09:02:27,noise
debit,3000.0,ACCT3126822,BRANCH54,Raj Mehta,ACCT6206647,2025-08-29 12:08:57,noise
credit,1341.37,ACCT2942611,BRANCH54,Raj Mehta,ACCT6206647,2025-08-28 08:28:05,noise
credit,1123.83,,BRANCH37,Raj Mehta,ACCT6206647,2025-08-27 16:16:27,noise
credit,748.26,ACCT2597364,BRANCH91,Raj Mehta,ACCT6206647,2025-08-27 21:10:51,noise
credit,3350.22,,BRANCH54,Raj Mehta,ACCT6206647,2025-08-24 19:45:37,noise
credit,1226.54,,BRANCH54,Raj Mehta,ACCT6206647,2025-08-23 14:39:16,noise
debit,830.19,,BRANCH91,Raj Mehta,ACCT6206647,2025-08-21 10:21:41,noise
debit,512.91,,BRANCH12,Raj Mehta,ACCT6206647,2025-08-19 21:29:05,noise
debit,2556.84,,BRANCH54,Raj Mehta,ACCT6206647,2025-08-19 11:30:29,noise
debit,466.54,ACCT8828441,BRANCH54,Raj Mehta,ACCT6206647,2025-08-17 16:02:08,noise
credit,548.64,ACCT5868394,BRANCH54,Raj Mehta,ACCT6206647,2025-08-17 02:03:42,noise
debit,1159.05,,BRANCH54,Raj Mehta,ACCT6206647,2025-08-16 16:02:03,noise
credit,1494.63,,BRANCH54,Raj Mehta,ACCT6206647,2025-08-15 21:09:07,noise
credit,2521.74,,BRANCH13,Raj Mehta,ACCT6206647,2025-08-15 11:18:17,noise
debit,816.36,,BRANCH54,Raj Mehta,ACCT6206647,2025-08-14 22:42:47,noise
credit,1245.83,,BRANCH15,Raj Mehta,ACCT6206647,2025-08-11 14:32:46,noise
credit,1370.29,,BRANCH54,Raj Mehta,ACCT6206647,2025-08-08 09:38:30,noise
credit,266.4,,BRANCH54,Raj Mehta,ACCT6206647,2025-08-07 20:08:57,noise
credit,162.72,,BRANCH54,Raj Mehta,ACCT6206647,2025-08-04 22:35:38,noise
credit,548.25,,BRANCH52,Leo Iqbal,ACCT1745945,2025-10-03 17:30:34,noise
debit,262.81,,BRANCH52,Leo Iqbal,ACCT1745945,2025-10-03 21:15:29,noise
debit,184.01,,BRANCH52,Leo Iqbal,ACCT1745945,2025-10-02 16:44:31,noise
credit,821.28,,BRANCH96,Leo Iqbal,ACCT1745945,2025-10-02 14:03:20,noise
debit,343.51,ACCT4688588,BRANCH52,Leo Iqbal,ACCT1745945,2025-09-30 15:35:20,noise
debit,197.28,,BRANCH52,Leo Iqbal,ACCT1745945,2025-09-28 10:32:24,noise
debit,889.83,,BRANCH52,Leo Iqbal,ACCT1745945,2025-09-27 09:10:34,noise
debit,3224.52,,BRANCH76,Leo Iqbal,ACCT1745945,2025-09-26 18:08:24,noise
credit,607.02,,BRANCH83,Leo Iqbal,ACCT1745945,2025-09-25 12:17:26,noise
debit,447.96,,BRANCH38,Leo Iqbal,ACCT1745945,2025-09-24 13:27:38,noise
debit,812.16,,BRANCH52,Leo Iqbal,ACCT1745945,2025-09-24 08:22:33,noise
credit,148.56,ACCT2597364,BRANCH64,Leo Iqbal,ACCT1745945,2025-09-20 15:05:29,noise
debit,200.04,,BRANCH52,Leo Iqbal,ACCT1745945,2025-09-17 12:06:19,noise
credit,695.29,,BRANCH52,Leo Iqbal,ACCT1745945,2025-09-15 09:31:45,noise
debit,640.25,,BRANCH52,Leo Iqbal,ACCT1745945,2025-09-12 16:27:53,noise
debit,488.3,,BRANCH52,Leo Iqbal,ACCT1745945,2025-09-10 08:13:46,noise
debit,135.09,,BRANCH72,Leo Iqbal,ACCT1745945,2025-09-10 13:45:44,noise
debit,572.64,ACCT5505009,BRANCH63,Leo Iqbal,ACCT1745945,2025-09-09 15:37:55,noise
credit,432.13,,BRANCH52,Leo Iqbal,ACCT1745945,2025-09-09 22:02:18,noise
credit,477.41,,BRANCH99,Leo Iqbal,ACCT1745945,2025-09-08 19:11:31,noise
debit,1238.45,ACCT1287495,BRANCH52,Leo Iqbal,ACCT1745945,2025-09-08 14:32:12,noise
credit,1524.92,ACCT3489835,BRANCH50,Leo Iqbal,ACCT1745945,2025-09-06 17:01:45,noise
debit,1505.48,,BRANCH52,Leo Iqbal,ACCT1745945,2025-09-02 17:44:18,noise
credit,1243.03,,BRANCH52,Leo Iqbal,ACCT1745945,2025-09-02 16:19:00,noise
debit,423.61,,BRANCH37,Leo Iqbal,ACCT1745945,2025-08-29 11:09:30,noise
debit,2818.84,,BRANCH52,Leo Iqbal,ACCT1745945,2025-08-28 14:07:13,noise
debit,938.36,,BRANCH52,Leo Iqbal,ACCT1745945,2025-08-28 13:44:00,noise
debit,1065.79,,BRANCH61,Leo Iqbal,ACCT1745945,2025-08-26 03:29:53,noise
debit,446.87,,BRANCH67,Leo Iqbal,ACCT1745945,2025-08-25 22:40:19,noise
credit,459.01,ACCT6339810,BRANCH52,Leo Iqbal,ACCT1745945,2025-08-25 12:27:03,noise
credit,599.22,,BRANCH52,Leo Iqbal,ACCT1745945,2025-08-24 18:07:52,noise
credit,198.13,,BRANCH52,Leo Iqbal,ACCT1745945,2025-08-23 19:11:28,noise
credit,1255.31,,BRANCH52,Leo Iqbal,ACCT1745945,2025-08-23 10:25:23,noise
debit,459.98,,BRANCH94,Leo Iqbal,ACCT1745945,2025-08-21 16:33:33,noise
credit,529.48,ACCT5868394,BRANCH52,Leo Iqbal,ACCT1745945,2025-08-20 16:18:25,noise
credit,5942.81,ACCT2537273,BRANCH52,Leo Iqbal,ACCT1745945,2025-08-20 21:20:43,noise
debit,213.07,,BRANCH52,Leo Iqbal,ACCT1745945,2025-08-19 16:45:38,noise
debit,776.97,,BRANCH52,Leo Iqbal,ACCT1745945,2025-08-19 14:20:25,noise
credit,1540.21,,BRANCH85,Leo Iqbal,ACCT1745945,2025-08-14 20:19:14,noise
debit,865.21,,BRANCH52,Leo Iqbal,ACCT1745945,2025-08-13 12:23:55,noise
debit,1693.47,,BRANCH52,Leo Iqbal,ACCT1745945,2025-08-13 15:42:11,noise
debit,295.22,,BRANCH52,Leo Iqbal,ACCT1745945,2025-08-12 11:19:35,noise
credit,3046.62,,BRANCH52,Leo Iqbal,ACCT1745945,2025-08-11 13:27:42,noise
debit,4094.41,,BRANCH52,Leo Iqbal,ACCT1745945,2025-08-11 19:01:01,noise
credit,165.6,,BRANCH52,Leo Iqbal,ACCT1745945,2025-08-10 11:42:38,noise
debit,591.09,,BRANCH98,Leo Iqbal,ACCT1745945,2025-08-10 13:18:17,noise
debit,202.15,ACCT9489758,BRANCH52,Leo Iqbal,ACCT1745945,2025-08-08 09:20:35,noise
debit,1516.77,ACCT9061101,BRANCH52,Leo Iqbal,ACCT1745945,2025-08-06 18:41:23,noise
credit,385.95,,BRANCH86,Leo Iqbal,ACCT1745945,2025-08-05 13:12:49,noise
credit,448.56,ACCT2432980,BRANCH29,Uma Chen,ACCT1706139,2025-10-03 14:23:32,noise
credit,728.5,,BRANCH75,Uma Chen,ACCT1706139,2025-10-01 20:13:17,noise
credit,468.23,,BRANCH92,Uma Chen,ACCT1706139,2025-09-22 18:27:52,noise
credit,838.74,,BRANCH87,Uma Chen,ACCT1706139,2025-09-22 11:32:45,noise
credit,460.81,,BRANCH92,Uma Chen,ACCT1706139,2025-09-19 11:32:55,noise
debit,402.86,,BRANCH62,Uma Chen,ACCT1706139,2025-09-17 08:10:09,noise
credit,865.3,,BRANCH92,Uma Chen,ACCT1706139,2025-09-17 15:26:11,noise
credit,1891.7,,BRANCH92,Uma Chen,ACCT1706139,2025-09-16 16:39:51,noise
debit,1355.22,ACCT2867597,BRANCH92,Uma Chen,ACCT1706139,2025-09-15 15:32:21,noise
credit,2384.32,,BRANCH59,Uma Chen,ACCT1706139,2025-09-14 13:29:25,noise
credit,1338.01,,BRANCH92,Uma Chen,ACCT1706139,2025-09-11 14:33:29,noise
debit,2070.16,,BRANCH92,Uma Chen,ACCT1706139,2025-09-10 14:25:54,noise
credit,2026.57,,BRANCH92,Uma Chen,ACCT1706139,2025-09-10 13:01:20,noise
credit,797.59,,BRANCH73,Uma Chen,ACCT1706139,2025-09-09 09:22:29,noise
credit,779.07,,BRANCH92,Uma Chen,ACCT1706139,2025-09-09 21:15:44,noise
credit,157.81,,BRANCH92,Uma Chen,ACCT1706139,2025-09-05 23:24:04,noise
debit,276.37,,BRANCH92,Uma Chen,ACCT1706139,2025-09-03 10:33:39,noise
credit,650.49,ACCT5035280,BRANCH92,Uma Chen,ACCT1706139,2025-08-29 08:15:09,noise
debit,782.62,ACCT4764419,BRANCH92,Uma Chen,ACCT1706139,2025-08-20 15:21:21,noise
debit,107.69,,BRANCH92,Uma Chen,ACCT1706139,2025-08-16 23:19:09,noise
debit,1126.02,,BRANCH92,Uma Chen,ACCT1706139,2025-08-15 12:31:38,noise
debit,1615.14,,BRANCH92,Uma Chen,ACCT1706139,2025-08-14 08:33:30,noise
debit,687.9,ACCT6783469,BRANCH92,Uma Chen,ACCT1706139,2025-08-14 11:19:34,noise
debit,669.53,,BRANCH81,Uma Chen,ACCT1706139,2025-08-10 12:22:38,noise
debit,1020.29,,BRANCH92,Uma Chen,ACCT1706139,2025-08-09 20:01:49,noise
credit,567.76,ACCT3425461,BRANCH92,Uma Chen,ACCT1706139,2025-08-06 19:40:22,noise
debit,429.49,ACCT6804640,BRANCH92,Uma Chen,ACCT1706139,2025-08-05 01:31:46,noise
credit,219.54,,BRANCH92,Uma Chen,ACCT1706139,2025-08-05 09:17:01,noise
debit,1708.62,,BRANCH68,Xin Jansen,ACCT5173151,2025-10-03 14:37:34,noise
credit,487.06,,BRANCH68,Xin Jansen,ACCT5173151,2025-10-03 09:22:44,noise
debit,516.64,ACCT7893150,BRANCH68,Xin Jansen,ACCT5173151,2025-10-02 18:28:42,noise
debit,1183.14,,BRANCH68,Xin Jansen,ACCT5173151,2025-10-02 14:06:54,noise
debit,135.07,ACCT4739370,BRANCH68,Xin Jansen,ACCT5173151,2025-09-30 08:21:48,noise
debit,254.01,,BRANCH68,Xin Jansen,ACCT5173151,2025-09-26 12:26:50,noise
credit,477.08,,BRANCH68,Xin Jansen,ACCT5173151,2025-09-22 15:34:55,noise
debit,185.34,,BRANCH68,Xin Jansen,ACCT5173151,2025-09-20 15:20:59,noise
credit,386.07,,BRANCH21,Xin Jansen,ACCT5173151,2025-09-16 10:29:49,noise
debit,497.39,,BRANCH47,Xin Jansen,ACCT5173151,2025-09-16 08:43:56,noise
credit,956.21,,BRANCH68,Xin Jansen,ACCT5173151,2025-09-11 19:04:50,noise
credit,2349.8,,BRANCH68,Xin Jansen,ACCT5173151,2025-09-11 11:41:53,noise
credit,565.58,,BRANCH82,Xin Jansen,ACCT5173151,2025-09-09 09:02:12,noise
debit,278.63,,BRANCH21,Xin Jansen,ACCT5173151,2025-09-09 19:13:01,noise
debit,508.56,,BRANCH57,Xin Jansen,ACCT5173151,2025-09-04 23:27:47,noise
debit,1215.7,,BRANCH68,Xin Jansen,ACCT5173151,2025-08-31 05:18:27,noise
credit,770.14,,BRANCH68,Xin Jansen,ACCT5173151,2025-08-27 17:22:42,noise
credit,279.29,ACCT5415169,BRANCH68,Xin Jansen,ACCT5173151,2025-08-27 12:01:58,noise
debit,3000.0,ACCT5909096,BRANCH68,Xin Jansen,ACCT5173151,2025-08-25 20:41:25,noise
credit,833.09,,BRANCH32,Xin Jansen,ACCT5173151,2025-08-23 08:06:46,noise
credit,450.13,,BRANCH73,Xin Jansen,ACCT5173151,2025-08-23 22:26:17,noise
debit,212.0,,BRANCH48,Xin Jansen,ACCT5173151,2025-08-18 12:33:19,noise
credit,457.84,ACCT6653295,BRANCH68,Xin Jansen,ACCT5173151,2025-08-17 12:29:04,noise
credit,910.6,,BRANCH68,Xin Jansen,ACCT5173151,2025-08-16 16:25:03,noise
credit,1670.96,,BRANCH88,Xin Jansen,ACCT5173151,2025-08-14 10:34:57,noise
debit,1961.71,,BRANCH68,Xin Jansen,ACCT5173151,2025-08-08 03:19:32,noise
debit,843.59,,BRANCH68,Xin Jansen,ACCT5173151,2025-08-08 10:43:03,noise
debit,738.95,,BRANCH68,Xin Jansen,ACCT5173151,2025-08-06 09:30:29,noise
credit,963.6,,BRANCH68,Xin Jansen,ACCT5173151,2025-08-05 15:27:49,noise
credit,615.93,,BRANCH68,Xin Jansen,ACCT5173151,2025-08-05 10:43:48,noise
debit,2124.88,ACCT5909096,BRANCH68,Xin Jansen,ACCT5173151,2025-08-04 19:38:57,noise
credit,479.34,,BRANCH15,Kai Rossi,ACCT7456052,2025-10-01 15:35:29,noise
credit,1321.1,ACCT7874421,BRANCH15,Kai Rossi,ACCT7456052,2025-09-30 19:22:18,noise
credit,173.09,,BRANCH95,Kai Rossi,ACCT7456052,2025-09-28 14:06:16,noise
debit,63.29,,BRANCH18,Kai Rossi,ACCT7456052,2025-09-26 20:06:11,noise
debit,613.44,,BRANCH91,Kai Rossi,ACCT7456052,2025-09-25 10:13:16,noise
credit,2624.9,,BRANCH15,Kai Rossi,ACCT7456052,2025-09-22 17:29:02,noise
credit,3488.07,,BRANCH15,Kai Rossi,ACCT7456052,2025-09-21 18:03:06,noise
debit,1665.6,,BRANCH15,Kai Rossi,ACCT7456052,2025-09-19 23:03:17,noise
debit,653.98,ACCT5391245,BRANCH15,Kai Rossi,ACCT7456052,2025-09-19 11:02:26,noise
credit,325.7,,BRANCH15,Kai Rossi,ACCT7456052,2025-09-18 18:31:19,noise
debit,1980.82,,BRANCH15,Kai Rossi,ACCT7456052,2025-09-18 16:33:01,noise
credit,760.99,ACCT7864743,BRANCH15,Kai Rossi,ACCT7456052,2025-09-14 00:14:21,noise
debit,1051.05,ACCT5505009,BRANCH15,Kai Rossi,ACCT7456052,2025-09-13 10:22:24,noise
debit,1911.86,ACCT8932729,BRANCH15,Kai Rossi,ACCT7456052,2025-09-11 14:44:09,noise
debit,827.97,,BRANCH15,Kai Rossi,ACCT7456052,2025-09-09 13:05:19,noise
credit,491.93,ACCT9283195,BRANCH15,Kai Rossi,ACCT7456052,2025-09-07 14:12:41,noise
credit,315.57,,BRANCH96,Kai Rossi,ACCT7456052,2025-09-06 16:29:55,noise
credit,736.29,,BRANCH15,Kai Rossi,ACCT7456052,2025-09-04 12:43:34,noise
credit,1569.45,,BRANCH15,Kai Rossi,ACCT7456052,2025-09-02 11:02:07,noise
credit,467.18,,BRANCH77,Kai Rossi,ACCT7456052,2025-09-01 14:04:43,noise
debit,2321.58,,BRANCH15,Kai Rossi,ACCT7456052,2025-09-01 13:42:55,noise
debit,688.63,ACCT2772646,BRANCH15,Kai Rossi,ACCT7456052,2025-08-31 17:36:37,noise
debit,3000.0,ACCT1784651,BRANCH15,Kai Rossi,ACCT7456052,2025-08-27 19:21:35,noise
credit,1500.33,ACCT5415169,BRANCH78,Kai Rossi,ACCT7456052,2025-08-27 23:44:36,noise
debit,117.06,,BRANCH37,Kai Rossi,ACCT7456052,2025-08-26 17:24:51,noise
credit,882.88,,BRANCH15,Kai Rossi,ACCT7456052,2025-08-25 01:36:34,noise
debit,581.41,,BRANCH85,Kai Rossi,ACCT7456052,2025-08-25 10:07:30,noise
debit,830.1,,BRANCH15,Kai Rossi,ACCT7456052,2025-08-24 22:16:04,noise
debit,1663.98,,BRANCH15,Kai Rossi,ACCT7456052,2025-08-21 00:11:58,noise
credit,2075.9,ACCT7141300,BRANCH93,Kai Rossi,ACCT7456052,2025-08-20 23:02:53,noise
credit,628.55,,BRANCH15,Kai Rossi,ACCT7456052,2025-08-20 09:17:01,noise
credit,459.75,,BRANCH15,Kai Rossi,ACCT7456052,2025-08-19 15:29:34,noise
debit,548.74,ACCT5165157,BRANCH15,Kai Rossi,ACCT7456052,2025-08-19 18:20:16,noise
debit,1655.71,,BRANCH15,Kai Rossi,ACCT7456052,2025-08-18 08:10:41,noise
credit,433.03,,BRANCH64,Kai Rossi,ACCT7456052,2025-08-18 18:10:00,noise
debit,92.72,ACCT6447710,BRANCH15,Kai Rossi,ACCT7456052,2025-08-16 15:31:33,noise
credit,495.34,ACCT7424847,BRANCH70,Kai Rossi,ACCT7456052,2025-08-14 17:18:34,noise
credit,903.93,,BRANCH15,Kai Rossi,ACCT7456052,2025-08-13 03:25:22,noise
debit,315.31,ACCT6651500,BRANCH15,Kai Rossi,ACCT7456052,2025-08-10 20:06:52,noise
debit,126.06,,BRANCH15,Kai Rossi,ACCT7456052,2025-08-09 11:35:54,noise
debit,298.81,,BRANCH15,Kai Rossi,ACCT7456052,2025-08-06 23:35:29,noise
debit,246.2,ACCT4385928,BRANCH46,Elena Mehta,ACCT5451469,2025-10-01 18:17:36,noise
debit,152.6,,BRANCH82,Elena Mehta,ACCT5451469,2025-10-01 15:40:49,noise
credit,78.44,,BRANCH93,Elena Mehta,ACCT5451469,2025-09-29 14:43:54,noise
debit,799.32,ACCT5652078,BRANCH46,Elena Mehta,ACCT5451469,2025-09-28 15:22:37,noise
credit,241.8,ACCT9489758,BRANCH86,Elena Mehta,ACCT5451469,2025-09-28 17:45:24,noise
debit,2552.47,ACCT4903427,BRANCH46,Elena Mehta,ACCT5451469,2025-09-26 16:38:41,noise
credit,2054.42,ACCT6339810,BRANCH46,Elena Mehta,ACCT5451469,2025-09-26 15:25:54,noise
credit,181.51,,BRANCH46,Elena Mehta,ACCT5451469,2025-09-24 13:37:36,noise
debit,502.52,,BRANCH16,Elena Mehta,ACCT5451469,2025-09-24 00:24:21,noise
debit,261.74,,BRANCH71,Elena Mehta,ACCT5451469,2025-09-22 20:20:33,noise
credit,850.87,ACCT2748184,BRANCH90,Elena Mehta,ACCT5451469,2025-09-19 14:09:07,noise
credit,1276.62,ACCT7456052,BRANCH91,Elena Mehta,ACCT5451469,2025-09-19 22:26:38,noise
credit,2413.34,ACCT8932729,BRANCH46,Elena Mehta,ACCT5451469,2025-09-18 20:16:09,noise
debit,699.36,ACCT8609471,BRANCH26,Elena Mehta,ACCT5451469,2025-09-18 08:11:39,noise
credit,112.94,ACCT9907988,BRANCH46,Elena Mehta,ACCT5451469,2025-09-16 19:23:35,noise
debit,1598.62,ACCT8603968,BRANCH46,Elena Mehta,ACCT5451469,2025-09-15 17:38:45,noise
credit,1443.41,ACCT7141300,BRANCH46,Elena Mehta,ACCT5451469,2025-09-15 10:41:02,noise
credit,161.39,ACCT9907988,BRANCH46,Elena Mehta,ACCT5451469,2025-09-12 10:24:00,noise
credit,222.24,ACCT9606611,BRANCH46,Elena Mehta,ACCT5451469,2025-09-12 08:21:33,noise
credit,4082.84,,BRANCH93,Elena Mehta,ACCT5451469,2025-09-10 09:19:07,noise
credit,767.52,,BRANCH46,Elena Mehta,ACCT5451469,2025-09-09 15:42:46,noise
debit,751.59,ACCT5391245,BRANCH16,Elena Mehta,ACCT5451469,2025-09-08 09:31:50,noise
debit,835.05,,BRANCH46,Elena Mehta,ACCT5451469,2025-09-05 12:44:01,noise
debit,807.66,ACCT2845422,BRANCH46,Elena Mehta,ACCT5451469,2025-09-04 22:13:48,noise
debit,187.08,,BRANCH46,Elena Mehta,ACCT5451469,2025-08-28 18:25:18,noise
credit,198.42,,BRANCH35,Elena Mehta,ACCT5451469,2025-08-28 09:11:53,noise
debit,361.73,ACCT7565525,BRANCH83,Elena Mehta,ACCT5451469,2025-08-27 17:05:13,noise
debit,1071.09,,BRANCH87,Elena Mehta,ACCT5451469,2025-08-27 17:28:15,noise
credit,8207.33,,BRANCH91,Elena Mehta,ACCT5451469,2025-08-26 08:30:53,noise
debit,1065.91,,BRANCH46,Elena Mehta,ACCT5451469,2025-08-26 22:40:13,noise
debit,569.42,,BRANCH38,Elena Mehta,ACCT5451469,2025-08-20 13:43:16,noise
debit,1182.49,,BRANCH46,Elena Mehta,ACCT5451469,2025-08-18 13:28:43,noise
credit,644.92,,BRANCH46,Elena Mehta,ACCT5451469,2025-08-18 16:40:10,noise
credit,470.91,,BRANCH46,Elena Mehta,ACCT5451469,2025-08-15 14:33:55,noise
debit,3000.0,ACCT3995582,BRANCH46,Elena Mehta,ACCT5451469,2025-08-12 15:37:50,noise
credit,1271.84,,BRANCH46,Elena Mehta,ACCT5451469,2025-08-08 02:07:08,noise
debit,1210.61,,BRANCH27,Elena Mehta,ACCT5451469,2025-08-04 19:02:40,noise
credit,1455.08,,BRANCH97,Yara Zhou,ACCT1921428,2025-10-03 23:20:09,noise
credit,765.98,,BRANCH63,Yara Zhou,ACCT1921428,2025-10-02 19:43:11,noise
credit,695.18,,BRANCH54,Yara Zhou,ACCT1921428,2025-10-01 08:04:23,noise
credit,126.34,,BRANCH97,Yara Zhou,ACCT1921428,2025-09-30 16:08:10,noise
credit,2027.22,,BRANCH97,Yara Zhou,ACCT1921428,2025-09-30 17:25:27,noise
debit,163.14,,BRANCH97,Yara Zhou,ACCT1921428,2025-09-29 20:04:28,noise
debit,35.9,,BRANCH97,Yara Zhou,ACCT1921428,2025-09-29 20:21:28,noise
debit,243.48,,BRANCH97,Yara Zhou,ACCT1921428,2025-09-28 10:08:20,noise
debit,351.11,,BRANCH97,Yara Zhou,ACCT1921428,2025-09-27 17:45:55,noise
debit,151.68,ACCT2094063,BRANCH97,Yara Zhou,ACCT1921428,2025-09-27 11:20:04,noise
credit,3698.63,ACCT4775386,BRANCH97,Yara Zhou,ACCT1921428,2025-09-24 18:31:31,noise
credit,2389.02,,BRANCH97,Yara Zhou,ACCT1921428,2025-09-23 09:45:39,noise
debit,417.9,ACCT7278505,BRANCH97,Yara Zhou,ACCT1921428,2025-09-19 15:21:46,noise
credit,1426.67,,BRANCH97,Yara Zhou,ACCT1921428,2025-09-18 10:14:32,noise
credit,1107.23,,BRANCH66,Yara Zhou,ACCT1921428,2025-09-15 09:41:54,noise
debit,220.25,ACCT1287495,BRANCH42,Yara Zhou,ACCT1921428,2025-09-07 18:01:55,noise
debit,2495.13,,BRANCH19,Yara Zhou,ACCT1921428,2025-08-31 10:09:33,noise
credit,431.9,,BRANCH39,Yara Zhou,ACCT1921428,2025-08-28 16:20:31,noise
credit,579.06,,BRANCH64,Yara Zhou,ACCT1921428,2025-08-22 10:00:15,noise
credit,3314.22,,BRANCH97,Yara Zhou,ACCT1921428,2025-08-18 01:41:44,noise
credit,816.36,,BRANCH97,Yara Zhou,ACCT1921428,2025-08-15 17:28:17,noise
credit,438.24,,BRANCH16,Yara Zhou,ACCT1921428,2025-08-14 22:12:55,noise
debit,900.36,,BRANCH97,Yara Zhou,ACCT1921428,2025-08-13 09:24:25,noise
debit,729.33,ACCT5505009,BRANCH97,Yara Zhou,ACCT1921428,2025-08-11 13:15:19,noise
debit,456.3,,BRANCH97,Yara Zhou,ACCT1921428,2025-08-07 12:23:08,noise
credit,4462.65,ACCT5787130,BRANCH97,Yara Zhou,ACCT1921428,2025-08-07 18:19:26,noise
debit,494.93,,BRANCH97,Yara Zhou,ACCT1921428,2025-08-06 11:05:11,noise
debit,817.26,,BRANCH44,Victor Lopes,ACCT9907988,2025-10-03 23:41:09,noise
debit,331.02,,BRANCH57,Victor Lopes,ACCT9907988,2025-10-03 21:34:52,noise
credit,1663.36,,BRANCH44,Victor Lopes,ACCT9907988,2025-10-02 10:10:04,noise
debit,1362.36,,BRANCH44,Victor Lopes,ACCT9907988,2025-09-28 13:28:22,noise
debit,793.38,,BRANCH44,Victor Lopes,ACCT9907988,2025-09-25 15:38:11,noise
debit,2880.36,,BRANCH53,Victor Lopes,ACCT9907988,2025-09-25 11:24:46,noise
debit,413.65,ACCT8417862,BRANCH44,Victor Lopes,ACCT9907988,2025-09-22 09:28:05,noise
debit,281.85,,BRANCH44,Victor Lopes,ACCT9907988,2025-09-21 21:39:03,noise
debit,597.91,,BRANCH42,Victor Lopes,ACCT9907988,2025-09-21 08:05:30,noise
debit,904.27,ACCT6653295,BRANCH44,Victor Lopes,ACCT9907988,2025-09-15 15:25:42,noise
credit,802.3,,BRANCH44,Victor Lopes,ACCT9907988,2025-09-11 21:26:28,noise
debit,1013.44,,BRANCH44,Victor Lopes,ACCT9907988,2025-09-10 20:41:38,noise
credit,910.09,ACCT6318538,BRANCH26,Victor Lopes,ACCT9907988,2025-09-10 02:02:19,noise
credit,139.3,,BRANCH44,Victor Lopes,ACCT9907988,2025-09-09 17:35:39,noise
debit,547.72,ACCT2367112,BRANCH44,Victor Lopes,ACCT9907988,2025-09-03 18:35:37,noise
debit,936.1,,BRANCH44,Victor Lopes,ACCT9907988,2025-09-02 08:12:47,noise
debit,2394.91,ACCT1745945,BRANCH58,Victor Lopes,ACCT9907988,2025-09-02 20:33:06,noise
debit,2298.62,ACCT9482633,BRANCH44,Victor Lopes,ACCT9907988,2025-09-01 08:01:56,noise
credit,483.39,,BRANCH18,Victor Lopes,ACCT9907988,2025-08-30 11:41:15,noise
credit,1271.27,ACCT1745945,BRANCH44,Victor Lopes,ACCT9907988,2025-08-28 14:26:40,noise
debit,600.24,ACCT8479537,BRANCH61,Victor Lopes,ACCT9907988,2025-08-27 02:38:11,noise
debit,403.49,ACCT7068386,BRANCH44,Victor Lopes,ACCT9907988,2025-08-26 18:14:09,noise
debit,1698.96,ACCT6447710,BRANCH44,Victor Lopes,ACCT9907988,2025-08-26 08:45:53,noise
debit,375.24,,BRANCH44,Victor Lopes,ACCT9907988,2025-08-24 16:20:03,noise
debit,2457.89,,BRANCH44,Victor Lopes,ACCT9907988,2025-08-24 16:25:40,noise
debit,1745.05,ACCT6251522,BRANCH44,Victor Lopes,ACCT9907988,2025-08-23 13:21:47,noise
credit,2146.98,,BRANCH24,Victor Lopes,ACCT9907988,2025-08-23 11:23:52,noise
debit,2357.63,ACCT3616072,BRANCH44,Victor Lopes,ACCT9907988,2025-08-22 23:17:32,noise
credit,1125.03,ACCT2867597,BRANCH44,Victor Lopes,ACCT9907988,2025-08-21 22:43:23,noise
debit,631.8,,BRANCH77,Victor Lopes,ACCT9907988,2025-08-20 01:19:38,noise
debit,203.03,,BRANCH44,Victor Lopes,ACCT9907988,2025-08-17 12:13:26,noise
credit,460.44,ACCT4739370,BRANCH53,Victor Lopes,ACCT9907988,2025-08-17 19:35:44,noise
debit,1463.66,,BRANCH44,Victor Lopes,ACCT9907988,2025-08-16 09:30:19,noise
credit,1930.92,,BRANCH44,Victor Lopes,ACCT9907988,2025-08-16 17:13:17,noise
debit,1362.91,,BRANCH44,Victor Lopes,ACCT9907988,2025-08-15 16:09:59,noise
credit,938.14,ACCT2367112,BRANCH35,Victor Lopes,ACCT9907988,2025-08-11 08:15:44,noise
credit,213.29,ACCT2056282,BRANCH44,Victor Lopes,ACCT9907988,2025-08-11 15:09:17,noise
credit,1140.79,,BRANCH44,Victor Lopes,ACCT9907988,2025-08-08 14:03:13,noise
credit,2553.72,,BRANCH44,Victor Lopes,ACCT9907988,2025-08-08 10:33:21,noise
credit,426.14,,BRANCH44,Victor Lopes,ACCT9907988,2025-08-07 20:43:11,noise
credit,626.27,,BRANCH44,Victor Lopes,ACCT9907988,2025-08-04 00:23:53,noise
credit,923.92,,BRANCH15,Diego Haddad,ACCT6865653,2025-10-03 16:24:55,noise
debit,1515.98,ACCT7522765,BRANCH72,Diego Haddad,ACCT6865653,2025-09-27 02:37:05,noise
debit,1185.63,,BRANCH72,Diego Haddad,ACCT6865653,2025-09-26 19:37:17,noise
credit,462.27,,BRANCH72,Diego Haddad,ACCT6865653,2025-09-25 09:28:34,noise
credit,2367.29,,BRANCH56,Diego Haddad,ACCT6865653,2025-09-24 08:45:51,noise
credit,406.1,,BRANCH72,Diego Haddad,ACCT6865653,2025-09-24 19:42:29,noise
debit,387.5,,BRANCH72,Diego Haddad,ACCT6865653,2025-09-23 14:05:57,noise
credit,918.46,,BRANCH18,Diego Haddad,ACCT6865653,2025-09-23 23:27:21,noise
debit,2214.96,ACCT4194369,BRANCH72,Diego Haddad,ACCT6865653,2025-09-20 14:15:19,noise
debit,652.77,ACCT8479537,BRANCH72,Diego Haddad,ACCT6865653,2025-09-15 08:34:18,noise
debit,983.43,ACCT3995582,BRANCH71,Diego Haddad,ACCT6865653,2025-09-14 21:10:34,noise
credit,365.5,,BRANCH72,Diego Haddad,ACCT6865653,2025-09-13 16:16:52,noise
debit,368.98,,BRANCH72,Diego Haddad,ACCT6865653,2025-09-12 21:21:38,noise
debit,402.42,ACCT6651761,BRANCH72,Diego Haddad,ACCT6865653,2025-09-11 14:13:10,noise
debit,1216.31,,BRANCH41,Diego Haddad,ACCT6865653,2025-09-11 03:13:55,noise
debit,341.1,,BRANCH72,Diego Haddad,ACCT6865653,2025-09-10 09:19:01,noise
credit,2076.19,,BRANCH72,Diego Haddad,ACCT6865653,2025-09-10 02:25:49,noise
debit,5659.49,,BRANCH78,Diego Haddad,ACCT6865653,2025-09-07 10:07:19,noise
debit,1546.94,,BRANCH72,Diego Haddad,ACCT6865653,2025-09-05 13:07:56,noise
debit,488.19,,BRANCH72,Diego Haddad,ACCT6865653,2025-09-05 12:15:21,noise
credit,261.45,ACCT6651500,BRANCH95,Diego Haddad,ACCT6865653,2025-09-02 11:07:59,noise
debit,373.28,,BRANCH70,Diego Haddad,ACCT6865653,2025-09-01 01:30:27,noise
debit,703.63,,BRANCH52,Diego Haddad,ACCT6865653,2025-08-31 11:14:49,noise
credit,1542.71,,BRANCH72,Diego Haddad,ACCT6865653,2025-08-30 16:07:25,noise
debit,572.07,,BRANCH72,Diego Haddad,ACCT6865653,2025-08-26 08:02:05,noise
debit,1165.57,,BRANCH72,Diego Haddad,ACCT6865653,2025-08-25 11:27:01,noise
debit,1230.48,ACCT9907988,BRANCH71,Diego Haddad,ACCT6865653,2025-08-25 14:42:13,noise
debit,969.26,,BRANCH73,Diego Haddad,ACCT6865653,2025-08-23 12:14:13,noise
credit,584.31,,BRANCH72,Diego Haddad,ACCT6865653,2025-08-23 11:10:56,noise
debit,1485.49,,BRANCH72,Diego Haddad,ACCT6865653,2025-08-14 08:45:28,noise
debit,438.94,ACCT5787130,BRANCH72,Diego Haddad,ACCT6865653,2025-08-14 19:13:30,noise
credit,504.26,,BRANCH72,Diego Haddad,ACCT6865653,2025-08-07 14:31:26,noise
debit,1911.55,,BRANCH72,Diego Haddad,ACCT6865653,2025-08-05 19:22:14,noise
credit,281.5,ACCT9826303,BRANCH32,Kai Anderson,ACCT2432980,2025-10-02 14:17:22,noise
debit,298.95,,BRANCH32,Kai Anderson,ACCT2432980,2025-10-01 13:06:27,noise
debit,224.6,,BRANCH32,Kai Anderson,ACCT2432980,2025-09-30 19:15:43,noise
debit,1414.49,ACCT7874421,BRANCH32,Kai Anderson,ACCT2432980,2025-09-29 17:45:43,noise
debit,199.68,,BRANCH32,Kai Anderson,ACCT2432980,2025-09-28 08:25:04,noise
debit,781.17,,BRANCH49,Kai Anderson,ACCT2432980,2025-09-28 21:29:48,noise
debit,1803.15,,BRANCH24,Kai Anderson,ACCT2432980,2025-09-24 11:04:40,noise
credit,561.57,ACCT6816390,BRANCH48,Kai Anderson,ACCT2432980,2025-09-22 11:28:23,noise
debit,855.89,,BRANCH32,Kai Anderson,ACCT2432980,2025-09-19 00:33:30,noise
credit,618.93,ACCT5909096,BRANCH79,Kai Anderson,ACCT2432980,2025-09-17 03:05:51,noise
debit,833.84,,BRANCH32,Kai Anderson,ACCT2432980,2025-09-16 11:41:13,noise
credit,71.46,,BRANCH52,Kai Anderson,ACCT2432980,2025-09-16 09:28:46,noise
credit,387.75,,BRANCH32,Kai Anderson,ACCT2432980,2025-09-12 10:03:29,noise
debit,4456.93,,BRANCH30,Kai Anderson,ACCT2432980,2025-09-12 10:32:33,noise
debit,375.97,,BRANCH55,Kai Anderson,ACCT2432980,2025-09-11 13:39:29,noise
debit,570.94,,BRANCH32,Kai Anderson,ACCT2432980,2025-09-11 20:03:51,noise
credit,350.33,,BRANCH32,Kai Anderson,ACCT2432980,2025-09-10 14:08:13,noise
debit,893.45,,BRANCH32,Kai Anderson,ACCT2432980,2025-09-10 09:08:01,noise
credit,4295.61,,BRANCH32,Kai Anderson,ACCT2432980,2025-09-09 10:25:45,noise
debit,379.72,ACCT2942611,BRANCH32,Kai Anderson,ACCT2432980,2025-09-08 16:05:22,noise
debit,355.4,,BRANCH32,Kai Anderson,ACCT2432980,2025-09-05 23:06:57,noise
credit,624.35,,BRANCH41,Kai Anderson,ACCT2432980,2025-09-05 02:39:23,noise
debit,516.79,,BRANCH14,Kai Anderson,ACCT2432980,2025-09-04 13:14:56,noise
debit,1556.13,,BRANCH32,Kai Anderson,ACCT2432980,2025-09-04 16:22:14,noise
debit,398.19,,BRANCH32,Kai Anderson,ACCT2432980,2025-09-01 14:33:38,noise
credit,1330.75,ACCT9489758,BRANCH31,Kai Anderson,ACCT2432980,2025-08-29 12:33:39,noise
credit,1674.71,,BRANCH37,Kai Anderson,ACCT2432980,2025-08-29 20:38:39,noise
credit,101.95,,BRANCH32,Kai Anderson,ACCT2432980,2025-08-23 16:06:07,noise
debit,256.29,ACCT2597364,BRANCH32,Kai Anderson,ACCT2432980,2025-08-22 19:20:02,noise
credit,3394.15,,BRANCH47,Kai Anderson,ACCT2432980,2025-08-21 14:24:02,noise
credit,212.52,,BRANCH32,Kai Anderson,ACCT2432980,2025-08-21 02:13:51,noise
credit,989.28,ACCT9489758,BRANCH87,Kai Anderson,ACCT2432980,2025-08-17 01:27:25,noise
credit,584.9,ACCT4162948,BRANCH32,Kai Anderson,ACCT2432980,2025-08-17 20:01:57,noise
debit,311.6,ACCT7522765,BRANCH72,Kai Anderson,ACCT2432980,2025-08-15 09:19:30,noise
credit,416.02,,BRANCH32,Kai Anderson,ACCT2432980,2025-08-14 11:40:34,noise
debit,281.67,,BRANCH32,Kai Anderson,ACCT2432980,2025-08-13 18:28:36,noise
debit,3134.05,,BRANCH32,Kai Anderson,ACCT2432980,2025-08-11 13:06:34,noise
credit,1111.4,ACCT2597364,BRANCH40,Kai Anderson,ACCT2432980,2025-08-11 01:17:10,noise
credit,2493.31,ACCT2367112,BRANCH32,Kai Anderson,ACCT2432980,2025-08-06 19:32:47,noise
credit,3246.32,,BRANCH84,Kai Anderson,ACCT2432980,2025-08-05 16:10:44,noise
credit,526.21,ACCT3616072,BRANCH32,Kai Anderson,ACCT2432980,2025-08-04 09:40:29,noise
debit,299.09,ACCT1784651,BRANCH28,Kai Anderson,ACCT2432980,2025-08-04 09:01:39,noise
credit,490.54,,BRANCH30,Cara Wei,ACCT3995582,2025-10-02 10:36:04,noise
credit,722.26,ACCT1839300,BRANCH30,Cara Wei,ACCT3995582,2025-10-02 08:10:44,noise
debit,243.52,,BRANCH20,Cara Wei,ACCT3995582,2025-10-01 14:25:49,noise
credit,606.54,,BRANCH30,Cara Wei,ACCT3995582,2025-09-30 18:11:48,noise
debit,2032.67,,BRANCH30,Cara Wei,ACCT3995582,2025-09-29 20:02:15,noise
debit,602.08,,BRANCH30,Cara Wei,ACCT3995582,2025-09-26 13:13:38,noise
credit,1611.62,,BRANCH48,Cara Wei,ACCT3995582,2025-09-25 17:36:52,noise
debit,5010.04,,BRANCH30,Cara Wei,ACCT3995582,2025-09-21 20:06:30,noise
credit,210.29,,BRANCH88,Cara Wei,ACCT3995582,2025-09-20 08:32:21,noise
credit,487.61,,BRANCH30,Cara Wei,ACCT3995582,2025-09-19 12:43:27,noise
debit,879.6,,BRANCH30,Cara Wei,ACCT3995582,2025-09-16 02:08:58,noise
credit,620.9,,BRANCH30,Cara Wei,ACCT3995582,2025-09-13 08:36:40,noise
credit,591.61,,BRANCH30,Cara Wei,ACCT3995582,2025-09-11 11:43:46,noise
credit,4135.32,ACCT9375023,BRANCH30,Cara Wei,ACCT3995582,2025-09-04 22:29:25,noise
debit,515.95,,BRANCH14,Cara Wei,ACCT3995582,2025-08-28 17:45:43,noise
debit,1820.89,,BRANCH30,Cara Wei,ACCT3995582,2025-08-27 12:10:15,noise
credit,359.07,ACCT6806200,BRANCH30,Cara Wei,ACCT3995582,2025-08-22 16:08:28,noise
credit,8899.48,,BRANCH23,Cara Wei,ACCT3995582,2025-08-21 00:12:26,noise
credit,350.33,,BRANCH30,Cara Wei,ACCT3995582,2025-08-21 10:13:05,noise
debit,1460.9,,BRANCH30,Cara Wei,ACCT3995582,2025-08-18 21:04:01,noise
credit,948.34,,BRANCH30,Cara Wei,ACCT3995582,2025-08-17 14:21:00,noise
debit,431.58,,BRANCH30,Cara Wei,ACCT3995582,2025-08-17 09:00:52,noise
credit,1217.31,,BRANCH30,Cara Wei,ACCT3995582,2025-08-12 19:00:23,noise
credit,749.59,,BRANCH30,Cara Wei,ACCT3995582,2025-08-10 01:30:15,noise
debit,3557.04,,BRANCH72,Cara Wei,ACCT3995582,2025-08-08 23:38:05,noise
debit,516.24,,BRANCH30,Cara Wei,ACCT3995582,2025-08-04 10:08:15,noise
credit,270.97,,BRANCH82,Kai Anderson,ACCT2748184,2025-09-30 08:14:02,noise
credit,206.58,,BRANCH82,Kai Anderson,ACCT2748184,2025-09-26 13:36:31,noise
credit,2318.62,,BRANCH82,Kai Anderson,ACCT2748184,2025-09-23 23:09:13,noise
debit,216.07,,BRANCH82,Kai Anderson,ACCT2748184,2025-09-23 11:29:26,noise
debit,3406.05,,BRANCH19,Kai Anderson,ACCT2748184,2025-09-21 12:06:06,noise
debit,857.04,,BRANCH82,Kai Anderson,ACCT2748184,2025-09-21 15:09:18,noise
debit,230.17,ACCT5505009,BRANCH82,Kai Anderson,ACCT2748184,2025-09-20 12:33:16,noise
credit,2201.92,,BRANCH82,Kai Anderson,ACCT2748184,2025-09-17 20:08:36,noise
credit,406.5,ACCT5505009,BRANCH14,Kai Anderson,ACCT2748184,2025-09-13 00:01:26,noise
debit,683.49,ACCT2537273,BRANCH82,Kai Anderson,ACCT2748184,2025-09-13 16:06:14,noise
credit,1637.21,,BRANCH82,Kai Anderson,ACCT2748184,2025-09-12 00:28:02,noise
credit,253.73,,BRANCH82,Kai Anderson,ACCT2748184,2025-09-10 19:31:22,noise
credit,483.83,ACCT6804640,BRANCH20,Kai Anderson,ACCT2748184,2025-09-08 01:29:29,noise
debit,746.33,,BRANCH82,Kai Anderson,ACCT2748184,2025-09-07 19:39:45,noise
debit,1520.95,,BRANCH82,Kai Anderson,ACCT2748184,2025-09-07 11:32:23,noise
credit,1526.38,ACCT7522765,BRANCH82,Kai Anderson,ACCT2748184,2025-09-06 10:33:41,noise
debit,4370.15,,BRANCH53,Kai Anderson,ACCT2748184,2025-09-02 18:43:27,noise
debit,621.85,,BRANCH82,Kai Anderson,ACCT2748184,2025-08-31 16:08:12,noise
credit,167.13,,BRANCH22,Kai Anderson,ACCT2748184,2025-08-31 08:40:39,noise
debit,1529.29,,BRANCH82,Kai Anderson,ACCT2748184,2025-08-27 18:14:23,noise
debit,732.44,,BRANCH82,Kai Anderson,ACCT2748184,2025-08-24 01:37:49,noise
credit,1214.6,ACCT6656710,BRANCH82,Kai Anderson,ACCT2748184,2025-08-21 17:40:06,noise
debit,1419.89,,BRANCH82,Kai Anderson,ACCT2748184,2025-08-20 00:28:04,noise
debit,3000.0,ACCT1287495,BRANCH82,Kai Anderson,ACCT2748184,2025-08-20 19:24:43,noise
credit,573.52,,BRANCH82,Kai Anderson,ACCT2748184,2025-08-14 17:05:47,noise
debit,390.01,,BRANCH82,Kai Anderson,ACCT2748184,2025-08-14 02:37:09,noise
credit,636.94,ACCT5165157,BRANCH82,Kai Anderson,ACCT2748184,2025-08-13 08:20:44,noise
debit,684.16,ACCT4903427,BRANCH82,Kai Anderson,ACCT2748184,2025-08-13 18:33:53,noise
credit,179.68,ACCT1839300,BRANCH82,Kai Anderson,ACCT2748184,2025-08-06 09:28:15,noise
credit,768.49,ACCT2942611,BRANCH79,Kai Anderson,ACCT2748184,2025-08-04 15:35:41,noise
debit,902.55,,BRANCH70,Kai Anderson,ACCT2748184,2025-08-04 08:36:34,noise
credit,659.53,ACCT5173151,BRANCH37,Fahad Haddad,ACCT3185584,2025-10-03 20:35:50,noise
debit,749.09,,BRANCH97,Fahad Haddad,ACCT3185584,2025-10-03 02:32:00,noise
debit,147.39,,BRANCH25,Fahad Haddad,ACCT3185584,2025-09-30 20:44:17,noise
debit,583.55,ACCT5165157,BRANCH97,Fahad Haddad,ACCT3185584,2025-09-29 15:06:47,noise
debit,344.19,,BRANCH89,Fahad Haddad,ACCT3185584,2025-09-29 09:05:02,noise
credit,737.76,,BRANCH43,Fahad Haddad,ACCT3185584,2025-09-27 20:32:29,noise
debit,370.42,,BRANCH30,Fahad Haddad,ACCT3185584,2025-09-24 08:09:51,noise
debit,114.96,,BRANCH97,Fahad Haddad,ACCT3185584,2025-09-23 10:16:20,noise
debit,313.75,,BRANCH97,Fahad Haddad,ACCT3185584,2025-09-23 00:36:33,noise
credit,389.88,ACCT1784651,BRANCH28,Fahad Haddad,ACCT3185584,2025-09-20 18:41:40,noise
debit,580.67,,BRANCH97,Fahad Haddad,ACCT3185584,2025-09-20 16:39:33,noise
credit,758.44,,BRANCH97,Fahad Haddad,ACCT3185584,2025-09-19 13:27:42,noise
credit,859.35,ACCT1771816,BRANCH97,Fahad Haddad,ACCT3185584,2025-09-18 21:15:48,noise
credit,907.16,,BRANCH97,Fahad Haddad,ACCT3185584,2025-09-16 16:14:15,noise
debit,780.73,,BRANCH97,Fahad Haddad,ACCT3185584,2025-09-16 10:18:27,noise
credit,819.8,,BRANCH91,Fahad Haddad,ACCT3185584,2025-09-14 13:08:14,noise
credit,87.88,ACCT8479537,BRANCH95,Fahad Haddad,ACCT3185584,2025-09-12 23:31:32,noise
credit,498.05,,BRANCH97,Fahad Haddad,ACCT3185584,2025-09-11 10:27:14,noise
credit,418.18,,BRANCH97,Fahad Haddad,ACCT3185584,2025-09-05 14:03:38,noise
credit,467.66,,BRANCH97,Fahad Haddad,ACCT3185584,2025-09-01 14:16:15,noise
debit,1135.13,,BRANCH97,Fahad Haddad,ACCT3185584,2025-08-31 21:08:14,noise
debit,402.51,,BRANCH98,Fahad Haddad,ACCT3185584,2025-08-28 10:31:51,noise
debit,795.76,ACCT9907988,BRANCH97,Fahad Haddad,ACCT3185584,2025-08-27 23:17:40,noise
credit,946.91,ACCT9489758,BRANCH97,Fahad Haddad,ACCT3185584,2025-08-26 12:25:24,noise
credit,856.12,ACCT7522765,BRANCH97,Fahad Haddad,ACCT3185584,2025-08-26 13:19:50,noise
credit,154.77,,BRANCH59,Fahad Haddad,ACCT3185584,2025-08-22 09:28:05,noise
credit,964.59,ACCT7339022,BRANCH94,Fahad Haddad,ACCT3185584,2025-08-19 08:37:33,noise
credit,262.54,,BRANCH97,Fahad Haddad,ACCT3185584,2025-08-19 12:33:41,noise
debit,271.77,ACCT7522765,BRANCH97,Fahad Haddad,ACCT3185584,2025-08-17 00:06:22,noise
debit,92.42,,BRANCH97,Fahad Haddad,ACCT3185584,2025-08-16 17:15:18,noise
debit,574.89,,BRANCH97,Fahad Haddad,ACCT3185584,2025-08-10 20:16:16,noise
debit,2376.62,,BRANCH24,Fahad Haddad,ACCT3185584,2025-08-09 15:01:11,noise
credit,302.94,,BRANCH97,Fahad Haddad,ACCT3185584,2025-08-09 19:24:28,noise
credit,1001.79,ACCT1745945,BRANCH97,Fahad Haddad,ACCT3185584,2025-08-08 04:13:40,noise
debit,884.1,ACCT2942611,BRANCH25,Xin ElSayed,ACCT7278505,2025-10-01 09:41:11,noise
debit,216.12,,BRANCH25,Xin ElSayed,ACCT7278505,2025-10-01 17:24:00,noise
debit,308.98,,BRANCH25,Xin ElSayed,ACCT7278505,2025-09-30 23:21:33,noise
debit,86.47,ACCT8603968,BRANCH52,Xin ElSayed,ACCT7278505,2025-09-27 16:34:18,noise
debit,493.6,ACCT4764419,BRANCH25,Xin ElSayed,ACCT7278505,2025-09-23 13:28:57,noise
debit,1719.85,,BRANCH25,Xin ElSayed,ACCT7278505,2025-09-20 23:23:56,noise
credit,1205.62,ACCT4777124,BRANCH25,Xin ElSayed,ACCT7278505,2025-09-16 16:05:50,noise
credit,171.97,,BRANCH25,Xin ElSayed,ACCT7278505,2025-09-15 15:09:32,noise
debit,485.91,,BRANCH25,Xin ElSayed,ACCT7278505,2025-09-14 19:37:10,noise
credit,883.91,,BRANCH25,Xin ElSayed,ACCT7278505,2025-09-13 12:43:34,noise
debit,271.22,,BRANCH57,Xin ElSayed,ACCT7278505,2025-09-12 09:29:22,noise
credit,640.81,ACCT3616072,BRANCH25,Xin ElSayed,ACCT7278505,2025-09-10 20:31:15,noise
debit,1993.31,,BRANCH25,Xin ElSayed,ACCT7278505,2025-09-10 14:18:47,noise
debit,744.37,,BRANCH25,Xin ElSayed,ACCT7278505,2025-09-08 14:04:36,noise
debit,913.68,,BRANCH25,Xin ElSayed,ACCT7278505,2025-09-08 21:07:49,noise
credit,683.39,,BRANCH25,Xin ElSayed,ACCT7278505,2025-09-03 20:32:39,noise
debit,3000.0,ACCT1968888,BRANCH25,Xin ElSayed,ACCT7278505,2025-09-02 17:29:08,noise
credit,1062.82,,BRANCH25,Xin ElSayed,ACCT7278505,2025-09-02 17:33:55,noise
credit,2229.34,,BRANCH44,Xin ElSayed,ACCT7278505,2025-08-30 22:40:02,noise
debit,345.29,,BRANCH25,Xin ElSayed,ACCT7278505,2025-08-30 20:17:42,noise
debit,1385.45,,BRANCH25,Xin ElSayed,ACCT7278505,2025-08-29 09:01:34,noise
credit,331.87,ACCT4983211,BRANCH14,Xin ElSayed,ACCT7278505,2025-08-28 17:01:20,noise
credit,671.53,,BRANCH33,Xin ElSayed,ACCT7278505,2025-08-23 15:25:55,noise
credit,51.05,ACCT5868394,BRANCH25,Xin ElSayed,ACCT7278505,2025-08-20 15:12:03,noise
debit,1037.24,ACCT5451469,BRANCH62,Xin ElSayed,ACCT7278505,2025-08-19 11:25:20,noise
debit,2882.01,,BRANCH25,Xin ElSayed,ACCT7278505,2025-08-17 16:41:35,noise
debit,304.43,ACCT9283195,BRANCH89,Xin ElSayed,ACCT7278505,2025-08-17 14:30:52,noise
credit,103.71,,BRANCH25,Xin ElSayed,ACCT7278505,2025-08-14 17:11:28,noise
credit,1102.28,,BRANCH25,Xin ElSayed,ACCT7278505,2025-08-13 17:14:46,noise
debit,471.52,,BRANCH25,Xin ElSayed,ACCT7278505,2025-08-13 11:02:00,noise
debit,430.09,,BRANCH25,Xin ElSayed,ACCT7278505,2025-08-12 11:05:40,noise
credit,452.72,ACCT2056282,BRANCH25,Xin ElSayed,ACCT7278505,2025-08-12 10:02:32,noise
credit,1345.95,,BRANCH25,Xin ElSayed,ACCT7278505,2025-08-11 17:29:41,noise
credit,316.06,,BRANCH25,Xin ElSayed,ACCT7278505,2025-08-09 15:13:33,noise
debit,5811.59,,BRANCH25,Xin ElSayed,ACCT7278505,2025-08-08 17:32:29,noise
credit,1907.73,,BRANCH25,Xin ElSayed,ACCT7278505,2025-08-05 10:06:19,noise
credit,226.53,,BRANCH25,Xin ElSayed,ACCT7278505,2025-08-05 11:04:59,noise
credit,1819.77,,BRANCH42,Zane Bakker,ACCT7141300,2025-10-03 11:06:40,noise
credit,271.23,,BRANCH42,Zane Bakker,ACCT7141300,2025-10-01 16:22:42,noise
debit,844.72,,BRANCH42,Zane Bakker,ACCT7141300,2025-09-30 08:23:45,noise
debit,361.24,ACCT4764419,BRANCH42,Zane Bakker,ACCT7141300,2025-09-28 09:45:09,noise
credit,740.36,ACCT8417862,BRANCH42,Zane Bakker,ACCT7141300,2025-09-28 16:40:06,noise
credit,913.3,,BRANCH93,Zane Bakker,ACCT7141300,2025-09-27 01:16:47,noise
credit,503.66,,BRANCH42,Zane Bakker,ACCT7141300,2025-09-27 11:29:43,noise
credit,509.89,ACCT8458814,BRANCH42,Zane Bakker,ACCT7141300,2025-09-25 15:36:00,noise
credit,636.75,,BRANCH42,Zane Bakker,ACCT7141300,2025-09-24 22:44:09,noise
credit,2055.51,,BRANCH42,Zane Bakker,ACCT7141300,2025-09-22 16:19:57,noise
debit,262.33,,BRANCH87,Zane Bakker,ACCT7141300,2025-09-20 09:21:09,noise
credit,2246.33,,BRANCH42,Zane Bakker,ACCT7141300,2025-09-20 02:05:04,noise
debit,592.49,ACCT6865653,BRANCH42,Zane Bakker,ACCT7141300,2025-09-18 00:38:16,noise
credit,1972.22,,BRANCH42,Zane Bakker,ACCT7141300,2025-09-18 14:13:10,noise
credit,906.29,,BRANCH42,Zane Bakker,ACCT7141300,2025-09-15 00:39:28,noise
credit,1264.57,ACCT4487540,BRANCH42,Zane Bakker,ACCT7141300,2025-09-11 08:45:47,noise
credit,917.78,,BRANCH42,Zane Bakker,ACCT7141300,2025-09-10 16:38:25,noise
credit,1694.89,,BRANCH42,Zane Bakker,ACCT7141300,2025-09-08 16:34:11,noise
credit,1481.44,ACCT7019631,BRANCH42,Zane Bakker,ACCT7141300,2025-09-08 00:33:25,noise
debit,2811.02,,BRANCH42,Zane Bakker,ACCT7141300,2025-09-05 13:45:37,noise
debit,669.69,,BRANCH84,Zane Bakker,ACCT7141300,2025-09-05 20:18:20,noise
debit,2858.87,,BRANCH42,Zane Bakker,ACCT7141300,2025-09-02 14:31:32,noise
debit,2330.89,,BRANCH30,Zane Bakker,ACCT7141300,2025-09-01 16:37:13,noise
credit,1000.81,,BRANCH42,Zane Bakker,ACCT7141300,2025-08-30 20:22:10,noise
debit,125.12,,BRANCH51,Zane Bakker,ACCT7141300,2025-08-30 04:45:21,noise
debit,928.95,,BRANCH42,Zane Bakker,ACCT7141300,2025-08-28 08:39:42,noise
debit,985.12,,BRANCH10,Zane Bakker,ACCT7141300,2025-08-24 22:26:40,noise
debit,321.68,ACCT9283195,BRANCH42,Zane Bakker,ACCT7141300,2025-08-24 18:36:30,noise
debit,3000.0,ACCT9283195,BRANCH69,Zane Bakker,ACCT7141300,2025-08-23 13:43:02,noise
debit,1452.09,ACCT3995582,BRANCH37,Zane Bakker,ACCT7141300,2025-08-22 17:14:59,noise
credit,952.31,ACCT1706139,BRANCH70,Zane Bakker,ACCT7141300,2025-08-21 20:38:25,noise
credit,991.86,ACCT9482633,BRANCH42,Zane Bakker,ACCT7141300,2025-08-19 11:41:00,noise
credit,4962.04,,BRANCH42,Zane Bakker,ACCT7141300,2025-08-18 16:02:25,noise
credit,812.66,,BRANCH42,Zane Bakker,ACCT7141300,2025-08-14 12:19:04,noise
credit,923.51,,BRANCH81,Zane Bakker,ACCT7141300,2025-08-13 19:42:52,noise
credit,648.66,,BRANCH42,Zane Bakker,ACCT7141300,2025-08-13 20:42:43,noise
debit,355.12,ACCT6339810,BRANCH42,Zane Bakker,ACCT7141300,2025-08-12 20:29:59,noise
debit,522.74,,BRANCH90,Zane Bakker,ACCT7141300,2025-08-11 12:20:14,noise
credit,2399.46,,BRANCH42,Zane Bakker,ACCT7141300,2025-08-11 18:25:53,noise
credit,753.47,,BRANCH52,Zane Bakker,ACCT7141300,2025-08-08 20:26:47,noise
debit,325.03,ACCT8129193,BRANCH42,Zane Bakker,ACCT7141300,2025-08-08 13:34:47,noise
debit,550.35,,BRANCH32,Zane Bakker,ACCT7141300,2025-08-06 15:15:30,noise
credit,617.92,,BRANCH42,Zane Bakker,ACCT7141300,2025-08-04 03:03:46,noise
credit,9194.02,ACCT8417862,BRANCH87,Leo Mehta,ACCT9472621,2025-12-16 00:30:54,noise
credit,8210.32,ACCT1152003,BRANCH87,Leo Mehta,ACCT9472621,2025-12-12 19:23:04,noise
credit,6441.19,ACCT7339022,BRANCH87,Leo Mehta,ACCT9472621,2025-12-05 03:14:01,noise
credit,8171.62,ACCT1287495,BRANCH87,Leo Mehta,ACCT9472621,2025-12-18 04:06:36,noise
credit,8474.75,ACCT5165157,BRANCH87,Leo Mehta,ACCT9472621,2025-12-22 03:27:36,noise
credit,9754.25,ACCT2056282,BRANCH87,Leo Mehta,ACCT9472621,2025-12-28 03:30:46,noise
credit,9326.15,ACCT6318538,BRANCH87,Leo Mehta,ACCT9472621,2025-11-27 01:05:29,noise
credit,14773.29,ACCT7424847,BRANCH87,Leo Mehta,ACCT9472621,2025-12-17 01:26:38,noise
debit,4455.78,,BRANCH25,Ravi Iqbal,ACCT5415169,2025-10-03 09:43:23,noise
credit,2055.15,,BRANCH13,Ravi Iqbal,ACCT5415169,2025-10-02 18:39:29,noise
debit,1090.64,,BRANCH73,Ravi Iqbal,ACCT5415169,2025-10-02 15:14:49,noise
debit,129.89,ACCT3616072,BRANCH73,Ravi Iqbal,ACCT5415169,2025-10-01 17:27:31,noise
debit,572.37,ACCT6923329,BRANCH73,Ravi Iqbal,ACCT5415169,2025-10-01 15:45:09,noise
credit,540.23,ACCT6323013,BRANCH73,Ravi Iqbal,ACCT5415169,2025-09-29 20:38:23,noise
credit,822.4,ACCT6651500,BRANCH73,Ravi Iqbal,ACCT5415169,2025-09-27 08:06:07,noise
credit,376.72,,BRANCH73,Ravi Iqbal,ACCT5415169,2025-09-22 08:23:42,noise
credit,1026.15,,BRANCH73,Ravi Iqbal,ACCT5415169,2025-09-22 05:21:16,noise
debit,1148.24,ACCT5391245,BRANCH66,Ravi Iqbal,ACCT5415169,2025-09-18 00:35:12,noise
debit,3429.16,,BRANCH73,Ravi Iqbal,ACCT5415169,2025-09-14 17:43:23,noise
credit,420.32,,BRANCH73,Ravi Iqbal,ACCT5415169,2025-09-14 22:10:56,noise
credit,1008.04,,BRANCH46,Ravi Iqbal,ACCT5415169,2025-09-11 13:23:13,noise
credit,1028.55,,BRANCH73,Ravi Iqbal,ACCT5415169,2025-09-11 19:38:46,noise
credit,935.86,ACCT6804640,BRANCH73,Ravi Iqbal,ACCT5415169,2025-09-05 16:27:09,noise
credit,554.72,ACCT7068386,BRANCH55,Ravi Iqbal,ACCT5415169,2025-09-05 15:31:14,noise
debit,2716.87,ACCT4266719,BRANCH15,Ravi Iqbal,ACCT5415169,2025-08-28 14:08:33,noise
debit,330.18,,BRANCH73,Ravi Iqbal,ACCT5415169,2025-08-28 08:06:25,noise
debit,3806.55,,BRANCH73,Ravi Iqbal,ACCT5415169,2025-08-26 20:06:02,noise
credit,1252.27,,BRANCH73,Ravi Iqbal,ACCT5415169,2025-08-25 15:26:53,noise
debit,169.63,ACCT6865653,BRANCH73,Ravi Iqbal,ACCT5415169,2025-08-25 18:12:12,noise
credit,629.65,,BRANCH73,Ravi Iqbal,ACCT5415169,2025-08-22 17:21:34,noise
credit,1409.06,ACCT4777124,BRANCH10,Ravi Iqbal,ACCT5415169,2025-08-21 20:41:54,noise
credit,678.63,,BRANCH73,Ravi Iqbal,ACCT5415169,2025-08-19 16:03:04,noise
credit,369.23,ACCT4739370,BRANCH73,Ravi Iqbal,ACCT5415169,2025-08-18 22:29:01,noise
credit,211.62,,BRANCH43,Ravi Iqbal,ACCT5415169,2025-08-18 08:44:15,noise
credit,462.47,,BRANCH28,Ravi Iqbal,ACCT5415169,2025-08-16 02:20:20,noise
debit,462.56,ACCT4487540,BRANCH73,Ravi Iqbal,ACCT5415169,2025-08-14 09:20:35,noise
debit,1564.08,,BRANCH73,Ravi Iqbal,ACCT5415169,2025-08-09 17:42:19,noise
debit,1299.31,,BRANCH73,Ravi Iqbal,ACCT5415169,2025-08-08 23:15:48,noise
credit,1649.71,,BRANCH73,Ravi Iqbal,ACCT5415169,2025-08-08 08:01:46,noise
debit,1634.77,ACCT9061101,BRANCH73,Ravi Iqbal,ACCT5415169,2025-08-07 20:20:52,noise
credit,2732.28,,BRANCH37,Ravi Iqbal,ACCT5415169,2025-08-07 19:20:16,noise
debit,648.28,ACCT2942611,BRANCH73,Ravi Iqbal,ACCT5415169,2025-08-05 19:25:52,noise
debit,573.56,ACCT8417862,BRANCH47,Ben Silva,ACCT8129193,2025-10-03 16:15:49,noise
debit,1875.1,,BRANCH47,Ben Silva,ACCT8129193,2025-10-02 11:12:58,noise
credit,1367.15,,BRANCH92,Ben Silva,ACCT8129193,2025-10-02 16:12:45,noise
credit,600.88,,BRANCH47,Ben Silva,ACCT8129193,2025-09-29 10:04:31,noise
credit,2180.86,,BRANCH18,Ben Silva,ACCT8129193,2025-09-29 17:40:24,noise
debit,756.92,ACCT1745945,BRANCH47,Ben Silva,ACCT8129193,2025-09-27 20:04:54,noise
credit,643.59,,BRANCH47,Ben Silva,ACCT8129193,2025-09-27 02:29:43,noise
credit,317.02,,BRANCH47,Ben Silva,ACCT8129193,2025-09-22 02:04:43,noise
debit,3287.4,,BRANCH47,Ben Silva,ACCT8129193,2025-09-22 08:29:32,noise
debit,241.8,ACCT9749800,BRANCH69,Ben Silva,ACCT8129193,2025-09-21 12:42:00,noise
debit,1618.11,,BRANCH47,Ben Silva,ACCT8129193,2025-09-21 16:29:40,noise
credit,175.44,,BRANCH47,Ben Silva,ACCT8129193,2025-09-19 22:12:21,noise
debit,2752.06,,BRANCH47,Ben Silva,ACCT8129193,2025-09-19 21:45:23,noise
credit,147.29,,BRANCH47,Ben Silva,ACCT8129193,2025-09-16 17:20:28,noise
credit,775.61,ACCT2942611,BRANCH47,Ben Silva,ACCT8129193,2025-09-15 16:45:10,noise
debit,330.57,,BRANCH47,Ben Silva,ACCT8129193,2025-09-15 00:30:05,noise
credit,5910.06,,BRANCH76,Ben Silva,ACCT8129193,2025-09-12 20:17:36,noise
credit,1166.44,,BRANCH47,Ben Silva,ACCT8129193,2025-09-08 12:09:34,noise
debit,474.98,,BRANCH47,Ben Silva,ACCT8129193,2025-09-05 11:36:26,noise
debit,424.08,,BRANCH47,Ben Silva,ACCT8129193,2025-09-05 15:25:06,noise
debit,1489.97,ACCT4194369,BRANCH17,Ben Silva,ACCT8129193,2025-09-03 17:06:57,noise
debit,461.45,ACCT9907988,BRANCH47,Ben Silva,ACCT8129193,2025-09-01 19:09:48,noise
credit,1114.06,ACCT3425461,BRANCH45,Ben Silva,ACCT8129193,2025-08-28 21:18:41,noise
debit,1787.93,ACCT6651500,BRANCH47,Ben Silva,ACCT8129193,2025-08-27 21:37:08,noise
credit,1391.54,,BRANCH47,Ben Silva,ACCT8129193,2025-08-26 23:00:07,noise
debit,1817.24,,BRANCH47,Ben Silva,ACCT8129193,2025-08-26 04:01:14,noise
credit,306.01,ACCT4777124,BRANCH47,Ben Silva,ACCT8129193,2025-08-24 16:03:24,noise
credit,3003.95,,BRANCH47,Ben Silva,ACCT8129193,2025-08-21 15:04:14,noise
credit,1156.62,,BRANCH35,Ben Silva,ACCT8129193,2025-08-18 13:05:48,noise
debit,1102.52,,BRANCH47,Ben Silva,ACCT8129193,2025-08-18 10:35:52,noise
debit,313.48,,BRANCH71,Ben Silva,ACCT8129193,2025-08-13 09:37:07,noise
credit,2307.18,,BRANCH48,Ben Silva,ACCT8129193,2025-08-13 09:13:15,noise
debit,296.37,,BRANCH47,Ben Silva,ACCT8129193,2025-08-12 01:01:12,noise
debit,821.64,,BRANCH47,Ben Silva,ACCT8129193,2025-08-11 19:20:58,noise
debit,314.4,,BRANCH47,Ben Silva,ACCT8129193,2025-08-11 19:42:44,noise
debit,335.48,,BRANCH79,Ben Silva,ACCT8129193,2025-08-10 12:24:50,noise
credit,285.11,,BRANCH14,Ben Silva,ACCT8129193,2025-08-09 09:18:41,noise
debit,385.39,,BRANCH47,Ben Silva,ACCT8129193,2025-08-08 15:23:22,noise
debit,1838.93,,BRANCH47,Ben Silva,ACCT8129193,2025-08-07 11:08:41,noise
debit,573.6,,BRANCH47,Ben Silva,ACCT8129193,2025-08-07 02:11:02,noise
debit,667.76,,BRANCH46,Ben Silva,ACCT8129193,2025-08-05 11:45:18,noise
debit,429.54,ACCT9482633,BRANCH47,Ben Silva,ACCT8129193,2025-08-05 08:22:22,noise
credit,2324.59,,BRANCH91,Victor Unger,ACCT1784651,2025-09-24 10:17:26,noise
debit,2095.27,,BRANCH11,Victor Unger,ACCT1784651,2025-09-22 04:08:08,noise
credit,438.68,,BRANCH15,Victor Unger,ACCT1784651,2025-09-21 16:23:03,noise
credit,479.95,ACCT3995582,BRANCH11,Victor Unger,ACCT1784651,2025-09-19 03:27:11,noise
credit,100.69,,BRANCH11,Victor Unger,ACCT1784651,2025-09-18 17:02:04,noise
debit,522.57,,BRANCH49,Victor Unger,ACCT1784651,2025-09-18 02:02:11,noise
debit,527.19,ACCT1745945,BRANCH11,Victor Unger,ACCT1784651,2025-09-17 13:26:18,noise
credit,224.77,ACCT2597364,BRANCH77,Victor Unger,ACCT1784651,2025-09-17 10:31:49,noise
credit,2895.47,,BRANCH11,Victor Unger,ACCT1784651,2025-09-13 05:28:06,noise
debit,499.48,,BRANCH66,Victor Unger,ACCT1784651,2025-09-12 13:19:28,noise
debit,601.18,ACCT5415169,BRANCH38,Victor Unger,ACCT1784651,2025-09-04 09:29:49,noise
credit,543.56,,BRANCH11,Victor Unger,ACCT1784651,2025-09-02 13:02:22,noise
credit,1513.69,,BRANCH11,Victor Unger,ACCT1784651,2025-09-02 18:34:46,noise
debit,116.9,ACCT5787130,BRANCH79,Victor Unger,ACCT1784651,2025-08-29 18:27:43,noise
debit,2246.54,ACCT3126822,BRANCH93,Victor Unger,ACCT1784651,2025-08-27 10:09:38,noise
credit,232.52,,BRANCH18,Victor Unger,ACCT1784651,2025-08-27 23:07:22,noise
debit,3354.44,,BRANCH11,Victor Unger,ACCT1784651,2025-08-24 16:24:13,noise
credit,231.31,,BRANCH81,Victor Unger,ACCT1784651,2025-08-20 04:19:15,noise
debit,1373.79,,BRANCH15,Victor Unger,ACCT1784651,2025-08-17 09:42:18,noise
credit,718.48,,BRANCH11,Victor Unger,ACCT1784651,2025-08-17 21:26:22,noise
debit,432.29,ACCT1839300,BRANCH38,Victor Unger,ACCT1784651,2025-08-16 03:00:11,noise
credit,163.23,,BRANCH11,Victor Unger,ACCT1784651,2025-08-11 15:34:03,noise
credit,4536.22,,BRANCH36,Victor Unger,ACCT1784651,2025-08-07 12:02:30,noise
debit,635.92,,BRANCH11,Victor Unger,ACCT1784651,2025-08-07 17:17:53,noise
credit,8822.89,,BRANCH11,Victor Unger,ACCT1784651,2025-08-05 16:12:31,noise
debit,886.82,,BRANCH40,Uma Fischer,ACCT1839300,2025-10-03 19:09:21,noise
debit,1196.47,,BRANCH40,Uma Fischer,ACCT1839300,2025-09-29 22:01:54,noise
debit,488.39,,BRANCH92,Uma Fischer,ACCT1839300,2025-09-26 15:22:49,noise
debit,625.91,,BRANCH93,Uma Fischer,ACCT1839300,2025-09-25 20:45:22,noise
credit,2025.81,,BRANCH40,Uma Fischer,ACCT1839300,2025-09-25 19:11:40,noise
debit,354.82,,BRANCH78,Uma Fischer,ACCT1839300,2025-09-24 16:33:24,noise
credit,619.86,,BRANCH40,Uma Fischer,ACCT1839300,2025-09-24 01:35:48,noise
debit,1069.92,ACCT5909096,BRANCH63,Uma Fischer,ACCT1839300,2025-09-22 14:18:41,noise
debit,1059.76,,BRANCH40,Uma Fischer,ACCT1839300,2025-09-19 20:36:46,noise
credit,549.01,,BRANCH40,Uma Fischer,ACCT1839300,2025-09-17 17:41:20,noise
debit,1979.19,,BRANCH40,Uma Fischer,ACCT1839300,2025-09-17 00:21:36,noise
credit,996.54,,BRANCH77,Uma Fischer,ACCT1839300,2025-09-16 13:37:19,noise
debit,560.12,,BRANCH66,Uma Fischer,ACCT1839300,2025-09-13 18:05:48,noise
credit,1408.83,ACCT7424847,BRANCH67,Uma Fischer,ACCT1839300,2025-09-12 21:13:48,noise
credit,1358.12,,BRANCH40,Uma Fischer,ACCT1839300,2025-09-07 13:19:22,noise
credit,3658.21,,BRANCH37,Uma Fischer,ACCT1839300,2025-09-04 15:28:28,noise
debit,446.16,,BRANCH92,Uma Fischer,ACCT1839300,2025-09-03 11:38:03,noise
credit,438.54,ACCT1968888,BRANCH40,Uma Fischer,ACCT1839300,2025-09-03 12:45:17,noise
debit,836.62,,BRANCH40,Uma Fischer,ACCT1839300,2025-09-02 01:43:24,noise
credit,1189.05,ACCT2748184,BRANCH40,Uma Fischer,ACCT1839300,2025-08-31 10:15:41,noise
credit,224.06,,BRANCH70,Uma Fischer,ACCT1839300,2025-08-30 09:32:21,noise
debit,978.78,ACCT1921428,BRANCH40,Uma Fischer,ACCT1839300,2025-08-30 17:12:02,noise
debit,584.32,,BRANCH40,Uma Fischer,ACCT1839300,2025-08-29 14:01:14,noise
debit,190.18,ACCT4775386,BRANCH40,Uma Fischer,ACCT1839300,2025-08-29 12:12:55,noise
debit,615.45,,BRANCH40,Uma Fischer,ACCT1839300,2025-08-28 19:10:16,noise
debit,1281.93,,BRANCH40,Uma Fischer,ACCT1839300,2025-08-23 10:18:47,noise
debit,856.99,,BRANCH40,Uma Fischer,ACCT1839300,2025-08-23 12:27:38,noise
credit,666.01,ACCT4903427,BRANCH40,Uma Fischer,ACCT1839300,2025-08-22 18:18:50,noise
debit,945.44,,BRANCH40,Uma Fischer,ACCT1839300,2025-08-19 13:01:28,noise
credit,2838.6,ACCT4955388,BRANCH87,Uma Fischer,ACCT1839300,2025-08-19 12:06:22,noise
credit,597.83,,BRANCH40,Uma Fischer,ACCT1839300,2025-08-17 17:08:28,noise
debit,334.68,,BRANCH84,Uma Fischer,ACCT1839300,2025-08-17 08:06:27,noise
credit,817.21,ACCT2094063,BRANCH40,Uma Fischer,ACCT1839300,2025-08-16 14:18:36,noise
debit,1379.65,ACCT6653295,BRANCH40,Uma Fischer,ACCT1839300,2025-08-15 11:00:00,noise
debit,1131.02,,BRANCH22,Uma Fischer,ACCT1839300,2025-08-15 20:32:11,noise
credit,331.85,ACCT8603968,BRANCH12,Uma Fischer,ACCT1839300,2025-08-14 20:40:31,noise
debit,366.99,ACCT6653295,BRANCH40,Uma Fischer,ACCT1839300,2025-08-12 23:02:01,noise
debit,479.65,,BRANCH40,Uma Fischer,ACCT1839300,2025-08-11 14:38:47,noise
credit,158.52,,BRANCH40,Uma Fischer,ACCT1839300,2025-08-06 12:12:24,noise
credit,901.72,,BRANCH40,Uma Fischer,ACCT1839300,2025-08-06 11:27:57,noise
debit,1666.19,,BRANCH17,Zane Lopes,ACCT6656710,2025-10-03 12:39:41,noise
debit,390.27,,BRANCH17,Zane Lopes,ACCT6656710,2025-10-01 15:28:45,noise
credit,277.83,,BRANCH17,Zane Lopes,ACCT6656710,2025-09-30 14:35:16,noise
credit,1098.58,ACCT4955388,BRANCH11,Zane Lopes,ACCT6656710,2025-09-30 08:31:00,noise
debit,522.1,,BRANCH17,Zane Lopes,ACCT6656710,2025-09-29 08:43:18,noise
debit,529.9,ACCT7565525,BRANCH87,Zane Lopes,ACCT6656710,2025-09-27 19:15:19,noise
credit,390.91,ACCT6206647,BRANCH17,Zane Lopes,ACCT6656710,2025-09-25 02:24:12,noise
debit,773.1,,BRANCH17,Zane Lopes,ACCT6656710,2025-09-25 10:39:00,noise
debit,1035.16,,BRANCH17,Zane Lopes,ACCT6656710,2025-09-22 20:06:41,noise
debit,2690.9,,BRANCH79,Zane Lopes,ACCT6656710,2025-09-21 21:41:28,noise
credit,765.69,,BRANCH17,Zane Lopes,ACCT6656710,2025-09-21 12:02:34,noise
credit,562.33,ACCT5505009,BRANCH17,Zane Lopes,ACCT6656710,2025-09-19 13:15:49,noise
debit,1167.72,,BRANCH17,Zane Lopes,ACCT6656710,2025-09-18 08:42:33,noise
debit,741.34,ACCT1839300,BRANCH17,Zane Lopes,ACCT6656710,2025-09-18 19:37:28,noise
debit,460.12,ACCT7141300,BRANCH22,Zane Lopes,ACCT6656710,2025-09-17 19:24:22,noise
credit,667.09,,BRANCH17,Zane Lopes,ACCT6656710,2025-09-16 20:07:08,noise
credit,1725.29,,BRANCH17,Zane Lopes,ACCT6656710,2025-09-16 12:12:23,noise
credit,664.9,,BRANCH17,Zane Lopes,ACCT6656710,2025-09-12 18:06:09,noise
debit,686.56,,BRANCH40,Zane Lopes,ACCT6656710,2025-09-12 13:19:58,noise
debit,587.0,,BRANCH17,Zane Lopes,ACCT6656710,2025-09-11 09:37:37,noise
credit,2247.35,,BRANCH17,Zane Lopes,ACCT6656710,2025-09-11 16:39:50,noise
credit,344.21,,BRANCH17,Zane Lopes,ACCT6656710,2025-09-05 15:19:02,noise
debit,226.05,,BRANCH85,Zane Lopes,ACCT6656710,2025-09-05 15:12:16,noise
credit,143.89,ACCT2432980,BRANCH17,Zane Lopes,ACCT6656710,2025-09-03 12:13:44,noise
debit,947.07,,BRANCH17,Zane Lopes,ACCT6656710,2025-08-31 12:37:31,noise
debit,304.22,,BRANCH17,Zane Lopes,ACCT6656710,2025-08-30 23:21:43,noise
credit,554.19,,BRANCH17,Zane Lopes,ACCT6656710,2025-08-27 08:02:00,noise
debit,3000.0,ACCT2367112,BRANCH17,Zane Lopes,ACCT6656710,2025-08-27 17:33:44,noise
debit,161.57,,BRANCH17,Zane Lopes,ACCT6656710,2025-08-24 19:10:17,noise
credit,320.21,,BRANCH11,Zane Lopes,ACCT6656710,2025-08-23 00:45:35,noise
debit,1505.9,,BRANCH17,Zane Lopes,ACCT6656710,2025-08-23 01:24:17,noise
credit,393.35,,BRANCH17,Zane Lopes,ACCT6656710,2025-08-22 12:39:29,noise
debit,438.55,ACCT6447710,BRANCH17,Zane Lopes,ACCT6656710,2025-08-22 19:13:02,noise
debit,573.44,,BRANCH17,Zane Lopes,ACCT6656710,2025-08-20 16:04:37,noise
credit,3247.52,ACCT6651500,BRANCH17,Zane Lopes,ACCT6656710,2025-08-19 10:22:48,noise
debit,869.99,ACCT4385928,BRANCH17,Zane Lopes,ACCT6656710,2025-08-08 14:05:27,noise
credit,1260.76,,BRANCH12,Zane Lopes,ACCT6656710,2025-08-07 13:30:56,noise
debit,395.71,,BRANCH17,Zane Lopes,ACCT6656710,2025-08-06 12:40:41,noise
debit,525.21,,BRANCH17,Zane Lopes,ACCT6656710,2025-08-04 21:27:44,noise
credit,212.63,,BRANCH79,Tomas Alvarez,ACCT2597364,2025-10-03 19:43:27,noise
credit,1324.58,,BRANCH79,Tomas Alvarez,ACCT2597364,2025-10-03 20:09:14,noise
debit,688.72,,BRANCH79,Tomas Alvarez,ACCT2597364,2025-10-02 16:44:07,noise
debit,425.17,ACCT2367112,BRANCH79,Tomas Alvarez,ACCT2597364,2025-10-01 02:24:34,noise
credit,131.11,,BRANCH79,Tomas Alvarez,ACCT2597364,2025-09-23 12:11:26,noise
debit,1201.36,,BRANCH79,Tomas Alvarez,ACCT2597364,2025-09-22 17:41:00,noise
debit,937.1,,BRANCH88,Tomas Alvarez,ACCT2597364,2025-09-19 13:17:56,noise
debit,189.34,,BRANCH79,Tomas Alvarez,ACCT2597364,2025-09-16 15:09:17,noise
credit,1525.95,,BRANCH79,Tomas Alvarez,ACCT2597364,2025-09-16 15:25:23,noise
credit,971.95,ACCT7141300,BRANCH74,Tomas Alvarez,ACCT2597364,2025-09-14 20:05:11,noise
credit,456.7,,BRANCH79,Tomas Alvarez,ACCT2597364,2025-09-14 09:39:42,noise
credit,543.08,,BRANCH79,Tomas Alvarez,ACCT2597364,2025-09-12 16:12:34,noise
credit,1922.18,,BRANCH79,Tomas Alvarez,ACCT2597364,2025-09-12 19:02:04,noise
credit,1873.69,,BRANCH79,Tomas Alvarez,ACCT2597364,2025-09-09 17:11:39,noise
credit,3716.71,,BRANCH79,Tomas Alvarez,ACCT2597364,2025-09-09 04:17:27,noise
debit,384.59,ACCT2537273,BRANCH36,Tomas Alvarez,ACCT2597364,2025-09-08 04:22:13,noise
debit,1632.18,,BRANCH38,Tomas Alvarez,ACCT2597364,2025-09-08 22:38:37,noise
debit,3276.77,,BRANCH79,Tomas Alvarez,ACCT2597364,2025-09-07 11:27:37,noise
debit,769.37,ACCT8828441,BRANCH79,Tomas Alvarez,ACCT2597364,2025-09-06 12:39:05,noise
credit,833.71,,BRANCH79,Tomas Alvarez,ACCT2597364,2025-09-05 23:27:29,noise
debit,1191.77,,BRANCH88,Tomas Alvarez,ACCT2597364,2025-09-05 16:01:59,noise
credit,251.68,,BRANCH74,Tomas Alvarez,ACCT2597364,2025-09-03 10:07:45,noise
debit,394.22,,BRANCH79,Tomas Alvarez,ACCT2597364,2025-09-02 03:41:57,noise
credit,928.66,,BRANCH79,Tomas Alvarez,ACCT2597364,2025-09-01 08:44:26,noise
debit,331.32,ACCT4162948,BRANCH79,Tomas Alvarez,ACCT2597364,2025-09-01 19:28:32,noise
debit,1058.1,,BRANCH79,Tomas Alvarez,ACCT2597364,2025-08-31 09:03:31,noise
credit,555.01,,BRANCH79,Tomas Alvarez,ACCT2597364,2025-08-31 10:25:25,noise
credit,1182.89,,BRANCH33,Tomas Alvarez,ACCT2597364,2025-08-30 14:18:39,noise
credit,2157.92,,BRANCH79,Tomas Alvarez,ACCT2597364,2025-08-29 15:35:51,noise
debit,3000.0,ACCT6804640,BRANCH79,Tomas Alvarez,ACCT2597364,2025-08-24 20:21:02,noise
credit,498.41,,BRANCH79,Tomas Alvarez,ACCT2597364,2025-08-24 09:44:32,noise
credit,222.32,,BRANCH79,Tomas Alvarez,ACCT2597364,2025-08-23 09:45:19,noise
credit,2005.23,ACCT4385928,BRANCH79,Tomas Alvarez,ACCT2597364,2025-08-19 08:18:33,noise
debit,347.84,,BRANCH79,Tomas Alvarez,ACCT2597364,2025-08-18 21:36:14,noise
debit,738.89,ACCT3489835,BRANCH79,Tomas Alvarez,ACCT2597364,2025-08-16 04:16:42,noise
debit,344.24,,BRANCH79,Tomas Alvarez,ACCT2597364,2025-08-16 21:41:46,noise
credit,693.32,,BRANCH79,Tomas Alvarez,ACCT2597364,2025-08-15 15:25:46,noise
debit,664.94,,BRANCH79,Tomas Alvarez,ACCT2597364,2025-08-12 18:23:09,noise
credit,797.84,ACCT8458814,BRANCH79,Tomas Alvarez,ACCT2597364,2025-08-11 19:40:21,noise
debit,683.86,,BRANCH79,Tomas Alvarez,ACCT2597364,2025-08-11 18:26:54,noise
credit,1911.44,,BRANCH79,Tomas Alvarez,ACCT2597364,2025-08-08 14:11:46,noise
credit,282.95,ACCT9749800,BRANCH79,Tomas Alvarez,ACCT2597364,2025-08-07 09:28:28,noise
credit,820.34,,BRANCH79,Tomas Alvarez,ACCT2597364,2025-08-05 15:14:09,noise
credit,114.22,,BRANCH27,Elena Duarte,ACCT1152003,2025-10-01 14:24:08,noise
debit,1994.37,,BRANCH27,Elena Duarte,ACCT1152003,2025-09-29 14:21:08,noise
credit,1575.92,,BRANCH27,Elena Duarte,ACCT1152003,2025-09-29 22:34:04,noise
debit,1017.01,,BRANCH27,Elena Duarte,ACCT1152003,2025-09-28 12:44:35,noise
credit,2348.0,,BRANCH27,Elena Duarte,ACCT1152003,2025-09-27 14:06:31,noise
credit,894.19,ACCT2845422,BRANCH27,Elena Duarte,ACCT1152003,2025-09-27 00:26:16,noise
credit,674.07,,BRANCH27,Elena Duarte,ACCT1152003,2025-09-26 01:06:55,noise
credit,1236.58,,BRANCH27,Elena Duarte,ACCT1152003,2025-09-24 20:01:41,noise
credit,763.59,,BRANCH46,Elena Duarte,ACCT1152003,2025-09-23 13:29:20,noise
debit,291.18,,BRANCH56,Elena Duarte,ACCT1152003,2025-09-23 09:07:29,noise
credit,614.92,,BRANCH27,Elena Duarte,ACCT1152003,2025-09-19 05:34:29,noise
debit,640.76,,BRANCH27,Elena Duarte,ACCT1152003,2025-09-17 20:41:25,noise
credit,922.19,ACCT6653295,BRANCH27,Elena Duarte,ACCT1152003,2025-09-17 08:17:59,noise
credit,266.68,,BRANCH27,Elena Duarte,ACCT1152003,2025-09-16 09:28:25,noise
credit,951.21,,BRANCH27,Elena Duarte,ACCT1152003,2025-09-16 15:21:59,noise
credit,1219.64,,BRANCH27,Elena Duarte,ACCT1152003,2025-09-14 11:36:51,noise
debit,1957.55,,BRANCH27,Elena Duarte,ACCT1152003,2025-09-13 20:13:52,noise
credit,591.48,,BRANCH27,Elena Duarte,ACCT1152003,2025-09-11 10:25:58,noise
credit,617.47,,BRANCH94,Elena Duarte,ACCT1152003,2025-09-11 20:19:43,noise
debit,321.08,,BRANCH27,Elena Duarte,ACCT1152003,2025-09-05 10:26:29,noise
debit,524.64,ACCT9482633,BRANCH27,Elena Duarte,ACCT1152003,2025-09-05 11:04:44,noise
debit,473.96,,BRANCH27,Elena Duarte,ACCT1152003,2025-09-03 23:06:51,noise
debit,889.54,,BRANCH27,Elena Duarte,ACCT1152003,2025-09-03 13:43:52,noise
debit,578.45,,BRANCH18,Elena Duarte,ACCT1152003,2025-09-01 18:11:25,noise
credit,198.37,ACCT1771816,BRANCH27,Elena Duarte,ACCT1152003,2025-09-01 14:07:24,noise
credit,265.49,,BRANCH27,Elena Duarte,ACCT1152003,2025-08-30 10:27:20,noise
credit,300.56,,BRANCH87,Elena Duarte,ACCT1152003,2025-08-29 16:13:01,noise
debit,166.11,ACCT8828441,BRANCH29,Elena Duarte,ACCT1152003,2025-08-29 19:05:40,noise
debit,427.19,,BRANCH70,Elena Duarte,ACCT1152003,2025-08-27 10:43:23,noise
credit,451.69,,BRANCH27,Elena Duarte,ACCT1152003,2025-08-27 13:17:45,noise
debit,986.41,,BRANCH27,Elena Duarte,ACCT1152003,2025-08-26 17:43:12,noise
debit,1662.51,,BRANCH83,Elena Duarte,ACCT1152003,2025-08-26 23:40:19,noise
credit,712.83,,BRANCH27,Elena Duarte,ACCT1152003,2025-08-22 01:24:29,noise
credit,488.29,ACCT3616072,BRANCH27,Elena Duarte,ACCT1152003,2025-08-16 21:37:17,noise
debit,984.15,,BRANCH27,Elena Duarte,ACCT1152003,2025-08-14 13:36:46,noise
debit,391.6,,BRANCH27,Elena Duarte,ACCT1152003,2025-08-06 10:25:41,noise
credit,2234.32,,BRANCH80,Cara Alvarez,ACCT4903427,2025-10-01 09:22:14,noise
credit,1376.9,ACCT5165157,BRANCH59,Cara Alvarez,ACCT4903427,2025-09-29 11:35:04,noise
credit,856.34,ACCT8584499,BRANCH26,Cara Alvarez,ACCT4903427,2025-09-27 16:24:02,noise
credit,734.35,,BRANCH21,Cara Alvarez,ACCT4903427,2025-09-23 11:05:22,noise
debit,550.2,ACCT8828441,BRANCH59,Cara Alvarez,ACCT4903427,2025-09-22 08:39:06,noise
credit,42.48,,BRANCH59,Cara Alvarez,ACCT4903427,2025-09-20 10:07:58,noise
debit,622.79,,BRANCH59,Cara Alvarez,ACCT4903427,2025-09-19 08:09:44,noise
debit,594.87,ACCT5787130,BRANCH35,Cara Alvarez,ACCT4903427,2025-09-18 14:08:12,noise
credit,701.85,,BRANCH59,Cara Alvarez,ACCT4903427,2025-09-13 12:28:47,noise
credit,69.13,,BRANCH59,Cara Alvarez,ACCT4903427,2025-09-13 03:26:38,noise
debit,1373.97,,BRANCH52,Cara Alvarez,ACCT4903427,2025-09-09 17:27:30,noise
debit,4556.93,,BRANCH59,Cara Alvarez,ACCT4903427,2025-09-06 03:04:00,noise
credit,2001.45,ACCT6806200,BRANCH59,Cara Alvarez,ACCT4903427,2025-09-03 00:11:52,noise
credit,739.77,,BRANCH59,Cara Alvarez,ACCT4903427,2025-09-03 09:20:38,noise
debit,2890.03,ACCT4764419,BRANCH59,Cara Alvarez,ACCT4903427,2025-09-01 02:13:21,noise
debit,1050.88,,BRANCH59,Cara Alvarez,ACCT4903427,2025-08-31 19:07:34,noise
debit,245.82,,BRANCH84,Cara Alvarez,ACCT4903427,2025-08-30 17:41:07,noise
credit,682.88,,BRANCH59,Cara Alvarez,ACCT4903427,2025-08-29 15:32:08,noise
debit,1021.97,ACCT2867597,BRANCH59,Cara Alvarez,ACCT4903427,2025-08-28 11:12:45,noise
debit,205.95,,BRANCH59,Cara Alvarez,ACCT4903427,2025-08-24 21:11:46,noise
debit,905.75,,BRANCH59,Cara Alvarez,ACCT4903427,2025-08-23 10:30:20,noise
credit,348.21,ACCT7522765,BRANCH59,Cara Alvarez,ACCT4903427,2025-08-23 10:08:44,noise
credit,97.48,ACCT6816390,BRANCH17,Cara Alvarez,ACCT4903427,2025-08-20 23:29:01,noise
debit,1449.58,,BRANCH59,Cara Alvarez,ACCT4903427,2025-08-17 08:02:34,noise
debit,721.07,,BRANCH59,Cara Alvarez,ACCT4903427,2025-08-12 16:29:33,noise
credit,1289.0,,BRANCH59,Cara Alvarez,ACCT4903427,2025-08-09 08:02:23,noise
credit,1521.21,,BRANCH59,Cara Alvarez,ACCT4903427,2025-08-07 09:20:49,noise
debit,675.76,,BRANCH59,Cara Alvarez,ACCT4903427,2025-08-07 16:26:50,noise
credit,1209.24,,BRANCH59,Cara Alvarez,ACCT4903427,2025-08-06 18:32:38,noise
debit,2370.27,,BRANCH59,Cara Alvarez,ACCT4903427,2025-08-06 22:04:06,noise
debit,741.38,,BRANCH68,Cara Alvarez,ACCT4903427,2025-08-05 03:22:48,noise
credit,2169.04,,BRANCH78,Wes Alvarez,ACCT6923329,2025-10-03 14:38:26,noise
credit,232.9,,BRANCH78,Wes Alvarez,ACCT6923329,2025-10-03 14:00:14,noise
credit,3101.19,,BRANCH26,Wes Alvarez,ACCT6923329,2025-10-01 20:10:14,noise
debit,1118.98,,BRANCH78,Wes Alvarez,ACCT6923329,2025-09-28 18:13:51,noise
credit,104.72,ACCT1509176,BRANCH43,Wes Alvarez,ACCT6923329,2025-09-27 11:05:18,noise
debit,796.2,,BRANCH78,Wes Alvarez,ACCT6923329,2025-09-26 19:10:47,noise
debit,2422.19,,BRANCH78,Wes Alvarez,ACCT6923329,2025-09-23 16:40:03,noise
credit,369.37,,BRANCH33,Wes Alvarez,ACCT6923329,2025-09-23 09:17:22,noise
credit,950.34,,BRANCH55,Wes Alvarez,ACCT6923329,2025-09-21 15:43:10,noise
credit,985.99,,BRANCH46,Wes Alvarez,ACCT6923329,2025-09-21 08:42:54,noise
debit,280.39,,BRANCH78,Wes Alvarez,ACCT6923329,2025-09-20 20:08:40,noise
credit,333.51,,BRANCH78,Wes Alvarez,ACCT6923329,2025-09-20 18:22:22,noise
credit,485.31,,BRANCH78,Wes Alvarez,ACCT6923329,2025-09-18 16:03:37,noise
credit,401.37,,BRANCH78,Wes Alvarez,ACCT6923329,2025-09-18 13:24:34,noise
credit,1249.27,,BRANCH78,Wes Alvarez,ACCT6923329,2025-09-13 13:26:18,noise
debit,1334.45,,BRANCH52,Wes Alvarez,ACCT6923329,2025-09-12 10:19:36,noise
debit,521.45,,BRANCH78,Wes Alvarez,ACCT6923329,2025-09-11 17:13:08,noise
debit,884.17,,BRANCH78,Wes Alvarez,ACCT6923329,2025-09-11 04:11:42,noise
credit,1224.96,ACCT1706139,BRANCH78,Wes Alvarez,ACCT6923329,2025-09-10 17:13:53,noise
debit,350.76,,BRANCH78,Wes Alvarez,ACCT6923329,2025-09-08 03:36:43,noise
debit,573.21,ACCT3616072,BRANCH78,Wes Alvarez,ACCT6923329,2025-09-07 09:31:11,noise
credit,878.06,,BRANCH78,Wes Alvarez,ACCT6923329,2025-09-05 20:10:09,noise
debit,807.4,ACCT8603968,BRANCH78,Wes Alvarez,ACCT6923329,2025-09-03 09:21:09,noise
credit,165.39,,BRANCH35,Wes Alvarez,ACCT6923329,2025-09-02 11:06:59,noise
debit,506.73,,BRANCH78,Wes Alvarez,ACCT6923329,2025-09-02 13:26:55,noise
debit,1375.02,,BRANCH78,Wes Alvarez,ACCT6923329,2025-08-27 10:24:30,noise
debit,4310.77,,BRANCH78,Wes Alvarez,ACCT6923329,2025-08-26 08:35:08,noise
debit,781.66,,BRANCH32,Wes Alvarez,ACCT6923329,2025-08-24 15:17:37,noise
debit,342.69,,BRANCH78,Wes Alvarez,ACCT6923329,2025-08-24 22:28:50,noise
debit,644.01,,BRANCH78,Wes Alvarez,ACCT6923329,2025-08-23 18:12:10,noise
debit,113.43,ACCT5173151,BRANCH78,Wes Alvarez,ACCT6923329,2025-08-21 16:31:56,noise
debit,295.51,ACCT7424847,BRANCH78,Wes Alvarez,ACCT6923329,2025-08-21 14:21:42,noise
debit,299.25,,BRANCH78,Wes Alvarez,ACCT6923329,2025-08-19 17:29:56,noise
debit,781.74,ACCT9749800,BRANCH44,Wes Alvarez,ACCT6923329,2025-08-18 20:35:16,noise
credit,426.95,,BRANCH73,Wes Alvarez,ACCT6923329,2025-08-17 20:40:26,noise
debit,519.92,,BRANCH44,Wes Alvarez,ACCT6923329,2025-08-17 19:42:02,noise
debit,281.27,,BRANCH99,Wes Alvarez,ACCT6923329,2025-08-13 19:13:35,noise
debit,650.7,,BRANCH78,Wes Alvarez,ACCT6923329,2025-08-13 14:37:08,noise
credit,1268.48,ACCT2772646,BRANCH78,Wes Alvarez,ACCT6923329,2025-08-12 16:01:04,noise
debit,259.16,ACCT8417862,BRANCH78,Wes Alvarez,ACCT6923329,2025-08-10 13:32:16,noise
debit,185.68,,BRANCH78,Wes Alvarez,ACCT6923329,2025-08-09 14:43:24,noise
credit,814.37,ACCT4194369,BRANCH78,Wes Alvarez,ACCT6923329,2025-08-04 00:22:04,noise
debit,717.29,,BRANCH78,Wes Alvarez,ACCT6923329,2025-08-04 12:01:33,noise
credit,292.55,,BRANCH82,Raj Silva,ACCT8609471,2025-10-03 09:22:02,noise
credit,967.85,ACCT3616072,BRANCH82,Raj Silva,ACCT8609471,2025-10-03 19:45:55,noise
debit,302.23,,BRANCH82,Raj Silva,ACCT8609471,2025-10-01 15:35:24,noise
debit,225.22,ACCT7893150,BRANCH82,Raj Silva,ACCT8609471,2025-09-30 00:39:27,noise
debit,423.95,,BRANCH73,Raj Silva,ACCT8609471,2025-09-29 15:06:57,noise
debit,341.52,ACCT3425461,BRANCH82,Raj Silva,ACCT8609471,2025-09-27 10:40:29,noise
credit,3647.79,ACCT1205245,BRANCH82,Raj Silva,ACCT8609471,2025-09-27 11:11:36,noise
debit,932.46,,BRANCH82,Raj Silva,ACCT8609471,2025-09-23 09:10:24,noise
debit,259.71,,BRANCH82,Raj Silva,ACCT8609471,2025-09-23 10:36:01,noise
credit,821.92,,BRANCH82,Raj Silva,ACCT8609471,2025-09-20 12:01:32,noise
debit,500.96,ACCT6923329,BRANCH82,Raj Silva,ACCT8609471,2025-09-19 23:18:09,noise
credit,376.41,,BRANCH86,Raj Silva,ACCT8609471,2025-09-18 10:27:50,noise
credit,297.74,,BRANCH82,Raj Silva,ACCT8609471,2025-09-18 14:10:09,noise
debit,810.32,,BRANCH82,Raj Silva,ACCT8609471,2025-09-17 14:38:34,noise
credit,1140.76,,BRANCH82,Raj Silva,ACCT8609471,2025-09-14 20:11:01,noise
debit,3345.29,,BRANCH82,Raj Silva,ACCT8609471,2025-09-14 19:16:56,noise
credit,310.33,ACCT2867597,BRANCH82,Raj Silva,ACCT8609471,2025-09-13 22:12:20,noise
credit,487.66,,BRANCH82,Raj Silva,ACCT8609471,2025-09-07 02:00:06,noise
credit,2897.35,ACCT9061101,BRANCH82,Raj Silva,ACCT8609471,2025-09-04 10:14:10,noise
credit,1199.5,,BRANCH82,Raj Silva,ACCT8609471,2025-09-04 13:08:03,noise
credit,2921.64,ACCT7141300,BRANCH82,Raj Silva,ACCT8609471,2025-09-02 00:21:51,noise
credit,646.14,,BRANCH82,Raj Silva,ACCT8609471,2025-08-31 10:24:59,noise
credit,2024.47,ACCT2867597,BRANCH99,Raj Silva,ACCT8609471,2025-08-31 16:42:49,noise
credit,362.45,,BRANCH82,Raj Silva,ACCT8609471,2025-08-30 13:43:30,noise
debit,751.84,,BRANCH82,Raj Silva,ACCT8609471,2025-08-30 17:25:30,noise
debit,2022.2,ACCT6783469,BRANCH82,Raj Silva,ACCT8609471,2025-08-27 20:25:44,noise
credit,569.77,,BRANCH80,Raj Silva,ACCT8609471,2025-08-25 18:29:43,noise
debit,1500.64,,BRANCH82,Raj Silva,ACCT8609471,2025-08-25 23:09:02,noise
credit,588.46,,BRANCH35,Raj Silva,ACCT8609471,2025-08-23 15:06:47,noise
credit,629.37,,BRANCH82,Raj Silva,ACCT8609471,2025-08-23 11:35:19,noise
credit,112.04,ACCT4194369,BRANCH64,Raj Silva,ACCT8609471,2025-08-20 03:12:25,noise
debit,3287.43,,BRANCH60,Raj Silva,ACCT8609471,2025-08-19 13:20:47,noise
debit,82.18,,BRANCH82,Raj Silva,ACCT8609471,2025-08-17 17:18:12,noise
credit,1407.65,,BRANCH85,Raj Silva,ACCT8609471,2025-08-16 19:16:53,noise
credit,687.6,ACCT5173151,BRANCH82,Raj Silva,ACCT8609471,2025-08-13 20:01:11,noise
debit,898.27,ACCT6323013,BRANCH82,Raj Silva,ACCT8609471,2025-08-12 14:07:41,noise
credit,263.78,ACCT5415169,BRANCH40,Raj Silva,ACCT8609471,2025-08-08 19:15:54,noise
credit,193.96,,BRANCH82,Raj Silva,ACCT8609471,2025-08-06 21:41:59,noise
credit,869.41,,BRANCH82,Raj Silva,ACCT8609471,2025-08-06 18:37:55,noise
debit,577.31,,BRANCH82,Raj Silva,ACCT8609471,2025-08-04 14:38:10,noise
debit,509.87,,BRANCH47,Raj Silva,ACCT8609471,2025-08-04 08:19:09,noise
credit,736.11,ACCT2056282,BRANCH78,Fahad ElSayed,ACCT7068386,2025-10-01 16:43:31,noise
debit,1338.99,,BRANCH78,Fahad ElSayed,ACCT7068386,2025-09-30 16:37:16,noise
credit,154.12,,BRANCH78,Fahad ElSayed,ACCT7068386,2025-09-30 18:40:16,noise
credit,633.78,,BRANCH78,Fahad ElSayed,ACCT7068386,2025-09-29 09:28:04,noise
credit,547.15,,BRANCH78,Fahad ElSayed,ACCT7068386,2025-09-23 22:29:58,noise
debit,3300.71,,BRANCH16,Fahad ElSayed,ACCT7068386,2025-09-22 13:17:07,noise
credit,1172.32,,BRANCH78,Fahad ElSayed,ACCT7068386,2025-09-21 13:00:52,noise
debit,5157.65,,BRANCH78,Fahad ElSayed,ACCT7068386,2025-09-18 17:11:44,noise
credit,244.04,,BRANCH78,Fahad ElSayed,ACCT7068386,2025-09-14 14:18:24,noise
debit,351.11,,BRANCH78,Fahad ElSayed,ACCT7068386,2025-09-14 22:21:18,noise
credit,662.54,ACCT1287495,BRANCH78,Fahad ElSayed,ACCT7068386,2025-09-12 23:11:57,noise
debit,1264.59,,BRANCH71,Fahad ElSayed,ACCT7068386,2025-09-11 03:09:30,noise
credit,710.32,,BRANCH78,Fahad ElSayed,ACCT7068386,2025-09-11 10:12:37,noise
debit,432.74,ACCT6323013,BRANCH71,Fahad ElSayed,ACCT7068386,2025-09-08 16:12:25,noise
debit,287.91,,BRANCH86,Fahad ElSayed,ACCT7068386,2025-09-07 18:41:28,noise
credit,280.42,ACCT2094063,BRANCH78,Fahad ElSayed,ACCT7068386,2025-09-06 19:21:04,noise
credit,213.65,,BRANCH78,Fahad ElSayed,ACCT7068386,2025-09-05 11:13:22,noise
debit,359.81,,BRANCH78,Fahad ElSayed,ACCT7068386,2025-09-03 12:12:20,noise
credit,1698.87,,BRANCH78,Fahad ElSayed,ACCT7068386,2025-09-03 15:39:41,noise
debit,731.6,,BRANCH78,Fahad ElSayed,ACCT7068386,2025-09-02 09:39:05,noise
debit,324.9,,BRANCH78,Fahad ElSayed,ACCT7068386,2025-09-01 04:35:48,noise
debit,1480.83,,BRANCH89,Fahad ElSayed,ACCT7068386,2025-08-31 20:37:33,noise
credit,239.56,,BRANCH78,Fahad ElSayed,ACCT7068386,2025-08-30 19:12:04,noise
credit,513.13,ACCT6318538,BRANCH16,Fahad ElSayed,ACCT7068386,2025-08-30 10:06:26,noise
credit,1222.51,ACCT4688588,BRANCH78,Fahad ElSayed,ACCT7068386,2025-08-29 10:01:10,noise
debit,87.16,,BRANCH30,Fahad ElSayed,ACCT7068386,2025-08-28 10:30:45,noise
credit,291.99,,BRANCH80,Fahad ElSayed,ACCT7068386,2025-08-28 17:11:18,noise
credit,731.68,,BRANCH78,Fahad ElSayed,ACCT7068386,2025-08-25 19:21:15,noise
credit,882.64,ACCT5391245,BRANCH78,Fahad ElSayed,ACCT7068386,2025-08-23 12:09:14,noise
credit,224.78,ACCT7522765,BRANCH16,Fahad ElSayed,ACCT7068386,2025-08-20 18:41:22,noise
credit,100.13,,BRANCH78,Fahad ElSayed,ACCT7068386,2025-08-20 08:27:18,noise
debit,1790.55,,BRANCH92,Fahad ElSayed,ACCT7068386,2025-08-16 09:04:14,noise
debit,344.24,,BRANCH78,Fahad ElSayed,ACCT7068386,2025-08-15 14:02:43,noise
debit,453.7,,BRANCH99,Fahad ElSayed,ACCT7068386,2025-08-14 08:37:30,noise
credit,411.31,,BRANCH78,Fahad ElSayed,ACCT7068386,2025-08-12 08:26:09,noise
debit,847.64,,BRANCH78,Fahad ElSayed,ACCT7068386,2025-08-11 11:05:00,noise
debit,789.58,ACCT5451469,BRANCH96,Fahad ElSayed,ACCT7068386,2025-08-04 15:17:27,noise
debit,32875.7,ACCT6783469,BRANCH78,Fahad ElSayed,ACCT7068386,2025-11-29 20:36:40,noise
debit,22117.04,ACCT6783469,BRANCH78,Fahad ElSayed,ACCT7068386,2025-12-02 07:33:39,noise
debit,14768.26,ACCT6783469,BRANCH78,Fahad ElSayed,ACCT7068386,2025-11-29 00:17:20,noise
debit,42725.45,ACCT6783469,BRANCH78,Fahad ElSayed,ACCT7068386,2025-12-30 06:53:19,noise
debit,20991.92,ACCT6783469,BRANCH78,Fahad ElSayed,ACCT7068386,2025-12-11 08:28:53,noise
debit,19317.84,ACCT6783469,BRANCH78,Fahad ElSayed,ACCT7068386,2025-11-26 08:39:52,noise
credit,14566.24,ACCT7108627,BRANCH54,Fahad Iqbal,ACCT3425461,2025-12-24 00:22:30,noise
credit,7721.28,ACCT6806200,BRANCH54,Fahad Iqbal,ACCT3425461,2025-11-29 03:03:42,noise
credit,9664.49,ACCT6251522,BRANCH54,Fahad Iqbal,ACCT3425461,2025-12-25 12:11:57,noise
credit,16425.59,ACCT6653295,BRANCH54,Fahad Iqbal,ACCT3425461,2025-11-22 19:16:06,noise
credit,21131.89,ACCT6251522,BRANCH54,Fahad Iqbal,ACCT3425461,2025-12-16 22:09:24,noise
credit,6220.24,ACCT2772646,BRANCH54,Fahad Iqbal,ACCT3425461,2025-12-13 06:27:43,noise
credit,9932.15,ACCT9283195,BRANCH54,Fahad Iqbal,ACCT3425461,2025-12-15 01:18:10,noise
credit,6644.79,ACCT2597364,BRANCH38,Ravi Kim,ACCT4353940,2025-11-26 20:13:12,noise
credit,8941.42,ACCT5035280,BRANCH38,Ravi Kim,ACCT4353940,2025-11-17 07:14:03,noise
credit,12979.69,ACCT5391245,BRANCH38,Ravi Kim,ACCT4353940,2025-12-24 07:21:52,noise
credit,11153.59,ACCT5173151,BRANCH38,Ravi Kim,ACCT4353940,2025-12-27 18:07:47,noise
credit,4425.2,ACCT4313087,BRANCH38,Ravi Kim,ACCT4353940,2025-11-18 17:25:19,noise
credit,9541.98,ACCT7893150,BRANCH38,Ravi Kim,ACCT4353940,2025-12-24 20:00:09,noise
credit,10793.91,ACCT9061101,BRANCH12,Omar Brooks,ACCT2056282,2025-11-20 06:18:36,noise
credit,8126.02,ACCT2367112,BRANCH12,Omar Brooks,ACCT2056282,2025-11-27 18:30:34,noise
credit,9328.25,ACCT8932729,BRANCH12,Omar Brooks,ACCT2056282,2025-12-19 05:22:55,noise
credit,18979.24,ACCT1205245,BRANCH12,Omar Brooks,ACCT2056282,2025-12-26 01:00:15,noise
credit,7529.72,ACCT8458814,BRANCH12,Omar Brooks,ACCT2056282,2025-12-27 20:11:17,noise
credit,10334.21,ACCT4739370,BRANCH12,Omar Brooks,ACCT2056282,2025-12-17 22:08:17,noise
credit,16223.26,ACCT6251522,BRANCH12,Omar Brooks,ACCT2056282,2025-11-25 02:13:22,noise
debit,1032.16,ACCT9283195,BRANCH38,Raj Gomes,ACCT7874421,2025-10-03 17:13:48,noise
credit,1008.78,,BRANCH38,Raj Gomes,ACCT7874421,2025-09-28 18:18:06,noise
credit,865.6,,BRANCH38,Raj Gomes,ACCT7874421,2025-09-27 09:31:59,noise
debit,1195.44,,BRANCH38,Raj Gomes,ACCT7874421,2025-09-25 18:23:48,noise
debit,2824.2,,BRANCH38,Raj Gomes,ACCT7874421,2025-09-25 18:03:59,noise
credit,310.03,,BRANCH38,Raj Gomes,ACCT7874421,2025-09-20 16:37:34,noise
credit,279.81,,BRANCH38,Raj Gomes,ACCT7874421,2025-09-20 23:37:00,noise
debit,500.23,,BRANCH15,Raj Gomes,ACCT7874421,2025-09-18 09:09:20,noise
credit,641.81,,BRANCH38,Raj Gomes,ACCT7874421,2025-09-17 16:04:18,noise
credit,8650.44,,BRANCH38,Raj Gomes,ACCT7874421,2025-09-17 18:40:13,noise
debit,4669.68,,BRANCH50,Raj Gomes,ACCT7874421,2025-09-13 20:18:54,noise
credit,2074.43,,BRANCH38,Raj Gomes,ACCT7874421,2025-09-13 16:19:03,noise
credit,682.1,,BRANCH38,Raj Gomes,ACCT7874421,2025-09-11 18:07:49,noise
debit,2095.98,ACCT6447710,BRANCH38,Raj Gomes,ACCT7874421,2025-09-11 16:22:46,noise
debit,1926.21,,BRANCH38,Raj Gomes,ACCT7874421,2025-09-09 01:04:38,noise
debit,485.28,,BRANCH38,Raj Gomes,ACCT7874421,2025-09-09 04:24:06,noise
credit,363.66,ACCT2432980,BRANCH38,Raj Gomes,ACCT7874421,2025-09-07 10:22:19,noise
debit,742.52,,BRANCH38,Raj Gomes,ACCT7874421,2025-09-06 18:36:11,noise
debit,178.5,ACCT2597364,BRANCH38,Raj Gomes,ACCT7874421,2025-09-05 15:36:50,noise
credit,465.73,,BRANCH38,Raj Gomes,ACCT7874421,2025-09-03 14:20:56,noise
credit,1040.23,,BRANCH38,Raj Gomes,ACCT7874421,2025-08-30 16:44:14,noise
debit,108.32,,BRANCH98,Raj Gomes,ACCT7874421,2025-08-28 08:06:33,noise
debit,270.58,,BRANCH89,Raj Gomes,ACCT7874421,2025-08-27 23:33:23,noise
debit,623.02,ACCT4194369,BRANCH38,Raj Gomes,ACCT7874421,2025-08-25 18:29:43,noise
credit,346.99,,BRANCH38,Raj Gomes,ACCT7874421,2025-08-25 21:38:57,noise
debit,333.05,,BRANCH38,Raj Gomes,ACCT7874421,2025-08-23 20:41:13,noise
credit,917.58,ACCT9907988,BRANCH38,Raj Gomes,ACCT7874421,2025-08-21 19:04:24,noise
credit,865.55,ACCT9482633,BRANCH77,Raj Gomes,ACCT7874421,2025-08-21 03:43:01,noise
debit,4433.1,,BRANCH38,Raj Gomes,ACCT7874421,2025-08-20 08:30:23,noise
debit,576.16,,BRANCH12,Raj Gomes,ACCT7874421,2025-08-20 08:11:16,noise
credit,2031.82,ACCT4385928,BRANCH35,Raj Gomes,ACCT7874421,2025-08-18 08:14:46,noise
debit,2697.47,ACCT2432980,BRANCH38,Raj Gomes,ACCT7874421,2025-08-16 13:28:25,noise
credit,179.3,,BRANCH38,Raj Gomes,ACCT7874421,2025-08-16 22:33:12,noise
debit,1927.7,,BRANCH38,Raj Gomes,ACCT7874421,2025-08-14 11:35:53,noise
credit,2989.88,ACCT3616072,BRANCH38,Raj Gomes,ACCT7874421,2025-08-14 20:07:47,noise
credit,576.04,,BRANCH38,Raj Gomes,ACCT7874421,2025-08-13 08:17:11,noise
debit,66.49,,BRANCH38,Raj Gomes,ACCT7874421,2025-08-11 18:03:01,noise
debit,633.14,,BRANCH29,Raj Gomes,ACCT7874421,2025-08-11 22:34:20,noise
credit,558.97,ACCT3185584,BRANCH38,Raj Gomes,ACCT7874421,2025-08-10 08:32:07,noise
credit,1027.98,,BRANCH38,Raj Gomes,ACCT7874421,2025-08-09 19:33:30,noise
credit,331.25,ACCT2867597,BRANCH38,Raj Gomes,ACCT7874421,2025-08-06 11:00:27,noise
credit,553.44,,BRANCH38,Raj Gomes,ACCT7874421,2025-08-05 12:12:38,noise
credit,980.45,ACCT2891156,BRANCH38,Raj Gomes,ACCT7874421,2025-08-05 17:29:08,noise
credit,9688.78,ACCT6323013,BRANCH38,Raj Gomes,ACCT7874421,2025-12-02 19:00:08,noise
credit,9517.15,ACCT6816390,BRANCH38,Raj Gomes,ACCT7874421,2025-11-29 08:24:50,noise
credit,9355.14,ACCT2748184,BRANCH38,Raj Gomes,ACCT7874421,2025-12-10 01:13:29,noise
credit,9648.3,ACCT3995582,BRANCH38,Raj Gomes,ACCT7874421,2025-12-28 04:13:18,noise
credit,9382.86,ACCT8935412,BRANCH38,Raj Gomes,ACCT7874421,2025-12-21 21:10:23,noise
credit,9673.0,ACCT1839300,BRANCH38,Raj Gomes,ACCT7874421,2025-12-27 04:28:21,noise
credit,8955.51,ACCT3185584,BRANCH38,Raj Gomes,ACCT7874421,2025-12-21 01:30:11,noise
credit,9674.82,ACCT7339022,BRANCH38,Raj Gomes,ACCT7874421,2025-12-11 03:01:14,noise
credit,9300.2,ACCT8828441,BRANCH38,Raj Gomes,ACCT7874421,2025-12-09 03:13:33,noise
credit,8849.8,ACCT7864743,BRANCH38,Raj Gomes,ACCT7874421,2025-12-16 02:13:03,noise
credit,9106.63,ACCT2748184,BRANCH38,Raj Gomes,ACCT7874421,2025-12-27 07:12:15,noise
credit,9282.39,ACCT3616072,BRANCH38,Raj Gomes,ACCT7874421,2025-12-08 15:02:50,noise
credit,9669.18,ACCT4487540,BRANCH38,Raj Gomes,ACCT7874421,2025-11-30 23:00:51,noise
credit,9133.59,ACCT8603968,BRANCH38,Raj Gomes,ACCT7874421,2025-12-28 10:27:07,noise
credit,9285.87,ACCT8603968,BRANCH38,Raj Gomes,ACCT7874421,2025-11-25 19:29:08,noise
credit,9010.18,ACCT9482633,BRANCH38,Raj Gomes,ACCT7874421,2025-11-22 07:11:17,noise
credit,9607.95,ACCT4127141,BRANCH38,Raj Gomes,ACCT7874421,2025-12-13 06:20:58,noise
debit,1142.52,ACCT7233427,BRANCH73,Noah Patida,ACCT6783469,2025-10-02 15:37:08,noise
debit,1160.61,,BRANCH73,Noah Patida,ACCT6783469,2025-10-01 14:28:00,noise
debit,218.55,,BRANCH73,Noah Patida,ACCT6783469,2025-09-28 15:29:17,noise
credit,462.83,ACCT7456052,BRANCH73,Noah Patida,ACCT6783469,2025-09-26 12:16:29,noise
credit,535.6,ACCT2367112,BRANCH73,Noah Patida,ACCT6783469,2025-09-24 13:28:58,noise
credit,904.13,,BRANCH73,Noah Patida,ACCT6783469,2025-09-22 11:13:05,noise
debit,1222.8,,BRANCH73,Noah Patida,ACCT6783469,2025-09-18 18:06:30,noise
debit,1127.71,ACCT4385928,BRANCH75,Noah Patida,ACCT6783469,2025-09-17 11:11:37,noise
credit,2290.99,,BRANCH73,Noah Patida,ACCT6783469,2025-09-07 14:42:41,noise
debit,414.14,,BRANCH73,Noah Patida,ACCT6783469,2025-09-06 12:11:29,noise
credit,573.12,,BRANCH73,Noah Patida,ACCT6783469,2025-09-06 12:19:28,noise
credit,392.08,ACCT6651500,BRANCH73,Noah Patida,ACCT6783469,2025-09-05 17:37:49,noise
debit,414.79,,BRANCH73,Noah Patida,ACCT6783469,2025-09-04 18:11:48,noise
debit,3000.0,ACCT7424847,BRANCH31,Noah Patida,ACCT6783469,2025-09-04 09:12:10,noise
credit,909.07,,BRANCH73,Noah Patida,ACCT6783469,2025-09-02 16:19:40,noise
credit,1128.38,ACCT6339810,BRANCH73,Noah Patida,ACCT6783469,2025-08-31 19:14:20,noise
debit,530.85,ACCT6865653,BRANCH73,Noah Patida,ACCT6783469,2025-08-29 14:14:04,noise
credit,255.21,,BRANCH73,Noah Patida,ACCT6783469,2025-08-28 14:16:19,noise
credit,2654.81,,BRANCH73,Noah Patida,ACCT6783469,2025-08-28 22:23:58,noise
credit,130.29,ACCT6656710,BRANCH73,Noah Patida,ACCT6783469,2025-08-27 09:23:25,noise
credit,192.45,,BRANCH73,Noah Patida,ACCT6783469,2025-08-24 22:24:34,noise
credit,439.19,ACCT7874421,BRANCH73,Noah Patida,ACCT6783469,2025-08-23 14:26:35,noise
credit,638.45,,BRANCH73,Noah Patida,ACCT6783469,2025-08-22 11:12:12,noise
debit,225.53,,BRANCH73,Noah Patida,ACCT6783469,2025-08-19 09:05:37,noise
credit,361.16,,BRANCH73,Noah Patida,ACCT6783469,2025-08-19 18:16:35,noise
debit,331.84,ACCT8458814,BRANCH33,Noah Patida,ACCT6783469,2025-08-18 14:07:23,noise
credit,1095.66,,BRANCH73,Noah Patida,ACCT6783469,2025-08-18 17:34:34,noise
credit,711.59,,BRANCH73,Noah Patida,ACCT6783469,2025-08-17 00:36:02,noise
debit,2732.65,,BRANCH89,Noah Patida,ACCT6783469,2025-08-16 02:41:17,noise
debit,800.04,ACCT8479537,BRANCH73,Noah Patida,ACCT6783469,2025-08-15 19:00:42,noise
credit,1214.98,ACCT5035280,BRANCH73,Noah Patida,ACCT6783469,2025-08-15 20:01:48,noise
credit,361.79,,BRANCH76,Noah Patida,ACCT6783469,2025-08-13 15:22:35,noise
credit,554.25,ACCT1784651,BRANCH55,Noah Patida,ACCT6783469,2025-08-13 13:23:31,noise
credit,870.32,,BRANCH47,Noah Patida,ACCT6783469,2025-08-11 12:15:19,noise
credit,118.3,ACCT2845422,BRANCH73,Noah Patida,ACCT6783469,2025-08-10 16:18:29,noise
debit,251.37,,BRANCH73,Noah Patida,ACCT6783469,2025-08-09 11:06:11,noise
debit,297.79,,BRANCH73,Noah Patida,ACCT6783469,2025-08-09 10:15:15,noise
debit,351.86,,BRANCH73,Noah Patida,ACCT6783469,2025-08-07 12:00:35,noise
credit,171.58,ACCT4162948,BRANCH73,Noah Patida,ACCT6783469,2025-08-05 09:00:41,noise
credit,143.69,,BRANCH73,Noah Patida,ACCT6783469,2025-08-04 08:11:30,noise
credit,823.45,ACCT8603968,BRANCH73,Noah Patida,ACCT6783469,2025-12-27 22:29:03,noise
credit,908.02,ACCT6865653,BRANCH73,Noah Patida,ACCT6783469,2025-12-27 18:10:19,noise
credit,1220.38,ACCT4955388,BRANCH73,Noah Patida,ACCT6783469,2025-12-27 22:27:56,noise
credit,2194.19,ACCT1509176,BRANCH73,Noah Patida,ACCT6783469,2025-12-27 02:16:28,noise
credit,2110.01,ACCT1921428,BRANCH73,Noah Patida,ACCT6783469,2025-12-27 08:29:15,noise
credit,1490.43,ACCT6804640,BRANCH73,Noah Patida,ACCT6783469,2025-12-27 03:12:24,noise
credit,1165.4,ACCT8935412,BRANCH73,Noah Patida,ACCT6783469,2025-12-27 11:07:18,noise
credit,2007.42,ACCT8932729,BRANCH73,Noah Patida,ACCT6783469,2025-12-27 15:20:25,noise
credit,2158.35,ACCT7424847,BRANCH73,Noah Patida,ACCT6783469,2025-12-27 03:00:25,noise
credit,1043.01,ACCT9472621,BRANCH73,Noah Patida,ACCT6783469,2025-12-27 19:20:02,noise
credit,1718.47,ACCT6923329,BRANCH73,Noah Patida,ACCT6783469,2025-12-27 21:22:14,noise
credit,1096.99,ACCT9606611,BRANCH73,Noah Patida,ACCT6783469,2025-12-27 22:17:37,noise
credit,1149.51,ACCT6323013,BRANCH73,Noah Patida,ACCT6783469,2025-12-27 06:26:29,noise
debit,1437.66,ACCT4903427,BRANCH73,Noah Patida,ACCT6783469,2025-12-30 23:25:35,noise
debit,1004.07,ACCT1745945,BRANCH73,Noah Patida,ACCT6783469,2025-12-30 22:08:38,noise
debit,720.14,ACCT1152003,BRANCH73,Noah Patida,ACCT6783469,2025-12-30 03:19:38,noise
debit,832.95,ACCT7456052,BRANCH73,Noah Patida,ACCT6783469,2025-12-30 05:05:51,noise
debit,1758.13,ACCT1287495,BRANCH73,Noah Patida,ACCT6783469,2025-12-30 10:12:50,noise
debit,1445.8,ACCT3616072,BRANCH73,Noah Patida,ACCT6783469,2025-12-30 00:22:31,noise
debit,822.13,ACCT1152003,BRANCH73,Noah Patida,ACCT6783469,2025-12-30 16:04:20,noise
debit,500.14,ACCT1784651,BRANCH73,Noah Patida,ACCT6783469,2025-12-30 09:19:30,noise
debit,1520.25,ACCT6865653,BRANCH73,Noah Patida,ACCT6783469,2025-12-30 05:22:55,noise
credit,1302.68,ACCT9283195,BRANCH63,Ben Anderson,ACCT9061101,2025-10-02 22:04:09,noise
debit,690.3,ACCT2942611,BRANCH63,Ben Anderson,ACCT9061101,2025-10-01 23:12:09,noise
debit,623.15,,BRANCH63,Ben Anderson,ACCT9061101,2025-10-01 14:06:58,noise
credit,405.16,,BRANCH83,Ben Anderson,ACCT9061101,2025-09-29 21:33:53,noise
credit,4818.05,,BRANCH29,Ben Anderson,ACCT9061101,2025-09-29 18:41:30,noise
credit,465.15,,BRANCH63,Ben Anderson,ACCT9061101,2025-09-23 09:19:49,noise
debit,849.83,,BRANCH63,Ben Anderson,ACCT9061101,2025-09-22 02:30:38,noise
debit,112.31,ACCT2367112,BRANCH63,Ben Anderson,ACCT9061101,2025-09-22 12:40:28,noise
credit,543.49,,BRANCH63,Ben Anderson,ACCT9061101,2025-09-19 19:09:19,noise
debit,1148.13,,BRANCH63,Ben Anderson,ACCT9061101,2025-09-16 11:22:28,noise
credit,566.73,ACCT6653295,BRANCH63,Ben Anderson,ACCT9061101,2025-09-14 13:36:08,noise
credit,1980.6,,BRANCH12,Ben Anderson,ACCT9061101,2025-09-12 08:01:07,noise
debit,457.79,,BRANCH63,Ben Anderson,ACCT9061101,2025-09-12 12:03:53,noise
debit,402.52,,BRANCH63,Ben Anderson,ACCT9061101,2025-09-09 22:29:32,noise
credit,371.71,,BRANCH63,Ben Anderson,ACCT9061101,2025-09-09 12:09:48,noise
debit,3686.4,,BRANCH16,Ben Anderson,ACCT9061101,2025-09-05 20:06:59,noise
debit,1056.11,,BRANCH63,Ben Anderson,ACCT9061101,2025-09-02 23:40:21,noise
debit,1232.87,,BRANCH63,Ben Anderson,ACCT9061101,2025-09-02 16:12:57,noise
debit,863.55,,BRANCH63,Ben Anderson,ACCT9061101,2025-08-31 18:38:13,noise
credit,117.68,,BRANCH63,Ben Anderson,ACCT9061101,2025-08-31 22:36:01,noise
debit,433.36,,BRANCH63,Ben Anderson,ACCT9061101,2025-08-30 13:12:51,noise
debit,135.01,ACCT6653295,BRANCH63,Ben Anderson,ACCT9061101,2025-08-29 00:32:20,noise
debit,2543.23,ACCT7339022,BRANCH63,Ben Anderson,ACCT9061101,2025-08-26 11:06:15,noise
credit,827.4,,BRANCH63,Ben Anderson,ACCT9061101,2025-08-25 20:28:07,noise
debit,310.21,,BRANCH29,Ben Anderson,ACCT9061101,2025-08-24 13:14:18,noise
debit,890.83,ACCT2432980,BRANCH63,Ben Anderson,ACCT9061101,2025-08-23 14:36:43,noise
debit,271.0,,BRANCH18,Ben Anderson,ACCT9061101,2025-08-21 13:32:52,noise
credit,781.43,,BRANCH19,Ben Anderson,ACCT9061101,2025-08-17 22:00:47,noise
credit,305.02,,BRANCH63,Ben Anderson,ACCT9061101,2025-08-17 15:38:14,noise
credit,2152.8,ACCT1968888,BRANCH26,Ben Anderson,ACCT9061101,2025-08-16 19:04:20,noise
debit,2677.44,ACCT9489758,BRANCH63,Ben Anderson,ACCT9061101,2025-08-16 12:11:43,noise
credit,544.98,,BRANCH24,Ben Anderson,ACCT9061101,2025-08-15 08:40:55,noise
debit,3237.85,,BRANCH63,Ben Anderson,ACCT9061101,2025-08-14 14:42:32,noise
debit,291.45,,BRANCH63,Ben Anderson,ACCT9061101,2025-08-14 05:06:59,noise
credit,2368.49,,BRANCH28,Ben Anderson,ACCT9061101,2025-08-12 19:20:32,noise
debit,180.8,,BRANCH63,Ben Anderson,ACCT9061101,2025-08-12 10:29:00,noise
credit,199.34,,BRANCH81,Ben Anderson,ACCT9061101,2025-08-07 12:11:30,noise
debit,249.83,,BRANCH63,Ben Anderson,ACCT9061101,2025-08-06 13:04:07,noise
credit,1302.68,ACCT9283195,BRANCH63,Ben Anderson,ACCT9061101,2025-10-02 22:04:09,noise
debit,690.3,ACCT2942611,BRANCH63,Ben Anderson,ACCT9061101,2025-10-01 23:12:09,noise
debit,623.15,,BRANCH63,Ben Anderson,ACCT9061101,2025-10-01 14:06:58,noise
credit,405.16,,BRANCH83,Ben Anderson,ACCT9061101,2025-09-29 21:33:53,noise
credit,4818.05,,BRANCH29,Ben Anderson,ACCT9061101,2025-09-29 18:41:30,noise
credit,465.15,,BRANCH63,Ben Anderson,ACCT9061101,2025-09-23 09:19:49,noise
debit,849.83,,BRANCH63,Ben Anderson,ACCT9061101,2025-09-22 02:30:38,noise
debit,112.31,ACCT2367112,BRANCH63,Ben Anderson,ACCT9061101,2025-09-22 12:40:28,noise
credit,543.49,,BRANCH63,Ben Anderson,ACCT9061101,2025-09-19 19:09:19,noise
debit,1148.13,,BRANCH63,Ben Anderson,ACCT9061101,2025-09-16 11:22:28,noise
credit,566.73,ACCT6653295,BRANCH63,Ben Anderson,ACCT9061101,2025-09-14 13:36:08,noise
credit,1980.6,,BRANCH12,Ben Anderson,ACCT9061101,2025-09-12 08:01:07,noise
debit,457.79,,BRANCH63,Ben Anderson,ACCT9061101,2025-09-12 12:03:53,noise
debit,402.52,,BRANCH63,Ben Anderson,ACCT9061101,2025-09-09 22:29:32,noise
credit,371.71,,BRANCH63,Ben Anderson,ACCT9061101,2025-09-09 12:09:48,noise
debit,3686.4,,BRANCH16,Ben Anderson,ACCT9061101,2025-09-05 20:06:59,noise
debit,1056.11,,BRANCH63,Ben Anderson,ACCT9061101,2025-09-02 23:40:21,noise
debit,1232.87,,BRANCH63,Ben Anderson,ACCT9061101,2025-09-02 16:12:57,noise
debit,863.55,,BRANCH63,Ben Anderson,ACCT9061101,2025-08-31 18:38:13,noise
credit,117.68,,BRANCH63,Ben Anderson,ACCT9061101,2025-08-31 22:36:01,noise
debit,433.36,,BRANCH63,Ben Anderson,ACCT9061101,2025-08-30 13:12:51,noise
debit,135.01,ACCT6653295,BRANCH63,Ben Anderson,ACCT9061101,2025-08-29 00:32:20,noise
debit,2543.23,ACCT7339022,BRANCH63,Ben Anderson,ACCT9061101,2025-08-26 11:06:15,noise
credit,827.4,,BRANCH63,Ben Anderson,ACCT9061101,2025-08-25 20:28:07,noise
debit,310.21,,BRANCH29,Ben Anderson,ACCT9061101,2025-08-24 13:14:18,noise
debit,890.83,ACCT2432980,BRANCH63,Ben Anderson,ACCT9061101,2025-08-23 14:36:43,noise
debit,271.0,,BRANCH18,Ben Anderson,ACCT9061101,2025-08-21 13:32:52,noise
credit,781.43,,BRANCH19,Ben Anderson,ACCT9061101,2025-08-17 22:00:47,noise
credit,305.02,,BRANCH63,Ben Anderson,ACCT9061101,2025-08-17 15:38:14,noise
credit,2152.8,ACCT1968888,BRANCH26,Ben Anderson,ACCT9061101,2025-08-16 19:04:20,noise
debit,2677.44,ACCT9489758,BRANCH63,Ben Anderson,ACCT9061101,2025-08-16 12:11:43,noise
credit,544.98,,BRANCH24,Ben Anderson,ACCT9061101,2025-08-15 08:40:55,noise
debit,3237.85,,BRANCH63,Ben Anderson,ACCT9061101,2025-08-14 14:42:32,noise
debit,291.45,,BRANCH63,Ben Anderson,ACCT9061101,2025-08-14 05:06:59,noise
credit,2368.49,,BRANCH28,Ben Anderson,ACCT9061101,2025-08-12 19:20:32,noise
debit,180.8,,BRANCH63,Ben Anderson,ACCT9061101,2025-08-12 10:29:00,noise
credit,199.34,,BRANCH81,Ben Anderson,ACCT9061101,2025-08-07 12:11:30,noise
debit,249.83,,BRANCH63,Ben Anderson,ACCT9061101,2025-08-06 13:04:07,noise
debit,538267.01,ACCT2891156,BRANCH63,Ben Anderson,ACCT9061101,2025-12-03 20:14:23,noise
credit,2541.93,,BRANCH63,Nia Wei,ACCT7893150,2025-10-02 08:45:07,noise
credit,362.3,,BRANCH81,Nia Wei,ACCT7893150,2025-09-30 12:19:22,noise
debit,1177.58,,BRANCH81,Nia Wei,ACCT7893150,2025-09-30 10:27:43,noise
credit,3429.42,,BRANCH81,Nia Wei,ACCT7893150,2025-09-22 09:16:23,noise
debit,269.78,ACCT1509176,BRANCH81,Nia Wei,ACCT7893150,2025-09-20 22:19:27,noise
credit,930.38,ACCT3185584,BRANCH52,Nia Wei,ACCT7893150,2025-09-18 16:05:06,noise
debit,529.1,,BRANCH81,Nia Wei,ACCT7893150,2025-09-17 02:12:06,noise
debit,1243.75,ACCT6783469,BRANCH81,Nia Wei,ACCT7893150,2025-09-17 13:40:34,noise
credit,3122.65,,BRANCH81,Nia Wei,ACCT7893150,2025-09-14 18:36:37,noise
credit,255.4,ACCT6206647,BRANCH81,Nia Wei,ACCT7893150,2025-09-11 09:10:44,noise
credit,878.4,,BRANCH81,Nia Wei,ACCT7893150,2025-09-08 17:16:33,noise
debit,1725.27,ACCT4127141,BRANCH81,Nia Wei,ACCT7893150,2025-09-08 16:15:02,noise
debit,466.03,,BRANCH81,Nia Wei,ACCT7893150,2025-09-07 16:28:58,noise
debit,338.68,,BRANCH35,Nia Wei,ACCT7893150,2025-09-06 20:33:48,noise
credit,1819.59,ACCT4313087,BRANCH81,Nia Wei,ACCT7893150,2025-09-06 10:03:17,noise
debit,893.16,,BRANCH12,Nia Wei,ACCT7893150,2025-09-05 12:25:24,noise
credit,510.06,,BRANCH81,Nia Wei,ACCT7893150,2025-09-03 08:44:48,noise
debit,61.94,ACCT4194369,BRANCH81,Nia Wei,ACCT7893150,2025-09-03 01:43:31,noise
debit,631.83,,BRANCH81,Nia Wei,ACCT7893150,2025-08-31 10:10:07,noise
debit,1034.18,,BRANCH91,Nia Wei,ACCT7893150,2025-08-30 12:04:51,noise
credit,226.03,,BRANCH81,Nia Wei,ACCT7893150,2025-08-30 13:32:14,noise
credit,517.22,,BRANCH56,Nia Wei,ACCT7893150,2025-08-29 14:40:31,noise
credit,2635.41,,BRANCH81,Nia Wei,ACCT7893150,2025-08-27 03:10:33,noise
credit,631.96,ACCT6923329,BRANCH81,Nia Wei,ACCT7893150,2025-08-26 13:37:14,noise
debit,770.84,,BRANCH16,Nia Wei,ACCT7893150,2025-08-26 17:39:13,noise
debit,3000.0,ACCT4688588,BRANCH81,Nia Wei,ACCT7893150,2025-08-25 14:11:17,noise
credit,220.54,,BRANCH81,Nia Wei,ACCT7893150,2025-08-25 12:41:38,noise
credit,512.33,ACCT5035280,BRANCH96,Nia Wei,ACCT7893150,2025-08-24 11:19:25,noise
debit,964.54,,BRANCH37,Nia Wei,ACCT7893150,2025-08-23 10:12:03,noise
credit,320.25,,BRANCH86,Nia Wei,ACCT7893150,2025-08-22 13:17:44,noise
debit,230.35,ACCT8584499,BRANCH81,Nia Wei,ACCT7893150,2025-08-22 18:44:47,noise
debit,2731.4,ACCT4903427,BRANCH81,Nia Wei,ACCT7893150,2025-08-21 12:15:12,noise
debit,244.96,,BRANCH85,Nia Wei,ACCT7893150,2025-08-19 09:24:11,noise
credit,1803.32,,BRANCH81,Nia Wei,ACCT7893150,2025-08-17 18:38:53,noise
debit,607.97,,BRANCH81,Nia Wei,ACCT7893150,2025-08-16 16:44:41,noise
debit,577.54,,BRANCH81,Nia Wei,ACCT7893150,2025-08-14 16:39:27,noise
debit,303.64,,BRANCH81,Nia Wei,ACCT7893150,2025-08-14 13:02:47,noise
debit,253.35,,BRANCH81,Nia Wei,ACCT7893150,2025-08-13 16:28:53,noise
debit,587.45,,BRANCH80,Nia Wei,ACCT7893150,2025-08-13 23:27:40,noise
credit,6405.02,ACCT1509176,BRANCH81,Nia Wei,ACCT7893150,2025-08-12 13:43:57,noise
credit,520.1,,BRANCH81,Nia Wei,ACCT7893150,2025-08-10 14:21:15,noise
debit,480.18,ACCT3425461,BRANCH81,Nia Wei,ACCT7893150,2025-08-07 12:24:03,noise
credit,936.78,,BRANCH81,Nia Wei,ACCT7893150,2025-08-05 00:12:16,noise
credit,2541.93,,BRANCH63,Nia Wei,ACCT7893150,2025-10-02 08:45:07,noise
credit,362.3,,BRANCH81,Nia Wei,ACCT7893150,2025-09-30 12:19:22,noise
debit,1177.58,,BRANCH81,Nia Wei,ACCT7893150,2025-09-30 10:27:43,noise
credit,3429.42,,BRANCH81,Nia Wei,ACCT7893150,2025-09-22 09:16:23,noise
debit,269.78,ACCT1509176,BRANCH81,Nia Wei,ACCT7893150,2025-09-20 22:19:27,noise
credit,930.38,ACCT3185584,BRANCH52,Nia Wei,ACCT7893150,2025-09-18 16:05:06,noise
debit,529.1,,BRANCH81,Nia Wei,ACCT7893150,2025-09-17 02:12:06,noise
debit,1243.75,ACCT6783469,BRANCH81,Nia Wei,ACCT7893150,2025-09-17 13:40:34,noise
credit,3122.65,,BRANCH81,Nia Wei,ACCT7893150,2025-09-14 18:36:37,noise
credit,255.4,ACCT6206647,BRANCH81,Nia Wei,ACCT7893150,2025-09-11 09:10:44,noise
credit,878.4,,BRANCH81,Nia Wei,ACCT7893150,2025-09-08 17:16:33,noise
debit,1725.27,ACCT4127141,BRANCH81,Nia Wei,ACCT7893150,2025-09-08 16:15:02,noise
debit,466.03,,BRANCH81,Nia Wei,ACCT7893150,2025-09-07 16:28:58,noise
debit,338.68,,BRANCH35,Nia Wei,ACCT7893150,2025-09-06 20:33:48,noise
credit,1819.59,ACCT4313087,BRANCH81,Nia Wei,ACCT7893150,2025-09-06 10:03:17,noise
debit,893.16,,BRANCH12,Nia Wei,ACCT7893150,2025-09-05 12:25:24,noise
credit,510.06,,BRANCH81,Nia Wei,ACCT7893150,2025-09-03 08:44:48,noise
debit,61.94,ACCT4194369,BRANCH81,Nia Wei,ACCT7893150,2025-09-03 01:43:31,noise
debit,631.83,,BRANCH81,Nia Wei,ACCT7893150,2025-08-31 10:10:07,noise
debit,1034.18,,BRANCH91,Nia Wei,ACCT7893150,2025-08-30 12:04:51,noise
credit,226.03,,BRANCH81,Nia Wei,ACCT7893150,2025-08-30 13:32:14,noise
credit,517.22,,BRANCH56,Nia Wei,ACCT7893150,2025-08-29 14:40:31,noise
credit,2635.41,,BRANCH81,Nia Wei,ACCT7893150,2025-08-27 03:10:33,noise
credit,631.96,ACCT6923329,BRANCH81,Nia Wei,ACCT7893150,2025-08-26 13:37:14,noise
debit,770.84,,BRANCH16,Nia Wei,ACCT7893150,2025-08-26 17:39:13,noise
debit,3000.0,ACCT4688588,BRANCH81,Nia Wei,ACCT7893150,2025-08-25 14:11:17,noise
credit,220.54,,BRANCH81,Nia Wei,ACCT7893150,2025-08-25 12:41:38,noise
credit,512.33,ACCT5035280,BRANCH96,Nia Wei,ACCT7893150,2025-08-24 11:19:25,noise
debit,964.54,,BRANCH37,Nia Wei,ACCT7893150,2025-08-23 10:12:03,noise
credit,320.25,,BRANCH86,Nia Wei,ACCT7893150,2025-08-22 13:17:44,noise
debit,230.35,ACCT8584499,BRANCH81,Nia Wei,ACCT7893150,2025-08-22 18:44:47,noise
debit,2731.4,ACCT4903427,BRANCH81,Nia Wei,ACCT7893150,2025-08-21 12:15:12,noise
debit,244.96,,BRANCH85,Nia Wei,ACCT7893150,2025-08-19 09:24:11,noise
credit,1803.32,,BRANCH81,Nia Wei,ACCT7893150,2025-08-17 18:38:53,noise
debit,607.97,,BRANCH81,Nia Wei,ACCT7893150,2025-08-16 16:44:41,noise
debit,577.54,,BRANCH81,Nia Wei,ACCT7893150,2025-08-14 16:39:27,noise
debit,303.64,,BRANCH81,Nia Wei,ACCT7893150,2025-08-14 13:02:47,noise
debit,253.35,,BRANCH81,Nia Wei,ACCT7893150,2025-08-13 16:28:53,noise
debit,587.45,,BRANCH80,Nia Wei,ACCT7893150,2025-08-13 23:27:40,noise
credit,6405.02,ACCT1509176,BRANCH81,Nia Wei,ACCT7893150,2025-08-12 13:43:57,noise
credit,520.1,,BRANCH81,Nia Wei,ACCT7893150,2025-08-10 14:21:15,noise
debit,480.18,ACCT3425461,BRANCH81,Nia Wei,ACCT7893150,2025-08-07 12:24:03,noise
credit,936.78,,BRANCH81,Nia Wei,ACCT7893150,2025-08-05 00:12:16,noise
debit,351176.11,ACCT4162948,BRANCH81,Nia Wei,ACCT7893150,2025-12-03 19:06:36,noise
credit,382.27,,BRANCH42,Diego Okafor,ACCT9749800,2025-10-03 13:43:53,noise
credit,381.31,ACCT5391245,BRANCH42,Diego Okafor,ACCT9749800,2025-10-03 00:06:42,noise
credit,780.75,,BRANCH42,Diego Okafor,ACCT9749800,2025-09-29 18:15:56,noise
debit,691.25,,BRANCH42,Diego Okafor,ACCT9749800,2025-09-28 05:02:06,noise
debit,1379.2,,BRANCH93,Diego Okafor,ACCT9749800,2025-09-28 13:01:55,noise
debit,1180.12,ACCT2597364,BRANCH51,Diego Okafor,ACCT9749800,2025-09-27 15:00:17,noise
credit,532.08,,BRANCH42,Diego Okafor,ACCT9749800,2025-09-25 17:19:33,noise
credit,249.07,,BRANCH57,Diego Okafor,ACCT9749800,2025-09-25 15:39:37,noise
credit,550.88,ACCT4385928,BRANCH42,Diego Okafor,ACCT9749800,2025-09-21 15:01:15,noise
credit,1647.59,,BRANCH42,Diego Okafor,ACCT9749800,2025-09-21 10:03:42,noise
debit,1073.25,,BRANCH42,Diego Okafor,ACCT9749800,2025-09-17 17:32:17,noise
credit,536.94,,BRANCH42,Diego Okafor,ACCT9749800,2025-09-11 09:07:30,noise
debit,568.53,,BRANCH58,Diego Okafor,ACCT9749800,2025-09-09 15:37:29,noise
credit,970.09,,BRANCH42,Diego Okafor,ACCT9749800,2025-09-06 04:38:51,noise
credit,266.33,,BRANCH42,Diego Okafor,ACCT9749800,2025-09-06 15:14:39,noise
debit,1100.77,,BRANCH42,Diego Okafor,ACCT9749800,2025-08-28 04:17:57,noise
debit,722.82,ACCT5787130,BRANCH59,Diego Okafor,ACCT9749800,2025-08-26 12:34:37,noise
credit,186.62,,BRANCH42,Diego Okafor,ACCT9749800,2025-08-26 15:31:59,noise
credit,431.71,,BRANCH42,Diego Okafor,ACCT9749800,2025-08-24 10:07:24,noise
debit,654.29,ACCT3425461,BRANCH42,Diego Okafor,ACCT9749800,2025-08-23 20:24:15,noise
credit,2347.44,,BRANCH42,Diego Okafor,ACCT9749800,2025-08-23 10:28:35,noise
debit,709.69,,BRANCH42,Diego Okafor,ACCT9749800,2025-08-21 10:42:11,noise
credit,417.6,,BRANCH33,Diego Okafor,ACCT9749800,2025-08-21 09:10:23,noise
debit,438.14,,BRANCH42,Diego Okafor,ACCT9749800,2025-08-20 13:03:04,noise
credit,992.41,,BRANCH42,Diego Okafor,ACCT9749800,2025-08-19 09:23:01,noise
debit,2151.28,,BRANCH42,Diego Okafor,ACCT9749800,2025-08-19 20:44:48,noise
debit,192.99,,BRANCH42,Diego Okafor,ACCT9749800,2025-08-18 12:16:57,noise
debit,1158.8,,BRANCH42,Diego Okafor,ACCT9749800,2025-08-15 21:20:42,noise
debit,764.65,,BRANCH42,Diego Okafor,ACCT9749800,2025-08-14 19:05:26,noise
debit,2111.94,,BRANCH98,Diego Okafor,ACCT9749800,2025-08-13 01:05:50,noise
credit,1195.46,,BRANCH42,Diego Okafor,ACCT9749800,2025-08-12 11:20:47,noise
debit,915.22,,BRANCH81,Diego Okafor,ACCT9749800,2025-08-10 14:08:36,noise
debit,204.61,,BRANCH42,Diego Okafor,ACCT9749800,2025-08-07 11:12:18,noise
credit,374.87,,BRANCH25,Diego Okafor,ACCT9749800,2025-08-07 20:45:30,noise
credit,439.88,,BRANCH42,Diego Okafor,ACCT9749800,2025-08-06 14:37:40,noise
debit,112803.32,ACCT2367112,BRANCH42,Diego Okafor,ACCT9749800,2025-12-29 15:15:27,noise
debit,41678.07,ACCT9489758,BRANCH23,Raj Tanaka,ACCT2367112,2025-12-26 03:07:43,noise
debit,25287.62,ACCT4775386,BRANCH56,Jin Chen,ACCT9489758,2025-12-26 10:23:39,noise
credit,626.01,ACCT3616072,BRANCH23,Raj Tanaka,ACCT2367112,2025-10-02 14:28:13,noise
credit,1171.83,ACCT5868394,BRANCH23,Raj Tanaka,ACCT2367112,2025-09-24 10:17:00,noise
debit,732.07,ACCT2635910,BRANCH23,Raj Tanaka,ACCT2367112,2025-09-22 23:15:12,noise
debit,226.1,,BRANCH10,Raj Tanaka,ACCT2367112,2025-09-19 11:40:23,noise
credit,857.54,ACCT9283195,BRANCH23,Raj Tanaka,ACCT2367112,2025-09-19 10:22:58,noise
credit,1451.98,,BRANCH23,Raj Tanaka,ACCT2367112,2025-09-17 16:19:04,noise
debit,510.97,,BRANCH23,Raj Tanaka,ACCT2367112,2025-09-16 09:39:31,noise
debit,1647.24,,BRANCH36,Raj Tanaka,ACCT2367112,2025-09-16 19:06:44,noise
credit,2179.71,,BRANCH23,Raj Tanaka,ACCT2367112,2025-09-15 08:20:32,noise
credit,2340.66,,BRANCH37,Raj Tanaka,ACCT2367112,2025-09-15 12:19:00,noise
credit,357.12,ACCT6323013,BRANCH83,Raj Tanaka,ACCT2367112,2025-09-13 20:02:51,noise
credit,729.34,,BRANCH23,Raj Tanaka,ACCT2367112,2025-09-13 10:31:38,noise
credit,589.73,,BRANCH23,Raj Tanaka,ACCT2367112,2025-09-08 15:43:49,noise
credit,267.89,,BRANCH95,Raj Tanaka,ACCT2367112,2025-09-07 13:04:17,noise
debit,385.18,,BRANCH49,Raj Tanaka,ACCT2367112,2025-09-06 09:03:51,noise
debit,314.99,,BRANCH23,Raj Tanaka,ACCT2367112,2025-09-05 16:04:23,noise
credit,398.28,,BRANCH84,Raj Tanaka,ACCT2367112,2025-09-03 11:10:56,noise
credit,501.11,,BRANCH23,Raj Tanaka,ACCT2367112,2025-09-02 01:20:19,noise
credit,668.72,ACCT5909096,BRANCH10,Raj Tanaka,ACCT2367112,2025-09-01 13:40:28,noise
debit,1355.27,,BRANCH23,Raj Tanaka,ACCT2367112,2025-09-01 11:04:36,noise
debit,398.59,ACCT9283195,BRANCH23,Raj Tanaka,ACCT2367112,2025-08-31 12:13:58,noise
credit,134.62,,BRANCH61,Raj Tanaka,ACCT2367112,2025-08-28 11:12:25,noise
credit,983.39,ACCT6804640,BRANCH31,Raj Tanaka,ACCT2367112,2025-08-26 10:42:09,noise
debit,194.76,,BRANCH23,Raj Tanaka,ACCT2367112,2025-08-26 22:12:04,noise
debit,1081.36,ACCT6651500,BRANCH23,Raj Tanaka,ACCT2367112,2025-08-19 14:39:05,noise
debit,437.48,,BRANCH96,Raj Tanaka,ACCT2367112,2025-08-17 15:20:42,noise
credit,1394.52,,BRANCH63,Raj Tanaka,ACCT2367112,2025-08-16 08:03:52,noise
credit,809.52,ACCT7068386,BRANCH23,Raj Tanaka,ACCT2367112,2025-08-15 13:17:00,noise
debit,1287.42,ACCT9606611,BRANCH23,Raj Tanaka,ACCT2367112,2025-08-14 18:04:51,noise
debit,321.74,,BRANCH62,Raj Tanaka,ACCT2367112,2025-08-13 19:18:15,noise
credit,1794.69,,BRANCH44,Raj Tanaka,ACCT2367112,2025-08-13 16:45:49,noise
debit,321.19,,BRANCH37,Raj Tanaka,ACCT2367112,2025-08-09 10:29:16,noise
credit,566.21,,BRANCH36,Raj Tanaka,ACCT2367112,2025-08-09 23:16:40,noise
debit,2862.15,,BRANCH23,Raj Tanaka,ACCT2367112,2025-08-08 11:29:51,noise
debit,946.95,,BRANCH60,Raj Tanaka,ACCT2367112,2025-08-07 10:41:37,noise
credit,161.23,,BRANCH23,Raj Tanaka,ACCT2367112,2025-08-05 14:23:45,noise
debit,108278.28,ACCT4127141,BRANCH23,Raj Tanaka,ACCT2367112,2025-12-27 04:09:14,noise
debit,72249.19,ACCT8932729,BRANCH79,Omar ElSayed,ACCT4127141,2025-12-24 13:25:31,noise
debit,55160.78,ACCT7141300,BRANCH89,Elena Meyer,ACCT8932729,2025-12-27 05:18:07,noise
