msisdn,remote_number,tower_id,duration_seconds,subscriber_name,timestamp,notes
6398605205469,6397147861767,T978,3.0,Elena Silva,2025-10-18 10:30:35,noise
6398605205469,6397861553600,T489,6.8,Elena Silva,2025-10-17 20:25:45,noise
6398605205469,6397861553600,T978,4.7,Elena Silva,2025-10-16 16:14:25,noise
6398605205469,6397524223789,T978,25.9,Elena Silva,2025-10-16 03:23:52,noise
6398605205469,6397861553600,T978,5.6,Elena Silva,2025-10-15 03:25:33,noise
6398605205469,6393189436628,T978,23.2,Elena Silva,2025-10-14 00:07:49,noise
6398605205469,6397861553600,T489,17.3,Elena Silva,2025-10-14 09:16:25,noise
6398605205469,6396651014213,T978,11.5,Elena Silva,2025-10-13 15:21:04,noise
6398605205469,6397955281670,T489,9.9,Elena Silva,2025-10-12 08:11:46,noise
6398605205469,6396205553347,T489,16.9,Elena Silva,2025-10-12 21:24:25,noise
6398605205469,6396336852250,T489,21.6,Elena Silva,2025-10-11 08:20:25,noise
6398605205469,6397105164464,T489,20.1,Elena Silva,2025-10-11 18:23:41,noise
6398605205469,6397861553600,T978,28.9,Elena Silva,2025-10-11 23:10:08,noise
6398605205469,6397147861767,T978,50.5,Elena Silva,2025-10-10 19:30:17,noise
6398605205469,6396651014213,T489,10.7,Elena Silva,2025-10-10 19:12:17,noise
6398605205469,6398605205469,T978,17.4,Elena Silva,2025-10-09 12:10:14,noise
6398605205469,6396327643318,T978,57.7,Elena Silva,2025-10-08 19:02:44,noise
6398605205469,6397147861767,T489,18.1,Elena Silva,2025-10-08 09:30:13,noise
6398605205469,6397147861767,T978,9.6,Elena Silva,2025-10-07 16:03:04,noise
6398605205469,6398126884162,T978,31.9,Elena Silva,2025-10-07 19:09:09,noise
6398605205469,6397861553600,T489,12.7,Elena Silva,2025-10-06 16:30:23,noise
6398605205469,6395417290038,T489,13.6,Elena Silva,2025-10-06 18:00:37,noise
6398605205469,6397861553600,T489,15.4,Elena Silva,2025-10-06 03:11:19,noise
6398605205469,6397147861767,T978,7.7,Elena Silva,2025-10-05 15:08:36,noise
6398605205469,6394684715577,T978,20.0,Elena Silva,2025-10-05 08:06:14,noise
6398605205469,6397861553600,T978,15.1,Elena Silva,2025-10-05 11:12:31,noise
6398605205469,6396651014213,T978,60.6,Elena Silva,2025-10-04 13:06:04,noise
6398605205469,6397861553600,T978,45.2,Elena Silva,2025-10-04 15:07:58,noise
6398605205469,6395907760981,T978,53.9,Elena Silva,2025-10-04 23:08:03,noise
6398605205469,6397147861767,T978,18.5,Elena Silva,2025-10-03 02:25:04,noise
6398605205469,6397147861767,T489,29.6,Elena Silva,2025-10-02 08:29:16,noise
6398605205469,6397861553600,T978,9.0,Elena Silva,2025-10-02 18:05:28,noise
6398605205469,6396651014213,T978,8.7,Elena Silva,2025-10-02 22:16:30,noise
6398605205469,6396651014213,T978,84.1,Elena Silva,2025-10-01 09:26:33,noise
6398605205469,6397147861767,T978,6.9,Elena Silva,2025-10-01 15:09:13,noise
6398605205469,6397861553600,T978,9.3,Elena Silva,2025-09-30 20:20:44,noise
6398605205469,6397147861767,T489,9.9,Elena Silva,2025-09-30 10:03:56,noise
6398605205469,6394317643354,T978,23.8,Elena Silva,2025-09-29 14:00:24,noise
6398605205469,6399371596006,T489,20.1,Elena Silva,2025-09-29 19:12:58,noise
6398605205469,6396651014213,T978,14.2,Elena Silva,2025-09-28 15:14:43,noise
6398605205469,6392099486686,T978,20.3,Elena Silva,2025-09-27 20:24:18,noise
6398605205469,6398454204335,T978,16.8,Elena Silva,2025-09-27 09:27:58,noise
6398605205469,6397147861767,T978,4.5,Elena Silva,2025-09-26 11:28:37,noise
6398605205469,6396651014213,T978,11.9,Elena Silva,2025-09-26 19:30:10,noise
6398605205469,6397147861767,T978,31.5,Elena Silva,2025-09-26 11:15:09,noise
6398605205469,6397861553600,T978,7.7,Elena Silva,2025-09-25 18:09:59,noise
6398605205469,6397861553600,T978,6.3,Elena Silva,2025-09-25 08:08:46,noise
6398605205469,6396801877658,T978,9.9,Elena Silva,2025-09-25 21:21:48,noise
6398605205469,6396651014213,T978,15.5,Elena Silva,2025-09-24 11:24:35,noise
6398605205469,6396659007500,T978,4.4,Elena Silva,2025-09-24 10:21:10,noise
6398605205469,6396449831833,T978,4.6,Elena Silva,2025-09-23 17:22:22,noise
6398605205469,6391505221103,T489,23.5,Elena Silva,2025-09-22 17:02:58,noise
6398605205469,6391707618661,T489,3.1,Elena Silva,2025-09-22 20:13:52,noise
6398605205469,6393429023955,T489,4.5,Elena Silva,2025-09-21 05:00:07,noise
6398605205469,6392634085329,T489,15.3,Elena Silva,2025-09-20 11:05:09,noise
6398605205469,6397043729383,T489,17.6,Elena Silva,2025-09-20 20:01:43,noise
6398605205469,6396651014213,T978,19.8,Elena Silva,2025-09-20 08:18:35,noise
6398605205469,6396651014213,T978,8.2,Elena Silva,2025-09-19 12:14:31,noise
6398605205469,6397147861767,T489,6.0,Elena Silva,2025-09-18 16:10:38,noise
6398605205469,6397861553600,T489,10.0,Elena Silva,2025-09-17 10:24:01,noise
6398605205469,6396817443067,T978,14.6,Elena Silva,2025-09-17 12:18:11,noise
6398605205469,6397861553600,T978,13.5,Elena Silva,2025-09-17 16:07:24,noise
6398605205469,6391839641832,T978,15.4,Elena Silva,2025-09-16 18:12:42,noise
6398605205469,6397861553600,T978,22.0,Elena Silva,2025-09-16 23:13:57,noise
6398605205469,6397147861767,T489,13.4,Elena Silva,2025-09-16 12:16:16,noise
6398605205469,6397105164464,T978,22.7,Elena Silva,2025-09-15 18:12:50,noise
6398605205469,6396652537140,T978,7.1,Elena Silva,2025-09-15 20:13:46,noise
6398605205469,6398583500075,T489,5.5,Elena Silva,2025-09-14 19:19:40,noise
6398605205469,6398302372328,T978,37.0,Elena Silva,2025-09-14 19:13:09,noise
6398605205469,6398478492299,T489,6.4,Elena Silva,2025-09-13 15:02:27,noise
6398605205469,6396651014213,T489,39.9,Elena Silva,2025-09-13 20:17:46,noise
6398605205469,6396651014213,T978,11.5,Elena Silva,2025-09-12 16:01:48,noise
6398605205469,6399282295544,T978,29.1,Elena Silva,2025-09-11 15:24:22,noise
6398605205469,6396651014213,T978,20.3,Elena Silva,2025-09-10 19:04:25,noise
6398605205469,6397147861767,T978,25.9,Elena Silva,2025-09-10 17:09:43,noise
6398605205469,6397861553600,T489,17.9,Elena Silva,2025-09-09 20:21:56,noise
6398605205469,6391923323851,T978,10.2,Elena Silva,2025-09-09 19:21:14,noise
6398605205469,6398302372328,T978,19.9,Elena Silva,2025-09-08 18:28:06,noise
6398605205469,6396651014213,T489,15.6,Elena Silva,2025-09-08 16:10:12,noise
6398605205469,6397861553600,T978,15.8,Elena Silva,2025-09-07 18:14:40,noise
6398605205469,6393189436628,T978,19.2,Elena Silva,2025-09-07 08:09:32,noise
6398605205469,6397861553600,T489,11.8,Elena Silva,2025-09-07 11:14:55,noise
6398605205469,6395786703009,T489,16.8,Elena Silva,2025-09-06 17:07:09,noise
6398605205469,6394126829491,T489,6.7,Elena Silva,2025-09-06 17:17:11,noise
6398605205469,6397147861767,T978,18.6,Elena Silva,2025-09-05 12:27:30,noise
6398605205469,6397147861767,T489,7.5,Elena Silva,2025-09-04 08:04:51,noise
6398605205469,6396651014213,T489,13.1,Elena Silva,2025-09-04 19:13:45,noise
6398605205469,6396651014213,T978,20.2,Elena Silva,2025-09-04 09:22:44,noise
6398605205469,6397147861767,T489,7.5,Elena Silva,2025-09-03 14:28:20,noise
6398605205469,6397861553600,T489,16.4,Elena Silva,2025-09-02 23:18:08,noise
6398605205469,6397861553600,T978,23.3,Elena Silva,2025-09-02 18:14:21,noise
6398605205469,6391153479794,T978,8.0,Elena Silva,2025-09-02 04:03:35,noise
6398605205469,6395651902688,T978,17.6,Elena Silva,2025-09-01 15:10:38,noise
6398605205469,6397147861767,T978,13.5,Elena Silva,2025-08-31 13:30:58,noise
6398605205469,6397861553600,T978,15.9,Elena Silva,2025-08-31 22:24:12,noise
6398605205469,6397861553600,T978,15.8,Elena Silva,2025-08-30 14:29:19,noise
6398605205469,6396651014213,T978,16.1,Elena Silva,2025-08-30 19:13:28,noise
6398605205469,6394762294635,T978,26.2,Elena Silva,2025-08-30 21:20:14,noise
6398605205469,6398605205469,T978,8.5,Elena Silva,2025-08-29 11:19:12,noise
6398605205469,6395176413962,T978,6.6,Elena Silva,2025-08-29 21:01:06,noise
6398605205469,6397147861767,T489,51.0,Elena Silva,2025-08-29 10:25:16,noise
6398605205469,6397861553600,T489,10.3,Elena Silva,2025-08-28 09:24:19,noise
6398605205469,6397861553600,T489,15.1,Elena Silva,2025-08-28 13:04:08,noise
6398605205469,6396651014213,T489,73.0,Elena Silva,2025-08-27 21:17:03,noise
6398605205469,6398936495763,T978,7.6,Elena Silva,2025-08-27 02:12:46,noise
6398605205469,6396651014213,T978,15.5,Elena Silva,2025-08-26 05:00:18,noise
6398605205469,6397524223789,T489,18.3,Elena Silva,2025-08-26 18:16:32,noise
6398605205469,6397454260155,T978,19.8,Elena Silva,2025-08-26 08:19:01,noise
6398605205469,6396651014213,T489,18.8,Elena Silva,2025-08-25 15:28:21,noise
6398605205469,6397861553600,T978,27.4,Elena Silva,2025-08-25 11:20:02,noise
6398605205469,6397861553600,T489,14.3,Elena Silva,2025-08-25 20:11:41,noise
6398605205469,6397236553825,T978,73.5,Elena Silva,2025-08-24 14:00:28,noise
6398605205469,6395453841530,T978,12.8,Elena Silva,2025-08-24 18:19:12,noise
6398605205469,6395395226580,T978,18.1,Elena Silva,2025-08-24 10:02:54,noise
6398605205469,6397147861767,T489,30.7,Elena Silva,2025-08-23 00:22:30,noise
6398605205469,6397861553600,T489,20.7,Elena Silva,2025-08-23 13:05:36,noise
6398605205469,6395869422194,T978,8.5,Elena Silva,2025-08-22 16:01:55,noise
6398605205469,6391505221103,T978,62.0,Elena Silva,2025-08-22 10:08:23,noise
6398605205469,6396651014213,T978,21.3,Elena Silva,2025-08-21 16:09:01,noise
6398605205469,6396659007500,T978,42.6,Elena Silva,2025-08-21 14:00:17,noise
6398605205469,6391202411176,T978,6.0,Elena Silva,2025-08-20 22:11:34,noise
6398605205469,6396651014213,T978,17.6,Elena Silva,2025-08-20 11:06:55,noise
6398605205469,6397861553600,T489,47.7,Elena Silva,2025-08-19 13:25:55,noise
6398605205469,6397147861767,T978,45.0,Elena Silva,2025-08-18 08:11:53,noise
6398605205469,6396651014213,T978,51.9,Elena Silva,2025-08-18 18:06:01,noise
6398605205469,6394168811006,T489,11.5,Elena Silva,2025-08-17 17:01:59,noise
6398605205469,6397147861767,T978,22.8,Elena Silva,2025-08-17 04:17:03,noise
6398605205469,6397147861767,T489,6.4,Elena Silva,2025-08-17 09:23:25,noise
6398605205469,6391839641832,T489,26.4,Elena Silva,2025-08-16 11:04:33,noise
6398605205469,6397861553600,T489,54.7,Elena Silva,2025-08-16 17:03:11,noise
6398605205469,6396659007500,T489,10.1,Elena Silva,2025-08-15 16:19:31,noise
6398605205469,6397861553600,T978,7.4,Elena Silva,2025-08-15 14:02:47,noise
6398605205469,6397861553600,T978,3.2,Elena Silva,2025-08-14 10:09:46,noise
6398605205469,6395176611292,T978,5.7,Elena Silva,2025-08-14 12:08:58,noise
6398605205469,6397147861767,T978,29.0,Elena Silva,2025-08-14 15:23:08,noise
6398605205469,6396651014213,T978,24.1,Elena Silva,2025-08-13 10:15:02,noise
6398605205469,6396869656615,T489,20.9,Elena Silva,2025-08-12 11:17:02,noise
6398605205469,6397861553600,T489,7.1,Elena Silva,2025-08-12 20:14:05,noise
6398605205469,6395907760981,T489,23.9,Elena Silva,2025-08-12 14:19:44,noise
6398605205469,6397147861767,T978,8.3,Elena Silva,2025-08-11 14:26:35,noise
6398605205469,6396651014213,T489,26.0,Elena Silva,2025-08-11 12:16:00,noise
6398605205469,6396449831833,T489,14.8,Elena Silva,2025-08-10 08:22:55,noise
6398605205469,6396651014213,T489,20.9,Elena Silva,2025-08-10 20:00:10,noise
6398605205469,6395176413962,T489,25.8,Elena Silva,2025-08-09 10:18:24,noise
6398605205469,6392056728284,T978,22.5,Elena Silva,2025-08-09 10:22:46,noise
6398605205469,6396651014213,T489,11.3,Elena Silva,2025-08-09 04:03:03,noise
6398605205469,6394126829491,T489,9.3,Elena Silva,2025-08-08 09:03:51,noise
6398605205469,6397147861767,T489,16.3,Elena Silva,2025-08-08 17:12:32,noise
6398605205469,6397147861767,T978,7.9,Elena Silva,2025-08-07 19:14:54,noise
6398605205469,6399607110001,T489,10.3,Elena Silva,2025-08-07 14:18:14,noise
6398605205469,6397147861767,T978,13.8,Elena Silva,2025-08-07 11:13:55,noise
6398605205469,6397861553600,T489,36.3,Elena Silva,2025-08-06 20:14:24,noise
6398605205469,6396651014213,T978,19.3,Elena Silva,2025-08-06 18:27:30,noise
6398605205469,6391202411176,T489,12.6,Elena Silva,2025-08-05 08:19:58,noise
6398605205469,6397861553600,T978,13.3,Elena Silva,2025-08-05 20:08:17,noise
6398605205469,6396651014213,T978,25.4,Elena Silva,2025-08-04 16:24:24,noise
6398605205469,6396783753090,T489,13.0,Elena Silva,2025-08-04 10:04:56,noise
6393128476840,6391782370828,T546,7.6,Uma Alvarez,2025-10-18 21:04:40,noise
6393128476840,6392364622622,T546,15.9,Uma Alvarez,2025-10-18 13:26:27,noise
6393128476840,6391782370828,T520,21.0,Uma Alvarez,2025-10-18 10:06:07,noise
6393128476840,6397275036984,T520,45.6,Uma Alvarez,2025-10-17 19:11:03,noise
6393128476840,6396336852250,T520,12.9,Uma Alvarez,2025-10-17 12:08:37,noise
6393128476840,6395395226580,T520,11.1,Uma Alvarez,2025-10-16 09:28:48,noise
6393128476840,6396336852250,T520,5.0,Uma Alvarez,2025-10-16 15:15:23,noise
6393128476840,6396336852250,T546,20.4,Uma Alvarez,2025-10-15 23:08:39,noise
6393128476840,6391782370828,T520,6.7,Uma Alvarez,2025-10-15 18:27:01,noise
6393128476840,6392861738151,T520,29.9,Uma Alvarez,2025-10-14 10:18:45,noise
6393128476840,6391782370828,T520,38.7,Uma Alvarez,2025-10-14 00:10:17,noise
6393128476840,6396336852250,T520,177.5,Uma Alvarez,2025-10-14 13:20:28,noise
6393128476840,6391782370828,T520,15.1,Uma Alvarez,2025-10-13 17:13:54,noise
6393128476840,6392861738151,T546,13.5,Uma Alvarez,2025-10-13 18:24:05,noise
6393128476840,6392861738151,T520,34.4,Uma Alvarez,2025-10-12 21:02:14,noise
6393128476840,6392849430457,T546,44.7,Uma Alvarez,2025-10-12 18:29:50,noise
6393128476840,6391782370828,T520,19.1,Uma Alvarez,2025-10-11 14:12:03,noise
6393128476840,6391782370828,T520,17.8,Uma Alvarez,2025-10-11 17:12:32,noise
6393128476840,6399749908291,T546,18.6,Uma Alvarez,2025-10-11 19:16:43,noise
6393128476840,6394762294635,T520,13.3,Uma Alvarez,2025-10-10 03:16:51,noise
6393128476840,6396336852250,T520,31.2,Uma Alvarez,2025-10-09 22:12:45,noise
6393128476840,6397063169102,T520,14.5,Uma Alvarez,2025-10-09 12:03:25,noise
6393128476840,6394385485119,T546,8.7,Uma Alvarez,2025-10-09 18:12:27,noise
6393128476840,6392861738151,T520,9.6,Uma Alvarez,2025-10-08 08:10:42,noise
6393128476840,6396336852250,T520,29.0,Uma Alvarez,2025-10-08 10:13:45,noise
6393128476840,6396657427421,T546,9.4,Uma Alvarez,2025-10-07 14:25:29,noise
6393128476840,6392861738151,T520,20.4,Uma Alvarez,2025-10-06 20:15:19,noise
6393128476840,6393189436628,T520,29.1,Uma Alvarez,2025-10-05 04:19:02,noise
6393128476840,6391782370828,T520,10.8,Uma Alvarez,2025-10-05 00:25:37,noise
6393128476840,6396336852250,T546,5.9,Uma Alvarez,2025-10-05 16:18:51,noise
6393128476840,6396336852250,T546,4.5,Uma Alvarez,2025-10-04 16:30:53,noise
6393128476840,6396783753090,T546,15.2,Uma Alvarez,2025-10-03 10:02:16,noise
6393128476840,6396926232765,T520,13.2,Uma Alvarez,2025-10-02 09:22:36,noise
6393128476840,6392861738151,T520,50.5,Uma Alvarez,2025-10-02 17:19:05,noise
6393128476840,6392861738151,T520,15.2,Uma Alvarez,2025-10-02 19:00:21,noise
6393128476840,6392861738151,T520,8.5,Uma Alvarez,2025-10-01 15:07:47,noise
6393128476840,6399821171578,T546,9.6,Uma Alvarez,2025-10-01 17:16:19,noise
6393128476840,6391782370828,T546,16.8,Uma Alvarez,2025-09-30 10:03:32,noise
6393128476840,6391782370828,T520,10.2,Uma Alvarez,2025-09-30 22:08:30,noise
6393128476840,6394901039851,T520,19.6,Uma Alvarez,2025-09-29 12:15:49,noise
6393128476840,6392861738151,T546,49.7,Uma Alvarez,2025-09-29 12:15:03,noise
6393128476840,6392861738151,T546,12.1,Uma Alvarez,2025-09-28 17:02:13,noise
6393128476840,6391782370828,T520,16.0,Uma Alvarez,2025-09-28 01:25:09,noise
6393128476840,6396336852250,T520,124.9,Uma Alvarez,2025-09-27 19:18:00,noise
6393128476840,6396926232765,T520,20.7,Uma Alvarez,2025-09-26 14:11:58,noise
6393128476840,6396336852250,T520,7.4,Uma Alvarez,2025-09-26 12:12:46,noise
6393128476840,6393489048828,T546,28.5,Uma Alvarez,2025-09-25 20:05:51,noise
6393128476840,6391202411176,T546,12.7,Uma Alvarez,2025-09-24 15:17:39,noise
6393128476840,6397454260155,T546,5.0,Uma Alvarez,2025-09-24 20:07:55,noise
6393128476840,6392861738151,T520,79.7,Uma Alvarez,2025-09-24 08:29:44,noise
6393128476840,6394483976722,T546,19.7,Uma Alvarez,2025-09-23 18:13:34,noise
6393128476840,6396651014213,T546,7.6,Uma Alvarez,2025-09-23 15:03:59,noise
6393128476840,6396336852250,T520,41.7,Uma Alvarez,2025-09-22 19:19:51,noise
6393128476840,6392861738151,T520,51.5,Uma Alvarez,2025-09-22 09:30:33,noise
6393128476840,6391743328958,T546,14.7,Uma Alvarez,2025-09-21 19:11:31,noise
6393128476840,6398607746834,T546,7.2,Uma Alvarez,2025-09-21 02:20:45,noise
6393128476840,6392861738151,T546,11.9,Uma Alvarez,2025-09-21 22:26:55,noise
6393128476840,6396336852250,T520,25.0,Uma Alvarez,2025-09-20 08:16:12,noise
6393128476840,6396336852250,T546,16.6,Uma Alvarez,2025-09-20 02:25:00,noise
6393128476840,6391782370828,T520,30.8,Uma Alvarez,2025-09-19 08:25:07,noise
6393128476840,6391782370828,T546,29.9,Uma Alvarez,2025-09-19 13:02:33,noise
6393128476840,6393429023955,T520,9.6,Uma Alvarez,2025-09-18 18:30:58,noise
6393128476840,6392778974508,T546,3.3,Uma Alvarez,2025-09-17 23:04:24,noise
6393128476840,6396336852250,T546,11.5,Uma Alvarez,2025-09-17 22:12:11,noise
6393128476840,6396336852250,T520,29.9,Uma Alvarez,2025-09-16 10:29:19,noise
6393128476840,6392861738151,T546,24.6,Uma Alvarez,2025-09-15 16:21:37,noise
6393128476840,6396336852250,T546,35.3,Uma Alvarez,2025-09-15 19:13:19,noise
6393128476840,6395453841530,T520,22.0,Uma Alvarez,2025-09-14 21:04:55,noise
6393128476840,6396336852250,T520,10.9,Uma Alvarez,2025-09-13 21:02:21,noise
6393128476840,6392941380910,T546,14.7,Uma Alvarez,2025-09-13 08:09:19,noise
6393128476840,6391782370828,T520,8.5,Uma Alvarez,2025-09-12 09:25:45,noise
6393128476840,6391782370828,T520,8.6,Uma Alvarez,2025-09-12 11:05:48,noise
6393128476840,6397524223789,T520,11.1,Uma Alvarez,2025-09-12 14:07:58,noise
6393128476840,6396926232765,T520,16.5,Uma Alvarez,2025-09-11 19:30:47,noise
6393128476840,6397335537719,T546,13.2,Uma Alvarez,2025-09-11 12:27:21,noise
6393128476840,6396336852250,T546,7.0,Uma Alvarez,2025-09-11 13:13:31,noise
6393128476840,6392861738151,T520,24.2,Uma Alvarez,2025-09-10 12:20:25,noise
6393128476840,6394483976722,T520,27.8,Uma Alvarez,2025-09-10 16:00:32,noise
6393128476840,6393189436628,T520,13.6,Uma Alvarez,2025-09-10 02:22:41,noise
6393128476840,6396336852250,T520,3.0,Uma Alvarez,2025-09-09 20:13:40,noise
6393128476840,6391969388584,T520,9.0,Uma Alvarez,2025-09-09 18:12:41,noise
6393128476840,6391782370828,T520,14.3,Uma Alvarez,2025-09-08 12:16:01,noise
6393128476840,6394762294635,T520,14.8,Uma Alvarez,2025-09-08 10:25:43,noise
6393128476840,6396336852250,T520,27.8,Uma Alvarez,2025-09-07 09:28:19,noise
6393128476840,6396336852250,T520,43.8,Uma Alvarez,2025-09-06 21:10:28,noise
6393128476840,6393996622945,T520,9.7,Uma Alvarez,2025-09-05 15:10:37,noise
6393128476840,6396336852250,T546,60.2,Uma Alvarez,2025-09-05 18:15:36,noise
6393128476840,6396651014213,T546,8.8,Uma Alvarez,2025-09-04 14:05:32,noise
6393128476840,6392861738151,T520,46.5,Uma Alvarez,2025-09-03 18:02:47,noise
6393128476840,6399486544271,T546,10.0,Uma Alvarez,2025-09-03 19:14:06,noise
6393128476840,6394775439440,T520,17.1,Uma Alvarez,2025-09-03 16:13:14,noise
6393128476840,6396336852250,T520,7.9,Uma Alvarez,2025-09-02 14:27:47,noise
6393128476840,6398454204335,T520,10.9,Uma Alvarez,2025-09-02 12:15:48,noise
6393128476840,6392861738151,T520,11.4,Uma Alvarez,2025-09-01 20:19:14,noise
6393128476840,6391969388584,T520,28.9,Uma Alvarez,2025-09-01 00:17:17,noise
6393128476840,6398126884162,T520,28.6,Uma Alvarez,2025-08-31 16:12:53,noise
6393128476840,6392861738151,T520,17.2,Uma Alvarez,2025-08-30 19:24:07,noise
6393128476840,6392861738151,T546,87.1,Uma Alvarez,2025-08-29 10:30:52,noise
6393128476840,6396336852250,T520,10.6,Uma Alvarez,2025-08-29 18:30:11,noise
6393128476840,6392743343485,T546,7.8,Uma Alvarez,2025-08-28 22:22:02,noise
6393128476840,6397012123905,T520,19.2,Uma Alvarez,2025-08-27 20:20:13,noise
6393128476840,6391782370828,T520,47.4,Uma Alvarez,2025-08-27 11:26:26,noise
6393128476840,6397335537719,T546,18.0,Uma Alvarez,2025-08-26 18:06:20,noise
6393128476840,6396336852250,T546,21.4,Uma Alvarez,2025-08-26 19:20:03,noise
6393128476840,6399478806060,T546,54.5,Uma Alvarez,2025-08-25 16:22:57,noise
6393128476840,6396336852250,T520,7.7,Uma Alvarez,2025-08-25 17:08:02,noise
6393128476840,6398583500075,T546,6.0,Uma Alvarez,2025-08-24 08:16:50,noise
6393128476840,6392861738151,T520,14.7,Uma Alvarez,2025-08-24 09:08:36,noise
6393128476840,6397861553600,T520,9.3,Uma Alvarez,2025-08-23 16:17:56,noise
6393128476840,6396336852250,T546,20.1,Uma Alvarez,2025-08-23 16:04:55,noise
6393128476840,6396336852250,T520,5.9,Uma Alvarez,2025-08-23 20:12:30,noise
6393128476840,6394952018320,T546,28.0,Uma Alvarez,2025-08-22 16:13:09,noise
6393128476840,6392861738151,T546,36.9,Uma Alvarez,2025-08-21 09:18:08,noise
6393128476840,6392596108594,T520,10.6,Uma Alvarez,2025-08-21 15:16:42,noise
6393128476840,6394901039851,T520,29.7,Uma Alvarez,2025-08-21 19:30:22,noise
6393128476840,6399478806060,T520,13.3,Uma Alvarez,2025-08-20 18:27:06,noise
6393128476840,6391782370828,T520,10.4,Uma Alvarez,2025-08-19 18:10:43,noise
6393128476840,6391782370828,T520,10.3,Uma Alvarez,2025-08-18 01:12:39,noise
6393128476840,6397043729383,T546,11.8,Uma Alvarez,2025-08-18 19:01:42,noise
6393128476840,6396336852250,T520,18.0,Uma Alvarez,2025-08-17 15:01:02,noise
6393128476840,6391782370828,T546,11.1,Uma Alvarez,2025-08-16 19:23:12,noise
6393128476840,6392861738151,T520,15.8,Uma Alvarez,2025-08-15 05:10:07,noise
6393128476840,6396336852250,T546,20.9,Uma Alvarez,2025-08-15 15:27:58,noise
6393128476840,6394772775911,T520,22.4,Uma Alvarez,2025-08-14 04:29:27,noise
6393128476840,6395417290038,T520,8.7,Uma Alvarez,2025-08-14 16:01:05,noise
6393128476840,6391782370828,T546,11.3,Uma Alvarez,2025-08-13 09:28:33,noise
6393128476840,6392861738151,T520,18.0,Uma Alvarez,2025-08-13 17:22:54,noise
6393128476840,6392861738151,T520,6.5,Uma Alvarez,2025-08-12 08:27:22,noise
6393128476840,6391782370828,T546,24.0,Uma Alvarez,2025-08-12 17:15:08,noise
6393128476840,6391782370828,T520,11.4,Uma Alvarez,2025-08-11 12:10:27,noise
6393128476840,6392861738151,T520,8.8,Uma Alvarez,2025-08-10 14:11:14,noise
6393128476840,6391285888600,T520,43.4,Uma Alvarez,2025-08-09 15:08:42,noise
6393128476840,6396336852250,T520,37.9,Uma Alvarez,2025-08-09 04:11:26,noise
6393128476840,6391782370828,T546,9.0,Uma Alvarez,2025-08-08 08:02:00,noise
6393128476840,6396336852250,T520,6.8,Uma Alvarez,2025-08-08 20:29:19,noise
6393128476840,6396336852250,T520,17.4,Uma Alvarez,2025-08-07 16:25:55,noise
6393128476840,6394775439440,T520,33.8,Uma Alvarez,2025-08-07 19:25:38,noise
6393128476840,6396336852250,T520,13.4,Uma Alvarez,2025-08-07 13:21:07,noise
6393128476840,6391839641832,T520,80.7,Uma Alvarez,2025-08-06 18:02:33,noise
6393128476840,6396659007500,T546,5.3,Uma Alvarez,2025-08-06 20:08:52,noise
6393128476840,6391782370828,T546,21.0,Uma Alvarez,2025-08-06 13:10:34,noise
6393128476840,6391782370828,T546,8.8,Uma Alvarez,2025-08-05 15:09:30,noise
6393128476840,6396336852250,T546,13.1,Uma Alvarez,2025-08-05 10:19:43,noise
6393128476840,6392861738151,T520,8.3,Uma Alvarez,2025-08-04 20:26:35,noise
6393128476840,6394762294635,T520,46.8,Uma Alvarez,2025-08-04 20:06:39,noise
6394385485119,6396807432422,T795,5.9,Diego Patida,2025-10-18 12:01:47,noise
6394385485119,6392634085329,T795,15.6,Diego Patida,2025-10-17 09:26:48,noise
6394385485119,6396807432422,T795,26.8,Diego Patida,2025-10-16 18:09:57,noise
6394385485119,6391777783479,T139,21.8,Diego Patida,2025-10-16 04:25:18,noise
6394385485119,6396327643318,T795,17.0,Diego Patida,2025-10-15 12:30:09,noise
6394385485119,6396807432422,T795,24.5,Diego Patida,2025-10-15 23:09:45,noise
6394385485119,6396807432422,T795,60.8,Diego Patida,2025-10-14 14:29:45,noise
6394385485119,6394317643354,T139,24.8,Diego Patida,2025-10-13 15:24:14,noise
6394385485119,6394385485119,T795,13.0,Diego Patida,2025-10-13 20:12:19,noise
6394385485119,6395395226580,T139,9.2,Diego Patida,2025-10-12 20:26:32,noise
6394385485119,6395395226580,T795,22.6,Diego Patida,2025-10-12 16:10:42,noise
6394385485119,6399282295544,T139,12.0,Diego Patida,2025-10-11 16:15:51,noise
6394385485119,6395395226580,T139,31.8,Diego Patida,2025-10-11 15:03:12,noise
6394385485119,6396807432422,T795,26.5,Diego Patida,2025-10-10 18:22:07,noise
6394385485119,6392634085329,T139,16.0,Diego Patida,2025-10-10 21:04:15,noise
6394385485119,6395395226580,T139,6.3,Diego Patida,2025-10-09 16:15:34,noise
6394385485119,6396336852250,T795,20.2,Diego Patida,2025-10-09 23:13:00,noise
6394385485119,6396807432422,T795,11.7,Diego Patida,2025-10-08 11:08:02,noise
6394385485119,6392634085329,T795,6.8,Diego Patida,2025-10-08 20:12:01,noise
6394385485119,6395395226580,T795,12.2,Diego Patida,2025-10-07 19:14:00,noise
6394385485119,6392596108594,T139,6.3,Diego Patida,2025-10-07 12:27:35,noise
6394385485119,6395176611292,T139,17.4,Diego Patida,2025-10-06 11:29:41,noise
6394385485119,6392634085329,T795,3.9,Diego Patida,2025-10-06 13:07:24,noise
6394385485119,6395395226580,T795,8.8,Diego Patida,2025-10-05 12:06:47,noise
6394385485119,6396807432422,T139,5.5,Diego Patida,2025-10-04 02:05:42,noise
6394385485119,6399607110001,T139,20.0,Diego Patida,2025-10-04 13:09:10,noise
6394385485119,6399063738848,T139,16.8,Diego Patida,2025-10-03 16:14:51,noise
6394385485119,6394984418393,T139,14.1,Diego Patida,2025-10-02 11:01:35,noise
6394385485119,6399821171578,T795,6.9,Diego Patida,2025-10-01 10:18:17,noise
6394385485119,6395395226580,T795,13.9,Diego Patida,2025-09-30 10:20:03,noise
6394385485119,6395036386090,T139,9.8,Diego Patida,2025-09-30 01:05:21,noise
6394385485119,6396807432422,T139,7.8,Diego Patida,2025-09-30 08:23:47,noise
6394385485119,6395395226580,T139,60.2,Diego Patida,2025-09-29 11:09:38,noise
6394385485119,6399749908291,T795,14.3,Diego Patida,2025-09-29 19:22:34,noise
6394385485119,6391707618661,T139,14.2,Diego Patida,2025-09-29 20:29:11,noise
6394385485119,6392634085329,T139,5.7,Diego Patida,2025-09-28 12:06:50,noise
6394385485119,6397861553600,T795,11.6,Diego Patida,2025-09-28 21:08:23,noise
6394385485119,6396807432422,T795,18.3,Diego Patida,2025-09-27 12:22:22,noise
6394385485119,6396807432422,T795,5.9,Diego Patida,2025-09-27 19:09:31,noise
6394385485119,6396807432422,T795,43.1,Diego Patida,2025-09-27 22:05:28,noise
6394385485119,6398605205469,T795,19.7,Diego Patida,2025-09-26 08:19:36,noise
6394385485119,6395786703009,T795,12.5,Diego Patida,2025-09-26 10:10:21,noise
6394385485119,6392596108594,T139,3.2,Diego Patida,2025-09-25 12:30:47,noise
6394385485119,6396336852250,T139,7.7,Diego Patida,2025-09-24 10:10:15,noise
6394385485119,6392099486686,T795,9.9,Diego Patida,2025-09-23 00:26:38,noise
6394385485119,6395036386090,T795,16.8,Diego Patida,2025-09-23 13:30:27,noise
6394385485119,6395503747521,T795,9.8,Diego Patida,2025-09-22 23:18:16,noise
6394385485119,6392634085329,T795,31.1,Diego Patida,2025-09-21 15:15:33,noise
6394385485119,6396449831833,T139,26.8,Diego Patida,2025-09-20 22:10:05,noise
6394385485119,6395395226580,T139,45.9,Diego Patida,2025-09-20 19:16:54,noise
6394385485119,6395395226580,T139,6.8,Diego Patida,2025-09-20 13:24:10,noise
6394385485119,6396807432422,T139,15.3,Diego Patida,2025-09-19 09:10:11,noise
6394385485119,6399607110001,T139,5.8,Diego Patida,2025-09-19 08:16:27,noise
6394385485119,6395395226580,T795,19.7,Diego Patida,2025-09-19 20:12:45,noise
6394385485119,6396807432422,T795,15.2,Diego Patida,2025-09-18 08:09:27,noise
6394385485119,6395395226580,T139,21.4,Diego Patida,2025-09-17 11:19:38,noise
6394385485119,6391285888600,T139,10.9,Diego Patida,2025-09-17 12:06:25,noise
6394385485119,6395176413962,T139,19.7,Diego Patida,2025-09-16 16:10:38,noise
6394385485119,6396807432422,T795,9.4,Diego Patida,2025-09-16 19:12:59,noise
6394385485119,6399902228679,T139,14.5,Diego Patida,2025-09-16 08:17:54,noise
6394385485119,6395395226580,T795,16.7,Diego Patida,2025-09-15 16:04:47,noise
6394385485119,6392634085329,T139,19.6,Diego Patida,2025-09-15 20:09:27,noise
6394385485119,6399063738848,T795,19.8,Diego Patida,2025-09-14 01:10:06,noise
6394385485119,6394733500690,T139,13.7,Diego Patida,2025-09-14 08:22:18,noise
6394385485119,6395176611292,T139,5.0,Diego Patida,2025-09-14 15:15:00,noise
6394385485119,6392634085329,T139,9.7,Diego Patida,2025-09-13 12:10:04,noise
6394385485119,6392634085329,T795,53.3,Diego Patida,2025-09-13 09:08:12,noise
6394385485119,6396807432422,T139,26.1,Diego Patida,2025-09-13 20:14:23,noise
6394385485119,6394901039851,T795,21.9,Diego Patida,2025-09-12 19:25:05,noise
6394385485119,6395395226580,T139,11.2,Diego Patida,2025-09-12 09:12:13,noise
6394385485119,6392634085329,T139,8.2,Diego Patida,2025-09-12 21:17:06,noise
6394385485119,6392634085329,T795,26.1,Diego Patida,2025-09-11 21:13:13,noise
6394385485119,6396807432422,T139,14.7,Diego Patida,2025-09-11 15:30:21,noise
6394385485119,6392634085329,T795,8.8,Diego Patida,2025-09-10 10:05:52,noise
6394385485119,6395395226580,T139,12.6,Diego Patida,2025-09-10 13:14:38,noise
6394385485119,6392634085329,T139,19.3,Diego Patida,2025-09-10 09:27:11,noise
6394385485119,6395176611292,T139,18.2,Diego Patida,2025-09-09 09:07:34,noise
6394385485119,6396807432422,T139,12.4,Diego Patida,2025-09-08 11:26:36,noise
6394385485119,6398825301484,T139,5.1,Diego Patida,2025-09-08 19:05:46,noise
6394385485119,6392056728284,T795,24.7,Diego Patida,2025-09-08 15:25:06,noise
6394385485119,6398583500075,T139,25.7,Diego Patida,2025-09-07 10:01:43,noise
6394385485119,6395395226580,T139,37.2,Diego Patida,2025-09-07 13:08:58,noise
6394385485119,6395395226580,T795,20.4,Diego Patida,2025-09-06 13:23:01,noise
6394385485119,6395395226580,T139,11.4,Diego Patida,2025-09-06 11:12:03,noise
6394385485119,6395395226580,T795,11.9,Diego Patida,2025-09-06 13:22:05,noise
6394385485119,6396807432422,T795,15.8,Diego Patida,2025-09-05 13:23:04,noise
6394385485119,6396807432422,T139,76.3,Diego Patida,2025-09-05 15:18:49,noise
6394385485119,6392634085329,T139,18.4,Diego Patida,2025-09-05 14:03:47,noise
6394385485119,6396807432422,T139,11.1,Diego Patida,2025-09-04 13:01:42,noise
6394385485119,6395395226580,T139,71.2,Diego Patida,2025-09-04 20:20:53,noise
6394385485119,6399821171578,T139,28.0,Diego Patida,2025-09-04 21:18:39,noise
6394385485119,6396807432422,T795,8.8,Diego Patida,2025-09-03 12:00:58,noise
6394385485119,6392634085329,T139,21.8,Diego Patida,2025-09-03 04:13:55,noise
6394385485119,6395395226580,T795,9.6,Diego Patida,2025-09-02 19:06:55,noise
6394385485119,6395395226580,T795,48.1,Diego Patida,2025-09-02 09:23:14,noise
6394385485119,6392099486686,T139,19.6,Diego Patida,2025-09-01 17:09:56,noise
6394385485119,6392634085329,T139,24.8,Diego Patida,2025-09-01 12:22:52,noise
6394385485119,6392634085329,T139,40.0,Diego Patida,2025-08-31 23:07:51,noise
6394385485119,6396817443067,T139,10.4,Diego Patida,2025-08-31 15:08:49,noise
6394385485119,6395395226580,T139,10.0,Diego Patida,2025-08-30 08:28:16,noise
6394385485119,6396807432422,T139,12.5,Diego Patida,2025-08-30 09:11:48,noise
6394385485119,6399478806060,T795,9.5,Diego Patida,2025-08-29 14:16:43,noise
6394385485119,6392634085329,T139,22.1,Diego Patida,2025-08-29 11:22:39,noise
6394385485119,6392634085329,T795,29.8,Diego Patida,2025-08-28 22:16:08,noise
6394385485119,6395395226580,T795,34.3,Diego Patida,2025-08-27 09:08:47,noise
6394385485119,6396651014213,T139,18.8,Diego Patida,2025-08-27 13:21:46,noise
6394385485119,6398454204335,T139,14.9,Diego Patida,2025-08-27 18:15:25,noise
6394385485119,6395395226580,T795,7.2,Diego Patida,2025-08-26 11:25:52,noise
6394385485119,6391743328958,T139,14.6,Diego Patida,2025-08-26 15:10:31,noise
6394385485119,6395395226580,T795,31.1,Diego Patida,2025-08-26 12:27:29,noise
6394385485119,6395395226580,T139,34.6,Diego Patida,2025-08-25 15:30:55,noise
6394385485119,6395395226580,T139,24.4,Diego Patida,2025-08-25 09:22:51,noise
6394385485119,6395395226580,T139,155.1,Diego Patida,2025-08-25 11:28:06,noise
6394385485119,6392634085329,T795,8.4,Diego Patida,2025-08-24 22:11:11,noise
6394385485119,6392634085329,T139,18.9,Diego Patida,2025-08-23 11:07:27,noise
6394385485119,6395395226580,T139,15.6,Diego Patida,2025-08-23 09:15:08,noise
6394385485119,6396783753090,T795,18.0,Diego Patida,2025-08-23 19:08:26,noise
6394385485119,6398936495763,T139,46.1,Diego Patida,2025-08-22 19:21:49,noise
6394385485119,6399607110001,T139,9.0,Diego Patida,2025-08-22 12:01:47,noise
6394385485119,6395395226580,T139,17.4,Diego Patida,2025-08-22 19:01:59,noise
6394385485119,6395907760981,T795,6.2,Diego Patida,2025-08-21 09:03:55,noise
6394385485119,6395395226580,T139,30.2,Diego Patida,2025-08-21 18:08:35,noise
6394385485119,6396807432422,T795,3.6,Diego Patida,2025-08-21 04:28:57,noise
6394385485119,6395395226580,T139,9.4,Diego Patida,2025-08-20 23:26:06,noise
6394385485119,6392634085329,T795,6.6,Diego Patida,2025-08-20 11:29:50,noise
6394385485119,6396807432422,T795,14.0,Diego Patida,2025-08-19 17:18:20,noise
6394385485119,6395395226580,T139,11.1,Diego Patida,2025-08-19 20:26:16,noise
6394385485119,6393128476840,T795,7.2,Diego Patida,2025-08-18 15:09:22,noise
6394385485119,6399063738848,T795,7.2,Diego Patida,2025-08-18 19:03:57,noise
6394385485119,6392056728284,T795,59.8,Diego Patida,2025-08-17 23:08:09,noise
6394385485119,6399749908291,T139,18.1,Diego Patida,2025-08-17 14:09:05,noise
6394385485119,6392634085329,T795,5.3,Diego Patida,2025-08-16 13:23:41,noise
6394385485119,6392634085329,T139,15.7,Diego Patida,2025-08-16 10:26:25,noise
6394385485119,6396807432422,T139,9.6,Diego Patida,2025-08-15 16:29:06,noise
6394385485119,6395395226580,T139,126.6,Diego Patida,2025-08-14 20:27:28,noise
6394385485119,6394762294635,T795,40.8,Diego Patida,2025-08-14 02:29:58,noise
6394385485119,6395395226580,T139,11.3,Diego Patida,2025-08-13 19:05:29,noise
6394385485119,6399902228679,T139,7.7,Diego Patida,2025-08-13 17:14:42,noise
6394385485119,6394762294635,T139,9.3,Diego Patida,2025-08-12 10:01:37,noise
6394385485119,6395395226580,T139,30.8,Diego Patida,2025-08-12 21:24:00,noise
6394385485119,6396807432422,T795,29.5,Diego Patida,2025-08-11 19:04:14,noise
6394385485119,6392634085329,T795,24.4,Diego Patida,2025-08-11 17:20:42,noise
6394385485119,6396807432422,T139,26.2,Diego Patida,2025-08-10 14:21:59,noise
6394385485119,6395395226580,T139,22.9,Diego Patida,2025-08-10 19:21:55,noise
6394385485119,6396807432422,T795,9.1,Diego Patida,2025-08-10 09:26:19,noise
6394385485119,6396652537140,T795,14.1,Diego Patida,2025-08-09 11:00:53,noise
6394385485119,6392634085329,T795,17.2,Diego Patida,2025-08-09 20:29:49,noise
6394385485119,6395786703009,T139,27.3,Diego Patida,2025-08-08 22:10:49,noise
6394385485119,6391923323851,T139,19.1,Diego Patida,2025-08-08 15:18:04,noise
6394385485119,6396807432422,T795,12.7,Diego Patida,2025-08-08 11:27:04,noise
6394385485119,6399902228679,T139,9.6,Diego Patida,2025-08-07 11:10:27,noise
6394385485119,6395395226580,T795,22.3,Diego Patida,2025-08-07 13:03:25,noise
6394385485119,6399282295544,T139,5.9,Diego Patida,2025-08-06 05:07:30,noise
6394385485119,6393128476840,T139,26.2,Diego Patida,2025-08-06 20:04:22,noise
6394385485119,6394984418393,T139,27.6,Diego Patida,2025-08-06 10:05:04,noise
6394385485119,6396807432422,T139,19.6,Diego Patida,2025-08-05 19:14:30,noise
6394385485119,6397524223789,T139,19.8,Diego Patida,2025-08-05 14:24:26,noise
6394385485119,6395395226580,T139,8.2,Diego Patida,2025-08-04 13:11:30,noise
6394385485119,6395395226580,T139,21.7,Diego Patida,2025-08-04 08:21:01,noise
6394385485119,6392849430457,T139,128.1,Diego Patida,2025-12-12 22:22:48,noise
6394385485119,6392849430457,T139,169.4,Diego Patida,2025-12-27 22:12:33,noise
6394385485119,6392849430457,T139,66.4,Diego Patida,2025-12-28 03:12:26,noise
6394385485119,6392849430457,T139,161.1,Diego Patida,2025-12-25 22:23:57,noise
6394385485119,6392849430457,T139,43.9,Diego Patida,2025-11-30 23:04:11,noise
6394385485119,6392849430457,T139,114.9,Diego Patida,2025-12-26 03:30:17,noise
6396659007500,6394733500690,T641,19.1,Lena Carlos,2025-10-18 21:09:32,noise
6396659007500,6392099486686,T641,13.0,Lena Carlos,2025-10-17 05:21:18,noise
6396659007500,6394733500690,T641,18.8,Lena Carlos,2025-10-17 09:28:00,noise
6396659007500,6394733500690,T129,18.7,Lena Carlos,2025-10-16 19:24:30,noise
6396659007500,6399902228679,T129,7.8,Lena Carlos,2025-10-15 13:08:45,noise
6396659007500,6396659007500,T641,14.4,Lena Carlos,2025-10-15 09:17:52,noise
6396659007500,6399902228679,T641,8.7,Lena Carlos,2025-10-14 15:18:20,noise
6396659007500,6394952018320,T641,13.2,Lena Carlos,2025-10-14 00:09:13,noise
6396659007500,6398126884162,T129,4.4,Lena Carlos,2025-10-13 19:02:07,noise
6396659007500,6399902228679,T129,17.5,Lena Carlos,2025-10-13 15:14:24,noise
6396659007500,6392099486686,T129,11.9,Lena Carlos,2025-10-12 17:23:26,noise
6396659007500,6394733500690,T641,17.7,Lena Carlos,2025-10-12 16:21:43,noise
6396659007500,6399902228679,T641,18.0,Lena Carlos,2025-10-11 18:11:31,noise
6396659007500,6399902228679,T129,9.6,Lena Carlos,2025-10-11 04:02:26,noise
6396659007500,6392099486686,T129,29.2,Lena Carlos,2025-10-10 12:10:58,noise
6396659007500,6399902228679,T129,46.3,Lena Carlos,2025-10-10 11:26:19,noise
6396659007500,6392099486686,T641,15.6,Lena Carlos,2025-10-09 23:23:35,noise
6396659007500,6397955281670,T129,4.4,Lena Carlos,2025-10-09 17:26:32,noise
6396659007500,6399902228679,T641,31.2,Lena Carlos,2025-10-08 17:19:36,noise
6396659007500,6399902228679,T129,4.2,Lena Carlos,2025-10-08 08:09:03,noise
6396659007500,6394168811006,T641,20.6,Lena Carlos,2025-10-07 19:26:16,noise
6396659007500,6394733500690,T641,7.6,Lena Carlos,2025-10-07 16:30:23,noise
6396659007500,6392099486686,T129,14.5,Lena Carlos,2025-10-07 09:15:30,noise
6396659007500,6399902228679,T641,21.1,Lena Carlos,2025-10-06 08:13:04,noise
6396659007500,6391202411176,T129,32.5,Lena Carlos,2025-10-06 15:24:05,noise
6396659007500,6399902228679,T129,16.4,Lena Carlos,2025-10-05 15:19:33,noise
6396659007500,6392099486686,T129,9.7,Lena Carlos,2025-10-04 21:26:47,noise
6396659007500,6399902228679,T129,32.1,Lena Carlos,2025-10-04 11:21:31,noise
6396659007500,6393429023955,T129,19.8,Lena Carlos,2025-10-04 10:11:27,noise
6396659007500,6392099486686,T641,67.7,Lena Carlos,2025-10-03 09:11:46,noise
6396659007500,6394168811006,T129,24.6,Lena Carlos,2025-10-03 11:27:33,noise
6396659007500,6392099486686,T641,12.0,Lena Carlos,2025-10-02 09:30:41,noise
6396659007500,6392099486686,T129,7.6,Lena Carlos,2025-10-02 11:04:35,noise
6396659007500,6394733500690,T129,14.3,Lena Carlos,2025-10-01 05:09:59,noise
6396659007500,6394775439440,T641,13.5,Lena Carlos,2025-10-01 17:28:11,noise
6396659007500,6391707618661,T129,8.1,Lena Carlos,2025-09-30 19:21:51,noise
6396659007500,6394901039851,T641,11.6,Lena Carlos,2025-09-30 23:20:53,noise
6396659007500,6394733500690,T641,12.6,Lena Carlos,2025-09-29 15:28:23,noise
6396659007500,6394733500690,T129,17.2,Lena Carlos,2025-09-29 20:22:20,noise
6396659007500,6394733500690,T129,11.7,Lena Carlos,2025-09-28 15:19:46,noise
6396659007500,6394733500690,T129,15.8,Lena Carlos,2025-09-27 04:27:28,noise
6396659007500,6392634085329,T129,26.5,Lena Carlos,2025-09-27 21:15:09,noise
6396659007500,6399902228679,T129,12.6,Lena Carlos,2025-09-26 19:03:04,noise
6396659007500,6399902228679,T129,26.0,Lena Carlos,2025-09-25 16:03:09,noise
6396659007500,6394733500690,T129,34.4,Lena Carlos,2025-09-25 12:18:25,noise
6396659007500,6392861738151,T129,4.9,Lena Carlos,2025-09-25 15:07:41,noise
6396659007500,6394733500690,T129,20.6,Lena Carlos,2025-09-24 20:02:26,noise
6396659007500,6393429023955,T129,24.7,Lena Carlos,2025-09-23 16:17:12,noise
6396659007500,6399902228679,T129,24.7,Lena Carlos,2025-09-23 12:19:32,noise
6396659007500,6395786703009,T129,29.6,Lena Carlos,2025-09-23 10:25:42,noise
6396659007500,6392099486686,T129,18.7,Lena Carlos,2025-09-22 19:28:39,noise
6396659007500,6395161647070,T129,35.8,Lena Carlos,2025-09-22 22:03:12,noise
6396659007500,6399486544271,T129,17.4,Lena Carlos,2025-09-22 18:04:02,noise
6396659007500,6399902228679,T129,4.5,Lena Carlos,2025-09-21 21:16:57,noise
6396659007500,6392099486686,T641,24.9,Lena Carlos,2025-09-21 17:24:18,noise
6396659007500,6399902228679,T641,18.0,Lena Carlos,2025-09-20 20:22:22,noise
6396659007500,6392099486686,T129,25.0,Lena Carlos,2025-09-19 16:03:31,noise
6396659007500,6394733500690,T641,17.8,Lena Carlos,2025-09-18 09:14:01,noise
6396659007500,6392099486686,T641,8.1,Lena Carlos,2025-09-18 23:27:13,noise
6396659007500,6392435531798,T641,30.3,Lena Carlos,2025-09-18 15:14:28,noise
6396659007500,6399902228679,T129,54.4,Lena Carlos,2025-09-17 18:28:23,noise
6396659007500,6395161647070,T641,21.1,Lena Carlos,2025-09-17 09:01:28,noise
6396659007500,6399902228679,T641,17.8,Lena Carlos,2025-09-17 12:01:10,noise
6396659007500,6394733500690,T641,7.9,Lena Carlos,2025-09-16 18:06:35,noise
6396659007500,6395503747521,T641,20.7,Lena Carlos,2025-09-16 08:26:44,noise
6396659007500,6397105164464,T641,20.9,Lena Carlos,2025-09-15 17:10:47,noise
6396659007500,6392099486686,T129,22.4,Lena Carlos,2025-09-15 14:15:34,noise
6396659007500,6394733500690,T641,28.4,Lena Carlos,2025-09-15 10:09:35,noise
6396659007500,6394733500690,T129,19.5,Lena Carlos,2025-09-14 17:24:18,noise
6396659007500,6392099486686,T129,29.0,Lena Carlos,2025-09-13 12:25:52,noise
6396659007500,6391153479794,T129,22.9,Lena Carlos,2025-09-12 16:25:34,noise
6396659007500,6394733500690,T129,32.9,Lena Carlos,2025-09-12 19:10:03,noise
6396659007500,6397105164464,T129,36.6,Lena Carlos,2025-09-11 20:19:39,noise
6396659007500,6398583500075,T641,8.8,Lena Carlos,2025-09-10 08:26:29,noise
6396659007500,6396651014213,T129,12.3,Lena Carlos,2025-09-10 20:19:00,noise
6396659007500,6398302372328,T129,13.0,Lena Carlos,2025-09-09 20:16:14,noise
6396659007500,6397524223789,T641,9.8,Lena Carlos,2025-09-09 18:12:26,noise
6396659007500,6392099486686,T641,5.1,Lena Carlos,2025-09-08 16:18:19,noise
6396659007500,6399902228679,T129,40.3,Lena Carlos,2025-09-08 11:02:48,noise
6396659007500,6399749908291,T129,26.2,Lena Carlos,2025-09-08 12:04:43,noise
6396659007500,6395453841530,T641,4.9,Lena Carlos,2025-09-07 08:06:52,noise
6396659007500,6394733500690,T641,21.0,Lena Carlos,2025-09-07 20:07:32,noise
6396659007500,6396336852250,T641,7.9,Lena Carlos,2025-09-06 09:23:51,noise
6396659007500,6399902228679,T129,27.4,Lena Carlos,2025-09-06 17:24:49,noise
6396659007500,6397861553600,T129,67.7,Lena Carlos,2025-09-06 10:24:28,noise
6396659007500,6394733500690,T129,16.2,Lena Carlos,2025-09-05 14:05:53,noise
6396659007500,6394733500690,T129,18.5,Lena Carlos,2025-09-05 14:22:18,noise
6396659007500,6397147861767,T129,17.4,Lena Carlos,2025-09-05 23:02:48,noise
6396659007500,6392849430457,T641,4.8,Lena Carlos,2025-09-04 18:09:27,noise
6396659007500,6399902228679,T641,48.3,Lena Carlos,2025-09-04 11:29:36,noise
6396659007500,6399902228679,T641,13.0,Lena Carlos,2025-09-03 11:06:53,noise
6396659007500,6394733500690,T129,25.4,Lena Carlos,2025-09-03 17:21:05,noise
6396659007500,6391285888600,T129,26.5,Lena Carlos,2025-09-02 15:26:05,noise
6396659007500,6392099486686,T641,12.8,Lena Carlos,2025-09-02 12:09:18,noise
6396659007500,6399902228679,T129,15.6,Lena Carlos,2025-09-02 04:19:01,noise
6396659007500,6399902228679,T129,8.9,Lena Carlos,2025-09-01 22:12:02,noise
6396659007500,6399902228679,T129,21.3,Lena Carlos,2025-08-31 13:16:46,noise
6396659007500,6399607110001,T129,16.2,Lena Carlos,2025-08-31 09:12:46,noise
6396659007500,6399282295544,T129,33.4,Lena Carlos,2025-08-31 10:08:21,noise
6396659007500,6395503747521,T129,9.1,Lena Carlos,2025-08-30 09:26:03,noise
6396659007500,6399902228679,T641,41.6,Lena Carlos,2025-08-30 22:29:46,noise
6396659007500,6392435531798,T641,18.7,Lena Carlos,2025-08-29 11:23:25,noise
6396659007500,6392099486686,T129,11.6,Lena Carlos,2025-08-29 15:21:56,noise
6396659007500,6396313198121,T129,7.8,Lena Carlos,2025-08-28 20:10:42,noise
6396659007500,6392099486686,T129,24.4,Lena Carlos,2025-08-28 00:14:26,noise
6396659007500,6399749908291,T641,19.8,Lena Carlos,2025-08-27 11:18:19,noise
6396659007500,6392099486686,T129,5.3,Lena Carlos,2025-08-27 14:21:46,noise
6396659007500,6399902228679,T641,11.6,Lena Carlos,2025-08-26 20:25:09,noise
6396659007500,6397876759433,T129,37.1,Lena Carlos,2025-08-25 20:20:28,noise
6396659007500,6391202411176,T129,7.1,Lena Carlos,2025-08-25 02:07:21,noise
6396659007500,6394733500690,T129,14.4,Lena Carlos,2025-08-24 18:20:26,noise
6396659007500,6394733500690,T129,25.3,Lena Carlos,2025-08-24 16:26:26,noise
6396659007500,6396659007500,T641,10.7,Lena Carlos,2025-08-24 14:11:37,noise
6396659007500,6399902228679,T129,8.1,Lena Carlos,2025-08-23 16:00:57,noise
6396659007500,6399902228679,T129,22.2,Lena Carlos,2025-08-22 14:28:20,noise
6396659007500,6399902228679,T129,4.6,Lena Carlos,2025-08-22 15:07:27,noise
6396659007500,6398607746834,T641,49.4,Lena Carlos,2025-08-21 18:17:29,noise
6396659007500,6394733500690,T129,45.2,Lena Carlos,2025-08-21 17:29:58,noise
6396659007500,6394733500690,T129,27.6,Lena Carlos,2025-08-21 11:27:46,noise
6396659007500,6394733500690,T641,9.2,Lena Carlos,2025-08-20 08:25:49,noise
6396659007500,6395036386090,T641,50.4,Lena Carlos,2025-08-20 10:05:36,noise
6396659007500,6399902228679,T129,29.0,Lena Carlos,2025-08-20 12:22:05,noise
6396659007500,6399902228679,T129,30.0,Lena Carlos,2025-08-19 13:19:43,noise
6396659007500,6399902228679,T641,48.1,Lena Carlos,2025-08-19 16:01:09,noise
6396659007500,6396336852250,T641,12.6,Lena Carlos,2025-08-18 17:21:25,noise
6396659007500,6392099486686,T129,48.1,Lena Carlos,2025-08-18 14:24:15,noise
6396659007500,6395503747521,T129,36.9,Lena Carlos,2025-08-18 10:04:48,noise
6396659007500,6394733500690,T129,6.9,Lena Carlos,2025-08-17 15:00:44,noise
6396659007500,6395651902688,T129,6.5,Lena Carlos,2025-08-16 13:06:00,noise
6396659007500,6394733500690,T129,6.3,Lena Carlos,2025-08-16 20:18:28,noise
6396659007500,6392099486686,T641,24.9,Lena Carlos,2025-08-15 17:01:28,noise
6396659007500,6392099486686,T129,7.7,Lena Carlos,2025-08-14 18:22:18,noise
6396659007500,6392099486686,T641,50.0,Lena Carlos,2025-08-14 14:27:57,noise
6396659007500,6397454260155,T641,7.4,Lena Carlos,2025-08-14 10:19:36,noise
6396659007500,6394733500690,T129,31.2,Lena Carlos,2025-08-13 19:23:28,noise
6396659007500,6399902228679,T641,4.9,Lena Carlos,2025-08-13 17:22:33,noise
6396659007500,6394733500690,T129,20.3,Lena Carlos,2025-08-13 11:21:34,noise
6396659007500,6399902228679,T641,8.6,Lena Carlos,2025-08-12 22:13:08,noise
6396659007500,6392099486686,T129,9.0,Lena Carlos,2025-08-12 01:25:26,noise
6396659007500,6394733500690,T129,111.7,Lena Carlos,2025-08-12 20:27:21,noise
6396659007500,6396801877658,T129,20.3,Lena Carlos,2025-08-11 17:18:27,noise
6396659007500,6392861738151,T641,35.0,Lena Carlos,2025-08-11 15:13:05,noise
6396659007500,6394733500690,T129,22.9,Lena Carlos,2025-08-10 09:25:47,noise
6396659007500,6399902228679,T129,19.4,Lena Carlos,2025-08-10 23:22:10,noise
6396659007500,6397105164464,T129,7.4,Lena Carlos,2025-08-09 20:01:00,noise
6396659007500,6392099486686,T129,21.3,Lena Carlos,2025-08-09 14:13:21,noise
6396659007500,6391839641832,T129,22.6,Lena Carlos,2025-08-09 14:11:54,noise
6396659007500,6394733500690,T129,29.6,Lena Carlos,2025-08-08 21:12:47,noise
6396659007500,6398478492299,T641,6.7,Lena Carlos,2025-08-08 10:27:09,noise
6396659007500,6399902228679,T641,27.9,Lena Carlos,2025-08-07 04:17:19,noise
6396659007500,6394733500690,T641,25.7,Lena Carlos,2025-08-07 01:00:09,noise
6396659007500,6399902228679,T129,24.0,Lena Carlos,2025-08-06 17:02:24,noise
6396659007500,6392099486686,T129,14.8,Lena Carlos,2025-08-06 15:21:49,noise
6396659007500,6391782370828,T129,13.7,Lena Carlos,2025-08-05 13:21:41,noise
6396659007500,6394775439440,T129,5.9,Lena Carlos,2025-08-05 09:05:50,noise
6396659007500,6395907760981,T129,37.3,Lena Carlos,2025-08-04 15:19:44,noise
6396659007500,6392099486686,T641,14.7,Lena Carlos,2025-08-04 15:03:43,noise
6396659007500,6394351411690,T129,83.3,Lena Carlos,2025-12-26 01:27:35,noise
6396659007500,6394351411690,T129,79.0,Lena Carlos,2025-12-21 02:03:32,noise
6396659007500,6394351411690,T129,155.9,Lena Carlos,2025-12-11 15:00:00,noise
6396659007500,6394351411690,T129,95.3,Lena Carlos,2025-12-13 04:30:02,noise
6396659007500,6394351411690,T129,92.0,Lena Carlos,2025-12-12 14:17:30,noise
6396659007500,6394351411690,T129,160.7,Lena Carlos,2025-12-14 02:20:42,noise
6395176413962,6399902228679,T232,25.6,Kai Meyer,2025-10-18 08:08:09,noise
6395176413962,6399902228679,T232,12.2,Kai Meyer,2025-10-18 19:18:37,noise
6395176413962,6395503747521,T232,8.2,Kai Meyer,2025-10-17 12:25:45,noise
6395176413962,6398607746834,T547,12.8,Kai Meyer,2025-10-17 02:12:02,noise
6395176413962,6398607746834,T547,21.5,Kai Meyer,2025-10-17 12:26:09,noise
6395176413962,6395503747521,T232,9.8,Kai Meyer,2025-10-16 14:26:20,noise
6395176413962,6399902228679,T547,30.0,Kai Meyer,2025-10-16 16:15:25,noise
6395176413962,6396651014213,T232,31.9,Kai Meyer,2025-10-15 12:17:56,noise
6395176413962,6395503747521,T232,8.2,Kai Meyer,2025-10-14 09:01:44,noise
6395176413962,6394126829491,T547,4.9,Kai Meyer,2025-10-14 18:05:13,noise
6395176413962,6399902228679,T547,8.1,Kai Meyer,2025-10-13 09:24:31,noise
6395176413962,6398607746834,T547,123.6,Kai Meyer,2025-10-13 18:25:39,noise
6395176413962,6399902228679,T232,10.0,Kai Meyer,2025-10-12 23:10:48,noise
6395176413962,6395503747521,T232,37.5,Kai Meyer,2025-10-11 13:05:38,noise
6395176413962,6399902228679,T232,52.6,Kai Meyer,2025-10-10 12:08:57,noise
6395176413962,6398607746834,T547,11.0,Kai Meyer,2025-10-10 08:24:20,noise
6395176413962,6399902228679,T547,5.2,Kai Meyer,2025-10-09 17:19:22,noise
6395176413962,6396807432422,T232,3.7,Kai Meyer,2025-10-09 20:07:16,noise
6395176413962,6392941380910,T547,18.7,Kai Meyer,2025-10-09 12:28:42,noise
6395176413962,6395503747521,T547,11.7,Kai Meyer,2025-10-08 18:29:17,noise
6395176413962,6399902228679,T547,22.9,Kai Meyer,2025-10-08 08:03:35,noise
6395176413962,6395503747521,T232,22.5,Kai Meyer,2025-10-07 17:09:44,noise
6395176413962,6391285888600,T547,14.9,Kai Meyer,2025-10-07 19:07:09,noise
6395176413962,6398935751205,T232,25.6,Kai Meyer,2025-10-06 09:08:55,noise
6395176413962,6391505221103,T547,22.6,Kai Meyer,2025-10-05 17:22:44,noise
6395176413962,6397861553600,T547,8.5,Kai Meyer,2025-10-04 12:28:51,noise
6395176413962,6391923323851,T547,8.5,Kai Meyer,2025-10-04 17:22:46,noise
6395176413962,6392056728284,T547,10.3,Kai Meyer,2025-10-03 23:10:11,noise
6395176413962,6399902228679,T547,7.1,Kai Meyer,2025-10-02 19:27:36,noise
6395176413962,6395503747521,T547,20.3,Kai Meyer,2025-10-02 01:21:31,noise
6395176413962,6395503747521,T547,19.9,Kai Meyer,2025-10-01 19:05:57,noise
6395176413962,6398607746834,T547,42.5,Kai Meyer,2025-10-01 14:06:35,noise
6395176413962,6399902228679,T547,20.2,Kai Meyer,2025-10-01 14:08:43,noise
6395176413962,6398607746834,T547,9.0,Kai Meyer,2025-09-30 17:08:35,noise
6395176413962,6398607746834,T232,5.4,Kai Meyer,2025-09-30 22:23:16,noise
6395176413962,6399902228679,T547,9.0,Kai Meyer,2025-09-30 16:02:27,noise
6395176413962,6391777783479,T547,14.2,Kai Meyer,2025-09-29 12:16:28,noise
6395176413962,6395503747521,T232,11.0,Kai Meyer,2025-09-29 09:04:48,noise
6395176413962,6399902228679,T232,38.4,Kai Meyer,2025-09-28 16:00:15,noise
6395176413962,6398607746834,T232,5.2,Kai Meyer,2025-09-28 03:06:04,noise
6395176413962,6394772775911,T232,19.6,Kai Meyer,2025-09-27 12:28:57,noise
6395176413962,6399902228679,T232,14.1,Kai Meyer,2025-09-27 14:04:19,noise
6395176413962,6399902228679,T547,7.9,Kai Meyer,2025-09-26 08:17:58,noise
6395176413962,6398607746834,T232,4.2,Kai Meyer,2025-09-25 13:20:07,noise
6395176413962,6394772775911,T232,27.1,Kai Meyer,2025-09-25 09:30:30,noise
6395176413962,6399821171578,T232,31.5,Kai Meyer,2025-09-24 12:18:41,noise
6395176413962,6398605205469,T547,14.5,Kai Meyer,2025-09-24 23:01:00,noise
6395176413962,6395503747521,T547,8.7,Kai Meyer,2025-09-23 10:24:34,noise
6395176413962,6399902228679,T547,10.5,Kai Meyer,2025-09-23 20:13:10,noise
6395176413962,6399902228679,T232,8.5,Kai Meyer,2025-09-23 09:06:05,noise
6395176413962,6398454204335,T232,13.8,Kai Meyer,2025-09-22 23:27:51,noise
6395176413962,6398607746834,T232,9.7,Kai Meyer,2025-09-22 11:13:16,noise
6395176413962,6395503747521,T232,31.1,Kai Meyer,2025-09-21 23:09:24,noise
6395176413962,6395907760981,T547,55.3,Kai Meyer,2025-09-21 18:25:22,noise
6395176413962,6397012123905,T232,76.4,Kai Meyer,2025-09-20 23:20:16,noise
6395176413962,6399902228679,T547,15.4,Kai Meyer,2025-09-19 21:27:15,noise
6395176413962,6399902228679,T232,32.5,Kai Meyer,2025-09-18 19:17:35,noise
6395176413962,6399902228679,T232,21.0,Kai Meyer,2025-09-18 21:10:06,noise
6395176413962,6396327643318,T232,14.7,Kai Meyer,2025-09-17 18:16:32,noise
6395176413962,6395503747521,T232,21.1,Kai Meyer,2025-09-16 17:27:56,noise
6395176413962,6399902228679,T547,7.5,Kai Meyer,2025-09-16 19:00:14,noise
6395176413962,6396449831833,T232,21.3,Kai Meyer,2025-09-15 01:04:03,noise
6395176413962,6397275036984,T547,67.2,Kai Meyer,2025-09-15 11:02:22,noise
6395176413962,6398607746834,T232,30.8,Kai Meyer,2025-09-14 14:08:59,noise
6395176413962,6395503747521,T232,31.2,Kai Meyer,2025-09-14 08:18:54,noise
6395176413962,6398607746834,T547,39.3,Kai Meyer,2025-09-13 15:21:59,noise
6395176413962,6399902228679,T232,10.5,Kai Meyer,2025-09-13 19:05:43,noise
6395176413962,6399902228679,T232,12.4,Kai Meyer,2025-09-13 17:03:40,noise
6395176413962,6395176611292,T547,3.9,Kai Meyer,2025-09-12 13:27:19,noise
6395176413962,6399749908291,T232,53.7,Kai Meyer,2025-09-12 12:24:19,noise
6395176413962,6396657427421,T547,36.4,Kai Meyer,2025-09-12 14:23:42,noise
6395176413962,6398607746834,T547,6.6,Kai Meyer,2025-09-11 19:16:12,noise
6395176413962,6395503747521,T232,4.7,Kai Meyer,2025-09-10 08:05:23,noise
6395176413962,6399902228679,T547,15.7,Kai Meyer,2025-09-10 12:09:06,noise
6395176413962,6398607746834,T547,41.3,Kai Meyer,2025-09-09 20:13:21,noise
6395176413962,6394684715577,T232,16.7,Kai Meyer,2025-09-08 23:13:51,noise
6395176413962,6397063169102,T232,44.3,Kai Meyer,2025-09-08 21:24:51,noise
6395176413962,6399902228679,T232,32.5,Kai Meyer,2025-09-08 22:12:35,noise
6395176413962,6395503747521,T547,26.3,Kai Meyer,2025-09-07 10:16:18,noise
6395176413962,6399902228679,T232,12.1,Kai Meyer,2025-09-07 19:11:37,noise
6395176413962,6399902228679,T547,23.9,Kai Meyer,2025-09-06 05:03:20,noise
6395176413962,6394901039851,T232,35.1,Kai Meyer,2025-09-06 18:06:39,noise
6395176413962,6395503747521,T547,9.8,Kai Meyer,2025-09-05 02:22:24,noise
6395176413962,6394762294635,T232,28.8,Kai Meyer,2025-09-04 16:29:25,noise
6395176413962,6395503747521,T232,38.7,Kai Meyer,2025-09-04 12:04:49,noise
6395176413962,6397275036984,T232,13.9,Kai Meyer,2025-09-03 16:21:31,noise
6395176413962,6395503747521,T547,15.3,Kai Meyer,2025-09-03 01:05:04,noise
6395176413962,6395503747521,T232,6.4,Kai Meyer,2025-09-03 10:25:42,noise
6395176413962,6397275036984,T232,41.3,Kai Meyer,2025-09-02 22:17:25,noise
6395176413962,6395503747521,T547,13.6,Kai Meyer,2025-09-02 17:25:41,noise
6395176413962,6394385485119,T547,14.7,Kai Meyer,2025-09-02 17:05:20,noise
6395176413962,6395503747521,T232,55.9,Kai Meyer,2025-09-01 20:16:30,noise
6395176413962,6395176611292,T232,61.1,Kai Meyer,2025-08-31 00:08:40,noise
6395176413962,6399282295544,T547,11.0,Kai Meyer,2025-08-30 13:01:54,noise
6395176413962,6397563073047,T547,11.4,Kai Meyer,2025-08-30 16:05:52,noise
6395176413962,6395503747521,T232,9.3,Kai Meyer,2025-08-29 15:22:40,noise
6395176413962,6396783753090,T232,15.4,Kai Meyer,2025-08-29 08:04:27,noise
6395176413962,6395503747521,T232,11.5,Kai Meyer,2025-08-29 13:16:09,noise
6395176413962,6398607746834,T547,14.6,Kai Meyer,2025-08-28 14:03:11,noise
6395176413962,6397876759433,T232,48.2,Kai Meyer,2025-08-28 17:07:26,noise
6395176413962,6399902228679,T232,25.1,Kai Meyer,2025-08-28 18:23:39,noise
6395176413962,6398607746834,T547,7.3,Kai Meyer,2025-08-27 20:24:51,noise
6395176413962,6399902228679,T232,6.6,Kai Meyer,2025-08-27 08:05:15,noise
6395176413962,6399902228679,T232,11.5,Kai Meyer,2025-08-26 09:21:41,noise
6395176413962,6392364622622,T232,38.8,Kai Meyer,2025-08-26 12:11:29,noise
6395176413962,6395503747521,T232,31.7,Kai Meyer,2025-08-25 23:10:15,noise
6395176413962,6398607746834,T232,13.8,Kai Meyer,2025-08-24 18:02:14,noise
6395176413962,6392364622622,T232,40.5,Kai Meyer,2025-08-24 14:24:32,noise
6395176413962,6395503747521,T232,13.9,Kai Meyer,2025-08-24 18:10:19,noise
6395176413962,6395503747521,T232,80.4,Kai Meyer,2025-08-23 13:10:01,noise
6395176413962,6399902228679,T232,20.1,Kai Meyer,2025-08-23 00:21:36,noise
6395176413962,6399902228679,T232,21.8,Kai Meyer,2025-08-23 20:01:34,noise
6395176413962,6395503747521,T232,8.4,Kai Meyer,2025-08-22 20:09:09,noise
6395176413962,6391505221103,T232,10.6,Kai Meyer,2025-08-22 04:25:42,noise
6395176413962,6395503747521,T232,28.7,Kai Meyer,2025-08-22 20:26:10,noise
6395176413962,6399902228679,T232,23.5,Kai Meyer,2025-08-21 02:14:11,noise
6395176413962,6399607110001,T232,3.1,Kai Meyer,2025-08-20 16:01:42,noise
6395176413962,6398607746834,T547,12.9,Kai Meyer,2025-08-20 21:10:21,noise
6395176413962,6395503747521,T232,10.3,Kai Meyer,2025-08-19 19:04:34,noise
6395176413962,6399902228679,T547,33.8,Kai Meyer,2025-08-19 10:04:19,noise
6395176413962,6399902228679,T232,31.6,Kai Meyer,2025-08-18 11:16:21,noise
6395176413962,6399902228679,T232,16.6,Kai Meyer,2025-08-18 16:20:00,noise
6395176413962,6394762294635,T547,31.0,Kai Meyer,2025-08-17 14:16:39,noise
6395176413962,6399902228679,T232,6.9,Kai Meyer,2025-08-17 22:27:58,noise
6395176413962,6399902228679,T232,12.2,Kai Meyer,2025-08-17 18:17:28,noise
6395176413962,6399902228679,T232,56.7,Kai Meyer,2025-08-16 13:30:21,noise
6395176413962,6399902228679,T547,9.9,Kai Meyer,2025-08-16 09:09:02,noise
6395176413962,6398607746834,T547,12.1,Kai Meyer,2025-08-16 20:18:10,noise
6395176413962,6399902228679,T547,4.4,Kai Meyer,2025-08-15 13:23:52,noise
6395176413962,6398607746834,T232,10.8,Kai Meyer,2025-08-15 21:13:22,noise
6395176413962,6395503747521,T547,15.3,Kai Meyer,2025-08-14 20:04:54,noise
6395176413962,6398607746834,T232,35.7,Kai Meyer,2025-08-14 18:06:22,noise
6395176413962,6398607746834,T232,6.2,Kai Meyer,2025-08-13 11:30:06,noise
6395176413962,6398607746834,T232,19.9,Kai Meyer,2025-08-13 16:20:34,noise
6395176413962,6398607746834,T232,15.9,Kai Meyer,2025-08-12 23:22:32,noise
6395176413962,6398607746834,T232,47.5,Kai Meyer,2025-08-11 20:00:17,noise
6395176413962,6396807432422,T547,15.0,Kai Meyer,2025-08-11 21:08:01,noise
6395176413962,6395503747521,T232,16.7,Kai Meyer,2025-08-10 21:17:24,noise
6395176413962,6398607746834,T547,25.1,Kai Meyer,2025-08-09 21:02:39,noise
6395176413962,6398607746834,T232,6.6,Kai Meyer,2025-08-09 09:29:57,noise
6395176413962,6398935751205,T232,45.9,Kai Meyer,2025-08-09 08:00:30,noise
6395176413962,6399902228679,T547,23.2,Kai Meyer,2025-08-08 16:01:19,noise
6395176413962,6398607746834,T232,12.2,Kai Meyer,2025-08-08 15:03:21,noise
6395176413962,6394385485119,T232,14.4,Kai Meyer,2025-08-07 10:25:52,noise
6395176413962,6396327643318,T547,8.2,Kai Meyer,2025-08-07 16:15:08,noise
6395176413962,6395503747521,T232,11.5,Kai Meyer,2025-08-06 18:13:47,noise
6395176413962,6399902228679,T232,6.7,Kai Meyer,2025-08-06 01:22:15,noise
6395176413962,6398607746834,T547,13.7,Kai Meyer,2025-08-06 15:13:20,noise
6395176413962,6395503747521,T232,12.9,Kai Meyer,2025-08-05 20:14:53,noise
6395176413962,6391505221103,T547,8.8,Kai Meyer,2025-08-05 17:04:33,noise
6395176413962,6397876759433,T547,46.9,Kai Meyer,2025-08-04 21:30:27,noise
6395176413962,6392531023270,T232,7.8,Kai Meyer,2025-08-04 16:16:05,noise
6395176413962,6397454260155,T547,6.4,Kai Meyer,2025-08-04 21:10:59,noise
6392861738151,6396926232765,T816,81.8,Yara Brooks,2025-10-18 21:13:32,noise
6392861738151,6397524223789,T816,10.1,Yara Brooks,2025-10-18 17:22:43,noise
6392861738151,6396926232765,T816,16.6,Yara Brooks,2025-10-17 17:19:40,noise
6392861738151,6396651014213,T816,9.0,Yara Brooks,2025-10-17 05:00:01,noise
6392861738151,6396926232765,T908,38.3,Yara Brooks,2025-10-17 20:00:10,noise
6392861738151,6396651014213,T908,11.9,Yara Brooks,2025-10-16 11:25:14,noise
6392861738151,6391839641832,T816,21.8,Yara Brooks,2025-10-15 14:15:46,noise
6392861738151,6396651014213,T908,53.3,Yara Brooks,2025-10-14 12:13:58,noise
6392861738151,6397524223789,T908,7.1,Yara Brooks,2025-10-14 13:13:10,noise
6392861738151,6394952018320,T908,14.4,Yara Brooks,2025-10-13 11:25:07,noise
6392861738151,6396926232765,T908,10.0,Yara Brooks,2025-10-12 14:17:27,noise
6392861738151,6397524223789,T908,27.2,Yara Brooks,2025-10-12 15:30:30,noise
6392861738151,6396449831833,T908,14.8,Yara Brooks,2025-10-12 08:21:50,noise
6392861738151,6396869656615,T908,50.0,Yara Brooks,2025-10-11 18:24:44,noise
6392861738151,6396651014213,T816,31.6,Yara Brooks,2025-10-10 14:24:57,noise
6392861738151,6397524223789,T816,14.7,Yara Brooks,2025-10-10 12:29:39,noise
6392861738151,6396651014213,T908,12.4,Yara Brooks,2025-10-10 09:02:27,noise
6392861738151,6399902228679,T816,36.5,Yara Brooks,2025-10-09 19:01:40,noise
6392861738151,6397524223789,T908,52.6,Yara Brooks,2025-10-08 11:11:09,noise
6392861738151,6392099486686,T908,7.4,Yara Brooks,2025-10-07 14:12:56,noise
6392861738151,6396869656615,T908,6.4,Yara Brooks,2025-10-07 20:05:55,noise
6392861738151,6391839641832,T908,34.2,Yara Brooks,2025-10-06 17:22:32,noise
6392861738151,6392861738151,T908,28.6,Yara Brooks,2025-10-06 08:30:25,noise
6392861738151,6396926232765,T908,22.3,Yara Brooks,2025-10-06 22:13:44,noise
6392861738151,6397524223789,T816,12.2,Yara Brooks,2025-10-05 11:02:05,noise
6392861738151,6397524223789,T908,19.2,Yara Brooks,2025-10-04 04:06:07,noise
6392861738151,6397043729383,T908,13.8,Yara Brooks,2025-10-04 01:03:24,noise
6392861738151,6399063738848,T908,26.8,Yara Brooks,2025-10-04 16:29:23,noise
6392861738151,6396801877658,T816,29.8,Yara Brooks,2025-10-03 01:19:54,noise
6392861738151,6396926232765,T816,12.3,Yara Brooks,2025-10-02 11:29:33,noise
6392861738151,6397423633225,T816,21.2,Yara Brooks,2025-10-01 00:08:36,noise
6392861738151,6396651014213,T908,15.9,Yara Brooks,2025-10-01 12:00:00,noise
6392861738151,6396651014213,T908,20.9,Yara Brooks,2025-09-30 19:08:40,noise
6392861738151,6399489742631,T908,13.0,Yara Brooks,2025-09-30 14:11:20,noise
6392861738151,6394317643354,T908,19.9,Yara Brooks,2025-09-29 11:12:54,noise
6392861738151,6396926232765,T816,10.5,Yara Brooks,2025-09-29 22:16:49,noise
6392861738151,6397524223789,T816,33.7,Yara Brooks,2025-09-28 15:12:24,noise
6392861738151,6396651014213,T816,36.7,Yara Brooks,2025-09-27 22:30:51,noise
6392861738151,6398454204335,T816,28.2,Yara Brooks,2025-09-26 23:05:01,noise
6392861738151,6396869656615,T908,22.8,Yara Brooks,2025-09-26 20:19:41,noise
6392861738151,6398302372328,T908,6.0,Yara Brooks,2025-09-25 18:28:08,noise
6392861738151,6396651014213,T908,20.2,Yara Brooks,2025-09-25 15:03:41,noise
6392861738151,6396926232765,T908,7.5,Yara Brooks,2025-09-24 13:27:28,noise
6392861738151,6397524223789,T816,10.6,Yara Brooks,2025-09-24 12:27:25,noise
6392861738151,6396651014213,T816,5.3,Yara Brooks,2025-09-24 20:23:36,noise
6392861738151,6394351411690,T908,16.2,Yara Brooks,2025-09-23 08:30:08,noise
6392861738151,6396651014213,T908,27.1,Yara Brooks,2025-09-23 05:14:40,noise
6392861738151,6397524223789,T908,6.8,Yara Brooks,2025-09-22 08:05:33,noise
6392861738151,6396926232765,T908,10.7,Yara Brooks,2025-09-22 08:27:29,noise
6392861738151,6396926232765,T908,7.0,Yara Brooks,2025-09-22 18:21:11,noise
6392861738151,6394772775911,T908,19.9,Yara Brooks,2025-09-21 10:20:41,noise
6392861738151,6391285888600,T816,43.1,Yara Brooks,2025-09-21 08:19:57,noise
6392861738151,6396926232765,T908,15.3,Yara Brooks,2025-09-20 17:03:57,noise
6392861738151,6391743328958,T816,38.7,Yara Brooks,2025-09-20 11:22:00,noise
6392861738151,6396926232765,T816,23.2,Yara Brooks,2025-09-19 00:27:51,noise
6392861738151,6391505221103,T908,16.8,Yara Brooks,2025-09-19 09:16:58,noise
6392861738151,6397524223789,T908,22.1,Yara Brooks,2025-09-18 22:20:05,noise
6392861738151,6397524223789,T816,11.1,Yara Brooks,2025-09-18 20:14:38,noise
6392861738151,6394762294635,T908,42.4,Yara Brooks,2025-09-17 18:13:24,noise
6392861738151,6396651014213,T908,10.6,Yara Brooks,2025-09-17 15:05:14,noise
6392861738151,6393489048828,T908,29.1,Yara Brooks,2025-09-17 23:27:11,noise
6392861738151,6396651014213,T816,19.0,Yara Brooks,2025-09-16 09:02:08,noise
6392861738151,6396313198121,T908,12.6,Yara Brooks,2025-09-16 10:07:18,noise
6392861738151,6396926232765,T816,73.3,Yara Brooks,2025-09-15 16:29:53,noise
6392861738151,6396651014213,T816,21.5,Yara Brooks,2025-09-15 00:16:33,noise
6392861738151,6396926232765,T908,18.4,Yara Brooks,2025-09-14 10:16:09,noise
6392861738151,6397876759433,T816,5.0,Yara Brooks,2025-09-14 17:28:17,noise
6392861738151,6397524223789,T816,52.4,Yara Brooks,2025-09-13 18:01:31,noise
6392861738151,6397524223789,T816,9.2,Yara Brooks,2025-09-13 22:15:34,noise
6392861738151,6396807432422,T816,3.7,Yara Brooks,2025-09-12 16:10:30,noise
6392861738151,6396926232765,T816,18.6,Yara Brooks,2025-09-12 23:13:05,noise
6392861738151,6398478492299,T908,7.5,Yara Brooks,2025-09-11 02:18:10,noise
6392861738151,6393128476840,T908,12.4,Yara Brooks,2025-09-11 12:05:06,noise
6392861738151,6396926232765,T816,6.5,Yara Brooks,2025-09-10 21:14:37,noise
6392861738151,6397524223789,T816,23.1,Yara Brooks,2025-09-10 09:14:23,noise
6392861738151,6397524223789,T816,11.5,Yara Brooks,2025-09-09 21:30:08,noise
6392861738151,6399478806060,T908,9.7,Yara Brooks,2025-09-09 18:03:55,noise
6392861738151,6395161647070,T908,13.4,Yara Brooks,2025-09-08 22:28:18,noise
6392861738151,6395176413962,T908,12.1,Yara Brooks,2025-09-08 18:11:36,noise
6392861738151,6396327643318,T908,14.3,Yara Brooks,2025-09-08 12:22:35,noise
6392861738151,6396651014213,T908,23.5,Yara Brooks,2025-09-07 23:00:30,noise
6392861738151,6397524223789,T908,42.4,Yara Brooks,2025-09-07 16:15:48,noise
6392861738151,6396651014213,T816,9.0,Yara Brooks,2025-09-06 21:14:05,noise
6392861738151,6392596108594,T908,35.9,Yara Brooks,2025-09-05 15:27:50,noise
6392861738151,6394684715577,T816,20.6,Yara Brooks,2025-09-04 12:06:32,noise
6392861738151,6396651014213,T816,4.1,Yara Brooks,2025-09-03 15:17:00,noise
6392861738151,6394126829491,T816,16.6,Yara Brooks,2025-09-03 17:19:14,noise
6392861738151,6392849430457,T816,6.3,Yara Brooks,2025-09-03 08:26:45,noise
6392861738151,6396926232765,T908,3.5,Yara Brooks,2025-09-02 17:03:13,noise
6392861738151,6397876759433,T908,36.2,Yara Brooks,2025-09-02 16:20:07,noise
6392861738151,6399902228679,T816,5.4,Yara Brooks,2025-09-01 15:25:51,noise
6392861738151,6396926232765,T816,34.1,Yara Brooks,2025-09-01 19:14:59,noise
6392861738151,6399063738848,T908,81.6,Yara Brooks,2025-08-31 19:00:27,noise
6392861738151,6397524223789,T908,4.0,Yara Brooks,2025-08-31 10:03:36,noise
6392861738151,6397524223789,T816,31.6,Yara Brooks,2025-08-31 10:23:30,noise
6392861738151,6396336852250,T816,46.1,Yara Brooks,2025-08-30 14:12:03,noise
6392861738151,6396926232765,T908,26.0,Yara Brooks,2025-08-30 17:23:23,noise
6392861738151,6397524223789,T908,7.6,Yara Brooks,2025-08-29 15:16:53,noise
6392861738151,6394266369889,T816,8.6,Yara Brooks,2025-08-28 09:29:00,noise
6392861738151,6396651014213,T816,10.3,Yara Brooks,2025-08-27 13:05:02,noise
6392861738151,6397524223789,T908,29.2,Yara Brooks,2025-08-27 15:21:08,noise
6392861738151,6396926232765,T908,7.8,Yara Brooks,2025-08-26 16:10:57,noise
6392861738151,6396651014213,T908,55.8,Yara Brooks,2025-08-26 20:20:09,noise
6392861738151,6397524223789,T908,62.0,Yara Brooks,2025-08-26 13:16:17,noise
6392861738151,6397524223789,T816,23.3,Yara Brooks,2025-08-25 22:21:43,noise
6392861738151,6397524223789,T908,32.9,Yara Brooks,2025-08-25 13:27:28,noise
6392861738151,6397524223789,T816,12.1,Yara Brooks,2025-08-24 19:12:06,noise
6392861738151,6397524223789,T816,7.8,Yara Brooks,2025-08-24 16:27:41,noise
6392861738151,6397861553600,T908,11.1,Yara Brooks,2025-08-23 19:19:58,noise
6392861738151,6396926232765,T908,20.8,Yara Brooks,2025-08-23 18:16:08,noise
6392861738151,6397524223789,T816,13.3,Yara Brooks,2025-08-22 12:22:07,noise
6392861738151,6396651014213,T908,9.9,Yara Brooks,2025-08-22 18:17:37,noise
6392861738151,6397236553825,T908,12.6,Yara Brooks,2025-08-21 20:08:08,noise
6392861738151,6394126829491,T908,34.7,Yara Brooks,2025-08-21 03:14:19,noise
6392861738151,6391777783479,T908,23.8,Yara Brooks,2025-08-20 03:24:03,noise
6392861738151,6397524223789,T816,29.8,Yara Brooks,2025-08-19 12:12:16,noise
6392861738151,6397524223789,T908,15.6,Yara Brooks,2025-08-19 15:30:44,noise
6392861738151,6396926232765,T908,16.7,Yara Brooks,2025-08-18 10:29:44,noise
6392861738151,6397524223789,T816,36.8,Yara Brooks,2025-08-18 20:30:57,noise
6392861738151,6394984418393,T908,21.9,Yara Brooks,2025-08-18 10:27:58,noise
6392861738151,6397524223789,T908,16.4,Yara Brooks,2025-08-17 17:24:56,noise
6392861738151,6391505221103,T908,16.4,Yara Brooks,2025-08-17 14:25:28,noise
6392861738151,6397955281670,T908,41.7,Yara Brooks,2025-08-16 09:02:04,noise
6392861738151,6398935751205,T816,5.3,Yara Brooks,2025-08-16 15:26:40,noise
6392861738151,6397043729383,T908,32.0,Yara Brooks,2025-08-16 18:06:54,noise
6392861738151,6391285888600,T908,5.6,Yara Brooks,2025-08-15 19:29:19,noise
6392861738151,6397524223789,T908,10.1,Yara Brooks,2025-08-15 20:16:52,noise
6392861738151,6396651014213,T816,13.7,Yara Brooks,2025-08-14 22:18:06,noise
6392861738151,6397524223789,T908,12.1,Yara Brooks,2025-08-14 17:14:10,noise
6392861738151,6396651014213,T816,6.6,Yara Brooks,2025-08-13 08:22:13,noise
6392861738151,6394733500690,T908,56.2,Yara Brooks,2025-08-13 21:14:35,noise
6392861738151,6397524223789,T908,8.3,Yara Brooks,2025-08-12 16:18:56,noise
6392861738151,6392861738151,T908,26.2,Yara Brooks,2025-08-12 08:29:33,noise
6392861738151,6397524223789,T908,8.3,Yara Brooks,2025-08-12 17:06:30,noise
6392861738151,6396651014213,T908,11.1,Yara Brooks,2025-08-11 20:17:57,noise
6392861738151,6391777783479,T908,20.9,Yara Brooks,2025-08-11 18:17:41,noise
6392861738151,6395786703009,T908,18.3,Yara Brooks,2025-08-11 09:28:13,noise
6392861738151,6396926232765,T908,21.2,Yara Brooks,2025-08-10 01:08:01,noise
6392861738151,6394385485119,T908,18.3,Yara Brooks,2025-08-10 13:10:18,noise
6392861738151,6399607110001,T816,19.0,Yara Brooks,2025-08-09 18:20:40,noise
6392861738151,6397524223789,T908,9.4,Yara Brooks,2025-08-09 18:29:08,noise
6392861738151,6396926232765,T908,33.2,Yara Brooks,2025-08-08 21:03:25,noise
6392861738151,6399821171578,T816,9.9,Yara Brooks,2025-08-08 12:02:44,noise
6392861738151,6396651014213,T908,16.9,Yara Brooks,2025-08-08 03:08:23,noise
6392861738151,6392743343485,T816,26.3,Yara Brooks,2025-08-07 04:06:35,noise
6392861738151,6396651014213,T908,64.6,Yara Brooks,2025-08-07 11:19:30,noise
6392861738151,6395417290038,T816,51.0,Yara Brooks,2025-08-06 12:30:14,noise
6392861738151,6397876759433,T908,8.8,Yara Brooks,2025-08-06 12:13:08,noise
6392861738151,6396651014213,T908,36.4,Yara Brooks,2025-08-05 22:21:29,noise
6392861738151,6396926232765,T908,14.8,Yara Brooks,2025-08-04 12:03:11,noise
6392861738151,6391285888600,T816,16.4,Yara Brooks,2025-08-04 21:03:09,noise
6392861738151,6396926232765,T908,21.4,Yara Brooks,2025-08-04 05:11:21,noise
6394196958976,6396652537140,T801,26.3,Ana Haddad,2025-10-18 18:22:38,noise
6394196958976,6394901039851,T801,22.1,Ana Haddad,2025-10-17 11:06:26,noise
6394196958976,6394901039851,T801,16.3,Ana Haddad,2025-10-17 19:15:55,noise
6394196958976,6392849430457,T173,13.3,Ana Haddad,2025-10-17 14:02:30,noise
6394196958976,6398935751205,T173,100.3,Ana Haddad,2025-10-16 10:18:47,noise
6394196958976,6396449831833,T801,6.7,Ana Haddad,2025-10-16 18:23:22,noise
6394196958976,6394901039851,T173,11.5,Ana Haddad,2025-10-16 20:00:51,noise
6394196958976,6392849430457,T801,19.2,Ana Haddad,2025-10-15 17:06:07,noise
6394196958976,6395453841530,T173,55.3,Ana Haddad,2025-10-14 18:20:40,noise
6394196958976,6396652537140,T801,10.1,Ana Haddad,2025-10-13 12:13:18,noise
6394196958976,6392849430457,T801,3.2,Ana Haddad,2025-10-13 22:24:47,noise
6394196958976,6394901039851,T801,34.6,Ana Haddad,2025-10-13 16:27:59,noise
6394196958976,6392849430457,T801,8.7,Ana Haddad,2025-10-12 09:02:46,noise
6394196958976,6392056728284,T173,16.4,Ana Haddad,2025-10-12 15:21:18,noise
6394196958976,6394901039851,T173,14.4,Ana Haddad,2025-10-11 10:15:37,noise
6394196958976,6393128476840,T801,13.6,Ana Haddad,2025-10-10 08:30:20,noise
6394196958976,6396657427421,T173,8.9,Ana Haddad,2025-10-09 14:07:53,noise
6394196958976,6394762294635,T173,17.6,Ana Haddad,2025-10-09 14:16:26,noise
6394196958976,6396652537140,T801,19.7,Ana Haddad,2025-10-08 15:28:23,noise
6394196958976,6396652537140,T173,6.6,Ana Haddad,2025-10-08 09:22:43,noise
6394196958976,6394901039851,T801,11.8,Ana Haddad,2025-10-07 17:30:10,noise
6394196958976,6396652537140,T173,8.7,Ana Haddad,2025-10-06 20:00:49,noise
6394196958976,6392849430457,T801,11.0,Ana Haddad,2025-10-06 17:05:41,noise
6394196958976,6399489742631,T173,16.0,Ana Haddad,2025-10-05 15:15:29,noise
6394196958976,6396652537140,T173,16.8,Ana Haddad,2025-10-05 08:13:06,noise
6394196958976,6392849430457,T173,10.7,Ana Haddad,2025-10-04 18:03:49,noise
6394196958976,6394317643354,T173,11.2,Ana Haddad,2025-10-04 12:08:12,noise
6394196958976,6392849430457,T801,8.6,Ana Haddad,2025-10-04 17:21:47,noise
6394196958976,6392531023270,T801,12.6,Ana Haddad,2025-10-03 18:06:38,noise
6394196958976,6392849430457,T801,32.7,Ana Haddad,2025-10-03 14:08:32,noise
6394196958976,6394901039851,T173,18.3,Ana Haddad,2025-10-02 03:24:30,noise
6394196958976,6394733500690,T801,12.3,Ana Haddad,2025-10-02 09:20:26,noise
6394196958976,6398126884162,T173,49.4,Ana Haddad,2025-10-02 15:05:19,noise
6394196958976,6399478806060,T801,7.7,Ana Haddad,2025-10-01 17:17:51,noise
6394196958976,6396652537140,T173,23.1,Ana Haddad,2025-09-30 17:18:01,noise
6394196958976,6392849430457,T173,11.9,Ana Haddad,2025-09-30 18:14:38,noise
6394196958976,6392849430457,T801,18.9,Ana Haddad,2025-09-29 14:02:33,noise
6394196958976,6396652537140,T173,17.8,Ana Haddad,2025-09-28 17:22:19,noise
6394196958976,6392849430457,T801,15.5,Ana Haddad,2025-09-27 02:21:05,noise
6394196958976,6392849430457,T801,13.5,Ana Haddad,2025-09-26 20:09:34,noise
6394196958976,6396652537140,T801,15.2,Ana Haddad,2025-09-26 17:01:59,noise
6394196958976,6392849430457,T173,1.6,Ana Haddad,2025-09-25 10:12:33,noise
6394196958976,6396652537140,T801,26.0,Ana Haddad,2025-09-25 10:18:04,noise
6394196958976,6394901039851,T173,10.6,Ana Haddad,2025-09-24 18:16:53,noise
6394196958976,6392364622622,T801,31.0,Ana Haddad,2025-09-24 22:09:07,noise
6394196958976,6396652537140,T801,7.7,Ana Haddad,2025-09-23 15:01:46,noise
6394196958976,6394266369889,T173,83.4,Ana Haddad,2025-09-22 23:29:54,noise
6394196958976,6392849430457,T173,16.1,Ana Haddad,2025-09-22 16:05:50,noise
6394196958976,6397275036984,T801,24.9,Ana Haddad,2025-09-22 14:09:50,noise
6394196958976,6399902228679,T173,3.9,Ana Haddad,2025-09-21 09:21:22,noise
6394196958976,6392849430457,T173,18.3,Ana Haddad,2025-09-21 20:00:07,noise
6394196958976,6394901039851,T173,14.1,Ana Haddad,2025-09-21 15:23:28,noise
6394196958976,6394901039851,T173,17.3,Ana Haddad,2025-09-20 14:10:14,noise
6394196958976,6394901039851,T173,19.2,Ana Haddad,2025-09-19 22:18:10,noise
6394196958976,6399478806060,T173,8.1,Ana Haddad,2025-09-19 01:22:56,noise
6394196958976,6396652537140,T173,4.3,Ana Haddad,2025-09-19 20:16:41,noise
6394196958976,6396652537140,T801,8.7,Ana Haddad,2025-09-18 20:18:34,noise
6394196958976,6396652537140,T173,16.3,Ana Haddad,2025-09-18 20:30:32,noise
6394196958976,6394901039851,T801,4.9,Ana Haddad,2025-09-18 01:29:40,noise
6394196958976,6394901039851,T173,8.6,Ana Haddad,2025-09-17 09:23:10,noise
6394196958976,6395503747521,T173,7.6,Ana Haddad,2025-09-16 00:03:54,noise
6394196958976,6396652537140,T173,10.7,Ana Haddad,2025-09-16 18:18:12,noise
6394196958976,6399902228679,T173,24.3,Ana Haddad,2025-09-15 13:28:29,noise
6394196958976,6396652537140,T173,14.5,Ana Haddad,2025-09-15 16:05:52,noise
6394196958976,6392849430457,T173,9.1,Ana Haddad,2025-09-14 11:13:47,noise
6394196958976,6396652537140,T801,7.7,Ana Haddad,2025-09-13 11:24:02,noise
6394196958976,6392849430457,T173,42.9,Ana Haddad,2025-09-13 23:18:13,noise
6394196958976,6392849430457,T173,24.7,Ana Haddad,2025-09-12 20:08:25,noise
6394196958976,6395907760981,T801,13.3,Ana Haddad,2025-09-11 04:01:09,noise
6394196958976,6395907760981,T173,34.6,Ana Haddad,2025-09-11 12:02:32,noise
6394196958976,6396652537140,T801,41.6,Ana Haddad,2025-09-10 16:05:24,noise
6394196958976,6395395226580,T801,65.7,Ana Haddad,2025-09-10 01:05:40,noise
6394196958976,6392849430457,T801,14.3,Ana Haddad,2025-09-10 19:11:41,noise
6394196958976,6394901039851,T173,13.0,Ana Haddad,2025-09-09 13:25:22,noise
6394196958976,6392849430457,T801,5.9,Ana Haddad,2025-09-09 13:00:40,noise
6394196958976,6394733500690,T173,25.3,Ana Haddad,2025-09-08 00:21:20,noise
6394196958976,6392849430457,T173,23.0,Ana Haddad,2025-09-08 18:10:28,noise
6394196958976,6392849430457,T801,19.5,Ana Haddad,2025-09-08 10:19:42,noise
6394196958976,6392849430457,T173,14.0,Ana Haddad,2025-09-07 19:11:02,noise
6394196958976,6396652537140,T173,31.8,Ana Haddad,2025-09-07 22:04:40,noise
6394196958976,6394901039851,T173,26.6,Ana Haddad,2025-09-07 11:17:23,noise
6394196958976,6392056728284,T173,13.0,Ana Haddad,2025-09-06 19:10:21,noise
6394196958976,6394901039851,T173,11.4,Ana Haddad,2025-09-06 09:11:52,noise
6394196958976,6396652537140,T801,59.4,Ana Haddad,2025-09-05 01:28:48,noise
6394196958976,6396652537140,T801,11.2,Ana Haddad,2025-09-05 09:17:57,noise
6394196958976,6396652537140,T173,32.0,Ana Haddad,2025-09-04 10:30:40,noise
6394196958976,6397454260155,T801,19.7,Ana Haddad,2025-09-04 17:22:36,noise
6394196958976,6392849430457,T173,9.9,Ana Haddad,2025-09-03 23:19:49,noise
6394196958976,6399486544271,T173,13.7,Ana Haddad,2025-09-02 21:25:58,noise
6394196958976,6394901039851,T173,10.2,Ana Haddad,2025-09-02 12:01:34,noise
6394196958976,6396652537140,T801,10.2,Ana Haddad,2025-09-02 13:04:06,noise
6394196958976,6399063738848,T173,23.6,Ana Haddad,2025-09-01 17:20:11,noise
6394196958976,6397147861767,T173,9.5,Ana Haddad,2025-09-01 01:05:49,noise
6394196958976,6394901039851,T173,10.8,Ana Haddad,2025-08-31 10:20:09,noise
6394196958976,6391839641832,T801,6.4,Ana Haddad,2025-08-30 15:15:36,noise
6394196958976,6392849430457,T801,17.9,Ana Haddad,2025-08-30 09:08:24,noise
6394196958976,6396652537140,T801,16.8,Ana Haddad,2025-08-29 10:29:53,noise
6394196958976,6392849430457,T801,9.8,Ana Haddad,2025-08-29 19:07:34,noise
6394196958976,6394901039851,T801,27.0,Ana Haddad,2025-08-28 14:09:07,noise
6394196958976,6399607110001,T801,11.7,Ana Haddad,2025-08-28 08:10:27,noise
6394196958976,6399486544271,T801,2.2,Ana Haddad,2025-08-28 11:07:31,noise
6394196958976,6391743328958,T173,31.2,Ana Haddad,2025-08-27 17:11:59,noise
6394196958976,6396327643318,T801,13.8,Ana Haddad,2025-08-27 15:15:33,noise
6394196958976,6396801877658,T173,4.0,Ana Haddad,2025-08-27 18:29:32,noise
6394196958976,6392849430457,T173,8.7,Ana Haddad,2025-08-26 18:09:41,noise
6394196958976,6392849430457,T801,48.6,Ana Haddad,2025-08-25 17:05:54,noise
6394196958976,6397335537719,T173,10.6,Ana Haddad,2025-08-25 15:30:51,noise
6394196958976,6397423633225,T173,20.8,Ana Haddad,2025-08-24 22:16:15,noise
6394196958976,6392849430457,T173,21.3,Ana Haddad,2025-08-24 18:24:31,noise
6394196958976,6396652537140,T173,32.2,Ana Haddad,2025-08-24 21:15:15,noise
6394196958976,6394901039851,T173,22.4,Ana Haddad,2025-08-23 15:17:24,noise
6394196958976,6392849430457,T801,9.4,Ana Haddad,2025-08-23 20:05:08,noise
6394196958976,6392849430457,T801,31.5,Ana Haddad,2025-08-22 09:13:46,noise
6394196958976,6395036386090,T173,22.7,Ana Haddad,2025-08-22 23:06:11,noise
6394196958976,6394901039851,T801,8.0,Ana Haddad,2025-08-21 15:06:30,noise
6394196958976,6392849430457,T801,36.4,Ana Haddad,2025-08-21 20:09:34,noise
6394196958976,6394901039851,T173,13.5,Ana Haddad,2025-08-21 16:28:04,noise
6394196958976,6396652537140,T173,20.8,Ana Haddad,2025-08-20 18:23:59,noise
6394196958976,6394901039851,T173,33.4,Ana Haddad,2025-08-20 18:29:50,noise
6394196958976,6394901039851,T173,10.9,Ana Haddad,2025-08-19 11:29:59,noise
6394196958976,6392849430457,T173,8.3,Ana Haddad,2025-08-19 20:16:32,noise
6394196958976,6396652537140,T173,22.4,Ana Haddad,2025-08-18 18:24:34,noise
6394196958976,6396652537140,T173,13.2,Ana Haddad,2025-08-18 22:22:17,noise
6394196958976,6394901039851,T801,60.9,Ana Haddad,2025-08-17 17:13:20,noise
6394196958976,6394901039851,T801,17.8,Ana Haddad,2025-08-17 13:09:33,noise
6394196958976,6395453841530,T173,9.7,Ana Haddad,2025-08-16 12:10:36,noise
6394196958976,6394168811006,T173,38.4,Ana Haddad,2025-08-16 19:16:37,noise
6394196958976,6392849430457,T801,12.9,Ana Haddad,2025-08-15 20:28:24,noise
6394196958976,6397861553600,T173,8.7,Ana Haddad,2025-08-14 05:19:22,noise
6394196958976,6397043729383,T173,4.4,Ana Haddad,2025-08-14 08:23:20,noise
6394196958976,6398825301484,T801,14.2,Ana Haddad,2025-08-13 19:00:36,noise
6394196958976,6396652537140,T173,4.2,Ana Haddad,2025-08-13 12:06:50,noise
6394196958976,6394684715577,T173,20.0,Ana Haddad,2025-08-12 08:02:55,noise
6394196958976,6398415640709,T173,67.5,Ana Haddad,2025-08-12 11:28:02,noise
6394196958976,6396652537140,T801,17.4,Ana Haddad,2025-08-12 16:26:22,noise
6394196958976,6392056728284,T173,16.2,Ana Haddad,2025-08-11 18:05:55,noise
6394196958976,6394901039851,T801,20.2,Ana Haddad,2025-08-11 19:04:40,noise
6394196958976,6394901039851,T173,7.9,Ana Haddad,2025-08-11 19:03:06,noise
6394196958976,6392849430457,T801,18.0,Ana Haddad,2025-08-10 15:11:35,noise
6394196958976,6396659007500,T173,39.4,Ana Haddad,2025-08-10 12:10:04,noise
6394196958976,6394901039851,T173,22.9,Ana Haddad,2025-08-09 14:00:53,noise
6394196958976,6392849430457,T801,69.2,Ana Haddad,2025-08-08 15:26:03,noise
6394196958976,6397275036984,T173,13.1,Ana Haddad,2025-08-08 15:27:06,noise
6394196958976,6392849430457,T801,23.3,Ana Haddad,2025-08-08 22:07:33,noise
6394196958976,6392849430457,T173,14.7,Ana Haddad,2025-08-07 10:30:50,noise
6394196958976,6394901039851,T173,2.0,Ana Haddad,2025-08-07 18:13:58,noise
6394196958976,6392849430457,T173,31.1,Ana Haddad,2025-08-07 16:17:56,noise
6394196958976,6397893361024,T173,4.8,Ana Haddad,2025-08-06 20:11:40,noise
6394196958976,6391782370828,T801,17.3,Ana Haddad,2025-08-06 10:14:39,noise
6394196958976,6394901039851,T801,49.1,Ana Haddad,2025-08-05 08:17:58,noise
6394196958976,6392596108594,T173,28.9,Ana Haddad,2025-08-05 03:18:50,noise
6394196958976,6394901039851,T173,8.9,Ana Haddad,2025-08-04 14:08:08,noise
6394196958976,6399282295544,T801,20.5,Ana Haddad,2025-08-04 20:07:10,noise
6394196958976,6393489048828,T173,41.6,Ana Haddad,2025-08-04 17:03:19,noise
6395907760981,6397893361024,T750,14.8,Raj Carlos,2025-10-18 20:08:37,noise
6395907760981,6396205553347,T556,10.9,Raj Carlos,2025-10-17 18:09:10,noise
6395907760981,6391969388584,T750,14.4,Raj Carlos,2025-10-17 18:10:38,noise
6395907760981,6397955281670,T556,91.1,Raj Carlos,2025-10-16 12:12:45,noise
6395907760981,6397335537719,T556,34.5,Raj Carlos,2025-10-16 17:12:10,noise
6395907760981,6397335537719,T750,25.7,Raj Carlos,2025-10-16 13:22:48,noise
6395907760981,6397335537719,T556,25.6,Raj Carlos,2025-10-15 10:00:38,noise
6395907760981,6397335537719,T556,5.2,Raj Carlos,2025-10-15 22:20:09,noise
6395907760981,6398583500075,T556,23.7,Raj Carlos,2025-10-14 20:19:10,noise
6395907760981,6391969388584,T556,8.3,Raj Carlos,2025-10-14 21:22:52,noise
6395907760981,6397335537719,T750,23.2,Raj Carlos,2025-10-13 14:09:33,noise
6395907760981,6397335537719,T556,18.5,Raj Carlos,2025-10-13 12:06:47,noise
6395907760981,6391969388584,T556,14.0,Raj Carlos,2025-10-12 17:00:09,noise
6395907760981,6391969388584,T750,8.9,Raj Carlos,2025-10-12 14:16:46,noise
6395907760981,6395395226580,T750,24.1,Raj Carlos,2025-10-11 13:21:06,noise
6395907760981,6397335537719,T750,35.9,Raj Carlos,2025-10-11 12:06:29,noise
6395907760981,6397335537719,T556,64.6,Raj Carlos,2025-10-11 12:30:14,noise
6395907760981,6396205553347,T750,9.3,Raj Carlos,2025-10-10 23:04:41,noise
6395907760981,6398478492299,T750,20.1,Raj Carlos,2025-10-10 15:16:23,noise
6395907760981,6395453841530,T556,20.9,Raj Carlos,2025-10-09 12:05:19,noise
6395907760981,6391969388584,T750,23.7,Raj Carlos,2025-10-09 11:29:57,noise
6395907760981,6391969388584,T750,21.8,Raj Carlos,2025-10-09 11:16:34,noise
6395907760981,6396205553347,T556,17.7,Raj Carlos,2025-10-08 10:01:11,noise
6395907760981,6396205553347,T556,2.0,Raj Carlos,2025-10-07 09:26:33,noise
6395907760981,6395417290038,T750,7.1,Raj Carlos,2025-10-07 19:21:15,noise
6395907760981,6392531023270,T556,31.5,Raj Carlos,2025-10-06 17:02:23,noise
6395907760981,6395869422194,T750,20.8,Raj Carlos,2025-10-06 19:14:59,noise
6395907760981,6397335537719,T750,33.3,Raj Carlos,2025-10-06 08:22:20,noise
6395907760981,6393429023955,T750,10.2,Raj Carlos,2025-10-05 08:11:59,noise
6395907760981,6391969388584,T750,10.0,Raj Carlos,2025-10-04 16:11:41,noise
6395907760981,6396205553347,T556,13.4,Raj Carlos,2025-10-04 12:26:59,noise
6395907760981,6396205553347,T750,11.9,Raj Carlos,2025-10-03 20:09:59,noise
6395907760981,6391969388584,T556,17.0,Raj Carlos,2025-10-03 17:04:45,noise
6395907760981,6391969388584,T556,44.4,Raj Carlos,2025-10-02 10:21:18,noise
6395907760981,6396783753090,T556,7.3,Raj Carlos,2025-10-02 17:22:23,noise
6395907760981,6397335537719,T556,4.9,Raj Carlos,2025-10-02 20:00:29,noise
6395907760981,6396254128857,T556,20.3,Raj Carlos,2025-10-01 22:15:38,noise
6395907760981,6397335537719,T750,58.3,Raj Carlos,2025-10-01 08:02:20,noise
6395907760981,6396313198121,T556,18.8,Raj Carlos,2025-10-01 12:11:20,noise
6395907760981,6397335537719,T750,39.7,Raj Carlos,2025-09-30 04:19:53,noise
6395907760981,6396205553347,T556,9.9,Raj Carlos,2025-09-29 10:30:36,noise
6395907760981,6397335537719,T556,30.4,Raj Carlos,2025-09-29 15:26:38,noise
6395907760981,6391969388584,T556,32.4,Raj Carlos,2025-09-28 19:14:47,noise
6395907760981,6395036386090,T750,60.1,Raj Carlos,2025-09-28 16:28:08,noise
6395907760981,6397147861767,T556,11.8,Raj Carlos,2025-09-27 13:05:23,noise
6395907760981,6396205553347,T750,12.8,Raj Carlos,2025-09-27 14:27:42,noise
6395907760981,6397335537719,T750,15.6,Raj Carlos,2025-09-27 09:14:25,noise
6395907760981,6396817443067,T556,54.7,Raj Carlos,2025-09-26 09:17:26,noise
6395907760981,6396205553347,T750,7.9,Raj Carlos,2025-09-26 17:27:45,noise
6395907760981,6396313198121,T750,3.6,Raj Carlos,2025-09-25 10:00:54,noise
6395907760981,6397335537719,T556,21.9,Raj Carlos,2025-09-24 10:14:43,noise
6395907760981,6397335537719,T750,56.6,Raj Carlos,2025-09-24 03:21:46,noise
6395907760981,6391969388584,T750,20.2,Raj Carlos,2025-09-24 08:22:07,noise
6395907760981,6394684715577,T750,22.5,Raj Carlos,2025-09-23 12:22:35,noise
6395907760981,6391969388584,T556,11.2,Raj Carlos,2025-09-23 11:23:17,noise
6395907760981,6391969388584,T750,16.2,Raj Carlos,2025-09-22 14:15:44,noise
6395907760981,6399063738848,T750,35.5,Raj Carlos,2025-09-21 10:16:13,noise
6395907760981,6395176413962,T750,29.3,Raj Carlos,2025-09-21 17:09:28,noise
6395907760981,6394772775911,T750,6.4,Raj Carlos,2025-09-21 09:16:26,noise
6395907760981,6397105164464,T556,13.1,Raj Carlos,2025-09-20 20:07:22,noise
6395907760981,6391969388584,T556,7.7,Raj Carlos,2025-09-20 00:21:07,noise
6395907760981,6391969388584,T750,55.8,Raj Carlos,2025-09-20 08:23:08,noise
6395907760981,6396313198121,T750,33.6,Raj Carlos,2025-09-19 12:16:38,noise
6395907760981,6392894514895,T556,5.8,Raj Carlos,2025-09-18 12:02:57,noise
6395907760981,6394762294635,T750,20.2,Raj Carlos,2025-09-18 10:24:01,noise
6395907760981,6397335537719,T556,52.6,Raj Carlos,2025-09-17 13:27:02,noise
6395907760981,6397147861767,T750,57.6,Raj Carlos,2025-09-17 12:12:23,noise
6395907760981,6391969388584,T556,6.9,Raj Carlos,2025-09-17 17:04:05,noise
6395907760981,6391969388584,T556,25.7,Raj Carlos,2025-09-16 12:07:58,noise
6395907760981,6391969388584,T556,19.9,Raj Carlos,2025-09-16 14:10:27,noise
6395907760981,6397335537719,T750,17.1,Raj Carlos,2025-09-16 10:26:30,noise
6395907760981,6392435531798,T750,42.8,Raj Carlos,2025-09-15 13:24:41,noise
6395907760981,6396205553347,T750,53.0,Raj Carlos,2025-09-15 09:10:43,noise
6395907760981,6396205553347,T556,7.0,Raj Carlos,2025-09-15 16:13:49,noise
6395907760981,6396205553347,T750,27.0,Raj Carlos,2025-09-14 08:28:38,noise
6395907760981,6391969388584,T556,10.8,Raj Carlos,2025-09-14 20:17:53,noise
6395907760981,6399821171578,T750,12.8,Raj Carlos,2025-09-13 15:16:59,noise
6395907760981,6397335537719,T556,34.1,Raj Carlos,2025-09-12 18:03:28,noise
6395907760981,6397063169102,T750,15.2,Raj Carlos,2025-09-12 21:21:33,noise
6395907760981,6391969388584,T750,19.9,Raj Carlos,2025-09-12 01:23:55,noise
6395907760981,6397335537719,T556,10.9,Raj Carlos,2025-09-11 18:12:46,noise
6395907760981,6391969388584,T556,20.3,Raj Carlos,2025-09-10 10:19:01,noise
6395907760981,6393615839537,T556,33.8,Raj Carlos,2025-09-09 21:29:15,noise
6395907760981,6391969388584,T750,41.7,Raj Carlos,2025-09-09 18:17:42,noise
6395907760981,6397335537719,T556,12.0,Raj Carlos,2025-09-08 12:04:13,noise
6395907760981,6392849430457,T556,8.4,Raj Carlos,2025-09-07 19:16:32,noise
6395907760981,6394266369889,T556,24.0,Raj Carlos,2025-09-06 23:06:36,noise
6395907760981,6398454204335,T556,6.0,Raj Carlos,2025-09-06 18:00:16,noise
6395907760981,6391969388584,T556,6.8,Raj Carlos,2025-09-06 14:04:09,noise
6395907760981,6391969388584,T750,7.8,Raj Carlos,2025-09-05 16:10:10,noise
6395907760981,6393996622945,T750,29.7,Raj Carlos,2025-09-05 15:18:35,noise
6395907760981,6397335537719,T556,7.9,Raj Carlos,2025-09-05 14:20:30,noise
6395907760981,6396651014213,T556,36.4,Raj Carlos,2025-09-04 21:22:34,noise
6395907760981,6398415640709,T750,37.5,Raj Carlos,2025-09-03 17:20:12,noise
6395907760981,6396659007500,T750,7.5,Raj Carlos,2025-09-03 12:19:05,noise
6395907760981,6396205553347,T750,4.5,Raj Carlos,2025-09-02 18:04:19,noise
6395907760981,6396205553347,T556,16.9,Raj Carlos,2025-09-01 20:08:10,noise
6395907760981,6397335537719,T750,19.3,Raj Carlos,2025-09-01 11:06:12,noise
6395907760981,6396205553347,T750,12.6,Raj Carlos,2025-08-31 14:16:35,noise
6395907760981,6396205553347,T556,17.1,Raj Carlos,2025-08-31 21:18:45,noise
6395907760981,6391969388584,T750,58.8,Raj Carlos,2025-08-31 12:05:28,noise
6395907760981,6391969388584,T750,29.6,Raj Carlos,2025-08-30 09:21:44,noise
6395907760981,6398935751205,T750,24.8,Raj Carlos,2025-08-29 14:25:45,noise
6395907760981,6391839641832,T556,59.0,Raj Carlos,2025-08-29 19:13:55,noise
6395907760981,6391969388584,T750,7.5,Raj Carlos,2025-08-28 11:30:08,noise
6395907760981,6397861553600,T556,11.6,Raj Carlos,2025-08-27 18:12:39,noise
6395907760981,6391969388584,T750,9.8,Raj Carlos,2025-08-26 09:26:07,noise
6395907760981,6391969388584,T750,22.5,Raj Carlos,2025-08-26 20:25:04,noise
6395907760981,6391969388584,T556,4.6,Raj Carlos,2025-08-25 11:27:10,noise
6395907760981,6396205553347,T750,13.4,Raj Carlos,2025-08-25 13:14:46,noise
6395907760981,6396205553347,T556,7.5,Raj Carlos,2025-08-24 14:30:38,noise
6395907760981,6398605205469,T556,11.4,Raj Carlos,2025-08-24 14:18:29,noise
6395907760981,6397335537719,T556,10.0,Raj Carlos,2025-08-23 23:02:07,noise
6395907760981,6397236553825,T750,16.6,Raj Carlos,2025-08-23 00:00:10,noise
6395907760981,6397335537719,T556,4.5,Raj Carlos,2025-08-22 16:04:11,noise
6395907760981,6396205553347,T750,17.2,Raj Carlos,2025-08-21 09:19:33,noise
6395907760981,6397335537719,T750,93.2,Raj Carlos,2025-08-21 03:02:55,noise
6395907760981,6395651902688,T750,6.0,Raj Carlos,2025-08-20 08:11:58,noise
6395907760981,6391969388584,T750,16.3,Raj Carlos,2025-08-20 20:23:15,noise
6395907760981,6396205553347,T556,24.2,Raj Carlos,2025-08-19 02:23:20,noise
6395907760981,6392778974508,T556,10.8,Raj Carlos,2025-08-19 08:12:33,noise
6395907760981,6394901039851,T750,31.3,Raj Carlos,2025-08-18 16:05:37,noise
6395907760981,6391505221103,T750,13.5,Raj Carlos,2025-08-18 04:26:21,noise
6395907760981,6396205553347,T750,28.6,Raj Carlos,2025-08-17 19:09:43,noise
6395907760981,6397335537719,T556,17.2,Raj Carlos,2025-08-16 17:02:01,noise
6395907760981,6392743343485,T750,24.8,Raj Carlos,2025-08-16 20:12:00,noise
6395907760981,6397335537719,T556,11.4,Raj Carlos,2025-08-15 09:22:14,noise
6395907760981,6392596108594,T750,16.6,Raj Carlos,2025-08-14 11:20:21,noise
6395907760981,6396205553347,T556,14.8,Raj Carlos,2025-08-14 09:00:18,noise
6395907760981,6396205553347,T750,13.0,Raj Carlos,2025-08-14 11:27:20,noise
6395907760981,6397335537719,T750,27.6,Raj Carlos,2025-08-13 22:21:16,noise
6395907760981,6397335537719,T750,7.7,Raj Carlos,2025-08-12 17:27:35,noise
6395907760981,6396205553347,T750,27.4,Raj Carlos,2025-08-12 14:21:38,noise
6395907760981,6397335537719,T556,5.2,Raj Carlos,2025-08-11 16:30:59,noise
6395907760981,6396313198121,T556,46.0,Raj Carlos,2025-08-11 09:13:37,noise
6395907760981,6398126884162,T750,20.8,Raj Carlos,2025-08-10 21:19:48,noise
6395907760981,6397335537719,T556,127.6,Raj Carlos,2025-08-10 14:10:10,noise
6395907760981,6391777783479,T750,59.0,Raj Carlos,2025-08-09 10:30:57,noise
6395907760981,6397861553600,T750,10.8,Raj Carlos,2025-08-08 23:24:35,noise
6395907760981,6394483976722,T750,24.4,Raj Carlos,2025-08-07 14:21:42,noise
6395907760981,6397335537719,T750,5.4,Raj Carlos,2025-08-06 10:09:01,noise
6395907760981,6397335537719,T750,14.8,Raj Carlos,2025-08-06 01:07:19,noise
6395907760981,6399478806060,T750,8.6,Raj Carlos,2025-08-05 19:19:38,noise
6395907760981,6397236553825,T750,20.0,Raj Carlos,2025-08-05 19:30:15,noise
6395907760981,6397335537719,T556,35.8,Raj Carlos,2025-08-04 05:12:05,noise
6395907760981,6395869422194,T750,40.4,Raj Carlos,2025-08-04 09:29:21,noise
6391969388584,6398583500075,T533,14.6,Sara Yamamoto,2025-10-18 18:00:03,noise
6391969388584,6398935751205,T533,3.4,Sara Yamamoto,2025-10-18 08:16:52,noise
6391969388584,6397335537719,T744,4.6,Sara Yamamoto,2025-10-17 16:17:42,noise
6391969388584,6396336852250,T533,6.2,Sara Yamamoto,2025-10-17 19:21:35,noise
6391969388584,6399821171578,T744,24.5,Sara Yamamoto,2025-10-17 19:07:09,noise
6391969388584,6398935751205,T744,8.0,Sara Yamamoto,2025-10-16 17:21:28,noise
6391969388584,6398415640709,T533,5.8,Sara Yamamoto,2025-10-16 14:17:08,noise
6391969388584,6391839641832,T744,39.2,Sara Yamamoto,2025-10-15 19:11:50,noise
6391969388584,6391839641832,T744,14.9,Sara Yamamoto,2025-10-15 11:13:45,noise
6391969388584,6394733500690,T533,20.8,Sara Yamamoto,2025-10-14 09:17:45,noise
6391969388584,6398935751205,T744,20.6,Sara Yamamoto,2025-10-14 12:00:38,noise
6391969388584,6391839641832,T533,26.1,Sara Yamamoto,2025-10-14 12:04:47,noise
6391969388584,6398935751205,T533,15.9,Sara Yamamoto,2025-10-13 15:17:56,noise
6391969388584,6397454260155,T533,14.3,Sara Yamamoto,2025-10-12 14:06:34,noise
6391969388584,6391839641832,T533,19.2,Sara Yamamoto,2025-10-12 16:29:33,noise
6391969388584,6394385485119,T533,22.9,Sara Yamamoto,2025-10-12 16:28:33,noise
6391969388584,6392894514895,T533,30.7,Sara Yamamoto,2025-10-11 20:26:51,noise
6391969388584,6391839641832,T533,23.9,Sara Yamamoto,2025-10-10 08:17:35,noise
6391969388584,6398935751205,T533,16.7,Sara Yamamoto,2025-10-10 08:07:35,noise
6391969388584,6393189436628,T533,17.9,Sara Yamamoto,2025-10-10 17:12:23,noise
6391969388584,6394733500690,T744,27.9,Sara Yamamoto,2025-10-09 14:12:02,noise
6391969388584,6394733500690,T744,18.1,Sara Yamamoto,2025-10-08 10:25:10,noise
6391969388584,6398935751205,T533,20.0,Sara Yamamoto,2025-10-08 13:13:30,noise
6391969388584,6398936495763,T533,12.3,Sara Yamamoto,2025-10-07 08:20:21,noise
6391969388584,6399486544271,T533,22.3,Sara Yamamoto,2025-10-06 17:11:38,noise
6391969388584,6396449831833,T744,10.9,Sara Yamamoto,2025-10-06 23:16:18,noise
6391969388584,6394483976722,T533,16.4,Sara Yamamoto,2025-10-05 22:08:01,noise
6391969388584,6394733500690,T744,26.8,Sara Yamamoto,2025-10-05 14:30:16,noise
6391969388584,6394385485119,T533,23.8,Sara Yamamoto,2025-10-04 14:13:43,noise
6391969388584,6394775439440,T533,5.3,Sara Yamamoto,2025-10-04 19:07:45,noise
6391969388584,6398935751205,T744,7.9,Sara Yamamoto,2025-10-03 14:08:41,noise
6391969388584,6391839641832,T744,29.8,Sara Yamamoto,2025-10-02 08:03:48,noise
6391969388584,6395161647070,T533,32.4,Sara Yamamoto,2025-10-02 08:15:29,noise
6391969388584,6399282295544,T533,30.5,Sara Yamamoto,2025-10-01 16:12:47,noise
6391969388584,6397147861767,T744,20.9,Sara Yamamoto,2025-10-01 09:19:43,noise
6391969388584,6392849430457,T533,16.9,Sara Yamamoto,2025-10-01 19:16:28,noise
6391969388584,6391839641832,T744,26.0,Sara Yamamoto,2025-09-30 16:07:31,noise
6391969388584,6397955281670,T744,28.4,Sara Yamamoto,2025-09-30 14:29:00,noise
6391969388584,6391923323851,T744,29.1,Sara Yamamoto,2025-09-30 22:27:52,noise
6391969388584,6391839641832,T744,98.3,Sara Yamamoto,2025-09-29 17:17:14,noise
6391969388584,6391839641832,T533,31.0,Sara Yamamoto,2025-09-28 08:09:12,noise
6391969388584,6394168811006,T744,96.5,Sara Yamamoto,2025-09-27 18:07:31,noise
6391969388584,6393615839537,T533,11.0,Sara Yamamoto,2025-09-27 13:30:59,noise
6391969388584,6399821171578,T533,8.9,Sara Yamamoto,2025-09-26 20:15:36,noise
6391969388584,6394733500690,T533,18.6,Sara Yamamoto,2025-09-26 17:25:47,noise
6391969388584,6394733500690,T744,20.5,Sara Yamamoto,2025-09-25 18:04:02,noise
6391969388584,6394733500690,T744,16.8,Sara Yamamoto,2025-09-24 15:20:21,noise
6391969388584,6394772775911,T533,8.9,Sara Yamamoto,2025-09-23 22:18:15,noise
6391969388584,6391153479794,T533,12.8,Sara Yamamoto,2025-09-23 11:07:54,noise
6391969388584,6391839641832,T533,28.5,Sara Yamamoto,2025-09-22 11:14:30,noise
6391969388584,6398935751205,T533,24.3,Sara Yamamoto,2025-09-22 18:06:17,noise
6391969388584,6398415640709,T744,5.2,Sara Yamamoto,2025-09-21 08:13:17,noise
6391969388584,6396313198121,T533,8.9,Sara Yamamoto,2025-09-20 15:10:37,noise
6391969388584,6398935751205,T533,23.6,Sara Yamamoto,2025-09-20 02:28:19,noise
6391969388584,6397524223789,T744,18.7,Sara Yamamoto,2025-09-19 11:30:39,noise
6391969388584,6396327643318,T533,32.9,Sara Yamamoto,2025-09-19 09:06:47,noise
6391969388584,6396657427421,T533,62.2,Sara Yamamoto,2025-09-19 13:02:50,noise
6391969388584,6391839641832,T533,5.8,Sara Yamamoto,2025-09-18 15:29:58,noise
6391969388584,6392849430457,T744,24.0,Sara Yamamoto,2025-09-18 18:26:27,noise
6391969388584,6392364622622,T533,8.8,Sara Yamamoto,2025-09-17 14:14:57,noise
6391969388584,6398935751205,T533,6.6,Sara Yamamoto,2025-09-17 15:11:17,noise
6391969388584,6396807432422,T744,40.2,Sara Yamamoto,2025-09-16 11:27:28,noise
6391969388584,6394733500690,T533,8.3,Sara Yamamoto,2025-09-16 17:24:48,noise
6391969388584,6394733500690,T744,24.6,Sara Yamamoto,2025-09-16 10:26:43,noise
6391969388584,6396801877658,T533,3.3,Sara Yamamoto,2025-09-15 15:15:08,noise
6391969388584,6398935751205,T744,18.1,Sara Yamamoto,2025-09-15 21:01:25,noise
6391969388584,6396205553347,T744,22.7,Sara Yamamoto,2025-09-14 13:22:06,noise
6391969388584,6394733500690,T744,10.2,Sara Yamamoto,2025-09-14 17:30:39,noise
6391969388584,6394733500690,T533,6.4,Sara Yamamoto,2025-09-14 15:03:10,noise
6391969388584,6391839641832,T744,14.9,Sara Yamamoto,2025-09-13 09:25:36,noise
6391969388584,6394733500690,T533,23.4,Sara Yamamoto,2025-09-13 08:20:17,noise
6391969388584,6391743328958,T533,82.2,Sara Yamamoto,2025-09-12 03:25:32,noise
6391969388584,6396313198121,T533,29.3,Sara Yamamoto,2025-09-12 18:22:37,noise
6391969388584,6391839641832,T533,16.6,Sara Yamamoto,2025-09-11 23:13:22,noise
6391969388584,6394733500690,T533,18.9,Sara Yamamoto,2025-09-11 18:07:45,noise
6391969388584,6394168811006,T533,5.0,Sara Yamamoto,2025-09-10 10:00:24,noise
6391969388584,6398607746834,T744,4.3,Sara Yamamoto,2025-09-10 18:27:34,noise
6391969388584,6398935751205,T533,10.2,Sara Yamamoto,2025-09-09 05:28:50,noise
6391969388584,6391839641832,T744,33.0,Sara Yamamoto,2025-09-09 14:29:13,noise
6391969388584,6391839641832,T533,22.6,Sara Yamamoto,2025-09-08 11:13:22,noise
6391969388584,6391505221103,T533,5.4,Sara Yamamoto,2025-09-08 21:20:35,noise
6391969388584,6394733500690,T744,30.9,Sara Yamamoto,2025-09-08 20:02:37,noise
6391969388584,6394733500690,T533,8.1,Sara Yamamoto,2025-09-07 09:16:47,noise
6391969388584,6394266369889,T533,9.3,Sara Yamamoto,2025-09-07 16:10:52,noise
6391969388584,6391839641832,T744,59.3,Sara Yamamoto,2025-09-06 05:05:52,noise
6391969388584,6398935751205,T533,14.6,Sara Yamamoto,2025-09-05 16:24:37,noise
6391969388584,6398935751205,T533,20.9,Sara Yamamoto,2025-09-04 09:06:48,noise
6391969388584,6394733500690,T744,29.7,Sara Yamamoto,2025-09-04 16:04:33,noise
6391969388584,6395869422194,T533,16.7,Sara Yamamoto,2025-09-04 22:21:28,noise
6391969388584,6392778974508,T744,8.6,Sara Yamamoto,2025-09-03 10:01:57,noise
6391969388584,6391839641832,T744,4.5,Sara Yamamoto,2025-09-03 21:17:17,noise
6391969388584,6394266369889,T533,12.4,Sara Yamamoto,2025-09-02 03:27:16,noise
6391969388584,6398935751205,T533,28.5,Sara Yamamoto,2025-09-01 22:30:25,noise
6391969388584,6398935751205,T533,54.4,Sara Yamamoto,2025-09-01 10:22:48,noise
6391969388584,6394733500690,T533,10.9,Sara Yamamoto,2025-08-31 12:19:24,noise
6391969388584,6394733500690,T744,15.1,Sara Yamamoto,2025-08-31 20:06:35,noise
6391969388584,6391839641832,T533,23.6,Sara Yamamoto,2025-08-30 13:15:48,noise
6391969388584,6397454260155,T744,7.8,Sara Yamamoto,2025-08-30 08:15:19,noise
6391969388584,6398935751205,T533,15.4,Sara Yamamoto,2025-08-30 19:06:32,noise
6391969388584,6395453841530,T744,53.4,Sara Yamamoto,2025-08-29 21:05:10,noise
6391969388584,6394733500690,T533,8.6,Sara Yamamoto,2025-08-29 23:11:11,noise
6391969388584,6394733500690,T744,16.1,Sara Yamamoto,2025-08-28 18:18:49,noise
6391969388584,6393615839537,T533,10.9,Sara Yamamoto,2025-08-27 13:20:55,noise
6391969388584,6398935751205,T533,5.3,Sara Yamamoto,2025-08-27 20:27:10,noise
6391969388584,6392743343485,T533,17.1,Sara Yamamoto,2025-08-26 22:04:10,noise
6391969388584,6394733500690,T533,8.7,Sara Yamamoto,2025-08-25 18:21:30,noise
6391969388584,6398825301484,T533,16.6,Sara Yamamoto,2025-08-25 17:14:24,noise
6391969388584,6392531023270,T744,10.3,Sara Yamamoto,2025-08-25 16:14:10,noise
6391969388584,6398935751205,T744,20.0,Sara Yamamoto,2025-08-24 10:06:48,noise
6391969388584,6398935751205,T744,4.1,Sara Yamamoto,2025-08-23 15:29:18,noise
6391969388584,6391839641832,T533,11.4,Sara Yamamoto,2025-08-23 15:27:02,noise
6391969388584,6391839641832,T533,23.1,Sara Yamamoto,2025-08-23 08:27:29,noise
6391969388584,6391839641832,T744,8.7,Sara Yamamoto,2025-08-22 05:01:15,noise
6391969388584,6394266369889,T533,12.9,Sara Yamamoto,2025-08-22 13:26:48,noise
6391969388584,6394733500690,T533,4.8,Sara Yamamoto,2025-08-21 08:10:49,noise
6391969388584,6394733500690,T744,9.8,Sara Yamamoto,2025-08-21 15:23:39,noise
6391969388584,6393128476840,T744,13.5,Sara Yamamoto,2025-08-20 13:06:03,noise
6391969388584,6391839641832,T744,6.2,Sara Yamamoto,2025-08-19 02:17:07,noise
6391969388584,6396336852250,T744,57.1,Sara Yamamoto,2025-08-18 19:24:58,noise
6391969388584,6391839641832,T533,8.9,Sara Yamamoto,2025-08-18 09:06:17,noise
6391969388584,6399902228679,T744,26.9,Sara Yamamoto,2025-08-18 08:03:22,noise
6391969388584,6394733500690,T744,19.3,Sara Yamamoto,2025-08-17 14:06:34,noise
6391969388584,6398935751205,T744,6.6,Sara Yamamoto,2025-08-17 10:20:25,noise
6391969388584,6398935751205,T744,11.2,Sara Yamamoto,2025-08-16 10:22:00,noise
6391969388584,6398935751205,T533,8.5,Sara Yamamoto,2025-08-16 23:30:37,noise
6391969388584,6396807432422,T744,10.2,Sara Yamamoto,2025-08-15 20:11:13,noise
6391969388584,6394733500690,T744,13.3,Sara Yamamoto,2025-08-15 10:14:12,noise
6391969388584,6398935751205,T533,7.4,Sara Yamamoto,2025-08-14 14:23:08,noise
6391969388584,6391839641832,T744,20.9,Sara Yamamoto,2025-08-13 14:17:58,noise
6391969388584,6394733500690,T744,12.5,Sara Yamamoto,2025-08-13 19:27:01,noise
6391969388584,6394385485119,T533,27.3,Sara Yamamoto,2025-08-12 22:28:53,noise
6391969388584,6395176413962,T744,73.3,Sara Yamamoto,2025-08-12 18:06:01,noise
6391969388584,6391839641832,T533,10.9,Sara Yamamoto,2025-08-12 15:20:58,noise
6391969388584,6391839641832,T744,13.0,Sara Yamamoto,2025-08-11 16:26:59,noise
6391969388584,6396336852250,T533,43.7,Sara Yamamoto,2025-08-10 21:10:02,noise
6391969388584,6395651902688,T533,35.4,Sara Yamamoto,2025-08-10 19:15:37,noise
6391969388584,6394733500690,T744,31.4,Sara Yamamoto,2025-08-10 16:16:22,noise
6391969388584,6399607110001,T533,11.8,Sara Yamamoto,2025-08-09 15:25:49,noise
6391969388584,6394733500690,T533,6.5,Sara Yamamoto,2025-08-09 19:12:15,noise
6391969388584,6396449831833,T744,3.3,Sara Yamamoto,2025-08-09 11:24:23,noise
6391969388584,6399607110001,T533,5.9,Sara Yamamoto,2025-08-08 15:20:17,noise
6391969388584,6398935751205,T744,4.5,Sara Yamamoto,2025-08-07 18:09:50,noise
6391969388584,6399371596006,T533,2.9,Sara Yamamoto,2025-08-06 10:28:06,noise
6391969388584,6396651014213,T744,6.5,Sara Yamamoto,2025-08-06 11:11:20,noise
6391969388584,6391285888600,T744,4.9,Sara Yamamoto,2025-08-05 00:19:10,noise
6391969388584,6398825301484,T744,14.3,Sara Yamamoto,2025-08-04 05:09:20,noise
6391969388584,6396783753090,T533,16.2,Sara Yamamoto,2025-08-04 17:24:55,noise
6392941380910,6394762294635,T998,7.6,Hugo Zhou,2025-10-18 15:18:23,noise
6392941380910,6394385485119,T998,7.2,Hugo Zhou,2025-10-18 13:17:41,noise
6392941380910,6399486544271,T998,3.4,Hugo Zhou,2025-10-17 20:06:23,noise
6392941380910,6399902228679,T448,20.2,Hugo Zhou,2025-10-17 12:14:49,noise
6392941380910,6394385485119,T998,27.4,Hugo Zhou,2025-10-16 02:19:40,noise
6392941380910,6396449831833,T998,4.4,Hugo Zhou,2025-10-16 13:02:56,noise
6392941380910,6396449831833,T998,7.7,Hugo Zhou,2025-10-16 20:09:36,noise
6392941380910,6393996622945,T998,15.0,Hugo Zhou,2025-10-15 17:13:45,noise
6392941380910,6398936495763,T998,5.4,Hugo Zhou,2025-10-14 08:05:22,noise
6392941380910,6399821171578,T448,13.8,Hugo Zhou,2025-10-13 19:02:55,noise
6392941380910,6393996622945,T448,13.2,Hugo Zhou,2025-10-12 05:22:45,noise
6392941380910,6396449831833,T998,12.6,Hugo Zhou,2025-10-11 14:04:35,noise
6392941380910,6394385485119,T448,6.0,Hugo Zhou,2025-10-11 10:02:51,noise
6392941380910,6394385485119,T998,12.2,Hugo Zhou,2025-10-11 20:26:00,noise
6392941380910,6393996622945,T448,15.5,Hugo Zhou,2025-10-10 12:09:35,noise
6392941380910,6394385485119,T998,7.9,Hugo Zhou,2025-10-09 14:08:20,noise
6392941380910,6394385485119,T998,14.4,Hugo Zhou,2025-10-08 18:09:25,noise
6392941380910,6399371596006,T998,6.5,Hugo Zhou,2025-10-08 17:24:43,noise
6392941380910,6396449831833,T448,35.1,Hugo Zhou,2025-10-08 18:05:35,noise
6392941380910,6399821171578,T448,36.8,Hugo Zhou,2025-10-07 15:13:15,noise
6392941380910,6393996622945,T448,20.7,Hugo Zhou,2025-10-07 18:28:20,noise
6392941380910,6396449831833,T448,31.0,Hugo Zhou,2025-10-06 19:22:01,noise
6392941380910,6392894514895,T448,8.7,Hugo Zhou,2025-10-06 10:24:10,noise
6392941380910,6393996622945,T998,11.6,Hugo Zhou,2025-10-05 09:04:03,noise
6392941380910,6396449831833,T998,59.1,Hugo Zhou,2025-10-05 10:14:06,noise
6392941380910,6394385485119,T448,11.7,Hugo Zhou,2025-10-04 09:25:40,noise
6392941380910,6392778974508,T448,8.5,Hugo Zhou,2025-10-04 20:13:23,noise
6392941380910,6393996622945,T998,18.9,Hugo Zhou,2025-10-03 10:22:39,noise
6392941380910,6399063738848,T448,34.1,Hugo Zhou,2025-10-03 23:07:00,noise
6392941380910,6394317643354,T998,16.6,Hugo Zhou,2025-10-02 13:10:35,noise
6392941380910,6392849430457,T998,49.9,Hugo Zhou,2025-10-02 09:14:05,noise
6392941380910,6396449831833,T448,10.3,Hugo Zhou,2025-10-02 18:20:07,noise
6392941380910,6396205553347,T998,16.6,Hugo Zhou,2025-10-01 11:15:02,noise
6392941380910,6394762294635,T998,11.7,Hugo Zhou,2025-10-01 17:05:15,noise
6392941380910,6394385485119,T448,7.0,Hugo Zhou,2025-09-30 09:18:30,noise
6392941380910,6394385485119,T448,32.9,Hugo Zhou,2025-09-29 13:26:07,noise
6392941380910,6394385485119,T448,26.6,Hugo Zhou,2025-09-29 13:27:52,noise
6392941380910,6396254128857,T998,11.0,Hugo Zhou,2025-09-28 20:23:59,noise
6392941380910,6396254128857,T998,29.4,Hugo Zhou,2025-09-28 20:29:01,noise
6392941380910,6393996622945,T998,33.1,Hugo Zhou,2025-09-28 16:19:36,noise
6392941380910,6396449831833,T448,11.2,Hugo Zhou,2025-09-27 08:10:52,noise
6392941380910,6393996622945,T998,12.1,Hugo Zhou,2025-09-27 14:02:00,noise
6392941380910,6398478492299,T998,9.5,Hugo Zhou,2025-09-27 17:13:40,noise
6392941380910,6393996622945,T998,8.9,Hugo Zhou,2025-09-26 20:25:11,noise
6392941380910,6396449831833,T998,101.4,Hugo Zhou,2025-09-26 15:14:36,noise
6392941380910,6394385485119,T998,44.8,Hugo Zhou,2025-09-26 17:13:15,noise
6392941380910,6398936495763,T998,25.9,Hugo Zhou,2025-09-25 19:09:50,noise
6392941380910,6396449831833,T998,42.5,Hugo Zhou,2025-09-25 08:16:28,noise
6392941380910,6394385485119,T448,21.5,Hugo Zhou,2025-09-24 08:27:40,noise
6392941380910,6394385485119,T998,23.9,Hugo Zhou,2025-09-24 19:26:29,noise
6392941380910,6391839641832,T998,18.5,Hugo Zhou,2025-09-23 16:05:38,noise
6392941380910,6394385485119,T998,6.6,Hugo Zhou,2025-09-23 13:01:12,noise
6392941380910,6399821171578,T998,15.2,Hugo Zhou,2025-09-22 17:23:11,noise
6392941380910,6394317643354,T998,22.0,Hugo Zhou,2025-09-22 13:14:24,noise
6392941380910,6393996622945,T998,16.3,Hugo Zhou,2025-09-22 12:28:32,noise
6392941380910,6393996622945,T448,23.0,Hugo Zhou,2025-09-21 14:29:32,noise
6392941380910,6396807432422,T448,11.8,Hugo Zhou,2025-09-20 22:26:00,noise
6392941380910,6394385485119,T998,11.9,Hugo Zhou,2025-09-20 01:05:40,noise
6392941380910,6394385485119,T998,14.8,Hugo Zhou,2025-09-20 16:23:47,noise
6392941380910,6393996622945,T998,18.6,Hugo Zhou,2025-09-19 23:07:03,noise
6392941380910,6395651902688,T448,16.9,Hugo Zhou,2025-09-19 11:03:47,noise
6392941380910,6393996622945,T998,8.1,Hugo Zhou,2025-09-19 08:14:38,noise
6392941380910,6397524223789,T998,53.2,Hugo Zhou,2025-09-18 19:01:45,noise
6392941380910,6393128476840,T998,15.8,Hugo Zhou,2025-09-18 14:08:15,noise
6392941380910,6393996622945,T448,8.0,Hugo Zhou,2025-09-18 09:13:26,noise
6392941380910,6399749908291,T998,16.9,Hugo Zhou,2025-09-17 01:15:17,noise
6392941380910,6394385485119,T998,3.2,Hugo Zhou,2025-09-17 13:01:14,noise
6392941380910,6391707618661,T448,1.9,Hugo Zhou,2025-09-16 16:25:53,noise
6392941380910,6393996622945,T998,26.6,Hugo Zhou,2025-09-16 11:20:01,noise
6392941380910,6396449831833,T448,68.8,Hugo Zhou,2025-09-15 00:12:21,noise
6392941380910,6396449831833,T998,36.7,Hugo Zhou,2025-09-15 00:25:31,noise
6392941380910,6393996622945,T998,20.7,Hugo Zhou,2025-09-14 16:09:04,noise
6392941380910,6395161647070,T998,16.6,Hugo Zhou,2025-09-14 11:02:13,noise
6392941380910,6396449831833,T998,7.6,Hugo Zhou,2025-09-13 15:01:19,noise
6392941380910,6396449831833,T998,15.6,Hugo Zhou,2025-09-13 12:16:15,noise
6392941380910,6394126829491,T998,5.5,Hugo Zhou,2025-09-13 15:20:14,noise
6392941380910,6398605205469,T448,33.9,Hugo Zhou,2025-09-12 17:16:47,noise
6392941380910,6396449831833,T998,40.5,Hugo Zhou,2025-09-11 09:28:24,noise
6392941380910,6396449831833,T448,13.5,Hugo Zhou,2025-09-11 18:19:34,noise
6392941380910,6393996622945,T448,32.8,Hugo Zhou,2025-09-10 19:26:01,noise
6392941380910,6396449831833,T448,27.1,Hugo Zhou,2025-09-10 22:09:49,noise
6392941380910,6394385485119,T998,7.3,Hugo Zhou,2025-09-09 20:01:03,noise
6392941380910,6398935751205,T998,32.2,Hugo Zhou,2025-09-09 13:25:23,noise
6392941380910,6396449831833,T998,16.3,Hugo Zhou,2025-09-08 23:04:09,noise
6392941380910,6394385485119,T448,26.4,Hugo Zhou,2025-09-08 19:30:31,noise
6392941380910,6393996622945,T998,15.4,Hugo Zhou,2025-09-07 01:02:17,noise
6392941380910,6393996622945,T448,7.7,Hugo Zhou,2025-09-06 13:00:11,noise
6392941380910,6393996622945,T998,16.5,Hugo Zhou,2025-09-05 16:22:10,noise
6392941380910,6394385485119,T998,18.2,Hugo Zhou,2025-09-05 08:11:02,noise
6392941380910,6393996622945,T448,55.2,Hugo Zhou,2025-09-05 10:24:19,noise
6392941380910,6393996622945,T998,10.9,Hugo Zhou,2025-09-04 10:15:12,noise
6392941380910,6396449831833,T998,21.0,Hugo Zhou,2025-09-04 23:13:40,noise
6392941380910,6394385485119,T448,24.5,Hugo Zhou,2025-09-03 11:29:23,noise
6392941380910,6395395226580,T448,11.1,Hugo Zhou,2025-09-03 02:10:58,noise
6392941380910,6396449831833,T998,28.3,Hugo Zhou,2025-09-02 19:07:05,noise
6392941380910,6393996622945,T448,24.6,Hugo Zhou,2025-09-02 15:02:04,noise
6392941380910,6391505221103,T448,7.1,Hugo Zhou,2025-09-01 09:02:53,noise
6392941380910,6393996622945,T998,13.8,Hugo Zhou,2025-08-31 11:08:27,noise
6392941380910,6393996622945,T448,38.3,Hugo Zhou,2025-08-31 17:14:07,noise
6392941380910,6396449831833,T998,4.4,Hugo Zhou,2025-08-30 04:15:18,noise
6392941380910,6394385485119,T998,3.1,Hugo Zhou,2025-08-30 23:19:49,noise
6392941380910,6391839641832,T448,8.2,Hugo Zhou,2025-08-30 20:05:53,noise
6392941380910,6393996622945,T998,27.8,Hugo Zhou,2025-08-29 22:05:09,noise
6392941380910,6393996622945,T998,22.7,Hugo Zhou,2025-08-29 20:26:53,noise
6392941380910,6394385485119,T998,27.7,Hugo Zhou,2025-08-29 17:01:31,noise
6392941380910,6391285888600,T448,21.1,Hugo Zhou,2025-08-28 15:00:36,noise
6392941380910,6394385485119,T448,11.9,Hugo Zhou,2025-08-27 20:29:47,noise
6392941380910,6399486544271,T448,33.9,Hugo Zhou,2025-08-26 21:23:10,noise
6392941380910,6394351411690,T998,13.4,Hugo Zhou,2025-08-26 18:20:00,noise
6392941380910,6392435531798,T448,18.8,Hugo Zhou,2025-08-25 09:17:02,noise
6392941380910,6396449831833,T998,21.9,Hugo Zhou,2025-08-25 10:28:39,noise
6392941380910,6391153479794,T448,18.1,Hugo Zhou,2025-08-24 05:08:41,noise
6392941380910,6394901039851,T998,80.2,Hugo Zhou,2025-08-24 00:27:39,noise
6392941380910,6396449831833,T998,11.7,Hugo Zhou,2025-08-24 20:10:38,noise
6392941380910,6391969388584,T448,26.5,Hugo Zhou,2025-08-23 09:29:48,noise
6392941380910,6394385485119,T448,27.4,Hugo Zhou,2025-08-22 14:24:01,noise
6392941380910,6396449831833,T448,12.8,Hugo Zhou,2025-08-22 11:17:58,noise
6392941380910,6396449831833,T998,19.2,Hugo Zhou,2025-08-21 11:12:40,noise
6392941380910,6396449831833,T448,28.6,Hugo Zhou,2025-08-21 09:29:26,noise
6392941380910,6397147861767,T998,6.8,Hugo Zhou,2025-08-20 09:06:52,noise
6392941380910,6393996622945,T998,18.7,Hugo Zhou,2025-08-20 08:05:29,noise
6392941380910,6398825301484,T448,10.4,Hugo Zhou,2025-08-20 09:24:46,noise
6392941380910,6393996622945,T998,5.5,Hugo Zhou,2025-08-19 10:00:57,noise
6392941380910,6396449831833,T998,27.5,Hugo Zhou,2025-08-19 09:08:31,noise
6392941380910,6392743343485,T998,24.6,Hugo Zhou,2025-08-19 16:29:13,noise
6392941380910,6396449831833,T448,1.8,Hugo Zhou,2025-08-18 11:15:07,noise
6392941380910,6393996622945,T448,4.1,Hugo Zhou,2025-08-18 13:14:10,noise
6392941380910,6396449831833,T448,10.5,Hugo Zhou,2025-08-17 00:06:12,noise
6392941380910,6392849430457,T998,48.6,Hugo Zhou,2025-08-17 15:20:20,noise
6392941380910,6393996622945,T998,8.5,Hugo Zhou,2025-08-16 11:25:23,noise
6392941380910,6392941380910,T448,5.8,Hugo Zhou,2025-08-15 23:24:28,noise
6392941380910,6394385485119,T448,31.8,Hugo Zhou,2025-08-14 23:15:45,noise
6392941380910,6396449831833,T998,9.8,Hugo Zhou,2025-08-13 16:24:25,noise
6392941380910,6396313198121,T448,38.2,Hugo Zhou,2025-08-13 13:13:49,noise
6392941380910,6396652537140,T448,12.7,Hugo Zhou,2025-08-12 18:08:09,noise
6392941380910,6394385485119,T998,5.6,Hugo Zhou,2025-08-12 12:09:30,noise
6392941380910,6397893361024,T998,13.1,Hugo Zhou,2025-08-11 00:09:32,noise
6392941380910,6393996622945,T998,38.7,Hugo Zhou,2025-08-10 13:28:27,noise
6392941380910,6394385485119,T998,11.7,Hugo Zhou,2025-08-10 09:00:49,noise
6392941380910,6399607110001,T998,22.1,Hugo Zhou,2025-08-09 12:15:07,noise
6392941380910,6394385485119,T998,10.6,Hugo Zhou,2025-08-09 18:01:21,noise
6392941380910,6396449831833,T998,14.1,Hugo Zhou,2025-08-08 16:18:44,noise
6392941380910,6392531023270,T998,12.2,Hugo Zhou,2025-08-08 09:17:23,noise
6392941380910,6394385485119,T448,34.5,Hugo Zhou,2025-08-08 11:20:23,noise
6392941380910,6391839641832,T998,7.4,Hugo Zhou,2025-08-07 03:29:11,noise
6392941380910,6396449831833,T998,22.1,Hugo Zhou,2025-08-07 14:02:29,noise
6392941380910,6396449831833,T998,7.5,Hugo Zhou,2025-08-07 12:18:35,noise
6392941380910,6393996622945,T998,12.2,Hugo Zhou,2025-08-06 18:25:00,noise
6392941380910,6394385485119,T998,7.6,Hugo Zhou,2025-08-06 18:28:24,noise
6392941380910,6394385485119,T448,5.5,Hugo Zhou,2025-08-05 13:11:12,noise
6392941380910,6397063169102,T998,28.6,Hugo Zhou,2025-08-04 11:30:57,noise
6392941380910,6397147861767,T448,11.5,Hugo Zhou,2025-08-04 18:24:27,noise
6399489742631,6397454260155,T569,50.2,Uma Diaz,2025-10-18 15:15:02,noise
6399489742631,6395907760981,T569,7.7,Uma Diaz,2025-10-18 15:13:50,noise
6399489742631,6398302372328,T569,31.5,Uma Diaz,2025-10-18 19:20:14,noise
6399489742631,6393996622945,T569,5.3,Uma Diaz,2025-10-17 18:02:09,noise
6399489742631,6396807432422,T617,33.0,Uma Diaz,2025-10-16 12:10:57,noise
6399489742631,6399371596006,T569,38.3,Uma Diaz,2025-10-16 18:29:21,noise
6399489742631,6397454260155,T569,56.2,Uma Diaz,2025-10-16 05:05:49,noise
6399489742631,6395176611292,T617,24.2,Uma Diaz,2025-10-15 10:07:38,noise
6399489742631,6397454260155,T569,17.1,Uma Diaz,2025-10-14 17:29:58,noise
6399489742631,6397423633225,T569,4.3,Uma Diaz,2025-10-13 13:01:54,noise
6399489742631,6399371596006,T569,7.9,Uma Diaz,2025-10-13 14:20:45,noise
6399489742631,6397454260155,T569,15.3,Uma Diaz,2025-10-12 12:24:52,noise
6399489742631,6395036386090,T617,14.7,Uma Diaz,2025-10-11 20:05:34,noise
6399489742631,6391969388584,T617,17.8,Uma Diaz,2025-10-11 18:11:51,noise
6399489742631,6399371596006,T617,10.7,Uma Diaz,2025-10-10 21:23:15,noise
6399489742631,6397454260155,T617,18.4,Uma Diaz,2025-10-10 00:14:22,noise
6399489742631,6391285888600,T569,52.7,Uma Diaz,2025-10-10 13:20:12,noise
6399489742631,6397454260155,T569,8.9,Uma Diaz,2025-10-09 15:08:23,noise
6399489742631,6399371596006,T569,10.2,Uma Diaz,2025-10-08 01:15:23,noise
6399489742631,6399371596006,T617,6.2,Uma Diaz,2025-10-07 19:19:56,noise
6399489742631,6397454260155,T569,8.1,Uma Diaz,2025-10-07 11:10:15,noise
6399489742631,6397454260155,T569,15.5,Uma Diaz,2025-10-07 18:11:55,noise
6399489742631,6397454260155,T569,22.5,Uma Diaz,2025-10-06 21:18:49,noise
6399489742631,6392894514895,T617,7.6,Uma Diaz,2025-10-06 17:08:52,noise
6399489742631,6399371596006,T569,47.2,Uma Diaz,2025-10-06 16:18:22,noise
6399489742631,6399371596006,T617,11.6,Uma Diaz,2025-10-05 19:05:04,noise
6399489742631,6399371596006,T617,15.0,Uma Diaz,2025-10-04 17:21:53,noise
6399489742631,6397236553825,T569,27.0,Uma Diaz,2025-10-04 12:16:15,noise
6399489742631,6397454260155,T569,21.1,Uma Diaz,2025-10-04 21:06:29,noise
6399489742631,6399371596006,T617,39.0,Uma Diaz,2025-10-03 08:26:54,noise
6399489742631,6399371596006,T569,11.2,Uma Diaz,2025-10-03 09:23:06,noise
6399489742631,6392099486686,T617,17.0,Uma Diaz,2025-10-03 22:07:22,noise
6399489742631,6397454260155,T617,3.0,Uma Diaz,2025-10-02 17:17:59,noise
6399489742631,6397454260155,T569,37.5,Uma Diaz,2025-10-02 12:10:28,noise
6399489742631,6399371596006,T569,23.4,Uma Diaz,2025-10-01 12:16:57,noise
6399489742631,6395869422194,T569,14.8,Uma Diaz,2025-10-01 13:01:03,noise
6399489742631,6397454260155,T569,92.0,Uma Diaz,2025-09-30 23:09:32,noise
6399489742631,6394901039851,T617,8.6,Uma Diaz,2025-09-30 10:21:38,noise
6399489742631,6396817443067,T569,13.1,Uma Diaz,2025-09-30 11:13:24,noise
6399489742631,6392099486686,T617,11.7,Uma Diaz,2025-09-29 15:23:24,noise
6399489742631,6396449831833,T569,21.9,Uma Diaz,2025-09-29 19:03:10,noise
6399489742631,6397454260155,T569,21.0,Uma Diaz,2025-09-28 13:23:30,noise
6399489742631,6397454260155,T617,22.8,Uma Diaz,2025-09-28 20:10:19,noise
6399489742631,6399371596006,T569,2.7,Uma Diaz,2025-09-27 11:25:41,noise
6399489742631,6394196958976,T569,17.7,Uma Diaz,2025-09-27 13:18:25,noise
6399489742631,6399371596006,T569,30.2,Uma Diaz,2025-09-27 19:26:27,noise
6399489742631,6395503747521,T569,43.7,Uma Diaz,2025-09-26 13:15:19,noise
6399489742631,6399371596006,T617,10.9,Uma Diaz,2025-09-25 12:29:15,noise
6399489742631,6397454260155,T569,15.2,Uma Diaz,2025-09-25 17:26:50,noise
6399489742631,6395503747521,T617,93.9,Uma Diaz,2025-09-25 17:09:04,noise
6399489742631,6392861738151,T569,22.3,Uma Diaz,2025-09-24 13:00:27,noise
6399489742631,6397454260155,T569,11.9,Uma Diaz,2025-09-23 20:28:56,noise
6399489742631,6399371596006,T617,27.1,Uma Diaz,2025-09-22 19:08:43,noise
6399489742631,6397454260155,T569,37.3,Uma Diaz,2025-09-22 13:17:20,noise
6399489742631,6397454260155,T569,7.1,Uma Diaz,2025-09-22 11:14:39,noise
6399489742631,6397012123905,T569,26.6,Uma Diaz,2025-09-21 12:04:11,noise
6399489742631,6395651902688,T569,56.3,Uma Diaz,2025-09-20 04:07:05,noise
6399489742631,6392778974508,T617,19.4,Uma Diaz,2025-09-20 18:03:59,noise
6399489742631,6397454260155,T569,10.2,Uma Diaz,2025-09-19 10:05:25,noise
6399489742631,6397454260155,T569,7.2,Uma Diaz,2025-09-19 08:27:21,noise
6399489742631,6397454260155,T569,33.1,Uma Diaz,2025-09-18 16:22:31,noise
6399489742631,6398454204335,T569,36.8,Uma Diaz,2025-09-18 19:28:51,noise
6399489742631,6397454260155,T617,12.7,Uma Diaz,2025-09-17 18:18:31,noise
6399489742631,6395036386090,T617,58.1,Uma Diaz,2025-09-17 12:27:21,noise
6399489742631,6394733500690,T569,12.4,Uma Diaz,2025-09-16 22:28:25,noise
6399489742631,6396652537140,T569,14.7,Uma Diaz,2025-09-16 18:29:31,noise
6399489742631,6399371596006,T569,79.7,Uma Diaz,2025-09-16 12:17:34,noise
6399489742631,6396801877658,T569,8.5,Uma Diaz,2025-09-15 17:18:20,noise
6399489742631,6399371596006,T617,12.0,Uma Diaz,2025-09-14 10:22:55,noise
6399489742631,6399371596006,T569,14.3,Uma Diaz,2025-09-14 19:05:19,noise
6399489742631,6399371596006,T617,28.6,Uma Diaz,2025-09-13 18:11:58,noise
6399489742631,6397454260155,T617,7.6,Uma Diaz,2025-09-13 18:05:24,noise
6399489742631,6399371596006,T617,101.1,Uma Diaz,2025-09-12 19:11:40,noise
6399489742631,6397454260155,T617,8.5,Uma Diaz,2025-09-12 11:24:04,noise
6399489742631,6399371596006,T569,6.4,Uma Diaz,2025-09-12 20:13:50,noise
6399489742631,6397454260155,T569,7.5,Uma Diaz,2025-09-11 20:18:40,noise
6399489742631,6397454260155,T569,38.6,Uma Diaz,2025-09-10 11:16:12,noise
6399489742631,6399371596006,T617,36.1,Uma Diaz,2025-09-10 10:29:40,noise
6399489742631,6399371596006,T569,52.8,Uma Diaz,2025-09-09 13:04:05,noise
6399489742631,6397454260155,T569,10.0,Uma Diaz,2025-09-09 01:10:06,noise
6399489742631,6397454260155,T617,13.4,Uma Diaz,2025-09-09 12:22:45,noise
6399489742631,6396336852250,T617,22.8,Uma Diaz,2025-09-08 11:26:28,noise
6399489742631,6399371596006,T569,10.0,Uma Diaz,2025-09-08 23:30:31,noise
6399489742631,6399371596006,T617,12.8,Uma Diaz,2025-09-07 21:05:29,noise
6399489742631,6399902228679,T617,9.1,Uma Diaz,2025-09-06 05:06:47,noise
6399489742631,6397454260155,T617,10.3,Uma Diaz,2025-09-06 09:20:52,noise
6399489742631,6394168811006,T569,15.1,Uma Diaz,2025-09-06 15:16:28,noise
6399489742631,6398935751205,T617,14.0,Uma Diaz,2025-09-05 10:23:10,noise
6399489742631,6397454260155,T569,9.6,Uma Diaz,2025-09-04 12:05:33,noise
6399489742631,6399371596006,T569,22.1,Uma Diaz,2025-09-03 21:13:31,noise
6399489742631,6399371596006,T569,31.9,Uma Diaz,2025-09-02 00:07:31,noise
6399489742631,6399371596006,T569,33.5,Uma Diaz,2025-09-02 09:18:03,noise
6399489742631,6399371596006,T569,50.7,Uma Diaz,2025-09-01 18:29:58,noise
6399489742631,6399371596006,T569,12.6,Uma Diaz,2025-09-01 12:06:20,noise
6399489742631,6399371596006,T617,9.3,Uma Diaz,2025-08-31 11:07:57,noise
6399489742631,6399371596006,T617,8.4,Uma Diaz,2025-08-31 23:28:30,noise
6399489742631,6397454260155,T617,8.8,Uma Diaz,2025-08-30 19:07:23,noise
6399489742631,6396807432422,T569,12.3,Uma Diaz,2025-08-29 00:24:02,noise
6399489742631,6397236553825,T569,37.8,Uma Diaz,2025-08-28 17:10:43,noise
6399489742631,6397105164464,T569,20.8,Uma Diaz,2025-08-28 20:28:34,noise
6399489742631,6399371596006,T569,18.8,Uma Diaz,2025-08-27 14:19:20,noise
6399489742631,6397454260155,T569,6.4,Uma Diaz,2025-08-27 14:29:48,noise
6399489742631,6399371596006,T569,10.6,Uma Diaz,2025-08-26 23:23:54,noise
6399489742631,6397454260155,T569,9.1,Uma Diaz,2025-08-26 09:08:21,noise
6399489742631,6394952018320,T569,14.4,Uma Diaz,2025-08-25 18:17:46,noise
6399489742631,6396254128857,T569,19.0,Uma Diaz,2025-08-25 10:15:05,noise
6399489742631,6396783753090,T617,10.9,Uma Diaz,2025-08-25 19:10:03,noise
6399489742631,6395869422194,T569,51.0,Uma Diaz,2025-08-24 10:16:06,noise
6399489742631,6397454260155,T569,11.2,Uma Diaz,2025-08-24 02:01:18,noise
6399489742631,6396336852250,T569,17.1,Uma Diaz,2025-08-24 20:22:49,noise
6399489742631,6398454204335,T569,23.2,Uma Diaz,2025-08-23 19:07:00,noise
6399489742631,6394733500690,T569,17.0,Uma Diaz,2025-08-23 02:06:01,noise
6399489742631,6399371596006,T617,7.7,Uma Diaz,2025-08-22 16:05:25,noise
6399489742631,6397876759433,T617,39.2,Uma Diaz,2025-08-22 12:23:45,noise
6399489742631,6399371596006,T617,38.3,Uma Diaz,2025-08-21 09:28:48,noise
6399489742631,6399371596006,T617,13.7,Uma Diaz,2025-08-21 14:23:04,noise
6399489742631,6397454260155,T617,19.5,Uma Diaz,2025-08-20 16:30:32,noise
6399489742631,6394126829491,T617,13.3,Uma Diaz,2025-08-19 09:10:58,noise
6399489742631,6391285888600,T569,55.2,Uma Diaz,2025-08-19 10:03:44,noise
6399489742631,6395036386090,T617,14.4,Uma Diaz,2025-08-18 10:25:39,noise
6399489742631,6397454260155,T569,12.7,Uma Diaz,2025-08-17 09:13:46,noise
6399489742631,6399371596006,T617,8.7,Uma Diaz,2025-08-17 12:04:16,noise
6399489742631,6399371596006,T569,7.0,Uma Diaz,2025-08-16 13:02:06,noise
6399489742631,6391923323851,T569,9.8,Uma Diaz,2025-08-16 13:27:57,noise
6399489742631,6399371596006,T569,8.7,Uma Diaz,2025-08-15 14:20:49,noise
6399489742631,6394385485119,T569,9.5,Uma Diaz,2025-08-15 18:16:40,noise
6399489742631,6397454260155,T617,7.2,Uma Diaz,2025-08-14 22:03:40,noise
6399489742631,6397454260155,T569,3.3,Uma Diaz,2025-08-14 23:11:14,noise
6399489742631,6397454260155,T617,33.3,Uma Diaz,2025-08-13 20:24:51,noise
6399489742631,6399371596006,T569,31.5,Uma Diaz,2025-08-13 08:16:26,noise
6399489742631,6397454260155,T569,21.5,Uma Diaz,2025-08-12 16:03:56,noise
6399489742631,6397454260155,T617,40.9,Uma Diaz,2025-08-12 18:03:09,noise
6399489742631,6399489742631,T617,8.3,Uma Diaz,2025-08-11 14:04:40,noise
6399489742631,6399371596006,T617,35.9,Uma Diaz,2025-08-11 18:10:26,noise
6399489742631,6399371596006,T617,8.6,Uma Diaz,2025-08-11 15:13:48,noise
6399489742631,6398605205469,T617,29.9,Uma Diaz,2025-08-10 14:14:54,noise
6399489742631,6393996622945,T617,3.8,Uma Diaz,2025-08-10 08:00:54,noise
6399489742631,6399371596006,T569,66.1,Uma Diaz,2025-08-09 02:13:46,noise
6399489742631,6395417290038,T617,19.8,Uma Diaz,2025-08-09 03:07:33,noise
6399489742631,6397454260155,T617,20.0,Uma Diaz,2025-08-08 15:25:06,noise
6399489742631,6397454260155,T617,4.8,Uma Diaz,2025-08-07 15:24:33,noise
6399489742631,6391707618661,T569,29.0,Uma Diaz,2025-08-06 19:25:42,noise
6399489742631,6396657427421,T569,3.1,Uma Diaz,2025-08-06 05:04:05,noise
6399489742631,6396783753090,T569,8.6,Uma Diaz,2025-08-05 19:07:08,noise
6399489742631,6396254128857,T569,9.2,Uma Diaz,2025-08-05 08:07:17,noise
6399489742631,6397454260155,T617,28.6,Uma Diaz,2025-08-05 09:11:55,noise
6399489742631,6399371596006,T617,11.4,Uma Diaz,2025-08-04 23:18:11,noise
6399489742631,6399371596006,T569,19.4,Uma Diaz,2025-08-04 16:22:14,noise
6395786703009,6397423633225,T163,73.8,Wes Quinn,2025-10-18 04:10:18,noise
6395786703009,6392099486686,T163,20.7,Wes Quinn,2025-10-17 12:10:36,noise
6395786703009,6392435531798,T163,17.7,Wes Quinn,2025-10-17 15:27:40,noise
6395786703009,6397423633225,T649,178.0,Wes Quinn,2025-10-16 20:19:42,noise
6395786703009,6392099486686,T163,36.8,Wes Quinn,2025-10-15 22:28:45,noise
6395786703009,6397454260155,T163,24.7,Wes Quinn,2025-10-14 12:21:53,noise
6395786703009,6392435531798,T163,16.4,Wes Quinn,2025-10-14 16:30:45,noise
6395786703009,6396657427421,T163,20.3,Wes Quinn,2025-10-14 09:23:23,noise
6395786703009,6397423633225,T163,5.4,Wes Quinn,2025-10-13 19:00:49,noise
6395786703009,6391743328958,T649,16.7,Wes Quinn,2025-10-13 19:14:19,noise
6395786703009,6395417290038,T649,6.0,Wes Quinn,2025-10-13 13:21:51,noise
6395786703009,6395417290038,T649,18.2,Wes Quinn,2025-10-12 09:23:10,noise
6395786703009,6395161647070,T649,32.4,Wes Quinn,2025-10-12 09:02:22,noise
6395786703009,6395036386090,T163,12.9,Wes Quinn,2025-10-11 08:03:01,noise
6395786703009,6392056728284,T649,18.8,Wes Quinn,2025-10-11 23:27:18,noise
6395786703009,6397955281670,T649,14.5,Wes Quinn,2025-10-10 19:00:57,noise
6395786703009,6398302372328,T649,11.7,Wes Quinn,2025-10-10 20:22:59,noise
6395786703009,6396817443067,T649,30.5,Wes Quinn,2025-10-09 11:30:07,noise
6395786703009,6396205553347,T163,23.1,Wes Quinn,2025-10-08 20:16:35,noise
6395786703009,6396313198121,T649,12.5,Wes Quinn,2025-10-08 14:30:20,noise
6395786703009,6392099486686,T649,11.0,Wes Quinn,2025-10-08 10:13:19,noise
6395786703009,6395036386090,T163,22.6,Wes Quinn,2025-10-07 14:09:58,noise
6395786703009,6395651902688,T163,9.7,Wes Quinn,2025-10-06 12:11:25,noise
6395786703009,6399489742631,T649,7.9,Wes Quinn,2025-10-06 19:24:27,noise
6395786703009,6393128476840,T649,28.8,Wes Quinn,2025-10-06 14:25:55,noise
6395786703009,6395786703009,T649,4.7,Wes Quinn,2025-10-05 08:04:35,noise
6395786703009,6392435531798,T649,7.2,Wes Quinn,2025-10-05 13:19:07,noise
6395786703009,6398126884162,T649,13.2,Wes Quinn,2025-10-04 13:18:22,noise
6395786703009,6397423633225,T163,14.3,Wes Quinn,2025-10-03 03:15:13,noise
6395786703009,6392435531798,T649,12.9,Wes Quinn,2025-10-03 18:28:11,noise
6395786703009,6392861738151,T163,5.7,Wes Quinn,2025-10-02 21:01:28,noise
6395786703009,6392435531798,T163,44.7,Wes Quinn,2025-10-02 16:08:11,noise
6395786703009,6397423633225,T163,47.1,Wes Quinn,2025-10-01 22:02:59,noise
6395786703009,6392099486686,T163,22.7,Wes Quinn,2025-10-01 10:09:01,noise
6395786703009,6398936495763,T163,11.9,Wes Quinn,2025-09-30 19:07:32,noise
6395786703009,6397423633225,T649,5.8,Wes Quinn,2025-09-29 08:22:45,noise
6395786703009,6396659007500,T163,4.0,Wes Quinn,2025-09-28 18:11:59,noise
6395786703009,6397893361024,T163,26.7,Wes Quinn,2025-09-28 16:08:39,noise
6395786703009,6394775439440,T163,57.5,Wes Quinn,2025-09-28 11:27:19,noise
6395786703009,6392099486686,T649,28.2,Wes Quinn,2025-09-27 15:22:31,noise
6395786703009,6392435531798,T649,25.6,Wes Quinn,2025-09-27 12:22:18,noise
6395786703009,6397423633225,T649,13.1,Wes Quinn,2025-09-26 10:29:52,noise
6395786703009,6398583500075,T649,31.3,Wes Quinn,2025-09-26 23:28:05,noise
6395786703009,6397423633225,T163,38.7,Wes Quinn,2025-09-26 21:21:19,noise
6395786703009,6397012123905,T163,16.9,Wes Quinn,2025-09-25 08:26:45,noise
6395786703009,6392099486686,T649,14.5,Wes Quinn,2025-09-24 02:02:39,noise
6395786703009,6392099486686,T649,29.7,Wes Quinn,2025-09-23 19:09:45,noise
6395786703009,6396926232765,T649,7.5,Wes Quinn,2025-09-23 16:12:11,noise
6395786703009,6391153479794,T163,41.7,Wes Quinn,2025-09-22 11:19:58,noise
6395786703009,6392099486686,T163,95.3,Wes Quinn,2025-09-21 15:07:48,noise
6395786703009,6393489048828,T163,26.1,Wes Quinn,2025-09-21 12:07:20,noise
6395786703009,6392435531798,T163,10.2,Wes Quinn,2025-09-20 23:01:28,noise
6395786703009,6396869656615,T649,15.4,Wes Quinn,2025-09-20 14:26:20,noise
6395786703009,6397423633225,T163,17.3,Wes Quinn,2025-09-19 14:08:41,noise
6395786703009,6392435531798,T649,12.7,Wes Quinn,2025-09-19 16:24:28,noise
6395786703009,6392435531798,T649,19.4,Wes Quinn,2025-09-18 04:11:20,noise
6395786703009,6392861738151,T163,10.6,Wes Quinn,2025-09-18 20:08:53,noise
6395786703009,6395503747521,T163,19.7,Wes Quinn,2025-09-18 18:16:55,noise
6395786703009,6397423633225,T163,15.0,Wes Quinn,2025-09-17 05:18:55,noise
6395786703009,6397524223789,T649,44.5,Wes Quinn,2025-09-17 19:08:46,noise
6395786703009,6394984418393,T649,5.3,Wes Quinn,2025-09-16 10:27:05,noise
6395786703009,6392099486686,T649,24.9,Wes Quinn,2025-09-16 12:09:02,noise
6395786703009,6391969388584,T163,7.9,Wes Quinn,2025-09-15 12:09:26,noise
6395786703009,6397423633225,T163,11.8,Wes Quinn,2025-09-15 20:16:22,noise
6395786703009,6397063169102,T649,19.0,Wes Quinn,2025-09-14 09:12:49,noise
6395786703009,6392861738151,T649,12.0,Wes Quinn,2025-09-13 10:18:31,noise
6395786703009,6394168811006,T649,24.2,Wes Quinn,2025-09-13 20:21:45,noise
6395786703009,6392099486686,T163,22.4,Wes Quinn,2025-09-12 13:05:22,noise
6395786703009,6396657427421,T163,86.5,Wes Quinn,2025-09-11 12:17:17,noise
6395786703009,6399486544271,T649,31.6,Wes Quinn,2025-09-10 16:09:46,noise
6395786703009,6394196958976,T163,29.2,Wes Quinn,2025-09-09 16:26:03,noise
6395786703009,6392099486686,T163,13.5,Wes Quinn,2025-09-08 14:22:14,noise
6395786703009,6397423633225,T649,26.6,Wes Quinn,2025-09-08 09:25:16,noise
6395786703009,6396205553347,T163,10.0,Wes Quinn,2025-09-07 11:14:52,noise
6395786703009,6397876759433,T163,26.2,Wes Quinn,2025-09-06 08:06:20,noise
6395786703009,6392435531798,T163,24.0,Wes Quinn,2025-09-06 15:04:00,noise
6395786703009,6392849430457,T649,27.5,Wes Quinn,2025-09-06 13:19:22,noise
6395786703009,6397955281670,T163,19.1,Wes Quinn,2025-09-05 16:19:23,noise
6395786703009,6397423633225,T163,6.2,Wes Quinn,2025-09-04 17:17:14,noise
6395786703009,6391285888600,T649,41.9,Wes Quinn,2025-09-04 12:06:30,noise
6395786703009,6395036386090,T163,63.8,Wes Quinn,2025-09-04 10:10:09,noise
6395786703009,6397423633225,T163,81.0,Wes Quinn,2025-09-03 08:20:34,noise
6395786703009,6397423633225,T649,30.7,Wes Quinn,2025-09-03 10:11:18,noise
6395786703009,6392435531798,T649,15.5,Wes Quinn,2025-09-02 12:27:52,noise
6395786703009,6396449831833,T649,9.4,Wes Quinn,2025-09-01 19:24:36,noise
6395786703009,6392435531798,T649,21.8,Wes Quinn,2025-09-01 20:25:48,noise
6395786703009,6392099486686,T649,18.0,Wes Quinn,2025-09-01 05:00:14,noise
6395786703009,6397423633225,T163,10.7,Wes Quinn,2025-08-31 16:27:04,noise
6395786703009,6392435531798,T649,10.1,Wes Quinn,2025-08-31 17:05:47,noise
6395786703009,6397563073047,T649,11.4,Wes Quinn,2025-08-31 09:05:36,noise
6395786703009,6392531023270,T163,10.8,Wes Quinn,2025-08-30 18:16:30,noise
6395786703009,6391923323851,T649,32.8,Wes Quinn,2025-08-30 14:01:10,noise
6395786703009,6392099486686,T649,13.5,Wes Quinn,2025-08-29 20:23:17,noise
6395786703009,6394762294635,T163,49.4,Wes Quinn,2025-08-29 17:02:12,noise
6395786703009,6397423633225,T649,12.3,Wes Quinn,2025-08-28 08:00:22,noise
6395786703009,6397423633225,T649,84.9,Wes Quinn,2025-08-28 16:29:19,noise
6395786703009,6396659007500,T649,98.2,Wes Quinn,2025-08-27 19:14:06,noise
6395786703009,6392099486686,T163,23.9,Wes Quinn,2025-08-27 13:27:46,noise
6395786703009,6392435531798,T163,7.8,Wes Quinn,2025-08-27 16:10:21,noise
6395786703009,6392099486686,T649,23.3,Wes Quinn,2025-08-26 14:00:48,noise
6395786703009,6397043729383,T163,6.0,Wes Quinn,2025-08-26 11:28:47,noise
6395786703009,6397423633225,T649,40.1,Wes Quinn,2025-08-25 10:25:08,noise
6395786703009,6392435531798,T163,10.5,Wes Quinn,2025-08-25 11:18:32,noise
6395786703009,6392099486686,T163,17.4,Wes Quinn,2025-08-24 09:24:06,noise
6395786703009,6392435531798,T649,33.5,Wes Quinn,2025-08-24 15:22:35,noise
6395786703009,6392435531798,T649,16.1,Wes Quinn,2025-08-23 13:13:32,noise
6395786703009,6397861553600,T649,7.2,Wes Quinn,2025-08-23 10:08:08,noise
6395786703009,6397236553825,T649,7.7,Wes Quinn,2025-08-23 14:00:33,noise
6395786703009,6392099486686,T163,12.2,Wes Quinn,2025-08-22 16:00:19,noise
6395786703009,6394385485119,T649,24.7,Wes Quinn,2025-08-22 17:10:27,noise
6395786703009,6391707618661,T649,11.7,Wes Quinn,2025-08-22 12:17:33,noise
6395786703009,6392435531798,T163,9.9,Wes Quinn,2025-08-21 08:12:57,noise
6395786703009,6399902228679,T163,25.2,Wes Quinn,2025-08-21 04:19:28,noise
6395786703009,6394952018320,T163,14.6,Wes Quinn,2025-08-21 22:10:51,noise
6395786703009,6391839641832,T163,17.9,Wes Quinn,2025-08-20 19:11:29,noise
6395786703009,6397423633225,T649,24.1,Wes Quinn,2025-08-19 22:00:22,noise
6395786703009,6392099486686,T163,5.1,Wes Quinn,2025-08-19 13:17:24,noise
6395786703009,6397423633225,T649,64.9,Wes Quinn,2025-08-19 10:04:58,noise
6395786703009,6391153479794,T649,2.6,Wes Quinn,2025-08-18 09:14:25,noise
6395786703009,6392435531798,T649,43.8,Wes Quinn,2025-08-18 17:23:16,noise
6395786703009,6398478492299,T649,25.3,Wes Quinn,2025-08-17 14:22:40,noise
6395786703009,6392099486686,T163,14.7,Wes Quinn,2025-08-17 19:08:55,noise
6395786703009,6396313198121,T649,11.2,Wes Quinn,2025-08-16 08:09:18,noise
6395786703009,6397423633225,T163,39.3,Wes Quinn,2025-08-16 20:12:50,noise
6395786703009,6392435531798,T163,6.9,Wes Quinn,2025-08-16 13:08:47,noise
6395786703009,6399063738848,T649,16.3,Wes Quinn,2025-08-15 20:21:33,noise
6395786703009,6398935751205,T649,8.1,Wes Quinn,2025-08-14 11:02:34,noise
6395786703009,6392849430457,T163,27.7,Wes Quinn,2025-08-14 11:02:48,noise
6395786703009,6397423633225,T163,9.7,Wes Quinn,2025-08-13 08:30:50,noise
6395786703009,6394385485119,T649,6.7,Wes Quinn,2025-08-12 14:05:27,noise
6395786703009,6392894514895,T163,11.6,Wes Quinn,2025-08-12 15:30:57,noise
6395786703009,6396659007500,T649,30.2,Wes Quinn,2025-08-12 08:06:16,noise
6395786703009,6399902228679,T163,20.8,Wes Quinn,2025-08-11 05:18:09,noise
6395786703009,6398825301484,T163,10.5,Wes Quinn,2025-08-11 13:23:13,noise
6395786703009,6397861553600,T163,5.9,Wes Quinn,2025-08-11 08:21:21,noise
6395786703009,6391505221103,T163,24.0,Wes Quinn,2025-08-10 20:16:15,noise
6395786703009,6392435531798,T163,3.9,Wes Quinn,2025-08-10 17:23:48,noise
6395786703009,6397423633225,T649,22.7,Wes Quinn,2025-08-10 14:17:03,noise
6395786703009,6392435531798,T649,61.7,Wes Quinn,2025-08-09 23:12:47,noise
6395786703009,6397423633225,T163,87.4,Wes Quinn,2025-08-09 15:17:35,noise
6395786703009,6397423633225,T649,4.1,Wes Quinn,2025-08-08 19:19:28,noise
6395786703009,6392435531798,T649,14.8,Wes Quinn,2025-08-07 17:18:46,noise
6395786703009,6392099486686,T649,9.4,Wes Quinn,2025-08-07 17:10:40,noise
6395786703009,6392435531798,T649,17.1,Wes Quinn,2025-08-06 21:09:03,noise
6395786703009,6392435531798,T649,9.4,Wes Quinn,2025-08-05 18:08:36,noise
6395786703009,6392435531798,T163,13.7,Wes Quinn,2025-08-05 14:14:28,noise
6395786703009,6396336852250,T649,28.8,Wes Quinn,2025-08-04 12:01:14,noise
6395786703009,6392435531798,T649,10.7,Wes Quinn,2025-08-04 18:09:26,noise
6396449831833,6396659007500,T461,38.3,Uma Novak,2025-10-18 10:00:16,noise
6396449831833,6398605205469,T461,41.5,Uma Novak,2025-10-18 15:10:33,noise
6396449831833,6399489742631,T149,12.4,Uma Novak,2025-10-17 13:08:07,noise
6396449831833,6391923323851,T461,18.9,Uma Novak,2025-10-17 08:11:30,noise
6396449831833,6399902228679,T461,25.1,Uma Novak,2025-10-17 12:25:59,noise
6396449831833,6398605205469,T149,27.4,Uma Novak,2025-10-16 20:01:49,noise
6396449831833,6398605205469,T149,44.4,Uma Novak,2025-10-16 10:02:27,noise
6396449831833,6391777783479,T461,25.9,Uma Novak,2025-10-16 20:30:41,noise
6396449831833,6399489742631,T149,19.1,Uma Novak,2025-10-15 22:10:57,noise
6396449831833,6391777783479,T461,22.5,Uma Novak,2025-10-15 10:17:59,noise
6396449831833,6399489742631,T149,15.9,Uma Novak,2025-10-14 10:28:19,noise
6396449831833,6399489742631,T149,9.6,Uma Novak,2025-10-14 22:04:14,noise
6396449831833,6391777783479,T149,27.7,Uma Novak,2025-10-13 15:26:35,noise
6396449831833,6397524223789,T149,28.6,Uma Novak,2025-10-12 15:19:51,noise
6396449831833,6398302372328,T461,4.8,Uma Novak,2025-10-11 20:21:20,noise
6396449831833,6398605205469,T149,22.4,Uma Novak,2025-10-10 13:22:43,noise
6396449831833,6397876759433,T461,8.1,Uma Novak,2025-10-10 08:29:33,noise
6396449831833,6396817443067,T149,92.4,Uma Novak,2025-10-09 15:11:44,noise
6396449831833,6394772775911,T149,46.0,Uma Novak,2025-10-08 16:16:27,noise
6396449831833,6391777783479,T149,36.8,Uma Novak,2025-10-08 10:13:20,noise
6396449831833,6393996622945,T149,25.3,Uma Novak,2025-10-07 16:24:20,noise
6396449831833,6391777783479,T461,4.4,Uma Novak,2025-10-06 16:28:45,noise
6396449831833,6398605205469,T461,40.3,Uma Novak,2025-10-05 17:08:29,noise
6396449831833,6399489742631,T461,14.7,Uma Novak,2025-10-05 19:06:24,noise
6396449831833,6391153479794,T149,12.2,Uma Novak,2025-10-04 08:15:12,noise
6396449831833,6395036386090,T461,40.6,Uma Novak,2025-10-03 09:15:56,noise
6396449831833,6398605205469,T149,54.4,Uma Novak,2025-10-03 12:06:25,noise
6396449831833,6399489742631,T149,12.6,Uma Novak,2025-10-02 22:08:39,noise
6396449831833,6398605205469,T461,38.7,Uma Novak,2025-10-01 04:11:48,noise
6396449831833,6391777783479,T149,35.7,Uma Novak,2025-09-30 11:12:19,noise
6396449831833,6394196958976,T149,8.1,Uma Novak,2025-09-30 10:23:16,noise
6396449831833,6398605205469,T149,12.6,Uma Novak,2025-09-30 02:13:55,noise
6396449831833,6391777783479,T461,11.7,Uma Novak,2025-09-29 11:14:51,noise
6396449831833,6399489742631,T149,21.1,Uma Novak,2025-09-29 04:05:08,noise
6396449831833,6398605205469,T149,5.8,Uma Novak,2025-09-29 20:16:42,noise
6396449831833,6398605205469,T461,28.2,Uma Novak,2025-09-28 23:09:48,noise
6396449831833,6391782370828,T461,9.6,Uma Novak,2025-09-27 12:06:08,noise
6396449831833,6399489742631,T149,30.1,Uma Novak,2025-09-27 11:29:28,noise
6396449831833,6391777783479,T149,26.6,Uma Novak,2025-09-26 11:07:40,noise
6396449831833,6398935751205,T461,22.9,Uma Novak,2025-09-26 12:18:30,noise
6396449831833,6391839641832,T461,22.1,Uma Novak,2025-09-26 10:30:17,noise
6396449831833,6399489742631,T461,7.2,Uma Novak,2025-09-25 00:11:30,noise
6396449831833,6391777783479,T461,8.7,Uma Novak,2025-09-24 12:15:46,noise
6396449831833,6398605205469,T461,14.7,Uma Novak,2025-09-24 15:00:12,noise
6396449831833,6399489742631,T149,5.3,Uma Novak,2025-09-23 17:17:07,noise
6396449831833,6395161647070,T149,20.1,Uma Novak,2025-09-23 17:30:52,noise
6396449831833,6391777783479,T149,15.1,Uma Novak,2025-09-22 15:28:09,noise
6396449831833,6398605205469,T461,12.7,Uma Novak,2025-09-22 21:09:53,noise
6396449831833,6398605205469,T461,10.1,Uma Novak,2025-09-21 10:00:03,noise
6396449831833,6391777783479,T149,13.1,Uma Novak,2025-09-21 11:13:36,noise
6396449831833,6391777783479,T149,3.5,Uma Novak,2025-09-21 23:02:31,noise
6396449831833,6399489742631,T149,15.1,Uma Novak,2025-09-20 16:07:34,noise
6396449831833,6398935751205,T461,32.5,Uma Novak,2025-09-20 14:10:56,noise
6396449831833,6397236553825,T461,12.9,Uma Novak,2025-09-20 19:09:08,noise
6396449831833,6398605205469,T149,6.0,Uma Novak,2025-09-19 10:24:47,noise
6396449831833,6398605205469,T149,11.8,Uma Novak,2025-09-19 14:24:11,noise
6396449831833,6399489742631,T149,4.4,Uma Novak,2025-09-19 10:18:54,noise
6396449831833,6397423633225,T149,23.5,Uma Novak,2025-09-18 00:22:26,noise
6396449831833,6398605205469,T461,27.7,Uma Novak,2025-09-17 15:04:08,noise
6396449831833,6391153479794,T461,10.6,Uma Novak,2025-09-17 16:14:13,noise
6396449831833,6398605205469,T149,17.9,Uma Novak,2025-09-16 17:04:07,noise
6396449831833,6391777783479,T149,17.1,Uma Novak,2025-09-15 14:02:14,noise
6396449831833,6398605205469,T149,26.7,Uma Novak,2025-09-15 13:30:31,noise
6396449831833,6398605205469,T461,13.0,Uma Novak,2025-09-14 13:16:57,noise
6396449831833,6397893361024,T461,6.5,Uma Novak,2025-09-14 08:19:17,noise
6396449831833,6395395226580,T461,23.2,Uma Novak,2025-09-13 03:28:37,noise
6396449831833,6391777783479,T461,19.9,Uma Novak,2025-09-12 11:21:08,noise
6396449831833,6399489742631,T149,10.1,Uma Novak,2025-09-12 11:19:47,noise
6396449831833,6394733500690,T149,18.9,Uma Novak,2025-09-11 10:18:59,noise
6396449831833,6399489742631,T149,12.2,Uma Novak,2025-09-11 03:05:57,noise
6396449831833,6398605205469,T149,28.5,Uma Novak,2025-09-10 19:01:08,noise
6396449831833,6393996622945,T461,25.5,Uma Novak,2025-09-09 20:01:59,noise
6396449831833,6398605205469,T149,10.8,Uma Novak,2025-09-09 16:04:27,noise
6396449831833,6399489742631,T149,25.4,Uma Novak,2025-09-09 18:14:57,noise
6396449831833,6399489742631,T149,98.8,Uma Novak,2025-09-08 13:13:45,noise
6396449831833,6394684715577,T149,16.6,Uma Novak,2025-09-08 17:28:02,noise
6396449831833,6399489742631,T149,26.8,Uma Novak,2025-09-08 05:11:02,noise
6396449831833,6398605205469,T149,13.9,Uma Novak,2025-09-07 16:20:53,noise
6396449831833,6398605205469,T149,10.3,Uma Novak,2025-09-07 08:01:36,noise
6396449831833,6399489742631,T149,11.3,Uma Novak,2025-09-06 19:14:47,noise
6396449831833,6391777783479,T149,8.0,Uma Novak,2025-09-06 14:16:33,noise
6396449831833,6391707618661,T149,25.3,Uma Novak,2025-09-05 18:11:02,noise
6396449831833,6398605205469,T461,12.0,Uma Novak,2025-09-05 17:28:31,noise
6396449831833,6394196958976,T149,11.3,Uma Novak,2025-09-05 12:14:59,noise
6396449831833,6398605205469,T149,14.0,Uma Novak,2025-09-04 02:15:49,noise
6396449831833,6395161647070,T149,5.9,Uma Novak,2025-09-04 11:29:36,noise
6396449831833,6398605205469,T149,24.5,Uma Novak,2025-09-03 18:01:33,noise
6396449831833,6399489742631,T149,9.5,Uma Novak,2025-09-03 08:13:12,noise
6396449831833,6397275036984,T149,21.9,Uma Novak,2025-09-03 11:07:43,noise
6396449831833,6391777783479,T149,59.5,Uma Novak,2025-09-02 11:21:56,noise
6396449831833,6393128476840,T461,12.1,Uma Novak,2025-09-02 16:03:05,noise
6396449831833,6399489742631,T461,60.3,Uma Novak,2025-09-01 19:17:16,noise
6396449831833,6397955281670,T149,75.2,Uma Novak,2025-09-01 14:23:16,noise
6396449831833,6391777783479,T149,8.7,Uma Novak,2025-09-01 08:04:07,noise
6396449831833,6397423633225,T149,17.4,Uma Novak,2025-08-31 10:04:45,noise
6396449831833,6399489742631,T149,32.6,Uma Novak,2025-08-30 08:10:27,noise
6396449831833,6391777783479,T149,31.3,Uma Novak,2025-08-30 17:19:34,noise
6396449831833,6399489742631,T461,27.2,Uma Novak,2025-08-29 11:29:02,noise
6396449831833,6399489742631,T149,19.0,Uma Novak,2025-08-28 14:19:46,noise
6396449831833,6393189436628,T149,6.4,Uma Novak,2025-08-27 13:16:47,noise
6396449831833,6391777783479,T461,5.7,Uma Novak,2025-08-27 16:25:33,noise
6396449831833,6398605205469,T149,12.8,Uma Novak,2025-08-26 15:21:02,noise
6396449831833,6399489742631,T149,27.6,Uma Novak,2025-08-26 14:19:09,noise
6396449831833,6391923323851,T149,10.7,Uma Novak,2025-08-26 13:17:27,noise
6396449831833,6391777783479,T461,8.6,Uma Novak,2025-08-25 15:29:24,noise
6396449831833,6391777783479,T149,13.2,Uma Novak,2025-08-25 01:04:07,noise
6396449831833,6399489742631,T149,17.8,Uma Novak,2025-08-25 16:26:56,noise
6396449831833,6391777783479,T461,13.0,Uma Novak,2025-08-24 18:05:31,noise
6396449831833,6391777783479,T149,17.3,Uma Novak,2025-08-24 08:27:27,noise
6396449831833,6399821171578,T461,20.8,Uma Novak,2025-08-23 17:25:32,noise
6396449831833,6398605205469,T149,36.1,Uma Novak,2025-08-22 19:01:13,noise
6396449831833,6398605205469,T461,21.7,Uma Novak,2025-08-22 13:08:32,noise
6396449831833,6397063169102,T149,9.6,Uma Novak,2025-08-21 20:10:10,noise
6396449831833,6396313198121,T149,13.4,Uma Novak,2025-08-21 21:20:03,noise
6396449831833,6398605205469,T461,5.6,Uma Novak,2025-08-20 10:15:25,noise
6396449831833,6397876759433,T149,8.6,Uma Novak,2025-08-20 10:08:30,noise
6396449831833,6391969388584,T149,10.7,Uma Novak,2025-08-19 11:20:16,noise
6396449831833,6397876759433,T149,18.5,Uma Novak,2025-08-19 02:20:34,noise
6396449831833,6399489742631,T149,33.6,Uma Novak,2025-08-19 10:04:17,noise
6396449831833,6397043729383,T149,5.8,Uma Novak,2025-08-18 23:04:05,noise
6396449831833,6397423633225,T461,5.0,Uma Novak,2025-08-18 02:06:03,noise
6396449831833,6394385485119,T149,10.8,Uma Novak,2025-08-17 23:23:45,noise
6396449831833,6392894514895,T149,7.4,Uma Novak,2025-08-17 15:27:57,noise
6396449831833,6398605205469,T149,31.5,Uma Novak,2025-08-17 11:00:00,noise
6396449831833,6391923323851,T461,17.1,Uma Novak,2025-08-16 09:21:41,noise
6396449831833,6399489742631,T461,35.5,Uma Novak,2025-08-16 15:27:19,noise
6396449831833,6394733500690,T149,21.3,Uma Novak,2025-08-15 10:17:36,noise
6396449831833,6393429023955,T461,10.4,Uma Novak,2025-08-15 17:21:25,noise
6396449831833,6399489742631,T461,9.7,Uma Novak,2025-08-14 19:04:01,noise
6396449831833,6397275036984,T149,12.1,Uma Novak,2025-08-14 12:10:05,noise
6396449831833,6398605205469,T149,11.4,Uma Novak,2025-08-13 10:19:39,noise
6396449831833,6395176413962,T461,31.8,Uma Novak,2025-08-13 14:22:35,noise
6396449831833,6399489742631,T149,16.1,Uma Novak,2025-08-12 03:16:26,noise
6396449831833,6391777783479,T461,12.8,Uma Novak,2025-08-12 20:14:13,noise
6396449831833,6398605205469,T149,41.7,Uma Novak,2025-08-11 13:21:54,noise
6396449831833,6391777783479,T149,33.4,Uma Novak,2025-08-10 11:04:54,noise
6396449831833,6398605205469,T461,22.5,Uma Novak,2025-08-10 12:28:52,noise
6396449831833,6392435531798,T149,55.7,Uma Novak,2025-08-09 20:10:39,noise
6396449831833,6398605205469,T149,13.2,Uma Novak,2025-08-09 09:03:20,noise
6396449831833,6397876759433,T149,11.5,Uma Novak,2025-08-09 20:12:46,noise
6396449831833,6392056728284,T149,27.9,Uma Novak,2025-08-08 16:11:28,noise
6396449831833,6397147861767,T149,25.1,Uma Novak,2025-08-08 09:08:56,noise
6396449831833,6398605205469,T149,17.3,Uma Novak,2025-08-07 08:23:31,noise
6396449831833,6395036386090,T461,41.7,Uma Novak,2025-08-06 15:28:12,noise
6396449831833,6399489742631,T149,62.4,Uma Novak,2025-08-06 12:18:04,noise
6396449831833,6391777783479,T461,7.8,Uma Novak,2025-08-05 00:16:07,noise
6396449831833,6394733500690,T461,22.1,Uma Novak,2025-08-04 11:29:10,noise
6397043729383,6397012123905,T368,12.7,Ben Okafor,2025-10-18 13:17:31,noise
6397043729383,6398583500075,T324,12.1,Ben Okafor,2025-10-17 01:11:38,noise
6397043729383,6394483976722,T368,9.3,Ben Okafor,2025-10-17 16:02:20,noise
6397043729383,6394984418393,T368,6.5,Ben Okafor,2025-10-16 14:14:09,noise
6397043729383,6396254128857,T324,11.9,Ben Okafor,2025-10-16 04:13:16,noise
6397043729383,6394483976722,T368,76.9,Ben Okafor,2025-10-15 13:16:56,noise
6397043729383,6398583500075,T324,12.9,Ben Okafor,2025-10-15 20:02:18,noise
6397043729383,6397043729383,T324,16.9,Ben Okafor,2025-10-14 17:27:29,noise
6397043729383,6392531023270,T324,20.0,Ben Okafor,2025-10-14 11:02:19,noise
6397043729383,6394483976722,T368,18.2,Ben Okafor,2025-10-13 13:28:03,noise
6397043729383,6397893361024,T324,7.9,Ben Okafor,2025-10-13 19:01:22,noise
6397043729383,6394483976722,T324,15.5,Ben Okafor,2025-10-12 10:11:11,noise
6397043729383,6395786703009,T368,14.0,Ben Okafor,2025-10-12 12:05:20,noise
6397043729383,6394733500690,T368,12.5,Ben Okafor,2025-10-12 18:06:29,noise
6397043729383,6398583500075,T324,15.6,Ben Okafor,2025-10-11 04:30:42,noise
6397043729383,6394483976722,T324,10.9,Ben Okafor,2025-10-11 20:07:16,noise
6397043729383,6396657427421,T324,26.5,Ben Okafor,2025-10-10 20:14:57,noise
6397043729383,6398583500075,T324,5.1,Ben Okafor,2025-10-10 14:10:42,noise
6397043729383,6398583500075,T368,39.8,Ben Okafor,2025-10-09 10:01:54,noise
6397043729383,6398302372328,T324,4.1,Ben Okafor,2025-10-09 04:14:30,noise
6397043729383,6398583500075,T324,7.3,Ben Okafor,2025-10-08 01:12:32,noise
6397043729383,6398583500075,T368,11.6,Ben Okafor,2025-10-07 17:26:12,noise
6397043729383,6396327643318,T368,8.3,Ben Okafor,2025-10-07 12:13:32,noise
6397043729383,6394483976722,T368,43.8,Ben Okafor,2025-10-06 14:14:06,noise
6397043729383,6397563073047,T324,17.5,Ben Okafor,2025-10-06 22:15:51,noise
6397043729383,6395453841530,T324,14.8,Ben Okafor,2025-10-06 01:17:06,noise
6397043729383,6394483976722,T324,4.9,Ben Okafor,2025-10-05 14:01:55,noise
6397043729383,6391505221103,T368,10.1,Ben Okafor,2025-10-05 21:01:38,noise
6397043729383,6394684715577,T324,28.1,Ben Okafor,2025-10-05 22:21:23,noise
6397043729383,6396926232765,T368,23.2,Ben Okafor,2025-10-04 12:23:59,noise
6397043729383,6398583500075,T324,108.1,Ben Okafor,2025-10-03 20:22:17,noise
6397043729383,6394901039851,T368,43.8,Ben Okafor,2025-10-03 16:11:39,noise
6397043729383,6395036386090,T368,6.8,Ben Okafor,2025-10-02 10:08:13,noise
6397043729383,6396327643318,T368,23.5,Ben Okafor,2025-10-02 14:17:30,noise
6397043729383,6394483976722,T324,15.8,Ben Okafor,2025-10-01 10:18:14,noise
6397043729383,6394483976722,T324,4.1,Ben Okafor,2025-10-01 19:10:30,noise
6397043729383,6397012123905,T368,123.1,Ben Okafor,2025-09-30 12:27:42,noise
6397043729383,6392435531798,T324,26.1,Ben Okafor,2025-09-30 20:08:44,noise
6397043729383,6399063738848,T324,12.6,Ben Okafor,2025-09-29 13:22:06,noise
6397043729383,6395176611292,T324,16.8,Ben Okafor,2025-09-29 10:08:35,noise
6397043729383,6394483976722,T324,56.8,Ben Okafor,2025-09-28 17:30:05,noise
6397043729383,6397955281670,T324,38.2,Ben Okafor,2025-09-28 01:10:35,noise
6397043729383,6393128476840,T368,4.0,Ben Okafor,2025-09-27 08:11:02,noise
6397043729383,6394483976722,T368,46.0,Ben Okafor,2025-09-26 11:09:35,noise
6397043729383,6398583500075,T324,12.5,Ben Okafor,2025-09-26 19:11:09,noise
6397043729383,6397012123905,T324,32.9,Ben Okafor,2025-09-25 19:18:19,noise
6397043729383,6394483976722,T368,28.7,Ben Okafor,2025-09-25 14:30:14,noise
6397043729383,6397563073047,T324,35.2,Ben Okafor,2025-09-24 08:03:20,noise
6397043729383,6393489048828,T368,27.9,Ben Okafor,2025-09-24 16:02:34,noise
6397043729383,6398583500075,T324,14.3,Ben Okafor,2025-09-23 16:30:52,noise
6397043729383,6391505221103,T368,10.9,Ben Okafor,2025-09-23 19:25:32,noise
6397043729383,6392849430457,T324,3.9,Ben Okafor,2025-09-22 12:13:55,noise
6397043729383,6393429023955,T368,41.4,Ben Okafor,2025-09-21 09:14:23,noise
6397043729383,6398583500075,T368,42.0,Ben Okafor,2025-09-21 17:20:22,noise
6397043729383,6394483976722,T324,41.5,Ben Okafor,2025-09-20 09:13:33,noise
6397043729383,6397876759433,T368,36.1,Ben Okafor,2025-09-19 12:24:32,noise
6397043729383,6398583500075,T324,39.8,Ben Okafor,2025-09-19 13:01:39,noise
6397043729383,6391839641832,T324,14.8,Ben Okafor,2025-09-19 18:08:12,noise
6397043729383,6391743328958,T368,3.2,Ben Okafor,2025-09-18 04:21:46,noise
6397043729383,6394483976722,T368,5.4,Ben Okafor,2025-09-17 00:21:04,noise
6397043729383,6397012123905,T324,15.3,Ben Okafor,2025-09-17 08:18:57,noise
6397043729383,6398583500075,T368,48.4,Ben Okafor,2025-09-17 03:07:26,noise
6397043729383,6394483976722,T324,45.4,Ben Okafor,2025-09-16 16:21:05,noise
6397043729383,6394483976722,T324,14.2,Ben Okafor,2025-09-16 08:08:17,noise
6397043729383,6394483976722,T324,20.0,Ben Okafor,2025-09-15 08:03:45,noise
6397043729383,6392634085329,T368,12.1,Ben Okafor,2025-09-15 20:03:14,noise
6397043729383,6398583500075,T368,19.9,Ben Okafor,2025-09-14 15:15:59,noise
6397043729383,6397012123905,T324,31.1,Ben Okafor,2025-09-14 21:16:07,noise
6397043729383,6397275036984,T368,18.4,Ben Okafor,2025-09-14 14:30:48,noise
6397043729383,6396652537140,T324,16.2,Ben Okafor,2025-09-13 22:13:54,noise
6397043729383,6394483976722,T324,21.6,Ben Okafor,2025-09-13 20:21:41,noise
6397043729383,6398825301484,T368,16.9,Ben Okafor,2025-09-12 02:23:02,noise
6397043729383,6394483976722,T368,13.7,Ben Okafor,2025-09-12 11:21:42,noise
6397043729383,6398583500075,T368,9.2,Ben Okafor,2025-09-11 12:06:56,noise
6397043729383,6398583500075,T324,7.9,Ben Okafor,2025-09-11 12:27:50,noise
6397043729383,6394483976722,T368,27.6,Ben Okafor,2025-09-10 19:22:11,noise
6397043729383,6396313198121,T324,22.7,Ben Okafor,2025-09-10 16:25:58,noise
6397043729383,6396659007500,T324,8.6,Ben Okafor,2025-09-10 22:21:41,noise
6397043729383,6399063738848,T324,33.0,Ben Okafor,2025-09-09 15:14:49,noise
6397043729383,6397012123905,T324,47.6,Ben Okafor,2025-09-08 23:16:01,noise
6397043729383,6394762294635,T368,16.8,Ben Okafor,2025-09-08 05:17:17,noise
6397043729383,6397012123905,T368,19.1,Ben Okafor,2025-09-07 18:21:41,noise
6397043729383,6398583500075,T368,5.8,Ben Okafor,2025-09-07 11:11:32,noise
6397043729383,6397275036984,T324,13.8,Ben Okafor,2025-09-06 20:27:15,noise
6397043729383,6394483976722,T324,18.7,Ben Okafor,2025-09-06 08:26:32,noise
6397043729383,6398583500075,T324,24.0,Ben Okafor,2025-09-05 18:04:11,noise
6397043729383,6392634085329,T368,15.6,Ben Okafor,2025-09-05 02:19:41,noise
6397043729383,6396807432422,T368,75.7,Ben Okafor,2025-09-05 23:25:08,noise
6397043729383,6399371596006,T324,24.1,Ben Okafor,2025-09-04 13:27:48,noise
6397043729383,6396449831833,T368,20.7,Ben Okafor,2025-09-04 15:12:53,noise
6397043729383,6398825301484,T368,17.7,Ben Okafor,2025-09-03 02:24:10,noise
6397043729383,6392778974508,T368,21.5,Ben Okafor,2025-09-02 15:23:13,noise
6397043729383,6394483976722,T324,32.3,Ben Okafor,2025-09-02 19:22:45,noise
6397043729383,6397012123905,T324,10.8,Ben Okafor,2025-09-01 17:10:13,noise
6397043729383,6394483976722,T368,23.6,Ben Okafor,2025-09-01 20:22:35,noise
6397043729383,6398583500075,T324,20.4,Ben Okafor,2025-08-31 13:18:01,noise
6397043729383,6398583500075,T368,29.7,Ben Okafor,2025-08-30 15:24:23,noise
6397043729383,6398583500075,T324,37.6,Ben Okafor,2025-08-30 17:21:42,noise
6397043729383,6394483976722,T324,8.7,Ben Okafor,2025-08-30 18:10:33,noise
6397043729383,6397012123905,T368,24.6,Ben Okafor,2025-08-29 04:30:10,noise
6397043729383,6394762294635,T324,14.9,Ben Okafor,2025-08-29 23:29:57,noise
6397043729383,6394126829491,T324,20.3,Ben Okafor,2025-08-28 10:18:47,noise
6397043729383,6391505221103,T368,23.0,Ben Okafor,2025-08-28 19:28:33,noise
6397043729383,6398415640709,T368,19.9,Ben Okafor,2025-08-27 08:20:48,noise
6397043729383,6394483976722,T324,37.3,Ben Okafor,2025-08-26 14:25:17,noise
6397043729383,6398583500075,T324,4.7,Ben Okafor,2025-08-26 09:22:45,noise
6397043729383,6398583500075,T324,37.0,Ben Okafor,2025-08-26 14:22:31,noise
6397043729383,6397012123905,T368,7.2,Ben Okafor,2025-08-25 21:01:52,noise
6397043729383,6398583500075,T324,27.6,Ben Okafor,2025-08-25 00:13:12,noise
6397043729383,6397012123905,T324,23.6,Ben Okafor,2025-08-25 14:24:53,noise
6397043729383,6396801877658,T368,23.0,Ben Okafor,2025-08-24 17:30:47,noise
6397043729383,6394317643354,T324,5.9,Ben Okafor,2025-08-24 15:04:56,noise
6397043729383,6397012123905,T324,78.2,Ben Okafor,2025-08-24 08:22:49,noise
6397043729383,6394483976722,T368,45.8,Ben Okafor,2025-08-23 04:12:03,noise
6397043729383,6397043729383,T324,11.7,Ben Okafor,2025-08-23 21:00:03,noise
6397043729383,6392056728284,T324,5.5,Ben Okafor,2025-08-23 15:11:12,noise
6397043729383,6398583500075,T368,5.0,Ben Okafor,2025-08-22 08:04:04,noise
6397043729383,6397012123905,T324,8.1,Ben Okafor,2025-08-21 15:21:16,noise
6397043729383,6397012123905,T324,10.4,Ben Okafor,2025-08-20 15:14:09,noise
6397043729383,6398583500075,T324,34.7,Ben Okafor,2025-08-19 08:07:58,noise
6397043729383,6398583500075,T324,14.7,Ben Okafor,2025-08-18 00:12:59,noise
6397043729383,6392941380910,T324,3.6,Ben Okafor,2025-08-17 10:26:28,noise
6397043729383,6395503747521,T324,11.6,Ben Okafor,2025-08-17 18:00:47,noise
6397043729383,6397012123905,T324,16.7,Ben Okafor,2025-08-16 17:13:10,noise
6397043729383,6398583500075,T368,27.2,Ben Okafor,2025-08-16 14:23:18,noise
6397043729383,6396449831833,T324,15.7,Ben Okafor,2025-08-15 09:02:41,noise
6397043729383,6396205553347,T368,32.3,Ben Okafor,2025-08-14 20:03:17,noise
6397043729383,6398583500075,T324,7.2,Ben Okafor,2025-08-14 20:02:01,noise
6397043729383,6398936495763,T324,3.8,Ben Okafor,2025-08-14 19:19:22,noise
6397043729383,6397335537719,T368,13.1,Ben Okafor,2025-08-13 13:04:32,noise
6397043729383,6398583500075,T324,14.5,Ben Okafor,2025-08-13 11:19:26,noise
6397043729383,6397012123905,T324,8.9,Ben Okafor,2025-08-13 09:06:52,noise
6397043729383,6398583500075,T368,17.5,Ben Okafor,2025-08-12 20:12:50,noise
6397043729383,6394483976722,T368,15.0,Ben Okafor,2025-08-12 19:01:13,noise
6397043729383,6399478806060,T368,9.5,Ben Okafor,2025-08-12 09:17:49,noise
6397043729383,6392861738151,T368,13.0,Ben Okafor,2025-08-11 17:21:52,noise
6397043729383,6394483976722,T368,24.0,Ben Okafor,2025-08-10 09:21:57,noise
6397043729383,6391707618661,T324,27.1,Ben Okafor,2025-08-10 18:08:16,noise
6397043729383,6398583500075,T324,49.8,Ben Okafor,2025-08-09 17:16:29,noise
6397043729383,6398583500075,T368,25.7,Ben Okafor,2025-08-09 23:11:18,noise
6397043729383,6398478492299,T324,24.9,Ben Okafor,2025-08-08 15:27:18,noise
6397043729383,6391969388584,T324,7.1,Ben Okafor,2025-08-07 11:25:38,noise
6397043729383,6394952018320,T368,15.2,Ben Okafor,2025-08-07 14:01:22,noise
6397043729383,6399478806060,T324,62.3,Ben Okafor,2025-08-07 08:10:27,noise
6397043729383,6396254128857,T368,55.9,Ben Okafor,2025-08-06 13:21:17,noise
6397043729383,6398583500075,T368,27.3,Ben Okafor,2025-08-06 17:07:36,noise
6397043729383,6391505221103,T368,32.3,Ben Okafor,2025-08-05 18:20:17,noise
6397043729383,6397012123905,T324,5.1,Ben Okafor,2025-08-05 01:27:40,noise
6397043729383,6397012123905,T324,10.9,Ben Okafor,2025-08-04 11:07:57,noise
6397043729383,6397012123905,T324,13.5,Ben Okafor,2025-08-04 21:01:00,noise
6397043729383,6399478806060,T324,18.2,Ben Okafor,2025-08-04 15:16:14,noise
6398936495763,6396817443067,T203,23.2,Elena Meyer,2025-10-18 11:23:04,noise
6398936495763,6395453841530,T582,28.8,Elena Meyer,2025-10-17 23:17:36,noise
6398936495763,6396313198121,T203,12.4,Elena Meyer,2025-10-17 15:24:39,noise
6398936495763,6391285888600,T582,27.8,Elena Meyer,2025-10-17 12:14:11,noise
6398936495763,6391839641832,T203,33.0,Elena Meyer,2025-10-16 08:02:03,noise
6398936495763,6396817443067,T582,11.3,Elena Meyer,2025-10-16 21:16:09,noise
6398936495763,6392861738151,T203,18.6,Elena Meyer,2025-10-15 12:18:00,noise
6398936495763,6397012123905,T203,30.7,Elena Meyer,2025-10-15 14:19:36,noise
6398936495763,6394775439440,T582,4.7,Elena Meyer,2025-10-14 08:02:07,noise
6398936495763,6396313198121,T203,19.9,Elena Meyer,2025-10-14 17:15:36,noise
6398936495763,6391839641832,T203,3.3,Elena Meyer,2025-10-13 15:30:00,noise
6398936495763,6396313198121,T203,36.7,Elena Meyer,2025-10-13 10:29:18,noise
6398936495763,6396449831833,T582,99.3,Elena Meyer,2025-10-12 16:18:26,noise
6398936495763,6396657427421,T582,18.7,Elena Meyer,2025-10-11 08:13:43,noise
6398936495763,6396817443067,T203,29.7,Elena Meyer,2025-10-11 15:05:19,noise
6398936495763,6396313198121,T203,28.1,Elena Meyer,2025-10-11 10:30:46,noise
6398936495763,6391839641832,T203,7.8,Elena Meyer,2025-10-10 23:26:43,noise
6398936495763,6398936495763,T582,10.1,Elena Meyer,2025-10-10 12:30:01,noise
6398936495763,6396313198121,T203,6.1,Elena Meyer,2025-10-10 08:15:11,noise
6398936495763,6391839641832,T203,15.5,Elena Meyer,2025-10-09 20:30:33,noise
6398936495763,6396313198121,T203,42.8,Elena Meyer,2025-10-09 12:29:50,noise
6398936495763,6391839641832,T203,6.8,Elena Meyer,2025-10-08 16:10:09,noise
6398936495763,6394168811006,T582,7.1,Elena Meyer,2025-10-08 11:05:11,noise
6398936495763,6395395226580,T582,10.8,Elena Meyer,2025-10-08 08:26:32,noise
6398936495763,6397861553600,T203,37.3,Elena Meyer,2025-10-07 08:18:30,noise
6398936495763,6396657427421,T203,53.2,Elena Meyer,2025-10-07 10:25:21,noise
6398936495763,6394266369889,T582,15.0,Elena Meyer,2025-10-06 23:06:28,noise
6398936495763,6396313198121,T582,13.3,Elena Meyer,2025-10-05 14:13:39,noise
6398936495763,6396313198121,T203,15.2,Elena Meyer,2025-10-05 10:28:10,noise
6398936495763,6396313198121,T582,18.7,Elena Meyer,2025-10-05 11:04:01,noise
6398936495763,6397147861767,T582,7.0,Elena Meyer,2025-10-04 01:28:43,noise
6398936495763,6396313198121,T203,8.6,Elena Meyer,2025-10-04 13:07:14,noise
6398936495763,6393189436628,T203,11.1,Elena Meyer,2025-10-04 19:25:01,noise
6398936495763,6398126884162,T203,15.4,Elena Meyer,2025-10-03 16:10:57,noise
6398936495763,6391839641832,T582,15.5,Elena Meyer,2025-10-03 17:05:09,noise
6398936495763,6396817443067,T203,11.5,Elena Meyer,2025-10-02 10:19:52,noise
6398936495763,6396313198121,T582,5.6,Elena Meyer,2025-10-02 08:07:46,noise
6398936495763,6399902228679,T203,11.7,Elena Meyer,2025-10-01 23:10:09,noise
6398936495763,6394385485119,T582,7.9,Elena Meyer,2025-10-01 16:02:49,noise
6398936495763,6396817443067,T203,24.5,Elena Meyer,2025-10-01 19:22:38,noise
6398936495763,6391743328958,T203,11.7,Elena Meyer,2025-09-30 16:15:48,noise
6398936495763,6396817443067,T582,23.4,Elena Meyer,2025-09-30 17:15:16,noise
6398936495763,6396817443067,T203,26.7,Elena Meyer,2025-09-29 20:16:14,noise
6398936495763,6391839641832,T203,60.9,Elena Meyer,2025-09-28 01:07:00,noise
6398936495763,6396817443067,T203,8.3,Elena Meyer,2025-09-27 17:13:20,noise
6398936495763,6396657427421,T203,20.4,Elena Meyer,2025-09-27 22:21:18,noise
6398936495763,6391839641832,T582,7.1,Elena Meyer,2025-09-27 10:28:15,noise
6398936495763,6396657427421,T203,26.5,Elena Meyer,2025-09-26 01:04:31,noise
6398936495763,6391839641832,T203,11.6,Elena Meyer,2025-09-26 21:02:12,noise
6398936495763,6391839641832,T582,11.5,Elena Meyer,2025-09-25 13:26:10,noise
6398936495763,6391839641832,T203,9.9,Elena Meyer,2025-09-25 20:22:02,noise
6398936495763,6392364622622,T203,12.6,Elena Meyer,2025-09-24 18:12:22,noise
6398936495763,6398605205469,T582,14.7,Elena Meyer,2025-09-24 21:24:13,noise
6398936495763,6398936495763,T203,9.6,Elena Meyer,2025-09-24 09:12:37,noise
6398936495763,6396657427421,T203,13.7,Elena Meyer,2025-09-23 15:06:38,noise
6398936495763,6391839641832,T582,52.2,Elena Meyer,2025-09-23 23:09:20,noise
6398936495763,6396313198121,T203,7.6,Elena Meyer,2025-09-23 09:12:34,noise
6398936495763,6391839641832,T203,19.1,Elena Meyer,2025-09-22 11:25:52,noise
6398936495763,6396817443067,T582,5.5,Elena Meyer,2025-09-22 11:24:30,noise
6398936495763,6396313198121,T582,11.6,Elena Meyer,2025-09-21 18:28:27,noise
6398936495763,6396817443067,T203,13.0,Elena Meyer,2025-09-21 09:22:36,noise
6398936495763,6396817443067,T582,20.3,Elena Meyer,2025-09-20 13:02:13,noise
6398936495763,6396336852250,T203,20.2,Elena Meyer,2025-09-20 12:22:05,noise
6398936495763,6396817443067,T203,30.8,Elena Meyer,2025-09-20 19:07:34,noise
6398936495763,6392596108594,T203,44.8,Elena Meyer,2025-09-19 11:30:22,noise
6398936495763,6391839641832,T582,26.0,Elena Meyer,2025-09-19 00:20:58,noise
6398936495763,6396817443067,T203,26.8,Elena Meyer,2025-09-19 10:26:33,noise
6398936495763,6391839641832,T203,29.4,Elena Meyer,2025-09-18 14:27:30,noise
6398936495763,6391839641832,T582,8.0,Elena Meyer,2025-09-17 18:22:32,noise
6398936495763,6396817443067,T203,19.3,Elena Meyer,2025-09-16 10:16:58,noise
6398936495763,6391839641832,T203,60.3,Elena Meyer,2025-09-15 12:16:24,noise
6398936495763,6391839641832,T582,24.1,Elena Meyer,2025-09-15 23:21:44,noise
6398936495763,6397955281670,T582,8.2,Elena Meyer,2025-09-14 01:03:24,noise
6398936495763,6399821171578,T203,32.4,Elena Meyer,2025-09-13 12:14:31,noise
6398936495763,6396817443067,T582,12.7,Elena Meyer,2025-09-13 14:26:01,noise
6398936495763,6396817443067,T203,17.7,Elena Meyer,2025-09-13 04:16:04,noise
6398936495763,6396817443067,T203,12.5,Elena Meyer,2025-09-12 16:12:59,noise
6398936495763,6391839641832,T203,41.6,Elena Meyer,2025-09-12 20:29:11,noise
6398936495763,6391839641832,T203,32.9,Elena Meyer,2025-09-11 17:04:16,noise
6398936495763,6396313198121,T582,28.8,Elena Meyer,2025-09-11 17:11:55,noise
6398936495763,6396817443067,T203,20.8,Elena Meyer,2025-09-10 11:26:44,noise
6398936495763,6398825301484,T203,44.2,Elena Meyer,2025-09-10 18:30:57,noise
6398936495763,6396313198121,T582,17.1,Elena Meyer,2025-09-09 15:27:19,noise
6398936495763,6395869422194,T203,21.8,Elena Meyer,2025-09-08 00:25:37,noise
6398936495763,6391839641832,T203,10.7,Elena Meyer,2025-09-08 21:04:11,noise
6398936495763,6394684715577,T203,12.3,Elena Meyer,2025-09-08 04:15:17,noise
6398936495763,6391839641832,T582,6.8,Elena Meyer,2025-09-07 14:15:42,noise
6398936495763,6396313198121,T582,16.7,Elena Meyer,2025-09-07 11:29:15,noise
6398936495763,6396313198121,T203,19.3,Elena Meyer,2025-09-07 16:07:39,noise
6398936495763,6395503747521,T203,24.3,Elena Meyer,2025-09-06 14:28:17,noise
6398936495763,6396817443067,T203,5.3,Elena Meyer,2025-09-05 10:23:10,noise
6398936495763,6396817443067,T203,26.0,Elena Meyer,2025-09-05 16:25:42,noise
6398936495763,6396313198121,T203,23.8,Elena Meyer,2025-09-04 19:22:45,noise
6398936495763,6396817443067,T203,9.4,Elena Meyer,2025-09-03 13:00:48,noise
6398936495763,6392743343485,T203,18.6,Elena Meyer,2025-09-03 10:05:45,noise
6398936495763,6396254128857,T582,8.4,Elena Meyer,2025-09-02 12:29:13,noise
6398936495763,6396313198121,T582,27.8,Elena Meyer,2025-09-02 03:26:40,noise
6398936495763,6397105164464,T582,16.1,Elena Meyer,2025-09-02 14:10:28,noise
6398936495763,6396313198121,T203,36.8,Elena Meyer,2025-09-01 10:12:09,noise
6398936495763,6398936495763,T203,11.2,Elena Meyer,2025-08-31 19:14:35,noise
6398936495763,6396817443067,T203,45.6,Elena Meyer,2025-08-31 02:29:12,noise
6398936495763,6396817443067,T582,10.5,Elena Meyer,2025-08-31 17:22:13,noise
6398936495763,6394351411690,T582,7.8,Elena Meyer,2025-08-30 20:23:59,noise
6398936495763,6391839641832,T203,11.8,Elena Meyer,2025-08-30 14:29:52,noise
6398936495763,6394168811006,T582,27.8,Elena Meyer,2025-08-29 22:11:35,noise
6398936495763,6396817443067,T582,24.6,Elena Meyer,2025-08-29 16:14:20,noise
6398936495763,6396313198121,T203,15.3,Elena Meyer,2025-08-28 14:06:38,noise
6398936495763,6396313198121,T203,20.9,Elena Meyer,2025-08-28 14:11:32,noise
6398936495763,6391839641832,T582,35.4,Elena Meyer,2025-08-28 21:12:06,noise
6398936495763,6392056728284,T203,20.9,Elena Meyer,2025-08-27 11:16:00,noise
6398936495763,6396817443067,T203,60.4,Elena Meyer,2025-08-26 12:14:13,noise
6398936495763,6397955281670,T203,6.2,Elena Meyer,2025-08-26 13:03:06,noise
6398936495763,6399489742631,T582,17.3,Elena Meyer,2025-08-26 18:23:47,noise
6398936495763,6396205553347,T582,14.2,Elena Meyer,2025-08-25 02:25:45,noise
6398936495763,6396313198121,T203,24.2,Elena Meyer,2025-08-25 17:04:13,noise
6398936495763,6399486544271,T582,18.8,Elena Meyer,2025-08-24 11:13:00,noise
6398936495763,6396817443067,T203,21.3,Elena Meyer,2025-08-24 14:17:03,noise
6398936495763,6396313198121,T203,41.5,Elena Meyer,2025-08-23 14:18:29,noise
6398936495763,6394317643354,T582,27.3,Elena Meyer,2025-08-23 09:18:10,noise
6398936495763,6392941380910,T582,36.3,Elena Meyer,2025-08-22 15:22:28,noise
6398936495763,6396817443067,T582,9.6,Elena Meyer,2025-08-21 19:14:47,noise
6398936495763,6396313198121,T203,20.1,Elena Meyer,2025-08-21 01:17:43,noise
6398936495763,6391839641832,T203,83.6,Elena Meyer,2025-08-20 08:10:13,noise
6398936495763,6392634085329,T203,15.6,Elena Meyer,2025-08-19 12:23:30,noise
6398936495763,6391839641832,T203,22.0,Elena Meyer,2025-08-19 19:19:24,noise
6398936495763,6399478806060,T582,9.0,Elena Meyer,2025-08-19 16:02:38,noise
6398936495763,6392894514895,T203,11.6,Elena Meyer,2025-08-18 08:00:09,noise
6398936495763,6397955281670,T203,11.7,Elena Meyer,2025-08-18 08:03:16,noise
6398936495763,6396313198121,T582,5.0,Elena Meyer,2025-08-17 17:08:53,noise
6398936495763,6391839641832,T203,23.6,Elena Meyer,2025-08-17 13:24:13,noise
6398936495763,6395176611292,T203,16.9,Elena Meyer,2025-08-16 18:18:46,noise
6398936495763,6394196958976,T582,22.6,Elena Meyer,2025-08-16 16:28:46,noise
6398936495763,6396817443067,T203,16.6,Elena Meyer,2025-08-16 18:30:34,noise
6398936495763,6391839641832,T203,16.7,Elena Meyer,2025-08-15 04:23:27,noise
6398936495763,6391839641832,T203,11.2,Elena Meyer,2025-08-15 15:10:50,noise
6398936495763,6391839641832,T203,15.4,Elena Meyer,2025-08-15 15:01:08,noise
6398936495763,6391839641832,T582,8.4,Elena Meyer,2025-08-14 10:19:56,noise
6398936495763,6396817443067,T582,14.7,Elena Meyer,2025-08-14 13:05:16,noise
6398936495763,6392435531798,T203,21.0,Elena Meyer,2025-08-13 15:00:28,noise
6398936495763,6391782370828,T582,12.0,Elena Meyer,2025-08-13 14:03:41,noise
6398936495763,6391839641832,T203,29.3,Elena Meyer,2025-08-13 14:21:13,noise
6398936495763,6396869656615,T203,17.0,Elena Meyer,2025-08-12 04:10:02,noise
6398936495763,6398935751205,T203,35.4,Elena Meyer,2025-08-12 19:25:23,noise
6398936495763,6396817443067,T203,18.2,Elena Meyer,2025-08-11 18:28:42,noise
6398936495763,6396313198121,T582,14.9,Elena Meyer,2025-08-10 03:28:18,noise
6398936495763,6394266369889,T203,21.9,Elena Meyer,2025-08-10 09:21:34,noise
6398936495763,6397063169102,T582,8.3,Elena Meyer,2025-08-09 13:06:58,noise
6398936495763,6396651014213,T582,9.4,Elena Meyer,2025-08-08 16:23:35,noise
6398936495763,6391839641832,T582,12.6,Elena Meyer,2025-08-08 14:27:48,noise
6398936495763,6396817443067,T582,5.4,Elena Meyer,2025-08-07 08:05:55,noise
6398936495763,6395651902688,T582,54.4,Elena Meyer,2025-08-07 20:30:02,noise
6398936495763,6396313198121,T582,3.4,Elena Meyer,2025-08-07 10:20:35,noise
6398936495763,6396817443067,T203,12.9,Elena Meyer,2025-08-06 22:03:03,noise
6398936495763,6396817443067,T582,27.6,Elena Meyer,2025-08-06 21:12:13,noise
6398936495763,6393615839537,T203,32.1,Elena Meyer,2025-08-05 09:28:37,noise
6398936495763,6391839641832,T582,67.2,Elena Meyer,2025-08-04 09:18:55,noise
6398936495763,6396817443067,T203,8.9,Elena Meyer,2025-08-04 16:06:43,noise
6397524223789,6396254128857,T481,4.7,Cara Kim,2025-10-18 22:14:17,noise
6397524223789,6391153479794,T481,27.6,Cara Kim,2025-10-17 15:28:20,noise
6397524223789,6399607110001,T481,18.5,Cara Kim,2025-10-17 18:28:46,noise
6397524223789,6392743343485,T762,13.1,Cara Kim,2025-10-16 11:21:36,noise
6397524223789,6392743343485,T481,10.7,Cara Kim,2025-10-16 17:30:34,noise
6397524223789,6396205553347,T481,12.5,Cara Kim,2025-10-15 21:18:35,noise
6397524223789,6396254128857,T762,19.3,Cara Kim,2025-10-14 11:24:40,noise
6397524223789,6392743343485,T481,6.9,Cara Kim,2025-10-13 09:15:46,noise
6397524223789,6398302372328,T762,16.6,Cara Kim,2025-10-13 18:12:00,noise
6397524223789,6396254128857,T481,10.3,Cara Kim,2025-10-12 19:26:11,noise
6397524223789,6396783753090,T762,19.1,Cara Kim,2025-10-11 10:10:08,noise
6397524223789,6396254128857,T762,4.4,Cara Kim,2025-10-11 22:10:25,noise
6397524223789,6396254128857,T762,11.6,Cara Kim,2025-10-10 12:23:02,noise
6397524223789,6391743328958,T481,6.4,Cara Kim,2025-10-10 10:24:58,noise
6397524223789,6395417290038,T481,22.9,Cara Kim,2025-10-09 00:04:27,noise
6397524223789,6395417290038,T481,5.5,Cara Kim,2025-10-09 08:12:13,noise
6397524223789,6395395226580,T762,9.0,Cara Kim,2025-10-08 20:08:23,noise
6397524223789,6393189436628,T762,20.8,Cara Kim,2025-10-08 13:23:34,noise
6397524223789,6392743343485,T762,41.5,Cara Kim,2025-10-08 03:21:44,noise
6397524223789,6396254128857,T762,16.2,Cara Kim,2025-10-07 17:08:58,noise
6397524223789,6396327643318,T481,13.8,Cara Kim,2025-10-07 14:01:56,noise
6397524223789,6396926232765,T481,35.2,Cara Kim,2025-10-06 13:15:02,noise
6397524223789,6392743343485,T481,18.7,Cara Kim,2025-10-05 09:29:07,noise
6397524223789,6392743343485,T762,9.0,Cara Kim,2025-10-05 18:01:14,noise
6397524223789,6398302372328,T762,5.5,Cara Kim,2025-10-05 09:12:55,noise
6397524223789,6395417290038,T762,18.9,Cara Kim,2025-10-04 05:26:50,noise
6397524223789,6392743343485,T481,21.6,Cara Kim,2025-10-04 04:06:37,noise
6397524223789,6392743343485,T481,8.6,Cara Kim,2025-10-04 20:05:53,noise
6397524223789,6396254128857,T762,34.0,Cara Kim,2025-10-03 22:26:23,noise
6397524223789,6395417290038,T481,11.5,Cara Kim,2025-10-03 13:15:23,noise
6397524223789,6396254128857,T762,8.3,Cara Kim,2025-10-02 14:22:03,noise
6397524223789,6395417290038,T762,14.3,Cara Kim,2025-10-01 13:19:05,noise
6397524223789,6392634085329,T481,20.4,Cara Kim,2025-10-01 12:16:17,noise
6397524223789,6395417290038,T762,22.0,Cara Kim,2025-09-30 14:24:17,noise
6397524223789,6396254128857,T762,20.4,Cara Kim,2025-09-30 08:01:06,noise
6397524223789,6392743343485,T762,24.1,Cara Kim,2025-09-29 12:23:42,noise
6397524223789,6395036386090,T481,24.8,Cara Kim,2025-09-29 14:11:08,noise
6397524223789,6397454260155,T762,18.0,Cara Kim,2025-09-29 09:03:24,noise
6397524223789,6395503747521,T762,44.9,Cara Kim,2025-09-28 10:22:03,noise
6397524223789,6395161647070,T762,11.0,Cara Kim,2025-09-28 03:14:32,noise
6397524223789,6398936495763,T481,7.9,Cara Kim,2025-09-28 11:10:53,noise
6397524223789,6392743343485,T762,15.2,Cara Kim,2025-09-27 08:18:34,noise
6397524223789,6392743343485,T481,39.0,Cara Kim,2025-09-27 18:05:51,noise
6397524223789,6396254128857,T762,27.6,Cara Kim,2025-09-26 03:10:06,noise
6397524223789,6398605205469,T762,22.0,Cara Kim,2025-09-26 19:12:50,noise
6397524223789,6395417290038,T762,34.1,Cara Kim,2025-09-25 20:19:11,noise
6397524223789,6393189436628,T762,13.4,Cara Kim,2025-09-24 19:28:55,noise
6397524223789,6392596108594,T762,13.2,Cara Kim,2025-09-24 21:21:01,noise
6397524223789,6396254128857,T481,30.2,Cara Kim,2025-09-23 19:21:56,noise
6397524223789,6396807432422,T481,73.7,Cara Kim,2025-09-23 21:30:46,noise
6397524223789,6395417290038,T762,9.6,Cara Kim,2025-09-23 08:13:02,noise
6397524223789,6396817443067,T762,49.9,Cara Kim,2025-09-22 17:22:15,noise
6397524223789,6395417290038,T762,17.0,Cara Kim,2025-09-21 19:25:34,noise
6397524223789,6397454260155,T762,12.5,Cara Kim,2025-09-21 12:08:28,noise
6397524223789,6397012123905,T481,11.7,Cara Kim,2025-09-20 13:00:59,noise
6397524223789,6392743343485,T481,18.8,Cara Kim,2025-09-20 15:11:39,noise
6397524223789,6397563073047,T481,6.7,Cara Kim,2025-09-19 16:09:44,noise
6397524223789,6395417290038,T762,8.4,Cara Kim,2025-09-19 15:12:41,noise
6397524223789,6396254128857,T762,25.2,Cara Kim,2025-09-18 20:08:32,noise
6397524223789,6396254128857,T762,8.9,Cara Kim,2025-09-18 16:16:34,noise
6397524223789,6397423633225,T481,6.6,Cara Kim,2025-09-17 10:18:28,noise
6397524223789,6392743343485,T762,9.7,Cara Kim,2025-09-17 17:10:09,noise
6397524223789,6396254128857,T481,15.6,Cara Kim,2025-09-16 20:03:07,noise
6397524223789,6397275036984,T481,39.3,Cara Kim,2025-09-16 22:14:09,noise
6397524223789,6392743343485,T762,35.9,Cara Kim,2025-09-15 08:06:44,noise
6397524223789,6395417290038,T762,30.8,Cara Kim,2025-09-15 12:17:21,noise
6397524223789,6396254128857,T762,59.0,Cara Kim,2025-09-14 00:03:33,noise
6397524223789,6395417290038,T762,33.2,Cara Kim,2025-09-14 20:28:35,noise
6397524223789,6395417290038,T481,14.7,Cara Kim,2025-09-13 14:28:20,noise
6397524223789,6395417290038,T481,30.7,Cara Kim,2025-09-13 15:18:20,noise
6397524223789,6392056728284,T762,7.4,Cara Kim,2025-09-12 20:12:02,noise
6397524223789,6396254128857,T481,11.6,Cara Kim,2025-09-12 16:05:11,noise
6397524223789,6396254128857,T762,6.5,Cara Kim,2025-09-11 11:07:21,noise
6397524223789,6392743343485,T481,36.5,Cara Kim,2025-09-11 00:14:28,noise
6397524223789,6396254128857,T481,41.6,Cara Kim,2025-09-10 14:01:52,noise
6397524223789,6395417290038,T481,7.5,Cara Kim,2025-09-10 13:12:04,noise
6397524223789,6392743343485,T481,20.7,Cara Kim,2025-09-09 20:19:28,noise
6397524223789,6399282295544,T762,18.3,Cara Kim,2025-09-08 21:22:04,noise
6397524223789,6395417290038,T762,11.4,Cara Kim,2025-09-08 15:28:48,noise
6397524223789,6398126884162,T481,11.3,Cara Kim,2025-09-07 12:18:48,noise
6397524223789,6396254128857,T481,15.1,Cara Kim,2025-09-06 12:16:55,noise
6397524223789,6395417290038,T762,62.1,Cara Kim,2025-09-06 05:00:23,noise
6397524223789,6397275036984,T762,12.4,Cara Kim,2025-09-05 14:02:36,noise
6397524223789,6393189436628,T481,23.1,Cara Kim,2025-09-05 22:02:16,noise
6397524223789,6394385485119,T762,10.1,Cara Kim,2025-09-04 19:20:47,noise
6397524223789,6395417290038,T481,7.2,Cara Kim,2025-09-04 20:27:19,noise
6397524223789,6394168811006,T762,12.5,Cara Kim,2025-09-03 12:13:43,noise
6397524223789,6396651014213,T762,22.4,Cara Kim,2025-09-03 19:23:01,noise
6397524223789,6393996622945,T762,27.5,Cara Kim,2025-09-03 19:24:04,noise
6397524223789,6395417290038,T762,23.6,Cara Kim,2025-09-02 12:26:33,noise
6397524223789,6395395226580,T762,12.7,Cara Kim,2025-09-02 10:19:07,noise
6397524223789,6392743343485,T481,29.1,Cara Kim,2025-09-01 19:04:08,noise
6397524223789,6395176413962,T762,15.6,Cara Kim,2025-09-01 10:01:32,noise
6397524223789,6392743343485,T481,10.3,Cara Kim,2025-09-01 19:09:53,noise
6397524223789,6395417290038,T481,15.7,Cara Kim,2025-08-31 23:14:46,noise
6397524223789,6396254128857,T762,14.2,Cara Kim,2025-08-31 13:14:34,noise
6397524223789,6395036386090,T762,35.0,Cara Kim,2025-08-30 14:23:25,noise
6397524223789,6392743343485,T762,5.7,Cara Kim,2025-08-30 17:20:46,noise
6397524223789,6396254128857,T481,5.7,Cara Kim,2025-08-29 15:21:57,noise
6397524223789,6397147861767,T762,14.2,Cara Kim,2025-08-28 00:22:00,noise
6397524223789,6392743343485,T762,25.5,Cara Kim,2025-08-27 13:25:26,noise
6397524223789,6398936495763,T762,20.9,Cara Kim,2025-08-27 17:04:39,noise
6397524223789,6396254128857,T762,27.8,Cara Kim,2025-08-27 21:17:34,noise
6397524223789,6392743343485,T762,11.2,Cara Kim,2025-08-26 23:25:41,noise
6397524223789,6395417290038,T762,17.1,Cara Kim,2025-08-26 12:00:41,noise
6397524223789,6392743343485,T481,41.8,Cara Kim,2025-08-25 18:18:36,noise
6397524223789,6396254128857,T762,19.9,Cara Kim,2025-08-25 10:01:56,noise
6397524223789,6395417290038,T481,14.4,Cara Kim,2025-08-25 22:17:45,noise
6397524223789,6395417290038,T481,7.0,Cara Kim,2025-08-24 23:24:28,noise
6397524223789,6395417290038,T762,17.9,Cara Kim,2025-08-24 22:03:43,noise
6397524223789,6398126884162,T481,48.2,Cara Kim,2025-08-23 00:20:32,noise
6397524223789,6396254128857,T762,10.6,Cara Kim,2025-08-23 14:21:10,noise
6397524223789,6395417290038,T762,17.0,Cara Kim,2025-08-22 11:16:36,noise
6397524223789,6396807432422,T762,20.0,Cara Kim,2025-08-22 16:11:42,noise
6397524223789,6394901039851,T762,31.9,Cara Kim,2025-08-21 18:15:43,noise
6397524223789,6395417290038,T762,14.4,Cara Kim,2025-08-20 16:25:06,noise
6397524223789,6393996622945,T762,6.1,Cara Kim,2025-08-20 22:19:15,noise
6397524223789,6392743343485,T481,46.7,Cara Kim,2025-08-19 12:17:39,noise
6397524223789,6396254128857,T481,8.6,Cara Kim,2025-08-19 15:06:46,noise
6397524223789,6399063738848,T762,13.8,Cara Kim,2025-08-19 18:26:10,noise
6397524223789,6395417290038,T481,11.8,Cara Kim,2025-08-18 23:18:24,noise
6397524223789,6391839641832,T762,4.3,Cara Kim,2025-08-18 21:13:56,noise
6397524223789,6395417290038,T762,28.0,Cara Kim,2025-08-18 17:19:18,noise
6397524223789,6395417290038,T762,7.9,Cara Kim,2025-08-17 11:21:08,noise
6397524223789,6395786703009,T762,13.7,Cara Kim,2025-08-17 15:24:02,noise
6397524223789,6392743343485,T762,21.2,Cara Kim,2025-08-16 16:26:02,noise
6397524223789,6399478806060,T762,5.7,Cara Kim,2025-08-15 09:24:58,noise
6397524223789,6396254128857,T481,16.7,Cara Kim,2025-08-14 20:10:56,noise
6397524223789,6395417290038,T762,18.9,Cara Kim,2025-08-14 16:09:21,noise
6397524223789,6395417290038,T762,62.3,Cara Kim,2025-08-13 14:27:00,noise
6397524223789,6392743343485,T762,21.4,Cara Kim,2025-08-13 05:01:52,noise
6397524223789,6396327643318,T481,33.7,Cara Kim,2025-08-13 17:20:55,noise
6397524223789,6395417290038,T481,13.6,Cara Kim,2025-08-12 11:27:12,noise
6397524223789,6395395226580,T481,16.9,Cara Kim,2025-08-12 20:22:08,noise
6397524223789,6396254128857,T762,20.4,Cara Kim,2025-08-12 12:09:15,noise
6397524223789,6394168811006,T481,87.0,Cara Kim,2025-08-11 18:20:21,noise
6397524223789,6397275036984,T762,8.3,Cara Kim,2025-08-11 23:04:36,noise
6397524223789,6392743343485,T762,23.9,Cara Kim,2025-08-11 16:01:23,noise
6397524223789,6392435531798,T481,26.0,Cara Kim,2025-08-10 13:02:06,noise
6397524223789,6395869422194,T762,42.3,Cara Kim,2025-08-10 08:25:21,noise
6397524223789,6396254128857,T762,32.9,Cara Kim,2025-08-10 20:24:48,noise
6397524223789,6392743343485,T762,7.8,Cara Kim,2025-08-09 18:11:17,noise
6397524223789,6394684715577,T762,13.6,Cara Kim,2025-08-09 13:18:44,noise
6397524223789,6398605205469,T762,30.5,Cara Kim,2025-08-09 15:02:57,noise
6397524223789,6392743343485,T762,6.9,Cara Kim,2025-08-08 09:16:00,noise
6397524223789,6396254128857,T762,4.9,Cara Kim,2025-08-08 01:01:13,noise
6397524223789,6396817443067,T481,10.8,Cara Kim,2025-08-07 20:05:14,noise
6397524223789,6396254128857,T481,39.6,Cara Kim,2025-08-07 20:30:50,noise
6397524223789,6392743343485,T481,35.5,Cara Kim,2025-08-06 08:18:58,noise
6397524223789,6393615839537,T481,24.2,Cara Kim,2025-08-05 23:26:57,noise
6397524223789,6397524223789,T762,11.8,Cara Kim,2025-08-05 21:30:44,noise
6397524223789,6396254128857,T762,11.8,Cara Kim,2025-08-04 08:08:06,noise
6397524223789,6394775439440,T762,16.6,Cara Kim,2025-08-04 17:18:59,noise
6394266369889,6393189436628,T662,6.4,Ivy Wei,2025-10-18 08:25:01,noise
6394266369889,6393189436628,T662,23.2,Ivy Wei,2025-10-17 11:16:43,noise
6394266369889,6392778974508,T662,25.3,Ivy Wei,2025-10-17 15:08:52,noise
6394266369889,6399607110001,T544,8.5,Ivy Wei,2025-10-16 04:05:30,noise
6394266369889,6394351411690,T662,12.1,Ivy Wei,2025-10-16 19:18:22,noise
6394266369889,6394984418393,T544,14.7,Ivy Wei,2025-10-16 22:15:19,noise
6394266369889,6398936495763,T544,7.5,Ivy Wei,2025-10-15 17:30:58,noise
6394266369889,6396254128857,T662,5.3,Ivy Wei,2025-10-14 22:21:46,noise
6394266369889,6396817443067,T662,3.9,Ivy Wei,2025-10-13 00:14:01,noise
6394266369889,6392778974508,T662,19.5,Ivy Wei,2025-10-13 08:08:01,noise
6394266369889,6397423633225,T662,7.3,Ivy Wei,2025-10-12 23:03:39,noise
6394266369889,6391782370828,T544,6.5,Ivy Wei,2025-10-12 20:19:24,noise
6394266369889,6398126884162,T544,9.0,Ivy Wei,2025-10-11 18:27:47,noise
6394266369889,6398936495763,T662,7.0,Ivy Wei,2025-10-11 18:09:13,noise
6394266369889,6393189436628,T544,9.7,Ivy Wei,2025-10-10 13:22:49,noise
6394266369889,6398936495763,T662,4.8,Ivy Wei,2025-10-09 11:21:00,noise
6394266369889,6396254128857,T662,4.9,Ivy Wei,2025-10-09 13:01:29,noise
6394266369889,6392778974508,T544,29.1,Ivy Wei,2025-10-08 10:22:27,noise
6394266369889,6392778974508,T544,9.3,Ivy Wei,2025-10-08 13:26:36,noise
6394266369889,6393189436628,T662,47.0,Ivy Wei,2025-10-08 08:08:03,noise
6394266369889,6393189436628,T662,5.3,Ivy Wei,2025-10-07 19:18:09,noise
6394266369889,6393128476840,T544,5.8,Ivy Wei,2025-10-07 08:18:30,noise
6394266369889,6397423633225,T662,13.0,Ivy Wei,2025-10-06 22:23:10,noise
6394266369889,6395453841530,T544,15.3,Ivy Wei,2025-10-05 16:25:56,noise
6394266369889,6393189436628,T544,7.2,Ivy Wei,2025-10-05 08:04:04,noise
6394266369889,6393189436628,T662,4.4,Ivy Wei,2025-10-04 13:04:14,noise
6394266369889,6395161647070,T662,22.6,Ivy Wei,2025-10-04 15:17:02,noise
6394266369889,6391707618661,T544,33.6,Ivy Wei,2025-10-03 14:24:53,noise
6394266369889,6396783753090,T662,7.1,Ivy Wei,2025-10-02 19:14:35,noise
6394266369889,6392778974508,T662,13.9,Ivy Wei,2025-10-02 21:14:18,noise
6394266369889,6392778974508,T544,16.4,Ivy Wei,2025-10-01 14:12:05,noise
6394266369889,6398936495763,T662,32.6,Ivy Wei,2025-10-01 13:26:28,noise
6394266369889,6395786703009,T544,38.8,Ivy Wei,2025-09-30 19:24:10,noise
6394266369889,6398605205469,T544,23.4,Ivy Wei,2025-09-30 11:08:34,noise
6394266369889,6398936495763,T662,14.8,Ivy Wei,2025-09-29 08:20:46,noise
6394266369889,6393189436628,T544,24.4,Ivy Wei,2025-09-29 20:09:26,noise
6394266369889,6394772775911,T662,83.9,Ivy Wei,2025-09-29 23:26:33,noise
6394266369889,6393189436628,T544,9.2,Ivy Wei,2025-09-28 22:17:29,noise
6394266369889,6392778974508,T544,40.2,Ivy Wei,2025-09-28 12:27:45,noise
6394266369889,6392778974508,T662,5.0,Ivy Wei,2025-09-28 14:15:21,noise
6394266369889,6398936495763,T662,22.0,Ivy Wei,2025-09-27 17:28:48,noise
6394266369889,6391707618661,T662,12.3,Ivy Wei,2025-09-27 15:25:23,noise
6394266369889,6397335537719,T662,36.3,Ivy Wei,2025-09-27 20:11:45,noise
6394266369889,6392778974508,T662,8.1,Ivy Wei,2025-09-26 13:10:25,noise
6394266369889,6392778974508,T662,25.5,Ivy Wei,2025-09-25 10:01:12,noise
6394266369889,6391969388584,T662,13.2,Ivy Wei,2025-09-25 14:29:01,noise
6394266369889,6397861553600,T544,30.4,Ivy Wei,2025-09-24 17:22:23,noise
6394266369889,6398936495763,T544,45.8,Ivy Wei,2025-09-24 16:29:40,noise
6394266369889,6397955281670,T662,18.5,Ivy Wei,2025-09-23 02:08:34,noise
6394266369889,6393189436628,T544,15.4,Ivy Wei,2025-09-23 04:10:51,noise
6394266369889,6393189436628,T544,36.3,Ivy Wei,2025-09-22 10:08:59,noise
6394266369889,6398936495763,T662,7.0,Ivy Wei,2025-09-22 11:04:43,noise
6394266369889,6398607746834,T662,28.5,Ivy Wei,2025-09-21 11:10:39,noise
6394266369889,6399486544271,T544,9.1,Ivy Wei,2025-09-21 13:03:20,noise
6394266369889,6395176611292,T544,9.2,Ivy Wei,2025-09-21 09:10:51,noise
6394266369889,6393189436628,T662,3.1,Ivy Wei,2025-09-20 12:26:01,noise
6394266369889,6396336852250,T662,11.9,Ivy Wei,2025-09-20 23:06:33,noise
6394266369889,6392778974508,T662,2.7,Ivy Wei,2025-09-20 20:08:05,noise
6394266369889,6392099486686,T544,6.4,Ivy Wei,2025-09-19 12:04:17,noise
6394266369889,6398936495763,T662,36.3,Ivy Wei,2025-09-18 02:21:21,noise
6394266369889,6398478492299,T544,10.3,Ivy Wei,2025-09-18 19:03:20,noise
6394266369889,6395786703009,T662,9.6,Ivy Wei,2025-09-18 15:05:27,noise
6394266369889,6393189436628,T544,7.2,Ivy Wei,2025-09-17 16:01:37,noise
6394266369889,6394385485119,T662,4.3,Ivy Wei,2025-09-17 16:12:03,noise
6394266369889,6398936495763,T544,29.2,Ivy Wei,2025-09-16 19:18:46,noise
6394266369889,6397563073047,T544,16.4,Ivy Wei,2025-09-16 17:05:40,noise
6394266369889,6393189436628,T662,8.1,Ivy Wei,2025-09-15 09:11:57,noise
6394266369889,6392778974508,T544,7.6,Ivy Wei,2025-09-14 18:17:32,noise
6394266369889,6393128476840,T662,29.2,Ivy Wei,2025-09-14 17:24:58,noise
6394266369889,6393189436628,T662,24.2,Ivy Wei,2025-09-14 22:05:08,noise
6394266369889,6397563073047,T662,44.3,Ivy Wei,2025-09-13 13:18:10,noise
6394266369889,6396449831833,T544,14.4,Ivy Wei,2025-09-12 11:19:59,noise
6394266369889,6393489048828,T544,24.4,Ivy Wei,2025-09-12 15:09:42,noise
6394266369889,6393189436628,T662,16.4,Ivy Wei,2025-09-11 11:16:40,noise
6394266369889,6392778974508,T544,19.7,Ivy Wei,2025-09-11 09:04:01,noise
6394266369889,6392364622622,T544,12.5,Ivy Wei,2025-09-10 17:24:38,noise
6394266369889,6394266369889,T544,80.7,Ivy Wei,2025-09-10 10:30:10,noise
6394266369889,6395651902688,T662,14.8,Ivy Wei,2025-09-09 04:19:26,noise
6394266369889,6392778974508,T544,21.9,Ivy Wei,2025-09-08 16:27:20,noise
6394266369889,6393189436628,T662,10.5,Ivy Wei,2025-09-08 19:13:36,noise
6394266369889,6392778974508,T662,8.0,Ivy Wei,2025-09-08 22:22:53,noise
6394266369889,6392778974508,T544,39.2,Ivy Wei,2025-09-07 11:11:42,noise
6394266369889,6392778974508,T544,6.4,Ivy Wei,2025-09-06 12:04:08,noise
6394266369889,6396801877658,T662,19.8,Ivy Wei,2025-09-06 20:03:35,noise
6394266369889,6392778974508,T544,7.8,Ivy Wei,2025-09-05 22:19:01,noise
6394266369889,6393189436628,T662,7.0,Ivy Wei,2025-09-05 22:23:10,noise
6394266369889,6391743328958,T544,39.9,Ivy Wei,2025-09-04 15:09:32,noise
6394266369889,6393189436628,T544,15.1,Ivy Wei,2025-09-04 09:01:21,noise
6394266369889,6398936495763,T662,27.5,Ivy Wei,2025-09-04 12:16:38,noise
6394266369889,6392778974508,T662,12.4,Ivy Wei,2025-09-03 11:10:32,noise
6394266369889,6398126884162,T544,11.9,Ivy Wei,2025-09-02 04:07:46,noise
6394266369889,6399282295544,T544,9.9,Ivy Wei,2025-09-02 18:22:33,noise
6394266369889,6398936495763,T544,6.1,Ivy Wei,2025-09-02 18:13:07,noise
6394266369889,6398936495763,T662,10.2,Ivy Wei,2025-09-01 15:14:56,noise
6394266369889,6392778974508,T662,10.1,Ivy Wei,2025-09-01 15:04:07,noise
6394266369889,6392778974508,T544,9.9,Ivy Wei,2025-09-01 12:20:48,noise
6394266369889,6398936495763,T544,124.4,Ivy Wei,2025-08-31 08:16:51,noise
6394266369889,6399486544271,T662,40.3,Ivy Wei,2025-08-31 20:03:11,noise
6394266369889,6392778974508,T662,12.6,Ivy Wei,2025-08-30 15:23:32,noise
6394266369889,6393189436628,T662,13.4,Ivy Wei,2025-08-30 13:14:44,noise
6394266369889,6392778974508,T544,13.3,Ivy Wei,2025-08-30 14:21:48,noise
6394266369889,6398936495763,T662,16.8,Ivy Wei,2025-08-29 18:14:36,noise
6394266369889,6392778974508,T544,5.2,Ivy Wei,2025-08-28 15:03:28,noise
6394266369889,6398126884162,T662,34.4,Ivy Wei,2025-08-28 16:29:02,noise
6394266369889,6398936495763,T662,5.6,Ivy Wei,2025-08-28 12:12:15,noise
6394266369889,6398936495763,T662,14.0,Ivy Wei,2025-08-27 18:01:52,noise
6394266369889,6398936495763,T544,25.4,Ivy Wei,2025-08-27 16:10:30,noise
6394266369889,6395503747521,T662,60.4,Ivy Wei,2025-08-26 08:26:12,noise
6394266369889,6393189436628,T544,33.4,Ivy Wei,2025-08-25 18:25:47,noise
6394266369889,6395786703009,T662,21.8,Ivy Wei,2025-08-24 03:27:01,noise
6394266369889,6398936495763,T544,8.4,Ivy Wei,2025-08-23 15:29:52,noise
6394266369889,6397105164464,T662,7.8,Ivy Wei,2025-08-23 09:07:16,noise
6394266369889,6394483976722,T544,9.0,Ivy Wei,2025-08-22 22:27:14,noise
6394266369889,6392743343485,T544,20.1,Ivy Wei,2025-08-22 23:01:32,noise
6394266369889,6397335537719,T662,9.8,Ivy Wei,2025-08-22 00:29:05,noise
6394266369889,6396869656615,T662,24.2,Ivy Wei,2025-08-21 23:15:47,noise
6394266369889,6393189436628,T662,10.2,Ivy Wei,2025-08-21 13:27:13,noise
6394266369889,6393189436628,T544,48.4,Ivy Wei,2025-08-20 18:23:55,noise
6394266369889,6393189436628,T544,40.4,Ivy Wei,2025-08-19 13:11:20,noise
6394266369889,6393189436628,T544,25.3,Ivy Wei,2025-08-19 09:24:01,noise
6394266369889,6392778974508,T544,9.8,Ivy Wei,2025-08-18 04:05:27,noise
6394266369889,6398605205469,T662,9.9,Ivy Wei,2025-08-18 23:08:35,noise
6394266369889,6392778974508,T662,15.3,Ivy Wei,2025-08-18 14:11:39,noise
6394266369889,6398936495763,T544,8.5,Ivy Wei,2025-08-17 15:26:36,noise
6394266369889,6398936495763,T662,7.7,Ivy Wei,2025-08-17 23:14:07,noise
6394266369889,6396926232765,T662,25.4,Ivy Wei,2025-08-17 16:15:51,noise
6394266369889,6392778974508,T544,24.5,Ivy Wei,2025-08-16 19:28:33,noise
6394266369889,6393189436628,T662,70.6,Ivy Wei,2025-08-15 12:03:54,noise
6394266369889,6392778974508,T662,18.0,Ivy Wei,2025-08-14 13:03:13,noise
6394266369889,6392099486686,T544,26.2,Ivy Wei,2025-08-14 22:04:57,noise
6394266369889,6394196958976,T662,8.2,Ivy Wei,2025-08-13 22:30:41,noise
6394266369889,6393189436628,T544,8.2,Ivy Wei,2025-08-13 18:10:36,noise
6394266369889,6392941380910,T662,9.5,Ivy Wei,2025-08-12 14:22:53,noise
6394266369889,6393189436628,T544,8.3,Ivy Wei,2025-08-12 23:20:47,noise
6394266369889,6398936495763,T662,11.8,Ivy Wei,2025-08-12 14:16:13,noise
6394266369889,6393189436628,T662,10.3,Ivy Wei,2025-08-11 08:07:54,noise
6394266369889,6393189436628,T544,43.8,Ivy Wei,2025-08-10 15:13:10,noise
6394266369889,6396869656615,T544,23.4,Ivy Wei,2025-08-10 13:19:54,noise
6394266369889,6394984418393,T662,17.0,Ivy Wei,2025-08-10 23:12:30,noise
6394266369889,6392778974508,T544,10.3,Ivy Wei,2025-08-09 09:01:49,noise
6394266369889,6393189436628,T662,41.0,Ivy Wei,2025-08-09 20:18:15,noise
6394266369889,6392778974508,T544,18.9,Ivy Wei,2025-08-08 21:21:19,noise
6394266369889,6393189436628,T544,10.0,Ivy Wei,2025-08-07 16:11:33,noise
6394266369889,6398936495763,T662,26.9,Ivy Wei,2025-08-07 09:18:49,noise
6394266369889,6396659007500,T544,6.3,Ivy Wei,2025-08-06 16:22:56,noise
6394266369889,6393189436628,T662,5.3,Ivy Wei,2025-08-06 11:13:27,noise
6394266369889,6392743343485,T662,3.4,Ivy Wei,2025-08-06 18:12:05,noise
6394266369889,6393189436628,T544,8.6,Ivy Wei,2025-08-05 08:27:29,noise
6394266369889,6392778974508,T544,20.6,Ivy Wei,2025-08-05 21:12:55,noise
6394266369889,6392778974508,T662,12.2,Ivy Wei,2025-08-04 10:07:56,noise
6394266369889,6393189436628,T662,21.9,Ivy Wei,2025-08-04 01:11:51,noise
6394775439440,6399063738848,T591,181.8,Tomas Gomes,2025-12-08 11:17:58,noise
6394775439440,6392849430457,T591,218.2,Tomas Gomes,2025-12-19 11:07:48,noise
6394775439440,6396327643318,T591,130.1,Tomas Gomes,2025-11-28 18:19:48,noise
6394775439440,6395651902688,T591,228.7,Tomas Gomes,2025-12-16 10:23:45,noise
6394775439440,6395395226580,T591,68.2,Tomas Gomes,2025-11-30 09:30:13,noise
6394775439440,6394126829491,T591,172.1,Tomas Gomes,2025-11-25 22:30:26,noise
6394775439440,6396449831833,T591,71.9,Tomas Gomes,2025-12-11 11:02:48,noise
6394775439440,6395651902688,T591,229.1,Tomas Gomes,2025-12-25 14:22:39,noise
6394775439440,6392743343485,T591,68.0,Tomas Gomes,2025-12-25 03:28:29,noise
6391777783479,6398935751205,T528,15.6,Elena Yamamoto,2025-10-18 18:19:31,noise
6391777783479,6395869422194,T685,7.3,Elena Yamamoto,2025-10-17 20:04:29,noise
6391777783479,6399478806060,T685,16.5,Elena Yamamoto,2025-10-17 19:00:03,noise
6391777783479,6395869422194,T528,213.0,Elena Yamamoto,2025-10-16 03:30:52,noise
6391777783479,6397236553825,T528,6.0,Elena Yamamoto,2025-10-16 15:19:00,noise
6391777783479,6395417290038,T685,20.5,Elena Yamamoto,2025-10-15 16:22:52,noise
6391777783479,6399478806060,T685,15.4,Elena Yamamoto,2025-10-14 08:18:55,noise
6391777783479,6395869422194,T685,19.9,Elena Yamamoto,2025-10-13 08:22:00,noise
6391777783479,6395869422194,T528,21.5,Elena Yamamoto,2025-10-13 21:16:15,noise
6391777783479,6397236553825,T528,12.0,Elena Yamamoto,2025-10-12 05:18:10,noise
6391777783479,6397236553825,T685,19.7,Elena Yamamoto,2025-10-11 10:00:14,noise
6391777783479,6399478806060,T528,21.7,Elena Yamamoto,2025-10-11 08:01:10,noise
6391777783479,6396801877658,T685,14.2,Elena Yamamoto,2025-10-11 13:25:04,noise
6391777783479,6399371596006,T685,13.8,Elena Yamamoto,2025-10-10 19:01:30,noise
6391777783479,6395869422194,T685,4.9,Elena Yamamoto,2025-10-10 23:27:29,noise
6391777783479,6393429023955,T528,38.5,Elena Yamamoto,2025-10-09 22:15:32,noise
6391777783479,6395869422194,T685,27.7,Elena Yamamoto,2025-10-09 10:21:00,noise
6391777783479,6395869422194,T685,67.0,Elena Yamamoto,2025-10-09 11:30:15,noise
6391777783479,6399478806060,T685,8.9,Elena Yamamoto,2025-10-08 21:03:19,noise
6391777783479,6399478806060,T528,20.3,Elena Yamamoto,2025-10-08 19:12:20,noise
6391777783479,6396254128857,T685,28.0,Elena Yamamoto,2025-10-07 12:15:32,noise
6391777783479,6395869422194,T685,62.0,Elena Yamamoto,2025-10-07 12:30:49,noise
6391777783479,6399486544271,T685,61.7,Elena Yamamoto,2025-10-07 18:30:39,noise
6391777783479,6398478492299,T685,20.5,Elena Yamamoto,2025-10-06 18:21:06,noise
6391777783479,6399478806060,T528,20.4,Elena Yamamoto,2025-10-06 17:05:44,noise
6391777783479,6397236553825,T685,7.5,Elena Yamamoto,2025-10-06 10:07:38,noise
6391777783479,6397236553825,T528,42.6,Elena Yamamoto,2025-10-05 19:00:24,noise
6391777783479,6395907760981,T685,7.0,Elena Yamamoto,2025-10-04 17:06:19,noise
6391777783479,6399478806060,T685,12.9,Elena Yamamoto,2025-10-04 08:23:45,noise
6391777783479,6395869422194,T685,14.0,Elena Yamamoto,2025-10-03 15:01:36,noise
6391777783479,6395869422194,T685,39.2,Elena Yamamoto,2025-10-03 11:28:48,noise
6391777783479,6395869422194,T528,167.2,Elena Yamamoto,2025-10-02 09:02:20,noise
6391777783479,6395869422194,T528,28.2,Elena Yamamoto,2025-10-02 20:18:18,noise
6391777783479,6397236553825,T685,14.4,Elena Yamamoto,2025-10-01 10:12:51,noise
6391777783479,6399478806060,T528,15.1,Elena Yamamoto,2025-10-01 11:27:33,noise
6391777783479,6399478806060,T528,7.2,Elena Yamamoto,2025-09-30 14:00:37,noise
6391777783479,6399478806060,T685,25.7,Elena Yamamoto,2025-09-30 20:11:29,noise
6391777783479,6397236553825,T685,24.3,Elena Yamamoto,2025-09-30 01:11:02,noise
6391777783479,6395869422194,T528,9.6,Elena Yamamoto,2025-09-29 21:30:34,noise
6391777783479,6398605205469,T528,14.0,Elena Yamamoto,2025-09-28 10:23:56,noise
6391777783479,6399478806060,T685,16.1,Elena Yamamoto,2025-09-28 17:13:24,noise
6391777783479,6399478806060,T685,21.1,Elena Yamamoto,2025-09-27 12:16:46,noise
6391777783479,6396807432422,T685,7.1,Elena Yamamoto,2025-09-27 10:15:36,noise
6391777783479,6399063738848,T685,20.5,Elena Yamamoto,2025-09-26 20:25:21,noise
6391777783479,6396651014213,T685,56.2,Elena Yamamoto,2025-09-26 08:03:11,noise
6391777783479,6393189436628,T685,8.0,Elena Yamamoto,2025-09-25 21:00:28,noise
6391777783479,6395869422194,T685,37.8,Elena Yamamoto,2025-09-25 20:00:50,noise
6391777783479,6394483976722,T685,13.9,Elena Yamamoto,2025-09-24 12:19:18,noise
6391777783479,6399749908291,T685,20.4,Elena Yamamoto,2025-09-24 10:13:02,noise
6391777783479,6397236553825,T685,34.4,Elena Yamamoto,2025-09-23 09:01:41,noise
6391777783479,6395869422194,T685,12.3,Elena Yamamoto,2025-09-22 16:03:19,noise
6391777783479,6393128476840,T685,20.7,Elena Yamamoto,2025-09-22 22:10:50,noise
6391777783479,6397105164464,T528,28.7,Elena Yamamoto,2025-09-21 08:24:00,noise
6391777783479,6397236553825,T528,9.7,Elena Yamamoto,2025-09-21 20:03:45,noise
6391777783479,6395869422194,T685,38.1,Elena Yamamoto,2025-09-21 02:17:07,noise
6391777783479,6397236553825,T685,11.8,Elena Yamamoto,2025-09-20 21:26:43,noise
6391777783479,6392743343485,T528,14.7,Elena Yamamoto,2025-09-20 10:21:33,noise
6391777783479,6399607110001,T685,25.2,Elena Yamamoto,2025-09-19 10:14:38,noise
6391777783479,6395869422194,T528,17.2,Elena Yamamoto,2025-09-19 22:23:21,noise
6391777783479,6394168811006,T528,22.9,Elena Yamamoto,2025-09-19 09:18:20,noise
6391777783479,6397454260155,T685,18.4,Elena Yamamoto,2025-09-18 23:24:14,noise
6391777783479,6397236553825,T685,23.1,Elena Yamamoto,2025-09-18 16:27:42,noise
6391777783479,6399478806060,T685,4.1,Elena Yamamoto,2025-09-17 23:18:42,noise
6391777783479,6392435531798,T685,8.4,Elena Yamamoto,2025-09-16 08:25:36,noise
6391777783479,6397236553825,T685,25.8,Elena Yamamoto,2025-09-16 00:20:14,noise
6391777783479,6399478806060,T685,17.3,Elena Yamamoto,2025-09-15 11:11:10,noise
6391777783479,6399478806060,T528,27.7,Elena Yamamoto,2025-09-15 23:04:25,noise
6391777783479,6399478806060,T528,13.4,Elena Yamamoto,2025-09-15 00:17:18,noise
6391777783479,6398605205469,T685,8.9,Elena Yamamoto,2025-09-14 11:18:42,noise
6391777783479,6395869422194,T685,20.1,Elena Yamamoto,2025-09-14 10:14:51,noise
6391777783479,6399478806060,T685,57.6,Elena Yamamoto,2025-09-13 23:29:11,noise
6391777783479,6395869422194,T528,25.4,Elena Yamamoto,2025-09-12 02:16:28,noise
6391777783479,6393189436628,T685,8.2,Elena Yamamoto,2025-09-12 05:04:32,noise
6391777783479,6399489742631,T685,12.7,Elena Yamamoto,2025-09-11 08:29:53,noise
6391777783479,6395869422194,T528,11.3,Elena Yamamoto,2025-09-11 17:01:11,noise
6391777783479,6399607110001,T528,3.9,Elena Yamamoto,2025-09-10 15:06:32,noise
6391777783479,6395869422194,T528,27.0,Elena Yamamoto,2025-09-09 03:26:53,noise
6391777783479,6395907760981,T685,23.9,Elena Yamamoto,2025-09-08 15:18:59,noise
6391777783479,6398936495763,T685,52.6,Elena Yamamoto,2025-09-08 18:18:19,noise
6391777783479,6399478806060,T685,10.7,Elena Yamamoto,2025-09-07 13:13:48,noise
6391777783479,6394684715577,T528,32.9,Elena Yamamoto,2025-09-07 23:19:50,noise
6391777783479,6396652537140,T528,9.6,Elena Yamamoto,2025-09-06 09:10:42,noise
6391777783479,6399478806060,T685,25.6,Elena Yamamoto,2025-09-06 15:19:53,noise
6391777783479,6395869422194,T528,50.7,Elena Yamamoto,2025-09-05 02:24:14,noise
6391777783479,6399282295544,T528,6.4,Elena Yamamoto,2025-09-05 19:27:37,noise
6391777783479,6397236553825,T685,57.6,Elena Yamamoto,2025-09-05 20:03:39,noise
6391777783479,6399902228679,T685,18.6,Elena Yamamoto,2025-09-04 18:19:22,noise
6391777783479,6397423633225,T685,12.3,Elena Yamamoto,2025-09-04 12:30:23,noise
6391777783479,6397236553825,T528,14.2,Elena Yamamoto,2025-09-03 20:23:03,noise
6391777783479,6397236553825,T685,33.2,Elena Yamamoto,2025-09-03 18:09:13,noise
6391777783479,6395869422194,T685,42.8,Elena Yamamoto,2025-09-02 19:22:39,noise
6391777783479,6399478806060,T528,18.2,Elena Yamamoto,2025-09-02 16:19:41,noise
6391777783479,6397236553825,T685,52.5,Elena Yamamoto,2025-09-01 08:06:39,noise
6391777783479,6397454260155,T685,17.5,Elena Yamamoto,2025-09-01 04:23:22,noise
6391777783479,6395869422194,T685,7.0,Elena Yamamoto,2025-09-01 16:15:30,noise
6391777783479,6397063169102,T685,32.6,Elena Yamamoto,2025-08-31 10:29:46,noise
6391777783479,6394733500690,T685,49.0,Elena Yamamoto,2025-08-31 19:26:36,noise
6391777783479,6397236553825,T685,23.1,Elena Yamamoto,2025-08-30 09:03:23,noise
6391777783479,6399478806060,T685,16.4,Elena Yamamoto,2025-08-30 08:21:31,noise
6391777783479,6399478806060,T528,28.7,Elena Yamamoto,2025-08-30 13:23:01,noise
6391777783479,6399478806060,T528,30.6,Elena Yamamoto,2025-08-29 03:01:49,noise
6391777783479,6399478806060,T685,4.8,Elena Yamamoto,2025-08-28 10:15:35,noise
6391777783479,6395869422194,T685,75.8,Elena Yamamoto,2025-08-28 10:10:17,noise
6391777783479,6393996622945,T685,22.1,Elena Yamamoto,2025-08-27 09:19:18,noise
6391777783479,6396336852250,T528,21.8,Elena Yamamoto,2025-08-26 23:17:38,noise
6391777783479,6393429023955,T528,54.2,Elena Yamamoto,2025-08-26 16:13:48,noise
6391777783479,6394772775911,T528,7.8,Elena Yamamoto,2025-08-25 09:08:42,noise
6391777783479,6399282295544,T685,14.8,Elena Yamamoto,2025-08-25 15:22:28,noise
6391777783479,6399749908291,T685,17.5,Elena Yamamoto,2025-08-24 19:00:25,noise
6391777783479,6399478806060,T528,17.6,Elena Yamamoto,2025-08-24 14:14:35,noise
6391777783479,6394317643354,T528,4.7,Elena Yamamoto,2025-08-23 08:04:07,noise
6391777783479,6395869422194,T685,7.0,Elena Yamamoto,2025-08-22 18:07:48,noise
6391777783479,6397236553825,T685,7.7,Elena Yamamoto,2025-08-22 14:20:26,noise
6391777783479,6396926232765,T528,16.7,Elena Yamamoto,2025-08-21 10:08:18,noise
6391777783479,6399478806060,T685,41.8,Elena Yamamoto,2025-08-21 16:06:17,noise
6391777783479,6395869422194,T685,31.9,Elena Yamamoto,2025-08-20 09:18:19,noise
6391777783479,6395786703009,T685,13.6,Elena Yamamoto,2025-08-20 18:28:51,noise
6391777783479,6397236553825,T528,12.5,Elena Yamamoto,2025-08-19 14:14:58,noise
6391777783479,6395869422194,T528,19.7,Elena Yamamoto,2025-08-18 20:16:08,noise
6391777783479,6392849430457,T685,57.9,Elena Yamamoto,2025-08-17 02:05:52,noise
6391777783479,6399478806060,T528,12.1,Elena Yamamoto,2025-08-17 09:06:45,noise
6391777783479,6395869422194,T685,18.7,Elena Yamamoto,2025-08-16 11:17:33,noise
6391777783479,6399607110001,T685,6.2,Elena Yamamoto,2025-08-16 10:01:16,noise
6391777783479,6391743328958,T685,19.3,Elena Yamamoto,2025-08-15 14:02:33,noise
6391777783479,6398935751205,T685,28.0,Elena Yamamoto,2025-08-15 23:12:30,noise
6391777783479,6399478806060,T685,3.8,Elena Yamamoto,2025-08-14 12:11:24,noise
6391777783479,6399478806060,T685,13.9,Elena Yamamoto,2025-08-14 14:11:05,noise
6391777783479,6399478806060,T685,7.9,Elena Yamamoto,2025-08-13 17:28:02,noise
6391777783479,6392435531798,T685,58.1,Elena Yamamoto,2025-08-13 16:26:42,noise
6391777783479,6399478806060,T528,32.6,Elena Yamamoto,2025-08-12 11:07:32,noise
6391777783479,6395869422194,T685,12.3,Elena Yamamoto,2025-08-12 18:22:25,noise
6391777783479,6399282295544,T685,9.8,Elena Yamamoto,2025-08-12 08:22:40,noise
6391777783479,6394984418393,T528,16.3,Elena Yamamoto,2025-08-11 22:11:11,noise
6391777783479,6395869422194,T685,23.4,Elena Yamamoto,2025-08-10 23:03:03,noise
6391777783479,6395161647070,T528,37.3,Elena Yamamoto,2025-08-10 11:13:10,noise
6391777783479,6395869422194,T685,8.4,Elena Yamamoto,2025-08-09 16:19:39,noise
6391777783479,6395869422194,T685,14.5,Elena Yamamoto,2025-08-08 16:06:04,noise
6391777783479,6397236553825,T685,22.5,Elena Yamamoto,2025-08-08 15:05:47,noise
6391777783479,6397236553825,T528,30.6,Elena Yamamoto,2025-08-07 16:16:29,noise
6391777783479,6398936495763,T528,43.6,Elena Yamamoto,2025-08-06 21:25:51,noise
6391777783479,6396327643318,T685,27.6,Elena Yamamoto,2025-08-06 18:14:16,noise
6391777783479,6399478806060,T528,6.8,Elena Yamamoto,2025-08-06 20:30:53,noise
6391777783479,6391923323851,T685,18.7,Elena Yamamoto,2025-08-05 21:07:21,noise
6391777783479,6395869422194,T685,17.1,Elena Yamamoto,2025-08-05 10:15:26,noise
6391777783479,6395869422194,T528,23.1,Elena Yamamoto,2025-08-04 11:24:50,noise
6391777783479,6395869422194,T685,19.6,Elena Yamamoto,2025-08-04 13:13:31,noise
6396801877658,6391782370828,T452,24.6,Noah Lopes,2025-10-18 08:17:45,noise
6396801877658,6397524223789,T239,4.9,Noah Lopes,2025-10-18 09:07:01,noise
6396801877658,6397524223789,T452,5.6,Noah Lopes,2025-10-18 13:22:11,noise
6396801877658,6395036386090,T239,18.5,Noah Lopes,2025-10-17 12:21:09,noise
6396801877658,6396926232765,T452,9.1,Noah Lopes,2025-10-16 08:06:26,noise
6396801877658,6391782370828,T452,15.4,Noah Lopes,2025-10-16 18:22:50,noise
6396801877658,6399821171578,T452,13.7,Noah Lopes,2025-10-16 22:28:16,noise
6396801877658,6395907760981,T239,10.9,Noah Lopes,2025-10-15 19:30:07,noise
6396801877658,6391782370828,T239,19.4,Noah Lopes,2025-10-14 18:20:58,noise
6396801877658,6394901039851,T452,34.4,Noah Lopes,2025-10-13 20:24:42,noise
6396801877658,6395395226580,T239,9.4,Noah Lopes,2025-10-13 00:12:53,noise
6396801877658,6391782370828,T239,4.1,Noah Lopes,2025-10-12 18:00:47,noise
6396801877658,6399821171578,T452,6.4,Noah Lopes,2025-10-12 11:17:21,noise
6396801877658,6391782370828,T452,7.9,Noah Lopes,2025-10-11 13:11:12,noise
6396801877658,6391782370828,T452,6.0,Noah Lopes,2025-10-11 15:19:00,noise
6396801877658,6399821171578,T452,34.5,Noah Lopes,2025-10-10 14:02:52,noise
6396801877658,6397524223789,T452,12.1,Noah Lopes,2025-10-10 22:14:03,noise
6396801877658,6395786703009,T239,25.4,Noah Lopes,2025-10-09 12:22:41,noise
6396801877658,6399821171578,T452,29.0,Noah Lopes,2025-10-09 17:29:51,noise
6396801877658,6391782370828,T239,10.2,Noah Lopes,2025-10-08 10:05:41,noise
6396801877658,6397861553600,T239,42.7,Noah Lopes,2025-10-08 08:14:58,noise
6396801877658,6397063169102,T452,31.9,Noah Lopes,2025-10-08 17:15:40,noise
6396801877658,6391782370828,T452,14.8,Noah Lopes,2025-10-07 19:13:00,noise
6396801877658,6398935751205,T239,12.7,Noah Lopes,2025-10-07 11:13:15,noise
6396801877658,6391782370828,T452,14.9,Noah Lopes,2025-10-06 09:14:31,noise
6396801877658,6397524223789,T239,56.9,Noah Lopes,2025-10-06 15:07:32,noise
6396801877658,6398454204335,T239,13.5,Noah Lopes,2025-10-05 18:28:40,noise
6396801877658,6393615839537,T452,58.6,Noah Lopes,2025-10-05 18:17:52,noise
6396801877658,6397524223789,T239,8.9,Noah Lopes,2025-10-05 19:09:15,noise
6396801877658,6391782370828,T239,9.4,Noah Lopes,2025-10-04 14:30:10,noise
6396801877658,6399821171578,T452,22.2,Noah Lopes,2025-10-04 09:06:25,noise
6396801877658,6399821171578,T239,24.4,Noah Lopes,2025-10-04 12:07:45,noise
6396801877658,6394952018320,T239,30.3,Noah Lopes,2025-10-03 16:01:16,noise
6396801877658,6392743343485,T239,32.9,Noah Lopes,2025-10-03 23:29:32,noise
6396801877658,6397524223789,T452,18.0,Noah Lopes,2025-10-02 20:20:00,noise
6396801877658,6395869422194,T452,8.6,Noah Lopes,2025-10-01 09:05:42,noise
6396801877658,6399821171578,T239,17.2,Noah Lopes,2025-10-01 19:10:37,noise
6396801877658,6392435531798,T239,37.8,Noah Lopes,2025-09-30 23:19:49,noise
6396801877658,6398583500075,T239,9.1,Noah Lopes,2025-09-30 16:07:52,noise
6396801877658,6399821171578,T452,10.4,Noah Lopes,2025-09-30 13:10:32,noise
6396801877658,6397043729383,T239,10.9,Noah Lopes,2025-09-29 16:22:02,noise
6396801877658,6396313198121,T239,27.6,Noah Lopes,2025-09-28 21:14:50,noise
6396801877658,6392364622622,T239,13.6,Noah Lopes,2025-09-28 16:19:34,noise
6396801877658,6395395226580,T239,3.2,Noah Lopes,2025-09-28 14:01:05,noise
6396801877658,6398605205469,T452,76.5,Noah Lopes,2025-09-27 11:08:04,noise
6396801877658,6397524223789,T239,21.7,Noah Lopes,2025-09-27 16:03:36,noise
6396801877658,6399821171578,T452,23.0,Noah Lopes,2025-09-26 19:28:48,noise
6396801877658,6392941380910,T239,15.8,Noah Lopes,2025-09-26 16:12:08,noise
6396801877658,6399371596006,T239,37.1,Noah Lopes,2025-09-25 13:20:51,noise
6396801877658,6391777783479,T239,39.0,Noah Lopes,2025-09-24 12:03:40,noise
6396801877658,6391782370828,T452,16.8,Noah Lopes,2025-09-24 20:27:28,noise
6396801877658,6399821171578,T452,13.2,Noah Lopes,2025-09-23 20:30:00,noise
6396801877658,6398583500075,T452,12.5,Noah Lopes,2025-09-23 22:28:54,noise
6396801877658,6398825301484,T239,59.5,Noah Lopes,2025-09-23 18:00:49,noise
6396801877658,6399821171578,T239,18.9,Noah Lopes,2025-09-22 09:18:53,noise
6396801877658,6399821171578,T239,32.5,Noah Lopes,2025-09-22 15:25:44,noise
6396801877658,6399821171578,T239,23.4,Noah Lopes,2025-09-21 20:21:24,noise
6396801877658,6391782370828,T452,18.8,Noah Lopes,2025-09-21 14:04:41,noise
6396801877658,6391969388584,T239,24.8,Noah Lopes,2025-09-20 16:10:13,noise
6396801877658,6391782370828,T452,29.1,Noah Lopes,2025-09-19 14:12:37,noise
6396801877658,6399821171578,T239,21.1,Noah Lopes,2025-09-19 09:25:32,noise
6396801877658,6399821171578,T452,29.8,Noah Lopes,2025-09-18 10:04:47,noise
6396801877658,6397524223789,T239,10.8,Noah Lopes,2025-09-18 11:21:51,noise
6396801877658,6397147861767,T239,15.4,Noah Lopes,2025-09-17 19:22:03,noise
6396801877658,6394684715577,T452,3.2,Noah Lopes,2025-09-17 19:22:14,noise
6396801877658,6398605205469,T239,11.4,Noah Lopes,2025-09-16 20:21:55,noise
6396801877658,6391782370828,T452,9.4,Noah Lopes,2025-09-16 13:29:11,noise
6396801877658,6399821171578,T452,45.8,Noah Lopes,2025-09-15 01:08:46,noise
6396801877658,6397524223789,T239,30.1,Noah Lopes,2025-09-15 13:07:08,noise
6396801877658,6394775439440,T239,93.0,Noah Lopes,2025-09-14 02:09:08,noise
6396801877658,6391782370828,T452,12.6,Noah Lopes,2025-09-14 11:24:07,noise
6396801877658,6391782370828,T452,8.7,Noah Lopes,2025-09-14 09:15:25,noise
6396801877658,6399821171578,T452,8.0,Noah Lopes,2025-09-13 21:25:14,noise
6396801877658,6391707618661,T452,10.3,Noah Lopes,2025-09-12 09:30:56,noise
6396801877658,6397524223789,T452,9.0,Noah Lopes,2025-09-12 13:20:07,noise
6396801877658,6397524223789,T239,3.7,Noah Lopes,2025-09-12 05:22:50,noise
6396801877658,6392894514895,T239,21.1,Noah Lopes,2025-09-11 19:03:12,noise
6396801877658,6391839641832,T239,29.9,Noah Lopes,2025-09-11 12:28:28,noise
6396801877658,6391782370828,T239,11.1,Noah Lopes,2025-09-10 22:11:31,noise
6396801877658,6391782370828,T239,34.4,Noah Lopes,2025-09-10 20:00:22,noise
6396801877658,6394126829491,T239,18.1,Noah Lopes,2025-09-09 09:28:59,noise
6396801877658,6391782370828,T239,14.7,Noah Lopes,2025-09-08 00:07:40,noise
6396801877658,6396783753090,T239,34.7,Noah Lopes,2025-09-08 21:25:15,noise
6396801877658,6395453841530,T239,16.6,Noah Lopes,2025-09-08 12:02:27,noise
6396801877658,6397524223789,T239,32.7,Noah Lopes,2025-09-07 16:00:59,noise
6396801877658,6397524223789,T239,12.7,Noah Lopes,2025-09-07 19:09:38,noise
6396801877658,6397524223789,T452,14.2,Noah Lopes,2025-09-07 17:25:31,noise
6396801877658,6399821171578,T452,8.8,Noah Lopes,2025-09-06 18:12:33,noise
6396801877658,6397524223789,T239,14.0,Noah Lopes,2025-09-06 19:30:58,noise
6396801877658,6391782370828,T239,17.0,Noah Lopes,2025-09-05 23:10:05,noise
6396801877658,6391782370828,T239,31.5,Noah Lopes,2025-09-05 10:26:31,noise
6396801877658,6399607110001,T452,5.2,Noah Lopes,2025-09-04 20:00:16,noise
6396801877658,6399821171578,T239,8.8,Noah Lopes,2025-09-03 14:02:10,noise
6396801877658,6392894514895,T239,5.5,Noah Lopes,2025-09-03 00:26:50,noise
6396801877658,6391782370828,T239,16.2,Noah Lopes,2025-09-02 19:07:32,noise
6396801877658,6399607110001,T452,4.5,Noah Lopes,2025-09-02 20:27:03,noise
6396801877658,6397147861767,T239,27.7,Noah Lopes,2025-09-01 10:15:16,noise
6396801877658,6397063169102,T239,5.5,Noah Lopes,2025-09-01 14:07:38,noise
6396801877658,6395395226580,T452,6.5,Noah Lopes,2025-08-31 11:20:16,noise
6396801877658,6399821171578,T239,9.1,Noah Lopes,2025-08-31 17:14:53,noise
6396801877658,6391782370828,T239,16.1,Noah Lopes,2025-08-30 12:30:12,noise
6396801877658,6399821171578,T239,51.9,Noah Lopes,2025-08-30 10:24:22,noise
6396801877658,6399821171578,T239,8.3,Noah Lopes,2025-08-29 12:10:21,noise
6396801877658,6399821171578,T239,43.4,Noah Lopes,2025-08-29 18:24:44,noise
6396801877658,6397524223789,T452,14.0,Noah Lopes,2025-08-28 12:11:29,noise
6396801877658,6391923323851,T452,20.7,Noah Lopes,2025-08-28 14:26:31,noise
6396801877658,6397524223789,T239,7.7,Noah Lopes,2025-08-27 14:18:43,noise
6396801877658,6397454260155,T239,38.3,Noah Lopes,2025-08-27 10:13:08,noise
6396801877658,6399902228679,T239,4.8,Noah Lopes,2025-08-27 09:08:21,noise
6396801877658,6399821171578,T452,6.7,Noah Lopes,2025-08-26 19:00:40,noise
6396801877658,6397524223789,T239,11.3,Noah Lopes,2025-08-26 12:02:14,noise
6396801877658,6396659007500,T239,8.3,Noah Lopes,2025-08-26 16:17:29,noise
6396801877658,6397876759433,T239,25.7,Noah Lopes,2025-08-25 08:29:52,noise
6396801877658,6397955281670,T452,61.3,Noah Lopes,2025-08-25 16:11:14,noise
6396801877658,6399821171578,T239,13.6,Noah Lopes,2025-08-24 18:12:58,noise
6396801877658,6397236553825,T239,9.1,Noah Lopes,2025-08-24 13:24:18,noise
6396801877658,6391782370828,T239,30.4,Noah Lopes,2025-08-24 08:04:25,noise
6396801877658,6391782370828,T239,20.2,Noah Lopes,2025-08-23 13:17:09,noise
6396801877658,6397012123905,T239,18.1,Noah Lopes,2025-08-23 17:05:38,noise
6396801877658,6397524223789,T452,21.5,Noah Lopes,2025-08-22 11:24:41,noise
6396801877658,6394952018320,T452,43.9,Noah Lopes,2025-08-22 14:14:56,noise
6396801877658,6399821171578,T239,6.3,Noah Lopes,2025-08-21 11:18:14,noise
6396801877658,6397524223789,T452,14.4,Noah Lopes,2025-08-20 14:09:07,noise
6396801877658,6391782370828,T239,30.6,Noah Lopes,2025-08-20 11:02:02,noise
6396801877658,6394684715577,T452,58.6,Noah Lopes,2025-08-20 15:14:29,noise
6396801877658,6397454260155,T239,7.4,Noah Lopes,2025-08-19 13:28:52,noise
6396801877658,6391782370828,T239,41.0,Noah Lopes,2025-08-18 14:01:39,noise
6396801877658,6397524223789,T239,11.8,Noah Lopes,2025-08-18 09:01:00,noise
6396801877658,6396807432422,T452,28.6,Noah Lopes,2025-08-18 18:12:20,noise
6396801877658,6397524223789,T239,15.4,Noah Lopes,2025-08-17 16:21:16,noise
6396801877658,6399282295544,T239,12.9,Noah Lopes,2025-08-16 19:15:22,noise
6396801877658,6391782370828,T239,12.4,Noah Lopes,2025-08-16 18:08:22,noise
6396801877658,6391782370828,T239,19.2,Noah Lopes,2025-08-15 20:17:59,noise
6396801877658,6397524223789,T239,8.4,Noah Lopes,2025-08-14 22:14:49,noise
6396801877658,6399821171578,T239,7.5,Noah Lopes,2025-08-14 14:15:02,noise
6396801877658,6393429023955,T239,18.5,Noah Lopes,2025-08-14 14:25:13,noise
6396801877658,6399821171578,T239,16.1,Noah Lopes,2025-08-13 05:26:56,noise
6396801877658,6392099486686,T239,6.9,Noah Lopes,2025-08-13 14:00:22,noise
6396801877658,6391707618661,T239,23.5,Noah Lopes,2025-08-13 05:20:18,noise
6396801877658,6399821171578,T239,15.1,Noah Lopes,2025-08-12 22:01:00,noise
6396801877658,6397524223789,T452,14.4,Noah Lopes,2025-08-12 16:05:32,noise
6396801877658,6399821171578,T239,9.6,Noah Lopes,2025-08-12 09:23:31,noise
6396801877658,6398302372328,T239,31.6,Noah Lopes,2025-08-11 19:22:08,noise
6396801877658,6399821171578,T452,22.7,Noah Lopes,2025-08-11 19:18:07,noise
6396801877658,6397524223789,T452,19.3,Noah Lopes,2025-08-10 10:01:10,noise
6396801877658,6391782370828,T239,4.9,Noah Lopes,2025-08-10 12:30:16,noise
6396801877658,6391782370828,T452,68.6,Noah Lopes,2025-08-09 11:14:44,noise
6396801877658,6399821171578,T239,49.0,Noah Lopes,2025-08-09 10:05:41,noise
6396801877658,6398454204335,T452,7.1,Noah Lopes,2025-08-08 10:30:28,noise
6396801877658,6399821171578,T239,7.9,Noah Lopes,2025-08-07 14:09:18,noise
6396801877658,6399821171578,T239,6.7,Noah Lopes,2025-08-06 18:29:08,noise
6396801877658,6399821171578,T239,15.0,Noah Lopes,2025-08-06 16:25:09,noise
6396801877658,6391782370828,T452,28.2,Noah Lopes,2025-08-05 10:14:08,noise
6396801877658,6396659007500,T239,9.2,Noah Lopes,2025-08-05 14:04:21,noise
6396801877658,6396817443067,T239,14.3,Noah Lopes,2025-08-05 16:05:31,noise
6396801877658,6395161647070,T239,34.8,Noah Lopes,2025-08-04 17:20:17,noise
6396801877658,6395395226580,T239,16.3,Noah Lopes,2025-08-04 12:21:18,noise
6396801877658,6391782370828,T239,202.4,Noah Lopes,2025-08-04 09:02:49,noise
6396336852250,6396652537140,T924,32.1,Wes Okafor,2025-10-18 21:03:01,noise
6396336852250,6396205553347,T924,6.8,Wes Okafor,2025-10-17 09:00:34,noise
6396336852250,6394168811006,T326,18.0,Wes Okafor,2025-10-17 14:17:44,noise
6396336852250,6396336852250,T326,7.0,Wes Okafor,2025-10-17 16:12:30,noise
6396336852250,6397335537719,T924,12.0,Wes Okafor,2025-10-16 03:20:21,noise
6396336852250,6394168811006,T326,28.7,Wes Okafor,2025-10-16 13:05:43,noise
6396336852250,6398454204335,T326,50.6,Wes Okafor,2025-10-15 11:12:17,noise
6396336852250,6393996622945,T326,25.9,Wes Okafor,2025-10-15 17:01:34,noise
6396336852250,6394168811006,T326,13.7,Wes Okafor,2025-10-14 03:09:18,noise
6396336852250,6394168811006,T326,28.7,Wes Okafor,2025-10-14 12:28:24,noise
6396336852250,6394168811006,T326,11.6,Wes Okafor,2025-10-13 11:21:56,noise
6396336852250,6391777783479,T326,24.4,Wes Okafor,2025-10-12 14:30:58,noise
6396336852250,6392435531798,T924,22.2,Wes Okafor,2025-10-12 15:25:00,noise
6396336852250,6394168811006,T326,41.9,Wes Okafor,2025-10-12 11:20:32,noise
6396336852250,6394168811006,T326,105.4,Wes Okafor,2025-10-11 10:27:15,noise
6396336852250,6397335537719,T326,11.4,Wes Okafor,2025-10-10 15:14:32,noise
6396336852250,6391202411176,T326,11.8,Wes Okafor,2025-10-09 14:28:48,noise
6396336852250,6398935751205,T924,45.8,Wes Okafor,2025-10-09 08:02:31,noise
6396336852250,6397454260155,T326,30.2,Wes Okafor,2025-10-08 17:10:50,noise
6396336852250,6391923323851,T924,9.4,Wes Okafor,2025-10-07 11:28:34,noise
6396336852250,6394168811006,T326,5.8,Wes Okafor,2025-10-07 10:13:31,noise
6396336852250,6394775439440,T326,39.9,Wes Okafor,2025-10-07 18:18:43,noise
6396336852250,6399489742631,T326,39.3,Wes Okafor,2025-10-06 11:28:28,noise
6396336852250,6394775439440,T924,13.5,Wes Okafor,2025-10-05 10:11:36,noise
6396336852250,6394168811006,T924,10.8,Wes Okafor,2025-10-04 20:02:12,noise
6396336852250,6396657427421,T326,59.5,Wes Okafor,2025-10-04 13:27:04,noise
6396336852250,6397335537719,T326,10.2,Wes Okafor,2025-10-04 11:05:26,noise
6396336852250,6397335537719,T924,14.5,Wes Okafor,2025-10-03 22:28:34,noise
6396336852250,6394775439440,T924,49.1,Wes Okafor,2025-10-03 08:10:46,noise
6396336852250,6394775439440,T326,37.3,Wes Okafor,2025-10-03 14:01:24,noise
6396336852250,6397454260155,T924,12.3,Wes Okafor,2025-10-02 15:24:37,noise
6396336852250,6394317643354,T924,12.9,Wes Okafor,2025-10-02 02:19:49,noise
6396336852250,6395176413962,T326,7.2,Wes Okafor,2025-10-02 11:10:48,noise
6396336852250,6395907760981,T326,35.3,Wes Okafor,2025-10-01 01:26:12,noise
6396336852250,6394775439440,T326,10.7,Wes Okafor,2025-09-30 08:14:19,noise
6396336852250,6393996622945,T326,15.4,Wes Okafor,2025-09-29 08:10:20,noise
6396336852250,6396652537140,T924,14.1,Wes Okafor,2025-09-29 01:21:09,noise
6396336852250,6394168811006,T924,13.6,Wes Okafor,2025-09-28 12:11:10,noise
6396336852250,6397335537719,T924,49.6,Wes Okafor,2025-09-27 19:28:56,noise
6396336852250,6394168811006,T326,14.7,Wes Okafor,2025-09-27 11:25:20,noise
6396336852250,6396327643318,T326,63.5,Wes Okafor,2025-09-26 12:22:35,noise
6396336852250,6397335537719,T326,42.3,Wes Okafor,2025-09-26 18:24:58,noise
6396336852250,6394168811006,T326,19.7,Wes Okafor,2025-09-25 13:24:30,noise
6396336852250,6397563073047,T924,5.2,Wes Okafor,2025-09-24 09:02:55,noise
6396336852250,6394775439440,T326,25.1,Wes Okafor,2025-09-23 01:20:00,noise
6396336852250,6394483976722,T924,13.9,Wes Okafor,2025-09-23 16:25:03,noise
6396336852250,6394775439440,T924,7.3,Wes Okafor,2025-09-23 18:27:59,noise
6396336852250,6392435531798,T326,12.9,Wes Okafor,2025-09-22 10:09:00,noise
6396336852250,6394775439440,T326,13.1,Wes Okafor,2025-09-22 11:27:47,noise
6396336852250,6392056728284,T924,7.9,Wes Okafor,2025-09-21 20:00:50,noise
6396336852250,6394775439440,T326,14.1,Wes Okafor,2025-09-21 16:01:52,noise
6396336852250,6392435531798,T326,21.6,Wes Okafor,2025-09-20 23:13:46,noise
6396336852250,6394775439440,T326,25.0,Wes Okafor,2025-09-20 09:28:24,noise
6396336852250,6395453841530,T326,15.9,Wes Okafor,2025-09-19 20:28:49,noise
6396336852250,6395786703009,T326,28.2,Wes Okafor,2025-09-19 19:11:47,noise
6396336852250,6395036386090,T924,47.8,Wes Okafor,2025-09-19 18:13:51,noise
6396336852250,6396657427421,T326,10.0,Wes Okafor,2025-09-18 17:00:54,noise
6396336852250,6398415640709,T326,11.4,Wes Okafor,2025-09-18 19:09:32,noise
6396336852250,6394168811006,T924,21.0,Wes Okafor,2025-09-17 20:29:42,noise
6396336852250,6394168811006,T326,9.6,Wes Okafor,2025-09-16 19:24:24,noise
6396336852250,6394168811006,T326,20.4,Wes Okafor,2025-09-16 08:05:43,noise
6396336852250,6394168811006,T326,23.9,Wes Okafor,2025-09-16 18:10:23,noise
6396336852250,6394775439440,T924,4.3,Wes Okafor,2025-09-15 10:08:16,noise
6396336852250,6394775439440,T924,40.4,Wes Okafor,2025-09-15 11:14:05,noise
6396336852250,6395786703009,T326,17.2,Wes Okafor,2025-09-14 20:16:19,noise
6396336852250,6394168811006,T326,21.2,Wes Okafor,2025-09-14 02:27:21,noise
6396336852250,6397335537719,T326,22.0,Wes Okafor,2025-09-13 05:20:11,noise
6396336852250,6394984418393,T326,11.2,Wes Okafor,2025-09-13 10:23:10,noise
6396336852250,6394775439440,T326,10.9,Wes Okafor,2025-09-12 12:15:05,noise
6396336852250,6394168811006,T326,6.9,Wes Okafor,2025-09-12 09:01:06,noise
6396336852250,6394385485119,T326,4.4,Wes Okafor,2025-09-11 12:04:38,noise
6396336852250,6396657427421,T924,53.4,Wes Okafor,2025-09-11 11:01:19,noise
6396336852250,6397335537719,T326,12.6,Wes Okafor,2025-09-10 11:01:36,noise
6396336852250,6391285888600,T326,31.4,Wes Okafor,2025-09-10 08:12:09,noise
6396336852250,6394775439440,T326,12.2,Wes Okafor,2025-09-09 14:05:15,noise
6396336852250,6397335537719,T326,15.7,Wes Okafor,2025-09-09 21:05:46,noise
6396336852250,6397335537719,T326,28.0,Wes Okafor,2025-09-08 23:24:06,noise
6396336852250,6394126829491,T326,35.4,Wes Okafor,2025-09-07 10:20:55,noise
6396336852250,6392894514895,T326,11.4,Wes Okafor,2025-09-07 11:24:43,noise
6396336852250,6395786703009,T326,10.0,Wes Okafor,2025-09-07 12:25:26,noise
6396336852250,6398478492299,T326,12.5,Wes Okafor,2025-09-06 12:25:31,noise
6396336852250,6394775439440,T924,16.6,Wes Okafor,2025-09-06 14:17:48,noise
6396336852250,6399607110001,T924,9.0,Wes Okafor,2025-09-05 23:11:29,noise
6396336852250,6398583500075,T326,5.6,Wes Okafor,2025-09-05 10:30:34,noise
6396336852250,6392056728284,T924,8.7,Wes Okafor,2025-09-05 11:18:52,noise
6396336852250,6394168811006,T326,9.2,Wes Okafor,2025-09-04 18:18:33,noise
6396336852250,6399486544271,T924,17.2,Wes Okafor,2025-09-04 01:09:09,noise
6396336852250,6392056728284,T326,20.8,Wes Okafor,2025-09-03 16:27:16,noise
6396336852250,6393615839537,T924,24.9,Wes Okafor,2025-09-03 12:19:15,noise
6396336852250,6394775439440,T326,13.3,Wes Okafor,2025-09-03 22:23:41,noise
6396336852250,6394168811006,T924,31.1,Wes Okafor,2025-09-02 14:01:53,noise
6396336852250,6397335537719,T326,50.6,Wes Okafor,2025-09-02 20:00:37,noise
6396336852250,6399902228679,T924,5.4,Wes Okafor,2025-09-02 15:24:48,noise
6396336852250,6394168811006,T326,70.8,Wes Okafor,2025-09-01 20:25:14,noise
6396336852250,6394168811006,T326,98.0,Wes Okafor,2025-09-01 16:16:27,noise
6396336852250,6394775439440,T326,11.0,Wes Okafor,2025-09-01 16:27:25,noise
6396336852250,6396659007500,T924,14.1,Wes Okafor,2025-08-31 16:16:29,noise
6396336852250,6397335537719,T924,11.1,Wes Okafor,2025-08-31 11:23:29,noise
6396336852250,6397335537719,T924,60.4,Wes Okafor,2025-08-30 11:26:26,noise
6396336852250,6395503747521,T326,24.6,Wes Okafor,2025-08-29 11:26:23,noise
6396336852250,6394168811006,T326,4.1,Wes Okafor,2025-08-29 18:02:44,noise
6396336852250,6397335537719,T326,25.6,Wes Okafor,2025-08-28 08:20:08,noise
6396336852250,6399489742631,T924,13.5,Wes Okafor,2025-08-28 23:16:00,noise
6396336852250,6397335537719,T924,52.7,Wes Okafor,2025-08-27 16:01:33,noise
6396336852250,6394168811006,T326,36.2,Wes Okafor,2025-08-27 19:25:56,noise
6396336852250,6394385485119,T924,18.1,Wes Okafor,2025-08-27 23:12:08,noise
6396336852250,6395036386090,T326,14.2,Wes Okafor,2025-08-26 22:24:51,noise
6396336852250,6398583500075,T924,35.5,Wes Okafor,2025-08-26 09:26:52,noise
6396336852250,6392849430457,T924,50.5,Wes Okafor,2025-08-26 09:21:20,noise
6396336852250,6397147861767,T326,4.8,Wes Okafor,2025-08-25 09:11:09,noise
6396336852250,6394775439440,T326,23.3,Wes Okafor,2025-08-25 21:20:35,noise
6396336852250,6392861738151,T924,49.5,Wes Okafor,2025-08-25 11:00:37,noise
6396336852250,6397335537719,T326,20.3,Wes Okafor,2025-08-24 13:30:18,noise
6396336852250,6393189436628,T924,13.1,Wes Okafor,2025-08-23 02:01:34,noise
6396336852250,6396205553347,T924,19.9,Wes Okafor,2025-08-22 23:18:00,noise
6396336852250,6394168811006,T326,11.2,Wes Okafor,2025-08-22 13:25:45,noise
6396336852250,6394775439440,T924,29.3,Wes Okafor,2025-08-22 13:13:03,noise
6396336852250,6399371596006,T326,16.0,Wes Okafor,2025-08-21 17:17:00,noise
6396336852250,6396869656615,T326,11.1,Wes Okafor,2025-08-20 22:22:39,noise
6396336852250,6394317643354,T326,44.5,Wes Okafor,2025-08-20 08:05:54,noise
6396336852250,6397043729383,T326,18.4,Wes Okafor,2025-08-20 20:00:06,noise
6396336852250,6396652537140,T326,15.7,Wes Okafor,2025-08-19 08:09:06,noise
6396336852250,6394168811006,T924,20.6,Wes Okafor,2025-08-19 11:08:46,noise
6396336852250,6394168811006,T924,28.5,Wes Okafor,2025-08-18 14:05:58,noise
6396336852250,6394775439440,T924,31.7,Wes Okafor,2025-08-18 19:24:28,noise
6396336852250,6394952018320,T924,13.3,Wes Okafor,2025-08-18 10:06:23,noise
6396336852250,6397335537719,T326,21.7,Wes Okafor,2025-08-17 10:02:02,noise
6396336852250,6395176413962,T326,15.6,Wes Okafor,2025-08-17 10:14:00,noise
6396336852250,6399749908291,T326,12.9,Wes Okafor,2025-08-16 20:24:42,noise
6396336852250,6394266369889,T326,14.5,Wes Okafor,2025-08-15 08:07:04,noise
6396336852250,6394168811006,T326,39.6,Wes Okafor,2025-08-15 14:09:47,noise
6396336852250,6392099486686,T924,20.6,Wes Okafor,2025-08-14 20:01:45,noise
6396336852250,6394168811006,T924,10.3,Wes Okafor,2025-08-14 13:26:03,noise
6396336852250,6396926232765,T326,9.9,Wes Okafor,2025-08-13 21:30:23,noise
6396336852250,6394775439440,T924,6.2,Wes Okafor,2025-08-12 11:10:40,noise
6396336852250,6394168811006,T326,13.5,Wes Okafor,2025-08-12 17:25:20,noise
6396336852250,6394775439440,T326,12.7,Wes Okafor,2025-08-11 23:10:25,noise
6396336852250,6397335537719,T326,21.5,Wes Okafor,2025-08-10 16:01:17,noise
6396336852250,6396659007500,T326,19.2,Wes Okafor,2025-08-09 02:20:49,noise
6396336852250,6391782370828,T326,6.4,Wes Okafor,2025-08-09 05:05:21,noise
6396336852250,6394775439440,T924,19.6,Wes Okafor,2025-08-08 09:23:32,noise
6396336852250,6397335537719,T326,7.8,Wes Okafor,2025-08-08 11:14:16,noise
6396336852250,6397524223789,T326,37.6,Wes Okafor,2025-08-07 14:26:08,noise
6396336852250,6394775439440,T924,9.9,Wes Okafor,2025-08-06 18:09:45,noise
6396336852250,6394168811006,T924,5.6,Wes Okafor,2025-08-06 17:26:48,noise
6396336852250,6395161647070,T326,14.2,Wes Okafor,2025-08-05 21:18:21,noise
6396336852250,6394168811006,T326,11.4,Wes Okafor,2025-08-05 19:23:23,noise
6396336852250,6394168811006,T924,7.7,Wes Okafor,2025-08-05 13:06:00,noise
6396336852250,6394775439440,T326,66.1,Wes Okafor,2025-08-04 13:02:41,noise
6396336852250,6397335537719,T326,7.3,Wes Okafor,2025-08-04 20:24:12,noise
6396807432422,6392634085329,T971,56.6,Uma Wei,2025-10-18 17:08:14,noise
6396807432422,6395786703009,T858,15.9,Uma Wei,2025-10-18 23:02:30,noise
6396807432422,6392364622622,T971,30.8,Uma Wei,2025-10-18 20:21:07,noise
6396807432422,6397454260155,T858,19.3,Uma Wei,2025-10-17 17:12:58,noise
6396807432422,6397275036984,T858,7.7,Uma Wei,2025-10-17 18:26:32,noise
6396807432422,6392778974508,T858,29.0,Uma Wei,2025-10-16 11:16:35,noise
6396807432422,6397524223789,T971,12.7,Uma Wei,2025-10-16 22:23:07,noise
6396807432422,6392778974508,T971,3.6,Uma Wei,2025-10-15 16:07:50,noise
6396807432422,6392099486686,T858,37.9,Uma Wei,2025-10-15 17:24:59,noise
6396807432422,6394775439440,T971,33.4,Uma Wei,2025-10-15 20:24:43,noise
6396807432422,6392634085329,T971,24.7,Uma Wei,2025-10-14 20:10:25,noise
6396807432422,6392778974508,T858,31.0,Uma Wei,2025-10-14 15:21:09,noise
6396807432422,6392778974508,T858,7.2,Uma Wei,2025-10-13 10:08:23,noise
6396807432422,6392778974508,T971,31.4,Uma Wei,2025-10-12 15:22:28,noise
6396807432422,6392634085329,T858,13.4,Uma Wei,2025-10-12 14:27:33,noise
6396807432422,6392634085329,T971,4.7,Uma Wei,2025-10-11 12:18:14,noise
6396807432422,6392634085329,T971,10.5,Uma Wei,2025-10-11 17:02:30,noise
6396807432422,6394168811006,T971,15.2,Uma Wei,2025-10-10 10:02:11,noise
6396807432422,6395651902688,T971,12.3,Uma Wei,2025-10-10 09:18:25,noise
6396807432422,6392634085329,T971,32.5,Uma Wei,2025-10-09 11:22:19,noise
6396807432422,6392778974508,T971,20.3,Uma Wei,2025-10-09 14:23:06,noise
6396807432422,6392778974508,T971,25.2,Uma Wei,2025-10-08 17:18:50,noise
6396807432422,6399607110001,T858,4.8,Uma Wei,2025-10-08 16:21:21,noise
6396807432422,6397454260155,T971,13.2,Uma Wei,2025-10-07 21:04:08,noise
6396807432422,6392849430457,T858,9.5,Uma Wei,2025-10-07 11:04:59,noise
6396807432422,6397454260155,T858,9.1,Uma Wei,2025-10-06 13:17:02,noise
6396807432422,6397454260155,T858,35.1,Uma Wei,2025-10-06 16:29:14,noise
6396807432422,6392634085329,T971,11.2,Uma Wei,2025-10-05 11:01:09,noise
6396807432422,6392778974508,T971,33.6,Uma Wei,2025-10-05 11:24:45,noise
6396807432422,6395453841530,T858,23.9,Uma Wei,2025-10-04 19:22:27,noise
6396807432422,6391743328958,T971,16.8,Uma Wei,2025-10-03 18:29:46,noise
6396807432422,6394684715577,T858,6.4,Uma Wei,2025-10-03 19:21:18,noise
6396807432422,6395417290038,T858,6.1,Uma Wei,2025-10-02 15:21:53,noise
6396807432422,6392778974508,T971,15.6,Uma Wei,2025-10-02 14:04:53,noise
6396807432422,6396651014213,T858,12.1,Uma Wei,2025-10-01 09:28:15,noise
6396807432422,6398935751205,T858,3.9,Uma Wei,2025-10-01 10:18:49,noise
6396807432422,6394684715577,T971,20.0,Uma Wei,2025-10-01 02:13:12,noise
6396807432422,6392634085329,T858,12.9,Uma Wei,2025-09-30 19:16:03,noise
6396807432422,6394952018320,T858,56.9,Uma Wei,2025-09-30 18:07:57,noise
6396807432422,6397454260155,T858,19.5,Uma Wei,2025-09-30 08:25:58,noise
6396807432422,6392778974508,T971,11.2,Uma Wei,2025-09-29 18:30:49,noise
6396807432422,6392056728284,T971,14.1,Uma Wei,2025-09-29 03:20:52,noise
6396807432422,6393489048828,T971,7.1,Uma Wei,2025-09-28 15:06:46,noise
6396807432422,6394901039851,T858,11.9,Uma Wei,2025-09-27 15:29:47,noise
6396807432422,6392778974508,T858,4.8,Uma Wei,2025-09-27 17:03:26,noise
6396807432422,6391505221103,T858,6.2,Uma Wei,2025-09-26 16:29:14,noise
6396807432422,6394772775911,T971,18.5,Uma Wei,2025-09-26 10:06:43,noise
6396807432422,6392634085329,T971,29.2,Uma Wei,2025-09-25 17:01:26,noise
6396807432422,6392634085329,T971,17.4,Uma Wei,2025-09-24 17:21:09,noise
6396807432422,6397454260155,T971,11.7,Uma Wei,2025-09-24 18:18:40,noise
6396807432422,6395907760981,T858,12.8,Uma Wei,2025-09-23 11:17:45,noise
6396807432422,6397454260155,T971,11.9,Uma Wei,2025-09-23 13:30:34,noise
6396807432422,6397454260155,T858,27.5,Uma Wei,2025-09-22 20:27:34,noise
6396807432422,6392778974508,T858,10.8,Uma Wei,2025-09-22 14:20:14,noise
6396807432422,6391707618661,T971,30.1,Uma Wei,2025-09-21 08:05:41,noise
6396807432422,6397454260155,T858,45.0,Uma Wei,2025-09-21 08:12:09,noise
6396807432422,6391707618661,T971,10.0,Uma Wei,2025-09-20 15:07:29,noise
6396807432422,6398607746834,T971,27.0,Uma Wei,2025-09-20 00:21:49,noise
6396807432422,6394385485119,T971,17.0,Uma Wei,2025-09-19 16:29:45,noise
6396807432422,6392634085329,T971,10.0,Uma Wei,2025-09-18 09:07:06,noise
6396807432422,6392778974508,T858,14.7,Uma Wei,2025-09-18 09:03:01,noise
6396807432422,6393996622945,T858,40.0,Uma Wei,2025-09-17 13:10:46,noise
6396807432422,6397043729383,T971,25.4,Uma Wei,2025-09-17 08:30:22,noise
6396807432422,6397454260155,T971,14.0,Uma Wei,2025-09-17 15:28:02,noise
6396807432422,6395907760981,T858,11.5,Uma Wei,2025-09-16 14:15:38,noise
6396807432422,6394385485119,T858,61.9,Uma Wei,2025-09-16 00:02:35,noise
6396807432422,6394733500690,T858,14.8,Uma Wei,2025-09-16 18:11:53,noise
6396807432422,6392778974508,T971,12.4,Uma Wei,2025-09-15 16:30:44,noise
6396807432422,6392778974508,T971,34.4,Uma Wei,2025-09-15 18:20:37,noise
6396807432422,6392634085329,T858,7.3,Uma Wei,2025-09-15 12:22:12,noise
6396807432422,6393128476840,T858,36.2,Uma Wei,2025-09-14 16:09:20,noise
6396807432422,6399902228679,T858,25.5,Uma Wei,2025-09-13 10:19:28,noise
6396807432422,6394196958976,T971,41.7,Uma Wei,2025-09-13 12:13:33,noise
6396807432422,6397454260155,T858,42.3,Uma Wei,2025-09-13 18:10:47,noise
6396807432422,6392634085329,T971,7.8,Uma Wei,2025-09-12 15:29:19,noise
6396807432422,6397454260155,T971,43.4,Uma Wei,2025-09-11 14:06:36,noise
6396807432422,6391505221103,T971,13.5,Uma Wei,2025-09-11 10:00:16,noise
6396807432422,6397043729383,T971,16.2,Uma Wei,2025-09-11 13:03:48,noise
6396807432422,6397563073047,T971,22.7,Uma Wei,2025-09-10 01:24:55,noise
6396807432422,6397454260155,T858,16.4,Uma Wei,2025-09-10 13:30:04,noise
6396807432422,6392778974508,T858,18.2,Uma Wei,2025-09-09 19:11:32,noise
6396807432422,6392778974508,T858,18.9,Uma Wei,2025-09-09 21:29:29,noise
6396807432422,6392743343485,T971,2.2,Uma Wei,2025-09-09 19:25:22,noise
6396807432422,6395395226580,T971,9.0,Uma Wei,2025-09-08 11:25:01,noise
6396807432422,6392634085329,T971,58.7,Uma Wei,2025-09-08 17:29:04,noise
6396807432422,6392778974508,T971,7.9,Uma Wei,2025-09-07 13:24:49,noise
6396807432422,6396205553347,T971,17.9,Uma Wei,2025-09-07 15:20:04,noise
6396807432422,6396657427421,T971,15.3,Uma Wei,2025-09-06 03:02:54,noise
6396807432422,6397454260155,T858,6.5,Uma Wei,2025-09-06 11:29:35,noise
6396807432422,6394733500690,T858,10.4,Uma Wei,2025-09-05 12:19:12,noise
6396807432422,6392778974508,T858,114.2,Uma Wei,2025-09-05 03:19:38,noise
6396807432422,6391202411176,T971,77.6,Uma Wei,2025-09-04 13:28:42,noise
6396807432422,6392778974508,T971,5.1,Uma Wei,2025-09-04 15:08:13,noise
6396807432422,6392778974508,T858,15.3,Uma Wei,2025-09-03 20:11:50,noise
6396807432422,6397454260155,T858,11.7,Uma Wei,2025-09-02 04:29:57,noise
6396807432422,6398583500075,T971,81.9,Uma Wei,2025-09-02 08:06:00,noise
6396807432422,6395453841530,T971,10.1,Uma Wei,2025-09-01 11:23:44,noise
6396807432422,6393489048828,T858,17.1,Uma Wei,2025-09-01 15:24:53,noise
6396807432422,6397236553825,T971,57.9,Uma Wei,2025-08-31 14:24:45,noise
6396807432422,6399821171578,T858,42.1,Uma Wei,2025-08-31 14:02:54,noise
6396807432422,6392435531798,T971,48.3,Uma Wei,2025-08-30 08:11:33,noise
6396807432422,6397454260155,T971,25.3,Uma Wei,2025-08-30 19:06:54,noise
6396807432422,6397454260155,T858,11.2,Uma Wei,2025-08-30 14:26:31,noise
6396807432422,6395036386090,T971,13.7,Uma Wei,2025-08-29 15:26:21,noise
6396807432422,6392634085329,T971,14.3,Uma Wei,2025-08-29 08:02:18,noise
6396807432422,6392778974508,T971,21.7,Uma Wei,2025-08-28 04:30:20,noise
6396807432422,6392634085329,T971,21.1,Uma Wei,2025-08-28 11:11:45,noise
6396807432422,6392778974508,T971,5.0,Uma Wei,2025-08-27 08:03:50,noise
6396807432422,6399478806060,T971,34.6,Uma Wei,2025-08-27 19:13:02,noise
6396807432422,6392634085329,T971,41.7,Uma Wei,2025-08-26 08:00:05,noise
6396807432422,6392778974508,T971,16.9,Uma Wei,2025-08-25 17:23:59,noise
6396807432422,6392634085329,T971,8.4,Uma Wei,2025-08-25 11:24:23,noise
6396807432422,6392634085329,T971,10.4,Uma Wei,2025-08-24 17:03:27,noise
6396807432422,6392778974508,T858,24.5,Uma Wei,2025-08-24 08:22:05,noise
6396807432422,6395786703009,T971,23.2,Uma Wei,2025-08-23 08:05:32,noise
6396807432422,6397454260155,T858,14.3,Uma Wei,2025-08-23 18:24:25,noise
6396807432422,6397454260155,T858,32.6,Uma Wei,2025-08-23 08:12:45,noise
6396807432422,6394901039851,T858,9.4,Uma Wei,2025-08-22 17:11:48,noise
6396807432422,6397454260155,T858,29.3,Uma Wei,2025-08-22 15:30:46,noise
6396807432422,6399902228679,T971,27.5,Uma Wei,2025-08-22 15:22:46,noise
6396807432422,6397454260155,T858,10.5,Uma Wei,2025-08-21 17:20:15,noise
6396807432422,6392634085329,T971,14.0,Uma Wei,2025-08-21 03:05:41,noise
6396807432422,6394317643354,T971,3.5,Uma Wei,2025-08-20 12:23:13,noise
6396807432422,6397454260155,T971,30.5,Uma Wei,2025-08-20 16:13:04,noise
6396807432422,6392634085329,T971,18.3,Uma Wei,2025-08-19 18:15:57,noise
6396807432422,6392634085329,T971,6.6,Uma Wei,2025-08-19 11:30:19,noise
6396807432422,6397454260155,T971,14.5,Uma Wei,2025-08-18 18:11:55,noise
6396807432422,6397012123905,T858,12.9,Uma Wei,2025-08-17 12:15:11,noise
6396807432422,6392778974508,T971,29.5,Uma Wei,2025-08-17 18:14:32,noise
6396807432422,6392778974508,T971,10.9,Uma Wei,2025-08-16 18:03:47,noise
6396807432422,6396801877658,T858,7.6,Uma Wei,2025-08-16 10:19:34,noise
6396807432422,6392634085329,T971,22.8,Uma Wei,2025-08-15 08:18:40,noise
6396807432422,6392778974508,T971,10.9,Uma Wei,2025-08-15 17:08:22,noise
6396807432422,6397563073047,T971,7.1,Uma Wei,2025-08-15 19:10:10,noise
6396807432422,6392634085329,T971,19.4,Uma Wei,2025-08-14 23:12:55,noise
6396807432422,6397454260155,T971,34.8,Uma Wei,2025-08-14 17:08:46,noise
6396807432422,6394351411690,T971,20.7,Uma Wei,2025-08-14 21:25:56,noise
6396807432422,6395651902688,T971,21.5,Uma Wei,2025-08-13 13:06:26,noise
6396807432422,6392634085329,T971,33.9,Uma Wei,2025-08-13 18:05:31,noise
6396807432422,6392634085329,T858,3.5,Uma Wei,2025-08-12 16:24:29,noise
6396807432422,6392778974508,T971,11.2,Uma Wei,2025-08-12 23:15:43,noise
6396807432422,6392778974508,T971,41.6,Uma Wei,2025-08-12 09:14:25,noise
6396807432422,6392778974508,T971,3.3,Uma Wei,2025-08-11 15:13:49,noise
6396807432422,6395176413962,T858,15.0,Uma Wei,2025-08-11 13:02:07,noise
6396807432422,6394483976722,T971,26.0,Uma Wei,2025-08-10 13:19:01,noise
6396807432422,6396205553347,T971,9.8,Uma Wei,2025-08-10 08:20:29,noise
6396807432422,6394351411690,T971,12.6,Uma Wei,2025-08-09 11:00:13,noise
6396807432422,6397454260155,T858,12.9,Uma Wei,2025-08-08 15:06:56,noise
6396807432422,6392778974508,T971,18.2,Uma Wei,2025-08-08 18:23:53,noise
6396807432422,6397454260155,T971,96.0,Uma Wei,2025-08-07 17:23:39,noise
6396807432422,6392634085329,T971,13.2,Uma Wei,2025-08-07 11:08:42,noise
6396807432422,6392634085329,T971,4.3,Uma Wei,2025-08-06 15:03:13,noise
6396807432422,6392778974508,T858,74.4,Uma Wei,2025-08-06 20:24:18,noise
6396807432422,6392634085329,T858,19.1,Uma Wei,2025-08-06 03:06:46,noise
6396807432422,6397454260155,T858,14.1,Uma Wei,2025-08-05 12:12:11,noise
6396807432422,6395417290038,T971,36.3,Uma Wei,2025-08-04 08:12:13,noise
6394984418393,6391782370828,T760,9.4,Xin Jansen,2025-10-18 20:21:23,noise
6394984418393,6394733500690,T760,8.1,Xin Jansen,2025-10-18 17:26:01,noise
6394984418393,6397236553825,T760,12.5,Xin Jansen,2025-10-17 08:08:11,noise
6394984418393,6395417290038,T760,19.1,Xin Jansen,2025-10-16 18:06:50,noise
6394984418393,6392634085329,T223,18.8,Xin Jansen,2025-10-15 20:24:21,noise
6394984418393,6396869656615,T760,10.1,Xin Jansen,2025-10-15 13:21:25,noise
6394984418393,6396817443067,T760,40.7,Xin Jansen,2025-10-14 11:03:40,noise
6394984418393,6398126884162,T223,3.6,Xin Jansen,2025-10-14 17:18:37,noise
6394984418393,6398936495763,T760,30.2,Xin Jansen,2025-10-13 18:14:30,noise
6394984418393,6397275036984,T223,25.7,Xin Jansen,2025-10-13 19:06:51,noise
6394984418393,6397275036984,T223,24.4,Xin Jansen,2025-10-13 16:22:17,noise
6394984418393,6397275036984,T760,9.5,Xin Jansen,2025-10-12 08:18:23,noise
6394984418393,6395417290038,T223,11.2,Xin Jansen,2025-10-12 10:02:19,noise
6394984418393,6398936495763,T760,7.7,Xin Jansen,2025-10-11 17:18:06,noise
6394984418393,6397861553600,T760,6.7,Xin Jansen,2025-10-11 14:29:01,noise
6394984418393,6397275036984,T223,35.5,Xin Jansen,2025-10-10 20:20:14,noise
6394984418393,6396652537140,T760,18.1,Xin Jansen,2025-10-10 19:17:30,noise
6394984418393,6399489742631,T760,40.0,Xin Jansen,2025-10-10 18:08:54,noise
6394984418393,6395417290038,T223,32.7,Xin Jansen,2025-10-09 10:29:23,noise
6394984418393,6395503747521,T223,11.9,Xin Jansen,2025-10-09 08:28:25,noise
6394984418393,6398936495763,T223,11.7,Xin Jansen,2025-10-08 17:06:55,noise
6394984418393,6392531023270,T223,13.5,Xin Jansen,2025-10-08 15:14:25,noise
6394984418393,6395176413962,T760,11.4,Xin Jansen,2025-10-08 17:03:12,noise
6394984418393,6395417290038,T760,25.9,Xin Jansen,2025-10-07 15:14:40,noise
6394984418393,6397275036984,T760,18.3,Xin Jansen,2025-10-07 22:23:54,noise
6394984418393,6395907760981,T760,6.1,Xin Jansen,2025-10-06 13:23:22,noise
6394984418393,6398415640709,T223,23.7,Xin Jansen,2025-10-06 09:28:11,noise
6394984418393,6397275036984,T223,13.4,Xin Jansen,2025-10-05 09:23:21,noise
6394984418393,6395417290038,T760,11.8,Xin Jansen,2025-10-05 14:03:52,noise
6394984418393,6397275036984,T223,28.0,Xin Jansen,2025-10-05 17:00:02,noise
6394984418393,6392861738151,T760,23.0,Xin Jansen,2025-10-04 16:16:36,noise
6394984418393,6397275036984,T223,28.3,Xin Jansen,2025-10-04 16:00:15,noise
6394984418393,6394351411690,T760,27.7,Xin Jansen,2025-10-03 20:00:27,noise
6394984418393,6395417290038,T760,20.9,Xin Jansen,2025-10-03 10:09:22,noise
6394984418393,6392743343485,T223,24.9,Xin Jansen,2025-10-02 16:04:26,noise
6394984418393,6395417290038,T223,15.2,Xin Jansen,2025-10-01 02:24:28,noise
6394984418393,6397147861767,T760,8.3,Xin Jansen,2025-10-01 22:07:32,noise
6394984418393,6397275036984,T223,62.2,Xin Jansen,2025-10-01 19:19:36,noise
6394984418393,6397876759433,T760,46.0,Xin Jansen,2025-09-30 08:29:34,noise
6394984418393,6396652537140,T223,28.2,Xin Jansen,2025-09-30 03:28:53,noise
6394984418393,6395417290038,T760,13.0,Xin Jansen,2025-09-30 22:19:15,noise
6394984418393,6396801877658,T760,28.2,Xin Jansen,2025-09-29 08:13:13,noise
6394984418393,6391743328958,T223,7.7,Xin Jansen,2025-09-28 08:03:33,noise
6394984418393,6393189436628,T223,37.6,Xin Jansen,2025-09-28 00:21:54,noise
6394984418393,6397275036984,T760,8.5,Xin Jansen,2025-09-27 13:12:33,noise
6394984418393,6395417290038,T760,14.3,Xin Jansen,2025-09-27 19:16:33,noise
6394984418393,6398936495763,T760,43.1,Xin Jansen,2025-09-27 19:29:33,noise
6394984418393,6397275036984,T760,17.0,Xin Jansen,2025-09-26 10:21:30,noise
6394984418393,6393489048828,T760,13.1,Xin Jansen,2025-09-25 01:10:25,noise
6394984418393,6392861738151,T760,17.4,Xin Jansen,2025-09-24 17:19:21,noise
6394984418393,6399489742631,T223,7.5,Xin Jansen,2025-09-24 16:02:51,noise
6394984418393,6395417290038,T760,9.6,Xin Jansen,2025-09-23 20:00:03,noise
6394984418393,6397275036984,T760,59.0,Xin Jansen,2025-09-23 16:01:00,noise
6394984418393,6397275036984,T760,6.1,Xin Jansen,2025-09-23 15:08:07,noise
6394984418393,6397275036984,T760,15.9,Xin Jansen,2025-09-22 19:09:37,noise
6394984418393,6395417290038,T760,20.7,Xin Jansen,2025-09-22 05:11:07,noise
6394984418393,6397275036984,T760,33.5,Xin Jansen,2025-09-21 09:13:14,noise
6394984418393,6397275036984,T760,31.0,Xin Jansen,2025-09-21 13:04:04,noise
6394984418393,6397275036984,T223,36.1,Xin Jansen,2025-09-20 09:07:46,noise
6394984418393,6395417290038,T223,10.5,Xin Jansen,2025-09-20 10:15:41,noise
6394984418393,6398936495763,T760,8.4,Xin Jansen,2025-09-19 09:25:11,noise
6394984418393,6393429023955,T760,4.3,Xin Jansen,2025-09-18 14:16:17,noise
6394984418393,6395417290038,T760,26.1,Xin Jansen,2025-09-18 08:17:45,noise
6394984418393,6397275036984,T760,4.6,Xin Jansen,2025-09-18 11:16:42,noise
6394984418393,6397454260155,T760,9.5,Xin Jansen,2025-09-17 08:22:29,noise
6394984418393,6395417290038,T760,6.1,Xin Jansen,2025-09-17 22:10:39,noise
6394984418393,6395417290038,T760,10.8,Xin Jansen,2025-09-17 13:19:31,noise
6394984418393,6398936495763,T760,22.8,Xin Jansen,2025-09-16 23:09:31,noise
6394984418393,6398936495763,T760,9.5,Xin Jansen,2025-09-16 00:15:15,noise
6394984418393,6398936495763,T760,20.1,Xin Jansen,2025-09-15 22:08:14,noise
6394984418393,6395417290038,T760,13.6,Xin Jansen,2025-09-15 18:02:26,noise
6394984418393,6392941380910,T760,16.4,Xin Jansen,2025-09-14 08:01:32,noise
6394984418393,6396327643318,T223,35.4,Xin Jansen,2025-09-13 16:07:23,noise
6394984418393,6398936495763,T760,13.3,Xin Jansen,2025-09-13 20:08:13,noise
6394984418393,6399902228679,T760,47.4,Xin Jansen,2025-09-12 02:16:58,noise
6394984418393,6397275036984,T223,35.9,Xin Jansen,2025-09-12 10:02:59,noise
6394984418393,6397275036984,T223,5.3,Xin Jansen,2025-09-11 15:06:42,noise
6394984418393,6397275036984,T760,12.5,Xin Jansen,2025-09-10 10:18:47,noise
6394984418393,6396327643318,T760,13.5,Xin Jansen,2025-09-10 11:17:38,noise
6394984418393,6395417290038,T223,10.4,Xin Jansen,2025-09-10 17:18:17,noise
6394984418393,6395786703009,T223,18.8,Xin Jansen,2025-09-09 19:02:33,noise
6394984418393,6395417290038,T760,6.7,Xin Jansen,2025-09-09 11:20:03,noise
6394984418393,6394684715577,T223,46.3,Xin Jansen,2025-09-09 17:04:32,noise
6394984418393,6397275036984,T223,5.8,Xin Jansen,2025-09-08 15:06:49,noise
6394984418393,6397275036984,T760,85.2,Xin Jansen,2025-09-07 13:05:01,noise
6394984418393,6395395226580,T223,14.9,Xin Jansen,2025-09-07 12:03:02,noise
6394984418393,6392861738151,T223,7.5,Xin Jansen,2025-09-07 14:04:26,noise
6394984418393,6399282295544,T223,27.5,Xin Jansen,2025-09-06 08:27:26,noise
6394984418393,6396783753090,T760,17.7,Xin Jansen,2025-09-06 00:19:36,noise
6394984418393,6398825301484,T760,35.8,Xin Jansen,2025-09-05 16:24:28,noise
6394984418393,6392099486686,T760,39.2,Xin Jansen,2025-09-05 16:29:41,noise
6394984418393,6395417290038,T223,29.8,Xin Jansen,2025-09-05 12:00:35,noise
6394984418393,6395417290038,T760,12.0,Xin Jansen,2025-09-04 18:00:37,noise
6394984418393,6394317643354,T760,16.2,Xin Jansen,2025-09-04 14:11:13,noise
6394984418393,6398454204335,T223,50.9,Xin Jansen,2025-09-03 08:18:29,noise
6394984418393,6398936495763,T223,9.9,Xin Jansen,2025-09-03 18:23:04,noise
6394984418393,6398936495763,T223,35.0,Xin Jansen,2025-09-02 12:07:02,noise
6394984418393,6395417290038,T223,23.2,Xin Jansen,2025-09-02 09:12:46,noise
6394984418393,6398936495763,T223,26.1,Xin Jansen,2025-09-01 03:23:36,noise
6394984418393,6391743328958,T223,12.2,Xin Jansen,2025-09-01 19:21:04,noise
6394984418393,6398936495763,T760,16.2,Xin Jansen,2025-09-01 18:18:48,noise
6394984418393,6393615839537,T223,27.0,Xin Jansen,2025-08-31 02:24:48,noise
6394984418393,6398936495763,T223,30.3,Xin Jansen,2025-08-31 09:01:46,noise
6394984418393,6398936495763,T760,33.0,Xin Jansen,2025-08-31 17:18:59,noise
6394984418393,6397275036984,T223,20.9,Xin Jansen,2025-08-30 23:08:57,noise
6394984418393,6395417290038,T223,22.2,Xin Jansen,2025-08-30 08:29:18,noise
6394984418393,6397275036984,T760,19.1,Xin Jansen,2025-08-29 22:08:37,noise
6394984418393,6395395226580,T223,30.5,Xin Jansen,2025-08-29 22:27:04,noise
6394984418393,6398936495763,T223,19.3,Xin Jansen,2025-08-29 05:02:16,noise
6394984418393,6395417290038,T223,11.9,Xin Jansen,2025-08-28 14:10:39,noise
6394984418393,6395417290038,T223,26.3,Xin Jansen,2025-08-28 13:04:49,noise
6394984418393,6399821171578,T223,11.6,Xin Jansen,2025-08-27 15:12:20,noise
6394984418393,6395417290038,T223,5.6,Xin Jansen,2025-08-26 13:11:04,noise
6394984418393,6398936495763,T223,43.9,Xin Jansen,2025-08-26 16:20:37,noise
6394984418393,6396651014213,T223,19.7,Xin Jansen,2025-08-26 17:28:52,noise
6394984418393,6398936495763,T760,100.8,Xin Jansen,2025-08-25 16:11:04,noise
6394984418393,6394126829491,T223,33.8,Xin Jansen,2025-08-25 15:09:34,noise
6394984418393,6395417290038,T223,84.4,Xin Jansen,2025-08-25 16:11:25,noise
6394984418393,6395417290038,T223,6.6,Xin Jansen,2025-08-24 17:15:28,noise
6394984418393,6396659007500,T223,17.3,Xin Jansen,2025-08-23 15:01:17,noise
6394984418393,6397275036984,T223,25.9,Xin Jansen,2025-08-23 10:01:46,noise
6394984418393,6392849430457,T760,41.1,Xin Jansen,2025-08-22 08:17:18,noise
6394984418393,6393189436628,T760,31.1,Xin Jansen,2025-08-22 09:13:23,noise
6394984418393,6395417290038,T223,54.2,Xin Jansen,2025-08-21 18:24:29,noise
6394984418393,6397893361024,T223,10.5,Xin Jansen,2025-08-21 20:28:17,noise
6394984418393,6398936495763,T760,14.7,Xin Jansen,2025-08-21 14:07:15,noise
6394984418393,6395417290038,T223,13.2,Xin Jansen,2025-08-20 12:26:18,noise
6394984418393,6398936495763,T223,36.9,Xin Jansen,2025-08-20 12:18:32,noise
6394984418393,6395417290038,T760,13.2,Xin Jansen,2025-08-19 09:28:56,noise
6394984418393,6398936495763,T223,18.0,Xin Jansen,2025-08-19 01:21:17,noise
6394984418393,6399749908291,T760,35.3,Xin Jansen,2025-08-18 23:06:04,noise
6394984418393,6398936495763,T223,43.3,Xin Jansen,2025-08-18 13:30:03,noise
6394984418393,6394772775911,T760,17.2,Xin Jansen,2025-08-17 10:00:03,noise
6394984418393,6398936495763,T760,16.4,Xin Jansen,2025-08-17 11:04:44,noise
6394984418393,6397275036984,T223,23.8,Xin Jansen,2025-08-17 09:07:15,noise
6394984418393,6395417290038,T223,16.7,Xin Jansen,2025-08-16 16:24:46,noise
6394984418393,6392596108594,T760,71.7,Xin Jansen,2025-08-15 16:10:36,noise
6394984418393,6394483976722,T760,36.6,Xin Jansen,2025-08-15 15:18:23,noise
6394984418393,6399371596006,T760,26.1,Xin Jansen,2025-08-14 14:07:53,noise
6394984418393,6398936495763,T760,31.2,Xin Jansen,2025-08-14 23:11:08,noise
6394984418393,6395417290038,T760,9.8,Xin Jansen,2025-08-13 20:14:19,noise
6394984418393,6397275036984,T760,5.8,Xin Jansen,2025-08-13 14:29:06,noise
6394984418393,6391923323851,T760,11.2,Xin Jansen,2025-08-12 17:21:58,noise
6394984418393,6395417290038,T760,17.7,Xin Jansen,2025-08-12 15:20:31,noise
6394984418393,6397043729383,T760,4.5,Xin Jansen,2025-08-11 09:17:04,noise
6394984418393,6395786703009,T760,8.5,Xin Jansen,2025-08-11 08:11:07,noise
6394984418393,6398936495763,T760,36.0,Xin Jansen,2025-08-10 13:27:59,noise
6394984418393,6398936495763,T223,14.1,Xin Jansen,2025-08-10 16:19:23,noise
6394984418393,6397275036984,T223,21.7,Xin Jansen,2025-08-10 10:29:48,noise
6394984418393,6398936495763,T223,13.6,Xin Jansen,2025-08-09 21:01:12,noise
6394984418393,6398936495763,T223,13.3,Xin Jansen,2025-08-09 08:00:56,noise
6394984418393,6397275036984,T760,15.1,Xin Jansen,2025-08-09 17:25:31,noise
6394984418393,6395417290038,T760,24.8,Xin Jansen,2025-08-08 14:01:21,noise
6394984418393,6397275036984,T760,21.2,Xin Jansen,2025-08-08 17:03:26,noise
6394984418393,6395417290038,T760,15.7,Xin Jansen,2025-08-07 20:15:57,noise
6394984418393,6392743343485,T223,9.5,Xin Jansen,2025-08-07 17:12:35,noise
6394984418393,6392364622622,T223,9.9,Xin Jansen,2025-08-06 08:30:34,noise
6394984418393,6397955281670,T760,8.5,Xin Jansen,2025-08-06 20:15:48,noise
6394984418393,6392596108594,T760,14.5,Xin Jansen,2025-08-05 20:27:51,noise
6394984418393,6392099486686,T760,12.9,Xin Jansen,2025-08-05 13:09:08,noise
6394984418393,6397275036984,T223,57.0,Xin Jansen,2025-08-05 16:20:37,noise
6394984418393,6398936495763,T223,24.2,Xin Jansen,2025-08-04 10:01:24,noise
6394984418393,6398936495763,T223,15.1,Xin Jansen,2025-08-04 18:29:52,noise
6397105164464,6392634085329,T659,11.1,Ava Duarte,2025-10-18 13:18:18,noise
6397105164464,6394483976722,T659,16.1,Ava Duarte,2025-10-18 09:10:56,noise
6397105164464,6393996622945,T659,12.8,Ava Duarte,2025-10-17 13:25:23,noise
6397105164464,6395417290038,T659,23.1,Ava Duarte,2025-10-17 11:09:26,noise
6397105164464,6392435531798,T659,9.4,Ava Duarte,2025-10-16 10:01:20,noise
6397105164464,6392634085329,T635,15.6,Ava Duarte,2025-10-16 12:29:58,noise
6397105164464,6392634085329,T635,5.0,Ava Duarte,2025-10-15 16:11:42,noise
6397105164464,6392634085329,T659,133.4,Ava Duarte,2025-10-15 16:13:05,noise
6397105164464,6392634085329,T635,8.6,Ava Duarte,2025-10-14 19:23:44,noise
6397105164464,6393996622945,T659,11.8,Ava Duarte,2025-10-14 18:23:30,noise
6397105164464,6396659007500,T635,14.1,Ava Duarte,2025-10-14 22:08:47,noise
6397105164464,6392634085329,T659,20.0,Ava Duarte,2025-10-13 15:03:09,noise
6397105164464,6397236553825,T659,58.1,Ava Duarte,2025-10-13 18:15:54,noise
6397105164464,6396313198121,T659,21.7,Ava Duarte,2025-10-12 03:10:26,noise
6397105164464,6393996622945,T659,9.3,Ava Duarte,2025-10-12 20:11:45,noise
6397105164464,6394733500690,T635,12.7,Ava Duarte,2025-10-11 20:07:39,noise
6397105164464,6392435531798,T659,13.6,Ava Duarte,2025-10-11 08:08:09,noise
6397105164464,6392634085329,T635,39.2,Ava Duarte,2025-10-10 11:17:12,noise
6397105164464,6392531023270,T659,20.4,Ava Duarte,2025-10-09 16:02:21,noise
6397105164464,6393996622945,T635,20.2,Ava Duarte,2025-10-08 16:06:17,noise
6397105164464,6392435531798,T659,10.0,Ava Duarte,2025-10-07 02:08:08,noise
6397105164464,6393996622945,T659,23.2,Ava Duarte,2025-10-06 09:29:52,noise
6397105164464,6392778974508,T659,13.4,Ava Duarte,2025-10-05 14:07:01,noise
6397105164464,6392634085329,T635,5.2,Ava Duarte,2025-10-05 15:22:41,noise
6397105164464,6392435531798,T635,9.1,Ava Duarte,2025-10-05 20:04:41,noise
6397105164464,6398605205469,T659,27.9,Ava Duarte,2025-10-04 19:20:02,noise
6397105164464,6395176413962,T659,46.5,Ava Duarte,2025-10-04 09:03:21,noise
6397105164464,6392435531798,T635,11.8,Ava Duarte,2025-10-03 22:22:01,noise
6397105164464,6396449831833,T635,5.3,Ava Duarte,2025-10-03 16:27:04,noise
6397105164464,6396807432422,T659,18.4,Ava Duarte,2025-10-03 21:11:57,noise
6397105164464,6395907760981,T635,2.4,Ava Duarte,2025-10-02 19:01:38,noise
6397105164464,6394762294635,T659,17.7,Ava Duarte,2025-10-02 19:16:47,noise
6397105164464,6392634085329,T659,12.0,Ava Duarte,2025-10-01 12:23:55,noise
6397105164464,6392634085329,T635,13.7,Ava Duarte,2025-10-01 11:26:54,noise
6397105164464,6397454260155,T635,31.9,Ava Duarte,2025-09-30 11:19:57,noise
6397105164464,6393996622945,T659,25.5,Ava Duarte,2025-09-30 15:20:34,noise
6397105164464,6392435531798,T635,25.8,Ava Duarte,2025-09-30 08:03:37,noise
6397105164464,6396783753090,T635,19.2,Ava Duarte,2025-09-29 20:08:29,noise
6397105164464,6392634085329,T635,14.8,Ava Duarte,2025-09-29 10:08:59,noise
6397105164464,6393996622945,T659,11.5,Ava Duarte,2025-09-28 18:19:41,noise
6397105164464,6391285888600,T659,4.7,Ava Duarte,2025-09-27 16:00:38,noise
6397105164464,6392435531798,T659,6.8,Ava Duarte,2025-09-27 10:21:26,noise
6397105164464,6392435531798,T659,7.4,Ava Duarte,2025-09-27 13:23:51,noise
6397105164464,6393996622945,T635,22.5,Ava Duarte,2025-09-26 15:18:27,noise
6397105164464,6392435531798,T659,13.4,Ava Duarte,2025-09-25 16:02:26,noise
6397105164464,6392634085329,T635,5.3,Ava Duarte,2025-09-25 13:18:08,noise
6397105164464,6393996622945,T635,13.8,Ava Duarte,2025-09-24 15:28:11,noise
6397105164464,6393996622945,T659,26.6,Ava Duarte,2025-09-24 12:24:29,noise
6397105164464,6392634085329,T659,15.8,Ava Duarte,2025-09-23 12:07:39,noise
6397105164464,6393996622945,T635,44.3,Ava Duarte,2025-09-23 09:05:20,noise
6397105164464,6392435531798,T659,7.2,Ava Duarte,2025-09-23 18:30:20,noise
6397105164464,6392435531798,T635,29.5,Ava Duarte,2025-09-22 05:27:47,noise
6397105164464,6392435531798,T659,26.9,Ava Duarte,2025-09-22 16:06:48,noise
6397105164464,6393996622945,T659,23.0,Ava Duarte,2025-09-22 03:02:58,noise
6397105164464,6392634085329,T635,16.0,Ava Duarte,2025-09-21 20:07:56,noise
6397105164464,6398825301484,T659,10.0,Ava Duarte,2025-09-20 09:18:11,noise
6397105164464,6392634085329,T659,41.6,Ava Duarte,2025-09-20 18:21:14,noise
6397105164464,6393996622945,T659,16.4,Ava Duarte,2025-09-20 09:21:37,noise
6397105164464,6393996622945,T659,9.8,Ava Duarte,2025-09-19 13:29:38,noise
6397105164464,6392634085329,T659,22.2,Ava Duarte,2025-09-19 04:04:33,noise
6397105164464,6393128476840,T635,8.7,Ava Duarte,2025-09-18 03:09:14,noise
6397105164464,6392435531798,T659,7.5,Ava Duarte,2025-09-17 09:21:09,noise
6397105164464,6392634085329,T659,37.8,Ava Duarte,2025-09-16 13:00:28,noise
6397105164464,6393996622945,T659,20.8,Ava Duarte,2025-09-16 15:11:46,noise
6397105164464,6393128476840,T635,12.8,Ava Duarte,2025-09-15 13:27:52,noise
6397105164464,6393996622945,T659,55.7,Ava Duarte,2025-09-15 08:11:36,noise
6397105164464,6392531023270,T659,24.7,Ava Duarte,2025-09-15 10:15:45,noise
6397105164464,6393128476840,T659,24.4,Ava Duarte,2025-09-14 21:17:03,noise
6397105164464,6392634085329,T659,19.8,Ava Duarte,2025-09-14 09:10:12,noise
6397105164464,6396327643318,T635,23.5,Ava Duarte,2025-09-13 16:07:05,noise
6397105164464,6396783753090,T659,9.8,Ava Duarte,2025-09-12 14:15:33,noise
6397105164464,6392596108594,T635,10.0,Ava Duarte,2025-09-12 10:27:43,noise
6397105164464,6392634085329,T635,22.0,Ava Duarte,2025-09-11 19:11:15,noise
6397105164464,6392634085329,T635,3.6,Ava Duarte,2025-09-11 14:26:42,noise
6397105164464,6396657427421,T635,36.0,Ava Duarte,2025-09-10 17:01:01,noise
6397105164464,6392435531798,T635,10.5,Ava Duarte,2025-09-10 00:06:23,noise
6397105164464,6396313198121,T635,23.9,Ava Duarte,2025-09-09 16:09:28,noise
6397105164464,6393996622945,T635,11.4,Ava Duarte,2025-09-08 17:18:56,noise
6397105164464,6394684715577,T659,35.0,Ava Duarte,2025-09-08 11:24:58,noise
6397105164464,6393996622945,T659,40.0,Ava Duarte,2025-09-07 03:25:59,noise
6397105164464,6394266369889,T659,122.9,Ava Duarte,2025-09-07 11:22:47,noise
6397105164464,6393996622945,T659,11.7,Ava Duarte,2025-09-06 12:01:11,noise
6397105164464,6398936495763,T635,26.9,Ava Duarte,2025-09-06 01:18:18,noise
6397105164464,6396313198121,T635,7.7,Ava Duarte,2025-09-05 23:00:54,noise
6397105164464,6392435531798,T635,12.9,Ava Duarte,2025-09-05 17:13:44,noise
6397105164464,6392634085329,T635,38.0,Ava Duarte,2025-09-04 08:17:33,noise
6397105164464,6392634085329,T659,6.9,Ava Duarte,2025-09-04 18:24:47,noise
6397105164464,6392634085329,T659,41.7,Ava Duarte,2025-09-03 20:24:01,noise
6397105164464,6398126884162,T659,9.9,Ava Duarte,2025-09-03 15:13:06,noise
6397105164464,6392435531798,T659,11.0,Ava Duarte,2025-09-02 08:05:49,noise
6397105164464,6392435531798,T635,12.4,Ava Duarte,2025-09-01 12:25:04,noise
6397105164464,6392435531798,T659,13.8,Ava Duarte,2025-09-01 10:07:13,noise
6397105164464,6392099486686,T635,9.7,Ava Duarte,2025-08-31 09:22:03,noise
6397105164464,6392634085329,T659,41.2,Ava Duarte,2025-08-31 02:11:27,noise
6397105164464,6391285888600,T635,9.7,Ava Duarte,2025-08-30 20:27:34,noise
6397105164464,6392634085329,T659,23.5,Ava Duarte,2025-08-30 18:20:57,noise
6397105164464,6393996622945,T635,20.3,Ava Duarte,2025-08-29 14:13:54,noise
6397105164464,6393996622945,T635,27.2,Ava Duarte,2025-08-28 23:17:53,noise
6397105164464,6396783753090,T659,35.8,Ava Duarte,2025-08-28 16:20:17,noise
6397105164464,6394901039851,T659,11.9,Ava Duarte,2025-08-27 08:12:48,noise
6397105164464,6399821171578,T635,11.6,Ava Duarte,2025-08-27 10:15:04,noise
6397105164464,6393996622945,T635,13.1,Ava Duarte,2025-08-26 15:16:24,noise
6397105164464,6392634085329,T659,24.6,Ava Duarte,2025-08-25 20:00:50,noise
6397105164464,6395395226580,T635,7.3,Ava Duarte,2025-08-24 02:08:26,noise
6397105164464,6395395226580,T659,15.6,Ava Duarte,2025-08-24 12:26:57,noise
6397105164464,6391969388584,T659,10.0,Ava Duarte,2025-08-23 17:08:41,noise
6397105164464,6399282295544,T635,7.1,Ava Duarte,2025-08-23 11:20:22,noise
6397105164464,6392435531798,T659,12.4,Ava Duarte,2025-08-23 08:03:47,noise
6397105164464,6393996622945,T635,15.3,Ava Duarte,2025-08-22 18:09:32,noise
6397105164464,6393996622945,T659,28.1,Ava Duarte,2025-08-21 19:24:27,noise
6397105164464,6393996622945,T659,11.0,Ava Duarte,2025-08-21 09:15:06,noise
6397105164464,6397861553600,T659,11.4,Ava Duarte,2025-08-20 18:09:45,noise
6397105164464,6395176611292,T659,8.9,Ava Duarte,2025-08-20 15:23:20,noise
6397105164464,6394772775911,T635,16.1,Ava Duarte,2025-08-19 16:02:18,noise
6397105164464,6399371596006,T635,26.3,Ava Duarte,2025-08-19 10:08:23,noise
6397105164464,6392435531798,T635,7.0,Ava Duarte,2025-08-18 22:20:21,noise
6397105164464,6396449831833,T635,28.3,Ava Duarte,2025-08-18 16:23:16,noise
6397105164464,6392435531798,T635,82.0,Ava Duarte,2025-08-17 11:06:33,noise
6397105164464,6392634085329,T635,23.4,Ava Duarte,2025-08-16 10:00:33,noise
6397105164464,6393996622945,T659,34.7,Ava Duarte,2025-08-15 08:01:08,noise
6397105164464,6393996622945,T659,7.1,Ava Duarte,2025-08-15 08:16:53,noise
6397105164464,6394952018320,T635,9.8,Ava Duarte,2025-08-14 20:13:28,noise
6397105164464,6392435531798,T659,21.4,Ava Duarte,2025-08-14 15:30:05,noise
6397105164464,6393996622945,T635,24.3,Ava Duarte,2025-08-14 13:14:10,noise
6397105164464,6392435531798,T659,27.7,Ava Duarte,2025-08-13 12:07:27,noise
6397105164464,6396801877658,T635,12.3,Ava Duarte,2025-08-13 16:03:17,noise
6397105164464,6393996622945,T659,16.0,Ava Duarte,2025-08-12 18:11:37,noise
6397105164464,6393996622945,T635,32.3,Ava Duarte,2025-08-12 03:24:10,noise
6397105164464,6396659007500,T635,30.6,Ava Duarte,2025-08-11 13:23:15,noise
6397105164464,6399902228679,T635,4.9,Ava Duarte,2025-08-10 23:03:40,noise
6397105164464,6392634085329,T659,8.5,Ava Duarte,2025-08-10 17:15:42,noise
6397105164464,6395176611292,T635,35.7,Ava Duarte,2025-08-09 17:04:24,noise
6397105164464,6393996622945,T635,27.2,Ava Duarte,2025-08-09 01:16:06,noise
6397105164464,6398935751205,T635,24.0,Ava Duarte,2025-08-08 09:02:37,noise
6397105164464,6396327643318,T659,10.9,Ava Duarte,2025-08-08 15:20:00,noise
6397105164464,6392894514895,T659,28.7,Ava Duarte,2025-08-07 11:30:58,noise
6397105164464,6393996622945,T659,14.3,Ava Duarte,2025-08-07 17:15:43,noise
6397105164464,6392435531798,T659,14.5,Ava Duarte,2025-08-06 21:25:15,noise
6397105164464,6392634085329,T659,16.6,Ava Duarte,2025-08-05 08:03:38,noise
6397105164464,6392435531798,T659,9.0,Ava Duarte,2025-08-05 22:05:35,noise
6397105164464,6395786703009,T659,58.0,Ava Duarte,2025-08-05 10:27:41,noise
6397105164464,6392634085329,T635,50.6,Ava Duarte,2025-08-04 18:11:20,noise
6397105164464,6392435531798,T659,29.7,Ava Duarte,2025-08-04 13:10:18,noise
6397105164464,6392435531798,T635,22.7,Ava Duarte,2025-08-04 14:30:08,noise
6394168811006,6392743343485,T851,11.5,Tomas Quinn,2025-10-18 21:12:36,noise
6394168811006,6397105164464,T851,5.3,Tomas Quinn,2025-10-18 13:21:39,noise
6394168811006,6397524223789,T508,17.9,Tomas Quinn,2025-10-18 11:10:16,noise
6394168811006,6392941380910,T508,12.9,Tomas Quinn,2025-10-17 20:01:00,noise
6394168811006,6392634085329,T851,16.3,Tomas Quinn,2025-10-16 10:22:21,noise
6394168811006,6397335537719,T508,16.4,Tomas Quinn,2025-10-15 19:03:31,noise
6394168811006,6392941380910,T508,42.8,Tomas Quinn,2025-10-15 01:11:34,noise
6394168811006,6397335537719,T508,16.4,Tomas Quinn,2025-10-14 19:04:50,noise
6394168811006,6392941380910,T508,29.4,Tomas Quinn,2025-10-14 01:24:40,noise
6394168811006,6397335537719,T508,11.6,Tomas Quinn,2025-10-13 04:16:35,noise
6394168811006,6397335537719,T851,14.3,Tomas Quinn,2025-10-12 16:13:05,noise
6394168811006,6397524223789,T851,15.3,Tomas Quinn,2025-10-12 23:28:13,noise
6394168811006,6396801877658,T508,19.6,Tomas Quinn,2025-10-12 00:02:37,noise
6394168811006,6399063738848,T851,9.1,Tomas Quinn,2025-10-11 18:07:31,noise
6394168811006,6392941380910,T851,28.0,Tomas Quinn,2025-10-11 10:19:51,noise
6394168811006,6392056728284,T508,22.9,Tomas Quinn,2025-10-10 15:28:51,noise
6394168811006,6392941380910,T851,4.3,Tomas Quinn,2025-10-10 14:18:13,noise
6394168811006,6397335537719,T851,15.3,Tomas Quinn,2025-10-09 13:14:49,noise
6394168811006,6397335537719,T508,23.2,Tomas Quinn,2025-10-09 15:01:56,noise
6394168811006,6391153479794,T508,48.2,Tomas Quinn,2025-10-08 12:30:18,noise
6394168811006,6397335537719,T508,4.1,Tomas Quinn,2025-10-07 18:01:43,noise
6394168811006,6397524223789,T851,6.6,Tomas Quinn,2025-10-07 12:19:46,noise
6394168811006,6396327643318,T851,9.8,Tomas Quinn,2025-10-06 14:07:01,noise
6394168811006,6397335537719,T508,21.1,Tomas Quinn,2025-10-06 19:27:25,noise
6394168811006,6397275036984,T508,17.5,Tomas Quinn,2025-10-05 03:13:55,noise
6394168811006,6392941380910,T508,20.1,Tomas Quinn,2025-10-05 17:24:24,noise
6394168811006,6397335537719,T851,15.2,Tomas Quinn,2025-10-04 12:24:51,noise
6394168811006,6392941380910,T851,89.2,Tomas Quinn,2025-10-04 16:24:04,noise
6394168811006,6391777783479,T508,12.3,Tomas Quinn,2025-10-04 03:28:44,noise
6394168811006,6397335537719,T851,16.5,Tomas Quinn,2025-10-03 22:18:05,noise
6394168811006,6397524223789,T508,21.4,Tomas Quinn,2025-10-03 11:16:16,noise
6394168811006,6397524223789,T508,41.7,Tomas Quinn,2025-10-02 18:18:18,noise
6394168811006,6396783753090,T508,40.6,Tomas Quinn,2025-10-02 22:05:11,noise
6394168811006,6396254128857,T508,16.9,Tomas Quinn,2025-10-01 18:19:00,noise
6394168811006,6397524223789,T851,18.1,Tomas Quinn,2025-09-30 08:28:05,noise
6394168811006,6396817443067,T851,16.1,Tomas Quinn,2025-09-29 11:00:42,noise
6394168811006,6392941380910,T508,17.9,Tomas Quinn,2025-09-29 15:01:54,noise
6394168811006,6396659007500,T851,10.2,Tomas Quinn,2025-09-28 10:29:06,noise
6394168811006,6397335537719,T851,14.3,Tomas Quinn,2025-09-28 09:07:42,noise
6394168811006,6398126884162,T851,40.3,Tomas Quinn,2025-09-28 12:07:44,noise
6394168811006,6392941380910,T851,15.0,Tomas Quinn,2025-09-27 14:17:19,noise
6394168811006,6398607746834,T508,52.9,Tomas Quinn,2025-09-27 13:01:54,noise
6394168811006,6397335537719,T508,10.2,Tomas Quinn,2025-09-26 17:13:03,noise
6394168811006,6395786703009,T508,14.2,Tomas Quinn,2025-09-25 14:20:00,noise
6394168811006,6397012123905,T851,5.9,Tomas Quinn,2025-09-25 09:01:47,noise
6394168811006,6393996622945,T508,8.6,Tomas Quinn,2025-09-24 19:08:22,noise
6394168811006,6392941380910,T851,12.9,Tomas Quinn,2025-09-24 01:16:10,noise
6394168811006,6397524223789,T508,18.3,Tomas Quinn,2025-09-23 15:04:58,noise
6394168811006,6397335537719,T851,22.5,Tomas Quinn,2025-09-23 12:17:53,noise
6394168811006,6392941380910,T851,18.4,Tomas Quinn,2025-09-23 19:00:54,noise
6394168811006,6397524223789,T851,24.1,Tomas Quinn,2025-09-22 13:07:36,noise
6394168811006,6397876759433,T508,19.5,Tomas Quinn,2025-09-22 09:15:01,noise
6394168811006,6399371596006,T508,8.8,Tomas Quinn,2025-09-21 08:14:13,noise
6394168811006,6397335537719,T508,10.7,Tomas Quinn,2025-09-21 11:19:56,noise
6394168811006,6397524223789,T508,16.3,Tomas Quinn,2025-09-20 13:26:17,noise
6394168811006,6397955281670,T851,49.3,Tomas Quinn,2025-09-20 09:11:07,noise
6394168811006,6399486544271,T851,16.8,Tomas Quinn,2025-09-19 17:03:50,noise
6394168811006,6397524223789,T508,10.3,Tomas Quinn,2025-09-19 21:03:29,noise
6394168811006,6392941380910,T508,21.5,Tomas Quinn,2025-09-18 20:14:59,noise
6394168811006,6392941380910,T508,34.9,Tomas Quinn,2025-09-18 10:01:38,noise
6394168811006,6397335537719,T851,22.6,Tomas Quinn,2025-09-17 17:27:53,noise
6394168811006,6392941380910,T508,27.2,Tomas Quinn,2025-09-17 16:06:48,noise
6394168811006,6399749908291,T851,17.0,Tomas Quinn,2025-09-17 13:05:25,noise
6394168811006,6392941380910,T851,5.7,Tomas Quinn,2025-09-16 13:06:14,noise
6394168811006,6397335537719,T508,5.4,Tomas Quinn,2025-09-16 11:26:43,noise
6394168811006,6394385485119,T508,13.3,Tomas Quinn,2025-09-15 14:14:40,noise
6394168811006,6397335537719,T508,13.6,Tomas Quinn,2025-09-15 13:19:35,noise
6394168811006,6397524223789,T508,20.0,Tomas Quinn,2025-09-15 13:15:56,noise
6394168811006,6396327643318,T508,70.0,Tomas Quinn,2025-09-14 15:22:07,noise
6394168811006,6397524223789,T508,10.7,Tomas Quinn,2025-09-14 22:07:22,noise
6394168811006,6399902228679,T851,12.0,Tomas Quinn,2025-09-13 11:25:09,noise
6394168811006,6397524223789,T508,13.2,Tomas Quinn,2025-09-13 14:14:06,noise
6394168811006,6397524223789,T508,10.5,Tomas Quinn,2025-09-13 20:01:10,noise
6394168811006,6397335537719,T508,28.3,Tomas Quinn,2025-09-12 11:28:51,noise
6394168811006,6397524223789,T851,10.3,Tomas Quinn,2025-09-12 22:16:45,noise
6394168811006,6392941380910,T851,28.2,Tomas Quinn,2025-09-11 22:02:44,noise
6394168811006,6397335537719,T851,8.7,Tomas Quinn,2025-09-11 19:22:56,noise
6394168811006,6394901039851,T851,19.3,Tomas Quinn,2025-09-10 19:20:18,noise
6394168811006,6397524223789,T851,15.8,Tomas Quinn,2025-09-10 05:23:22,noise
6394168811006,6397524223789,T508,60.1,Tomas Quinn,2025-09-10 21:07:58,noise
6394168811006,6392941380910,T851,13.7,Tomas Quinn,2025-09-09 21:13:15,noise
6394168811006,6394266369889,T508,16.2,Tomas Quinn,2025-09-09 13:04:04,noise
6394168811006,6397524223789,T508,7.0,Tomas Quinn,2025-09-09 11:28:29,noise
6394168811006,6397335537719,T851,13.6,Tomas Quinn,2025-09-08 11:21:29,noise
6394168811006,6397335537719,T851,5.2,Tomas Quinn,2025-09-08 12:29:31,noise
6394168811006,6392941380910,T851,20.7,Tomas Quinn,2025-09-07 11:01:03,noise
6394168811006,6397275036984,T851,19.9,Tomas Quinn,2025-09-07 13:12:18,noise
6394168811006,6392056728284,T508,37.6,Tomas Quinn,2025-09-07 15:29:06,noise
6394168811006,6399821171578,T508,66.1,Tomas Quinn,2025-09-06 19:19:26,noise
6394168811006,6392941380910,T851,5.2,Tomas Quinn,2025-09-06 16:02:23,noise
6394168811006,6399063738848,T851,5.4,Tomas Quinn,2025-09-06 22:01:45,noise
6394168811006,6397524223789,T851,67.9,Tomas Quinn,2025-09-05 03:11:16,noise
6394168811006,6392941380910,T851,53.0,Tomas Quinn,2025-09-05 12:15:14,noise
6394168811006,6397335537719,T508,15.8,Tomas Quinn,2025-09-04 05:02:08,noise
6394168811006,6394351411690,T851,54.8,Tomas Quinn,2025-09-04 15:23:59,noise
6394168811006,6396313198121,T508,18.2,Tomas Quinn,2025-09-03 11:15:50,noise
6394168811006,6397524223789,T508,36.9,Tomas Quinn,2025-09-03 19:16:47,noise
6394168811006,6397335537719,T508,55.5,Tomas Quinn,2025-09-02 11:14:12,noise
6394168811006,6397335537719,T508,13.7,Tomas Quinn,2025-09-02 10:12:10,noise
6394168811006,6392941380910,T508,10.4,Tomas Quinn,2025-09-01 08:12:29,noise
6394168811006,6392941380910,T508,24.5,Tomas Quinn,2025-08-31 12:11:17,noise
6394168811006,6392531023270,T508,58.7,Tomas Quinn,2025-08-31 03:08:11,noise
6394168811006,6392941380910,T851,28.9,Tomas Quinn,2025-08-31 20:19:13,noise
6394168811006,6392941380910,T508,20.9,Tomas Quinn,2025-08-30 12:22:57,noise
6394168811006,6394266369889,T508,22.0,Tomas Quinn,2025-08-30 09:25:02,noise
6394168811006,6396254128857,T851,15.9,Tomas Quinn,2025-08-29 09:20:11,noise
6394168811006,6392941380910,T851,17.7,Tomas Quinn,2025-08-29 22:27:53,noise
6394168811006,6393429023955,T508,13.2,Tomas Quinn,2025-08-28 13:00:38,noise
6394168811006,6397524223789,T508,12.4,Tomas Quinn,2025-08-28 12:15:27,noise
6394168811006,6397524223789,T508,11.2,Tomas Quinn,2025-08-27 10:02:54,noise
6394168811006,6397335537719,T851,24.9,Tomas Quinn,2025-08-27 19:20:21,noise
6394168811006,6395036386090,T508,8.4,Tomas Quinn,2025-08-26 14:24:32,noise
6394168811006,6397524223789,T508,14.8,Tomas Quinn,2025-08-26 11:16:17,noise
6394168811006,6392941380910,T508,10.6,Tomas Quinn,2025-08-26 21:05:52,noise
6394168811006,6397236553825,T851,27.9,Tomas Quinn,2025-08-25 19:10:19,noise
6394168811006,6392364622622,T851,14.5,Tomas Quinn,2025-08-24 11:25:13,noise
6394168811006,6397524223789,T851,7.4,Tomas Quinn,2025-08-24 18:02:32,noise
6394168811006,6395907760981,T508,15.7,Tomas Quinn,2025-08-23 12:09:12,noise
6394168811006,6397955281670,T508,46.9,Tomas Quinn,2025-08-23 10:23:49,noise
6394168811006,6397524223789,T508,16.8,Tomas Quinn,2025-08-22 09:09:57,noise
6394168811006,6392941380910,T851,20.2,Tomas Quinn,2025-08-21 18:24:44,noise
6394168811006,6397335537719,T851,56.2,Tomas Quinn,2025-08-21 01:28:31,noise
6394168811006,6392941380910,T508,16.3,Tomas Quinn,2025-08-20 15:12:43,noise
6394168811006,6394984418393,T851,18.2,Tomas Quinn,2025-08-20 20:15:08,noise
6394168811006,6393128476840,T508,32.2,Tomas Quinn,2025-08-19 23:17:19,noise
6394168811006,6396205553347,T508,10.3,Tomas Quinn,2025-08-19 13:06:52,noise
6394168811006,6391707618661,T851,15.2,Tomas Quinn,2025-08-18 12:06:47,noise
6394168811006,6397335537719,T851,32.9,Tomas Quinn,2025-08-18 15:29:46,noise
6394168811006,6392941380910,T508,52.5,Tomas Quinn,2025-08-17 20:11:35,noise
6394168811006,6392941380910,T508,23.8,Tomas Quinn,2025-08-17 14:12:06,noise
6394168811006,6397335537719,T508,17.9,Tomas Quinn,2025-08-16 14:04:24,noise
6394168811006,6397524223789,T508,18.1,Tomas Quinn,2025-08-16 16:05:56,noise
6394168811006,6397524223789,T851,8.7,Tomas Quinn,2025-08-15 13:14:06,noise
6394168811006,6397335537719,T508,15.7,Tomas Quinn,2025-08-15 14:11:13,noise
6394168811006,6392941380910,T508,47.3,Tomas Quinn,2025-08-15 12:01:45,noise
6394168811006,6392941380910,T508,30.9,Tomas Quinn,2025-08-14 17:29:21,noise
6394168811006,6399371596006,T508,24.1,Tomas Quinn,2025-08-14 08:26:38,noise
6394168811006,6394351411690,T508,27.0,Tomas Quinn,2025-08-13 17:20:16,noise
6394168811006,6394168811006,T508,78.8,Tomas Quinn,2025-08-13 10:21:59,noise
6394168811006,6397335537719,T851,7.9,Tomas Quinn,2025-08-13 11:01:39,noise
6394168811006,6397524223789,T851,9.8,Tomas Quinn,2025-08-12 17:24:01,noise
6394168811006,6391505221103,T508,12.3,Tomas Quinn,2025-08-12 00:28:27,noise
6394168811006,6397524223789,T508,25.5,Tomas Quinn,2025-08-11 15:24:23,noise
6394168811006,6397524223789,T508,32.5,Tomas Quinn,2025-08-11 17:26:47,noise
6394168811006,6391153479794,T508,46.4,Tomas Quinn,2025-08-11 09:25:42,noise
6394168811006,6398454204335,T508,14.7,Tomas Quinn,2025-08-10 16:03:11,noise
6394168811006,6398605205469,T508,34.5,Tomas Quinn,2025-08-10 01:22:32,noise
6394168811006,6398454204335,T508,32.4,Tomas Quinn,2025-08-09 14:21:19,noise
6394168811006,6397335537719,T508,37.8,Tomas Quinn,2025-08-09 19:26:31,noise
6394168811006,6399749908291,T508,2.1,Tomas Quinn,2025-08-09 00:04:47,noise
6394168811006,6392941380910,T851,15.8,Tomas Quinn,2025-08-08 16:03:08,noise
6394168811006,6396926232765,T508,4.8,Tomas Quinn,2025-08-08 20:23:01,noise
6394168811006,6392941380910,T508,44.0,Tomas Quinn,2025-08-08 13:00:09,noise
6394168811006,6395907760981,T851,21.3,Tomas Quinn,2025-08-07 19:22:57,noise
6394168811006,6392941380910,T508,19.9,Tomas Quinn,2025-08-07 18:13:02,noise
6394168811006,6392941380910,T851,15.1,Tomas Quinn,2025-08-06 16:22:24,noise
6394168811006,6394984418393,T508,12.7,Tomas Quinn,2025-08-06 22:05:05,noise
6394168811006,6397335537719,T851,48.7,Tomas Quinn,2025-08-05 01:26:01,noise
6394168811006,6397335537719,T508,24.6,Tomas Quinn,2025-08-05 15:11:58,noise
6394168811006,6396869656615,T508,15.3,Tomas Quinn,2025-08-04 08:11:57,noise
6394168811006,6397524223789,T508,37.6,Tomas Quinn,2025-08-04 20:22:54,noise
6394168811006,6394351411690,T508,14.5,Tomas Quinn,2025-08-04 12:04:30,noise
6396657427421,6394168811006,T829,5.0,Ivy Okafor,2025-10-18 14:23:46,noise
6396657427421,6394168811006,T829,12.5,Ivy Okafor,2025-10-18 14:30:30,noise
6396657427421,6394168811006,T829,21.8,Ivy Okafor,2025-10-17 00:19:26,noise
6396657427421,6399486544271,T860,18.6,Ivy Okafor,2025-10-17 05:09:59,noise
6396657427421,6394168811006,T829,28.6,Ivy Okafor,2025-10-16 19:08:05,noise
6396657427421,6395395226580,T829,30.1,Ivy Okafor,2025-10-16 14:16:47,noise
6396657427421,6394168811006,T829,33.2,Ivy Okafor,2025-10-15 11:24:56,noise
6396657427421,6394168811006,T860,8.0,Ivy Okafor,2025-10-15 08:14:26,noise
6396657427421,6397861553600,T829,18.6,Ivy Okafor,2025-10-14 20:27:27,noise
6396657427421,6395036386090,T829,22.1,Ivy Okafor,2025-10-14 14:03:08,noise
6396657427421,6394168811006,T829,14.1,Ivy Okafor,2025-10-14 17:17:19,noise
6396657427421,6393189436628,T829,24.8,Ivy Okafor,2025-10-13 21:17:30,noise
6396657427421,6393128476840,T829,36.9,Ivy Okafor,2025-10-13 15:10:04,noise
6396657427421,6394168811006,T829,56.2,Ivy Okafor,2025-10-13 16:15:10,noise
6396657427421,6395869422194,T860,62.0,Ivy Okafor,2025-10-12 08:14:33,noise
6396657427421,6395161647070,T829,38.7,Ivy Okafor,2025-10-12 05:16:58,noise
6396657427421,6394168811006,T829,22.9,Ivy Okafor,2025-10-11 12:26:31,noise
6396657427421,6394168811006,T829,37.6,Ivy Okafor,2025-10-11 19:05:24,noise
6396657427421,6392531023270,T829,17.8,Ivy Okafor,2025-10-10 15:06:55,noise
6396657427421,6394168811006,T829,14.3,Ivy Okafor,2025-10-10 02:02:13,noise
6396657427421,6394168811006,T829,34.2,Ivy Okafor,2025-10-09 09:06:15,noise
6396657427421,6398126884162,T829,4.3,Ivy Okafor,2025-10-09 09:25:00,noise
6396657427421,6391153479794,T829,13.5,Ivy Okafor,2025-10-08 21:04:23,noise
6396657427421,6394168811006,T860,31.3,Ivy Okafor,2025-10-07 17:04:26,noise
6396657427421,6394168811006,T829,26.6,Ivy Okafor,2025-10-06 13:25:06,noise
6396657427421,6394168811006,T829,19.6,Ivy Okafor,2025-10-06 21:15:05,noise
6396657427421,6394168811006,T829,18.5,Ivy Okafor,2025-10-06 20:04:12,noise
6396657427421,6394168811006,T829,7.5,Ivy Okafor,2025-10-05 16:20:23,noise
6396657427421,6394168811006,T829,9.1,Ivy Okafor,2025-10-05 21:25:44,noise
6396657427421,6398607746834,T860,23.0,Ivy Okafor,2025-10-05 21:18:06,noise
6396657427421,6398415640709,T829,14.4,Ivy Okafor,2025-10-04 17:11:54,noise
6396657427421,6394168811006,T860,31.7,Ivy Okafor,2025-10-03 15:11:21,noise
6396657427421,6394168811006,T829,18.0,Ivy Okafor,2025-10-03 14:25:23,noise
6396657427421,6394168811006,T860,4.9,Ivy Okafor,2025-10-02 11:17:05,noise
6396657427421,6394733500690,T860,11.3,Ivy Okafor,2025-10-02 08:03:53,noise
6396657427421,6394168811006,T829,24.6,Ivy Okafor,2025-10-02 18:02:06,noise
6396657427421,6394952018320,T829,106.8,Ivy Okafor,2025-10-01 14:08:19,noise
6396657427421,6394168811006,T829,24.7,Ivy Okafor,2025-10-01 10:13:32,noise
6396657427421,6394168811006,T860,17.9,Ivy Okafor,2025-09-30 16:02:00,noise
6396657427421,6398415640709,T860,5.0,Ivy Okafor,2025-09-30 13:00:19,noise
6396657427421,6394168811006,T829,15.8,Ivy Okafor,2025-09-29 17:02:48,noise
6396657427421,6391707618661,T860,21.3,Ivy Okafor,2025-09-28 13:24:33,noise
6396657427421,6394168811006,T829,2.6,Ivy Okafor,2025-09-28 09:08:42,noise
6396657427421,6394168811006,T829,10.1,Ivy Okafor,2025-09-28 10:11:21,noise
6396657427421,6394168811006,T829,55.5,Ivy Okafor,2025-09-27 10:27:48,noise
6396657427421,6394168811006,T829,23.7,Ivy Okafor,2025-09-27 20:06:44,noise
6396657427421,6394168811006,T860,25.9,Ivy Okafor,2025-09-27 08:16:31,noise
6396657427421,6392435531798,T829,26.7,Ivy Okafor,2025-09-26 02:08:19,noise
6396657427421,6397524223789,T860,33.7,Ivy Okafor,2025-09-25 17:22:23,noise
6396657427421,6394168811006,T829,73.6,Ivy Okafor,2025-09-25 05:26:28,noise
6396657427421,6394168811006,T829,3.8,Ivy Okafor,2025-09-25 14:25:17,noise
6396657427421,6394168811006,T860,13.0,Ivy Okafor,2025-09-24 13:25:12,noise
6396657427421,6394168811006,T860,24.4,Ivy Okafor,2025-09-24 17:17:47,noise
6396657427421,6394168811006,T829,22.1,Ivy Okafor,2025-09-23 14:15:14,noise
6396657427421,6394168811006,T829,10.1,Ivy Okafor,2025-09-23 14:05:29,noise
6396657427421,6394168811006,T829,13.0,Ivy Okafor,2025-09-22 19:10:02,noise
6396657427421,6394168811006,T829,11.7,Ivy Okafor,2025-09-21 20:10:30,noise
6396657427421,6394168811006,T860,25.7,Ivy Okafor,2025-09-21 16:27:01,noise
6396657427421,6399282295544,T860,12.5,Ivy Okafor,2025-09-20 12:23:19,noise
6396657427421,6394168811006,T829,33.5,Ivy Okafor,2025-09-20 17:23:38,noise
6396657427421,6398936495763,T860,27.1,Ivy Okafor,2025-09-20 15:07:10,noise
6396657427421,6391707618661,T829,20.5,Ivy Okafor,2025-09-19 14:02:04,noise
6396657427421,6394168811006,T829,15.2,Ivy Okafor,2025-09-18 09:11:53,noise
6396657427421,6394168811006,T829,19.0,Ivy Okafor,2025-09-18 19:15:40,noise
6396657427421,6396926232765,T829,6.7,Ivy Okafor,2025-09-18 00:30:08,noise
6396657427421,6397893361024,T829,10.5,Ivy Okafor,2025-09-17 13:06:14,noise
6396657427421,6399749908291,T860,4.6,Ivy Okafor,2025-09-16 09:05:26,noise
6396657427421,6394168811006,T829,76.7,Ivy Okafor,2025-09-16 20:02:32,noise
6396657427421,6394168811006,T829,25.2,Ivy Okafor,2025-09-15 23:24:54,noise
6396657427421,6394168811006,T860,11.1,Ivy Okafor,2025-09-15 20:11:36,noise
6396657427421,6394168811006,T860,7.3,Ivy Okafor,2025-09-14 12:21:05,noise
6396657427421,6394168811006,T829,51.5,Ivy Okafor,2025-09-14 11:06:41,noise
6396657427421,6396449831833,T829,13.4,Ivy Okafor,2025-09-14 23:13:52,noise
6396657427421,6394168811006,T860,9.6,Ivy Okafor,2025-09-13 14:15:29,noise
6396657427421,6394168811006,T860,37.8,Ivy Okafor,2025-09-13 17:07:06,noise
6396657427421,6394168811006,T829,16.4,Ivy Okafor,2025-09-13 16:23:45,noise
6396657427421,6394168811006,T829,19.7,Ivy Okafor,2025-09-12 15:03:44,noise
6396657427421,6394168811006,T860,39.7,Ivy Okafor,2025-09-12 16:14:14,noise
6396657427421,6394168811006,T860,38.3,Ivy Okafor,2025-09-11 22:24:45,noise
6396657427421,6394168811006,T860,8.0,Ivy Okafor,2025-09-10 18:28:06,noise
6396657427421,6394168811006,T860,49.1,Ivy Okafor,2025-09-10 21:00:22,noise
6396657427421,6394168811006,T860,29.0,Ivy Okafor,2025-09-10 12:29:45,noise
6396657427421,6393615839537,T829,15.2,Ivy Okafor,2025-09-09 02:29:28,noise
6396657427421,6394317643354,T860,13.3,Ivy Okafor,2025-09-09 18:10:56,noise
6396657427421,6394168811006,T829,16.6,Ivy Okafor,2025-09-09 16:19:26,noise
6396657427421,6394168811006,T829,16.2,Ivy Okafor,2025-09-08 12:17:08,noise
6396657427421,6397105164464,T860,78.5,Ivy Okafor,2025-09-07 10:29:42,noise
6396657427421,6394168811006,T829,35.7,Ivy Okafor,2025-09-07 17:27:54,noise
6396657427421,6398415640709,T860,50.9,Ivy Okafor,2025-09-06 20:00:00,noise
6396657427421,6394168811006,T829,41.0,Ivy Okafor,2025-09-05 10:29:36,noise
6396657427421,6394168811006,T829,9.6,Ivy Okafor,2025-09-05 18:26:53,noise
6396657427421,6394168811006,T829,63.6,Ivy Okafor,2025-09-05 19:07:55,noise
6396657427421,6394168811006,T860,7.7,Ivy Okafor,2025-09-04 03:16:36,noise
6396657427421,6394168811006,T829,12.7,Ivy Okafor,2025-09-03 10:11:09,noise
6396657427421,6394168811006,T860,46.1,Ivy Okafor,2025-09-03 13:30:14,noise
6396657427421,6394168811006,T829,7.9,Ivy Okafor,2025-09-02 08:02:23,noise
6396657427421,6394168811006,T860,21.4,Ivy Okafor,2025-09-02 15:15:28,noise
6396657427421,6394126829491,T829,14.2,Ivy Okafor,2025-09-01 22:00:39,noise
6396657427421,6394168811006,T829,3.7,Ivy Okafor,2025-09-01 10:02:34,noise
6396657427421,6395417290038,T829,19.0,Ivy Okafor,2025-08-31 11:23:21,noise
6396657427421,6394168811006,T829,21.9,Ivy Okafor,2025-08-30 23:01:55,noise
6396657427421,6392435531798,T860,21.9,Ivy Okafor,2025-08-30 16:25:14,noise
6396657427421,6391202411176,T829,10.5,Ivy Okafor,2025-08-29 12:03:04,noise
6396657427421,6394168811006,T860,10.3,Ivy Okafor,2025-08-29 17:23:50,noise
6396657427421,6392435531798,T829,22.6,Ivy Okafor,2025-08-29 22:25:56,noise
6396657427421,6394168811006,T860,14.4,Ivy Okafor,2025-08-28 18:06:26,noise
6396657427421,6398825301484,T860,10.5,Ivy Okafor,2025-08-28 18:30:19,noise
6396657427421,6395651902688,T860,30.3,Ivy Okafor,2025-08-27 08:15:50,noise
6396657427421,6394168811006,T860,9.2,Ivy Okafor,2025-08-27 15:25:30,noise
6396657427421,6392364622622,T829,5.8,Ivy Okafor,2025-08-27 16:15:24,noise
6396657427421,6392056728284,T829,23.4,Ivy Okafor,2025-08-26 17:18:36,noise
6396657427421,6398454204335,T829,3.3,Ivy Okafor,2025-08-26 19:19:21,noise
6396657427421,6394168811006,T829,27.4,Ivy Okafor,2025-08-25 12:25:23,noise
6396657427421,6394168811006,T829,17.4,Ivy Okafor,2025-08-25 17:16:47,noise
6396657427421,6395176413962,T829,20.8,Ivy Okafor,2025-08-25 14:27:27,noise
6396657427421,6394733500690,T829,8.6,Ivy Okafor,2025-08-24 09:25:15,noise
6396657427421,6394168811006,T829,24.0,Ivy Okafor,2025-08-24 18:19:04,noise
6396657427421,6392056728284,T829,6.7,Ivy Okafor,2025-08-24 13:14:45,noise
6396657427421,6393996622945,T829,22.0,Ivy Okafor,2025-08-23 15:10:12,noise
6396657427421,6392894514895,T860,8.6,Ivy Okafor,2025-08-23 22:24:22,noise
6396657427421,6394168811006,T860,9.7,Ivy Okafor,2025-08-23 18:26:31,noise
6396657427421,6395651902688,T860,31.7,Ivy Okafor,2025-08-22 11:24:54,noise
6396657427421,6394168811006,T860,12.7,Ivy Okafor,2025-08-21 17:16:56,noise
6396657427421,6394168811006,T829,96.2,Ivy Okafor,2025-08-21 20:28:52,noise
6396657427421,6394351411690,T829,11.2,Ivy Okafor,2025-08-21 16:00:58,noise
6396657427421,6394168811006,T829,14.3,Ivy Okafor,2025-08-20 11:03:49,noise
6396657427421,6399821171578,T860,16.6,Ivy Okafor,2025-08-20 16:12:09,noise
6396657427421,6398825301484,T829,23.7,Ivy Okafor,2025-08-19 08:23:21,noise
6396657427421,6394168811006,T829,24.5,Ivy Okafor,2025-08-19 11:28:19,noise
6396657427421,6396652537140,T860,12.2,Ivy Okafor,2025-08-19 20:08:09,noise
6396657427421,6393996622945,T860,55.9,Ivy Okafor,2025-08-18 12:24:06,noise
6396657427421,6394168811006,T829,13.1,Ivy Okafor,2025-08-18 20:22:33,noise
6396657427421,6394772775911,T829,11.0,Ivy Okafor,2025-08-18 17:11:24,noise
6396657427421,6394168811006,T829,42.9,Ivy Okafor,2025-08-17 15:17:29,noise
6396657427421,6398607746834,T860,6.5,Ivy Okafor,2025-08-16 20:21:22,noise
6396657427421,6394168811006,T829,7.4,Ivy Okafor,2025-08-16 23:23:31,noise
6396657427421,6396783753090,T829,10.7,Ivy Okafor,2025-08-15 08:29:56,noise
6396657427421,6394168811006,T860,16.6,Ivy Okafor,2025-08-15 19:26:24,noise
6396657427421,6391505221103,T829,14.2,Ivy Okafor,2025-08-14 02:20:44,noise
6396657427421,6394168811006,T829,19.3,Ivy Okafor,2025-08-14 13:12:21,noise
6396657427421,6394775439440,T829,49.5,Ivy Okafor,2025-08-13 09:18:35,noise
6396657427421,6394168811006,T860,42.7,Ivy Okafor,2025-08-13 20:09:52,noise
6396657427421,6394168811006,T829,10.7,Ivy Okafor,2025-08-12 00:00:56,noise
6396657427421,6395161647070,T860,6.5,Ivy Okafor,2025-08-12 13:14:08,noise
6396657427421,6394168811006,T860,31.7,Ivy Okafor,2025-08-12 13:22:38,noise
6396657427421,6394168811006,T829,11.8,Ivy Okafor,2025-08-11 16:04:44,noise
6396657427421,6394952018320,T829,26.8,Ivy Okafor,2025-08-11 18:12:54,noise
6396657427421,6394168811006,T860,10.2,Ivy Okafor,2025-08-11 20:05:03,noise
6396657427421,6394168811006,T829,9.3,Ivy Okafor,2025-08-10 09:13:15,noise
6396657427421,6394168811006,T829,31.1,Ivy Okafor,2025-08-10 09:19:59,noise
6396657427421,6394168811006,T829,17.4,Ivy Okafor,2025-08-09 12:09:16,noise
6396657427421,6394168811006,T829,32.5,Ivy Okafor,2025-08-09 16:21:20,noise
6396657427421,6394168811006,T829,11.7,Ivy Okafor,2025-08-09 12:09:16,noise
6396657427421,6393615839537,T829,58.7,Ivy Okafor,2025-08-08 08:20:31,noise
6396657427421,6394168811006,T829,12.3,Ivy Okafor,2025-08-07 18:14:21,noise
6396657427421,6395503747521,T829,39.6,Ivy Okafor,2025-08-07 20:11:28,noise
6396657427421,6394168811006,T829,72.4,Ivy Okafor,2025-08-07 13:06:48,noise
6396657427421,6394168811006,T860,19.9,Ivy Okafor,2025-08-06 09:13:31,noise
6396657427421,6394984418393,T829,20.0,Ivy Okafor,2025-08-06 10:18:34,noise
6396657427421,6391777783479,T860,29.7,Ivy Okafor,2025-08-05 16:05:17,noise
6396657427421,6394168811006,T860,13.8,Ivy Okafor,2025-08-05 08:01:53,noise
6396657427421,6392531023270,T860,3.6,Ivy Okafor,2025-08-04 04:27:26,noise
6396657427421,6394168811006,T829,13.8,Ivy Okafor,2025-08-04 14:15:57,noise
6396657427421,6394168811006,T829,6.2,Ivy Okafor,2025-08-04 14:07:01,noise
6396657427421,6394385485119,T829,144.3,Ivy Okafor,2025-11-30 03:28:56,noise
6396657427421,6394385485119,T829,114.0,Ivy Okafor,2025-12-07 02:19:33,noise
6396657427421,6394385485119,T829,70.7,Ivy Okafor,2025-12-02 12:03:45,noise
6396657427421,6394385485119,T829,159.3,Ivy Okafor,2025-12-07 08:02:53,noise
6396657427421,6394385485119,T829,179.4,Ivy Okafor,2025-12-27 01:25:40,noise
6396657427421,6394385485119,T829,129.8,Ivy Okafor,2025-12-15 16:16:42,noise
6393489048828,6395453841530,T914,8.7,Mara Kim,2025-10-18 16:07:24,noise
6393489048828,6395417290038,T509,23.4,Mara Kim,2025-10-17 09:27:58,noise
6393489048828,6395417290038,T509,6.7,Mara Kim,2025-10-17 19:22:42,noise
6393489048828,6395453841530,T914,5.5,Mara Kim,2025-10-17 11:11:15,noise
6393489048828,6395417290038,T914,17.1,Mara Kim,2025-10-16 01:20:25,noise
6393489048828,6395417290038,T509,11.4,Mara Kim,2025-10-16 13:14:42,noise
6393489048828,6395453841530,T509,2.2,Mara Kim,2025-10-15 12:18:13,noise
6393489048828,6395453841530,T914,27.0,Mara Kim,2025-10-14 12:24:44,noise
6393489048828,6397454260155,T509,9.3,Mara Kim,2025-10-13 14:08:05,noise
6393489048828,6395417290038,T509,22.8,Mara Kim,2025-10-13 22:10:58,noise
6393489048828,6395417290038,T509,20.3,Mara Kim,2025-10-13 08:06:51,noise
6393489048828,6392099486686,T509,27.2,Mara Kim,2025-10-12 16:01:09,noise
6393489048828,6395417290038,T509,23.0,Mara Kim,2025-10-12 16:14:59,noise
6393489048828,6395417290038,T509,89.9,Mara Kim,2025-10-12 12:17:07,noise
6393489048828,6395417290038,T509,22.2,Mara Kim,2025-10-11 14:09:50,noise
6393489048828,6394733500690,T509,22.0,Mara Kim,2025-10-10 00:11:49,noise
6393489048828,6394317643354,T509,28.6,Mara Kim,2025-10-10 09:21:51,noise
6393489048828,6395453841530,T914,16.1,Mara Kim,2025-10-09 11:15:22,noise
6393489048828,6395417290038,T509,16.3,Mara Kim,2025-10-09 15:26:45,noise
6393489048828,6395453841530,T914,13.9,Mara Kim,2025-10-08 19:01:50,noise
6393489048828,6395395226580,T509,16.7,Mara Kim,2025-10-08 11:07:55,noise
6393489048828,6395453841530,T509,7.9,Mara Kim,2025-10-07 15:05:15,noise
6393489048828,6394317643354,T914,35.6,Mara Kim,2025-10-07 23:23:49,noise
6393489048828,6395417290038,T509,51.7,Mara Kim,2025-10-06 08:25:41,noise
6393489048828,6395417290038,T509,25.8,Mara Kim,2025-10-06 18:00:48,noise
6393489048828,6395417290038,T509,3.9,Mara Kim,2025-10-06 10:17:40,noise
6393489048828,6395453841530,T509,28.1,Mara Kim,2025-10-05 16:19:21,noise
6393489048828,6395453841530,T509,10.4,Mara Kim,2025-10-05 20:15:38,noise
6393489048828,6392056728284,T509,17.9,Mara Kim,2025-10-04 12:22:15,noise
6393489048828,6395417290038,T509,5.0,Mara Kim,2025-10-04 21:13:59,noise
6393489048828,6395417290038,T914,55.6,Mara Kim,2025-10-03 23:26:51,noise
6393489048828,6395417290038,T509,9.1,Mara Kim,2025-10-03 16:05:17,noise
6393489048828,6392743343485,T509,13.9,Mara Kim,2025-10-02 16:30:46,noise
6393489048828,6395417290038,T509,34.1,Mara Kim,2025-10-02 13:11:27,noise
6393489048828,6395453841530,T509,17.3,Mara Kim,2025-10-01 19:22:54,noise
6393489048828,6395453841530,T509,6.9,Mara Kim,2025-10-01 20:05:43,noise
6393489048828,6395417290038,T509,25.1,Mara Kim,2025-10-01 17:14:40,noise
6393489048828,6396869656615,T509,34.4,Mara Kim,2025-09-30 21:21:39,noise
6393489048828,6395417290038,T509,74.8,Mara Kim,2025-09-29 12:28:55,noise
6393489048828,6397335537719,T509,7.4,Mara Kim,2025-09-29 17:08:11,noise
6393489048828,6395453841530,T509,21.9,Mara Kim,2025-09-28 12:17:09,noise
6393489048828,6395503747521,T914,23.6,Mara Kim,2025-09-27 12:21:39,noise
6393489048828,6392364622622,T914,20.1,Mara Kim,2025-09-27 15:05:00,noise
6393489048828,6395453841530,T914,16.6,Mara Kim,2025-09-27 09:01:48,noise
6393489048828,6395907760981,T509,7.3,Mara Kim,2025-09-26 11:10:00,noise
6393489048828,6391777783479,T914,4.8,Mara Kim,2025-09-25 08:15:50,noise
6393489048828,6396659007500,T509,8.7,Mara Kim,2025-09-24 19:25:08,noise
6393489048828,6397012123905,T509,30.1,Mara Kim,2025-09-23 12:11:04,noise
6393489048828,6395417290038,T914,12.3,Mara Kim,2025-09-23 18:20:46,noise
6393489048828,6395417290038,T509,11.2,Mara Kim,2025-09-23 13:19:35,noise
6393489048828,6395453841530,T914,5.2,Mara Kim,2025-09-22 11:01:41,noise
6393489048828,6395417290038,T914,20.1,Mara Kim,2025-09-21 18:05:28,noise
6393489048828,6395417290038,T509,19.9,Mara Kim,2025-09-21 18:30:48,noise
6393489048828,6396327643318,T914,16.9,Mara Kim,2025-09-20 05:18:07,noise
6393489048828,6395453841530,T509,17.5,Mara Kim,2025-09-20 15:15:26,noise
6393489048828,6395417290038,T509,14.9,Mara Kim,2025-09-20 10:05:15,noise
6393489048828,6395417290038,T509,13.0,Mara Kim,2025-09-19 20:16:19,noise
6393489048828,6395417290038,T914,32.8,Mara Kim,2025-09-18 11:16:49,noise
6393489048828,6395453841530,T914,9.8,Mara Kim,2025-09-18 11:29:18,noise
6393489048828,6398302372328,T509,7.6,Mara Kim,2025-09-17 23:17:55,noise
6393489048828,6397147861767,T509,35.2,Mara Kim,2025-09-17 23:25:12,noise
6393489048828,6398478492299,T509,46.8,Mara Kim,2025-09-16 19:01:27,noise
6393489048828,6395651902688,T509,38.4,Mara Kim,2025-09-16 08:19:50,noise
6393489048828,6395453841530,T509,24.3,Mara Kim,2025-09-15 12:09:56,noise
6393489048828,6395453841530,T914,4.5,Mara Kim,2025-09-15 15:15:32,noise
6393489048828,6392941380910,T914,64.1,Mara Kim,2025-09-14 09:12:48,noise
6393489048828,6395417290038,T509,22.1,Mara Kim,2025-09-14 12:02:52,noise
6393489048828,6395417290038,T914,28.0,Mara Kim,2025-09-13 19:26:23,noise
6393489048828,6395453841530,T509,16.1,Mara Kim,2025-09-13 03:20:13,noise
6393489048828,6396817443067,T509,3.1,Mara Kim,2025-09-13 22:07:49,noise
6393489048828,6394984418393,T509,9.9,Mara Kim,2025-09-12 18:04:06,noise
6393489048828,6395453841530,T914,15.4,Mara Kim,2025-09-11 16:21:48,noise
6393489048828,6395417290038,T509,54.9,Mara Kim,2025-09-11 21:16:26,noise
6393489048828,6395453841530,T509,20.1,Mara Kim,2025-09-10 20:03:15,noise
6393489048828,6395417290038,T509,8.3,Mara Kim,2025-09-09 11:27:30,noise
6393489048828,6395453841530,T509,17.6,Mara Kim,2025-09-09 17:25:46,noise
6393489048828,6395453841530,T509,5.8,Mara Kim,2025-09-08 11:30:53,noise
6393489048828,6395417290038,T914,11.3,Mara Kim,2025-09-08 16:12:01,noise
6393489048828,6398415640709,T914,11.0,Mara Kim,2025-09-07 11:19:02,noise
6393489048828,6394775439440,T509,16.5,Mara Kim,2025-09-06 13:18:32,noise
6393489048828,6395453841530,T914,14.6,Mara Kim,2025-09-06 22:12:21,noise
6393489048828,6392531023270,T509,15.4,Mara Kim,2025-09-06 08:26:50,noise
6393489048828,6395453841530,T509,42.9,Mara Kim,2025-09-05 17:05:43,noise
6393489048828,6394126829491,T509,8.2,Mara Kim,2025-09-05 12:00:14,noise
6393489048828,6392099486686,T914,23.9,Mara Kim,2025-09-05 12:27:36,noise
6393489048828,6395453841530,T914,21.2,Mara Kim,2025-09-04 01:30:35,noise
6393489048828,6392435531798,T509,8.5,Mara Kim,2025-09-03 18:22:14,noise
6393489048828,6395453841530,T509,11.2,Mara Kim,2025-09-03 10:16:51,noise
6393489048828,6395417290038,T509,11.5,Mara Kim,2025-09-03 20:24:27,noise
6393489048828,6397955281670,T914,9.0,Mara Kim,2025-09-02 10:26:41,noise
6393489048828,6395176413962,T914,11.9,Mara Kim,2025-09-01 03:16:01,noise
6393489048828,6395417290038,T509,2.6,Mara Kim,2025-09-01 15:24:05,noise
6393489048828,6397236553825,T914,16.9,Mara Kim,2025-08-31 15:22:48,noise
6393489048828,6392099486686,T509,1.5,Mara Kim,2025-08-30 01:27:22,noise
6393489048828,6391777783479,T509,28.9,Mara Kim,2025-08-30 15:21:31,noise
6393489048828,6395453841530,T509,11.1,Mara Kim,2025-08-30 05:05:32,noise
6393489048828,6392743343485,T914,39.4,Mara Kim,2025-08-29 19:08:36,noise
6393489048828,6395453841530,T914,18.1,Mara Kim,2025-08-28 19:21:01,noise
6393489048828,6397275036984,T509,22.8,Mara Kim,2025-08-27 19:02:52,noise
6393489048828,6395453841530,T914,9.2,Mara Kim,2025-08-27 16:07:04,noise
6393489048828,6395417290038,T914,22.5,Mara Kim,2025-08-26 13:04:37,noise
6393489048828,6394733500690,T914,39.0,Mara Kim,2025-08-26 18:27:21,noise
6393489048828,6399821171578,T509,14.9,Mara Kim,2025-08-25 20:14:19,noise
6393489048828,6394351411690,T914,12.1,Mara Kim,2025-08-25 23:23:12,noise
6393489048828,6395417290038,T914,22.2,Mara Kim,2025-08-25 08:19:29,noise
6393489048828,6393996622945,T914,11.6,Mara Kim,2025-08-24 12:29:56,noise
6393489048828,6395453841530,T914,15.8,Mara Kim,2025-08-24 09:06:50,noise
6393489048828,6392941380910,T509,44.4,Mara Kim,2025-08-23 12:30:49,noise
6393489048828,6395453841530,T509,56.9,Mara Kim,2025-08-23 17:12:18,noise
6393489048828,6391505221103,T914,19.5,Mara Kim,2025-08-23 21:04:23,noise
6393489048828,6395453841530,T509,44.1,Mara Kim,2025-08-22 20:09:25,noise
6393489048828,6395417290038,T509,39.6,Mara Kim,2025-08-22 20:12:51,noise
6393489048828,6395417290038,T914,12.2,Mara Kim,2025-08-21 09:04:07,noise
6393489048828,6399821171578,T509,39.2,Mara Kim,2025-08-20 19:02:40,noise
6393489048828,6395417290038,T509,22.1,Mara Kim,2025-08-20 11:06:08,noise
6393489048828,6395453841530,T914,14.7,Mara Kim,2025-08-19 17:09:00,noise
6393489048828,6394351411690,T509,6.6,Mara Kim,2025-08-19 19:08:51,noise
6393489048828,6395417290038,T509,26.4,Mara Kim,2025-08-18 01:04:12,noise
6393489048828,6396254128857,T914,19.4,Mara Kim,2025-08-18 09:13:45,noise
6393489048828,6395453841530,T914,6.4,Mara Kim,2025-08-17 14:30:00,noise
6393489048828,6395453841530,T509,11.1,Mara Kim,2025-08-17 11:03:13,noise
6393489048828,6395453841530,T914,36.6,Mara Kim,2025-08-16 13:13:34,noise
6393489048828,6391285888600,T914,120.0,Mara Kim,2025-08-16 15:08:14,noise
6393489048828,6396336852250,T509,14.1,Mara Kim,2025-08-16 16:09:21,noise
6393489048828,6396801877658,T914,30.1,Mara Kim,2025-08-15 19:17:38,noise
6393489048828,6395417290038,T509,29.5,Mara Kim,2025-08-15 16:17:02,noise
6393489048828,6395453841530,T914,11.2,Mara Kim,2025-08-14 19:08:56,noise
6393489048828,6391153479794,T509,10.2,Mara Kim,2025-08-14 03:28:34,noise
6393489048828,6393128476840,T509,54.3,Mara Kim,2025-08-13 16:21:51,noise
6393489048828,6395417290038,T509,15.3,Mara Kim,2025-08-13 09:05:51,noise
6393489048828,6395453841530,T509,34.7,Mara Kim,2025-08-13 15:02:24,noise
6393489048828,6395453841530,T509,7.1,Mara Kim,2025-08-12 18:07:57,noise
6393489048828,6395453841530,T509,17.8,Mara Kim,2025-08-12 20:10:10,noise
6393489048828,6395453841530,T914,15.9,Mara Kim,2025-08-11 23:02:42,noise
6393489048828,6395907760981,T509,26.1,Mara Kim,2025-08-10 03:15:31,noise
6393489048828,6395453841530,T509,10.2,Mara Kim,2025-08-10 01:09:50,noise
6393489048828,6398936495763,T914,12.1,Mara Kim,2025-08-09 10:20:44,noise
6393489048828,6395417290038,T509,10.9,Mara Kim,2025-08-09 10:13:56,noise
6393489048828,6395453841530,T914,17.7,Mara Kim,2025-08-08 08:04:42,noise
6393489048828,6395417290038,T509,32.3,Mara Kim,2025-08-08 08:21:24,noise
6393489048828,6397893361024,T509,16.3,Mara Kim,2025-08-07 19:18:10,noise
6393489048828,6395453841530,T509,11.3,Mara Kim,2025-08-07 16:07:54,noise
6393489048828,6391707618661,T509,26.8,Mara Kim,2025-08-07 15:10:19,noise
6393489048828,6395417290038,T509,30.5,Mara Kim,2025-08-06 03:15:55,noise
6393489048828,6395453841530,T509,11.3,Mara Kim,2025-08-06 11:19:20,noise
6393489048828,6396926232765,T509,7.9,Mara Kim,2025-08-05 17:23:33,noise
6393489048828,6395417290038,T509,5.5,Mara Kim,2025-08-04 15:13:59,noise
6393489048828,6395453841530,T509,20.0,Mara Kim,2025-08-04 23:25:05,noise
6393489048828,6392634085329,T509,50.8,Mara Kim,2025-12-24 08:26:32,noise
6393489048828,6392634085329,T509,77.4,Mara Kim,2025-12-09 03:01:04,noise
6393489048828,6392634085329,T509,145.9,Mara Kim,2025-11-22 10:12:25,noise
6393489048828,6392634085329,T509,34.9,Mara Kim,2025-12-22 11:01:43,noise
6393489048828,6392634085329,T509,148.1,Mara Kim,2025-12-22 06:15:05,noise
6393489048828,6392634085329,T509,159.9,Mara Kim,2025-11-22 09:02:42,noise
6398478492299,6395907760981,T174,235.6,Yara Novak,2025-12-12 15:15:02,noise
6398478492299,6397147861767,T174,41.7,Yara Novak,2025-12-02 08:04:43,noise
6398478492299,6396449831833,T174,37.3,Yara Novak,2025-11-25 09:25:23,noise
6398478492299,6392099486686,T174,45.3,Yara Novak,2025-12-10 10:18:16,noise
6398478492299,6394901039851,T174,258.4,Yara Novak,2025-11-23 17:28:51,noise
6398478492299,6396205553347,T174,189.0,Yara Novak,2025-12-19 10:12:17,noise
6397563073047,6394168811006,T247,12.4,Nia Jansen,2025-10-18 08:29:54,noise
6397563073047,6394317643354,T247,61.8,Nia Jansen,2025-10-18 20:02:10,noise
6397563073047,6392778974508,T853,20.6,Nia Jansen,2025-10-18 21:16:03,noise
6397563073047,6391969388584,T247,13.6,Nia Jansen,2025-10-17 15:30:39,noise
6397563073047,6398935751205,T247,11.9,Nia Jansen,2025-10-16 21:14:54,noise
6397563073047,6394317643354,T853,28.2,Nia Jansen,2025-10-16 05:04:13,noise
6397563073047,6398605205469,T247,38.5,Nia Jansen,2025-10-16 20:07:38,noise
6397563073047,6392634085329,T247,5.6,Nia Jansen,2025-10-15 20:06:43,noise
6397563073047,6394317643354,T853,40.9,Nia Jansen,2025-10-15 10:22:04,noise
6397563073047,6396869656615,T247,6.4,Nia Jansen,2025-10-15 18:10:26,noise
6397563073047,6393615839537,T247,9.3,Nia Jansen,2025-10-14 16:07:10,noise
6397563073047,6393996622945,T247,24.0,Nia Jansen,2025-10-14 19:26:14,noise
6397563073047,6395453841530,T853,13.8,Nia Jansen,2025-10-13 20:10:40,noise
6397563073047,6393489048828,T853,9.3,Nia Jansen,2025-10-13 22:21:18,noise
6397563073047,6394317643354,T247,15.0,Nia Jansen,2025-10-13 08:01:03,noise
6397563073047,6394317643354,T247,13.0,Nia Jansen,2025-10-12 02:15:22,noise
6397563073047,6399063738848,T853,36.8,Nia Jansen,2025-10-12 08:19:12,noise
6397563073047,6392634085329,T247,13.4,Nia Jansen,2025-10-12 13:15:56,noise
6397563073047,6392634085329,T853,10.7,Nia Jansen,2025-10-11 13:25:52,noise
6397563073047,6392634085329,T247,25.3,Nia Jansen,2025-10-10 01:14:04,noise
6397563073047,6394317643354,T247,30.6,Nia Jansen,2025-10-10 18:00:02,noise
6397563073047,6392634085329,T853,20.5,Nia Jansen,2025-10-10 21:12:34,noise
6397563073047,6392778974508,T853,17.3,Nia Jansen,2025-10-09 18:27:26,noise
6397563073047,6394317643354,T247,20.0,Nia Jansen,2025-10-09 16:05:03,noise
6397563073047,6394317643354,T853,13.3,Nia Jansen,2025-10-08 05:18:54,noise
6397563073047,6392634085329,T853,14.7,Nia Jansen,2025-10-08 18:17:45,noise
6397563073047,6396817443067,T247,17.0,Nia Jansen,2025-10-07 21:18:29,noise
6397563073047,6394317643354,T853,31.3,Nia Jansen,2025-10-07 17:15:12,noise
6397563073047,6394317643354,T853,15.4,Nia Jansen,2025-10-07 02:06:29,noise
6397563073047,6394317643354,T247,28.8,Nia Jansen,2025-10-06 20:08:22,noise
6397563073047,6392634085329,T247,32.1,Nia Jansen,2025-10-05 19:13:39,noise
6397563073047,6391285888600,T247,7.9,Nia Jansen,2025-10-05 16:22:25,noise
6397563073047,6399749908291,T247,26.8,Nia Jansen,2025-10-04 22:09:56,noise
6397563073047,6397861553600,T247,16.4,Nia Jansen,2025-10-04 00:19:29,noise
6397563073047,6392634085329,T247,38.3,Nia Jansen,2025-10-03 18:27:44,noise
6397563073047,6392634085329,T853,18.7,Nia Jansen,2025-10-03 14:09:10,noise
6397563073047,6394317643354,T853,19.7,Nia Jansen,2025-10-02 00:00:26,noise
6397563073047,6394317643354,T853,19.0,Nia Jansen,2025-10-02 03:29:13,noise
6397563073047,6392634085329,T247,51.9,Nia Jansen,2025-10-01 16:20:24,noise
6397563073047,6395161647070,T853,25.0,Nia Jansen,2025-10-01 12:00:18,noise
6397563073047,6392634085329,T853,8.6,Nia Jansen,2025-09-30 09:20:46,noise
6397563073047,6394317643354,T853,8.8,Nia Jansen,2025-09-30 12:13:00,noise
6397563073047,6392634085329,T247,28.1,Nia Jansen,2025-09-29 12:00:33,noise
6397563073047,6395786703009,T247,42.3,Nia Jansen,2025-09-29 02:17:45,noise
6397563073047,6394317643354,T853,2.8,Nia Jansen,2025-09-28 08:14:24,noise
6397563073047,6394317643354,T853,38.5,Nia Jansen,2025-09-28 10:22:14,noise
6397563073047,6394317643354,T853,40.0,Nia Jansen,2025-09-28 13:00:01,noise
6397563073047,6394317643354,T853,10.9,Nia Jansen,2025-09-27 14:22:19,noise
6397563073047,6397063169102,T853,65.5,Nia Jansen,2025-09-26 09:23:38,noise
6397563073047,6397423633225,T853,24.5,Nia Jansen,2025-09-26 12:17:02,noise
6397563073047,6391743328958,T247,9.1,Nia Jansen,2025-09-26 21:08:09,noise
6397563073047,6394317643354,T853,3.3,Nia Jansen,2025-09-25 20:18:37,noise
6397563073047,6394317643354,T853,50.2,Nia Jansen,2025-09-25 18:19:31,noise
6397563073047,6394317643354,T853,9.6,Nia Jansen,2025-09-24 13:18:25,noise
6397563073047,6394317643354,T853,10.6,Nia Jansen,2025-09-24 21:24:07,noise
6397563073047,6392634085329,T853,15.1,Nia Jansen,2025-09-24 22:14:13,noise
6397563073047,6394317643354,T853,16.3,Nia Jansen,2025-09-23 10:14:33,noise
6397563073047,6394317643354,T853,25.6,Nia Jansen,2025-09-23 10:19:17,noise
6397563073047,6394317643354,T853,20.1,Nia Jansen,2025-09-22 12:19:35,noise
6397563073047,6396801877658,T247,10.3,Nia Jansen,2025-09-21 09:19:46,noise
6397563073047,6397236553825,T247,17.4,Nia Jansen,2025-09-21 18:28:05,noise
6397563073047,6392634085329,T853,5.4,Nia Jansen,2025-09-20 12:15:32,noise
6397563073047,6394317643354,T247,19.8,Nia Jansen,2025-09-20 14:26:52,noise
6397563073047,6397147861767,T853,26.2,Nia Jansen,2025-09-19 22:13:35,noise
6397563073047,6394317643354,T853,21.0,Nia Jansen,2025-09-19 20:24:52,noise
6397563073047,6392634085329,T247,56.8,Nia Jansen,2025-09-18 20:25:06,noise
6397563073047,6397105164464,T853,13.0,Nia Jansen,2025-09-18 21:15:55,noise
6397563073047,6395869422194,T853,10.3,Nia Jansen,2025-09-17 09:22:47,noise
6397563073047,6392894514895,T247,10.6,Nia Jansen,2025-09-17 14:14:22,noise
6397563073047,6394317643354,T853,9.2,Nia Jansen,2025-09-16 13:03:07,noise
6397563073047,6392634085329,T247,19.0,Nia Jansen,2025-09-16 22:25:08,noise
6397563073047,6392634085329,T853,4.2,Nia Jansen,2025-09-15 18:00:40,noise
6397563073047,6392634085329,T853,34.3,Nia Jansen,2025-09-15 11:09:20,noise
6397563073047,6394317643354,T853,6.6,Nia Jansen,2025-09-14 10:00:10,noise
6397563073047,6396807432422,T247,13.3,Nia Jansen,2025-09-14 20:18:20,noise
6397563073047,6392634085329,T247,15.7,Nia Jansen,2025-09-14 04:09:15,noise
6397563073047,6394317643354,T247,7.5,Nia Jansen,2025-09-13 12:10:34,noise
6397563073047,6392634085329,T247,25.3,Nia Jansen,2025-09-12 14:23:19,noise
6397563073047,6394317643354,T247,21.1,Nia Jansen,2025-09-11 17:10:01,noise
6397563073047,6393128476840,T853,18.5,Nia Jansen,2025-09-11 23:25:12,noise
6397563073047,6394126829491,T247,3.6,Nia Jansen,2025-09-10 16:21:59,noise
6397563073047,6392634085329,T247,4.3,Nia Jansen,2025-09-10 19:03:57,noise
6397563073047,6396926232765,T853,15.4,Nia Jansen,2025-09-09 18:06:46,noise
6397563073047,6394317643354,T247,10.5,Nia Jansen,2025-09-08 18:05:27,noise
6397563073047,6392634085329,T853,12.0,Nia Jansen,2025-09-07 09:08:13,noise
6397563073047,6391969388584,T853,7.6,Nia Jansen,2025-09-07 21:08:10,noise
6397563073047,6394317643354,T247,6.5,Nia Jansen,2025-09-06 22:09:55,noise
6397563073047,6392634085329,T853,47.7,Nia Jansen,2025-09-05 08:25:28,noise
6397563073047,6394317643354,T853,77.2,Nia Jansen,2025-09-05 14:02:51,noise
6397563073047,6394317643354,T853,7.7,Nia Jansen,2025-09-04 19:04:06,noise
6397563073047,6397236553825,T247,31.5,Nia Jansen,2025-09-04 04:07:59,noise
6397563073047,6393429023955,T853,14.7,Nia Jansen,2025-09-03 18:05:53,noise
6397563073047,6394317643354,T853,39.2,Nia Jansen,2025-09-03 11:02:48,noise
6397563073047,6391969388584,T853,13.2,Nia Jansen,2025-09-02 08:25:04,noise
6397563073047,6394317643354,T853,12.3,Nia Jansen,2025-09-01 03:26:36,noise
6397563073047,6394317643354,T853,10.0,Nia Jansen,2025-09-01 19:07:20,noise
6397563073047,6398935751205,T853,27.9,Nia Jansen,2025-08-31 08:22:46,noise
6397563073047,6394317643354,T247,25.0,Nia Jansen,2025-08-31 23:24:46,noise
6397563073047,6392634085329,T247,32.4,Nia Jansen,2025-08-30 03:01:38,noise
6397563073047,6394317643354,T853,15.2,Nia Jansen,2025-08-29 14:12:21,noise
6397563073047,6397043729383,T853,7.0,Nia Jansen,2025-08-29 11:01:26,noise
6397563073047,6394317643354,T853,51.4,Nia Jansen,2025-08-28 19:24:59,noise
6397563073047,6394317643354,T247,13.7,Nia Jansen,2025-08-27 01:26:43,noise
6397563073047,6392531023270,T853,45.7,Nia Jansen,2025-08-27 11:23:52,noise
6397563073047,6395651902688,T853,32.9,Nia Jansen,2025-08-26 14:28:53,noise
6397563073047,6392634085329,T247,7.3,Nia Jansen,2025-08-26 15:01:30,noise
6397563073047,6395417290038,T853,4.2,Nia Jansen,2025-08-25 13:14:16,noise
6397563073047,6392634085329,T247,8.1,Nia Jansen,2025-08-25 18:29:32,noise
6397563073047,6394733500690,T853,6.8,Nia Jansen,2025-08-24 08:11:58,noise
6397563073047,6399489742631,T853,4.7,Nia Jansen,2025-08-24 01:09:57,noise
6397563073047,6395651902688,T247,13.8,Nia Jansen,2025-08-24 11:27:24,noise
6397563073047,6394317643354,T853,7.3,Nia Jansen,2025-08-23 19:14:19,noise
6397563073047,6392634085329,T853,11.7,Nia Jansen,2025-08-23 08:08:36,noise
6397563073047,6392634085329,T247,10.4,Nia Jansen,2025-08-22 12:25:06,noise
6397563073047,6395786703009,T247,29.6,Nia Jansen,2025-08-22 19:05:32,noise
6397563073047,6394317643354,T853,11.5,Nia Jansen,2025-08-21 15:16:36,noise
6397563073047,6392634085329,T853,8.0,Nia Jansen,2025-08-21 01:27:12,noise
6397563073047,6392634085329,T247,6.9,Nia Jansen,2025-08-20 04:02:02,noise
6397563073047,6392099486686,T247,36.3,Nia Jansen,2025-08-20 16:24:19,noise
6397563073047,6395036386090,T853,12.4,Nia Jansen,2025-08-19 18:19:47,noise
6397563073047,6392634085329,T247,26.5,Nia Jansen,2025-08-19 05:23:06,noise
6397563073047,6392894514895,T247,7.3,Nia Jansen,2025-08-18 15:30:00,noise
6397563073047,6398302372328,T247,11.2,Nia Jansen,2025-08-18 20:02:57,noise
6397563073047,6396651014213,T853,65.5,Nia Jansen,2025-08-18 09:28:44,noise
6397563073047,6398607746834,T247,17.7,Nia Jansen,2025-08-17 14:01:51,noise
6397563073047,6394126829491,T853,18.6,Nia Jansen,2025-08-16 15:18:39,noise
6397563073047,6392634085329,T853,29.7,Nia Jansen,2025-08-16 14:21:53,noise
6397563073047,6391782370828,T853,13.5,Nia Jansen,2025-08-15 13:30:19,noise
6397563073047,6395395226580,T247,14.3,Nia Jansen,2025-08-15 19:05:48,noise
6397563073047,6393128476840,T853,19.0,Nia Jansen,2025-08-14 08:03:05,noise
6397563073047,6394317643354,T853,13.5,Nia Jansen,2025-08-13 04:03:45,noise
6397563073047,6399063738848,T853,17.0,Nia Jansen,2025-08-13 19:27:53,noise
6397563073047,6397955281670,T853,5.1,Nia Jansen,2025-08-12 11:21:02,noise
6397563073047,6392099486686,T247,35.1,Nia Jansen,2025-08-12 08:26:55,noise
6397563073047,6394317643354,T853,30.4,Nia Jansen,2025-08-12 14:09:16,noise
6397563073047,6392634085329,T247,9.3,Nia Jansen,2025-08-11 22:04:59,noise
6397563073047,6395161647070,T247,9.1,Nia Jansen,2025-08-10 02:27:13,noise
6397563073047,6394317643354,T853,15.6,Nia Jansen,2025-08-10 19:23:39,noise
6397563073047,6394317643354,T247,13.5,Nia Jansen,2025-08-10 15:27:15,noise
6397563073047,6394317643354,T853,11.1,Nia Jansen,2025-08-09 20:08:43,noise
6397563073047,6394317643354,T853,4.8,Nia Jansen,2025-08-09 18:12:38,noise
6397563073047,6398415640709,T853,66.0,Nia Jansen,2025-08-09 17:29:08,noise
6397563073047,6392634085329,T247,7.8,Nia Jansen,2025-08-08 03:10:49,noise
6397563073047,6397893361024,T247,24.0,Nia Jansen,2025-08-08 04:15:16,noise
6397563073047,6394317643354,T247,8.0,Nia Jansen,2025-08-07 15:23:14,noise
6397563073047,6394901039851,T247,12.4,Nia Jansen,2025-08-07 13:11:49,noise
6397563073047,6392634085329,T247,22.0,Nia Jansen,2025-08-06 09:10:06,noise
6397563073047,6392634085329,T853,36.1,Nia Jansen,2025-08-06 14:13:31,noise
6397563073047,6397275036984,T853,30.7,Nia Jansen,2025-08-05 20:27:22,noise
6397563073047,6392634085329,T853,11.1,Nia Jansen,2025-08-05 23:30:56,noise
6397563073047,6392634085329,T853,7.6,Nia Jansen,2025-08-04 19:23:45,noise
6397563073047,6392056728284,T853,24.4,Nia Jansen,2025-08-04 13:19:31,noise
6397563073047,6396336852250,T853,170.0,Nia Jansen,2025-12-27 03:12:27,noise
6397563073047,6396336852250,T853,62.8,Nia Jansen,2025-12-13 01:17:12,noise
6397563073047,6396336852250,T853,93.7,Nia Jansen,2025-12-17 04:27:57,noise
6397563073047,6396336852250,T853,109.7,Nia Jansen,2025-12-17 19:29:57,noise
6397563073047,6396336852250,T853,163.9,Nia Jansen,2025-12-05 19:23:52,noise
6397563073047,6396336852250,T853,119.1,Nia Jansen,2025-12-01 07:09:18,noise
6391505221103,6392941380910,T889,19.5,Lena Okafor,2025-10-18 10:01:20,noise
6391505221103,6397335537719,T556,19.6,Lena Okafor,2025-10-17 13:20:58,noise
6391505221103,6396817443067,T556,21.7,Lena Okafor,2025-10-17 13:07:45,noise
6391505221103,6392941380910,T889,22.4,Lena Okafor,2025-10-17 08:26:07,noise
6391505221103,6398454204335,T889,4.3,Lena Okafor,2025-10-16 10:24:35,noise
6391505221103,6392941380910,T889,26.4,Lena Okafor,2025-10-16 11:10:18,noise
6391505221103,6398454204335,T556,19.0,Lena Okafor,2025-10-15 12:27:46,noise
6391505221103,6398454204335,T889,15.6,Lena Okafor,2025-10-15 12:04:16,noise
6391505221103,6398454204335,T889,15.8,Lena Okafor,2025-10-15 23:28:13,noise
6391505221103,6392364622622,T889,17.9,Lena Okafor,2025-10-14 19:18:09,noise
6391505221103,6397563073047,T889,32.9,Lena Okafor,2025-10-14 19:12:35,noise
6391505221103,6392941380910,T556,25.0,Lena Okafor,2025-10-13 18:02:30,noise
6391505221103,6398454204335,T889,6.4,Lena Okafor,2025-10-12 17:21:11,noise
6391505221103,6392941380910,T889,3.9,Lena Okafor,2025-10-12 13:19:04,noise
6391505221103,6396926232765,T556,14.4,Lena Okafor,2025-10-11 14:27:40,noise
6391505221103,6394952018320,T556,24.4,Lena Okafor,2025-10-11 08:03:45,noise
6391505221103,6398454204335,T556,36.8,Lena Okafor,2025-10-11 09:09:06,noise
6391505221103,6392941380910,T556,13.3,Lena Okafor,2025-10-10 18:18:32,noise
6391505221103,6398454204335,T556,22.5,Lena Okafor,2025-10-10 17:30:32,noise
6391505221103,6398454204335,T889,27.9,Lena Okafor,2025-10-09 09:30:56,noise
6391505221103,6398454204335,T889,39.4,Lena Okafor,2025-10-09 11:09:41,noise
6391505221103,6395161647070,T556,15.8,Lena Okafor,2025-10-08 18:26:55,noise
6391505221103,6399489742631,T556,6.2,Lena Okafor,2025-10-08 12:05:37,noise
6391505221103,6398454204335,T889,15.0,Lena Okafor,2025-10-07 21:05:55,noise
6391505221103,6394196958976,T889,7.4,Lena Okafor,2025-10-07 08:07:37,noise
6391505221103,6392941380910,T556,61.9,Lena Okafor,2025-10-06 13:20:04,noise
6391505221103,6392941380910,T889,7.8,Lena Okafor,2025-10-06 13:19:55,noise
6391505221103,6398454204335,T889,54.2,Lena Okafor,2025-10-06 23:05:55,noise
6391505221103,6395453841530,T889,17.0,Lena Okafor,2025-10-05 22:03:01,noise
6391505221103,6398454204335,T889,7.1,Lena Okafor,2025-10-05 05:24:42,noise
6391505221103,6399063738848,T556,33.1,Lena Okafor,2025-10-05 11:18:15,noise
6391505221103,6398454204335,T889,13.1,Lena Okafor,2025-10-04 09:02:51,noise
6391505221103,6398454204335,T889,5.8,Lena Okafor,2025-10-04 17:09:25,noise
6391505221103,6398454204335,T556,17.5,Lena Okafor,2025-10-03 16:07:02,noise
6391505221103,6392941380910,T889,12.7,Lena Okafor,2025-10-03 18:27:27,noise
6391505221103,6392941380910,T556,18.5,Lena Okafor,2025-10-02 20:24:54,noise
6391505221103,6396817443067,T556,14.0,Lena Okafor,2025-10-01 01:24:30,noise
6391505221103,6392941380910,T889,69.3,Lena Okafor,2025-09-30 19:27:33,noise
6391505221103,6391505221103,T556,20.7,Lena Okafor,2025-09-30 15:11:02,noise
6391505221103,6398454204335,T889,32.1,Lena Okafor,2025-09-29 18:22:03,noise
6391505221103,6399063738848,T889,13.8,Lena Okafor,2025-09-29 13:20:43,noise
6391505221103,6398454204335,T889,21.4,Lena Okafor,2025-09-29 14:22:14,noise
6391505221103,6398454204335,T556,19.6,Lena Okafor,2025-09-28 12:23:28,noise
6391505221103,6398454204335,T556,19.4,Lena Okafor,2025-09-28 16:06:33,noise
6391505221103,6392941380910,T889,6.5,Lena Okafor,2025-09-27 01:22:57,noise
6391505221103,6398454204335,T556,4.3,Lena Okafor,2025-09-27 13:08:33,noise
6391505221103,6398454204335,T889,9.0,Lena Okafor,2025-09-26 20:25:55,noise
6391505221103,6392941380910,T889,17.6,Lena Okafor,2025-09-25 16:27:59,noise
6391505221103,6391743328958,T889,12.5,Lena Okafor,2025-09-25 17:11:29,noise
6391505221103,6392941380910,T889,6.1,Lena Okafor,2025-09-24 18:23:37,noise
6391505221103,6392941380910,T556,10.5,Lena Okafor,2025-09-24 04:19:24,noise
6391505221103,6396651014213,T889,7.1,Lena Okafor,2025-09-24 13:00:58,noise
6391505221103,6398935751205,T889,29.9,Lena Okafor,2025-09-23 12:13:33,noise
6391505221103,6398454204335,T889,8.6,Lena Okafor,2025-09-23 15:03:41,noise
6391505221103,6392941380910,T889,9.9,Lena Okafor,2025-09-22 21:23:40,noise
6391505221103,6392531023270,T889,37.0,Lena Okafor,2025-09-22 03:30:22,noise
6391505221103,6391923323851,T556,18.1,Lena Okafor,2025-09-21 23:04:05,noise
6391505221103,6398454204335,T556,50.1,Lena Okafor,2025-09-21 11:14:17,noise
6391505221103,6399478806060,T556,27.9,Lena Okafor,2025-09-20 15:26:37,noise
6391505221103,6392941380910,T889,18.0,Lena Okafor,2025-09-20 11:30:13,noise
6391505221103,6397043729383,T889,69.3,Lena Okafor,2025-09-19 11:29:24,noise
6391505221103,6391285888600,T889,13.7,Lena Okafor,2025-09-19 15:09:48,noise
6391505221103,6392596108594,T889,10.1,Lena Okafor,2025-09-19 02:14:26,noise
6391505221103,6392941380910,T889,6.5,Lena Okafor,2025-09-18 12:15:32,noise
6391505221103,6398454204335,T556,14.2,Lena Okafor,2025-09-18 19:25:36,noise
6391505221103,6392531023270,T889,7.0,Lena Okafor,2025-09-18 18:12:01,noise
6391505221103,6394775439440,T556,37.1,Lena Okafor,2025-09-17 22:19:26,noise
6391505221103,6392941380910,T556,10.8,Lena Okafor,2025-09-17 16:01:58,noise
6391505221103,6399063738848,T889,9.7,Lena Okafor,2025-09-17 17:00:29,noise
6391505221103,6398126884162,T556,14.0,Lena Okafor,2025-09-16 11:09:10,noise
6391505221103,6397955281670,T889,4.3,Lena Okafor,2025-09-16 12:18:50,noise
6391505221103,6392941380910,T889,14.5,Lena Okafor,2025-09-15 20:11:51,noise
6391505221103,6392941380910,T889,13.3,Lena Okafor,2025-09-14 16:25:56,noise
6391505221103,6398454204335,T889,48.2,Lena Okafor,2025-09-14 03:04:29,noise
6391505221103,6398454204335,T889,5.7,Lena Okafor,2025-09-13 20:11:23,noise
6391505221103,6398454204335,T889,13.0,Lena Okafor,2025-09-13 08:15:27,noise
6391505221103,6392941380910,T889,6.2,Lena Okafor,2025-09-12 17:21:14,noise
6391505221103,6393429023955,T889,22.9,Lena Okafor,2025-09-11 11:25:35,noise
6391505221103,6396869656615,T556,12.6,Lena Okafor,2025-09-11 01:16:56,noise
6391505221103,6398454204335,T556,36.7,Lena Okafor,2025-09-11 10:24:06,noise
6391505221103,6392941380910,T889,69.4,Lena Okafor,2025-09-10 14:04:47,noise
6391505221103,6397876759433,T556,16.5,Lena Okafor,2025-09-09 15:07:21,noise
6391505221103,6392941380910,T556,6.8,Lena Okafor,2025-09-09 18:23:18,noise
6391505221103,6395869422194,T889,8.6,Lena Okafor,2025-09-09 11:28:47,noise
6391505221103,6395869422194,T556,20.5,Lena Okafor,2025-09-08 23:07:48,noise
6391505221103,6391969388584,T556,11.6,Lena Okafor,2025-09-08 15:00:05,noise
6391505221103,6398454204335,T889,18.5,Lena Okafor,2025-09-07 19:01:12,noise
6391505221103,6399489742631,T556,40.6,Lena Okafor,2025-09-07 13:26:52,noise
6391505221103,6398454204335,T556,18.9,Lena Okafor,2025-09-07 17:07:04,noise
6391505221103,6392941380910,T889,3.3,Lena Okafor,2025-09-06 09:06:27,noise
6391505221103,6396254128857,T889,24.9,Lena Okafor,2025-09-06 16:07:09,noise
6391505221103,6398454204335,T889,8.5,Lena Okafor,2025-09-05 01:13:56,noise
6391505221103,6392941380910,T889,29.4,Lena Okafor,2025-09-05 22:30:10,noise
6391505221103,6392941380910,T889,16.1,Lena Okafor,2025-09-04 02:07:21,noise
6391505221103,6392941380910,T556,17.5,Lena Okafor,2025-09-04 12:12:39,noise
6391505221103,6392941380910,T889,27.5,Lena Okafor,2025-09-03 18:10:04,noise
6391505221103,6391707618661,T889,15.7,Lena Okafor,2025-09-03 18:20:42,noise
6391505221103,6398454204335,T556,65.8,Lena Okafor,2025-09-03 19:06:19,noise
6391505221103,6398454204335,T556,14.7,Lena Okafor,2025-09-02 15:02:45,noise
6391505221103,6392941380910,T889,34.9,Lena Okafor,2025-09-02 10:19:08,noise
6391505221103,6392941380910,T556,48.6,Lena Okafor,2025-09-02 17:18:27,noise
6391505221103,6392941380910,T556,21.7,Lena Okafor,2025-09-01 14:16:47,noise
6391505221103,6393615839537,T556,9.3,Lena Okafor,2025-09-01 18:02:30,noise
6391505221103,6395395226580,T889,6.8,Lena Okafor,2025-08-31 22:13:56,noise
6391505221103,6398454204335,T556,3.5,Lena Okafor,2025-08-31 14:08:23,noise
6391505221103,6399371596006,T889,49.7,Lena Okafor,2025-08-31 21:21:29,noise
6391505221103,6392634085329,T556,41.4,Lena Okafor,2025-08-30 15:13:52,noise
6391505221103,6392941380910,T556,8.6,Lena Okafor,2025-08-29 19:05:13,noise
6391505221103,6392941380910,T556,15.8,Lena Okafor,2025-08-29 17:06:04,noise
6391505221103,6397105164464,T556,30.4,Lena Okafor,2025-08-28 17:03:54,noise
6391505221103,6398454204335,T556,31.8,Lena Okafor,2025-08-28 13:11:19,noise
6391505221103,6398454204335,T556,6.6,Lena Okafor,2025-08-28 01:08:06,noise
6391505221103,6398454204335,T889,11.8,Lena Okafor,2025-08-27 04:14:04,noise
6391505221103,6398454204335,T556,25.1,Lena Okafor,2025-08-26 15:25:31,noise
6391505221103,6397955281670,T556,82.9,Lena Okafor,2025-08-26 15:26:53,noise
6391505221103,6399749908291,T889,20.8,Lena Okafor,2025-08-25 11:22:32,noise
6391505221103,6392941380910,T889,9.9,Lena Okafor,2025-08-24 15:06:24,noise
6391505221103,6392941380910,T556,34.7,Lena Okafor,2025-08-24 14:28:51,noise
6391505221103,6392941380910,T556,27.0,Lena Okafor,2025-08-23 17:06:47,noise
6391505221103,6398454204335,T889,130.5,Lena Okafor,2025-08-22 08:16:10,noise
6391505221103,6398454204335,T556,53.5,Lena Okafor,2025-08-21 03:02:41,noise
6391505221103,6392941380910,T889,27.4,Lena Okafor,2025-08-20 20:26:24,noise
6391505221103,6398454204335,T556,17.0,Lena Okafor,2025-08-19 08:22:00,noise
6391505221103,6393996622945,T889,8.9,Lena Okafor,2025-08-19 08:13:32,noise
6391505221103,6398454204335,T556,16.9,Lena Okafor,2025-08-18 15:30:10,noise
6391505221103,6398454204335,T556,9.8,Lena Okafor,2025-08-18 10:18:00,noise
6391505221103,6398454204335,T889,22.1,Lena Okafor,2025-08-18 12:24:39,noise
6391505221103,6392941380910,T889,24.9,Lena Okafor,2025-08-17 00:10:41,noise
6391505221103,6392941380910,T889,22.9,Lena Okafor,2025-08-17 05:09:47,noise
6391505221103,6392941380910,T556,19.5,Lena Okafor,2025-08-16 19:26:06,noise
6391505221103,6398454204335,T556,25.7,Lena Okafor,2025-08-15 14:23:14,noise
6391505221103,6398605205469,T556,56.4,Lena Okafor,2025-08-14 10:21:44,noise
6391505221103,6392941380910,T556,13.9,Lena Okafor,2025-08-14 14:11:32,noise
6391505221103,6398454204335,T889,11.2,Lena Okafor,2025-08-13 11:12:14,noise
6391505221103,6398454204335,T889,9.6,Lena Okafor,2025-08-13 19:07:46,noise
6391505221103,6392941380910,T556,25.1,Lena Okafor,2025-08-12 17:14:29,noise
6391505221103,6397063169102,T889,8.7,Lena Okafor,2025-08-12 22:12:10,noise
6391505221103,6398454204335,T889,7.0,Lena Okafor,2025-08-11 17:28:58,noise
6391505221103,6398454204335,T889,18.7,Lena Okafor,2025-08-11 18:24:51,noise
6391505221103,6392941380910,T889,79.7,Lena Okafor,2025-08-11 16:30:07,noise
6391505221103,6392941380910,T889,160.3,Lena Okafor,2025-08-10 02:02:44,noise
6391505221103,6398454204335,T556,12.6,Lena Okafor,2025-08-10 11:09:10,noise
6391505221103,6392941380910,T889,11.3,Lena Okafor,2025-08-09 18:13:43,noise
6391505221103,6398415640709,T889,8.8,Lena Okafor,2025-08-08 11:13:10,noise
6391505221103,6392941380910,T556,8.8,Lena Okafor,2025-08-07 16:22:10,noise
6391505221103,6391153479794,T889,10.3,Lena Okafor,2025-08-07 15:04:26,noise
6391505221103,6398454204335,T556,6.0,Lena Okafor,2025-08-07 23:24:35,noise
6391505221103,6398454204335,T889,20.3,Lena Okafor,2025-08-06 17:23:59,noise
6391505221103,6398454204335,T556,23.8,Lena Okafor,2025-08-06 18:01:40,noise
6391505221103,6392941380910,T556,34.8,Lena Okafor,2025-08-05 02:05:48,noise
6391505221103,6396657427421,T889,26.0,Lena Okafor,2025-08-05 20:23:54,noise
6391505221103,6398454204335,T889,34.7,Lena Okafor,2025-08-04 15:10:00,noise
6391505221103,6394196958976,T889,115.9,Lena Okafor,2025-12-04 22:24:28,noise
6391505221103,6394196958976,T889,116.1,Lena Okafor,2025-11-22 10:10:14,noise
6391505221103,6394196958976,T889,64.8,Lena Okafor,2025-11-28 19:02:05,noise
6391505221103,6394196958976,T889,68.7,Lena Okafor,2025-12-10 21:03:11,noise
6391505221103,6394196958976,T889,35.0,Lena Okafor,2025-11-29 08:10:48,noise
6391505221103,6394196958976,T889,131.1,Lena Okafor,2025-12-26 11:02:36,noise
6394762294635,6395417290038,T985,287.9,Zane Okafor,2025-11-27 14:00:16,noise
6394762294635,6395395226580,T985,24.0,Zane Okafor,2025-12-03 19:09:31,noise
6394762294635,6394901039851,T985,279.7,Zane Okafor,2025-11-29 12:13:33,noise
6394762294635,6398478492299,T985,280.9,Zane Okafor,2025-11-29 20:01:35,noise
6394762294635,6395453841530,T985,131.9,Zane Okafor,2025-11-25 14:20:05,noise
6394762294635,6399749908291,T985,291.9,Zane Okafor,2025-11-18 16:04:23,noise
6394762294635,6396869656615,T985,204.8,Zane Okafor,2025-11-24 03:17:39,noise
6394762294635,6395869422194,T985,221.5,Zane Okafor,2025-12-02 10:13:16,noise
6398302372328,6392435531798,T341,74.5,Ravi ElSayed,2025-10-18 20:15:07,noise
6398302372328,6396313198121,T341,26.5,Ravi ElSayed,2025-10-18 19:02:21,noise
6398302372328,6394168811006,T341,17.1,Ravi ElSayed,2025-10-17 22:18:55,noise
6398302372328,6396807432422,T341,8.5,Ravi ElSayed,2025-10-17 10:02:36,noise
6398302372328,6392531023270,T341,2.4,Ravi ElSayed,2025-10-17 10:23:26,noise
6398302372328,6392778974508,T444,22.3,Ravi ElSayed,2025-10-16 18:00:53,noise
6398302372328,6395786703009,T444,24.5,Ravi ElSayed,2025-10-16 11:12:34,noise
6398302372328,6392778974508,T444,108.1,Ravi ElSayed,2025-10-15 11:03:42,noise
6398302372328,6394168811006,T444,21.3,Ravi ElSayed,2025-10-15 10:13:40,noise
6398302372328,6396817443067,T341,23.8,Ravi ElSayed,2025-10-14 10:14:06,noise
6398302372328,6394901039851,T341,11.9,Ravi ElSayed,2025-10-14 22:02:43,noise
6398302372328,6394168811006,T341,12.5,Ravi ElSayed,2025-10-14 14:02:50,noise
6398302372328,6394168811006,T341,30.0,Ravi ElSayed,2025-10-13 19:29:12,noise
6398302372328,6394168811006,T341,26.8,Ravi ElSayed,2025-10-13 13:29:01,noise
6398302372328,6392778974508,T341,13.1,Ravi ElSayed,2025-10-12 23:29:13,noise
6398302372328,6394775439440,T444,16.0,Ravi ElSayed,2025-10-12 17:00:20,noise
6398302372328,6398825301484,T341,72.9,Ravi ElSayed,2025-10-11 12:16:30,noise
6398302372328,6392778974508,T341,10.9,Ravi ElSayed,2025-10-10 00:06:58,noise
6398302372328,6394168811006,T341,17.4,Ravi ElSayed,2025-10-10 19:23:08,noise
6398302372328,6394168811006,T341,29.3,Ravi ElSayed,2025-10-10 16:19:54,noise
6398302372328,6394168811006,T341,36.5,Ravi ElSayed,2025-10-09 15:29:58,noise
6398302372328,6392778974508,T341,11.7,Ravi ElSayed,2025-10-09 13:16:34,noise
6398302372328,6392778974508,T444,20.6,Ravi ElSayed,2025-10-08 11:07:21,noise
6398302372328,6392778974508,T444,50.3,Ravi ElSayed,2025-10-07 12:15:41,noise
6398302372328,6395651902688,T341,9.6,Ravi ElSayed,2025-10-06 00:23:05,noise
6398302372328,6392778974508,T341,13.8,Ravi ElSayed,2025-10-06 12:11:03,noise
6398302372328,6392778974508,T444,21.9,Ravi ElSayed,2025-10-05 09:18:37,noise
6398302372328,6394168811006,T341,13.2,Ravi ElSayed,2025-10-04 18:22:12,noise
6398302372328,6394168811006,T444,17.4,Ravi ElSayed,2025-10-04 21:16:13,noise
6398302372328,6396926232765,T341,15.4,Ravi ElSayed,2025-10-04 16:26:56,noise
6398302372328,6398825301484,T341,17.4,Ravi ElSayed,2025-10-03 13:25:36,noise
6398302372328,6399607110001,T341,8.8,Ravi ElSayed,2025-10-02 21:06:23,noise
6398302372328,6392778974508,T444,19.9,Ravi ElSayed,2025-10-01 09:00:53,noise
6398302372328,6394168811006,T444,7.9,Ravi ElSayed,2025-09-30 08:23:38,noise
6398302372328,6394168811006,T341,12.4,Ravi ElSayed,2025-09-29 14:18:37,noise
6398302372328,6395869422194,T341,7.2,Ravi ElSayed,2025-09-29 09:30:18,noise
6398302372328,6397955281670,T444,7.1,Ravi ElSayed,2025-09-28 20:00:07,noise
6398302372328,6394168811006,T341,4.4,Ravi ElSayed,2025-09-28 18:14:41,noise
6398302372328,6394168811006,T444,40.6,Ravi ElSayed,2025-09-27 13:21:03,noise
6398302372328,6392099486686,T444,11.0,Ravi ElSayed,2025-09-27 12:03:47,noise
6398302372328,6399902228679,T341,17.4,Ravi ElSayed,2025-09-26 15:30:00,noise
6398302372328,6391923323851,T341,11.6,Ravi ElSayed,2025-09-25 14:27:20,noise
6398302372328,6392778974508,T341,6.1,Ravi ElSayed,2025-09-25 12:04:29,noise
6398302372328,6399063738848,T444,8.8,Ravi ElSayed,2025-09-25 21:22:44,noise
6398302372328,6394126829491,T341,8.0,Ravi ElSayed,2025-09-24 17:13:09,noise
6398302372328,6392941380910,T341,13.9,Ravi ElSayed,2025-09-24 13:05:24,noise
6398302372328,6394168811006,T341,10.5,Ravi ElSayed,2025-09-24 12:06:43,noise
6398302372328,6394168811006,T341,22.9,Ravi ElSayed,2025-09-23 18:07:14,noise
6398302372328,6398936495763,T341,39.0,Ravi ElSayed,2025-09-23 22:06:32,noise
6398302372328,6397423633225,T444,11.7,Ravi ElSayed,2025-09-23 20:03:15,noise
6398302372328,6392778974508,T444,9.6,Ravi ElSayed,2025-09-22 11:29:15,noise
6398302372328,6392778974508,T341,2.4,Ravi ElSayed,2025-09-22 08:11:35,noise
6398302372328,6391743328958,T341,27.7,Ravi ElSayed,2025-09-22 12:12:50,noise
6398302372328,6394168811006,T444,8.8,Ravi ElSayed,2025-09-21 09:01:24,noise
6398302372328,6397423633225,T444,8.6,Ravi ElSayed,2025-09-21 08:16:34,noise
6398302372328,6392778974508,T444,16.6,Ravi ElSayed,2025-09-21 13:12:07,noise
6398302372328,6392778974508,T444,31.1,Ravi ElSayed,2025-09-20 22:20:06,noise
6398302372328,6394901039851,T341,42.3,Ravi ElSayed,2025-09-20 12:12:41,noise
6398302372328,6391202411176,T341,42.7,Ravi ElSayed,2025-09-19 12:13:35,noise
6398302372328,6396336852250,T341,8.5,Ravi ElSayed,2025-09-19 15:09:44,noise
6398302372328,6394168811006,T341,121.7,Ravi ElSayed,2025-09-19 18:05:02,noise
6398302372328,6393489048828,T444,17.6,Ravi ElSayed,2025-09-18 15:01:34,noise
6398302372328,6392778974508,T444,41.1,Ravi ElSayed,2025-09-18 09:24:56,noise
6398302372328,6396783753090,T444,22.4,Ravi ElSayed,2025-09-18 08:06:40,noise
6398302372328,6399478806060,T444,29.5,Ravi ElSayed,2025-09-17 19:14:52,noise
6398302372328,6392778974508,T444,14.2,Ravi ElSayed,2025-09-17 19:22:01,noise
6398302372328,6392778974508,T341,22.0,Ravi ElSayed,2025-09-16 11:12:12,noise
6398302372328,6392778974508,T341,17.1,Ravi ElSayed,2025-09-15 15:09:46,noise
6398302372328,6394126829491,T444,12.7,Ravi ElSayed,2025-09-15 13:04:17,noise
6398302372328,6398454204335,T444,18.2,Ravi ElSayed,2025-09-15 08:15:48,noise
6398302372328,6395395226580,T444,8.2,Ravi ElSayed,2025-09-14 15:04:09,noise
6398302372328,6394168811006,T341,21.8,Ravi ElSayed,2025-09-13 09:06:00,noise
6398302372328,6396652537140,T444,14.4,Ravi ElSayed,2025-09-13 17:24:00,noise
6398302372328,6398936495763,T341,12.2,Ravi ElSayed,2025-09-13 13:17:43,noise
6398302372328,6394168811006,T341,16.3,Ravi ElSayed,2025-09-12 11:25:15,noise
6398302372328,6392778974508,T341,37.0,Ravi ElSayed,2025-09-12 08:00:49,noise
6398302372328,6392941380910,T444,9.0,Ravi ElSayed,2025-09-11 02:18:12,noise
6398302372328,6399371596006,T444,21.8,Ravi ElSayed,2025-09-11 20:08:51,noise
6398302372328,6392778974508,T341,12.6,Ravi ElSayed,2025-09-11 12:27:52,noise
6398302372328,6396327643318,T444,33.3,Ravi ElSayed,2025-09-10 19:14:05,noise
6398302372328,6394168811006,T341,25.9,Ravi ElSayed,2025-09-09 08:18:47,noise
6398302372328,6392778974508,T444,87.4,Ravi ElSayed,2025-09-09 02:03:40,noise
6398302372328,6392778974508,T341,4.9,Ravi ElSayed,2025-09-09 13:01:31,noise
6398302372328,6392596108594,T341,17.9,Ravi ElSayed,2025-09-08 18:18:20,noise
6398302372328,6394168811006,T341,14.5,Ravi ElSayed,2025-09-08 20:26:10,noise
6398302372328,6392364622622,T444,9.9,Ravi ElSayed,2025-09-08 11:19:46,noise
6398302372328,6397043729383,T341,99.9,Ravi ElSayed,2025-09-07 11:06:15,noise
6398302372328,6394168811006,T444,9.8,Ravi ElSayed,2025-09-07 18:03:15,noise
6398302372328,6394168811006,T444,26.6,Ravi ElSayed,2025-09-07 18:27:33,noise
6398302372328,6391707618661,T341,13.1,Ravi ElSayed,2025-09-06 14:16:05,noise
6398302372328,6394168811006,T444,5.3,Ravi ElSayed,2025-09-05 17:27:14,noise
6398302372328,6392778974508,T444,22.2,Ravi ElSayed,2025-09-04 19:30:32,noise
6398302372328,6393189436628,T341,20.3,Ravi ElSayed,2025-09-04 23:01:37,noise
6398302372328,6396801877658,T444,7.3,Ravi ElSayed,2025-09-03 10:13:28,noise
6398302372328,6394168811006,T341,42.7,Ravi ElSayed,2025-09-03 09:28:44,noise
6398302372328,6394168811006,T341,13.9,Ravi ElSayed,2025-09-02 15:16:56,noise
6398302372328,6394684715577,T341,14.2,Ravi ElSayed,2025-09-01 18:19:00,noise
6398302372328,6394483976722,T341,11.6,Ravi ElSayed,2025-09-01 14:17:25,noise
6398302372328,6392778974508,T341,15.2,Ravi ElSayed,2025-09-01 12:11:46,noise
6398302372328,6394168811006,T341,15.2,Ravi ElSayed,2025-08-31 17:17:07,noise
6398302372328,6392778974508,T444,19.1,Ravi ElSayed,2025-08-31 14:02:29,noise
6398302372328,6394168811006,T444,7.6,Ravi ElSayed,2025-08-30 08:19:26,noise
6398302372328,6392778974508,T341,60.3,Ravi ElSayed,2025-08-30 12:06:16,noise
6398302372328,6392778974508,T444,20.4,Ravi ElSayed,2025-08-30 16:05:31,noise
6398302372328,6392778974508,T444,9.6,Ravi ElSayed,2025-08-29 08:04:46,noise
6398302372328,6392778974508,T341,18.7,Ravi ElSayed,2025-08-29 11:26:06,noise
6398302372328,6394168811006,T341,9.3,Ravi ElSayed,2025-08-28 12:20:05,noise
6398302372328,6398935751205,T444,11.9,Ravi ElSayed,2025-08-28 08:24:52,noise
6398302372328,6392634085329,T341,17.7,Ravi ElSayed,2025-08-27 08:13:20,noise
6398302372328,6392778974508,T341,16.6,Ravi ElSayed,2025-08-27 10:14:00,noise
6398302372328,6394762294635,T341,27.9,Ravi ElSayed,2025-08-26 22:08:37,noise
6398302372328,6394168811006,T444,75.0,Ravi ElSayed,2025-08-26 20:13:26,noise
6398302372328,6392778974508,T341,10.7,Ravi ElSayed,2025-08-25 09:19:19,noise
6398302372328,6392778974508,T444,6.0,Ravi ElSayed,2025-08-24 11:09:27,noise
6398302372328,6394351411690,T341,6.2,Ravi ElSayed,2025-08-23 16:22:49,noise
6398302372328,6392778974508,T341,16.2,Ravi ElSayed,2025-08-23 11:17:29,noise
6398302372328,6394168811006,T444,2.6,Ravi ElSayed,2025-08-22 19:25:36,noise
6398302372328,6394168811006,T341,9.6,Ravi ElSayed,2025-08-22 23:11:25,noise
6398302372328,6395907760981,T341,16.6,Ravi ElSayed,2025-08-21 20:14:20,noise
6398302372328,6394762294635,T341,16.7,Ravi ElSayed,2025-08-21 17:01:39,noise
6398302372328,6392778974508,T444,27.0,Ravi ElSayed,2025-08-21 14:08:57,noise
6398302372328,6392778974508,T341,21.9,Ravi ElSayed,2025-08-20 13:10:29,noise
6398302372328,6397147861767,T341,11.5,Ravi ElSayed,2025-08-20 09:07:20,noise
6398302372328,6394168811006,T444,73.9,Ravi ElSayed,2025-08-20 09:17:51,noise
6398302372328,6392778974508,T444,14.6,Ravi ElSayed,2025-08-19 19:22:53,noise
6398302372328,6392778974508,T444,41.9,Ravi ElSayed,2025-08-19 08:17:31,noise
6398302372328,6399821171578,T341,15.2,Ravi ElSayed,2025-08-19 12:23:43,noise
6398302372328,6392596108594,T444,33.1,Ravi ElSayed,2025-08-18 21:26:03,noise
6398302372328,6394168811006,T341,8.4,Ravi ElSayed,2025-08-18 01:21:42,noise
6398302372328,6392778974508,T341,16.0,Ravi ElSayed,2025-08-17 20:18:28,noise
6398302372328,6393128476840,T444,11.2,Ravi ElSayed,2025-08-17 18:08:46,noise
6398302372328,6399371596006,T444,51.0,Ravi ElSayed,2025-08-16 01:29:04,noise
6398302372328,6392778974508,T341,14.8,Ravi ElSayed,2025-08-16 14:20:37,noise
6398302372328,6394168811006,T341,37.6,Ravi ElSayed,2025-08-16 22:12:40,noise
6398302372328,6397563073047,T444,14.0,Ravi ElSayed,2025-08-15 02:17:20,noise
6398302372328,6399607110001,T444,7.9,Ravi ElSayed,2025-08-15 01:28:44,noise
6398302372328,6395907760981,T341,13.8,Ravi ElSayed,2025-08-14 18:26:51,noise
6398302372328,6392778974508,T444,19.2,Ravi ElSayed,2025-08-14 12:27:08,noise
6398302372328,6392778974508,T341,11.4,Ravi ElSayed,2025-08-13 21:18:16,noise
6398302372328,6394168811006,T444,42.0,Ravi ElSayed,2025-08-13 13:18:11,noise
6398302372328,6394168811006,T444,6.4,Ravi ElSayed,2025-08-12 23:22:58,noise
6398302372328,6392778974508,T341,36.9,Ravi ElSayed,2025-08-11 14:10:32,noise
6398302372328,6394168811006,T341,28.2,Ravi ElSayed,2025-08-10 17:18:47,noise
6398302372328,6392778974508,T341,12.3,Ravi ElSayed,2025-08-10 15:04:29,noise
6398302372328,6396783753090,T341,34.8,Ravi ElSayed,2025-08-10 09:09:06,noise
6398302372328,6394168811006,T444,9.8,Ravi ElSayed,2025-08-09 13:06:01,noise
6398302372328,6392778974508,T444,45.5,Ravi ElSayed,2025-08-09 18:15:29,noise
6398302372328,6394196958976,T341,23.0,Ravi ElSayed,2025-08-08 10:00:43,noise
6398302372328,6398825301484,T444,7.1,Ravi ElSayed,2025-08-07 19:17:48,noise
6398302372328,6398454204335,T444,18.1,Ravi ElSayed,2025-08-06 01:23:21,noise
6398302372328,6394168811006,T444,11.1,Ravi ElSayed,2025-08-06 12:11:45,noise
6398302372328,6392778974508,T444,39.9,Ravi ElSayed,2025-08-06 18:16:35,noise
6398302372328,6392778974508,T444,10.4,Ravi ElSayed,2025-08-05 15:11:37,noise
6398302372328,6394168811006,T341,11.2,Ravi ElSayed,2025-08-04 18:23:33,noise
6398302372328,6392778974508,T444,26.7,Ravi ElSayed,2025-08-04 09:17:30,noise
6398302372328,6394733500690,T341,171.8,Ravi ElSayed,2025-11-22 10:04:20,noise
6398302372328,6394733500690,T341,159.5,Ravi ElSayed,2025-11-30 10:20:00,noise
6398302372328,6394733500690,T341,119.6,Ravi ElSayed,2025-12-24 15:08:24,noise
6398302372328,6394733500690,T341,141.4,Ravi ElSayed,2025-11-26 06:23:39,noise
6398302372328,6394733500690,T341,41.9,Ravi ElSayed,2025-12-27 09:21:00,noise
6398302372328,6394733500690,T341,138.1,Ravi ElSayed,2025-12-12 21:08:17,noise
6391202411176,6398583500075,T605,36.7,Wes Patida,2025-12-13 13:02:03,noise
6391202411176,6396313198121,T605,65.5,Wes Patida,2025-12-25 09:12:43,noise
6391202411176,6391743328958,T605,106.8,Wes Patida,2025-11-18 11:10:55,noise
6391202411176,6394317643354,T605,267.7,Wes Patida,2025-11-26 18:10:16,noise
6391202411176,6393189436628,T605,116.5,Wes Patida,2025-11-27 14:20:06,noise
6391202411176,6394126829491,T605,292.2,Wes Patida,2025-12-28 19:01:12,noise
6391202411176,6397563073047,T605,248.4,Wes Patida,2025-12-05 16:08:04,noise
6391202411176,6397147861767,T605,128.4,Wes Patida,2025-12-19 11:28:12,noise
6391202411176,6397275036984,T605,287.0,Wes Patida,2025-11-19 08:23:58,noise
6391202411176,6397063169102,T605,111.4,Wes Patida,2025-12-09 16:21:03,noise
6395651902688,6399371596006,T462,13.5,Cara Diaz,2025-10-18 03:10:31,noise
6395651902688,6398607746834,T462,27.4,Cara Diaz,2025-10-18 04:10:58,noise
6395651902688,6399371596006,T787,49.8,Cara Diaz,2025-10-17 12:14:59,noise
6395651902688,6399063738848,T787,13.3,Cara Diaz,2025-10-17 02:07:30,noise
6395651902688,6397275036984,T787,17.5,Cara Diaz,2025-10-16 17:06:11,noise
6395651902688,6391782370828,T462,55.0,Cara Diaz,2025-10-16 22:12:51,noise
6395651902688,6392099486686,T787,4.2,Cara Diaz,2025-10-15 08:16:22,noise
6395651902688,6399371596006,T787,23.5,Cara Diaz,2025-10-15 15:27:48,noise
6395651902688,6396926232765,T787,12.7,Cara Diaz,2025-10-14 01:01:35,noise
6395651902688,6395503747521,T462,20.0,Cara Diaz,2025-10-14 19:08:44,noise
6395651902688,6399371596006,T787,5.7,Cara Diaz,2025-10-13 13:21:27,noise
6395651902688,6399371596006,T462,8.4,Cara Diaz,2025-10-13 04:23:39,noise
6395651902688,6399371596006,T462,7.1,Cara Diaz,2025-10-13 13:10:53,noise
6395651902688,6399371596006,T787,11.1,Cara Diaz,2025-10-12 23:14:28,noise
6395651902688,6396327643318,T787,8.8,Cara Diaz,2025-10-12 16:22:30,noise
6395651902688,6399371596006,T787,5.4,Cara Diaz,2025-10-11 12:26:38,noise
6395651902688,6394266369889,T787,9.1,Cara Diaz,2025-10-11 17:14:23,noise
6395651902688,6399371596006,T787,6.8,Cara Diaz,2025-10-10 20:04:54,noise
6395651902688,6399371596006,T787,15.7,Cara Diaz,2025-10-10 19:08:53,noise
6395651902688,6398607746834,T787,10.6,Cara Diaz,2025-10-09 01:21:59,noise
6395651902688,6399371596006,T462,9.1,Cara Diaz,2025-10-09 08:13:56,noise
6395651902688,6399371596006,T787,11.4,Cara Diaz,2025-10-08 11:25:14,noise
6395651902688,6399371596006,T462,46.1,Cara Diaz,2025-10-08 21:17:57,noise
6395651902688,6399371596006,T787,5.5,Cara Diaz,2025-10-07 19:04:49,noise
6395651902688,6399371596006,T787,13.3,Cara Diaz,2025-10-07 21:23:36,noise
6395651902688,6399489742631,T462,30.6,Cara Diaz,2025-10-07 12:00:46,noise
6395651902688,6399371596006,T787,7.7,Cara Diaz,2025-10-06 20:25:53,noise
6395651902688,6395176413962,T462,45.1,Cara Diaz,2025-10-05 08:22:07,noise
6395651902688,6399371596006,T462,5.8,Cara Diaz,2025-10-05 17:26:11,noise
6395651902688,6399371596006,T787,27.3,Cara Diaz,2025-10-04 17:23:51,noise
6395651902688,6396336852250,T462,13.2,Cara Diaz,2025-10-04 08:23:37,noise
6395651902688,6399371596006,T787,15.8,Cara Diaz,2025-10-04 12:22:19,noise
6395651902688,6399371596006,T462,11.3,Cara Diaz,2025-10-03 15:17:00,noise
6395651902688,6399371596006,T787,8.8,Cara Diaz,2025-10-02 17:04:52,noise
6395651902688,6399371596006,T787,38.5,Cara Diaz,2025-10-02 05:24:26,noise
6395651902688,6399371596006,T787,15.8,Cara Diaz,2025-10-01 19:04:12,noise
6395651902688,6399371596006,T462,5.6,Cara Diaz,2025-10-01 09:11:40,noise
6395651902688,6391777783479,T462,16.4,Cara Diaz,2025-09-30 13:28:44,noise
6395651902688,6399282295544,T462,9.9,Cara Diaz,2025-09-29 19:30:56,noise
6395651902688,6399371596006,T787,37.3,Cara Diaz,2025-09-28 12:28:27,noise
6395651902688,6399371596006,T462,27.7,Cara Diaz,2025-09-27 15:02:20,noise
6395651902688,6399371596006,T462,13.8,Cara Diaz,2025-09-27 14:25:52,noise
6395651902688,6395907760981,T787,6.5,Cara Diaz,2025-09-27 23:06:29,noise
6395651902688,6392894514895,T787,4.4,Cara Diaz,2025-09-26 17:12:04,noise
6395651902688,6392531023270,T462,21.6,Cara Diaz,2025-09-25 11:03:29,noise
6395651902688,6399489742631,T787,36.1,Cara Diaz,2025-09-25 12:09:53,noise
6395651902688,6399371596006,T462,13.4,Cara Diaz,2025-09-25 12:28:59,noise
6395651902688,6399371596006,T462,25.8,Cara Diaz,2025-09-24 23:27:35,noise
6395651902688,6399371596006,T787,7.9,Cara Diaz,2025-09-24 05:02:11,noise
6395651902688,6399371596006,T462,44.3,Cara Diaz,2025-09-24 19:10:06,noise
6395651902688,6399371596006,T462,19.4,Cara Diaz,2025-09-23 23:07:08,noise
6395651902688,6399371596006,T462,22.5,Cara Diaz,2025-09-23 19:09:19,noise
6395651902688,6399749908291,T462,12.1,Cara Diaz,2025-09-22 19:08:47,noise
6395651902688,6399371596006,T462,26.6,Cara Diaz,2025-09-22 17:10:48,noise
6395651902688,6399371596006,T787,25.2,Cara Diaz,2025-09-21 10:22:02,noise
6395651902688,6399371596006,T462,28.9,Cara Diaz,2025-09-21 10:20:26,noise
6395651902688,6396801877658,T787,18.2,Cara Diaz,2025-09-20 17:08:12,noise
6395651902688,6394772775911,T787,62.7,Cara Diaz,2025-09-20 14:01:44,noise
6395651902688,6399371596006,T462,36.5,Cara Diaz,2025-09-19 23:05:16,noise
6395651902688,6399371596006,T787,15.5,Cara Diaz,2025-09-19 20:03:53,noise
6395651902688,6394901039851,T787,16.7,Cara Diaz,2025-09-18 04:25:48,noise
6395651902688,6399371596006,T787,31.7,Cara Diaz,2025-09-17 23:00:03,noise
6395651902688,6394266369889,T787,12.0,Cara Diaz,2025-09-16 22:24:06,noise
6395651902688,6394168811006,T787,7.8,Cara Diaz,2025-09-16 10:00:57,noise
6395651902688,6399371596006,T787,8.9,Cara Diaz,2025-09-15 09:02:46,noise
6395651902688,6392941380910,T462,57.0,Cara Diaz,2025-09-14 23:06:18,noise
6395651902688,6399371596006,T787,5.8,Cara Diaz,2025-09-14 08:18:32,noise
6395651902688,6399371596006,T787,40.5,Cara Diaz,2025-09-13 08:27:17,noise
6395651902688,6399371596006,T462,19.0,Cara Diaz,2025-09-13 10:06:53,noise
6395651902688,6392435531798,T787,12.8,Cara Diaz,2025-09-12 10:07:15,noise
6395651902688,6397063169102,T787,13.1,Cara Diaz,2025-09-12 17:12:47,noise
6395651902688,6399371596006,T787,7.6,Cara Diaz,2025-09-11 21:26:29,noise
6395651902688,6399371596006,T787,67.5,Cara Diaz,2025-09-10 12:23:40,noise
6395651902688,6397876759433,T787,18.9,Cara Diaz,2025-09-09 12:09:31,noise
6395651902688,6399371596006,T462,6.2,Cara Diaz,2025-09-08 19:07:01,noise
6395651902688,6393189436628,T787,23.9,Cara Diaz,2025-09-08 17:00:29,noise
6395651902688,6399371596006,T787,22.3,Cara Diaz,2025-09-07 14:22:22,noise
6395651902688,6392941380910,T787,17.6,Cara Diaz,2025-09-07 13:09:49,noise
6395651902688,6399371596006,T787,24.2,Cara Diaz,2025-09-06 18:24:50,noise
6395651902688,6394196958976,T787,12.5,Cara Diaz,2025-09-06 15:20:35,noise
6395651902688,6399371596006,T462,6.9,Cara Diaz,2025-09-05 08:26:02,noise
6395651902688,6399371596006,T787,26.7,Cara Diaz,2025-09-05 10:08:21,noise
6395651902688,6399371596006,T787,8.9,Cara Diaz,2025-09-04 11:16:28,noise
6395651902688,6399371596006,T462,20.3,Cara Diaz,2025-09-03 18:14:15,noise
6395651902688,6399371596006,T787,10.1,Cara Diaz,2025-09-03 17:14:30,noise
6395651902688,6399371596006,T787,8.1,Cara Diaz,2025-09-02 18:26:22,noise
6395651902688,6399371596006,T462,19.0,Cara Diaz,2025-09-02 08:26:08,noise
6395651902688,6399371596006,T462,5.2,Cara Diaz,2025-09-02 04:09:28,noise
6395651902688,6399371596006,T787,8.9,Cara Diaz,2025-09-01 19:25:12,noise
6395651902688,6399371596006,T462,80.4,Cara Diaz,2025-09-01 11:27:37,noise
6395651902688,6399371596006,T787,9.9,Cara Diaz,2025-08-31 09:05:29,noise
6395651902688,6399371596006,T787,69.9,Cara Diaz,2025-08-31 17:07:28,noise
6395651902688,6391743328958,T787,27.7,Cara Diaz,2025-08-30 20:21:46,noise
6395651902688,6399371596006,T787,41.3,Cara Diaz,2025-08-30 18:15:24,noise
6395651902688,6395161647070,T787,17.1,Cara Diaz,2025-08-29 16:28:00,noise
6395651902688,6399371596006,T787,7.6,Cara Diaz,2025-08-29 19:06:19,noise
6395651902688,6394168811006,T462,9.3,Cara Diaz,2025-08-29 02:20:12,noise
6395651902688,6399371596006,T787,36.8,Cara Diaz,2025-08-28 18:14:08,noise
6395651902688,6399371596006,T462,42.9,Cara Diaz,2025-08-28 18:14:47,noise
6395651902688,6399371596006,T787,18.1,Cara Diaz,2025-08-27 12:13:04,noise
6395651902688,6396869656615,T462,32.9,Cara Diaz,2025-08-27 12:00:17,noise
6395651902688,6393429023955,T462,8.4,Cara Diaz,2025-08-26 10:23:31,noise
6395651902688,6391969388584,T787,16.5,Cara Diaz,2025-08-25 12:16:29,noise
6395651902688,6399371596006,T462,19.5,Cara Diaz,2025-08-25 14:10:02,noise
6395651902688,6399371596006,T462,8.1,Cara Diaz,2025-08-24 11:27:34,noise
6395651902688,6393429023955,T787,6.1,Cara Diaz,2025-08-24 13:10:48,noise
6395651902688,6399371596006,T462,5.0,Cara Diaz,2025-08-24 16:20:28,noise
6395651902688,6399371596006,T462,29.8,Cara Diaz,2025-08-23 23:13:10,noise
6395651902688,6399371596006,T787,4.0,Cara Diaz,2025-08-22 11:05:17,noise
6395651902688,6399371596006,T787,17.2,Cara Diaz,2025-08-22 20:24:19,noise
6395651902688,6399371596006,T787,9.2,Cara Diaz,2025-08-21 13:24:30,noise
6395651902688,6392849430457,T787,32.1,Cara Diaz,2025-08-21 10:25:43,noise
6395651902688,6399371596006,T787,88.0,Cara Diaz,2025-08-21 03:00:56,noise
6395651902688,6397275036984,T787,67.8,Cara Diaz,2025-08-20 16:07:23,noise
6395651902688,6399371596006,T787,26.4,Cara Diaz,2025-08-20 12:05:29,noise
6395651902688,6399063738848,T462,12.3,Cara Diaz,2025-08-19 15:03:55,noise
6395651902688,6391969388584,T787,40.2,Cara Diaz,2025-08-19 19:08:56,noise
6395651902688,6399371596006,T462,41.2,Cara Diaz,2025-08-19 18:01:57,noise
6395651902688,6399371596006,T787,24.7,Cara Diaz,2025-08-18 11:18:07,noise
6395651902688,6397147861767,T462,10.5,Cara Diaz,2025-08-18 00:04:51,noise
6395651902688,6397236553825,T787,7.7,Cara Diaz,2025-08-17 08:21:38,noise
6395651902688,6395036386090,T787,13.6,Cara Diaz,2025-08-17 00:25:23,noise
6395651902688,6399371596006,T787,10.2,Cara Diaz,2025-08-16 12:00:31,noise
6395651902688,6392364622622,T462,18.9,Cara Diaz,2025-08-16 10:23:33,noise
6395651902688,6398935751205,T787,20.5,Cara Diaz,2025-08-15 10:04:58,noise
6395651902688,6399371596006,T787,20.6,Cara Diaz,2025-08-15 17:03:37,noise
6395651902688,6397454260155,T462,12.7,Cara Diaz,2025-08-15 22:01:25,noise
6395651902688,6395176611292,T787,9.2,Cara Diaz,2025-08-14 19:22:01,noise
6395651902688,6399371596006,T462,6.7,Cara Diaz,2025-08-14 18:17:12,noise
6395651902688,6394772775911,T787,21.4,Cara Diaz,2025-08-13 08:01:19,noise
6395651902688,6395453841530,T787,8.3,Cara Diaz,2025-08-13 10:17:06,noise
6395651902688,6399371596006,T462,14.6,Cara Diaz,2025-08-12 12:04:57,noise
6395651902688,6399371596006,T462,37.2,Cara Diaz,2025-08-12 23:11:37,noise
6395651902688,6399371596006,T787,11.6,Cara Diaz,2025-08-12 08:01:02,noise
6395651902688,6397063169102,T462,62.2,Cara Diaz,2025-08-11 00:14:09,noise
6395651902688,6399371596006,T462,22.2,Cara Diaz,2025-08-11 11:05:40,noise
6395651902688,6393128476840,T462,24.6,Cara Diaz,2025-08-10 16:12:47,noise
6395651902688,6399371596006,T787,17.9,Cara Diaz,2025-08-10 16:10:14,noise
6395651902688,6399371596006,T462,21.6,Cara Diaz,2025-08-09 08:26:05,noise
6395651902688,6397012123905,T787,18.5,Cara Diaz,2025-08-09 12:19:39,noise
6395651902688,6392056728284,T787,4.3,Cara Diaz,2025-08-09 18:12:30,noise
6395651902688,6399371596006,T787,6.0,Cara Diaz,2025-08-08 19:24:47,noise
6395651902688,6399371596006,T462,22.4,Cara Diaz,2025-08-08 20:23:31,noise
6395651902688,6391923323851,T462,14.0,Cara Diaz,2025-08-08 09:19:47,noise
6395651902688,6399371596006,T787,18.5,Cara Diaz,2025-08-07 13:23:16,noise
6395651902688,6399371596006,T787,34.7,Cara Diaz,2025-08-07 09:18:26,noise
6395651902688,6392634085329,T787,14.6,Cara Diaz,2025-08-06 13:25:39,noise
6395651902688,6399371596006,T462,16.4,Cara Diaz,2025-08-06 18:03:20,noise
6395651902688,6399371596006,T787,24.2,Cara Diaz,2025-08-06 09:13:31,noise
6395651902688,6398935751205,T462,6.6,Cara Diaz,2025-08-05 21:19:45,noise
6395651902688,6399371596006,T787,24.8,Cara Diaz,2025-08-05 08:02:01,noise
6395651902688,6399371596006,T787,4.7,Cara Diaz,2025-08-04 00:30:43,noise
6395651902688,6399371596006,T787,17.7,Cara Diaz,2025-08-04 14:04:10,noise
6395651902688,6396657427421,T787,80.8,Cara Diaz,2025-12-20 01:27:55,noise
6395651902688,6396657427421,T787,90.8,Cara Diaz,2025-11-29 16:25:43,noise
6395651902688,6396657427421,T787,143.5,Cara Diaz,2025-11-27 18:26:01,noise
6395651902688,6396657427421,T787,116.7,Cara Diaz,2025-11-26 18:17:15,noise
6395651902688,6396657427421,T787,137.2,Cara Diaz,2025-12-11 23:29:56,noise
6395651902688,6396657427421,T787,176.0,Cara Diaz,2025-12-17 12:18:10,noise
6396327643318,6398607746834,T676,9.0,Omar Yamamoto,2025-10-18 20:07:22,noise
6396327643318,6397423633225,T908,11.9,Omar Yamamoto,2025-10-18 20:16:42,noise
6396327643318,6397423633225,T908,33.9,Omar Yamamoto,2025-10-18 19:03:29,noise
6396327643318,6397423633225,T676,29.4,Omar Yamamoto,2025-10-17 20:12:11,noise
6396327643318,6397423633225,T676,6.5,Omar Yamamoto,2025-10-17 10:03:55,noise
6396327643318,6397423633225,T908,16.9,Omar Yamamoto,2025-10-16 01:28:27,noise
6396327643318,6397423633225,T676,15.9,Omar Yamamoto,2025-10-16 16:17:05,noise
6396327643318,6397955281670,T676,16.6,Omar Yamamoto,2025-10-15 18:28:49,noise
6396327643318,6397423633225,T676,17.7,Omar Yamamoto,2025-10-15 16:22:17,noise
6396327643318,6397423633225,T676,59.5,Omar Yamamoto,2025-10-14 14:15:26,noise
6396327643318,6397423633225,T908,32.3,Omar Yamamoto,2025-10-14 08:19:41,noise
6396327643318,6399478806060,T908,14.1,Omar Yamamoto,2025-10-14 11:10:36,noise
6396327643318,6399486544271,T676,7.6,Omar Yamamoto,2025-10-13 12:27:30,noise
6396327643318,6397423633225,T676,17.1,Omar Yamamoto,2025-10-12 01:17:09,noise
6396327643318,6394168811006,T676,19.3,Omar Yamamoto,2025-10-12 13:03:03,noise
6396327643318,6398936495763,T908,9.9,Omar Yamamoto,2025-10-12 09:27:43,noise
6396327643318,6397423633225,T908,9.9,Omar Yamamoto,2025-10-11 20:24:50,noise
6396327643318,6396336852250,T676,6.2,Omar Yamamoto,2025-10-11 09:25:18,noise
6396327643318,6396254128857,T676,11.4,Omar Yamamoto,2025-10-11 20:23:08,noise
6396327643318,6394196958976,T676,26.8,Omar Yamamoto,2025-10-10 13:11:27,noise
6396327643318,6397423633225,T908,16.8,Omar Yamamoto,2025-10-10 20:13:49,noise
6396327643318,6397423633225,T676,4.8,Omar Yamamoto,2025-10-09 11:11:25,noise
6396327643318,6393189436628,T676,21.7,Omar Yamamoto,2025-10-08 20:24:18,noise
6396327643318,6397423633225,T908,14.2,Omar Yamamoto,2025-10-08 13:12:26,noise
6396327643318,6397423633225,T908,15.5,Omar Yamamoto,2025-10-07 13:04:51,noise
6396327643318,6397423633225,T676,9.9,Omar Yamamoto,2025-10-07 20:07:01,noise
6396327643318,6398454204335,T676,3.3,Omar Yamamoto,2025-10-06 16:26:44,noise
6396327643318,6397105164464,T676,51.3,Omar Yamamoto,2025-10-06 23:11:29,noise
6396327643318,6397423633225,T908,6.0,Omar Yamamoto,2025-10-05 19:29:59,noise
6396327643318,6397423633225,T676,28.1,Omar Yamamoto,2025-10-05 15:10:28,noise
6396327643318,6397423633225,T676,15.3,Omar Yamamoto,2025-10-04 00:04:54,noise
6396327643318,6397423633225,T676,74.7,Omar Yamamoto,2025-10-04 14:24:15,noise
6396327643318,6397423633225,T908,19.0,Omar Yamamoto,2025-10-04 08:20:06,noise
6396327643318,6397423633225,T676,15.8,Omar Yamamoto,2025-10-03 19:02:35,noise
6396327643318,6394168811006,T676,37.2,Omar Yamamoto,2025-10-03 03:18:16,noise
6396327643318,6395651902688,T676,40.8,Omar Yamamoto,2025-10-02 13:24:45,noise
6396327643318,6391782370828,T676,74.9,Omar Yamamoto,2025-10-01 20:16:13,noise
6396327643318,6397423633225,T676,26.6,Omar Yamamoto,2025-09-30 20:12:32,noise
6396327643318,6397423633225,T908,8.0,Omar Yamamoto,2025-09-30 09:16:38,noise
6396327643318,6397423633225,T676,19.9,Omar Yamamoto,2025-09-30 18:15:11,noise
6396327643318,6397423633225,T676,41.5,Omar Yamamoto,2025-09-29 02:05:02,noise
6396327643318,6397423633225,T676,8.1,Omar Yamamoto,2025-09-28 18:07:54,noise
6396327643318,6394385485119,T676,18.4,Omar Yamamoto,2025-09-27 12:14:03,noise
6396327643318,6392056728284,T908,44.2,Omar Yamamoto,2025-09-26 21:10:27,noise
6396327643318,6397423633225,T908,32.3,Omar Yamamoto,2025-09-26 09:00:36,noise
6396327643318,6397423633225,T676,33.2,Omar Yamamoto,2025-09-25 18:07:20,noise
6396327643318,6397423633225,T676,13.8,Omar Yamamoto,2025-09-24 08:29:01,noise
6396327643318,6397423633225,T908,29.8,Omar Yamamoto,2025-09-24 15:08:21,noise
6396327643318,6391202411176,T676,13.4,Omar Yamamoto,2025-09-23 12:05:55,noise
6396327643318,6392596108594,T676,6.8,Omar Yamamoto,2025-09-23 04:19:37,noise
6396327643318,6397423633225,T908,8.6,Omar Yamamoto,2025-09-22 14:00:08,noise
6396327643318,6393615839537,T908,13.5,Omar Yamamoto,2025-09-22 04:08:47,noise
6396327643318,6397454260155,T676,9.3,Omar Yamamoto,2025-09-21 13:06:05,noise
6396327643318,6397423633225,T676,22.2,Omar Yamamoto,2025-09-21 11:03:50,noise
6396327643318,6397335537719,T676,14.9,Omar Yamamoto,2025-09-20 03:14:46,noise
6396327643318,6397105164464,T908,16.2,Omar Yamamoto,2025-09-19 14:27:57,noise
6396327643318,6397423633225,T676,7.7,Omar Yamamoto,2025-09-19 11:12:23,noise
6396327643318,6397423633225,T676,9.5,Omar Yamamoto,2025-09-19 19:11:11,noise
6396327643318,6397524223789,T908,35.5,Omar Yamamoto,2025-09-18 16:20:28,noise
6396327643318,6397423633225,T676,21.7,Omar Yamamoto,2025-09-18 10:12:05,noise
6396327643318,6395417290038,T676,15.5,Omar Yamamoto,2025-09-18 13:25:53,noise
6396327643318,6397423633225,T676,40.5,Omar Yamamoto,2025-09-17 20:17:40,noise
6396327643318,6397423633225,T676,22.0,Omar Yamamoto,2025-09-17 10:23:20,noise
6396327643318,6397147861767,T908,12.2,Omar Yamamoto,2025-09-16 23:16:27,noise
6396327643318,6397423633225,T676,10.2,Omar Yamamoto,2025-09-15 09:28:10,noise
6396327643318,6397423633225,T676,9.3,Omar Yamamoto,2025-09-15 15:01:40,noise
6396327643318,6397423633225,T908,21.0,Omar Yamamoto,2025-09-14 20:22:32,noise
6396327643318,6397423633225,T908,11.5,Omar Yamamoto,2025-09-14 15:16:27,noise
6396327643318,6397893361024,T908,10.6,Omar Yamamoto,2025-09-13 00:03:11,noise
6396327643318,6397423633225,T908,9.9,Omar Yamamoto,2025-09-13 15:05:16,noise
6396327643318,6392941380910,T908,14.2,Omar Yamamoto,2025-09-12 05:05:11,noise
6396327643318,6396801877658,T908,21.3,Omar Yamamoto,2025-09-12 09:13:15,noise
6396327643318,6399371596006,T676,6.3,Omar Yamamoto,2025-09-12 12:02:50,noise
6396327643318,6397423633225,T908,47.1,Omar Yamamoto,2025-09-11 22:02:46,noise
6396327643318,6397423633225,T676,33.4,Omar Yamamoto,2025-09-11 09:01:33,noise
6396327643318,6397423633225,T908,38.9,Omar Yamamoto,2025-09-10 23:23:24,noise
6396327643318,6397423633225,T676,23.9,Omar Yamamoto,2025-09-09 20:23:08,noise
6396327643318,6397423633225,T676,35.7,Omar Yamamoto,2025-09-09 21:30:16,noise
6396327643318,6397423633225,T676,14.3,Omar Yamamoto,2025-09-09 08:14:48,noise
6396327643318,6397423633225,T676,6.0,Omar Yamamoto,2025-09-08 16:13:02,noise
6396327643318,6397423633225,T676,8.7,Omar Yamamoto,2025-09-07 18:18:02,noise
6396327643318,6397423633225,T676,9.5,Omar Yamamoto,2025-09-07 13:04:12,noise
6396327643318,6392743343485,T908,3.4,Omar Yamamoto,2025-09-06 22:18:09,noise
6396327643318,6397423633225,T676,52.7,Omar Yamamoto,2025-09-06 19:03:52,noise
6396327643318,6392778974508,T908,52.2,Omar Yamamoto,2025-09-05 20:17:16,noise
6396327643318,6397423633225,T908,11.5,Omar Yamamoto,2025-09-05 10:05:00,noise
6396327643318,6391285888600,T676,16.8,Omar Yamamoto,2025-09-05 21:00:12,noise
6396327643318,6398478492299,T676,24.3,Omar Yamamoto,2025-09-04 19:06:34,noise
6396327643318,6399282295544,T676,22.0,Omar Yamamoto,2025-09-04 13:05:18,noise
6396327643318,6397423633225,T908,34.4,Omar Yamamoto,2025-09-03 16:19:31,noise
6396327643318,6397423633225,T676,8.0,Omar Yamamoto,2025-09-02 09:00:40,noise
6396327643318,6397423633225,T908,15.2,Omar Yamamoto,2025-09-02 08:17:35,noise
6396327643318,6398935751205,T676,29.8,Omar Yamamoto,2025-09-02 17:30:17,noise
6396327643318,6397423633225,T676,12.2,Omar Yamamoto,2025-09-01 08:18:43,noise
6396327643318,6396651014213,T676,21.3,Omar Yamamoto,2025-09-01 11:03:51,noise
6396327643318,6397423633225,T676,9.5,Omar Yamamoto,2025-09-01 11:23:07,noise
6396327643318,6399749908291,T676,20.4,Omar Yamamoto,2025-08-31 10:21:57,noise
6396327643318,6397876759433,T676,7.8,Omar Yamamoto,2025-08-31 16:17:36,noise
6396327643318,6397423633225,T676,13.6,Omar Yamamoto,2025-08-30 10:15:42,noise
6396327643318,6397423633225,T908,12.2,Omar Yamamoto,2025-08-30 11:27:21,noise
6396327643318,6397423633225,T908,10.0,Omar Yamamoto,2025-08-30 22:17:26,noise
6396327643318,6397423633225,T676,58.9,Omar Yamamoto,2025-08-29 19:00:49,noise
6396327643318,6395417290038,T908,18.8,Omar Yamamoto,2025-08-29 20:28:01,noise
6396327643318,6396926232765,T908,3.3,Omar Yamamoto,2025-08-28 14:15:42,noise
6396327643318,6397423633225,T676,24.4,Omar Yamamoto,2025-08-28 14:01:36,noise
6396327643318,6395651902688,T676,29.9,Omar Yamamoto,2025-08-28 11:15:17,noise
6396327643318,6397423633225,T908,25.8,Omar Yamamoto,2025-08-27 20:16:36,noise
6396327643318,6397423633225,T908,12.9,Omar Yamamoto,2025-08-26 10:01:19,noise
6396327643318,6396336852250,T676,15.6,Omar Yamamoto,2025-08-26 18:27:53,noise
6396327643318,6392435531798,T676,8.3,Omar Yamamoto,2025-08-25 05:15:14,noise
6396327643318,6397423633225,T676,23.7,Omar Yamamoto,2025-08-24 08:17:33,noise
6396327643318,6397423633225,T676,73.2,Omar Yamamoto,2025-08-24 17:04:19,noise
6396327643318,6392941380910,T676,5.2,Omar Yamamoto,2025-08-23 21:06:37,noise
6396327643318,6394385485119,T676,48.2,Omar Yamamoto,2025-08-23 19:28:33,noise
6396327643318,6397423633225,T676,15.5,Omar Yamamoto,2025-08-22 08:18:24,noise
6396327643318,6397524223789,T908,14.1,Omar Yamamoto,2025-08-22 09:28:04,noise
6396327643318,6397423633225,T676,13.3,Omar Yamamoto,2025-08-21 10:00:42,noise
6396327643318,6396449831833,T676,27.4,Omar Yamamoto,2025-08-21 00:10:00,noise
6396327643318,6397423633225,T676,25.7,Omar Yamamoto,2025-08-20 18:05:45,noise
6396327643318,6397012123905,T908,27.1,Omar Yamamoto,2025-08-20 19:01:24,noise
6396327643318,6397423633225,T676,62.6,Omar Yamamoto,2025-08-19 08:26:44,noise
6396327643318,6398126884162,T908,21.5,Omar Yamamoto,2025-08-19 12:26:49,noise
6396327643318,6399489742631,T908,8.9,Omar Yamamoto,2025-08-19 02:04:17,noise
6396327643318,6397423633225,T676,41.9,Omar Yamamoto,2025-08-18 18:22:25,noise
6396327643318,6397423633225,T908,11.6,Omar Yamamoto,2025-08-18 00:05:25,noise
6396327643318,6394266369889,T908,47.9,Omar Yamamoto,2025-08-18 21:11:08,noise
6396327643318,6396659007500,T676,16.9,Omar Yamamoto,2025-08-17 14:30:51,noise
6396327643318,6397423633225,T676,14.4,Omar Yamamoto,2025-08-17 18:29:08,noise
6396327643318,6397423633225,T676,7.2,Omar Yamamoto,2025-08-16 14:16:35,noise
6396327643318,6397423633225,T676,10.8,Omar Yamamoto,2025-08-16 19:12:47,noise
6396327643318,6397423633225,T676,9.2,Omar Yamamoto,2025-08-15 19:25:35,noise
6396327643318,6397423633225,T908,14.9,Omar Yamamoto,2025-08-14 23:03:59,noise
6396327643318,6396659007500,T676,31.6,Omar Yamamoto,2025-08-14 00:29:53,noise
6396327643318,6397423633225,T908,8.2,Omar Yamamoto,2025-08-14 11:15:29,noise
6396327643318,6396254128857,T908,15.5,Omar Yamamoto,2025-08-13 01:17:01,noise
6396327643318,6397423633225,T908,8.7,Omar Yamamoto,2025-08-12 13:22:58,noise
6396327643318,6397423633225,T908,31.2,Omar Yamamoto,2025-08-11 14:14:38,noise
6396327643318,6397423633225,T676,4.9,Omar Yamamoto,2025-08-11 17:28:15,noise
6396327643318,6397423633225,T676,8.4,Omar Yamamoto,2025-08-10 00:15:49,noise
6396327643318,6394984418393,T908,59.4,Omar Yamamoto,2025-08-09 13:30:17,noise
6396327643318,6397423633225,T908,22.2,Omar Yamamoto,2025-08-08 01:16:21,noise
6396327643318,6397423633225,T676,78.4,Omar Yamamoto,2025-08-07 15:26:52,noise
6396327643318,6396313198121,T908,9.0,Omar Yamamoto,2025-08-07 10:28:39,noise
6396327643318,6397423633225,T908,23.3,Omar Yamamoto,2025-08-07 11:01:49,noise
6396327643318,6397423633225,T908,13.2,Omar Yamamoto,2025-08-06 19:14:21,noise
6396327643318,6397423633225,T676,5.4,Omar Yamamoto,2025-08-06 18:01:44,noise
6396327643318,6395176611292,T908,6.5,Omar Yamamoto,2025-08-06 17:28:12,noise
6396327643318,6397524223789,T908,14.3,Omar Yamamoto,2025-08-05 17:02:48,noise
6396327643318,6396783753090,T676,7.8,Omar Yamamoto,2025-08-05 19:30:26,noise
6396327643318,6397423633225,T676,18.2,Omar Yamamoto,2025-08-04 16:11:09,noise
6396327643318,6395453841530,T676,58.2,Omar Yamamoto,2025-12-24 15:12:19,noise
6396327643318,6395453841530,T676,101.8,Omar Yamamoto,2025-12-11 05:21:20,noise
6396327643318,6395453841530,T676,173.0,Omar Yamamoto,2025-12-30 18:25:42,noise
6396327643318,6395453841530,T676,109.9,Omar Yamamoto,2025-12-05 03:07:22,noise
6396327643318,6395453841530,T676,143.4,Omar Yamamoto,2025-11-23 08:26:34,noise
6396327643318,6395453841530,T676,38.3,Omar Yamamoto,2025-12-27 13:17:06,noise
