debit/credit,amount,beneficiary,branch_code,account_holder,account_id,timestamp,batch_id
credit,408.53,,BRANCH75,Ana Wei,ACCT3273218,2025-10-02 05:28:20,noise
debit,518.07,ACCT7006438,BRANCH76,Ana Wei,ACCT3273218,2025-10-02 01:17:35,noise
credit,118.98,,BRANCH76,Ana Wei,ACCT3273218,2025-10-01 14:33:20,noise
credit,705.29,,BRANCH76,Ana Wei,ACCT3273218,2025-09-30 15:05:31,noise
credit,1902.16,ACCT5346256,BRANCH76,Ana Wei,ACCT3273218,2025-09-30 05:23:33,noise
debit,1172.61,ACCT8238901,BRANCH27,Ana Wei,ACCT3273218,2025-09-28 10:31:44,noise
debit,445.44,,BRANCH21,Ana Wei,ACCT3273218,2025-09-26 09:06:44,noise
debit,834.09,ACCT5579418,BRANCH88,Ana Wei,ACCT3273218,2025-09-25 10:09:52,noise
debit,569.01,ACCT4461867,BRANCH39,Ana Wei,ACCT3273218,2025-09-25 14:45:39,noise
debit,296.22,,BRANCH76,Ana Wei,ACCT3273218,2025-09-22 12:08:30,noise
credit,3278.16,ACCT8285288,BRANCH76,Ana Wei,ACCT3273218,2025-09-20 20:38:46,noise
debit,196.11,,BRANCH76,Ana Wei,ACCT3273218,2025-09-20 10:17:24,noise
debit,714.38,ACCT1688404,BRANCH76,Ana Wei,ACCT3273218,2025-09-19 11:14:14,noise
credit,1826.68,ACCT6696915,BRANCH76,Ana Wei,ACCT3273218,2025-09-18 18:03:41,noise
credit,257.8,,BRANCH48,Ana Wei,ACCT3273218,2025-09-18 17:37:10,noise
debit,509.82,,BRANCH76,Ana Wei,ACCT3273218,2025-09-15 10:22:17,noise
debit,128.66,ACCT4934596,BRANCH68,Ana Wei,ACCT3273218,2025-09-13 02:22:50,noise
credit,94.98,,BRANCH76,Ana Wei,ACCT3273218,2025-09-13 11:20:34,noise
credit,2669.23,,BRANCH76,Ana Wei,ACCT3273218,2025-09-12 21:19:54,noise
credit,56.39,ACCT1618870,BRANCH76,Ana Wei,ACCT3273218,2025-09-11 11:09:27,noise
credit,854.2,ACCT5378984,BRANCH38,Ana Wei,ACCT3273218,2025-09-11 13:05:31,noise
credit,1206.22,,BRANCH76,Ana Wei,ACCT3273218,2025-09-07 15:12:10,noise
debit,363.99,,BRANCH76,Ana Wei,ACCT3273218,2025-08-29 00:18:38,noise
credit,2747.33,,BRANCH76,Ana Wei,ACCT3273218,2025-08-29 08:42:53,noise
credit,255.72,,BRANCH16,Ana Wei,ACCT3273218,2025-08-24 05:22:57,noise
credit,2136.18,,BRANCH47,Ana Wei,ACCT3273218,2025-08-22 22:02:27,noise
credit,234.22,,BRANCH76,Ana Wei,ACCT3273218,2025-08-21 14:25:10,noise
debit,325.86,,BRANCH49,Ana Wei,ACCT3273218,2025-08-17 17:29:23,noise
credit,866.53,,BRANCH88,Ana Wei,ACCT3273218,2025-08-16 19:15:01,noise
debit,611.77,,BRANCH41,Ana Wei,ACCT3273218,2025-08-16 13:31:30,noise
debit,357.89,,BRANCH76,Ana Wei,ACCT3273218,2025-08-14 19:16:03,noise
debit,1260.91,,BRANCH76,Ana Wei,ACCT3273218,2025-08-12 15:31:35,noise
credit,2472.32,ACCT6289266,BRANCH76,Ana Wei,ACCT3273218,2025-08-11 09:25:57,noise
credit,1744.27,,BRANCH76,Ana Wei,ACCT3273218,2025-08-11 09:18:34,noise
debit,296.12,,BRANCH76,Ana Wei,ACCT3273218,2025-08-09 17:01:35,noise
credit,540.49,,BRANCH76,Ana Wei,ACCT3273218,2025-08-08 21:15:27,noise
credit,60.21,,BRANCH41,Ana Wei,ACCT3273218,2025-08-05 08:15:14,noise
debit,1667.17,ACCT1278957,BRANCH76,Ana Wei,ACCT3273218,2025-08-05 08:25:19,noise
credit,417.92,,BRANCH26,Grace Gomes,ACCT7257619,2025-10-03 08:06:01,noise
credit,2211.81,,BRANCH40,Grace Gomes,ACCT7257619,2025-10-03 08:25:58,noise
credit,359.7,,BRANCH70,Grace Gomes,ACCT7257619,2025-09-29 03:15:34,noise
credit,538.84,,BRANCH40,Grace Gomes,ACCT7257619,2025-09-28 09:05:07,noise
debit,219.71,,BRANCH40,Grace Gomes,ACCT7257619,2025-09-23 02:22:03,noise
credit,378.61,ACCT1122706,BRANCH40,Grace Gomes,ACCT7257619,2025-09-20 21:21:13,noise
credit,1025.94,,BRANCH38,Grace Gomes,ACCT7257619,2025-09-17 10:34:35,noise
credit,657.44,,BRANCH40,Grace Gomes,ACCT7257619,2025-09-15 19:21:16,noise
debit,995.0,,BRANCH89,Grace Gomes,ACCT7257619,2025-09-13 15:43:24,noise
credit,807.33,,BRANCH89,Grace Gomes,ACCT7257619,2025-09-05 22:45:35,noise
debit,2388.55,,BRANCH40,Grace Gomes,ACCT7257619,2025-09-04 08:29:16,noise
debit,583.42,,BRANCH40,Grace Gomes,ACCT7257619,2025-09-03 13:40:57,noise
credit,1269.9,,BRANCH40,Grace Gomes,ACCT7257619,2025-09-01 19:09:36,noise
debit,738.79,,BRANCH40,Grace Gomes,ACCT7257619,2025-09-01 09:43:08,noise
debit,4614.16,,BRANCH40,Grace Gomes,ACCT7257619,2025-08-30 09:12:07,noise
debit,1227.52,,BRANCH40,Grace Gomes,ACCT7257619,2025-08-28 18:27:15,noise
debit,440.99,,BRANCH40,Grace Gomes,ACCT7257619,2025-08-27 13:29:16,noise
credit,516.22,ACCT6279206,BRANCH40,Grace Gomes,ACCT7257619,2025-08-25 18:28:36,noise
credit,468.94,ACCT7955541,BRANCH68,Grace Gomes,ACCT7257619,2025-08-22 17:37:20,noise
credit,4449.72,,BRANCH40,Grace Gomes,ACCT7257619,2025-08-21 19:40:34,noise
debit,954.21,,BRANCH40,Grace Gomes,ACCT7257619,2025-08-20 18:41:29,noise
credit,164.45,,BRANCH82,Grace Gomes,ACCT7257619,2025-08-17 08:18:17,noise
debit,150.72,,BRANCH14,Grace Gomes,ACCT7257619,2025-08-16 23:06:14,noise
credit,2880.46,,BRANCH40,Grace Gomes,ACCT7257619,2025-08-11 10:10:53,noise
debit,2327.35,,BRANCH69,Grace Gomes,ACCT7257619,2025-08-10 19:35:45,noise
debit,2560.5,,BRANCH40,Grace Gomes,ACCT7257619,2025-08-06 14:19:19,noise
debit,479.82,,BRANCH40,Grace Gomes,ACCT7257619,2025-08-05 10:00:04,noise
credit,8800.78,,BRANCH15,Grace Gomes,ACCT7257619,2025-08-04 09:39:58,noise
debit,384.66,,BRANCH40,Grace Gomes,ACCT7257619,2025-08-04 08:23:23,noise
debit,151.88,,BRANCH26,Sara Brooks,ACCT4765824,2025-10-03 15:25:31,noise
debit,238.39,ACCT4584232,BRANCH26,Sara Brooks,ACCT4765824,2025-10-02 13:14:29,noise
credit,211.52,,BRANCH26,Sara Brooks,ACCT4765824,2025-09-29 12:30:53,noise
debit,187.34,,BRANCH26,Sara Brooks,ACCT4765824,2025-09-28 14:08:49,noise
debit,795.53,,BRANCH31,Sara Brooks,ACCT4765824,2025-09-27 14:35:48,noise
credit,100.88,ACCT3912525,BRANCH26,Sara Brooks,ACCT4765824,2025-09-23 11:41:26,noise
credit,903.68,,BRANCH26,Sara Brooks,ACCT4765824,2025-09-22 08:25:04,noise
debit,3089.14,,BRANCH29,Sara Brooks,ACCT4765824,2025-09-22 10:42:41,noise
debit,246.76,,BRANCH26,Sara Brooks,ACCT4765824,2025-09-21 15:40:20,noise
debit,93.31,ACCT9518841,BRANCH26,Sara Brooks,ACCT4765824,2025-09-20 01:04:12,noise
credit,959.54,,BRANCH26,Sara Brooks,ACCT4765824,2025-09-20 17:02:38,noise
credit,722.28,,BRANCH26,Sara Brooks,ACCT4765824,2025-09-18 19:35:04,noise
debit,330.44,,BRANCH26,Sara Brooks,ACCT4765824,2025-09-15 14:29:19,noise
debit,2353.65,ACCT3912525,BRANCH26,Sara Brooks,ACCT4765824,2025-09-13 14:22:33,noise
debit,725.11,,BRANCH35,Sara Brooks,ACCT4765824,2025-09-12 16:33:00,noise
credit,690.52,,BRANCH26,Sara Brooks,ACCT4765824,2025-09-10 16:45:11,noise
debit,750.84,,BRANCH26,Sara Brooks,ACCT4765824,2025-09-09 01:41:19,noise
credit,207.86,,BRANCH26,Sara Brooks,ACCT4765824,2025-09-09 03:30:59,noise
debit,343.85,,BRANCH26,Sara Brooks,ACCT4765824,2025-09-06 10:35:37,noise
credit,96.28,,BRANCH26,Sara Brooks,ACCT4765824,2025-09-06 16:36:14,noise
debit,513.24,,BRANCH26,Sara Brooks,ACCT4765824,2025-09-05 14:43:31,noise
credit,2921.43,,BRANCH26,Sara Brooks,ACCT4765824,2025-09-05 11:00:56,noise
debit,531.33,ACCT7566718,BRANCH26,Sara Brooks,ACCT4765824,2025-09-03 01:43:05,noise
credit,1076.74,,BRANCH26,Sara Brooks,ACCT4765824,2025-09-01 18:38:04,noise
debit,2890.14,ACCT2777204,BRANCH26,Sara Brooks,ACCT4765824,2025-08-25 20:30:28,noise
debit,683.7,ACCT3736291,BRANCH26,Sara Brooks,ACCT4765824,2025-08-23 12:10:33,noise
credit,640.02,ACCT6894151,BRANCH26,Sara Brooks,ACCT4765824,2025-08-23 22:25:48,noise
debit,550.71,,BRANCH26,Sara Brooks,ACCT4765824,2025-08-22 14:17:45,noise
debit,165.95,,BRANCH81,Sara Brooks,ACCT4765824,2025-08-21 08:21:35,noise
debit,688.52,,BRANCH26,Sara Brooks,ACCT4765824,2025-08-20 11:28:31,noise
credit,594.03,,BRANCH26,Sara Brooks,ACCT4765824,2025-08-17 18:37:32,noise
debit,613.97,ACCT8688797,BRANCH58,Sara Brooks,ACCT4765824,2025-08-16 05:44:21,noise
debit,202.97,ACCT2205027,BRANCH26,Sara Brooks,ACCT4765824,2025-08-16 10:27:02,noise
debit,2337.67,,BRANCH26,Sara Brooks,ACCT4765824,2025-08-15 21:39:14,noise
debit,622.79,,BRANCH26,Sara Brooks,ACCT4765824,2025-08-09 05:11:54,noise
debit,504.42,,BRANCH26,Sara Brooks,ACCT4765824,2025-08-04 21:20:00,noise
credit,1569.13,ACCT5985265,BRANCH26,Sara Brooks,ACCT4765824,2025-12-16 00:19:42,noise
credit,2316.09,ACCT6352691,BRANCH26,Sara Brooks,ACCT4765824,2025-12-16 22:21:59,noise
credit,2326.67,ACCT3912525,BRANCH26,Sara Brooks,ACCT4765824,2025-12-16 06:27:16,noise
credit,2360.62,ACCT6188134,BRANCH26,Sara Brooks,ACCT4765824,2025-12-16 06:10:04,noise
credit,1066.17,ACCT7704172,BRANCH26,Sara Brooks,ACCT4765824,2025-12-16 23:26:19,noise
credit,1797.53,ACCT6722652,BRANCH26,Sara Brooks,ACCT4765824,2025-12-16 04:12:15,noise
credit,1640.88,ACCT4635334,BRANCH26,Sara Brooks,ACCT4765824,2025-12-16 02:07:25,noise
credit,1331.69,ACCT7955541,BRANCH26,Sara Brooks,ACCT4765824,2025-12-16 00:09:55,noise
credit,1365.3,ACCT7566718,BRANCH26,Sara Brooks,ACCT4765824,2025-12-16 18:07:55,noise
credit,1429.3,ACCT9127623,BRANCH26,Sara Brooks,ACCT4765824,2025-12-16 05:28:42,noise
credit,833.46,ACCT5934657,BRANCH26,Sara Brooks,ACCT4765824,2025-12-16 03:19:22,noise
credit,2488.36,ACCT5017009,BRANCH26,Sara Brooks,ACCT4765824,2025-12-16 18:07:45,noise
credit,1783.73,ACCT4427182,BRANCH26,Sara Brooks,ACCT4765824,2025-12-16 05:07:53,noise
credit,2066.07,ACCT9787006,BRANCH26,Sara Brooks,ACCT4765824,2025-12-16 04:17:43,noise
debit,830.22,ACCT1618870,BRANCH26,Sara Brooks,ACCT4765824,2025-12-19 19:22:16,noise
debit,700.81,ACCT7361676,BRANCH26,Sara Brooks,ACCT4765824,2025-12-19 07:18:36,noise
debit,1262.67,ACCT1797772,BRANCH26,Sara Brooks,ACCT4765824,2025-12-19 03:06:53,noise
debit,1140.37,ACCT8033024,BRANCH26,Sara Brooks,ACCT4765824,2025-12-19 10:24:40,noise
debit,1191.43,ACCT2075659,BRANCH26,Sara Brooks,ACCT4765824,2025-12-19 10:20:49,noise
debit,979.09,ACCT2718137,BRANCH26,Sara Brooks,ACCT4765824,2025-12-19 12:09:00,noise
debit,1064.75,ACCT5257024,BRANCH26,Sara Brooks,ACCT4765824,2025-12-19 09:16:27,noise
debit,1593.67,ACCT8399028,BRANCH26,Sara Brooks,ACCT4765824,2025-12-19 16:02:33,noise
debit,1533.18,ACCT1587032,BRANCH26,Sara Brooks,ACCT4765824,2025-12-19 06:25:33,noise
debit,1060.96,ACCT3237994,BRANCH26,Sara Brooks,ACCT4765824,2025-12-19 02:27:37,noise
debit,64.17,,BRANCH70,Ivy Fischer,ACCT2295850,2025-10-03 14:44:46,noise
credit,1339.53,ACCT6352691,BRANCH63,Ivy Fischer,ACCT2295850,2025-09-27 08:17:28,noise
credit,1156.31,,BRANCH63,Ivy Fischer,ACCT2295850,2025-09-26 10:32:11,noise
credit,505.1,,BRANCH16,Ivy Fischer,ACCT2295850,2025-09-24 20:22:22,noise
credit,184.64,,BRANCH63,Ivy Fischer,ACCT2295850,2025-09-23 22:25:05,noise
credit,416.05,ACCT3912525,BRANCH63,Ivy Fischer,ACCT2295850,2025-09-18 10:10:15,noise
debit,3998.87,,BRANCH87,Ivy Fischer,ACCT2295850,2025-09-18 09:16:21,noise
credit,700.37,ACCT7006438,BRANCH67,Ivy Fischer,ACCT2295850,2025-09-17 14:13:53,noise
credit,357.12,,BRANCH63,Ivy Fischer,ACCT2295850,2025-09-16 19:42:24,noise
credit,623.42,,BRANCH63,Ivy Fischer,ACCT2295850,2025-09-12 14:06:04,noise
credit,927.31,,BRANCH63,Ivy Fischer,ACCT2295850,2025-09-12 16:22:19,noise
credit,6071.69,ACCT5017009,BRANCH63,Ivy Fischer,ACCT2295850,2025-09-10 05:43:54,noise
debit,654.04,,BRANCH63,Ivy Fischer,ACCT2295850,2025-09-10 21:06:46,noise
debit,798.91,,BRANCH36,Ivy Fischer,ACCT2295850,2025-09-09 14:23:25,noise
credit,992.85,,BRANCH63,Ivy Fischer,ACCT2295850,2025-09-07 14:27:03,noise
debit,1375.1,,BRANCH63,Ivy Fischer,ACCT2295850,2025-09-07 08:21:49,noise
debit,1450.31,,BRANCH95,Ivy Fischer,ACCT2295850,2025-09-05 09:06:26,noise
debit,613.53,,BRANCH76,Ivy Fischer,ACCT2295850,2025-09-02 22:27:56,noise
credit,2455.45,,BRANCH63,Ivy Fischer,ACCT2295850,2025-08-31 18:00:41,noise
debit,340.32,,BRANCH63,Ivy Fischer,ACCT2295850,2025-08-30 02:09:17,noise
credit,693.39,,BRANCH10,Ivy Fischer,ACCT2295850,2025-08-29 09:35:10,noise
debit,2096.42,,BRANCH68,Ivy Fischer,ACCT2295850,2025-08-27 17:26:27,noise
debit,545.05,,BRANCH63,Ivy Fischer,ACCT2295850,2025-08-27 11:05:54,noise
credit,7374.22,,BRANCH63,Ivy Fischer,ACCT2295850,2025-08-21 22:18:50,noise
debit,2162.14,,BRANCH70,Ivy Fischer,ACCT2295850,2025-08-21 10:17:37,noise
debit,854.6,,BRANCH63,Ivy Fischer,ACCT2295850,2025-08-19 14:41:03,noise
credit,1466.93,,BRANCH63,Ivy Fischer,ACCT2295850,2025-08-18 14:44:46,noise
debit,1396.91,,BRANCH63,Ivy Fischer,ACCT2295850,2025-08-15 18:38:03,noise
credit,486.42,ACCT8688797,BRANCH63,Ivy Fischer,ACCT2295850,2025-08-13 19:18:18,noise
debit,524.95,,BRANCH63,Ivy Fischer,ACCT2295850,2025-08-11 15:31:14,noise
debit,736.46,,BRANCH63,Ivy Fischer,ACCT2295850,2025-08-07 17:21:56,noise
credit,1257.06,,BRANCH63,Ivy Fischer,ACCT2295850,2025-08-06 19:23:23,noise
credit,1119.2,,BRANCH63,Ivy Fischer,ACCT2295850,2025-08-05 17:01:12,noise
debit,197.7,,BRANCH63,Ivy Fischer,ACCT2295850,2025-08-05 08:35:16,noise
credit,191.38,,BRANCH23,Nia Chen,ACCT5985265,2025-10-01 11:09:58,noise
debit,901.62,,BRANCH23,Nia Chen,ACCT5985265,2025-10-01 17:07:56,noise
debit,1564.98,,BRANCH23,Nia Chen,ACCT5985265,2025-09-28 16:24:45,noise
debit,353.4,,BRANCH23,Nia Chen,ACCT5985265,2025-09-26 15:16:04,noise
debit,935.66,,BRANCH23,Nia Chen,ACCT5985265,2025-09-20 15:28:03,noise
debit,1098.7,,BRANCH41,Nia Chen,ACCT5985265,2025-09-16 14:01:14,noise
credit,2289.24,ACCT6503586,BRANCH23,Nia Chen,ACCT5985265,2025-09-15 18:34:14,noise
debit,276.69,,BRANCH99,Nia Chen,ACCT5985265,2025-09-14 11:03:55,noise
debit,1340.63,ACCT8399028,BRANCH23,Nia Chen,ACCT5985265,2025-09-13 02:06:45,noise
debit,264.29,,BRANCH23,Nia Chen,ACCT5985265,2025-09-07 14:12:23,noise
debit,284.82,ACCT2066085,BRANCH23,Nia Chen,ACCT5985265,2025-09-05 14:09:31,noise
debit,594.24,,BRANCH39,Nia Chen,ACCT5985265,2025-09-03 19:34:36,noise
debit,610.55,,BRANCH23,Nia Chen,ACCT5985265,2025-09-01 17:00:16,noise
credit,248.69,,BRANCH96,Nia Chen,ACCT5985265,2025-09-01 19:29:11,noise
debit,395.71,,BRANCH23,Nia Chen,ACCT5985265,2025-08-28 15:23:51,noise
credit,263.01,ACCT9044513,BRANCH23,Nia Chen,ACCT5985265,2025-08-28 13:45:37,noise
credit,151.5,,BRANCH23,Nia Chen,ACCT5985265,2025-08-26 11:19:15,noise
debit,618.55,,BRANCH23,Nia Chen,ACCT5985265,2025-08-25 14:17:13,noise
credit,966.13,ACCT4584232,BRANCH23,Nia Chen,ACCT5985265,2025-08-25 10:33:51,noise
credit,535.06,,BRANCH23,Nia Chen,ACCT5985265,2025-08-22 18:43:05,noise
credit,204.23,,BRANCH23,Nia Chen,ACCT5985265,2025-08-22 16:25:02,noise
debit,2164.7,ACCT4073101,BRANCH23,Nia Chen,ACCT5985265,2025-08-19 17:26:30,noise
credit,335.57,ACCT2621786,BRANCH23,Nia Chen,ACCT5985265,2025-08-19 05:08:31,noise
debit,373.01,,BRANCH23,Nia Chen,ACCT5985265,2025-08-18 00:00:34,noise
debit,1174.59,,BRANCH61,Nia Chen,ACCT5985265,2025-08-18 09:37:20,noise
debit,1065.06,,BRANCH80,Nia Chen,ACCT5985265,2025-08-17 17:21:31,noise
debit,3100.81,,BRANCH55,Nia Chen,ACCT5985265,2025-08-16 18:28:10,noise
credit,428.72,ACCT6246793,BRANCH23,Nia Chen,ACCT5985265,2025-08-15 14:31:44,noise
credit,450.13,,BRANCH71,Nia Chen,ACCT5985265,2025-08-13 11:18:02,noise
credit,267.54,,BRANCH23,Nia Chen,ACCT5985265,2025-08-12 17:24:01,noise
credit,69.41,,BRANCH50,Nia Chen,ACCT5985265,2025-08-12 10:02:58,noise
credit,340.03,,BRANCH23,Nia Chen,ACCT5985265,2025-08-11 19:01:56,noise
debit,710.51,,BRANCH25,Nia Chen,ACCT5985265,2025-08-10 22:28:35,noise
debit,620.74,ACCT2066085,BRANCH23,Nia Chen,ACCT5985265,2025-08-09 09:19:32,noise
credit,2338.92,ACCT5661962,BRANCH23,Nia Chen,ACCT5985265,2025-08-09 12:24:22,noise
credit,581.11,,BRANCH23,Nia Chen,ACCT5985265,2025-08-08 14:19:02,noise
debit,210.13,,BRANCH11,Nia Chen,ACCT5985265,2025-08-05 14:04:40,noise
credit,1482.5,,BRANCH66,Noah Fischer,ACCT9787006,2025-10-03 14:39:47,noise
credit,492.97,,BRANCH78,Noah Fischer,ACCT9787006,2025-10-01 04:09:27,noise
credit,452.17,ACCT3237994,BRANCH78,Noah Fischer,ACCT9787006,2025-10-01 13:30:21,noise
debit,351.49,,BRANCH78,Noah Fischer,ACCT9787006,2025-09-29 12:10:27,noise
debit,3246.28,,BRANCH78,Noah Fischer,ACCT9787006,2025-09-27 15:40:21,noise
debit,920.11,,BRANCH78,Noah Fischer,ACCT9787006,2025-09-27 13:31:11,noise
credit,4604.6,ACCT9172994,BRANCH78,Noah Fischer,ACCT9787006,2025-09-23 13:07:57,noise
credit,865.08,,BRANCH78,Noah Fischer,ACCT9787006,2025-09-18 00:22:48,noise
debit,151.1,ACCT2718137,BRANCH78,Noah Fischer,ACCT9787006,2025-09-16 13:13:31,noise
debit,315.18,,BRANCH78,Noah Fischer,ACCT9787006,2025-09-14 22:04:33,noise
debit,453.98,,BRANCH78,Noah Fischer,ACCT9787006,2025-09-14 08:32:53,noise
debit,484.47,,BRANCH78,Noah Fischer,ACCT9787006,2025-09-13 15:16:10,noise
credit,444.97,,BRANCH26,Noah Fischer,ACCT9787006,2025-09-11 21:43:07,noise
debit,1325.83,,BRANCH78,Noah Fischer,ACCT9787006,2025-09-11 17:13:45,noise
credit,610.72,ACCT4635334,BRANCH59,Noah Fischer,ACCT9787006,2025-09-10 10:25:07,noise
debit,67.79,ACCT3237994,BRANCH78,Noah Fischer,ACCT9787006,2025-09-09 18:05:46,noise
debit,1388.18,,BRANCH78,Noah Fischer,ACCT9787006,2025-09-07 18:27:42,noise
credit,1798.0,,BRANCH78,Noah Fischer,ACCT9787006,2025-09-05 21:33:04,noise
debit,543.79,ACCT1786794,BRANCH29,Noah Fischer,ACCT9787006,2025-09-05 14:13:09,noise
debit,393.04,,BRANCH78,Noah Fischer,ACCT9787006,2025-09-04 21:20:22,noise
debit,640.28,,BRANCH78,Noah Fischer,ACCT9787006,2025-08-29 12:34:16,noise
credit,633.74,,BRANCH78,Noah Fischer,ACCT9787006,2025-08-29 20:28:11,noise
debit,1455.24,,BRANCH49,Noah Fischer,ACCT9787006,2025-08-28 19:16:51,noise
debit,138.21,ACCT3149040,BRANCH78,Noah Fischer,ACCT9787006,2025-08-27 12:17:08,noise
debit,509.89,,BRANCH78,Noah Fischer,ACCT9787006,2025-08-27 10:20:39,noise
credit,3905.61,,BRANCH29,Noah Fischer,ACCT9787006,2025-08-25 21:11:36,noise
debit,2545.8,ACCT7586555,BRANCH78,Noah Fischer,ACCT9787006,2025-08-23 19:24:53,noise
credit,413.41,,BRANCH78,Noah Fischer,ACCT9787006,2025-08-23 09:40:15,noise
credit,1392.8,,BRANCH78,Noah Fischer,ACCT9787006,2025-08-21 17:38:26,noise
debit,322.23,,BRANCH78,Noah Fischer,ACCT9787006,2025-08-18 08:41:52,noise
credit,446.28,,BRANCH78,Noah Fischer,ACCT9787006,2025-08-17 11:09:25,noise
credit,2380.48,ACCT1737518,BRANCH78,Noah Fischer,ACCT9787006,2025-08-13 15:29:57,noise
debit,186.88,,BRANCH20,Noah Fischer,ACCT9787006,2025-08-09 19:45:05,noise
credit,550.35,ACCT8033024,BRANCH78,Noah Fischer,ACCT9787006,2025-08-07 20:22:41,noise
debit,912.83,,BRANCH78,Noah Fischer,ACCT9787006,2025-08-05 16:25:41,noise
debit,483.42,,BRANCH20,Cara Tanaka,ACCT9643062,2025-10-02 15:43:14,noise
debit,212.92,ACCT1122706,BRANCH20,Cara Tanaka,ACCT9643062,2025-10-02 16:00:00,noise
debit,704.33,,BRANCH20,Cara Tanaka,ACCT9643062,2025-10-01 13:23:26,noise
debit,2424.77,ACCT8248646,BRANCH20,Cara Tanaka,ACCT9643062,2025-09-30 18:42:26,noise
credit,490.17,,BRANCH37,Cara Tanaka,ACCT9643062,2025-09-30 18:08:11,noise
credit,433.98,,BRANCH20,Cara Tanaka,ACCT9643062,2025-09-27 14:04:46,noise
credit,2198.44,,BRANCH90,Cara Tanaka,ACCT9643062,2025-09-26 19:29:30,noise
debit,1286.42,,BRANCH20,Cara Tanaka,ACCT9643062,2025-09-26 19:21:05,noise
credit,3526.07,,BRANCH14,Cara Tanaka,ACCT9643062,2025-09-24 05:08:30,noise
debit,387.15,,BRANCH34,Cara Tanaka,ACCT9643062,2025-09-23 05:05:43,noise
debit,781.48,,BRANCH20,Cara Tanaka,ACCT9643062,2025-09-22 00:34:04,noise
credit,55.13,,BRANCH20,Cara Tanaka,ACCT9643062,2025-09-22 13:10:45,noise
credit,338.17,ACCT6091368,BRANCH24,Cara Tanaka,ACCT9643062,2025-09-19 11:45:41,noise
debit,995.33,ACCT6279206,BRANCH20,Cara Tanaka,ACCT9643062,2025-09-17 11:36:06,noise
debit,373.69,,BRANCH81,Cara Tanaka,ACCT9643062,2025-09-17 12:08:25,noise
debit,1058.58,ACCT1618870,BRANCH20,Cara Tanaka,ACCT9643062,2025-09-16 15:27:02,noise
debit,2052.66,,BRANCH20,Cara Tanaka,ACCT9643062,2025-09-14 08:06:11,noise
debit,419.28,,BRANCH20,Cara Tanaka,ACCT9643062,2025-09-13 12:05:21,noise
debit,609.56,,BRANCH20,Cara Tanaka,ACCT9643062,2025-09-12 10:21:24,noise
credit,835.31,,BRANCH20,Cara Tanaka,ACCT9643062,2025-09-05 09:00:06,noise
debit,236.72,ACCT9748886,BRANCH31,Cara Tanaka,ACCT9643062,2025-09-02 15:23:06,noise
debit,283.24,,BRANCH74,Cara Tanaka,ACCT9643062,2025-09-02 19:04:23,noise
debit,1045.39,ACCT6751841,BRANCH20,Cara Tanaka,ACCT9643062,2025-08-28 16:08:50,noise
credit,2467.48,,BRANCH98,Cara Tanaka,ACCT9643062,2025-08-26 17:37:15,noise
debit,240.78,,BRANCH68,Cara Tanaka,ACCT9643062,2025-08-26 00:38:54,noise
credit,1925.65,,BRANCH20,Cara Tanaka,ACCT9643062,2025-08-22 15:41:31,noise
credit,827.8,,BRANCH25,Cara Tanaka,ACCT9643062,2025-08-21 18:22:00,noise
credit,1237.17,,BRANCH20,Cara Tanaka,ACCT9643062,2025-08-21 14:38:39,noise
debit,1844.25,,BRANCH20,Cara Tanaka,ACCT9643062,2025-08-20 14:23:32,noise
credit,857.3,ACCT2089830,BRANCH20,Cara Tanaka,ACCT9643062,2025-08-19 08:19:10,noise
debit,1136.53,,BRANCH20,Cara Tanaka,ACCT9643062,2025-08-16 13:41:02,noise
debit,549.51,ACCT5985265,BRANCH20,Cara Tanaka,ACCT9643062,2025-08-12 21:28:43,noise
debit,129.41,,BRANCH20,Cara Tanaka,ACCT9643062,2025-08-08 08:14:33,noise
debit,463.15,,BRANCH20,Cara Tanaka,ACCT9643062,2025-08-08 17:06:13,noise
debit,149.43,,BRANCH30,Cara Tanaka,ACCT9643062,2025-08-07 02:17:12,noise
debit,1321.02,ACCT7696485,BRANCH20,Cara Tanaka,ACCT9643062,2025-08-04 08:43:56,noise
credit,676.07,,BRANCH23,Nia Mehta,ACCT5378984,2025-09-28 00:29:18,noise
credit,512.98,ACCT9172994,BRANCH23,Nia Mehta,ACCT5378984,2025-09-27 12:36:29,noise
debit,3999.53,,BRANCH23,Nia Mehta,ACCT5378984,2025-09-26 19:00:03,noise
credit,1067.84,,BRANCH23,Nia Mehta,ACCT5378984,2025-09-23 11:16:42,noise
credit,1058.58,,BRANCH23,Nia Mehta,ACCT5378984,2025-09-23 10:14:51,noise
credit,1476.02,,BRANCH23,Nia Mehta,ACCT5378984,2025-09-22 00:29:24,noise
credit,485.45,,BRANCH95,Nia Mehta,ACCT5378984,2025-09-21 20:18:15,noise
credit,2195.55,ACCT6289266,BRANCH23,Nia Mehta,ACCT5378984,2025-09-21 11:03:52,noise
debit,350.94,,BRANCH95,Nia Mehta,ACCT5378984,2025-09-18 09:35:08,noise
debit,1213.44,ACCT1307956,BRANCH23,Nia Mehta,ACCT5378984,2025-09-17 20:40:09,noise
debit,142.48,,BRANCH23,Nia Mehta,ACCT5378984,2025-09-17 19:00:01,noise
debit,424.97,,BRANCH14,Nia Mehta,ACCT5378984,2025-09-16 14:03:17,noise
debit,418.93,,BRANCH27,Nia Mehta,ACCT5378984,2025-09-16 09:02:47,noise
credit,355.34,,BRANCH23,Nia Mehta,ACCT5378984,2025-09-13 21:28:29,noise
debit,257.51,,BRANCH23,Nia Mehta,ACCT5378984,2025-09-10 02:19:14,noise
debit,281.37,,BRANCH23,Nia Mehta,ACCT5378984,2025-09-10 15:38:59,noise
debit,304.05,,BRANCH12,Nia Mehta,ACCT5378984,2025-09-08 15:34:48,noise
debit,1977.03,ACCT1788720,BRANCH23,Nia Mehta,ACCT5378984,2025-09-06 11:45:15,noise
credit,1088.11,,BRANCH23,Nia Mehta,ACCT5378984,2025-09-03 13:39:10,noise
credit,1633.0,,BRANCH67,Nia Mehta,ACCT5378984,2025-09-03 22:38:29,noise
credit,1158.2,,BRANCH23,Nia Mehta,ACCT5378984,2025-09-02 09:37:55,noise
debit,378.78,,BRANCH23,Nia Mehta,ACCT5378984,2025-08-31 21:07:24,noise
debit,148.07,,BRANCH77,Nia Mehta,ACCT5378984,2025-08-27 23:24:31,noise
credit,2547.9,,BRANCH76,Nia Mehta,ACCT5378984,2025-08-25 08:33:46,noise
debit,277.53,,BRANCH83,Nia Mehta,ACCT5378984,2025-08-25 14:13:38,noise
debit,673.16,,BRANCH88,Nia Mehta,ACCT5378984,2025-08-23 16:25:22,noise
credit,739.11,ACCT7361676,BRANCH23,Nia Mehta,ACCT5378984,2025-08-22 10:33:29,noise
debit,174.62,ACCT1402331,BRANCH96,Nia Mehta,ACCT5378984,2025-08-18 18:41:53,noise
credit,1181.14,ACCT6279206,BRANCH23,Nia Mehta,ACCT5378984,2025-08-18 02:12:26,noise
credit,218.42,,BRANCH35,Nia Mehta,ACCT5378984,2025-08-13 15:21:41,noise
debit,1552.76,,BRANCH23,Nia Mehta,ACCT5378984,2025-08-11 21:10:14,noise
debit,285.0,,BRANCH23,Nia Mehta,ACCT5378984,2025-08-10 09:39:55,noise
credit,381.97,ACCT7006438,BRANCH27,Nia Mehta,ACCT5378984,2025-08-04 13:03:07,noise
credit,8812.03,ACCT1122706,BRANCH23,Nia Mehta,ACCT5378984,2025-12-26 19:29:52,noise
credit,9476.88,ACCT6589702,BRANCH23,Nia Mehta,ACCT5378984,2025-12-03 11:11:40,noise
credit,8941.23,ACCT1786794,BRANCH23,Nia Mehta,ACCT5378984,2025-12-24 05:01:56,noise
credit,9173.01,ACCT1618870,BRANCH23,Nia Mehta,ACCT5378984,2025-11-22 23:14:44,noise
credit,9170.04,ACCT3001768,BRANCH23,Nia Mehta,ACCT5378984,2025-11-26 19:01:07,noise
credit,9275.38,ACCT1618870,BRANCH23,Nia Mehta,ACCT5378984,2025-11-22 04:08:05,noise
credit,8829.66,ACCT5346256,BRANCH23,Nia Mehta,ACCT5378984,2025-12-28 22:23:28,noise
credit,9697.25,ACCT6589702,BRANCH23,Nia Mehta,ACCT5378984,2025-12-02 19:27:39,noise
credit,9557.76,ACCT6246793,BRANCH23,Nia Mehta,ACCT5378984,2025-12-18 23:00:04,noise
credit,9574.62,ACCT1737518,BRANCH23,Nia Mehta,ACCT5378984,2025-12-09 10:01:27,noise
credit,9550.69,ACCT3512106,BRANCH23,Nia Mehta,ACCT5378984,2025-12-22 20:05:44,noise
credit,9377.0,ACCT3512106,BRANCH23,Nia Mehta,ACCT5378984,2025-11-24 15:23:23,noise
credit,9042.46,ACCT7586555,BRANCH23,Nia Mehta,ACCT5378984,2025-12-16 19:27:54,noise
credit,527.23,ACCT1913533,BRANCH76,Raj Novak,ACCT8289537,2025-10-03 18:42:56,noise
debit,755.34,,BRANCH92,Raj Novak,ACCT8289537,2025-10-03 00:25:36,noise
debit,58.66,,BRANCH66,Raj Novak,ACCT8289537,2025-10-01 17:20:44,noise
credit,834.6,,BRANCH32,Raj Novak,ACCT8289537,2025-09-30 09:10:25,noise
credit,672.24,,BRANCH76,Raj Novak,ACCT8289537,2025-09-30 22:02:22,noise
credit,176.17,,BRANCH76,Raj Novak,ACCT8289537,2025-09-28 18:43:35,noise
credit,786.71,,BRANCH76,Raj Novak,ACCT8289537,2025-09-27 13:40:27,noise
debit,2907.04,ACCT1618870,BRANCH76,Raj Novak,ACCT8289537,2025-09-26 19:25:19,noise
debit,623.09,,BRANCH96,Raj Novak,ACCT8289537,2025-09-25 19:05:20,noise
debit,1048.27,,BRANCH76,Raj Novak,ACCT8289537,2025-09-25 22:09:50,noise
debit,372.61,,BRANCH76,Raj Novak,ACCT8289537,2025-09-23 23:23:37,noise
credit,586.08,,BRANCH76,Raj Novak,ACCT8289537,2025-09-23 10:11:33,noise
debit,2126.77,,BRANCH76,Raj Novak,ACCT8289537,2025-09-19 20:34:20,noise
debit,1024.07,,BRANCH40,Raj Novak,ACCT8289537,2025-09-18 11:28:09,noise
credit,4838.21,,BRANCH76,Raj Novak,ACCT8289537,2025-09-18 18:02:28,noise
credit,611.9,ACCT4184981,BRANCH76,Raj Novak,ACCT8289537,2025-09-14 11:44:22,noise
debit,632.47,,BRANCH76,Raj Novak,ACCT8289537,2025-09-11 05:27:31,noise
credit,356.94,,BRANCH76,Raj Novak,ACCT8289537,2025-09-11 21:38:01,noise
debit,1018.23,,BRANCH52,Raj Novak,ACCT8289537,2025-09-10 12:15:44,noise
credit,1343.75,,BRANCH76,Raj Novak,ACCT8289537,2025-09-09 19:22:06,noise
debit,298.89,ACCT3736291,BRANCH76,Raj Novak,ACCT8289537,2025-09-06 16:36:36,noise
credit,496.65,,BRANCH76,Raj Novak,ACCT8289537,2025-09-04 15:24:25,noise
debit,273.42,,BRANCH76,Raj Novak,ACCT8289537,2025-09-01 08:29:51,noise
credit,805.43,,BRANCH97,Raj Novak,ACCT8289537,2025-08-28 12:14:46,noise
debit,894.63,,BRANCH76,Raj Novak,ACCT8289537,2025-08-27 20:39:34,noise
debit,232.22,,BRANCH76,Raj Novak,ACCT8289537,2025-08-24 21:00:36,noise
debit,700.19,,BRANCH76,Raj Novak,ACCT8289537,2025-08-24 11:05:44,noise
debit,257.16,,BRANCH76,Raj Novak,ACCT8289537,2025-08-23 12:39:23,noise
credit,505.64,,BRANCH76,Raj Novak,ACCT8289537,2025-08-20 13:37:39,noise
credit,688.7,,BRANCH76,Raj Novak,ACCT8289537,2025-08-18 14:08:51,noise
credit,685.48,,BRANCH76,Raj Novak,ACCT8289537,2025-08-17 20:32:25,noise
credit,210.62,ACCT3001768,BRANCH76,Raj Novak,ACCT8289537,2025-08-17 19:03:13,noise
credit,2198.11,,BRANCH31,Raj Novak,ACCT8289537,2025-08-15 12:12:31,noise
credit,3767.71,,BRANCH96,Raj Novak,ACCT8289537,2025-08-15 18:37:33,noise
debit,893.2,,BRANCH76,Raj Novak,ACCT8289537,2025-08-14 12:45:25,noise
debit,532.04,,BRANCH14,Raj Novak,ACCT8289537,2025-08-14 15:21:00,noise
credit,2808.21,,BRANCH76,Raj Novak,ACCT8289537,2025-08-13 17:05:18,noise
credit,2097.58,,BRANCH69,Raj Novak,ACCT8289537,2025-08-12 10:01:11,noise
credit,331.94,,BRANCH76,Raj Novak,ACCT8289537,2025-08-10 13:43:12,noise
credit,960.53,,BRANCH76,Raj Novak,ACCT8289537,2025-08-09 11:13:41,noise
debit,233.14,,BRANCH76,Raj Novak,ACCT8289537,2025-08-09 19:24:03,noise
credit,142.09,,BRANCH76,Raj Novak,ACCT8289537,2025-08-08 10:40:42,noise
debit,264.15,,BRANCH76,Raj Novak,ACCT8289537,2025-08-07 17:07:57,noise
credit,406.18,,BRANCH76,Raj Novak,ACCT8289537,2025-08-06 20:43:17,noise
debit,245.01,,BRANCH16,Kai ElSayed,ACCT9127623,2025-10-02 10:30:09,noise
credit,2593.67,ACCT2777204,BRANCH16,Kai ElSayed,ACCT9127623,2025-10-01 16:22:44,noise
credit,152.6,,BRANCH16,Kai ElSayed,ACCT9127623,2025-10-01 14:01:48,noise
credit,459.44,,BRANCH16,Kai ElSayed,ACCT9127623,2025-09-29 04:36:14,noise
debit,929.18,ACCT2592957,BRANCH16,Kai ElSayed,ACCT9127623,2025-09-21 08:19:35,noise
debit,756.02,,BRANCH16,Kai ElSayed,ACCT9127623,2025-09-20 20:06:17,noise
credit,1253.1,ACCT5474265,BRANCH16,Kai ElSayed,ACCT9127623,2025-09-20 15:30:58,noise
debit,863.21,ACCT6503586,BRANCH16,Kai ElSayed,ACCT9127623,2025-09-16 16:45:06,noise
debit,368.44,ACCT1307956,BRANCH16,Kai ElSayed,ACCT9127623,2025-09-16 09:23:14,noise
credit,372.64,ACCT5378984,BRANCH16,Kai ElSayed,ACCT9127623,2025-09-15 13:21:23,noise
debit,366.33,ACCT3273218,BRANCH16,Kai ElSayed,ACCT9127623,2025-09-14 15:01:17,noise
credit,5145.75,,BRANCH16,Kai ElSayed,ACCT9127623,2025-09-11 16:12:15,noise
debit,2108.43,ACCT9006815,BRANCH16,Kai ElSayed,ACCT9127623,2025-09-11 09:27:25,noise
debit,482.5,,BRANCH16,Kai ElSayed,ACCT9127623,2025-09-09 12:00:19,noise
debit,265.23,,BRANCH16,Kai ElSayed,ACCT9127623,2025-09-09 00:09:40,noise
debit,2162.73,,BRANCH11,Kai ElSayed,ACCT9127623,2025-09-07 18:13:52,noise
debit,73.65,,BRANCH77,Kai ElSayed,ACCT9127623,2025-09-06 00:19:41,noise
debit,1233.17,,BRANCH16,Kai ElSayed,ACCT9127623,2025-09-05 12:06:37,noise
credit,514.48,,BRANCH16,Kai ElSayed,ACCT9127623,2025-09-04 09:35:11,noise
credit,215.39,,BRANCH44,Kai ElSayed,ACCT9127623,2025-09-03 08:35:44,noise
credit,265.33,,BRANCH90,Kai ElSayed,ACCT9127623,2025-09-03 00:44:12,noise
credit,787.67,,BRANCH16,Kai ElSayed,ACCT9127623,2025-09-02 16:23:45,noise
credit,605.98,,BRANCH16,Kai ElSayed,ACCT9127623,2025-09-01 08:40:20,noise
debit,2994.03,ACCT8248646,BRANCH63,Kai ElSayed,ACCT9127623,2025-08-31 10:10:46,noise
credit,1119.15,ACCT2492020,BRANCH96,Kai ElSayed,ACCT9127623,2025-08-31 11:35:02,noise
debit,1729.72,,BRANCH16,Kai ElSayed,ACCT9127623,2025-08-30 20:31:42,noise
debit,717.72,,BRANCH71,Kai ElSayed,ACCT9127623,2025-08-26 10:19:44,noise
credit,1852.49,,BRANCH14,Kai ElSayed,ACCT9127623,2025-08-25 23:17:26,noise
debit,81.84,,BRANCH16,Kai ElSayed,ACCT9127623,2025-08-23 05:28:18,noise
credit,1299.78,ACCT1788720,BRANCH16,Kai ElSayed,ACCT9127623,2025-08-21 10:44:42,noise
credit,466.87,,BRANCH16,Kai ElSayed,ACCT9127623,2025-08-20 16:36:47,noise
debit,606.51,ACCT3149040,BRANCH16,Kai ElSayed,ACCT9127623,2025-08-17 18:36:19,noise
credit,162.48,,BRANCH16,Kai ElSayed,ACCT9127623,2025-08-15 11:19:37,noise
credit,958.83,ACCT5643342,BRANCH56,Kai ElSayed,ACCT9127623,2025-08-15 16:27:05,noise
credit,443.25,,BRANCH16,Kai ElSayed,ACCT9127623,2025-08-14 10:28:33,noise
credit,307.99,,BRANCH16,Kai ElSayed,ACCT9127623,2025-08-14 13:43:16,noise
debit,1069.14,ACCT8399028,BRANCH16,Kai ElSayed,ACCT9127623,2025-08-11 18:23:35,noise
credit,635.67,ACCT6174570,BRANCH16,Kai ElSayed,ACCT9127623,2025-08-09 17:24:42,noise
credit,972.29,,BRANCH49,Tomas Kim,ACCT8688797,2025-09-29 12:25:31,noise
credit,1688.28,ACCT2075659,BRANCH32,Tomas Kim,ACCT8688797,2025-09-29 14:16:56,noise
debit,1713.62,,BRANCH21,Tomas Kim,ACCT8688797,2025-09-28 15:09:37,noise
credit,1783.58,,BRANCH32,Tomas Kim,ACCT8688797,2025-09-27 22:36:40,noise
credit,683.0,ACCT7696485,BRANCH50,Tomas Kim,ACCT8688797,2025-09-25 21:28:13,noise
credit,1140.85,ACCT1913533,BRANCH70,Tomas Kim,ACCT8688797,2025-09-23 20:18:12,noise
credit,585.57,,BRANCH32,Tomas Kim,ACCT8688797,2025-09-19 08:37:16,noise
credit,280.66,,BRANCH32,Tomas Kim,ACCT8688797,2025-09-16 13:20:51,noise
debit,695.15,,BRANCH32,Tomas Kim,ACCT8688797,2025-09-15 10:31:14,noise
debit,333.85,,BRANCH32,Tomas Kim,ACCT8688797,2025-09-14 17:22:06,noise
credit,243.82,,BRANCH32,Tomas Kim,ACCT8688797,2025-09-13 20:32:54,noise
debit,782.44,,BRANCH32,Tomas Kim,ACCT8688797,2025-09-11 13:25:58,noise
debit,304.76,ACCT4947646,BRANCH32,Tomas Kim,ACCT8688797,2025-09-06 10:23:13,noise
debit,674.9,ACCT5579418,BRANCH32,Tomas Kim,ACCT8688797,2025-09-03 02:02:13,noise
debit,1024.27,,BRANCH32,Tomas Kim,ACCT8688797,2025-09-02 19:32:13,noise
debit,2358.88,,BRANCH32,Tomas Kim,ACCT8688797,2025-09-02 11:33:05,noise
debit,2525.5,,BRANCH39,Tomas Kim,ACCT8688797,2025-09-01 14:12:02,noise
debit,112.96,,BRANCH75,Tomas Kim,ACCT8688797,2025-09-01 16:13:22,noise
credit,758.67,,BRANCH32,Tomas Kim,ACCT8688797,2025-08-29 10:31:12,noise
credit,182.45,,BRANCH32,Tomas Kim,ACCT8688797,2025-08-23 14:27:19,noise
debit,230.44,,BRANCH55,Tomas Kim,ACCT8688797,2025-08-23 12:23:13,noise
debit,2089.54,ACCT7586555,BRANCH32,Tomas Kim,ACCT8688797,2025-08-19 10:21:24,noise
credit,262.0,ACCT7586555,BRANCH32,Tomas Kim,ACCT8688797,2025-08-15 20:33:36,noise
debit,585.97,,BRANCH32,Tomas Kim,ACCT8688797,2025-08-14 20:41:44,noise
credit,837.94,ACCT9172994,BRANCH23,Tomas Kim,ACCT8688797,2025-08-13 08:38:27,noise
credit,158.78,ACCT1788720,BRANCH32,Tomas Kim,ACCT8688797,2025-08-12 12:31:26,noise
debit,365.94,,BRANCH32,Tomas Kim,ACCT8688797,2025-08-11 12:19:14,noise
debit,1543.88,ACCT2415489,BRANCH32,Tomas Kim,ACCT8688797,2025-08-06 19:20:02,noise
credit,763.79,ACCT2295850,BRANCH35,Tomas Kim,ACCT8688797,2025-08-04 11:24:24,noise
credit,1184.43,ACCT4947646,BRANCH15,Ben Rossi,ACCT6709081,2025-10-03 04:01:49,noise
credit,3283.08,ACCT6188134,BRANCH15,Ben Rossi,ACCT6709081,2025-10-02 09:12:24,noise
debit,344.78,,BRANCH15,Ben Rossi,ACCT6709081,2025-10-01 18:17:49,noise
debit,426.76,,BRANCH50,Ben Rossi,ACCT6709081,2025-09-30 09:15:05,noise
debit,400.62,,BRANCH15,Ben Rossi,ACCT6709081,2025-09-30 14:03:15,noise
debit,1265.62,,BRANCH45,Ben Rossi,ACCT6709081,2025-09-28 08:23:14,noise
debit,1062.93,ACCT6503586,BRANCH15,Ben Rossi,ACCT6709081,2025-09-28 13:22:10,noise
debit,1029.42,ACCT6352691,BRANCH18,Ben Rossi,ACCT6709081,2025-09-25 11:01:13,noise
debit,805.93,ACCT5017009,BRANCH15,Ben Rossi,ACCT6709081,2025-09-24 04:30:52,noise
debit,489.97,,BRANCH15,Ben Rossi,ACCT6709081,2025-09-24 14:32:49,noise
credit,1932.68,ACCT6547115,BRANCH15,Ben Rossi,ACCT6709081,2025-09-21 03:29:51,noise
credit,1207.12,ACCT3512106,BRANCH15,Ben Rossi,ACCT6709081,2025-09-18 15:04:44,noise
credit,598.24,ACCT8248646,BRANCH25,Ben Rossi,ACCT6709081,2025-09-17 19:00:01,noise
debit,1144.84,,BRANCH15,Ben Rossi,ACCT6709081,2025-09-16 12:10:49,noise
credit,2192.76,ACCT5474265,BRANCH15,Ben Rossi,ACCT6709081,2025-09-13 22:11:51,noise
credit,742.08,,BRANCH31,Ben Rossi,ACCT6709081,2025-09-12 19:36:32,noise
credit,600.26,,BRANCH15,Ben Rossi,ACCT6709081,2025-09-11 13:44:23,noise
credit,590.59,,BRANCH15,Ben Rossi,ACCT6709081,2025-09-08 05:23:36,noise
credit,970.1,,BRANCH66,Ben Rossi,ACCT6709081,2025-09-06 20:23:51,noise
credit,1142.98,,BRANCH15,Ben Rossi,ACCT6709081,2025-09-06 11:16:10,noise
debit,392.4,ACCT5643342,BRANCH38,Ben Rossi,ACCT6709081,2025-08-31 17:07:56,noise
credit,505.07,,BRANCH83,Ben Rossi,ACCT6709081,2025-08-27 12:41:25,noise
credit,238.98,,BRANCH15,Ben Rossi,ACCT6709081,2025-08-23 14:16:00,noise
credit,1080.08,,BRANCH15,Ben Rossi,ACCT6709081,2025-08-21 10:02:26,noise
credit,1320.71,ACCT5017009,BRANCH15,Ben Rossi,ACCT6709081,2025-08-21 19:31:35,noise
debit,935.96,ACCT4934596,BRANCH15,Ben Rossi,ACCT6709081,2025-08-16 09:04:17,noise
debit,1766.41,,BRANCH15,Ben Rossi,ACCT6709081,2025-08-13 16:07:53,noise
credit,930.12,,BRANCH14,Ben Rossi,ACCT6709081,2025-08-10 08:23:01,noise
credit,403.65,,BRANCH15,Ben Rossi,ACCT6709081,2025-08-08 13:11:08,noise
credit,4340.47,,BRANCH15,Ben Rossi,ACCT6709081,2025-08-05 05:38:37,noise
debit,211.47,ACCT1874716,BRANCH15,Ben Rossi,ACCT6709081,2025-08-05 15:06:27,noise
debit,257.26,,BRANCH84,Ben Carlos,ACCT6894151,2025-09-30 14:39:03,noise
credit,726.84,ACCT2295850,BRANCH84,Ben Carlos,ACCT6894151,2025-09-29 20:07:18,noise
credit,728.41,,BRANCH84,Ben Carlos,ACCT6894151,2025-09-28 16:09:17,noise
debit,453.71,,BRANCH84,Ben Carlos,ACCT6894151,2025-09-26 09:06:35,noise
credit,400.5,,BRANCH29,Ben Carlos,ACCT6894151,2025-09-21 14:13:30,noise
debit,2349.29,,BRANCH56,Ben Carlos,ACCT6894151,2025-09-21 15:23:51,noise
debit,751.65,,BRANCH53,Ben Carlos,ACCT6894151,2025-09-17 16:13:13,noise
credit,1047.27,,BRANCH84,Ben Carlos,ACCT6894151,2025-09-17 10:15:28,noise
credit,4191.72,,BRANCH84,Ben Carlos,ACCT6894151,2025-09-16 17:30:21,noise
debit,526.46,ACCT5661962,BRANCH84,Ben Carlos,ACCT6894151,2025-09-10 17:19:25,noise
debit,460.35,,BRANCH84,Ben Carlos,ACCT6894151,2025-09-05 19:36:44,noise
debit,584.45,ACCT1128822,BRANCH84,Ben Carlos,ACCT6894151,2025-09-04 18:13:38,noise
credit,3149.61,ACCT3273218,BRANCH84,Ben Carlos,ACCT6894151,2025-09-04 16:05:03,noise
debit,1593.7,ACCT4427182,BRANCH84,Ben Carlos,ACCT6894151,2025-09-02 03:23:06,noise
debit,312.83,,BRANCH60,Ben Carlos,ACCT6894151,2025-09-02 21:13:26,noise
credit,176.07,,BRANCH84,Ben Carlos,ACCT6894151,2025-08-31 08:11:25,noise
credit,459.92,,BRANCH84,Ben Carlos,ACCT6894151,2025-08-29 13:04:14,noise
credit,4180.76,,BRANCH49,Ben Carlos,ACCT6894151,2025-08-28 22:35:06,noise
debit,1057.67,ACCT6289266,BRANCH84,Ben Carlos,ACCT6894151,2025-08-28 08:22:24,noise
debit,901.72,ACCT6279206,BRANCH84,Ben Carlos,ACCT6894151,2025-08-23 09:29:02,noise
debit,1230.28,,BRANCH84,Ben Carlos,ACCT6894151,2025-08-23 21:42:42,noise
debit,240.87,,BRANCH52,Ben Carlos,ACCT6894151,2025-08-20 12:11:24,noise
credit,217.95,ACCT6188134,BRANCH84,Ben Carlos,ACCT6894151,2025-08-16 18:00:44,noise
debit,590.73,,BRANCH84,Ben Carlos,ACCT6894151,2025-08-16 15:43:31,noise
credit,935.95,,BRANCH18,Ben Carlos,ACCT6894151,2025-08-15 03:44:24,noise
credit,212.65,,BRANCH84,Ben Carlos,ACCT6894151,2025-08-15 10:33:14,noise
credit,834.32,ACCT8202097,BRANCH29,Ben Carlos,ACCT6894151,2025-08-13 17:15:01,noise
debit,262.08,,BRANCH84,Ben Carlos,ACCT6894151,2025-08-12 09:22:41,noise
credit,279.25,,BRANCH84,Ben Carlos,ACCT6894151,2025-08-11 09:09:07,noise
credit,1640.51,,BRANCH98,Ben Carlos,ACCT6894151,2025-08-10 12:38:01,noise
credit,2387.56,,BRANCH84,Ben Carlos,ACCT6894151,2025-08-07 08:11:11,noise
credit,3890.62,,BRANCH84,Ben Carlos,ACCT6894151,2025-08-06 19:43:19,noise
debit,234.67,,BRANCH84,Ben Carlos,ACCT6894151,2025-08-05 15:10:38,noise
credit,270.19,ACCT6589702,BRANCH84,Ben Carlos,ACCT6894151,2025-08-05 13:08:52,noise
debit,984.47,ACCT9518841,BRANCH18,Sara Vargas,ACCT6091368,2025-10-03 08:26:16,noise
credit,392.18,ACCT4765824,BRANCH60,Sara Vargas,ACCT6091368,2025-10-03 10:23:04,noise
debit,348.01,ACCT2718137,BRANCH60,Sara Vargas,ACCT6091368,2025-10-01 10:09:35,noise
debit,487.91,ACCT3912525,BRANCH58,Sara Vargas,ACCT6091368,2025-09-29 16:25:57,noise
credit,2508.51,ACCT5579418,BRANCH60,Sara Vargas,ACCT6091368,2025-09-24 08:17:08,noise
credit,1009.3,,BRANCH23,Sara Vargas,ACCT6091368,2025-09-22 08:45:41,noise
credit,872.13,,BRANCH60,Sara Vargas,ACCT6091368,2025-09-19 12:33:24,noise
credit,790.96,,BRANCH60,Sara Vargas,ACCT6091368,2025-09-19 16:45:47,noise
credit,223.66,ACCT6547115,BRANCH75,Sara Vargas,ACCT6091368,2025-09-18 19:41:58,noise
debit,1172.72,,BRANCH60,Sara Vargas,ACCT6091368,2025-09-15 08:16:36,noise
debit,1049.7,ACCT6503586,BRANCH55,Sara Vargas,ACCT6091368,2025-09-13 14:18:27,noise
debit,208.82,,BRANCH60,Sara Vargas,ACCT6091368,2025-09-12 08:38:51,noise
debit,642.26,ACCT3053327,BRANCH60,Sara Vargas,ACCT6091368,2025-09-11 14:15:08,noise
debit,818.8,ACCT2103254,BRANCH60,Sara Vargas,ACCT6091368,2025-09-10 21:41:08,noise
credit,601.99,,BRANCH60,Sara Vargas,ACCT6091368,2025-09-05 11:45:23,noise
credit,804.62,,BRANCH60,Sara Vargas,ACCT6091368,2025-09-05 14:20:08,noise
credit,136.88,,BRANCH60,Sara Vargas,ACCT6091368,2025-09-01 23:03:41,noise
credit,2031.39,,BRANCH60,Sara Vargas,ACCT6091368,2025-09-01 05:17:50,noise
debit,1569.01,,BRANCH89,Sara Vargas,ACCT6091368,2025-08-31 12:26:45,noise
credit,1407.84,,BRANCH60,Sara Vargas,ACCT6091368,2025-08-30 15:40:29,noise
debit,98.27,ACCT8248646,BRANCH60,Sara Vargas,ACCT6091368,2025-08-29 09:30:08,noise
debit,332.74,,BRANCH79,Sara Vargas,ACCT6091368,2025-08-29 14:37:41,noise
credit,576.7,ACCT7955541,BRANCH60,Sara Vargas,ACCT6091368,2025-08-26 20:17:08,noise
credit,582.73,,BRANCH78,Sara Vargas,ACCT6091368,2025-08-25 12:20:01,noise
debit,1145.28,,BRANCH60,Sara Vargas,ACCT6091368,2025-08-23 18:37:11,noise
credit,362.96,ACCT3514300,BRANCH75,Sara Vargas,ACCT6091368,2025-08-23 22:19:44,noise
debit,2107.33,,BRANCH60,Sara Vargas,ACCT6091368,2025-08-22 14:41:44,noise
debit,1015.66,,BRANCH19,Sara Vargas,ACCT6091368,2025-08-19 12:16:14,noise
debit,639.27,,BRANCH60,Sara Vargas,ACCT6091368,2025-08-16 19:24:32,noise
debit,437.34,ACCT4765824,BRANCH84,Sara Vargas,ACCT6091368,2025-08-16 18:04:22,noise
credit,2329.84,ACCT3053327,BRANCH76,Sara Vargas,ACCT6091368,2025-08-13 14:25:24,noise
credit,2248.47,,BRANCH60,Sara Vargas,ACCT6091368,2025-08-12 17:32:21,noise
debit,685.98,,BRANCH60,Sara Vargas,ACCT6091368,2025-08-12 18:14:41,noise
credit,609.44,,BRANCH33,Sara Vargas,ACCT6091368,2025-08-07 10:32:05,noise
credit,416.51,,BRANCH60,Sara Vargas,ACCT6091368,2025-08-04 13:21:33,noise
credit,1340.85,,BRANCH36,Mara ElSayed,ACCT2718137,2025-10-03 08:09:40,noise
credit,641.96,,BRANCH49,Mara ElSayed,ACCT2718137,2025-10-02 19:20:38,noise
credit,190.24,,BRANCH36,Mara ElSayed,ACCT2718137,2025-09-28 15:26:52,noise
credit,1467.14,,BRANCH58,Mara ElSayed,ACCT2718137,2025-09-21 11:11:30,noise
debit,1037.38,,BRANCH36,Mara ElSayed,ACCT2718137,2025-09-20 19:29:35,noise
debit,499.07,,BRANCH36,Mara ElSayed,ACCT2718137,2025-09-17 11:00:49,noise
debit,8028.81,,BRANCH66,Mara ElSayed,ACCT2718137,2025-09-16 20:39:59,noise
credit,1410.46,,BRANCH36,Mara ElSayed,ACCT2718137,2025-09-16 20:07:00,noise
debit,224.62,ACCT9038573,BRANCH34,Mara ElSayed,ACCT2718137,2025-09-14 23:06:22,noise
credit,769.67,,BRANCH36,Mara ElSayed,ACCT2718137,2025-09-14 14:11:18,noise
debit,769.16,,BRANCH36,Mara ElSayed,ACCT2718137,2025-09-13 08:04:39,noise
debit,551.88,ACCT3736291,BRANCH36,Mara ElSayed,ACCT2718137,2025-09-13 14:15:38,noise
credit,1122.43,ACCT7006438,BRANCH36,Mara ElSayed,ACCT2718137,2025-09-12 22:19:47,noise
credit,517.43,,BRANCH36,Mara ElSayed,ACCT2718137,2025-09-12 21:04:49,noise
credit,383.32,,BRANCH36,Mara ElSayed,ACCT2718137,2025-09-07 13:22:49,noise
debit,813.04,ACCT7572650,BRANCH36,Mara ElSayed,ACCT2718137,2025-09-03 18:27:29,noise
debit,610.67,,BRANCH19,Mara ElSayed,ACCT2718137,2025-09-03 08:19:37,noise
debit,519.06,,BRANCH36,Mara ElSayed,ACCT2718137,2025-09-02 12:41:10,noise
credit,753.92,ACCT3116724,BRANCH44,Mara ElSayed,ACCT2718137,2025-09-02 13:19:14,noise
debit,1566.35,,BRANCH36,Mara ElSayed,ACCT2718137,2025-08-31 08:41:34,noise
credit,272.19,ACCT6589702,BRANCH36,Mara ElSayed,ACCT2718137,2025-08-29 08:00:18,noise
debit,1266.34,,BRANCH16,Mara ElSayed,ACCT2718137,2025-08-29 02:29:56,noise
credit,695.43,,BRANCH71,Mara ElSayed,ACCT2718137,2025-08-28 02:19:13,noise
credit,466.44,ACCT4934596,BRANCH36,Mara ElSayed,ACCT2718137,2025-08-27 14:28:48,noise
debit,872.34,,BRANCH36,Mara ElSayed,ACCT2718137,2025-08-25 17:18:53,noise
credit,604.46,,BRANCH70,Mara ElSayed,ACCT2718137,2025-08-25 17:40:52,noise
debit,327.33,,BRANCH36,Mara ElSayed,ACCT2718137,2025-08-21 20:44:06,noise
debit,287.56,,BRANCH36,Mara ElSayed,ACCT2718137,2025-08-19 15:14:11,noise
debit,286.25,,BRANCH36,Mara ElSayed,ACCT2718137,2025-08-18 01:45:36,noise
debit,1451.13,ACCT6352691,BRANCH36,Mara ElSayed,ACCT2718137,2025-08-18 18:23:32,noise
credit,306.7,ACCT2621786,BRANCH36,Mara ElSayed,ACCT2718137,2025-08-15 12:26:07,noise
debit,2903.13,ACCT4635334,BRANCH36,Mara ElSayed,ACCT2718137,2025-08-12 15:29:35,noise
credit,573.11,,BRANCH36,Mara ElSayed,ACCT2718137,2025-08-09 15:23:31,noise
debit,427.4,,BRANCH36,Mara ElSayed,ACCT2718137,2025-08-09 08:36:47,noise
debit,1299.28,ACCT9643062,BRANCH10,Mara ElSayed,ACCT2718137,2025-08-08 09:04:08,noise
debit,238.53,,BRANCH36,Mara ElSayed,ACCT2718137,2025-08-07 15:32:45,noise
debit,704.33,ACCT4073101,BRANCH36,Mara ElSayed,ACCT2718137,2025-08-04 08:10:52,noise
credit,2328.0,ACCT6751841,BRANCH36,Mara ElSayed,ACCT2718137,2025-08-04 00:18:38,noise
credit,885.06,ACCT9748886,BRANCH38,Priya Rossi,ACCT7586555,2025-10-03 11:02:00,noise
credit,85.98,ACCT9172994,BRANCH90,Priya Rossi,ACCT7586555,2025-09-30 20:42:35,noise
debit,1632.7,,BRANCH27,Priya Rossi,ACCT7586555,2025-09-30 19:36:35,noise
credit,849.01,,BRANCH38,Priya Rossi,ACCT7586555,2025-09-26 18:24:09,noise
credit,397.7,,BRANCH32,Priya Rossi,ACCT7586555,2025-09-24 09:44:22,noise
credit,1148.02,,BRANCH37,Priya Rossi,ACCT7586555,2025-09-22 09:26:53,noise
debit,864.97,ACCT5643342,BRANCH38,Priya Rossi,ACCT7586555,2025-09-20 15:40:26,noise
credit,243.07,ACCT9787006,BRANCH36,Priya Rossi,ACCT7586555,2025-09-19 02:12:32,noise
debit,339.72,ACCT8399028,BRANCH91,Priya Rossi,ACCT7586555,2025-09-18 10:27:47,noise
credit,608.03,,BRANCH93,Priya Rossi,ACCT7586555,2025-09-15 12:21:50,noise
credit,501.46,,BRANCH79,Priya Rossi,ACCT7586555,2025-09-15 14:12:49,noise
credit,4100.03,,BRANCH38,Priya Rossi,ACCT7586555,2025-09-13 17:24:11,noise
credit,1654.72,,BRANCH71,Priya Rossi,ACCT7586555,2025-09-12 17:25:18,noise
debit,54.13,,BRANCH38,Priya Rossi,ACCT7586555,2025-09-11 08:33:18,noise
credit,4024.47,,BRANCH20,Priya Rossi,ACCT7586555,2025-09-09 16:40:27,noise
credit,1073.15,,BRANCH38,Priya Rossi,ACCT7586555,2025-09-09 19:10:44,noise
debit,1671.43,,BRANCH38,Priya Rossi,ACCT7586555,2025-09-08 22:02:24,noise
debit,126.64,,BRANCH38,Priya Rossi,ACCT7586555,2025-09-08 20:43:15,noise
debit,2612.36,,BRANCH83,Priya Rossi,ACCT7586555,2025-09-07 23:21:02,noise
credit,800.32,,BRANCH38,Priya Rossi,ACCT7586555,2025-09-06 04:10:45,noise
credit,1308.07,,BRANCH38,Priya Rossi,ACCT7586555,2025-09-03 11:40:48,noise
debit,330.37,,BRANCH38,Priya Rossi,ACCT7586555,2025-09-03 20:13:08,noise
debit,1601.24,,BRANCH38,Priya Rossi,ACCT7586555,2025-09-01 09:24:09,noise
credit,436.27,,BRANCH65,Priya Rossi,ACCT7586555,2025-08-31 00:00:34,noise
credit,519.71,ACCT1874716,BRANCH38,Priya Rossi,ACCT7586555,2025-08-31 08:04:54,noise
credit,232.18,,BRANCH38,Priya Rossi,ACCT7586555,2025-08-28 19:17:08,noise
credit,6159.97,,BRANCH38,Priya Rossi,ACCT7586555,2025-08-28 17:18:22,noise
credit,489.82,,BRANCH83,Priya Rossi,ACCT7586555,2025-08-27 09:17:18,noise
debit,670.29,,BRANCH38,Priya Rossi,ACCT7586555,2025-08-27 15:34:28,noise
credit,441.15,,BRANCH38,Priya Rossi,ACCT7586555,2025-08-25 11:07:37,noise
credit,553.02,,BRANCH38,Priya Rossi,ACCT7586555,2025-08-19 12:39:31,noise
debit,1093.41,ACCT4584232,BRANCH38,Priya Rossi,ACCT7586555,2025-08-19 14:11:33,noise
debit,339.68,ACCT3736291,BRANCH77,Priya Rossi,ACCT7586555,2025-08-18 18:02:00,noise
debit,1268.02,,BRANCH38,Priya Rossi,ACCT7586555,2025-08-16 17:25:29,noise
credit,186.42,,BRANCH45,Priya Rossi,ACCT7586555,2025-08-15 09:31:03,noise
credit,490.57,,BRANCH70,Priya Rossi,ACCT7586555,2025-08-13 05:16:46,noise
credit,493.63,ACCT1122706,BRANCH25,Priya Rossi,ACCT7586555,2025-08-12 16:37:50,noise
debit,455.86,,BRANCH38,Priya Rossi,ACCT7586555,2025-08-08 12:07:12,noise
credit,44.77,,BRANCH38,Priya Rossi,ACCT7586555,2025-08-08 18:43:47,noise
credit,294.28,,BRANCH38,Priya Rossi,ACCT7586555,2025-08-05 20:26:50,noise
debit,3708.83,,BRANCH38,Priya Rossi,ACCT7586555,2025-08-05 17:34:26,noise
debit,670.01,,BRANCH45,Jin Fischer,ACCT8202097,2025-10-03 12:03:57,noise
debit,645.4,ACCT4584232,BRANCH38,Jin Fischer,ACCT8202097,2025-10-03 15:16:17,noise
credit,663.86,,BRANCH45,Jin Fischer,ACCT8202097,2025-10-01 02:28:15,noise
credit,926.84,,BRANCH45,Jin Fischer,ACCT8202097,2025-10-01 11:24:33,noise
debit,469.57,,BRANCH45,Jin Fischer,ACCT8202097,2025-09-30 20:10:05,noise
credit,1694.03,ACCT6091368,BRANCH45,Jin Fischer,ACCT8202097,2025-09-29 15:23:12,noise
credit,411.99,,BRANCH45,Jin Fischer,ACCT8202097,2025-09-28 20:43:45,noise
debit,391.39,,BRANCH45,Jin Fischer,ACCT8202097,2025-09-28 08:15:36,noise
credit,1602.03,ACCT7095170,BRANCH45,Jin Fischer,ACCT8202097,2025-09-27 11:22:47,noise
debit,770.31,ACCT8688797,BRANCH45,Jin Fischer,ACCT8202097,2025-09-27 20:15:46,noise
debit,300.37,,BRANCH45,Jin Fischer,ACCT8202097,2025-09-25 11:37:13,noise
debit,125.76,ACCT5017009,BRANCH45,Jin Fischer,ACCT8202097,2025-09-25 09:04:53,noise
credit,119.83,ACCT1122706,BRANCH37,Jin Fischer,ACCT8202097,2025-09-23 09:30:15,noise
credit,383.43,,BRANCH25,Jin Fischer,ACCT8202097,2025-09-23 19:17:09,noise
debit,831.63,ACCT6352691,BRANCH45,Jin Fischer,ACCT8202097,2025-09-21 13:01:57,noise
debit,586.73,,BRANCH43,Jin Fischer,ACCT8202097,2025-09-21 09:03:11,noise
debit,4145.84,,BRANCH45,Jin Fischer,ACCT8202097,2025-09-20 08:38:13,noise
debit,1456.56,,BRANCH89,Jin Fischer,ACCT8202097,2025-09-20 13:43:30,noise
debit,689.78,,BRANCH30,Jin Fischer,ACCT8202097,2025-09-18 20:41:39,noise
debit,402.16,,BRANCH45,Jin Fischer,ACCT8202097,2025-09-16 15:12:08,noise
credit,686.5,,BRANCH45,Jin Fischer,ACCT8202097,2025-09-15 12:35:12,noise
credit,856.49,ACCT6246793,BRANCH45,Jin Fischer,ACCT8202097,2025-09-15 13:42:33,noise
credit,416.28,,BRANCH45,Jin Fischer,ACCT8202097,2025-09-12 08:30:40,noise
debit,734.97,ACCT6174570,BRANCH38,Jin Fischer,ACCT8202097,2025-09-06 16:07:20,noise
debit,725.95,,BRANCH45,Jin Fischer,ACCT8202097,2025-09-06 18:03:34,noise
debit,2796.52,,BRANCH45,Jin Fischer,ACCT8202097,2025-09-05 08:43:13,noise
credit,846.39,ACCT1618870,BRANCH45,Jin Fischer,ACCT8202097,2025-09-01 17:18:36,noise
debit,3251.15,,BRANCH45,Jin Fischer,ACCT8202097,2025-09-01 08:16:35,noise
debit,2012.89,,BRANCH74,Jin Fischer,ACCT8202097,2025-08-30 20:27:36,noise
debit,2576.84,ACCT6722652,BRANCH45,Jin Fischer,ACCT8202097,2025-08-30 10:05:05,noise
credit,419.26,,BRANCH45,Jin Fischer,ACCT8202097,2025-08-27 15:13:07,noise
credit,7544.52,ACCT7549473,BRANCH48,Jin Fischer,ACCT8202097,2025-08-27 22:25:31,noise
debit,302.21,,BRANCH45,Jin Fischer,ACCT8202097,2025-08-22 10:34:57,noise
debit,744.8,,BRANCH45,Jin Fischer,ACCT8202097,2025-08-21 19:39:05,noise
credit,441.78,ACCT7361676,BRANCH45,Jin Fischer,ACCT8202097,2025-08-18 08:43:34,noise
debit,658.09,,BRANCH45,Jin Fischer,ACCT8202097,2025-08-18 19:10:18,noise
debit,508.32,,BRANCH45,Jin Fischer,ACCT8202097,2025-08-17 00:33:25,noise
debit,1472.4,,BRANCH45,Jin Fischer,ACCT8202097,2025-08-16 00:34:48,noise
credit,1116.28,,BRANCH45,Jin Fischer,ACCT8202097,2025-08-16 12:02:08,noise
credit,977.14,,BRANCH94,Jin Fischer,ACCT8202097,2025-08-14 19:25:16,noise
credit,638.33,,BRANCH45,Jin Fischer,ACCT8202097,2025-08-13 10:28:15,noise
credit,585.63,,BRANCH45,Jin Fischer,ACCT8202097,2025-08-12 05:35:02,noise
credit,578.08,,BRANCH45,Jin Fischer,ACCT8202097,2025-08-10 13:35:14,noise
debit,3000.0,ACCT8289537,BRANCH97,Jin Meyer,ACCT6547115,2025-10-03 08:21:05,noise
credit,104.57,,BRANCH30,Jin Meyer,ACCT6547115,2025-10-03 11:30:27,noise
debit,461.13,,BRANCH44,Jin Meyer,ACCT6547115,2025-10-01 09:34:14,noise
debit,779.04,,BRANCH18,Jin Meyer,ACCT6547115,2025-09-30 14:19:38,noise
debit,925.53,ACCT7095170,BRANCH97,Jin Meyer,ACCT6547115,2025-09-29 14:02:30,noise
debit,424.32,,BRANCH97,Jin Meyer,ACCT6547115,2025-09-29 12:14:33,noise
credit,254.73,,BRANCH97,Jin Meyer,ACCT6547115,2025-09-25 18:35:31,noise
credit,1139.59,ACCT4584232,BRANCH97,Jin Meyer,ACCT6547115,2025-09-22 12:33:32,noise
credit,712.57,,BRANCH97,Jin Meyer,ACCT6547115,2025-09-22 00:39:17,noise
debit,1082.51,,BRANCH65,Jin Meyer,ACCT6547115,2025-09-21 14:28:52,noise
debit,543.69,,BRANCH25,Jin Meyer,ACCT6547115,2025-09-19 18:16:43,noise
debit,1017.64,ACCT1587032,BRANCH97,Jin Meyer,ACCT6547115,2025-09-19 10:45:39,noise
debit,1275.32,,BRANCH97,Jin Meyer,ACCT6547115,2025-09-18 22:40:10,noise
debit,43.82,,BRANCH97,Jin Meyer,ACCT6547115,2025-09-17 12:28:43,noise
credit,1194.57,,BRANCH34,Jin Meyer,ACCT6547115,2025-09-16 21:19:16,noise
debit,1398.67,,BRANCH97,Jin Meyer,ACCT6547115,2025-09-16 04:39:12,noise
debit,1801.53,ACCT2205027,BRANCH58,Jin Meyer,ACCT6547115,2025-09-12 18:24:07,noise
debit,1124.52,,BRANCH97,Jin Meyer,ACCT6547115,2025-09-12 11:13:31,noise
credit,1182.77,,BRANCH97,Jin Meyer,ACCT6547115,2025-09-10 23:35:40,noise
credit,529.33,,BRANCH94,Jin Meyer,ACCT6547115,2025-09-09 11:15:07,noise
credit,241.92,,BRANCH97,Jin Meyer,ACCT6547115,2025-09-08 21:43:52,noise
debit,970.26,ACCT7257619,BRANCH97,Jin Meyer,ACCT6547115,2025-09-08 13:27:39,noise
credit,1280.89,,BRANCH97,Jin Meyer,ACCT6547115,2025-09-06 21:00:27,noise
credit,241.22,,BRANCH97,Jin Meyer,ACCT6547115,2025-09-06 11:22:30,noise
debit,1579.99,ACCT6751841,BRANCH97,Jin Meyer,ACCT6547115,2025-09-04 11:37:13,noise
debit,1337.31,,BRANCH95,Jin Meyer,ACCT6547115,2025-09-02 16:33:10,noise
debit,876.58,,BRANCH97,Jin Meyer,ACCT6547115,2025-09-02 14:38:49,noise
debit,732.91,,BRANCH85,Jin Meyer,ACCT6547115,2025-08-31 17:16:02,noise
debit,4051.48,,BRANCH97,Jin Meyer,ACCT6547115,2025-08-31 12:13:28,noise
debit,1993.45,ACCT7704172,BRANCH94,Jin Meyer,ACCT6547115,2025-08-30 22:15:22,noise
debit,7667.79,,BRANCH97,Jin Meyer,ACCT6547115,2025-08-29 03:42:22,noise
credit,341.25,,BRANCH85,Jin Meyer,ACCT6547115,2025-08-29 20:22:54,noise
debit,1270.6,,BRANCH97,Jin Meyer,ACCT6547115,2025-08-28 12:44:54,noise
debit,843.72,,BRANCH70,Jin Meyer,ACCT6547115,2025-08-24 14:42:39,noise
debit,71.65,ACCT1688404,BRANCH97,Jin Meyer,ACCT6547115,2025-08-23 14:45:42,noise
credit,401.36,,BRANCH97,Jin Meyer,ACCT6547115,2025-08-21 08:20:46,noise
debit,690.52,,BRANCH97,Jin Meyer,ACCT6547115,2025-08-19 14:06:02,noise
debit,2070.28,,BRANCH97,Jin Meyer,ACCT6547115,2025-08-17 14:00:04,noise
credit,765.3,,BRANCH97,Jin Meyer,ACCT6547115,2025-08-15 03:38:51,noise
credit,494.36,,BRANCH97,Jin Meyer,ACCT6547115,2025-08-15 17:40:29,noise
credit,490.61,ACCT1786794,BRANCH97,Jin Meyer,ACCT6547115,2025-08-14 15:36:49,noise
credit,1736.3,,BRANCH97,Jin Meyer,ACCT6547115,2025-08-14 00:42:24,noise
credit,2687.19,,BRANCH97,Jin Meyer,ACCT6547115,2025-08-12 13:07:23,noise
credit,2073.52,ACCT7704172,BRANCH97,Jin Meyer,ACCT6547115,2025-08-08 12:19:50,noise
debit,180.67,,BRANCH97,Jin Meyer,ACCT6547115,2025-08-06 14:19:19,noise
credit,2768.76,,BRANCH97,Jin Meyer,ACCT6547115,2025-08-06 16:14:37,noise
debit,2075.48,,BRANCH16,Jin Meyer,ACCT6547115,2025-08-05 09:43:07,noise
credit,290.55,,BRANCH77,Grace ElSayed,ACCT3736291,2025-10-02 08:25:13,noise
debit,616.5,,BRANCH77,Grace ElSayed,ACCT3736291,2025-10-02 16:23:14,noise
debit,757.0,,BRANCH33,Grace ElSayed,ACCT3736291,2025-09-29 15:35:33,noise
debit,643.79,,BRANCH77,Grace ElSayed,ACCT3736291,2025-09-28 09:09:55,noise
debit,253.93,,BRANCH77,Grace ElSayed,ACCT3736291,2025-09-25 18:41:18,noise
debit,1017.23,,BRANCH77,Grace ElSayed,ACCT3736291,2025-09-25 14:32:30,noise
debit,847.47,,BRANCH77,Grace ElSayed,ACCT3736291,2025-09-21 09:44:13,noise
debit,264.23,,BRANCH77,Grace ElSayed,ACCT3736291,2025-09-17 20:38:16,noise
debit,1218.47,,BRANCH77,Grace ElSayed,ACCT3736291,2025-09-17 14:10:36,noise
debit,625.0,,BRANCH45,Grace ElSayed,ACCT3736291,2025-09-16 15:30:41,noise
debit,713.55,ACCT4856104,BRANCH77,Grace ElSayed,ACCT3736291,2025-09-12 13:34:12,noise
credit,343.81,,BRANCH77,Grace ElSayed,ACCT3736291,2025-09-12 14:08:23,noise
debit,993.93,,BRANCH77,Grace ElSayed,ACCT3736291,2025-09-11 23:13:48,noise
debit,1077.21,,BRANCH77,Grace ElSayed,ACCT3736291,2025-09-11 21:38:31,noise
credit,165.04,,BRANCH77,Grace ElSayed,ACCT3736291,2025-09-08 22:07:14,noise
debit,2600.29,ACCT8285288,BRANCH77,Grace ElSayed,ACCT3736291,2025-09-03 18:42:23,noise
debit,901.74,,BRANCH77,Grace ElSayed,ACCT3736291,2025-08-31 02:19:35,noise
debit,449.64,,BRANCH77,Grace ElSayed,ACCT3736291,2025-08-28 09:38:08,noise
debit,874.15,,BRANCH77,Grace ElSayed,ACCT3736291,2025-08-26 11:17:21,noise
debit,1509.88,,BRANCH77,Grace ElSayed,ACCT3736291,2025-08-24 21:23:27,noise
credit,299.15,,BRANCH49,Grace ElSayed,ACCT3736291,2025-08-24 15:06:49,noise
debit,306.52,,BRANCH77,Grace ElSayed,ACCT3736291,2025-08-23 17:15:02,noise
credit,300.89,ACCT6503586,BRANCH77,Grace ElSayed,ACCT3736291,2025-08-21 09:04:23,noise
credit,294.81,ACCT1278957,BRANCH77,Grace ElSayed,ACCT3736291,2025-08-21 15:16:06,noise
debit,147.95,,BRANCH78,Grace ElSayed,ACCT3736291,2025-08-20 11:21:16,noise
debit,566.2,ACCT2998648,BRANCH77,Grace ElSayed,ACCT3736291,2025-08-17 13:03:45,noise
credit,186.25,,BRANCH85,Grace ElSayed,ACCT3736291,2025-08-16 10:02:43,noise
credit,403.83,,BRANCH77,Grace ElSayed,ACCT3736291,2025-08-13 19:27:29,noise
credit,1371.39,ACCT6547115,BRANCH77,Grace ElSayed,ACCT3736291,2025-08-13 20:14:35,noise
credit,2280.56,,BRANCH77,Grace ElSayed,ACCT3736291,2025-08-09 11:10:11,noise
debit,3761.11,,BRANCH77,Grace ElSayed,ACCT3736291,2025-08-07 15:30:58,noise
debit,320.36,,BRANCH77,Grace ElSayed,ACCT3736291,2025-08-06 19:09:24,noise
debit,314.69,,BRANCH40,Ivy Unger,ACCT2492020,2025-10-03 10:05:59,noise
debit,3950.69,,BRANCH40,Ivy Unger,ACCT2492020,2025-10-03 09:43:31,noise
debit,552.95,,BRANCH40,Ivy Unger,ACCT2492020,2025-10-01 18:18:04,noise
credit,270.23,,BRANCH82,Ivy Unger,ACCT2492020,2025-09-19 15:15:01,noise
credit,970.2,,BRANCH40,Ivy Unger,ACCT2492020,2025-09-18 08:40:17,noise
credit,243.27,,BRANCH40,Ivy Unger,ACCT2492020,2025-09-18 19:23:18,noise
credit,585.55,ACCT9643062,BRANCH40,Ivy Unger,ACCT2492020,2025-09-15 12:17:05,noise
debit,1984.68,,BRANCH86,Ivy Unger,ACCT2492020,2025-09-12 13:19:40,noise
debit,1029.21,ACCT1797772,BRANCH40,Ivy Unger,ACCT2492020,2025-09-09 12:34:33,noise
credit,221.07,,BRANCH40,Ivy Unger,ACCT2492020,2025-09-09 22:08:49,noise
debit,914.1,,BRANCH88,Ivy Unger,ACCT2492020,2025-09-06 00:06:58,noise
debit,485.85,,BRANCH40,Ivy Unger,ACCT2492020,2025-09-06 16:27:01,noise
credit,529.98,,BRANCH40,Ivy Unger,ACCT2492020,2025-09-05 23:24:51,noise
credit,266.09,,BRANCH40,Ivy Unger,ACCT2492020,2025-09-03 21:29:01,noise
credit,753.49,,BRANCH40,Ivy Unger,ACCT2492020,2025-09-02 14:34:02,noise
credit,374.56,ACCT3736291,BRANCH40,Ivy Unger,ACCT2492020,2025-09-01 13:14:31,noise
credit,671.51,ACCT7704172,BRANCH40,Ivy Unger,ACCT2492020,2025-08-30 22:35:50,noise
credit,632.32,,BRANCH66,Ivy Unger,ACCT2492020,2025-08-28 20:28:50,noise
credit,2160.79,,BRANCH56,Ivy Unger,ACCT2492020,2025-08-27 17:17:24,noise
debit,463.06,,BRANCH40,Ivy Unger,ACCT2492020,2025-08-26 18:09:34,noise
debit,1043.22,,BRANCH40,Ivy Unger,ACCT2492020,2025-08-24 23:33:34,noise
debit,3729.78,,BRANCH40,Ivy Unger,ACCT2492020,2025-08-22 08:28:30,noise
debit,852.78,,BRANCH80,Ivy Unger,ACCT2492020,2025-08-22 20:32:29,noise
credit,1397.85,ACCT5985265,BRANCH40,Ivy Unger,ACCT2492020,2025-08-17 11:44:54,noise
debit,2329.15,,BRANCH29,Ivy Unger,ACCT2492020,2025-08-16 16:18:21,noise
credit,318.07,,BRANCH40,Ivy Unger,ACCT2492020,2025-08-16 13:10:34,noise
debit,443.89,,BRANCH40,Ivy Unger,ACCT2492020,2025-08-12 15:04:48,noise
credit,600.6,ACCT1278957,BRANCH65,Ivy Unger,ACCT2492020,2025-08-12 20:06:50,noise
credit,1068.85,,BRANCH40,Ivy Unger,ACCT2492020,2025-08-09 17:15:34,noise
credit,499.1,,BRANCH40,Ivy Unger,ACCT2492020,2025-08-06 12:36:33,noise
credit,357.33,,BRANCH40,Ivy Unger,ACCT2492020,2025-08-04 12:27:26,noise
debit,1095.61,ACCT6722652,BRANCH12,Ivy Unger,ACCT2492020,2025-08-04 17:00:52,noise
credit,752.18,ACCT6696915,BRANCH55,Cara Kim,ACCT6589702,2025-10-03 12:29:58,noise
debit,1169.37,,BRANCH76,Cara Kim,ACCT6589702,2025-10-03 10:44:42,noise
debit,1559.96,,BRANCH58,Cara Kim,ACCT6589702,2025-10-02 01:29:00,noise
credit,3102.0,,BRANCH55,Cara Kim,ACCT6589702,2025-10-01 16:00:27,noise
credit,271.53,ACCT7361676,BRANCH11,Cara Kim,ACCT6589702,2025-09-27 15:34:05,noise
debit,182.37,,BRANCH55,Cara Kim,ACCT6589702,2025-09-27 14:04:05,noise
debit,1040.14,ACCT1128822,BRANCH26,Cara Kim,ACCT6589702,2025-09-26 12:37:00,noise
credit,319.5,ACCT5257024,BRANCH55,Cara Kim,ACCT6589702,2025-09-25 15:32:09,noise
debit,1325.96,ACCT7361676,BRANCH55,Cara Kim,ACCT6589702,2025-09-24 15:35:13,noise
credit,814.34,,BRANCH12,Cara Kim,ACCT6589702,2025-09-24 04:43:35,noise
debit,377.01,ACCT8285288,BRANCH96,Cara Kim,ACCT6589702,2025-09-20 09:14:59,noise
credit,3001.88,,BRANCH32,Cara Kim,ACCT6589702,2025-09-18 22:44:49,noise
debit,144.17,,BRANCH55,Cara Kim,ACCT6589702,2025-09-17 11:43:22,noise
credit,1929.45,,BRANCH55,Cara Kim,ACCT6589702,2025-09-14 19:16:11,noise
credit,1575.28,ACCT6279206,BRANCH25,Cara Kim,ACCT6589702,2025-09-14 15:39:10,noise
debit,1868.79,ACCT2777204,BRANCH98,Cara Kim,ACCT6589702,2025-09-13 17:10:13,noise
credit,220.55,,BRANCH55,Cara Kim,ACCT6589702,2025-09-13 15:14:11,noise
credit,681.46,,BRANCH55,Cara Kim,ACCT6589702,2025-09-12 15:01:22,noise
debit,95.5,,BRANCH83,Cara Kim,ACCT6589702,2025-09-09 17:23:15,noise
credit,320.55,ACCT3273218,BRANCH55,Cara Kim,ACCT6589702,2025-09-02 20:24:27,noise
credit,500.88,,BRANCH55,Cara Kim,ACCT6589702,2025-09-01 02:43:40,noise
debit,277.01,ACCT1874716,BRANCH55,Cara Kim,ACCT6589702,2025-09-01 09:08:15,noise
credit,837.36,,BRANCH55,Cara Kim,ACCT6589702,2025-08-30 10:09:06,noise
credit,506.39,ACCT5017009,BRANCH55,Cara Kim,ACCT6589702,2025-08-30 16:10:27,noise
credit,278.04,,BRANCH55,Cara Kim,ACCT6589702,2025-08-29 08:10:23,noise
debit,2257.34,,BRANCH55,Cara Kim,ACCT6589702,2025-08-28 13:43:31,noise
debit,3000.0,ACCT4073101,BRANCH55,Cara Kim,ACCT6589702,2025-08-26 23:29:05,noise
debit,2863.59,ACCT3163097,BRANCH54,Cara Kim,ACCT6589702,2025-08-23 05:43:03,noise
credit,1396.41,ACCT7572650,BRANCH55,Cara Kim,ACCT6589702,2025-08-22 10:42:19,noise
credit,3676.76,ACCT1913533,BRANCH55,Cara Kim,ACCT6589702,2025-08-22 10:03:31,noise
credit,2943.17,,BRANCH55,Cara Kim,ACCT6589702,2025-08-20 19:07:43,noise
debit,1928.01,,BRANCH94,Cara Kim,ACCT6589702,2025-08-19 16:16:50,noise
credit,405.11,ACCT4427182,BRANCH45,Cara Kim,ACCT6589702,2025-08-18 17:45:17,noise
debit,845.58,,BRANCH28,Cara Kim,ACCT6589702,2025-08-15 17:09:56,noise
credit,1047.27,,BRANCH55,Cara Kim,ACCT6589702,2025-08-11 11:25:38,noise
credit,118.85,,BRANCH48,Cara Kim,ACCT6589702,2025-08-11 13:07:24,noise
debit,669.79,,BRANCH55,Cara Kim,ACCT6589702,2025-08-09 09:01:06,noise
debit,358.69,,BRANCH55,Cara Kim,ACCT6589702,2025-08-09 16:24:44,noise
debit,1003.33,ACCT9038573,BRANCH68,Cara Kim,ACCT6589702,2025-08-04 21:00:31,noise
credit,1034.75,,BRANCH60,Grace Diaz,ACCT1297790,2025-10-03 05:45:14,noise
debit,325.98,,BRANCH61,Grace Diaz,ACCT1297790,2025-09-30 19:17:51,noise
credit,1556.42,,BRANCH34,Grace Diaz,ACCT1297790,2025-09-23 10:35:58,noise
debit,108.76,,BRANCH35,Grace Diaz,ACCT1297790,2025-09-23 10:01:03,noise
debit,477.21,ACCT1307956,BRANCH61,Grace Diaz,ACCT1297790,2025-09-22 21:33:33,noise
debit,255.56,,BRANCH16,Grace Diaz,ACCT1297790,2025-09-19 12:33:11,noise
credit,1057.96,,BRANCH61,Grace Diaz,ACCT1297790,2025-09-19 14:14:18,noise
debit,3368.47,,BRANCH14,Grace Diaz,ACCT1297790,2025-09-15 13:30:32,noise
credit,611.61,,BRANCH61,Grace Diaz,ACCT1297790,2025-09-12 03:02:48,noise
debit,986.85,,BRANCH61,Grace Diaz,ACCT1297790,2025-09-10 04:22:37,noise
credit,251.72,,BRANCH61,Grace Diaz,ACCT1297790,2025-09-10 00:35:02,noise
credit,703.56,,BRANCH61,Grace Diaz,ACCT1297790,2025-09-06 18:27:12,noise
credit,466.64,,BRANCH38,Grace Diaz,ACCT1297790,2025-09-03 08:41:01,noise
debit,1886.54,,BRANCH61,Grace Diaz,ACCT1297790,2025-09-03 15:25:44,noise
debit,1586.93,,BRANCH11,Grace Diaz,ACCT1297790,2025-09-02 14:11:13,noise
credit,511.21,ACCT4934596,BRANCH61,Grace Diaz,ACCT1297790,2025-08-31 15:22:18,noise
debit,312.81,,BRANCH46,Grace Diaz,ACCT1297790,2025-08-31 18:29:34,noise
credit,1992.62,,BRANCH68,Grace Diaz,ACCT1297790,2025-08-28 14:11:57,noise
debit,108.77,,BRANCH71,Grace Diaz,ACCT1297790,2025-08-24 17:16:36,noise
credit,164.95,ACCT5623429,BRANCH61,Grace Diaz,ACCT1297790,2025-08-19 01:29:57,noise
debit,775.4,,BRANCH61,Grace Diaz,ACCT1297790,2025-08-18 13:03:47,noise
credit,2195.8,ACCT8205473,BRANCH61,Grace Diaz,ACCT1297790,2025-08-18 08:07:56,noise
debit,769.56,,BRANCH28,Grace Diaz,ACCT1297790,2025-08-17 15:28:56,noise
credit,474.97,ACCT2592957,BRANCH61,Grace Diaz,ACCT1297790,2025-08-17 20:41:41,noise
debit,166.13,,BRANCH52,Grace Diaz,ACCT1297790,2025-08-16 10:23:09,noise
credit,1716.05,,BRANCH11,Grace Diaz,ACCT1297790,2025-08-14 15:11:47,noise
debit,321.37,ACCT7431920,BRANCH61,Grace Diaz,ACCT1297790,2025-08-13 19:43:49,noise
credit,315.15,,BRANCH61,Grace Diaz,ACCT1297790,2025-08-12 17:31:38,noise
debit,499.56,ACCT9643062,BRANCH73,Grace Diaz,ACCT1297790,2025-08-12 08:11:59,noise
credit,252.61,,BRANCH16,Grace Diaz,ACCT1297790,2025-08-10 09:21:07,noise
credit,1744.03,,BRANCH61,Grace Diaz,ACCT1297790,2025-08-10 08:18:02,noise
debit,534.61,,BRANCH61,Grace Diaz,ACCT1297790,2025-08-06 09:16:32,noise
debit,517.14,,BRANCH26,Grace Diaz,ACCT1297790,2025-08-04 14:40:45,noise
debit,215.06,,BRANCH84,Nia Fischer,ACCT8248646,2025-10-02 20:09:16,noise
credit,451.72,,BRANCH11,Nia Fischer,ACCT8248646,2025-10-02 15:41:14,noise
credit,3295.42,,BRANCH24,Nia Fischer,ACCT8248646,2025-10-01 13:01:30,noise
credit,471.11,,BRANCH24,Nia Fischer,ACCT8248646,2025-09-30 02:13:10,noise
debit,1266.02,ACCT6894151,BRANCH24,Nia Fischer,ACCT8248646,2025-09-30 15:08:39,noise
credit,181.34,,BRANCH25,Nia Fischer,ACCT8248646,2025-09-25 19:31:02,noise
debit,241.82,,BRANCH24,Nia Fischer,ACCT8248646,2025-09-25 18:07:05,noise
credit,308.02,ACCT4635334,BRANCH24,Nia Fischer,ACCT8248646,2025-09-24 18:13:36,noise
debit,829.41,ACCT7006438,BRANCH24,Nia Fischer,ACCT8248646,2025-09-21 23:06:29,noise
debit,188.56,,BRANCH24,Nia Fischer,ACCT8248646,2025-09-19 19:41:11,noise
credit,144.08,,BRANCH24,Nia Fischer,ACCT8248646,2025-09-17 12:22:00,noise
credit,548.32,,BRANCH24,Nia Fischer,ACCT8248646,2025-09-14 11:21:01,noise
debit,551.09,,BRANCH24,Nia Fischer,ACCT8248646,2025-09-13 05:39:40,noise
credit,1366.7,,BRANCH46,Nia Fischer,ACCT8248646,2025-09-12 17:41:44,noise
debit,361.7,,BRANCH24,Nia Fischer,ACCT8248646,2025-09-10 12:13:08,noise
credit,181.26,,BRANCH24,Nia Fischer,ACCT8248646,2025-09-10 13:08:23,noise
credit,687.18,,BRANCH24,Nia Fischer,ACCT8248646,2025-09-08 11:18:05,noise
credit,199.85,ACCT2205027,BRANCH48,Nia Fischer,ACCT8248646,2025-09-06 17:07:20,noise
credit,169.71,ACCT1297790,BRANCH31,Nia Fischer,ACCT8248646,2025-09-06 21:05:50,noise
debit,3902.33,,BRANCH24,Nia Fischer,ACCT8248646,2025-09-01 17:39:30,noise
credit,276.58,ACCT6894151,BRANCH24,Nia Fischer,ACCT8248646,2025-08-31 20:03:35,noise
credit,3234.15,ACCT6751841,BRANCH22,Nia Fischer,ACCT8248646,2025-08-27 22:22:32,noise
debit,821.71,ACCT7006438,BRANCH24,Nia Fischer,ACCT8248646,2025-08-27 10:12:39,noise
debit,254.43,ACCT9748886,BRANCH24,Nia Fischer,ACCT8248646,2025-08-25 23:01:07,noise
debit,179.25,ACCT6352691,BRANCH26,Nia Fischer,ACCT8248646,2025-08-24 20:00:28,noise
debit,672.65,ACCT5934657,BRANCH41,Nia Fischer,ACCT8248646,2025-08-24 20:42:51,noise
credit,310.8,,BRANCH24,Nia Fischer,ACCT8248646,2025-08-22 10:06:02,noise
credit,252.01,,BRANCH24,Nia Fischer,ACCT8248646,2025-08-19 17:20:24,noise
credit,280.85,,BRANCH52,Nia Fischer,ACCT8248646,2025-08-16 08:05:44,noise
credit,5601.85,,BRANCH24,Nia Fischer,ACCT8248646,2025-08-15 18:10:41,noise
credit,361.09,,BRANCH24,Nia Fischer,ACCT8248646,2025-08-15 13:14:12,noise
credit,1214.76,,BRANCH68,Nia Fischer,ACCT8248646,2025-08-06 12:10:00,noise
credit,1418.44,,BRANCH24,Nia Fischer,ACCT8248646,2025-08-04 17:34:51,noise
credit,9193.47,ACCT8285288,BRANCH24,Nia Fischer,ACCT8248646,2025-12-20 22:29:09,noise
credit,8983.22,ACCT2621786,BRANCH24,Nia Fischer,ACCT8248646,2025-12-05 00:24:49,noise
credit,9112.63,ACCT2075659,BRANCH24,Nia Fischer,ACCT8248646,2025-12-21 23:07:48,noise
credit,9654.44,ACCT1307956,BRANCH24,Nia Fischer,ACCT8248646,2025-12-18 01:13:13,noise
credit,9555.43,ACCT7586555,BRANCH24,Nia Fischer,ACCT8248646,2025-12-26 23:06:00,noise
credit,9632.55,ACCT3237994,BRANCH24,Nia Fischer,ACCT8248646,2025-12-20 08:25:42,noise
credit,8890.24,ACCT3736291,BRANCH24,Nia Fischer,ACCT8248646,2025-12-12 02:14:52,noise
credit,9653.65,ACCT2415489,BRANCH24,Nia Fischer,ACCT8248646,2025-11-29 00:04:26,noise
credit,9255.24,ACCT1797772,BRANCH24,Nia Fischer,ACCT8248646,2025-12-02 22:24:23,noise
credit,9086.71,ACCT1737518,BRANCH24,Nia Fischer,ACCT8248646,2025-12-28 04:16:54,noise
credit,9373.18,ACCT1874716,BRANCH24,Nia Fischer,ACCT8248646,2025-12-17 06:08:41,noise
credit,9580.82,ACCT4073101,BRANCH24,Nia Fischer,ACCT8248646,2025-11-25 19:30:37,noise
credit,8956.97,ACCT2075659,BRANCH24,Nia Fischer,ACCT8248646,2025-11-26 10:28:18,noise
credit,8816.12,ACCT2621786,BRANCH24,Nia Fischer,ACCT8248646,2025-12-17 07:19:13,noise
credit,9285.28,ACCT1786794,BRANCH24,Nia Fischer,ACCT8248646,2025-11-24 06:14:49,noise
credit,8926.78,ACCT9787006,BRANCH24,Nia Fischer,ACCT8248646,2025-12-02 20:28:53,noise
credit,9144.04,ACCT5579418,BRANCH24,Nia Fischer,ACCT8248646,2025-12-26 09:23:42,noise
debit,512.34,,BRANCH83,Sara Alvarez,ACCT2621786,2025-09-29 18:43:09,noise
debit,1073.67,,BRANCH83,Sara Alvarez,ACCT2621786,2025-09-29 15:45:51,noise
debit,3000.0,ACCT1402331,BRANCH38,Sara Alvarez,ACCT2621786,2025-09-27 13:36:19,noise
credit,498.41,,BRANCH83,Sara Alvarez,ACCT2621786,2025-09-27 03:23:11,noise
debit,982.93,ACCT3273218,BRANCH76,Sara Alvarez,ACCT2621786,2025-09-25 21:24:38,noise
debit,564.72,,BRANCH68,Sara Alvarez,ACCT2621786,2025-09-24 14:34:36,noise
debit,1095.14,,BRANCH18,Sara Alvarez,ACCT2621786,2025-09-23 20:20:46,noise
debit,247.5,ACCT2089830,BRANCH83,Sara Alvarez,ACCT2621786,2025-09-19 10:38:30,noise
debit,610.64,,BRANCH83,Sara Alvarez,ACCT2621786,2025-09-18 10:02:47,noise
debit,933.14,,BRANCH18,Sara Alvarez,ACCT2621786,2025-09-16 15:22:37,noise
debit,971.05,ACCT1688404,BRANCH83,Sara Alvarez,ACCT2621786,2025-09-15 09:09:23,noise
debit,1022.29,ACCT2998648,BRANCH75,Sara Alvarez,ACCT2621786,2025-09-15 09:14:35,noise
credit,140.53,ACCT1122706,BRANCH83,Sara Alvarez,ACCT2621786,2025-09-13 08:17:52,noise
debit,124.09,ACCT4461867,BRANCH35,Sara Alvarez,ACCT2621786,2025-09-11 18:34:19,noise
debit,329.05,,BRANCH23,Sara Alvarez,ACCT2621786,2025-09-10 13:00:17,noise
debit,510.01,,BRANCH83,Sara Alvarez,ACCT2621786,2025-09-09 23:37:04,noise
debit,818.74,,BRANCH83,Sara Alvarez,ACCT2621786,2025-09-07 19:13:24,noise
debit,1163.24,ACCT4461867,BRANCH22,Sara Alvarez,ACCT2621786,2025-09-07 08:33:53,noise
credit,936.66,,BRANCH83,Sara Alvarez,ACCT2621786,2025-09-05 16:29:49,noise
debit,2305.59,,BRANCH67,Sara Alvarez,ACCT2621786,2025-09-05 12:39:18,noise
credit,136.47,,BRANCH83,Sara Alvarez,ACCT2621786,2025-08-28 16:43:33,noise
debit,1067.54,ACCT9787006,BRANCH83,Sara Alvarez,ACCT2621786,2025-08-26 13:41:08,noise
debit,221.81,ACCT6547115,BRANCH83,Sara Alvarez,ACCT2621786,2025-08-26 14:30:52,noise
credit,305.1,,BRANCH63,Sara Alvarez,ACCT2621786,2025-08-23 23:10:59,noise
credit,125.37,ACCT1402331,BRANCH83,Sara Alvarez,ACCT2621786,2025-08-22 13:14:18,noise
debit,595.62,,BRANCH83,Sara Alvarez,ACCT2621786,2025-08-22 09:15:40,noise
debit,1124.91,,BRANCH83,Sara Alvarez,ACCT2621786,2025-08-21 09:15:18,noise
credit,415.1,,BRANCH83,Sara Alvarez,ACCT2621786,2025-08-21 04:14:50,noise
debit,347.91,,BRANCH83,Sara Alvarez,ACCT2621786,2025-08-19 13:16:52,noise
debit,115.35,,BRANCH83,Sara Alvarez,ACCT2621786,2025-08-19 11:02:43,noise
credit,279.03,,BRANCH94,Sara Alvarez,ACCT2621786,2025-08-18 13:20:33,noise
credit,660.23,,BRANCH83,Sara Alvarez,ACCT2621786,2025-08-15 02:33:26,noise
credit,478.87,ACCT1913533,BRANCH83,Sara Alvarez,ACCT2621786,2025-08-13 11:40:25,noise
debit,370.01,,BRANCH83,Sara Alvarez,ACCT2621786,2025-08-09 17:35:16,noise
credit,808.73,,BRANCH83,Sara Alvarez,ACCT2621786,2025-08-05 08:08:08,noise
credit,765.7,,BRANCH36,Sara Alvarez,ACCT2621786,2025-08-05 23:26:17,noise
credit,1284.0,,BRANCH79,Wes Duarte,ACCT6352691,2025-09-26 16:23:16,noise
credit,540.31,,BRANCH79,Wes Duarte,ACCT6352691,2025-09-25 12:25:55,noise
credit,450.0,,BRANCH79,Wes Duarte,ACCT6352691,2025-09-24 13:00:42,noise
debit,2339.76,,BRANCH79,Wes Duarte,ACCT6352691,2025-09-24 10:27:59,noise
debit,3474.21,,BRANCH79,Wes Duarte,ACCT6352691,2025-09-23 16:39:03,noise
debit,202.59,,BRANCH79,Wes Duarte,ACCT6352691,2025-09-22 08:35:23,noise
debit,713.67,,BRANCH66,Wes Duarte,ACCT6352691,2025-09-15 18:42:58,noise
credit,1042.98,ACCT7257619,BRANCH79,Wes Duarte,ACCT6352691,2025-09-11 03:10:34,noise
credit,389.15,ACCT4303202,BRANCH79,Wes Duarte,ACCT6352691,2025-09-11 15:33:45,noise
credit,682.39,ACCT3116724,BRANCH65,Wes Duarte,ACCT6352691,2025-09-06 02:14:43,noise
credit,1062.23,,BRANCH79,Wes Duarte,ACCT6352691,2025-09-04 10:44:51,noise
debit,392.64,,BRANCH79,Wes Duarte,ACCT6352691,2025-09-04 18:21:15,noise
credit,1248.44,,BRANCH79,Wes Duarte,ACCT6352691,2025-09-01 12:18:50,noise
credit,4287.76,ACCT5257024,BRANCH79,Wes Duarte,ACCT6352691,2025-08-31 23:01:41,noise
credit,421.34,,BRANCH79,Wes Duarte,ACCT6352691,2025-08-30 21:35:17,noise
credit,724.8,,BRANCH79,Wes Duarte,ACCT6352691,2025-08-29 16:15:40,noise
credit,430.57,,BRANCH66,Wes Duarte,ACCT6352691,2025-08-29 13:39:12,noise
debit,284.66,ACCT9518841,BRANCH79,Wes Duarte,ACCT6352691,2025-08-28 11:25:45,noise
debit,737.53,ACCT5017009,BRANCH79,Wes Duarte,ACCT6352691,2025-08-28 16:28:12,noise
debit,3277.18,,BRANCH89,Wes Duarte,ACCT6352691,2025-08-27 16:26:16,noise
credit,350.6,,BRANCH84,Wes Duarte,ACCT6352691,2025-08-27 08:25:01,noise
debit,2580.54,,BRANCH79,Wes Duarte,ACCT6352691,2025-08-25 18:35:05,noise
credit,521.8,,BRANCH79,Wes Duarte,ACCT6352691,2025-08-24 09:02:27,noise
debit,1055.19,ACCT6696915,BRANCH79,Wes Duarte,ACCT6352691,2025-08-23 17:42:22,noise
debit,561.22,,BRANCH79,Wes Duarte,ACCT6352691,2025-08-22 17:33:49,noise
credit,212.67,,BRANCH53,Wes Duarte,ACCT6352691,2025-08-22 02:09:26,noise
debit,380.61,,BRANCH14,Wes Duarte,ACCT6352691,2025-08-21 15:39:42,noise
debit,1923.91,,BRANCH79,Wes Duarte,ACCT6352691,2025-08-19 09:31:16,noise
debit,2640.89,ACCT6246793,BRANCH79,Wes Duarte,ACCT6352691,2025-08-14 08:30:14,noise
debit,277.43,,BRANCH79,Wes Duarte,ACCT6352691,2025-08-13 22:22:39,noise
credit,1293.15,,BRANCH79,Wes Duarte,ACCT6352691,2025-08-10 19:26:16,noise
debit,541.44,ACCT3116724,BRANCH25,Wes Duarte,ACCT6352691,2025-08-08 22:06:34,noise
debit,309.56,ACCT3001768,BRANCH69,Wes Duarte,ACCT6352691,2025-08-08 12:36:36,noise
debit,1151.27,,BRANCH79,Wes Duarte,ACCT6352691,2025-08-06 12:19:15,noise
credit,260.63,,BRANCH49,Wes Duarte,ACCT6352691,2025-08-06 22:32:11,noise
credit,722.96,ACCT3163097,BRANCH79,Wes Duarte,ACCT6352691,2025-08-04 14:05:30,noise
debit,31434.08,ACCT7696485,BRANCH79,Wes Duarte,ACCT6352691,2025-12-01 17:24:51,noise
debit,26490.11,ACCT7696485,BRANCH79,Wes Duarte,ACCT6352691,2025-11-23 12:16:02,noise
debit,8126.34,ACCT7696485,BRANCH79,Wes Duarte,ACCT6352691,2025-12-24 23:43:54,noise
debit,30049.25,ACCT7696485,BRANCH79,Wes Duarte,ACCT6352691,2025-11-27 06:47:31,noise
debit,31075.71,ACCT7696485,BRANCH79,Wes Duarte,ACCT6352691,2025-11-23 19:24:04,noise
debit,37078.42,ACCT7696485,BRANCH79,Wes Duarte,ACCT6352691,2025-12-18 21:46:47,noise
debit,725.75,ACCT8248646,BRANCH93,Lena Quinn,ACCT1913533,2025-10-02 14:17:59,noise
credit,101.6,,BRANCH32,Lena Quinn,ACCT1913533,2025-09-30 12:10:35,noise
credit,367.43,,BRANCH66,Lena Quinn,ACCT1913533,2025-09-30 00:17:57,noise
credit,829.46,ACCT3053327,BRANCH36,Lena Quinn,ACCT1913533,2025-09-29 17:15:33,noise
credit,4251.41,ACCT8205473,BRANCH22,Lena Quinn,ACCT1913533,2025-09-29 11:08:32,noise
credit,646.4,,BRANCH56,Lena Quinn,ACCT1913533,2025-09-28 19:02:14,noise
debit,473.58,,BRANCH33,Lena Quinn,ACCT1913533,2025-09-26 19:37:47,noise
credit,1194.51,,BRANCH93,Lena Quinn,ACCT1913533,2025-09-26 09:13:00,noise
credit,764.45,,BRANCH93,Lena Quinn,ACCT1913533,2025-09-25 09:11:03,noise
credit,436.63,ACCT8033024,BRANCH27,Lena Quinn,ACCT1913533,2025-09-21 08:02:17,noise
debit,427.09,,BRANCH93,Lena Quinn,ACCT1913533,2025-09-21 13:19:57,noise
debit,1279.05,,BRANCH70,Lena Quinn,ACCT1913533,2025-09-20 23:20:34,noise
credit,2150.74,ACCT2998648,BRANCH93,Lena Quinn,ACCT1913533,2025-09-19 16:33:53,noise
debit,637.98,ACCT1874716,BRANCH28,Lena Quinn,ACCT1913533,2025-09-19 15:40:22,noise
credit,410.19,,BRANCH93,Lena Quinn,ACCT1913533,2025-09-18 13:35:06,noise
credit,418.58,ACCT2103254,BRANCH80,Lena Quinn,ACCT1913533,2025-09-18 18:08:47,noise
debit,993.66,ACCT3116724,BRANCH93,Lena Quinn,ACCT1913533,2025-09-16 08:05:25,noise
credit,1425.86,,BRANCH93,Lena Quinn,ACCT1913533,2025-09-12 10:36:51,noise
credit,3724.23,,BRANCH79,Lena Quinn,ACCT1913533,2025-09-12 10:22:15,noise
debit,423.72,,BRANCH93,Lena Quinn,ACCT1913533,2025-09-11 20:33:00,noise
credit,1889.85,ACCT3514300,BRANCH93,Lena Quinn,ACCT1913533,2025-09-10 16:07:11,noise
debit,659.24,ACCT1797772,BRANCH37,Lena Quinn,ACCT1913533,2025-09-10 08:44:27,noise
debit,302.94,ACCT7704172,BRANCH52,Lena Quinn,ACCT1913533,2025-09-09 01:26:03,noise
debit,1338.94,,BRANCH93,Lena Quinn,ACCT1913533,2025-09-08 11:34:51,noise
debit,640.69,,BRANCH16,Lena Quinn,ACCT1913533,2025-09-04 20:18:53,noise
credit,2905.07,ACCT2718137,BRANCH24,Lena Quinn,ACCT1913533,2025-09-03 18:05:28,noise
credit,809.78,,BRANCH64,Lena Quinn,ACCT1913533,2025-09-03 20:37:38,noise
credit,651.72,,BRANCH82,Lena Quinn,ACCT1913533,2025-09-02 09:22:23,noise
debit,595.05,,BRANCH93,Lena Quinn,ACCT1913533,2025-09-02 23:12:11,noise
debit,1055.67,,BRANCH93,Lena Quinn,ACCT1913533,2025-09-01 12:43:42,noise
debit,1117.79,ACCT7257619,BRANCH92,Lena Quinn,ACCT1913533,2025-08-31 17:44:41,noise
debit,734.26,ACCT7704172,BRANCH93,Lena Quinn,ACCT1913533,2025-08-29 18:24:31,noise
debit,570.9,,BRANCH93,Lena Quinn,ACCT1913533,2025-08-29 21:41:08,noise
credit,587.23,,BRANCH93,Lena Quinn,ACCT1913533,2025-08-28 08:14:57,noise
debit,3041.08,,BRANCH93,Lena Quinn,ACCT1913533,2025-08-27 20:36:07,noise
credit,1630.33,,BRANCH93,Lena Quinn,ACCT1913533,2025-08-26 00:30:21,noise
debit,325.92,,BRANCH56,Lena Quinn,ACCT1913533,2025-08-22 20:22:53,noise
debit,554.32,,BRANCH15,Lena Quinn,ACCT1913533,2025-08-22 09:30:58,noise
credit,1432.88,,BRANCH28,Lena Quinn,ACCT1913533,2025-08-17 10:45:49,noise
credit,869.1,,BRANCH93,Lena Quinn,ACCT1913533,2025-08-16 11:22:59,noise
debit,1044.03,,BRANCH93,Lena Quinn,ACCT1913533,2025-08-16 11:32:17,noise
credit,4076.63,ACCT4184981,BRANCH93,Lena Quinn,ACCT1913533,2025-08-15 09:45:33,noise
debit,3543.83,,BRANCH97,Lena Quinn,ACCT1913533,2025-08-14 13:06:34,noise
credit,821.76,,BRANCH93,Lena Quinn,ACCT1913533,2025-08-11 11:33:17,noise
credit,1184.6,,BRANCH46,Lena Quinn,ACCT1913533,2025-08-10 15:09:06,noise
debit,261.53,ACCT1797772,BRANCH93,Lena Quinn,ACCT1913533,2025-08-09 21:04:51,noise
credit,324.96,ACCT6279206,BRANCH24,Lena Quinn,ACCT1913533,2025-08-09 09:03:34,noise
credit,876.44,,BRANCH93,Lena Quinn,ACCT1913533,2025-08-06 03:21:49,noise
debit,39122.28,ACCT9044513,BRANCH93,Lena Quinn,ACCT1913533,2025-11-30 08:51:13,noise
debit,34557.05,ACCT9044513,BRANCH93,Lena Quinn,ACCT1913533,2025-12-05 21:35:08,noise
debit,6542.72,ACCT9044513,BRANCH93,Lena Quinn,ACCT1913533,2025-12-06 10:20:21,noise
debit,12867.73,ACCT9044513,BRANCH93,Lena Quinn,ACCT1913533,2025-12-18 06:34:00,noise
debit,6781.96,ACCT9044513,BRANCH93,Lena Quinn,ACCT1913533,2025-12-15 20:22:51,noise
debit,23564.2,ACCT9044513,BRANCH93,Lena Quinn,ACCT1913533,2025-12-12 15:37:17,noise
credit,691.03,,BRANCH33,Noah Kim,ACCT3512106,2025-10-03 10:23:36,noise
credit,971.84,,BRANCH33,Noah Kim,ACCT3512106,2025-10-01 12:30:10,noise
debit,202.32,ACCT4073101,BRANCH98,Noah Kim,ACCT3512106,2025-09-30 17:22:04,noise
debit,2677.13,,BRANCH33,Noah Kim,ACCT3512106,2025-09-29 00:28:39,noise
debit,361.54,ACCT7549473,BRANCH33,Noah Kim,ACCT3512106,2025-09-29 17:03:42,noise
credit,1267.1,ACCT1587032,BRANCH33,Noah Kim,ACCT3512106,2025-09-27 14:10:52,noise
debit,525.72,,BRANCH33,Noah Kim,ACCT3512106,2025-09-27 12:26:36,noise
credit,579.62,,BRANCH65,Noah Kim,ACCT3512106,2025-09-25 03:10:40,noise
debit,1657.54,,BRANCH33,Noah Kim,ACCT3512106,2025-09-24 15:41:40,noise
debit,3795.23,,BRANCH85,Noah Kim,ACCT3512106,2025-09-24 11:18:28,noise
credit,671.6,,BRANCH33,Noah Kim,ACCT3512106,2025-09-21 21:15:57,noise
debit,1438.07,,BRANCH33,Noah Kim,ACCT3512106,2025-09-21 14:31:06,noise
debit,332.42,,BRANCH33,Noah Kim,ACCT3512106,2025-09-19 08:44:00,noise
debit,546.16,,BRANCH33,Noah Kim,ACCT3512106,2025-09-16 12:01:44,noise
debit,1339.07,,BRANCH24,Noah Kim,ACCT3512106,2025-09-15 15:09:50,noise
debit,2096.89,,BRANCH70,Noah Kim,ACCT3512106,2025-09-14 18:02:28,noise
debit,334.51,,BRANCH33,Noah Kim,ACCT3512106,2025-09-12 10:32:50,noise
debit,214.6,,BRANCH75,Noah Kim,ACCT3512106,2025-09-09 03:02:35,noise
debit,223.51,,BRANCH33,Noah Kim,ACCT3512106,2025-09-08 15:07:11,noise
debit,182.26,ACCT5623429,BRANCH54,Noah Kim,ACCT3512106,2025-09-08 23:39:12,noise
credit,405.45,,BRANCH33,Noah Kim,ACCT3512106,2025-09-05 15:29:43,noise
credit,1847.27,,BRANCH12,Noah Kim,ACCT3512106,2025-09-04 19:00:12,noise
credit,433.43,,BRANCH33,Noah Kim,ACCT3512106,2025-08-31 14:40:47,noise
credit,982.34,,BRANCH44,Noah Kim,ACCT3512106,2025-08-29 09:42:30,noise
credit,557.28,,BRANCH33,Noah Kim,ACCT3512106,2025-08-28 12:17:12,noise
credit,128.47,,BRANCH33,Noah Kim,ACCT3512106,2025-08-28 19:28:31,noise
credit,1123.64,,BRANCH33,Noah Kim,ACCT3512106,2025-08-26 19:15:58,noise
credit,1840.17,,BRANCH33,Noah Kim,ACCT3512106,2025-08-21 18:33:55,noise
credit,304.5,ACCT2066085,BRANCH54,Noah Kim,ACCT3512106,2025-08-20 12:42:07,noise
debit,811.4,,BRANCH33,Noah Kim,ACCT3512106,2025-08-19 15:36:28,noise
credit,277.83,ACCT9556862,BRANCH71,Noah Kim,ACCT3512106,2025-08-18 18:17:03,noise
debit,373.97,,BRANCH33,Noah Kim,ACCT3512106,2025-08-14 17:04:21,noise
credit,4392.35,ACCT1797772,BRANCH27,Noah Kim,ACCT3512106,2025-08-14 10:11:56,noise
debit,428.34,,BRANCH17,Noah Kim,ACCT3512106,2025-08-12 14:41:48,noise
debit,486.01,,BRANCH33,Noah Kim,ACCT3512106,2025-08-11 12:10:38,noise
debit,283.32,,BRANCH33,Noah Kim,ACCT3512106,2025-08-07 14:45:20,noise
debit,88.56,,BRANCH73,Noah Kim,ACCT3512106,2025-08-07 18:25:00,noise
debit,1462.29,,BRANCH33,Noah Kim,ACCT3512106,2025-08-06 14:30:02,noise
debit,372.46,,BRANCH33,Noah Kim,ACCT3512106,2025-08-05 23:21:34,noise
debit,860.32,,BRANCH16,Elena Chen,ACCT7572650,2025-10-03 05:29:31,noise
credit,941.72,,BRANCH16,Elena Chen,ACCT7572650,2025-09-29 12:32:10,noise
credit,214.9,,BRANCH16,Elena Chen,ACCT7572650,2025-09-27 10:01:06,noise
debit,741.14,,BRANCH16,Elena Chen,ACCT7572650,2025-09-27 10:44:58,noise
credit,772.08,,BRANCH65,Elena Chen,ACCT7572650,2025-09-26 00:02:37,noise
credit,375.01,ACCT2075659,BRANCH81,Elena Chen,ACCT7572650,2025-09-24 16:12:39,noise
credit,712.77,,BRANCH97,Elena Chen,ACCT7572650,2025-09-24 20:30:18,noise
debit,418.0,,BRANCH51,Elena Chen,ACCT7572650,2025-09-23 11:37:32,noise
credit,1273.19,,BRANCH16,Elena Chen,ACCT7572650,2025-09-22 16:37:33,noise
debit,807.14,ACCT1402331,BRANCH16,Elena Chen,ACCT7572650,2025-09-22 23:39:41,noise
credit,2516.68,ACCT2103254,BRANCH16,Elena Chen,ACCT7572650,2025-09-18 11:36:40,noise
credit,415.64,,BRANCH16,Elena Chen,ACCT7572650,2025-09-16 10:38:39,noise
credit,254.88,,BRANCH61,Elena Chen,ACCT7572650,2025-09-13 05:15:27,noise
credit,459.43,,BRANCH16,Elena Chen,ACCT7572650,2025-09-12 18:17:08,noise
credit,366.09,,BRANCH70,Elena Chen,ACCT7572650,2025-09-12 12:12:21,noise
debit,1234.78,,BRANCH16,Elena Chen,ACCT7572650,2025-09-09 13:34:01,noise
credit,1907.06,ACCT6246793,BRANCH16,Elena Chen,ACCT7572650,2025-09-09 12:43:21,noise
credit,1541.37,,BRANCH16,Elena Chen,ACCT7572650,2025-09-04 14:41:03,noise
debit,2986.51,ACCT2415489,BRANCH94,Elena Chen,ACCT7572650,2025-09-04 13:13:25,noise
debit,364.13,,BRANCH16,Elena Chen,ACCT7572650,2025-09-03 08:25:50,noise
credit,170.38,ACCT8289537,BRANCH16,Elena Chen,ACCT7572650,2025-08-30 20:43:10,noise
credit,4491.63,ACCT5985265,BRANCH16,Elena Chen,ACCT7572650,2025-08-30 09:10:31,noise
credit,1234.34,,BRANCH16,Elena Chen,ACCT7572650,2025-08-29 21:45:54,noise
credit,4482.37,,BRANCH92,Elena Chen,ACCT7572650,2025-08-29 11:40:00,noise
debit,229.29,,BRANCH16,Elena Chen,ACCT7572650,2025-08-27 22:29:42,noise
debit,740.88,ACCT6722652,BRANCH16,Elena Chen,ACCT7572650,2025-08-24 20:24:50,noise
debit,1034.06,,BRANCH16,Elena Chen,ACCT7572650,2025-08-24 20:32:21,noise
credit,762.18,,BRANCH16,Elena Chen,ACCT7572650,2025-08-23 20:07:13,noise
credit,476.95,,BRANCH16,Elena Chen,ACCT7572650,2025-08-22 13:42:28,noise
debit,572.23,,BRANCH16,Elena Chen,ACCT7572650,2025-08-22 23:01:44,noise
credit,1305.58,ACCT5985265,BRANCH16,Elena Chen,ACCT7572650,2025-08-21 14:29:57,noise
credit,662.66,,BRANCH16,Elena Chen,ACCT7572650,2025-08-20 04:09:14,noise
debit,546.44,ACCT2103254,BRANCH16,Elena Chen,ACCT7572650,2025-08-18 17:23:25,noise
credit,353.22,,BRANCH16,Elena Chen,ACCT7572650,2025-08-18 10:27:29,noise
credit,277.65,,BRANCH16,Elena Chen,ACCT7572650,2025-08-17 09:40:06,noise
credit,195.24,,BRANCH16,Elena Chen,ACCT7572650,2025-08-14 20:13:27,noise
credit,772.55,,BRANCH58,Elena Chen,ACCT7572650,2025-08-05 17:28:48,noise
debit,17657.86,ACCT5346256,BRANCH16,Elena Chen,ACCT7572650,2025-12-27 17:45:40,noise
debit,5979.71,ACCT5346256,BRANCH16,Elena Chen,ACCT7572650,2025-12-07 13:45:19,noise
debit,31214.49,ACCT5346256,BRANCH16,Elena Chen,ACCT7572650,2025-12-29 05:36:34,noise
debit,21069.33,ACCT5346256,BRANCH16,Elena Chen,ACCT7572650,2025-12-02 01:46:45,noise
debit,39638.84,ACCT5346256,BRANCH16,Elena Chen,ACCT7572650,2025-12-15 10:30:02,noise
debit,30341.18,ACCT5346256,BRANCH16,Elena Chen,ACCT7572650,2025-12-21 00:27:23,noise
credit,740.99,,BRANCH96,Yara Brooks,ACCT9006815,2025-10-03 12:24:00,noise
debit,513.76,,BRANCH95,Yara Brooks,ACCT9006815,2025-10-03 10:33:06,noise
debit,788.39,,BRANCH96,Yara Brooks,ACCT9006815,2025-10-01 22:44:26,noise
credit,275.89,,BRANCH96,Yara Brooks,ACCT9006815,2025-09-30 11:22:10,noise
debit,1743.83,ACCT3512106,BRANCH81,Yara Brooks,ACCT9006815,2025-09-29 14:00:08,noise
credit,578.42,,BRANCH70,Yara Brooks,ACCT9006815,2025-09-27 18:36:13,noise
debit,996.59,,BRANCH96,Yara Brooks,ACCT9006815,2025-09-27 19:04:08,noise
debit,79.9,,BRANCH96,Yara Brooks,ACCT9006815,2025-09-26 18:02:59,noise
credit,466.89,,BRANCH96,Yara Brooks,ACCT9006815,2025-09-26 09:12:56,noise
debit,571.59,,BRANCH96,Yara Brooks,ACCT9006815,2025-09-23 21:02:02,noise
debit,795.07,,BRANCH92,Yara Brooks,ACCT9006815,2025-09-19 08:04:02,noise
debit,2264.46,,BRANCH96,Yara Brooks,ACCT9006815,2025-09-19 16:08:06,noise
debit,972.99,,BRANCH96,Yara Brooks,ACCT9006815,2025-09-17 21:04:09,noise
debit,1466.52,,BRANCH96,Yara Brooks,ACCT9006815,2025-09-17 16:26:04,noise
debit,861.13,,BRANCH96,Yara Brooks,ACCT9006815,2025-09-16 15:24:31,noise
debit,193.74,,BRANCH96,Yara Brooks,ACCT9006815,2025-09-16 14:24:29,noise
debit,183.29,ACCT9748886,BRANCH96,Yara Brooks,ACCT9006815,2025-09-15 21:08:32,noise
debit,219.19,,BRANCH96,Yara Brooks,ACCT9006815,2025-09-15 17:19:39,noise
credit,540.71,ACCT9038573,BRANCH83,Yara Brooks,ACCT9006815,2025-09-14 18:17:48,noise
debit,146.14,,BRANCH13,Yara Brooks,ACCT9006815,2025-09-14 10:33:22,noise
debit,1192.68,,BRANCH96,Yara Brooks,ACCT9006815,2025-09-13 20:32:01,noise
debit,3000.0,ACCT4427182,BRANCH96,Yara Brooks,ACCT9006815,2025-09-12 15:09:26,noise
debit,1432.09,,BRANCH96,Yara Brooks,ACCT9006815,2025-09-12 11:33:29,noise
credit,935.62,ACCT2621786,BRANCH96,Yara Brooks,ACCT9006815,2025-09-07 14:20:45,noise
debit,995.72,ACCT1278957,BRANCH96,Yara Brooks,ACCT9006815,2025-09-07 02:39:18,noise
debit,179.76,,BRANCH96,Yara Brooks,ACCT9006815,2025-09-02 15:27:53,noise
debit,700.82,,BRANCH96,Yara Brooks,ACCT9006815,2025-08-31 20:30:46,noise
credit,44.19,,BRANCH12,Yara Brooks,ACCT9006815,2025-08-31 14:40:11,noise
credit,433.71,,BRANCH96,Yara Brooks,ACCT9006815,2025-08-28 14:12:54,noise
debit,159.65,ACCT6503586,BRANCH57,Yara Brooks,ACCT9006815,2025-08-27 11:38:16,noise
credit,1432.83,,BRANCH96,Yara Brooks,ACCT9006815,2025-08-27 19:23:19,noise
credit,194.29,,BRANCH17,Yara Brooks,ACCT9006815,2025-08-26 19:05:36,noise
debit,1245.92,ACCT1618870,BRANCH96,Yara Brooks,ACCT9006815,2025-08-26 14:11:42,noise
credit,1631.6,,BRANCH94,Yara Brooks,ACCT9006815,2025-08-21 08:06:02,noise
credit,454.39,,BRANCH96,Yara Brooks,ACCT9006815,2025-08-19 18:07:50,noise
debit,406.81,,BRANCH96,Yara Brooks,ACCT9006815,2025-08-19 16:17:12,noise
credit,472.4,,BRANCH96,Yara Brooks,ACCT9006815,2025-08-18 15:18:31,noise
debit,56.45,,BRANCH96,Yara Brooks,ACCT9006815,2025-08-18 10:10:23,noise
debit,1047.02,,BRANCH43,Yara Brooks,ACCT9006815,2025-08-15 10:38:26,noise
credit,628.59,,BRANCH96,Yara Brooks,ACCT9006815,2025-08-13 17:30:43,noise
credit,348.57,ACCT8238901,BRANCH30,Yara Brooks,ACCT9006815,2025-08-08 18:00:13,noise
credit,2318.69,,BRANCH70,Yara Brooks,ACCT9006815,2025-08-07 19:27:07,noise
debit,456.61,ACCT2205027,BRANCH80,Yara Brooks,ACCT9006815,2025-08-06 16:21:33,noise
credit,962.17,ACCT1606377,BRANCH46,Yara Brooks,ACCT9006815,2025-08-05 21:28:46,noise
credit,729.26,,BRANCH96,Yara Brooks,ACCT9006815,2025-08-05 14:26:41,noise
debit,612.76,,BRANCH96,Yara Brooks,ACCT9006815,2025-08-04 15:13:35,noise
credit,8831.02,ACCT3512106,BRANCH96,Yara Brooks,ACCT9006815,2025-12-28 08:02:42,noise
credit,9141.56,ACCT5257024,BRANCH96,Yara Brooks,ACCT9006815,2025-12-24 20:17:09,noise
credit,9228.79,ACCT1618870,BRANCH96,Yara Brooks,ACCT9006815,2025-12-01 22:16:22,noise
credit,9668.93,ACCT6547115,BRANCH96,Yara Brooks,ACCT9006815,2025-11-20 12:06:56,noise
credit,9234.49,ACCT9518841,BRANCH96,Yara Brooks,ACCT9006815,2025-11-22 19:23:12,noise
credit,9346.6,ACCT3237994,BRANCH96,Yara Brooks,ACCT9006815,2025-12-15 01:17:09,noise
credit,9073.97,ACCT4073101,BRANCH96,Yara Brooks,ACCT9006815,2025-12-21 02:04:23,noise
credit,9139.86,ACCT5378984,BRANCH96,Yara Brooks,ACCT9006815,2025-11-19 00:14:14,noise
credit,8983.33,ACCT2621786,BRANCH96,Yara Brooks,ACCT9006815,2025-12-09 09:01:59,noise
credit,8962.88,ACCT7572650,BRANCH96,Yara Brooks,ACCT9006815,2025-11-26 07:25:57,noise
credit,9145.92,ACCT2777204,BRANCH96,Yara Brooks,ACCT9006815,2025-12-25 04:10:14,noise
credit,9575.92,ACCT2621786,BRANCH96,Yara Brooks,ACCT9006815,2025-12-09 07:18:13,noise
credit,9200.05,ACCT8033024,BRANCH96,Yara Brooks,ACCT9006815,2025-12-30 22:20:13,noise
credit,9526.88,ACCT1278957,BRANCH96,Yara Brooks,ACCT9006815,2025-12-17 00:24:38,noise
credit,8861.16,ACCT8033024,BRANCH96,Yara Brooks,ACCT9006815,2025-12-24 06:17:14,noise
debit,153.43,,BRANCH52,Jin Meyer,ACCT4427182,2025-10-02 19:29:48,noise
debit,505.39,ACCT6503586,BRANCH52,Jin Meyer,ACCT4427182,2025-10-01 10:11:28,noise
credit,491.01,,BRANCH99,Jin Meyer,ACCT4427182,2025-10-01 22:40:38,noise
credit,291.31,ACCT6174570,BRANCH52,Jin Meyer,ACCT4427182,2025-09-30 20:13:22,noise
credit,1164.7,ACCT4461867,BRANCH52,Jin Meyer,ACCT4427182,2025-09-29 14:33:01,noise
credit,1549.04,ACCT8289537,BRANCH68,Jin Meyer,ACCT4427182,2025-09-29 10:05:01,noise
credit,1857.68,,BRANCH13,Jin Meyer,ACCT4427182,2025-09-28 08:39:13,noise
debit,905.41,,BRANCH52,Jin Meyer,ACCT4427182,2025-09-26 10:23:11,noise
debit,1746.91,ACCT9787006,BRANCH52,Jin Meyer,ACCT4427182,2025-09-25 15:11:29,noise
credit,1206.45,,BRANCH52,Jin Meyer,ACCT4427182,2025-09-23 16:30:15,noise
credit,257.33,ACCT9518841,BRANCH10,Jin Meyer,ACCT4427182,2025-09-23 11:03:10,noise
debit,1281.43,,BRANCH52,Jin Meyer,ACCT4427182,2025-09-22 13:45:11,noise
debit,441.8,,BRANCH60,Jin Meyer,ACCT4427182,2025-09-17 08:22:50,noise
debit,414.49,,BRANCH76,Jin Meyer,ACCT4427182,2025-09-15 13:34:01,noise
debit,3519.16,,BRANCH52,Jin Meyer,ACCT4427182,2025-09-15 20:36:11,noise
credit,314.89,,BRANCH52,Jin Meyer,ACCT4427182,2025-09-14 12:29:38,noise
debit,6583.03,,BRANCH52,Jin Meyer,ACCT4427182,2025-09-10 11:40:59,noise
debit,830.28,,BRANCH34,Jin Meyer,ACCT4427182,2025-09-10 17:34:46,noise
debit,3000.0,ACCT4303202,BRANCH52,Jin Meyer,ACCT4427182,2025-09-09 12:26:44,noise
credit,415.58,,BRANCH52,Jin Meyer,ACCT4427182,2025-09-09 20:38:59,noise
debit,425.46,ACCT4934596,BRANCH52,Jin Meyer,ACCT4427182,2025-09-08 22:41:56,noise
debit,756.77,,BRANCH52,Jin Meyer,ACCT4427182,2025-09-07 22:40:21,noise
credit,1103.2,,BRANCH19,Jin Meyer,ACCT4427182,2025-09-03 05:22:11,noise
credit,1297.51,,BRANCH52,Jin Meyer,ACCT4427182,2025-09-02 19:07:52,noise
debit,174.77,,BRANCH52,Jin Meyer,ACCT4427182,2025-08-28 20:07:37,noise
debit,1221.97,,BRANCH52,Jin Meyer,ACCT4427182,2025-08-28 19:03:54,noise
credit,2423.68,ACCT6589702,BRANCH41,Jin Meyer,ACCT4427182,2025-08-24 16:14:12,noise
debit,712.44,ACCT2592957,BRANCH52,Jin Meyer,ACCT4427182,2025-08-23 16:16:22,noise
credit,316.41,,BRANCH52,Jin Meyer,ACCT4427182,2025-08-21 14:09:45,noise
credit,1148.13,,BRANCH52,Jin Meyer,ACCT4427182,2025-08-21 10:28:40,noise
debit,790.16,ACCT9787006,BRANCH52,Jin Meyer,ACCT4427182,2025-08-18 08:02:47,noise
debit,367.97,,BRANCH52,Jin Meyer,ACCT4427182,2025-08-15 15:11:48,noise
debit,489.71,,BRANCH52,Jin Meyer,ACCT4427182,2025-08-15 17:25:34,noise
debit,2943.79,,BRANCH52,Jin Meyer,ACCT4427182,2025-08-13 08:11:56,noise
debit,368.21,,BRANCH52,Jin Meyer,ACCT4427182,2025-08-12 16:26:43,noise
credit,224.23,,BRANCH52,Jin Meyer,ACCT4427182,2025-08-09 17:02:55,noise
credit,106.99,,BRANCH52,Jin Meyer,ACCT4427182,2025-08-09 09:35:22,noise
credit,258.72,ACCT1788720,BRANCH52,Jin Meyer,ACCT4427182,2025-08-08 18:44:51,noise
debit,579.11,,BRANCH52,Jin Meyer,ACCT4427182,2025-08-08 09:09:16,noise
debit,1917.74,ACCT4765824,BRANCH61,Jin Meyer,ACCT4427182,2025-08-06 10:25:18,noise
debit,631.52,ACCT6352691,BRANCH52,Jin Meyer,ACCT4427182,2025-08-05 10:24:21,noise
debit,61.25,,BRANCH90,Ben Wei,ACCT6174570,2025-09-30 10:16:04,noise
debit,642.77,,BRANCH90,Ben Wei,ACCT6174570,2025-09-30 09:30:17,noise
credit,1314.6,,BRANCH90,Ben Wei,ACCT6174570,2025-09-26 17:03:54,noise
debit,798.37,,BRANCH90,Ben Wei,ACCT6174570,2025-09-26 15:32:11,noise
credit,1088.06,,BRANCH90,Ben Wei,ACCT6174570,2025-09-23 19:33:25,noise
debit,440.31,,BRANCH90,Ben Wei,ACCT6174570,2025-09-22 01:45:16,noise
debit,159.7,,BRANCH98,Ben Wei,ACCT6174570,2025-09-21 18:43:11,noise
credit,1251.35,,BRANCH90,Ben Wei,ACCT6174570,2025-09-19 20:12:48,noise
credit,559.03,,BRANCH90,Ben Wei,ACCT6174570,2025-09-19 16:27:27,noise
credit,674.57,,BRANCH90,Ben Wei,ACCT6174570,2025-09-18 12:38:51,noise
debit,2095.75,,BRANCH90,Ben Wei,ACCT6174570,2025-09-11 21:43:39,noise
debit,1060.87,,BRANCH90,Ben Wei,ACCT6174570,2025-09-11 18:23:42,noise
credit,498.6,,BRANCH90,Ben Wei,ACCT6174570,2025-09-08 09:19:56,noise
debit,106.39,ACCT7549473,BRANCH90,Ben Wei,ACCT6174570,2025-09-04 05:37:58,noise
credit,1479.77,,BRANCH42,Ben Wei,ACCT6174570,2025-09-02 18:43:08,noise
debit,217.32,ACCT1874716,BRANCH23,Ben Wei,ACCT6174570,2025-08-30 19:35:34,noise
debit,3918.14,,BRANCH36,Ben Wei,ACCT6174570,2025-08-26 12:08:53,noise
debit,478.33,,BRANCH90,Ben Wei,ACCT6174570,2025-08-26 20:38:59,noise
credit,228.52,ACCT1606377,BRANCH90,Ben Wei,ACCT6174570,2025-08-23 02:43:25,noise
debit,512.67,,BRANCH90,Ben Wei,ACCT6174570,2025-08-23 08:37:46,noise
debit,808.27,ACCT9044513,BRANCH93,Ben Wei,ACCT6174570,2025-08-21 15:09:41,noise
credit,1034.05,,BRANCH13,Ben Wei,ACCT6174570,2025-08-19 08:22:15,noise
credit,719.89,,BRANCH10,Ben Wei,ACCT6174570,2025-08-18 08:01:43,noise
credit,382.14,,BRANCH90,Ben Wei,ACCT6174570,2025-08-16 15:31:09,noise
debit,3996.3,,BRANCH90,Ben Wei,ACCT6174570,2025-08-14 08:33:47,noise
credit,233.92,,BRANCH90,Ben Wei,ACCT6174570,2025-08-12 22:12:28,noise
credit,215.33,,BRANCH90,Ben Wei,ACCT6174570,2025-08-06 08:20:07,noise
credit,677.23,,BRANCH90,Ben Wei,ACCT6174570,2025-08-04 08:14:34,noise
debit,470.18,,BRANCH90,Ben Wei,ACCT6174570,2025-08-04 14:00:39,noise
credit,232.66,,BRANCH56,Lena Gomes,ACCT7006438,2025-10-02 01:16:03,noise
credit,40.27,ACCT3053327,BRANCH42,Lena Gomes,ACCT7006438,2025-09-29 12:26:16,noise
credit,254.05,ACCT6547115,BRANCH15,Lena Gomes,ACCT7006438,2025-09-29 15:14:16,noise
credit,901.6,ACCT4303202,BRANCH42,Lena Gomes,ACCT7006438,2025-09-28 13:38:11,noise
credit,597.02,,BRANCH82,Lena Gomes,ACCT7006438,2025-09-28 09:38:30,noise
debit,583.48,,BRANCH42,Lena Gomes,ACCT7006438,2025-09-27 18:18:18,noise
debit,1433.42,,BRANCH25,Lena Gomes,ACCT7006438,2025-09-26 11:26:11,noise
debit,154.01,,BRANCH42,Lena Gomes,ACCT7006438,2025-09-26 15:18:24,noise
credit,1907.78,,BRANCH42,Lena Gomes,ACCT7006438,2025-09-25 21:26:21,noise
debit,1245.86,,BRANCH42,Lena Gomes,ACCT7006438,2025-09-22 14:35:38,noise
credit,418.46,ACCT4073101,BRANCH13,Lena Gomes,ACCT7006438,2025-09-22 19:38:39,noise
debit,307.51,,BRANCH42,Lena Gomes,ACCT7006438,2025-09-21 15:02:48,noise
debit,722.68,,BRANCH47,Lena Gomes,ACCT7006438,2025-09-20 11:35:13,noise
debit,220.09,,BRANCH42,Lena Gomes,ACCT7006438,2025-09-19 08:10:57,noise
credit,555.28,,BRANCH42,Lena Gomes,ACCT7006438,2025-09-18 12:43:19,noise
credit,6452.28,,BRANCH42,Lena Gomes,ACCT7006438,2025-09-17 09:11:32,noise
debit,909.17,,BRANCH42,Lena Gomes,ACCT7006438,2025-09-16 17:03:36,noise
debit,233.95,,BRANCH42,Lena Gomes,ACCT7006438,2025-09-16 05:44:12,noise
debit,622.58,,BRANCH42,Lena Gomes,ACCT7006438,2025-09-12 19:27:14,noise
debit,342.2,ACCT3736291,BRANCH42,Lena Gomes,ACCT7006438,2025-09-11 20:33:59,noise
debit,416.27,,BRANCH42,Lena Gomes,ACCT7006438,2025-09-10 18:18:38,noise
debit,93.81,ACCT2621786,BRANCH43,Lena Gomes,ACCT7006438,2025-09-10 20:01:08,noise
debit,468.95,,BRANCH42,Lena Gomes,ACCT7006438,2025-09-09 11:12:05,noise
credit,399.62,,BRANCH71,Lena Gomes,ACCT7006438,2025-09-09 23:08:36,noise
credit,673.06,,BRANCH42,Lena Gomes,ACCT7006438,2025-09-08 11:31:24,noise
credit,1537.28,,BRANCH72,Lena Gomes,ACCT7006438,2025-09-08 12:12:10,noise
credit,894.67,,BRANCH68,Lena Gomes,ACCT7006438,2025-09-07 17:19:27,noise
credit,216.79,ACCT1587032,BRANCH42,Lena Gomes,ACCT7006438,2025-09-04 13:02:37,noise
debit,364.99,,BRANCH42,Lena Gomes,ACCT7006438,2025-09-02 16:43:14,noise
debit,1280.87,ACCT1122706,BRANCH42,Lena Gomes,ACCT7006438,2025-09-01 11:41:46,noise
debit,3438.92,,BRANCH49,Lena Gomes,ACCT7006438,2025-08-31 10:31:11,noise
debit,377.09,,BRANCH42,Lena Gomes,ACCT7006438,2025-08-31 02:15:32,noise
debit,126.67,,BRANCH42,Lena Gomes,ACCT7006438,2025-08-28 10:00:42,noise
debit,3000.0,ACCT2295850,BRANCH42,Lena Gomes,ACCT7006438,2025-08-28 20:19:52,noise
debit,204.9,,BRANCH29,Lena Gomes,ACCT7006438,2025-08-26 17:40:31,noise
credit,435.33,ACCT5623429,BRANCH42,Lena Gomes,ACCT7006438,2025-08-25 15:37:15,noise
debit,292.37,,BRANCH42,Lena Gomes,ACCT7006438,2025-08-25 10:33:15,noise
credit,861.54,,BRANCH63,Lena Gomes,ACCT7006438,2025-08-22 20:36:47,noise
debit,437.47,,BRANCH42,Lena Gomes,ACCT7006438,2025-08-16 10:44:10,noise
debit,1168.54,ACCT8688797,BRANCH59,Lena Gomes,ACCT7006438,2025-08-16 17:18:29,noise
debit,2988.07,ACCT8205473,BRANCH42,Lena Gomes,ACCT7006438,2025-08-14 11:03:02,noise
credit,411.44,,BRANCH42,Lena Gomes,ACCT7006438,2025-08-14 01:00:48,noise
debit,1312.89,,BRANCH42,Lena Gomes,ACCT7006438,2025-08-09 19:33:26,noise
debit,1449.86,ACCT3512106,BRANCH56,Lena Gomes,ACCT7006438,2025-08-09 10:28:45,noise
credit,2098.17,,BRANCH42,Lena Gomes,ACCT7006438,2025-08-05 15:38:05,noise
credit,585.24,,BRANCH58,Tomas Gomes,ACCT8285288,2025-10-02 13:07:02,noise
debit,2158.33,,BRANCH58,Tomas Gomes,ACCT8285288,2025-09-30 08:02:03,noise
debit,403.03,ACCT3273218,BRANCH58,Tomas Gomes,ACCT8285288,2025-09-28 13:00:58,noise
debit,219.54,,BRANCH58,Tomas Gomes,ACCT8285288,2025-09-28 15:19:56,noise
credit,636.17,,BRANCH40,Tomas Gomes,ACCT8285288,2025-09-19 17:14:28,noise
credit,434.23,ACCT1122706,BRANCH58,Tomas Gomes,ACCT8285288,2025-09-19 11:45:25,noise
debit,527.21,,BRANCH58,Tomas Gomes,ACCT8285288,2025-09-15 10:33:59,noise
credit,965.21,,BRANCH58,Tomas Gomes,ACCT8285288,2025-09-13 09:16:06,noise
credit,487.68,,BRANCH58,Tomas Gomes,ACCT8285288,2025-09-13 19:38:43,noise
credit,4235.9,ACCT2066085,BRANCH29,Tomas Gomes,ACCT8285288,2025-09-12 18:04:51,noise
debit,1097.12,ACCT6709081,BRANCH58,Tomas Gomes,ACCT8285288,2025-09-12 17:15:53,noise
debit,1894.29,,BRANCH58,Tomas Gomes,ACCT8285288,2025-09-11 20:00:38,noise
debit,109.77,,BRANCH58,Tomas Gomes,ACCT8285288,2025-09-09 08:23:46,noise
credit,1946.64,ACCT1278957,BRANCH58,Tomas Gomes,ACCT8285288,2025-09-07 09:17:24,noise
debit,1054.21,,BRANCH98,Tomas Gomes,ACCT8285288,2025-09-06 09:10:52,noise
debit,1269.4,,BRANCH58,Tomas Gomes,ACCT8285288,2025-09-06 10:36:16,noise
debit,456.17,ACCT7549473,BRANCH58,Tomas Gomes,ACCT8285288,2025-09-05 14:27:45,noise
credit,971.0,ACCT4461867,BRANCH49,Tomas Gomes,ACCT8285288,2025-09-03 19:41:37,noise
credit,397.62,,BRANCH58,Tomas Gomes,ACCT8285288,2025-08-28 20:18:07,noise
credit,237.6,ACCT9518841,BRANCH58,Tomas Gomes,ACCT8285288,2025-08-26 20:10:56,noise
debit,2517.17,,BRANCH58,Tomas Gomes,ACCT8285288,2025-08-25 17:00:27,noise
credit,4379.97,ACCT4584232,BRANCH58,Tomas Gomes,ACCT8285288,2025-08-25 19:20:40,noise
debit,1615.77,,BRANCH58,Tomas Gomes,ACCT8285288,2025-08-23 17:37:31,noise
credit,1519.7,,BRANCH58,Tomas Gomes,ACCT8285288,2025-08-23 14:27:22,noise
debit,733.44,,BRANCH58,Tomas Gomes,ACCT8285288,2025-08-20 15:09:08,noise
debit,1084.61,,BRANCH58,Tomas Gomes,ACCT8285288,2025-08-16 20:31:40,noise
debit,366.99,,BRANCH58,Tomas Gomes,ACCT8285288,2025-08-16 17:02:41,noise
debit,1298.08,ACCT2415489,BRANCH28,Tomas Gomes,ACCT8285288,2025-08-15 11:31:07,noise
credit,306.04,,BRANCH58,Tomas Gomes,ACCT8285288,2025-08-11 11:18:08,noise
debit,2548.24,,BRANCH42,Tomas Gomes,ACCT8285288,2025-08-10 12:18:37,noise
credit,1130.04,,BRANCH25,Tomas Gomes,ACCT8285288,2025-08-09 16:01:04,noise
credit,394.21,,BRANCH66,Tomas Gomes,ACCT8285288,2025-08-08 11:45:37,noise
credit,511.23,,BRANCH58,Tomas Gomes,ACCT8285288,2025-08-06 21:07:00,noise
debit,1900.27,,BRANCH58,Tomas Gomes,ACCT8285288,2025-08-04 00:37:38,noise
credit,550.37,ACCT1278957,BRANCH58,Tomas Gomes,ACCT8285288,2025-08-04 20:31:57,noise
credit,257.7,,BRANCH77,Noah Patida,ACCT2998648,2025-10-03 17:08:38,noise
credit,231.09,,BRANCH77,Noah Patida,ACCT2998648,2025-10-03 19:10:20,noise
credit,494.54,,BRANCH75,Noah Patida,ACCT2998648,2025-10-02 14:14:56,noise
credit,662.0,,BRANCH77,Noah Patida,ACCT2998648,2025-10-02 10:06:09,noise
debit,339.61,ACCT5474265,BRANCH77,Noah Patida,ACCT2998648,2025-10-01 20:43:29,noise
debit,297.38,,BRANCH77,Noah Patida,ACCT2998648,2025-09-30 20:29:31,noise
debit,1438.82,ACCT6091368,BRANCH77,Noah Patida,ACCT2998648,2025-09-29 20:30:26,noise
debit,568.62,,BRANCH77,Noah Patida,ACCT2998648,2025-09-28 20:38:13,noise
debit,581.39,ACCT6696915,BRANCH77,Noah Patida,ACCT2998648,2025-09-28 20:07:11,noise
credit,285.57,,BRANCH77,Noah Patida,ACCT2998648,2025-09-22 17:15:42,noise
debit,180.12,,BRANCH78,Noah Patida,ACCT2998648,2025-09-19 08:44:57,noise
debit,2965.89,,BRANCH77,Noah Patida,ACCT2998648,2025-09-17 21:37:50,noise
debit,289.4,,BRANCH67,Noah Patida,ACCT2998648,2025-09-15 13:04:47,noise
credit,368.36,,BRANCH99,Noah Patida,ACCT2998648,2025-09-15 10:01:55,noise
debit,861.67,ACCT1797772,BRANCH77,Noah Patida,ACCT2998648,2025-09-13 08:05:28,noise
debit,1111.21,,BRANCH51,Noah Patida,ACCT2998648,2025-09-12 22:11:43,noise
debit,184.11,ACCT5017009,BRANCH46,Noah Patida,ACCT2998648,2025-09-10 09:43:00,noise
credit,504.25,ACCT3512106,BRANCH77,Noah Patida,ACCT2998648,2025-09-04 09:33:43,noise
debit,442.7,,BRANCH77,Noah Patida,ACCT2998648,2025-09-03 15:37:30,noise
debit,302.2,,BRANCH77,Noah Patida,ACCT2998648,2025-09-03 11:34:27,noise
debit,940.17,,BRANCH77,Noah Patida,ACCT2998648,2025-09-02 09:23:37,noise
credit,477.22,,BRANCH77,Noah Patida,ACCT2998648,2025-08-21 08:05:16,noise
debit,271.26,,BRANCH77,Noah Patida,ACCT2998648,2025-08-18 02:17:04,noise
debit,263.1,ACCT5378984,BRANCH77,Noah Patida,ACCT2998648,2025-08-17 12:12:46,noise
credit,880.88,,BRANCH77,Noah Patida,ACCT2998648,2025-08-16 13:23:20,noise
debit,1086.38,,BRANCH77,Noah Patida,ACCT2998648,2025-08-16 13:11:10,noise
debit,1276.22,,BRANCH10,Noah Patida,ACCT2998648,2025-08-14 19:06:15,noise
debit,1183.29,ACCT3149040,BRANCH77,Noah Patida,ACCT2998648,2025-08-12 15:27:51,noise
credit,634.94,,BRANCH77,Noah Patida,ACCT2998648,2025-08-12 12:12:48,noise
debit,2135.9,,BRANCH15,Noah Patida,ACCT2998648,2025-08-11 16:44:30,noise
debit,500.41,,BRANCH77,Noah Patida,ACCT2998648,2025-08-09 22:12:24,noise
credit,377.65,,BRANCH77,Noah Patida,ACCT2998648,2025-08-05 19:15:36,noise
credit,484.86,,BRANCH56,Yara Alvarez,ACCT6696915,2025-10-03 23:12:55,noise
credit,5246.42,,BRANCH56,Yara Alvarez,ACCT6696915,2025-10-03 18:32:54,noise
debit,1204.88,ACCT6279206,BRANCH79,Yara Alvarez,ACCT6696915,2025-10-02 19:39:17,noise
debit,152.61,ACCT3001768,BRANCH51,Yara Alvarez,ACCT6696915,2025-10-02 08:02:42,noise
credit,2453.78,ACCT6289266,BRANCH56,Yara Alvarez,ACCT6696915,2025-10-01 16:14:09,noise
debit,1964.55,,BRANCH56,Yara Alvarez,ACCT6696915,2025-10-01 13:41:49,noise
credit,141.96,,BRANCH56,Yara Alvarez,ACCT6696915,2025-09-30 19:19:20,noise
debit,505.35,ACCT9748886,BRANCH56,Yara Alvarez,ACCT6696915,2025-09-29 09:39:06,noise
credit,537.57,,BRANCH56,Yara Alvarez,ACCT6696915,2025-09-27 05:35:42,noise
credit,473.26,,BRANCH56,Yara Alvarez,ACCT6696915,2025-09-25 02:28:44,noise
debit,850.12,,BRANCH56,Yara Alvarez,ACCT6696915,2025-09-24 18:21:28,noise
credit,449.66,ACCT4179788,BRANCH56,Yara Alvarez,ACCT6696915,2025-09-23 15:16:40,noise
credit,1655.56,,BRANCH10,Yara Alvarez,ACCT6696915,2025-09-21 02:37:46,noise
credit,2515.63,,BRANCH56,Yara Alvarez,ACCT6696915,2025-09-19 19:15:01,noise
credit,1285.37,,BRANCH21,Yara Alvarez,ACCT6696915,2025-09-19 14:07:54,noise
debit,544.56,,BRANCH56,Yara Alvarez,ACCT6696915,2025-09-17 12:44:38,noise
debit,815.29,,BRANCH56,Yara Alvarez,ACCT6696915,2025-09-16 08:23:07,noise
credit,716.42,ACCT7549473,BRANCH56,Yara Alvarez,ACCT6696915,2025-09-16 08:44:19,noise
credit,310.68,ACCT3237994,BRANCH72,Yara Alvarez,ACCT6696915,2025-09-15 02:44:09,noise
credit,587.66,,BRANCH56,Yara Alvarez,ACCT6696915,2025-09-13 18:40:42,noise
debit,449.12,,BRANCH56,Yara Alvarez,ACCT6696915,2025-09-12 08:20:18,noise
debit,2928.0,,BRANCH56,Yara Alvarez,ACCT6696915,2025-09-08 17:35:50,noise
debit,152.68,,BRANCH56,Yara Alvarez,ACCT6696915,2025-09-07 15:22:20,noise
debit,1235.06,,BRANCH56,Yara Alvarez,ACCT6696915,2025-09-04 09:34:55,noise
debit,1696.56,,BRANCH56,Yara Alvarez,ACCT6696915,2025-08-29 22:16:24,noise
debit,411.33,,BRANCH56,Yara Alvarez,ACCT6696915,2025-08-28 22:12:57,noise
credit,1896.15,,BRANCH56,Yara Alvarez,ACCT6696915,2025-08-27 23:33:12,noise
debit,53.15,,BRANCH56,Yara Alvarez,ACCT6696915,2025-08-26 10:02:43,noise
debit,205.74,,BRANCH56,Yara Alvarez,ACCT6696915,2025-08-26 12:05:04,noise
debit,1246.56,,BRANCH56,Yara Alvarez,ACCT6696915,2025-08-25 12:20:49,noise
debit,554.43,,BRANCH56,Yara Alvarez,ACCT6696915,2025-08-24 18:10:21,noise
debit,370.55,,BRANCH48,Yara Alvarez,ACCT6696915,2025-08-24 01:38:32,noise
credit,606.8,,BRANCH41,Yara Alvarez,ACCT6696915,2025-08-23 09:16:46,noise
credit,134.78,,BRANCH56,Yara Alvarez,ACCT6696915,2025-08-19 20:41:57,noise
credit,1763.29,,BRANCH56,Yara Alvarez,ACCT6696915,2025-08-18 18:13:54,noise
debit,868.88,,BRANCH56,Yara Alvarez,ACCT6696915,2025-08-16 14:11:11,noise
debit,556.36,,BRANCH56,Yara Alvarez,ACCT6696915,2025-08-15 12:44:06,noise
debit,1127.85,ACCT6352691,BRANCH55,Yara Alvarez,ACCT6696915,2025-08-15 20:34:12,noise
debit,2440.84,,BRANCH36,Yara Alvarez,ACCT6696915,2025-08-13 08:04:03,noise
credit,790.91,,BRANCH56,Yara Alvarez,ACCT6696915,2025-08-12 20:43:50,noise
credit,2001.61,,BRANCH56,Yara Alvarez,ACCT6696915,2025-08-10 17:17:37,noise
credit,797.4,,BRANCH56,Yara Alvarez,ACCT6696915,2025-08-10 10:25:20,noise
debit,2378.62,ACCT2205027,BRANCH73,Yara Alvarez,ACCT6696915,2025-08-09 09:20:19,noise
debit,623.13,,BRANCH68,Yara Alvarez,ACCT6696915,2025-08-08 21:19:38,noise
credit,822.09,,BRANCH56,Yara Alvarez,ACCT6696915,2025-08-05 00:34:21,noise
debit,1020.74,,BRANCH33,Yara Alvarez,ACCT6696915,2025-08-04 18:02:41,noise
debit,25942.88,ACCT1297790,BRANCH56,Yara Alvarez,ACCT6696915,2025-12-09 22:38:41,noise
debit,44108.48,ACCT1297790,BRANCH56,Yara Alvarez,ACCT6696915,2025-12-08 00:46:42,noise
debit,9232.68,ACCT1297790,BRANCH56,Yara Alvarez,ACCT6696915,2025-12-04 07:36:49,noise
debit,22554.54,ACCT1297790,BRANCH56,Yara Alvarez,ACCT6696915,2025-11-22 08:47:07,noise
debit,43947.45,ACCT1297790,BRANCH56,Yara Alvarez,ACCT6696915,2025-12-04 13:44:18,noise
debit,5042.38,ACCT1297790,BRANCH56,Yara Alvarez,ACCT6696915,2025-11-24 22:39:25,noise
credit,176.27,,BRANCH20,Fahad Patida,ACCT1606377,2025-09-30 04:40:11,noise
debit,424.0,,BRANCH20,Fahad Patida,ACCT1606377,2025-09-21 09:05:00,noise
credit,329.44,,BRANCH20,Fahad Patida,ACCT1606377,2025-09-18 12:08:59,noise
debit,348.43,ACCT9748886,BRANCH10,Fahad Patida,ACCT1606377,2025-09-16 08:38:54,noise
debit,284.68,,BRANCH51,Fahad Patida,ACCT1606377,2025-09-16 10:40:56,noise
debit,1133.54,,BRANCH20,Fahad Patida,ACCT1606377,2025-09-15 15:27:20,noise
credit,859.32,,BRANCH20,Fahad Patida,ACCT1606377,2025-09-13 17:21:13,noise
debit,45.69,,BRANCH72,Fahad Patida,ACCT1606377,2025-09-13 01:35:37,noise
credit,362.84,ACCT5474265,BRANCH20,Fahad Patida,ACCT1606377,2025-09-10 23:40:08,noise
debit,3000.0,ACCT8248646,BRANCH79,Fahad Patida,ACCT1606377,2025-09-09 01:17:20,noise
debit,2368.71,,BRANCH20,Fahad Patida,ACCT1606377,2025-09-04 22:07:42,noise
credit,606.33,ACCT8238901,BRANCH20,Fahad Patida,ACCT1606377,2025-09-04 20:26:06,noise
debit,500.08,,BRANCH62,Fahad Patida,ACCT1606377,2025-09-01 19:38:57,noise
debit,1489.11,ACCT7955541,BRANCH16,Fahad Patida,ACCT1606377,2025-09-01 13:29:24,noise
debit,556.62,ACCT5661962,BRANCH20,Fahad Patida,ACCT1606377,2025-08-28 11:18:31,noise
debit,632.57,,BRANCH20,Fahad Patida,ACCT1606377,2025-08-27 10:36:28,noise
credit,247.84,,BRANCH20,Fahad Patida,ACCT1606377,2025-08-27 19:09:49,noise
credit,386.68,,BRANCH21,Fahad Patida,ACCT1606377,2025-08-26 20:44:35,noise
debit,833.73,ACCT3001768,BRANCH22,Fahad Patida,ACCT1606377,2025-08-25 21:38:38,noise
credit,2048.61,ACCT9748886,BRANCH64,Fahad Patida,ACCT1606377,2025-08-23 11:29:36,noise
debit,370.79,,BRANCH20,Fahad Patida,ACCT1606377,2025-08-23 15:35:39,noise
credit,376.03,,BRANCH20,Fahad Patida,ACCT1606377,2025-08-13 10:19:25,noise
credit,2786.21,,BRANCH20,Fahad Patida,ACCT1606377,2025-08-08 19:04:56,noise
debit,478.59,,BRANCH24,Fahad Patida,ACCT1606377,2025-08-05 18:04:14,noise
debit,319.95,,BRANCH20,Fahad Patida,ACCT1606377,2025-08-04 12:33:03,noise
credit,232.2,,BRANCH53,Cara Fischer,ACCT7431920,2025-09-30 04:31:50,noise
debit,663.86,,BRANCH53,Cara Fischer,ACCT7431920,2025-09-27 20:42:03,noise
debit,118.81,,BRANCH87,Cara Fischer,ACCT7431920,2025-09-26 12:09:45,noise
credit,110.94,,BRANCH53,Cara Fischer,ACCT7431920,2025-09-26 09:13:47,noise
debit,552.85,,BRANCH53,Cara Fischer,ACCT7431920,2025-09-25 10:01:48,noise
debit,2349.96,,BRANCH53,Cara Fischer,ACCT7431920,2025-09-25 15:19:13,noise
debit,259.17,,BRANCH49,Cara Fischer,ACCT7431920,2025-09-24 20:06:59,noise
credit,137.31,ACCT4184981,BRANCH15,Cara Fischer,ACCT7431920,2025-09-24 11:12:15,noise
debit,5590.02,,BRANCH91,Cara Fischer,ACCT7431920,2025-09-23 09:24:23,noise
debit,253.7,,BRANCH53,Cara Fischer,ACCT7431920,2025-09-22 08:21:00,noise
credit,264.61,ACCT6174570,BRANCH53,Cara Fischer,ACCT7431920,2025-09-21 20:25:53,noise
credit,166.67,ACCT8809685,BRANCH84,Cara Fischer,ACCT7431920,2025-09-13 15:39:13,noise
debit,515.42,ACCT2777204,BRANCH53,Cara Fischer,ACCT7431920,2025-09-10 20:31:59,noise
credit,1318.49,,BRANCH53,Cara Fischer,ACCT7431920,2025-09-09 19:04:53,noise
debit,2035.6,,BRANCH81,Cara Fischer,ACCT7431920,2025-09-08 13:13:51,noise
credit,2233.91,ACCT1688404,BRANCH53,Cara Fischer,ACCT7431920,2025-09-05 18:14:41,noise
debit,745.81,,BRANCH53,Cara Fischer,ACCT7431920,2025-09-05 15:25:34,noise
debit,1493.93,,BRANCH19,Cara Fischer,ACCT7431920,2025-09-02 14:22:14,noise
debit,3000.0,ACCT1913533,BRANCH55,Cara Fischer,ACCT7431920,2025-09-02 15:13:30,noise
debit,1018.54,,BRANCH53,Cara Fischer,ACCT7431920,2025-08-31 10:06:37,noise
credit,1463.65,,BRANCH53,Cara Fischer,ACCT7431920,2025-08-30 16:21:01,noise
credit,512.93,,BRANCH53,Cara Fischer,ACCT7431920,2025-08-30 19:18:58,noise
credit,1258.8,ACCT8688797,BRANCH53,Cara Fischer,ACCT7431920,2025-08-28 10:04:33,noise
debit,1016.33,,BRANCH53,Cara Fischer,ACCT7431920,2025-08-25 05:41:18,noise
debit,1507.23,,BRANCH53,Cara Fischer,ACCT7431920,2025-08-25 17:06:52,noise
debit,107.09,ACCT6751841,BRANCH53,Cara Fischer,ACCT7431920,2025-08-24 09:02:19,noise
debit,3000.0,ACCT8399028,BRANCH53,Cara Fischer,ACCT7431920,2025-08-24 12:21:25,noise
credit,1534.26,ACCT5623429,BRANCH53,Cara Fischer,ACCT7431920,2025-08-20 15:10:44,noise
debit,2904.62,ACCT6751841,BRANCH53,Cara Fischer,ACCT7431920,2025-08-17 11:34:53,noise
debit,593.83,ACCT6751841,BRANCH53,Cara Fischer,ACCT7431920,2025-08-17 00:31:26,noise
debit,2451.68,ACCT6352691,BRANCH53,Cara Fischer,ACCT7431920,2025-08-15 03:35:25,noise
debit,1067.26,ACCT4073101,BRANCH94,Cara Fischer,ACCT7431920,2025-08-14 15:28:19,noise
credit,179.91,,BRANCH53,Cara Fischer,ACCT7431920,2025-08-12 19:14:36,noise
debit,136.95,ACCT9006815,BRANCH53,Cara Fischer,ACCT7431920,2025-08-11 20:20:35,noise
credit,787.48,ACCT1618870,BRANCH53,Cara Fischer,ACCT7431920,2025-08-11 11:45:26,noise
credit,504.69,,BRANCH56,Cara Fischer,ACCT7431920,2025-08-10 01:00:29,noise
debit,6265.63,,BRANCH53,Cara Fischer,ACCT7431920,2025-08-09 10:23:20,noise
credit,738.34,,BRANCH53,Cara Fischer,ACCT7431920,2025-08-06 08:18:13,noise
debit,592.47,,BRANCH53,Cara Fischer,ACCT7431920,2025-08-05 11:01:46,noise
debit,1018.18,,BRANCH53,Cara Fischer,ACCT7431920,2025-08-05 16:30:04,noise
debit,2189.36,ACCT5643342,BRANCH96,Zane Patida,ACCT5474265,2025-10-02 17:42:02,noise
credit,1278.6,ACCT9127623,BRANCH96,Zane Patida,ACCT5474265,2025-10-02 08:22:20,noise
debit,386.83,ACCT8248646,BRANCH50,Zane Patida,ACCT5474265,2025-09-28 13:23:25,noise
debit,793.08,,BRANCH96,Zane Patida,ACCT5474265,2025-09-26 19:26:42,noise
debit,661.53,ACCT1688404,BRANCH39,Zane Patida,ACCT5474265,2025-09-25 18:40:43,noise
credit,736.63,,BRANCH96,Zane Patida,ACCT5474265,2025-09-24 13:29:14,noise
debit,931.9,,BRANCH96,Zane Patida,ACCT5474265,2025-09-22 14:13:09,noise
credit,612.61,ACCT6352691,BRANCH96,Zane Patida,ACCT5474265,2025-09-22 11:32:55,noise
debit,1764.99,,BRANCH96,Zane Patida,ACCT5474265,2025-09-21 11:36:19,noise
credit,350.02,,BRANCH96,Zane Patida,ACCT5474265,2025-09-21 09:31:56,noise
debit,4710.97,,BRANCH96,Zane Patida,ACCT5474265,2025-09-20 19:04:11,noise
credit,3759.24,,BRANCH96,Zane Patida,ACCT5474265,2025-09-17 13:29:20,noise
credit,558.17,ACCT3736291,BRANCH96,Zane Patida,ACCT5474265,2025-09-15 09:08:53,noise
debit,909.85,ACCT1618870,BRANCH96,Zane Patida,ACCT5474265,2025-09-13 05:01:06,noise
credit,939.36,ACCT5257024,BRANCH96,Zane Patida,ACCT5474265,2025-09-13 10:28:52,noise
credit,477.95,,BRANCH96,Zane Patida,ACCT5474265,2025-09-08 09:29:02,noise
debit,782.6,,BRANCH96,Zane Patida,ACCT5474265,2025-09-07 23:05:48,noise
credit,109.02,,BRANCH96,Zane Patida,ACCT5474265,2025-09-07 19:40:13,noise
credit,353.17,ACCT9038573,BRANCH96,Zane Patida,ACCT5474265,2025-09-03 08:26:38,noise
credit,497.6,,BRANCH96,Zane Patida,ACCT5474265,2025-09-03 15:33:58,noise
credit,2296.37,,BRANCH96,Zane Patida,ACCT5474265,2025-08-28 09:21:01,noise
debit,172.58,ACCT8285288,BRANCH96,Zane Patida,ACCT5474265,2025-08-28 10:13:35,noise
credit,1008.38,,BRANCH96,Zane Patida,ACCT5474265,2025-08-25 22:08:18,noise
debit,2035.04,ACCT7955541,BRANCH96,Zane Patida,ACCT5474265,2025-08-19 21:39:03,noise
debit,541.36,,BRANCH96,Zane Patida,ACCT5474265,2025-08-18 12:01:04,noise
credit,684.75,,BRANCH96,Zane Patida,ACCT5474265,2025-08-18 20:16:42,noise
credit,4479.31,ACCT6503586,BRANCH96,Zane Patida,ACCT5474265,2025-08-17 11:31:18,noise
credit,576.07,,BRANCH96,Zane Patida,ACCT5474265,2025-08-12 14:35:14,noise
debit,582.72,,BRANCH96,Zane Patida,ACCT5474265,2025-08-11 10:25:50,noise
debit,822.32,,BRANCH96,Zane Patida,ACCT5474265,2025-08-05 02:04:11,noise
debit,497.91,,BRANCH53,Kai Anderson,ACCT5579418,2025-09-30 16:22:48,noise
debit,316.68,,BRANCH21,Kai Anderson,ACCT5579418,2025-09-28 14:29:28,noise
debit,446.85,,BRANCH21,Kai Anderson,ACCT5579418,2025-09-26 08:26:45,noise
debit,408.61,,BRANCH21,Kai Anderson,ACCT5579418,2025-09-20 22:11:28,noise
debit,733.01,ACCT5474265,BRANCH21,Kai Anderson,ACCT5579418,2025-09-16 15:06:51,noise
debit,228.71,,BRANCH21,Kai Anderson,ACCT5579418,2025-09-15 15:16:55,noise
credit,1957.13,,BRANCH21,Kai Anderson,ACCT5579418,2025-09-14 17:13:21,noise
debit,962.01,,BRANCH21,Kai Anderson,ACCT5579418,2025-09-14 20:02:14,noise
debit,405.3,,BRANCH21,Kai Anderson,ACCT5579418,2025-09-13 09:32:43,noise
credit,548.34,,BRANCH21,Kai Anderson,ACCT5579418,2025-09-13 11:02:08,noise
credit,58.21,,BRANCH21,Kai Anderson,ACCT5579418,2025-09-12 21:35:31,noise
debit,3724.79,,BRANCH21,Kai Anderson,ACCT5579418,2025-09-09 09:19:03,noise
debit,280.4,ACCT5346256,BRANCH36,Kai Anderson,ACCT5579418,2025-09-03 17:19:54,noise
credit,845.57,,BRANCH99,Kai Anderson,ACCT5579418,2025-09-03 09:44:21,noise
credit,3511.44,,BRANCH21,Kai Anderson,ACCT5579418,2025-09-01 17:36:34,noise
credit,647.14,,BRANCH21,Kai Anderson,ACCT5579418,2025-09-01 15:15:50,noise
credit,876.79,,BRANCH21,Kai Anderson,ACCT5579418,2025-08-27 12:20:32,noise
debit,1254.83,,BRANCH21,Kai Anderson,ACCT5579418,2025-08-26 04:27:09,noise
debit,1027.6,,BRANCH21,Kai Anderson,ACCT5579418,2025-08-25 08:39:05,noise
debit,335.83,ACCT2621786,BRANCH21,Kai Anderson,ACCT5579418,2025-08-19 21:28:37,noise
credit,3625.59,ACCT4765824,BRANCH21,Kai Anderson,ACCT5579418,2025-08-16 20:23:50,noise
debit,502.55,ACCT5623429,BRANCH21,Kai Anderson,ACCT5579418,2025-08-16 12:23:56,noise
credit,592.23,,BRANCH21,Kai Anderson,ACCT5579418,2025-08-12 01:02:29,noise
debit,306.66,,BRANCH21,Kai Anderson,ACCT5579418,2025-08-11 00:28:31,noise
credit,323.49,,BRANCH21,Kai Anderson,ACCT5579418,2025-08-11 16:07:26,noise
debit,1764.62,ACCT6188134,BRANCH21,Kai Anderson,ACCT5579418,2025-08-10 15:01:50,noise
debit,307.16,,BRANCH21,Kai Anderson,ACCT5579418,2025-08-09 19:16:24,noise
debit,773.5,,BRANCH21,Kai Anderson,ACCT5579418,2025-08-08 13:21:23,noise
debit,242.52,,BRANCH21,Kai Anderson,ACCT5579418,2025-08-08 16:04:24,noise
credit,626.49,ACCT2621786,BRANCH21,Kai Anderson,ACCT5579418,2025-08-06 19:41:46,noise
debit,231.42,,BRANCH21,Kai Anderson,ACCT5579418,2025-08-05 20:39:38,noise
credit,690.55,,BRANCH70,Nia Okafor,ACCT1737518,2025-10-03 17:25:34,noise
debit,256.53,,BRANCH70,Nia Okafor,ACCT1737518,2025-10-03 16:14:30,noise
debit,682.75,,BRANCH70,Nia Okafor,ACCT1737518,2025-10-02 03:14:19,noise
debit,605.35,,BRANCH70,Nia Okafor,ACCT1737518,2025-09-28 14:05:25,noise
debit,300.44,,BRANCH70,Nia Okafor,ACCT1737518,2025-09-28 12:33:12,noise
credit,1032.07,ACCT1618870,BRANCH94,Nia Okafor,ACCT1737518,2025-09-27 15:23:47,noise
debit,344.6,,BRANCH45,Nia Okafor,ACCT1737518,2025-09-27 09:26:12,noise
debit,683.74,,BRANCH94,Nia Okafor,ACCT1737518,2025-09-23 22:06:28,noise
credit,237.17,ACCT3116724,BRANCH70,Nia Okafor,ACCT1737518,2025-09-21 12:02:21,noise
credit,404.39,ACCT1587032,BRANCH70,Nia Okafor,ACCT1737518,2025-09-19 19:12:36,noise
debit,888.79,,BRANCH71,Nia Okafor,ACCT1737518,2025-09-19 11:22:36,noise
credit,283.52,,BRANCH90,Nia Okafor,ACCT1737518,2025-09-17 18:21:37,noise
credit,1234.65,ACCT3512106,BRANCH70,Nia Okafor,ACCT1737518,2025-09-17 20:33:15,noise
debit,621.19,,BRANCH70,Nia Okafor,ACCT1737518,2025-09-15 05:43:17,noise
debit,673.67,,BRANCH70,Nia Okafor,ACCT1737518,2025-09-15 10:29:43,noise
credit,638.63,,BRANCH70,Nia Okafor,ACCT1737518,2025-09-14 08:44:05,noise
debit,992.04,,BRANCH99,Nia Okafor,ACCT1737518,2025-09-12 13:16:54,noise
credit,2332.8,,BRANCH70,Nia Okafor,ACCT1737518,2025-09-11 14:31:17,noise
credit,746.73,,BRANCH70,Nia Okafor,ACCT1737518,2025-09-11 04:26:34,noise
credit,396.26,ACCT3163097,BRANCH70,Nia Okafor,ACCT1737518,2025-09-05 08:42:25,noise
debit,742.49,,BRANCH70,Nia Okafor,ACCT1737518,2025-09-04 08:29:44,noise
debit,2147.36,,BRANCH70,Nia Okafor,ACCT1737518,2025-09-03 11:31:18,noise
credit,589.28,,BRANCH70,Nia Okafor,ACCT1737518,2025-09-02 17:22:14,noise
debit,354.74,,BRANCH70,Nia Okafor,ACCT1737518,2025-08-31 11:36:42,noise
credit,1191.69,ACCT1402331,BRANCH70,Nia Okafor,ACCT1737518,2025-08-31 18:40:56,noise
credit,324.54,,BRANCH62,Nia Okafor,ACCT1737518,2025-08-29 09:34:47,noise
credit,1258.86,ACCT3736291,BRANCH70,Nia Okafor,ACCT1737518,2025-08-26 14:07:47,noise
debit,785.33,ACCT6589702,BRANCH70,Nia Okafor,ACCT1737518,2025-08-25 11:12:40,noise
credit,604.93,ACCT6547115,BRANCH70,Nia Okafor,ACCT1737518,2025-08-23 08:28:34,noise
debit,675.89,ACCT1913533,BRANCH70,Nia Okafor,ACCT1737518,2025-08-22 11:22:31,noise
debit,1985.72,ACCT2415489,BRANCH70,Nia Okafor,ACCT1737518,2025-08-18 08:27:02,noise
credit,1091.84,ACCT5017009,BRANCH70,Nia Okafor,ACCT1737518,2025-08-08 11:22:09,noise
debit,92.78,,BRANCH46,Nia Okafor,ACCT1737518,2025-08-06 17:29:46,noise
credit,838.32,,BRANCH70,Nia Okafor,ACCT1737518,2025-08-05 08:02:37,noise
credit,2961.56,,BRANCH70,Nia Okafor,ACCT1737518,2025-08-05 21:15:17,noise
debit,346.44,ACCT6589702,BRANCH18,Fahad Rossi,ACCT5661962,2025-10-03 13:19:59,noise
credit,1671.8,,BRANCH18,Fahad Rossi,ACCT5661962,2025-10-02 19:42:48,noise
credit,932.61,,BRANCH18,Fahad Rossi,ACCT5661962,2025-10-02 13:00:14,noise
credit,352.86,,BRANCH81,Fahad Rossi,ACCT5661962,2025-09-30 19:30:27,noise
credit,524.32,,BRANCH29,Fahad Rossi,ACCT5661962,2025-09-28 13:40:00,noise
debit,288.89,ACCT8248646,BRANCH64,Fahad Rossi,ACCT5661962,2025-09-27 19:23:05,noise
debit,1127.82,ACCT2718137,BRANCH18,Fahad Rossi,ACCT5661962,2025-09-27 14:39:30,noise
debit,204.66,ACCT7566718,BRANCH18,Fahad Rossi,ACCT5661962,2025-09-20 01:10:58,noise
credit,680.56,,BRANCH18,Fahad Rossi,ACCT5661962,2025-09-20 09:17:27,noise
credit,1067.9,,BRANCH16,Fahad Rossi,ACCT5661962,2025-09-19 02:03:04,noise
credit,892.42,,BRANCH18,Fahad Rossi,ACCT5661962,2025-09-17 12:19:07,noise
credit,624.33,,BRANCH31,Fahad Rossi,ACCT5661962,2025-09-16 16:26:50,noise
debit,1743.43,,BRANCH18,Fahad Rossi,ACCT5661962,2025-09-14 10:16:59,noise
debit,329.48,ACCT2621786,BRANCH18,Fahad Rossi,ACCT5661962,2025-09-13 19:22:34,noise
credit,169.59,,BRANCH89,Fahad Rossi,ACCT5661962,2025-09-12 18:41:45,noise
credit,1213.3,,BRANCH77,Fahad Rossi,ACCT5661962,2025-09-12 21:37:51,noise
credit,921.18,,BRANCH78,Fahad Rossi,ACCT5661962,2025-09-11 18:13:49,noise
credit,88.76,,BRANCH95,Fahad Rossi,ACCT5661962,2025-09-10 18:33:04,noise
credit,1132.13,,BRANCH18,Fahad Rossi,ACCT5661962,2025-09-04 09:00:18,noise
debit,595.72,ACCT1278957,BRANCH18,Fahad Rossi,ACCT5661962,2025-09-02 21:45:32,noise
credit,7767.49,ACCT1737518,BRANCH18,Fahad Rossi,ACCT5661962,2025-09-02 20:31:14,noise
debit,177.48,,BRANCH18,Fahad Rossi,ACCT5661962,2025-08-30 08:02:51,noise
debit,1226.46,,BRANCH18,Fahad Rossi,ACCT5661962,2025-08-27 01:40:38,noise
credit,3718.97,,BRANCH18,Fahad Rossi,ACCT5661962,2025-08-27 18:27:26,noise
credit,2565.05,,BRANCH18,Fahad Rossi,ACCT5661962,2025-08-23 12:04:02,noise
credit,1227.35,,BRANCH35,Fahad Rossi,ACCT5661962,2025-08-23 14:37:37,noise
credit,469.09,,BRANCH79,Fahad Rossi,ACCT5661962,2025-08-16 09:25:19,noise
credit,166.55,,BRANCH18,Fahad Rossi,ACCT5661962,2025-08-16 13:08:47,noise
debit,530.35,,BRANCH18,Fahad Rossi,ACCT5661962,2025-08-14 22:04:41,noise
credit,821.21,,BRANCH18,Fahad Rossi,ACCT5661962,2025-08-13 08:04:09,noise
debit,892.88,,BRANCH18,Fahad Rossi,ACCT5661962,2025-08-12 18:40:47,noise
credit,757.78,,BRANCH18,Fahad Rossi,ACCT5661962,2025-08-10 10:41:56,noise
debit,236.62,,BRANCH18,Fahad Rossi,ACCT5661962,2025-08-08 19:10:48,noise
credit,99.28,,BRANCH32,Fahad Rossi,ACCT5661962,2025-08-08 18:22:37,noise
credit,816.22,,BRANCH91,Fahad Rossi,ACCT5661962,2025-08-06 16:42:41,noise
credit,311.45,,BRANCH18,Fahad Rossi,ACCT5661962,2025-08-06 13:45:02,noise
credit,542.28,,BRANCH18,Fahad Rossi,ACCT5661962,2025-08-05 22:37:20,noise
credit,522.74,ACCT2415489,BRANCH37,Noah Unger,ACCT1278957,2025-10-03 15:37:56,noise
debit,1301.07,ACCT6696915,BRANCH37,Noah Unger,ACCT1278957,2025-10-02 20:17:56,noise
debit,183.5,,BRANCH37,Noah Unger,ACCT1278957,2025-09-28 23:05:01,noise
debit,1852.71,,BRANCH37,Noah Unger,ACCT1278957,2025-09-27 16:22:36,noise
credit,1405.48,,BRANCH37,Noah Unger,ACCT1278957,2025-09-26 08:38:25,noise
credit,970.9,,BRANCH57,Noah Unger,ACCT1278957,2025-09-25 09:08:05,noise
debit,370.08,,BRANCH37,Noah Unger,ACCT1278957,2025-09-23 23:32:45,noise
debit,139.91,ACCT3149040,BRANCH37,Noah Unger,ACCT1278957,2025-09-23 17:37:30,noise
credit,643.42,,BRANCH42,Noah Unger,ACCT1278957,2025-09-20 08:02:08,noise
credit,120.75,ACCT9643062,BRANCH37,Noah Unger,ACCT1278957,2025-09-20 11:11:52,noise
credit,435.22,ACCT4635334,BRANCH37,Noah Unger,ACCT1278957,2025-09-18 22:36:59,noise
debit,158.74,,BRANCH25,Noah Unger,ACCT1278957,2025-09-18 19:44:07,noise
debit,1323.88,,BRANCH37,Noah Unger,ACCT1278957,2025-09-13 10:26:53,noise
debit,448.57,ACCT8238901,BRANCH16,Noah Unger,ACCT1278957,2025-09-13 15:20:20,noise
credit,1577.8,,BRANCH37,Noah Unger,ACCT1278957,2025-09-10 14:25:46,noise
credit,175.28,,BRANCH61,Noah Unger,ACCT1278957,2025-09-09 20:00:02,noise
debit,779.44,ACCT6188134,BRANCH24,Noah Unger,ACCT1278957,2025-09-08 11:07:01,noise
credit,402.8,ACCT5623429,BRANCH37,Noah Unger,ACCT1278957,2025-09-05 23:10:03,noise
credit,1000.86,,BRANCH37,Noah Unger,ACCT1278957,2025-09-03 10:08:29,noise
debit,2428.27,,BRANCH26,Noah Unger,ACCT1278957,2025-09-02 23:22:18,noise
debit,1893.36,,BRANCH37,Noah Unger,ACCT1278957,2025-09-02 12:20:30,noise
credit,378.44,,BRANCH37,Noah Unger,ACCT1278957,2025-09-01 11:39:20,noise
credit,575.31,ACCT3514300,BRANCH37,Noah Unger,ACCT1278957,2025-09-01 14:37:36,noise
credit,105.07,,BRANCH54,Noah Unger,ACCT1278957,2025-08-29 23:37:03,noise
credit,346.09,,BRANCH37,Noah Unger,ACCT1278957,2025-08-27 18:27:51,noise
debit,797.65,,BRANCH71,Noah Unger,ACCT1278957,2025-08-26 03:06:24,noise
credit,397.46,,BRANCH37,Noah Unger,ACCT1278957,2025-08-25 10:03:47,noise
debit,2121.54,ACCT7704172,BRANCH37,Noah Unger,ACCT1278957,2025-08-24 19:07:55,noise
credit,544.33,,BRANCH59,Noah Unger,ACCT1278957,2025-08-20 04:19:29,noise
credit,249.89,,BRANCH37,Noah Unger,ACCT1278957,2025-08-19 18:35:32,noise
credit,2082.85,,BRANCH37,Noah Unger,ACCT1278957,2025-08-19 09:06:32,noise
debit,1650.46,,BRANCH37,Noah Unger,ACCT1278957,2025-08-15 13:20:50,noise
debit,510.48,,BRANCH37,Noah Unger,ACCT1278957,2025-08-15 10:32:27,noise
debit,358.41,,BRANCH37,Noah Unger,ACCT1278957,2025-08-13 09:14:56,noise
debit,655.39,,BRANCH37,Noah Unger,ACCT1278957,2025-08-13 18:26:54,noise
debit,520.57,,BRANCH37,Noah Unger,ACCT1278957,2025-08-11 09:18:55,noise
credit,3212.27,ACCT3163097,BRANCH37,Noah Unger,ACCT1278957,2025-08-11 16:28:50,noise
credit,958.91,,BRANCH37,Noah Unger,ACCT1278957,2025-08-10 03:02:20,noise
credit,474.89,,BRANCH37,Noah Unger,ACCT1278957,2025-08-09 11:38:53,noise
debit,963.55,ACCT6246793,BRANCH49,Noah Unger,ACCT1278957,2025-08-09 19:19:06,noise
debit,349.17,ACCT8238901,BRANCH37,Noah Unger,ACCT1278957,2025-08-07 20:00:47,noise
debit,473.75,,BRANCH95,Noah Unger,ACCT1278957,2025-08-05 15:40:26,noise
debit,455.62,,BRANCH52,Leo Novak,ACCT9518841,2025-10-02 11:39:05,noise
debit,1505.6,,BRANCH52,Leo Novak,ACCT9518841,2025-10-01 23:12:52,noise
debit,1180.4,,BRANCH33,Leo Novak,ACCT9518841,2025-10-01 14:38:22,noise
debit,576.28,ACCT1587032,BRANCH52,Leo Novak,ACCT9518841,2025-09-30 11:26:18,noise
debit,802.96,,BRANCH52,Leo Novak,ACCT9518841,2025-09-28 20:12:21,noise
credit,1496.09,,BRANCH52,Leo Novak,ACCT9518841,2025-09-24 17:24:57,noise
debit,320.27,,BRANCH74,Leo Novak,ACCT9518841,2025-09-22 10:13:03,noise
credit,1920.03,ACCT9748886,BRANCH52,Leo Novak,ACCT9518841,2025-09-19 17:16:24,noise
credit,1975.3,,BRANCH52,Leo Novak,ACCT9518841,2025-09-13 14:10:12,noise
debit,160.3,ACCT1874716,BRANCH52,Leo Novak,ACCT9518841,2025-09-12 18:35:25,noise
credit,1548.13,,BRANCH52,Leo Novak,ACCT9518841,2025-09-12 13:21:49,noise
debit,919.59,,BRANCH52,Leo Novak,ACCT9518841,2025-09-11 18:22:34,noise
debit,4042.9,,BRANCH52,Leo Novak,ACCT9518841,2025-09-09 09:19:59,noise
debit,605.25,,BRANCH52,Leo Novak,ACCT9518841,2025-09-08 08:15:48,noise
credit,1313.7,,BRANCH52,Leo Novak,ACCT9518841,2025-09-03 17:04:37,noise
credit,821.39,,BRANCH52,Leo Novak,ACCT9518841,2025-09-02 05:45:02,noise
credit,539.77,,BRANCH11,Leo Novak,ACCT9518841,2025-09-02 09:07:33,noise
debit,1406.45,,BRANCH52,Leo Novak,ACCT9518841,2025-09-01 18:21:01,noise
credit,837.45,,BRANCH50,Leo Novak,ACCT9518841,2025-08-29 13:12:02,noise
credit,189.91,,BRANCH52,Leo Novak,ACCT9518841,2025-08-25 01:13:40,noise
debit,1131.9,,BRANCH52,Leo Novak,ACCT9518841,2025-08-18 08:38:33,noise
debit,908.02,,BRANCH52,Leo Novak,ACCT9518841,2025-08-18 12:35:05,noise
debit,213.69,,BRANCH52,Leo Novak,ACCT9518841,2025-08-16 12:07:48,noise
debit,788.43,ACCT6589702,BRANCH52,Leo Novak,ACCT9518841,2025-08-16 21:32:19,noise
debit,667.12,,BRANCH52,Leo Novak,ACCT9518841,2025-08-15 00:18:24,noise
debit,113.72,,BRANCH52,Leo Novak,ACCT9518841,2025-08-15 19:34:32,noise
debit,2412.98,ACCT5934657,BRANCH52,Leo Novak,ACCT9518841,2025-08-14 22:00:00,noise
credit,240.58,,BRANCH52,Leo Novak,ACCT9518841,2025-08-13 08:33:13,noise
debit,762.54,,BRANCH52,Leo Novak,ACCT9518841,2025-08-12 16:29:00,noise
credit,402.92,,BRANCH52,Leo Novak,ACCT9518841,2025-08-11 16:09:49,noise
debit,684.23,,BRANCH52,Leo Novak,ACCT9518841,2025-08-09 10:41:14,noise
credit,637.53,,BRANCH52,Leo Novak,ACCT9518841,2025-08-08 10:26:44,noise
debit,973.92,ACCT5346256,BRANCH52,Leo Novak,ACCT9518841,2025-08-07 21:09:08,noise
debit,1598.49,,BRANCH52,Leo Novak,ACCT9518841,2025-08-06 11:27:22,noise
debit,255.78,,BRANCH67,Leo Novak,ACCT9518841,2025-08-06 14:12:36,noise
credit,697.03,,BRANCH52,Leo Novak,ACCT9518841,2025-08-04 19:33:35,noise
debit,3614.18,,BRANCH52,Leo Novak,ACCT9518841,2025-08-04 23:33:53,noise
credit,1073.63,,BRANCH67,Leo Quinn,ACCT4947646,2025-10-01 20:37:52,noise
credit,418.85,,BRANCH11,Leo Quinn,ACCT4947646,2025-10-01 17:22:20,noise
credit,425.05,,BRANCH93,Leo Quinn,ACCT4947646,2025-09-25 15:06:16,noise
debit,916.16,,BRANCH93,Leo Quinn,ACCT4947646,2025-09-21 11:39:03,noise
debit,352.7,,BRANCH93,Leo Quinn,ACCT4947646,2025-09-21 20:30:47,noise
debit,86.03,,BRANCH93,Leo Quinn,ACCT4947646,2025-09-19 09:01:30,noise
debit,131.47,,BRANCH78,Leo Quinn,ACCT4947646,2025-09-19 16:30:19,noise
debit,658.93,,BRANCH93,Leo Quinn,ACCT4947646,2025-09-18 11:00:45,noise
debit,265.15,ACCT1786794,BRANCH77,Leo Quinn,ACCT4947646,2025-09-18 12:29:54,noise
credit,1470.82,,BRANCH21,Leo Quinn,ACCT4947646,2025-09-13 14:18:03,noise
credit,284.53,,BRANCH93,Leo Quinn,ACCT4947646,2025-09-13 17:05:22,noise
debit,1178.09,,BRANCH17,Leo Quinn,ACCT4947646,2025-09-11 14:21:19,noise
debit,1496.69,ACCT1587032,BRANCH93,Leo Quinn,ACCT4947646,2025-09-11 09:05:18,noise
credit,360.09,ACCT8202097,BRANCH93,Leo Quinn,ACCT4947646,2025-09-08 00:42:59,noise
debit,382.87,,BRANCH91,Leo Quinn,ACCT4947646,2025-09-07 11:41:25,noise
debit,1080.49,,BRANCH93,Leo Quinn,ACCT4947646,2025-09-07 23:20:48,noise
credit,431.06,,BRANCH93,Leo Quinn,ACCT4947646,2025-09-05 18:29:05,noise
debit,1139.43,,BRANCH93,Leo Quinn,ACCT4947646,2025-09-04 01:15:34,noise
debit,560.54,,BRANCH93,Leo Quinn,ACCT4947646,2025-09-01 09:07:08,noise
credit,879.25,,BRANCH93,Leo Quinn,ACCT4947646,2025-08-31 09:21:42,noise
credit,1076.14,,BRANCH93,Leo Quinn,ACCT4947646,2025-08-30 03:21:03,noise
debit,644.23,,BRANCH93,Leo Quinn,ACCT4947646,2025-08-27 04:06:49,noise
debit,2665.7,,BRANCH93,Leo Quinn,ACCT4947646,2025-08-27 12:42:48,noise
debit,1974.27,,BRANCH93,Leo Quinn,ACCT4947646,2025-08-26 21:09:50,noise
credit,195.72,ACCT4461867,BRANCH44,Leo Quinn,ACCT4947646,2025-08-22 09:32:15,noise
debit,4158.66,,BRANCH93,Leo Quinn,ACCT4947646,2025-08-22 10:17:45,noise
credit,374.7,,BRANCH93,Leo Quinn,ACCT4947646,2025-08-21 11:29:09,noise
credit,2656.84,ACCT8289537,BRANCH24,Leo Quinn,ACCT4947646,2025-08-20 18:35:38,noise
credit,903.43,,BRANCH48,Leo Quinn,ACCT4947646,2025-08-16 19:42:42,noise
debit,191.18,,BRANCH73,Leo Quinn,ACCT4947646,2025-08-13 21:18:50,noise
debit,789.25,ACCT4427182,BRANCH93,Leo Quinn,ACCT4947646,2025-08-13 23:17:24,noise
credit,877.16,,BRANCH93,Leo Quinn,ACCT4947646,2025-08-12 08:33:49,noise
debit,731.06,,BRANCH77,Leo Quinn,ACCT4947646,2025-08-10 16:12:10,noise
debit,615.73,,BRANCH93,Leo Quinn,ACCT4947646,2025-08-07 19:40:05,noise
credit,831.3,,BRANCH93,Leo Quinn,ACCT4947646,2025-08-06 19:06:02,noise
debit,597.76,,BRANCH93,Leo Quinn,ACCT4947646,2025-08-05 15:00:44,noise
credit,3137.81,,BRANCH58,Leo Quinn,ACCT4947646,2025-08-05 19:21:57,noise
debit,1156.55,,BRANCH93,Leo Quinn,ACCT4947646,2025-08-04 09:06:59,noise
credit,1320.61,,BRANCH34,Raj Mehta,ACCT2103254,2025-09-29 11:15:37,noise
credit,695.49,,BRANCH75,Raj Mehta,ACCT2103254,2025-09-27 14:19:22,noise
credit,794.75,ACCT6091368,BRANCH19,Raj Mehta,ACCT2103254,2025-09-23 13:25:05,noise
debit,1212.74,ACCT1307956,BRANCH57,Raj Mehta,ACCT2103254,2025-09-22 15:43:17,noise
credit,726.89,ACCT7566718,BRANCH20,Raj Mehta,ACCT2103254,2025-09-21 23:35:33,noise
debit,225.88,,BRANCH57,Raj Mehta,ACCT2103254,2025-09-20 14:13:26,noise
debit,1337.89,ACCT1618870,BRANCH57,Raj Mehta,ACCT2103254,2025-09-15 10:01:33,noise
debit,624.98,ACCT8248646,BRANCH57,Raj Mehta,ACCT2103254,2025-09-13 17:23:51,noise
credit,860.83,ACCT5346256,BRANCH57,Raj Mehta,ACCT2103254,2025-09-11 22:19:23,noise
credit,568.11,,BRANCH74,Raj Mehta,ACCT2103254,2025-09-10 18:29:00,noise
credit,257.13,ACCT2592957,BRANCH57,Raj Mehta,ACCT2103254,2025-09-09 03:41:07,noise
credit,359.58,,BRANCH57,Raj Mehta,ACCT2103254,2025-09-08 11:19:33,noise
debit,584.63,,BRANCH57,Raj Mehta,ACCT2103254,2025-09-08 17:41:49,noise
debit,2328.71,,BRANCH57,Raj Mehta,ACCT2103254,2025-09-07 20:14:18,noise
debit,1928.53,ACCT1128822,BRANCH57,Raj Mehta,ACCT2103254,2025-09-05 11:17:55,noise
debit,1235.43,,BRANCH57,Raj Mehta,ACCT2103254,2025-09-03 21:16:19,noise
credit,1177.74,,BRANCH57,Raj Mehta,ACCT2103254,2025-08-31 08:23:37,noise
debit,1165.76,,BRANCH57,Raj Mehta,ACCT2103254,2025-08-27 23:23:12,noise
debit,507.35,,BRANCH57,Raj Mehta,ACCT2103254,2025-08-25 20:32:29,noise
credit,1040.67,,BRANCH57,Raj Mehta,ACCT2103254,2025-08-23 11:02:12,noise
debit,532.76,,BRANCH57,Raj Mehta,ACCT2103254,2025-08-21 18:14:53,noise
credit,1171.65,ACCT1606377,BRANCH57,Raj Mehta,ACCT2103254,2025-08-20 15:25:08,noise
credit,557.68,,BRANCH57,Raj Mehta,ACCT2103254,2025-08-19 09:39:38,noise
debit,2199.74,,BRANCH87,Raj Mehta,ACCT2103254,2025-08-18 09:08:16,noise
debit,1210.85,,BRANCH57,Raj Mehta,ACCT2103254,2025-08-17 19:28:31,noise
credit,1774.16,,BRANCH80,Raj Mehta,ACCT2103254,2025-08-12 13:37:17,noise
debit,850.26,ACCT5346256,BRANCH57,Raj Mehta,ACCT2103254,2025-08-06 10:28:26,noise
credit,484.0,ACCT7955541,BRANCH57,Raj Mehta,ACCT2103254,2025-08-06 21:14:39,noise
debit,798.34,ACCT5378984,BRANCH75,Hugo Fischer,ACCT4179788,2025-10-03 14:34:29,noise
credit,1941.8,,BRANCH75,Hugo Fischer,ACCT4179788,2025-10-01 21:36:40,noise
credit,45.66,,BRANCH64,Hugo Fischer,ACCT4179788,2025-09-30 11:04:41,noise
credit,2525.7,ACCT7431920,BRANCH75,Hugo Fischer,ACCT4179788,2025-09-25 17:22:19,noise
credit,670.01,,BRANCH75,Hugo Fischer,ACCT4179788,2025-09-22 18:21:03,noise
credit,304.99,,BRANCH75,Hugo Fischer,ACCT4179788,2025-09-21 18:16:06,noise
debit,554.44,ACCT5257024,BRANCH75,Hugo Fischer,ACCT4179788,2025-09-20 01:34:29,noise
credit,470.12,,BRANCH78,Hugo Fischer,ACCT4179788,2025-09-20 23:34:04,noise
credit,972.22,,BRANCH75,Hugo Fischer,ACCT4179788,2025-09-19 12:06:22,noise
debit,958.45,,BRANCH52,Hugo Fischer,ACCT4179788,2025-09-19 22:26:32,noise
credit,265.39,,BRANCH39,Hugo Fischer,ACCT4179788,2025-09-17 09:00:58,noise
credit,286.64,,BRANCH75,Hugo Fischer,ACCT4179788,2025-09-14 11:40:30,noise
debit,710.43,,BRANCH75,Hugo Fischer,ACCT4179788,2025-09-14 10:07:03,noise
credit,318.47,,BRANCH75,Hugo Fischer,ACCT4179788,2025-09-08 19:25:11,noise
debit,468.32,ACCT4635334,BRANCH77,Hugo Fischer,ACCT4179788,2025-09-07 14:15:36,noise
debit,2473.32,,BRANCH89,Hugo Fischer,ACCT4179788,2025-09-07 12:35:01,noise
credit,1591.15,,BRANCH75,Hugo Fischer,ACCT4179788,2025-09-05 08:08:31,noise
debit,336.58,,BRANCH75,Hugo Fischer,ACCT4179788,2025-09-04 19:10:38,noise
debit,1283.28,ACCT1737518,BRANCH97,Hugo Fischer,ACCT4179788,2025-09-04 23:43:44,noise
credit,628.63,,BRANCH75,Hugo Fischer,ACCT4179788,2025-09-02 04:35:05,noise
debit,283.52,ACCT7704172,BRANCH75,Hugo Fischer,ACCT4179788,2025-09-01 20:39:12,noise
credit,654.59,ACCT7006438,BRANCH75,Hugo Fischer,ACCT4179788,2025-08-29 11:36:49,noise
credit,1454.72,,BRANCH75,Hugo Fischer,ACCT4179788,2025-08-29 09:24:40,noise
debit,612.74,ACCT4856104,BRANCH75,Hugo Fischer,ACCT4179788,2025-08-28 10:31:40,noise
credit,3525.1,,BRANCH75,Hugo Fischer,ACCT4179788,2025-08-28 08:34:38,noise
debit,2270.71,,BRANCH75,Hugo Fischer,ACCT4179788,2025-08-25 16:38:39,noise
debit,795.77,ACCT4765824,BRANCH58,Hugo Fischer,ACCT4179788,2025-08-20 17:06:39,noise
debit,644.33,,BRANCH75,Hugo Fischer,ACCT4179788,2025-08-16 02:10:18,noise
credit,639.21,ACCT1606377,BRANCH60,Hugo Fischer,ACCT4179788,2025-08-11 05:06:30,noise
credit,502.85,,BRANCH75,Hugo Fischer,ACCT4179788,2025-08-10 11:14:01,noise
credit,749.87,ACCT2089830,BRANCH75,Hugo Fischer,ACCT4179788,2025-08-10 14:21:38,noise
debit,452.92,,BRANCH23,Hugo Fischer,ACCT4179788,2025-08-08 22:05:04,noise
credit,485.01,,BRANCH40,Hugo Fischer,ACCT4179788,2025-08-08 18:43:57,noise
debit,2244.51,ACCT3116724,BRANCH90,Leo Unger,ACCT3163097,2025-09-30 20:11:25,noise
debit,550.51,,BRANCH90,Leo Unger,ACCT3163097,2025-09-24 22:30:28,noise
debit,790.07,,BRANCH90,Leo Unger,ACCT3163097,2025-09-24 17:35:23,noise
debit,83.27,,BRANCH90,Leo Unger,ACCT3163097,2025-09-23 14:19:53,noise
credit,758.32,ACCT4184981,BRANCH90,Leo Unger,ACCT3163097,2025-09-23 15:16:09,noise
credit,946.1,,BRANCH95,Leo Unger,ACCT3163097,2025-09-21 15:09:32,noise
debit,1368.19,ACCT1874716,BRANCH90,Leo Unger,ACCT3163097,2025-09-21 05:03:12,noise
credit,236.79,ACCT9556862,BRANCH90,Leo Unger,ACCT3163097,2025-09-19 13:23:03,noise
debit,293.3,ACCT1874716,BRANCH90,Leo Unger,ACCT3163097,2025-09-18 17:45:07,noise
debit,265.89,,BRANCH90,Leo Unger,ACCT3163097,2025-09-18 17:33:12,noise
debit,269.44,ACCT7586555,BRANCH90,Leo Unger,ACCT3163097,2025-09-16 17:23:27,noise
debit,719.92,ACCT4856104,BRANCH91,Leo Unger,ACCT3163097,2025-09-15 20:22:50,noise
debit,222.33,,BRANCH90,Leo Unger,ACCT3163097,2025-09-14 20:12:39,noise
debit,601.22,ACCT1737518,BRANCH90,Leo Unger,ACCT3163097,2025-09-14 14:38:56,noise
debit,2046.32,,BRANCH90,Leo Unger,ACCT3163097,2025-09-13 16:23:45,noise
debit,888.72,,BRANCH90,Leo Unger,ACCT3163097,2025-09-11 10:18:05,noise
debit,373.18,,BRANCH58,Leo Unger,ACCT3163097,2025-09-10 08:17:20,noise
debit,2224.77,ACCT9172994,BRANCH90,Leo Unger,ACCT3163097,2025-09-10 14:18:03,noise
debit,60.51,,BRANCH90,Leo Unger,ACCT3163097,2025-09-05 12:03:22,noise
debit,1748.6,ACCT6547115,BRANCH90,Leo Unger,ACCT3163097,2025-09-05 13:03:07,noise
credit,227.74,,BRANCH90,Leo Unger,ACCT3163097,2025-09-04 14:06:28,noise
debit,250.3,ACCT1122706,BRANCH90,Leo Unger,ACCT3163097,2025-09-04 21:12:48,noise
debit,427.34,,BRANCH28,Leo Unger,ACCT3163097,2025-09-03 16:02:12,noise
debit,215.57,,BRANCH90,Leo Unger,ACCT3163097,2025-09-02 08:13:21,noise
credit,992.83,ACCT6174570,BRANCH90,Leo Unger,ACCT3163097,2025-09-01 19:45:25,noise
debit,3000.0,ACCT3053327,BRANCH98,Leo Unger,ACCT3163097,2025-08-31 10:00:33,noise
debit,257.14,ACCT4179788,BRANCH58,Leo Unger,ACCT3163097,2025-08-28 09:42:31,noise
credit,323.59,,BRANCH90,Leo Unger,ACCT3163097,2025-08-27 18:31:52,noise
credit,3565.76,ACCT4303202,BRANCH90,Leo Unger,ACCT3163097,2025-08-27 15:07:10,noise
credit,1403.08,,BRANCH90,Leo Unger,ACCT3163097,2025-08-22 12:40:13,noise
credit,883.69,,BRANCH90,Leo Unger,ACCT3163097,2025-08-22 18:17:00,noise
credit,259.32,,BRANCH60,Leo Unger,ACCT3163097,2025-08-20 17:16:33,noise
debit,353.12,,BRANCH90,Leo Unger,ACCT3163097,2025-08-20 15:24:24,noise
credit,74.67,ACCT2592957,BRANCH90,Leo Unger,ACCT3163097,2025-08-18 17:27:41,noise
credit,2328.66,,BRANCH90,Leo Unger,ACCT3163097,2025-08-17 19:22:32,noise
credit,3072.67,,BRANCH90,Leo Unger,ACCT3163097,2025-08-14 04:05:49,noise
debit,486.28,ACCT7704172,BRANCH90,Leo Unger,ACCT3163097,2025-08-14 11:42:51,noise
debit,724.19,,BRANCH90,Leo Unger,ACCT3163097,2025-08-12 11:07:43,noise
debit,500.72,,BRANCH90,Leo Unger,ACCT3163097,2025-08-12 12:34:25,noise
credit,975.34,ACCT2718137,BRANCH90,Leo Unger,ACCT3163097,2025-08-11 15:45:08,noise
credit,1068.59,,BRANCH90,Leo Unger,ACCT3163097,2025-08-11 11:09:26,noise
debit,205.51,,BRANCH90,Leo Unger,ACCT3163097,2025-08-08 12:21:45,noise
credit,166.92,ACCT2415489,BRANCH90,Leo Unger,ACCT3163097,2025-08-07 20:20:52,noise
debit,521.62,,BRANCH18,Leo Unger,ACCT3163097,2025-08-07 17:28:40,noise
debit,969.98,ACCT8289537,BRANCH49,Leo Unger,ACCT3163097,2025-08-06 12:15:42,noise
credit,208.79,,BRANCH90,Leo Unger,ACCT3163097,2025-08-05 20:24:07,noise
credit,2955.07,,BRANCH10,Leo Unger,ACCT3163097,2025-08-05 12:15:06,noise
debit,591.32,,BRANCH15,Jin Okafor,ACCT8205473,2025-10-03 12:44:00,noise
debit,773.33,ACCT7572650,BRANCH86,Jin Okafor,ACCT8205473,2025-10-03 10:44:49,noise
debit,219.95,,BRANCH86,Jin Okafor,ACCT8205473,2025-10-02 17:03:24,noise
debit,533.15,ACCT4073101,BRANCH86,Jin Okafor,ACCT8205473,2025-09-29 02:03:03,noise
debit,717.14,,BRANCH86,Jin Okafor,ACCT8205473,2025-09-28 22:29:22,noise
credit,1629.6,ACCT2998648,BRANCH86,Jin Okafor,ACCT8205473,2025-09-27 16:04:34,noise
credit,3467.6,,BRANCH86,Jin Okafor,ACCT8205473,2025-09-26 20:21:18,noise
credit,1261.27,ACCT8809685,BRANCH86,Jin Okafor,ACCT8205473,2025-09-25 05:41:26,noise
debit,543.24,,BRANCH86,Jin Okafor,ACCT8205473,2025-09-25 10:03:00,noise
debit,754.21,,BRANCH86,Jin Okafor,ACCT8205473,2025-09-24 19:44:05,noise
debit,464.87,,BRANCH86,Jin Okafor,ACCT8205473,2025-09-24 09:29:31,noise
debit,3832.31,,BRANCH86,Jin Okafor,ACCT8205473,2025-09-21 09:44:21,noise
debit,1400.42,,BRANCH86,Jin Okafor,ACCT8205473,2025-09-19 12:00:01,noise
debit,489.57,,BRANCH86,Jin Okafor,ACCT8205473,2025-09-18 00:33:40,noise
credit,815.45,,BRANCH70,Jin Okafor,ACCT8205473,2025-09-18 09:44:16,noise
debit,1065.05,ACCT3001768,BRANCH86,Jin Okafor,ACCT8205473,2025-09-15 16:03:11,noise
credit,740.29,,BRANCH86,Jin Okafor,ACCT8205473,2025-09-15 22:17:52,noise
credit,370.51,,BRANCH86,Jin Okafor,ACCT8205473,2025-09-13 17:02:37,noise
credit,399.06,ACCT6589702,BRANCH40,Jin Okafor,ACCT8205473,2025-09-09 20:01:24,noise
credit,1966.18,,BRANCH86,Jin Okafor,ACCT8205473,2025-09-09 18:01:33,noise
credit,1897.69,,BRANCH62,Jin Okafor,ACCT8205473,2025-09-07 10:18:53,noise
debit,474.85,,BRANCH86,Jin Okafor,ACCT8205473,2025-09-04 11:24:47,noise
credit,500.32,,BRANCH86,Jin Okafor,ACCT8205473,2025-09-03 17:10:22,noise
credit,2250.17,,BRANCH86,Jin Okafor,ACCT8205473,2025-08-31 18:35:17,noise
debit,163.1,ACCT8809685,BRANCH86,Jin Okafor,ACCT8205473,2025-08-29 03:33:39,noise
debit,246.25,,BRANCH86,Jin Okafor,ACCT8205473,2025-08-29 17:15:39,noise
credit,136.01,,BRANCH86,Jin Okafor,ACCT8205473,2025-08-21 23:06:31,noise
credit,543.13,,BRANCH62,Jin Okafor,ACCT8205473,2025-08-17 12:43:54,noise
debit,167.69,,BRANCH86,Jin Okafor,ACCT8205473,2025-08-12 09:15:58,noise
credit,606.62,,BRANCH86,Jin Okafor,ACCT8205473,2025-08-09 17:41:10,noise
debit,1495.34,,BRANCH86,Jin Okafor,ACCT8205473,2025-08-09 18:26:21,noise
debit,3702.15,,BRANCH46,Jin Okafor,ACCT8205473,2025-08-06 13:40:28,noise
debit,586.12,,BRANCH84,Jin Lopes,ACCT7696485,2025-10-03 18:02:30,noise
debit,726.84,,BRANCH84,Jin Lopes,ACCT7696485,2025-10-03 16:28:11,noise
debit,1069.13,,BRANCH77,Jin Lopes,ACCT7696485,2025-09-27 21:24:35,noise
credit,140.1,,BRANCH86,Jin Lopes,ACCT7696485,2025-09-21 11:28:19,noise
credit,243.05,ACCT9518841,BRANCH84,Jin Lopes,ACCT7696485,2025-09-20 17:01:22,noise
credit,1342.99,,BRANCH84,Jin Lopes,ACCT7696485,2025-09-20 13:18:49,noise
debit,392.68,,BRANCH84,Jin Lopes,ACCT7696485,2025-09-18 13:26:19,noise
debit,928.6,,BRANCH97,Jin Lopes,ACCT7696485,2025-09-18 20:43:02,noise
credit,115.29,,BRANCH84,Jin Lopes,ACCT7696485,2025-09-17 09:06:35,noise
debit,795.41,,BRANCH84,Jin Lopes,ACCT7696485,2025-09-16 12:07:08,noise
credit,1497.3,ACCT2415489,BRANCH28,Jin Lopes,ACCT7696485,2025-09-16 16:05:26,noise
debit,238.42,,BRANCH88,Jin Lopes,ACCT7696485,2025-09-15 13:02:20,noise
credit,811.98,,BRANCH17,Jin Lopes,ACCT7696485,2025-09-14 14:20:42,noise
credit,713.14,,BRANCH72,Jin Lopes,ACCT7696485,2025-09-13 15:43:09,noise
credit,698.53,,BRANCH84,Jin Lopes,ACCT7696485,2025-09-07 16:25:40,noise
credit,843.74,,BRANCH84,Jin Lopes,ACCT7696485,2025-09-05 23:38:13,noise
debit,570.65,,BRANCH84,Jin Lopes,ACCT7696485,2025-09-01 11:10:42,noise
debit,868.73,,BRANCH84,Jin Lopes,ACCT7696485,2025-08-31 20:25:48,noise
credit,1483.28,,BRANCH84,Jin Lopes,ACCT7696485,2025-08-30 16:01:53,noise
credit,791.39,,BRANCH84,Jin Lopes,ACCT7696485,2025-08-30 19:35:11,noise
debit,635.0,,BRANCH84,Jin Lopes,ACCT7696485,2025-08-27 16:21:45,noise
debit,1732.62,,BRANCH53,Jin Lopes,ACCT7696485,2025-08-27 03:14:41,noise
debit,782.45,,BRANCH84,Jin Lopes,ACCT7696485,2025-08-22 10:17:09,noise
debit,534.51,,BRANCH63,Jin Lopes,ACCT7696485,2025-08-20 11:18:11,noise
debit,444.86,,BRANCH84,Jin Lopes,ACCT7696485,2025-08-20 13:16:49,noise
credit,3224.2,,BRANCH84,Jin Lopes,ACCT7696485,2025-08-16 18:43:34,noise
debit,403.96,,BRANCH84,Jin Lopes,ACCT7696485,2025-08-13 20:43:30,noise
credit,312.08,,BRANCH84,Jin Lopes,ACCT7696485,2025-08-13 17:16:29,noise
credit,325.66,ACCT9518841,BRANCH77,Jin Lopes,ACCT7696485,2025-08-12 09:24:31,noise
credit,391.57,,BRANCH84,Jin Lopes,ACCT7696485,2025-08-10 17:07:30,noise
debit,344.43,ACCT3237994,BRANCH84,Jin Lopes,ACCT7696485,2025-08-08 15:22:28,noise
credit,829.25,,BRANCH79,Sara Bakker,ACCT1307956,2025-10-01 18:04:18,noise
debit,703.84,,BRANCH79,Sara Bakker,ACCT1307956,2025-09-29 19:20:28,noise
debit,2500.9,,BRANCH79,Sara Bakker,ACCT1307956,2025-09-27 17:29:50,noise
credit,5007.46,,BRANCH79,Sara Bakker,ACCT1307956,2025-09-25 05:34:28,noise
credit,423.06,,BRANCH79,Sara Bakker,ACCT1307956,2025-09-25 14:00:52,noise
debit,629.44,,BRANCH79,Sara Bakker,ACCT1307956,2025-09-24 12:31:03,noise
debit,1599.62,ACCT5202843,BRANCH79,Sara Bakker,ACCT1307956,2025-09-20 19:01:04,noise
debit,341.93,ACCT3736291,BRANCH77,Sara Bakker,ACCT1307956,2025-09-18 23:36:23,noise
debit,1624.57,,BRANCH79,Sara Bakker,ACCT1307956,2025-09-16 14:26:24,noise
debit,311.68,,BRANCH79,Sara Bakker,ACCT1307956,2025-09-11 12:10:40,noise
credit,288.24,,BRANCH79,Sara Bakker,ACCT1307956,2025-09-10 14:05:34,noise
debit,860.48,ACCT3053327,BRANCH46,Sara Bakker,ACCT1307956,2025-09-10 18:34:34,noise
debit,1048.2,,BRANCH74,Sara Bakker,ACCT1307956,2025-09-08 23:23:17,noise
credit,1593.04,,BRANCH24,Sara Bakker,ACCT1307956,2025-09-04 13:18:39,noise
debit,200.49,,BRANCH79,Sara Bakker,ACCT1307956,2025-09-03 04:45:09,noise
debit,554.11,,BRANCH79,Sara Bakker,ACCT1307956,2025-09-03 19:09:11,noise
credit,352.52,ACCT3116724,BRANCH79,Sara Bakker,ACCT1307956,2025-09-01 20:29:01,noise
debit,1309.15,,BRANCH79,Sara Bakker,ACCT1307956,2025-08-30 08:32:18,noise
debit,1057.75,,BRANCH92,Sara Bakker,ACCT1307956,2025-08-30 23:45:23,noise
debit,589.11,,BRANCH79,Sara Bakker,ACCT1307956,2025-08-29 20:35:27,noise
debit,716.41,,BRANCH79,Sara Bakker,ACCT1307956,2025-08-27 18:27:46,noise
credit,812.8,,BRANCH43,Sara Bakker,ACCT1307956,2025-08-27 22:34:18,noise
debit,301.77,,BRANCH79,Sara Bakker,ACCT1307956,2025-08-23 18:20:01,noise
credit,511.33,,BRANCH55,Sara Bakker,ACCT1307956,2025-08-18 09:00:23,noise
debit,173.69,,BRANCH79,Sara Bakker,ACCT1307956,2025-08-18 03:44:39,noise
credit,856.49,,BRANCH79,Sara Bakker,ACCT1307956,2025-08-17 18:15:51,noise
debit,693.53,,BRANCH79,Sara Bakker,ACCT1307956,2025-08-15 16:06:25,noise
credit,1612.84,ACCT7704172,BRANCH79,Sara Bakker,ACCT1307956,2025-08-14 12:02:47,noise
credit,644.33,,BRANCH78,Sara Bakker,ACCT1307956,2025-08-14 10:13:35,noise
debit,356.82,,BRANCH79,Sara Bakker,ACCT1307956,2025-08-10 18:19:26,noise
debit,591.58,,BRANCH79,Sara Bakker,ACCT1307956,2025-08-04 13:31:51,noise
debit,1587.8,,BRANCH53,Kai Silva,ACCT6188134,2025-10-03 20:37:46,noise
debit,826.26,,BRANCH53,Kai Silva,ACCT6188134,2025-10-01 20:35:46,noise
credit,546.74,,BRANCH53,Kai Silva,ACCT6188134,2025-09-30 13:03:23,noise
debit,4072.32,,BRANCH56,Kai Silva,ACCT6188134,2025-09-30 15:34:51,noise
credit,1594.72,,BRANCH53,Kai Silva,ACCT6188134,2025-09-26 22:36:15,noise
debit,936.08,,BRANCH53,Kai Silva,ACCT6188134,2025-09-26 22:01:46,noise
debit,2519.81,,BRANCH53,Kai Silva,ACCT6188134,2025-09-25 21:36:33,noise
debit,666.88,,BRANCH53,Kai Silva,ACCT6188134,2025-09-25 14:02:38,noise
credit,309.53,,BRANCH53,Kai Silva,ACCT6188134,2025-09-22 13:35:18,noise
credit,232.01,,BRANCH53,Kai Silva,ACCT6188134,2025-09-22 17:12:28,noise
debit,215.25,,BRANCH68,Kai Silva,ACCT6188134,2025-09-21 20:16:57,noise
debit,420.97,,BRANCH63,Kai Silva,ACCT6188134,2025-09-20 18:41:36,noise
debit,978.16,,BRANCH53,Kai Silva,ACCT6188134,2025-09-20 17:23:50,noise
credit,506.44,,BRANCH53,Kai Silva,ACCT6188134,2025-09-17 01:00:03,noise
credit,1404.26,,BRANCH47,Kai Silva,ACCT6188134,2025-09-15 20:20:23,noise
debit,829.37,ACCT3512106,BRANCH99,Kai Silva,ACCT6188134,2025-09-15 09:27:57,noise
debit,962.38,,BRANCH53,Kai Silva,ACCT6188134,2025-09-14 12:06:42,noise
debit,534.97,,BRANCH53,Kai Silva,ACCT6188134,2025-09-11 20:29:17,noise
credit,2366.88,,BRANCH53,Kai Silva,ACCT6188134,2025-09-10 16:33:36,noise
debit,486.6,,BRANCH53,Kai Silva,ACCT6188134,2025-09-09 17:08:42,noise
credit,772.87,,BRANCH69,Kai Silva,ACCT6188134,2025-09-09 12:18:48,noise
credit,272.9,,BRANCH53,Kai Silva,ACCT6188134,2025-09-08 11:08:36,noise
credit,236.02,,BRANCH53,Kai Silva,ACCT6188134,2025-09-07 13:21:18,noise
debit,161.26,,BRANCH21,Kai Silva,ACCT6188134,2025-09-06 10:22:17,noise
debit,2776.94,ACCT1278957,BRANCH80,Kai Silva,ACCT6188134,2025-09-06 15:40:12,noise
debit,3000.0,ACCT7006438,BRANCH18,Kai Silva,ACCT6188134,2025-09-04 12:08:42,noise
debit,485.77,,BRANCH53,Kai Silva,ACCT6188134,2025-09-01 10:02:05,noise
credit,4190.9,,BRANCH61,Kai Silva,ACCT6188134,2025-08-28 11:43:32,noise
debit,566.45,,BRANCH23,Kai Silva,ACCT6188134,2025-08-28 10:14:43,noise
credit,214.23,ACCT5257024,BRANCH53,Kai Silva,ACCT6188134,2025-08-27 11:39:21,noise
debit,894.64,ACCT7549473,BRANCH53,Kai Silva,ACCT6188134,2025-08-27 19:24:02,noise
debit,2865.84,,BRANCH53,Kai Silva,ACCT6188134,2025-08-25 13:06:56,noise
debit,303.33,,BRANCH62,Kai Silva,ACCT6188134,2025-08-24 16:45:52,noise
credit,565.1,ACCT2592957,BRANCH25,Kai Silva,ACCT6188134,2025-08-24 11:28:37,noise
credit,110.52,,BRANCH53,Kai Silva,ACCT6188134,2025-08-23 08:42:51,noise
credit,4083.34,,BRANCH20,Kai Silva,ACCT6188134,2025-08-22 05:20:28,noise
credit,1256.46,ACCT3736291,BRANCH53,Kai Silva,ACCT6188134,2025-08-22 22:02:00,noise
debit,1092.77,,BRANCH89,Kai Silva,ACCT6188134,2025-08-17 04:02:56,noise
credit,922.03,,BRANCH53,Kai Silva,ACCT6188134,2025-08-17 16:42:47,noise
credit,1008.92,,BRANCH53,Kai Silva,ACCT6188134,2025-08-15 11:34:22,noise
credit,889.04,,BRANCH53,Kai Silva,ACCT6188134,2025-08-15 22:00:55,noise
credit,388.36,,BRANCH53,Kai Silva,ACCT6188134,2025-08-13 16:28:04,noise
credit,3121.36,ACCT7431920,BRANCH53,Kai Silva,ACCT6188134,2025-08-06 13:17:52,noise
debit,501.26,,BRANCH42,Kai Silva,ACCT6188134,2025-08-06 15:44:16,noise
credit,1748.41,,BRANCH74,Grace Meyer,ACCT5257024,2025-10-03 08:36:49,noise
debit,147.63,,BRANCH74,Grace Meyer,ACCT5257024,2025-10-02 19:43:46,noise
debit,787.68,,BRANCH74,Grace Meyer,ACCT5257024,2025-10-02 09:14:54,noise
credit,437.58,,BRANCH91,Grace Meyer,ACCT5257024,2025-10-01 14:35:21,noise
credit,1067.39,,BRANCH74,Grace Meyer,ACCT5257024,2025-09-30 13:16:56,noise
debit,68.24,,BRANCH74,Grace Meyer,ACCT5257024,2025-09-30 19:26:52,noise
credit,723.99,,BRANCH74,Grace Meyer,ACCT5257024,2025-09-28 13:22:38,noise
credit,284.06,,BRANCH34,Grace Meyer,ACCT5257024,2025-09-22 08:41:07,noise
credit,248.96,ACCT5017009,BRANCH74,Grace Meyer,ACCT5257024,2025-09-21 16:19:58,noise
credit,673.75,,BRANCH74,Grace Meyer,ACCT5257024,2025-09-19 10:42:56,noise
debit,294.19,,BRANCH54,Grace Meyer,ACCT5257024,2025-09-18 16:05:06,noise
debit,649.08,ACCT7704172,BRANCH68,Grace Meyer,ACCT5257024,2025-09-18 08:23:23,noise
debit,287.43,,BRANCH74,Grace Meyer,ACCT5257024,2025-09-17 13:33:34,noise
debit,916.37,ACCT6894151,BRANCH74,Grace Meyer,ACCT5257024,2025-09-16 11:41:05,noise
debit,1100.65,,BRANCH74,Grace Meyer,ACCT5257024,2025-09-15 08:06:42,noise
credit,610.9,,BRANCH74,Grace Meyer,ACCT5257024,2025-09-13 22:11:50,noise
credit,62.8,,BRANCH26,Grace Meyer,ACCT5257024,2025-09-11 11:38:33,noise
credit,3630.03,ACCT6547115,BRANCH74,Grace Meyer,ACCT5257024,2025-09-11 08:30:09,noise
credit,165.66,,BRANCH74,Grace Meyer,ACCT5257024,2025-09-10 15:30:43,noise
debit,127.16,,BRANCH74,Grace Meyer,ACCT5257024,2025-09-06 15:08:22,noise
debit,554.37,ACCT9044513,BRANCH74,Grace Meyer,ACCT5257024,2025-09-04 18:15:48,noise
credit,275.86,,BRANCH74,Grace Meyer,ACCT5257024,2025-08-28 09:26:17,noise
debit,203.45,ACCT7572650,BRANCH74,Grace Meyer,ACCT5257024,2025-08-26 12:33:34,noise
debit,1216.04,ACCT7586555,BRANCH74,Grace Meyer,ACCT5257024,2025-08-24 13:27:45,noise
debit,260.24,,BRANCH74,Grace Meyer,ACCT5257024,2025-08-20 20:37:41,noise
debit,218.51,,BRANCH74,Grace Meyer,ACCT5257024,2025-08-20 11:30:33,noise
debit,294.83,,BRANCH74,Grace Meyer,ACCT5257024,2025-08-19 20:06:52,noise
credit,1000.09,,BRANCH50,Grace Meyer,ACCT5257024,2025-08-17 19:38:54,noise
credit,1477.73,,BRANCH52,Grace Meyer,ACCT5257024,2025-08-17 23:40:08,noise
credit,492.49,,BRANCH74,Grace Meyer,ACCT5257024,2025-08-15 13:23:56,noise
credit,576.37,,BRANCH74,Grace Meyer,ACCT5257024,2025-08-14 21:36:19,noise
credit,386.2,ACCT9643062,BRANCH74,Grace Meyer,ACCT5257024,2025-08-12 08:01:33,noise
credit,1713.65,,BRANCH26,Grace Meyer,ACCT5257024,2025-08-11 04:04:42,noise
credit,799.13,,BRANCH74,Grace Meyer,ACCT5257024,2025-08-10 16:01:11,noise
credit,1344.4,,BRANCH48,Grace Meyer,ACCT5257024,2025-08-06 09:21:48,noise
credit,1674.33,,BRANCH77,Sara Haddad,ACCT4856104,2025-10-03 15:15:08,noise
debit,2365.75,,BRANCH94,Sara Haddad,ACCT4856104,2025-10-01 14:21:58,noise
credit,256.87,,BRANCH55,Sara Haddad,ACCT4856104,2025-09-30 02:09:12,noise
credit,813.58,,BRANCH94,Sara Haddad,ACCT4856104,2025-09-30 13:24:16,noise
credit,523.94,ACCT3001768,BRANCH94,Sara Haddad,ACCT4856104,2025-09-28 16:16:52,noise
debit,1790.19,,BRANCH94,Sara Haddad,ACCT4856104,2025-09-28 17:17:13,noise
debit,634.54,,BRANCH94,Sara Haddad,ACCT4856104,2025-09-24 02:27:38,noise
credit,204.34,,BRANCH50,Sara Haddad,ACCT4856104,2025-09-22 18:35:18,noise
credit,638.41,,BRANCH94,Sara Haddad,ACCT4856104,2025-09-19 13:23:43,noise
debit,184.78,,BRANCH94,Sara Haddad,ACCT4856104,2025-09-19 23:39:52,noise
credit,285.97,ACCT2075659,BRANCH63,Sara Haddad,ACCT4856104,2025-09-17 04:27:26,noise
credit,406.04,,BRANCH77,Sara Haddad,ACCT4856104,2025-09-16 19:27:14,noise
debit,528.25,,BRANCH40,Sara Haddad,ACCT4856104,2025-09-13 05:01:51,noise
debit,449.87,,BRANCH94,Sara Haddad,ACCT4856104,2025-09-12 12:10:43,noise
debit,676.76,,BRANCH94,Sara Haddad,ACCT4856104,2025-09-11 14:21:07,noise
debit,564.12,,BRANCH50,Sara Haddad,ACCT4856104,2025-09-09 22:11:16,noise
debit,1666.54,,BRANCH94,Sara Haddad,ACCT4856104,2025-09-08 12:19:57,noise
debit,1249.86,,BRANCH94,Sara Haddad,ACCT4856104,2025-09-08 21:35:18,noise
credit,487.49,,BRANCH94,Sara Haddad,ACCT4856104,2025-09-05 11:22:33,noise
credit,285.01,,BRANCH64,Sara Haddad,ACCT4856104,2025-09-01 13:43:10,noise
debit,633.9,,BRANCH48,Sara Haddad,ACCT4856104,2025-08-30 00:31:18,noise
debit,361.29,ACCT9556862,BRANCH94,Sara Haddad,ACCT4856104,2025-08-29 11:42:34,noise
debit,1384.05,,BRANCH49,Sara Haddad,ACCT4856104,2025-08-27 22:24:48,noise
credit,1253.9,,BRANCH94,Sara Haddad,ACCT4856104,2025-08-27 19:37:29,noise
debit,966.3,,BRANCH94,Sara Haddad,ACCT4856104,2025-08-26 13:38:42,noise
credit,357.99,,BRANCH94,Sara Haddad,ACCT4856104,2025-08-26 08:22:52,noise
credit,2780.57,,BRANCH94,Sara Haddad,ACCT4856104,2025-08-23 09:37:31,noise
credit,1062.17,ACCT5579418,BRANCH94,Sara Haddad,ACCT4856104,2025-08-23 20:14:02,noise
debit,460.7,,BRANCH94,Sara Haddad,ACCT4856104,2025-08-21 10:04:11,noise
debit,725.17,,BRANCH94,Sara Haddad,ACCT4856104,2025-08-19 15:11:24,noise
credit,346.24,,BRANCH45,Sara Haddad,ACCT4856104,2025-08-18 18:43:33,noise
credit,1081.15,ACCT8248646,BRANCH94,Sara Haddad,ACCT4856104,2025-08-14 14:13:09,noise
debit,1440.03,ACCT6279206,BRANCH94,Sara Haddad,ACCT4856104,2025-08-13 19:42:22,noise
credit,920.8,,BRANCH94,Sara Haddad,ACCT4856104,2025-08-13 11:35:35,noise
credit,761.02,,BRANCH94,Sara Haddad,ACCT4856104,2025-08-11 08:00:40,noise
credit,481.71,,BRANCH94,Sara Haddad,ACCT4856104,2025-08-09 13:14:46,noise
debit,1378.37,,BRANCH94,Sara Haddad,ACCT4856104,2025-08-09 18:07:25,noise
debit,927.24,,BRANCH42,Tomas Gomes,ACCT7361676,2025-09-30 14:44:42,noise
credit,2859.62,,BRANCH94,Tomas Gomes,ACCT7361676,2025-09-30 10:10:55,noise
debit,297.74,,BRANCH94,Tomas Gomes,ACCT7361676,2025-09-27 08:12:27,noise
debit,1263.32,,BRANCH94,Tomas Gomes,ACCT7361676,2025-09-22 16:10:56,noise
debit,1142.61,ACCT1606377,BRANCH94,Tomas Gomes,ACCT7361676,2025-09-22 12:15:01,noise
debit,92.39,ACCT3237994,BRANCH94,Tomas Gomes,ACCT7361676,2025-09-21 10:23:00,noise
debit,727.07,,BRANCH94,Tomas Gomes,ACCT7361676,2025-09-21 18:35:49,noise
debit,1022.5,,BRANCH22,Tomas Gomes,ACCT7361676,2025-09-20 10:34:02,noise
debit,499.9,,BRANCH94,Tomas Gomes,ACCT7361676,2025-09-16 19:32:07,noise
credit,362.08,,BRANCH94,Tomas Gomes,ACCT7361676,2025-09-16 13:05:17,noise
debit,839.4,ACCT4934596,BRANCH42,Tomas Gomes,ACCT7361676,2025-09-13 08:14:53,noise
credit,206.61,,BRANCH94,Tomas Gomes,ACCT7361676,2025-09-11 17:15:00,noise
credit,377.15,ACCT6188134,BRANCH61,Tomas Gomes,ACCT7361676,2025-09-10 16:14:58,noise
debit,1003.42,,BRANCH94,Tomas Gomes,ACCT7361676,2025-09-08 16:29:45,noise
debit,1064.9,,BRANCH94,Tomas Gomes,ACCT7361676,2025-09-03 16:08:28,noise
debit,1623.72,ACCT8205473,BRANCH94,Tomas Gomes,ACCT7361676,2025-09-01 05:02:08,noise
debit,232.25,ACCT2998648,BRANCH94,Tomas Gomes,ACCT7361676,2025-09-01 12:39:51,noise
credit,2534.2,,BRANCH94,Tomas Gomes,ACCT7361676,2025-08-23 11:28:36,noise
debit,695.28,,BRANCH94,Tomas Gomes,ACCT7361676,2025-08-23 13:07:58,noise
credit,664.83,ACCT9556862,BRANCH94,Tomas Gomes,ACCT7361676,2025-08-22 15:44:39,noise
credit,1140.18,ACCT1122706,BRANCH94,Tomas Gomes,ACCT7361676,2025-08-21 12:13:44,noise
credit,1590.66,ACCT1874716,BRANCH94,Tomas Gomes,ACCT7361676,2025-08-19 13:42:07,noise
credit,826.11,ACCT4856104,BRANCH94,Tomas Gomes,ACCT7361676,2025-08-18 13:44:59,noise
credit,759.27,,BRANCH94,Tomas Gomes,ACCT7361676,2025-08-17 01:31:20,noise
debit,3160.56,,BRANCH94,Tomas Gomes,ACCT7361676,2025-08-15 22:37:54,noise
debit,451.03,,BRANCH47,Tomas Gomes,ACCT7361676,2025-08-13 08:09:24,noise
credit,239.65,,BRANCH94,Tomas Gomes,ACCT7361676,2025-08-06 16:32:40,noise
debit,1152.24,,BRANCH94,Tomas Gomes,ACCT7361676,2025-08-05 12:37:17,noise
credit,1116.27,,BRANCH26,Ravi Rossi,ACCT1786794,2025-10-03 13:25:49,noise
credit,3057.04,ACCT5346256,BRANCH26,Ravi Rossi,ACCT1786794,2025-10-03 18:09:27,noise
credit,130.14,,BRANCH26,Ravi Rossi,ACCT1786794,2025-10-01 08:36:35,noise
debit,377.12,,BRANCH26,Ravi Rossi,ACCT1786794,2025-09-29 14:00:02,noise
credit,499.22,ACCT7572650,BRANCH98,Ravi Rossi,ACCT1786794,2025-09-29 00:00:24,noise
credit,467.36,,BRANCH82,Ravi Rossi,ACCT1786794,2025-09-26 16:25:15,noise
debit,437.6,,BRANCH26,Ravi Rossi,ACCT1786794,2025-09-24 11:10:12,noise
debit,445.29,,BRANCH26,Ravi Rossi,ACCT1786794,2025-09-23 17:01:17,noise
credit,1917.44,,BRANCH26,Ravi Rossi,ACCT1786794,2025-09-22 15:42:16,noise
debit,316.66,,BRANCH26,Ravi Rossi,ACCT1786794,2025-09-20 18:45:44,noise
credit,631.15,,BRANCH99,Ravi Rossi,ACCT1786794,2025-09-18 17:18:11,noise
debit,2294.46,,BRANCH26,Ravi Rossi,ACCT1786794,2025-09-15 05:02:31,noise
debit,405.58,,BRANCH26,Ravi Rossi,ACCT1786794,2025-09-14 20:33:00,noise
debit,754.06,,BRANCH26,Ravi Rossi,ACCT1786794,2025-09-13 18:44:31,noise
credit,849.81,,BRANCH55,Ravi Rossi,ACCT1786794,2025-09-12 12:30:01,noise
credit,532.87,ACCT6352691,BRANCH82,Ravi Rossi,ACCT1786794,2025-09-11 16:11:39,noise
debit,951.9,ACCT8688797,BRANCH26,Ravi Rossi,ACCT1786794,2025-09-11 11:21:55,noise
debit,389.85,,BRANCH65,Ravi Rossi,ACCT1786794,2025-09-10 23:15:21,noise
debit,3537.85,,BRANCH50,Ravi Rossi,ACCT1786794,2025-09-10 11:36:31,noise
debit,717.7,,BRANCH26,Ravi Rossi,ACCT1786794,2025-09-09 23:33:04,noise
credit,240.41,,BRANCH26,Ravi Rossi,ACCT1786794,2025-09-09 15:26:37,noise
debit,2281.46,ACCT1128822,BRANCH26,Ravi Rossi,ACCT1786794,2025-09-07 21:18:02,noise
debit,157.76,,BRANCH26,Ravi Rossi,ACCT1786794,2025-09-06 16:20:17,noise
credit,869.5,ACCT6246793,BRANCH92,Ravi Rossi,ACCT1786794,2025-09-06 05:03:42,noise
debit,896.51,ACCT7095170,BRANCH26,Ravi Rossi,ACCT1786794,2025-09-05 19:40:39,noise
credit,255.93,,BRANCH26,Ravi Rossi,ACCT1786794,2025-09-05 08:11:40,noise
credit,1113.32,,BRANCH26,Ravi Rossi,ACCT1786794,2025-09-03 15:04:44,noise
credit,5129.73,,BRANCH95,Ravi Rossi,ACCT1786794,2025-09-03 03:16:03,noise
credit,827.07,ACCT1606377,BRANCH26,Ravi Rossi,ACCT1786794,2025-08-27 19:06:34,noise
credit,2447.2,,BRANCH26,Ravi Rossi,ACCT1786794,2025-08-19 11:24:56,noise
credit,162.97,,BRANCH26,Ravi Rossi,ACCT1786794,2025-08-18 12:16:20,noise
debit,1118.21,,BRANCH26,Ravi Rossi,ACCT1786794,2025-08-15 11:15:48,noise
credit,1706.94,ACCT9044513,BRANCH26,Ravi Rossi,ACCT1786794,2025-08-15 16:21:11,noise
credit,726.29,,BRANCH55,Ravi Rossi,ACCT1786794,2025-08-14 09:04:51,noise
credit,3895.68,,BRANCH26,Ravi Rossi,ACCT1786794,2025-08-11 16:27:58,noise
debit,751.61,ACCT6751841,BRANCH98,Ravi Rossi,ACCT1786794,2025-08-11 15:01:54,noise
debit,283.28,ACCT9556862,BRANCH26,Ravi Rossi,ACCT1786794,2025-08-10 17:28:27,noise
debit,386.41,,BRANCH46,Ravi Rossi,ACCT1786794,2025-08-10 21:10:18,noise
credit,323.06,,BRANCH26,Ravi Rossi,ACCT1786794,2025-08-09 13:43:05,noise
debit,362.06,,BRANCH26,Ravi Rossi,ACCT1786794,2025-08-09 10:26:20,noise
debit,720.66,,BRANCH26,Ravi Rossi,ACCT1786794,2025-08-08 21:17:44,noise
debit,693.93,,BRANCH11,Ravi Rossi,ACCT1786794,2025-08-07 05:13:41,noise
debit,199.16,,BRANCH26,Ravi Rossi,ACCT1786794,2025-08-05 11:27:54,noise
credit,1883.67,ACCT4073101,BRANCH81,Ivy Unger,ACCT3912525,2025-09-30 17:17:08,noise
debit,655.28,,BRANCH81,Ivy Unger,ACCT3912525,2025-09-28 09:43:14,noise
debit,486.73,ACCT5661962,BRANCH45,Ivy Unger,ACCT3912525,2025-09-23 12:26:16,noise
credit,3014.79,,BRANCH81,Ivy Unger,ACCT3912525,2025-09-22 11:14:14,noise
debit,259.04,,BRANCH81,Ivy Unger,ACCT3912525,2025-09-21 03:06:26,noise
credit,947.05,,BRANCH81,Ivy Unger,ACCT3912525,2025-09-21 17:16:06,noise
credit,1499.57,,BRANCH81,Ivy Unger,ACCT3912525,2025-09-20 12:04:37,noise
credit,2222.91,,BRANCH81,Ivy Unger,ACCT3912525,2025-09-18 17:34:31,noise
debit,202.49,,BRANCH81,Ivy Unger,ACCT3912525,2025-09-18 09:07:19,noise
debit,283.14,,BRANCH70,Ivy Unger,ACCT3912525,2025-09-17 14:10:12,noise
credit,1364.28,,BRANCH81,Ivy Unger,ACCT3912525,2025-09-17 17:18:04,noise
credit,508.4,,BRANCH81,Ivy Unger,ACCT3912525,2025-09-12 10:05:46,noise
debit,310.5,ACCT7704172,BRANCH39,Ivy Unger,ACCT3912525,2025-09-11 08:05:37,noise
credit,926.88,,BRANCH81,Ivy Unger,ACCT3912525,2025-09-10 10:43:23,noise
credit,624.37,,BRANCH80,Ivy Unger,ACCT3912525,2025-09-08 16:19:49,noise
debit,1384.34,,BRANCH81,Ivy Unger,ACCT3912525,2025-09-06 14:16:54,noise
debit,1055.47,,BRANCH81,Ivy Unger,ACCT3912525,2025-09-05 23:44:32,noise
debit,517.15,,BRANCH51,Ivy Unger,ACCT3912525,2025-09-05 18:36:50,noise
credit,465.31,ACCT1688404,BRANCH81,Ivy Unger,ACCT3912525,2025-09-04 16:35:06,noise
debit,163.19,,BRANCH81,Ivy Unger,ACCT3912525,2025-08-30 15:04:17,noise
debit,306.42,ACCT3512106,BRANCH81,Ivy Unger,ACCT3912525,2025-08-28 23:28:34,noise
debit,338.91,ACCT3149040,BRANCH81,Ivy Unger,ACCT3912525,2025-08-26 15:03:21,noise
credit,101.53,ACCT3116724,BRANCH81,Ivy Unger,ACCT3912525,2025-08-23 01:15:31,noise
credit,349.86,,BRANCH81,Ivy Unger,ACCT3912525,2025-08-23 15:05:24,noise
credit,64.96,,BRANCH81,Ivy Unger,ACCT3912525,2025-08-22 17:39:46,noise
credit,211.71,ACCT2066085,BRANCH97,Ivy Unger,ACCT3912525,2025-08-22 20:08:42,noise
credit,3159.33,,BRANCH57,Ivy Unger,ACCT3912525,2025-08-19 12:37:29,noise
debit,356.61,ACCT8809685,BRANCH81,Ivy Unger,ACCT3912525,2025-08-17 18:40:00,noise
debit,1293.42,,BRANCH81,Ivy Unger,ACCT3912525,2025-08-17 09:17:40,noise
credit,5429.63,,BRANCH81,Ivy Unger,ACCT3912525,2025-08-14 08:25:06,noise
credit,1087.33,ACCT4947646,BRANCH81,Ivy Unger,ACCT3912525,2025-08-12 16:10:09,noise
debit,577.3,,BRANCH81,Ivy Unger,ACCT3912525,2025-08-12 10:37:05,noise
debit,960.47,ACCT7361676,BRANCH81,Ivy Unger,ACCT3912525,2025-08-06 08:01:30,noise
credit,908.02,,BRANCH61,Elena Haddad,ACCT1587032,2025-10-02 13:44:31,noise
debit,552.83,ACCT2103254,BRANCH66,Elena Haddad,ACCT1587032,2025-09-30 00:43:11,noise
credit,1114.07,,BRANCH54,Elena Haddad,ACCT1587032,2025-09-28 21:44:11,noise
credit,269.37,,BRANCH61,Elena Haddad,ACCT1587032,2025-09-28 15:07:14,noise
debit,3597.58,,BRANCH61,Elena Haddad,ACCT1587032,2025-09-24 10:09:46,noise
credit,1045.38,,BRANCH61,Elena Haddad,ACCT1587032,2025-09-23 14:24:53,noise
credit,202.2,,BRANCH61,Elena Haddad,ACCT1587032,2025-09-22 17:01:32,noise
debit,917.61,,BRANCH61,Elena Haddad,ACCT1587032,2025-09-22 16:06:23,noise
credit,627.19,ACCT5346256,BRANCH61,Elena Haddad,ACCT1587032,2025-09-19 10:15:00,noise
debit,812.69,,BRANCH61,Elena Haddad,ACCT1587032,2025-09-19 10:26:46,noise
credit,86.11,,BRANCH53,Elena Haddad,ACCT1587032,2025-09-15 12:04:33,noise
credit,2483.05,,BRANCH61,Elena Haddad,ACCT1587032,2025-09-15 01:15:55,noise
credit,2641.37,,BRANCH61,Elena Haddad,ACCT1587032,2025-09-14 02:38:33,noise
debit,307.12,ACCT8289537,BRANCH61,Elena Haddad,ACCT1587032,2025-09-13 13:30:00,noise
credit,2140.93,,BRANCH36,Elena Haddad,ACCT1587032,2025-09-13 10:02:16,noise
credit,563.14,,BRANCH61,Elena Haddad,ACCT1587032,2025-09-06 09:26:54,noise
debit,1063.93,,BRANCH61,Elena Haddad,ACCT1587032,2025-09-05 17:23:28,noise
debit,7024.23,,BRANCH61,Elena Haddad,ACCT1587032,2025-08-31 11:39:59,noise
debit,56.89,,BRANCH61,Elena Haddad,ACCT1587032,2025-08-31 09:37:44,noise
credit,423.48,,BRANCH60,Elena Haddad,ACCT1587032,2025-08-30 16:21:30,noise
debit,260.91,,BRANCH61,Elena Haddad,ACCT1587032,2025-08-28 09:35:18,noise
debit,1002.45,,BRANCH61,Elena Haddad,ACCT1587032,2025-08-27 13:37:26,noise
credit,319.55,,BRANCH61,Elena Haddad,ACCT1587032,2025-08-27 10:13:34,noise
debit,705.09,,BRANCH61,Elena Haddad,ACCT1587032,2025-08-22 14:01:54,noise
debit,391.39,ACCT1618870,BRANCH61,Elena Haddad,ACCT1587032,2025-08-21 18:39:16,noise
credit,104.36,ACCT9038573,BRANCH61,Elena Haddad,ACCT1587032,2025-08-21 01:24:41,noise
credit,284.98,ACCT5017009,BRANCH55,Elena Haddad,ACCT1587032,2025-08-18 14:41:22,noise
credit,144.54,,BRANCH94,Elena Haddad,ACCT1587032,2025-08-15 15:09:44,noise
credit,431.66,,BRANCH61,Elena Haddad,ACCT1587032,2025-08-14 22:31:17,noise
debit,1970.62,ACCT7572650,BRANCH61,Elena Haddad,ACCT1587032,2025-08-14 13:02:56,noise
credit,610.14,,BRANCH61,Elena Haddad,ACCT1587032,2025-08-11 23:30:42,noise
debit,505.69,,BRANCH61,Elena Haddad,ACCT1587032,2025-08-11 05:45:41,noise
debit,249.23,,BRANCH61,Elena Haddad,ACCT1587032,2025-08-09 20:19:58,noise
debit,197.38,,BRANCH98,Elena Haddad,ACCT1587032,2025-08-07 12:18:18,noise
credit,368.75,ACCT5661962,BRANCH61,Elena Haddad,ACCT1587032,2025-08-07 15:44:31,noise
debit,313.57,,BRANCH18,Elena Haddad,ACCT1587032,2025-08-04 17:29:55,noise
debit,221.64,,BRANCH16,Xin Kim,ACCT4635334,2025-09-29 21:03:43,noise
credit,262.0,,BRANCH16,Xin Kim,ACCT4635334,2025-09-26 08:37:35,noise
credit,3770.36,,BRANCH16,Xin Kim,ACCT4635334,2025-09-24 08:34:23,noise
credit,4064.65,,BRANCH16,Xin Kim,ACCT4635334,2025-09-24 01:00:39,noise
credit,612.89,,BRANCH22,Xin Kim,ACCT4635334,2025-09-22 15:04:33,noise
credit,1034.26,,BRANCH16,Xin Kim,ACCT4635334,2025-09-21 19:24:18,noise
credit,343.6,ACCT4584232,BRANCH64,Xin Kim,ACCT4635334,2025-09-21 11:06:11,noise
credit,187.14,,BRANCH16,Xin Kim,ACCT4635334,2025-09-17 09:33:25,noise
credit,301.12,ACCT1618870,BRANCH16,Xin Kim,ACCT4635334,2025-09-17 23:01:03,noise
credit,1688.33,,BRANCH16,Xin Kim,ACCT4635334,2025-09-16 09:20:24,noise
debit,569.59,,BRANCH16,Xin Kim,ACCT4635334,2025-09-16 01:18:56,noise
debit,444.32,,BRANCH33,Xin Kim,ACCT4635334,2025-09-12 11:37:18,noise
credit,168.25,,BRANCH78,Xin Kim,ACCT4635334,2025-09-10 09:15:35,noise
credit,423.91,,BRANCH18,Xin Kim,ACCT4635334,2025-09-08 08:24:55,noise
credit,100.81,ACCT2718137,BRANCH16,Xin Kim,ACCT4635334,2025-09-06 12:06:50,noise
credit,485.39,,BRANCH16,Xin Kim,ACCT4635334,2025-09-06 00:08:53,noise
debit,130.31,,BRANCH16,Xin Kim,ACCT4635334,2025-09-05 14:15:18,noise
debit,74.08,,BRANCH16,Xin Kim,ACCT4635334,2025-09-03 23:32:16,noise
credit,312.66,ACCT6289266,BRANCH34,Xin Kim,ACCT4635334,2025-08-31 14:32:24,noise
debit,1048.36,,BRANCH62,Xin Kim,ACCT4635334,2025-08-30 09:42:59,noise
credit,1024.46,ACCT2718137,BRANCH15,Xin Kim,ACCT4635334,2025-08-29 14:14:54,noise
credit,2888.45,,BRANCH16,Xin Kim,ACCT4635334,2025-08-27 19:18:53,noise
credit,812.61,,BRANCH31,Xin Kim,ACCT4635334,2025-08-24 08:29:14,noise
credit,348.37,ACCT1618870,BRANCH16,Xin Kim,ACCT4635334,2025-08-24 12:05:41,noise
credit,2783.69,,BRANCH16,Xin Kim,ACCT4635334,2025-08-23 04:41:02,noise
credit,667.63,,BRANCH16,Xin Kim,ACCT4635334,2025-08-21 18:29:05,noise
debit,1625.97,ACCT3163097,BRANCH11,Xin Kim,ACCT4635334,2025-08-19 14:10:25,noise
credit,398.58,ACCT7704172,BRANCH87,Xin Kim,ACCT4635334,2025-08-18 05:30:07,noise
credit,140.14,ACCT6091368,BRANCH16,Xin Kim,ACCT4635334,2025-08-18 15:18:08,noise
credit,353.14,ACCT4179788,BRANCH16,Xin Kim,ACCT4635334,2025-08-16 23:42:11,noise
credit,1046.08,,BRANCH16,Xin Kim,ACCT4635334,2025-08-16 13:01:55,noise
credit,2592.08,,BRANCH16,Xin Kim,ACCT4635334,2025-08-14 04:44:59,noise
credit,2013.26,,BRANCH16,Xin Kim,ACCT4635334,2025-08-14 09:45:55,noise
credit,395.58,ACCT5017009,BRANCH69,Xin Kim,ACCT4635334,2025-08-10 12:21:36,noise
credit,1200.67,,BRANCH16,Xin Kim,ACCT4635334,2025-08-10 08:42:24,noise
debit,416.19,,BRANCH16,Xin Kim,ACCT4635334,2025-08-06 08:39:20,noise
debit,899.69,,BRANCH13,Wes Anderson,ACCT8399028,2025-09-30 09:15:44,noise
credit,1423.32,,BRANCH13,Wes Anderson,ACCT8399028,2025-09-29 01:27:42,noise
credit,216.46,ACCT6709081,BRANCH13,Wes Anderson,ACCT8399028,2025-09-27 09:08:55,noise
credit,1196.75,,BRANCH67,Wes Anderson,ACCT8399028,2025-09-26 08:22:19,noise
debit,1589.84,,BRANCH13,Wes Anderson,ACCT8399028,2025-09-24 09:09:09,noise
debit,486.09,ACCT4073101,BRANCH13,Wes Anderson,ACCT8399028,2025-09-18 12:07:41,noise
credit,2141.03,,BRANCH13,Wes Anderson,ACCT8399028,2025-09-17 15:38:34,noise
debit,565.86,,BRANCH13,Wes Anderson,ACCT8399028,2025-09-16 10:36:12,noise
debit,986.08,ACCT6091368,BRANCH13,Wes Anderson,ACCT8399028,2025-09-16 19:29:29,noise
debit,141.65,ACCT9006815,BRANCH84,Wes Anderson,ACCT8399028,2025-09-15 10:18:11,noise
credit,2372.48,ACCT7704172,BRANCH13,Wes Anderson,ACCT8399028,2025-09-15 08:03:57,noise
debit,743.95,ACCT9006815,BRANCH13,Wes Anderson,ACCT8399028,2025-09-14 13:06:48,noise
credit,281.6,,BRANCH13,Wes Anderson,ACCT8399028,2025-09-12 14:20:25,noise
debit,365.95,,BRANCH13,Wes Anderson,ACCT8399028,2025-09-12 10:25:52,noise
debit,689.06,,BRANCH13,Wes Anderson,ACCT8399028,2025-09-11 11:15:40,noise
debit,1383.09,ACCT2075659,BRANCH13,Wes Anderson,ACCT8399028,2025-09-08 08:13:42,noise
debit,1146.11,,BRANCH13,Wes Anderson,ACCT8399028,2025-09-07 22:20:46,noise
credit,910.26,,BRANCH86,Wes Anderson,ACCT8399028,2025-09-06 16:05:54,noise
credit,238.68,,BRANCH13,Wes Anderson,ACCT8399028,2025-09-05 15:10:14,noise
credit,978.91,,BRANCH52,Wes Anderson,ACCT8399028,2025-09-01 15:09:52,noise
debit,202.68,,BRANCH13,Wes Anderson,ACCT8399028,2025-08-31 15:20:56,noise
debit,510.19,,BRANCH13,Wes Anderson,ACCT8399028,2025-08-28 17:37:33,noise
credit,2352.64,ACCT3116724,BRANCH13,Wes Anderson,ACCT8399028,2025-08-24 02:08:32,noise
credit,212.61,,BRANCH13,Wes Anderson,ACCT8399028,2025-08-24 17:10:52,noise
debit,1030.34,,BRANCH87,Wes Anderson,ACCT8399028,2025-08-23 14:36:46,noise
debit,888.83,,BRANCH13,Wes Anderson,ACCT8399028,2025-08-22 22:04:20,noise
debit,177.1,,BRANCH13,Wes Anderson,ACCT8399028,2025-08-21 11:11:34,noise
debit,35.84,,BRANCH49,Wes Anderson,ACCT8399028,2025-08-21 14:40:08,noise
credit,610.91,ACCT8202097,BRANCH13,Wes Anderson,ACCT8399028,2025-08-16 20:34:51,noise
debit,590.75,,BRANCH55,Wes Anderson,ACCT8399028,2025-08-13 08:35:55,noise
debit,397.14,ACCT1688404,BRANCH13,Wes Anderson,ACCT8399028,2025-08-12 12:36:07,noise
credit,432.21,,BRANCH13,Wes Anderson,ACCT8399028,2025-08-11 12:26:04,noise
credit,415.07,,BRANCH13,Wes Anderson,ACCT8399028,2025-08-10 14:42:39,noise
credit,527.45,,BRANCH87,Wes Anderson,ACCT8399028,2025-08-08 13:34:08,noise
credit,144.29,,BRANCH40,Wes Anderson,ACCT8399028,2025-08-07 15:40:24,noise
credit,836.34,,BRANCH42,Wes Anderson,ACCT8399028,2025-08-06 20:03:29,noise
credit,576.61,ACCT6246793,BRANCH13,Wes Anderson,ACCT8399028,2025-08-05 19:25:57,noise
debit,195.75,,BRANCH13,Wes Anderson,ACCT8399028,2025-08-04 10:29:47,noise
credit,341.01,,BRANCH13,Wes Anderson,ACCT8399028,2025-08-04 08:44:14,noise
debit,510.87,,BRANCH41,Diego Mehta,ACCT7549473,2025-09-30 19:10:25,noise
credit,502.2,,BRANCH41,Diego Mehta,ACCT7549473,2025-09-28 11:12:43,noise
debit,638.55,,BRANCH41,Diego Mehta,ACCT7549473,2025-09-27 08:12:52,noise
debit,458.89,,BRANCH95,Diego Mehta,ACCT7549473,2025-09-27 18:02:35,noise
debit,596.39,,BRANCH41,Diego Mehta,ACCT7549473,2025-09-25 19:20:57,noise
debit,716.19,,BRANCH41,Diego Mehta,ACCT7549473,2025-09-24 14:13:35,noise
credit,655.13,,BRANCH31,Diego Mehta,ACCT7549473,2025-09-24 20:35:22,noise
debit,1169.96,,BRANCH41,Diego Mehta,ACCT7549473,2025-09-22 08:17:56,noise
credit,2273.65,,BRANCH65,Diego Mehta,ACCT7549473,2025-09-18 12:01:45,noise
credit,282.03,ACCT8285288,BRANCH41,Diego Mehta,ACCT7549473,2025-09-17 00:33:27,noise
debit,86.88,ACCT5017009,BRANCH86,Diego Mehta,ACCT7549473,2025-09-11 13:02:20,noise
debit,776.79,,BRANCH33,Diego Mehta,ACCT7549473,2025-09-09 12:04:33,noise
credit,337.29,,BRANCH50,Diego Mehta,ACCT7549473,2025-09-08 00:20:34,noise
debit,170.26,,BRANCH41,Diego Mehta,ACCT7549473,2025-09-08 12:16:54,noise
debit,1705.26,,BRANCH86,Diego Mehta,ACCT7549473,2025-09-07 13:16:48,noise
debit,1484.59,,BRANCH59,Diego Mehta,ACCT7549473,2025-09-04 11:36:20,noise
debit,238.04,ACCT3514300,BRANCH41,Diego Mehta,ACCT7549473,2025-09-03 19:23:32,noise
credit,1636.36,,BRANCH41,Diego Mehta,ACCT7549473,2025-08-31 14:45:10,noise
credit,215.99,,BRANCH49,Diego Mehta,ACCT7549473,2025-08-30 16:23:33,noise
credit,331.45,,BRANCH41,Diego Mehta,ACCT7549473,2025-08-28 11:11:09,noise
credit,392.44,,BRANCH41,Diego Mehta,ACCT7549473,2025-08-27 10:24:07,noise
credit,847.65,,BRANCH43,Diego Mehta,ACCT7549473,2025-08-27 13:15:41,noise
debit,2008.86,,BRANCH41,Diego Mehta,ACCT7549473,2025-08-26 20:29:24,noise
debit,161.15,,BRANCH41,Diego Mehta,ACCT7549473,2025-08-19 22:26:32,noise
debit,786.36,ACCT1874716,BRANCH41,Diego Mehta,ACCT7549473,2025-08-17 08:11:47,noise
debit,201.64,ACCT4303202,BRANCH41,Diego Mehta,ACCT7549473,2025-08-17 22:31:09,noise
credit,1163.33,,BRANCH41,Diego Mehta,ACCT7549473,2025-08-16 10:21:00,noise
debit,106.55,,BRANCH84,Diego Mehta,ACCT7549473,2025-08-16 15:10:19,noise
debit,1266.38,ACCT4856104,BRANCH41,Diego Mehta,ACCT7549473,2025-08-13 17:31:01,noise
credit,516.56,,BRANCH41,Diego Mehta,ACCT7549473,2025-08-12 00:13:51,noise
debit,500.85,ACCT1278957,BRANCH41,Diego Mehta,ACCT7549473,2025-08-10 08:20:54,noise
debit,626.26,,BRANCH41,Diego Mehta,ACCT7549473,2025-08-10 08:24:32,noise
credit,1246.12,ACCT3053327,BRANCH41,Diego Mehta,ACCT7549473,2025-08-09 17:20:11,noise
debit,599.62,,BRANCH19,Diego Mehta,ACCT7549473,2025-08-07 09:31:33,noise
debit,495.5,,BRANCH41,Diego Mehta,ACCT7549473,2025-08-07 18:39:26,noise
debit,260.4,ACCT4635334,BRANCH41,Diego Mehta,ACCT7549473,2025-08-05 20:32:23,noise
credit,576.87,,BRANCH94,Noah Iqbal,ACCT1618870,2025-10-03 01:05:05,noise
debit,893.71,,BRANCH39,Noah Iqbal,ACCT1618870,2025-10-03 14:24:21,noise
debit,1397.33,,BRANCH62,Noah Iqbal,ACCT1618870,2025-10-02 08:11:26,noise
debit,337.06,,BRANCH32,Noah Iqbal,ACCT1618870,2025-10-02 12:30:29,noise
debit,425.13,,BRANCH39,Noah Iqbal,ACCT1618870,2025-09-30 19:39:58,noise
debit,360.91,,BRANCH57,Noah Iqbal,ACCT1618870,2025-09-30 05:06:47,noise
credit,404.91,,BRANCH39,Noah Iqbal,ACCT1618870,2025-09-29 16:39:01,noise
credit,510.52,,BRANCH39,Noah Iqbal,ACCT1618870,2025-09-24 12:41:36,noise
debit,534.55,,BRANCH88,Noah Iqbal,ACCT1618870,2025-09-24 08:12:45,noise
debit,1109.06,,BRANCH39,Noah Iqbal,ACCT1618870,2025-09-23 00:40:17,noise
credit,573.55,,BRANCH70,Noah Iqbal,ACCT1618870,2025-09-23 15:26:34,noise
debit,3000.0,ACCT2205027,BRANCH39,Noah Iqbal,ACCT1618870,2025-09-18 22:44:18,noise
credit,1350.83,,BRANCH76,Noah Iqbal,ACCT1618870,2025-09-16 17:44:14,noise
credit,278.25,,BRANCH34,Noah Iqbal,ACCT1618870,2025-09-14 18:38:52,noise
debit,823.5,,BRANCH39,Noah Iqbal,ACCT1618870,2025-09-14 17:39:02,noise
credit,346.41,,BRANCH75,Noah Iqbal,ACCT1618870,2025-09-13 10:32:24,noise
debit,570.66,ACCT7572650,BRANCH39,Noah Iqbal,ACCT1618870,2025-09-11 10:12:08,noise
debit,79.47,,BRANCH39,Noah Iqbal,ACCT1618870,2025-09-10 20:32:38,noise
credit,385.2,ACCT4179788,BRANCH39,Noah Iqbal,ACCT1618870,2025-09-07 20:43:25,noise
credit,327.55,,BRANCH39,Noah Iqbal,ACCT1618870,2025-09-06 09:03:58,noise
credit,241.46,,BRANCH39,Noah Iqbal,ACCT1618870,2025-09-06 04:10:03,noise
debit,1450.43,,BRANCH39,Noah Iqbal,ACCT1618870,2025-09-05 13:17:24,noise
debit,793.7,,BRANCH39,Noah Iqbal,ACCT1618870,2025-09-01 19:29:09,noise
credit,653.58,,BRANCH39,Noah Iqbal,ACCT1618870,2025-09-01 20:25:29,noise
credit,1462.8,,BRANCH39,Noah Iqbal,ACCT1618870,2025-08-30 20:11:43,noise
debit,2004.64,,BRANCH39,Noah Iqbal,ACCT1618870,2025-08-30 19:18:29,noise
debit,2196.74,ACCT5643342,BRANCH39,Noah Iqbal,ACCT1618870,2025-08-28 12:11:26,noise
debit,602.59,ACCT5643342,BRANCH39,Noah Iqbal,ACCT1618870,2025-08-28 14:13:34,noise
credit,92.19,,BRANCH39,Noah Iqbal,ACCT1618870,2025-08-24 10:01:40,noise
credit,404.87,,BRANCH65,Noah Iqbal,ACCT1618870,2025-08-24 18:26:36,noise
debit,575.73,ACCT8205473,BRANCH39,Noah Iqbal,ACCT1618870,2025-08-21 17:09:00,noise
debit,520.87,ACCT8399028,BRANCH86,Noah Iqbal,ACCT1618870,2025-08-17 22:29:41,noise
credit,167.58,,BRANCH39,Noah Iqbal,ACCT1618870,2025-08-16 16:02:03,noise
debit,203.82,,BRANCH39,Noah Iqbal,ACCT1618870,2025-08-16 20:21:31,noise
credit,1120.24,,BRANCH39,Noah Iqbal,ACCT1618870,2025-08-15 21:22:23,noise
debit,775.22,ACCT4073101,BRANCH39,Noah Iqbal,ACCT1618870,2025-08-15 19:40:32,noise
debit,1098.72,ACCT8238901,BRANCH64,Noah Iqbal,ACCT1618870,2025-08-14 16:36:44,noise
debit,1593.53,,BRANCH39,Noah Iqbal,ACCT1618870,2025-08-11 04:28:08,noise
debit,1590.78,,BRANCH39,Noah Iqbal,ACCT1618870,2025-08-10 13:19:10,noise
credit,234.82,,BRANCH68,Noah Iqbal,ACCT1618870,2025-08-10 20:13:52,noise
debit,266.99,,BRANCH24,Noah Iqbal,ACCT1618870,2025-08-07 17:02:22,noise
credit,619.92,ACCT7566718,BRANCH39,Noah Iqbal,ACCT1618870,2025-08-07 08:44:14,noise
credit,238.84,ACCT5934657,BRANCH39,Noah Iqbal,ACCT1618870,2025-08-06 08:36:15,noise
debit,371.23,,BRANCH39,Noah Iqbal,ACCT1618870,2025-08-06 13:08:39,noise
credit,258.63,ACCT6696915,BRANCH99,Noah Iqbal,ACCT1618870,2025-08-05 10:31:43,noise
debit,715.26,,BRANCH39,Noah Iqbal,ACCT1618870,2025-08-05 22:39:54,noise
credit,602.28,ACCT5985265,BRANCH19,Noah Iqbal,ACCT1618870,2025-08-04 14:15:16,noise
credit,1252.76,,BRANCH53,Mara Anderson,ACCT5643342,2025-10-03 12:30:42,noise
debit,293.94,ACCT2075659,BRANCH53,Mara Anderson,ACCT5643342,2025-10-02 16:11:54,noise
credit,93.67,,BRANCH36,Mara Anderson,ACCT5643342,2025-10-02 15:24:21,noise
credit,1560.18,ACCT4427182,BRANCH53,Mara Anderson,ACCT5643342,2025-09-29 04:44:31,noise
credit,162.44,,BRANCH53,Mara Anderson,ACCT5643342,2025-09-25 18:15:44,noise
debit,3000.0,ACCT6751841,BRANCH53,Mara Anderson,ACCT5643342,2025-09-21 15:05:26,noise
debit,134.74,,BRANCH51,Mara Anderson,ACCT5643342,2025-09-21 22:05:03,noise
debit,914.05,,BRANCH53,Mara Anderson,ACCT5643342,2025-09-20 12:20:45,noise
debit,106.15,,BRANCH53,Mara Anderson,ACCT5643342,2025-09-16 09:45:14,noise
debit,399.75,,BRANCH53,Mara Anderson,ACCT5643342,2025-09-12 14:10:39,noise
debit,638.17,,BRANCH53,Mara Anderson,ACCT5643342,2025-09-10 13:10:57,noise
credit,816.07,ACCT9787006,BRANCH53,Mara Anderson,ACCT5643342,2025-09-06 17:39:49,noise
credit,672.87,,BRANCH53,Mara Anderson,ACCT5643342,2025-09-06 15:11:12,noise
credit,435.26,ACCT4856104,BRANCH53,Mara Anderson,ACCT5643342,2025-09-05 10:39:18,noise
debit,783.52,ACCT9787006,BRANCH53,Mara Anderson,ACCT5643342,2025-09-05 17:09:40,noise
debit,835.7,,BRANCH53,Mara Anderson,ACCT5643342,2025-09-04 02:35:31,noise
credit,171.37,,BRANCH53,Mara Anderson,ACCT5643342,2025-08-30 08:25:48,noise
debit,119.22,,BRANCH53,Mara Anderson,ACCT5643342,2025-08-30 10:10:03,noise
credit,298.63,,BRANCH53,Mara Anderson,ACCT5643342,2025-08-29 16:43:22,noise
debit,687.01,,BRANCH53,Mara Anderson,ACCT5643342,2025-08-29 12:09:19,noise
debit,132.84,,BRANCH53,Mara Anderson,ACCT5643342,2025-08-28 10:20:01,noise
debit,542.56,,BRANCH53,Mara Anderson,ACCT5643342,2025-08-28 22:23:56,noise
debit,704.29,,BRANCH53,Mara Anderson,ACCT5643342,2025-08-26 19:23:02,noise
debit,341.39,,BRANCH88,Mara Anderson,ACCT5643342,2025-08-26 13:33:30,noise
credit,1492.82,,BRANCH53,Mara Anderson,ACCT5643342,2025-08-23 14:16:01,noise
debit,238.93,,BRANCH53,Mara Anderson,ACCT5643342,2025-08-23 10:35:50,noise
credit,944.78,,BRANCH53,Mara Anderson,ACCT5643342,2025-08-22 23:23:01,noise
debit,1260.05,ACCT4303202,BRANCH15,Mara Anderson,ACCT5643342,2025-08-22 20:13:58,noise
debit,709.08,,BRANCH53,Mara Anderson,ACCT5643342,2025-08-21 00:19:37,noise
credit,1041.36,,BRANCH53,Mara Anderson,ACCT5643342,2025-08-21 12:45:30,noise
debit,842.34,ACCT7572650,BRANCH53,Mara Anderson,ACCT5643342,2025-08-20 12:05:40,noise
credit,2254.01,ACCT5934657,BRANCH87,Mara Anderson,ACCT5643342,2025-08-18 09:23:57,noise
credit,1477.81,ACCT8688797,BRANCH50,Mara Anderson,ACCT5643342,2025-08-17 15:01:39,noise
debit,49.97,ACCT5985265,BRANCH30,Mara Anderson,ACCT5643342,2025-08-14 19:12:55,noise
credit,555.84,ACCT8285288,BRANCH53,Mara Anderson,ACCT5643342,2025-08-10 20:40:21,noise
credit,225.68,,BRANCH95,Mara Anderson,ACCT5643342,2025-08-09 15:23:41,noise
debit,268.78,ACCT5579418,BRANCH53,Mara Anderson,ACCT5643342,2025-08-08 18:38:57,noise
debit,495.3,,BRANCH53,Mara Anderson,ACCT5643342,2025-08-08 19:36:00,noise
credit,1646.41,,BRANCH53,Mara Anderson,ACCT5643342,2025-08-07 09:24:08,noise
debit,262.75,,BRANCH79,Mara Anderson,ACCT5643342,2025-08-06 19:12:43,noise
credit,913.78,,BRANCH90,Mara Anderson,ACCT5643342,2025-08-05 14:34:45,noise
credit,87.69,,BRANCH95,Victor Fischer,ACCT5623429,2025-09-26 14:25:18,noise
debit,316.3,,BRANCH95,Victor Fischer,ACCT5623429,2025-09-25 17:10:30,noise
debit,420.2,,BRANCH71,Victor Fischer,ACCT5623429,2025-09-24 17:39:57,noise
debit,63.5,,BRANCH95,Victor Fischer,ACCT5623429,2025-09-24 15:29:12,noise
debit,314.73,,BRANCH65,Victor Fischer,ACCT5623429,2025-09-22 16:17:56,noise
debit,351.31,ACCT1307956,BRANCH95,Victor Fischer,ACCT5623429,2025-09-20 19:38:15,noise
debit,790.46,,BRANCH95,Victor Fischer,ACCT5623429,2025-09-20 04:03:52,noise
debit,522.77,,BRANCH95,Victor Fischer,ACCT5623429,2025-09-16 08:33:09,noise
credit,2465.42,ACCT3512106,BRANCH95,Victor Fischer,ACCT5623429,2025-09-16 20:17:50,noise
debit,1003.57,,BRANCH95,Victor Fischer,ACCT5623429,2025-09-15 16:04:47,noise
debit,841.21,,BRANCH51,Victor Fischer,ACCT5623429,2025-09-14 10:44:01,noise
debit,2373.97,,BRANCH65,Victor Fischer,ACCT5623429,2025-09-13 09:41:03,noise
credit,1110.0,,BRANCH95,Victor Fischer,ACCT5623429,2025-09-13 08:22:03,noise
credit,370.23,,BRANCH95,Victor Fischer,ACCT5623429,2025-09-12 21:11:51,noise
debit,428.37,ACCT3736291,BRANCH95,Victor Fischer,ACCT5623429,2025-09-09 15:13:18,noise
credit,108.97,,BRANCH95,Victor Fischer,ACCT5623429,2025-09-09 10:30:37,noise
credit,492.38,,BRANCH95,Victor Fischer,ACCT5623429,2025-09-07 01:30:02,noise
credit,2178.97,,BRANCH95,Victor Fischer,ACCT5623429,2025-09-06 09:43:02,noise
debit,884.12,,BRANCH95,Victor Fischer,ACCT5623429,2025-09-03 20:10:36,noise
credit,2468.51,,BRANCH95,Victor Fischer,ACCT5623429,2025-08-29 19:36:53,noise
credit,878.19,,BRANCH95,Victor Fischer,ACCT5623429,2025-08-24 00:19:05,noise
credit,1093.36,ACCT1737518,BRANCH95,Victor Fischer,ACCT5623429,2025-08-22 15:19:23,noise
debit,3200.67,,BRANCH95,Victor Fischer,ACCT5623429,2025-08-21 09:26:38,noise
credit,4354.09,,BRANCH95,Victor Fischer,ACCT5623429,2025-08-21 19:24:45,noise
credit,480.36,,BRANCH44,Victor Fischer,ACCT5623429,2025-08-19 20:17:17,noise
debit,1293.84,ACCT4461867,BRANCH95,Victor Fischer,ACCT5623429,2025-08-18 22:45:39,noise
credit,292.17,ACCT8809685,BRANCH95,Victor Fischer,ACCT5623429,2025-08-17 11:03:55,noise
debit,762.74,,BRANCH95,Victor Fischer,ACCT5623429,2025-08-15 10:38:09,noise
debit,406.43,ACCT7549473,BRANCH95,Victor Fischer,ACCT5623429,2025-08-09 14:31:56,noise
credit,347.66,ACCT1128822,BRANCH95,Victor Fischer,ACCT5623429,2025-08-08 02:39:40,noise
credit,374.93,ACCT3514300,BRANCH95,Victor Fischer,ACCT5623429,2025-08-07 19:09:06,noise
credit,205.46,,BRANCH95,Victor Fischer,ACCT5623429,2025-08-04 12:20:01,noise
credit,632.23,,BRANCH17,Kai Mehta,ACCT4934596,2025-10-03 09:36:54,noise
debit,574.67,,BRANCH17,Kai Mehta,ACCT4934596,2025-10-03 13:22:06,noise
credit,1153.03,,BRANCH31,Kai Mehta,ACCT4934596,2025-10-02 20:41:57,noise
debit,1024.76,ACCT1307956,BRANCH17,Kai Mehta,ACCT4934596,2025-09-24 18:16:52,noise
debit,432.7,ACCT5017009,BRANCH51,Kai Mehta,ACCT4934596,2025-09-24 19:11:22,noise
debit,506.14,,BRANCH17,Kai Mehta,ACCT4934596,2025-09-23 14:36:29,noise
credit,1028.06,,BRANCH17,Kai Mehta,ACCT4934596,2025-09-22 16:03:16,noise
debit,119.67,ACCT1297790,BRANCH17,Kai Mehta,ACCT4934596,2025-09-22 04:13:51,noise
credit,2311.05,,BRANCH29,Kai Mehta,ACCT4934596,2025-09-21 15:04:55,noise
debit,1073.86,,BRANCH84,Kai Mehta,ACCT4934596,2025-09-20 05:32:44,noise
debit,556.36,,BRANCH17,Kai Mehta,ACCT4934596,2025-09-18 15:30:25,noise
credit,466.5,,BRANCH17,Kai Mehta,ACCT4934596,2025-09-17 14:06:42,noise
debit,231.89,ACCT4856104,BRANCH17,Kai Mehta,ACCT4934596,2025-09-16 20:23:27,noise
debit,4296.34,,BRANCH60,Kai Mehta,ACCT4934596,2025-09-12 15:08:04,noise
debit,176.16,,BRANCH17,Kai Mehta,ACCT4934596,2025-09-11 20:42:40,noise
credit,701.44,,BRANCH17,Kai Mehta,ACCT4934596,2025-09-11 13:29:39,noise
debit,297.46,,BRANCH17,Kai Mehta,ACCT4934596,2025-09-10 23:30:43,noise
debit,799.12,ACCT8202097,BRANCH17,Kai Mehta,ACCT4934596,2025-09-10 02:08:59,noise
credit,948.41,ACCT3514300,BRANCH12,Kai Mehta,ACCT4934596,2025-09-09 10:38:26,noise
credit,176.56,,BRANCH17,Kai Mehta,ACCT4934596,2025-09-09 16:38:06,noise
debit,634.02,,BRANCH17,Kai Mehta,ACCT4934596,2025-09-07 20:29:03,noise
debit,153.98,ACCT4073101,BRANCH42,Kai Mehta,ACCT4934596,2025-09-06 14:13:26,noise
debit,1152.55,,BRANCH17,Kai Mehta,ACCT4934596,2025-08-29 22:02:18,noise
debit,1332.68,ACCT5661962,BRANCH17,Kai Mehta,ACCT4934596,2025-08-29 11:36:08,noise
debit,1775.29,,BRANCH17,Kai Mehta,ACCT4934596,2025-08-27 12:30:14,noise
debit,147.32,,BRANCH71,Kai Mehta,ACCT4934596,2025-08-27 20:05:31,noise
credit,4269.26,,BRANCH85,Kai Mehta,ACCT4934596,2025-08-24 16:27:13,noise
debit,437.74,,BRANCH17,Kai Mehta,ACCT4934596,2025-08-23 20:29:01,noise
debit,191.49,ACCT3163097,BRANCH69,Kai Mehta,ACCT4934596,2025-08-22 20:07:05,noise
debit,1738.9,,BRANCH17,Kai Mehta,ACCT4934596,2025-08-18 14:25:30,noise
debit,2809.12,ACCT6722652,BRANCH17,Kai Mehta,ACCT4934596,2025-08-17 23:43:34,noise
debit,661.85,,BRANCH17,Kai Mehta,ACCT4934596,2025-08-17 18:11:08,noise
credit,544.85,,BRANCH17,Kai Mehta,ACCT4934596,2025-08-12 11:44:11,noise
debit,800.27,,BRANCH17,Kai Mehta,ACCT4934596,2025-08-10 12:28:30,noise
debit,414.73,,BRANCH93,Kai Mehta,ACCT4934596,2025-08-09 08:03:51,noise
debit,356.31,,BRANCH60,Kai Mehta,ACCT4934596,2025-08-08 11:21:22,noise
credit,851.16,ACCT2089830,BRANCH17,Kai Mehta,ACCT4934596,2025-08-08 22:20:38,noise
debit,310.96,,BRANCH17,Kai Mehta,ACCT4934596,2025-08-06 08:12:11,noise
debit,428.07,,BRANCH59,Hugo Bakker,ACCT2415489,2025-10-01 09:04:50,noise
credit,202.15,,BRANCH59,Hugo Bakker,ACCT2415489,2025-09-30 11:41:40,noise
debit,420.73,,BRANCH59,Hugo Bakker,ACCT2415489,2025-09-29 08:07:18,noise
debit,461.2,,BRANCH18,Hugo Bakker,ACCT2415489,2025-09-29 01:26:48,noise
debit,824.95,,BRANCH59,Hugo Bakker,ACCT2415489,2025-09-27 12:13:57,noise
debit,198.26,ACCT5643342,BRANCH59,Hugo Bakker,ACCT2415489,2025-09-27 10:30:56,noise
credit,512.6,,BRANCH59,Hugo Bakker,ACCT2415489,2025-09-24 10:08:28,noise
credit,274.97,,BRANCH26,Hugo Bakker,ACCT2415489,2025-09-24 03:30:07,noise
debit,1202.24,ACCT3163097,BRANCH59,Hugo Bakker,ACCT2415489,2025-09-20 10:26:13,noise
credit,315.0,,BRANCH59,Hugo Bakker,ACCT2415489,2025-09-20 14:29:58,noise
debit,181.21,,BRANCH39,Hugo Bakker,ACCT2415489,2025-09-18 20:15:34,noise
credit,1927.76,,BRANCH59,Hugo Bakker,ACCT2415489,2025-09-13 16:22:21,noise
debit,1831.79,ACCT4184981,BRANCH59,Hugo Bakker,ACCT2415489,2025-09-13 18:40:08,noise
credit,946.9,ACCT5474265,BRANCH59,Hugo Bakker,ACCT2415489,2025-09-10 15:21:32,noise
debit,613.9,,BRANCH71,Hugo Bakker,ACCT2415489,2025-09-10 16:31:14,noise
debit,305.72,,BRANCH28,Hugo Bakker,ACCT2415489,2025-09-09 18:09:40,noise
credit,360.65,,BRANCH15,Hugo Bakker,ACCT2415489,2025-09-07 11:12:28,noise
credit,615.13,ACCT5661962,BRANCH59,Hugo Bakker,ACCT2415489,2025-09-07 11:09:46,noise
credit,346.53,ACCT8202097,BRANCH41,Hugo Bakker,ACCT2415489,2025-09-06 09:34:51,noise
debit,620.26,,BRANCH96,Hugo Bakker,ACCT2415489,2025-09-06 16:27:08,noise
credit,1673.83,,BRANCH59,Hugo Bakker,ACCT2415489,2025-09-04 14:34:54,noise
debit,816.49,,BRANCH92,Hugo Bakker,ACCT2415489,2025-09-03 18:01:37,noise
credit,229.03,,BRANCH59,Hugo Bakker,ACCT2415489,2025-09-02 09:18:26,noise
debit,217.96,,BRANCH59,Hugo Bakker,ACCT2415489,2025-09-01 09:13:54,noise
debit,222.2,,BRANCH59,Hugo Bakker,ACCT2415489,2025-08-30 02:13:44,noise
debit,262.44,,BRANCH59,Hugo Bakker,ACCT2415489,2025-08-27 19:22:04,noise
credit,580.31,ACCT2205027,BRANCH49,Hugo Bakker,ACCT2415489,2025-08-25 18:07:02,noise
credit,352.04,,BRANCH59,Hugo Bakker,ACCT2415489,2025-08-25 16:27:37,noise
debit,674.33,,BRANCH53,Hugo Bakker,ACCT2415489,2025-08-23 11:25:39,noise
credit,510.92,,BRANCH59,Hugo Bakker,ACCT2415489,2025-08-19 19:07:02,noise
credit,2388.77,,BRANCH59,Hugo Bakker,ACCT2415489,2025-08-19 09:24:12,noise
debit,123.26,,BRANCH59,Hugo Bakker,ACCT2415489,2025-08-14 08:19:55,noise
credit,544.34,,BRANCH59,Hugo Bakker,ACCT2415489,2025-08-09 22:08:02,noise
debit,869.87,,BRANCH59,Hugo Bakker,ACCT2415489,2025-08-07 20:32:44,noise
credit,313.73,,BRANCH59,Hugo Bakker,ACCT2415489,2025-08-06 10:02:10,noise
credit,468.86,,BRANCH59,Hugo Bakker,ACCT2415489,2025-08-06 22:14:00,noise
debit,2107.38,ACCT6696915,BRANCH59,Hugo Bakker,ACCT2415489,2025-08-05 16:34:57,noise
debit,1818.79,,BRANCH47,Victor Vargas,ACCT4184981,2025-10-03 13:32:48,noise
credit,520.44,,BRANCH47,Victor Vargas,ACCT4184981,2025-10-03 20:07:33,noise
debit,457.42,,BRANCH39,Victor Vargas,ACCT4184981,2025-10-01 15:06:06,noise
credit,2608.41,,BRANCH47,Victor Vargas,ACCT4184981,2025-10-01 16:06:29,noise
credit,384.22,ACCT4073101,BRANCH47,Victor Vargas,ACCT4184981,2025-09-30 10:07:51,noise
debit,1011.02,,BRANCH47,Victor Vargas,ACCT4184981,2025-09-29 17:06:59,noise
credit,1368.13,,BRANCH47,Victor Vargas,ACCT4184981,2025-09-28 09:45:43,noise
credit,2479.11,,BRANCH58,Victor Vargas,ACCT4184981,2025-09-26 00:21:51,noise
credit,1142.82,,BRANCH47,Victor Vargas,ACCT4184981,2025-09-26 03:23:45,noise
credit,219.02,,BRANCH47,Victor Vargas,ACCT4184981,2025-09-25 13:03:57,noise
credit,1133.07,ACCT8205473,BRANCH47,Victor Vargas,ACCT4184981,2025-09-23 16:29:13,noise
debit,502.21,,BRANCH63,Victor Vargas,ACCT4184981,2025-09-21 17:19:47,noise
debit,419.67,ACCT4635334,BRANCH47,Victor Vargas,ACCT4184981,2025-09-21 22:12:50,noise
debit,188.73,,BRANCH66,Victor Vargas,ACCT4184981,2025-09-15 19:22:45,noise
debit,1342.42,,BRANCH74,Victor Vargas,ACCT4184981,2025-09-15 11:43:16,noise
debit,964.02,ACCT2075659,BRANCH47,Victor Vargas,ACCT4184981,2025-09-13 11:16:35,noise
debit,1508.31,,BRANCH47,Victor Vargas,ACCT4184981,2025-09-13 22:41:00,noise
debit,214.26,,BRANCH50,Victor Vargas,ACCT4184981,2025-09-08 20:05:01,noise
debit,630.19,ACCT6696915,BRANCH47,Victor Vargas,ACCT4184981,2025-09-08 03:36:33,noise
debit,261.09,,BRANCH47,Victor Vargas,ACCT4184981,2025-09-05 14:40:31,noise
debit,1666.36,,BRANCH47,Victor Vargas,ACCT4184981,2025-09-03 12:43:16,noise
debit,293.42,,BRANCH37,Victor Vargas,ACCT4184981,2025-09-02 01:02:33,noise
credit,368.95,,BRANCH47,Victor Vargas,ACCT4184981,2025-09-01 11:00:22,noise
credit,353.79,,BRANCH64,Victor Vargas,ACCT4184981,2025-08-27 08:10:04,noise
debit,222.89,ACCT1618870,BRANCH47,Victor Vargas,ACCT4184981,2025-08-26 11:36:17,noise
credit,170.2,,BRANCH26,Victor Vargas,ACCT4184981,2025-08-23 18:27:10,noise
credit,131.54,,BRANCH47,Victor Vargas,ACCT4184981,2025-08-18 09:05:00,noise
credit,1127.03,ACCT5346256,BRANCH76,Victor Vargas,ACCT4184981,2025-08-16 15:06:09,noise
debit,1929.49,,BRANCH47,Victor Vargas,ACCT4184981,2025-08-16 20:25:04,noise
credit,377.96,,BRANCH47,Victor Vargas,ACCT4184981,2025-08-14 19:25:14,noise
credit,267.92,,BRANCH53,Victor Vargas,ACCT4184981,2025-08-10 19:18:16,noise
debit,215.48,ACCT4947646,BRANCH55,Victor Vargas,ACCT4184981,2025-08-09 22:11:15,noise
debit,502.68,,BRANCH91,Victor Vargas,ACCT4184981,2025-08-08 10:00:51,noise
credit,384.47,,BRANCH89,Xin Chen,ACCT2089830,2025-10-02 08:41:36,noise
debit,424.34,,BRANCH89,Xin Chen,ACCT2089830,2025-10-01 08:27:38,noise
debit,543.88,,BRANCH89,Xin Chen,ACCT2089830,2025-09-30 09:15:50,noise
debit,466.4,,BRANCH89,Xin Chen,ACCT2089830,2025-09-28 17:08:39,noise
credit,310.17,ACCT8809685,BRANCH89,Xin Chen,ACCT2089830,2025-09-25 09:24:19,noise
credit,3120.65,,BRANCH89,Xin Chen,ACCT2089830,2025-09-23 21:11:59,noise
debit,87.68,,BRANCH89,Xin Chen,ACCT2089830,2025-09-20 11:34:41,noise
debit,809.19,ACCT5474265,BRANCH89,Xin Chen,ACCT2089830,2025-09-20 15:32:09,noise
credit,748.44,,BRANCH89,Xin Chen,ACCT2089830,2025-09-19 13:11:33,noise
credit,1907.16,,BRANCH89,Xin Chen,ACCT2089830,2025-09-15 20:25:36,noise
debit,570.15,ACCT6722652,BRANCH89,Xin Chen,ACCT2089830,2025-09-14 02:44:04,noise
credit,189.11,,BRANCH17,Xin Chen,ACCT2089830,2025-09-11 15:14:30,noise
debit,950.92,ACCT9172994,BRANCH89,Xin Chen,ACCT2089830,2025-09-11 22:24:32,noise
credit,952.64,,BRANCH89,Xin Chen,ACCT2089830,2025-09-10 21:00:03,noise
credit,531.81,,BRANCH89,Xin Chen,ACCT2089830,2025-09-08 17:05:07,noise
credit,1854.19,,BRANCH89,Xin Chen,ACCT2089830,2025-09-06 01:23:10,noise
debit,587.17,,BRANCH89,Xin Chen,ACCT2089830,2025-09-03 17:39:20,noise
credit,532.77,,BRANCH89,Xin Chen,ACCT2089830,2025-08-30 14:36:33,noise
credit,392.94,,BRANCH89,Xin Chen,ACCT2089830,2025-08-26 12:00:07,noise
debit,356.52,ACCT2415489,BRANCH89,Xin Chen,ACCT2089830,2025-08-26 12:12:07,noise
credit,3269.55,ACCT1128822,BRANCH89,Xin Chen,ACCT2089830,2025-08-24 19:38:55,noise
credit,425.52,,BRANCH89,Xin Chen,ACCT2089830,2025-08-18 00:31:22,noise
credit,220.74,,BRANCH25,Xin Chen,ACCT2089830,2025-08-17 03:24:14,noise
debit,287.95,,BRANCH41,Xin Chen,ACCT2089830,2025-08-17 17:02:39,noise
debit,540.36,,BRANCH89,Xin Chen,ACCT2089830,2025-08-16 16:30:59,noise
debit,514.87,,BRANCH13,Xin Chen,ACCT2089830,2025-08-14 12:24:21,noise
debit,236.34,ACCT1606377,BRANCH89,Xin Chen,ACCT2089830,2025-08-12 23:08:18,noise
credit,2735.66,,BRANCH18,Xin Chen,ACCT2089830,2025-08-07 17:27:42,noise
debit,438.23,,BRANCH89,Xin Chen,ACCT2089830,2025-08-05 23:37:12,noise
credit,10198.26,ACCT7572650,BRANCH66,Fahad Tanaka,ACCT2075659,2025-12-06 23:01:08,noise
credit,9114.68,ACCT4303202,BRANCH66,Fahad Tanaka,ACCT2075659,2025-11-17 23:07:14,noise
credit,9576.18,ACCT7549473,BRANCH66,Fahad Tanaka,ACCT2075659,2025-12-17 01:19:53,noise
credit,12427.85,ACCT1913533,BRANCH66,Fahad Tanaka,ACCT2075659,2025-12-23 08:16:41,noise
credit,10573.25,ACCT6503586,BRANCH66,Fahad Tanaka,ACCT2075659,2025-11-19 22:21:08,noise
credit,1064.16,ACCT5985265,BRANCH98,Ravi Haddad,ACCT3001768,2025-10-02 12:30:21,noise
credit,939.16,,BRANCH98,Ravi Haddad,ACCT3001768,2025-10-01 15:04:35,noise
debit,1299.55,ACCT3514300,BRANCH98,Ravi Haddad,ACCT3001768,2025-09-30 02:36:30,noise
credit,3052.23,,BRANCH98,Ravi Haddad,ACCT3001768,2025-09-30 14:36:58,noise
debit,5066.6,,BRANCH98,Ravi Haddad,ACCT3001768,2025-09-29 14:27:01,noise
credit,449.11,,BRANCH63,Ravi Haddad,ACCT3001768,2025-09-29 18:05:50,noise
credit,266.59,,BRANCH98,Ravi Haddad,ACCT3001768,2025-09-28 20:21:06,noise
debit,474.2,ACCT4947646,BRANCH98,Ravi Haddad,ACCT3001768,2025-09-24 10:45:19,noise
credit,664.16,,BRANCH10,Ravi Haddad,ACCT3001768,2025-09-22 17:07:31,noise
debit,1001.05,,BRANCH98,Ravi Haddad,ACCT3001768,2025-09-21 03:45:13,noise
credit,340.64,,BRANCH28,Ravi Haddad,ACCT3001768,2025-09-19 10:35:26,noise
credit,688.65,,BRANCH98,Ravi Haddad,ACCT3001768,2025-09-14 22:40:05,noise
debit,415.57,,BRANCH89,Ravi Haddad,ACCT3001768,2025-09-07 22:17:10,noise
credit,427.06,,BRANCH98,Ravi Haddad,ACCT3001768,2025-09-07 19:21:37,noise
credit,289.1,ACCT2205027,BRANCH98,Ravi Haddad,ACCT3001768,2025-09-04 11:03:51,noise
debit,1081.16,,BRANCH26,Ravi Haddad,ACCT3001768,2025-09-03 10:07:47,noise
credit,1581.58,,BRANCH29,Ravi Haddad,ACCT3001768,2025-09-02 10:22:49,noise
debit,1652.47,,BRANCH38,Ravi Haddad,ACCT3001768,2025-08-29 20:22:06,noise
credit,631.08,,BRANCH98,Ravi Haddad,ACCT3001768,2025-08-29 09:16:24,noise
debit,1958.11,,BRANCH98,Ravi Haddad,ACCT3001768,2025-08-25 08:36:34,noise
credit,1207.42,,BRANCH94,Ravi Haddad,ACCT3001768,2025-08-25 01:10:19,noise
credit,575.61,,BRANCH98,Ravi Haddad,ACCT3001768,2025-08-24 08:20:40,noise
credit,123.58,ACCT5661962,BRANCH98,Ravi Haddad,ACCT3001768,2025-08-24 10:16:07,noise
debit,1282.64,,BRANCH98,Ravi Haddad,ACCT3001768,2025-08-20 10:33:51,noise
credit,787.3,,BRANCH98,Ravi Haddad,ACCT3001768,2025-08-14 17:11:57,noise
debit,79.63,,BRANCH98,Ravi Haddad,ACCT3001768,2025-08-14 21:34:04,noise
credit,2234.48,,BRANCH87,Ravi Haddad,ACCT3001768,2025-08-12 08:34:57,noise
debit,2346.06,ACCT2075659,BRANCH98,Ravi Haddad,ACCT3001768,2025-08-08 18:38:42,noise
credit,2170.71,ACCT4947646,BRANCH98,Nia Lopes,ACCT2205027,2025-10-02 10:44:10,noise
credit,271.35,,BRANCH80,Nia Lopes,ACCT2205027,2025-09-27 12:10:23,noise
debit,327.02,,BRANCH34,Nia Lopes,ACCT2205027,2025-09-26 14:41:26,noise
debit,307.36,ACCT4947646,BRANCH34,Nia Lopes,ACCT2205027,2025-09-25 08:02:59,noise
debit,992.17,,BRANCH12,Nia Lopes,ACCT2205027,2025-09-25 21:05:07,noise
debit,158.04,,BRANCH34,Nia Lopes,ACCT2205027,2025-09-23 15:28:02,noise
debit,1017.68,,BRANCH72,Nia Lopes,ACCT2205027,2025-09-22 21:32:26,noise
credit,2989.6,,BRANCH34,Nia Lopes,ACCT2205027,2025-09-20 09:34:59,noise
debit,1308.6,,BRANCH34,Nia Lopes,ACCT2205027,2025-09-20 18:18:14,noise
credit,4606.39,ACCT1688404,BRANCH34,Nia Lopes,ACCT2205027,2025-09-17 10:09:28,noise
credit,353.63,,BRANCH75,Nia Lopes,ACCT2205027,2025-09-15 19:31:00,noise
credit,1631.08,ACCT8202097,BRANCH34,Nia Lopes,ACCT2205027,2025-09-14 13:23:17,noise
credit,115.04,ACCT5661962,BRANCH34,Nia Lopes,ACCT2205027,2025-09-10 19:29:44,noise
debit,947.99,,BRANCH34,Nia Lopes,ACCT2205027,2025-09-07 12:45:36,noise
debit,287.42,ACCT2492020,BRANCH34,Nia Lopes,ACCT2205027,2025-09-06 15:09:25,noise
credit,479.13,ACCT5985265,BRANCH34,Nia Lopes,ACCT2205027,2025-09-04 13:32:54,noise
credit,1379.85,,BRANCH98,Nia Lopes,ACCT2205027,2025-09-03 18:44:19,noise
credit,573.04,,BRANCH13,Nia Lopes,ACCT2205027,2025-09-01 10:28:11,noise
credit,1738.4,,BRANCH34,Nia Lopes,ACCT2205027,2025-09-01 21:07:15,noise
debit,363.22,ACCT1122706,BRANCH34,Nia Lopes,ACCT2205027,2025-08-31 21:28:21,noise
debit,1461.82,,BRANCH34,Nia Lopes,ACCT2205027,2025-08-29 11:41:31,noise
credit,107.71,,BRANCH34,Nia Lopes,ACCT2205027,2025-08-29 02:45:49,noise
credit,1060.99,,BRANCH34,Nia Lopes,ACCT2205027,2025-08-28 08:21:00,noise
credit,2140.86,,BRANCH11,Nia Lopes,ACCT2205027,2025-08-27 09:33:06,noise
credit,357.39,,BRANCH34,Nia Lopes,ACCT2205027,2025-08-27 12:43:04,noise
credit,948.93,ACCT9643062,BRANCH34,Nia Lopes,ACCT2205027,2025-08-20 23:09:31,noise
debit,1848.24,,BRANCH34,Nia Lopes,ACCT2205027,2025-08-20 23:43:19,noise
credit,2307.64,ACCT8202097,BRANCH34,Nia Lopes,ACCT2205027,2025-08-19 17:27:06,noise
credit,1174.94,,BRANCH34,Nia Lopes,ACCT2205027,2025-08-17 14:28:55,noise
credit,1900.21,,BRANCH34,Nia Lopes,ACCT2205027,2025-08-15 20:03:57,noise
debit,2437.4,,BRANCH34,Nia Lopes,ACCT2205027,2025-08-13 10:37:43,noise
debit,955.59,ACCT1587032,BRANCH74,Nia Lopes,ACCT2205027,2025-08-13 17:25:22,noise
credit,1811.56,,BRANCH34,Nia Lopes,ACCT2205027,2025-08-12 09:38:56,noise
credit,4071.66,,BRANCH34,Nia Lopes,ACCT2205027,2025-08-10 09:22:11,noise
credit,190.86,,BRANCH97,Nia Lopes,ACCT2205027,2025-08-06 13:01:50,noise
credit,983.52,,BRANCH46,Ava Tanaka,ACCT5346256,2025-09-30 16:22:41,noise
debit,3303.19,,BRANCH46,Ava Tanaka,ACCT5346256,2025-09-20 12:38:20,noise
debit,143.61,,BRANCH46,Ava Tanaka,ACCT5346256,2025-09-16 13:34:12,noise
credit,736.15,,BRANCH46,Ava Tanaka,ACCT5346256,2025-09-16 15:10:28,noise
debit,141.6,,BRANCH46,Ava Tanaka,ACCT5346256,2025-09-15 14:39:04,noise
credit,504.19,,BRANCH95,Ava Tanaka,ACCT5346256,2025-09-14 16:26:25,noise
debit,869.81,,BRANCH57,Ava Tanaka,ACCT5346256,2025-09-14 11:42:49,noise
debit,657.67,,BRANCH46,Ava Tanaka,ACCT5346256,2025-09-13 08:14:45,noise
debit,576.45,,BRANCH46,Ava Tanaka,ACCT5346256,2025-09-11 17:38:29,noise
credit,704.86,,BRANCH46,Ava Tanaka,ACCT5346256,2025-09-09 15:13:54,noise
debit,559.28,,BRANCH19,Ava Tanaka,ACCT5346256,2025-09-09 11:22:57,noise
credit,562.85,,BRANCH46,Ava Tanaka,ACCT5346256,2025-09-08 15:11:57,noise
debit,1229.44,,BRANCH92,Ava Tanaka,ACCT5346256,2025-09-08 10:41:20,noise
debit,449.4,,BRANCH60,Ava Tanaka,ACCT5346256,2025-09-06 08:03:18,noise
debit,1523.62,ACCT5579418,BRANCH46,Ava Tanaka,ACCT5346256,2025-09-06 16:04:32,noise
debit,165.39,ACCT7361676,BRANCH46,Ava Tanaka,ACCT5346256,2025-09-03 13:33:25,noise
debit,1050.72,ACCT9172994,BRANCH46,Ava Tanaka,ACCT5346256,2025-09-03 18:14:56,noise
credit,2106.34,,BRANCH46,Ava Tanaka,ACCT5346256,2025-09-02 16:27:57,noise
credit,423.85,ACCT3273218,BRANCH46,Ava Tanaka,ACCT5346256,2025-09-02 08:02:25,noise
debit,337.85,,BRANCH46,Ava Tanaka,ACCT5346256,2025-09-01 14:16:33,noise
credit,221.44,,BRANCH27,Ava Tanaka,ACCT5346256,2025-09-01 09:16:49,noise
debit,493.82,,BRANCH46,Ava Tanaka,ACCT5346256,2025-08-31 17:21:56,noise
credit,1222.03,,BRANCH46,Ava Tanaka,ACCT5346256,2025-08-30 23:33:28,noise
debit,379.86,,BRANCH46,Ava Tanaka,ACCT5346256,2025-08-28 18:13:52,noise
debit,474.49,ACCT4934596,BRANCH46,Ava Tanaka,ACCT5346256,2025-08-28 12:08:12,noise
credit,181.71,,BRANCH49,Ava Tanaka,ACCT5346256,2025-08-27 11:13:18,noise
debit,432.71,,BRANCH66,Ava Tanaka,ACCT5346256,2025-08-25 19:37:08,noise
debit,217.89,,BRANCH46,Ava Tanaka,ACCT5346256,2025-08-23 11:29:31,noise
credit,1347.47,,BRANCH46,Ava Tanaka,ACCT5346256,2025-08-22 22:15:16,noise
debit,912.93,ACCT6246793,BRANCH46,Ava Tanaka,ACCT5346256,2025-08-21 10:26:50,noise
debit,890.3,ACCT8688797,BRANCH46,Ava Tanaka,ACCT5346256,2025-08-19 12:41:03,noise
credit,932.88,,BRANCH46,Ava Tanaka,ACCT5346256,2025-08-18 12:38:41,noise
debit,721.72,,BRANCH89,Ava Tanaka,ACCT5346256,2025-08-17 17:20:36,noise
debit,615.95,ACCT9748886,BRANCH46,Ava Tanaka,ACCT5346256,2025-08-14 09:26:31,noise
credit,1022.33,,BRANCH46,Ava Tanaka,ACCT5346256,2025-08-11 00:00:18,noise
debit,455.8,,BRANCH46,Ava Tanaka,ACCT5346256,2025-08-10 08:11:07,noise
credit,1235.05,ACCT6894151,BRANCH30,Ava Tanaka,ACCT5346256,2025-08-10 23:00:11,noise
credit,1182.95,,BRANCH46,Ava Tanaka,ACCT5346256,2025-08-09 19:24:19,noise
credit,1460.35,,BRANCH25,Ava Tanaka,ACCT5346256,2025-08-09 19:03:43,noise
credit,175.07,,BRANCH46,Ava Tanaka,ACCT5346256,2025-08-05 17:31:52,noise
debit,337.19,,BRANCH19,Raj Rossi,ACCT9038573,2025-10-01 14:15:28,noise
debit,1561.57,,BRANCH84,Raj Rossi,ACCT9038573,2025-09-30 18:31:07,noise
debit,815.81,,BRANCH19,Raj Rossi,ACCT9038573,2025-09-30 16:06:00,noise
credit,355.2,,BRANCH19,Raj Rossi,ACCT9038573,2025-09-28 12:08:37,noise
debit,245.48,,BRANCH19,Raj Rossi,ACCT9038573,2025-09-21 15:42:55,noise
credit,1516.41,,BRANCH19,Raj Rossi,ACCT9038573,2025-09-19 19:11:52,noise
debit,87.34,,BRANCH19,Raj Rossi,ACCT9038573,2025-09-19 20:04:06,noise
credit,2211.56,ACCT2621786,BRANCH19,Raj Rossi,ACCT9038573,2025-09-18 12:01:16,noise
debit,305.34,,BRANCH19,Raj Rossi,ACCT9038573,2025-09-17 11:28:21,noise
credit,819.72,,BRANCH19,Raj Rossi,ACCT9038573,2025-09-17 16:02:41,noise
credit,629.51,,BRANCH19,Raj Rossi,ACCT9038573,2025-09-16 16:23:56,noise
debit,977.09,,BRANCH19,Raj Rossi,ACCT9038573,2025-09-16 16:00:06,noise
debit,963.0,ACCT6751841,BRANCH96,Raj Rossi,ACCT9038573,2025-09-12 14:32:39,noise
credit,605.69,,BRANCH22,Raj Rossi,ACCT9038573,2025-09-12 15:21:18,noise
credit,2184.84,,BRANCH19,Raj Rossi,ACCT9038573,2025-09-11 11:23:29,noise
debit,39.81,,BRANCH73,Raj Rossi,ACCT9038573,2025-09-10 16:30:21,noise
credit,157.59,,BRANCH19,Raj Rossi,ACCT9038573,2025-09-10 13:02:59,noise
credit,996.58,,BRANCH17,Raj Rossi,ACCT9038573,2025-09-07 20:25:21,noise
debit,1308.75,,BRANCH19,Raj Rossi,ACCT9038573,2025-09-06 16:16:43,noise
credit,390.4,ACCT9172994,BRANCH19,Raj Rossi,ACCT9038573,2025-09-06 11:01:52,noise
credit,609.21,,BRANCH19,Raj Rossi,ACCT9038573,2025-09-02 12:05:22,noise
debit,562.77,,BRANCH67,Raj Rossi,ACCT9038573,2025-08-31 11:22:05,noise
debit,401.64,ACCT3116724,BRANCH19,Raj Rossi,ACCT9038573,2025-08-31 15:28:57,noise
debit,1773.43,ACCT8238901,BRANCH19,Raj Rossi,ACCT9038573,2025-08-30 22:04:33,noise
credit,602.11,,BRANCH19,Raj Rossi,ACCT9038573,2025-08-27 16:28:46,noise
debit,2607.13,,BRANCH94,Raj Rossi,ACCT9038573,2025-08-23 19:03:05,noise
debit,228.68,ACCT1402331,BRANCH19,Raj Rossi,ACCT9038573,2025-08-21 17:26:14,noise
debit,199.28,,BRANCH40,Raj Rossi,ACCT9038573,2025-08-20 09:27:02,noise
credit,2268.9,ACCT9748886,BRANCH19,Raj Rossi,ACCT9038573,2025-08-19 19:38:09,noise
debit,169.71,,BRANCH30,Raj Rossi,ACCT9038573,2025-08-18 23:07:00,noise
credit,721.62,,BRANCH43,Raj Rossi,ACCT9038573,2025-08-18 14:10:54,noise
credit,172.14,,BRANCH19,Raj Rossi,ACCT9038573,2025-08-16 16:21:38,noise
credit,371.21,,BRANCH19,Raj Rossi,ACCT9038573,2025-08-16 18:25:05,noise
credit,916.21,,BRANCH19,Raj Rossi,ACCT9038573,2025-08-14 18:14:14,noise
debit,825.64,,BRANCH19,Raj Rossi,ACCT9038573,2025-08-12 23:40:55,noise
credit,1690.22,,BRANCH97,Raj Rossi,ACCT9038573,2025-08-11 14:41:41,noise
debit,1513.48,,BRANCH19,Raj Rossi,ACCT9038573,2025-08-09 12:13:43,noise
credit,699.67,,BRANCH19,Raj Rossi,ACCT9038573,2025-08-07 19:41:32,noise
credit,426.89,,BRANCH19,Raj Rossi,ACCT9038573,2025-08-05 17:19:49,noise
credit,1974.86,,BRANCH19,Raj Rossi,ACCT9038573,2025-08-04 23:04:51,noise
debit,1757.73,,BRANCH19,Raj Rossi,ACCT9038573,2025-08-04 23:30:55,noise
debit,329.35,,BRANCH88,Elena Carlos,ACCT8238901,2025-10-03 08:18:09,noise
debit,368.25,ACCT1606377,BRANCH99,Elena Carlos,ACCT8238901,2025-10-02 13:03:52,noise
credit,880.5,,BRANCH65,Elena Carlos,ACCT8238901,2025-10-02 13:44:28,noise
credit,704.13,ACCT2492020,BRANCH99,Elena Carlos,ACCT8238901,2025-09-30 19:30:44,noise
debit,441.71,ACCT7549473,BRANCH99,Elena Carlos,ACCT8238901,2025-09-28 23:20:37,noise
debit,344.15,ACCT7549473,BRANCH99,Elena Carlos,ACCT8238901,2025-09-25 17:01:41,noise
debit,613.17,,BRANCH99,Elena Carlos,ACCT8238901,2025-09-21 22:45:11,noise
debit,1527.92,,BRANCH23,Elena Carlos,ACCT8238901,2025-09-21 22:11:18,noise
credit,947.36,,BRANCH27,Elena Carlos,ACCT8238901,2025-09-20 15:33:58,noise
debit,1379.52,,BRANCH83,Elena Carlos,ACCT8238901,2025-09-19 14:00:22,noise
debit,417.89,,BRANCH99,Elena Carlos,ACCT8238901,2025-09-16 13:06:11,noise
credit,3174.47,,BRANCH99,Elena Carlos,ACCT8238901,2025-09-16 13:07:41,noise
debit,1286.6,,BRANCH44,Elena Carlos,ACCT8238901,2025-09-15 18:42:47,noise
debit,1456.19,,BRANCH99,Elena Carlos,ACCT8238901,2025-09-12 09:11:05,noise
credit,513.66,,BRANCH99,Elena Carlos,ACCT8238901,2025-09-12 09:36:01,noise
debit,739.29,ACCT9006815,BRANCH99,Elena Carlos,ACCT8238901,2025-09-11 19:45:17,noise
credit,285.96,,BRANCH61,Elena Carlos,ACCT8238901,2025-09-10 11:36:38,noise
debit,364.26,,BRANCH99,Elena Carlos,ACCT8238901,2025-09-09 18:06:32,noise
credit,2416.93,,BRANCH99,Elena Carlos,ACCT8238901,2025-09-08 19:19:19,noise
credit,236.1,,BRANCH99,Elena Carlos,ACCT8238901,2025-09-04 15:17:58,noise
credit,383.67,,BRANCH99,Elena Carlos,ACCT8238901,2025-09-03 09:29:59,noise
debit,1282.56,,BRANCH99,Elena Carlos,ACCT8238901,2025-08-31 22:25:00,noise
credit,1156.12,ACCT1122706,BRANCH99,Elena Carlos,ACCT8238901,2025-08-30 14:40:54,noise
credit,149.73,,BRANCH99,Elena Carlos,ACCT8238901,2025-08-28 19:16:48,noise
credit,381.95,,BRANCH99,Elena Carlos,ACCT8238901,2025-08-28 05:33:47,noise
credit,1326.39,ACCT7566718,BRANCH99,Elena Carlos,ACCT8238901,2025-08-25 20:33:54,noise
debit,971.11,,BRANCH99,Elena Carlos,ACCT8238901,2025-08-23 20:17:13,noise
debit,1822.94,,BRANCH12,Elena Carlos,ACCT8238901,2025-08-22 17:15:34,noise
debit,904.79,,BRANCH11,Elena Carlos,ACCT8238901,2025-08-22 20:22:00,noise
credit,199.71,,BRANCH76,Elena Carlos,ACCT8238901,2025-08-13 20:44:46,noise
debit,222.18,,BRANCH99,Elena Carlos,ACCT8238901,2025-08-12 11:17:50,noise
credit,2173.32,,BRANCH38,Elena Carlos,ACCT8238901,2025-08-08 17:42:24,noise
debit,1171.43,,BRANCH17,Elena Carlos,ACCT8238901,2025-08-08 08:22:05,noise
credit,261.77,,BRANCH99,Elena Carlos,ACCT8238901,2025-08-06 18:35:55,noise
debit,644.5,,BRANCH98,Ben Anderson,ACCT6751841,2025-10-03 20:14:39,noise
credit,385.42,,BRANCH77,Ben Anderson,ACCT6751841,2025-10-01 19:16:54,noise
debit,270.1,,BRANCH98,Ben Anderson,ACCT6751841,2025-09-28 20:13:19,noise
debit,946.41,,BRANCH98,Ben Anderson,ACCT6751841,2025-09-28 09:11:25,noise
credit,698.14,ACCT9172994,BRANCH98,Ben Anderson,ACCT6751841,2025-09-26 17:38:46,noise
debit,1959.26,,BRANCH45,Ben Anderson,ACCT6751841,2025-09-25 11:00:17,noise
debit,513.26,,BRANCH98,Ben Anderson,ACCT6751841,2025-09-23 08:45:39,noise
debit,2163.04,,BRANCH98,Ben Anderson,ACCT6751841,2025-09-21 17:28:13,noise
debit,416.87,,BRANCH98,Ben Anderson,ACCT6751841,2025-09-21 14:12:38,noise
credit,483.84,,BRANCH98,Ben Anderson,ACCT6751841,2025-09-18 15:30:27,noise
credit,684.88,,BRANCH85,Ben Anderson,ACCT6751841,2025-09-18 13:45:44,noise
debit,1290.9,,BRANCH22,Ben Anderson,ACCT6751841,2025-09-14 10:44:33,noise
credit,1444.6,,BRANCH39,Ben Anderson,ACCT6751841,2025-09-13 13:06:10,noise
credit,1681.7,,BRANCH98,Ben Anderson,ACCT6751841,2025-09-13 11:05:10,noise
credit,1785.9,,BRANCH98,Ben Anderson,ACCT6751841,2025-09-12 08:39:42,noise
debit,143.63,,BRANCH98,Ben Anderson,ACCT6751841,2025-09-12 20:35:28,noise
credit,115.5,ACCT4184981,BRANCH98,Ben Anderson,ACCT6751841,2025-09-06 15:17:12,noise
debit,1818.09,,BRANCH11,Ben Anderson,ACCT6751841,2025-09-05 23:08:44,noise
debit,1978.0,,BRANCH98,Ben Anderson,ACCT6751841,2025-09-05 18:24:58,noise
credit,103.23,,BRANCH98,Ben Anderson,ACCT6751841,2025-09-04 10:25:09,noise
debit,492.55,,BRANCH98,Ben Anderson,ACCT6751841,2025-09-03 04:29:33,noise
debit,1224.01,,BRANCH98,Ben Anderson,ACCT6751841,2025-09-03 16:22:47,noise
debit,206.6,,BRANCH98,Ben Anderson,ACCT6751841,2025-09-01 20:00:50,noise
credit,1495.4,ACCT3512106,BRANCH98,Ben Anderson,ACCT6751841,2025-08-29 14:04:14,noise
credit,1575.66,,BRANCH98,Ben Anderson,ACCT6751841,2025-08-28 17:13:33,noise
debit,841.79,,BRANCH98,Ben Anderson,ACCT6751841,2025-08-26 09:40:55,noise
debit,3000.0,ACCT8248646,BRANCH98,Ben Anderson,ACCT6751841,2025-08-26 15:32:02,noise
credit,1135.31,,BRANCH98,Ben Anderson,ACCT6751841,2025-08-19 20:35:19,noise
credit,545.87,,BRANCH98,Ben Anderson,ACCT6751841,2025-08-16 14:31:49,noise
credit,461.66,,BRANCH98,Ben Anderson,ACCT6751841,2025-08-15 20:08:31,noise
credit,675.52,ACCT3116724,BRANCH98,Ben Anderson,ACCT6751841,2025-08-10 17:34:06,noise
credit,1554.69,ACCT3514300,BRANCH98,Ben Anderson,ACCT6751841,2025-08-10 08:25:44,noise
credit,1148.81,,BRANCH98,Ben Anderson,ACCT6751841,2025-08-09 02:35:47,noise
debit,182.99,ACCT6174570,BRANCH12,Ben Anderson,ACCT6751841,2025-08-09 13:29:35,noise
credit,352.93,,BRANCH98,Ben Anderson,ACCT6751841,2025-08-06 18:31:46,noise
debit,77016.94,ACCT3001768,BRANCH98,Ben Anderson,ACCT6751841,2025-12-23 04:08:02,noise
debit,83993.48,ACCT1307956,BRANCH98,Ravi Haddad,ACCT3001768,2025-12-22 03:19:07,noise
debit,73980.99,ACCT4765824,BRANCH79,Sara Bakker,ACCT1307956,2025-12-23 13:29:58,noise
debit,2187.2,,BRANCH36,Cara Chen,ACCT9044513,2025-10-03 15:33:32,noise
debit,312.54,,BRANCH25,Cara Chen,ACCT9044513,2025-10-03 09:19:25,noise
debit,1801.39,,BRANCH25,Cara Chen,ACCT9044513,2025-09-30 12:06:49,noise
credit,917.63,,BRANCH96,Cara Chen,ACCT9044513,2025-09-30 10:37:34,noise
credit,517.97,ACCT7361676,BRANCH76,Cara Chen,ACCT9044513,2025-09-29 14:02:14,noise
credit,1115.3,,BRANCH24,Cara Chen,ACCT9044513,2025-09-29 17:43:45,noise
debit,563.04,,BRANCH15,Cara Chen,ACCT9044513,2025-09-25 14:08:34,noise
debit,1149.83,,BRANCH60,Cara Chen,ACCT9044513,2025-09-25 18:42:16,noise
debit,3000.0,ACCT4073101,BRANCH25,Cara Chen,ACCT9044513,2025-09-19 13:29:21,noise
debit,687.38,,BRANCH25,Cara Chen,ACCT9044513,2025-09-19 09:42:45,noise
debit,342.85,,BRANCH34,Cara Chen,ACCT9044513,2025-09-17 13:14:47,noise
debit,1106.19,,BRANCH25,Cara Chen,ACCT9044513,2025-09-16 19:02:08,noise
credit,878.93,,BRANCH25,Cara Chen,ACCT9044513,2025-09-15 16:27:02,noise
debit,2424.68,,BRANCH25,Cara Chen,ACCT9044513,2025-09-14 15:27:13,noise
credit,985.97,,BRANCH25,Cara Chen,ACCT9044513,2025-09-12 09:18:28,noise
credit,692.8,ACCT3273218,BRANCH25,Cara Chen,ACCT9044513,2025-09-10 12:33:33,noise
debit,2186.36,,BRANCH25,Cara Chen,ACCT9044513,2025-09-07 18:45:39,noise
debit,427.8,,BRANCH25,Cara Chen,ACCT9044513,2025-09-04 14:22:38,noise
debit,2531.61,,BRANCH25,Cara Chen,ACCT9044513,2025-09-01 08:03:10,noise
credit,1267.72,,BRANCH25,Cara Chen,ACCT9044513,2025-08-31 14:13:35,noise
credit,409.1,ACCT2066085,BRANCH25,Cara Chen,ACCT9044513,2025-08-24 10:04:40,noise
debit,579.92,ACCT1618870,BRANCH25,Cara Chen,ACCT9044513,2025-08-23 21:21:29,noise
debit,246.64,,BRANCH25,Cara Chen,ACCT9044513,2025-08-15 11:28:32,noise
debit,79.27,,BRANCH67,Cara Chen,ACCT9044513,2025-08-12 20:28:23,noise
debit,1049.64,,BRANCH68,Cara Chen,ACCT9044513,2025-08-12 18:26:30,noise
debit,413.49,ACCT1307956,BRANCH25,Cara Chen,ACCT9044513,2025-08-08 11:15:57,noise
credit,1924.73,,BRANCH25,Cara Chen,ACCT9044513,2025-08-05 00:08:35,noise
debit,555.41,,BRANCH90,Tomas Silva,ACCT3237994,2025-10-03 20:44:12,noise
debit,3000.0,ACCT5661962,BRANCH90,Tomas Silva,ACCT3237994,2025-10-03 11:42:37,noise
debit,1987.9,,BRANCH90,Tomas Silva,ACCT3237994,2025-10-01 08:29:44,noise
credit,583.88,,BRANCH22,Tomas Silva,ACCT3237994,2025-09-30 16:12:53,noise
credit,1960.06,,BRANCH90,Tomas Silva,ACCT3237994,2025-09-29 10:39:49,noise
debit,77.53,,BRANCH90,Tomas Silva,ACCT3237994,2025-09-27 08:01:06,noise
debit,1095.88,,BRANCH90,Tomas Silva,ACCT3237994,2025-09-24 23:30:55,noise
debit,2437.98,ACCT7549473,BRANCH90,Tomas Silva,ACCT3237994,2025-09-22 19:13:14,noise
debit,1210.88,ACCT6503586,BRANCH90,Tomas Silva,ACCT3237994,2025-09-21 19:29:04,noise
debit,305.27,ACCT8248646,BRANCH90,Tomas Silva,ACCT3237994,2025-09-21 13:03:27,noise
debit,584.19,,BRANCH90,Tomas Silva,ACCT3237994,2025-09-20 09:41:40,noise
credit,196.97,,BRANCH90,Tomas Silva,ACCT3237994,2025-09-17 20:26:46,noise
credit,414.08,,BRANCH90,Tomas Silva,ACCT3237994,2025-09-16 18:36:34,noise
credit,635.77,ACCT8205473,BRANCH68,Tomas Silva,ACCT3237994,2025-09-16 22:21:17,noise
credit,3213.74,,BRANCH66,Tomas Silva,ACCT3237994,2025-09-15 23:29:00,noise
debit,622.58,ACCT6894151,BRANCH90,Tomas Silva,ACCT3237994,2025-09-15 20:20:17,noise
credit,1495.89,ACCT3116724,BRANCH90,Tomas Silva,ACCT3237994,2025-09-13 15:28:44,noise
credit,2362.32,ACCT5623429,BRANCH69,Tomas Silva,ACCT3237994,2025-09-13 23:44:22,noise
credit,468.88,,BRANCH32,Tomas Silva,ACCT3237994,2025-09-05 16:08:05,noise
credit,634.03,,BRANCH90,Tomas Silva,ACCT3237994,2025-09-04 15:19:25,noise
debit,904.76,,BRANCH90,Tomas Silva,ACCT3237994,2025-09-04 10:19:32,noise
debit,783.62,,BRANCH90,Tomas Silva,ACCT3237994,2025-09-03 03:44:13,noise
credit,2636.88,,BRANCH90,Tomas Silva,ACCT3237994,2025-08-30 15:33:26,noise
debit,163.72,ACCT4635334,BRANCH94,Tomas Silva,ACCT3237994,2025-08-30 15:17:38,noise
credit,242.77,,BRANCH90,Tomas Silva,ACCT3237994,2025-08-29 13:31:14,noise
credit,1008.54,,BRANCH90,Tomas Silva,ACCT3237994,2025-08-27 13:25:10,noise
debit,439.22,,BRANCH36,Tomas Silva,ACCT3237994,2025-08-26 18:28:47,noise
debit,3000.0,ACCT4635334,BRANCH90,Tomas Silva,ACCT3237994,2025-08-24 23:33:11,noise
debit,471.89,,BRANCH90,Tomas Silva,ACCT3237994,2025-08-24 08:36:16,noise
debit,1431.61,ACCT2089830,BRANCH61,Tomas Silva,ACCT3237994,2025-08-20 13:40:01,noise
debit,665.22,,BRANCH67,Tomas Silva,ACCT3237994,2025-08-20 12:33:50,noise
debit,519.18,,BRANCH90,Tomas Silva,ACCT3237994,2025-08-18 21:16:18,noise
debit,1719.55,,BRANCH90,Tomas Silva,ACCT3237994,2025-08-11 19:10:04,noise
credit,1786.23,,BRANCH90,Tomas Silva,ACCT3237994,2025-08-10 13:36:20,noise
credit,367.04,,BRANCH90,Lena Carlos,ACCT1788720,2025-10-02 01:34:47,noise
credit,468.6,,BRANCH90,Lena Carlos,ACCT1788720,2025-09-30 11:16:16,noise
credit,997.54,,BRANCH39,Lena Carlos,ACCT1788720,2025-09-30 18:28:37,noise
debit,398.48,ACCT7704172,BRANCH32,Lena Carlos,ACCT1788720,2025-09-26 15:41:21,noise
credit,1557.7,ACCT6091368,BRANCH84,Lena Carlos,ACCT1788720,2025-09-23 12:35:14,noise
debit,421.36,ACCT7006438,BRANCH90,Lena Carlos,ACCT1788720,2025-09-23 13:43:48,noise
credit,361.52,,BRANCH59,Lena Carlos,ACCT1788720,2025-09-22 20:07:29,noise
credit,1376.9,,BRANCH90,Lena Carlos,ACCT1788720,2025-09-21 09:38:12,noise
credit,242.85,ACCT3514300,BRANCH90,Lena Carlos,ACCT1788720,2025-09-20 12:22:39,noise
debit,3848.52,,BRANCH90,Lena Carlos,ACCT1788720,2025-09-19 15:10:58,noise
credit,2308.31,,BRANCH90,Lena Carlos,ACCT1788720,2025-09-17 17:08:24,noise
credit,996.05,,BRANCH90,Lena Carlos,ACCT1788720,2025-09-13 08:35:27,noise
credit,675.5,,BRANCH90,Lena Carlos,ACCT1788720,2025-09-11 05:43:32,noise
credit,732.97,,BRANCH90,Lena Carlos,ACCT1788720,2025-09-11 18:26:01,noise
debit,1662.94,,BRANCH90,Lena Carlos,ACCT1788720,2025-09-07 09:09:14,noise
credit,1360.14,,BRANCH90,Lena Carlos,ACCT1788720,2025-09-07 21:42:57,noise
debit,783.45,ACCT5378984,BRANCH90,Lena Carlos,ACCT1788720,2025-09-05 09:15:59,noise
credit,2033.04,ACCT9006815,BRANCH90,Lena Carlos,ACCT1788720,2025-09-05 16:03:06,noise
credit,836.73,,BRANCH90,Lena Carlos,ACCT1788720,2025-09-04 20:39:46,noise
debit,1174.3,ACCT4427182,BRANCH90,Lena Carlos,ACCT1788720,2025-09-03 20:15:01,noise
debit,1075.79,,BRANCH90,Lena Carlos,ACCT1788720,2025-09-03 14:28:34,noise
debit,740.84,,BRANCH90,Lena Carlos,ACCT1788720,2025-09-02 11:34:25,noise
debit,525.51,,BRANCH90,Lena Carlos,ACCT1788720,2025-08-29 12:24:35,noise
credit,464.83,,BRANCH54,Lena Carlos,ACCT1788720,2025-08-29 11:40:23,noise
debit,297.26,,BRANCH90,Lena Carlos,ACCT1788720,2025-08-28 14:38:18,noise
credit,915.22,ACCT2777204,BRANCH90,Lena Carlos,ACCT1788720,2025-08-28 19:34:51,noise
credit,1388.13,,BRANCH90,Lena Carlos,ACCT1788720,2025-08-27 10:21:15,noise
credit,642.37,,BRANCH90,Lena Carlos,ACCT1788720,2025-08-24 16:13:55,noise
credit,501.72,,BRANCH90,Lena Carlos,ACCT1788720,2025-08-23 08:05:23,noise
debit,625.46,,BRANCH90,Lena Carlos,ACCT1788720,2025-08-22 15:23:18,noise
debit,446.09,ACCT7955541,BRANCH90,Lena Carlos,ACCT1788720,2025-08-19 05:00:08,noise
debit,315.67,ACCT8205473,BRANCH90,Lena Carlos,ACCT1788720,2025-08-16 22:26:00,noise
credit,192.58,,BRANCH90,Lena Carlos,ACCT1788720,2025-08-16 11:36:32,noise
debit,2585.85,,BRANCH90,Lena Carlos,ACCT1788720,2025-08-12 19:35:39,noise
credit,360.76,,BRANCH90,Lena Carlos,ACCT1788720,2025-08-08 22:22:33,noise
credit,471.79,,BRANCH90,Lena Carlos,ACCT1788720,2025-08-07 11:05:04,noise
credit,1856.95,,BRANCH99,Lena Carlos,ACCT1788720,2025-08-07 11:09:39,noise
debit,367.58,,BRANCH90,Lena Carlos,ACCT1788720,2025-08-06 12:13:31,noise
credit,435.34,,BRANCH90,Lena Carlos,ACCT1788720,2025-08-05 15:21:44,noise
debit,187.37,,BRANCH90,Lena Carlos,ACCT1788720,2025-08-04 14:05:54,noise
credit,321.66,,BRANCH18,Fahad ElSayed,ACCT7955541,2025-10-03 18:25:01,noise
credit,590.63,,BRANCH60,Fahad ElSayed,ACCT7955541,2025-10-02 13:34:45,noise
debit,595.0,,BRANCH60,Fahad ElSayed,ACCT7955541,2025-10-02 00:31:55,noise
debit,1457.1,,BRANCH60,Fahad ElSayed,ACCT7955541,2025-10-01 14:28:08,noise
debit,186.81,ACCT2492020,BRANCH60,Fahad ElSayed,ACCT7955541,2025-09-30 08:11:39,noise
debit,148.62,ACCT6289266,BRANCH60,Fahad ElSayed,ACCT7955541,2025-09-30 11:45:31,noise
debit,767.14,ACCT6246793,BRANCH60,Fahad ElSayed,ACCT7955541,2025-09-28 18:15:29,noise
credit,927.15,,BRANCH60,Fahad ElSayed,ACCT7955541,2025-09-27 16:29:29,noise
debit,529.73,,BRANCH60,Fahad ElSayed,ACCT7955541,2025-09-26 16:35:00,noise
debit,926.43,ACCT3116724,BRANCH60,Fahad ElSayed,ACCT7955541,2025-09-21 19:29:15,noise
credit,385.7,,BRANCH60,Fahad ElSayed,ACCT7955541,2025-09-17 14:09:19,noise
credit,718.73,,BRANCH49,Fahad ElSayed,ACCT7955541,2025-09-14 08:45:13,noise
debit,551.77,,BRANCH60,Fahad ElSayed,ACCT7955541,2025-09-14 15:45:03,noise
credit,1862.14,,BRANCH60,Fahad ElSayed,ACCT7955541,2025-09-13 13:13:57,noise
credit,869.97,,BRANCH60,Fahad ElSayed,ACCT7955541,2025-09-13 11:01:11,noise
credit,3102.86,,BRANCH60,Fahad ElSayed,ACCT7955541,2025-09-11 23:37:04,noise
debit,372.71,ACCT5378984,BRANCH60,Fahad ElSayed,ACCT7955541,2025-09-10 03:44:34,noise
debit,377.88,,BRANCH60,Fahad ElSayed,ACCT7955541,2025-09-09 08:24:53,noise
credit,1218.01,,BRANCH60,Fahad ElSayed,ACCT7955541,2025-09-08 10:44:17,noise
debit,801.89,,BRANCH60,Fahad ElSayed,ACCT7955541,2025-09-05 20:29:25,noise
debit,204.44,ACCT1688404,BRANCH60,Fahad ElSayed,ACCT7955541,2025-09-03 17:11:44,noise
credit,328.75,,BRANCH60,Fahad ElSayed,ACCT7955541,2025-09-03 11:17:20,noise
debit,685.48,,BRANCH60,Fahad ElSayed,ACCT7955541,2025-09-01 15:03:44,noise
credit,544.04,,BRANCH42,Fahad ElSayed,ACCT7955541,2025-09-01 16:45:24,noise
credit,130.59,,BRANCH60,Fahad ElSayed,ACCT7955541,2025-08-31 16:43:59,noise
debit,379.47,,BRANCH60,Fahad ElSayed,ACCT7955541,2025-08-31 05:23:27,noise
credit,797.44,,BRANCH60,Fahad ElSayed,ACCT7955541,2025-08-30 11:42:24,noise
debit,539.61,ACCT6696915,BRANCH84,Fahad ElSayed,ACCT7955541,2025-08-30 08:30:33,noise
debit,1317.25,,BRANCH49,Fahad ElSayed,ACCT7955541,2025-08-29 13:21:13,noise
credit,269.27,,BRANCH86,Fahad ElSayed,ACCT7955541,2025-08-29 12:12:53,noise
credit,3558.47,,BRANCH60,Fahad ElSayed,ACCT7955541,2025-08-23 13:16:43,noise
debit,219.11,,BRANCH60,Fahad ElSayed,ACCT7955541,2025-08-22 13:30:53,noise
debit,150.43,,BRANCH60,Fahad ElSayed,ACCT7955541,2025-08-20 08:00:00,noise
debit,208.4,ACCT3149040,BRANCH60,Fahad ElSayed,ACCT7955541,2025-08-20 20:06:32,noise
debit,776.26,ACCT4184981,BRANCH60,Fahad ElSayed,ACCT7955541,2025-08-18 05:27:25,noise
debit,374.7,,BRANCH60,Fahad ElSayed,ACCT7955541,2025-08-16 16:21:48,noise
credit,933.54,,BRANCH60,Fahad ElSayed,ACCT7955541,2025-08-15 14:40:32,noise
credit,344.39,ACCT6722652,BRANCH60,Fahad ElSayed,ACCT7955541,2025-08-14 11:18:13,noise
credit,2315.77,ACCT8202097,BRANCH60,Fahad ElSayed,ACCT7955541,2025-08-11 12:36:21,noise
credit,709.53,,BRANCH60,Fahad ElSayed,ACCT7955541,2025-08-11 20:26:57,noise
debit,2682.07,,BRANCH70,Fahad ElSayed,ACCT7955541,2025-08-09 08:20:14,noise
debit,259.75,,BRANCH60,Fahad ElSayed,ACCT7955541,2025-08-08 20:12:18,noise
debit,202.81,ACCT6246793,BRANCH60,Fahad ElSayed,ACCT7955541,2025-08-08 21:41:10,noise
credit,386.89,,BRANCH12,Fahad ElSayed,ACCT7955541,2025-08-06 11:41:42,noise
credit,141.17,,BRANCH17,Priya Rossi,ACCT2066085,2025-10-03 10:09:26,noise
debit,2929.78,,BRANCH23,Priya Rossi,ACCT2066085,2025-09-29 13:41:54,noise
debit,113.72,ACCT1278957,BRANCH23,Priya Rossi,ACCT2066085,2025-09-28 20:12:37,noise
debit,405.17,ACCT9787006,BRANCH67,Priya Rossi,ACCT2066085,2025-09-24 20:30:16,noise
debit,818.71,,BRANCH70,Priya Rossi,ACCT2066085,2025-09-24 12:36:38,noise
credit,1419.74,,BRANCH93,Priya Rossi,ACCT2066085,2025-09-22 18:14:38,noise
debit,1043.42,,BRANCH23,Priya Rossi,ACCT2066085,2025-09-22 12:05:16,noise
credit,242.47,,BRANCH45,Priya Rossi,ACCT2066085,2025-09-18 11:39:25,noise
debit,98.92,ACCT3116724,BRANCH23,Priya Rossi,ACCT2066085,2025-09-16 11:10:44,noise
debit,1323.18,ACCT5985265,BRANCH23,Priya Rossi,ACCT2066085,2025-09-14 18:07:03,noise
credit,805.34,,BRANCH93,Priya Rossi,ACCT2066085,2025-09-09 17:20:31,noise
debit,756.25,,BRANCH87,Priya Rossi,ACCT2066085,2025-09-08 02:36:18,noise
credit,450.26,,BRANCH23,Priya Rossi,ACCT2066085,2025-09-07 16:30:50,noise
credit,1314.6,ACCT6589702,BRANCH23,Priya Rossi,ACCT2066085,2025-09-07 10:26:11,noise
debit,1364.38,,BRANCH29,Priya Rossi,ACCT2066085,2025-09-06 23:45:51,noise
debit,167.93,,BRANCH55,Priya Rossi,ACCT2066085,2025-09-05 14:21:42,noise
credit,502.72,,BRANCH23,Priya Rossi,ACCT2066085,2025-09-04 18:08:00,noise
debit,280.78,,BRANCH23,Priya Rossi,ACCT2066085,2025-09-02 18:38:17,noise
credit,1607.88,,BRANCH23,Priya Rossi,ACCT2066085,2025-09-01 16:03:38,noise
credit,1558.43,,BRANCH33,Priya Rossi,ACCT2066085,2025-08-30 20:01:35,noise
debit,664.45,,BRANCH23,Priya Rossi,ACCT2066085,2025-08-29 08:24:56,noise
debit,238.91,ACCT1786794,BRANCH23,Priya Rossi,ACCT2066085,2025-08-29 15:05:07,noise
debit,633.11,,BRANCH23,Priya Rossi,ACCT2066085,2025-08-27 05:20:45,noise
credit,1114.53,,BRANCH23,Priya Rossi,ACCT2066085,2025-08-27 17:11:15,noise
debit,1908.44,ACCT2492020,BRANCH23,Priya Rossi,ACCT2066085,2025-08-25 19:37:48,noise
credit,957.9,ACCT6279206,BRANCH23,Priya Rossi,ACCT2066085,2025-08-25 09:22:20,noise
credit,2323.96,,BRANCH23,Priya Rossi,ACCT2066085,2025-08-24 11:35:54,noise
debit,179.08,,BRANCH23,Priya Rossi,ACCT2066085,2025-08-24 00:03:32,noise
credit,527.52,,BRANCH23,Priya Rossi,ACCT2066085,2025-08-20 23:13:34,noise
debit,3000.0,ACCT7955541,BRANCH35,Priya Rossi,ACCT2066085,2025-08-19 14:21:09,noise
credit,688.83,,BRANCH55,Priya Rossi,ACCT2066085,2025-08-18 15:16:30,noise
credit,282.12,,BRANCH23,Priya Rossi,ACCT2066085,2025-08-15 17:37:10,noise
debit,85.11,,BRANCH90,Priya Rossi,ACCT2066085,2025-08-13 11:31:51,noise
debit,1993.71,ACCT2089830,BRANCH23,Priya Rossi,ACCT2066085,2025-08-09 11:39:13,noise
debit,694.93,,BRANCH54,Priya Rossi,ACCT2066085,2025-08-04 19:22:52,noise
credit,228.68,,BRANCH55,Fahad Jansen,ACCT1688404,2025-09-26 15:29:31,noise
credit,135.43,,BRANCH55,Fahad Jansen,ACCT1688404,2025-09-26 14:30:19,noise
debit,1141.23,,BRANCH55,Fahad Jansen,ACCT1688404,2025-09-24 15:09:11,noise
debit,845.46,,BRANCH55,Fahad Jansen,ACCT1688404,2025-09-22 11:23:17,noise
debit,2010.35,,BRANCH55,Fahad Jansen,ACCT1688404,2025-09-18 19:33:55,noise
debit,588.25,,BRANCH71,Fahad Jansen,ACCT1688404,2025-09-10 09:43:30,noise
credit,2235.84,,BRANCH55,Fahad Jansen,ACCT1688404,2025-09-10 15:35:55,noise
credit,1409.26,,BRANCH91,Fahad Jansen,ACCT1688404,2025-09-08 18:00:18,noise
debit,2075.5,,BRANCH55,Fahad Jansen,ACCT1688404,2025-09-08 19:38:23,noise
credit,189.37,,BRANCH55,Fahad Jansen,ACCT1688404,2025-09-07 11:19:02,noise
debit,403.55,,BRANCH55,Fahad Jansen,ACCT1688404,2025-09-06 01:16:13,noise
debit,321.94,,BRANCH55,Fahad Jansen,ACCT1688404,2025-09-03 15:15:38,noise
debit,1941.77,ACCT4303202,BRANCH55,Fahad Jansen,ACCT1688404,2025-09-03 09:33:05,noise
credit,957.94,,BRANCH55,Fahad Jansen,ACCT1688404,2025-09-02 23:35:40,noise
credit,562.89,,BRANCH55,Fahad Jansen,ACCT1688404,2025-08-30 08:06:13,noise
credit,725.2,ACCT8238901,BRANCH55,Fahad Jansen,ACCT1688404,2025-08-28 18:03:13,noise
debit,2091.31,,BRANCH26,Fahad Jansen,ACCT1688404,2025-08-26 16:27:49,noise
debit,117.24,ACCT6709081,BRANCH55,Fahad Jansen,ACCT1688404,2025-08-24 02:29:30,noise
debit,130.46,,BRANCH55,Fahad Jansen,ACCT1688404,2025-08-19 20:02:30,noise
credit,2482.83,,BRANCH55,Fahad Jansen,ACCT1688404,2025-08-19 20:42:44,noise
credit,188.09,,BRANCH40,Fahad Jansen,ACCT1688404,2025-08-18 09:06:31,noise
credit,1191.81,,BRANCH55,Fahad Jansen,ACCT1688404,2025-08-18 14:07:52,noise
debit,379.4,,BRANCH55,Fahad Jansen,ACCT1688404,2025-08-16 18:42:52,noise
debit,662.77,,BRANCH74,Fahad Jansen,ACCT1688404,2025-08-14 16:20:22,noise
debit,648.25,,BRANCH87,Fahad Jansen,ACCT1688404,2025-08-13 14:42:40,noise
debit,287.33,,BRANCH55,Fahad Jansen,ACCT1688404,2025-08-12 19:24:55,noise
credit,448.54,,BRANCH55,Fahad Jansen,ACCT1688404,2025-08-11 19:02:14,noise
debit,2548.72,,BRANCH93,Fahad Jansen,ACCT1688404,2025-08-11 20:08:36,noise
debit,948.63,,BRANCH47,Fahad Jansen,ACCT1688404,2025-08-09 03:14:27,noise
debit,804.8,,BRANCH55,Fahad Jansen,ACCT1688404,2025-08-07 20:41:10,noise
debit,300.41,,BRANCH96,Jin Mehta,ACCT3116724,2025-10-01 13:21:31,noise
debit,369.11,,BRANCH96,Jin Mehta,ACCT3116724,2025-09-29 15:22:24,noise
credit,174.22,,BRANCH28,Jin Mehta,ACCT3116724,2025-09-27 19:38:12,noise
credit,332.57,,BRANCH74,Jin Mehta,ACCT3116724,2025-09-23 16:32:30,noise
debit,77.63,,BRANCH96,Jin Mehta,ACCT3116724,2025-09-19 14:36:49,noise
credit,466.93,,BRANCH96,Jin Mehta,ACCT3116724,2025-09-19 13:23:28,noise
debit,2551.28,,BRANCH96,Jin Mehta,ACCT3116724,2025-09-18 08:02:05,noise
debit,477.2,,BRANCH96,Jin Mehta,ACCT3116724,2025-09-11 19:33:02,noise
credit,936.12,ACCT7566718,BRANCH96,Jin Mehta,ACCT3116724,2025-09-10 00:43:43,noise
debit,298.33,,BRANCH96,Jin Mehta,ACCT3116724,2025-09-10 09:14:06,noise
credit,1341.86,,BRANCH24,Jin Mehta,ACCT3116724,2025-09-09 11:06:14,noise
debit,1220.18,,BRANCH84,Jin Mehta,ACCT3116724,2025-09-09 15:30:44,noise
credit,206.71,,BRANCH96,Jin Mehta,ACCT3116724,2025-09-08 08:25:50,noise
credit,962.07,,BRANCH47,Jin Mehta,ACCT3116724,2025-09-08 12:12:07,noise
debit,185.08,,BRANCH96,Jin Mehta,ACCT3116724,2025-09-07 18:04:28,noise
debit,1817.06,ACCT8248646,BRANCH96,Jin Mehta,ACCT3116724,2025-08-30 20:15:33,noise
debit,3707.04,,BRANCH82,Jin Mehta,ACCT3116724,2025-08-29 13:13:18,noise
debit,1062.26,,BRANCH96,Jin Mehta,ACCT3116724,2025-08-28 17:16:23,noise
credit,246.22,,BRANCH96,Jin Mehta,ACCT3116724,2025-08-25 12:45:35,noise
credit,632.24,ACCT3149040,BRANCH96,Jin Mehta,ACCT3116724,2025-08-21 16:43:44,noise
credit,615.85,ACCT7586555,BRANCH96,Jin Mehta,ACCT3116724,2025-08-21 08:19:27,noise
credit,2085.99,,BRANCH96,Jin Mehta,ACCT3116724,2025-08-20 17:30:36,noise
debit,327.34,ACCT7704172,BRANCH96,Jin Mehta,ACCT3116724,2025-08-19 08:19:55,noise
debit,968.15,,BRANCH96,Jin Mehta,ACCT3116724,2025-08-17 13:08:05,noise
credit,527.33,ACCT6589702,BRANCH96,Jin Mehta,ACCT3116724,2025-08-17 01:34:58,noise
debit,1264.05,,BRANCH96,Jin Mehta,ACCT3116724,2025-08-16 20:21:14,noise
debit,299.7,,BRANCH96,Jin Mehta,ACCT3116724,2025-08-15 15:40:47,noise
debit,970.68,ACCT9518841,BRANCH10,Jin Mehta,ACCT3116724,2025-08-15 22:28:54,noise
debit,1626.76,,BRANCH96,Jin Mehta,ACCT3116724,2025-08-14 15:29:21,noise
credit,332.46,ACCT4303202,BRANCH96,Jin Mehta,ACCT3116724,2025-08-14 16:04:16,noise
credit,921.91,,BRANCH96,Jin Mehta,ACCT3116724,2025-08-11 20:14:40,noise
debit,355.56,ACCT1737518,BRANCH96,Jin Mehta,ACCT3116724,2025-08-07 13:33:48,noise
debit,746.35,,BRANCH96,Jin Mehta,ACCT3116724,2025-08-07 02:26:47,noise
credit,630.97,,BRANCH28,Wes Gomes,ACCT2777204,2025-10-02 21:37:29,noise
debit,661.35,ACCT2103254,BRANCH32,Wes Gomes,ACCT2777204,2025-10-02 11:39:24,noise
debit,2453.29,,BRANCH32,Wes Gomes,ACCT2777204,2025-10-01 18:32:20,noise
credit,1224.67,,BRANCH14,Wes Gomes,ACCT2777204,2025-09-30 12:33:39,noise
credit,774.82,,BRANCH89,Wes Gomes,ACCT2777204,2025-09-29 16:34:02,noise
debit,1557.01,,BRANCH70,Wes Gomes,ACCT2777204,2025-09-29 11:07:07,noise
credit,328.2,,BRANCH73,Wes Gomes,ACCT2777204,2025-09-25 15:12:20,noise
debit,415.67,ACCT8033024,BRANCH32,Wes Gomes,ACCT2777204,2025-09-22 11:02:54,noise
debit,722.78,,BRANCH77,Wes Gomes,ACCT2777204,2025-09-22 19:28:45,noise
credit,968.82,ACCT2415489,BRANCH32,Wes Gomes,ACCT2777204,2025-09-21 09:40:19,noise
credit,649.64,,BRANCH32,Wes Gomes,ACCT2777204,2025-09-19 16:10:17,noise
debit,60.82,,BRANCH58,Wes Gomes,ACCT2777204,2025-09-18 14:09:45,noise
debit,564.04,,BRANCH60,Wes Gomes,ACCT2777204,2025-09-17 15:04:07,noise
debit,176.83,,BRANCH42,Wes Gomes,ACCT2777204,2025-09-10 14:28:22,noise
credit,793.45,,BRANCH32,Wes Gomes,ACCT2777204,2025-09-09 09:08:43,noise
credit,495.13,,BRANCH44,Wes Gomes,ACCT2777204,2025-09-09 18:22:07,noise
debit,741.08,ACCT7566718,BRANCH13,Wes Gomes,ACCT2777204,2025-09-07 10:16:02,noise
debit,3724.41,,BRANCH32,Wes Gomes,ACCT2777204,2025-09-05 16:33:37,noise
credit,1728.66,ACCT7431920,BRANCH32,Wes Gomes,ACCT2777204,2025-09-03 14:00:58,noise
debit,766.84,,BRANCH32,Wes Gomes,ACCT2777204,2025-09-03 00:04:56,noise
debit,1170.92,,BRANCH16,Wes Gomes,ACCT2777204,2025-09-02 05:26:44,noise
credit,822.43,,BRANCH32,Wes Gomes,ACCT2777204,2025-08-31 16:43:32,noise
debit,613.42,,BRANCH32,Wes Gomes,ACCT2777204,2025-08-30 15:26:08,noise
debit,267.02,ACCT4856104,BRANCH32,Wes Gomes,ACCT2777204,2025-08-29 16:40:32,noise
credit,1635.28,ACCT7549473,BRANCH37,Wes Gomes,ACCT2777204,2025-08-28 02:37:22,noise
debit,479.5,ACCT6289266,BRANCH32,Wes Gomes,ACCT2777204,2025-08-27 17:23:34,noise
credit,1137.23,,BRANCH32,Wes Gomes,ACCT2777204,2025-08-26 10:38:47,noise
debit,451.55,ACCT6751841,BRANCH32,Wes Gomes,ACCT2777204,2025-08-23 16:30:01,noise
credit,191.48,,BRANCH32,Wes Gomes,ACCT2777204,2025-08-22 22:14:17,noise
credit,2259.1,,BRANCH58,Wes Gomes,ACCT2777204,2025-08-18 13:21:12,noise
debit,2985.75,,BRANCH32,Wes Gomes,ACCT2777204,2025-08-15 12:44:13,noise
debit,226.78,,BRANCH32,Wes Gomes,ACCT2777204,2025-08-12 08:16:14,noise
debit,1999.87,,BRANCH80,Wes Gomes,ACCT2777204,2025-08-10 19:15:03,noise
credit,1185.64,ACCT8202097,BRANCH71,Wes Gomes,ACCT2777204,2025-08-10 12:41:39,noise
credit,1535.44,,BRANCH32,Wes Gomes,ACCT2777204,2025-08-07 20:33:50,noise
debit,1040.23,,BRANCH32,Wes Gomes,ACCT2777204,2025-08-06 18:19:24,noise
debit,1704.02,ACCT5378984,BRANCH32,Wes Gomes,ACCT2777204,2025-08-05 04:25:24,noise
debit,1005.61,,BRANCH32,Wes Gomes,ACCT2777204,2025-08-04 05:06:17,noise
credit,1009.87,,BRANCH81,Tomas Unger,ACCT7566718,2025-10-02 17:30:29,noise
debit,2026.9,,BRANCH81,Tomas Unger,ACCT7566718,2025-10-02 14:25:10,noise
credit,1454.34,,BRANCH81,Tomas Unger,ACCT7566718,2025-09-29 13:09:13,noise
debit,420.05,,BRANCH90,Tomas Unger,ACCT7566718,2025-09-28 05:44:40,noise
credit,239.73,,BRANCH81,Tomas Unger,ACCT7566718,2025-09-28 09:21:54,noise
credit,2245.68,,BRANCH81,Tomas Unger,ACCT7566718,2025-09-25 18:04:44,noise
debit,878.72,ACCT1618870,BRANCH81,Tomas Unger,ACCT7566718,2025-09-24 08:44:58,noise
credit,422.06,,BRANCH81,Tomas Unger,ACCT7566718,2025-09-20 16:41:00,noise
debit,491.89,,BRANCH81,Tomas Unger,ACCT7566718,2025-09-20 13:14:14,noise
credit,96.17,,BRANCH81,Tomas Unger,ACCT7566718,2025-09-19 10:31:01,noise
debit,1456.18,ACCT2492020,BRANCH81,Tomas Unger,ACCT7566718,2025-09-18 18:40:12,noise
credit,291.21,,BRANCH81,Tomas Unger,ACCT7566718,2025-09-18 20:19:33,noise
credit,55.86,,BRANCH60,Tomas Unger,ACCT7566718,2025-09-15 16:35:01,noise
credit,1569.48,,BRANCH81,Tomas Unger,ACCT7566718,2025-09-15 17:04:45,noise
debit,575.4,,BRANCH81,Tomas Unger,ACCT7566718,2025-09-14 19:01:10,noise
credit,731.64,,BRANCH81,Tomas Unger,ACCT7566718,2025-09-12 13:05:48,noise
credit,341.91,,BRANCH81,Tomas Unger,ACCT7566718,2025-09-11 13:20:58,noise
debit,515.42,ACCT3001768,BRANCH81,Tomas Unger,ACCT7566718,2025-09-10 09:32:32,noise
credit,211.22,ACCT5661962,BRANCH81,Tomas Unger,ACCT7566718,2025-09-09 12:00:55,noise
debit,3000.0,ACCT2621786,BRANCH81,Tomas Unger,ACCT7566718,2025-09-08 19:15:47,noise
debit,3000.0,ACCT8688797,BRANCH81,Tomas Unger,ACCT7566718,2025-09-07 05:12:44,noise
credit,104.15,,BRANCH53,Tomas Unger,ACCT7566718,2025-09-06 22:01:15,noise
credit,1703.7,,BRANCH29,Tomas Unger,ACCT7566718,2025-09-04 09:22:42,noise
credit,314.47,,BRANCH81,Tomas Unger,ACCT7566718,2025-09-03 20:31:27,noise
debit,605.74,,BRANCH81,Tomas Unger,ACCT7566718,2025-09-01 08:33:33,noise
debit,717.17,,BRANCH81,Tomas Unger,ACCT7566718,2025-08-30 11:26:01,noise
credit,378.58,,BRANCH81,Tomas Unger,ACCT7566718,2025-08-29 10:30:23,noise
credit,134.11,ACCT3514300,BRANCH81,Tomas Unger,ACCT7566718,2025-08-27 22:18:10,noise
credit,839.54,,BRANCH81,Tomas Unger,ACCT7566718,2025-08-27 09:13:47,noise
debit,860.75,,BRANCH81,Tomas Unger,ACCT7566718,2025-08-26 11:15:21,noise
debit,4430.3,,BRANCH81,Tomas Unger,ACCT7566718,2025-08-24 18:09:38,noise
debit,1341.32,,BRANCH37,Tomas Unger,ACCT7566718,2025-08-17 12:13:46,noise
credit,142.17,ACCT2492020,BRANCH81,Tomas Unger,ACCT7566718,2025-08-16 11:06:13,noise
debit,1157.05,ACCT6589702,BRANCH81,Tomas Unger,ACCT7566718,2025-08-16 19:22:21,noise
credit,2750.9,,BRANCH92,Tomas Unger,ACCT7566718,2025-08-15 11:32:36,noise
debit,141.1,ACCT4184981,BRANCH81,Tomas Unger,ACCT7566718,2025-08-15 16:36:00,noise
debit,1205.18,,BRANCH72,Tomas Unger,ACCT7566718,2025-08-14 20:06:25,noise
credit,900.96,,BRANCH61,Tomas Unger,ACCT7566718,2025-08-13 21:12:20,noise
credit,1380.85,,BRANCH81,Tomas Unger,ACCT7566718,2025-08-11 04:00:12,noise
credit,801.56,,BRANCH81,Tomas Unger,ACCT7566718,2025-08-10 13:22:45,noise
credit,763.89,,BRANCH81,Tomas Unger,ACCT7566718,2025-08-09 09:12:27,noise
credit,728.93,,BRANCH81,Tomas Unger,ACCT7566718,2025-08-09 17:15:00,noise
credit,232.04,,BRANCH81,Tomas Unger,ACCT7566718,2025-08-08 16:27:25,noise
debit,306.78,ACCT4856104,BRANCH81,Tomas Unger,ACCT7566718,2025-08-05 09:39:36,noise
debit,601.18,,BRANCH81,Tomas Unger,ACCT7566718,2025-08-04 11:04:33,noise
debit,329.59,,BRANCH69,Elena Yamamoto,ACCT9748886,2025-10-02 12:04:16,noise
debit,1098.57,ACCT4635334,BRANCH69,Elena Yamamoto,ACCT9748886,2025-09-30 16:45:23,noise
credit,1302.75,,BRANCH69,Elena Yamamoto,ACCT9748886,2025-09-30 13:09:31,noise
debit,213.22,,BRANCH69,Elena Yamamoto,ACCT9748886,2025-09-27 10:05:31,noise
debit,243.62,ACCT4461867,BRANCH32,Elena Yamamoto,ACCT9748886,2025-09-26 03:10:02,noise
debit,1680.55,,BRANCH69,Elena Yamamoto,ACCT9748886,2025-09-26 16:20:16,noise
debit,1871.51,,BRANCH69,Elena Yamamoto,ACCT9748886,2025-09-24 15:30:24,noise
debit,1418.45,,BRANCH34,Elena Yamamoto,ACCT9748886,2025-09-24 20:09:01,noise
credit,1041.62,ACCT3053327,BRANCH11,Elena Yamamoto,ACCT9748886,2025-09-21 05:16:21,noise
debit,932.35,,BRANCH69,Elena Yamamoto,ACCT9748886,2025-09-21 19:32:24,noise
credit,1053.72,ACCT5346256,BRANCH69,Elena Yamamoto,ACCT9748886,2025-09-20 17:00:16,noise
credit,696.36,,BRANCH32,Elena Yamamoto,ACCT9748886,2025-09-17 23:42:56,noise
credit,293.98,,BRANCH69,Elena Yamamoto,ACCT9748886,2025-09-16 08:31:39,noise
debit,1770.02,ACCT2718137,BRANCH69,Elena Yamamoto,ACCT9748886,2025-09-14 17:38:20,noise
credit,502.88,,BRANCH61,Elena Yamamoto,ACCT9748886,2025-09-14 16:45:45,noise
debit,481.3,,BRANCH20,Elena Yamamoto,ACCT9748886,2025-09-13 14:10:56,noise
debit,583.56,,BRANCH69,Elena Yamamoto,ACCT9748886,2025-09-13 16:11:20,noise
credit,148.54,,BRANCH69,Elena Yamamoto,ACCT9748886,2025-09-11 20:29:32,noise
credit,598.2,,BRANCH11,Elena Yamamoto,ACCT9748886,2025-09-10 18:00:38,noise
credit,367.2,,BRANCH69,Elena Yamamoto,ACCT9748886,2025-09-09 15:36:51,noise
debit,383.37,,BRANCH69,Elena Yamamoto,ACCT9748886,2025-09-07 10:34:28,noise
debit,917.36,,BRANCH78,Elena Yamamoto,ACCT9748886,2025-09-05 17:08:24,noise
credit,242.05,,BRANCH69,Elena Yamamoto,ACCT9748886,2025-09-05 14:41:37,noise
debit,1518.79,,BRANCH69,Elena Yamamoto,ACCT9748886,2025-09-03 10:43:25,noise
debit,740.0,ACCT8688797,BRANCH69,Elena Yamamoto,ACCT9748886,2025-09-02 19:39:40,noise
debit,1818.02,ACCT2075659,BRANCH69,Elena Yamamoto,ACCT9748886,2025-08-31 11:35:42,noise
credit,748.4,,BRANCH37,Elena Yamamoto,ACCT9748886,2025-08-30 20:41:18,noise
credit,746.81,,BRANCH69,Elena Yamamoto,ACCT9748886,2025-08-27 20:23:52,noise
debit,160.5,,BRANCH69,Elena Yamamoto,ACCT9748886,2025-08-26 10:06:13,noise
debit,1781.53,,BRANCH25,Elena Yamamoto,ACCT9748886,2025-08-26 15:45:32,noise
debit,638.56,ACCT7257619,BRANCH69,Elena Yamamoto,ACCT9748886,2025-08-25 10:09:42,noise
credit,214.3,ACCT8809685,BRANCH91,Elena Yamamoto,ACCT9748886,2025-08-24 12:42:29,noise
debit,1473.13,,BRANCH69,Elena Yamamoto,ACCT9748886,2025-08-23 00:17:22,noise
credit,2448.74,ACCT8202097,BRANCH69,Elena Yamamoto,ACCT9748886,2025-08-22 14:15:17,noise
debit,599.64,,BRANCH84,Elena Yamamoto,ACCT9748886,2025-08-21 17:34:55,noise
debit,885.37,,BRANCH69,Elena Yamamoto,ACCT9748886,2025-08-21 21:37:11,noise
debit,249.88,ACCT4856104,BRANCH69,Elena Yamamoto,ACCT9748886,2025-08-20 10:40:05,noise
credit,957.91,,BRANCH69,Elena Yamamoto,ACCT9748886,2025-08-19 11:14:56,noise
credit,1127.51,,BRANCH16,Elena Yamamoto,ACCT9748886,2025-08-17 17:21:20,noise
credit,1488.46,,BRANCH69,Elena Yamamoto,ACCT9748886,2025-08-17 23:30:25,noise
credit,168.32,,BRANCH69,Elena Yamamoto,ACCT9748886,2025-08-16 09:32:55,noise
debit,214.95,ACCT1297790,BRANCH25,Elena Yamamoto,ACCT9748886,2025-08-11 03:18:24,noise
debit,2298.41,,BRANCH69,Elena Yamamoto,ACCT9748886,2025-08-09 11:32:28,noise
credit,186.3,,BRANCH69,Elena Yamamoto,ACCT9748886,2025-08-07 12:06:04,noise
debit,1745.53,ACCT5661962,BRANCH34,Wes Patida,ACCT7095170,2025-09-30 15:24:52,noise
debit,812.99,ACCT3001768,BRANCH56,Wes Patida,ACCT7095170,2025-09-29 15:29:28,noise
credit,687.01,,BRANCH44,Wes Patida,ACCT7095170,2025-09-29 20:28:15,noise
credit,619.9,ACCT9556862,BRANCH34,Wes Patida,ACCT7095170,2025-09-28 22:17:48,noise
debit,204.95,,BRANCH34,Wes Patida,ACCT7095170,2025-09-24 16:34:20,noise
debit,340.25,,BRANCH34,Wes Patida,ACCT7095170,2025-09-20 02:17:01,noise
credit,333.92,,BRANCH34,Wes Patida,ACCT7095170,2025-09-18 09:05:56,noise
credit,2084.63,,BRANCH57,Wes Patida,ACCT7095170,2025-09-17 08:19:45,noise
credit,153.24,,BRANCH54,Wes Patida,ACCT7095170,2025-09-14 08:12:44,noise
credit,2234.13,,BRANCH25,Wes Patida,ACCT7095170,2025-09-12 09:01:28,noise
debit,554.63,ACCT4461867,BRANCH34,Wes Patida,ACCT7095170,2025-09-12 17:37:43,noise
debit,1501.83,,BRANCH34,Wes Patida,ACCT7095170,2025-09-10 12:06:49,noise
credit,456.43,,BRANCH34,Wes Patida,ACCT7095170,2025-09-10 20:29:28,noise
debit,971.67,,BRANCH34,Wes Patida,ACCT7095170,2025-09-04 21:45:02,noise
credit,186.16,,BRANCH34,Wes Patida,ACCT7095170,2025-08-30 11:34:21,noise
debit,407.04,,BRANCH34,Wes Patida,ACCT7095170,2025-08-26 20:05:29,noise
credit,1487.3,,BRANCH87,Wes Patida,ACCT7095170,2025-08-25 01:05:21,noise
debit,2257.88,,BRANCH34,Wes Patida,ACCT7095170,2025-08-25 11:29:27,noise
credit,473.13,ACCT7549473,BRANCH86,Wes Patida,ACCT7095170,2025-08-23 13:39:47,noise
credit,354.91,ACCT6696915,BRANCH68,Wes Patida,ACCT7095170,2025-08-22 20:14:53,noise
debit,105.48,,BRANCH34,Wes Patida,ACCT7095170,2025-08-22 10:25:08,noise
credit,253.05,,BRANCH34,Wes Patida,ACCT7095170,2025-08-20 17:10:19,noise
credit,204.27,ACCT3736291,BRANCH34,Wes Patida,ACCT7095170,2025-08-19 18:11:18,noise
credit,690.06,ACCT4584232,BRANCH34,Wes Patida,ACCT7095170,2025-08-17 16:09:26,noise
debit,2161.06,,BRANCH34,Wes Patida,ACCT7095170,2025-08-17 05:34:25,noise
debit,1376.42,,BRANCH14,Wes Patida,ACCT7095170,2025-08-13 20:36:33,noise
debit,221.31,,BRANCH20,Wes Patida,ACCT7095170,2025-08-11 09:07:58,noise
debit,607.8,,BRANCH34,Wes Patida,ACCT7095170,2025-08-11 10:25:23,noise
debit,280.12,,BRANCH34,Wes Patida,ACCT7095170,2025-08-07 10:25:15,noise
debit,60.79,ACCT6589702,BRANCH34,Wes Patida,ACCT7095170,2025-08-04 19:19:28,noise
debit,296.33,,BRANCH40,Grace Patida,ACCT6289266,2025-10-03 12:29:38,noise
debit,2544.58,,BRANCH67,Grace Patida,ACCT6289266,2025-10-02 11:02:24,noise
debit,352.55,,BRANCH64,Grace Patida,ACCT6289266,2025-10-01 17:00:28,noise
debit,1834.31,ACCT9006815,BRANCH40,Grace Patida,ACCT6289266,2025-10-01 02:09:00,noise
debit,1532.9,ACCT8205473,BRANCH40,Grace Patida,ACCT6289266,2025-09-30 08:17:11,noise
credit,269.26,,BRANCH37,Grace Patida,ACCT6289266,2025-09-29 10:35:41,noise
debit,859.44,,BRANCH40,Grace Patida,ACCT6289266,2025-09-28 14:05:46,noise
debit,457.72,,BRANCH40,Grace Patida,ACCT6289266,2025-09-26 18:45:44,noise
credit,967.64,ACCT4461867,BRANCH50,Grace Patida,ACCT6289266,2025-09-26 13:05:09,noise
debit,1231.22,,BRANCH40,Grace Patida,ACCT6289266,2025-09-25 19:36:15,noise
credit,531.41,,BRANCH94,Grace Patida,ACCT6289266,2025-09-23 11:41:08,noise
credit,431.18,ACCT6709081,BRANCH40,Grace Patida,ACCT6289266,2025-09-18 09:39:29,noise
debit,2427.37,ACCT9556862,BRANCH40,Grace Patida,ACCT6289266,2025-09-18 15:17:44,noise
debit,2191.08,ACCT7955541,BRANCH40,Grace Patida,ACCT6289266,2025-09-16 14:26:27,noise
credit,1014.91,,BRANCH90,Grace Patida,ACCT6289266,2025-09-14 21:02:26,noise
credit,1545.66,,BRANCH40,Grace Patida,ACCT6289266,2025-09-13 21:30:43,noise
credit,606.93,,BRANCH40,Grace Patida,ACCT6289266,2025-09-13 04:27:57,noise
credit,1295.42,,BRANCH40,Grace Patida,ACCT6289266,2025-09-08 19:35:30,noise
debit,4028.86,,BRANCH97,Grace Patida,ACCT6289266,2025-09-06 08:20:50,noise
credit,914.49,,BRANCH40,Grace Patida,ACCT6289266,2025-09-01 03:34:47,noise
credit,1145.23,,BRANCH40,Grace Patida,ACCT6289266,2025-08-31 20:27:02,noise
debit,262.74,,BRANCH54,Grace Patida,ACCT6289266,2025-08-27 22:19:03,noise
debit,800.45,,BRANCH40,Grace Patida,ACCT6289266,2025-08-27 15:23:40,noise
credit,740.97,ACCT2295850,BRANCH94,Grace Patida,ACCT6289266,2025-08-26 11:29:14,noise
debit,1176.66,,BRANCH49,Grace Patida,ACCT6289266,2025-08-23 08:43:39,noise
debit,1150.32,,BRANCH40,Grace Patida,ACCT6289266,2025-08-23 11:24:58,noise
debit,1082.42,,BRANCH40,Grace Patida,ACCT6289266,2025-08-20 12:42:12,noise
credit,232.48,,BRANCH40,Grace Patida,ACCT6289266,2025-08-20 10:36:03,noise
credit,2476.52,,BRANCH40,Grace Patida,ACCT6289266,2025-08-19 16:15:14,noise
debit,2225.32,ACCT8205473,BRANCH49,Grace Patida,ACCT6289266,2025-08-19 15:01:41,noise
debit,317.05,,BRANCH40,Grace Patida,ACCT6289266,2025-08-18 19:05:15,noise
debit,426.2,ACCT3512106,BRANCH40,Grace Patida,ACCT6289266,2025-08-18 18:19:26,noise
debit,1595.25,,BRANCH87,Grace Patida,ACCT6289266,2025-08-15 13:07:09,noise
credit,1934.1,,BRANCH40,Grace Patida,ACCT6289266,2025-08-12 09:14:45,noise
debit,446.63,,BRANCH40,Grace Patida,ACCT6289266,2025-08-11 01:26:20,noise
credit,548.74,,BRANCH40,Grace Patida,ACCT6289266,2025-08-11 19:02:06,noise
debit,359.39,,BRANCH51,Grace Patida,ACCT6289266,2025-08-07 19:17:30,noise
debit,102.15,,BRANCH63,Grace Patida,ACCT6289266,2025-08-05 14:41:13,noise
debit,544.65,,BRANCH30,Elena Lopes,ACCT6722652,2025-10-03 08:39:22,noise
credit,1226.78,,BRANCH56,Elena Lopes,ACCT6722652,2025-09-30 09:30:06,noise
debit,113.77,,BRANCH30,Elena Lopes,ACCT6722652,2025-09-29 12:08:40,noise
debit,259.07,,BRANCH30,Elena Lopes,ACCT6722652,2025-09-27 18:25:50,noise
debit,1152.01,ACCT1297790,BRANCH42,Elena Lopes,ACCT6722652,2025-09-26 14:28:42,noise
credit,583.56,,BRANCH68,Elena Lopes,ACCT6722652,2025-09-25 17:34:13,noise
credit,492.34,,BRANCH30,Elena Lopes,ACCT6722652,2025-09-24 12:23:26,noise
credit,261.71,,BRANCH53,Elena Lopes,ACCT6722652,2025-09-23 17:44:40,noise
debit,133.59,ACCT1786794,BRANCH28,Elena Lopes,ACCT6722652,2025-09-23 05:23:56,noise
debit,755.98,,BRANCH30,Elena Lopes,ACCT6722652,2025-09-22 23:22:39,noise
credit,314.42,,BRANCH86,Elena Lopes,ACCT6722652,2025-09-22 12:20:29,noise
debit,373.69,ACCT8238901,BRANCH81,Elena Lopes,ACCT6722652,2025-09-21 02:26:49,noise
debit,536.02,,BRANCH87,Elena Lopes,ACCT6722652,2025-09-18 10:24:55,noise
credit,1221.07,,BRANCH30,Elena Lopes,ACCT6722652,2025-09-17 09:14:54,noise
debit,3000.0,ACCT5934657,BRANCH35,Elena Lopes,ACCT6722652,2025-09-16 13:29:38,noise
debit,358.4,,BRANCH22,Elena Lopes,ACCT6722652,2025-09-16 10:33:41,noise
debit,345.88,,BRANCH30,Elena Lopes,ACCT6722652,2025-09-15 13:31:15,noise
credit,1740.45,,BRANCH30,Elena Lopes,ACCT6722652,2025-09-14 13:15:13,noise
debit,1368.18,,BRANCH30,Elena Lopes,ACCT6722652,2025-09-14 12:25:47,noise
credit,102.22,,BRANCH30,Elena Lopes,ACCT6722652,2025-09-13 10:00:06,noise
credit,464.66,,BRANCH30,Elena Lopes,ACCT6722652,2025-09-07 09:39:39,noise
debit,266.69,,BRANCH30,Elena Lopes,ACCT6722652,2025-09-01 08:01:41,noise
debit,835.82,ACCT5017009,BRANCH30,Elena Lopes,ACCT6722652,2025-09-01 18:11:58,noise
debit,141.78,ACCT1788720,BRANCH63,Elena Lopes,ACCT6722652,2025-08-27 17:08:40,noise
credit,4060.41,,BRANCH97,Elena Lopes,ACCT6722652,2025-08-26 15:05:15,noise
debit,1032.35,,BRANCH30,Elena Lopes,ACCT6722652,2025-08-24 18:16:20,noise
debit,480.37,ACCT1128822,BRANCH16,Elena Lopes,ACCT6722652,2025-08-21 18:10:38,noise
credit,2015.07,ACCT3149040,BRANCH30,Elena Lopes,ACCT6722652,2025-08-21 11:20:00,noise
debit,1793.76,,BRANCH34,Elena Lopes,ACCT6722652,2025-08-18 16:45:17,noise
credit,1683.95,,BRANCH30,Elena Lopes,ACCT6722652,2025-08-18 02:41:49,noise
credit,295.04,,BRANCH30,Elena Lopes,ACCT6722652,2025-08-16 18:23:32,noise
credit,397.85,ACCT8399028,BRANCH69,Elena Lopes,ACCT6722652,2025-08-15 17:42:01,noise
debit,389.84,,BRANCH30,Elena Lopes,ACCT6722652,2025-08-14 11:36:59,noise
credit,974.47,,BRANCH30,Elena Lopes,ACCT6722652,2025-08-09 10:04:30,noise
credit,360.82,ACCT6709081,BRANCH36,Elena Lopes,ACCT6503586,2025-09-30 19:29:34,noise
debit,631.21,,BRANCH96,Elena Lopes,ACCT6503586,2025-09-25 08:31:57,noise
debit,2429.17,ACCT8033024,BRANCH96,Elena Lopes,ACCT6503586,2025-09-20 20:02:16,noise
debit,1165.99,,BRANCH30,Elena Lopes,ACCT6503586,2025-09-20 15:03:52,noise
debit,837.99,ACCT4856104,BRANCH96,Elena Lopes,ACCT6503586,2025-09-19 13:17:54,noise
credit,812.49,,BRANCH96,Elena Lopes,ACCT6503586,2025-09-19 09:18:44,noise
debit,4789.86,,BRANCH96,Elena Lopes,ACCT6503586,2025-09-15 14:37:22,noise
debit,3078.15,,BRANCH84,Elena Lopes,ACCT6503586,2025-09-12 08:02:57,noise
debit,1915.55,,BRANCH96,Elena Lopes,ACCT6503586,2025-09-11 17:04:10,noise
credit,1893.62,,BRANCH96,Elena Lopes,ACCT6503586,2025-09-08 22:22:52,noise
credit,1408.12,,BRANCH82,Elena Lopes,ACCT6503586,2025-09-07 19:05:01,noise
debit,1187.49,,BRANCH91,Elena Lopes,ACCT6503586,2025-09-06 09:09:19,noise
credit,209.21,ACCT9556862,BRANCH96,Elena Lopes,ACCT6503586,2025-09-05 23:02:21,noise
debit,589.78,,BRANCH11,Elena Lopes,ACCT6503586,2025-09-04 04:25:07,noise
credit,973.71,,BRANCH96,Elena Lopes,ACCT6503586,2025-09-03 13:05:23,noise
debit,257.36,,BRANCH96,Elena Lopes,ACCT6503586,2025-09-02 18:02:33,noise
debit,2065.94,,BRANCH94,Elena Lopes,ACCT6503586,2025-08-30 09:04:11,noise
debit,428.88,,BRANCH96,Elena Lopes,ACCT6503586,2025-08-19 20:06:01,noise
debit,319.99,,BRANCH96,Elena Lopes,ACCT6503586,2025-08-16 20:43:20,noise
debit,900.96,,BRANCH43,Elena Lopes,ACCT6503586,2025-08-16 21:09:08,noise
credit,523.31,,BRANCH96,Elena Lopes,ACCT6503586,2025-08-15 19:12:49,noise
credit,1098.27,,BRANCH96,Elena Lopes,ACCT6503586,2025-08-13 15:01:45,noise
debit,651.94,,BRANCH57,Elena Lopes,ACCT6503586,2025-08-11 15:07:23,noise
credit,203.72,,BRANCH96,Elena Lopes,ACCT6503586,2025-08-11 10:23:56,noise
credit,615.38,ACCT5346256,BRANCH96,Elena Lopes,ACCT6503586,2025-08-07 22:08:04,noise
debit,1292.14,,BRANCH96,Elena Lopes,ACCT6503586,2025-08-07 15:04:18,noise
debit,3000.0,ACCT1786794,BRANCH96,Elena Lopes,ACCT6503586,2025-08-06 20:33:12,noise
debit,198.75,,BRANCH58,Elena Lopes,ACCT6503586,2025-08-06 14:08:39,noise
debit,281.89,,BRANCH78,Elena Lopes,ACCT6503586,2025-08-04 09:04:09,noise
credit,1450.71,ACCT5346256,BRANCH56,Fahad Chen,ACCT1874716,2025-10-03 12:40:35,noise
credit,578.97,ACCT4934596,BRANCH56,Fahad Chen,ACCT1874716,2025-10-02 14:40:15,noise
credit,654.05,ACCT6279206,BRANCH56,Fahad Chen,ACCT1874716,2025-10-02 20:43:10,noise
credit,576.9,,BRANCH56,Fahad Chen,ACCT1874716,2025-09-30 16:40:30,noise
debit,56.74,,BRANCH76,Fahad Chen,ACCT1874716,2025-09-30 05:36:51,noise
debit,2278.5,,BRANCH56,Fahad Chen,ACCT1874716,2025-09-29 17:15:47,noise
debit,150.01,,BRANCH56,Fahad Chen,ACCT1874716,2025-09-26 16:32:41,noise
credit,1344.21,,BRANCH56,Fahad Chen,ACCT1874716,2025-09-24 15:29:38,noise
credit,4189.0,,BRANCH94,Fahad Chen,ACCT1874716,2025-09-24 18:40:17,noise
credit,2143.78,,BRANCH56,Fahad Chen,ACCT1874716,2025-09-19 20:19:33,noise
debit,1815.9,ACCT5623429,BRANCH88,Fahad Chen,ACCT1874716,2025-09-18 09:06:58,noise
credit,248.64,,BRANCH60,Fahad Chen,ACCT1874716,2025-09-16 20:02:14,noise
debit,433.85,,BRANCH56,Fahad Chen,ACCT1874716,2025-09-15 11:19:48,noise
credit,1390.19,,BRANCH56,Fahad Chen,ACCT1874716,2025-09-15 09:18:14,noise
credit,1822.4,,BRANCH56,Fahad Chen,ACCT1874716,2025-09-14 04:18:57,noise
debit,1023.54,ACCT2205027,BRANCH56,Fahad Chen,ACCT1874716,2025-09-14 15:10:17,noise
debit,207.2,,BRANCH56,Fahad Chen,ACCT1874716,2025-09-13 23:08:49,noise
credit,2413.34,,BRANCH56,Fahad Chen,ACCT1874716,2025-09-10 20:26:44,noise
debit,421.27,,BRANCH56,Fahad Chen,ACCT1874716,2025-09-09 05:25:13,noise
debit,1053.51,,BRANCH56,Fahad Chen,ACCT1874716,2025-09-09 11:38:47,noise
debit,606.78,ACCT3912525,BRANCH56,Fahad Chen,ACCT1874716,2025-09-08 10:45:02,noise
credit,229.05,,BRANCH56,Fahad Chen,ACCT1874716,2025-09-07 11:27:55,noise
credit,436.05,,BRANCH17,Fahad Chen,ACCT1874716,2025-09-05 14:17:15,noise
credit,508.35,,BRANCH81,Fahad Chen,ACCT1874716,2025-09-04 11:02:43,noise
debit,690.93,,BRANCH77,Fahad Chen,ACCT1874716,2025-09-03 13:31:52,noise
credit,404.79,,BRANCH56,Fahad Chen,ACCT1874716,2025-09-01 20:08:11,noise
credit,1792.24,,BRANCH14,Fahad Chen,ACCT1874716,2025-09-01 12:05:59,noise
credit,1620.71,,BRANCH56,Fahad Chen,ACCT1874716,2025-08-30 17:44:33,noise
debit,413.45,ACCT6503586,BRANCH56,Fahad Chen,ACCT1874716,2025-08-30 09:23:04,noise
credit,688.76,ACCT7257619,BRANCH56,Fahad Chen,ACCT1874716,2025-08-27 10:12:35,noise
debit,387.25,,BRANCH84,Fahad Chen,ACCT1874716,2025-08-27 13:33:25,noise
debit,3462.18,,BRANCH56,Fahad Chen,ACCT1874716,2025-08-25 15:21:48,noise
credit,209.35,,BRANCH56,Fahad Chen,ACCT1874716,2025-08-25 18:03:57,noise
debit,539.49,,BRANCH56,Fahad Chen,ACCT1874716,2025-08-23 17:31:39,noise
debit,504.85,,BRANCH56,Fahad Chen,ACCT1874716,2025-08-21 19:44:50,noise
credit,342.61,,BRANCH56,Fahad Chen,ACCT1874716,2025-08-20 15:06:54,noise
debit,2238.23,,BRANCH56,Fahad Chen,ACCT1874716,2025-08-19 23:03:11,noise
debit,252.32,,BRANCH56,Fahad Chen,ACCT1874716,2025-08-18 09:01:02,noise
credit,413.26,,BRANCH56,Fahad Chen,ACCT1874716,2025-08-18 16:05:44,noise
debit,727.53,,BRANCH12,Fahad Chen,ACCT1874716,2025-08-16 16:25:44,noise
credit,321.75,,BRANCH56,Fahad Chen,ACCT1874716,2025-08-15 10:36:31,noise
debit,1842.1,ACCT2492020,BRANCH56,Fahad Chen,ACCT1874716,2025-08-15 12:23:35,noise
credit,764.18,,BRANCH90,Fahad Chen,ACCT1874716,2025-08-13 12:43:29,noise
debit,3000.0,ACCT8202097,BRANCH56,Fahad Chen,ACCT1874716,2025-08-12 20:17:13,noise
credit,1073.73,ACCT3001768,BRANCH56,Fahad Chen,ACCT1874716,2025-08-09 19:31:47,noise
credit,1697.92,,BRANCH56,Fahad Chen,ACCT1874716,2025-08-08 16:42:17,noise
credit,337.2,,BRANCH22,Fahad Chen,ACCT1874716,2025-08-08 21:13:27,noise
credit,238.8,ACCT2205027,BRANCH56,Fahad Chen,ACCT1874716,2025-08-07 09:00:26,noise
debit,1944.71,ACCT6174570,BRANCH56,Fahad Chen,ACCT1874716,2025-08-06 10:24:43,noise
debit,927.38,ACCT1737518,BRANCH56,Fahad Chen,ACCT1874716,2025-08-06 15:40:45,noise
debit,24687.35,ACCT6503586,BRANCH56,Fahad Chen,ACCT1874716,2025-12-30 07:26:35,noise
debit,11200.99,ACCT6503586,BRANCH56,Fahad Chen,ACCT1874716,2025-11-22 04:20:40,noise
debit,21139.55,ACCT6503586,BRANCH56,Fahad Chen,ACCT1874716,2025-12-27 05:47:41,noise
debit,40497.37,ACCT6503586,BRANCH56,Fahad Chen,ACCT1874716,2025-11-27 06:26:39,noise
debit,31834.36,ACCT6503586,BRANCH56,Fahad Chen,ACCT1874716,2025-11-29 22:18:34,noise
debit,17089.2,ACCT6503586,BRANCH56,Fahad Chen,ACCT1874716,2025-12-04 22:28:44,noise
debit,812.26,ACCT5985265,BRANCH66,Omar Silva,ACCT5202843,2025-09-28 02:28:10,noise
credit,514.86,,BRANCH65,Omar Silva,ACCT5202843,2025-09-24 10:09:37,noise
credit,2105.92,,BRANCH36,Omar Silva,ACCT5202843,2025-09-20 20:24:19,noise
debit,345.6,ACCT9748886,BRANCH65,Omar Silva,ACCT5202843,2025-09-19 17:30:20,noise
debit,3464.45,,BRANCH65,Omar Silva,ACCT5202843,2025-09-18 14:38:40,noise
credit,484.56,,BRANCH88,Omar Silva,ACCT5202843,2025-09-18 12:45:17,noise
credit,864.59,,BRANCH65,Omar Silva,ACCT5202843,2025-09-13 18:15:50,noise
debit,1375.39,ACCT1618870,BRANCH65,Omar Silva,ACCT5202843,2025-09-11 17:24:15,noise
debit,1759.36,,BRANCH65,Omar Silva,ACCT5202843,2025-09-10 14:36:25,noise
debit,2272.48,,BRANCH58,Omar Silva,ACCT5202843,2025-09-05 22:36:24,noise
debit,476.21,ACCT6894151,BRANCH65,Omar Silva,ACCT5202843,2025-09-02 01:30:06,noise
debit,165.51,,BRANCH19,Omar Silva,ACCT5202843,2025-09-02 08:21:47,noise
credit,235.37,ACCT1797772,BRANCH15,Omar Silva,ACCT5202843,2025-09-01 14:31:29,noise
debit,736.43,,BRANCH46,Omar Silva,ACCT5202843,2025-08-31 20:13:50,noise
debit,321.39,ACCT6894151,BRANCH65,Omar Silva,ACCT5202843,2025-08-28 22:42:34,noise
credit,218.65,,BRANCH65,Omar Silva,ACCT5202843,2025-08-27 22:07:52,noise
debit,797.75,,BRANCH65,Omar Silva,ACCT5202843,2025-08-25 17:19:41,noise
debit,185.72,,BRANCH65,Omar Silva,ACCT5202843,2025-08-23 19:03:04,noise
debit,931.61,,BRANCH65,Omar Silva,ACCT5202843,2025-08-22 09:36:06,noise
credit,496.27,,BRANCH65,Omar Silva,ACCT5202843,2025-08-21 12:32:51,noise
credit,788.75,,BRANCH65,Omar Silva,ACCT5202843,2025-08-18 08:24:05,noise
debit,899.51,,BRANCH65,Omar Silva,ACCT5202843,2025-08-18 17:03:46,noise
debit,1132.5,ACCT7549473,BRANCH52,Omar Silva,ACCT5202843,2025-08-17 08:02:37,noise
debit,977.67,,BRANCH65,Omar Silva,ACCT5202843,2025-08-17 23:32:07,noise
debit,2546.67,,BRANCH65,Omar Silva,ACCT5202843,2025-08-15 17:33:01,noise
debit,1464.91,,BRANCH65,Omar Silva,ACCT5202843,2025-08-05 08:16:39,noise
debit,18144.62,ACCT4179788,BRANCH65,Omar Silva,ACCT5202843,2025-12-26 10:31:22,noise
debit,16308.7,ACCT4179788,BRANCH65,Omar Silva,ACCT5202843,2025-12-22 09:51:52,noise
debit,28246.69,ACCT4179788,BRANCH65,Omar Silva,ACCT5202843,2025-12-12 08:24:17,noise
debit,38002.68,ACCT4179788,BRANCH65,Omar Silva,ACCT5202843,2025-12-08 02:21:55,noise
debit,5253.86,ACCT4179788,BRANCH65,Omar Silva,ACCT5202843,2025-12-18 05:29:18,noise
debit,16054.19,ACCT4179788,BRANCH65,Omar Silva,ACCT5202843,2025-12-28 05:34:36,noise
credit,1413.12,,BRANCH23,Lena Jansen,ACCT9556862,2025-10-01 19:08:14,noise
debit,482.08,,BRANCH41,Lena Jansen,ACCT9556862,2025-09-30 08:25:42,noise
debit,883.0,,BRANCH23,Lena Jansen,ACCT9556862,2025-09-29 11:39:43,noise
debit,512.73,,BRANCH23,Lena Jansen,ACCT9556862,2025-09-29 14:08:16,noise
credit,2031.8,ACCT5623429,BRANCH87,Lena Jansen,ACCT9556862,2025-09-27 12:15:07,noise
credit,817.0,ACCT8289537,BRANCH23,Lena Jansen,ACCT9556862,2025-09-24 13:18:30,noise
credit,159.63,,BRANCH23,Lena Jansen,ACCT9556862,2025-09-24 08:32:04,noise
credit,1226.99,ACCT4856104,BRANCH23,Lena Jansen,ACCT9556862,2025-09-20 16:13:39,noise
debit,1069.7,,BRANCH23,Lena Jansen,ACCT9556862,2025-09-18 19:26:08,noise
debit,1124.5,,BRANCH23,Lena Jansen,ACCT9556862,2025-09-16 18:43:30,noise
credit,534.54,,BRANCH23,Lena Jansen,ACCT9556862,2025-09-15 11:44:57,noise
debit,325.42,,BRANCH74,Lena Jansen,ACCT9556862,2025-09-14 10:04:37,noise
debit,647.35,ACCT4179788,BRANCH23,Lena Jansen,ACCT9556862,2025-09-12 16:03:27,noise
credit,366.76,ACCT2075659,BRANCH23,Lena Jansen,ACCT9556862,2025-09-09 13:44:17,noise
debit,693.91,ACCT2415489,BRANCH23,Lena Jansen,ACCT9556862,2025-09-02 16:19:59,noise
debit,567.97,ACCT2621786,BRANCH23,Lena Jansen,ACCT9556862,2025-08-31 11:17:35,noise
credit,1821.06,,BRANCH23,Lena Jansen,ACCT9556862,2025-08-24 17:14:14,noise
credit,688.52,ACCT2103254,BRANCH63,Lena Jansen,ACCT9556862,2025-08-21 16:40:24,noise
credit,1121.95,,BRANCH23,Lena Jansen,ACCT9556862,2025-08-20 16:03:35,noise
debit,937.77,ACCT9643062,BRANCH16,Lena Jansen,ACCT9556862,2025-08-19 10:03:04,noise
debit,1102.59,ACCT2592957,BRANCH23,Lena Jansen,ACCT9556862,2025-08-18 08:22:55,noise
credit,557.61,ACCT2492020,BRANCH23,Lena Jansen,ACCT9556862,2025-08-16 13:04:29,noise
credit,384.78,,BRANCH33,Lena Jansen,ACCT9556862,2025-08-15 04:01:11,noise
debit,160.93,,BRANCH23,Lena Jansen,ACCT9556862,2025-08-14 12:12:49,noise
credit,139.48,ACCT1618870,BRANCH64,Lena Jansen,ACCT9556862,2025-08-09 10:23:52,noise
credit,226.43,ACCT7696485,BRANCH23,Lena Jansen,ACCT9556862,2025-08-08 18:17:06,noise
debit,17224.98,ACCT1786794,BRANCH23,Lena Jansen,ACCT9556862,2025-12-22 02:38:36,noise
debit,31374.48,ACCT1786794,BRANCH23,Lena Jansen,ACCT9556862,2025-11-24 00:29:05,noise
debit,7723.3,ACCT1786794,BRANCH23,Lena Jansen,ACCT9556862,2025-12-15 11:51:44,noise
debit,32091.03,ACCT1786794,BRANCH23,Lena Jansen,ACCT9556862,2025-12-29 09:40:47,noise
debit,44805.42,ACCT1786794,BRANCH23,Lena Jansen,ACCT9556862,2025-11-24 08:23:37,noise
debit,26574.08,ACCT1786794,BRANCH23,Lena Jansen,ACCT9556862,2025-11-30 01:28:15,noise
credit,12326.08,ACCT5985265,BRANCH87,Cara Gomes,ACCT8809685,2025-12-29 19:20:49,noise
credit,13080.55,ACCT2205027,BRANCH87,Cara Gomes,ACCT8809685,2025-11-27 21:21:08,noise
credit,5504.71,ACCT6547115,BRANCH87,Cara Gomes,ACCT8809685,2025-12-08 18:06:59,noise
credit,12797.53,ACCT4184981,BRANCH87,Cara Gomes,ACCT8809685,2025-11-17 02:00:15,noise
credit,13269.8,ACCT9172994,BRANCH87,Cara Gomes,ACCT8809685,2025-12-14 23:06:32,noise
credit,10924.91,ACCT5017009,BRANCH66,Nia Patida,ACCT6246793,2025-11-28 11:10:51,noise
credit,9197.24,ACCT3149040,BRANCH66,Nia Patida,ACCT6246793,2025-12-24 06:11:52,noise
credit,6200.98,ACCT7704172,BRANCH66,Nia Patida,ACCT6246793,2025-12-01 18:17:58,noise
credit,4865.3,ACCT6751841,BRANCH66,Nia Patida,ACCT6246793,2025-12-03 02:25:36,noise
credit,7891.38,ACCT3163097,BRANCH66,Nia Patida,ACCT6246793,2025-12-15 01:03:15,noise
credit,9849.33,ACCT6091368,BRANCH66,Nia Patida,ACCT6246793,2025-12-25 18:29:01,noise
credit,10580.17,ACCT8033024,BRANCH66,Nia Patida,ACCT6246793,2025-11-17 17:11:07,noise
credit,5073.18,ACCT3237994,BRANCH66,Nia Patida,ACCT6246793,2025-11-29 12:00:02,noise
credit,16350.74,ACCT6751841,BRANCH71,Kai Iqbal,ACCT7704172,2025-12-06 05:09:58,noise
credit,17557.16,ACCT1297790,BRANCH71,Kai Iqbal,ACCT7704172,2025-12-13 23:26:36,noise
credit,13968.62,ACCT2621786,BRANCH71,Kai Iqbal,ACCT7704172,2025-12-05 20:06:50,noise
credit,3880.3,ACCT6188134,BRANCH71,Kai Iqbal,ACCT7704172,2025-12-15 01:26:55,noise
credit,13243.71,ACCT1122706,BRANCH71,Kai Iqbal,ACCT7704172,2025-11-23 21:15:32,noise
credit,7506.58,ACCT9518841,BRANCH71,Kai Iqbal,ACCT7704172,2025-12-27 14:14:18,noise
credit,7420.19,ACCT5474265,BRANCH71,Kai Iqbal,ACCT7704172,2025-11-22 02:18:18,noise
credit,762.63,,BRANCH50,Noah Meyer,ACCT4303202,2025-09-30 11:25:11,noise
credit,1288.23,ACCT2205027,BRANCH77,Noah Meyer,ACCT4303202,2025-09-23 15:07:06,noise
credit,1486.51,,BRANCH30,Noah Meyer,ACCT4303202,2025-09-18 09:02:15,noise
credit,1965.56,,BRANCH50,Noah Meyer,ACCT4303202,2025-09-14 08:42:16,noise
credit,1651.13,,BRANCH50,Noah Meyer,ACCT4303202,2025-09-10 11:12:08,noise
credit,393.51,ACCT4856104,BRANCH50,Noah Meyer,ACCT4303202,2025-09-10 17:01:35,noise
debit,457.07,,BRANCH36,Noah Meyer,ACCT4303202,2025-09-08 20:40:02,noise
credit,4204.48,ACCT3273218,BRANCH50,Noah Meyer,ACCT4303202,2025-09-04 02:11:07,noise
debit,2461.48,,BRANCH50,Noah Meyer,ACCT4303202,2025-09-04 09:24:56,noise
credit,890.32,ACCT6709081,BRANCH50,Noah Meyer,ACCT4303202,2025-09-03 11:36:53,noise
debit,416.2,,BRANCH50,Noah Meyer,ACCT4303202,2025-08-31 02:27:07,noise
credit,1345.69,,BRANCH50,Noah Meyer,ACCT4303202,2025-08-30 12:10:35,noise
debit,618.08,,BRANCH50,Noah Meyer,ACCT4303202,2025-08-28 11:11:44,noise
credit,1466.93,,BRANCH50,Noah Meyer,ACCT4303202,2025-08-28 15:18:13,noise
debit,598.96,ACCT2621786,BRANCH50,Noah Meyer,ACCT4303202,2025-08-26 19:02:51,noise
credit,1018.35,ACCT9748886,BRANCH70,Noah Meyer,ACCT4303202,2025-08-25 21:31:46,noise
debit,488.24,,BRANCH50,Noah Meyer,ACCT4303202,2025-08-22 16:32:40,noise
debit,854.22,ACCT4584232,BRANCH69,Noah Meyer,ACCT4303202,2025-08-22 10:17:46,noise
credit,671.16,ACCT8399028,BRANCH50,Noah Meyer,ACCT4303202,2025-08-18 10:06:42,noise
debit,2011.82,ACCT2205027,BRANCH50,Noah Meyer,ACCT4303202,2025-08-18 13:13:04,noise
credit,183.97,,BRANCH50,Noah Meyer,ACCT4303202,2025-08-16 02:33:30,noise
debit,590.44,,BRANCH50,Noah Meyer,ACCT4303202,2025-08-14 18:06:06,noise
debit,369.86,,BRANCH50,Noah Meyer,ACCT4303202,2025-08-13 10:36:03,noise
credit,694.42,,BRANCH50,Noah Meyer,ACCT4303202,2025-08-13 10:16:14,noise
debit,286.03,,BRANCH64,Noah Meyer,ACCT4303202,2025-08-12 10:38:51,noise
debit,479.97,,BRANCH50,Noah Meyer,ACCT4303202,2025-08-12 17:29:07,noise
debit,1834.23,,BRANCH50,Noah Meyer,ACCT4303202,2025-08-11 13:03:44,noise
debit,281.17,,BRANCH21,Noah Meyer,ACCT4303202,2025-08-11 16:42:54,noise
credit,612.63,ACCT3116724,BRANCH50,Noah Meyer,ACCT4303202,2025-08-10 02:43:38,noise
credit,350.73,,BRANCH50,Noah Meyer,ACCT4303202,2025-08-10 09:15:32,noise
debit,385.05,,BRANCH17,Noah Meyer,ACCT4303202,2025-08-05 00:32:49,noise
credit,8972.37,ACCT7257619,BRANCH50,Noah Meyer,ACCT4303202,2025-12-25 20:29:52,noise
credit,9092.67,ACCT5579418,BRANCH50,Noah Meyer,ACCT4303202,2025-11-19 20:13:05,noise
credit,9694.01,ACCT2777204,BRANCH50,Noah Meyer,ACCT4303202,2025-12-17 23:16:03,noise
credit,8833.46,ACCT4635334,BRANCH50,Noah Meyer,ACCT4303202,2025-12-12 02:22:38,noise
credit,9097.31,ACCT1797772,BRANCH50,Noah Meyer,ACCT4303202,2025-11-29 04:24:34,noise
credit,9078.53,ACCT7549473,BRANCH50,Noah Meyer,ACCT4303202,2025-11-28 23:02:48,noise
credit,9125.02,ACCT4427182,BRANCH50,Noah Meyer,ACCT4303202,2025-12-18 21:15:35,noise
credit,9164.01,ACCT2492020,BRANCH50,Noah Meyer,ACCT4303202,2025-12-16 00:26:10,noise
credit,9323.83,ACCT2621786,BRANCH50,Noah Meyer,ACCT4303202,2025-12-04 03:17:33,noise
credit,9523.22,ACCT5661962,BRANCH50,Noah Meyer,ACCT4303202,2025-11-20 21:29:32,noise
credit,8853.76,ACCT7955541,BRANCH50,Noah Meyer,ACCT4303202,2025-12-27 03:21:12,noise
credit,8864.43,ACCT4073101,BRANCH50,Noah Meyer,ACCT4303202,2025-12-17 06:12:26,noise
credit,8985.92,ACCT8238901,BRANCH50,Noah Meyer,ACCT4303202,2025-12-22 07:08:34,noise
credit,9403.24,ACCT9748886,BRANCH50,Noah Meyer,ACCT4303202,2025-12-09 21:03:34,noise
credit,1431.12,ACCT3736291,BRANCH44,Omar Novak,ACCT5017009,2025-10-02 18:01:28,noise
credit,1337.3,,BRANCH44,Omar Novak,ACCT5017009,2025-09-30 02:05:08,noise
debit,1116.89,,BRANCH44,Omar Novak,ACCT5017009,2025-09-30 15:16:10,noise
debit,720.52,,BRANCH44,Omar Novak,ACCT5017009,2025-09-28 13:18:44,noise
credit,180.0,,BRANCH44,Omar Novak,ACCT5017009,2025-09-26 12:26:26,noise
credit,554.16,,BRANCH44,Omar Novak,ACCT5017009,2025-09-23 15:00:41,noise
debit,255.35,,BRANCH44,Omar Novak,ACCT5017009,2025-09-22 17:40:18,noise
credit,381.37,,BRANCH15,Omar Novak,ACCT5017009,2025-09-21 18:19:03,noise
credit,310.41,ACCT8285288,BRANCH44,Omar Novak,ACCT5017009,2025-09-21 16:32:51,noise
credit,283.64,,BRANCH56,Omar Novak,ACCT5017009,2025-09-20 16:34:27,noise
credit,2376.55,,BRANCH44,Omar Novak,ACCT5017009,2025-09-20 21:30:34,noise
debit,559.63,,BRANCH49,Omar Novak,ACCT5017009,2025-09-19 09:26:44,noise
credit,177.39,,BRANCH44,Omar Novak,ACCT5017009,2025-09-18 01:29:12,noise
credit,474.23,,BRANCH44,Omar Novak,ACCT5017009,2025-09-18 19:16:30,noise
debit,733.22,,BRANCH44,Omar Novak,ACCT5017009,2025-09-12 11:01:40,noise
debit,648.5,,BRANCH79,Omar Novak,ACCT5017009,2025-09-11 18:16:54,noise
debit,2846.5,ACCT8033024,BRANCH44,Omar Novak,ACCT5017009,2025-09-09 21:43:57,noise
debit,699.48,ACCT7549473,BRANCH44,Omar Novak,ACCT5017009,2025-09-03 17:45:14,noise
credit,1477.67,,BRANCH87,Omar Novak,ACCT5017009,2025-09-01 14:16:40,noise
debit,1468.47,,BRANCH49,Omar Novak,ACCT5017009,2025-09-01 10:21:16,noise
debit,453.03,,BRANCH91,Omar Novak,ACCT5017009,2025-08-31 18:31:10,noise
credit,1622.42,ACCT6589702,BRANCH54,Omar Novak,ACCT5017009,2025-08-26 13:40:32,noise
debit,207.33,ACCT3116724,BRANCH73,Omar Novak,ACCT5017009,2025-08-26 03:01:49,noise
debit,1544.98,,BRANCH44,Omar Novak,ACCT5017009,2025-08-22 15:29:43,noise
credit,355.55,,BRANCH44,Omar Novak,ACCT5017009,2025-08-21 08:11:19,noise
debit,626.64,ACCT6894151,BRANCH44,Omar Novak,ACCT5017009,2025-08-20 19:30:21,noise
debit,420.75,,BRANCH44,Omar Novak,ACCT5017009,2025-08-19 16:04:29,noise
debit,1236.07,ACCT2089830,BRANCH44,Omar Novak,ACCT5017009,2025-08-18 20:10:08,noise
debit,223.78,,BRANCH44,Omar Novak,ACCT5017009,2025-08-17 08:45:02,noise
credit,211.88,,BRANCH44,Omar Novak,ACCT5017009,2025-08-15 03:45:05,noise
credit,884.13,ACCT3912525,BRANCH44,Omar Novak,ACCT5017009,2025-08-15 17:04:39,noise
credit,1807.77,,BRANCH44,Omar Novak,ACCT5017009,2025-08-13 18:39:38,noise
credit,1956.25,,BRANCH44,Omar Novak,ACCT5017009,2025-08-12 20:28:41,noise
credit,1267.37,,BRANCH34,Omar Novak,ACCT5017009,2025-08-12 18:31:46,noise
credit,558.38,,BRANCH44,Omar Novak,ACCT5017009,2025-08-09 09:32:59,noise
debit,1762.67,,BRANCH44,Omar Novak,ACCT5017009,2025-08-07 17:31:07,noise
credit,427.89,,BRANCH44,Omar Novak,ACCT5017009,2025-08-06 17:14:47,noise
credit,8850.46,ACCT1402331,BRANCH44,Omar Novak,ACCT5017009,2025-11-23 22:12:12,noise
credit,9164.43,ACCT2777204,BRANCH44,Omar Novak,ACCT5017009,2025-12-05 06:14:06,noise
credit,8857.01,ACCT4635334,BRANCH44,Omar Novak,ACCT5017009,2025-12-11 19:10:03,noise
credit,9153.69,ACCT7361676,BRANCH44,Omar Novak,ACCT5017009,2025-12-09 04:14:50,noise
credit,9154.12,ACCT6246793,BRANCH44,Omar Novak,ACCT5017009,2025-11-21 06:18:31,noise
credit,9118.08,ACCT7006438,BRANCH44,Omar Novak,ACCT5017009,2025-12-20 09:20:25,noise
credit,9248.23,ACCT2075659,BRANCH44,Omar Novak,ACCT5017009,2025-12-29 22:10:33,noise
credit,9368.99,ACCT7257619,BRANCH44,Omar Novak,ACCT5017009,2025-11-18 11:19:22,noise
credit,9503.23,ACCT4179788,BRANCH44,Omar Novak,ACCT5017009,2025-12-27 02:15:47,noise
credit,8812.22,ACCT1797772,BRANCH44,Omar Novak,ACCT5017009,2025-11-19 19:05:12,noise
credit,9358.32,ACCT2295850,BRANCH44,Omar Novak,ACCT5017009,2025-12-08 21:00:20,noise
credit,9381.39,ACCT7586555,BRANCH44,Omar Novak,ACCT5017009,2025-12-13 03:17:50,noise
credit,8819.7,ACCT8205473,BRANCH44,Omar Novak,ACCT5017009,2025-12-26 06:21:03,noise
credit,9310.66,ACCT2295850,BRANCH44,Omar Novak,ACCT5017009,2025-11-18 02:04:17,noise
credit,8923.36,ACCT1122706,BRANCH44,Omar Novak,ACCT5017009,2025-12-11 13:22:33,noise
credit,9346.26,ACCT4184981,BRANCH44,Omar Novak,ACCT5017009,2025-12-08 11:05:53,noise
credit,8880.98,ACCT2295850,BRANCH44,Omar Novak,ACCT5017009,2025-11-22 01:14:34,noise
credit,9453.89,ACCT5623429,BRANCH44,Omar Novak,ACCT5017009,2025-12-25 21:18:53,noise
debit,209.12,ACCT6279206,BRANCH10,Grace Mehta,ACCT1128822,2025-09-28 08:43:17,noise
credit,159.69,,BRANCH10,Grace Mehta,ACCT1128822,2025-09-28 10:37:53,noise
credit,408.56,,BRANCH10,Grace Mehta,ACCT1128822,2025-09-27 11:04:35,noise
debit,786.69,ACCT7572650,BRANCH10,Grace Mehta,ACCT1128822,2025-09-26 18:32:25,noise
debit,822.37,,BRANCH10,Grace Mehta,ACCT1128822,2025-09-23 16:39:27,noise
debit,315.43,,BRANCH10,Grace Mehta,ACCT1128822,2025-09-23 11:25:26,noise
credit,579.76,,BRANCH10,Grace Mehta,ACCT1128822,2025-09-21 14:31:23,noise
debit,682.4,,BRANCH10,Grace Mehta,ACCT1128822,2025-09-19 18:34:56,noise
debit,451.67,,BRANCH26,Grace Mehta,ACCT1128822,2025-09-14 14:26:41,noise
credit,488.71,ACCT1786794,BRANCH10,Grace Mehta,ACCT1128822,2025-09-14 15:22:17,noise
debit,1434.89,,BRANCH10,Grace Mehta,ACCT1128822,2025-09-11 13:18:43,noise
credit,626.72,,BRANCH10,Grace Mehta,ACCT1128822,2025-09-06 17:01:49,noise
debit,2599.58,ACCT1122706,BRANCH10,Grace Mehta,ACCT1128822,2025-09-06 21:38:50,noise
debit,788.6,,BRANCH10,Grace Mehta,ACCT1128822,2025-09-04 09:20:36,noise
credit,305.35,,BRANCH10,Grace Mehta,ACCT1128822,2025-09-02 16:32:55,noise
credit,602.71,,BRANCH10,Grace Mehta,ACCT1128822,2025-09-01 11:35:01,noise
credit,976.09,,BRANCH10,Grace Mehta,ACCT1128822,2025-08-31 15:09:37,noise
debit,900.33,,BRANCH10,Grace Mehta,ACCT1128822,2025-08-31 22:16:18,noise
debit,309.99,ACCT4934596,BRANCH10,Grace Mehta,ACCT1128822,2025-08-30 10:25:44,noise
debit,702.55,,BRANCH10,Grace Mehta,ACCT1128822,2025-08-30 15:13:40,noise
debit,391.68,,BRANCH10,Grace Mehta,ACCT1128822,2025-08-29 04:32:13,noise
credit,494.69,ACCT2415489,BRANCH10,Grace Mehta,ACCT1128822,2025-08-22 14:45:32,noise
debit,2010.06,,BRANCH51,Grace Mehta,ACCT1128822,2025-08-21 16:16:27,noise
debit,325.21,,BRANCH10,Grace Mehta,ACCT1128822,2025-08-19 16:34:23,noise
debit,2805.39,,BRANCH10,Grace Mehta,ACCT1128822,2025-08-18 10:13:00,noise
credit,270.66,,BRANCH10,Grace Mehta,ACCT1128822,2025-08-15 00:44:23,noise
debit,964.41,ACCT8205473,BRANCH10,Grace Mehta,ACCT1128822,2025-08-14 12:30:48,noise
credit,712.32,,BRANCH10,Grace Mehta,ACCT1128822,2025-08-14 20:06:11,noise
debit,2872.71,,BRANCH10,Grace Mehta,ACCT1128822,2025-08-13 20:01:15,noise
debit,679.71,,BRANCH10,Grace Mehta,ACCT1128822,2025-08-12 10:15:57,noise
credit,1410.8,,BRANCH10,Grace Mehta,ACCT1128822,2025-08-11 12:45:40,noise
debit,336.49,,BRANCH10,Grace Mehta,ACCT1128822,2025-08-11 17:16:19,noise
debit,1081.87,,BRANCH94,Grace Mehta,ACCT1128822,2025-08-10 16:18:52,noise
credit,256.91,ACCT7431920,BRANCH10,Grace Mehta,ACCT1128822,2025-08-10 09:41:50,noise
credit,704.78,,BRANCH10,Grace Mehta,ACCT1128822,2025-08-08 15:24:33,noise
credit,802.11,ACCT1688404,BRANCH25,Grace Mehta,ACCT1128822,2025-08-08 23:41:09,noise
debit,1665.21,,BRANCH10,Grace Mehta,ACCT1128822,2025-08-05 13:33:05,noise
debit,1074.86,,BRANCH25,Grace Mehta,ACCT1128822,2025-08-04 23:33:23,noise
credit,9315.26,ACCT5346256,BRANCH10,Grace Mehta,ACCT1128822,2025-11-26 00:19:37,noise
credit,8943.99,ACCT6751841,BRANCH10,Grace Mehta,ACCT1128822,2025-12-24 07:20:44,noise
credit,9419.36,ACCT9556862,BRANCH10,Grace Mehta,ACCT1128822,2025-11-20 03:17:23,noise
credit,9307.77,ACCT6352691,BRANCH10,Grace Mehta,ACCT1128822,2025-12-09 22:22:23,noise
credit,9358.04,ACCT8809685,BRANCH10,Grace Mehta,ACCT1128822,2025-11-27 20:16:25,noise
credit,9295.64,ACCT3163097,BRANCH10,Grace Mehta,ACCT1128822,2025-12-04 04:12:59,noise
credit,9589.17,ACCT2103254,BRANCH10,Grace Mehta,ACCT1128822,2025-11-17 00:16:03,noise
credit,9538.04,ACCT4947646,BRANCH10,Grace Mehta,ACCT1128822,2025-11-18 03:14:11,noise
credit,9412.27,ACCT2295850,BRANCH10,Grace Mehta,ACCT1128822,2025-12-13 19:03:53,noise
credit,9198.45,ACCT1278957,BRANCH10,Grace Mehta,ACCT1128822,2025-12-29 07:12:01,noise
credit,9061.52,ACCT1788720,BRANCH10,Grace Mehta,ACCT1128822,2025-12-22 03:19:47,noise
credit,9668.06,ACCT3912525,BRANCH10,Grace Mehta,ACCT1128822,2025-12-24 23:15:14,noise
credit,9671.69,ACCT3736291,BRANCH10,Grace Mehta,ACCT1128822,2025-11-27 01:00:39,noise
credit,9478.72,ACCT8238901,BRANCH10,Grace Mehta,ACCT1128822,2025-12-06 02:23:38,noise
debit,581.53,,BRANCH32,Victor Rossi,ACCT1402331,2025-10-03 17:25:31,noise
credit,2110.06,,BRANCH33,Victor Rossi,ACCT1402331,2025-10-03 05:04:12,noise
credit,609.28,,BRANCH26,Victor Rossi,ACCT1402331,2025-09-30 17:19:23,noise
debit,2533.39,ACCT7572650,BRANCH98,Victor Rossi,ACCT1402331,2025-09-30 23:26:15,noise
credit,1157.42,,BRANCH26,Victor Rossi,ACCT1402331,2025-09-24 08:13:41,noise
credit,1093.12,,BRANCH26,Victor Rossi,ACCT1402331,2025-09-23 15:20:26,noise
credit,434.62,,BRANCH26,Victor Rossi,ACCT1402331,2025-09-22 08:36:45,noise
debit,388.95,,BRANCH26,Victor Rossi,ACCT1402331,2025-09-22 22:31:53,noise
debit,508.49,,BRANCH26,Victor Rossi,ACCT1402331,2025-09-21 11:21:46,noise
debit,625.57,,BRANCH26,Victor Rossi,ACCT1402331,2025-09-18 00:39:35,noise
credit,878.29,,BRANCH26,Victor Rossi,ACCT1402331,2025-09-18 01:33:34,noise
debit,898.42,,BRANCH84,Victor Rossi,ACCT1402331,2025-09-16 18:02:41,noise
debit,407.23,,BRANCH26,Victor Rossi,ACCT1402331,2025-09-16 13:34:53,noise
debit,1330.08,,BRANCH26,Victor Rossi,ACCT1402331,2025-09-15 12:39:14,noise
debit,289.67,,BRANCH26,Victor Rossi,ACCT1402331,2025-09-14 08:24:36,noise
debit,604.12,,BRANCH26,Victor Rossi,ACCT1402331,2025-09-12 09:41:03,noise
credit,168.71,,BRANCH72,Victor Rossi,ACCT1402331,2025-09-12 22:36:05,noise
debit,2624.34,ACCT7257619,BRANCH40,Victor Rossi,ACCT1402331,2025-09-11 18:41:41,noise
debit,2408.88,ACCT5017009,BRANCH61,Victor Rossi,ACCT1402331,2025-09-11 00:20:46,noise
credit,858.18,,BRANCH26,Victor Rossi,ACCT1402331,2025-09-10 05:45:10,noise
debit,288.41,,BRANCH26,Victor Rossi,ACCT1402331,2025-09-10 15:24:55,noise
debit,401.15,ACCT1688404,BRANCH49,Victor Rossi,ACCT1402331,2025-09-09 19:26:40,noise
credit,231.78,,BRANCH56,Victor Rossi,ACCT1402331,2025-09-04 17:18:27,noise
debit,2165.16,,BRANCH26,Victor Rossi,ACCT1402331,2025-09-04 13:35:57,noise
debit,1711.11,,BRANCH93,Victor Rossi,ACCT1402331,2025-09-03 15:00:12,noise
credit,395.42,ACCT6589702,BRANCH26,Victor Rossi,ACCT1402331,2025-08-31 14:06:11,noise
debit,8172.64,,BRANCH15,Victor Rossi,ACCT1402331,2025-08-31 21:31:52,noise
credit,410.43,,BRANCH51,Victor Rossi,ACCT1402331,2025-08-29 08:20:26,noise
credit,1042.35,,BRANCH26,Victor Rossi,ACCT1402331,2025-08-28 12:22:09,noise
credit,462.38,,BRANCH26,Victor Rossi,ACCT1402331,2025-08-27 00:13:50,noise
debit,857.06,,BRANCH24,Victor Rossi,ACCT1402331,2025-08-27 22:22:20,noise
debit,1120.39,,BRANCH68,Victor Rossi,ACCT1402331,2025-08-26 10:31:07,noise
credit,181.9,,BRANCH26,Victor Rossi,ACCT1402331,2025-08-25 17:06:00,noise
credit,737.47,,BRANCH76,Victor Rossi,ACCT1402331,2025-08-24 17:43:38,noise
credit,2322.47,,BRANCH26,Victor Rossi,ACCT1402331,2025-08-24 10:37:27,noise
debit,961.95,ACCT9044513,BRANCH59,Victor Rossi,ACCT1402331,2025-08-23 20:08:41,noise
credit,948.76,,BRANCH26,Victor Rossi,ACCT1402331,2025-08-22 02:15:39,noise
debit,795.65,ACCT2295850,BRANCH92,Victor Rossi,ACCT1402331,2025-08-20 11:01:41,noise
debit,494.71,,BRANCH26,Victor Rossi,ACCT1402331,2025-08-16 22:01:53,noise
credit,5465.68,,BRANCH90,Victor Rossi,ACCT1402331,2025-08-15 10:39:56,noise
debit,214.54,,BRANCH26,Victor Rossi,ACCT1402331,2025-08-10 05:40:28,noise
credit,168.13,,BRANCH26,Victor Rossi,ACCT1402331,2025-08-06 14:34:10,noise
credit,138.55,ACCT9518841,BRANCH93,Victor Rossi,ACCT1402331,2025-08-06 21:19:21,noise
credit,1593.34,ACCT7257619,BRANCH26,Victor Rossi,ACCT1402331,2025-12-17 00:29:27,noise
credit,2328.08,ACCT4073101,BRANCH26,Victor Rossi,ACCT1402331,2025-12-17 01:00:22,noise
credit,1226.42,ACCT1618870,BRANCH26,Victor Rossi,ACCT1402331,2025-12-17 22:06:46,noise
credit,1535.67,ACCT3001768,BRANCH26,Victor Rossi,ACCT1402331,2025-12-17 18:15:53,noise
credit,1264.13,ACCT6503586,BRANCH26,Victor Rossi,ACCT1402331,2025-12-17 02:27:40,noise
credit,938.77,ACCT7566718,BRANCH26,Victor Rossi,ACCT1402331,2025-12-17 07:00:53,noise
credit,1149.11,ACCT3512106,BRANCH26,Victor Rossi,ACCT1402331,2025-12-17 18:24:05,noise
credit,1313.47,ACCT9518841,BRANCH26,Victor Rossi,ACCT1402331,2025-12-17 18:05:49,noise
credit,2275.83,ACCT6352691,BRANCH26,Victor Rossi,ACCT1402331,2025-12-17 19:08:01,noise
credit,1894.93,ACCT3116724,BRANCH26,Victor Rossi,ACCT1402331,2025-12-17 18:18:35,noise
credit,2265.17,ACCT5985265,BRANCH26,Victor Rossi,ACCT1402331,2025-12-17 04:00:44,noise
credit,890.21,ACCT9556862,BRANCH26,Victor Rossi,ACCT1402331,2025-12-17 00:14:44,noise
credit,2016.19,ACCT1606377,BRANCH26,Victor Rossi,ACCT1402331,2025-12-17 20:29:38,noise
debit,834.17,ACCT6279206,BRANCH26,Victor Rossi,ACCT1402331,2025-12-18 00:29:46,noise
debit,778.63,ACCT2066085,BRANCH26,Victor Rossi,ACCT1402331,2025-12-18 04:23:06,noise
debit,1766.64,ACCT8688797,BRANCH26,Victor Rossi,ACCT1402331,2025-12-18 23:15:06,noise
debit,858.65,ACCT9044513,BRANCH26,Victor Rossi,ACCT1402331,2025-12-18 06:30:54,noise
debit,699.28,ACCT6547115,BRANCH26,Victor Rossi,ACCT1402331,2025-12-18 10:03:44,noise
debit,525.96,ACCT3163097,BRANCH26,Victor Rossi,ACCT1402331,2025-12-18 02:18:57,noise
debit,1647.62,ACCT1606377,BRANCH26,Victor Rossi,ACCT1402331,2025-12-18 03:02:38,noise
debit,1761.23,ACCT2777204,BRANCH26,Victor Rossi,ACCT1402331,2025-12-18 12:20:50,noise
credit,560.93,,BRANCH58,Raj Chen,ACCT4073101,2025-10-03 17:34:55,noise
credit,1688.97,,BRANCH58,Raj Chen,ACCT4073101,2025-10-01 13:25:13,noise
credit,208.12,ACCT1737518,BRANCH27,Raj Chen,ACCT4073101,2025-10-01 18:12:12,noise
credit,546.59,ACCT7006438,BRANCH58,Raj Chen,ACCT4073101,2025-09-30 12:00:11,noise
credit,854.95,,BRANCH58,Raj Chen,ACCT4073101,2025-09-30 11:19:50,noise
debit,753.2,ACCT4427182,BRANCH58,Raj Chen,ACCT4073101,2025-09-24 19:07:04,noise
credit,1016.91,,BRANCH63,Raj Chen,ACCT4073101,2025-09-22 12:31:53,noise
credit,1795.19,,BRANCH35,Raj Chen,ACCT4073101,2025-09-22 18:36:07,noise
credit,584.52,,BRANCH32,Raj Chen,ACCT4073101,2025-09-19 14:21:05,noise
debit,263.43,,BRANCH58,Raj Chen,ACCT4073101,2025-09-19 18:02:02,noise
credit,666.55,,BRANCH46,Raj Chen,ACCT4073101,2025-09-17 15:15:55,noise
credit,388.45,,BRANCH76,Raj Chen,ACCT4073101,2025-09-14 23:36:44,noise
debit,1361.92,ACCT3053327,BRANCH73,Raj Chen,ACCT4073101,2025-09-12 10:39:58,noise
debit,868.29,,BRANCH58,Raj Chen,ACCT4073101,2025-09-12 14:17:50,noise
credit,1499.56,,BRANCH44,Raj Chen,ACCT4073101,2025-09-11 19:27:07,noise
credit,843.45,,BRANCH58,Raj Chen,ACCT4073101,2025-09-11 20:45:47,noise
debit,259.25,,BRANCH58,Raj Chen,ACCT4073101,2025-09-10 20:43:49,noise
credit,900.95,,BRANCH58,Raj Chen,ACCT4073101,2025-09-06 05:42:44,noise
credit,3071.9,,BRANCH58,Raj Chen,ACCT4073101,2025-09-06 17:09:13,noise
credit,722.85,,BRANCH58,Raj Chen,ACCT4073101,2025-09-05 13:21:28,noise
debit,534.45,,BRANCH58,Raj Chen,ACCT4073101,2025-09-05 19:44:56,noise
credit,441.79,,BRANCH58,Raj Chen,ACCT4073101,2025-09-03 10:35:25,noise
credit,156.94,,BRANCH58,Raj Chen,ACCT4073101,2025-09-01 09:36:34,noise
credit,947.22,,BRANCH38,Raj Chen,ACCT4073101,2025-08-31 11:03:32,noise
debit,1572.06,ACCT7095170,BRANCH58,Raj Chen,ACCT4073101,2025-08-30 10:11:03,noise
debit,599.61,,BRANCH58,Raj Chen,ACCT4073101,2025-08-29 08:10:36,noise
debit,476.9,,BRANCH58,Raj Chen,ACCT4073101,2025-08-29 17:08:44,noise
credit,624.54,,BRANCH90,Raj Chen,ACCT4073101,2025-08-26 21:43:57,noise
credit,335.93,,BRANCH85,Raj Chen,ACCT4073101,2025-08-22 22:05:40,noise
credit,654.19,,BRANCH58,Raj Chen,ACCT4073101,2025-08-21 23:45:43,noise
credit,136.7,ACCT1402331,BRANCH39,Raj Chen,ACCT4073101,2025-08-20 10:36:48,noise
debit,61.94,,BRANCH58,Raj Chen,ACCT4073101,2025-08-19 09:44:48,noise
debit,1896.46,,BRANCH58,Raj Chen,ACCT4073101,2025-08-19 01:25:53,noise
debit,2160.46,,BRANCH58,Raj Chen,ACCT4073101,2025-08-18 08:25:12,noise
credit,587.41,ACCT8033024,BRANCH49,Raj Chen,ACCT4073101,2025-08-18 19:29:02,noise
debit,1322.68,ACCT8809685,BRANCH28,Raj Chen,ACCT4073101,2025-08-17 08:45:55,noise
debit,980.71,,BRANCH58,Raj Chen,ACCT4073101,2025-08-12 18:07:27,noise
debit,501.67,,BRANCH95,Raj Chen,ACCT4073101,2025-08-10 04:16:03,noise
credit,974.98,,BRANCH58,Raj Chen,ACCT4073101,2025-08-07 17:42:11,noise
credit,964.14,,BRANCH58,Raj Chen,ACCT4073101,2025-08-06 10:28:30,noise
credit,1857.69,ACCT1606377,BRANCH58,Raj Chen,ACCT4073101,2025-08-04 11:29:29,noise
credit,1839.89,ACCT3273218,BRANCH58,Raj Chen,ACCT4073101,2025-12-21 02:20:34,noise
credit,1727.46,ACCT3116724,BRANCH58,Raj Chen,ACCT4073101,2025-12-21 00:08:01,noise
credit,2249.85,ACCT9787006,BRANCH58,Raj Chen,ACCT4073101,2025-12-21 15:21:33,noise
credit,1662.83,ACCT1587032,BRANCH58,Raj Chen,ACCT4073101,2025-12-21 23:07:17,noise
credit,994.78,ACCT4584232,BRANCH58,Raj Chen,ACCT4073101,2025-12-21 20:00:43,noise
credit,1350.86,ACCT4856104,BRANCH58,Raj Chen,ACCT4073101,2025-12-21 07:04:59,noise
credit,2336.84,ACCT6289266,BRANCH58,Raj Chen,ACCT4073101,2025-12-21 01:20:46,noise
credit,1903.77,ACCT8688797,BRANCH58,Raj Chen,ACCT4073101,2025-12-21 04:08:12,noise
credit,1589.06,ACCT7704172,BRANCH58,Raj Chen,ACCT4073101,2025-12-21 08:03:12,noise
credit,2367.42,ACCT3116724,BRANCH58,Raj Chen,ACCT4073101,2025-12-21 03:21:12,noise
credit,1098.34,ACCT5934657,BRANCH58,Raj Chen,ACCT4073101,2025-12-21 23:11:23,noise
credit,1281.77,ACCT4303202,BRANCH58,Raj Chen,ACCT4073101,2025-12-21 05:21:42,noise
debit,951.76,ACCT5579418,BRANCH58,Raj Chen,ACCT4073101,2025-12-23 07:07:58,noise
debit,607.77,ACCT1797772,BRANCH58,Raj Chen,ACCT4073101,2025-12-23 11:25:02,noise
debit,1303.16,ACCT2718137,BRANCH58,Raj Chen,ACCT4073101,2025-12-23 07:16:43,noise
debit,1660.78,ACCT8248646,BRANCH58,Raj Chen,ACCT4073101,2025-12-23 00:20:13,noise
debit,1499.01,ACCT2592957,BRANCH58,Raj Chen,ACCT4073101,2025-12-23 11:21:30,noise
debit,1322.46,ACCT7572650,BRANCH58,Raj Chen,ACCT4073101,2025-12-23 23:01:57,noise
debit,735.3,ACCT9787006,BRANCH58,Raj Chen,ACCT4073101,2025-12-23 07:02:15,noise
debit,627.59,ACCT4303202,BRANCH58,Raj Chen,ACCT4073101,2025-12-23 02:26:05,noise
debit,1430.54,ACCT8399028,BRANCH58,Raj Chen,ACCT4073101,2025-12-23 13:28:10,noise
debit,510.9,ACCT8399028,BRANCH58,Raj Chen,ACCT4073101,2025-12-23 13:28:48,noise
debit,615.57,ACCT5474265,BRANCH58,Raj Chen,ACCT4073101,2025-12-23 05:18:50,noise
debit,1616.74,ACCT1587032,BRANCH58,Raj Chen,ACCT4073101,2025-12-23 19:14:32,noise
credit,873.06,,BRANCH55,Mara Rossi,ACCT3053327,2025-10-03 20:35:31,noise
credit,418.82,ACCT8289537,BRANCH36,Mara Rossi,ACCT3053327,2025-10-02 16:18:10,noise
debit,1420.59,,BRANCH55,Mara Rossi,ACCT3053327,2025-10-01 14:22:14,noise
credit,835.44,,BRANCH55,Mara Rossi,ACCT3053327,2025-09-30 21:38:00,noise
debit,110.92,,BRANCH55,Mara Rossi,ACCT3053327,2025-09-28 13:44:49,noise
credit,808.19,ACCT2075659,BRANCH55,Mara Rossi,ACCT3053327,2025-09-28 21:05:32,noise
debit,2147.17,,BRANCH55,Mara Rossi,ACCT3053327,2025-09-25 11:39:27,noise
credit,2754.88,ACCT7257619,BRANCH55,Mara Rossi,ACCT3053327,2025-09-25 08:08:44,noise
debit,2139.03,ACCT6894151,BRANCH16,Mara Rossi,ACCT3053327,2025-09-24 18:34:12,noise
credit,300.39,,BRANCH55,Mara Rossi,ACCT3053327,2025-09-24 08:23:11,noise
credit,562.85,,BRANCH25,Mara Rossi,ACCT3053327,2025-09-19 16:35:07,noise
debit,1554.44,,BRANCH55,Mara Rossi,ACCT3053327,2025-09-12 09:24:35,noise
credit,374.04,,BRANCH58,Mara Rossi,ACCT3053327,2025-09-12 17:05:50,noise
credit,118.81,,BRANCH90,Mara Rossi,ACCT3053327,2025-09-10 18:12:40,noise
credit,1963.99,,BRANCH55,Mara Rossi,ACCT3053327,2025-09-09 15:22:24,noise
credit,973.54,,BRANCH86,Mara Rossi,ACCT3053327,2025-09-05 20:26:40,noise
debit,98.07,,BRANCH55,Mara Rossi,ACCT3053327,2025-09-04 11:09:56,noise
debit,1379.98,ACCT4934596,BRANCH55,Mara Rossi,ACCT3053327,2025-09-04 13:38:45,noise
debit,1671.45,ACCT9038573,BRANCH29,Mara Rossi,ACCT3053327,2025-08-27 09:16:51,noise
debit,236.87,,BRANCH55,Mara Rossi,ACCT3053327,2025-08-26 16:12:57,noise
debit,969.5,,BRANCH55,Mara Rossi,ACCT3053327,2025-08-23 20:34:19,noise
credit,1196.13,,BRANCH55,Mara Rossi,ACCT3053327,2025-08-19 23:15:29,noise
credit,586.1,ACCT5257024,BRANCH90,Mara Rossi,ACCT3053327,2025-08-19 14:25:04,noise
debit,1436.79,,BRANCH55,Mara Rossi,ACCT3053327,2025-08-10 09:21:19,noise
credit,806.87,,BRANCH64,Mara Rossi,ACCT3053327,2025-08-10 09:11:30,noise
debit,346.22,,BRANCH55,Mara Rossi,ACCT3053327,2025-08-09 13:18:46,noise
debit,1820.49,,BRANCH55,Mara Rossi,ACCT3053327,2025-08-09 09:36:26,noise
debit,582.44,ACCT6751841,BRANCH61,Mara Rossi,ACCT3053327,2025-08-07 09:12:26,noise
debit,227.39,ACCT9006815,BRANCH55,Mara Rossi,ACCT3053327,2025-08-06 13:16:17,noise
credit,1768.01,ACCT3736291,BRANCH55,Mara Rossi,ACCT3053327,2025-12-24 19:18:23,noise
credit,1452.05,ACCT3512106,BRANCH55,Mara Rossi,ACCT3053327,2025-12-24 04:24:23,noise
credit,2130.45,ACCT1737518,BRANCH55,Mara Rossi,ACCT3053327,2025-12-24 02:24:35,noise
credit,1202.97,ACCT8248646,BRANCH55,Mara Rossi,ACCT3053327,2025-12-24 22:20:45,noise
credit,1929.66,ACCT3001768,BRANCH55,Mara Rossi,ACCT3053327,2025-12-24 05:23:51,noise
credit,988.92,ACCT6751841,BRANCH55,Mara Rossi,ACCT3053327,2025-12-24 20:04:02,noise
credit,966.76,ACCT3512106,BRANCH55,Mara Rossi,ACCT3053327,2025-12-24 18:20:41,noise
credit,2304.16,ACCT7586555,BRANCH55,Mara Rossi,ACCT3053327,2025-12-24 03:06:25,noise
credit,888.43,ACCT2718137,BRANCH55,Mara Rossi,ACCT3053327,2025-12-24 09:28:20,noise
credit,1627.3,ACCT9518841,BRANCH55,Mara Rossi,ACCT3053327,2025-12-24 07:06:28,noise
credit,2348.33,ACCT7257619,BRANCH55,Mara Rossi,ACCT3053327,2025-12-24 18:15:35,noise
credit,2480.64,ACCT2621786,BRANCH55,Mara Rossi,ACCT3053327,2025-12-24 18:19:19,noise
debit,1066.25,ACCT6894151,BRANCH55,Mara Rossi,ACCT3053327,2025-12-27 18:12:47,noise
debit,1510.68,ACCT9172994,BRANCH55,Mara Rossi,ACCT3053327,2025-12-27 19:04:20,noise
debit,1792.78,ACCT3736291,BRANCH55,Mara Rossi,ACCT3053327,2025-12-27 03:10:32,noise
debit,946.54,ACCT7572650,BRANCH55,Mara Rossi,ACCT3053327,2025-12-27 01:16:41,noise
debit,1608.95,ACCT1874716,BRANCH55,Mara Rossi,ACCT3053327,2025-12-27 09:10:26,noise
debit,777.17,ACCT8202097,BRANCH55,Mara Rossi,ACCT3053327,2025-12-27 22:28:43,noise
debit,1432.89,ACCT9556862,BRANCH55,Mara Rossi,ACCT3053327,2025-12-27 23:09:31,noise
debit,1633.61,ACCT4947646,BRANCH55,Mara Rossi,ACCT3053327,2025-12-27 05:18:12,noise
debit,244.84,ACCT7696485,BRANCH45,Cara Duarte,ACCT4461867,2025-10-01 09:44:30,noise
debit,188.05,ACCT2718137,BRANCH45,Cara Duarte,ACCT4461867,2025-10-01 23:32:19,noise
debit,149.74,,BRANCH70,Cara Duarte,ACCT4461867,2025-09-29 15:04:26,noise
credit,420.33,,BRANCH45,Cara Duarte,ACCT4461867,2025-09-29 03:09:14,noise
credit,306.36,,BRANCH45,Cara Duarte,ACCT4461867,2025-09-27 21:44:02,noise
debit,1914.55,,BRANCH28,Cara Duarte,ACCT4461867,2025-09-27 20:04:14,noise
credit,645.08,,BRANCH45,Cara Duarte,ACCT4461867,2025-09-26 05:09:23,noise
debit,238.52,ACCT1587032,BRANCH88,Cara Duarte,ACCT4461867,2025-09-25 11:10:12,noise
debit,1133.37,,BRANCH45,Cara Duarte,ACCT4461867,2025-09-25 16:06:11,noise
credit,1107.51,ACCT6352691,BRANCH18,Cara Duarte,ACCT4461867,2025-09-24 09:38:56,noise
credit,873.19,,BRANCH45,Cara Duarte,ACCT4461867,2025-09-23 14:08:59,noise
credit,689.72,,BRANCH45,Cara Duarte,ACCT4461867,2025-09-22 04:20:37,noise
debit,383.34,ACCT6751841,BRANCH45,Cara Duarte,ACCT4461867,2025-09-20 11:27:00,noise
debit,689.36,,BRANCH45,Cara Duarte,ACCT4461867,2025-09-14 18:18:50,noise
debit,955.71,,BRANCH45,Cara Duarte,ACCT4461867,2025-09-11 15:25:34,noise
credit,615.34,,BRANCH22,Cara Duarte,ACCT4461867,2025-09-08 02:08:36,noise
debit,146.91,,BRANCH45,Cara Duarte,ACCT4461867,2025-09-04 19:35:06,noise
debit,481.21,,BRANCH45,Cara Duarte,ACCT4461867,2025-09-04 10:12:08,noise
credit,876.23,,BRANCH45,Cara Duarte,ACCT4461867,2025-09-01 11:10:40,noise
credit,169.92,,BRANCH45,Cara Duarte,ACCT4461867,2025-08-30 12:11:48,noise
debit,1546.8,ACCT5202843,BRANCH93,Cara Duarte,ACCT4461867,2025-08-30 09:37:10,noise
credit,227.57,,BRANCH45,Cara Duarte,ACCT4461867,2025-08-29 16:24:53,noise
debit,879.96,ACCT5643342,BRANCH87,Cara Duarte,ACCT4461867,2025-08-28 17:37:51,noise
credit,164.01,ACCT1297790,BRANCH45,Cara Duarte,ACCT4461867,2025-08-28 00:29:58,noise
debit,396.92,,BRANCH45,Cara Duarte,ACCT4461867,2025-08-27 09:27:03,noise
debit,710.68,,BRANCH45,Cara Duarte,ACCT4461867,2025-08-26 19:19:44,noise
credit,617.84,ACCT2492020,BRANCH46,Cara Duarte,ACCT4461867,2025-08-25 16:09:42,noise
credit,1096.97,ACCT9127623,BRANCH31,Cara Duarte,ACCT4461867,2025-08-22 05:04:56,noise
credit,209.91,,BRANCH55,Cara Duarte,ACCT4461867,2025-08-21 15:05:09,noise
credit,1392.8,,BRANCH45,Cara Duarte,ACCT4461867,2025-08-19 00:01:30,noise
credit,822.3,,BRANCH45,Cara Duarte,ACCT4461867,2025-08-17 17:17:18,noise
debit,119.33,,BRANCH56,Cara Duarte,ACCT4461867,2025-08-17 11:41:05,noise
debit,423.98,ACCT2777204,BRANCH45,Cara Duarte,ACCT4461867,2025-08-15 15:08:50,noise
debit,1850.59,,BRANCH30,Cara Duarte,ACCT4461867,2025-08-14 10:05:37,noise
credit,4476.26,ACCT5985265,BRANCH45,Cara Duarte,ACCT4461867,2025-08-14 23:29:35,noise
debit,710.92,,BRANCH45,Cara Duarte,ACCT4461867,2025-08-10 10:19:40,noise
credit,1340.75,,BRANCH45,Cara Duarte,ACCT4461867,2025-08-07 10:13:20,noise
debit,510.67,ACCT3912525,BRANCH45,Cara Duarte,ACCT4461867,2025-08-06 20:29:22,noise
credit,1217.34,,BRANCH59,Cara Duarte,ACCT4461867,2025-08-05 12:31:49,noise
credit,173.68,,BRANCH45,Cara Duarte,ACCT4461867,2025-08-04 22:02:25,noise
debit,244.84,ACCT7696485,BRANCH45,Cara Duarte,ACCT4461867,2025-10-01 09:44:30,noise
debit,188.05,ACCT2718137,BRANCH45,Cara Duarte,ACCT4461867,2025-10-01 23:32:19,noise
debit,149.74,,BRANCH70,Cara Duarte,ACCT4461867,2025-09-29 15:04:26,noise
credit,420.33,,BRANCH45,Cara Duarte,ACCT4461867,2025-09-29 03:09:14,noise
credit,306.36,,BRANCH45,Cara Duarte,ACCT4461867,2025-09-27 21:44:02,noise
debit,1914.55,,BRANCH28,Cara Duarte,ACCT4461867,2025-09-27 20:04:14,noise
credit,645.08,,BRANCH45,Cara Duarte,ACCT4461867,2025-09-26 05:09:23,noise
debit,238.52,ACCT1587032,BRANCH88,Cara Duarte,ACCT4461867,2025-09-25 11:10:12,noise
debit,1133.37,,BRANCH45,Cara Duarte,ACCT4461867,2025-09-25 16:06:11,noise
credit,1107.51,ACCT6352691,BRANCH18,Cara Duarte,ACCT4461867,2025-09-24 09:38:56,noise
credit,873.19,,BRANCH45,Cara Duarte,ACCT4461867,2025-09-23 14:08:59,noise
credit,689.72,,BRANCH45,Cara Duarte,ACCT4461867,2025-09-22 04:20:37,noise
debit,383.34,ACCT6751841,BRANCH45,Cara Duarte,ACCT4461867,2025-09-20 11:27:00,noise
debit,689.36,,BRANCH45,Cara Duarte,ACCT4461867,2025-09-14 18:18:50,noise
debit,955.71,,BRANCH45,Cara Duarte,ACCT4461867,2025-09-11 15:25:34,noise
credit,615.34,,BRANCH22,Cara Duarte,ACCT4461867,2025-09-08 02:08:36,noise
debit,146.91,,BRANCH45,Cara Duarte,ACCT4461867,2025-09-04 19:35:06,noise
debit,481.21,,BRANCH45,Cara Duarte,ACCT4461867,2025-09-04 10:12:08,noise
credit,876.23,,BRANCH45,Cara Duarte,ACCT4461867,2025-09-01 11:10:40,noise
credit,169.92,,BRANCH45,Cara Duarte,ACCT4461867,2025-08-30 12:11:48,noise
debit,1546.8,ACCT5202843,BRANCH93,Cara Duarte,ACCT4461867,2025-08-30 09:37:10,noise
credit,227.57,,BRANCH45,Cara Duarte,ACCT4461867,2025-08-29 16:24:53,noise
debit,879.96,ACCT5643342,BRANCH87,Cara Duarte,ACCT4461867,2025-08-28 17:37:51,noise
credit,164.01,ACCT1297790,BRANCH45,Cara Duarte,ACCT4461867,2025-08-28 00:29:58,noise
debit,396.92,,BRANCH45,Cara Duarte,ACCT4461867,2025-08-27 09:27:03,noise
debit,710.68,,BRANCH45,Cara Duarte,ACCT4461867,2025-08-26 19:19:44,noise
credit,617.84,ACCT2492020,BRANCH46,Cara Duarte,ACCT4461867,2025-08-25 16:09:42,noise
credit,1096.97,ACCT9127623,BRANCH31,Cara Duarte,ACCT4461867,2025-08-22 05:04:56,noise
credit,209.91,,BRANCH55,Cara Duarte,ACCT4461867,2025-08-21 15:05:09,noise
credit,1392.8,,BRANCH45,Cara Duarte,ACCT4461867,2025-08-19 00:01:30,noise
credit,822.3,,BRANCH45,Cara Duarte,ACCT4461867,2025-08-17 17:17:18,noise
debit,119.33,,BRANCH56,Cara Duarte,ACCT4461867,2025-08-17 11:41:05,noise
debit,423.98,ACCT2777204,BRANCH45,Cara Duarte,ACCT4461867,2025-08-15 15:08:50,noise
debit,1850.59,,BRANCH30,Cara Duarte,ACCT4461867,2025-08-14 10:05:37,noise
credit,4476.26,ACCT5985265,BRANCH45,Cara Duarte,ACCT4461867,2025-08-14 23:29:35,noise
debit,710.92,,BRANCH45,Cara Duarte,ACCT4461867,2025-08-10 10:19:40,noise
credit,1340.75,,BRANCH45,Cara Duarte,ACCT4461867,2025-08-07 10:13:20,noise
debit,510.67,ACCT3912525,BRANCH45,Cara Duarte,ACCT4461867,2025-08-06 20:29:22,noise
credit,1217.34,,BRANCH59,Cara Duarte,ACCT4461867,2025-08-05 12:31:49,noise
credit,173.68,,BRANCH45,Cara Duarte,ACCT4461867,2025-08-04 22:02:25,noise
debit,413400.16,ACCT9643062,BRANCH45,Cara Duarte,ACCT4461867,2025-12-03 01:12:11,noise
credit,1253.97,,BRANCH35,Yara Silva,ACCT3514300,2025-10-02 17:40:44,noise
credit,1761.16,,BRANCH35,Yara Silva,ACCT3514300,2025-10-02 00:10:22,noise
credit,2512.65,,BRANCH35,Yara Silva,ACCT3514300,2025-10-01 11:18:46,noise
debit,715.23,ACCT9518841,BRANCH70,Yara Silva,ACCT3514300,2025-09-29 23:02:52,noise
credit,1294.63,,BRANCH35,Yara Silva,ACCT3514300,2025-09-29 15:34:19,noise
debit,391.2,,BRANCH82,Yara Silva,ACCT3514300,2025-09-27 23:24:16,noise
debit,401.06,,BRANCH35,Yara Silva,ACCT3514300,2025-09-25 14:08:26,noise
credit,221.83,,BRANCH35,Yara Silva,ACCT3514300,2025-09-24 11:00:11,noise
credit,3163.51,,BRANCH71,Yara Silva,ACCT3514300,2025-09-24 17:23:31,noise
debit,70.75,,BRANCH35,Yara Silva,ACCT3514300,2025-09-22 11:35:18,noise
credit,503.25,ACCT1913533,BRANCH35,Yara Silva,ACCT3514300,2025-09-21 19:16:40,noise
debit,1280.34,,BRANCH97,Yara Silva,ACCT3514300,2025-09-19 16:18:27,noise
debit,316.36,,BRANCH35,Yara Silva,ACCT3514300,2025-09-18 21:36:46,noise
credit,369.66,,BRANCH11,Yara Silva,ACCT3514300,2025-09-18 13:36:58,noise
debit,773.19,,BRANCH35,Yara Silva,ACCT3514300,2025-09-16 19:44:02,noise
debit,514.74,,BRANCH65,Yara Silva,ACCT3514300,2025-09-15 16:24:54,noise
credit,822.3,,BRANCH35,Yara Silva,ACCT3514300,2025-09-12 16:11:53,noise
credit,973.93,,BRANCH35,Yara Silva,ACCT3514300,2025-09-10 00:10:58,noise
credit,784.41,ACCT8289537,BRANCH35,Yara Silva,ACCT3514300,2025-09-09 17:02:09,noise
debit,223.32,ACCT1606377,BRANCH35,Yara Silva,ACCT3514300,2025-08-31 14:27:04,noise
debit,1013.73,ACCT3273218,BRANCH35,Yara Silva,ACCT3514300,2025-08-29 23:19:24,noise
debit,3000.0,ACCT8202097,BRANCH35,Yara Silva,ACCT3514300,2025-08-29 14:25:08,noise
credit,586.49,ACCT5623429,BRANCH35,Yara Silva,ACCT3514300,2025-08-27 12:17:24,noise
credit,1158.35,ACCT5623429,BRANCH73,Yara Silva,ACCT3514300,2025-08-27 23:41:55,noise
credit,413.64,,BRANCH35,Yara Silva,ACCT3514300,2025-08-24 20:20:30,noise
credit,349.0,ACCT5579418,BRANCH35,Yara Silva,ACCT3514300,2025-08-23 22:36:07,noise
debit,438.98,,BRANCH35,Yara Silva,ACCT3514300,2025-08-23 13:10:24,noise
debit,54.81,,BRANCH35,Yara Silva,ACCT3514300,2025-08-22 18:18:49,noise
credit,2128.65,,BRANCH35,Yara Silva,ACCT3514300,2025-08-21 23:07:43,noise
debit,1729.06,,BRANCH35,Yara Silva,ACCT3514300,2025-08-17 12:28:42,noise
credit,989.03,,BRANCH80,Yara Silva,ACCT3514300,2025-08-15 16:42:27,noise
debit,5886.22,,BRANCH71,Yara Silva,ACCT3514300,2025-08-13 20:40:24,noise
debit,623.32,ACCT6246793,BRANCH35,Yara Silva,ACCT3514300,2025-08-13 17:19:50,noise
credit,303.12,,BRANCH35,Yara Silva,ACCT3514300,2025-08-09 09:09:13,noise
credit,6967.56,,BRANCH35,Yara Silva,ACCT3514300,2025-08-09 05:35:21,noise
debit,43.96,,BRANCH64,Yara Silva,ACCT3514300,2025-08-06 05:16:11,noise
credit,1253.97,,BRANCH35,Yara Silva,ACCT3514300,2025-10-02 17:40:44,noise
credit,1761.16,,BRANCH35,Yara Silva,ACCT3514300,2025-10-02 00:10:22,noise
credit,2512.65,,BRANCH35,Yara Silva,ACCT3514300,2025-10-01 11:18:46,noise
debit,715.23,ACCT9518841,BRANCH70,Yara Silva,ACCT3514300,2025-09-29 23:02:52,noise
credit,1294.63,,BRANCH35,Yara Silva,ACCT3514300,2025-09-29 15:34:19,noise
debit,391.2,,BRANCH82,Yara Silva,ACCT3514300,2025-09-27 23:24:16,noise
debit,401.06,,BRANCH35,Yara Silva,ACCT3514300,2025-09-25 14:08:26,noise
credit,221.83,,BRANCH35,Yara Silva,ACCT3514300,2025-09-24 11:00:11,noise
credit,3163.51,,BRANCH71,Yara Silva,ACCT3514300,2025-09-24 17:23:31,noise
debit,70.75,,BRANCH35,Yara Silva,ACCT3514300,2025-09-22 11:35:18,noise
credit,503.25,ACCT1913533,BRANCH35,Yara Silva,ACCT3514300,2025-09-21 19:16:40,noise
debit,1280.34,,BRANCH97,Yara Silva,ACCT3514300,2025-09-19 16:18:27,noise
debit,316.36,,BRANCH35,Yara Silva,ACCT3514300,2025-09-18 21:36:46,noise
credit,369.66,,BRANCH11,Yara Silva,ACCT3514300,2025-09-18 13:36:58,noise
debit,773.19,,BRANCH35,Yara Silva,ACCT3514300,2025-09-16 19:44:02,noise
debit,514.74,,BRANCH65,Yara Silva,ACCT3514300,2025-09-15 16:24:54,noise
credit,822.3,,BRANCH35,Yara Silva,ACCT3514300,2025-09-12 16:11:53,noise
credit,973.93,,BRANCH35,Yara Silva,ACCT3514300,2025-09-10 00:10:58,noise
credit,784.41,ACCT8289537,BRANCH35,Yara Silva,ACCT3514300,2025-09-09 17:02:09,noise
debit,223.32,ACCT1606377,BRANCH35,Yara Silva,ACCT3514300,2025-08-31 14:27:04,noise
debit,1013.73,ACCT3273218,BRANCH35,Yara Silva,ACCT3514300,2025-08-29 23:19:24,noise
debit,3000.0,ACCT8202097,BRANCH35,Yara Silva,ACCT3514300,2025-08-29 14:25:08,noise
credit,586.49,ACCT5623429,BRANCH35,Yara Silva,ACCT3514300,2025-08-27 12:17:24,noise
credit,1158.35,ACCT5623429,BRANCH73,Yara Silva,ACCT3514300,2025-08-27 23:41:55,noise
credit,413.64,,BRANCH35,Yara Silva,ACCT3514300,2025-08-24 20:20:30,noise
credit,349.0,ACCT5579418,BRANCH35,Yara Silva,ACCT3514300,2025-08-23 22:36:07,noise
debit,438.98,,BRANCH35,Yara Silva,ACCT3514300,2025-08-23 13:10:24,noise
debit,54.81,,BRANCH35,Yara Silva,ACCT3514300,2025-08-22 18:18:49,noise
credit,2128.65,,BRANCH35,Yara Silva,ACCT3514300,2025-08-21 23:07:43,noise
debit,1729.06,,BRANCH35,Yara Silva,ACCT3514300,2025-08-17 12:28:42,noise
credit,989.03,,BRANCH80,Yara Silva,ACCT3514300,2025-08-15 16:42:27,noise
debit,5886.22,,BRANCH71,Yara Silva,ACCT3514300,2025-08-13 20:40:24,noise
debit,623.32,ACCT6246793,BRANCH35,Yara Silva,ACCT3514300,2025-08-13 17:19:50,noise
credit,303.12,,BRANCH35,Yara Silva,ACCT3514300,2025-08-09 09:09:13,noise
credit,6967.56,,BRANCH35,Yara Silva,ACCT3514300,2025-08-09 05:35:21,noise
debit,43.96,,BRANCH64,Yara Silva,ACCT3514300,2025-08-06 05:16:11,noise
debit,569331.78,ACCT3116724,BRANCH35,Yara Silva,ACCT3514300,2025-12-03 02:27:33,noise
debit,339.47,,BRANCH54,Victor Tanaka,ACCT8033024,2025-10-02 10:31:41,noise
credit,55.16,,BRANCH91,Victor Tanaka,ACCT8033024,2025-10-02 01:07:40,noise
debit,579.14,,BRANCH54,Victor Tanaka,ACCT8033024,2025-09-30 19:04:55,noise
credit,550.06,,BRANCH54,Victor Tanaka,ACCT8033024,2025-09-24 19:04:33,noise
credit,351.6,,BRANCH54,Victor Tanaka,ACCT8033024,2025-09-23 18:20:46,noise
debit,537.14,,BRANCH54,Victor Tanaka,ACCT8033024,2025-09-23 12:35:12,noise
credit,334.52,,BRANCH54,Victor Tanaka,ACCT8033024,2025-09-21 15:30:49,noise
debit,361.98,,BRANCH54,Victor Tanaka,ACCT8033024,2025-09-21 12:43:40,noise
debit,266.95,ACCT3116724,BRANCH54,Victor Tanaka,ACCT8033024,2025-09-20 14:02:01,noise
debit,601.0,ACCT4179788,BRANCH54,Victor Tanaka,ACCT8033024,2025-09-19 16:31:09,noise
debit,374.08,,BRANCH54,Victor Tanaka,ACCT8033024,2025-09-19 19:33:13,noise
credit,1354.19,,BRANCH54,Victor Tanaka,ACCT8033024,2025-09-16 03:16:15,noise
credit,539.18,,BRANCH54,Victor Tanaka,ACCT8033024,2025-09-16 16:31:42,noise
credit,439.79,ACCT4765824,BRANCH19,Victor Tanaka,ACCT8033024,2025-09-15 17:29:54,noise
credit,795.58,,BRANCH54,Victor Tanaka,ACCT8033024,2025-09-13 19:02:38,noise
debit,1435.53,,BRANCH54,Victor Tanaka,ACCT8033024,2025-09-12 22:30:23,noise
credit,1004.04,,BRANCH54,Victor Tanaka,ACCT8033024,2025-09-10 11:28:51,noise
debit,374.07,,BRANCH84,Victor Tanaka,ACCT8033024,2025-09-10 13:30:25,noise
credit,651.82,,BRANCH54,Victor Tanaka,ACCT8033024,2025-09-08 20:16:02,noise
debit,361.49,,BRANCH81,Victor Tanaka,ACCT8033024,2025-09-06 18:14:59,noise
debit,4550.87,,BRANCH54,Victor Tanaka,ACCT8033024,2025-09-05 09:24:01,noise
credit,1675.64,,BRANCH91,Victor Tanaka,ACCT8033024,2025-09-05 10:27:02,noise
debit,353.2,,BRANCH79,Victor Tanaka,ACCT8033024,2025-09-03 19:14:32,noise
credit,1010.63,,BRANCH54,Victor Tanaka,ACCT8033024,2025-09-01 02:39:38,noise
debit,1274.92,,BRANCH54,Victor Tanaka,ACCT8033024,2025-08-29 10:21:55,noise
debit,978.84,,BRANCH54,Victor Tanaka,ACCT8033024,2025-08-28 17:37:24,noise
debit,1204.61,,BRANCH54,Victor Tanaka,ACCT8033024,2025-08-26 18:32:29,noise
debit,1731.26,,BRANCH54,Victor Tanaka,ACCT8033024,2025-08-25 16:45:32,noise
credit,1036.37,,BRANCH70,Victor Tanaka,ACCT8033024,2025-08-24 14:37:11,noise
debit,813.59,,BRANCH54,Victor Tanaka,ACCT8033024,2025-08-24 18:11:15,noise
debit,1053.31,,BRANCH97,Victor Tanaka,ACCT8033024,2025-08-23 16:19:44,noise
debit,580.38,,BRANCH25,Victor Tanaka,ACCT8033024,2025-08-21 20:21:09,noise
debit,334.74,,BRANCH62,Victor Tanaka,ACCT8033024,2025-08-20 11:09:06,noise
credit,285.21,,BRANCH79,Victor Tanaka,ACCT8033024,2025-08-20 19:05:59,noise
debit,593.07,,BRANCH87,Victor Tanaka,ACCT8033024,2025-08-10 10:14:20,noise
debit,428.04,ACCT2066085,BRANCH54,Victor Tanaka,ACCT8033024,2025-08-10 20:11:57,noise
credit,130.67,,BRANCH54,Victor Tanaka,ACCT8033024,2025-08-05 11:29:02,noise
debit,339.47,,BRANCH54,Victor Tanaka,ACCT8033024,2025-10-02 10:31:41,noise
credit,55.16,,BRANCH91,Victor Tanaka,ACCT8033024,2025-10-02 01:07:40,noise
debit,579.14,,BRANCH54,Victor Tanaka,ACCT8033024,2025-09-30 19:04:55,noise
credit,550.06,,BRANCH54,Victor Tanaka,ACCT8033024,2025-09-24 19:04:33,noise
credit,351.6,,BRANCH54,Victor Tanaka,ACCT8033024,2025-09-23 18:20:46,noise
debit,537.14,,BRANCH54,Victor Tanaka,ACCT8033024,2025-09-23 12:35:12,noise
credit,334.52,,BRANCH54,Victor Tanaka,ACCT8033024,2025-09-21 15:30:49,noise
debit,361.98,,BRANCH54,Victor Tanaka,ACCT8033024,2025-09-21 12:43:40,noise
debit,266.95,ACCT3116724,BRANCH54,Victor Tanaka,ACCT8033024,2025-09-20 14:02:01,noise
debit,601.0,ACCT4179788,BRANCH54,Victor Tanaka,ACCT8033024,2025-09-19 16:31:09,noise
debit,374.08,,BRANCH54,Victor Tanaka,ACCT8033024,2025-09-19 19:33:13,noise
credit,1354.19,,BRANCH54,Victor Tanaka,ACCT8033024,2025-09-16 03:16:15,noise
credit,539.18,,BRANCH54,Victor Tanaka,ACCT8033024,2025-09-16 16:31:42,noise
credit,439.79,ACCT4765824,BRANCH19,Victor Tanaka,ACCT8033024,2025-09-15 17:29:54,noise
credit,795.58,,BRANCH54,Victor Tanaka,ACCT8033024,2025-09-13 19:02:38,noise
debit,1435.53,,BRANCH54,Victor Tanaka,ACCT8033024,2025-09-12 22:30:23,noise
credit,1004.04,,BRANCH54,Victor Tanaka,ACCT8033024,2025-09-10 11:28:51,noise
debit,374.07,,BRANCH84,Victor Tanaka,ACCT8033024,2025-09-10 13:30:25,noise
credit,651.82,,BRANCH54,Victor Tanaka,ACCT8033024,2025-09-08 20:16:02,noise
debit,361.49,,BRANCH81,Victor Tanaka,ACCT8033024,2025-09-06 18:14:59,noise
debit,4550.87,,BRANCH54,Victor Tanaka,ACCT8033024,2025-09-05 09:24:01,noise
credit,1675.64,,BRANCH91,Victor Tanaka,ACCT8033024,2025-09-05 10:27:02,noise
debit,353.2,,BRANCH79,Victor Tanaka,ACCT8033024,2025-09-03 19:14:32,noise
credit,1010.63,,BRANCH54,Victor Tanaka,ACCT8033024,2025-09-01 02:39:38,noise
debit,1274.92,,BRANCH54,Victor Tanaka,ACCT8033024,2025-08-29 10:21:55,noise
debit,978.84,,BRANCH54,Victor Tanaka,ACCT8033024,2025-08-28 17:37:24,noise
debit,1204.61,,BRANCH54,Victor Tanaka,ACCT8033024,2025-08-26 18:32:29,noise
debit,1731.26,,BRANCH54,Victor Tanaka,ACCT8033024,2025-08-25 16:45:32,noise
credit,1036.37,,BRANCH70,Victor Tanaka,ACCT8033024,2025-08-24 14:37:11,noise
debit,813.59,,BRANCH54,Victor Tanaka,ACCT8033024,2025-08-24 18:11:15,noise
debit,1053.31,,BRANCH97,Victor Tanaka,ACCT8033024,2025-08-23 16:19:44,noise
debit,580.38,,BRANCH25,Victor Tanaka,ACCT8033024,2025-08-21 20:21:09,noise
debit,334.74,,BRANCH62,Victor Tanaka,ACCT8033024,2025-08-20 11:09:06,noise
credit,285.21,,BRANCH79,Victor Tanaka,ACCT8033024,2025-08-20 19:05:59,noise
debit,593.07,,BRANCH87,Victor Tanaka,ACCT8033024,2025-08-10 10:14:20,noise
debit,428.04,ACCT2066085,BRANCH54,Victor Tanaka,ACCT8033024,2025-08-10 20:11:57,noise
credit,130.67,,BRANCH54,Victor Tanaka,ACCT8033024,2025-08-05 11:29:02,noise
debit,323361.72,ACCT6589702,BRANCH54,Victor Tanaka,ACCT8033024,2025-12-03 22:28:33,noise
debit,3000.0,ACCT1788720,BRANCH78,Ravi Rossi,ACCT4584232,2025-09-30 14:05:02,noise
debit,402.89,,BRANCH78,Ravi Rossi,ACCT4584232,2025-09-29 18:36:46,noise
debit,3433.63,,BRANCH78,Ravi Rossi,ACCT4584232,2025-09-25 20:30:41,noise
credit,320.71,,BRANCH78,Ravi Rossi,ACCT4584232,2025-09-23 16:31:31,noise
credit,1673.52,,BRANCH58,Ravi Rossi,ACCT4584232,2025-09-22 21:22:03,noise
credit,1372.96,ACCT8238901,BRANCH78,Ravi Rossi,ACCT4584232,2025-09-22 13:32:50,noise
debit,977.5,,BRANCH78,Ravi Rossi,ACCT4584232,2025-09-19 10:10:31,noise
debit,733.66,ACCT5017009,BRANCH78,Ravi Rossi,ACCT4584232,2025-09-17 15:36:14,noise
credit,783.54,ACCT8289537,BRANCH33,Ravi Rossi,ACCT4584232,2025-09-15 17:22:48,noise
credit,460.36,,BRANCH78,Ravi Rossi,ACCT4584232,2025-09-14 10:22:56,noise
debit,856.87,,BRANCH78,Ravi Rossi,ACCT4584232,2025-09-14 12:31:42,noise
credit,694.76,,BRANCH78,Ravi Rossi,ACCT4584232,2025-09-11 21:31:46,noise
credit,2504.85,,BRANCH78,Ravi Rossi,ACCT4584232,2025-09-11 08:35:26,noise
credit,496.69,,BRANCH43,Ravi Rossi,ACCT4584232,2025-09-09 08:05:10,noise
debit,469.49,ACCT7572650,BRANCH80,Ravi Rossi,ACCT4584232,2025-09-09 10:13:42,noise
credit,1147.67,,BRANCH78,Ravi Rossi,ACCT4584232,2025-09-05 18:19:41,noise
credit,505.68,,BRANCH78,Ravi Rossi,ACCT4584232,2025-09-04 14:38:55,noise
debit,1601.86,,BRANCH10,Ravi Rossi,ACCT4584232,2025-09-03 08:44:51,noise
debit,809.37,ACCT1737518,BRANCH78,Ravi Rossi,ACCT4584232,2025-09-02 18:06:10,noise
debit,422.25,,BRANCH78,Ravi Rossi,ACCT4584232,2025-09-01 09:15:16,noise
debit,683.78,,BRANCH78,Ravi Rossi,ACCT4584232,2025-09-01 18:41:54,noise
credit,543.36,ACCT4427182,BRANCH78,Ravi Rossi,ACCT4584232,2025-08-31 18:42:39,noise
credit,526.3,,BRANCH78,Ravi Rossi,ACCT4584232,2025-08-30 20:15:11,noise
debit,701.63,ACCT6289266,BRANCH78,Ravi Rossi,ACCT4584232,2025-08-29 20:21:35,noise
credit,123.82,,BRANCH78,Ravi Rossi,ACCT4584232,2025-08-29 17:28:15,noise
credit,372.45,ACCT7257619,BRANCH61,Ravi Rossi,ACCT4584232,2025-08-26 17:45:43,noise
credit,330.21,,BRANCH78,Ravi Rossi,ACCT4584232,2025-08-25 10:30:21,noise
debit,686.65,,BRANCH35,Ravi Rossi,ACCT4584232,2025-08-24 23:30:47,noise
credit,409.45,ACCT1128822,BRANCH78,Ravi Rossi,ACCT4584232,2025-08-24 20:20:28,noise
debit,398.47,,BRANCH50,Ravi Rossi,ACCT4584232,2025-08-23 00:09:55,noise
debit,1198.04,,BRANCH78,Ravi Rossi,ACCT4584232,2025-08-23 10:16:56,noise
debit,675.12,,BRANCH78,Ravi Rossi,ACCT4584232,2025-08-20 12:19:07,noise
credit,1212.15,ACCT9127623,BRANCH78,Ravi Rossi,ACCT4584232,2025-08-18 16:29:28,noise
debit,704.39,,BRANCH78,Ravi Rossi,ACCT4584232,2025-08-17 16:10:30,noise
debit,531.81,ACCT8289537,BRANCH82,Ravi Rossi,ACCT4584232,2025-08-15 16:31:28,noise
credit,610.88,ACCT6289266,BRANCH78,Ravi Rossi,ACCT4584232,2025-08-14 02:34:03,noise
credit,323.55,,BRANCH50,Ravi Rossi,ACCT4584232,2025-08-13 12:35:45,noise
credit,79.59,,BRANCH78,Ravi Rossi,ACCT4584232,2025-08-12 09:14:43,noise
credit,766.92,,BRANCH78,Ravi Rossi,ACCT4584232,2025-08-12 11:32:20,noise
debit,488.99,,BRANCH78,Ravi Rossi,ACCT4584232,2025-08-10 15:43:38,noise
debit,503.63,ACCT1606377,BRANCH55,Ravi Rossi,ACCT4584232,2025-08-10 15:04:31,noise
credit,762.38,,BRANCH72,Ravi Rossi,ACCT4584232,2025-08-09 19:39:50,noise
debit,522.86,,BRANCH78,Ravi Rossi,ACCT4584232,2025-08-06 23:07:06,noise
credit,212.04,,BRANCH78,Ravi Rossi,ACCT4584232,2025-08-05 21:18:11,noise
credit,408.35,ACCT8809685,BRANCH78,Ravi Rossi,ACCT4584232,2025-08-04 11:02:57,noise
debit,1045.83,ACCT5661962,BRANCH78,Ravi Rossi,ACCT4584232,2025-08-04 09:37:33,noise
debit,47302.33,ACCT4461867,BRANCH78,Ravi Rossi,ACCT4584232,2025-12-22 10:15:44,noise
debit,47463.84,ACCT1297790,BRANCH45,Cara Duarte,ACCT4461867,2025-12-26 10:09:32,noise
debit,37785.92,ACCT7095170,BRANCH61,Grace Diaz,ACCT1297790,2025-12-24 20:13:32,noise
debit,570.98,,BRANCH26,Wes Chen,ACCT1797772,2025-10-03 17:27:34,noise
debit,260.81,,BRANCH82,Wes Chen,ACCT1797772,2025-10-03 14:02:28,noise
credit,962.18,,BRANCH82,Wes Chen,ACCT1797772,2025-10-02 11:08:35,noise
debit,639.75,,BRANCH54,Wes Chen,ACCT1797772,2025-10-02 18:09:13,noise
debit,1270.9,,BRANCH82,Wes Chen,ACCT1797772,2025-09-30 22:09:13,noise
credit,155.04,,BRANCH82,Wes Chen,ACCT1797772,2025-09-30 13:13:49,noise
credit,525.45,,BRANCH86,Wes Chen,ACCT1797772,2025-09-27 12:03:23,noise
credit,5430.66,,BRANCH82,Wes Chen,ACCT1797772,2025-09-26 17:03:16,noise
debit,735.01,,BRANCH65,Wes Chen,ACCT1797772,2025-09-24 11:29:58,noise
credit,481.35,,BRANCH82,Wes Chen,ACCT1797772,2025-09-24 09:15:21,noise
credit,1080.92,,BRANCH82,Wes Chen,ACCT1797772,2025-09-22 21:35:19,noise
debit,450.23,,BRANCH82,Wes Chen,ACCT1797772,2025-09-22 19:40:26,noise
credit,353.35,,BRANCH82,Wes Chen,ACCT1797772,2025-09-21 11:28:01,noise
debit,1391.87,,BRANCH38,Wes Chen,ACCT1797772,2025-09-20 19:20:39,noise
credit,3313.83,ACCT4461867,BRANCH82,Wes Chen,ACCT1797772,2025-09-18 11:22:56,noise
debit,993.92,ACCT5661962,BRANCH82,Wes Chen,ACCT1797772,2025-09-18 22:21:24,noise
debit,547.86,ACCT9643062,BRANCH82,Wes Chen,ACCT1797772,2025-09-17 10:20:29,noise
debit,549.8,,BRANCH82,Wes Chen,ACCT1797772,2025-09-17 10:37:14,noise
credit,825.94,,BRANCH82,Wes Chen,ACCT1797772,2025-09-16 18:13:36,noise
credit,1597.81,,BRANCH82,Wes Chen,ACCT1797772,2025-09-16 23:26:44,noise
credit,262.81,,BRANCH82,Wes Chen,ACCT1797772,2025-09-15 22:30:43,noise
debit,566.96,,BRANCH82,Wes Chen,ACCT1797772,2025-09-13 21:45:44,noise
debit,204.74,ACCT8238901,BRANCH82,Wes Chen,ACCT1797772,2025-09-13 08:17:31,noise
debit,1522.35,,BRANCH82,Wes Chen,ACCT1797772,2025-09-11 18:32:00,noise
credit,433.0,,BRANCH82,Wes Chen,ACCT1797772,2025-09-09 15:28:11,noise
debit,289.26,,BRANCH82,Wes Chen,ACCT1797772,2025-09-09 10:31:52,noise
credit,198.06,,BRANCH82,Wes Chen,ACCT1797772,2025-09-08 09:38:06,noise
credit,1430.34,,BRANCH82,Wes Chen,ACCT1797772,2025-09-04 12:26:45,noise
credit,497.95,,BRANCH82,Wes Chen,ACCT1797772,2025-09-04 13:40:17,noise
credit,923.9,,BRANCH82,Wes Chen,ACCT1797772,2025-09-03 13:33:04,noise
debit,312.0,,BRANCH82,Wes Chen,ACCT1797772,2025-09-03 18:20:32,noise
credit,431.8,,BRANCH82,Wes Chen,ACCT1797772,2025-08-30 13:39:15,noise
credit,374.63,ACCT3912525,BRANCH82,Wes Chen,ACCT1797772,2025-08-27 09:01:39,noise
credit,335.44,,BRANCH82,Wes Chen,ACCT1797772,2025-08-25 12:20:34,noise
credit,1728.36,ACCT4179788,BRANCH82,Wes Chen,ACCT1797772,2025-08-25 11:09:52,noise
credit,2251.68,ACCT6503586,BRANCH82,Wes Chen,ACCT1797772,2025-08-22 00:32:18,noise
debit,169.34,ACCT6709081,BRANCH82,Wes Chen,ACCT1797772,2025-08-22 19:37:36,noise
credit,465.3,,BRANCH82,Wes Chen,ACCT1797772,2025-08-21 18:24:01,noise
debit,1048.61,ACCT8399028,BRANCH82,Wes Chen,ACCT1797772,2025-08-21 11:43:25,noise
debit,442.95,,BRANCH97,Wes Chen,ACCT1797772,2025-08-15 22:12:24,noise
debit,326.56,,BRANCH82,Wes Chen,ACCT1797772,2025-08-11 19:25:53,noise
credit,822.71,,BRANCH82,Wes Chen,ACCT1797772,2025-08-11 21:10:27,noise
credit,400.47,,BRANCH82,Wes Chen,ACCT1797772,2025-08-10 13:27:46,noise
debit,236.15,ACCT4947646,BRANCH82,Wes Chen,ACCT1797772,2025-08-09 20:06:04,noise
credit,316.26,ACCT2103254,BRANCH82,Wes Chen,ACCT1797772,2025-08-09 21:27:34,noise
credit,1224.22,,BRANCH82,Wes Chen,ACCT1797772,2025-08-07 13:17:16,noise
debit,185.8,,BRANCH82,Wes Chen,ACCT1797772,2025-08-07 13:29:07,noise
debit,1665.29,,BRANCH76,Wes Chen,ACCT1797772,2025-08-06 22:11:13,noise
debit,826.32,,BRANCH82,Wes Chen,ACCT1797772,2025-08-05 13:28:54,noise
credit,450.68,,BRANCH82,Wes Chen,ACCT1797772,2025-08-04 14:14:46,noise
debit,57109.03,ACCT5257024,BRANCH82,Wes Chen,ACCT1797772,2025-12-31 08:23:14,noise
debit,79782.63,ACCT9518841,BRANCH74,Grace Meyer,ACCT5257024,2025-12-28 04:17:14,noise
debit,41107.48,ACCT7586555,BRANCH52,Leo Novak,ACCT9518841,2025-12-28 01:03:05,noise
debit,2087.05,,BRANCH28,Zane Fischer,ACCT2592957,2025-10-01 00:33:35,noise
debit,258.02,,BRANCH85,Zane Fischer,ACCT2592957,2025-10-01 16:13:06,noise
credit,545.6,,BRANCH28,Zane Fischer,ACCT2592957,2025-09-29 11:11:12,noise
credit,1266.29,,BRANCH28,Zane Fischer,ACCT2592957,2025-09-21 23:11:34,noise
credit,310.43,,BRANCH47,Zane Fischer,ACCT2592957,2025-09-19 19:28:17,noise
debit,321.42,,BRANCH52,Zane Fischer,ACCT2592957,2025-09-17 09:37:44,noise
debit,998.11,ACCT5579418,BRANCH81,Zane Fischer,ACCT2592957,2025-09-16 10:12:34,noise
debit,967.71,,BRANCH28,Zane Fischer,ACCT2592957,2025-09-11 08:22:20,noise
credit,103.47,,BRANCH98,Zane Fischer,ACCT2592957,2025-09-09 21:30:32,noise
debit,656.44,,BRANCH21,Zane Fischer,ACCT2592957,2025-09-09 21:26:27,noise
credit,1387.8,,BRANCH28,Zane Fischer,ACCT2592957,2025-09-05 21:29:42,noise
debit,368.06,,BRANCH28,Zane Fischer,ACCT2592957,2025-09-04 17:12:07,noise
credit,641.09,,BRANCH28,Zane Fischer,ACCT2592957,2025-09-01 11:32:37,noise
credit,959.91,,BRANCH28,Zane Fischer,ACCT2592957,2025-08-30 15:21:00,noise
credit,495.05,,BRANCH28,Zane Fischer,ACCT2592957,2025-08-30 22:09:54,noise
debit,947.94,,BRANCH28,Zane Fischer,ACCT2592957,2025-08-29 15:25:55,noise
debit,968.39,,BRANCH28,Zane Fischer,ACCT2592957,2025-08-26 08:24:06,noise
debit,813.64,,BRANCH28,Zane Fischer,ACCT2592957,2025-08-19 02:08:39,noise
credit,918.43,,BRANCH28,Zane Fischer,ACCT2592957,2025-08-18 22:04:29,noise
debit,456.19,,BRANCH28,Zane Fischer,ACCT2592957,2025-08-18 14:24:09,noise
debit,1166.64,ACCT7549473,BRANCH28,Zane Fischer,ACCT2592957,2025-08-16 14:13:03,noise
credit,822.64,,BRANCH28,Zane Fischer,ACCT2592957,2025-08-10 08:10:25,noise
credit,548.46,,BRANCH99,Zane Fischer,ACCT2592957,2025-08-09 15:31:27,noise
debit,538.82,,BRANCH28,Zane Fischer,ACCT2592957,2025-08-08 19:09:12,noise
credit,1107.84,,BRANCH28,Zane Fischer,ACCT2592957,2025-08-08 22:35:22,noise
debit,384.42,,BRANCH28,Zane Fischer,ACCT2592957,2025-08-07 14:23:31,noise
debit,115281.95,ACCT9643062,BRANCH28,Zane Fischer,ACCT2592957,2025-12-30 07:20:26,noise
debit,66303.15,ACCT4179788,BRANCH20,Cara Tanaka,ACCT9643062,2025-12-30 22:30:28,noise
debit,79996.55,ACCT8205473,BRANCH75,Hugo Fischer,ACCT4179788,2025-12-25 04:03:36,noise
