debit/credit,amount,beneficiary,branch_code,account_holder,account_id,timestamp,device
debit,702.41,,BRANCH15,Jin Tanaka,ACCT4272266,2025-10-03 08:20:15,noise
credit,463.21,,BRANCH15,Jin Tanaka,ACCT4272266,2025-10-02 13:32:30,noise
credit,549.9,,BRANCH15,Jin Tanaka,ACCT4272266,2025-09-30 10:07:04,noise
debit,1369.19,ACCT8392016,BRANCH15,Jin Tanaka,ACCT4272266,2025-09-29 22:07:40,noise
debit,2376.93,ACCT9616853,BRANCH15,Jin Tanaka,ACCT4272266,2025-09-28 17:11:04,noise
debit,354.02,ACCT5652339,BRANCH68,Jin Tanaka,ACCT4272266,2025-09-26 17:23:04,noise
credit,1516.8,,BRANCH58,Jin Tanaka,ACCT4272266,2025-09-26 08:31:33,noise
credit,407.63,ACCT3791396,BRANCH15,Jin Tanaka,ACCT4272266,2025-09-23 13:14:13,noise
credit,306.7,,BRANCH15,Jin Tanaka,ACCT4272266,2025-09-19 14:20:11,noise
debit,3580.31,,BRANCH15,Jin Tanaka,ACCT4272266,2025-09-12 09:05:38,noise
debit,781.38,,BRANCH39,Jin Tanaka,ACCT4272266,2025-09-12 01:27:09,noise
credit,156.85,,BRANCH15,Jin Tanaka,ACCT4272266,2025-09-09 13:14:46,noise
debit,3807.35,,BRANCH40,Jin Tanaka,ACCT4272266,2025-09-09 11:40:39,noise
credit,1216.46,,BRANCH15,Jin Tanaka,ACCT4272266,2025-09-07 16:25:14,noise
debit,661.41,,BRANCH15,Jin Tanaka,ACCT4272266,2025-09-03 11:21:21,noise
debit,230.91,ACCT9854988,BRANCH15,Jin Tanaka,ACCT4272266,2025-09-03 17:29:22,noise
credit,912.41,ACCT5724947,BRANCH72,Jin Tanaka,ACCT4272266,2025-09-02 12:39:36,noise
debit,1351.04,,BRANCH15,Jin Tanaka,ACCT4272266,2025-09-01 16:33:58,noise
debit,881.8,ACCT2058494,BRANCH15,Jin Tanaka,ACCT4272266,2025-09-01 20:45:36,noise
credit,1275.38,,BRANCH15,Jin Tanaka,ACCT4272266,2025-08-31 00:14:26,noise
debit,1054.25,,BRANCH15,Jin Tanaka,ACCT4272266,2025-08-30 20:04:38,noise
debit,392.42,ACCT6975186,BRANCH79,Jin Tanaka,ACCT4272266,2025-08-28 13:27:33,noise
debit,1225.18,,BRANCH15,Jin Tanaka,ACCT4272266,2025-08-25 10:29:39,noise
debit,689.89,,BRANCH15,Jin Tanaka,ACCT4272266,2025-08-24 17:09:45,noise
debit,937.61,,BRANCH15,Jin Tanaka,ACCT4272266,2025-08-24 22:33:38,noise
credit,1567.92,,BRANCH15,Jin Tanaka,ACCT4272266,2025-08-23 21:21:59,noise
credit,1162.62,,BRANCH15,Jin Tanaka,ACCT4272266,2025-08-23 20:42:44,noise
credit,1307.33,,BRANCH15,Jin Tanaka,ACCT4272266,2025-08-21 16:23:45,noise
credit,377.64,,BRANCH15,Jin Tanaka,ACCT4272266,2025-08-20 08:15:43,noise
debit,506.56,,BRANCH15,Jin Tanaka,ACCT4272266,2025-08-19 19:25:39,noise
credit,90.55,,BRANCH32,Jin Tanaka,ACCT4272266,2025-08-18 10:12:14,noise
credit,774.13,,BRANCH15,Jin Tanaka,ACCT4272266,2025-08-18 20:40:09,noise
credit,206.14,ACCT1617871,BRANCH15,Jin Tanaka,ACCT4272266,2025-08-14 10:11:18,noise
debit,522.65,ACCT9077382,BRANCH15,Jin Tanaka,ACCT4272266,2025-08-11 15:27:23,noise
debit,418.57,ACCT3791396,BRANCH15,Jin Tanaka,ACCT4272266,2025-08-11 12:12:44,noise
debit,388.39,,BRANCH15,Jin Tanaka,ACCT4272266,2025-08-10 18:00:43,noise
debit,2222.69,,BRANCH15,Jin Tanaka,ACCT4272266,2025-08-09 08:45:33,noise
debit,327.58,,BRANCH37,Jin Tanaka,ACCT4272266,2025-08-09 23:09:29,noise
credit,1517.36,,BRANCH15,Jin Tanaka,ACCT4272266,2025-08-04 19:20:39,noise
credit,298.65,,BRANCH43,Raj Bakker,ACCT5973256,2025-10-03 15:11:50,noise
debit,192.86,,BRANCH87,Raj Bakker,ACCT5973256,2025-10-03 17:45:49,noise
credit,980.79,,BRANCH87,Raj Bakker,ACCT5973256,2025-10-02 10:27:40,noise
credit,1225.83,,BRANCH88,Raj Bakker,ACCT5973256,2025-10-01 09:00:48,noise
debit,1711.62,ACCT3952254,BRANCH87,Raj Bakker,ACCT5973256,2025-09-29 12:33:32,noise
debit,1292.91,ACCT3499450,BRANCH53,Raj Bakker,ACCT5973256,2025-09-29 14:34:53,noise
credit,776.73,,BRANCH77,Raj Bakker,ACCT5973256,2025-09-27 11:02:48,noise
credit,376.87,,BRANCH87,Raj Bakker,ACCT5973256,2025-09-26 14:09:06,noise
debit,170.57,,BRANCH87,Raj Bakker,ACCT5973256,2025-09-24 19:37:10,noise
debit,1359.09,,BRANCH87,Raj Bakker,ACCT5973256,2025-09-24 14:45:30,noise
debit,175.65,,BRANCH87,Raj Bakker,ACCT5973256,2025-09-23 20:00:55,noise
credit,537.38,ACCT6741191,BRANCH87,Raj Bakker,ACCT5973256,2025-09-22 11:05:33,noise
debit,1087.65,,BRANCH87,Raj Bakker,ACCT5973256,2025-09-20 17:09:20,noise
debit,743.46,ACCT6855691,BRANCH35,Raj Bakker,ACCT5973256,2025-09-19 03:21:47,noise
debit,441.84,ACCT7274440,BRANCH87,Raj Bakker,ACCT5973256,2025-09-18 10:35:44,noise
credit,386.52,,BRANCH87,Raj Bakker,ACCT5973256,2025-09-16 11:19:31,noise
credit,95.45,ACCT9498768,BRANCH63,Raj Bakker,ACCT5973256,2025-09-16 13:33:46,noise
credit,265.83,,BRANCH87,Raj Bakker,ACCT5973256,2025-09-12 21:32:35,noise
debit,242.76,,BRANCH87,Raj Bakker,ACCT5973256,2025-09-12 17:04:29,noise
credit,291.11,,BRANCH54,Raj Bakker,ACCT5973256,2025-09-10 19:07:49,noise
debit,651.45,,BRANCH87,Raj Bakker,ACCT5973256,2025-09-06 20:41:20,noise
credit,1593.49,ACCT7635791,BRANCH87,Raj Bakker,ACCT5973256,2025-09-06 20:12:04,noise
debit,603.02,,BRANCH51,Raj Bakker,ACCT5973256,2025-09-05 09:20:36,noise
credit,442.34,,BRANCH87,Raj Bakker,ACCT5973256,2025-09-03 20:31:42,noise
debit,710.74,ACCT6638415,BRANCH87,Raj Bakker,ACCT5973256,2025-09-02 10:31:43,noise
debit,774.14,,BRANCH87,Raj Bakker,ACCT5973256,2025-09-02 18:33:57,noise
credit,55.44,,BRANCH87,Raj Bakker,ACCT5973256,2025-09-01 01:45:32,noise
debit,249.38,,BRANCH95,Raj Bakker,ACCT5973256,2025-08-31 09:19:30,noise
debit,498.62,,BRANCH12,Raj Bakker,ACCT5973256,2025-08-31 11:33:06,noise
credit,957.04,ACCT5126525,BRANCH66,Raj Bakker,ACCT5973256,2025-08-30 09:08:39,noise
debit,540.44,,BRANCH63,Raj Bakker,ACCT5973256,2025-08-29 20:44:52,noise
credit,760.93,ACCT5126525,BRANCH87,Raj Bakker,ACCT5973256,2025-08-26 13:00:50,noise
debit,970.86,,BRANCH87,Raj Bakker,ACCT5973256,2025-08-26 17:10:17,noise
credit,1145.2,,BRANCH87,Raj Bakker,ACCT5973256,2025-08-25 09:21:26,noise
credit,933.47,,BRANCH87,Raj Bakker,ACCT5973256,2025-08-24 00:42:31,noise
credit,1096.18,,BRANCH99,Raj Bakker,ACCT5973256,2025-08-23 10:42:18,noise
debit,1614.14,ACCT9797138,BRANCH87,Raj Bakker,ACCT5973256,2025-08-14 11:03:54,noise
credit,1247.17,ACCT5459265,BRANCH87,Raj Bakker,ACCT5973256,2025-08-13 15:37:37,noise
credit,628.9,,BRANCH79,Raj Bakker,ACCT5973256,2025-08-12 08:11:18,noise
credit,257.35,,BRANCH87,Raj Bakker,ACCT5973256,2025-08-12 10:07:52,noise
credit,223.22,,BRANCH41,Raj Bakker,ACCT5973256,2025-08-11 18:40:24,noise
credit,1592.12,ACCT1623538,BRANCH58,Raj Bakker,ACCT5973256,2025-08-10 11:08:21,noise
credit,366.5,ACCT2529649,BRANCH87,Raj Bakker,ACCT5973256,2025-08-09 19:36:55,noise
credit,642.15,ACCT9854988,BRANCH87,Raj Bakker,ACCT5973256,2025-08-09 15:21:15,noise
credit,402.66,,BRANCH87,Raj Bakker,ACCT5973256,2025-08-06 10:02:16,noise
debit,232.83,,BRANCH87,Raj Bakker,ACCT5973256,2025-08-05 14:19:03,noise
credit,901.91,,BRANCH50,Raj Bakker,ACCT5973256,2025-08-05 17:17:05,noise
credit,1469.78,,BRANCH45,Raj Bakker,ACCT5973256,2025-08-04 18:35:12,noise
credit,620.43,ACCT2293591,BRANCH32,Hugo Okafor,ACCT1089940,2025-10-02 14:16:07,noise
credit,695.16,,BRANCH10,Hugo Okafor,ACCT1089940,2025-10-02 12:09:53,noise
debit,801.01,,BRANCH10,Hugo Okafor,ACCT1089940,2025-10-01 15:06:36,noise
credit,503.72,ACCT5126525,BRANCH10,Hugo Okafor,ACCT1089940,2025-09-29 10:43:13,noise
debit,1390.22,ACCT3723785,BRANCH96,Hugo Okafor,ACCT1089940,2025-09-29 17:30:17,noise
credit,576.19,,BRANCH10,Hugo Okafor,ACCT1089940,2025-09-25 08:27:59,noise
credit,255.7,,BRANCH10,Hugo Okafor,ACCT1089940,2025-09-23 02:25:50,noise
credit,286.91,,BRANCH10,Hugo Okafor,ACCT1089940,2025-09-23 14:25:37,noise
credit,190.35,,BRANCH10,Hugo Okafor,ACCT1089940,2025-09-22 11:03:52,noise
credit,1924.77,,BRANCH38,Hugo Okafor,ACCT1089940,2025-09-18 13:38:12,noise
debit,3000.0,ACCT9976709,BRANCH10,Hugo Okafor,ACCT1089940,2025-09-18 22:22:41,noise
credit,972.57,,BRANCH52,Hugo Okafor,ACCT1089940,2025-09-14 11:42:19,noise
credit,586.08,ACCT5724947,BRANCH26,Hugo Okafor,ACCT1089940,2025-09-14 12:14:59,noise
credit,595.97,,BRANCH10,Hugo Okafor,ACCT1089940,2025-09-13 14:41:06,noise
credit,1987.36,,BRANCH10,Hugo Okafor,ACCT1089940,2025-09-13 10:30:06,noise
credit,532.58,,BRANCH25,Hugo Okafor,ACCT1089940,2025-09-11 05:31:08,noise
credit,393.23,ACCT4046242,BRANCH88,Hugo Okafor,ACCT1089940,2025-09-09 04:09:15,noise
credit,653.76,,BRANCH10,Hugo Okafor,ACCT1089940,2025-09-09 23:33:25,noise
debit,3000.0,ACCT7658407,BRANCH10,Hugo Okafor,ACCT1089940,2025-09-07 20:18:11,noise
debit,648.94,,BRANCH55,Hugo Okafor,ACCT1089940,2025-09-06 14:02:18,noise
credit,999.22,ACCT5253305,BRANCH10,Hugo Okafor,ACCT1089940,2025-09-05 00:19:29,noise
credit,633.91,ACCT2887885,BRANCH85,Hugo Okafor,ACCT1089940,2025-09-04 19:00:20,noise
debit,475.92,,BRANCH10,Hugo Okafor,ACCT1089940,2025-09-04 18:12:49,noise
credit,2487.46,ACCT6183761,BRANCH33,Hugo Okafor,ACCT1089940,2025-09-03 13:42:21,noise
debit,279.68,,BRANCH97,Hugo Okafor,ACCT1089940,2025-09-03 14:05:27,noise
debit,899.15,,BRANCH10,Hugo Okafor,ACCT1089940,2025-08-30 15:08:28,noise
debit,2412.41,,BRANCH10,Hugo Okafor,ACCT1089940,2025-08-28 05:22:57,noise
credit,846.53,ACCT5652339,BRANCH10,Hugo Okafor,ACCT1089940,2025-08-27 01:04:15,noise
debit,156.96,ACCT6689818,BRANCH53,Hugo Okafor,ACCT1089940,2025-08-24 19:42:31,noise
credit,645.28,,BRANCH10,Hugo Okafor,ACCT1089940,2025-08-24 14:17:43,noise
debit,582.67,,BRANCH38,Hugo Okafor,ACCT1089940,2025-08-23 21:28:55,noise
credit,455.37,,BRANCH10,Hugo Okafor,ACCT1089940,2025-08-22 05:35:28,noise
credit,136.92,ACCT7368128,BRANCH10,Hugo Okafor,ACCT1089940,2025-08-22 08:40:47,noise
credit,843.47,ACCT1196096,BRANCH79,Hugo Okafor,ACCT1089940,2025-08-18 12:05:59,noise
debit,1886.93,,BRANCH10,Hugo Okafor,ACCT1089940,2025-08-18 08:42:02,noise
debit,3043.66,,BRANCH10,Hugo Okafor,ACCT1089940,2025-08-14 04:06:50,noise
credit,642.37,,BRANCH10,Hugo Okafor,ACCT1089940,2025-08-12 09:32:31,noise
credit,167.66,,BRANCH10,Hugo Okafor,ACCT1089940,2025-08-10 10:01:15,noise
debit,199.37,,BRANCH10,Hugo Okafor,ACCT1089940,2025-08-09 21:00:18,noise
debit,646.12,,BRANCH10,Hugo Okafor,ACCT1089940,2025-08-07 17:06:46,noise
debit,339.57,,BRANCH32,Raj Patida,ACCT7552005,2025-10-03 23:10:46,noise
debit,579.44,,BRANCH13,Raj Patida,ACCT7552005,2025-10-02 18:37:37,noise
debit,1008.4,,BRANCH32,Raj Patida,ACCT7552005,2025-10-01 11:11:37,noise
debit,593.3,,BRANCH32,Raj Patida,ACCT7552005,2025-10-01 16:36:05,noise
credit,1240.64,,BRANCH32,Raj Patida,ACCT7552005,2025-09-26 13:21:30,noise
debit,1143.19,ACCT6924004,BRANCH32,Raj Patida,ACCT7552005,2025-09-26 22:45:07,noise
debit,825.22,,BRANCH32,Raj Patida,ACCT7552005,2025-09-20 13:25:25,noise
credit,764.85,,BRANCH32,Raj Patida,ACCT7552005,2025-09-20 10:23:21,noise
debit,132.51,,BRANCH32,Raj Patida,ACCT7552005,2025-09-18 20:05:46,noise
credit,4460.49,ACCT4046242,BRANCH32,Raj Patida,ACCT7552005,2025-09-17 11:32:21,noise
debit,706.06,,BRANCH32,Raj Patida,ACCT7552005,2025-09-15 10:42:46,noise
credit,1215.67,,BRANCH32,Raj Patida,ACCT7552005,2025-09-13 13:35:40,noise
debit,1752.65,,BRANCH80,Raj Patida,ACCT7552005,2025-09-12 10:09:06,noise
credit,246.56,,BRANCH32,Raj Patida,ACCT7552005,2025-09-11 12:07:39,noise
credit,903.99,,BRANCH32,Raj Patida,ACCT7552005,2025-09-11 09:31:20,noise
debit,221.23,,BRANCH32,Raj Patida,ACCT7552005,2025-09-09 19:41:18,noise
debit,335.85,,BRANCH32,Raj Patida,ACCT7552005,2025-09-08 21:44:51,noise
debit,70.0,,BRANCH32,Raj Patida,ACCT7552005,2025-09-07 13:27:43,noise
credit,489.71,,BRANCH88,Raj Patida,ACCT7552005,2025-09-07 21:01:57,noise
credit,278.32,ACCT1931022,BRANCH74,Raj Patida,ACCT7552005,2025-09-06 16:32:18,noise
debit,146.77,ACCT4844844,BRANCH32,Raj Patida,ACCT7552005,2025-09-05 14:26:44,noise
debit,544.48,ACCT8038690,BRANCH58,Raj Patida,ACCT7552005,2025-09-05 15:01:22,noise
debit,528.6,,BRANCH32,Raj Patida,ACCT7552005,2025-09-04 10:22:13,noise
credit,166.02,ACCT1681992,BRANCH32,Raj Patida,ACCT7552005,2025-09-04 15:40:31,noise
credit,583.27,ACCT6638415,BRANCH32,Raj Patida,ACCT7552005,2025-09-03 15:44:37,noise
debit,118.1,ACCT8767615,BRANCH32,Raj Patida,ACCT7552005,2025-09-03 17:45:56,noise
credit,653.08,,BRANCH32,Raj Patida,ACCT7552005,2025-09-02 11:02:28,noise
credit,332.48,ACCT9168348,BRANCH32,Raj Patida,ACCT7552005,2025-09-01 20:38:27,noise
debit,4304.88,,BRANCH32,Raj Patida,ACCT7552005,2025-08-31 19:01:10,noise
debit,1396.08,,BRANCH17,Raj Patida,ACCT7552005,2025-08-31 15:17:05,noise
credit,3056.25,,BRANCH32,Raj Patida,ACCT7552005,2025-08-27 12:21:18,noise
debit,1119.14,,BRANCH99,Raj Patida,ACCT7552005,2025-08-26 12:04:41,noise
credit,421.32,,BRANCH32,Raj Patida,ACCT7552005,2025-08-25 12:41:59,noise
credit,2148.7,,BRANCH32,Raj Patida,ACCT7552005,2025-08-24 11:13:33,noise
credit,274.5,,BRANCH32,Raj Patida,ACCT7552005,2025-08-22 08:13:24,noise
credit,551.52,ACCT7002238,BRANCH32,Raj Patida,ACCT7552005,2025-08-22 21:18:50,noise
credit,405.04,,BRANCH32,Raj Patida,ACCT7552005,2025-08-20 10:01:42,noise
credit,1642.98,ACCT6604921,BRANCH32,Raj Patida,ACCT7552005,2025-08-19 20:28:32,noise
debit,1542.34,,BRANCH32,Raj Patida,ACCT7552005,2025-08-19 08:20:01,noise
credit,262.26,,BRANCH32,Raj Patida,ACCT7552005,2025-08-18 04:36:21,noise
credit,1153.88,,BRANCH32,Raj Patida,ACCT7552005,2025-08-14 00:20:28,noise
debit,298.75,,BRANCH32,Raj Patida,ACCT7552005,2025-08-11 15:03:40,noise
credit,947.95,ACCT6855691,BRANCH32,Raj Patida,ACCT7552005,2025-08-10 11:16:32,noise
debit,424.41,ACCT3507254,BRANCH32,Raj Patida,ACCT7552005,2025-08-09 09:38:04,noise
credit,892.44,,BRANCH26,Raj Patida,ACCT7552005,2025-08-09 14:03:41,noise
credit,1399.98,,BRANCH32,Raj Patida,ACCT7552005,2025-08-08 23:08:10,noise
credit,299.7,,BRANCH76,Raj Patida,ACCT7552005,2025-08-07 14:35:00,noise
credit,3813.18,ACCT5126525,BRANCH32,Raj Patida,ACCT7552005,2025-08-07 02:31:46,noise
debit,806.64,,BRANCH32,Raj Patida,ACCT7552005,2025-08-05 05:28:33,noise
debit,1036.15,,BRANCH84,Grace Tanaka,ACCT9854988,2025-10-02 14:24:51,noise
debit,569.17,,BRANCH14,Grace Tanaka,ACCT9854988,2025-09-29 12:02:06,noise
credit,165.6,,BRANCH14,Grace Tanaka,ACCT9854988,2025-09-28 20:35:29,noise
debit,654.71,,BRANCH59,Grace Tanaka,ACCT9854988,2025-09-28 13:14:37,noise
credit,308.55,,BRANCH14,Grace Tanaka,ACCT9854988,2025-09-25 19:19:21,noise
credit,306.22,,BRANCH90,Grace Tanaka,ACCT9854988,2025-09-25 09:02:22,noise
debit,1465.51,ACCT3547928,BRANCH14,Grace Tanaka,ACCT9854988,2025-09-23 12:19:15,noise
credit,950.95,,BRANCH14,Grace Tanaka,ACCT9854988,2025-09-22 16:13:59,noise
debit,1317.14,,BRANCH14,Grace Tanaka,ACCT9854988,2025-09-22 18:25:40,noise
debit,183.11,,BRANCH51,Grace Tanaka,ACCT9854988,2025-09-21 10:11:32,noise
debit,680.29,,BRANCH14,Grace Tanaka,ACCT9854988,2025-09-18 17:33:08,noise
debit,5067.69,,BRANCH14,Grace Tanaka,ACCT9854988,2025-09-05 00:25:45,noise
credit,732.23,,BRANCH14,Grace Tanaka,ACCT9854988,2025-09-05 20:15:48,noise
debit,1407.69,ACCT1623538,BRANCH14,Grace Tanaka,ACCT9854988,2025-09-04 22:13:26,noise
debit,2961.89,,BRANCH14,Grace Tanaka,ACCT9854988,2025-09-01 20:24:11,noise
credit,381.63,,BRANCH14,Grace Tanaka,ACCT9854988,2025-09-01 22:00:07,noise
credit,497.6,,BRANCH14,Grace Tanaka,ACCT9854988,2025-08-31 01:26:10,noise
debit,369.81,,BRANCH14,Grace Tanaka,ACCT9854988,2025-08-31 11:34:51,noise
credit,251.95,,BRANCH14,Grace Tanaka,ACCT9854988,2025-08-29 09:18:53,noise
debit,729.07,,BRANCH14,Grace Tanaka,ACCT9854988,2025-08-26 12:44:13,noise
credit,113.36,,BRANCH14,Grace Tanaka,ACCT9854988,2025-08-22 19:21:17,noise
debit,1430.22,ACCT2831752,BRANCH14,Grace Tanaka,ACCT9854988,2025-08-16 13:40:18,noise
debit,200.99,,BRANCH14,Grace Tanaka,ACCT9854988,2025-08-16 14:10:23,noise
debit,795.84,,BRANCH14,Grace Tanaka,ACCT9854988,2025-08-11 21:06:28,noise
debit,563.6,,BRANCH83,Grace Tanaka,ACCT9854988,2025-08-09 19:27:14,noise
debit,1048.34,,BRANCH14,Grace Tanaka,ACCT9854988,2025-08-09 16:20:18,noise
credit,412.01,,BRANCH14,Grace Tanaka,ACCT9854988,2025-08-08 20:04:29,noise
debit,514.12,,BRANCH14,Grace Tanaka,ACCT9854988,2025-08-07 20:33:55,noise
debit,682.38,ACCT3507254,BRANCH14,Grace Tanaka,ACCT9854988,2025-08-06 20:07:56,noise
credit,347.4,ACCT6975186,BRANCH20,Grace Tanaka,ACCT9854988,2025-08-05 09:35:42,noise
credit,2680.86,,BRANCH52,Priya Duarte,ACCT9523079,2025-10-02 11:42:55,noise
debit,911.82,,BRANCH41,Priya Duarte,ACCT9523079,2025-09-29 16:40:47,noise
debit,81.53,,BRANCH41,Priya Duarte,ACCT9523079,2025-09-25 18:44:18,noise
credit,483.19,ACCT9077382,BRANCH41,Priya Duarte,ACCT9523079,2025-09-22 13:18:42,noise
credit,1749.55,,BRANCH41,Priya Duarte,ACCT9523079,2025-09-21 18:13:36,noise
debit,1620.89,,BRANCH66,Priya Duarte,ACCT9523079,2025-09-21 19:32:16,noise
credit,653.37,ACCT1196096,BRANCH41,Priya Duarte,ACCT9523079,2025-09-19 20:22:16,noise
debit,253.03,,BRANCH41,Priya Duarte,ACCT9523079,2025-09-17 12:15:13,noise
debit,754.05,,BRANCH41,Priya Duarte,ACCT9523079,2025-09-15 13:30:30,noise
credit,243.19,,BRANCH41,Priya Duarte,ACCT9523079,2025-09-15 10:36:53,noise
debit,375.86,,BRANCH32,Priya Duarte,ACCT9523079,2025-09-14 16:44:34,noise
credit,532.42,,BRANCH10,Priya Duarte,ACCT9523079,2025-09-13 13:24:22,noise
debit,1012.26,ACCT5253305,BRANCH58,Priya Duarte,ACCT9523079,2025-09-10 19:17:07,noise
credit,1513.12,,BRANCH41,Priya Duarte,ACCT9523079,2025-09-10 16:19:36,noise
credit,978.74,,BRANCH97,Priya Duarte,ACCT9523079,2025-09-09 09:21:03,noise
credit,545.92,ACCT8738120,BRANCH41,Priya Duarte,ACCT9523079,2025-09-08 13:21:26,noise
credit,330.16,,BRANCH38,Priya Duarte,ACCT9523079,2025-09-06 17:26:41,noise
debit,378.62,ACCT6924004,BRANCH41,Priya Duarte,ACCT9523079,2025-09-04 19:38:53,noise
credit,2916.17,ACCT8392016,BRANCH41,Priya Duarte,ACCT9523079,2025-09-03 16:43:33,noise
debit,85.62,,BRANCH41,Priya Duarte,ACCT9523079,2025-09-01 16:22:55,noise
credit,1250.91,,BRANCH34,Priya Duarte,ACCT9523079,2025-08-31 17:23:35,noise
debit,609.61,,BRANCH49,Priya Duarte,ACCT9523079,2025-08-30 08:31:54,noise
credit,763.76,ACCT3976612,BRANCH96,Priya Duarte,ACCT9523079,2025-08-30 14:35:29,noise
debit,178.54,ACCT9254547,BRANCH41,Priya Duarte,ACCT9523079,2025-08-28 18:27:37,noise
credit,184.0,ACCT9797138,BRANCH19,Priya Duarte,ACCT9523079,2025-08-27 20:27:17,noise
credit,747.7,,BRANCH41,Priya Duarte,ACCT9523079,2025-08-27 18:43:57,noise
credit,3646.43,,BRANCH41,Priya Duarte,ACCT9523079,2025-08-26 01:10:26,noise
debit,807.64,,BRANCH41,Priya Duarte,ACCT9523079,2025-08-25 09:05:27,noise
debit,1074.98,,BRANCH69,Priya Duarte,ACCT9523079,2025-08-25 18:35:05,noise
debit,904.99,,BRANCH41,Priya Duarte,ACCT9523079,2025-08-23 16:00:35,noise
credit,379.79,,BRANCH41,Priya Duarte,ACCT9523079,2025-08-23 13:40:22,noise
credit,254.28,,BRANCH85,Priya Duarte,ACCT9523079,2025-08-20 12:09:51,noise
debit,34.53,,BRANCH14,Priya Duarte,ACCT9523079,2025-08-20 18:23:38,noise
credit,428.44,,BRANCH66,Priya Duarte,ACCT9523079,2025-08-19 08:25:25,noise
debit,1348.99,ACCT4844844,BRANCH41,Priya Duarte,ACCT9523079,2025-08-18 11:15:15,noise
credit,735.21,ACCT2466722,BRANCH41,Priya Duarte,ACCT9523079,2025-08-18 09:41:02,noise
debit,456.4,,BRANCH41,Priya Duarte,ACCT9523079,2025-08-13 08:11:15,noise
credit,455.24,ACCT5126525,BRANCH41,Priya Duarte,ACCT9523079,2025-08-12 19:19:41,noise
credit,542.09,,BRANCH41,Priya Duarte,ACCT9523079,2025-08-10 08:12:10,noise
credit,346.49,,BRANCH41,Priya Duarte,ACCT9523079,2025-08-10 11:32:44,noise
credit,406.52,ACCT7274440,BRANCH58,Priya Duarte,ACCT9523079,2025-08-05 18:21:31,noise
credit,828.61,,BRANCH41,Priya Duarte,ACCT9523079,2025-08-04 18:12:01,noise
credit,362.44,,BRANCH53,Kai Diaz,ACCT9474562,2025-10-03 03:28:25,noise
credit,899.27,ACCT2831752,BRANCH94,Kai Diaz,ACCT9474562,2025-10-01 13:00:46,noise
debit,2203.49,ACCT7668795,BRANCH84,Kai Diaz,ACCT9474562,2025-09-30 14:30:06,noise
debit,658.45,,BRANCH41,Kai Diaz,ACCT9474562,2025-09-30 19:18:47,noise
credit,171.12,,BRANCH41,Kai Diaz,ACCT9474562,2025-09-29 11:32:08,noise
debit,1149.38,,BRANCH41,Kai Diaz,ACCT9474562,2025-09-28 19:33:41,noise
credit,769.31,,BRANCH84,Kai Diaz,ACCT9474562,2025-09-28 18:27:05,noise
credit,583.75,,BRANCH41,Kai Diaz,ACCT9474562,2025-09-27 00:22:47,noise
debit,173.11,ACCT7203292,BRANCH50,Kai Diaz,ACCT9474562,2025-09-24 08:27:36,noise
credit,703.98,,BRANCH40,Kai Diaz,ACCT9474562,2025-09-23 20:16:37,noise
credit,607.41,,BRANCH41,Kai Diaz,ACCT9474562,2025-09-19 12:19:14,noise
debit,754.34,,BRANCH69,Kai Diaz,ACCT9474562,2025-09-19 23:42:23,noise
credit,521.22,ACCT1617871,BRANCH41,Kai Diaz,ACCT9474562,2025-09-17 13:36:45,noise
credit,875.61,,BRANCH59,Kai Diaz,ACCT9474562,2025-09-16 09:25:44,noise
debit,585.18,,BRANCH20,Kai Diaz,ACCT9474562,2025-09-16 21:28:29,noise
credit,659.57,,BRANCH41,Kai Diaz,ACCT9474562,2025-09-11 12:08:38,noise
debit,315.12,ACCT7584817,BRANCH41,Kai Diaz,ACCT9474562,2025-09-08 16:18:22,noise
credit,294.15,ACCT6965602,BRANCH41,Kai Diaz,ACCT9474562,2025-09-08 10:28:25,noise
credit,456.1,,BRANCH41,Kai Diaz,ACCT9474562,2025-09-07 10:07:04,noise
credit,1538.51,,BRANCH41,Kai Diaz,ACCT9474562,2025-09-06 18:18:12,noise
debit,271.96,,BRANCH41,Kai Diaz,ACCT9474562,2025-09-05 16:14:24,noise
debit,370.22,,BRANCH80,Kai Diaz,ACCT9474562,2025-08-31 16:00:08,noise
credit,483.78,ACCT1573360,BRANCH41,Kai Diaz,ACCT9474562,2025-08-30 19:39:35,noise
credit,343.34,,BRANCH41,Kai Diaz,ACCT9474562,2025-08-29 14:08:20,noise
debit,957.11,,BRANCH41,Kai Diaz,ACCT9474562,2025-08-28 10:30:08,noise
debit,572.55,ACCT7584817,BRANCH41,Kai Diaz,ACCT9474562,2025-08-28 19:04:31,noise
credit,213.24,,BRANCH41,Kai Diaz,ACCT9474562,2025-08-27 16:00:40,noise
credit,2484.2,,BRANCH41,Kai Diaz,ACCT9474562,2025-08-27 13:22:11,noise
credit,717.1,,BRANCH41,Kai Diaz,ACCT9474562,2025-08-25 17:08:25,noise
credit,853.64,ACCT4886186,BRANCH41,Kai Diaz,ACCT9474562,2025-08-25 08:32:55,noise
credit,1266.09,ACCT2887885,BRANCH41,Kai Diaz,ACCT9474562,2025-08-22 21:38:21,noise
debit,495.6,,BRANCH41,Kai Diaz,ACCT9474562,2025-08-19 20:39:08,noise
credit,1027.53,,BRANCH41,Kai Diaz,ACCT9474562,2025-08-16 09:28:59,noise
credit,495.08,ACCT8901604,BRANCH41,Kai Diaz,ACCT9474562,2025-08-16 22:08:12,noise
credit,551.14,,BRANCH41,Kai Diaz,ACCT9474562,2025-08-12 13:40:09,noise
debit,2336.52,,BRANCH15,Kai Diaz,ACCT9474562,2025-08-12 09:27:19,noise
credit,1098.64,ACCT2082306,BRANCH41,Kai Diaz,ACCT9474562,2025-08-10 18:01:00,noise
credit,264.69,,BRANCH49,Mara Iqbal,ACCT1573360,2025-10-03 17:12:20,noise
credit,1146.37,ACCT5724947,BRANCH90,Mara Iqbal,ACCT1573360,2025-10-03 09:03:55,noise
credit,901.57,,BRANCH12,Mara Iqbal,ACCT1573360,2025-09-30 05:34:32,noise
credit,294.19,,BRANCH49,Mara Iqbal,ACCT1573360,2025-09-26 11:41:34,noise
credit,443.76,,BRANCH49,Mara Iqbal,ACCT1573360,2025-09-25 15:11:54,noise
debit,261.13,,BRANCH49,Mara Iqbal,ACCT1573360,2025-09-20 17:00:58,noise
debit,1317.75,,BRANCH14,Mara Iqbal,ACCT1573360,2025-09-19 15:31:53,noise
debit,721.55,,BRANCH48,Mara Iqbal,ACCT1573360,2025-09-18 14:06:41,noise
debit,132.36,,BRANCH49,Mara Iqbal,ACCT1573360,2025-09-17 08:17:20,noise
debit,209.68,,BRANCH49,Mara Iqbal,ACCT1573360,2025-09-17 18:02:09,noise
credit,2640.59,,BRANCH49,Mara Iqbal,ACCT1573360,2025-09-16 09:22:43,noise
credit,1173.9,ACCT3854268,BRANCH92,Mara Iqbal,ACCT1573360,2025-09-16 10:02:26,noise
debit,701.61,,BRANCH49,Mara Iqbal,ACCT1573360,2025-09-07 10:30:01,noise
debit,661.8,,BRANCH49,Mara Iqbal,ACCT1573360,2025-09-02 21:06:08,noise
debit,842.18,,BRANCH49,Mara Iqbal,ACCT1573360,2025-09-01 14:01:01,noise
credit,571.72,ACCT9927731,BRANCH49,Mara Iqbal,ACCT1573360,2025-08-29 14:23:09,noise
debit,624.93,ACCT9168348,BRANCH49,Mara Iqbal,ACCT1573360,2025-08-29 17:36:13,noise
credit,1278.0,,BRANCH41,Mara Iqbal,ACCT1573360,2025-08-25 17:44:49,noise
debit,343.17,ACCT6033220,BRANCH49,Mara Iqbal,ACCT1573360,2025-08-25 23:26:02,noise
debit,1502.11,,BRANCH49,Mara Iqbal,ACCT1573360,2025-08-24 11:37:52,noise
debit,1063.75,,BRANCH49,Mara Iqbal,ACCT1573360,2025-08-23 09:00:32,noise
credit,342.9,,BRANCH49,Mara Iqbal,ACCT1573360,2025-08-20 01:11:27,noise
credit,873.82,,BRANCH49,Mara Iqbal,ACCT1573360,2025-08-19 16:01:33,noise
debit,548.72,,BRANCH49,Mara Iqbal,ACCT1573360,2025-08-19 13:35:18,noise
debit,1374.61,ACCT2887885,BRANCH49,Mara Iqbal,ACCT1573360,2025-08-17 18:01:22,noise
credit,485.08,ACCT6893216,BRANCH95,Mara Iqbal,ACCT1573360,2025-08-17 08:44:27,noise
credit,87.47,,BRANCH49,Mara Iqbal,ACCT1573360,2025-08-10 15:06:44,noise
credit,870.97,,BRANCH49,Mara Iqbal,ACCT1573360,2025-08-09 17:36:12,noise
credit,4976.1,,BRANCH86,Mara Iqbal,ACCT1573360,2025-08-09 18:35:41,noise
debit,373.57,,BRANCH81,Mara Iqbal,ACCT1573360,2025-08-07 16:43:34,noise
debit,557.88,,BRANCH20,Mara Carlos,ACCT7584817,2025-09-28 20:38:27,noise
debit,441.22,,BRANCH20,Mara Carlos,ACCT7584817,2025-09-27 17:42:20,noise
credit,487.21,ACCT6893216,BRANCH20,Mara Carlos,ACCT7584817,2025-09-27 12:20:13,noise
debit,808.11,ACCT1279610,BRANCH53,Mara Carlos,ACCT7584817,2025-09-19 19:14:57,noise
credit,923.77,,BRANCH80,Mara Carlos,ACCT7584817,2025-09-18 19:10:42,noise
credit,1369.46,,BRANCH20,Mara Carlos,ACCT7584817,2025-09-16 02:38:04,noise
debit,626.54,,BRANCH39,Mara Carlos,ACCT7584817,2025-09-15 15:45:52,noise
debit,354.34,ACCT6893216,BRANCH20,Mara Carlos,ACCT7584817,2025-09-15 08:09:47,noise
credit,544.73,ACCT7368128,BRANCH20,Mara Carlos,ACCT7584817,2025-09-14 12:23:20,noise
credit,161.13,,BRANCH20,Mara Carlos,ACCT7584817,2025-09-11 12:32:44,noise
debit,572.16,,BRANCH20,Mara Carlos,ACCT7584817,2025-09-11 19:24:41,noise
debit,501.55,ACCT6691811,BRANCH20,Mara Carlos,ACCT7584817,2025-09-10 19:12:20,noise
credit,2134.95,,BRANCH20,Mara Carlos,ACCT7584817,2025-09-10 14:01:08,noise
credit,848.51,,BRANCH26,Mara Carlos,ACCT7584817,2025-09-09 11:38:30,noise
credit,526.14,ACCT9797138,BRANCH13,Mara Carlos,ACCT7584817,2025-09-08 13:08:04,noise
credit,758.66,ACCT5652339,BRANCH39,Mara Carlos,ACCT7584817,2025-09-07 18:25:26,noise
credit,1024.14,,BRANCH20,Mara Carlos,ACCT7584817,2025-09-07 13:39:36,noise
debit,364.65,,BRANCH57,Mara Carlos,ACCT7584817,2025-09-02 20:29:05,noise
debit,394.81,,BRANCH20,Mara Carlos,ACCT7584817,2025-09-01 14:30:40,noise
credit,434.84,,BRANCH75,Mara Carlos,ACCT7584817,2025-08-31 11:26:13,noise
debit,1274.75,,BRANCH93,Mara Carlos,ACCT7584817,2025-08-29 18:34:39,noise
credit,415.09,,BRANCH20,Mara Carlos,ACCT7584817,2025-08-27 18:26:08,noise
credit,207.07,,BRANCH20,Mara Carlos,ACCT7584817,2025-08-24 08:31:17,noise
credit,720.43,ACCT1843495,BRANCH60,Mara Carlos,ACCT7584817,2025-08-24 01:02:51,noise
debit,2346.62,ACCT2724754,BRANCH20,Mara Carlos,ACCT7584817,2025-08-23 08:07:58,noise
credit,4884.18,ACCT9254547,BRANCH20,Mara Carlos,ACCT7584817,2025-08-23 11:07:36,noise
credit,720.08,,BRANCH20,Mara Carlos,ACCT7584817,2025-08-22 13:08:53,noise
debit,147.45,ACCT6893216,BRANCH79,Mara Carlos,ACCT7584817,2025-08-21 01:05:01,noise
debit,1806.1,,BRANCH20,Mara Carlos,ACCT7584817,2025-08-21 16:28:03,noise
debit,607.92,,BRANCH20,Mara Carlos,ACCT7584817,2025-08-19 17:29:14,noise
debit,2117.46,ACCT6965602,BRANCH20,Mara Carlos,ACCT7584817,2025-08-14 14:02:17,noise
debit,851.72,,BRANCH46,Mara Carlos,ACCT7584817,2025-08-14 16:35:00,noise
debit,382.77,,BRANCH20,Mara Carlos,ACCT7584817,2025-08-11 16:33:19,noise
credit,995.03,,BRANCH39,Mara Carlos,ACCT7584817,2025-08-10 15:22:49,noise
debit,2589.1,,BRANCH98,Mara Carlos,ACCT7584817,2025-08-10 13:42:48,noise
debit,533.82,,BRANCH20,Mara Carlos,ACCT7584817,2025-08-05 08:20:07,noise
debit,1211.62,,BRANCH89,Priya Zhou,ACCT2831752,2025-09-30 21:24:54,noise
credit,311.13,,BRANCH89,Priya Zhou,ACCT2831752,2025-09-30 11:33:06,noise
credit,445.04,ACCT5973256,BRANCH89,Priya Zhou,ACCT2831752,2025-09-29 11:15:02,noise
credit,359.91,,BRANCH89,Priya Zhou,ACCT2831752,2025-09-29 19:34:39,noise
credit,758.77,ACCT7849357,BRANCH89,Priya Zhou,ACCT2831752,2025-09-26 08:10:51,noise
debit,790.23,,BRANCH89,Priya Zhou,ACCT2831752,2025-09-26 13:24:37,noise
credit,1125.34,,BRANCH89,Priya Zhou,ACCT2831752,2025-09-22 10:41:00,noise
debit,1092.29,ACCT4272266,BRANCH89,Priya Zhou,ACCT2831752,2025-09-20 18:28:05,noise
debit,777.42,,BRANCH89,Priya Zhou,ACCT2831752,2025-09-19 10:03:47,noise
debit,733.35,ACCT6638415,BRANCH89,Priya Zhou,ACCT2831752,2025-09-17 17:20:43,noise
debit,102.69,,BRANCH61,Priya Zhou,ACCT2831752,2025-09-16 18:30:35,noise
debit,629.15,,BRANCH89,Priya Zhou,ACCT2831752,2025-09-14 14:14:02,noise
debit,143.76,,BRANCH89,Priya Zhou,ACCT2831752,2025-09-13 21:09:57,noise
credit,2666.5,ACCT7193362,BRANCH39,Priya Zhou,ACCT2831752,2025-09-09 14:22:24,noise
credit,180.13,,BRANCH89,Priya Zhou,ACCT2831752,2025-09-06 20:24:47,noise
credit,1855.14,,BRANCH89,Priya Zhou,ACCT2831752,2025-09-05 16:41:56,noise
debit,301.8,,BRANCH96,Priya Zhou,ACCT2831752,2025-09-01 20:14:19,noise
credit,1410.44,,BRANCH89,Priya Zhou,ACCT2831752,2025-09-01 03:30:11,noise
credit,3649.87,,BRANCH89,Priya Zhou,ACCT2831752,2025-08-29 17:02:32,noise
credit,374.95,,BRANCH89,Priya Zhou,ACCT2831752,2025-08-28 19:30:08,noise
credit,826.17,,BRANCH89,Priya Zhou,ACCT2831752,2025-08-27 21:21:20,noise
credit,559.99,,BRANCH89,Priya Zhou,ACCT2831752,2025-08-26 15:38:57,noise
debit,781.37,,BRANCH89,Priya Zhou,ACCT2831752,2025-08-25 20:12:05,noise
debit,86.94,,BRANCH80,Priya Zhou,ACCT2831752,2025-08-24 13:30:00,noise
credit,1956.05,,BRANCH89,Priya Zhou,ACCT2831752,2025-08-24 21:12:34,noise
credit,1116.86,,BRANCH89,Priya Zhou,ACCT2831752,2025-08-21 11:11:40,noise
credit,2242.16,,BRANCH89,Priya Zhou,ACCT2831752,2025-08-19 11:35:00,noise
credit,7744.4,,BRANCH89,Priya Zhou,ACCT2831752,2025-08-19 20:37:41,noise
debit,282.92,,BRANCH89,Priya Zhou,ACCT2831752,2025-08-18 05:37:02,noise
debit,1429.55,,BRANCH89,Priya Zhou,ACCT2831752,2025-08-16 12:41:31,noise
debit,1489.62,,BRANCH89,Priya Zhou,ACCT2831752,2025-08-16 15:22:07,noise
credit,1104.41,,BRANCH89,Priya Zhou,ACCT2831752,2025-08-12 16:12:27,noise
credit,383.93,,BRANCH89,Priya Zhou,ACCT2831752,2025-08-11 18:01:52,noise
credit,594.67,ACCT2887885,BRANCH89,Priya Zhou,ACCT2831752,2025-08-11 15:24:17,noise
credit,278.52,,BRANCH89,Priya Zhou,ACCT2831752,2025-08-09 23:12:25,noise
credit,862.91,ACCT5088821,BRANCH89,Priya Zhou,ACCT2831752,2025-08-08 15:16:00,noise
credit,473.83,,BRANCH38,Priya Zhou,ACCT2831752,2025-08-04 21:11:56,noise
credit,133.59,,BRANCH26,Tomas Duarte,ACCT4263191,2025-10-01 10:03:27,noise
credit,109.02,ACCT7908556,BRANCH26,Tomas Duarte,ACCT4263191,2025-09-30 09:13:15,noise
credit,804.98,,BRANCH26,Tomas Duarte,ACCT4263191,2025-09-29 09:20:06,noise
credit,379.14,,BRANCH26,Tomas Duarte,ACCT4263191,2025-09-28 20:42:19,noise
debit,1263.61,,BRANCH26,Tomas Duarte,ACCT4263191,2025-09-27 19:02:09,noise
debit,4978.0,,BRANCH26,Tomas Duarte,ACCT4263191,2025-09-26 15:15:24,noise
debit,518.09,ACCT9927731,BRANCH26,Tomas Duarte,ACCT4263191,2025-09-26 10:08:18,noise
debit,438.76,,BRANCH12,Tomas Duarte,ACCT4263191,2025-09-25 16:03:36,noise
credit,2021.39,ACCT7238407,BRANCH26,Tomas Duarte,ACCT4263191,2025-09-23 10:35:51,noise
debit,333.66,,BRANCH81,Tomas Duarte,ACCT4263191,2025-09-23 02:33:01,noise
debit,2087.92,ACCT2054858,BRANCH26,Tomas Duarte,ACCT4263191,2025-09-21 09:00:30,noise
credit,657.15,,BRANCH26,Tomas Duarte,ACCT4263191,2025-09-21 19:22:09,noise
debit,2327.03,,BRANCH26,Tomas Duarte,ACCT4263191,2025-09-20 04:44:18,noise
credit,492.43,ACCT5772988,BRANCH26,Tomas Duarte,ACCT4263191,2025-09-20 20:24:03,noise
debit,2144.11,ACCT5652339,BRANCH26,Tomas Duarte,ACCT4263191,2025-09-18 08:27:02,noise
credit,1620.48,,BRANCH26,Tomas Duarte,ACCT4263191,2025-09-15 14:14:12,noise
credit,501.96,ACCT7849357,BRANCH26,Tomas Duarte,ACCT4263191,2025-09-13 19:31:02,noise
debit,1311.85,,BRANCH26,Tomas Duarte,ACCT4263191,2025-09-11 09:32:26,noise
debit,1632.65,,BRANCH26,Tomas Duarte,ACCT4263191,2025-09-11 08:37:56,noise
debit,979.09,,BRANCH26,Tomas Duarte,ACCT4263191,2025-09-09 20:23:14,noise
debit,1182.88,,BRANCH14,Tomas Duarte,ACCT4263191,2025-09-01 09:27:21,noise
credit,167.91,ACCT6223031,BRANCH71,Tomas Duarte,ACCT4263191,2025-09-01 10:31:33,noise
credit,224.18,ACCT1757571,BRANCH26,Tomas Duarte,ACCT4263191,2025-08-31 13:03:19,noise
debit,310.41,,BRANCH47,Tomas Duarte,ACCT4263191,2025-08-30 11:17:20,noise
credit,265.32,,BRANCH56,Tomas Duarte,ACCT4263191,2025-08-27 16:25:47,noise
debit,930.82,,BRANCH26,Tomas Duarte,ACCT4263191,2025-08-26 21:32:14,noise
debit,3000.0,ACCT5973256,BRANCH26,Tomas Duarte,ACCT4263191,2025-08-25 00:24:44,noise
credit,927.6,,BRANCH26,Tomas Duarte,ACCT4263191,2025-08-18 20:30:31,noise
debit,291.33,,BRANCH26,Tomas Duarte,ACCT4263191,2025-08-16 09:20:05,noise
debit,1910.09,,BRANCH26,Tomas Duarte,ACCT4263191,2025-08-16 16:24:30,noise
credit,715.63,,BRANCH26,Tomas Duarte,ACCT4263191,2025-08-15 17:01:17,noise
debit,403.15,,BRANCH26,Tomas Duarte,ACCT4263191,2025-08-14 02:35:31,noise
credit,467.68,ACCT1196096,BRANCH77,Tomas Duarte,ACCT4263191,2025-08-13 15:06:08,noise
credit,421.63,,BRANCH26,Tomas Duarte,ACCT4263191,2025-08-10 19:12:27,noise
credit,344.93,,BRANCH26,Tomas Duarte,ACCT4263191,2025-08-07 20:31:59,noise
credit,840.09,ACCT7368128,BRANCH26,Tomas Duarte,ACCT4263191,2025-08-06 09:18:02,noise
debit,1602.29,ACCT9168348,BRANCH26,Tomas Duarte,ACCT4263191,2025-08-06 12:21:13,noise
debit,4153.14,,BRANCH26,Tomas Duarte,ACCT4263191,2025-08-04 14:12:22,noise
debit,259.21,,BRANCH73,Raj Duarte,ACCT3547928,2025-10-03 20:06:18,noise
credit,2254.36,,BRANCH45,Raj Duarte,ACCT3547928,2025-10-03 21:26:00,noise
credit,209.82,,BRANCH14,Raj Duarte,ACCT3547928,2025-10-02 15:27:48,noise
credit,682.97,ACCT3609743,BRANCH73,Raj Duarte,ACCT3547928,2025-09-25 18:02:52,noise
credit,151.46,,BRANCH73,Raj Duarte,ACCT3547928,2025-09-24 20:32:38,noise
credit,117.84,,BRANCH73,Raj Duarte,ACCT3547928,2025-09-24 02:11:29,noise
debit,584.79,,BRANCH77,Raj Duarte,ACCT3547928,2025-09-22 15:34:57,noise
credit,497.11,,BRANCH73,Raj Duarte,ACCT3547928,2025-09-22 16:31:32,noise
credit,161.01,,BRANCH73,Raj Duarte,ACCT3547928,2025-09-21 08:24:58,noise
debit,355.08,,BRANCH73,Raj Duarte,ACCT3547928,2025-09-21 16:10:48,noise
debit,672.09,,BRANCH73,Raj Duarte,ACCT3547928,2025-09-19 11:00:54,noise
debit,192.4,,BRANCH28,Raj Duarte,ACCT3547928,2025-09-17 09:07:55,noise
debit,141.88,,BRANCH51,Raj Duarte,ACCT3547928,2025-09-17 12:41:26,noise
credit,3071.08,,BRANCH73,Raj Duarte,ACCT3547928,2025-09-15 15:04:52,noise
credit,248.71,ACCT6689818,BRANCH73,Raj Duarte,ACCT3547928,2025-09-15 16:09:11,noise
debit,1524.34,,BRANCH50,Raj Duarte,ACCT3547928,2025-09-13 14:19:50,noise
debit,214.66,,BRANCH19,Raj Duarte,ACCT3547928,2025-09-11 01:04:56,noise
debit,2172.12,ACCT6691811,BRANCH73,Raj Duarte,ACCT3547928,2025-09-11 09:39:46,noise
debit,826.43,,BRANCH73,Raj Duarte,ACCT3547928,2025-09-10 14:35:24,noise
credit,179.4,ACCT2054858,BRANCH73,Raj Duarte,ACCT3547928,2025-09-09 18:44:25,noise
credit,785.32,ACCT3791396,BRANCH57,Raj Duarte,ACCT3547928,2025-09-08 13:21:13,noise
credit,140.91,,BRANCH27,Raj Duarte,ACCT3547928,2025-09-04 13:42:04,noise
debit,976.44,,BRANCH72,Raj Duarte,ACCT3547928,2025-09-03 19:38:16,noise
credit,1101.49,,BRANCH50,Raj Duarte,ACCT3547928,2025-09-03 20:20:01,noise
credit,1315.64,,BRANCH73,Raj Duarte,ACCT3547928,2025-08-27 08:43:30,noise
debit,859.04,,BRANCH73,Raj Duarte,ACCT3547928,2025-08-26 17:11:39,noise
debit,1329.31,ACCT6965602,BRANCH40,Raj Duarte,ACCT3547928,2025-08-23 14:01:22,noise
credit,1260.52,,BRANCH73,Raj Duarte,ACCT3547928,2025-08-22 15:45:41,noise
debit,1424.67,,BRANCH73,Raj Duarte,ACCT3547928,2025-08-20 08:45:47,noise
credit,278.93,,BRANCH73,Raj Duarte,ACCT3547928,2025-08-19 16:13:34,noise
credit,381.83,,BRANCH73,Raj Duarte,ACCT3547928,2025-08-18 17:25:09,noise
credit,865.39,,BRANCH73,Raj Duarte,ACCT3547928,2025-08-17 23:14:25,noise
debit,338.76,,BRANCH73,Raj Duarte,ACCT3547928,2025-08-17 13:33:48,noise
debit,108.16,,BRANCH73,Raj Duarte,ACCT3547928,2025-08-09 20:40:10,noise
debit,614.13,,BRANCH71,Raj Duarte,ACCT3547928,2025-08-06 12:36:41,noise
debit,1895.88,ACCT7238407,BRANCH69,Tomas Zhou,ACCT1623538,2025-10-02 01:37:19,noise
debit,1093.27,,BRANCH69,Tomas Zhou,ACCT1623538,2025-10-02 16:22:31,noise
credit,434.34,ACCT5724947,BRANCH65,Tomas Zhou,ACCT1623538,2025-10-01 13:35:24,noise
debit,298.71,ACCT9498768,BRANCH69,Tomas Zhou,ACCT1623538,2025-10-01 19:07:12,noise
debit,56.1,,BRANCH69,Tomas Zhou,ACCT1623538,2025-09-29 19:45:13,noise
debit,1303.38,ACCT5126525,BRANCH69,Tomas Zhou,ACCT1623538,2025-09-29 13:31:54,noise
credit,148.5,ACCT3507254,BRANCH65,Tomas Zhou,ACCT1623538,2025-09-26 18:06:42,noise
credit,771.93,,BRANCH69,Tomas Zhou,ACCT1623538,2025-09-25 12:15:29,noise
debit,907.86,,BRANCH69,Tomas Zhou,ACCT1623538,2025-09-25 17:21:14,noise
debit,655.93,ACCT6638415,BRANCH69,Tomas Zhou,ACCT1623538,2025-09-23 20:43:24,noise
credit,531.44,,BRANCH67,Tomas Zhou,ACCT1623538,2025-09-23 13:02:29,noise
credit,904.03,,BRANCH69,Tomas Zhou,ACCT1623538,2025-09-20 20:33:01,noise
credit,1063.52,ACCT2336624,BRANCH69,Tomas Zhou,ACCT1623538,2025-09-19 11:07:32,noise
debit,1775.04,,BRANCH69,Tomas Zhou,ACCT1623538,2025-09-17 18:17:19,noise
credit,1422.51,,BRANCH69,Tomas Zhou,ACCT1623538,2025-09-17 08:06:11,noise
debit,361.04,ACCT9616853,BRANCH69,Tomas Zhou,ACCT1623538,2025-09-14 12:29:10,noise
credit,716.74,ACCT3791396,BRANCH69,Tomas Zhou,ACCT1623538,2025-09-10 21:25:31,noise
credit,1356.04,ACCT7238407,BRANCH48,Tomas Zhou,ACCT1623538,2025-09-07 11:26:20,noise
credit,1330.04,ACCT2058494,BRANCH27,Tomas Zhou,ACCT1623538,2025-09-03 01:15:43,noise
credit,557.46,ACCT2082306,BRANCH69,Tomas Zhou,ACCT1623538,2025-09-03 11:19:30,noise
debit,564.37,,BRANCH69,Tomas Zhou,ACCT1623538,2025-09-02 10:03:17,noise
debit,1440.77,ACCT2831752,BRANCH69,Tomas Zhou,ACCT1623538,2025-09-01 09:06:58,noise
debit,81.26,,BRANCH56,Tomas Zhou,ACCT1623538,2025-08-29 08:32:58,noise
credit,2026.84,ACCT3499450,BRANCH69,Tomas Zhou,ACCT1623538,2025-08-28 04:29:10,noise
debit,309.68,,BRANCH69,Tomas Zhou,ACCT1623538,2025-08-27 05:20:55,noise
debit,1099.43,,BRANCH50,Tomas Zhou,ACCT1623538,2025-08-23 04:08:16,noise
credit,544.94,,BRANCH69,Tomas Zhou,ACCT1623538,2025-08-22 14:43:17,noise
debit,1406.74,ACCT2887885,BRANCH69,Tomas Zhou,ACCT1623538,2025-08-21 05:34:19,noise
debit,401.42,ACCT3547928,BRANCH53,Tomas Zhou,ACCT1623538,2025-08-21 23:20:58,noise
debit,269.07,,BRANCH69,Tomas Zhou,ACCT1623538,2025-08-20 00:14:06,noise
credit,264.15,,BRANCH69,Tomas Zhou,ACCT1623538,2025-08-19 15:24:26,noise
debit,225.3,,BRANCH69,Tomas Zhou,ACCT1623538,2025-08-18 17:05:37,noise
credit,672.15,,BRANCH69,Tomas Zhou,ACCT1623538,2025-08-17 21:30:57,noise
debit,567.8,,BRANCH69,Tomas Zhou,ACCT1623538,2025-08-16 22:11:36,noise
credit,1061.48,,BRANCH63,Tomas Zhou,ACCT1623538,2025-08-15 13:37:11,noise
credit,101.79,,BRANCH69,Tomas Zhou,ACCT1623538,2025-08-13 16:03:26,noise
debit,371.9,,BRANCH69,Tomas Zhou,ACCT1623538,2025-08-12 23:28:45,noise
debit,2466.66,,BRANCH94,Tomas Zhou,ACCT1623538,2025-08-08 18:28:55,noise
debit,359.23,,BRANCH69,Tomas Zhou,ACCT1623538,2025-08-07 20:35:43,noise
debit,859.17,ACCT3564547,BRANCH69,Tomas Zhou,ACCT1623538,2025-08-07 19:01:12,noise
debit,414.14,ACCT6098328,BRANCH14,Fahad Chen,ACCT8392016,2025-10-03 05:12:14,noise
credit,222.35,,BRANCH92,Fahad Chen,ACCT8392016,2025-10-02 15:36:47,noise
debit,864.49,,BRANCH14,Fahad Chen,ACCT8392016,2025-09-26 10:11:35,noise
credit,328.4,,BRANCH14,Fahad Chen,ACCT8392016,2025-09-25 12:24:18,noise
debit,231.3,ACCT6689818,BRANCH14,Fahad Chen,ACCT8392016,2025-09-24 04:19:49,noise
credit,831.38,ACCT8767615,BRANCH14,Fahad Chen,ACCT8392016,2025-09-22 16:28:01,noise
debit,825.87,,BRANCH14,Fahad Chen,ACCT8392016,2025-09-20 19:10:20,noise
credit,337.86,ACCT1059241,BRANCH14,Fahad Chen,ACCT8392016,2025-09-17 03:19:09,noise
credit,533.72,,BRANCH14,Fahad Chen,ACCT8392016,2025-09-15 14:04:28,noise
credit,1908.61,,BRANCH14,Fahad Chen,ACCT8392016,2025-09-15 20:39:47,noise
credit,221.81,,BRANCH14,Fahad Chen,ACCT8392016,2025-09-12 18:22:17,noise
credit,1284.8,,BRANCH14,Fahad Chen,ACCT8392016,2025-09-12 11:36:15,noise
credit,750.95,ACCT9498768,BRANCH14,Fahad Chen,ACCT8392016,2025-09-10 18:19:02,noise
debit,757.27,ACCT1089940,BRANCH14,Fahad Chen,ACCT8392016,2025-09-09 20:19:54,noise
credit,1287.62,,BRANCH14,Fahad Chen,ACCT8392016,2025-09-06 17:26:05,noise
debit,806.79,,BRANCH14,Fahad Chen,ACCT8392016,2025-08-28 02:14:33,noise
debit,292.48,,BRANCH64,Fahad Chen,ACCT8392016,2025-08-27 15:18:21,noise
debit,284.64,,BRANCH14,Fahad Chen,ACCT8392016,2025-08-24 20:37:22,noise
debit,1055.74,,BRANCH14,Fahad Chen,ACCT8392016,2025-08-22 15:17:51,noise
debit,505.54,,BRANCH14,Fahad Chen,ACCT8392016,2025-08-22 20:05:19,noise
debit,480.74,,BRANCH69,Fahad Chen,ACCT8392016,2025-08-20 17:30:52,noise
debit,2127.2,,BRANCH44,Fahad Chen,ACCT8392016,2025-08-19 17:10:01,noise
debit,1128.94,,BRANCH14,Fahad Chen,ACCT8392016,2025-08-19 22:17:52,noise
debit,313.51,,BRANCH14,Fahad Chen,ACCT8392016,2025-08-18 12:39:58,noise
credit,326.71,,BRANCH21,Fahad Chen,ACCT8392016,2025-08-17 19:22:34,noise
debit,571.24,,BRANCH14,Fahad Chen,ACCT8392016,2025-08-17 20:03:20,noise
debit,917.14,,BRANCH78,Fahad Chen,ACCT8392016,2025-08-11 14:08:58,noise
debit,376.91,,BRANCH14,Fahad Chen,ACCT8392016,2025-08-08 12:41:36,noise
debit,754.03,ACCT7368128,BRANCH14,Fahad Chen,ACCT8392016,2025-08-08 20:39:53,noise
credit,425.52,,BRANCH14,Fahad Chen,ACCT8392016,2025-08-05 20:17:37,noise
debit,283.99,ACCT2058494,BRANCH14,Fahad Chen,ACCT8392016,2025-08-05 20:21:50,noise
credit,255.77,,BRANCH14,Fahad Chen,ACCT8392016,2025-08-04 13:01:47,noise
credit,1081.18,,BRANCH14,Fahad Chen,ACCT8392016,2025-08-04 19:39:43,noise
debit,296.61,,BRANCH30,Mara Brooks,ACCT1681992,2025-10-02 21:28:05,noise
debit,979.97,,BRANCH30,Mara Brooks,ACCT1681992,2025-10-02 19:36:04,noise
debit,749.79,,BRANCH30,Mara Brooks,ACCT1681992,2025-09-28 15:21:19,noise
credit,654.62,,BRANCH30,Mara Brooks,ACCT1681992,2025-09-25 05:32:53,noise
debit,734.76,,BRANCH95,Mara Brooks,ACCT1681992,2025-09-23 11:22:11,noise
credit,228.7,ACCT5973256,BRANCH39,Mara Brooks,ACCT1681992,2025-09-22 11:19:55,noise
debit,117.71,,BRANCH30,Mara Brooks,ACCT1681992,2025-09-22 23:40:42,noise
credit,288.43,,BRANCH30,Mara Brooks,ACCT1681992,2025-09-21 20:23:42,noise
debit,1283.36,ACCT1623538,BRANCH30,Mara Brooks,ACCT1681992,2025-09-20 15:35:39,noise
credit,885.02,,BRANCH30,Mara Brooks,ACCT1681992,2025-09-20 19:32:53,noise
debit,243.02,ACCT9976709,BRANCH67,Mara Brooks,ACCT1681992,2025-09-18 19:18:37,noise
debit,835.65,,BRANCH30,Mara Brooks,ACCT1681992,2025-09-17 11:35:34,noise
credit,646.02,,BRANCH30,Mara Brooks,ACCT1681992,2025-09-17 11:30:34,noise
debit,209.65,,BRANCH30,Mara Brooks,ACCT1681992,2025-09-14 16:12:55,noise
credit,282.7,ACCT3564547,BRANCH87,Mara Brooks,ACCT1681992,2025-09-14 23:45:09,noise
credit,792.56,,BRANCH65,Mara Brooks,ACCT1681992,2025-09-13 16:02:04,noise
debit,3322.81,,BRANCH30,Mara Brooks,ACCT1681992,2025-09-12 16:19:49,noise
credit,443.73,,BRANCH30,Mara Brooks,ACCT1681992,2025-09-11 12:43:57,noise
credit,931.26,,BRANCH29,Mara Brooks,ACCT1681992,2025-09-10 22:20:27,noise
debit,1160.85,ACCT3564547,BRANCH96,Mara Brooks,ACCT1681992,2025-09-09 17:08:54,noise
credit,705.06,,BRANCH30,Mara Brooks,ACCT1681992,2025-09-08 20:41:15,noise
debit,58.17,,BRANCH30,Mara Brooks,ACCT1681992,2025-09-08 13:21:08,noise
debit,1078.39,ACCT6183761,BRANCH46,Mara Brooks,ACCT1681992,2025-09-05 14:33:06,noise
credit,81.42,,BRANCH96,Mara Brooks,ACCT1681992,2025-09-05 12:18:44,noise
credit,1385.29,ACCT6691811,BRANCH30,Mara Brooks,ACCT1681992,2025-09-02 11:12:22,noise
credit,344.54,,BRANCH30,Mara Brooks,ACCT1681992,2025-09-02 16:25:15,noise
debit,174.44,ACCT3725977,BRANCH53,Mara Brooks,ACCT1681992,2025-08-31 21:32:26,noise
debit,684.16,ACCT6465142,BRANCH30,Mara Brooks,ACCT1681992,2025-08-30 21:00:07,noise
credit,387.76,,BRANCH30,Mara Brooks,ACCT1681992,2025-08-21 18:29:33,noise
debit,1481.85,,BRANCH30,Mara Brooks,ACCT1681992,2025-08-13 04:03:48,noise
debit,467.36,,BRANCH30,Mara Brooks,ACCT1681992,2025-08-11 10:08:01,noise
credit,1975.91,ACCT6975186,BRANCH30,Mara Brooks,ACCT1681992,2025-08-10 11:32:24,noise
debit,299.48,,BRANCH40,Mara Brooks,ACCT1681992,2025-08-07 20:07:39,noise
debit,294.75,,BRANCH30,Mara Brooks,ACCT1681992,2025-08-07 16:08:34,noise
debit,159.47,,BRANCH30,Mara Brooks,ACCT1681992,2025-08-06 13:12:39,noise
credit,966.98,,BRANCH30,Mara Brooks,ACCT1681992,2025-08-06 09:21:17,noise
credit,929.37,ACCT1617871,BRANCH86,Mara Brooks,ACCT1681992,2025-08-05 02:07:29,noise
debit,296.61,,BRANCH30,Mara Brooks,ACCT1681992,2025-10-02 21:28:05,noise
debit,979.97,,BRANCH30,Mara Brooks,ACCT1681992,2025-10-02 19:36:04,noise
debit,749.79,,BRANCH30,Mara Brooks,ACCT1681992,2025-09-28 15:21:19,noise
credit,654.62,,BRANCH30,Mara Brooks,ACCT1681992,2025-09-25 05:32:53,noise
debit,734.76,,BRANCH95,Mara Brooks,ACCT1681992,2025-09-23 11:22:11,noise
credit,228.7,ACCT5973256,BRANCH39,Mara Brooks,ACCT1681992,2025-09-22 11:19:55,noise
debit,117.71,,BRANCH30,Mara Brooks,ACCT1681992,2025-09-22 23:40:42,noise
credit,288.43,,BRANCH30,Mara Brooks,ACCT1681992,2025-09-21 20:23:42,noise
debit,1283.36,ACCT1623538,BRANCH30,Mara Brooks,ACCT1681992,2025-09-20 15:35:39,noise
credit,885.02,,BRANCH30,Mara Brooks,ACCT1681992,2025-09-20 19:32:53,noise
debit,243.02,ACCT9976709,BRANCH67,Mara Brooks,ACCT1681992,2025-09-18 19:18:37,noise
debit,835.65,,BRANCH30,Mara Brooks,ACCT1681992,2025-09-17 11:35:34,noise
credit,646.02,,BRANCH30,Mara Brooks,ACCT1681992,2025-09-17 11:30:34,noise
debit,209.65,,BRANCH30,Mara Brooks,ACCT1681992,2025-09-14 16:12:55,noise
credit,282.7,ACCT3564547,BRANCH87,Mara Brooks,ACCT1681992,2025-09-14 23:45:09,noise
credit,792.56,,BRANCH65,Mara Brooks,ACCT1681992,2025-09-13 16:02:04,noise
debit,3322.81,,BRANCH30,Mara Brooks,ACCT1681992,2025-09-12 16:19:49,noise
credit,443.73,,BRANCH30,Mara Brooks,ACCT1681992,2025-09-11 12:43:57,noise
credit,931.26,,BRANCH29,Mara Brooks,ACCT1681992,2025-09-10 22:20:27,noise
debit,1160.85,ACCT3564547,BRANCH96,Mara Brooks,ACCT1681992,2025-09-09 17:08:54,noise
credit,705.06,,BRANCH30,Mara Brooks,ACCT1681992,2025-09-08 20:41:15,noise
debit,58.17,,BRANCH30,Mara Brooks,ACCT1681992,2025-09-08 13:21:08,noise
debit,1078.39,ACCT6183761,BRANCH46,Mara Brooks,ACCT1681992,2025-09-05 14:33:06,noise
credit,81.42,,BRANCH96,Mara Brooks,ACCT1681992,2025-09-05 12:18:44,noise
credit,1385.29,ACCT6691811,BRANCH30,Mara Brooks,ACCT1681992,2025-09-02 11:12:22,noise
credit,344.54,,BRANCH30,Mara Brooks,ACCT1681992,2025-09-02 16:25:15,noise
debit,174.44,ACCT3725977,BRANCH53,Mara Brooks,ACCT1681992,2025-08-31 21:32:26,noise
debit,684.16,ACCT6465142,BRANCH30,Mara Brooks,ACCT1681992,2025-08-30 21:00:07,noise
credit,387.76,,BRANCH30,Mara Brooks,ACCT1681992,2025-08-21 18:29:33,noise
debit,1481.85,,BRANCH30,Mara Brooks,ACCT1681992,2025-08-13 04:03:48,noise
debit,467.36,,BRANCH30,Mara Brooks,ACCT1681992,2025-08-11 10:08:01,noise
credit,1975.91,ACCT6975186,BRANCH30,Mara Brooks,ACCT1681992,2025-08-10 11:32:24,noise
debit,299.48,,BRANCH40,Mara Brooks,ACCT1681992,2025-08-07 20:07:39,noise
debit,294.75,,BRANCH30,Mara Brooks,ACCT1681992,2025-08-07 16:08:34,noise
debit,159.47,,BRANCH30,Mara Brooks,ACCT1681992,2025-08-06 13:12:39,noise
credit,966.98,,BRANCH30,Mara Brooks,ACCT1681992,2025-08-06 09:21:17,noise
credit,929.37,ACCT1617871,BRANCH86,Mara Brooks,ACCT1681992,2025-08-05 02:07:29,noise
debit,254472.22,ACCT1757571,BRANCH30,Mara Brooks,ACCT1681992,2025-12-03 11:05:57,noise
credit,98.57,,BRANCH52,Grace Iqbal,ACCT9616853,2025-10-01 09:14:02,noise
debit,3892.25,,BRANCH62,Grace Iqbal,ACCT9616853,2025-09-30 13:05:08,noise
debit,851.52,ACCT8495461,BRANCH52,Grace Iqbal,ACCT9616853,2025-09-29 11:11:26,noise
credit,669.23,,BRANCH64,Grace Iqbal,ACCT9616853,2025-09-28 15:29:58,noise
debit,3868.36,,BRANCH31,Grace Iqbal,ACCT9616853,2025-09-27 03:35:24,noise
debit,685.19,ACCT7635791,BRANCH52,Grace Iqbal,ACCT9616853,2025-09-26 16:04:51,noise
debit,791.55,,BRANCH52,Grace Iqbal,ACCT9616853,2025-09-19 08:02:22,noise
debit,216.19,,BRANCH52,Grace Iqbal,ACCT9616853,2025-09-19 12:38:22,noise
debit,478.68,,BRANCH52,Grace Iqbal,ACCT9616853,2025-09-16 18:10:06,noise
credit,769.09,ACCT2466722,BRANCH86,Grace Iqbal,ACCT9616853,2025-09-14 09:25:39,noise
debit,1742.46,,BRANCH98,Grace Iqbal,ACCT9616853,2025-09-12 09:44:58,noise
credit,875.01,ACCT7238407,BRANCH52,Grace Iqbal,ACCT9616853,2025-09-10 19:36:38,noise
credit,1981.8,,BRANCH15,Grace Iqbal,ACCT9616853,2025-09-10 10:03:57,noise
debit,1136.17,,BRANCH52,Grace Iqbal,ACCT9616853,2025-09-06 08:43:43,noise
debit,753.15,ACCT8901604,BRANCH97,Grace Iqbal,ACCT9616853,2025-09-05 16:17:11,noise
debit,1085.94,,BRANCH52,Grace Iqbal,ACCT9616853,2025-09-04 15:08:09,noise
debit,2490.83,ACCT9498768,BRANCH52,Grace Iqbal,ACCT9616853,2025-09-03 17:41:12,noise
debit,705.88,ACCT1623538,BRANCH52,Grace Iqbal,ACCT9616853,2025-09-01 18:28:26,noise
credit,1624.6,ACCT4554970,BRANCH10,Grace Iqbal,ACCT9616853,2025-08-30 18:43:04,noise
credit,658.42,,BRANCH52,Grace Iqbal,ACCT9616853,2025-08-30 14:44:23,noise
credit,306.79,,BRANCH12,Grace Iqbal,ACCT9616853,2025-08-26 03:13:33,noise
credit,262.14,,BRANCH52,Grace Iqbal,ACCT9616853,2025-08-24 14:13:19,noise
debit,281.82,,BRANCH52,Grace Iqbal,ACCT9616853,2025-08-24 09:17:02,noise
debit,272.14,,BRANCH48,Grace Iqbal,ACCT9616853,2025-08-22 13:22:47,noise
credit,308.07,,BRANCH29,Grace Iqbal,ACCT9616853,2025-08-19 14:11:21,noise
credit,976.07,,BRANCH52,Grace Iqbal,ACCT9616853,2025-08-18 14:41:00,noise
credit,2941.33,,BRANCH52,Grace Iqbal,ACCT9616853,2025-08-13 11:27:12,noise
credit,347.69,ACCT6183761,BRANCH52,Grace Iqbal,ACCT9616853,2025-08-13 22:26:03,noise
credit,335.61,,BRANCH20,Grace Iqbal,ACCT9616853,2025-08-07 10:01:43,noise
debit,1303.93,,BRANCH52,Grace Iqbal,ACCT9616853,2025-08-05 08:10:34,noise
credit,9503.7,ACCT6514221,BRANCH52,Grace Iqbal,ACCT9616853,2025-11-29 20:29:51,noise
credit,9450.72,ACCT9854988,BRANCH52,Grace Iqbal,ACCT9616853,2025-12-16 01:07:30,noise
credit,9149.15,ACCT6465142,BRANCH52,Grace Iqbal,ACCT9616853,2025-12-24 20:23:08,noise
credit,9607.31,ACCT1279610,BRANCH52,Grace Iqbal,ACCT9616853,2025-12-09 03:02:20,noise
credit,9338.84,ACCT7849357,BRANCH52,Grace Iqbal,ACCT9616853,2025-11-21 20:08:53,noise
credit,9407.43,ACCT6514221,BRANCH52,Grace Iqbal,ACCT9616853,2025-12-08 22:25:32,noise
credit,9652.92,ACCT6223031,BRANCH52,Grace Iqbal,ACCT9616853,2025-11-28 00:08:12,noise
credit,8983.9,ACCT7368128,BRANCH52,Grace Iqbal,ACCT9616853,2025-11-25 11:27:52,noise
credit,8876.65,ACCT6223031,BRANCH52,Grace Iqbal,ACCT9616853,2025-11-27 06:13:36,noise
credit,9330.24,ACCT7368128,BRANCH52,Grace Iqbal,ACCT9616853,2025-11-30 10:21:24,noise
credit,9522.72,ACCT7002238,BRANCH52,Grace Iqbal,ACCT9616853,2025-12-21 03:30:53,noise
credit,9294.84,ACCT4773793,BRANCH52,Grace Iqbal,ACCT9616853,2025-12-21 04:14:28,noise
credit,9090.67,ACCT3046155,BRANCH52,Grace Iqbal,ACCT9616853,2025-11-22 03:21:42,noise
credit,9464.05,ACCT4773793,BRANCH52,Grace Iqbal,ACCT9616853,2025-12-24 07:25:01,noise
credit,9369.56,ACCT5652339,BRANCH52,Grace Iqbal,ACCT9616853,2025-12-20 14:13:11,noise
credit,5792.86,ACCT3976612,BRANCH91,Uma Quinn,ACCT7316496,2025-12-14 05:25:29,noise
credit,6442.76,ACCT2054858,BRANCH91,Uma Quinn,ACCT7316496,2025-12-09 20:27:31,noise
credit,9642.3,ACCT5652339,BRANCH91,Uma Quinn,ACCT7316496,2025-12-27 11:10:40,noise
credit,9669.66,ACCT9168348,BRANCH91,Uma Quinn,ACCT7316496,2025-12-06 03:14:40,noise
credit,15194.85,ACCT9854988,BRANCH91,Uma Quinn,ACCT7316496,2025-11-26 18:28:51,noise
credit,280.7,,BRANCH49,Leo Iqbal,ACCT5724947,2025-10-01 23:12:30,noise
debit,593.53,,BRANCH52,Leo Iqbal,ACCT5724947,2025-09-30 19:37:43,noise
credit,1164.34,,BRANCH52,Leo Iqbal,ACCT5724947,2025-09-30 14:07:10,noise
debit,169.24,,BRANCH55,Leo Iqbal,ACCT5724947,2025-09-29 11:22:23,noise
debit,1805.91,ACCT4554970,BRANCH52,Leo Iqbal,ACCT5724947,2025-09-24 09:29:30,noise
credit,360.42,,BRANCH52,Leo Iqbal,ACCT5724947,2025-09-23 09:38:33,noise
debit,1616.32,,BRANCH52,Leo Iqbal,ACCT5724947,2025-09-22 08:33:02,noise
debit,1127.5,ACCT6514221,BRANCH75,Leo Iqbal,ACCT5724947,2025-09-22 05:10:10,noise
credit,373.47,ACCT8038690,BRANCH37,Leo Iqbal,ACCT5724947,2025-09-20 13:06:17,noise
credit,417.44,,BRANCH52,Leo Iqbal,ACCT5724947,2025-09-20 12:09:25,noise
debit,383.31,ACCT2724754,BRANCH52,Leo Iqbal,ACCT5724947,2025-09-18 00:16:29,noise
debit,137.34,,BRANCH52,Leo Iqbal,ACCT5724947,2025-09-17 10:00:27,noise
debit,687.54,,BRANCH99,Leo Iqbal,ACCT5724947,2025-09-16 16:00:06,noise
debit,214.84,,BRANCH64,Leo Iqbal,ACCT5724947,2025-09-15 20:11:33,noise
debit,99.44,,BRANCH52,Leo Iqbal,ACCT5724947,2025-09-14 13:05:04,noise
credit,1247.79,,BRANCH38,Leo Iqbal,ACCT5724947,2025-09-13 22:12:33,noise
debit,202.71,,BRANCH52,Leo Iqbal,ACCT5724947,2025-09-13 11:33:27,noise
debit,3000.0,ACCT1617871,BRANCH52,Leo Iqbal,ACCT5724947,2025-09-12 14:10:26,noise
credit,706.42,,BRANCH52,Leo Iqbal,ACCT5724947,2025-09-10 21:06:25,noise
credit,228.9,,BRANCH52,Leo Iqbal,ACCT5724947,2025-09-09 17:10:58,noise
debit,237.95,ACCT2887885,BRANCH41,Leo Iqbal,ACCT5724947,2025-09-09 08:29:55,noise
debit,264.8,,BRANCH98,Leo Iqbal,ACCT5724947,2025-09-08 17:30:35,noise
credit,788.7,,BRANCH52,Leo Iqbal,ACCT5724947,2025-09-04 18:07:34,noise
credit,182.98,,BRANCH52,Leo Iqbal,ACCT5724947,2025-09-02 12:10:02,noise
debit,138.32,,BRANCH83,Leo Iqbal,ACCT5724947,2025-08-27 23:13:21,noise
credit,637.18,ACCT1279610,BRANCH52,Leo Iqbal,ACCT5724947,2025-08-25 11:13:11,noise
debit,546.84,,BRANCH52,Leo Iqbal,ACCT5724947,2025-08-21 17:23:53,noise
credit,783.15,,BRANCH52,Leo Iqbal,ACCT5724947,2025-08-16 02:02:27,noise
credit,2513.49,,BRANCH52,Leo Iqbal,ACCT5724947,2025-08-14 08:17:24,noise
credit,462.5,,BRANCH68,Leo Iqbal,ACCT5724947,2025-08-13 12:04:03,noise
debit,6175.31,,BRANCH34,Leo Iqbal,ACCT5724947,2025-08-13 19:28:27,noise
credit,546.53,,BRANCH94,Leo Iqbal,ACCT5724947,2025-08-11 12:13:41,noise
debit,531.21,ACCT6741191,BRANCH52,Leo Iqbal,ACCT5724947,2025-08-09 13:44:02,noise
credit,367.5,,BRANCH52,Leo Iqbal,ACCT5724947,2025-08-08 18:36:16,noise
credit,1144.73,ACCT3547928,BRANCH85,Leo Iqbal,ACCT5724947,2025-08-07 10:20:51,noise
credit,1045.62,,BRANCH52,Leo Iqbal,ACCT5724947,2025-08-07 12:14:37,noise
credit,754.66,,BRANCH95,Leo Iqbal,ACCT5724947,2025-08-06 18:13:44,noise
debit,819.67,,BRANCH52,Leo Iqbal,ACCT5724947,2025-08-06 20:39:39,noise
debit,63696.27,ACCT6493789,BRANCH52,Leo Iqbal,ACCT5724947,2025-12-22 09:19:15,noise
debit,48578.92,ACCT3609743,BRANCH75,Cara Duarte,ACCT6493789,2025-12-27 21:28:59,noise
debit,71959.78,ACCT5914807,BRANCH84,Grace Alvarez,ACCT3609743,2025-12-27 06:08:23,noise
credit,146.96,,BRANCH80,Uma Diaz,ACCT1931022,2025-10-03 23:14:47,noise
credit,3853.63,,BRANCH35,Uma Diaz,ACCT1931022,2025-09-30 09:01:12,noise
credit,1400.37,,BRANCH41,Uma Diaz,ACCT1931022,2025-09-28 18:08:52,noise
credit,646.42,ACCT9498768,BRANCH41,Uma Diaz,ACCT1931022,2025-09-27 15:06:09,noise
debit,2401.89,,BRANCH41,Uma Diaz,ACCT1931022,2025-09-26 14:10:37,noise
debit,879.48,,BRANCH41,Uma Diaz,ACCT1931022,2025-09-25 12:28:08,noise
debit,557.78,,BRANCH91,Uma Diaz,ACCT1931022,2025-09-23 10:22:19,noise
debit,2865.32,,BRANCH41,Uma Diaz,ACCT1931022,2025-09-23 23:23:53,noise
credit,134.47,ACCT7658407,BRANCH37,Uma Diaz,ACCT1931022,2025-09-19 09:22:20,noise
credit,879.9,ACCT2082306,BRANCH28,Uma Diaz,ACCT1931022,2025-09-16 11:28:54,noise
credit,1133.38,,BRANCH41,Uma Diaz,ACCT1931022,2025-09-15 18:35:37,noise
debit,686.18,,BRANCH41,Uma Diaz,ACCT1931022,2025-09-13 17:05:35,noise
credit,313.46,,BRANCH64,Uma Diaz,ACCT1931022,2025-09-10 09:27:49,noise
debit,1536.61,,BRANCH41,Uma Diaz,ACCT1931022,2025-09-09 19:23:48,noise
debit,742.33,,BRANCH41,Uma Diaz,ACCT1931022,2025-09-08 11:14:26,noise
debit,710.2,,BRANCH41,Uma Diaz,ACCT1931022,2025-09-07 09:15:00,noise
debit,408.02,,BRANCH41,Uma Diaz,ACCT1931022,2025-09-07 18:05:37,noise
credit,1601.59,,BRANCH41,Uma Diaz,ACCT1931022,2025-09-06 08:37:29,noise
credit,326.03,,BRANCH41,Uma Diaz,ACCT1931022,2025-09-06 00:03:45,noise
credit,181.47,,BRANCH41,Uma Diaz,ACCT1931022,2025-09-05 11:39:28,noise
debit,760.91,ACCT4263191,BRANCH41,Uma Diaz,ACCT1931022,2025-09-05 23:02:43,noise
credit,902.2,ACCT7658407,BRANCH41,Uma Diaz,ACCT1931022,2025-09-04 02:32:47,noise
credit,1523.53,,BRANCH28,Uma Diaz,ACCT1931022,2025-09-04 23:21:45,noise
debit,673.36,,BRANCH92,Uma Diaz,ACCT1931022,2025-08-30 17:17:04,noise
credit,672.61,ACCT3952254,BRANCH41,Uma Diaz,ACCT1931022,2025-08-28 19:23:36,noise
credit,939.23,,BRANCH41,Uma Diaz,ACCT1931022,2025-08-27 13:01:02,noise
credit,349.24,,BRANCH41,Uma Diaz,ACCT1931022,2025-08-26 08:38:40,noise
debit,941.48,,BRANCH41,Uma Diaz,ACCT1931022,2025-08-24 15:07:04,noise
credit,265.28,,BRANCH41,Uma Diaz,ACCT1931022,2025-08-24 10:45:12,noise
credit,340.43,,BRANCH41,Uma Diaz,ACCT1931022,2025-08-23 09:28:17,noise
debit,393.83,ACCT7368128,BRANCH65,Uma Diaz,ACCT1931022,2025-08-22 20:20:43,noise
debit,177.75,,BRANCH11,Uma Diaz,ACCT1931022,2025-08-21 12:13:46,noise
credit,1923.02,,BRANCH41,Uma Diaz,ACCT1931022,2025-08-17 23:39:51,noise
debit,355.19,ACCT6965602,BRANCH41,Uma Diaz,ACCT1931022,2025-08-15 15:40:24,noise
credit,455.45,,BRANCH98,Uma Diaz,ACCT1931022,2025-08-12 14:10:46,noise
credit,308.79,,BRANCH41,Uma Diaz,ACCT1931022,2025-08-10 15:16:10,noise
credit,906.66,,BRANCH41,Uma Diaz,ACCT1931022,2025-08-05 12:18:11,noise
credit,8116.81,,BRANCH86,Tomas Wei,ACCT1279610,2025-10-03 11:13:24,noise
credit,848.27,,BRANCH86,Tomas Wei,ACCT1279610,2025-10-02 17:22:03,noise
credit,787.75,,BRANCH86,Tomas Wei,ACCT1279610,2025-09-29 13:28:14,noise
debit,3000.0,ACCT9927731,BRANCH86,Tomas Wei,ACCT1279610,2025-09-28 12:42:06,noise
debit,182.43,,BRANCH86,Tomas Wei,ACCT1279610,2025-09-28 19:14:39,noise
credit,478.28,,BRANCH21,Tomas Wei,ACCT1279610,2025-09-27 12:42:52,noise
debit,542.41,ACCT7849357,BRANCH86,Tomas Wei,ACCT1279610,2025-09-27 14:05:32,noise
credit,1548.45,ACCT9168348,BRANCH86,Tomas Wei,ACCT1279610,2025-09-23 15:32:45,noise
credit,1887.87,,BRANCH86,Tomas Wei,ACCT1279610,2025-09-23 20:32:34,noise
credit,918.61,,BRANCH94,Tomas Wei,ACCT1279610,2025-09-21 20:04:10,noise
credit,430.29,,BRANCH87,Tomas Wei,ACCT1279610,2025-09-17 14:07:00,noise
credit,976.06,,BRANCH30,Tomas Wei,ACCT1279610,2025-09-15 14:19:41,noise
credit,363.64,ACCT4554970,BRANCH86,Tomas Wei,ACCT1279610,2025-09-15 10:05:50,noise
debit,2387.55,ACCT2054858,BRANCH86,Tomas Wei,ACCT1279610,2025-09-13 09:44:15,noise
debit,661.79,,BRANCH65,Tomas Wei,ACCT1279610,2025-09-09 10:33:49,noise
debit,1526.7,,BRANCH36,Tomas Wei,ACCT1279610,2025-09-09 19:25:39,noise
credit,471.94,,BRANCH86,Tomas Wei,ACCT1279610,2025-09-08 23:17:12,noise
credit,1003.71,,BRANCH86,Tomas Wei,ACCT1279610,2025-09-06 12:15:44,noise
credit,1352.94,,BRANCH40,Tomas Wei,ACCT1279610,2025-09-05 09:05:55,noise
debit,1429.16,,BRANCH86,Tomas Wei,ACCT1279610,2025-09-05 05:18:41,noise
credit,1266.27,,BRANCH50,Tomas Wei,ACCT1279610,2025-09-04 15:15:23,noise
debit,542.04,ACCT2082306,BRANCH86,Tomas Wei,ACCT1279610,2025-09-01 22:32:31,noise
credit,1048.35,,BRANCH79,Tomas Wei,ACCT1279610,2025-08-31 13:34:43,noise
debit,276.01,,BRANCH86,Tomas Wei,ACCT1279610,2025-08-30 08:03:23,noise
debit,1310.99,,BRANCH86,Tomas Wei,ACCT1279610,2025-08-25 21:29:24,noise
debit,745.53,,BRANCH86,Tomas Wei,ACCT1279610,2025-08-23 18:43:41,noise
debit,179.94,,BRANCH86,Tomas Wei,ACCT1279610,2025-08-17 13:36:39,noise
debit,2530.77,,BRANCH86,Tomas Wei,ACCT1279610,2025-08-16 02:26:28,noise
credit,457.17,,BRANCH86,Tomas Wei,ACCT1279610,2025-08-12 14:07:42,noise
debit,802.91,ACCT4886186,BRANCH86,Tomas Wei,ACCT1279610,2025-08-10 17:40:31,noise
credit,1345.33,,BRANCH86,Tomas Wei,ACCT1279610,2025-08-10 08:34:52,noise
credit,161.7,ACCT2831752,BRANCH86,Tomas Wei,ACCT1279610,2025-08-06 19:32:58,noise
credit,460.49,,BRANCH86,Tomas Wei,ACCT1279610,2025-08-06 12:37:52,noise
credit,2380.34,,BRANCH86,Tomas Wei,ACCT1279610,2025-08-04 09:41:33,noise
debit,805.24,,BRANCH99,Ava Mehta,ACCT6924004,2025-10-01 14:06:35,noise
credit,207.1,,BRANCH60,Ava Mehta,ACCT6924004,2025-10-01 19:01:56,noise
credit,1143.73,ACCT9927731,BRANCH20,Ava Mehta,ACCT6924004,2025-09-29 16:29:00,noise
credit,969.57,,BRANCH99,Ava Mehta,ACCT6924004,2025-09-28 20:17:40,noise
debit,290.31,,BRANCH99,Ava Mehta,ACCT6924004,2025-09-27 10:06:45,noise
debit,442.3,,BRANCH24,Ava Mehta,ACCT6924004,2025-09-27 16:21:04,noise
debit,616.11,,BRANCH99,Ava Mehta,ACCT6924004,2025-09-26 16:13:38,noise
debit,430.94,,BRANCH46,Ava Mehta,ACCT6924004,2025-09-22 11:25:48,noise
debit,245.69,,BRANCH99,Ava Mehta,ACCT6924004,2025-09-22 23:27:03,noise
credit,228.06,,BRANCH99,Ava Mehta,ACCT6924004,2025-09-19 09:36:58,noise
credit,445.78,,BRANCH99,Ava Mehta,ACCT6924004,2025-09-19 17:01:39,noise
credit,3409.71,ACCT1617871,BRANCH99,Ava Mehta,ACCT6924004,2025-09-15 14:19:46,noise
credit,960.32,,BRANCH99,Ava Mehta,ACCT6924004,2025-09-11 17:34:03,noise
credit,1204.11,,BRANCH84,Ava Mehta,ACCT6924004,2025-09-11 17:07:38,noise
credit,301.05,,BRANCH99,Ava Mehta,ACCT6924004,2025-09-10 19:37:23,noise
debit,2881.88,,BRANCH99,Ava Mehta,ACCT6924004,2025-09-09 09:07:27,noise
debit,1008.07,,BRANCH99,Ava Mehta,ACCT6924004,2025-09-04 04:28:57,noise
debit,856.29,,BRANCH99,Ava Mehta,ACCT6924004,2025-09-03 03:23:41,noise
credit,824.03,ACCT3134951,BRANCH99,Ava Mehta,ACCT6924004,2025-09-02 14:05:33,noise
credit,178.71,,BRANCH13,Ava Mehta,ACCT6924004,2025-09-02 05:17:37,noise
debit,561.76,ACCT6689818,BRANCH69,Ava Mehta,ACCT6924004,2025-08-29 19:22:47,noise
credit,955.92,ACCT2082306,BRANCH99,Ava Mehta,ACCT6924004,2025-08-28 09:34:31,noise
credit,3283.83,,BRANCH99,Ava Mehta,ACCT6924004,2025-08-27 16:06:36,noise
credit,572.96,,BRANCH72,Ava Mehta,ACCT6924004,2025-08-23 09:13:28,noise
credit,1365.26,,BRANCH53,Ava Mehta,ACCT6924004,2025-08-23 13:20:10,noise
debit,182.45,,BRANCH99,Ava Mehta,ACCT6924004,2025-08-22 14:02:03,noise
debit,2147.65,,BRANCH22,Ava Mehta,ACCT6924004,2025-08-22 18:37:02,noise
debit,113.97,ACCT7193362,BRANCH99,Ava Mehta,ACCT6924004,2025-08-21 19:41:15,noise
credit,765.32,,BRANCH99,Ava Mehta,ACCT6924004,2025-08-20 20:01:29,noise
credit,1006.37,,BRANCH99,Ava Mehta,ACCT6924004,2025-08-19 20:30:59,noise
credit,4317.14,,BRANCH26,Ava Mehta,ACCT6924004,2025-08-19 18:31:56,noise
credit,103.28,,BRANCH44,Ava Mehta,ACCT6924004,2025-08-15 11:33:43,noise
debit,1768.97,,BRANCH99,Ava Mehta,ACCT6924004,2025-08-14 14:39:45,noise
credit,839.9,,BRANCH99,Ava Mehta,ACCT6924004,2025-08-12 18:44:18,noise
credit,2490.34,,BRANCH99,Ava Mehta,ACCT6924004,2025-08-09 00:23:06,noise
credit,1022.26,ACCT4575241,BRANCH10,Ava Mehta,ACCT6924004,2025-08-08 02:37:43,noise
debit,809.54,,BRANCH99,Ava Mehta,ACCT6924004,2025-08-06 02:38:00,noise
debit,609.95,,BRANCH31,Kai Alvarez,ACCT2082306,2025-10-01 14:26:48,noise
credit,551.36,,BRANCH31,Kai Alvarez,ACCT2082306,2025-09-30 14:03:43,noise
debit,128.92,ACCT1089940,BRANCH31,Kai Alvarez,ACCT2082306,2025-09-30 15:04:38,noise
debit,952.92,,BRANCH31,Kai Alvarez,ACCT2082306,2025-09-28 10:21:46,noise
debit,686.43,,BRANCH31,Kai Alvarez,ACCT2082306,2025-09-26 22:20:33,noise
credit,3495.56,,BRANCH31,Kai Alvarez,ACCT2082306,2025-09-25 09:24:39,noise
credit,1512.73,,BRANCH99,Kai Alvarez,ACCT2082306,2025-09-24 17:38:14,noise
debit,2258.09,,BRANCH31,Kai Alvarez,ACCT2082306,2025-09-22 11:43:42,noise
debit,1407.07,ACCT6098328,BRANCH95,Kai Alvarez,ACCT2082306,2025-09-21 15:03:20,noise
debit,1384.9,ACCT9077382,BRANCH23,Kai Alvarez,ACCT2082306,2025-09-20 14:38:55,noise
credit,898.3,ACCT9168348,BRANCH31,Kai Alvarez,ACCT2082306,2025-09-19 10:27:58,noise
credit,375.36,ACCT7002238,BRANCH31,Kai Alvarez,ACCT2082306,2025-09-16 12:30:17,noise
debit,1968.13,,BRANCH31,Kai Alvarez,ACCT2082306,2025-09-16 19:01:07,noise
credit,989.59,,BRANCH92,Kai Alvarez,ACCT2082306,2025-09-15 12:23:45,noise
credit,261.29,,BRANCH66,Kai Alvarez,ACCT2082306,2025-09-15 13:23:45,noise
debit,100.74,,BRANCH31,Kai Alvarez,ACCT2082306,2025-09-14 09:38:59,noise
debit,661.86,,BRANCH31,Kai Alvarez,ACCT2082306,2025-09-12 18:23:09,noise
credit,470.06,,BRANCH31,Kai Alvarez,ACCT2082306,2025-09-07 12:36:02,noise
credit,541.24,ACCT1617871,BRANCH31,Kai Alvarez,ACCT2082306,2025-09-06 02:04:41,noise
debit,1313.26,ACCT9854988,BRANCH31,Kai Alvarez,ACCT2082306,2025-09-05 17:20:10,noise
credit,611.57,ACCT9077382,BRANCH31,Kai Alvarez,ACCT2082306,2025-09-03 12:01:19,noise
credit,703.83,ACCT1059241,BRANCH31,Kai Alvarez,ACCT2082306,2025-09-03 21:26:04,noise
credit,198.65,,BRANCH31,Kai Alvarez,ACCT2082306,2025-08-28 08:19:42,noise
credit,199.95,ACCT9927731,BRANCH55,Kai Alvarez,ACCT2082306,2025-08-27 17:45:02,noise
credit,876.66,,BRANCH31,Kai Alvarez,ACCT2082306,2025-08-27 16:27:19,noise
credit,1054.09,ACCT7002238,BRANCH31,Kai Alvarez,ACCT2082306,2025-08-24 21:11:53,noise
credit,479.87,,BRANCH31,Kai Alvarez,ACCT2082306,2025-08-24 22:20:32,noise
debit,2106.26,,BRANCH31,Kai Alvarez,ACCT2082306,2025-08-22 17:17:36,noise
debit,211.0,,BRANCH58,Kai Alvarez,ACCT2082306,2025-08-17 15:22:56,noise
debit,359.43,,BRANCH31,Kai Alvarez,ACCT2082306,2025-08-14 19:39:38,noise
credit,1247.18,,BRANCH31,Kai Alvarez,ACCT2082306,2025-08-14 13:28:52,noise
debit,583.78,,BRANCH65,Kai Alvarez,ACCT2082306,2025-08-13 17:34:50,noise
credit,255.03,,BRANCH31,Kai Alvarez,ACCT2082306,2025-08-10 20:32:26,noise
debit,669.33,,BRANCH54,Kai Alvarez,ACCT2082306,2025-08-10 08:32:15,noise
debit,272.7,,BRANCH31,Kai Alvarez,ACCT2082306,2025-08-08 16:07:34,noise
debit,327.48,ACCT7193362,BRANCH95,Kai Alvarez,ACCT2082306,2025-08-07 21:41:18,noise
debit,921.5,,BRANCH31,Kai Alvarez,ACCT2082306,2025-08-06 09:09:29,noise
credit,3005.38,,BRANCH31,Kai Alvarez,ACCT2082306,2025-08-05 08:05:35,noise
credit,205.78,,BRANCH49,Kai Alvarez,ACCT2082306,2025-08-05 21:34:39,noise
debit,444.07,,BRANCH34,Noah Okafor,ACCT8767615,2025-09-29 23:05:18,noise
debit,1315.62,ACCT9254547,BRANCH34,Noah Okafor,ACCT8767615,2025-09-28 08:01:56,noise
credit,194.53,,BRANCH40,Noah Okafor,ACCT8767615,2025-09-28 03:03:50,noise
credit,347.45,ACCT6965602,BRANCH34,Noah Okafor,ACCT8767615,2025-09-25 12:02:39,noise
debit,391.15,,BRANCH34,Noah Okafor,ACCT8767615,2025-09-22 10:41:47,noise
credit,2297.41,ACCT9168348,BRANCH34,Noah Okafor,ACCT8767615,2025-09-18 16:28:05,noise
debit,2131.42,,BRANCH34,Noah Okafor,ACCT8767615,2025-09-18 22:31:15,noise
debit,2369.75,,BRANCH34,Noah Okafor,ACCT8767615,2025-09-16 22:00:49,noise
credit,861.0,,BRANCH67,Noah Okafor,ACCT8767615,2025-09-07 00:31:16,noise
credit,931.29,,BRANCH34,Noah Okafor,ACCT8767615,2025-09-07 20:23:56,noise
credit,786.33,,BRANCH34,Noah Okafor,ACCT8767615,2025-09-06 19:40:15,noise
credit,271.12,ACCT9616853,BRANCH20,Noah Okafor,ACCT8767615,2025-09-05 19:21:12,noise
debit,516.23,,BRANCH34,Noah Okafor,ACCT8767615,2025-09-03 08:27:01,noise
debit,610.76,,BRANCH34,Noah Okafor,ACCT8767615,2025-08-31 09:36:20,noise
credit,554.59,ACCT6514221,BRANCH34,Noah Okafor,ACCT8767615,2025-08-27 19:45:53,noise
credit,880.95,,BRANCH89,Noah Okafor,ACCT8767615,2025-08-26 20:15:55,noise
credit,1353.75,,BRANCH15,Noah Okafor,ACCT8767615,2025-08-22 11:30:16,noise
debit,2033.38,ACCT3952254,BRANCH59,Noah Okafor,ACCT8767615,2025-08-21 22:22:39,noise
debit,1460.58,ACCT3499450,BRANCH38,Noah Okafor,ACCT8767615,2025-08-15 23:10:42,noise
debit,1264.92,ACCT6924004,BRANCH34,Noah Okafor,ACCT8767615,2025-08-14 18:16:01,noise
credit,1711.95,,BRANCH34,Noah Okafor,ACCT8767615,2025-08-11 17:21:29,noise
credit,426.76,,BRANCH34,Noah Okafor,ACCT8767615,2025-08-06 08:17:27,noise
debit,2615.75,ACCT1573360,BRANCH78,Noah Okafor,ACCT8767615,2025-08-05 04:16:21,noise
debit,867.13,,BRANCH34,Noah Okafor,ACCT8767615,2025-08-05 03:27:42,noise
credit,499.28,,BRANCH34,Noah Okafor,ACCT8767615,2025-08-04 19:19:57,noise
debit,124.05,,BRANCH85,Victor Quinn,ACCT5253305,2025-09-30 09:29:23,noise
debit,1128.28,,BRANCH51,Victor Quinn,ACCT5253305,2025-09-29 10:25:44,noise
credit,154.36,,BRANCH85,Victor Quinn,ACCT5253305,2025-09-27 12:42:35,noise
credit,1636.03,ACCT9254547,BRANCH85,Victor Quinn,ACCT5253305,2025-09-27 19:25:28,noise
debit,686.5,ACCT7635791,BRANCH85,Victor Quinn,ACCT5253305,2025-09-24 18:26:54,noise
debit,1484.05,,BRANCH83,Victor Quinn,ACCT5253305,2025-09-24 13:27:11,noise
debit,837.63,ACCT2724754,BRANCH81,Victor Quinn,ACCT5253305,2025-09-23 17:31:02,noise
debit,1102.45,,BRANCH85,Victor Quinn,ACCT5253305,2025-09-22 04:26:23,noise
credit,1583.29,,BRANCH74,Victor Quinn,ACCT5253305,2025-09-22 08:38:46,noise
credit,1097.76,ACCT3564547,BRANCH89,Victor Quinn,ACCT5253305,2025-09-19 16:12:46,noise
credit,660.08,,BRANCH85,Victor Quinn,ACCT5253305,2025-09-18 14:36:43,noise
debit,194.25,,BRANCH85,Victor Quinn,ACCT5253305,2025-09-12 09:23:54,noise
credit,889.77,,BRANCH28,Victor Quinn,ACCT5253305,2025-09-11 09:37:28,noise
credit,185.31,,BRANCH85,Victor Quinn,ACCT5253305,2025-09-08 01:44:07,noise
credit,1348.24,,BRANCH85,Victor Quinn,ACCT5253305,2025-09-06 13:02:49,noise
credit,125.49,,BRANCH85,Victor Quinn,ACCT5253305,2025-09-05 12:02:06,noise
credit,500.72,ACCT6098328,BRANCH85,Victor Quinn,ACCT5253305,2025-09-05 14:36:32,noise
debit,3011.66,,BRANCH85,Victor Quinn,ACCT5253305,2025-09-03 16:24:31,noise
credit,861.48,,BRANCH24,Victor Quinn,ACCT5253305,2025-08-29 21:33:45,noise
credit,1334.84,,BRANCH85,Victor Quinn,ACCT5253305,2025-08-27 22:24:04,noise
debit,375.92,ACCT5973256,BRANCH85,Victor Quinn,ACCT5253305,2025-08-22 10:26:20,noise
credit,264.29,,BRANCH25,Victor Quinn,ACCT5253305,2025-08-22 16:05:56,noise
debit,1097.56,ACCT2831752,BRANCH49,Victor Quinn,ACCT5253305,2025-08-16 10:17:13,noise
credit,1769.15,,BRANCH88,Victor Quinn,ACCT5253305,2025-08-15 10:18:15,noise
credit,2828.98,,BRANCH88,Victor Quinn,ACCT5253305,2025-08-13 13:33:25,noise
debit,1449.08,,BRANCH85,Victor Quinn,ACCT5253305,2025-08-10 17:33:59,noise
credit,854.68,ACCT9976709,BRANCH85,Victor Quinn,ACCT5253305,2025-08-08 04:36:35,noise
debit,690.41,,BRANCH17,Lena Gomes,ACCT8445083,2025-09-29 15:12:04,noise
credit,415.03,,BRANCH17,Lena Gomes,ACCT8445083,2025-09-27 14:03:23,noise
credit,3100.39,ACCT7193362,BRANCH17,Lena Gomes,ACCT8445083,2025-09-24 11:40:33,noise
credit,521.11,,BRANCH90,Lena Gomes,ACCT8445083,2025-09-24 15:11:36,noise
credit,256.62,,BRANCH25,Lena Gomes,ACCT8445083,2025-09-19 11:16:19,noise
debit,578.17,ACCT1659971,BRANCH37,Lena Gomes,ACCT8445083,2025-09-18 09:02:38,noise
debit,1037.56,,BRANCH17,Lena Gomes,ACCT8445083,2025-09-17 09:20:49,noise
credit,875.29,,BRANCH17,Lena Gomes,ACCT8445083,2025-09-16 16:43:52,noise
credit,639.04,,BRANCH17,Lena Gomes,ACCT8445083,2025-09-15 11:29:18,noise
debit,546.19,,BRANCH17,Lena Gomes,ACCT8445083,2025-09-13 13:25:14,noise
credit,330.5,ACCT4773793,BRANCH17,Lena Gomes,ACCT8445083,2025-09-13 20:15:23,noise
debit,860.73,,BRANCH34,Lena Gomes,ACCT8445083,2025-09-07 20:23:00,noise
debit,822.7,ACCT7658407,BRANCH17,Lena Gomes,ACCT8445083,2025-09-07 21:17:40,noise
debit,1783.1,,BRANCH17,Lena Gomes,ACCT8445083,2025-09-05 10:39:16,noise
credit,1956.19,ACCT1843495,BRANCH17,Lena Gomes,ACCT8445083,2025-09-05 14:03:35,noise
debit,95.51,,BRANCH16,Lena Gomes,ACCT8445083,2025-08-31 09:36:54,noise
debit,1411.06,ACCT5126525,BRANCH17,Lena Gomes,ACCT8445083,2025-08-26 09:42:22,noise
credit,3982.77,ACCT1279610,BRANCH17,Lena Gomes,ACCT8445083,2025-08-26 02:35:34,noise
debit,392.57,,BRANCH53,Lena Gomes,ACCT8445083,2025-08-25 17:29:47,noise
credit,2116.94,ACCT9854988,BRANCH17,Lena Gomes,ACCT8445083,2025-08-24 18:30:27,noise
debit,2253.02,,BRANCH12,Lena Gomes,ACCT8445083,2025-08-14 08:25:21,noise
debit,43.44,ACCT6924004,BRANCH17,Lena Gomes,ACCT8445083,2025-08-13 08:36:40,noise
credit,1107.97,ACCT2831752,BRANCH17,Lena Gomes,ACCT8445083,2025-08-12 18:05:48,noise
credit,677.97,ACCT2776269,BRANCH17,Lena Gomes,ACCT8445083,2025-08-12 01:21:44,noise
credit,136.58,,BRANCH17,Lena Gomes,ACCT8445083,2025-08-11 20:37:38,noise
credit,1227.83,ACCT5772988,BRANCH80,Lena Gomes,ACCT8445083,2025-08-11 19:22:22,noise
debit,1066.96,,BRANCH17,Lena Gomes,ACCT8445083,2025-08-08 09:15:42,noise
debit,464.77,ACCT3952254,BRANCH17,Lena Gomes,ACCT8445083,2025-08-08 22:44:53,noise
debit,301.93,,BRANCH97,Wes Vargas,ACCT9254547,2025-10-01 11:16:47,noise
debit,1184.98,,BRANCH97,Wes Vargas,ACCT9254547,2025-09-29 12:22:32,noise
credit,1261.58,,BRANCH97,Wes Vargas,ACCT9254547,2025-09-26 11:11:10,noise
credit,451.38,,BRANCH90,Wes Vargas,ACCT9254547,2025-09-23 23:19:38,noise
credit,671.63,ACCT7908556,BRANCH97,Wes Vargas,ACCT9254547,2025-09-18 23:25:43,noise
credit,349.66,,BRANCH34,Wes Vargas,ACCT9254547,2025-09-15 08:19:48,noise
debit,288.17,,BRANCH62,Wes Vargas,ACCT9254547,2025-09-15 13:21:27,noise
credit,1732.41,,BRANCH97,Wes Vargas,ACCT9254547,2025-09-10 13:38:23,noise
debit,286.18,,BRANCH97,Wes Vargas,ACCT9254547,2025-09-08 11:24:18,noise
credit,448.89,,BRANCH97,Wes Vargas,ACCT9254547,2025-09-05 10:29:11,noise
debit,2058.79,,BRANCH97,Wes Vargas,ACCT9254547,2025-09-05 18:33:13,noise
credit,2481.0,ACCT3725977,BRANCH97,Wes Vargas,ACCT9254547,2025-09-02 12:23:44,noise
debit,544.7,,BRANCH30,Wes Vargas,ACCT9254547,2025-09-02 09:12:10,noise
debit,2843.42,,BRANCH87,Wes Vargas,ACCT9254547,2025-08-31 23:14:19,noise
credit,1789.02,,BRANCH57,Wes Vargas,ACCT9254547,2025-08-30 19:26:08,noise
debit,1031.85,,BRANCH12,Wes Vargas,ACCT9254547,2025-08-27 15:38:47,noise
credit,4336.25,,BRANCH97,Wes Vargas,ACCT9254547,2025-08-26 11:19:50,noise
debit,1294.54,,BRANCH97,Wes Vargas,ACCT9254547,2025-08-24 16:38:56,noise
credit,568.19,ACCT6893216,BRANCH97,Wes Vargas,ACCT9254547,2025-08-21 19:37:32,noise
debit,1105.35,,BRANCH97,Wes Vargas,ACCT9254547,2025-08-21 16:31:21,noise
credit,3583.14,,BRANCH97,Wes Vargas,ACCT9254547,2025-08-19 19:14:57,noise
credit,1091.9,,BRANCH40,Wes Vargas,ACCT9254547,2025-08-17 12:42:08,noise
credit,348.85,ACCT8738120,BRANCH97,Wes Vargas,ACCT9254547,2025-08-14 22:25:22,noise
debit,233.29,,BRANCH97,Wes Vargas,ACCT9254547,2025-08-12 08:24:30,noise
credit,647.63,,BRANCH97,Wes Vargas,ACCT9254547,2025-08-08 11:18:23,noise
debit,634.98,,BRANCH31,Wes Vargas,ACCT9254547,2025-08-08 08:36:04,noise
debit,592.97,,BRANCH97,Wes Vargas,ACCT9254547,2025-08-06 17:44:58,noise
credit,2183.63,,BRANCH97,Wes Vargas,ACCT9254547,2025-08-06 08:17:47,noise
debit,345.27,ACCT3609743,BRANCH17,Wes Vargas,ACCT9254547,2025-08-05 21:06:13,noise
debit,598.27,,BRANCH77,Wes Patida,ACCT7658407,2025-10-02 11:03:49,noise
debit,2490.38,,BRANCH62,Wes Patida,ACCT7658407,2025-10-02 20:10:59,noise
credit,1156.95,,BRANCH62,Wes Patida,ACCT7658407,2025-10-01 20:20:31,noise
credit,510.38,ACCT5364403,BRANCH62,Wes Patida,ACCT7658407,2025-10-01 19:10:45,noise
credit,999.97,,BRANCH62,Wes Patida,ACCT7658407,2025-09-25 12:10:48,noise
credit,573.35,ACCT8445083,BRANCH62,Wes Patida,ACCT7658407,2025-09-25 09:06:27,noise
credit,1763.24,,BRANCH62,Wes Patida,ACCT7658407,2025-09-20 11:01:25,noise
debit,2148.71,,BRANCH62,Wes Patida,ACCT7658407,2025-09-20 17:10:12,noise
credit,749.45,ACCT5973256,BRANCH62,Wes Patida,ACCT7658407,2025-09-15 12:19:45,noise
credit,3888.44,,BRANCH57,Wes Patida,ACCT7658407,2025-09-14 10:17:32,noise
debit,1022.67,ACCT8038690,BRANCH62,Wes Patida,ACCT7658407,2025-09-12 21:19:32,noise
debit,647.5,,BRANCH62,Wes Patida,ACCT7658407,2025-09-11 15:19:55,noise
debit,324.28,,BRANCH62,Wes Patida,ACCT7658407,2025-09-11 21:11:21,noise
credit,1250.59,,BRANCH62,Wes Patida,ACCT7658407,2025-09-08 10:38:20,noise
debit,1240.4,,BRANCH62,Wes Patida,ACCT7658407,2025-09-07 17:44:42,noise
credit,2775.27,,BRANCH62,Wes Patida,ACCT7658407,2025-09-07 14:14:23,noise
credit,1217.11,,BRANCH62,Wes Patida,ACCT7658407,2025-09-06 12:00:52,noise
debit,2393.35,,BRANCH62,Wes Patida,ACCT7658407,2025-09-06 09:45:10,noise
credit,179.88,,BRANCH62,Wes Patida,ACCT7658407,2025-09-01 11:44:13,noise
debit,70.95,,BRANCH62,Wes Patida,ACCT7658407,2025-09-01 04:24:57,noise
debit,1047.04,,BRANCH62,Wes Patida,ACCT7658407,2025-08-27 17:25:59,noise
debit,540.65,,BRANCH62,Wes Patida,ACCT7658407,2025-08-26 19:14:01,noise
debit,292.64,,BRANCH62,Wes Patida,ACCT7658407,2025-08-24 17:40:01,noise
credit,936.51,,BRANCH62,Wes Patida,ACCT7658407,2025-08-23 21:28:28,noise
credit,510.89,ACCT1573360,BRANCH24,Wes Patida,ACCT7658407,2025-08-23 09:33:59,noise
debit,661.34,,BRANCH59,Wes Patida,ACCT7658407,2025-08-21 12:10:24,noise
debit,304.82,ACCT1573360,BRANCH62,Wes Patida,ACCT7658407,2025-08-20 19:26:47,noise
credit,309.59,,BRANCH62,Wes Patida,ACCT7658407,2025-08-19 09:14:02,noise
credit,2021.43,,BRANCH62,Wes Patida,ACCT7658407,2025-08-17 12:39:27,noise
credit,218.66,,BRANCH62,Wes Patida,ACCT7658407,2025-08-16 19:18:07,noise
credit,413.16,ACCT9976709,BRANCH62,Wes Patida,ACCT7658407,2025-08-14 16:20:10,noise
debit,1731.66,,BRANCH62,Wes Patida,ACCT7658407,2025-08-13 20:22:12,noise
credit,4653.4,,BRANCH62,Wes Patida,ACCT7658407,2025-08-11 19:44:53,noise
credit,133.68,ACCT1573360,BRANCH62,Wes Patida,ACCT7658407,2025-08-09 16:08:30,noise
debit,270.48,ACCT6689818,BRANCH62,Wes Patida,ACCT7658407,2025-08-07 19:39:49,noise
credit,355.19,ACCT6429394,BRANCH62,Wes Patida,ACCT7658407,2025-08-07 10:36:56,noise
debit,504.54,ACCT3134951,BRANCH62,Wes Patida,ACCT7658407,2025-08-04 20:36:50,noise
credit,772.48,,BRANCH32,Xin Anderson,ACCT7908556,2025-10-03 13:27:04,noise
debit,278.2,,BRANCH32,Xin Anderson,ACCT7908556,2025-10-02 16:32:38,noise
credit,161.7,,BRANCH41,Xin Anderson,ACCT7908556,2025-09-29 18:00:51,noise
credit,993.28,ACCT1279610,BRANCH77,Xin Anderson,ACCT7908556,2025-09-29 21:22:22,noise
credit,755.89,,BRANCH32,Xin Anderson,ACCT7908556,2025-09-26 13:18:06,noise
debit,405.25,ACCT7193362,BRANCH32,Xin Anderson,ACCT7908556,2025-09-25 14:38:22,noise
credit,347.1,,BRANCH32,Xin Anderson,ACCT7908556,2025-09-25 19:26:12,noise
debit,696.41,,BRANCH32,Xin Anderson,ACCT7908556,2025-09-24 18:42:32,noise
debit,683.98,ACCT2082306,BRANCH32,Xin Anderson,ACCT7908556,2025-09-22 13:45:03,noise
debit,757.93,ACCT6604921,BRANCH32,Xin Anderson,ACCT7908556,2025-09-22 14:17:19,noise
debit,635.41,,BRANCH32,Xin Anderson,ACCT7908556,2025-09-17 20:06:04,noise
credit,1255.99,,BRANCH32,Xin Anderson,ACCT7908556,2025-09-17 17:07:46,noise
credit,865.59,,BRANCH32,Xin Anderson,ACCT7908556,2025-09-16 10:36:05,noise
credit,428.21,,BRANCH46,Xin Anderson,ACCT7908556,2025-09-13 16:03:07,noise
debit,441.07,,BRANCH32,Xin Anderson,ACCT7908556,2025-09-13 19:41:03,noise
debit,345.6,,BRANCH32,Xin Anderson,ACCT7908556,2025-09-12 17:27:25,noise
credit,210.63,,BRANCH38,Xin Anderson,ACCT7908556,2025-09-12 04:28:53,noise
debit,377.98,,BRANCH32,Xin Anderson,ACCT7908556,2025-09-09 09:13:58,noise
credit,537.06,,BRANCH31,Xin Anderson,ACCT7908556,2025-09-09 19:04:02,noise
credit,1370.59,,BRANCH32,Xin Anderson,ACCT7908556,2025-09-02 14:24:31,noise
debit,848.36,ACCT9474562,BRANCH32,Xin Anderson,ACCT7908556,2025-08-31 18:28:26,noise
debit,785.91,ACCT5914807,BRANCH44,Xin Anderson,ACCT7908556,2025-08-28 05:17:17,noise
credit,343.54,ACCT5724947,BRANCH29,Xin Anderson,ACCT7908556,2025-08-25 09:00:43,noise
debit,1040.7,,BRANCH32,Xin Anderson,ACCT7908556,2025-08-22 02:14:38,noise
credit,511.03,,BRANCH32,Xin Anderson,ACCT7908556,2025-08-19 09:33:12,noise
debit,347.74,,BRANCH32,Xin Anderson,ACCT7908556,2025-08-17 17:16:31,noise
debit,396.41,,BRANCH12,Xin Anderson,ACCT7908556,2025-08-16 13:17:39,noise
debit,274.75,,BRANCH98,Xin Anderson,ACCT7908556,2025-08-14 16:26:22,noise
credit,269.64,,BRANCH32,Xin Anderson,ACCT7908556,2025-08-13 17:26:10,noise
credit,555.32,,BRANCH43,Xin Anderson,ACCT7908556,2025-08-13 16:05:51,noise
debit,1484.76,,BRANCH32,Xin Anderson,ACCT7908556,2025-08-05 09:08:39,noise
debit,612.46,,BRANCH32,Xin Anderson,ACCT7908556,2025-08-05 20:36:41,noise
credit,87.87,,BRANCH71,Uma Zhou,ACCT4554970,2025-10-03 10:34:23,noise
credit,518.77,,BRANCH71,Uma Zhou,ACCT4554970,2025-10-03 16:45:34,noise
debit,195.26,,BRANCH71,Uma Zhou,ACCT4554970,2025-10-01 15:33:23,noise
credit,1006.2,ACCT5724947,BRANCH55,Uma Zhou,ACCT4554970,2025-09-29 15:22:58,noise
debit,1190.36,,BRANCH71,Uma Zhou,ACCT4554970,2025-09-29 23:22:14,noise
credit,687.64,,BRANCH57,Uma Zhou,ACCT4554970,2025-09-28 15:15:20,noise
credit,1174.86,ACCT1931022,BRANCH71,Uma Zhou,ACCT4554970,2025-09-28 09:21:48,noise
credit,582.14,,BRANCH71,Uma Zhou,ACCT4554970,2025-09-27 17:40:37,noise
debit,604.47,,BRANCH71,Uma Zhou,ACCT4554970,2025-09-24 14:25:07,noise
credit,505.3,,BRANCH71,Uma Zhou,ACCT4554970,2025-09-19 19:37:02,noise
debit,149.18,ACCT1059241,BRANCH85,Uma Zhou,ACCT4554970,2025-09-19 12:38:44,noise
credit,207.1,,BRANCH71,Uma Zhou,ACCT4554970,2025-09-18 13:02:03,noise
debit,609.22,,BRANCH71,Uma Zhou,ACCT4554970,2025-09-18 15:01:52,noise
credit,168.62,,BRANCH71,Uma Zhou,ACCT4554970,2025-09-13 22:25:59,noise
credit,224.28,,BRANCH71,Uma Zhou,ACCT4554970,2025-09-11 13:28:37,noise
credit,1811.65,,BRANCH71,Uma Zhou,ACCT4554970,2025-09-06 10:38:46,noise
debit,552.1,,BRANCH71,Uma Zhou,ACCT4554970,2025-09-01 21:16:36,noise
credit,1812.34,ACCT5652339,BRANCH58,Uma Zhou,ACCT4554970,2025-09-01 14:38:16,noise
debit,804.73,,BRANCH71,Uma Zhou,ACCT4554970,2025-08-31 15:01:59,noise
debit,1337.51,,BRANCH71,Uma Zhou,ACCT4554970,2025-08-30 04:42:30,noise
debit,219.06,,BRANCH71,Uma Zhou,ACCT4554970,2025-08-30 20:04:50,noise
debit,642.54,,BRANCH71,Uma Zhou,ACCT4554970,2025-08-28 09:42:55,noise
credit,573.78,ACCT7316496,BRANCH61,Uma Zhou,ACCT4554970,2025-08-27 18:33:04,noise
debit,146.71,,BRANCH71,Uma Zhou,ACCT4554970,2025-08-26 08:01:00,noise
credit,390.97,,BRANCH71,Uma Zhou,ACCT4554970,2025-08-25 23:04:31,noise
credit,678.18,,BRANCH71,Uma Zhou,ACCT4554970,2025-08-24 20:14:53,noise
credit,1459.45,,BRANCH71,Uma Zhou,ACCT4554970,2025-08-23 12:17:19,noise
credit,1132.92,ACCT6465142,BRANCH71,Uma Zhou,ACCT4554970,2025-08-23 14:11:08,noise
credit,659.0,,BRANCH20,Uma Zhou,ACCT4554970,2025-08-22 20:11:53,noise
credit,527.65,,BRANCH71,Uma Zhou,ACCT4554970,2025-08-22 14:15:55,noise
credit,934.29,ACCT6975186,BRANCH71,Uma Zhou,ACCT4554970,2025-08-21 22:42:42,noise
debit,197.46,,BRANCH71,Uma Zhou,ACCT4554970,2025-08-20 21:14:17,noise
credit,1227.91,,BRANCH71,Uma Zhou,ACCT4554970,2025-08-19 03:36:49,noise
credit,1250.93,,BRANCH71,Uma Zhou,ACCT4554970,2025-08-19 15:00:22,noise
debit,161.48,,BRANCH71,Uma Zhou,ACCT4554970,2025-08-18 08:24:44,noise
debit,1504.96,,BRANCH71,Uma Zhou,ACCT4554970,2025-08-18 15:41:57,noise
credit,4644.93,,BRANCH71,Uma Zhou,ACCT4554970,2025-08-13 08:14:48,noise
debit,1118.25,,BRANCH71,Uma Zhou,ACCT4554970,2025-08-12 15:20:17,noise
credit,1326.69,,BRANCH71,Uma Zhou,ACCT4554970,2025-08-11 13:23:30,noise
debit,4973.68,,BRANCH71,Uma Zhou,ACCT4554970,2025-08-11 16:19:30,noise
debit,320.6,,BRANCH92,Uma Zhou,ACCT4554970,2025-08-10 15:31:06,noise
credit,256.18,,BRANCH71,Uma Zhou,ACCT4554970,2025-08-07 08:36:26,noise
credit,809.21,,BRANCH71,Uma Zhou,ACCT4554970,2025-08-07 14:37:22,noise
credit,2253.59,ACCT1659971,BRANCH18,Kai Okafor,ACCT4046242,2025-10-03 08:25:22,noise
credit,365.99,,BRANCH84,Kai Okafor,ACCT4046242,2025-10-03 11:13:20,noise
debit,1464.42,ACCT1938438,BRANCH32,Kai Okafor,ACCT4046242,2025-10-02 16:01:40,noise
credit,488.2,ACCT5126525,BRANCH79,Kai Okafor,ACCT4046242,2025-10-02 10:40:57,noise
credit,352.06,,BRANCH32,Kai Okafor,ACCT4046242,2025-09-30 11:29:25,noise
debit,219.19,,BRANCH32,Kai Okafor,ACCT4046242,2025-09-29 15:27:44,noise
debit,706.92,,BRANCH32,Kai Okafor,ACCT4046242,2025-09-27 17:01:31,noise
credit,325.99,,BRANCH32,Kai Okafor,ACCT4046242,2025-09-27 20:24:44,noise
debit,1311.11,,BRANCH24,Kai Okafor,ACCT4046242,2025-09-26 19:00:43,noise
credit,1487.19,,BRANCH67,Kai Okafor,ACCT4046242,2025-09-24 16:23:44,noise
debit,255.71,,BRANCH32,Kai Okafor,ACCT4046242,2025-09-23 02:39:14,noise
credit,2272.12,ACCT6691811,BRANCH32,Kai Okafor,ACCT4046242,2025-09-21 11:33:26,noise
debit,726.87,,BRANCH32,Kai Okafor,ACCT4046242,2025-09-20 16:14:19,noise
credit,610.72,,BRANCH32,Kai Okafor,ACCT4046242,2025-09-20 09:26:59,noise
credit,770.85,,BRANCH49,Kai Okafor,ACCT4046242,2025-09-17 17:22:35,noise
debit,2479.58,ACCT6604921,BRANCH32,Kai Okafor,ACCT4046242,2025-09-16 16:10:16,noise
debit,602.05,,BRANCH32,Kai Okafor,ACCT4046242,2025-09-16 20:11:38,noise
debit,447.47,,BRANCH32,Kai Okafor,ACCT4046242,2025-09-15 14:44:38,noise
credit,2041.96,,BRANCH32,Kai Okafor,ACCT4046242,2025-09-13 12:03:26,noise
credit,587.6,,BRANCH32,Kai Okafor,ACCT4046242,2025-09-09 02:06:12,noise
credit,2088.18,ACCT3976612,BRANCH32,Kai Okafor,ACCT4046242,2025-09-06 14:04:56,noise
credit,858.86,,BRANCH83,Kai Okafor,ACCT4046242,2025-08-31 10:45:35,noise
credit,372.6,,BRANCH90,Kai Okafor,ACCT4046242,2025-08-31 16:12:07,noise
debit,674.65,,BRANCH32,Kai Okafor,ACCT4046242,2025-08-28 17:41:59,noise
credit,1179.84,ACCT9616853,BRANCH32,Kai Okafor,ACCT4046242,2025-08-27 14:33:21,noise
debit,1587.54,ACCT9474562,BRANCH32,Kai Okafor,ACCT4046242,2025-08-26 10:44:39,noise
credit,481.39,,BRANCH32,Kai Okafor,ACCT4046242,2025-08-24 11:05:40,noise
debit,597.63,,BRANCH32,Kai Okafor,ACCT4046242,2025-08-22 14:18:53,noise
debit,981.49,ACCT5724947,BRANCH32,Kai Okafor,ACCT4046242,2025-08-22 19:22:52,noise
debit,384.49,ACCT7203292,BRANCH83,Kai Okafor,ACCT4046242,2025-08-21 15:02:43,noise
credit,265.17,,BRANCH32,Kai Okafor,ACCT4046242,2025-08-19 12:11:18,noise
credit,479.71,,BRANCH32,Kai Okafor,ACCT4046242,2025-08-18 21:40:49,noise
credit,452.14,,BRANCH32,Kai Okafor,ACCT4046242,2025-08-16 01:08:41,noise
debit,777.09,ACCT6959371,BRANCH99,Kai Okafor,ACCT4046242,2025-08-16 16:16:27,noise
credit,1652.09,,BRANCH32,Kai Okafor,ACCT4046242,2025-08-15 09:14:43,noise
debit,301.29,,BRANCH55,Kai Okafor,ACCT4046242,2025-08-14 13:34:36,noise
credit,342.61,ACCT1089940,BRANCH38,Kai Okafor,ACCT4046242,2025-08-12 11:07:35,noise
debit,636.67,,BRANCH32,Kai Okafor,ACCT4046242,2025-08-11 10:27:15,noise
debit,1781.26,,BRANCH32,Kai Okafor,ACCT4046242,2025-08-08 19:27:07,noise
credit,509.39,ACCT5975709,BRANCH29,Fahad Rossi,ACCT3134951,2025-10-03 18:38:27,noise
credit,3180.33,ACCT3725977,BRANCH50,Fahad Rossi,ACCT3134951,2025-10-03 10:45:04,noise
credit,1052.61,,BRANCH50,Fahad Rossi,ACCT3134951,2025-10-02 12:08:33,noise
debit,183.24,,BRANCH48,Fahad Rossi,ACCT3134951,2025-09-30 17:29:42,noise
credit,1892.18,,BRANCH20,Fahad Rossi,ACCT3134951,2025-09-30 17:32:47,noise
debit,1012.02,ACCT7791456,BRANCH50,Fahad Rossi,ACCT3134951,2025-09-27 10:11:11,noise
credit,1494.83,,BRANCH50,Fahad Rossi,ACCT3134951,2025-09-23 16:09:13,noise
debit,134.73,,BRANCH50,Fahad Rossi,ACCT3134951,2025-09-22 15:22:07,noise
debit,350.59,,BRANCH50,Fahad Rossi,ACCT3134951,2025-09-20 08:11:42,noise
debit,413.78,,BRANCH50,Fahad Rossi,ACCT3134951,2025-09-18 10:16:33,noise
debit,473.4,,BRANCH50,Fahad Rossi,ACCT3134951,2025-09-16 14:12:42,noise
credit,152.16,ACCT2529649,BRANCH50,Fahad Rossi,ACCT3134951,2025-09-14 10:25:03,noise
credit,224.34,,BRANCH50,Fahad Rossi,ACCT3134951,2025-09-11 10:36:55,noise
debit,522.35,,BRANCH50,Fahad Rossi,ACCT3134951,2025-09-09 04:33:55,noise
credit,427.8,ACCT6514221,BRANCH50,Fahad Rossi,ACCT3134951,2025-09-09 11:30:57,noise
debit,1378.05,ACCT9976709,BRANCH16,Fahad Rossi,ACCT3134951,2025-09-08 19:24:10,noise
debit,502.66,,BRANCH73,Fahad Rossi,ACCT3134951,2025-09-08 11:38:26,noise
credit,469.67,,BRANCH50,Fahad Rossi,ACCT3134951,2025-09-07 20:14:05,noise
credit,673.3,,BRANCH50,Fahad Rossi,ACCT3134951,2025-09-06 15:00:18,noise
debit,2104.75,,BRANCH50,Fahad Rossi,ACCT3134951,2025-09-06 09:34:47,noise
debit,174.38,,BRANCH50,Fahad Rossi,ACCT3134951,2025-09-05 20:04:54,noise
debit,772.65,,BRANCH50,Fahad Rossi,ACCT3134951,2025-09-03 15:32:28,noise
debit,2819.11,,BRANCH50,Fahad Rossi,ACCT3134951,2025-08-31 18:24:24,noise
debit,468.2,,BRANCH50,Fahad Rossi,ACCT3134951,2025-08-31 17:16:29,noise
credit,231.06,,BRANCH50,Fahad Rossi,ACCT3134951,2025-08-30 23:21:32,noise
debit,461.9,ACCT3976612,BRANCH50,Fahad Rossi,ACCT3134951,2025-08-27 19:26:52,noise
debit,878.72,,BRANCH50,Fahad Rossi,ACCT3134951,2025-08-26 00:00:21,noise
credit,5518.71,,BRANCH50,Fahad Rossi,ACCT3134951,2025-08-26 21:35:42,noise
credit,421.72,ACCT7238407,BRANCH66,Fahad Rossi,ACCT3134951,2025-08-22 08:43:59,noise
debit,948.64,,BRANCH50,Fahad Rossi,ACCT3134951,2025-08-20 12:19:17,noise
credit,687.37,,BRANCH58,Fahad Rossi,ACCT3134951,2025-08-18 10:22:16,noise
debit,646.1,ACCT1089940,BRANCH50,Fahad Rossi,ACCT3134951,2025-08-17 15:19:10,noise
credit,3285.56,,BRANCH62,Fahad Rossi,ACCT3134951,2025-08-12 18:39:48,noise
credit,2565.62,ACCT2082306,BRANCH50,Fahad Rossi,ACCT3134951,2025-08-11 20:40:51,noise
debit,1107.79,ACCT3791396,BRANCH50,Fahad Rossi,ACCT3134951,2025-08-11 23:00:58,noise
credit,546.13,,BRANCH50,Fahad Rossi,ACCT3134951,2025-08-08 08:08:36,noise
debit,554.73,ACCT9523079,BRANCH50,Fahad Rossi,ACCT3134951,2025-08-07 09:00:57,noise
credit,398.26,ACCT1938438,BRANCH50,Fahad Rossi,ACCT3134951,2025-08-06 19:14:34,noise
debit,1305.31,,BRANCH50,Fahad Rossi,ACCT3134951,2025-08-06 01:40:11,noise
debit,1717.02,ACCT5975709,BRANCH31,Nia Novak,ACCT2724754,2025-10-03 14:39:40,noise
debit,392.6,,BRANCH31,Nia Novak,ACCT2724754,2025-10-03 15:21:10,noise
debit,483.59,,BRANCH31,Nia Novak,ACCT2724754,2025-10-02 15:32:45,noise
debit,261.23,,BRANCH31,Nia Novak,ACCT2724754,2025-10-01 10:36:55,noise
credit,151.72,,BRANCH31,Nia Novak,ACCT2724754,2025-09-29 11:18:18,noise
credit,303.53,,BRANCH31,Nia Novak,ACCT2724754,2025-09-24 03:07:46,noise
credit,391.8,,BRANCH31,Nia Novak,ACCT2724754,2025-09-20 23:22:17,noise
debit,394.8,,BRANCH31,Nia Novak,ACCT2724754,2025-09-18 08:29:58,noise
credit,1780.98,,BRANCH31,Nia Novak,ACCT2724754,2025-09-15 08:27:41,noise
debit,252.72,,BRANCH60,Nia Novak,ACCT2724754,2025-09-12 18:20:10,noise
credit,220.24,,BRANCH31,Nia Novak,ACCT2724754,2025-09-11 18:12:05,noise
debit,812.64,ACCT2082306,BRANCH31,Nia Novak,ACCT2724754,2025-09-10 15:11:50,noise
credit,406.15,,BRANCH31,Nia Novak,ACCT2724754,2025-09-05 15:11:51,noise
debit,1253.5,,BRANCH93,Nia Novak,ACCT2724754,2025-09-02 10:10:41,noise
credit,2109.47,ACCT4272266,BRANCH26,Nia Novak,ACCT2724754,2025-09-02 19:16:46,noise
debit,3000.0,ACCT3134951,BRANCH59,Nia Novak,ACCT2724754,2025-08-31 11:13:08,noise
debit,256.33,ACCT7274440,BRANCH81,Nia Novak,ACCT2724754,2025-08-31 20:09:14,noise
debit,549.86,,BRANCH31,Nia Novak,ACCT2724754,2025-08-25 21:39:50,noise
credit,980.16,,BRANCH31,Nia Novak,ACCT2724754,2025-08-25 17:03:50,noise
credit,470.51,ACCT2058494,BRANCH26,Nia Novak,ACCT2724754,2025-08-24 14:12:43,noise
debit,971.36,ACCT9523079,BRANCH22,Nia Novak,ACCT2724754,2025-08-23 13:37:47,noise
debit,426.36,,BRANCH31,Nia Novak,ACCT2724754,2025-08-22 05:13:17,noise
credit,133.9,ACCT2082306,BRANCH31,Nia Novak,ACCT2724754,2025-08-19 02:13:44,noise
debit,265.44,ACCT1617871,BRANCH11,Nia Novak,ACCT2724754,2025-08-19 21:12:53,noise
debit,290.86,ACCT1681992,BRANCH49,Nia Novak,ACCT2724754,2025-08-16 14:32:33,noise
debit,1166.98,ACCT6855691,BRANCH31,Nia Novak,ACCT2724754,2025-08-16 13:06:44,noise
credit,685.72,,BRANCH31,Nia Novak,ACCT2724754,2025-08-15 14:10:38,noise
debit,3000.0,ACCT6448016,BRANCH74,Nia Novak,ACCT2724754,2025-08-15 12:34:29,noise
debit,1064.0,,BRANCH52,Nia Novak,ACCT2724754,2025-08-13 14:41:37,noise
credit,2321.99,,BRANCH31,Nia Novak,ACCT2724754,2025-08-13 10:17:04,noise
credit,815.49,ACCT5253305,BRANCH54,Nia Novak,ACCT2724754,2025-08-11 12:31:27,noise
credit,1576.44,,BRANCH30,Nia Novak,ACCT2724754,2025-08-10 17:23:38,noise
debit,565.8,,BRANCH31,Nia Novak,ACCT2724754,2025-08-09 20:06:48,noise
credit,6450.31,,BRANCH31,Nia Novak,ACCT2724754,2025-08-08 10:05:56,noise
debit,949.91,,BRANCH31,Nia Novak,ACCT2724754,2025-08-04 15:05:55,noise
credit,1206.07,,BRANCH48,Ana Haddad,ACCT4773793,2025-10-01 08:01:35,noise
credit,899.76,,BRANCH85,Ana Haddad,ACCT4773793,2025-09-30 13:26:58,noise
credit,170.67,,BRANCH15,Ana Haddad,ACCT4773793,2025-09-29 11:18:21,noise
debit,1567.19,ACCT5088821,BRANCH48,Ana Haddad,ACCT4773793,2025-09-28 14:32:22,noise
debit,675.43,,BRANCH48,Ana Haddad,ACCT4773793,2025-09-28 10:34:50,noise
debit,432.18,ACCT2058494,BRANCH48,Ana Haddad,ACCT4773793,2025-09-26 10:10:30,noise
credit,565.26,,BRANCH60,Ana Haddad,ACCT4773793,2025-09-25 12:10:48,noise
debit,1327.55,,BRANCH48,Ana Haddad,ACCT4773793,2025-09-25 13:37:50,noise
credit,513.38,ACCT9854988,BRANCH87,Ana Haddad,ACCT4773793,2025-09-22 10:35:09,noise
credit,283.98,,BRANCH48,Ana Haddad,ACCT4773793,2025-09-21 19:03:48,noise
credit,1434.27,,BRANCH10,Ana Haddad,ACCT4773793,2025-09-17 12:40:21,noise
credit,431.71,,BRANCH48,Ana Haddad,ACCT4773793,2025-09-15 02:22:38,noise
debit,1137.26,ACCT5364403,BRANCH48,Ana Haddad,ACCT4773793,2025-09-11 15:36:03,noise
credit,2041.31,,BRANCH82,Ana Haddad,ACCT4773793,2025-09-09 17:16:09,noise
debit,1071.41,ACCT5772988,BRANCH48,Ana Haddad,ACCT4773793,2025-09-09 20:33:49,noise
credit,1657.64,,BRANCH96,Ana Haddad,ACCT4773793,2025-09-05 10:05:07,noise
debit,1147.51,,BRANCH48,Ana Haddad,ACCT4773793,2025-09-04 15:27:41,noise
debit,644.02,ACCT1843495,BRANCH83,Ana Haddad,ACCT4773793,2025-08-27 16:00:08,noise
debit,1203.0,ACCT7368128,BRANCH48,Ana Haddad,ACCT4773793,2025-08-24 23:09:56,noise
credit,1237.9,ACCT6893216,BRANCH48,Ana Haddad,ACCT4773793,2025-08-23 10:40:20,noise
credit,441.4,,BRANCH48,Ana Haddad,ACCT4773793,2025-08-20 21:00:31,noise
debit,236.78,,BRANCH48,Ana Haddad,ACCT4773793,2025-08-20 09:23:20,noise
credit,603.17,,BRANCH48,Ana Haddad,ACCT4773793,2025-08-19 13:30:43,noise
credit,130.12,,BRANCH48,Ana Haddad,ACCT4773793,2025-08-18 14:42:39,noise
credit,821.81,,BRANCH48,Ana Haddad,ACCT4773793,2025-08-17 15:41:45,noise
debit,2737.76,,BRANCH49,Ana Haddad,ACCT4773793,2025-08-17 17:30:28,noise
credit,864.16,,BRANCH48,Ana Haddad,ACCT4773793,2025-08-16 16:15:25,noise
credit,495.96,,BRANCH48,Ana Haddad,ACCT4773793,2025-08-16 16:43:27,noise
debit,629.69,,BRANCH48,Ana Haddad,ACCT4773793,2025-08-14 10:14:08,noise
credit,1040.79,,BRANCH48,Ana Haddad,ACCT4773793,2025-08-14 10:07:57,noise
credit,571.68,,BRANCH48,Ana Haddad,ACCT4773793,2025-08-12 08:38:13,noise
credit,2317.91,,BRANCH48,Ana Haddad,ACCT4773793,2025-08-08 11:40:21,noise
credit,616.02,,BRANCH48,Ana Haddad,ACCT4773793,2025-08-08 18:27:55,noise
credit,1061.5,,BRANCH48,Ana Haddad,ACCT4773793,2025-08-07 22:15:17,noise
credit,312.5,ACCT5975709,BRANCH68,Ana Haddad,ACCT4773793,2025-08-06 08:37:57,noise
debit,1121.0,,BRANCH48,Ana Haddad,ACCT4773793,2025-08-05 19:06:35,noise
debit,1345.38,,BRANCH18,Ana Haddad,ACCT4773793,2025-08-04 15:02:25,noise
debit,310.84,ACCT6465142,BRANCH81,Ana Haddad,ACCT4773793,2025-08-04 13:40:15,noise
credit,306.23,ACCT6893216,BRANCH29,Zane Diaz,ACCT3046155,2025-09-30 22:44:54,noise
credit,429.73,ACCT2058494,BRANCH29,Zane Diaz,ACCT3046155,2025-09-30 14:02:47,noise
credit,390.66,,BRANCH29,Zane Diaz,ACCT3046155,2025-09-29 15:36:27,noise
credit,884.34,,BRANCH29,Zane Diaz,ACCT3046155,2025-09-28 08:12:08,noise
credit,416.6,,BRANCH29,Zane Diaz,ACCT3046155,2025-09-27 10:35:35,noise
credit,505.93,ACCT1757571,BRANCH29,Zane Diaz,ACCT3046155,2025-09-26 17:28:47,noise
debit,554.55,,BRANCH29,Zane Diaz,ACCT3046155,2025-09-25 02:29:48,noise
credit,1585.78,,BRANCH29,Zane Diaz,ACCT3046155,2025-09-25 16:27:03,noise
debit,1842.3,ACCT4773793,BRANCH29,Zane Diaz,ACCT3046155,2025-09-24 10:21:53,noise
credit,534.3,ACCT6924004,BRANCH29,Zane Diaz,ACCT3046155,2025-09-22 09:34:22,noise
credit,3103.99,ACCT3723785,BRANCH27,Zane Diaz,ACCT3046155,2025-09-20 18:05:55,noise
credit,364.67,ACCT6959371,BRANCH29,Zane Diaz,ACCT3046155,2025-09-17 01:27:55,noise
debit,83.24,,BRANCH29,Zane Diaz,ACCT3046155,2025-09-16 08:13:24,noise
credit,749.37,ACCT6604921,BRANCH54,Zane Diaz,ACCT3046155,2025-09-14 20:28:01,noise
debit,493.29,,BRANCH91,Zane Diaz,ACCT3046155,2025-09-12 12:07:13,noise
debit,900.69,,BRANCH29,Zane Diaz,ACCT3046155,2025-09-11 17:41:36,noise
debit,1369.78,,BRANCH29,Zane Diaz,ACCT3046155,2025-09-10 05:21:40,noise
credit,430.57,,BRANCH29,Zane Diaz,ACCT3046155,2025-09-05 21:34:52,noise
debit,350.48,ACCT9927731,BRANCH29,Zane Diaz,ACCT3046155,2025-09-04 14:33:01,noise
credit,1455.01,,BRANCH29,Zane Diaz,ACCT3046155,2025-09-03 17:26:39,noise
credit,558.38,,BRANCH29,Zane Diaz,ACCT3046155,2025-09-03 10:31:56,noise
debit,1432.61,,BRANCH29,Zane Diaz,ACCT3046155,2025-09-02 20:06:58,noise
credit,199.86,,BRANCH29,Zane Diaz,ACCT3046155,2025-09-01 11:05:27,noise
credit,839.03,,BRANCH29,Zane Diaz,ACCT3046155,2025-08-31 00:09:17,noise
credit,973.1,ACCT9523079,BRANCH85,Zane Diaz,ACCT3046155,2025-08-28 12:30:36,noise
credit,1199.04,,BRANCH29,Zane Diaz,ACCT3046155,2025-08-25 18:05:48,noise
credit,349.77,ACCT1931022,BRANCH29,Zane Diaz,ACCT3046155,2025-08-23 02:40:09,noise
debit,135.88,,BRANCH29,Zane Diaz,ACCT3046155,2025-08-23 11:16:04,noise
debit,418.11,ACCT1617871,BRANCH12,Zane Diaz,ACCT3046155,2025-08-22 15:18:12,noise
credit,473.21,,BRANCH29,Zane Diaz,ACCT3046155,2025-08-22 00:41:47,noise
credit,790.35,,BRANCH29,Zane Diaz,ACCT3046155,2025-08-21 13:38:47,noise
debit,555.79,ACCT9523079,BRANCH29,Zane Diaz,ACCT3046155,2025-08-21 03:29:49,noise
credit,535.88,,BRANCH29,Zane Diaz,ACCT3046155,2025-08-20 14:42:36,noise
debit,112.28,ACCT5459265,BRANCH92,Zane Diaz,ACCT3046155,2025-08-20 10:31:19,noise
debit,392.35,ACCT2794986,BRANCH29,Zane Diaz,ACCT3046155,2025-08-16 14:10:44,noise
debit,567.62,,BRANCH26,Zane Diaz,ACCT3046155,2025-08-14 19:08:54,noise
debit,2445.94,,BRANCH52,Zane Diaz,ACCT3046155,2025-08-13 16:31:46,noise
credit,308.14,ACCT8495461,BRANCH29,Zane Diaz,ACCT3046155,2025-08-09 16:41:16,noise
debit,3426.73,,BRANCH29,Zane Diaz,ACCT3046155,2025-08-08 08:19:00,noise
credit,137.26,,BRANCH29,Zane Diaz,ACCT3046155,2025-08-08 08:11:22,noise
credit,643.51,,BRANCH29,Zane Diaz,ACCT3046155,2025-08-05 18:29:18,noise
credit,515.61,ACCT6975186,BRANCH29,Zane Diaz,ACCT3046155,2025-08-04 23:42:08,noise
debit,1156.33,,BRANCH50,Jin Anderson,ACCT6893216,2025-09-30 13:08:47,noise
debit,1172.95,ACCT4554970,BRANCH24,Jin Anderson,ACCT6893216,2025-09-30 16:22:50,noise
credit,1436.25,,BRANCH35,Jin Anderson,ACCT6893216,2025-09-27 00:17:46,noise
debit,760.49,ACCT1617871,BRANCH73,Jin Anderson,ACCT6893216,2025-09-27 10:45:57,noise
debit,356.14,,BRANCH73,Jin Anderson,ACCT6893216,2025-09-26 12:13:27,noise
debit,403.0,,BRANCH86,Jin Anderson,ACCT6893216,2025-09-25 15:01:02,noise
debit,551.12,,BRANCH73,Jin Anderson,ACCT6893216,2025-09-24 16:13:27,noise
debit,1572.91,,BRANCH73,Jin Anderson,ACCT6893216,2025-09-24 22:39:05,noise
debit,201.72,ACCT6975186,BRANCH95,Jin Anderson,ACCT6893216,2025-09-22 19:10:40,noise
credit,122.0,,BRANCH73,Jin Anderson,ACCT6893216,2025-09-20 18:39:21,noise
debit,2263.85,ACCT1757571,BRANCH73,Jin Anderson,ACCT6893216,2025-09-17 12:21:21,noise
credit,854.85,ACCT5652339,BRANCH73,Jin Anderson,ACCT6893216,2025-09-15 15:30:47,noise
debit,78.27,,BRANCH82,Jin Anderson,ACCT6893216,2025-09-12 21:28:38,noise
debit,679.57,,BRANCH58,Jin Anderson,ACCT6893216,2025-09-12 09:08:47,noise
credit,878.95,,BRANCH73,Jin Anderson,ACCT6893216,2025-09-11 08:36:05,noise
debit,2930.47,,BRANCH41,Jin Anderson,ACCT6893216,2025-09-09 16:37:04,noise
debit,1706.01,,BRANCH73,Jin Anderson,ACCT6893216,2025-09-08 15:01:34,noise
credit,404.14,,BRANCH73,Jin Anderson,ACCT6893216,2025-09-06 15:08:02,noise
debit,1273.34,ACCT2058494,BRANCH53,Jin Anderson,ACCT6893216,2025-09-06 16:22:51,noise
credit,756.92,,BRANCH21,Jin Anderson,ACCT6893216,2025-08-27 19:39:45,noise
credit,1333.63,ACCT1757571,BRANCH73,Jin Anderson,ACCT6893216,2025-08-26 20:27:29,noise
debit,1763.88,ACCT2794986,BRANCH73,Jin Anderson,ACCT6893216,2025-08-23 18:41:00,noise
credit,191.42,ACCT6975186,BRANCH73,Jin Anderson,ACCT6893216,2025-08-20 19:27:22,noise
debit,573.21,,BRANCH73,Jin Anderson,ACCT6893216,2025-08-20 20:06:20,noise
debit,977.07,,BRANCH12,Jin Anderson,ACCT6893216,2025-08-18 11:29:17,noise
debit,1481.1,,BRANCH20,Jin Anderson,ACCT6893216,2025-08-18 16:29:28,noise
credit,262.56,,BRANCH29,Jin Anderson,ACCT6893216,2025-08-15 11:40:44,noise
credit,1099.22,,BRANCH73,Jin Anderson,ACCT6893216,2025-08-13 22:17:00,noise
debit,3979.34,,BRANCH73,Jin Anderson,ACCT6893216,2025-08-10 01:44:08,noise
debit,147.23,ACCT5253305,BRANCH73,Jin Anderson,ACCT6893216,2025-08-09 02:18:29,noise
credit,511.06,,BRANCH73,Jin Anderson,ACCT6893216,2025-08-08 16:13:41,noise
debit,640.93,,BRANCH73,Jin Anderson,ACCT6893216,2025-08-06 20:16:40,noise
credit,1210.47,,BRANCH73,Jin Anderson,ACCT6893216,2025-08-06 16:43:15,noise
credit,673.59,,BRANCH73,Jin Anderson,ACCT6893216,2025-08-04 09:45:16,noise
debit,953.3,ACCT1757571,BRANCH80,Mara Meyer,ACCT3499450,2025-10-02 18:33:53,noise
credit,452.39,,BRANCH80,Mara Meyer,ACCT3499450,2025-10-02 02:21:22,noise
credit,316.09,,BRANCH63,Mara Meyer,ACCT3499450,2025-09-30 17:10:20,noise
debit,330.26,,BRANCH80,Mara Meyer,ACCT3499450,2025-09-29 15:14:48,noise
credit,454.91,,BRANCH92,Mara Meyer,ACCT3499450,2025-09-28 13:13:49,noise
credit,270.91,,BRANCH80,Mara Meyer,ACCT3499450,2025-09-28 19:19:10,noise
debit,294.19,,BRANCH73,Mara Meyer,ACCT3499450,2025-09-26 12:19:19,noise
credit,1477.2,,BRANCH80,Mara Meyer,ACCT3499450,2025-09-26 15:32:01,noise
debit,544.52,,BRANCH80,Mara Meyer,ACCT3499450,2025-09-25 22:26:48,noise
debit,329.66,,BRANCH39,Mara Meyer,ACCT3499450,2025-09-24 10:13:30,noise
debit,693.26,,BRANCH25,Mara Meyer,ACCT3499450,2025-09-23 17:42:37,noise
credit,1273.11,,BRANCH74,Mara Meyer,ACCT3499450,2025-09-17 21:10:04,noise
debit,319.85,,BRANCH80,Mara Meyer,ACCT3499450,2025-09-17 19:01:12,noise
credit,600.04,,BRANCH80,Mara Meyer,ACCT3499450,2025-09-15 19:18:41,noise
debit,1271.07,,BRANCH80,Mara Meyer,ACCT3499450,2025-09-13 11:05:57,noise
credit,962.76,ACCT4272266,BRANCH80,Mara Meyer,ACCT3499450,2025-09-11 16:25:04,noise
credit,2003.8,,BRANCH80,Mara Meyer,ACCT3499450,2025-09-06 10:15:36,noise
debit,1785.69,,BRANCH80,Mara Meyer,ACCT3499450,2025-09-04 19:36:12,noise
credit,86.87,,BRANCH80,Mara Meyer,ACCT3499450,2025-09-01 17:09:03,noise
credit,808.27,,BRANCH80,Mara Meyer,ACCT3499450,2025-08-31 18:10:34,noise
credit,155.06,ACCT5772988,BRANCH80,Mara Meyer,ACCT3499450,2025-08-31 16:41:35,noise
debit,675.05,,BRANCH80,Mara Meyer,ACCT3499450,2025-08-30 08:40:10,noise
credit,120.28,ACCT4575241,BRANCH80,Mara Meyer,ACCT3499450,2025-08-26 09:42:38,noise
credit,600.36,,BRANCH82,Mara Meyer,ACCT3499450,2025-08-26 10:41:27,noise
debit,985.07,,BRANCH80,Mara Meyer,ACCT3499450,2025-08-25 13:45:17,noise
credit,1427.77,,BRANCH80,Mara Meyer,ACCT3499450,2025-08-21 12:09:30,noise
credit,2334.07,,BRANCH68,Mara Meyer,ACCT3499450,2025-08-11 20:43:04,noise
credit,238.71,ACCT8445083,BRANCH80,Mara Meyer,ACCT3499450,2025-08-11 12:15:41,noise
credit,882.68,,BRANCH79,Mara Meyer,ACCT3499450,2025-08-08 18:21:42,noise
credit,760.21,,BRANCH80,Mara Meyer,ACCT3499450,2025-08-07 11:29:22,noise
credit,336.9,ACCT4272266,BRANCH80,Mara Meyer,ACCT3499450,2025-08-07 22:01:29,noise
credit,1085.38,,BRANCH50,Mara Meyer,ACCT3499450,2025-08-05 19:20:55,noise
debit,547.32,,BRANCH80,Mara Meyer,ACCT3499450,2025-08-04 12:34:07,noise
credit,373.66,,BRANCH80,Mara Meyer,ACCT3499450,2025-08-04 15:14:52,noise
debit,3155.75,,BRANCH83,Uma Tanaka,ACCT7274440,2025-09-30 14:30:36,noise
credit,1079.63,,BRANCH40,Uma Tanaka,ACCT7274440,2025-09-29 18:04:31,noise
debit,1471.98,ACCT1279610,BRANCH40,Uma Tanaka,ACCT7274440,2025-09-27 16:02:16,noise
credit,527.49,,BRANCH72,Uma Tanaka,ACCT7274440,2025-09-25 04:29:18,noise
debit,710.3,,BRANCH40,Uma Tanaka,ACCT7274440,2025-09-22 17:31:25,noise
debit,1162.64,,BRANCH40,Uma Tanaka,ACCT7274440,2025-09-21 10:38:47,noise
credit,244.31,,BRANCH93,Uma Tanaka,ACCT7274440,2025-09-21 19:10:36,noise
credit,1082.19,,BRANCH82,Uma Tanaka,ACCT7274440,2025-09-20 15:12:11,noise
debit,1071.09,,BRANCH40,Uma Tanaka,ACCT7274440,2025-09-18 18:22:49,noise
debit,1197.19,,BRANCH45,Uma Tanaka,ACCT7274440,2025-09-15 04:37:13,noise
credit,1881.15,,BRANCH40,Uma Tanaka,ACCT7274440,2025-09-14 14:09:39,noise
debit,459.35,,BRANCH72,Uma Tanaka,ACCT7274440,2025-09-14 16:29:57,noise
credit,308.43,ACCT5088821,BRANCH40,Uma Tanaka,ACCT7274440,2025-09-12 11:32:20,noise
credit,1918.86,,BRANCH98,Uma Tanaka,ACCT7274440,2025-09-07 02:18:07,noise
debit,1115.68,,BRANCH40,Uma Tanaka,ACCT7274440,2025-09-06 08:43:00,noise
credit,327.24,,BRANCH40,Uma Tanaka,ACCT7274440,2025-09-03 15:05:41,noise
credit,4621.15,,BRANCH40,Uma Tanaka,ACCT7274440,2025-09-02 13:14:51,noise
debit,258.61,ACCT6033220,BRANCH36,Uma Tanaka,ACCT7274440,2025-09-02 14:44:44,noise
debit,1110.97,,BRANCH40,Uma Tanaka,ACCT7274440,2025-08-30 17:30:11,noise
debit,192.13,,BRANCH40,Uma Tanaka,ACCT7274440,2025-08-29 14:15:14,noise
credit,697.42,,BRANCH40,Uma Tanaka,ACCT7274440,2025-08-27 14:31:01,noise
debit,1113.34,,BRANCH40,Uma Tanaka,ACCT7274440,2025-08-27 15:12:54,noise
debit,1234.67,ACCT2293591,BRANCH40,Uma Tanaka,ACCT7274440,2025-08-26 15:20:26,noise
debit,1072.01,,BRANCH40,Uma Tanaka,ACCT7274440,2025-08-25 08:13:30,noise
credit,208.38,ACCT6741191,BRANCH40,Uma Tanaka,ACCT7274440,2025-08-19 20:16:26,noise
debit,455.0,,BRANCH40,Uma Tanaka,ACCT7274440,2025-08-18 16:08:58,noise
debit,169.85,ACCT6975186,BRANCH64,Uma Tanaka,ACCT7274440,2025-08-17 05:12:16,noise
credit,446.75,,BRANCH40,Uma Tanaka,ACCT7274440,2025-08-16 16:05:59,noise
credit,391.89,,BRANCH74,Uma Tanaka,ACCT7274440,2025-08-16 08:04:09,noise
debit,1483.82,ACCT9854988,BRANCH30,Uma Tanaka,ACCT7274440,2025-08-14 13:24:03,noise
debit,382.1,,BRANCH40,Uma Tanaka,ACCT7274440,2025-08-10 18:05:32,noise
credit,190.93,,BRANCH94,Uma Tanaka,ACCT7274440,2025-08-09 23:06:23,noise
credit,236.3,,BRANCH29,Uma Tanaka,ACCT7274440,2025-08-08 04:33:01,noise
debit,495.19,ACCT6112555,BRANCH63,Uma Tanaka,ACCT7274440,2025-08-07 13:24:44,noise
credit,1511.4,,BRANCH38,Victor Unger,ACCT1617871,2025-09-26 08:15:09,noise
debit,677.83,,BRANCH38,Victor Unger,ACCT1617871,2025-09-26 12:25:49,noise
debit,220.63,ACCT4886186,BRANCH38,Victor Unger,ACCT1617871,2025-09-22 08:43:11,noise
debit,1223.13,,BRANCH38,Victor Unger,ACCT1617871,2025-09-22 17:28:53,noise
debit,78.22,ACCT6448016,BRANCH38,Victor Unger,ACCT1617871,2025-09-20 11:41:16,noise
debit,567.08,,BRANCH38,Victor Unger,ACCT1617871,2025-09-18 23:00:43,noise
debit,402.57,,BRANCH38,Victor Unger,ACCT1617871,2025-09-16 15:14:00,noise
credit,3159.29,ACCT4263191,BRANCH89,Victor Unger,ACCT1617871,2025-09-16 16:21:17,noise
credit,256.14,ACCT7316496,BRANCH38,Victor Unger,ACCT1617871,2025-09-15 12:17:14,noise
debit,82.71,ACCT2082306,BRANCH38,Victor Unger,ACCT1617871,2025-09-13 03:38:13,noise
credit,261.99,,BRANCH38,Victor Unger,ACCT1617871,2025-09-11 05:41:20,noise
debit,153.6,,BRANCH38,Victor Unger,ACCT1617871,2025-09-09 19:43:22,noise
debit,1934.82,,BRANCH78,Victor Unger,ACCT1617871,2025-09-07 12:09:09,noise
credit,442.79,,BRANCH93,Victor Unger,ACCT1617871,2025-09-07 10:21:18,noise
credit,725.24,,BRANCH38,Victor Unger,ACCT1617871,2025-09-06 16:15:56,noise
debit,708.29,ACCT1279610,BRANCH38,Victor Unger,ACCT1617871,2025-09-03 17:18:09,noise
credit,174.85,,BRANCH38,Victor Unger,ACCT1617871,2025-09-03 21:16:28,noise
credit,582.31,ACCT1757571,BRANCH38,Victor Unger,ACCT1617871,2025-08-30 12:32:07,noise
debit,1964.28,ACCT6448016,BRANCH38,Victor Unger,ACCT1617871,2025-08-30 19:18:16,noise
debit,365.17,ACCT6638415,BRANCH38,Victor Unger,ACCT1617871,2025-08-29 13:23:45,noise
debit,1004.23,,BRANCH38,Victor Unger,ACCT1617871,2025-08-29 01:11:07,noise
credit,302.84,ACCT5088821,BRANCH38,Victor Unger,ACCT1617871,2025-08-28 10:07:25,noise
credit,295.77,,BRANCH38,Victor Unger,ACCT1617871,2025-08-27 08:45:42,noise
credit,599.5,,BRANCH38,Victor Unger,ACCT1617871,2025-08-25 13:19:11,noise
credit,110.24,ACCT7635791,BRANCH38,Victor Unger,ACCT1617871,2025-08-22 22:42:11,noise
debit,520.28,ACCT1757571,BRANCH38,Victor Unger,ACCT1617871,2025-08-20 16:19:40,noise
credit,388.54,,BRANCH38,Victor Unger,ACCT1617871,2025-08-18 21:27:18,noise
debit,190.49,ACCT4263191,BRANCH38,Victor Unger,ACCT1617871,2025-08-16 15:20:44,noise
credit,249.61,,BRANCH38,Victor Unger,ACCT1617871,2025-08-16 18:17:30,noise
credit,512.39,,BRANCH38,Victor Unger,ACCT1617871,2025-08-14 08:20:52,noise
credit,1382.42,,BRANCH38,Victor Unger,ACCT1617871,2025-08-14 12:14:54,noise
credit,263.08,,BRANCH38,Victor Unger,ACCT1617871,2025-08-10 03:45:46,noise
debit,258.12,,BRANCH84,Victor Unger,ACCT1617871,2025-08-09 23:44:33,noise
credit,1482.17,,BRANCH38,Victor Unger,ACCT1617871,2025-08-06 11:06:46,noise
credit,827.48,ACCT6638415,BRANCH38,Victor Unger,ACCT1617871,2025-12-30 05:17:29,noise
credit,1898.8,ACCT7849357,BRANCH38,Victor Unger,ACCT1617871,2025-12-30 00:27:34,noise
credit,1078.93,ACCT1279610,BRANCH38,Victor Unger,ACCT1617871,2025-12-30 09:03:32,noise
credit,2454.1,ACCT6033220,BRANCH38,Victor Unger,ACCT1617871,2025-12-30 06:24:58,noise
credit,849.64,ACCT1659971,BRANCH38,Victor Unger,ACCT1617871,2025-12-30 21:17:04,noise
credit,2100.57,ACCT6033220,BRANCH38,Victor Unger,ACCT1617871,2025-12-30 19:20:54,noise
credit,2467.88,ACCT8392016,BRANCH38,Victor Unger,ACCT1617871,2025-12-30 21:20:45,noise
credit,1325.13,ACCT3791396,BRANCH38,Victor Unger,ACCT1617871,2025-12-30 12:05:13,noise
credit,2031.86,ACCT8738120,BRANCH38,Victor Unger,ACCT1617871,2025-12-30 00:25:20,noise
debit,1613.36,ACCT9077382,BRANCH38,Victor Unger,ACCT1617871,2025-12-31 01:01:12,noise
debit,1407.12,ACCT2724754,BRANCH38,Victor Unger,ACCT1617871,2025-12-31 01:02:28,noise
debit,1080.2,ACCT9077382,BRANCH38,Victor Unger,ACCT1617871,2025-12-31 07:17:58,noise
debit,703.14,ACCT7316496,BRANCH38,Victor Unger,ACCT1617871,2025-12-31 00:23:44,noise
debit,1116.39,ACCT6965602,BRANCH38,Victor Unger,ACCT1617871,2025-12-31 22:27:24,noise
debit,1227.81,ACCT5459265,BRANCH38,Victor Unger,ACCT1617871,2025-12-31 23:11:22,noise
debit,1315.38,ACCT2054858,BRANCH38,Victor Unger,ACCT1617871,2025-12-31 08:19:46,noise
debit,751.52,ACCT7791456,BRANCH38,Victor Unger,ACCT1617871,2025-12-31 02:01:32,noise
debit,1287.99,ACCT8738120,BRANCH38,Victor Unger,ACCT1617871,2025-12-31 07:15:11,noise
debit,1724.93,ACCT6514221,BRANCH38,Victor Unger,ACCT1617871,2025-12-31 06:01:13,noise
debit,1256.25,ACCT5652339,BRANCH38,Victor Unger,ACCT1617871,2025-12-31 23:22:19,noise
debit,1576.47,ACCT7791456,BRANCH38,Victor Unger,ACCT1617871,2025-12-31 10:17:15,noise
debit,1717.89,ACCT6098328,BRANCH38,Victor Unger,ACCT1617871,2025-12-31 16:12:03,noise
debit,809.27,,BRANCH92,Omar Gomes,ACCT3725977,2025-10-01 11:08:50,noise
debit,494.77,,BRANCH74,Omar Gomes,ACCT3725977,2025-10-01 09:31:17,noise
credit,432.9,ACCT2466722,BRANCH22,Omar Gomes,ACCT3725977,2025-09-28 20:02:46,noise
debit,464.24,,BRANCH22,Omar Gomes,ACCT3725977,2025-09-27 19:08:18,noise
debit,492.56,ACCT7002238,BRANCH56,Omar Gomes,ACCT3725977,2025-09-27 16:20:07,noise
debit,665.45,ACCT1573360,BRANCH22,Omar Gomes,ACCT3725977,2025-09-24 01:28:05,noise
debit,1080.96,,BRANCH22,Omar Gomes,ACCT3725977,2025-09-20 17:45:49,noise
debit,2888.23,ACCT2054858,BRANCH22,Omar Gomes,ACCT3725977,2025-09-20 15:20:34,noise
credit,501.52,ACCT5126525,BRANCH22,Omar Gomes,ACCT3725977,2025-09-18 16:05:18,noise
credit,480.4,,BRANCH22,Omar Gomes,ACCT3725977,2025-09-17 17:06:18,noise
debit,437.59,,BRANCH22,Omar Gomes,ACCT3725977,2025-09-17 17:08:01,noise
debit,1200.43,ACCT6465142,BRANCH18,Omar Gomes,ACCT3725977,2025-09-16 12:45:15,noise
debit,775.17,,BRANCH22,Omar Gomes,ACCT3725977,2025-09-15 18:34:58,noise
debit,579.31,,BRANCH22,Omar Gomes,ACCT3725977,2025-09-12 19:41:37,noise
debit,131.61,,BRANCH22,Omar Gomes,ACCT3725977,2025-09-11 11:20:05,noise
credit,1462.08,ACCT8392016,BRANCH22,Omar Gomes,ACCT3725977,2025-09-10 17:17:51,noise
debit,843.65,,BRANCH22,Omar Gomes,ACCT3725977,2025-09-10 16:36:47,noise
credit,1509.58,ACCT6604921,BRANCH22,Omar Gomes,ACCT3725977,2025-09-07 20:36:32,noise
debit,400.84,ACCT6033220,BRANCH22,Omar Gomes,ACCT3725977,2025-09-06 21:42:13,noise
credit,2127.62,ACCT5652339,BRANCH22,Omar Gomes,ACCT3725977,2025-09-04 22:20:54,noise
credit,435.83,,BRANCH22,Omar Gomes,ACCT3725977,2025-09-03 17:17:21,noise
credit,925.42,,BRANCH22,Omar Gomes,ACCT3725977,2025-09-03 20:32:50,noise
credit,254.36,,BRANCH80,Omar Gomes,ACCT3725977,2025-09-01 19:18:32,noise
credit,828.49,,BRANCH22,Omar Gomes,ACCT3725977,2025-09-01 15:33:23,noise
debit,365.25,,BRANCH22,Omar Gomes,ACCT3725977,2025-08-31 09:37:10,noise
debit,3458.33,,BRANCH71,Omar Gomes,ACCT3725977,2025-08-31 09:38:20,noise
debit,1685.32,,BRANCH22,Omar Gomes,ACCT3725977,2025-08-29 10:05:06,noise
credit,1876.75,,BRANCH22,Omar Gomes,ACCT3725977,2025-08-28 16:07:38,noise
credit,465.17,ACCT6429394,BRANCH22,Omar Gomes,ACCT3725977,2025-08-26 01:02:52,noise
credit,1711.86,ACCT3134951,BRANCH22,Omar Gomes,ACCT3725977,2025-08-25 01:01:33,noise
debit,602.18,,BRANCH22,Omar Gomes,ACCT3725977,2025-08-21 15:40:14,noise
credit,727.12,ACCT1938438,BRANCH22,Omar Gomes,ACCT3725977,2025-08-18 11:32:06,noise
debit,1134.63,,BRANCH22,Omar Gomes,ACCT3725977,2025-08-17 08:43:06,noise
debit,1322.45,,BRANCH72,Omar Gomes,ACCT3725977,2025-08-16 17:05:09,noise
credit,979.15,,BRANCH22,Omar Gomes,ACCT3725977,2025-08-13 16:25:44,noise
debit,1744.43,,BRANCH22,Omar Gomes,ACCT3725977,2025-08-13 12:32:41,noise
debit,289.71,,BRANCH22,Omar Gomes,ACCT3725977,2025-08-12 11:38:58,noise
debit,1893.0,,BRANCH22,Omar Gomes,ACCT3725977,2025-08-12 00:19:25,noise
credit,539.85,,BRANCH22,Omar Gomes,ACCT3725977,2025-08-11 20:12:45,noise
debit,822.35,,BRANCH22,Omar Gomes,ACCT3725977,2025-08-07 19:16:47,noise
credit,439.51,,BRANCH22,Omar Gomes,ACCT3725977,2025-08-05 11:45:39,noise
debit,211.09,,BRANCH69,Mara Brooks,ACCT3507254,2025-10-03 14:04:14,noise
debit,2785.0,ACCT4844844,BRANCH48,Mara Brooks,ACCT3507254,2025-10-01 01:08:36,noise
debit,176.73,ACCT9616853,BRANCH97,Mara Brooks,ACCT3507254,2025-09-30 09:07:38,noise
debit,592.05,,BRANCH69,Mara Brooks,ACCT3507254,2025-09-25 22:43:59,noise
debit,1599.43,ACCT2466722,BRANCH69,Mara Brooks,ACCT3507254,2025-09-20 04:06:34,noise
credit,510.44,ACCT4886186,BRANCH15,Mara Brooks,ACCT3507254,2025-09-20 17:34:33,noise
debit,1158.33,,BRANCH69,Mara Brooks,ACCT3507254,2025-09-17 18:15:38,noise
credit,151.5,,BRANCH69,Mara Brooks,ACCT3507254,2025-09-16 18:18:26,noise
credit,1231.57,,BRANCH66,Mara Brooks,ACCT3507254,2025-09-14 19:18:58,noise
credit,3353.53,,BRANCH25,Mara Brooks,ACCT3507254,2025-09-14 12:24:37,noise
debit,110.45,ACCT2724754,BRANCH69,Mara Brooks,ACCT3507254,2025-09-13 12:20:14,noise
debit,338.01,ACCT6183761,BRANCH69,Mara Brooks,ACCT3507254,2025-09-13 10:10:28,noise
debit,1458.31,,BRANCH69,Mara Brooks,ACCT3507254,2025-09-12 09:18:24,noise
credit,1147.89,,BRANCH69,Mara Brooks,ACCT3507254,2025-09-11 14:24:43,noise
debit,1500.14,,BRANCH39,Mara Brooks,ACCT3507254,2025-09-05 17:24:30,noise
debit,876.01,,BRANCH69,Mara Brooks,ACCT3507254,2025-09-04 09:23:36,noise
credit,791.29,,BRANCH69,Mara Brooks,ACCT3507254,2025-09-04 08:44:14,noise
debit,339.08,,BRANCH69,Mara Brooks,ACCT3507254,2025-09-01 08:45:52,noise
debit,652.26,ACCT5973256,BRANCH14,Mara Brooks,ACCT3507254,2025-08-31 18:05:42,noise
debit,515.3,ACCT6959371,BRANCH69,Mara Brooks,ACCT3507254,2025-08-29 13:28:22,noise
debit,333.22,,BRANCH69,Mara Brooks,ACCT3507254,2025-08-28 00:18:52,noise
debit,3000.0,ACCT8392016,BRANCH72,Mara Brooks,ACCT3507254,2025-08-26 20:04:36,noise
credit,966.29,,BRANCH69,Mara Brooks,ACCT3507254,2025-08-24 17:16:48,noise
debit,1827.61,,BRANCH69,Mara Brooks,ACCT3507254,2025-08-23 22:18:20,noise
debit,2157.96,,BRANCH69,Mara Brooks,ACCT3507254,2025-08-23 08:16:46,noise
credit,1567.08,,BRANCH69,Mara Brooks,ACCT3507254,2025-08-22 18:27:01,noise
credit,1198.74,ACCT1623538,BRANCH69,Mara Brooks,ACCT3507254,2025-08-22 22:33:46,noise
credit,568.24,,BRANCH69,Mara Brooks,ACCT3507254,2025-08-21 10:26:02,noise
credit,896.08,,BRANCH69,Mara Brooks,ACCT3507254,2025-08-21 14:13:42,noise
debit,1522.77,,BRANCH69,Mara Brooks,ACCT3507254,2025-08-20 17:43:25,noise
debit,2479.58,,BRANCH77,Mara Brooks,ACCT3507254,2025-08-19 21:35:45,noise
credit,920.12,ACCT6493789,BRANCH69,Mara Brooks,ACCT3507254,2025-08-18 14:06:39,noise
credit,376.11,,BRANCH69,Mara Brooks,ACCT3507254,2025-08-17 22:15:51,noise
debit,341.77,,BRANCH69,Mara Brooks,ACCT3507254,2025-08-16 14:13:44,noise
debit,184.64,,BRANCH69,Mara Brooks,ACCT3507254,2025-08-14 09:26:26,noise
debit,439.23,,BRANCH73,Mara Brooks,ACCT3507254,2025-08-14 10:37:09,noise
debit,695.3,,BRANCH79,Mara Brooks,ACCT3507254,2025-08-13 16:01:29,noise
debit,1041.61,,BRANCH69,Mara Brooks,ACCT3507254,2025-08-11 10:17:26,noise
credit,679.37,,BRANCH69,Mara Brooks,ACCT3507254,2025-08-09 13:30:16,noise
debit,1194.33,,BRANCH69,Mara Brooks,ACCT3507254,2025-08-09 20:21:23,noise
debit,589.04,,BRANCH31,Mara Brooks,ACCT3507254,2025-08-08 20:06:47,noise
credit,744.22,,BRANCH69,Mara Brooks,ACCT3507254,2025-08-04 10:02:10,noise
debit,119760.7,ACCT6112555,BRANCH69,Mara Brooks,ACCT3507254,2025-12-25 21:24:09,noise
debit,31024.55,ACCT5126525,BRANCH58,Xin Novak,ACCT6112555,2025-12-22 06:16:43,noise
debit,31147.49,ACCT1089940,BRANCH85,Victor Unger,ACCT5126525,2025-12-29 06:16:15,noise
debit,621.81,,BRANCH24,Elena Anderson,ACCT6959371,2025-10-02 18:14:08,noise
credit,681.34,,BRANCH73,Elena Anderson,ACCT6959371,2025-09-25 10:14:16,noise
credit,1688.43,,BRANCH55,Elena Anderson,ACCT6959371,2025-09-22 18:27:23,noise
credit,606.44,ACCT7584817,BRANCH55,Elena Anderson,ACCT6959371,2025-09-22 19:05:06,noise
debit,548.76,,BRANCH55,Elena Anderson,ACCT6959371,2025-09-20 16:37:42,noise
credit,300.83,,BRANCH64,Elena Anderson,ACCT6959371,2025-09-17 08:05:50,noise
credit,872.11,,BRANCH55,Elena Anderson,ACCT6959371,2025-09-16 19:00:30,noise
credit,134.54,,BRANCH55,Elena Anderson,ACCT6959371,2025-09-16 20:35:16,noise
debit,1310.33,,BRANCH55,Elena Anderson,ACCT6959371,2025-09-15 08:11:22,noise
credit,386.66,,BRANCH74,Elena Anderson,ACCT6959371,2025-09-14 19:17:38,noise
debit,67.47,ACCT5724947,BRANCH55,Elena Anderson,ACCT6959371,2025-09-12 23:03:32,noise
credit,541.77,,BRANCH19,Elena Anderson,ACCT6959371,2025-09-08 16:23:35,noise
credit,3382.06,,BRANCH55,Elena Anderson,ACCT6959371,2025-09-06 11:06:31,noise
credit,290.34,,BRANCH17,Elena Anderson,ACCT6959371,2025-09-05 00:31:10,noise
credit,157.2,,BRANCH55,Elena Anderson,ACCT6959371,2025-09-04 20:27:22,noise
debit,427.58,,BRANCH55,Elena Anderson,ACCT6959371,2025-09-04 19:24:47,noise
credit,1707.65,,BRANCH88,Elena Anderson,ACCT6959371,2025-09-03 09:03:40,noise
credit,578.72,,BRANCH99,Elena Anderson,ACCT6959371,2025-08-31 10:30:09,noise
credit,531.82,ACCT6855691,BRANCH55,Elena Anderson,ACCT6959371,2025-08-31 17:05:11,noise
debit,97.83,,BRANCH55,Elena Anderson,ACCT6959371,2025-08-29 21:13:51,noise
debit,575.54,,BRANCH55,Elena Anderson,ACCT6959371,2025-08-27 14:36:33,noise
credit,556.24,,BRANCH55,Elena Anderson,ACCT6959371,2025-08-27 04:40:58,noise
credit,3588.92,,BRANCH55,Elena Anderson,ACCT6959371,2025-08-26 08:13:12,noise
credit,1432.97,ACCT5459265,BRANCH55,Elena Anderson,ACCT6959371,2025-08-25 08:32:20,noise
credit,348.17,,BRANCH55,Elena Anderson,ACCT6959371,2025-08-25 12:35:23,noise
debit,213.37,,BRANCH55,Elena Anderson,ACCT6959371,2025-08-24 15:12:41,noise
debit,569.06,,BRANCH55,Elena Anderson,ACCT6959371,2025-08-22 13:24:36,noise
debit,298.26,,BRANCH55,Elena Anderson,ACCT6959371,2025-08-22 11:21:02,noise
debit,250.04,ACCT7002238,BRANCH55,Elena Anderson,ACCT6959371,2025-08-21 18:10:11,noise
credit,675.26,,BRANCH55,Elena Anderson,ACCT6959371,2025-08-21 12:10:42,noise
debit,381.21,,BRANCH55,Elena Anderson,ACCT6959371,2025-08-18 18:05:06,noise
debit,1085.82,,BRANCH55,Elena Anderson,ACCT6959371,2025-08-18 00:00:10,noise
credit,267.59,,BRANCH55,Elena Anderson,ACCT6959371,2025-08-15 16:08:46,noise
debit,119.37,,BRANCH55,Elena Anderson,ACCT6959371,2025-08-15 17:37:15,noise
debit,458.61,,BRANCH55,Elena Anderson,ACCT6959371,2025-08-10 09:23:26,noise
credit,398.99,,BRANCH55,Elena Anderson,ACCT6959371,2025-08-08 16:22:10,noise
credit,218.17,,BRANCH55,Elena Anderson,ACCT6959371,2025-08-05 20:28:03,noise
debit,1018.64,,BRANCH89,Elena Anderson,ACCT6959371,2025-08-05 12:10:29,noise
credit,928.23,,BRANCH34,Diego Tanaka,ACCT5975709,2025-10-02 17:32:04,noise
credit,674.85,,BRANCH46,Diego Tanaka,ACCT5975709,2025-09-29 20:26:37,noise
credit,177.42,,BRANCH14,Diego Tanaka,ACCT5975709,2025-09-29 02:02:09,noise
credit,570.82,,BRANCH14,Diego Tanaka,ACCT5975709,2025-09-26 16:45:23,noise
credit,407.77,,BRANCH33,Diego Tanaka,ACCT5975709,2025-09-25 12:33:14,noise
debit,1257.29,,BRANCH10,Diego Tanaka,ACCT5975709,2025-09-23 16:19:26,noise
debit,694.97,,BRANCH14,Diego Tanaka,ACCT5975709,2025-09-22 11:06:29,noise
debit,1508.59,,BRANCH14,Diego Tanaka,ACCT5975709,2025-09-20 11:07:56,noise
credit,356.01,,BRANCH14,Diego Tanaka,ACCT5975709,2025-09-18 12:18:26,noise
credit,461.45,ACCT2466722,BRANCH14,Diego Tanaka,ACCT5975709,2025-09-17 13:07:42,noise
debit,567.27,,BRANCH14,Diego Tanaka,ACCT5975709,2025-09-17 20:35:54,noise
credit,86.28,,BRANCH55,Diego Tanaka,ACCT5975709,2025-09-14 10:15:45,noise
debit,292.74,,BRANCH14,Diego Tanaka,ACCT5975709,2025-09-13 04:07:03,noise
debit,2092.84,ACCT7791456,BRANCH14,Diego Tanaka,ACCT5975709,2025-09-13 08:30:31,noise
credit,1592.58,,BRANCH14,Diego Tanaka,ACCT5975709,2025-09-12 03:02:38,noise
credit,580.82,,BRANCH14,Diego Tanaka,ACCT5975709,2025-09-12 19:15:21,noise
credit,599.46,,BRANCH41,Diego Tanaka,ACCT5975709,2025-09-11 22:12:43,noise
debit,367.85,ACCT1623538,BRANCH14,Diego Tanaka,ACCT5975709,2025-09-11 09:35:08,noise
credit,234.86,,BRANCH14,Diego Tanaka,ACCT5975709,2025-09-10 18:19:17,noise
credit,312.2,,BRANCH96,Diego Tanaka,ACCT5975709,2025-09-08 18:03:07,noise
debit,323.74,,BRANCH14,Diego Tanaka,ACCT5975709,2025-09-07 10:20:47,noise
credit,1788.97,,BRANCH15,Diego Tanaka,ACCT5975709,2025-09-05 18:34:29,noise
credit,646.39,,BRANCH87,Diego Tanaka,ACCT5975709,2025-08-31 20:03:59,noise
credit,1679.64,ACCT4263191,BRANCH14,Diego Tanaka,ACCT5975709,2025-08-30 08:07:03,noise
debit,537.61,,BRANCH52,Diego Tanaka,ACCT5975709,2025-08-30 16:04:38,noise
credit,311.19,,BRANCH14,Diego Tanaka,ACCT5975709,2025-08-28 09:20:15,noise
debit,283.81,ACCT5973256,BRANCH14,Diego Tanaka,ACCT5975709,2025-08-26 19:22:46,noise
debit,252.26,ACCT7316496,BRANCH14,Diego Tanaka,ACCT5975709,2025-08-24 20:36:55,noise
credit,903.17,,BRANCH14,Diego Tanaka,ACCT5975709,2025-08-24 14:17:07,noise
credit,1500.53,,BRANCH14,Diego Tanaka,ACCT5975709,2025-08-22 20:38:08,noise
debit,135.37,,BRANCH85,Diego Tanaka,ACCT5975709,2025-08-18 09:45:09,noise
debit,1010.52,,BRANCH14,Diego Tanaka,ACCT5975709,2025-08-17 02:14:43,noise
debit,831.55,ACCT4886186,BRANCH14,Diego Tanaka,ACCT5975709,2025-08-16 02:11:31,noise
credit,293.96,ACCT6112555,BRANCH14,Diego Tanaka,ACCT5975709,2025-08-16 10:04:03,noise
credit,380.56,ACCT3854268,BRANCH14,Diego Tanaka,ACCT5975709,2025-08-15 12:41:10,noise
credit,206.42,,BRANCH14,Diego Tanaka,ACCT5975709,2025-08-15 15:05:55,noise
debit,388.89,,BRANCH14,Diego Tanaka,ACCT5975709,2025-08-12 16:19:29,noise
debit,467.87,,BRANCH14,Diego Tanaka,ACCT5975709,2025-08-11 16:37:31,noise
credit,720.76,ACCT7274440,BRANCH14,Diego Tanaka,ACCT5975709,2025-08-10 10:11:37,noise
credit,1367.42,,BRANCH14,Diego Tanaka,ACCT5975709,2025-08-09 08:13:28,noise
credit,1177.94,ACCT6429394,BRANCH14,Diego Tanaka,ACCT5975709,2025-08-09 14:31:39,noise
debit,168.54,ACCT6098328,BRANCH14,Diego Tanaka,ACCT5975709,2025-08-08 18:11:39,noise
credit,570.02,ACCT4046242,BRANCH14,Diego Tanaka,ACCT5975709,2025-08-08 04:43:46,noise
credit,323.42,,BRANCH14,Diego Tanaka,ACCT5975709,2025-08-07 20:05:57,noise
credit,1166.77,,BRANCH14,Diego Tanaka,ACCT5975709,2025-08-04 19:08:13,noise
debit,326.96,ACCT3547928,BRANCH11,Omar Chen,ACCT5459265,2025-10-01 19:43:49,noise
credit,577.7,ACCT5772988,BRANCH11,Omar Chen,ACCT5459265,2025-10-01 15:16:10,noise
debit,1476.17,,BRANCH11,Omar Chen,ACCT5459265,2025-09-28 12:39:24,noise
debit,789.15,,BRANCH57,Omar Chen,ACCT5459265,2025-09-27 19:34:10,noise
credit,1367.35,,BRANCH11,Omar Chen,ACCT5459265,2025-09-27 21:38:21,noise
debit,838.52,,BRANCH28,Omar Chen,ACCT5459265,2025-09-26 19:38:30,noise
credit,2270.26,,BRANCH11,Omar Chen,ACCT5459265,2025-09-24 19:29:02,noise
debit,1210.5,,BRANCH11,Omar Chen,ACCT5459265,2025-09-22 12:23:36,noise
debit,389.92,ACCT6514221,BRANCH11,Omar Chen,ACCT5459265,2025-09-22 02:23:38,noise
credit,508.63,ACCT2831752,BRANCH11,Omar Chen,ACCT5459265,2025-09-20 20:41:38,noise
credit,980.38,,BRANCH23,Omar Chen,ACCT5459265,2025-09-17 00:22:27,noise
debit,1514.0,ACCT8901604,BRANCH11,Omar Chen,ACCT5459265,2025-09-17 08:32:19,noise
credit,509.45,ACCT1757571,BRANCH81,Omar Chen,ACCT5459265,2025-09-16 09:39:43,noise
debit,1133.3,,BRANCH11,Omar Chen,ACCT5459265,2025-09-13 17:22:07,noise
debit,859.38,ACCT6959371,BRANCH13,Omar Chen,ACCT5459265,2025-09-11 19:21:38,noise
credit,305.28,,BRANCH11,Omar Chen,ACCT5459265,2025-09-10 18:13:08,noise
debit,780.47,,BRANCH11,Omar Chen,ACCT5459265,2025-09-08 09:24:55,noise
debit,249.45,,BRANCH73,Omar Chen,ACCT5459265,2025-09-08 09:24:44,noise
credit,125.88,,BRANCH11,Omar Chen,ACCT5459265,2025-09-06 11:36:22,noise
debit,704.68,,BRANCH11,Omar Chen,ACCT5459265,2025-09-04 02:10:47,noise
debit,635.79,,BRANCH11,Omar Chen,ACCT5459265,2025-09-02 16:05:08,noise
debit,1609.64,,BRANCH78,Omar Chen,ACCT5459265,2025-08-31 15:39:31,noise
debit,639.61,ACCT9254547,BRANCH11,Omar Chen,ACCT5459265,2025-08-26 14:15:02,noise
debit,198.05,,BRANCH11,Omar Chen,ACCT5459265,2025-08-26 16:07:34,noise
credit,1116.85,,BRANCH11,Omar Chen,ACCT5459265,2025-08-25 19:43:57,noise
credit,1699.5,,BRANCH32,Omar Chen,ACCT5459265,2025-08-25 08:25:52,noise
credit,379.18,ACCT2887885,BRANCH11,Omar Chen,ACCT5459265,2025-08-23 15:05:37,noise
debit,430.96,,BRANCH11,Omar Chen,ACCT5459265,2025-08-23 15:29:54,noise
credit,767.81,,BRANCH19,Omar Chen,ACCT5459265,2025-08-22 19:31:22,noise
credit,819.85,ACCT9854988,BRANCH11,Omar Chen,ACCT5459265,2025-08-21 19:29:36,noise
credit,1215.0,,BRANCH42,Omar Chen,ACCT5459265,2025-08-21 12:20:43,noise
credit,73.39,,BRANCH29,Omar Chen,ACCT5459265,2025-08-15 16:03:09,noise
debit,649.15,,BRANCH11,Omar Chen,ACCT5459265,2025-08-14 17:36:34,noise
credit,933.58,,BRANCH11,Omar Chen,ACCT5459265,2025-08-14 15:05:00,noise
credit,2366.77,,BRANCH11,Omar Chen,ACCT5459265,2025-08-11 11:33:59,noise
debit,558.65,,BRANCH11,Omar Chen,ACCT5459265,2025-08-10 10:12:53,noise
debit,440.53,,BRANCH11,Omar Chen,ACCT5459265,2025-08-10 11:11:01,noise
credit,2582.37,,BRANCH11,Omar Chen,ACCT5459265,2025-08-09 08:41:46,noise
credit,217.04,,BRANCH11,Omar Chen,ACCT5459265,2025-08-07 17:40:51,noise
debit,345.37,,BRANCH11,Omar Chen,ACCT5459265,2025-08-05 15:29:48,noise
credit,4468.91,ACCT5973256,BRANCH99,Ravi Gomes,ACCT1059241,2025-10-03 15:08:55,noise
debit,940.71,ACCT2054858,BRANCH73,Ravi Gomes,ACCT1059241,2025-10-01 11:45:28,noise
debit,501.78,,BRANCH50,Ravi Gomes,ACCT1059241,2025-10-01 16:19:02,noise
credit,2114.54,,BRANCH14,Ravi Gomes,ACCT1059241,2025-09-30 13:30:33,noise
credit,343.81,,BRANCH99,Ravi Gomes,ACCT1059241,2025-09-28 17:41:10,noise
debit,590.73,,BRANCH99,Ravi Gomes,ACCT1059241,2025-09-26 13:11:24,noise
debit,1171.73,,BRANCH99,Ravi Gomes,ACCT1059241,2025-09-26 18:08:10,noise
credit,387.85,,BRANCH33,Ravi Gomes,ACCT1059241,2025-09-25 17:20:15,noise
debit,673.69,,BRANCH48,Ravi Gomes,ACCT1059241,2025-09-23 09:20:36,noise
credit,958.37,,BRANCH99,Ravi Gomes,ACCT1059241,2025-09-21 01:13:39,noise
credit,1208.32,ACCT1623538,BRANCH99,Ravi Gomes,ACCT1059241,2025-09-21 18:21:29,noise
debit,130.57,,BRANCH99,Ravi Gomes,ACCT1059241,2025-09-20 10:37:15,noise
debit,557.52,,BRANCH99,Ravi Gomes,ACCT1059241,2025-09-19 15:09:04,noise
debit,1524.14,,BRANCH83,Ravi Gomes,ACCT1059241,2025-09-19 01:07:39,noise
credit,1140.0,,BRANCH46,Ravi Gomes,ACCT1059241,2025-09-13 12:15:55,noise
credit,445.73,ACCT5724947,BRANCH99,Ravi Gomes,ACCT1059241,2025-09-09 10:39:50,noise
debit,2257.83,ACCT2831752,BRANCH99,Ravi Gomes,ACCT1059241,2025-09-09 18:16:12,noise
credit,1250.81,,BRANCH77,Ravi Gomes,ACCT1059241,2025-09-08 13:09:18,noise
credit,341.64,ACCT4886186,BRANCH99,Ravi Gomes,ACCT1059241,2025-09-04 17:13:52,noise
credit,84.73,,BRANCH99,Ravi Gomes,ACCT1059241,2025-09-03 12:40:05,noise
credit,838.22,,BRANCH99,Ravi Gomes,ACCT1059241,2025-09-01 21:16:23,noise
debit,360.41,,BRANCH99,Ravi Gomes,ACCT1059241,2025-08-30 13:32:04,noise
credit,1434.72,ACCT9854988,BRANCH46,Ravi Gomes,ACCT1059241,2025-08-28 10:30:28,noise
credit,1454.11,,BRANCH99,Ravi Gomes,ACCT1059241,2025-08-27 12:10:35,noise
credit,1708.95,,BRANCH99,Ravi Gomes,ACCT1059241,2025-08-26 20:14:33,noise
credit,675.64,,BRANCH99,Ravi Gomes,ACCT1059241,2025-08-23 11:39:23,noise
debit,567.6,,BRANCH31,Ravi Gomes,ACCT1059241,2025-08-18 23:37:01,noise
debit,5714.08,,BRANCH12,Ravi Gomes,ACCT1059241,2025-08-16 14:28:51,noise
credit,239.79,,BRANCH99,Ravi Gomes,ACCT1059241,2025-08-14 16:15:33,noise
credit,720.13,,BRANCH99,Ravi Gomes,ACCT1059241,2025-08-11 19:40:55,noise
credit,1258.34,,BRANCH99,Ravi Gomes,ACCT1059241,2025-08-10 22:45:46,noise
debit,518.37,,BRANCH26,Ravi Gomes,ACCT1059241,2025-08-09 12:19:35,noise
debit,811.88,,BRANCH99,Ravi Gomes,ACCT1059241,2025-08-09 09:24:16,noise
debit,976.59,,BRANCH99,Ravi Gomes,ACCT1059241,2025-08-08 16:17:34,noise
debit,865.9,ACCT4272266,BRANCH65,Ravi Gomes,ACCT1059241,2025-08-08 16:18:11,noise
debit,113.13,,BRANCH99,Ravi Gomes,ACCT1059241,2025-08-06 10:37:57,noise
debit,2340.18,ACCT6975186,BRANCH15,Ravi Gomes,ACCT1059241,2025-08-05 09:07:10,noise
credit,360.39,ACCT6223031,BRANCH83,Ravi Gomes,ACCT1059241,2025-08-04 09:40:10,noise
credit,941.28,,BRANCH99,Ravi Gomes,ACCT1059241,2025-08-04 20:05:37,noise
debit,337.31,,BRANCH46,Lena Okafor,ACCT4575241,2025-10-02 13:31:01,noise
credit,320.27,,BRANCH46,Lena Okafor,ACCT4575241,2025-09-29 03:17:23,noise
credit,115.95,,BRANCH46,Lena Okafor,ACCT4575241,2025-09-28 15:38:04,noise
debit,352.27,,BRANCH85,Lena Okafor,ACCT4575241,2025-09-26 08:06:50,noise
debit,1012.43,,BRANCH46,Lena Okafor,ACCT4575241,2025-09-22 20:11:49,noise
credit,1136.35,ACCT2776269,BRANCH46,Lena Okafor,ACCT4575241,2025-09-17 09:19:37,noise
debit,499.37,,BRANCH46,Lena Okafor,ACCT4575241,2025-09-16 15:09:17,noise
credit,749.46,,BRANCH46,Lena Okafor,ACCT4575241,2025-09-13 14:39:41,noise
debit,106.42,,BRANCH24,Lena Okafor,ACCT4575241,2025-09-10 10:29:50,noise
debit,561.12,,BRANCH46,Lena Okafor,ACCT4575241,2025-09-03 18:29:11,noise
debit,517.01,,BRANCH46,Lena Okafor,ACCT4575241,2025-08-30 14:04:57,noise
debit,3081.61,,BRANCH46,Lena Okafor,ACCT4575241,2025-08-27 19:31:03,noise
credit,908.77,,BRANCH51,Lena Okafor,ACCT4575241,2025-08-27 08:13:26,noise
debit,461.82,,BRANCH46,Lena Okafor,ACCT4575241,2025-08-23 10:12:17,noise
credit,1767.7,,BRANCH46,Lena Okafor,ACCT4575241,2025-08-23 10:37:40,noise
credit,550.26,,BRANCH46,Lena Okafor,ACCT4575241,2025-08-20 18:30:19,noise
credit,249.82,ACCT7238407,BRANCH46,Lena Okafor,ACCT4575241,2025-08-17 16:18:08,noise
credit,2366.4,ACCT5459265,BRANCH46,Lena Okafor,ACCT4575241,2025-08-17 16:42:06,noise
credit,392.68,,BRANCH46,Lena Okafor,ACCT4575241,2025-08-10 10:28:20,noise
credit,329.79,ACCT1196096,BRANCH25,Lena Okafor,ACCT4575241,2025-08-10 16:14:25,noise
credit,350.09,,BRANCH46,Lena Okafor,ACCT4575241,2025-08-07 19:19:40,noise
credit,474.48,,BRANCH46,Lena Okafor,ACCT4575241,2025-08-05 11:37:59,noise
debit,2187.54,,BRANCH46,Lena Okafor,ACCT4575241,2025-08-05 23:07:23,noise
credit,342.48,,BRANCH46,Lena Okafor,ACCT4575241,2025-08-04 17:25:52,noise
debit,537.26,,BRANCH92,Ravi ElSayed,ACCT2058494,2025-10-03 05:18:33,noise
debit,976.77,,BRANCH36,Ravi ElSayed,ACCT2058494,2025-10-03 04:39:40,noise
credit,881.19,ACCT6112555,BRANCH68,Ravi ElSayed,ACCT2058494,2025-10-01 13:37:24,noise
debit,621.1,,BRANCH68,Ravi ElSayed,ACCT2058494,2025-10-01 00:09:26,noise
credit,296.19,,BRANCH55,Ravi ElSayed,ACCT2058494,2025-09-30 11:21:18,noise
credit,843.95,ACCT7658407,BRANCH68,Ravi ElSayed,ACCT2058494,2025-09-29 10:02:43,noise
debit,637.24,,BRANCH68,Ravi ElSayed,ACCT2058494,2025-09-27 20:24:19,noise
debit,444.3,,BRANCH68,Ravi ElSayed,ACCT2058494,2025-09-26 18:16:26,noise
credit,285.27,,BRANCH68,Ravi ElSayed,ACCT2058494,2025-09-26 04:34:06,noise
debit,1241.33,,BRANCH57,Ravi ElSayed,ACCT2058494,2025-09-25 09:29:06,noise
debit,1127.89,,BRANCH68,Ravi ElSayed,ACCT2058494,2025-09-23 23:05:15,noise
credit,1487.11,,BRANCH68,Ravi ElSayed,ACCT2058494,2025-09-22 13:02:54,noise
credit,1293.24,ACCT6223031,BRANCH68,Ravi ElSayed,ACCT2058494,2025-09-21 15:26:10,noise
debit,183.01,,BRANCH68,Ravi ElSayed,ACCT2058494,2025-09-21 10:11:03,noise
credit,738.11,,BRANCH68,Ravi ElSayed,ACCT2058494,2025-09-19 09:14:10,noise
debit,579.18,,BRANCH12,Ravi ElSayed,ACCT2058494,2025-09-13 10:31:41,noise
debit,414.43,,BRANCH68,Ravi ElSayed,ACCT2058494,2025-09-12 17:15:46,noise
credit,571.99,ACCT5914807,BRANCH68,Ravi ElSayed,ACCT2058494,2025-09-11 09:35:31,noise
debit,723.0,,BRANCH68,Ravi ElSayed,ACCT2058494,2025-09-10 19:08:32,noise
debit,878.01,,BRANCH79,Ravi ElSayed,ACCT2058494,2025-09-10 18:17:27,noise
debit,514.12,,BRANCH68,Ravi ElSayed,ACCT2058494,2025-09-08 05:08:43,noise
credit,271.03,,BRANCH68,Ravi ElSayed,ACCT2058494,2025-09-07 17:09:17,noise
debit,207.35,,BRANCH69,Ravi ElSayed,ACCT2058494,2025-09-07 14:38:35,noise
credit,281.76,,BRANCH68,Ravi ElSayed,ACCT2058494,2025-09-03 10:18:49,noise
credit,774.16,ACCT2466722,BRANCH68,Ravi ElSayed,ACCT2058494,2025-09-03 09:44:45,noise
debit,1323.16,,BRANCH68,Ravi ElSayed,ACCT2058494,2025-09-02 00:09:12,noise
credit,686.34,,BRANCH68,Ravi ElSayed,ACCT2058494,2025-09-02 17:20:22,noise
debit,1421.07,,BRANCH49,Ravi ElSayed,ACCT2058494,2025-08-31 21:08:11,noise
debit,457.38,,BRANCH21,Ravi ElSayed,ACCT2058494,2025-08-31 08:23:00,noise
debit,591.48,,BRANCH12,Ravi ElSayed,ACCT2058494,2025-08-29 17:05:42,noise
credit,584.12,,BRANCH73,Ravi ElSayed,ACCT2058494,2025-08-27 12:36:13,noise
credit,826.14,,BRANCH68,Ravi ElSayed,ACCT2058494,2025-08-26 15:44:03,noise
credit,205.75,,BRANCH68,Ravi ElSayed,ACCT2058494,2025-08-25 18:41:40,noise
credit,1532.64,,BRANCH68,Ravi ElSayed,ACCT2058494,2025-08-23 18:14:20,noise
debit,503.73,,BRANCH68,Ravi ElSayed,ACCT2058494,2025-08-22 01:14:39,noise
credit,1345.61,ACCT6448016,BRANCH68,Ravi ElSayed,ACCT2058494,2025-08-22 21:42:17,noise
credit,1358.23,,BRANCH68,Ravi ElSayed,ACCT2058494,2025-08-18 15:21:47,noise
debit,1219.83,,BRANCH68,Ravi ElSayed,ACCT2058494,2025-08-14 22:11:02,noise
debit,396.96,,BRANCH68,Ravi ElSayed,ACCT2058494,2025-08-14 03:27:22,noise
credit,280.06,,BRANCH28,Ravi ElSayed,ACCT2058494,2025-08-10 22:20:44,noise
debit,462.89,,BRANCH68,Ravi ElSayed,ACCT2058494,2025-08-09 05:06:07,noise
credit,667.81,,BRANCH54,Ravi ElSayed,ACCT2058494,2025-08-08 12:18:48,noise
debit,534.05,,BRANCH68,Ravi ElSayed,ACCT2058494,2025-08-08 14:31:26,noise
debit,297.14,,BRANCH68,Ravi ElSayed,ACCT2058494,2025-08-05 22:41:53,noise
debit,315.99,,BRANCH68,Ravi ElSayed,ACCT2058494,2025-08-04 15:38:24,noise
credit,6885.9,ACCT2082306,BRANCH88,Wes Yamamoto,ACCT5914807,2025-11-29 22:28:10,noise
credit,8090.93,ACCT9523079,BRANCH88,Wes Yamamoto,ACCT5914807,2025-12-04 22:30:25,noise
credit,7896.46,ACCT6924004,BRANCH88,Wes Yamamoto,ACCT5914807,2025-12-10 01:22:24,noise
credit,5980.65,ACCT6975186,BRANCH88,Wes Yamamoto,ACCT5914807,2025-11-22 20:23:10,noise
credit,9357.09,ACCT5772988,BRANCH88,Wes Yamamoto,ACCT5914807,2025-11-25 21:02:35,noise
credit,6281.44,ACCT3507254,BRANCH88,Wes Yamamoto,ACCT5914807,2025-12-03 13:16:16,noise
credit,9325.43,ACCT3564547,BRANCH88,Wes Yamamoto,ACCT5914807,2025-12-16 07:28:24,noise
credit,13854.7,ACCT8392016,BRANCH88,Wes Yamamoto,ACCT5914807,2025-11-28 04:21:36,noise
debit,653.6,,BRANCH58,Jin Novak,ACCT3854268,2025-10-03 08:04:56,noise
debit,1691.03,,BRANCH58,Jin Novak,ACCT3854268,2025-10-02 18:36:43,noise
credit,136.66,,BRANCH58,Jin Novak,ACCT3854268,2025-09-28 12:27:33,noise
credit,1626.22,,BRANCH58,Jin Novak,ACCT3854268,2025-09-28 12:43:45,noise
debit,369.01,,BRANCH58,Jin Novak,ACCT3854268,2025-09-22 14:13:40,noise
debit,114.4,ACCT5772988,BRANCH58,Jin Novak,ACCT3854268,2025-09-22 03:01:46,noise
debit,1165.52,ACCT7203292,BRANCH58,Jin Novak,ACCT3854268,2025-09-21 11:16:44,noise
credit,946.6,,BRANCH58,Jin Novak,ACCT3854268,2025-09-20 08:36:11,noise
credit,1238.49,,BRANCH58,Jin Novak,ACCT3854268,2025-09-20 19:12:21,noise
debit,1102.88,,BRANCH58,Jin Novak,ACCT3854268,2025-09-18 18:02:32,noise
debit,1203.68,,BRANCH58,Jin Novak,ACCT3854268,2025-09-18 09:00:32,noise
credit,1120.48,,BRANCH58,Jin Novak,ACCT3854268,2025-09-17 12:10:58,noise
credit,1006.52,,BRANCH91,Jin Novak,ACCT3854268,2025-09-17 08:39:36,noise
credit,686.86,,BRANCH58,Jin Novak,ACCT3854268,2025-09-16 10:02:15,noise
debit,300.98,,BRANCH87,Jin Novak,ACCT3854268,2025-09-15 11:20:11,noise
credit,555.24,,BRANCH58,Jin Novak,ACCT3854268,2025-09-14 22:09:25,noise
debit,681.82,,BRANCH58,Jin Novak,ACCT3854268,2025-09-11 13:24:47,noise
debit,711.43,,BRANCH58,Jin Novak,ACCT3854268,2025-09-07 18:11:09,noise
debit,133.83,ACCT7635791,BRANCH58,Jin Novak,ACCT3854268,2025-09-07 14:16:31,noise
credit,772.52,ACCT1279610,BRANCH92,Jin Novak,ACCT3854268,2025-09-06 13:00:42,noise
debit,1266.85,ACCT4046242,BRANCH58,Jin Novak,ACCT3854268,2025-09-06 18:15:46,noise
credit,1338.16,,BRANCH58,Jin Novak,ACCT3854268,2025-09-04 05:41:10,noise
credit,194.52,,BRANCH58,Jin Novak,ACCT3854268,2025-09-04 16:21:14,noise
credit,261.47,,BRANCH58,Jin Novak,ACCT3854268,2025-09-02 04:23:20,noise
credit,916.41,,BRANCH58,Jin Novak,ACCT3854268,2025-09-01 10:34:10,noise
debit,237.69,,BRANCH58,Jin Novak,ACCT3854268,2025-09-01 20:11:56,noise
credit,474.17,,BRANCH58,Jin Novak,ACCT3854268,2025-08-31 15:24:52,noise
debit,284.34,,BRANCH58,Jin Novak,ACCT3854268,2025-08-31 09:15:37,noise
debit,1910.26,,BRANCH71,Jin Novak,ACCT3854268,2025-08-28 09:24:13,noise
debit,1194.16,,BRANCH58,Jin Novak,ACCT3854268,2025-08-25 22:17:35,noise
debit,1095.83,,BRANCH58,Jin Novak,ACCT3854268,2025-08-25 14:05:55,noise
debit,610.09,,BRANCH58,Jin Novak,ACCT3854268,2025-08-17 09:44:33,noise
credit,1428.39,,BRANCH58,Jin Novak,ACCT3854268,2025-08-17 08:05:28,noise
debit,1829.6,ACCT6223031,BRANCH58,Jin Novak,ACCT3854268,2025-08-10 20:31:45,noise
debit,637.42,,BRANCH45,Jin Novak,ACCT3854268,2025-08-06 14:00:08,noise
credit,1077.46,ACCT1681992,BRANCH82,Yara Gomes,ACCT2293591,2025-10-01 20:21:04,noise
debit,241.48,,BRANCH82,Yara Gomes,ACCT2293591,2025-09-28 09:33:02,noise
debit,922.13,,BRANCH82,Yara Gomes,ACCT2293591,2025-09-28 09:30:16,noise
debit,2540.78,,BRANCH44,Yara Gomes,ACCT2293591,2025-09-24 12:14:23,noise
debit,188.49,,BRANCH82,Yara Gomes,ACCT2293591,2025-09-22 13:02:48,noise
debit,684.98,,BRANCH82,Yara Gomes,ACCT2293591,2025-09-22 15:38:15,noise
credit,672.07,ACCT7668795,BRANCH82,Yara Gomes,ACCT2293591,2025-09-21 08:01:13,noise
credit,442.91,,BRANCH17,Yara Gomes,ACCT2293591,2025-09-20 08:14:27,noise
credit,384.31,,BRANCH82,Yara Gomes,ACCT2293591,2025-09-15 19:10:43,noise
debit,328.0,,BRANCH82,Yara Gomes,ACCT2293591,2025-09-15 16:29:17,noise
credit,1850.45,ACCT2529649,BRANCH37,Yara Gomes,ACCT2293591,2025-09-14 12:05:54,noise
credit,327.77,ACCT7002238,BRANCH81,Yara Gomes,ACCT2293591,2025-09-12 15:41:23,noise
debit,477.21,,BRANCH82,Yara Gomes,ACCT2293591,2025-09-10 19:12:49,noise
credit,106.36,ACCT7668795,BRANCH82,Yara Gomes,ACCT2293591,2025-09-09 11:42:57,noise
credit,355.51,,BRANCH82,Yara Gomes,ACCT2293591,2025-09-05 19:31:55,noise
credit,249.14,,BRANCH52,Yara Gomes,ACCT2293591,2025-09-03 12:26:07,noise
debit,1409.37,ACCT5088821,BRANCH82,Yara Gomes,ACCT2293591,2025-09-03 11:35:05,noise
debit,2035.96,,BRANCH82,Yara Gomes,ACCT2293591,2025-09-02 13:15:55,noise
debit,462.65,,BRANCH82,Yara Gomes,ACCT2293591,2025-09-02 08:24:02,noise
credit,1209.06,,BRANCH68,Yara Gomes,ACCT2293591,2025-09-01 19:41:04,noise
debit,1045.97,,BRANCH82,Yara Gomes,ACCT2293591,2025-09-01 12:06:31,noise
debit,361.14,ACCT3725977,BRANCH82,Yara Gomes,ACCT2293591,2025-08-29 21:10:53,noise
debit,328.47,ACCT7238407,BRANCH82,Yara Gomes,ACCT2293591,2025-08-28 17:25:48,noise
debit,655.6,,BRANCH82,Yara Gomes,ACCT2293591,2025-08-24 01:40:35,noise
credit,239.07,,BRANCH82,Yara Gomes,ACCT2293591,2025-08-21 22:37:08,noise
debit,1405.35,,BRANCH82,Yara Gomes,ACCT2293591,2025-08-18 23:23:16,noise
debit,1212.32,,BRANCH82,Yara Gomes,ACCT2293591,2025-08-18 16:38:48,noise
credit,1488.51,,BRANCH82,Yara Gomes,ACCT2293591,2025-08-12 15:18:02,noise
credit,336.32,ACCT6429394,BRANCH82,Yara Gomes,ACCT2293591,2025-08-09 13:18:30,noise
credit,423.86,,BRANCH82,Yara Gomes,ACCT2293591,2025-08-09 09:25:47,noise
debit,983.89,ACCT7002238,BRANCH82,Yara Gomes,ACCT2293591,2025-08-06 09:37:56,noise
debit,2560.17,,BRANCH82,Yara Gomes,ACCT2293591,2025-08-04 15:28:41,noise
debit,6154.82,ACCT7658407,BRANCH82,Yara Gomes,ACCT2293591,2025-12-27 11:51:00,noise
debit,12454.53,ACCT7658407,BRANCH82,Yara Gomes,ACCT2293591,2025-12-18 23:46:43,noise
debit,6260.28,ACCT7658407,BRANCH82,Yara Gomes,ACCT2293591,2025-12-05 21:34:08,noise
debit,10751.69,ACCT7658407,BRANCH82,Yara Gomes,ACCT2293591,2025-12-01 22:16:43,noise
debit,15424.14,ACCT7658407,BRANCH82,Yara Gomes,ACCT2293591,2025-12-15 02:28:09,noise
debit,15249.86,ACCT7658407,BRANCH82,Yara Gomes,ACCT2293591,2025-12-27 05:48:01,noise
debit,3000.0,ACCT2724754,BRANCH18,Ava Diaz,ACCT6514221,2025-10-03 15:06:04,noise
credit,437.21,,BRANCH18,Ava Diaz,ACCT6514221,2025-10-02 14:42:33,noise
debit,670.85,,BRANCH21,Ava Diaz,ACCT6514221,2025-09-30 21:05:26,noise
debit,1903.3,,BRANCH18,Ava Diaz,ACCT6514221,2025-09-28 16:14:33,noise
debit,667.79,,BRANCH18,Ava Diaz,ACCT6514221,2025-09-28 20:28:48,noise
credit,503.66,,BRANCH18,Ava Diaz,ACCT6514221,2025-09-27 18:22:25,noise
credit,357.46,,BRANCH18,Ava Diaz,ACCT6514221,2025-09-25 18:41:06,noise
debit,273.74,,BRANCH18,Ava Diaz,ACCT6514221,2025-09-23 09:20:53,noise
credit,538.61,,BRANCH18,Ava Diaz,ACCT6514221,2025-09-22 08:08:07,noise
credit,881.64,,BRANCH18,Ava Diaz,ACCT6514221,2025-09-21 21:41:29,noise
debit,637.13,ACCT6223031,BRANCH28,Ava Diaz,ACCT6514221,2025-09-21 19:15:07,noise
credit,817.94,,BRANCH18,Ava Diaz,ACCT6514221,2025-09-20 16:11:42,noise
credit,721.94,,BRANCH92,Ava Diaz,ACCT6514221,2025-09-17 17:35:35,noise
credit,79.37,,BRANCH18,Ava Diaz,ACCT6514221,2025-09-17 15:41:46,noise
debit,1832.62,ACCT7193362,BRANCH18,Ava Diaz,ACCT6514221,2025-09-15 21:10:51,noise
credit,1137.63,,BRANCH58,Ava Diaz,ACCT6514221,2025-09-11 13:16:05,noise
credit,1473.42,,BRANCH64,Ava Diaz,ACCT6514221,2025-09-10 17:10:17,noise
credit,292.61,ACCT3547928,BRANCH63,Ava Diaz,ACCT6514221,2025-09-09 18:24:00,noise
credit,1459.0,ACCT2776269,BRANCH84,Ava Diaz,ACCT6514221,2025-09-01 22:09:12,noise
debit,2232.59,,BRANCH18,Ava Diaz,ACCT6514221,2025-09-01 14:13:22,noise
debit,317.04,,BRANCH55,Ava Diaz,ACCT6514221,2025-08-25 08:07:04,noise
debit,5023.05,,BRANCH18,Ava Diaz,ACCT6514221,2025-08-23 16:03:55,noise
debit,161.53,,BRANCH18,Ava Diaz,ACCT6514221,2025-08-23 12:35:37,noise
debit,533.16,,BRANCH18,Ava Diaz,ACCT6514221,2025-08-18 14:21:23,noise
debit,270.12,,BRANCH18,Ava Diaz,ACCT6514221,2025-08-14 08:26:30,noise
credit,252.02,,BRANCH18,Ava Diaz,ACCT6514221,2025-08-13 14:13:45,noise
debit,120.61,ACCT7203292,BRANCH18,Ava Diaz,ACCT6514221,2025-08-13 14:29:06,noise
debit,1934.02,,BRANCH18,Ava Diaz,ACCT6514221,2025-08-10 14:15:13,noise
debit,807.86,,BRANCH18,Ava Diaz,ACCT6514221,2025-08-10 13:34:35,noise
credit,361.64,,BRANCH95,Ava Diaz,ACCT6514221,2025-08-04 13:08:33,noise
debit,196.21,,BRANCH18,Ava Diaz,ACCT6514221,2025-08-04 13:17:15,noise
credit,1406.29,ACCT4272266,BRANCH18,Ava Diaz,ACCT6514221,2025-12-15 23:02:59,noise
credit,959.42,ACCT3791396,BRANCH18,Ava Diaz,ACCT6514221,2025-12-15 23:02:10,noise
credit,1308.73,ACCT9168348,BRANCH18,Ava Diaz,ACCT6514221,2025-12-15 00:28:16,noise
credit,1434.82,ACCT7791456,BRANCH18,Ava Diaz,ACCT6514221,2025-12-15 01:21:20,noise
credit,1869.14,ACCT3725977,BRANCH18,Ava Diaz,ACCT6514221,2025-12-15 21:17:28,noise
credit,1242.26,ACCT5364403,BRANCH18,Ava Diaz,ACCT6514221,2025-12-15 21:25:01,noise
credit,2119.94,ACCT9498768,BRANCH18,Ava Diaz,ACCT6514221,2025-12-15 00:08:55,noise
credit,2098.01,ACCT1089940,BRANCH18,Ava Diaz,ACCT6514221,2025-12-15 03:20:20,noise
credit,1839.74,ACCT4844844,BRANCH18,Ava Diaz,ACCT6514221,2025-12-15 07:10:29,noise
credit,1540.85,ACCT1757571,BRANCH18,Ava Diaz,ACCT6514221,2025-12-15 01:13:26,noise
credit,2172.23,ACCT3134951,BRANCH18,Ava Diaz,ACCT6514221,2025-12-15 10:02:58,noise
credit,1357.15,ACCT1279610,BRANCH18,Ava Diaz,ACCT6514221,2025-12-15 20:03:57,noise
credit,1307.25,ACCT9474562,BRANCH18,Ava Diaz,ACCT6514221,2025-12-15 20:29:45,noise
credit,963.77,ACCT1757571,BRANCH18,Ava Diaz,ACCT6514221,2025-12-15 19:00:44,noise
debit,1577.77,ACCT2293591,BRANCH18,Ava Diaz,ACCT6514221,2025-12-18 16:19:48,noise
debit,1618.65,ACCT1279610,BRANCH18,Ava Diaz,ACCT6514221,2025-12-18 07:03:54,noise
debit,773.7,ACCT4263191,BRANCH18,Ava Diaz,ACCT6514221,2025-12-18 03:07:09,noise
debit,1392.43,ACCT8495461,BRANCH18,Ava Diaz,ACCT6514221,2025-12-18 18:25:15,noise
debit,1271.68,ACCT4046242,BRANCH18,Ava Diaz,ACCT6514221,2025-12-18 05:01:00,noise
debit,1565.94,ACCT9927731,BRANCH18,Ava Diaz,ACCT6514221,2025-12-18 06:27:36,noise
debit,1721.33,ACCT5914807,BRANCH18,Ava Diaz,ACCT6514221,2025-12-18 04:28:25,noise
debit,573.12,ACCT8901604,BRANCH18,Ava Diaz,ACCT6514221,2025-12-18 13:25:41,noise
debit,885.47,ACCT4773793,BRANCH18,Ava Diaz,ACCT6514221,2025-12-18 23:12:05,noise
debit,919.36,ACCT7791456,BRANCH18,Ava Diaz,ACCT6514221,2025-12-18 08:00:28,noise
credit,1303.72,ACCT2529649,BRANCH75,Cara Duarte,ACCT6493789,2025-10-03 16:26:57,noise
debit,305.43,,BRANCH75,Cara Duarte,ACCT6493789,2025-10-02 20:38:41,noise
debit,827.49,,BRANCH75,Cara Duarte,ACCT6493789,2025-10-01 08:09:26,noise
debit,964.77,ACCT6514221,BRANCH75,Cara Duarte,ACCT6493789,2025-09-29 13:19:15,noise
debit,1452.17,,BRANCH75,Cara Duarte,ACCT6493789,2025-09-26 21:05:58,noise
credit,940.39,ACCT9797138,BRANCH75,Cara Duarte,ACCT6493789,2025-09-24 15:08:49,noise
debit,303.24,,BRANCH75,Cara Duarte,ACCT6493789,2025-09-21 16:27:15,noise
debit,761.09,,BRANCH75,Cara Duarte,ACCT6493789,2025-09-21 10:44:23,noise
credit,397.69,,BRANCH77,Cara Duarte,ACCT6493789,2025-09-19 11:02:18,noise
credit,684.87,,BRANCH60,Cara Duarte,ACCT6493789,2025-09-14 11:27:44,noise
credit,2454.42,ACCT2831752,BRANCH75,Cara Duarte,ACCT6493789,2025-09-14 18:14:10,noise
credit,916.17,ACCT4886186,BRANCH75,Cara Duarte,ACCT6493789,2025-09-13 23:06:59,noise
credit,1364.96,,BRANCH75,Cara Duarte,ACCT6493789,2025-09-08 09:27:07,noise
credit,1070.41,,BRANCH75,Cara Duarte,ACCT6493789,2025-09-05 03:37:10,noise
credit,3119.78,,BRANCH75,Cara Duarte,ACCT6493789,2025-09-05 21:19:32,noise
debit,627.77,,BRANCH75,Cara Duarte,ACCT6493789,2025-09-02 13:06:57,noise
debit,1050.91,,BRANCH75,Cara Duarte,ACCT6493789,2025-09-02 15:42:33,noise
credit,99.94,,BRANCH75,Cara Duarte,ACCT6493789,2025-09-01 18:36:38,noise
debit,705.6,ACCT5724947,BRANCH75,Cara Duarte,ACCT6493789,2025-08-29 20:12:04,noise
debit,1708.49,,BRANCH75,Cara Duarte,ACCT6493789,2025-08-29 14:06:55,noise
credit,2493.21,,BRANCH14,Cara Duarte,ACCT6493789,2025-08-28 13:16:28,noise
debit,2443.51,,BRANCH75,Cara Duarte,ACCT6493789,2025-08-27 13:30:36,noise
credit,489.27,,BRANCH75,Cara Duarte,ACCT6493789,2025-08-21 15:33:23,noise
credit,2124.59,ACCT6098328,BRANCH75,Cara Duarte,ACCT6493789,2025-08-19 10:05:23,noise
debit,306.93,,BRANCH75,Cara Duarte,ACCT6493789,2025-08-19 20:05:15,noise
credit,799.96,,BRANCH75,Cara Duarte,ACCT6493789,2025-08-17 18:16:29,noise
credit,638.54,,BRANCH75,Cara Duarte,ACCT6493789,2025-08-17 20:02:55,noise
debit,738.94,ACCT5253305,BRANCH75,Cara Duarte,ACCT6493789,2025-08-16 20:09:14,noise
debit,214.88,,BRANCH86,Cara Duarte,ACCT6493789,2025-08-11 16:28:14,noise
debit,2036.22,,BRANCH75,Cara Duarte,ACCT6493789,2025-08-09 23:12:47,noise
credit,187.57,,BRANCH75,Cara Duarte,ACCT6493789,2025-08-08 20:31:20,noise
debit,795.44,ACCT3564547,BRANCH75,Cara Duarte,ACCT6493789,2025-08-06 14:33:51,noise
credit,1303.72,ACCT2529649,BRANCH75,Cara Duarte,ACCT6493789,2025-10-03 16:26:57,noise
debit,305.43,,BRANCH75,Cara Duarte,ACCT6493789,2025-10-02 20:38:41,noise
debit,827.49,,BRANCH75,Cara Duarte,ACCT6493789,2025-10-01 08:09:26,noise
debit,964.77,ACCT6514221,BRANCH75,Cara Duarte,ACCT6493789,2025-09-29 13:19:15,noise
debit,1452.17,,BRANCH75,Cara Duarte,ACCT6493789,2025-09-26 21:05:58,noise
credit,940.39,ACCT9797138,BRANCH75,Cara Duarte,ACCT6493789,2025-09-24 15:08:49,noise
debit,303.24,,BRANCH75,Cara Duarte,ACCT6493789,2025-09-21 16:27:15,noise
debit,761.09,,BRANCH75,Cara Duarte,ACCT6493789,2025-09-21 10:44:23,noise
credit,397.69,,BRANCH77,Cara Duarte,ACCT6493789,2025-09-19 11:02:18,noise
credit,684.87,,BRANCH60,Cara Duarte,ACCT6493789,2025-09-14 11:27:44,noise
credit,2454.42,ACCT2831752,BRANCH75,Cara Duarte,ACCT6493789,2025-09-14 18:14:10,noise
credit,916.17,ACCT4886186,BRANCH75,Cara Duarte,ACCT6493789,2025-09-13 23:06:59,noise
credit,1364.96,,BRANCH75,Cara Duarte,ACCT6493789,2025-09-08 09:27:07,noise
credit,1070.41,,BRANCH75,Cara Duarte,ACCT6493789,2025-09-05 03:37:10,noise
credit,3119.78,,BRANCH75,Cara Duarte,ACCT6493789,2025-09-05 21:19:32,noise
debit,627.77,,BRANCH75,Cara Duarte,ACCT6493789,2025-09-02 13:06:57,noise
debit,1050.91,,BRANCH75,Cara Duarte,ACCT6493789,2025-09-02 15:42:33,noise
credit,99.94,,BRANCH75,Cara Duarte,ACCT6493789,2025-09-01 18:36:38,noise
debit,705.6,ACCT5724947,BRANCH75,Cara Duarte,ACCT6493789,2025-08-29 20:12:04,noise
debit,1708.49,,BRANCH75,Cara Duarte,ACCT6493789,2025-08-29 14:06:55,noise
credit,2493.21,,BRANCH14,Cara Duarte,ACCT6493789,2025-08-28 13:16:28,noise
debit,2443.51,,BRANCH75,Cara Duarte,ACCT6493789,2025-08-27 13:30:36,noise
credit,489.27,,BRANCH75,Cara Duarte,ACCT6493789,2025-08-21 15:33:23,noise
credit,2124.59,ACCT6098328,BRANCH75,Cara Duarte,ACCT6493789,2025-08-19 10:05:23,noise
debit,306.93,,BRANCH75,Cara Duarte,ACCT6493789,2025-08-19 20:05:15,noise
credit,799.96,,BRANCH75,Cara Duarte,ACCT6493789,2025-08-17 18:16:29,noise
credit,638.54,,BRANCH75,Cara Duarte,ACCT6493789,2025-08-17 20:02:55,noise
debit,738.94,ACCT5253305,BRANCH75,Cara Duarte,ACCT6493789,2025-08-16 20:09:14,noise
debit,214.88,,BRANCH86,Cara Duarte,ACCT6493789,2025-08-11 16:28:14,noise
debit,2036.22,,BRANCH75,Cara Duarte,ACCT6493789,2025-08-09 23:12:47,noise
credit,187.57,,BRANCH75,Cara Duarte,ACCT6493789,2025-08-08 20:31:20,noise
debit,795.44,ACCT3564547,BRANCH75,Cara Duarte,ACCT6493789,2025-08-06 14:33:51,noise
debit,260818.3,ACCT5253305,BRANCH75,Cara Duarte,ACCT6493789,2025-12-03 05:05:47,noise
credit,1782.12,,BRANCH86,Ana Alvarez,ACCT4844844,2025-10-03 12:06:28,noise
credit,271.15,,BRANCH17,Ana Alvarez,ACCT4844844,2025-10-03 20:06:54,noise
debit,2231.69,ACCT7668795,BRANCH49,Ana Alvarez,ACCT4844844,2025-10-01 10:24:57,noise
debit,331.01,,BRANCH17,Ana Alvarez,ACCT4844844,2025-09-29 14:11:25,noise
credit,484.49,,BRANCH17,Ana Alvarez,ACCT4844844,2025-09-25 16:44:14,noise
debit,781.59,ACCT9168348,BRANCH17,Ana Alvarez,ACCT4844844,2025-09-21 15:11:38,noise
debit,360.48,,BRANCH17,Ana Alvarez,ACCT4844844,2025-09-21 08:27:43,noise
credit,188.41,ACCT2776269,BRANCH17,Ana Alvarez,ACCT4844844,2025-09-20 13:27:43,noise
credit,205.19,ACCT2466722,BRANCH39,Ana Alvarez,ACCT4844844,2025-09-16 11:39:41,noise
credit,662.19,,BRANCH17,Ana Alvarez,ACCT4844844,2025-09-15 22:21:26,noise
credit,429.5,,BRANCH17,Ana Alvarez,ACCT4844844,2025-09-12 17:35:30,noise
credit,218.05,ACCT2466722,BRANCH17,Ana Alvarez,ACCT4844844,2025-09-12 10:31:34,noise
credit,490.4,,BRANCH17,Ana Alvarez,ACCT4844844,2025-09-11 09:11:43,noise
debit,1836.73,,BRANCH17,Ana Alvarez,ACCT4844844,2025-09-07 17:37:39,noise
credit,331.76,,BRANCH17,Ana Alvarez,ACCT4844844,2025-09-03 10:04:27,noise
debit,325.48,,BRANCH17,Ana Alvarez,ACCT4844844,2025-08-31 23:25:04,noise
debit,205.74,,BRANCH18,Ana Alvarez,ACCT4844844,2025-08-31 21:39:54,noise
debit,2881.84,,BRANCH17,Ana Alvarez,ACCT4844844,2025-08-26 14:05:46,noise
credit,490.59,,BRANCH17,Ana Alvarez,ACCT4844844,2025-08-24 19:37:26,noise
credit,743.54,,BRANCH17,Ana Alvarez,ACCT4844844,2025-08-24 11:33:26,noise
credit,574.8,,BRANCH17,Ana Alvarez,ACCT4844844,2025-08-21 08:01:16,noise
debit,534.46,,BRANCH17,Ana Alvarez,ACCT4844844,2025-08-19 17:24:05,noise
credit,3917.58,ACCT2054858,BRANCH76,Ana Alvarez,ACCT4844844,2025-08-19 11:34:56,noise
credit,731.59,,BRANCH17,Ana Alvarez,ACCT4844844,2025-08-18 19:08:49,noise
credit,1378.84,,BRANCH17,Ana Alvarez,ACCT4844844,2025-08-17 18:14:01,noise
debit,1269.75,ACCT4554970,BRANCH89,Ana Alvarez,ACCT4844844,2025-08-16 20:32:34,noise
debit,1684.93,,BRANCH17,Ana Alvarez,ACCT4844844,2025-08-13 02:22:22,noise
debit,550.29,,BRANCH74,Ana Alvarez,ACCT4844844,2025-08-13 17:35:53,noise
debit,845.7,,BRANCH98,Ana Alvarez,ACCT4844844,2025-08-12 17:18:57,noise
debit,686.89,ACCT6855691,BRANCH17,Ana Alvarez,ACCT4844844,2025-08-10 16:03:05,noise
credit,511.43,ACCT8767615,BRANCH17,Ana Alvarez,ACCT4844844,2025-08-07 16:39:37,noise
credit,1080.61,ACCT6965602,BRANCH17,Ana Alvarez,ACCT4844844,2025-08-06 17:23:03,noise
debit,1043.84,,BRANCH17,Ana Alvarez,ACCT4844844,2025-08-05 12:27:32,noise
credit,867.21,,BRANCH17,Ana Alvarez,ACCT4844844,2025-08-04 11:32:23,noise
credit,1053.97,ACCT3499450,BRANCH78,Diego Duarte,ACCT5772988,2025-10-02 23:41:24,noise
credit,318.5,ACCT6183761,BRANCH67,Diego Duarte,ACCT5772988,2025-10-02 16:45:33,noise
credit,370.97,,BRANCH78,Diego Duarte,ACCT5772988,2025-10-01 19:35:56,noise
debit,484.71,,BRANCH98,Diego Duarte,ACCT5772988,2025-09-30 12:39:24,noise
debit,1094.07,ACCT6855691,BRANCH78,Diego Duarte,ACCT5772988,2025-09-30 22:28:34,noise
credit,708.39,,BRANCH78,Diego Duarte,ACCT5772988,2025-09-28 18:27:32,noise
debit,905.37,ACCT9797138,BRANCH37,Diego Duarte,ACCT5772988,2025-09-26 14:02:18,noise
debit,836.32,,BRANCH78,Diego Duarte,ACCT5772988,2025-09-26 23:19:01,noise
debit,2833.14,,BRANCH15,Diego Duarte,ACCT5772988,2025-09-25 23:44:42,noise
credit,829.61,ACCT7584817,BRANCH78,Diego Duarte,ACCT5772988,2025-09-24 10:18:26,noise
credit,434.15,,BRANCH78,Diego Duarte,ACCT5772988,2025-09-22 02:08:44,noise
debit,5719.88,,BRANCH78,Diego Duarte,ACCT5772988,2025-09-22 22:43:49,noise
credit,1665.4,,BRANCH78,Diego Duarte,ACCT5772988,2025-09-18 12:29:14,noise
credit,512.82,,BRANCH78,Diego Duarte,ACCT5772988,2025-09-18 11:43:03,noise
credit,561.92,ACCT1617871,BRANCH78,Diego Duarte,ACCT5772988,2025-09-16 15:14:57,noise
debit,1043.31,,BRANCH92,Diego Duarte,ACCT5772988,2025-09-15 17:21:20,noise
debit,664.14,ACCT7635791,BRANCH84,Diego Duarte,ACCT5772988,2025-09-14 22:43:44,noise
debit,485.46,,BRANCH64,Diego Duarte,ACCT5772988,2025-09-13 11:00:48,noise
debit,978.61,,BRANCH31,Diego Duarte,ACCT5772988,2025-09-13 12:44:00,noise
debit,161.6,ACCT5975709,BRANCH70,Diego Duarte,ACCT5772988,2025-09-12 17:34:39,noise
debit,528.13,,BRANCH78,Diego Duarte,ACCT5772988,2025-09-12 14:42:00,noise
debit,183.59,,BRANCH78,Diego Duarte,ACCT5772988,2025-09-10 22:39:45,noise
debit,1107.53,ACCT5459265,BRANCH78,Diego Duarte,ACCT5772988,2025-09-09 12:28:41,noise
credit,398.47,,BRANCH83,Diego Duarte,ACCT5772988,2025-09-09 17:16:14,noise
debit,176.57,ACCT5973256,BRANCH32,Diego Duarte,ACCT5772988,2025-09-07 18:10:24,noise
debit,620.17,,BRANCH35,Diego Duarte,ACCT5772988,2025-09-07 18:37:01,noise
debit,695.11,ACCT1659971,BRANCH64,Diego Duarte,ACCT5772988,2025-09-06 02:35:22,noise
debit,815.45,ACCT6604921,BRANCH41,Diego Duarte,ACCT5772988,2025-09-06 20:13:52,noise
debit,922.94,,BRANCH78,Diego Duarte,ACCT5772988,2025-09-04 14:07:07,noise
credit,1707.51,,BRANCH94,Diego Duarte,ACCT5772988,2025-09-03 05:40:05,noise
credit,809.43,,BRANCH78,Diego Duarte,ACCT5772988,2025-08-31 09:31:52,noise
debit,287.21,ACCT6183761,BRANCH78,Diego Duarte,ACCT5772988,2025-08-30 12:12:12,noise
debit,454.81,,BRANCH45,Diego Duarte,ACCT5772988,2025-08-29 17:22:38,noise
debit,1721.35,ACCT8392016,BRANCH57,Diego Duarte,ACCT5772988,2025-08-29 12:28:08,noise
debit,387.29,,BRANCH78,Diego Duarte,ACCT5772988,2025-08-28 22:01:21,noise
debit,357.28,ACCT6514221,BRANCH78,Diego Duarte,ACCT5772988,2025-08-27 15:37:50,noise
debit,907.05,,BRANCH78,Diego Duarte,ACCT5772988,2025-08-25 20:10:53,noise
debit,2622.39,,BRANCH78,Diego Duarte,ACCT5772988,2025-08-23 13:02:39,noise
debit,242.2,,BRANCH78,Diego Duarte,ACCT5772988,2025-08-21 14:43:16,noise
credit,420.45,,BRANCH78,Diego Duarte,ACCT5772988,2025-08-18 15:00:30,noise
debit,2144.48,ACCT9976709,BRANCH43,Diego Duarte,ACCT5772988,2025-08-18 02:38:37,noise
debit,1034.6,,BRANCH78,Diego Duarte,ACCT5772988,2025-08-16 18:16:23,noise
credit,151.83,,BRANCH94,Diego Duarte,ACCT5772988,2025-08-16 21:19:09,noise
debit,1420.23,,BRANCH78,Diego Duarte,ACCT5772988,2025-08-14 12:21:06,noise
debit,1599.12,,BRANCH78,Diego Duarte,ACCT5772988,2025-08-09 09:19:35,noise
credit,624.84,,BRANCH78,Diego Duarte,ACCT5772988,2025-08-08 22:42:57,noise
credit,86.71,ACCT9498768,BRANCH78,Diego Duarte,ACCT5772988,2025-08-08 02:07:35,noise
debit,843.18,,BRANCH78,Diego Duarte,ACCT5772988,2025-08-07 14:30:25,noise
debit,628.39,ACCT4263191,BRANCH52,Diego Duarte,ACCT5772988,2025-08-07 08:40:58,noise
debit,2797.17,,BRANCH75,Diego Duarte,ACCT5772988,2025-08-06 11:09:17,noise
credit,334.81,,BRANCH58,Diego Duarte,ACCT5772988,2025-08-04 14:30:17,noise
debit,269.12,ACCT2058494,BRANCH45,Uma Novak,ACCT6975186,2025-10-02 14:12:30,noise
debit,804.28,,BRANCH70,Uma Novak,ACCT6975186,2025-09-30 00:29:45,noise
credit,1297.88,,BRANCH62,Uma Novak,ACCT6975186,2025-09-29 18:02:14,noise
credit,984.16,,BRANCH70,Uma Novak,ACCT6975186,2025-09-29 05:02:44,noise
credit,226.1,,BRANCH70,Uma Novak,ACCT6975186,2025-09-24 10:39:48,noise
debit,3611.84,,BRANCH91,Uma Novak,ACCT6975186,2025-09-23 18:25:55,noise
debit,670.16,,BRANCH70,Uma Novak,ACCT6975186,2025-09-22 02:35:22,noise
credit,4081.33,,BRANCH70,Uma Novak,ACCT6975186,2025-09-16 09:15:45,noise
debit,1470.21,ACCT6691811,BRANCH35,Uma Novak,ACCT6975186,2025-09-16 16:04:43,noise
credit,2425.91,,BRANCH70,Uma Novak,ACCT6975186,2025-09-14 03:29:35,noise
debit,3000.0,ACCT6741191,BRANCH63,Uma Novak,ACCT6975186,2025-09-13 14:26:31,noise
debit,1024.29,ACCT4844844,BRANCH70,Uma Novak,ACCT6975186,2025-09-12 16:27:22,noise
credit,602.46,,BRANCH70,Uma Novak,ACCT6975186,2025-09-08 17:37:56,noise
debit,1496.25,ACCT9797138,BRANCH70,Uma Novak,ACCT6975186,2025-09-06 16:36:30,noise
debit,3000.0,ACCT2082306,BRANCH12,Uma Novak,ACCT6975186,2025-09-01 00:36:28,noise
credit,1907.98,,BRANCH16,Uma Novak,ACCT6975186,2025-08-26 09:32:38,noise
credit,517.32,,BRANCH70,Uma Novak,ACCT6975186,2025-08-24 17:14:33,noise
credit,484.97,,BRANCH13,Uma Novak,ACCT6975186,2025-08-21 15:33:40,noise
debit,703.22,ACCT9474562,BRANCH70,Uma Novak,ACCT6975186,2025-08-20 10:18:05,noise
credit,1518.21,,BRANCH70,Uma Novak,ACCT6975186,2025-08-20 03:29:33,noise
debit,1191.98,,BRANCH70,Uma Novak,ACCT6975186,2025-08-18 17:25:23,noise
debit,1009.3,,BRANCH70,Uma Novak,ACCT6975186,2025-08-17 19:34:39,noise
credit,288.52,,BRANCH70,Uma Novak,ACCT6975186,2025-08-17 15:04:21,noise
debit,457.85,,BRANCH70,Uma Novak,ACCT6975186,2025-08-15 16:15:16,noise
debit,308.02,ACCT1059241,BRANCH55,Uma Novak,ACCT6975186,2025-08-12 19:09:10,noise
credit,881.66,,BRANCH70,Uma Novak,ACCT6975186,2025-08-10 14:17:55,noise
debit,623.55,,BRANCH70,Uma Novak,ACCT6975186,2025-08-10 09:35:42,noise
credit,2315.27,,BRANCH28,Uma Novak,ACCT6975186,2025-08-09 23:21:26,noise
debit,313.03,,BRANCH55,Uma Novak,ACCT6975186,2025-08-08 20:22:44,noise
debit,554.32,ACCT2831752,BRANCH92,Nia Tanaka,ACCT9797138,2025-09-27 19:38:37,noise
credit,161.51,,BRANCH16,Nia Tanaka,ACCT9797138,2025-09-23 18:19:23,noise
debit,527.57,ACCT4575241,BRANCH16,Nia Tanaka,ACCT9797138,2025-09-22 17:10:25,noise
credit,1155.7,,BRANCH16,Nia Tanaka,ACCT9797138,2025-09-20 16:40:07,noise
credit,440.31,,BRANCH16,Nia Tanaka,ACCT9797138,2025-09-20 12:36:08,noise
debit,239.22,,BRANCH46,Nia Tanaka,ACCT9797138,2025-09-11 00:43:21,noise
debit,298.47,,BRANCH16,Nia Tanaka,ACCT9797138,2025-09-11 00:34:00,noise
debit,133.56,ACCT8038690,BRANCH93,Nia Tanaka,ACCT9797138,2025-09-09 09:40:13,noise
credit,2316.16,,BRANCH16,Nia Tanaka,ACCT9797138,2025-09-08 23:06:21,noise
debit,996.05,,BRANCH16,Nia Tanaka,ACCT9797138,2025-09-08 11:14:47,noise
credit,696.0,ACCT1623538,BRANCH16,Nia Tanaka,ACCT9797138,2025-09-07 01:14:34,noise
credit,470.37,,BRANCH16,Nia Tanaka,ACCT9797138,2025-09-07 16:11:35,noise
credit,651.74,,BRANCH16,Nia Tanaka,ACCT9797138,2025-09-06 00:02:02,noise
debit,200.34,ACCT5914807,BRANCH16,Nia Tanaka,ACCT9797138,2025-09-04 14:09:24,noise
credit,459.32,ACCT5914807,BRANCH16,Nia Tanaka,ACCT9797138,2025-08-28 20:21:06,noise
credit,5786.79,,BRANCH16,Nia Tanaka,ACCT9797138,2025-08-26 04:05:08,noise
debit,1020.9,,BRANCH98,Nia Tanaka,ACCT9797138,2025-08-21 18:09:58,noise
debit,300.93,ACCT5973256,BRANCH16,Nia Tanaka,ACCT9797138,2025-08-21 10:37:06,noise
credit,163.08,,BRANCH28,Nia Tanaka,ACCT9797138,2025-08-20 09:23:07,noise
debit,1307.66,,BRANCH34,Nia Tanaka,ACCT9797138,2025-08-13 10:23:50,noise
debit,200.11,ACCT9474562,BRANCH30,Nia Tanaka,ACCT9797138,2025-08-09 17:35:01,noise
debit,745.28,,BRANCH16,Nia Tanaka,ACCT9797138,2025-08-09 13:25:23,noise
credit,3935.93,ACCT1623538,BRANCH16,Nia Tanaka,ACCT9797138,2025-08-07 20:17:34,noise
credit,955.91,ACCT8901604,BRANCH16,Nia Tanaka,ACCT9797138,2025-08-06 15:29:33,noise
debit,739.2,,BRANCH16,Nia Tanaka,ACCT9797138,2025-08-04 18:28:25,noise
credit,506.43,,BRANCH51,Leo Kim,ACCT6855691,2025-10-03 20:10:19,noise
credit,123.79,,BRANCH51,Leo Kim,ACCT6855691,2025-10-02 13:15:53,noise
debit,554.87,ACCT2776269,BRANCH51,Leo Kim,ACCT6855691,2025-10-02 17:03:18,noise
credit,958.36,,BRANCH12,Leo Kim,ACCT6855691,2025-10-01 14:44:49,noise
debit,454.01,,BRANCH32,Leo Kim,ACCT6855691,2025-10-01 09:42:12,noise
debit,407.03,ACCT7274440,BRANCH55,Leo Kim,ACCT6855691,2025-09-28 00:42:40,noise
debit,215.26,ACCT7368128,BRANCH84,Leo Kim,ACCT6855691,2025-09-27 04:39:37,noise
debit,169.39,,BRANCH51,Leo Kim,ACCT6855691,2025-09-26 14:14:58,noise
credit,408.36,,BRANCH49,Leo Kim,ACCT6855691,2025-09-26 15:16:00,noise
credit,619.49,,BRANCH51,Leo Kim,ACCT6855691,2025-09-22 09:27:38,noise
credit,635.08,,BRANCH51,Leo Kim,ACCT6855691,2025-09-22 11:23:16,noise
credit,509.51,,BRANCH51,Leo Kim,ACCT6855691,2025-09-20 03:03:30,noise
debit,1094.96,,BRANCH51,Leo Kim,ACCT6855691,2025-09-20 21:30:49,noise
debit,1938.02,,BRANCH86,Leo Kim,ACCT6855691,2025-09-18 13:19:39,noise
credit,1266.22,ACCT3952254,BRANCH51,Leo Kim,ACCT6855691,2025-09-11 14:08:01,noise
debit,203.27,ACCT5364403,BRANCH96,Leo Kim,ACCT6855691,2025-09-11 11:22:17,noise
debit,970.7,,BRANCH51,Leo Kim,ACCT6855691,2025-09-10 14:12:01,noise
debit,1359.5,ACCT7584817,BRANCH51,Leo Kim,ACCT6855691,2025-09-09 17:06:45,noise
credit,359.88,,BRANCH51,Leo Kim,ACCT6855691,2025-09-06 17:40:39,noise
credit,464.29,ACCT2724754,BRANCH51,Leo Kim,ACCT6855691,2025-09-02 13:16:24,noise
credit,2113.41,,BRANCH60,Leo Kim,ACCT6855691,2025-09-01 08:17:32,noise
credit,1853.27,,BRANCH51,Leo Kim,ACCT6855691,2025-08-30 17:33:45,noise
debit,1295.48,ACCT9976709,BRANCH76,Leo Kim,ACCT6855691,2025-08-29 23:30:30,noise
debit,393.06,,BRANCH51,Leo Kim,ACCT6855691,2025-08-26 11:30:33,noise
debit,249.95,,BRANCH86,Leo Kim,ACCT6855691,2025-08-25 15:32:41,noise
debit,241.89,,BRANCH11,Leo Kim,ACCT6855691,2025-08-24 10:35:27,noise
credit,122.19,ACCT6112555,BRANCH51,Leo Kim,ACCT6855691,2025-08-24 08:00:25,noise
credit,1592.21,ACCT7849357,BRANCH58,Leo Kim,ACCT6855691,2025-08-22 19:09:25,noise
credit,84.06,,BRANCH96,Leo Kim,ACCT6855691,2025-08-20 18:12:54,noise
credit,502.35,,BRANCH59,Leo Kim,ACCT6855691,2025-08-19 20:08:06,noise
credit,2837.78,,BRANCH51,Leo Kim,ACCT6855691,2025-08-19 11:00:29,noise
credit,193.21,,BRANCH51,Leo Kim,ACCT6855691,2025-08-18 17:37:52,noise
credit,245.38,,BRANCH51,Leo Kim,ACCT6855691,2025-08-17 18:12:18,noise
debit,4049.09,,BRANCH12,Leo Kim,ACCT6855691,2025-08-16 15:24:25,noise
debit,141.31,ACCT7791456,BRANCH82,Leo Kim,ACCT6855691,2025-08-13 10:25:40,noise
debit,597.32,,BRANCH51,Leo Kim,ACCT6855691,2025-08-13 02:05:07,noise
credit,236.84,,BRANCH51,Leo Kim,ACCT6855691,2025-08-12 17:11:13,noise
credit,303.02,,BRANCH51,Leo Kim,ACCT6855691,2025-08-12 17:35:46,noise
credit,408.91,,BRANCH51,Leo Kim,ACCT6855691,2025-08-09 20:15:34,noise
credit,2431.45,,BRANCH51,Leo Kim,ACCT6855691,2025-08-08 21:43:01,noise
debit,217.04,,BRANCH54,Leo Kim,ACCT6855691,2025-08-08 21:15:00,noise
debit,588.62,ACCT8445083,BRANCH22,Leo Kim,ACCT6855691,2025-08-04 03:18:02,noise
credit,8950.35,ACCT7193362,BRANCH51,Leo Kim,ACCT6855691,2025-12-18 03:28:15,noise
credit,9400.4,ACCT5652339,BRANCH51,Leo Kim,ACCT6855691,2025-12-05 23:21:22,noise
credit,9243.0,ACCT4844844,BRANCH51,Leo Kim,ACCT6855691,2025-11-26 03:05:39,noise
credit,9476.27,ACCT6112555,BRANCH51,Leo Kim,ACCT6855691,2025-12-24 08:04:56,noise
credit,9089.53,ACCT9168348,BRANCH51,Leo Kim,ACCT6855691,2025-11-17 01:12:57,noise
credit,8944.57,ACCT6604921,BRANCH51,Leo Kim,ACCT6855691,2025-11-28 15:24:43,noise
credit,8824.12,ACCT2887885,BRANCH51,Leo Kim,ACCT6855691,2025-12-22 00:10:04,noise
credit,9508.14,ACCT9077382,BRANCH51,Leo Kim,ACCT6855691,2025-12-04 08:15:25,noise
credit,8878.74,ACCT2082306,BRANCH51,Leo Kim,ACCT6855691,2025-12-07 01:11:57,noise
credit,9209.42,ACCT4575241,BRANCH51,Leo Kim,ACCT6855691,2025-12-23 06:26:32,noise
credit,9636.2,ACCT2058494,BRANCH51,Leo Kim,ACCT6855691,2025-12-06 06:05:04,noise
credit,9536.36,ACCT7668795,BRANCH51,Leo Kim,ACCT6855691,2025-11-22 00:19:41,noise
credit,9457.67,ACCT2058494,BRANCH51,Leo Kim,ACCT6855691,2025-12-02 22:04:20,noise
credit,9175.66,ACCT8767615,BRANCH51,Leo Kim,ACCT6855691,2025-12-04 00:28:27,noise
credit,9383.41,ACCT9854988,BRANCH51,Leo Kim,ACCT6855691,2025-12-08 03:21:07,noise
credit,8815.34,ACCT6098328,BRANCH51,Leo Kim,ACCT6855691,2025-12-11 02:30:17,noise
credit,9621.78,ACCT4263191,BRANCH51,Leo Kim,ACCT6855691,2025-12-22 05:09:13,noise
debit,140.56,,BRANCH71,Diego Bakker,ACCT9077382,2025-10-03 08:29:40,noise
credit,3387.5,,BRANCH71,Diego Bakker,ACCT9077382,2025-09-29 11:14:05,noise
debit,398.89,,BRANCH71,Diego Bakker,ACCT9077382,2025-09-29 15:40:54,noise
debit,358.32,,BRANCH71,Diego Bakker,ACCT9077382,2025-09-27 19:26:59,noise
credit,1540.8,,BRANCH98,Diego Bakker,ACCT9077382,2025-09-27 14:01:16,noise
debit,159.2,,BRANCH71,Diego Bakker,ACCT9077382,2025-09-26 23:39:38,noise
credit,529.48,,BRANCH71,Diego Bakker,ACCT9077382,2025-09-23 19:13:33,noise
credit,1948.69,ACCT7316496,BRANCH71,Diego Bakker,ACCT9077382,2025-09-23 03:20:17,noise
debit,1704.88,ACCT7002238,BRANCH71,Diego Bakker,ACCT9077382,2025-09-17 04:33:08,noise
credit,109.5,,BRANCH71,Diego Bakker,ACCT9077382,2025-09-16 16:26:11,noise
debit,175.21,ACCT1279610,BRANCH71,Diego Bakker,ACCT9077382,2025-09-16 18:26:34,noise
debit,4324.49,,BRANCH93,Diego Bakker,ACCT9077382,2025-09-13 12:41:19,noise
credit,4710.17,ACCT7791456,BRANCH71,Diego Bakker,ACCT9077382,2025-09-12 16:14:54,noise
debit,426.71,ACCT9498768,BRANCH71,Diego Bakker,ACCT9077382,2025-09-09 16:32:29,noise
credit,544.34,,BRANCH71,Diego Bakker,ACCT9077382,2025-09-06 20:20:27,noise
debit,728.51,ACCT6741191,BRANCH71,Diego Bakker,ACCT9077382,2025-09-05 10:30:24,noise
debit,132.8,,BRANCH84,Diego Bakker,ACCT9077382,2025-08-29 00:28:00,noise
debit,441.67,,BRANCH16,Diego Bakker,ACCT9077382,2025-08-23 01:34:28,noise
credit,799.06,,BRANCH92,Diego Bakker,ACCT9077382,2025-08-22 05:19:29,noise
debit,1174.43,,BRANCH71,Diego Bakker,ACCT9077382,2025-08-21 09:23:51,noise
credit,574.99,,BRANCH43,Diego Bakker,ACCT9077382,2025-08-21 17:39:01,noise
debit,1005.72,,BRANCH86,Diego Bakker,ACCT9077382,2025-08-18 15:28:55,noise
debit,244.15,ACCT6975186,BRANCH71,Diego Bakker,ACCT9077382,2025-08-17 00:05:23,noise
credit,376.78,,BRANCH71,Diego Bakker,ACCT9077382,2025-08-15 10:06:20,noise
credit,1303.93,,BRANCH71,Diego Bakker,ACCT9077382,2025-08-14 23:20:49,noise
credit,507.68,ACCT9854988,BRANCH71,Diego Bakker,ACCT9077382,2025-08-13 00:34:08,noise
debit,346.58,,BRANCH50,Diego Bakker,ACCT9077382,2025-08-13 14:14:22,noise
debit,947.34,,BRANCH71,Diego Bakker,ACCT9077382,2025-08-12 15:25:28,noise
debit,674.27,,BRANCH71,Diego Bakker,ACCT9077382,2025-08-12 14:10:41,noise
debit,772.79,ACCT1931022,BRANCH71,Diego Bakker,ACCT9077382,2025-08-11 01:35:18,noise
debit,835.52,,BRANCH97,Diego Bakker,ACCT9077382,2025-08-09 21:23:45,noise
debit,114.94,,BRANCH71,Diego Bakker,ACCT9077382,2025-08-09 19:17:35,noise
debit,2327.78,,BRANCH71,Diego Bakker,ACCT9077382,2025-08-05 11:14:04,noise
debit,4415.33,,BRANCH71,Diego Bakker,ACCT9077382,2025-08-04 09:13:00,noise
debit,1316.51,,BRANCH28,Jin Quinn,ACCT6098328,2025-10-02 16:19:43,noise
credit,1689.29,,BRANCH28,Jin Quinn,ACCT6098328,2025-10-01 10:20:10,noise
credit,524.81,,BRANCH28,Jin Quinn,ACCT6098328,2025-10-01 20:31:55,noise
credit,289.69,,BRANCH28,Jin Quinn,ACCT6098328,2025-09-27 21:25:14,noise
debit,1348.78,,BRANCH24,Jin Quinn,ACCT6098328,2025-09-25 10:30:10,noise
debit,1345.69,ACCT1938438,BRANCH49,Jin Quinn,ACCT6098328,2025-09-22 18:10:37,noise
credit,1010.55,,BRANCH28,Jin Quinn,ACCT6098328,2025-09-21 22:00:12,noise
debit,196.64,ACCT5975709,BRANCH28,Jin Quinn,ACCT6098328,2025-09-21 05:30:43,noise
credit,290.78,,BRANCH28,Jin Quinn,ACCT6098328,2025-09-19 14:27:17,noise
credit,807.34,,BRANCH28,Jin Quinn,ACCT6098328,2025-09-19 22:38:17,noise
credit,3297.72,,BRANCH91,Jin Quinn,ACCT6098328,2025-09-17 12:26:15,noise
debit,576.63,ACCT1931022,BRANCH28,Jin Quinn,ACCT6098328,2025-09-17 09:05:19,noise
debit,410.42,,BRANCH81,Jin Quinn,ACCT6098328,2025-09-15 11:26:18,noise
credit,542.01,,BRANCH28,Jin Quinn,ACCT6098328,2025-09-14 09:06:56,noise
debit,3000.0,ACCT7668795,BRANCH63,Jin Quinn,ACCT6098328,2025-09-13 12:22:45,noise
credit,2275.1,,BRANCH28,Jin Quinn,ACCT6098328,2025-09-13 21:36:09,noise
debit,2061.11,ACCT7635791,BRANCH53,Jin Quinn,ACCT6098328,2025-09-11 02:25:18,noise
debit,475.93,,BRANCH28,Jin Quinn,ACCT6098328,2025-09-10 19:40:13,noise
debit,497.39,,BRANCH28,Jin Quinn,ACCT6098328,2025-09-09 01:30:54,noise
credit,372.95,ACCT4263191,BRANCH28,Jin Quinn,ACCT6098328,2025-09-08 23:16:10,noise
debit,514.05,,BRANCH44,Jin Quinn,ACCT6098328,2025-09-06 11:26:24,noise
debit,1105.81,,BRANCH28,Jin Quinn,ACCT6098328,2025-09-05 12:44:42,noise
debit,881.05,,BRANCH28,Jin Quinn,ACCT6098328,2025-08-31 15:45:04,noise
debit,772.42,,BRANCH28,Jin Quinn,ACCT6098328,2025-08-31 08:41:48,noise
debit,251.0,,BRANCH22,Jin Quinn,ACCT6098328,2025-08-29 15:12:54,noise
debit,1277.99,,BRANCH28,Jin Quinn,ACCT6098328,2025-08-27 18:00:17,noise
credit,1974.99,,BRANCH28,Jin Quinn,ACCT6098328,2025-08-26 15:38:38,noise
debit,658.59,,BRANCH28,Jin Quinn,ACCT6098328,2025-08-22 12:25:47,noise
credit,1912.6,,BRANCH89,Jin Quinn,ACCT6098328,2025-08-16 02:41:14,noise
debit,385.11,,BRANCH10,Jin Quinn,ACCT6098328,2025-08-14 21:38:02,noise
credit,1357.4,,BRANCH28,Jin Quinn,ACCT6098328,2025-08-13 23:17:26,noise
credit,1234.98,,BRANCH28,Jin Quinn,ACCT6098328,2025-08-13 19:06:04,noise
credit,1468.38,ACCT3547928,BRANCH28,Jin Quinn,ACCT6098328,2025-12-19 03:26:03,noise
credit,906.23,ACCT8445083,BRANCH28,Jin Quinn,ACCT6098328,2025-12-19 04:02:33,noise
credit,1462.04,ACCT6514221,BRANCH28,Jin Quinn,ACCT6098328,2025-12-19 02:30:33,noise
credit,2354.69,ACCT6033220,BRANCH28,Jin Quinn,ACCT6098328,2025-12-19 05:28:48,noise
credit,938.2,ACCT4773793,BRANCH28,Jin Quinn,ACCT6098328,2025-12-19 02:21:05,noise
credit,1063.3,ACCT6183761,BRANCH28,Jin Quinn,ACCT6098328,2025-12-19 19:22:52,noise
credit,1335.89,ACCT7668795,BRANCH28,Jin Quinn,ACCT6098328,2025-12-19 13:28:05,noise
credit,1808.93,ACCT1659971,BRANCH28,Jin Quinn,ACCT6098328,2025-12-19 06:26:47,noise
credit,842.26,ACCT2794986,BRANCH28,Jin Quinn,ACCT6098328,2025-12-19 00:00:10,noise
credit,1656.04,ACCT5914807,BRANCH28,Jin Quinn,ACCT6098328,2025-12-19 15:02:13,noise
credit,1735.71,ACCT6223031,BRANCH28,Jin Quinn,ACCT6098328,2025-12-19 00:23:53,noise
credit,2465.37,ACCT6855691,BRANCH28,Jin Quinn,ACCT6098328,2025-12-19 06:06:14,noise
debit,1048.64,ACCT6965602,BRANCH28,Jin Quinn,ACCT6098328,2025-12-20 00:18:28,noise
debit,991.52,ACCT7274440,BRANCH28,Jin Quinn,ACCT6098328,2025-12-20 07:10:42,noise
debit,1679.94,ACCT6965602,BRANCH28,Jin Quinn,ACCT6098328,2025-12-20 05:11:36,noise
debit,1428.81,ACCT9168348,BRANCH28,Jin Quinn,ACCT6098328,2025-12-20 01:02:52,noise
debit,894.04,ACCT4886186,BRANCH28,Jin Quinn,ACCT6098328,2025-12-20 10:23:58,noise
debit,1720.76,ACCT5088821,BRANCH28,Jin Quinn,ACCT6098328,2025-12-20 02:25:00,noise
debit,627.45,ACCT6965602,BRANCH28,Jin Quinn,ACCT6098328,2025-12-20 04:15:10,noise
debit,1736.31,ACCT6855691,BRANCH28,Jin Quinn,ACCT6098328,2025-12-20 08:27:20,noise
credit,1453.3,,BRANCH38,Leo Haddad,ACCT3564547,2025-09-30 22:37:06,noise
debit,1594.74,,BRANCH38,Leo Haddad,ACCT3564547,2025-09-29 18:45:58,noise
debit,868.17,ACCT4272266,BRANCH71,Leo Haddad,ACCT3564547,2025-09-29 04:40:05,noise
debit,695.66,,BRANCH38,Leo Haddad,ACCT3564547,2025-09-26 10:19:19,noise
debit,1482.68,,BRANCH38,Leo Haddad,ACCT3564547,2025-09-24 20:43:06,noise
debit,193.54,,BRANCH38,Leo Haddad,ACCT3564547,2025-09-24 11:06:33,noise
debit,1913.51,,BRANCH99,Leo Haddad,ACCT3564547,2025-09-23 10:01:12,noise
debit,801.42,,BRANCH84,Leo Haddad,ACCT3564547,2025-09-23 20:36:08,noise
debit,1031.08,ACCT7316496,BRANCH38,Leo Haddad,ACCT3564547,2025-09-22 12:05:42,noise
credit,345.84,,BRANCH58,Leo Haddad,ACCT3564547,2025-09-22 11:36:01,noise
debit,763.18,,BRANCH46,Leo Haddad,ACCT3564547,2025-09-20 20:29:46,noise
debit,307.68,,BRANCH93,Leo Haddad,ACCT3564547,2025-09-20 01:07:06,noise
credit,154.88,,BRANCH45,Leo Haddad,ACCT3564547,2025-09-19 11:33:01,noise
debit,435.91,,BRANCH23,Leo Haddad,ACCT3564547,2025-09-19 11:20:51,noise
credit,382.7,,BRANCH38,Leo Haddad,ACCT3564547,2025-09-16 13:04:03,noise
credit,2367.05,ACCT1279610,BRANCH11,Leo Haddad,ACCT3564547,2025-09-15 13:28:29,noise
credit,789.86,,BRANCH38,Leo Haddad,ACCT3564547,2025-09-15 13:40:25,noise
debit,2617.53,ACCT6965602,BRANCH38,Leo Haddad,ACCT3564547,2025-09-13 16:24:05,noise
debit,205.27,,BRANCH38,Leo Haddad,ACCT3564547,2025-09-12 13:40:08,noise
credit,195.02,,BRANCH38,Leo Haddad,ACCT3564547,2025-09-11 14:42:50,noise
credit,2817.12,,BRANCH38,Leo Haddad,ACCT3564547,2025-09-11 20:14:57,noise
debit,5695.92,,BRANCH39,Leo Haddad,ACCT3564547,2025-09-09 13:05:58,noise
debit,851.7,,BRANCH38,Leo Haddad,ACCT3564547,2025-09-08 13:00:19,noise
debit,1419.34,,BRANCH73,Leo Haddad,ACCT3564547,2025-09-08 20:33:47,noise
debit,280.81,,BRANCH38,Leo Haddad,ACCT3564547,2025-09-05 09:17:14,noise
debit,2044.74,ACCT9976709,BRANCH38,Leo Haddad,ACCT3564547,2025-09-02 22:33:11,noise
debit,669.94,ACCT6924004,BRANCH38,Leo Haddad,ACCT3564547,2025-08-25 16:25:09,noise
debit,1149.79,ACCT9523079,BRANCH38,Leo Haddad,ACCT3564547,2025-08-25 16:38:54,noise
credit,324.33,ACCT2724754,BRANCH38,Leo Haddad,ACCT3564547,2025-08-24 16:25:45,noise
debit,792.28,,BRANCH38,Leo Haddad,ACCT3564547,2025-08-23 23:43:17,noise
debit,2077.44,,BRANCH38,Leo Haddad,ACCT3564547,2025-08-22 14:44:09,noise
debit,1108.78,,BRANCH38,Leo Haddad,ACCT3564547,2025-08-22 04:19:43,noise
debit,203.46,ACCT4844844,BRANCH38,Leo Haddad,ACCT3564547,2025-08-21 13:01:23,noise
credit,714.5,,BRANCH37,Leo Haddad,ACCT3564547,2025-08-19 15:11:19,noise
debit,2484.38,,BRANCH38,Leo Haddad,ACCT3564547,2025-08-19 04:13:18,noise
credit,423.21,,BRANCH37,Leo Haddad,ACCT3564547,2025-08-16 17:17:10,noise
credit,651.05,,BRANCH38,Leo Haddad,ACCT3564547,2025-08-16 11:39:20,noise
debit,1104.17,,BRANCH38,Leo Haddad,ACCT3564547,2025-08-13 14:18:55,noise
credit,111.78,,BRANCH84,Leo Haddad,ACCT3564547,2025-08-11 16:23:22,noise
debit,148.08,ACCT5126525,BRANCH38,Leo Haddad,ACCT3564547,2025-08-10 13:32:52,noise
credit,96.21,,BRANCH38,Leo Haddad,ACCT3564547,2025-08-07 18:01:01,noise
credit,385.52,,BRANCH38,Leo Haddad,ACCT3564547,2025-08-07 16:10:25,noise
debit,893.49,ACCT6493789,BRANCH39,Tomas Fischer,ACCT7238407,2025-10-03 19:23:53,noise
credit,142.28,ACCT1623538,BRANCH39,Tomas Fischer,ACCT7238407,2025-10-03 10:31:34,noise
credit,165.62,,BRANCH39,Tomas Fischer,ACCT7238407,2025-10-02 10:09:24,noise
credit,902.24,,BRANCH39,Tomas Fischer,ACCT7238407,2025-10-01 15:16:05,noise
debit,695.91,ACCT3507254,BRANCH39,Tomas Fischer,ACCT7238407,2025-09-29 15:31:39,noise
credit,466.72,,BRANCH83,Tomas Fischer,ACCT7238407,2025-09-29 12:32:27,noise
debit,1065.69,ACCT4046242,BRANCH39,Tomas Fischer,ACCT7238407,2025-09-26 15:44:47,noise
debit,123.25,,BRANCH26,Tomas Fischer,ACCT7238407,2025-09-26 18:13:16,noise
debit,1319.07,,BRANCH39,Tomas Fischer,ACCT7238407,2025-09-24 14:12:19,noise
debit,255.45,ACCT3723785,BRANCH39,Tomas Fischer,ACCT7238407,2025-09-21 03:35:24,noise
credit,1393.97,,BRANCH39,Tomas Fischer,ACCT7238407,2025-09-19 04:12:06,noise
debit,771.75,,BRANCH24,Tomas Fischer,ACCT7238407,2025-09-19 16:08:48,noise
debit,1040.56,,BRANCH39,Tomas Fischer,ACCT7238407,2025-09-17 08:08:42,noise
credit,998.23,ACCT2776269,BRANCH39,Tomas Fischer,ACCT7238407,2025-09-16 12:33:41,noise
credit,5344.63,,BRANCH39,Tomas Fischer,ACCT7238407,2025-09-15 09:31:14,noise
credit,605.66,ACCT7274440,BRANCH39,Tomas Fischer,ACCT7238407,2025-09-12 08:01:33,noise
debit,5513.86,,BRANCH39,Tomas Fischer,ACCT7238407,2025-09-10 18:18:50,noise
debit,776.47,,BRANCH15,Tomas Fischer,ACCT7238407,2025-09-07 16:33:59,noise
credit,1189.77,,BRANCH39,Tomas Fischer,ACCT7238407,2025-09-03 03:30:45,noise
debit,1208.73,,BRANCH39,Tomas Fischer,ACCT7238407,2025-09-03 21:39:08,noise
debit,2962.67,ACCT6638415,BRANCH39,Tomas Fischer,ACCT7238407,2025-09-01 08:09:39,noise
credit,189.75,,BRANCH39,Tomas Fischer,ACCT7238407,2025-08-31 08:25:46,noise
debit,207.09,,BRANCH39,Tomas Fischer,ACCT7238407,2025-08-29 23:37:13,noise
debit,155.86,,BRANCH39,Tomas Fischer,ACCT7238407,2025-08-29 19:08:21,noise
debit,425.33,,BRANCH39,Tomas Fischer,ACCT7238407,2025-08-28 10:38:33,noise
debit,513.16,,BRANCH39,Tomas Fischer,ACCT7238407,2025-08-28 09:17:51,noise
credit,1616.78,,BRANCH67,Tomas Fischer,ACCT7238407,2025-08-26 11:24:14,noise
debit,122.59,,BRANCH41,Tomas Fischer,ACCT7238407,2025-08-26 12:08:43,noise
credit,293.37,ACCT9797138,BRANCH39,Tomas Fischer,ACCT7238407,2025-08-25 17:04:52,noise
credit,860.09,,BRANCH97,Tomas Fischer,ACCT7238407,2025-08-20 16:20:42,noise
debit,182.22,,BRANCH83,Tomas Fischer,ACCT7238407,2025-08-19 11:18:10,noise
credit,244.64,,BRANCH24,Tomas Fischer,ACCT7238407,2025-08-19 11:45:13,noise
debit,464.81,,BRANCH39,Tomas Fischer,ACCT7238407,2025-08-18 09:12:04,noise
debit,2033.51,,BRANCH39,Tomas Fischer,ACCT7238407,2025-08-18 08:26:16,noise
credit,3174.21,,BRANCH23,Tomas Fischer,ACCT7238407,2025-08-17 09:06:52,noise
debit,310.77,,BRANCH39,Tomas Fischer,ACCT7238407,2025-08-15 11:02:50,noise
debit,1161.48,,BRANCH39,Tomas Fischer,ACCT7238407,2025-08-15 18:35:12,noise
debit,412.8,,BRANCH20,Tomas Fischer,ACCT7238407,2025-08-12 08:36:53,noise
debit,5001.92,,BRANCH39,Tomas Fischer,ACCT7238407,2025-08-12 17:32:39,noise
credit,225.23,ACCT1659971,BRANCH11,Tomas Fischer,ACCT7238407,2025-08-10 23:09:51,noise
credit,762.01,,BRANCH39,Tomas Fischer,ACCT7238407,2025-08-10 21:42:24,noise
credit,831.24,,BRANCH47,Tomas Fischer,ACCT7238407,2025-08-05 23:02:09,noise
debit,830.16,,BRANCH32,Tomas Fischer,ACCT7238407,2025-08-05 18:16:38,noise
credit,1767.63,,BRANCH39,Tomas Fischer,ACCT7238407,2025-08-04 15:16:48,noise
debit,726.13,,BRANCH95,Ivy Novak,ACCT6223031,2025-10-03 21:16:26,noise
credit,1978.44,,BRANCH53,Ivy Novak,ACCT6223031,2025-10-02 18:20:40,noise
debit,325.6,,BRANCH95,Ivy Novak,ACCT6223031,2025-10-01 14:21:51,noise
credit,507.14,,BRANCH95,Ivy Novak,ACCT6223031,2025-09-29 10:04:38,noise
credit,569.9,,BRANCH95,Ivy Novak,ACCT6223031,2025-09-28 16:44:09,noise
debit,5458.19,,BRANCH95,Ivy Novak,ACCT6223031,2025-09-28 14:45:21,noise
debit,2773.51,,BRANCH95,Ivy Novak,ACCT6223031,2025-09-26 15:15:09,noise
credit,1713.41,,BRANCH95,Ivy Novak,ACCT6223031,2025-09-23 22:12:27,noise
credit,1061.12,,BRANCH95,Ivy Novak,ACCT6223031,2025-09-22 19:45:27,noise
debit,191.82,,BRANCH43,Ivy Novak,ACCT6223031,2025-09-21 12:08:31,noise
debit,1843.38,,BRANCH22,Ivy Novak,ACCT6223031,2025-09-21 10:42:38,noise
credit,1627.26,ACCT1931022,BRANCH95,Ivy Novak,ACCT6223031,2025-09-20 20:13:27,noise
debit,1276.25,,BRANCH24,Ivy Novak,ACCT6223031,2025-09-20 01:26:43,noise
credit,1941.31,,BRANCH95,Ivy Novak,ACCT6223031,2025-09-18 11:07:36,noise
debit,1006.84,,BRANCH95,Ivy Novak,ACCT6223031,2025-09-14 14:24:07,noise
credit,1226.45,,BRANCH95,Ivy Novak,ACCT6223031,2025-09-10 18:35:53,noise
credit,607.2,ACCT6893216,BRANCH95,Ivy Novak,ACCT6223031,2025-09-08 15:43:11,noise
debit,1373.47,,BRANCH95,Ivy Novak,ACCT6223031,2025-09-05 20:27:49,noise
debit,721.64,ACCT2794986,BRANCH95,Ivy Novak,ACCT6223031,2025-09-03 16:23:03,noise
debit,306.35,,BRANCH95,Ivy Novak,ACCT6223031,2025-09-01 17:22:34,noise
credit,47.7,,BRANCH76,Ivy Novak,ACCT6223031,2025-09-01 14:41:49,noise
debit,415.71,,BRANCH95,Ivy Novak,ACCT6223031,2025-08-31 20:27:37,noise
credit,405.35,,BRANCH20,Ivy Novak,ACCT6223031,2025-08-31 09:28:13,noise
credit,1139.34,ACCT9254547,BRANCH95,Ivy Novak,ACCT6223031,2025-08-30 08:28:41,noise
debit,777.6,ACCT2794986,BRANCH95,Ivy Novak,ACCT6223031,2025-08-30 20:26:56,noise
credit,466.14,ACCT4575241,BRANCH95,Ivy Novak,ACCT6223031,2025-08-29 21:11:24,noise
debit,1926.71,ACCT3609743,BRANCH26,Ivy Novak,ACCT6223031,2025-08-29 12:09:52,noise
debit,333.96,,BRANCH99,Ivy Novak,ACCT6223031,2025-08-28 18:39:21,noise
credit,2437.59,,BRANCH95,Ivy Novak,ACCT6223031,2025-08-27 05:22:26,noise
credit,327.2,ACCT5973256,BRANCH95,Ivy Novak,ACCT6223031,2025-08-27 19:45:05,noise
debit,1099.08,,BRANCH95,Ivy Novak,ACCT6223031,2025-08-24 14:09:08,noise
credit,259.99,ACCT9927731,BRANCH66,Ivy Novak,ACCT6223031,2025-08-24 21:20:27,noise
credit,210.55,ACCT3134951,BRANCH95,Ivy Novak,ACCT6223031,2025-08-18 20:22:47,noise
debit,1152.97,ACCT7849357,BRANCH95,Ivy Novak,ACCT6223031,2025-08-17 11:23:19,noise
credit,748.64,ACCT3854268,BRANCH95,Ivy Novak,ACCT6223031,2025-08-17 16:34:48,noise
debit,492.52,,BRANCH30,Ivy Novak,ACCT6223031,2025-08-16 11:17:00,noise
debit,990.66,ACCT7849357,BRANCH95,Ivy Novak,ACCT6223031,2025-08-16 10:38:05,noise
credit,468.75,,BRANCH95,Ivy Novak,ACCT6223031,2025-08-15 20:34:59,noise
debit,625.13,,BRANCH95,Ivy Novak,ACCT6223031,2025-08-15 23:21:39,noise
credit,1576.99,ACCT3952254,BRANCH45,Ivy Novak,ACCT6223031,2025-08-14 09:14:51,noise
credit,796.4,,BRANCH95,Ivy Novak,ACCT6223031,2025-08-12 09:30:24,noise
credit,1120.89,ACCT3134951,BRANCH24,Ivy Novak,ACCT6223031,2025-08-11 13:38:31,noise
debit,800.28,,BRANCH91,Ivy Novak,ACCT6223031,2025-08-10 15:16:54,noise
debit,3000.0,ACCT3791396,BRANCH95,Ivy Novak,ACCT6223031,2025-08-10 15:21:04,noise
debit,729.02,,BRANCH95,Ivy Novak,ACCT6223031,2025-08-09 18:10:02,noise
debit,1304.03,ACCT8901604,BRANCH95,Ivy Novak,ACCT6223031,2025-08-07 20:25:48,noise
credit,1975.22,,BRANCH95,Ivy Novak,ACCT6223031,2025-08-07 11:15:47,noise
debit,785.27,,BRANCH95,Ivy Novak,ACCT6223031,2025-08-06 23:24:50,noise
debit,441.86,,BRANCH75,Ravi Chen,ACCT7849357,2025-09-30 19:14:13,noise
credit,497.44,,BRANCH75,Ravi Chen,ACCT7849357,2025-09-29 18:16:59,noise
credit,385.77,,BRANCH75,Ravi Chen,ACCT7849357,2025-09-25 17:23:23,noise
debit,873.24,,BRANCH39,Ravi Chen,ACCT7849357,2025-09-25 23:31:36,noise
debit,115.74,ACCT2293591,BRANCH75,Ravi Chen,ACCT7849357,2025-09-22 09:00:53,noise
debit,2364.75,,BRANCH75,Ravi Chen,ACCT7849357,2025-09-20 23:17:59,noise
credit,1207.72,ACCT6959371,BRANCH62,Ravi Chen,ACCT7849357,2025-09-17 19:09:34,noise
debit,1537.8,,BRANCH75,Ravi Chen,ACCT7849357,2025-09-16 16:20:59,noise
credit,332.91,,BRANCH75,Ravi Chen,ACCT7849357,2025-09-16 04:15:57,noise
credit,444.88,,BRANCH75,Ravi Chen,ACCT7849357,2025-09-15 09:15:19,noise
credit,184.44,ACCT9077382,BRANCH37,Ravi Chen,ACCT7849357,2025-09-11 14:42:32,noise
debit,631.59,,BRANCH75,Ravi Chen,ACCT7849357,2025-09-11 08:29:09,noise
debit,325.35,,BRANCH75,Ravi Chen,ACCT7849357,2025-09-10 01:26:39,noise
credit,939.23,,BRANCH75,Ravi Chen,ACCT7849357,2025-09-08 02:17:04,noise
debit,695.24,,BRANCH75,Ravi Chen,ACCT7849357,2025-09-08 01:36:39,noise
debit,731.24,,BRANCH75,Ravi Chen,ACCT7849357,2025-09-05 12:20:50,noise
credit,133.74,,BRANCH75,Ravi Chen,ACCT7849357,2025-09-03 12:08:12,noise
credit,689.11,,BRANCH68,Ravi Chen,ACCT7849357,2025-09-01 01:14:52,noise
credit,548.77,,BRANCH75,Ravi Chen,ACCT7849357,2025-09-01 21:20:05,noise
debit,1140.26,,BRANCH75,Ravi Chen,ACCT7849357,2025-08-31 09:04:52,noise
credit,839.02,,BRANCH75,Ravi Chen,ACCT7849357,2025-08-31 09:30:30,noise
debit,490.08,,BRANCH75,Ravi Chen,ACCT7849357,2025-08-29 19:06:50,noise
credit,1119.02,ACCT1623538,BRANCH75,Ravi Chen,ACCT7849357,2025-08-27 17:29:26,noise
debit,314.75,,BRANCH75,Ravi Chen,ACCT7849357,2025-08-27 23:12:06,noise
debit,319.21,,BRANCH75,Ravi Chen,ACCT7849357,2025-08-25 04:02:04,noise
credit,1220.91,ACCT6893216,BRANCH67,Ravi Chen,ACCT7849357,2025-08-22 12:13:18,noise
debit,2030.18,,BRANCH75,Ravi Chen,ACCT7849357,2025-08-22 18:41:08,noise
credit,597.79,ACCT6183761,BRANCH75,Ravi Chen,ACCT7849357,2025-08-20 01:07:28,noise
credit,123.67,,BRANCH84,Ravi Chen,ACCT7849357,2025-08-12 01:08:39,noise
credit,2207.35,,BRANCH64,Ravi Chen,ACCT7849357,2025-08-12 12:42:53,noise
credit,242.61,,BRANCH75,Ravi Chen,ACCT7849357,2025-08-11 23:30:41,noise
credit,1284.36,,BRANCH35,Ravi Chen,ACCT7849357,2025-08-10 14:41:23,noise
credit,326.23,,BRANCH75,Ravi Chen,ACCT7849357,2025-08-08 08:05:04,noise
credit,1188.46,,BRANCH14,Jin Unger,ACCT5364403,2025-10-02 09:22:43,noise
credit,286.44,,BRANCH14,Jin Unger,ACCT5364403,2025-09-30 12:40:30,noise
debit,956.33,,BRANCH78,Jin Unger,ACCT5364403,2025-09-30 12:17:29,noise
credit,1617.82,,BRANCH14,Jin Unger,ACCT5364403,2025-09-26 00:39:10,noise
credit,256.94,,BRANCH19,Jin Unger,ACCT5364403,2025-09-26 12:45:02,noise
debit,362.1,ACCT3952254,BRANCH14,Jin Unger,ACCT5364403,2025-09-24 01:00:32,noise
debit,695.45,,BRANCH14,Jin Unger,ACCT5364403,2025-09-21 20:02:51,noise
debit,1492.13,,BRANCH45,Jin Unger,ACCT5364403,2025-09-21 08:10:30,noise
debit,350.04,ACCT2887885,BRANCH14,Jin Unger,ACCT5364403,2025-09-20 22:40:16,noise
credit,310.03,ACCT5126525,BRANCH14,Jin Unger,ACCT5364403,2025-09-16 15:32:55,noise
credit,726.99,,BRANCH14,Jin Unger,ACCT5364403,2025-09-16 05:34:22,noise
debit,275.14,,BRANCH14,Jin Unger,ACCT5364403,2025-09-14 15:04:39,noise
debit,1106.83,,BRANCH14,Jin Unger,ACCT5364403,2025-09-14 23:33:04,noise
debit,754.37,,BRANCH14,Jin Unger,ACCT5364403,2025-09-13 01:09:35,noise
credit,691.57,,BRANCH14,Jin Unger,ACCT5364403,2025-09-13 23:02:11,noise
debit,459.82,ACCT6604921,BRANCH58,Jin Unger,ACCT5364403,2025-09-11 16:00:31,noise
debit,875.64,,BRANCH14,Jin Unger,ACCT5364403,2025-09-11 17:10:16,noise
credit,167.38,ACCT9168348,BRANCH14,Jin Unger,ACCT5364403,2025-09-09 21:03:46,noise
debit,1961.42,,BRANCH14,Jin Unger,ACCT5364403,2025-09-06 18:16:00,noise
debit,379.18,ACCT9168348,BRANCH14,Jin Unger,ACCT5364403,2025-09-06 19:04:29,noise
credit,1032.58,,BRANCH14,Jin Unger,ACCT5364403,2025-09-03 20:45:30,noise
debit,237.76,ACCT6691811,BRANCH90,Jin Unger,ACCT5364403,2025-09-01 10:32:39,noise
debit,3000.0,ACCT5126525,BRANCH14,Jin Unger,ACCT5364403,2025-08-30 18:43:32,noise
credit,2747.18,,BRANCH14,Jin Unger,ACCT5364403,2025-08-28 13:06:49,noise
credit,1060.12,,BRANCH14,Jin Unger,ACCT5364403,2025-08-25 03:41:13,noise
debit,412.29,,BRANCH14,Jin Unger,ACCT5364403,2025-08-23 13:00:16,noise
credit,303.12,,BRANCH14,Jin Unger,ACCT5364403,2025-08-22 12:05:17,noise
debit,463.65,,BRANCH14,Jin Unger,ACCT5364403,2025-08-21 05:12:32,noise
credit,1960.04,,BRANCH14,Jin Unger,ACCT5364403,2025-08-21 08:42:51,noise
credit,673.81,ACCT7791456,BRANCH14,Jin Unger,ACCT5364403,2025-08-18 16:18:30,noise
debit,770.3,,BRANCH14,Jin Unger,ACCT5364403,2025-08-12 21:14:37,noise
debit,1255.02,,BRANCH14,Jin Unger,ACCT5364403,2025-08-10 22:28:49,noise
debit,688.34,,BRANCH97,Jin Unger,ACCT5364403,2025-08-09 14:13:42,noise
credit,98.41,,BRANCH14,Jin Unger,ACCT5364403,2025-08-07 17:11:47,noise
debit,269.14,,BRANCH18,Ravi Duarte,ACCT5652339,2025-09-30 21:34:23,noise
credit,2266.39,,BRANCH18,Ravi Duarte,ACCT5652339,2025-09-27 13:37:43,noise
credit,1606.48,,BRANCH18,Ravi Duarte,ACCT5652339,2025-09-27 08:39:16,noise
credit,1439.14,ACCT4554970,BRANCH18,Ravi Duarte,ACCT5652339,2025-09-26 12:08:30,noise
debit,940.9,,BRANCH51,Ravi Duarte,ACCT5652339,2025-09-24 15:35:35,noise
credit,737.19,ACCT7849357,BRANCH18,Ravi Duarte,ACCT5652339,2025-09-20 11:11:26,noise
credit,224.67,,BRANCH18,Ravi Duarte,ACCT5652339,2025-09-17 17:22:43,noise
credit,755.06,,BRANCH18,Ravi Duarte,ACCT5652339,2025-09-17 08:43:52,noise
credit,289.92,,BRANCH18,Ravi Duarte,ACCT5652339,2025-09-15 16:26:18,noise
debit,4921.63,,BRANCH18,Ravi Duarte,ACCT5652339,2025-09-15 11:35:02,noise
credit,1984.23,,BRANCH74,Ravi Duarte,ACCT5652339,2025-09-14 12:19:38,noise
debit,305.05,ACCT2054858,BRANCH18,Ravi Duarte,ACCT5652339,2025-09-14 12:19:24,noise
credit,351.28,,BRANCH18,Ravi Duarte,ACCT5652339,2025-09-11 17:12:02,noise
credit,4065.08,,BRANCH18,Ravi Duarte,ACCT5652339,2025-09-11 13:08:35,noise
credit,483.32,,BRANCH83,Ravi Duarte,ACCT5652339,2025-09-05 09:10:27,noise
debit,502.22,,BRANCH18,Ravi Duarte,ACCT5652339,2025-09-03 04:02:07,noise
credit,1008.29,,BRANCH18,Ravi Duarte,ACCT5652339,2025-09-01 19:29:34,noise
credit,638.1,,BRANCH18,Ravi Duarte,ACCT5652339,2025-09-01 13:28:49,noise
debit,1091.58,ACCT6975186,BRANCH18,Ravi Duarte,ACCT5652339,2025-08-31 04:33:22,noise
debit,628.58,,BRANCH18,Ravi Duarte,ACCT5652339,2025-08-30 17:34:52,noise
credit,6613.59,ACCT3854268,BRANCH64,Ravi Duarte,ACCT5652339,2025-08-29 13:04:27,noise
debit,253.12,,BRANCH18,Ravi Duarte,ACCT5652339,2025-08-29 12:28:40,noise
credit,278.42,,BRANCH18,Ravi Duarte,ACCT5652339,2025-08-28 02:31:44,noise
credit,741.96,,BRANCH18,Ravi Duarte,ACCT5652339,2025-08-26 09:25:08,noise
credit,231.55,ACCT3976612,BRANCH18,Ravi Duarte,ACCT5652339,2025-08-23 15:14:37,noise
credit,497.47,ACCT3791396,BRANCH18,Ravi Duarte,ACCT5652339,2025-08-14 12:23:01,noise
debit,188.87,,BRANCH18,Ravi Duarte,ACCT5652339,2025-08-12 23:24:12,noise
credit,1292.02,,BRANCH47,Ravi Duarte,ACCT5652339,2025-08-12 22:02:05,noise
debit,1707.83,,BRANCH18,Ravi Duarte,ACCT5652339,2025-08-11 15:28:57,noise
debit,164.96,,BRANCH18,Ravi Duarte,ACCT5652339,2025-08-09 09:23:03,noise
credit,633.19,,BRANCH18,Ravi Duarte,ACCT5652339,2025-08-07 17:23:42,noise
credit,1302.67,ACCT6223031,BRANCH18,Ravi Duarte,ACCT5652339,2025-08-07 10:27:00,noise
credit,842.56,,BRANCH18,Ravi Duarte,ACCT5652339,2025-08-06 23:17:38,noise
debit,502.41,,BRANCH39,Ravi Duarte,ACCT5652339,2025-08-06 20:30:14,noise
credit,142.88,,BRANCH46,Ravi Duarte,ACCT5652339,2025-08-05 16:28:15,noise
debit,521.73,,BRANCH94,Xin ElSayed,ACCT1843495,2025-10-01 11:25:58,noise
debit,286.85,ACCT5364403,BRANCH28,Xin ElSayed,ACCT1843495,2025-10-01 21:04:41,noise
credit,363.28,,BRANCH94,Xin ElSayed,ACCT1843495,2025-09-27 13:43:38,noise
debit,1195.61,ACCT1089940,BRANCH78,Xin ElSayed,ACCT1843495,2025-09-27 16:38:19,noise
debit,347.52,,BRANCH21,Xin ElSayed,ACCT1843495,2025-09-18 19:45:54,noise
credit,771.14,,BRANCH94,Xin ElSayed,ACCT1843495,2025-09-10 20:07:49,noise
credit,4379.89,,BRANCH99,Xin ElSayed,ACCT1843495,2025-09-10 18:35:41,noise
debit,528.43,,BRANCH94,Xin ElSayed,ACCT1843495,2025-09-09 10:36:13,noise
debit,334.65,,BRANCH94,Xin ElSayed,ACCT1843495,2025-09-08 23:42:19,noise
credit,733.01,ACCT7658407,BRANCH84,Xin ElSayed,ACCT1843495,2025-09-07 14:36:28,noise
credit,1877.8,,BRANCH94,Xin ElSayed,ACCT1843495,2025-09-07 05:10:22,noise
credit,306.47,,BRANCH94,Xin ElSayed,ACCT1843495,2025-08-30 19:02:20,noise
credit,364.76,,BRANCH18,Xin ElSayed,ACCT1843495,2025-08-30 15:20:41,noise
credit,2066.42,,BRANCH94,Xin ElSayed,ACCT1843495,2025-08-29 10:03:51,noise
debit,183.44,ACCT6429394,BRANCH23,Xin ElSayed,ACCT1843495,2025-08-29 20:32:09,noise
credit,677.51,,BRANCH94,Xin ElSayed,ACCT1843495,2025-08-28 12:10:11,noise
debit,513.57,ACCT3609743,BRANCH94,Xin ElSayed,ACCT1843495,2025-08-27 22:35:06,noise
credit,704.34,,BRANCH94,Xin ElSayed,ACCT1843495,2025-08-24 18:03:47,noise
debit,101.24,ACCT9254547,BRANCH94,Xin ElSayed,ACCT1843495,2025-08-23 11:22:11,noise
credit,503.51,,BRANCH94,Xin ElSayed,ACCT1843495,2025-08-19 09:14:29,noise
debit,306.31,ACCT6465142,BRANCH31,Xin ElSayed,ACCT1843495,2025-08-18 15:28:34,noise
credit,144.26,,BRANCH30,Xin ElSayed,ACCT1843495,2025-08-18 08:15:43,noise
credit,585.27,,BRANCH94,Xin ElSayed,ACCT1843495,2025-08-17 16:01:19,noise
credit,105.58,,BRANCH94,Xin ElSayed,ACCT1843495,2025-08-16 11:33:12,noise
debit,713.71,,BRANCH94,Xin ElSayed,ACCT1843495,2025-08-16 03:28:07,noise
credit,392.16,ACCT7316496,BRANCH94,Xin ElSayed,ACCT1843495,2025-08-13 11:44:26,noise
debit,3000.0,ACCT2054858,BRANCH91,Xin ElSayed,ACCT1843495,2025-08-10 13:08:27,noise
credit,1000.41,ACCT2887885,BRANCH94,Xin ElSayed,ACCT1843495,2025-08-09 17:43:57,noise
credit,729.77,ACCT3723785,BRANCH89,Victor ElSayed,ACCT2794986,2025-10-02 17:23:34,noise
debit,319.54,,BRANCH96,Victor ElSayed,ACCT2794986,2025-10-02 21:34:12,noise
debit,1168.83,,BRANCH89,Victor ElSayed,ACCT2794986,2025-10-01 03:37:11,noise
credit,1210.68,,BRANCH56,Victor ElSayed,ACCT2794986,2025-09-28 05:10:11,noise
credit,485.65,,BRANCH89,Victor ElSayed,ACCT2794986,2025-09-27 08:11:58,noise
credit,3717.19,ACCT6689818,BRANCH89,Victor ElSayed,ACCT2794986,2025-09-24 16:39:37,noise
debit,1922.14,ACCT7584817,BRANCH89,Victor ElSayed,ACCT2794986,2025-09-24 13:32:56,noise
debit,417.49,,BRANCH89,Victor ElSayed,ACCT2794986,2025-09-23 20:36:35,noise
credit,737.96,,BRANCH89,Victor ElSayed,ACCT2794986,2025-09-20 15:25:59,noise
debit,308.44,ACCT5459265,BRANCH66,Victor ElSayed,ACCT2794986,2025-09-20 16:03:10,noise
debit,598.0,,BRANCH89,Victor ElSayed,ACCT2794986,2025-09-19 17:40:07,noise
credit,978.8,ACCT9854988,BRANCH35,Victor ElSayed,ACCT2794986,2025-09-11 19:45:05,noise
credit,2323.98,ACCT3791396,BRANCH23,Victor ElSayed,ACCT2794986,2025-09-11 15:36:41,noise
credit,70.63,,BRANCH56,Victor ElSayed,ACCT2794986,2025-09-10 11:12:00,noise
credit,432.13,,BRANCH89,Victor ElSayed,ACCT2794986,2025-09-06 19:23:02,noise
debit,166.21,,BRANCH89,Victor ElSayed,ACCT2794986,2025-09-04 21:40:10,noise
credit,415.74,,BRANCH90,Victor ElSayed,ACCT2794986,2025-09-03 17:30:06,noise
debit,2387.77,ACCT3952254,BRANCH89,Victor ElSayed,ACCT2794986,2025-09-02 15:40:40,noise
debit,1375.54,,BRANCH79,Victor ElSayed,ACCT2794986,2025-09-01 19:41:43,noise
credit,388.23,,BRANCH31,Victor ElSayed,ACCT2794986,2025-08-30 14:24:12,noise
debit,644.57,,BRANCH89,Victor ElSayed,ACCT2794986,2025-08-30 09:34:13,noise
credit,461.04,,BRANCH89,Victor ElSayed,ACCT2794986,2025-08-26 14:12:13,noise
credit,1913.92,,BRANCH89,Victor ElSayed,ACCT2794986,2025-08-23 18:06:26,noise
credit,993.94,ACCT7368128,BRANCH89,Victor ElSayed,ACCT2794986,2025-08-21 15:15:47,noise
credit,1131.04,,BRANCH89,Victor ElSayed,ACCT2794986,2025-08-21 04:35:06,noise
debit,882.22,ACCT8038690,BRANCH59,Victor ElSayed,ACCT2794986,2025-08-20 08:32:18,noise
debit,686.16,,BRANCH89,Victor ElSayed,ACCT2794986,2025-08-20 16:00:03,noise
credit,2342.42,,BRANCH89,Victor ElSayed,ACCT2794986,2025-08-19 09:01:06,noise
credit,795.56,,BRANCH78,Victor ElSayed,ACCT2794986,2025-08-19 19:07:46,noise
debit,728.59,ACCT8767615,BRANCH89,Victor ElSayed,ACCT2794986,2025-08-18 21:24:26,noise
debit,178.7,ACCT1843495,BRANCH89,Victor ElSayed,ACCT2794986,2025-08-17 09:21:14,noise
credit,142.28,ACCT8738120,BRANCH92,Victor ElSayed,ACCT2794986,2025-08-17 13:04:25,noise
debit,733.08,,BRANCH89,Victor ElSayed,ACCT2794986,2025-08-16 21:34:34,noise
credit,256.72,,BRANCH89,Victor ElSayed,ACCT2794986,2025-08-16 05:08:36,noise
debit,606.18,ACCT3134951,BRANCH89,Victor ElSayed,ACCT2794986,2025-08-15 18:00:09,noise
debit,251.18,,BRANCH63,Victor ElSayed,ACCT2794986,2025-08-15 13:22:29,noise
debit,915.98,,BRANCH89,Victor ElSayed,ACCT2794986,2025-08-13 13:06:35,noise
credit,902.4,,BRANCH89,Victor ElSayed,ACCT2794986,2025-08-12 18:39:14,noise
debit,899.98,,BRANCH89,Victor ElSayed,ACCT2794986,2025-08-10 20:25:09,noise
credit,1576.5,,BRANCH89,Victor ElSayed,ACCT2794986,2025-08-09 11:04:46,noise
debit,314.31,,BRANCH89,Victor ElSayed,ACCT2794986,2025-08-08 11:09:57,noise
credit,911.08,,BRANCH89,Victor ElSayed,ACCT2794986,2025-08-07 12:06:16,noise
credit,1557.75,,BRANCH59,Ava Okafor,ACCT1196096,2025-10-01 17:15:52,noise
debit,3000.0,ACCT7274440,BRANCH51,Ava Okafor,ACCT1196096,2025-10-01 04:35:05,noise
credit,122.98,,BRANCH51,Ava Okafor,ACCT1196096,2025-09-30 09:08:29,noise
debit,30.05,,BRANCH51,Ava Okafor,ACCT1196096,2025-09-30 10:31:56,noise
credit,516.14,ACCT3952254,BRANCH33,Ava Okafor,ACCT1196096,2025-09-28 20:38:21,noise
debit,534.94,,BRANCH49,Ava Okafor,ACCT1196096,2025-09-26 03:22:04,noise
debit,775.16,,BRANCH51,Ava Okafor,ACCT1196096,2025-09-25 10:40:49,noise
credit,703.21,,BRANCH51,Ava Okafor,ACCT1196096,2025-09-25 09:27:00,noise
credit,254.86,ACCT5088821,BRANCH51,Ava Okafor,ACCT1196096,2025-09-23 10:29:28,noise
debit,82.03,ACCT7668795,BRANCH55,Ava Okafor,ACCT1196096,2025-09-22 11:45:52,noise
debit,715.18,,BRANCH51,Ava Okafor,ACCT1196096,2025-09-20 18:16:17,noise
credit,2128.68,ACCT1573360,BRANCH51,Ava Okafor,ACCT1196096,2025-09-19 18:13:34,noise
debit,809.64,,BRANCH50,Ava Okafor,ACCT1196096,2025-09-17 19:03:54,noise
debit,238.52,ACCT1659971,BRANCH51,Ava Okafor,ACCT1196096,2025-09-17 17:42:04,noise
credit,584.03,ACCT7552005,BRANCH51,Ava Okafor,ACCT1196096,2025-09-15 14:28:08,noise
debit,1649.18,ACCT5975709,BRANCH51,Ava Okafor,ACCT1196096,2025-09-14 11:27:11,noise
debit,3000.0,ACCT9254547,BRANCH51,Ava Okafor,ACCT1196096,2025-09-14 08:15:45,noise
debit,1312.69,,BRANCH51,Ava Okafor,ACCT1196096,2025-09-08 17:30:36,noise
debit,268.05,,BRANCH51,Ava Okafor,ACCT1196096,2025-09-08 14:37:40,noise
debit,847.2,ACCT5088821,BRANCH51,Ava Okafor,ACCT1196096,2025-09-03 18:35:21,noise
debit,3000.0,ACCT9254547,BRANCH51,Ava Okafor,ACCT1196096,2025-09-03 11:18:10,noise
debit,575.9,,BRANCH83,Ava Okafor,ACCT1196096,2025-09-01 18:41:05,noise
credit,1349.4,,BRANCH51,Ava Okafor,ACCT1196096,2025-08-31 13:18:28,noise
debit,1093.86,,BRANCH20,Ava Okafor,ACCT1196096,2025-08-29 08:03:05,noise
debit,898.36,ACCT1623538,BRANCH75,Ava Okafor,ACCT1196096,2025-08-29 08:37:05,noise
debit,894.25,ACCT8901604,BRANCH51,Ava Okafor,ACCT1196096,2025-08-28 00:19:36,noise
credit,431.13,,BRANCH29,Ava Okafor,ACCT1196096,2025-08-28 23:26:52,noise
debit,659.76,,BRANCH51,Ava Okafor,ACCT1196096,2025-08-26 09:14:15,noise
debit,1232.05,,BRANCH51,Ava Okafor,ACCT1196096,2025-08-22 09:05:47,noise
credit,613.29,,BRANCH51,Ava Okafor,ACCT1196096,2025-08-21 17:42:19,noise
credit,674.4,,BRANCH51,Ava Okafor,ACCT1196096,2025-08-16 16:29:00,noise
debit,803.4,,BRANCH51,Ava Okafor,ACCT1196096,2025-08-15 20:03:22,noise
debit,710.3,,BRANCH43,Ava Okafor,ACCT1196096,2025-08-10 16:35:33,noise
debit,1171.31,,BRANCH51,Ava Okafor,ACCT1196096,2025-08-07 19:38:54,noise
credit,154.45,ACCT7635791,BRANCH82,Ava Okafor,ACCT1196096,2025-08-06 17:07:44,noise
debit,106.89,,BRANCH51,Ava Okafor,ACCT1196096,2025-08-06 14:40:53,noise
credit,219.45,,BRANCH23,Sara Unger,ACCT6604921,2025-10-01 12:02:44,noise
credit,473.77,ACCT8445083,BRANCH97,Sara Unger,ACCT6604921,2025-10-01 13:09:41,noise
credit,588.22,,BRANCH22,Sara Unger,ACCT6604921,2025-09-30 18:18:44,noise
debit,618.48,ACCT5973256,BRANCH22,Sara Unger,ACCT6604921,2025-09-28 08:45:51,noise
debit,1224.12,,BRANCH56,Sara Unger,ACCT6604921,2025-09-27 10:01:37,noise
credit,277.62,ACCT6514221,BRANCH22,Sara Unger,ACCT6604921,2025-09-27 10:37:32,noise
debit,813.28,,BRANCH62,Sara Unger,ACCT6604921,2025-09-26 18:13:23,noise
debit,1274.61,,BRANCH22,Sara Unger,ACCT6604921,2025-09-21 14:34:16,noise
debit,49.33,,BRANCH22,Sara Unger,ACCT6604921,2025-09-21 16:12:41,noise
debit,2461.93,ACCT1757571,BRANCH86,Sara Unger,ACCT6604921,2025-09-20 21:26:15,noise
debit,802.84,,BRANCH22,Sara Unger,ACCT6604921,2025-09-19 19:39:25,noise
debit,317.74,,BRANCH22,Sara Unger,ACCT6604921,2025-09-17 08:25:30,noise
credit,492.71,ACCT1659971,BRANCH22,Sara Unger,ACCT6604921,2025-09-15 13:41:49,noise
credit,188.68,,BRANCH22,Sara Unger,ACCT6604921,2025-09-13 18:22:10,noise
credit,2928.75,,BRANCH22,Sara Unger,ACCT6604921,2025-09-13 22:34:47,noise
debit,1966.17,ACCT2887885,BRANCH22,Sara Unger,ACCT6604921,2025-09-12 15:07:08,noise
debit,605.53,,BRANCH22,Sara Unger,ACCT6604921,2025-09-12 12:19:36,noise
credit,245.05,,BRANCH64,Sara Unger,ACCT6604921,2025-09-11 13:35:48,noise
credit,2722.51,,BRANCH22,Sara Unger,ACCT6604921,2025-09-11 15:19:21,noise
credit,1819.25,ACCT4886186,BRANCH51,Sara Unger,ACCT6604921,2025-09-10 13:29:30,noise
credit,290.87,ACCT7274440,BRANCH22,Sara Unger,ACCT6604921,2025-09-08 11:35:52,noise
debit,297.04,,BRANCH77,Sara Unger,ACCT6604921,2025-09-07 08:04:02,noise
debit,264.38,ACCT4272266,BRANCH22,Sara Unger,ACCT6604921,2025-09-04 11:40:09,noise
debit,2058.39,,BRANCH22,Sara Unger,ACCT6604921,2025-09-03 03:14:32,noise
debit,1199.47,,BRANCH22,Sara Unger,ACCT6604921,2025-09-01 18:29:18,noise
debit,473.31,,BRANCH22,Sara Unger,ACCT6604921,2025-08-28 08:43:58,noise
debit,331.15,ACCT2058494,BRANCH22,Sara Unger,ACCT6604921,2025-08-26 02:27:48,noise
debit,1091.95,ACCT8445083,BRANCH22,Sara Unger,ACCT6604921,2025-08-25 10:08:59,noise
debit,770.75,,BRANCH22,Sara Unger,ACCT6604921,2025-08-23 15:33:49,noise
credit,642.17,,BRANCH22,Sara Unger,ACCT6604921,2025-08-22 05:42:47,noise
debit,537.79,,BRANCH84,Sara Unger,ACCT6604921,2025-08-22 12:40:29,noise
credit,101.62,,BRANCH25,Sara Unger,ACCT6604921,2025-08-21 19:30:40,noise
debit,449.26,,BRANCH22,Sara Unger,ACCT6604921,2025-08-18 03:19:07,noise
credit,460.32,,BRANCH22,Sara Unger,ACCT6604921,2025-08-17 15:41:08,noise
debit,1091.33,,BRANCH22,Sara Unger,ACCT6604921,2025-08-17 14:02:11,noise
credit,212.3,,BRANCH22,Sara Unger,ACCT6604921,2025-08-16 16:29:58,noise
credit,490.59,,BRANCH64,Sara Unger,ACCT6604921,2025-08-15 08:20:17,noise
debit,438.98,,BRANCH44,Sara Unger,ACCT6604921,2025-08-10 10:11:01,noise
debit,811.84,,BRANCH22,Sara Unger,ACCT6604921,2025-08-09 17:18:43,noise
debit,1323.7,,BRANCH22,Sara Unger,ACCT6604921,2025-08-05 23:29:31,noise
credit,937.22,ACCT9254547,BRANCH30,Sara Unger,ACCT6604921,2025-08-04 09:24:23,noise
debit,109.65,,BRANCH91,Lena Diaz,ACCT6465142,2025-10-03 11:10:18,noise
credit,893.28,,BRANCH91,Lena Diaz,ACCT6465142,2025-10-02 17:13:52,noise
debit,1004.17,,BRANCH32,Lena Diaz,ACCT6465142,2025-10-01 19:25:24,noise
credit,726.92,,BRANCH91,Lena Diaz,ACCT6465142,2025-10-01 01:17:02,noise
credit,184.32,,BRANCH59,Lena Diaz,ACCT6465142,2025-09-30 09:07:30,noise
debit,1478.42,,BRANCH46,Lena Diaz,ACCT6465142,2025-09-24 09:23:03,noise
credit,129.3,ACCT7552005,BRANCH73,Lena Diaz,ACCT6465142,2025-09-23 16:41:39,noise
debit,323.35,ACCT1617871,BRANCH91,Lena Diaz,ACCT6465142,2025-09-23 11:09:35,noise
credit,109.94,ACCT6689818,BRANCH73,Lena Diaz,ACCT6465142,2025-09-21 08:27:57,noise
debit,387.97,,BRANCH91,Lena Diaz,ACCT6465142,2025-09-21 10:20:47,noise
credit,119.53,,BRANCH91,Lena Diaz,ACCT6465142,2025-09-13 01:38:48,noise
debit,896.14,,BRANCH31,Lena Diaz,ACCT6465142,2025-09-12 12:16:36,noise
debit,460.1,ACCT5364403,BRANCH91,Lena Diaz,ACCT6465142,2025-09-09 14:42:18,noise
credit,1436.35,,BRANCH56,Lena Diaz,ACCT6465142,2025-09-08 17:30:45,noise
credit,1853.9,,BRANCH91,Lena Diaz,ACCT6465142,2025-09-07 01:19:11,noise
credit,1637.12,,BRANCH91,Lena Diaz,ACCT6465142,2025-09-06 02:13:42,noise
debit,639.59,ACCT5459265,BRANCH91,Lena Diaz,ACCT6465142,2025-09-05 11:17:19,noise
debit,306.91,,BRANCH91,Lena Diaz,ACCT6465142,2025-09-02 09:03:12,noise
debit,692.65,ACCT3854268,BRANCH91,Lena Diaz,ACCT6465142,2025-09-01 09:19:11,noise
debit,421.82,,BRANCH91,Lena Diaz,ACCT6465142,2025-09-01 13:18:34,noise
debit,265.79,,BRANCH27,Lena Diaz,ACCT6465142,2025-08-29 12:01:00,noise
credit,521.9,,BRANCH69,Lena Diaz,ACCT6465142,2025-08-27 20:38:04,noise
credit,796.08,,BRANCH91,Lena Diaz,ACCT6465142,2025-08-26 22:45:33,noise
credit,582.82,,BRANCH91,Lena Diaz,ACCT6465142,2025-08-24 14:30:10,noise
credit,3732.03,,BRANCH29,Lena Diaz,ACCT6465142,2025-08-21 21:35:02,noise
credit,522.0,,BRANCH44,Lena Diaz,ACCT6465142,2025-08-21 05:36:49,noise
credit,572.69,ACCT8495461,BRANCH91,Lena Diaz,ACCT6465142,2025-08-19 18:40:27,noise
debit,220.59,,BRANCH91,Lena Diaz,ACCT6465142,2025-08-15 08:44:30,noise
debit,478.27,,BRANCH91,Lena Diaz,ACCT6465142,2025-08-13 13:35:21,noise
credit,364.88,,BRANCH39,Lena Diaz,ACCT6465142,2025-08-12 09:43:17,noise
credit,207.92,,BRANCH91,Lena Diaz,ACCT6465142,2025-08-11 19:26:12,noise
debit,3000.0,ACCT5724947,BRANCH91,Lena Diaz,ACCT6465142,2025-08-10 23:13:27,noise
debit,1656.23,ACCT2082306,BRANCH91,Lena Diaz,ACCT6465142,2025-08-09 21:40:01,noise
debit,759.28,ACCT1757571,BRANCH91,Lena Diaz,ACCT6465142,2025-08-09 11:21:43,noise
credit,4523.14,,BRANCH91,Lena Diaz,ACCT6465142,2025-08-07 01:35:57,noise
debit,376.03,,BRANCH91,Lena Diaz,ACCT6465142,2025-08-07 12:39:55,noise
credit,915.93,,BRANCH91,Lena Diaz,ACCT6465142,2025-08-04 12:01:46,noise
credit,85.67,ACCT9797138,BRANCH22,Grace Alvarez,ACCT3609743,2025-09-30 15:23:26,noise
credit,1949.88,,BRANCH19,Grace Alvarez,ACCT3609743,2025-09-30 08:19:50,noise
credit,157.2,,BRANCH60,Grace Alvarez,ACCT3609743,2025-09-22 19:32:03,noise
debit,484.56,,BRANCH84,Grace Alvarez,ACCT3609743,2025-09-17 11:32:26,noise
debit,580.54,,BRANCH84,Grace Alvarez,ACCT3609743,2025-09-17 12:10:11,noise
credit,202.73,,BRANCH84,Grace Alvarez,ACCT3609743,2025-09-16 10:39:05,noise
credit,1372.0,ACCT5253305,BRANCH62,Grace Alvarez,ACCT3609743,2025-09-15 02:14:05,noise
debit,1131.46,,BRANCH84,Grace Alvarez,ACCT3609743,2025-09-13 10:07:29,noise
credit,433.54,,BRANCH22,Grace Alvarez,ACCT3609743,2025-09-13 15:36:51,noise
debit,1291.23,ACCT9254547,BRANCH84,Grace Alvarez,ACCT3609743,2025-09-12 11:44:54,noise
credit,820.41,,BRANCH84,Grace Alvarez,ACCT3609743,2025-09-11 22:43:56,noise
credit,139.07,,BRANCH84,Grace Alvarez,ACCT3609743,2025-09-11 10:15:42,noise
debit,1443.57,,BRANCH84,Grace Alvarez,ACCT3609743,2025-09-10 11:39:22,noise
credit,560.13,,BRANCH84,Grace Alvarez,ACCT3609743,2025-09-10 10:12:09,noise
credit,2261.1,,BRANCH84,Grace Alvarez,ACCT3609743,2025-09-09 12:17:56,noise
credit,631.94,,BRANCH84,Grace Alvarez,ACCT3609743,2025-09-08 02:09:17,noise
debit,57.48,,BRANCH84,Grace Alvarez,ACCT3609743,2025-09-08 17:38:08,noise
debit,401.94,ACCT1931022,BRANCH84,Grace Alvarez,ACCT3609743,2025-09-03 04:45:44,noise
credit,561.02,,BRANCH21,Grace Alvarez,ACCT3609743,2025-08-30 11:11:09,noise
credit,280.29,,BRANCH78,Grace Alvarez,ACCT3609743,2025-08-30 14:43:33,noise
debit,1081.66,ACCT6604921,BRANCH84,Grace Alvarez,ACCT3609743,2025-08-23 12:25:47,noise
debit,1344.56,ACCT6112555,BRANCH84,Grace Alvarez,ACCT3609743,2025-08-21 16:10:05,noise
debit,1378.69,,BRANCH84,Grace Alvarez,ACCT3609743,2025-08-20 08:07:30,noise
debit,409.27,ACCT4844844,BRANCH21,Grace Alvarez,ACCT3609743,2025-08-12 08:04:09,noise
credit,814.12,ACCT5772988,BRANCH84,Grace Alvarez,ACCT3609743,2025-08-12 16:20:18,noise
debit,899.05,,BRANCH84,Grace Alvarez,ACCT3609743,2025-08-09 15:31:35,noise
credit,1277.35,ACCT3547928,BRANCH84,Grace Alvarez,ACCT3609743,2025-08-08 15:16:30,noise
credit,348.61,ACCT4046242,BRANCH84,Grace Alvarez,ACCT3609743,2025-08-07 13:03:45,noise
credit,1941.78,,BRANCH84,Grace Alvarez,ACCT3609743,2025-08-05 17:41:47,noise
credit,855.77,,BRANCH48,Grace Alvarez,ACCT3609743,2025-08-05 15:01:54,noise
debit,446.38,,BRANCH84,Grace Alvarez,ACCT3609743,2025-08-04 13:40:40,noise
debit,696.0,ACCT7368128,BRANCH79,Grace Alvarez,ACCT3609743,2025-08-04 12:45:14,noise
debit,610.16,ACCT6893216,BRANCH57,Cara Alvarez,ACCT2529649,2025-10-02 17:10:50,noise
credit,439.15,,BRANCH57,Cara Alvarez,ACCT2529649,2025-09-26 08:23:27,noise
credit,1789.45,,BRANCH57,Cara Alvarez,ACCT2529649,2025-09-26 17:28:16,noise
debit,169.32,,BRANCH57,Cara Alvarez,ACCT2529649,2025-09-24 15:04:31,noise
credit,496.55,ACCT2831752,BRANCH57,Cara Alvarez,ACCT2529649,2025-09-23 19:09:49,noise
debit,3822.04,,BRANCH57,Cara Alvarez,ACCT2529649,2025-09-20 13:20:49,noise
debit,169.01,,BRANCH75,Cara Alvarez,ACCT2529649,2025-09-20 13:20:45,noise
debit,1355.33,,BRANCH57,Cara Alvarez,ACCT2529649,2025-09-17 15:28:09,noise
debit,421.01,,BRANCH57,Cara Alvarez,ACCT2529649,2025-09-16 04:22:42,noise
credit,439.28,,BRANCH57,Cara Alvarez,ACCT2529649,2025-09-12 12:12:54,noise
credit,380.06,,BRANCH55,Cara Alvarez,ACCT2529649,2025-09-12 13:26:55,noise
credit,572.67,,BRANCH57,Cara Alvarez,ACCT2529649,2025-09-09 17:00:34,noise
debit,429.27,,BRANCH57,Cara Alvarez,ACCT2529649,2025-09-09 08:44:11,noise
credit,816.09,,BRANCH57,Cara Alvarez,ACCT2529649,2025-09-08 08:13:55,noise
debit,2248.71,,BRANCH57,Cara Alvarez,ACCT2529649,2025-09-08 13:03:36,noise
debit,578.34,,BRANCH57,Cara Alvarez,ACCT2529649,2025-09-05 23:12:31,noise
credit,734.59,ACCT4886186,BRANCH54,Cara Alvarez,ACCT2529649,2025-09-02 01:42:52,noise
debit,254.95,ACCT7668795,BRANCH57,Cara Alvarez,ACCT2529649,2025-08-30 10:24:06,noise
credit,1805.38,,BRANCH57,Cara Alvarez,ACCT2529649,2025-08-28 12:31:07,noise
debit,221.9,,BRANCH13,Cara Alvarez,ACCT2529649,2025-08-28 22:22:03,noise
debit,799.99,ACCT1617871,BRANCH80,Cara Alvarez,ACCT2529649,2025-08-25 17:15:45,noise
debit,531.79,ACCT9976709,BRANCH57,Cara Alvarez,ACCT2529649,2025-08-25 10:00:41,noise
debit,1422.56,,BRANCH57,Cara Alvarez,ACCT2529649,2025-08-23 10:36:05,noise
credit,157.68,,BRANCH57,Cara Alvarez,ACCT2529649,2025-08-23 02:19:21,noise
credit,1269.08,ACCT6638415,BRANCH11,Cara Alvarez,ACCT2529649,2025-08-19 18:26:57,noise
credit,311.52,,BRANCH57,Cara Alvarez,ACCT2529649,2025-08-19 22:34:15,noise
credit,355.95,,BRANCH41,Cara Alvarez,ACCT2529649,2025-08-16 17:40:34,noise
debit,472.44,,BRANCH57,Cara Alvarez,ACCT2529649,2025-08-16 12:21:05,noise
debit,1452.21,,BRANCH57,Cara Alvarez,ACCT2529649,2025-08-10 19:41:17,noise
debit,917.88,,BRANCH57,Cara Alvarez,ACCT2529649,2025-08-10 12:01:03,noise
debit,342.02,,BRANCH57,Cara Alvarez,ACCT2529649,2025-08-06 19:29:52,noise
debit,3000.0,ACCT8445083,BRANCH57,Cara Alvarez,ACCT2529649,2025-08-04 22:28:55,noise
debit,590.92,,BRANCH56,Grace Novak,ACCT7002238,2025-10-03 23:02:48,noise
debit,4532.19,,BRANCH56,Grace Novak,ACCT7002238,2025-10-02 08:37:02,noise
credit,306.21,ACCT3046155,BRANCH56,Grace Novak,ACCT7002238,2025-09-29 13:13:58,noise
credit,811.15,,BRANCH56,Grace Novak,ACCT7002238,2025-09-29 10:37:17,noise
debit,359.86,,BRANCH56,Grace Novak,ACCT7002238,2025-09-24 17:28:23,noise
debit,348.88,ACCT6112555,BRANCH83,Grace Novak,ACCT7002238,2025-09-22 11:03:34,noise
credit,509.09,,BRANCH93,Grace Novak,ACCT7002238,2025-09-21 16:38:45,noise
debit,1390.79,,BRANCH79,Grace Novak,ACCT7002238,2025-09-19 17:25:52,noise
debit,603.28,,BRANCH56,Grace Novak,ACCT7002238,2025-09-18 15:25:42,noise
debit,263.71,ACCT5253305,BRANCH56,Grace Novak,ACCT7002238,2025-09-18 12:43:27,noise
credit,684.94,,BRANCH56,Grace Novak,ACCT7002238,2025-09-17 17:36:57,noise
debit,271.71,,BRANCH56,Grace Novak,ACCT7002238,2025-09-17 16:12:00,noise
debit,1006.67,,BRANCH82,Grace Novak,ACCT7002238,2025-09-15 17:08:41,noise
debit,1144.43,,BRANCH56,Grace Novak,ACCT7002238,2025-09-15 17:02:16,noise
credit,1742.55,,BRANCH56,Grace Novak,ACCT7002238,2025-09-10 13:28:43,noise
debit,1281.69,,BRANCH56,Grace Novak,ACCT7002238,2025-09-09 04:12:19,noise
credit,239.77,,BRANCH56,Grace Novak,ACCT7002238,2025-09-09 10:37:46,noise
credit,711.47,,BRANCH49,Grace Novak,ACCT7002238,2025-09-07 11:39:56,noise
debit,145.17,,BRANCH56,Grace Novak,ACCT7002238,2025-09-07 10:02:56,noise
credit,2284.4,,BRANCH86,Grace Novak,ACCT7002238,2025-09-06 18:42:50,noise
debit,281.21,,BRANCH56,Grace Novak,ACCT7002238,2025-09-03 20:32:17,noise
credit,2180.63,,BRANCH56,Grace Novak,ACCT7002238,2025-09-02 12:29:11,noise
debit,1135.12,,BRANCH60,Grace Novak,ACCT7002238,2025-09-02 00:20:47,noise
debit,926.23,,BRANCH56,Grace Novak,ACCT7002238,2025-08-29 16:29:21,noise
credit,476.98,ACCT7584817,BRANCH66,Grace Novak,ACCT7002238,2025-08-25 20:35:09,noise
debit,3152.32,,BRANCH56,Grace Novak,ACCT7002238,2025-08-23 12:17:14,noise
credit,1554.42,,BRANCH10,Grace Novak,ACCT7002238,2025-08-23 17:28:47,noise
credit,347.64,,BRANCH56,Grace Novak,ACCT7002238,2025-08-22 19:10:28,noise
credit,410.17,ACCT6638415,BRANCH56,Grace Novak,ACCT7002238,2025-08-22 22:40:47,noise
debit,1406.76,,BRANCH56,Grace Novak,ACCT7002238,2025-08-21 09:02:49,noise
debit,1733.16,,BRANCH56,Grace Novak,ACCT7002238,2025-08-20 12:22:22,noise
debit,739.92,,BRANCH56,Grace Novak,ACCT7002238,2025-08-20 10:10:15,noise
debit,1836.42,ACCT2336624,BRANCH56,Grace Novak,ACCT7002238,2025-08-19 19:22:13,noise
credit,253.12,,BRANCH78,Grace Novak,ACCT7002238,2025-08-15 04:39:40,noise
debit,1832.13,,BRANCH56,Grace Novak,ACCT7002238,2025-08-15 17:44:40,noise
credit,1205.46,,BRANCH56,Grace Novak,ACCT7002238,2025-08-12 19:35:34,noise
credit,1488.94,ACCT2724754,BRANCH56,Grace Novak,ACCT7002238,2025-08-10 13:14:11,noise
debit,1022.15,,BRANCH63,Grace Novak,ACCT7002238,2025-08-09 23:28:45,noise
debit,3000.0,ACCT2058494,BRANCH56,Grace Novak,ACCT7002238,2025-08-09 09:31:13,noise
credit,526.25,ACCT9976709,BRANCH56,Grace Novak,ACCT7002238,2025-08-08 09:34:11,noise
credit,622.16,,BRANCH56,Grace Novak,ACCT7002238,2025-08-05 15:01:44,noise
debit,687.8,,BRANCH83,Grace Novak,ACCT7002238,2025-08-04 12:03:46,noise
credit,170.57,,BRANCH42,Noah Okafor,ACCT4886186,2025-10-03 10:12:46,noise
debit,467.96,,BRANCH42,Noah Okafor,ACCT4886186,2025-10-02 03:24:56,noise
credit,209.87,ACCT4554970,BRANCH42,Noah Okafor,ACCT4886186,2025-10-02 21:00:50,noise
debit,394.68,ACCT6638415,BRANCH42,Noah Okafor,ACCT4886186,2025-09-27 03:09:07,noise
debit,410.97,,BRANCH50,Noah Okafor,ACCT4886186,2025-09-27 20:03:05,noise
credit,151.93,ACCT2336624,BRANCH65,Noah Okafor,ACCT4886186,2025-09-26 09:32:03,noise
debit,753.8,,BRANCH60,Noah Okafor,ACCT4886186,2025-09-23 17:29:43,noise
debit,689.05,ACCT3976612,BRANCH13,Noah Okafor,ACCT4886186,2025-09-20 19:18:25,noise
debit,4537.16,,BRANCH41,Noah Okafor,ACCT4886186,2025-09-20 11:05:05,noise
debit,2500.98,,BRANCH42,Noah Okafor,ACCT4886186,2025-09-18 16:18:41,noise
credit,462.13,,BRANCH66,Noah Okafor,ACCT4886186,2025-09-18 11:24:44,noise
debit,2241.09,,BRANCH42,Noah Okafor,ACCT4886186,2025-09-14 15:34:42,noise
credit,1884.02,ACCT1931022,BRANCH42,Noah Okafor,ACCT4886186,2025-09-11 20:34:19,noise
credit,1176.18,,BRANCH42,Noah Okafor,ACCT4886186,2025-09-10 16:33:54,noise
credit,252.12,ACCT2336624,BRANCH42,Noah Okafor,ACCT4886186,2025-09-09 20:29:16,noise
credit,412.56,,BRANCH42,Noah Okafor,ACCT4886186,2025-09-09 20:27:45,noise
debit,1031.44,,BRANCH42,Noah Okafor,ACCT4886186,2025-09-08 00:05:39,noise
debit,350.05,ACCT7002238,BRANCH42,Noah Okafor,ACCT4886186,2025-09-08 10:04:34,noise
debit,2228.9,ACCT7552005,BRANCH42,Noah Okafor,ACCT4886186,2025-09-06 14:32:58,noise
credit,726.35,,BRANCH42,Noah Okafor,ACCT4886186,2025-09-05 20:45:45,noise
debit,315.41,,BRANCH42,Noah Okafor,ACCT4886186,2025-09-05 19:25:04,noise
debit,762.51,,BRANCH42,Noah Okafor,ACCT4886186,2025-09-04 17:21:45,noise
debit,2485.74,,BRANCH42,Noah Okafor,ACCT4886186,2025-09-02 11:37:32,noise
debit,599.96,ACCT3499450,BRANCH42,Noah Okafor,ACCT4886186,2025-09-01 00:39:20,noise
credit,1099.41,,BRANCH91,Noah Okafor,ACCT4886186,2025-08-29 08:27:20,noise
debit,1219.02,,BRANCH42,Noah Okafor,ACCT4886186,2025-08-29 19:38:50,noise
debit,173.7,ACCT6959371,BRANCH42,Noah Okafor,ACCT4886186,2025-08-28 13:32:39,noise
credit,1027.24,ACCT7668795,BRANCH42,Noah Okafor,ACCT4886186,2025-08-28 19:24:34,noise
credit,520.34,ACCT7274440,BRANCH71,Noah Okafor,ACCT4886186,2025-08-27 18:13:34,noise
credit,1104.53,,BRANCH41,Noah Okafor,ACCT4886186,2025-08-26 13:31:56,noise
credit,256.04,,BRANCH42,Noah Okafor,ACCT4886186,2025-08-26 11:16:18,noise
debit,358.09,,BRANCH42,Noah Okafor,ACCT4886186,2025-08-25 08:14:26,noise
credit,641.56,ACCT8495461,BRANCH42,Noah Okafor,ACCT4886186,2025-08-24 10:07:29,noise
credit,158.96,,BRANCH42,Noah Okafor,ACCT4886186,2025-08-22 09:08:18,noise
debit,244.73,ACCT2054858,BRANCH21,Noah Okafor,ACCT4886186,2025-08-21 10:20:51,noise
debit,800.15,,BRANCH42,Noah Okafor,ACCT4886186,2025-08-21 10:17:09,noise
debit,194.3,,BRANCH42,Noah Okafor,ACCT4886186,2025-08-20 03:45:40,noise
debit,957.39,ACCT7791456,BRANCH42,Noah Okafor,ACCT4886186,2025-08-18 10:39:24,noise
debit,115.88,,BRANCH42,Noah Okafor,ACCT4886186,2025-08-18 19:41:33,noise
debit,314.63,,BRANCH70,Noah Okafor,ACCT4886186,2025-08-17 16:13:16,noise
credit,1715.83,,BRANCH36,Noah Okafor,ACCT4886186,2025-08-17 11:02:29,noise
credit,1218.59,,BRANCH42,Noah Okafor,ACCT4886186,2025-08-16 17:08:44,noise
debit,322.38,ACCT7193362,BRANCH67,Noah Okafor,ACCT4886186,2025-08-16 18:39:42,noise
credit,539.68,,BRANCH41,Noah Okafor,ACCT4886186,2025-08-15 15:31:37,noise
credit,455.27,ACCT5253305,BRANCH88,Noah Okafor,ACCT4886186,2025-08-12 08:25:47,noise
credit,442.3,,BRANCH37,Noah Okafor,ACCT4886186,2025-08-12 19:38:04,noise
credit,808.26,,BRANCH42,Noah Okafor,ACCT4886186,2025-08-11 14:20:51,noise
debit,907.56,,BRANCH93,Noah Okafor,ACCT4886186,2025-08-05 13:21:21,noise
credit,665.3,ACCT3725977,BRANCH42,Noah Okafor,ACCT4886186,2025-08-04 19:36:32,noise
debit,516.27,ACCT5772988,BRANCH42,Noah Okafor,ACCT4886186,2025-08-04 14:22:52,noise
debit,428.99,,BRANCH18,Leo Anderson,ACCT8495461,2025-10-02 08:31:49,noise
debit,957.08,,BRANCH18,Leo Anderson,ACCT8495461,2025-10-02 03:20:29,noise
debit,651.2,,BRANCH18,Leo Anderson,ACCT8495461,2025-10-01 14:13:35,noise
credit,1125.79,,BRANCH82,Leo Anderson,ACCT8495461,2025-10-01 14:21:24,noise
debit,450.75,ACCT7193362,BRANCH18,Leo Anderson,ACCT8495461,2025-09-28 18:34:06,noise
credit,240.37,ACCT7908556,BRANCH18,Leo Anderson,ACCT8495461,2025-09-26 19:34:10,noise
credit,369.96,ACCT2058494,BRANCH18,Leo Anderson,ACCT8495461,2025-09-26 10:09:55,noise
debit,639.5,,BRANCH18,Leo Anderson,ACCT8495461,2025-09-21 21:08:04,noise
credit,306.34,ACCT6893216,BRANCH18,Leo Anderson,ACCT8495461,2025-09-21 15:28:17,noise
credit,795.46,ACCT7668795,BRANCH18,Leo Anderson,ACCT8495461,2025-09-20 19:21:23,noise
credit,2098.11,,BRANCH18,Leo Anderson,ACCT8495461,2025-09-20 15:34:09,noise
credit,933.1,,BRANCH72,Leo Anderson,ACCT8495461,2025-09-16 03:44:01,noise
credit,498.85,ACCT5914807,BRANCH18,Leo Anderson,ACCT8495461,2025-09-13 18:06:27,noise
debit,3000.0,ACCT6098328,BRANCH18,Leo Anderson,ACCT8495461,2025-09-13 12:07:53,noise
credit,879.13,ACCT1573360,BRANCH18,Leo Anderson,ACCT8495461,2025-09-11 14:17:20,noise
debit,2356.67,ACCT1617871,BRANCH18,Leo Anderson,ACCT8495461,2025-09-09 16:34:55,noise
credit,1571.55,ACCT9077382,BRANCH18,Leo Anderson,ACCT8495461,2025-09-08 17:41:56,noise
debit,701.08,,BRANCH18,Leo Anderson,ACCT8495461,2025-09-08 11:18:04,noise
credit,2953.46,,BRANCH18,Leo Anderson,ACCT8495461,2025-09-07 16:11:24,noise
debit,165.19,ACCT3791396,BRANCH18,Leo Anderson,ACCT8495461,2025-09-07 12:24:17,noise
debit,504.0,ACCT3499450,BRANCH18,Leo Anderson,ACCT8495461,2025-09-04 20:21:08,noise
credit,793.69,ACCT2724754,BRANCH18,Leo Anderson,ACCT8495461,2025-09-04 19:14:25,noise
credit,344.32,,BRANCH23,Leo Anderson,ACCT8495461,2025-09-03 20:09:42,noise
debit,151.86,ACCT2336624,BRANCH18,Leo Anderson,ACCT8495461,2025-08-31 13:39:02,noise
credit,1722.77,,BRANCH18,Leo Anderson,ACCT8495461,2025-08-31 08:26:07,noise
debit,585.97,,BRANCH83,Leo Anderson,ACCT8495461,2025-08-27 08:13:51,noise
debit,587.37,,BRANCH18,Leo Anderson,ACCT8495461,2025-08-26 13:44:47,noise
credit,614.99,,BRANCH18,Leo Anderson,ACCT8495461,2025-08-23 17:13:34,noise
debit,143.88,ACCT5772988,BRANCH19,Leo Anderson,ACCT8495461,2025-08-23 15:35:12,noise
debit,1029.52,,BRANCH18,Leo Anderson,ACCT8495461,2025-08-22 19:16:26,noise
debit,217.42,,BRANCH18,Leo Anderson,ACCT8495461,2025-08-19 18:42:11,noise
credit,2782.15,,BRANCH26,Leo Anderson,ACCT8495461,2025-08-18 10:14:20,noise
debit,1476.07,,BRANCH18,Leo Anderson,ACCT8495461,2025-08-16 00:39:12,noise
credit,1769.69,,BRANCH31,Leo Anderson,ACCT8495461,2025-08-15 08:07:05,noise
debit,1092.48,,BRANCH18,Leo Anderson,ACCT8495461,2025-08-15 17:05:57,noise
credit,2387.9,,BRANCH18,Leo Anderson,ACCT8495461,2025-08-06 19:44:28,noise
debit,1270.12,ACCT6855691,BRANCH18,Leo Anderson,ACCT8495461,2025-08-06 08:00:43,noise
credit,755.65,,BRANCH56,Ben Duarte,ACCT9976709,2025-10-03 13:28:11,noise
credit,44.32,,BRANCH56,Ben Duarte,ACCT9976709,2025-09-26 23:11:30,noise
debit,253.84,,BRANCH18,Ben Duarte,ACCT9976709,2025-09-25 19:45:13,noise
credit,2243.23,,BRANCH56,Ben Duarte,ACCT9976709,2025-09-24 12:43:31,noise
debit,5023.82,,BRANCH56,Ben Duarte,ACCT9976709,2025-09-22 05:09:37,noise
credit,1514.71,,BRANCH56,Ben Duarte,ACCT9976709,2025-09-22 13:12:55,noise
credit,2878.49,,BRANCH56,Ben Duarte,ACCT9976709,2025-09-18 09:26:43,noise
credit,392.47,,BRANCH56,Ben Duarte,ACCT9976709,2025-09-18 10:27:53,noise
debit,865.2,,BRANCH56,Ben Duarte,ACCT9976709,2025-09-17 14:06:41,noise
debit,339.37,,BRANCH56,Ben Duarte,ACCT9976709,2025-09-14 17:07:26,noise
debit,1543.7,ACCT3547928,BRANCH56,Ben Duarte,ACCT9976709,2025-09-13 09:32:37,noise
credit,372.42,,BRANCH91,Ben Duarte,ACCT9976709,2025-09-12 10:15:07,noise
debit,709.45,,BRANCH56,Ben Duarte,ACCT9976709,2025-09-12 23:28:05,noise
credit,427.91,ACCT1757571,BRANCH46,Ben Duarte,ACCT9976709,2025-09-08 09:02:27,noise
credit,1056.25,,BRANCH56,Ben Duarte,ACCT9976709,2025-09-05 10:24:22,noise
credit,947.95,,BRANCH56,Ben Duarte,ACCT9976709,2025-09-05 18:03:33,noise
credit,4798.29,,BRANCH50,Ben Duarte,ACCT9976709,2025-08-27 11:44:50,noise
debit,816.55,,BRANCH56,Ben Duarte,ACCT9976709,2025-08-26 20:15:32,noise
debit,880.1,ACCT5772988,BRANCH56,Ben Duarte,ACCT9976709,2025-08-26 23:41:11,noise
credit,664.9,,BRANCH56,Ben Duarte,ACCT9976709,2025-08-25 18:26:54,noise
debit,441.5,,BRANCH56,Ben Duarte,ACCT9976709,2025-08-21 21:38:53,noise
credit,418.09,,BRANCH56,Ben Duarte,ACCT9976709,2025-08-21 16:18:58,noise
debit,294.27,ACCT1681992,BRANCH56,Ben Duarte,ACCT9976709,2025-08-20 17:03:11,noise
debit,450.37,,BRANCH56,Ben Duarte,ACCT9976709,2025-08-19 14:17:37,noise
credit,219.03,,BRANCH38,Ben Duarte,ACCT9976709,2025-08-18 19:22:06,noise
credit,955.04,ACCT3976612,BRANCH56,Ben Duarte,ACCT9976709,2025-08-17 02:09:16,noise
debit,358.62,,BRANCH40,Ben Duarte,ACCT9976709,2025-08-17 09:06:54,noise
credit,1122.04,,BRANCH56,Ben Duarte,ACCT9976709,2025-08-16 14:29:44,noise
debit,1139.38,,BRANCH69,Ben Duarte,ACCT9976709,2025-08-16 15:05:09,noise
debit,844.34,,BRANCH56,Ben Duarte,ACCT9976709,2025-08-05 10:26:40,noise
debit,1626.69,,BRANCH56,Ben Duarte,ACCT9976709,2025-08-05 15:31:39,noise
debit,130.94,,BRANCH71,Ravi Yamamoto,ACCT8738120,2025-10-03 09:15:07,noise
credit,302.53,ACCT5253305,BRANCH71,Ravi Yamamoto,ACCT8738120,2025-10-01 03:19:53,noise
debit,812.36,,BRANCH71,Ravi Yamamoto,ACCT8738120,2025-10-01 20:05:41,noise
credit,270.28,,BRANCH53,Ravi Yamamoto,ACCT8738120,2025-09-30 14:16:33,noise
credit,1379.73,,BRANCH13,Ravi Yamamoto,ACCT8738120,2025-09-29 08:30:22,noise
debit,1722.19,,BRANCH71,Ravi Yamamoto,ACCT8738120,2025-09-27 18:12:38,noise
credit,1116.29,ACCT1059241,BRANCH71,Ravi Yamamoto,ACCT8738120,2025-09-27 18:15:16,noise
debit,254.8,ACCT1059241,BRANCH71,Ravi Yamamoto,ACCT8738120,2025-09-26 14:19:20,noise
debit,1470.68,,BRANCH15,Ravi Yamamoto,ACCT8738120,2025-09-25 18:30:54,noise
debit,930.04,,BRANCH36,Ravi Yamamoto,ACCT8738120,2025-09-25 13:32:51,noise
debit,446.54,,BRANCH63,Ravi Yamamoto,ACCT8738120,2025-09-24 01:17:54,noise
credit,537.62,ACCT5126525,BRANCH71,Ravi Yamamoto,ACCT8738120,2025-09-23 03:43:37,noise
credit,1102.95,,BRANCH22,Ravi Yamamoto,ACCT8738120,2025-09-22 19:13:36,noise
debit,370.43,,BRANCH71,Ravi Yamamoto,ACCT8738120,2025-09-21 11:19:49,noise
credit,490.97,,BRANCH71,Ravi Yamamoto,ACCT8738120,2025-09-21 15:29:10,noise
debit,284.48,,BRANCH71,Ravi Yamamoto,ACCT8738120,2025-09-17 13:44:09,noise
credit,243.39,ACCT6465142,BRANCH71,Ravi Yamamoto,ACCT8738120,2025-09-15 11:31:45,noise
debit,1373.53,,BRANCH11,Ravi Yamamoto,ACCT8738120,2025-09-14 10:42:53,noise
debit,100.02,ACCT4263191,BRANCH79,Ravi Yamamoto,ACCT8738120,2025-09-12 23:31:59,noise
debit,916.44,,BRANCH88,Ravi Yamamoto,ACCT8738120,2025-09-12 08:16:39,noise
debit,2111.83,ACCT6429394,BRANCH71,Ravi Yamamoto,ACCT8738120,2025-09-09 19:40:57,noise
credit,372.87,,BRANCH71,Ravi Yamamoto,ACCT8738120,2025-09-08 13:45:50,noise
debit,535.04,,BRANCH71,Ravi Yamamoto,ACCT8738120,2025-09-05 19:27:28,noise
debit,2261.58,,BRANCH97,Ravi Yamamoto,ACCT8738120,2025-09-02 15:14:08,noise
credit,152.16,,BRANCH71,Ravi Yamamoto,ACCT8738120,2025-08-31 12:30:09,noise
debit,508.84,,BRANCH46,Ravi Yamamoto,ACCT8738120,2025-08-27 01:28:47,noise
debit,163.44,ACCT8767615,BRANCH30,Ravi Yamamoto,ACCT8738120,2025-08-24 19:10:43,noise
debit,101.85,,BRANCH71,Ravi Yamamoto,ACCT8738120,2025-08-24 20:01:12,noise
debit,259.02,,BRANCH71,Ravi Yamamoto,ACCT8738120,2025-08-23 17:05:12,noise
credit,1202.26,,BRANCH71,Ravi Yamamoto,ACCT8738120,2025-08-21 08:29:53,noise
debit,267.88,,BRANCH71,Ravi Yamamoto,ACCT8738120,2025-08-19 17:37:09,noise
credit,302.52,ACCT2794986,BRANCH71,Ravi Yamamoto,ACCT8738120,2025-08-17 12:25:11,noise
debit,72.01,ACCT4272266,BRANCH71,Ravi Yamamoto,ACCT8738120,2025-08-11 13:17:05,noise
credit,758.84,,BRANCH71,Ravi Yamamoto,ACCT8738120,2025-08-11 18:04:58,noise
debit,1825.19,,BRANCH15,Ravi Yamamoto,ACCT8738120,2025-08-08 09:01:23,noise
credit,1814.96,,BRANCH17,Ravi Yamamoto,ACCT8738120,2025-08-08 15:20:52,noise
credit,2421.89,,BRANCH71,Ravi Yamamoto,ACCT8738120,2025-08-07 23:21:01,noise
credit,3547.61,,BRANCH71,Ravi Yamamoto,ACCT8738120,2025-08-06 19:01:06,noise
debit,3952.95,,BRANCH71,Ravi Yamamoto,ACCT8738120,2025-08-05 08:02:28,noise
debit,1185.23,,BRANCH94,Ravi Yamamoto,ACCT8738120,2025-08-04 18:31:36,noise
debit,628.13,ACCT7368128,BRANCH80,Priya Zhou,ACCT3976612,2025-09-25 11:06:25,noise
credit,1395.04,,BRANCH80,Priya Zhou,ACCT3976612,2025-09-23 12:39:20,noise
credit,722.96,ACCT7668795,BRANCH80,Priya Zhou,ACCT3976612,2025-09-23 11:13:22,noise
credit,340.71,,BRANCH80,Priya Zhou,ACCT3976612,2025-09-22 14:15:29,noise
credit,396.95,,BRANCH80,Priya Zhou,ACCT3976612,2025-09-21 19:14:17,noise
credit,534.64,,BRANCH80,Priya Zhou,ACCT3976612,2025-09-18 01:08:16,noise
credit,1588.91,,BRANCH80,Priya Zhou,ACCT3976612,2025-09-16 17:44:18,noise
credit,923.19,,BRANCH80,Priya Zhou,ACCT3976612,2025-09-16 15:28:10,noise
credit,874.77,,BRANCH80,Priya Zhou,ACCT3976612,2025-09-12 23:25:49,noise
credit,1661.29,,BRANCH57,Priya Zhou,ACCT3976612,2025-09-06 10:45:10,noise
credit,28.0,,BRANCH51,Priya Zhou,ACCT3976612,2025-09-04 11:40:22,noise
debit,95.51,ACCT3854268,BRANCH80,Priya Zhou,ACCT3976612,2025-08-29 08:29:50,noise
debit,475.25,,BRANCH80,Priya Zhou,ACCT3976612,2025-08-26 19:08:06,noise
debit,269.46,,BRANCH80,Priya Zhou,ACCT3976612,2025-08-24 10:18:09,noise
credit,222.64,ACCT8767615,BRANCH80,Priya Zhou,ACCT3976612,2025-08-22 09:16:49,noise
debit,272.44,,BRANCH33,Priya Zhou,ACCT3976612,2025-08-18 15:41:44,noise
debit,3947.37,,BRANCH63,Priya Zhou,ACCT3976612,2025-08-16 19:13:35,noise
debit,701.58,,BRANCH44,Priya Zhou,ACCT3976612,2025-08-16 04:26:05,noise
debit,451.4,,BRANCH80,Priya Zhou,ACCT3976612,2025-08-12 18:16:18,noise
credit,767.37,,BRANCH80,Priya Zhou,ACCT3976612,2025-08-07 08:38:04,noise
debit,736.25,,BRANCH80,Priya Zhou,ACCT3976612,2025-08-07 01:01:03,noise
debit,929.42,ACCT2831752,BRANCH29,Priya Zhou,ACCT3976612,2025-08-05 09:14:48,noise
debit,710.84,,BRANCH73,Cara Quinn,ACCT9498768,2025-10-02 13:04:46,noise
credit,1752.46,,BRANCH14,Cara Quinn,ACCT9498768,2025-09-30 01:44:40,noise
credit,152.55,ACCT6183761,BRANCH26,Cara Quinn,ACCT9498768,2025-09-30 15:32:28,noise
credit,618.13,,BRANCH35,Cara Quinn,ACCT9498768,2025-09-29 18:01:40,noise
credit,848.83,ACCT4844844,BRANCH35,Cara Quinn,ACCT9498768,2025-09-29 17:34:14,noise
credit,106.59,,BRANCH35,Cara Quinn,ACCT9498768,2025-09-27 17:41:15,noise
credit,717.22,,BRANCH35,Cara Quinn,ACCT9498768,2025-09-26 09:40:22,noise
credit,355.4,,BRANCH35,Cara Quinn,ACCT9498768,2025-09-17 16:18:00,noise
debit,339.97,,BRANCH35,Cara Quinn,ACCT9498768,2025-09-14 19:11:10,noise
debit,162.89,,BRANCH35,Cara Quinn,ACCT9498768,2025-09-12 15:22:43,noise
debit,210.37,,BRANCH86,Cara Quinn,ACCT9498768,2025-09-08 11:04:51,noise
credit,226.41,,BRANCH35,Cara Quinn,ACCT9498768,2025-09-06 18:20:28,noise
credit,2706.77,ACCT5975709,BRANCH47,Cara Quinn,ACCT9498768,2025-09-05 15:24:05,noise
credit,3037.12,ACCT7193362,BRANCH58,Cara Quinn,ACCT9498768,2025-09-02 10:31:50,noise
debit,412.58,,BRANCH35,Cara Quinn,ACCT9498768,2025-08-28 17:01:27,noise
debit,170.11,,BRANCH35,Cara Quinn,ACCT9498768,2025-08-27 17:05:03,noise
credit,1165.81,,BRANCH35,Cara Quinn,ACCT9498768,2025-08-25 11:32:19,noise
credit,513.87,,BRANCH97,Cara Quinn,ACCT9498768,2025-08-23 01:43:27,noise
debit,121.55,,BRANCH35,Cara Quinn,ACCT9498768,2025-08-23 16:30:24,noise
debit,574.35,,BRANCH35,Cara Quinn,ACCT9498768,2025-08-22 16:00:25,noise
credit,136.08,,BRANCH35,Cara Quinn,ACCT9498768,2025-08-21 01:05:14,noise
credit,5915.29,,BRANCH35,Cara Quinn,ACCT9498768,2025-08-15 19:12:32,noise
debit,470.65,ACCT6493789,BRANCH35,Cara Quinn,ACCT9498768,2025-08-14 16:14:56,noise
debit,456.39,ACCT5652339,BRANCH35,Cara Quinn,ACCT9498768,2025-08-14 12:22:44,noise
debit,438.34,ACCT6638415,BRANCH35,Cara Quinn,ACCT9498768,2025-08-13 11:20:02,noise
debit,441.93,,BRANCH35,Cara Quinn,ACCT9498768,2025-08-12 18:06:04,noise
credit,1547.81,ACCT4575241,BRANCH16,Cara Quinn,ACCT9498768,2025-08-07 09:34:30,noise
debit,1000.17,,BRANCH35,Cara Quinn,ACCT9498768,2025-08-07 08:35:50,noise
debit,411.67,ACCT3854268,BRANCH35,Cara Quinn,ACCT9498768,2025-08-04 08:15:58,noise
credit,1648.16,ACCT1279610,BRANCH57,Grace Jansen,ACCT7368128,2025-10-03 18:45:36,noise
debit,418.35,ACCT5126525,BRANCH22,Grace Jansen,ACCT7368128,2025-10-03 02:20:10,noise
credit,1839.04,ACCT7193362,BRANCH22,Grace Jansen,ACCT7368128,2025-10-01 00:06:32,noise
debit,1406.28,ACCT8767615,BRANCH22,Grace Jansen,ACCT7368128,2025-09-27 14:24:54,noise
debit,1004.76,,BRANCH22,Grace Jansen,ACCT7368128,2025-09-26 17:07:22,noise
debit,1104.71,,BRANCH44,Grace Jansen,ACCT7368128,2025-09-26 22:01:37,noise
debit,176.89,,BRANCH22,Grace Jansen,ACCT7368128,2025-09-14 23:14:21,noise
credit,344.21,,BRANCH41,Grace Jansen,ACCT7368128,2025-09-08 10:35:51,noise
debit,662.6,ACCT9168348,BRANCH59,Grace Jansen,ACCT7368128,2025-09-08 17:30:25,noise
credit,551.95,,BRANCH22,Grace Jansen,ACCT7368128,2025-09-07 20:45:33,noise
credit,2133.47,,BRANCH30,Grace Jansen,ACCT7368128,2025-09-06 15:12:54,noise
credit,640.93,,BRANCH22,Grace Jansen,ACCT7368128,2025-09-04 15:03:03,noise
credit,902.07,,BRANCH22,Grace Jansen,ACCT7368128,2025-09-01 15:33:03,noise
debit,940.39,,BRANCH22,Grace Jansen,ACCT7368128,2025-09-01 15:39:08,noise
debit,998.24,ACCT6493789,BRANCH97,Grace Jansen,ACCT7368128,2025-08-31 15:01:15,noise
credit,1322.54,,BRANCH86,Grace Jansen,ACCT7368128,2025-08-30 10:39:37,noise
debit,227.31,,BRANCH22,Grace Jansen,ACCT7368128,2025-08-29 20:35:24,noise
debit,273.26,,BRANCH22,Grace Jansen,ACCT7368128,2025-08-27 08:38:44,noise
debit,572.55,,BRANCH22,Grace Jansen,ACCT7368128,2025-08-27 13:34:38,noise
debit,4796.52,,BRANCH22,Grace Jansen,ACCT7368128,2025-08-25 19:37:25,noise
credit,1294.5,ACCT4263191,BRANCH22,Grace Jansen,ACCT7368128,2025-08-25 12:05:24,noise
debit,444.86,ACCT7584817,BRANCH22,Grace Jansen,ACCT7368128,2025-08-24 18:29:40,noise
debit,676.15,,BRANCH22,Grace Jansen,ACCT7368128,2025-08-24 09:06:53,noise
debit,263.47,,BRANCH71,Grace Jansen,ACCT7368128,2025-08-20 15:17:49,noise
credit,554.73,ACCT9077382,BRANCH22,Grace Jansen,ACCT7368128,2025-08-20 19:13:39,noise
debit,917.76,,BRANCH11,Grace Jansen,ACCT7368128,2025-08-19 17:17:29,noise
debit,177.98,,BRANCH22,Grace Jansen,ACCT7368128,2025-08-19 09:32:26,noise
debit,788.43,,BRANCH22,Grace Jansen,ACCT7368128,2025-08-16 13:42:05,noise
credit,457.18,ACCT1659971,BRANCH51,Grace Jansen,ACCT7368128,2025-08-16 20:10:05,noise
debit,571.14,,BRANCH22,Grace Jansen,ACCT7368128,2025-08-15 19:42:37,noise
debit,5141.55,,BRANCH22,Grace Jansen,ACCT7368128,2025-08-13 10:43:39,noise
credit,322.42,,BRANCH31,Grace Jansen,ACCT7368128,2025-08-11 12:10:21,noise
debit,1162.74,ACCT9797138,BRANCH22,Grace Jansen,ACCT7368128,2025-08-11 13:11:47,noise
credit,4835.91,,BRANCH22,Grace Jansen,ACCT7368128,2025-08-10 15:16:33,noise
debit,108.75,,BRANCH61,Grace Jansen,ACCT7368128,2025-08-09 10:13:03,noise
credit,452.76,,BRANCH22,Grace Jansen,ACCT7368128,2025-08-05 11:30:23,noise
debit,650.6,ACCT2054858,BRANCH39,Zane Alvarez,ACCT8038690,2025-10-02 11:33:11,noise
debit,408.53,,BRANCH39,Zane Alvarez,ACCT8038690,2025-10-02 19:31:58,noise
debit,487.56,,BRANCH39,Zane Alvarez,ACCT8038690,2025-10-01 18:28:04,noise
debit,320.13,,BRANCH39,Zane Alvarez,ACCT8038690,2025-09-28 12:01:07,noise
credit,4480.79,,BRANCH39,Zane Alvarez,ACCT8038690,2025-09-28 19:09:16,noise
credit,443.55,ACCT3134951,BRANCH39,Zane Alvarez,ACCT8038690,2025-09-23 03:29:52,noise
debit,1173.83,,BRANCH97,Zane Alvarez,ACCT8038690,2025-09-23 22:23:42,noise
debit,219.35,,BRANCH28,Zane Alvarez,ACCT8038690,2025-09-18 21:44:03,noise
debit,185.79,ACCT3854268,BRANCH39,Zane Alvarez,ACCT8038690,2025-09-17 10:05:43,noise
debit,888.68,,BRANCH76,Zane Alvarez,ACCT8038690,2025-09-11 20:07:26,noise
credit,4917.02,ACCT6448016,BRANCH39,Zane Alvarez,ACCT8038690,2025-09-11 12:13:48,noise
credit,365.16,ACCT2336624,BRANCH39,Zane Alvarez,ACCT8038690,2025-09-10 17:22:10,noise
debit,58.9,ACCT6604921,BRANCH39,Zane Alvarez,ACCT8038690,2025-09-09 08:29:44,noise
debit,2739.62,ACCT1089940,BRANCH39,Zane Alvarez,ACCT8038690,2025-09-08 17:42:40,noise
debit,331.45,,BRANCH67,Zane Alvarez,ACCT8038690,2025-09-07 15:05:38,noise
credit,742.94,,BRANCH46,Zane Alvarez,ACCT8038690,2025-09-05 14:15:29,noise
credit,734.61,,BRANCH39,Zane Alvarez,ACCT8038690,2025-09-05 04:37:05,noise
credit,599.26,ACCT5975709,BRANCH39,Zane Alvarez,ACCT8038690,2025-09-03 12:07:36,noise
debit,731.14,ACCT3976612,BRANCH58,Zane Alvarez,ACCT8038690,2025-09-03 16:11:52,noise
credit,464.18,ACCT3952254,BRANCH39,Zane Alvarez,ACCT8038690,2025-09-02 20:33:47,noise
debit,202.88,,BRANCH39,Zane Alvarez,ACCT8038690,2025-09-01 20:31:46,noise
credit,456.95,ACCT6965602,BRANCH51,Zane Alvarez,ACCT8038690,2025-08-28 11:20:08,noise
credit,248.39,,BRANCH59,Zane Alvarez,ACCT8038690,2025-08-28 01:01:45,noise
debit,361.74,,BRANCH41,Zane Alvarez,ACCT8038690,2025-08-26 09:22:53,noise
debit,401.9,,BRANCH16,Zane Alvarez,ACCT8038690,2025-08-19 12:10:27,noise
debit,3000.0,ACCT6465142,BRANCH39,Zane Alvarez,ACCT8038690,2025-08-12 17:09:19,noise
debit,410.96,ACCT7203292,BRANCH39,Zane Alvarez,ACCT8038690,2025-08-11 09:02:59,noise
debit,497.38,ACCT2724754,BRANCH99,Zane Alvarez,ACCT8038690,2025-08-10 16:40:43,noise
debit,1987.28,ACCT3854268,BRANCH39,Zane Alvarez,ACCT8038690,2025-08-08 09:26:19,noise
debit,106.16,,BRANCH39,Zane Alvarez,ACCT8038690,2025-08-08 16:12:00,noise
credit,69.2,,BRANCH39,Zane Alvarez,ACCT8038690,2025-08-05 10:21:34,noise
debit,340.3,,BRANCH48,Leo Quinn,ACCT6033220,2025-10-02 19:23:16,noise
credit,1361.98,,BRANCH48,Leo Quinn,ACCT6033220,2025-10-02 19:24:26,noise
credit,198.95,,BRANCH48,Leo Quinn,ACCT6033220,2025-09-30 08:44:55,noise
debit,175.48,,BRANCH63,Leo Quinn,ACCT6033220,2025-09-26 01:13:14,noise
debit,1003.83,,BRANCH48,Leo Quinn,ACCT6033220,2025-09-25 08:36:12,noise
debit,601.48,,BRANCH48,Leo Quinn,ACCT6033220,2025-09-25 10:12:48,noise
debit,808.85,,BRANCH48,Leo Quinn,ACCT6033220,2025-09-23 18:35:55,noise
debit,902.98,,BRANCH64,Leo Quinn,ACCT6033220,2025-09-22 13:16:27,noise
debit,253.26,,BRANCH23,Leo Quinn,ACCT6033220,2025-09-21 11:29:31,noise
debit,153.86,ACCT7203292,BRANCH48,Leo Quinn,ACCT6033220,2025-09-17 13:21:31,noise
debit,334.19,,BRANCH48,Leo Quinn,ACCT6033220,2025-09-15 14:06:11,noise
debit,1043.27,ACCT7658407,BRANCH48,Leo Quinn,ACCT6033220,2025-09-15 16:11:56,noise
credit,191.92,,BRANCH62,Leo Quinn,ACCT6033220,2025-09-14 15:12:48,noise
credit,415.34,,BRANCH48,Leo Quinn,ACCT6033220,2025-09-12 00:00:36,noise
debit,739.13,,BRANCH48,Leo Quinn,ACCT6033220,2025-09-10 19:17:06,noise
credit,241.29,ACCT6975186,BRANCH48,Leo Quinn,ACCT6033220,2025-09-10 20:05:15,noise
credit,196.01,,BRANCH48,Leo Quinn,ACCT6033220,2025-09-09 15:00:07,noise
credit,476.59,ACCT5459265,BRANCH69,Leo Quinn,ACCT6033220,2025-09-09 17:27:30,noise
credit,552.56,ACCT8445083,BRANCH48,Leo Quinn,ACCT6033220,2025-09-04 23:29:58,noise
debit,813.01,ACCT9168348,BRANCH91,Leo Quinn,ACCT6033220,2025-09-04 12:13:21,noise
credit,318.17,ACCT2293591,BRANCH48,Leo Quinn,ACCT6033220,2025-09-03 16:29:03,noise
debit,567.88,,BRANCH71,Leo Quinn,ACCT6033220,2025-09-03 21:12:20,noise
credit,558.25,,BRANCH48,Leo Quinn,ACCT6033220,2025-09-02 13:13:09,noise
credit,5154.89,,BRANCH48,Leo Quinn,ACCT6033220,2025-09-01 00:35:41,noise
credit,237.87,,BRANCH82,Leo Quinn,ACCT6033220,2025-08-30 22:25:24,noise
credit,2313.87,,BRANCH48,Leo Quinn,ACCT6033220,2025-08-27 11:18:54,noise
debit,378.16,,BRANCH48,Leo Quinn,ACCT6033220,2025-08-27 17:34:15,noise
credit,478.19,,BRANCH48,Leo Quinn,ACCT6033220,2025-08-26 08:12:28,noise
debit,168.85,,BRANCH48,Leo Quinn,ACCT6033220,2025-08-24 12:41:29,noise
credit,907.87,ACCT3725977,BRANCH48,Leo Quinn,ACCT6033220,2025-08-23 18:34:39,noise
debit,186.51,,BRANCH38,Leo Quinn,ACCT6033220,2025-08-21 19:45:35,noise
credit,4447.92,,BRANCH48,Leo Quinn,ACCT6033220,2025-08-19 11:04:07,noise
debit,1934.38,,BRANCH48,Leo Quinn,ACCT6033220,2025-08-17 18:22:09,noise
debit,257.51,,BRANCH48,Leo Quinn,ACCT6033220,2025-08-16 09:20:05,noise
debit,85.22,,BRANCH97,Leo Quinn,ACCT6033220,2025-08-14 16:10:36,noise
credit,980.94,ACCT5975709,BRANCH27,Leo Quinn,ACCT6033220,2025-08-10 01:20:01,noise
credit,874.27,ACCT3547928,BRANCH48,Leo Quinn,ACCT6033220,2025-08-09 21:12:05,noise
credit,403.03,,BRANCH48,Leo Quinn,ACCT6033220,2025-08-09 15:10:04,noise
credit,392.69,,BRANCH68,Ivy Mehta,ACCT6448016,2025-10-02 18:16:40,noise
credit,3329.03,,BRANCH68,Ivy Mehta,ACCT6448016,2025-10-02 16:20:38,noise
debit,196.96,,BRANCH68,Ivy Mehta,ACCT6448016,2025-10-01 12:39:05,noise
debit,996.48,,BRANCH68,Ivy Mehta,ACCT6448016,2025-09-29 20:09:27,noise
debit,405.84,ACCT4575241,BRANCH68,Ivy Mehta,ACCT6448016,2025-09-29 20:37:38,noise
debit,518.09,,BRANCH68,Ivy Mehta,ACCT6448016,2025-09-28 13:30:16,noise
credit,982.16,,BRANCH92,Ivy Mehta,ACCT6448016,2025-09-25 10:13:34,noise
credit,1207.64,,BRANCH94,Ivy Mehta,ACCT6448016,2025-09-23 09:39:09,noise
debit,278.86,,BRANCH68,Ivy Mehta,ACCT6448016,2025-09-22 11:36:05,noise
credit,1587.82,,BRANCH74,Ivy Mehta,ACCT6448016,2025-09-19 08:41:00,noise
debit,305.24,,BRANCH56,Ivy Mehta,ACCT6448016,2025-09-18 18:23:52,noise
debit,1845.15,,BRANCH62,Ivy Mehta,ACCT6448016,2025-09-17 08:10:02,noise
debit,702.63,,BRANCH93,Ivy Mehta,ACCT6448016,2025-09-17 11:01:03,noise
credit,133.69,,BRANCH68,Ivy Mehta,ACCT6448016,2025-09-14 16:15:03,noise
credit,226.06,,BRANCH68,Ivy Mehta,ACCT6448016,2025-09-10 20:04:24,noise
credit,5681.5,,BRANCH68,Ivy Mehta,ACCT6448016,2025-09-09 15:07:02,noise
credit,83.67,,BRANCH68,Ivy Mehta,ACCT6448016,2025-09-07 10:11:01,noise
debit,691.42,ACCT6514221,BRANCH68,Ivy Mehta,ACCT6448016,2025-09-06 15:35:05,noise
credit,1042.82,,BRANCH68,Ivy Mehta,ACCT6448016,2025-09-06 12:25:20,noise
credit,823.97,,BRANCH68,Ivy Mehta,ACCT6448016,2025-09-05 22:14:42,noise
credit,895.49,ACCT1659971,BRANCH62,Ivy Mehta,ACCT6448016,2025-09-05 09:43:16,noise
debit,652.43,,BRANCH68,Ivy Mehta,ACCT6448016,2025-09-03 15:10:18,noise
debit,584.23,ACCT4263191,BRANCH68,Ivy Mehta,ACCT6448016,2025-09-03 08:07:09,noise
credit,327.55,,BRANCH68,Ivy Mehta,ACCT6448016,2025-09-01 14:01:56,noise
credit,1102.75,,BRANCH68,Ivy Mehta,ACCT6448016,2025-09-01 08:09:46,noise
credit,446.6,ACCT9077382,BRANCH68,Ivy Mehta,ACCT6448016,2025-08-31 18:09:33,noise
credit,369.54,,BRANCH68,Ivy Mehta,ACCT6448016,2025-08-28 21:09:25,noise
credit,143.89,,BRANCH68,Ivy Mehta,ACCT6448016,2025-08-28 14:34:32,noise
debit,431.75,,BRANCH29,Ivy Mehta,ACCT6448016,2025-08-27 05:18:21,noise
debit,426.11,,BRANCH68,Ivy Mehta,ACCT6448016,2025-08-27 14:25:26,noise
credit,913.62,,BRANCH68,Ivy Mehta,ACCT6448016,2025-08-26 15:19:12,noise
credit,132.38,,BRANCH85,Ivy Mehta,ACCT6448016,2025-08-26 20:39:00,noise
credit,1748.63,,BRANCH68,Ivy Mehta,ACCT6448016,2025-08-24 05:13:20,noise
debit,550.67,,BRANCH68,Ivy Mehta,ACCT6448016,2025-08-21 17:15:23,noise
debit,581.69,,BRANCH18,Ivy Mehta,ACCT6448016,2025-08-21 12:03:52,noise
debit,191.22,,BRANCH68,Ivy Mehta,ACCT6448016,2025-08-20 17:08:14,noise
credit,911.38,ACCT9077382,BRANCH68,Ivy Mehta,ACCT6448016,2025-08-20 03:01:35,noise
credit,706.42,,BRANCH68,Ivy Mehta,ACCT6448016,2025-08-19 14:29:51,noise
debit,2776.05,,BRANCH91,Ivy Mehta,ACCT6448016,2025-08-19 23:11:46,noise
credit,532.3,,BRANCH68,Ivy Mehta,ACCT6448016,2025-08-15 08:28:38,noise
debit,903.11,ACCT2466722,BRANCH18,Ivy Mehta,ACCT6448016,2025-08-14 08:13:53,noise
debit,286.73,,BRANCH68,Ivy Mehta,ACCT6448016,2025-08-14 12:11:55,noise
credit,2780.22,,BRANCH68,Ivy Mehta,ACCT6448016,2025-08-13 23:33:03,noise
credit,796.63,,BRANCH48,Ivy Mehta,ACCT6448016,2025-08-13 18:27:48,noise
credit,1116.6,ACCT6689818,BRANCH20,Ivy Mehta,ACCT6448016,2025-08-10 14:14:12,noise
debit,665.03,ACCT6638415,BRANCH68,Ivy Mehta,ACCT6448016,2025-08-09 08:25:01,noise
credit,1069.46,ACCT7368128,BRANCH68,Ivy Mehta,ACCT6448016,2025-08-09 14:18:46,noise
debit,258.89,,BRANCH58,Ivy Mehta,ACCT6448016,2025-08-08 15:42:43,noise
credit,147.11,ACCT5973256,BRANCH99,Ivy Mehta,ACCT6448016,2025-08-08 10:27:33,noise
debit,906.11,,BRANCH64,Ivy Mehta,ACCT6448016,2025-08-06 13:36:14,noise
debit,1015.09,,BRANCH75,Priya Okafor,ACCT8901604,2025-10-02 15:31:40,noise
debit,242.78,,BRANCH73,Priya Okafor,ACCT8901604,2025-10-01 22:41:26,noise
debit,643.81,,BRANCH75,Priya Okafor,ACCT8901604,2025-09-29 08:15:29,noise
credit,618.16,ACCT1196096,BRANCH75,Priya Okafor,ACCT8901604,2025-09-28 10:17:49,noise
debit,182.44,,BRANCH53,Priya Okafor,ACCT8901604,2025-09-28 08:07:07,noise
credit,883.65,,BRANCH75,Priya Okafor,ACCT8901604,2025-09-27 17:42:41,noise
credit,966.33,,BRANCH51,Priya Okafor,ACCT8901604,2025-09-27 14:16:22,noise
credit,1590.84,,BRANCH34,Priya Okafor,ACCT8901604,2025-09-23 14:13:14,noise
credit,485.53,,BRANCH75,Priya Okafor,ACCT8901604,2025-09-19 16:09:34,noise
credit,612.47,,BRANCH75,Priya Okafor,ACCT8901604,2025-09-15 11:34:00,noise
debit,339.46,,BRANCH75,Priya Okafor,ACCT8901604,2025-09-15 09:13:37,noise
debit,126.35,ACCT9976709,BRANCH75,Priya Okafor,ACCT8901604,2025-09-14 09:18:33,noise
debit,598.01,ACCT6689818,BRANCH75,Priya Okafor,ACCT8901604,2025-09-13 13:09:04,noise
credit,530.1,,BRANCH75,Priya Okafor,ACCT8901604,2025-09-09 13:42:51,noise
credit,1066.9,,BRANCH75,Priya Okafor,ACCT8901604,2025-09-09 01:18:59,noise
credit,3993.97,,BRANCH75,Priya Okafor,ACCT8901604,2025-09-08 08:12:02,noise
debit,3000.0,ACCT2794986,BRANCH75,Priya Okafor,ACCT8901604,2025-09-07 13:43:08,noise
debit,601.66,,BRANCH75,Priya Okafor,ACCT8901604,2025-09-06 15:22:23,noise
debit,334.76,,BRANCH84,Priya Okafor,ACCT8901604,2025-09-05 02:24:34,noise
debit,462.15,,BRANCH75,Priya Okafor,ACCT8901604,2025-09-04 11:02:41,noise
credit,481.62,,BRANCH75,Priya Okafor,ACCT8901604,2025-09-04 20:28:48,noise
debit,1941.97,,BRANCH75,Priya Okafor,ACCT8901604,2025-09-03 12:30:24,noise
debit,3282.14,,BRANCH75,Priya Okafor,ACCT8901604,2025-09-03 20:01:13,noise
debit,1830.39,,BRANCH75,Priya Okafor,ACCT8901604,2025-09-02 19:01:11,noise
debit,143.07,,BRANCH55,Priya Okafor,ACCT8901604,2025-09-02 02:12:34,noise
credit,1297.58,,BRANCH75,Priya Okafor,ACCT8901604,2025-08-31 18:40:00,noise
credit,714.97,,BRANCH75,Priya Okafor,ACCT8901604,2025-08-30 10:24:33,noise
credit,118.61,,BRANCH75,Priya Okafor,ACCT8901604,2025-08-29 12:02:06,noise
debit,1614.52,,BRANCH75,Priya Okafor,ACCT8901604,2025-08-26 16:11:36,noise
credit,765.58,ACCT9254547,BRANCH75,Priya Okafor,ACCT8901604,2025-08-21 18:21:11,noise
credit,769.41,,BRANCH75,Priya Okafor,ACCT8901604,2025-08-19 12:16:09,noise
credit,2643.16,,BRANCH75,Priya Okafor,ACCT8901604,2025-08-16 08:34:07,noise
debit,1110.44,,BRANCH75,Priya Okafor,ACCT8901604,2025-08-16 15:38:09,noise
debit,1319.11,,BRANCH75,Priya Okafor,ACCT8901604,2025-08-11 11:37:18,noise
credit,3216.1,,BRANCH92,Priya Okafor,ACCT8901604,2025-08-11 16:40:08,noise
credit,6151.18,,BRANCH75,Priya Okafor,ACCT8901604,2025-08-10 14:45:24,noise
credit,198.31,,BRANCH79,Priya Okafor,ACCT8901604,2025-08-10 17:04:44,noise
credit,361.93,,BRANCH61,Priya Okafor,ACCT8901604,2025-08-08 11:30:09,noise
credit,158.32,,BRANCH75,Priya Okafor,ACCT8901604,2025-08-08 11:32:44,noise
debit,1849.04,ACCT6924004,BRANCH75,Priya Okafor,ACCT8901604,2025-08-06 04:22:00,noise
credit,225.53,,BRANCH75,Priya Okafor,ACCT8901604,2025-08-04 11:27:05,noise
debit,1698.03,,BRANCH39,Jin Carlos,ACCT6741191,2025-10-03 12:30:18,noise
debit,1977.74,,BRANCH39,Jin Carlos,ACCT6741191,2025-09-30 09:33:48,noise
debit,1962.85,,BRANCH23,Jin Carlos,ACCT6741191,2025-09-30 03:22:52,noise
debit,806.96,ACCT1843495,BRANCH39,Jin Carlos,ACCT6741191,2025-09-26 19:03:35,noise
debit,1093.61,ACCT4886186,BRANCH44,Jin Carlos,ACCT6741191,2025-09-23 11:31:57,noise
credit,1387.37,ACCT4046242,BRANCH76,Jin Carlos,ACCT6741191,2025-09-23 13:42:42,noise
debit,1023.04,ACCT1681992,BRANCH39,Jin Carlos,ACCT6741191,2025-09-20 20:29:11,noise
credit,3071.23,,BRANCH92,Jin Carlos,ACCT6741191,2025-09-20 18:44:15,noise
credit,1822.62,,BRANCH13,Jin Carlos,ACCT6741191,2025-09-19 16:29:59,noise
credit,193.04,ACCT5364403,BRANCH39,Jin Carlos,ACCT6741191,2025-09-17 15:08:06,noise
credit,1408.76,,BRANCH39,Jin Carlos,ACCT6741191,2025-09-17 20:17:35,noise
credit,965.56,,BRANCH39,Jin Carlos,ACCT6741191,2025-09-14 14:44:22,noise
debit,1607.96,,BRANCH39,Jin Carlos,ACCT6741191,2025-09-14 05:32:15,noise
credit,919.36,ACCT6604921,BRANCH37,Jin Carlos,ACCT6741191,2025-09-13 11:24:28,noise
credit,354.58,,BRANCH39,Jin Carlos,ACCT6741191,2025-09-10 19:45:02,noise
credit,492.36,,BRANCH39,Jin Carlos,ACCT6741191,2025-09-10 00:17:24,noise
credit,1114.8,ACCT8445083,BRANCH39,Jin Carlos,ACCT6741191,2025-09-06 01:01:44,noise
debit,3039.58,,BRANCH39,Jin Carlos,ACCT6741191,2025-09-06 14:21:16,noise
credit,1910.47,,BRANCH13,Jin Carlos,ACCT6741191,2025-09-04 14:12:34,noise
credit,839.74,,BRANCH39,Jin Carlos,ACCT6741191,2025-09-02 18:10:13,noise
debit,1033.25,,BRANCH68,Jin Carlos,ACCT6741191,2025-09-02 19:29:49,noise
credit,1794.59,,BRANCH14,Jin Carlos,ACCT6741191,2025-08-29 12:27:16,noise
debit,310.98,,BRANCH39,Jin Carlos,ACCT6741191,2025-08-28 20:09:19,noise
credit,4390.54,,BRANCH39,Jin Carlos,ACCT6741191,2025-08-28 19:15:26,noise
credit,607.1,,BRANCH39,Jin Carlos,ACCT6741191,2025-08-22 11:01:48,noise
debit,450.87,,BRANCH39,Jin Carlos,ACCT6741191,2025-08-22 16:09:15,noise
credit,2147.25,ACCT2794986,BRANCH79,Jin Carlos,ACCT6741191,2025-08-21 23:19:24,noise
debit,314.39,,BRANCH39,Jin Carlos,ACCT6741191,2025-08-21 10:37:15,noise
debit,928.94,ACCT6959371,BRANCH39,Jin Carlos,ACCT6741191,2025-08-20 11:39:08,noise
credit,449.46,ACCT9854988,BRANCH39,Jin Carlos,ACCT6741191,2025-08-19 20:15:15,noise
debit,410.41,,BRANCH39,Jin Carlos,ACCT6741191,2025-08-18 21:34:21,noise
debit,1862.18,,BRANCH39,Jin Carlos,ACCT6741191,2025-08-16 18:36:03,noise
debit,1480.55,ACCT8901604,BRANCH39,Jin Carlos,ACCT6741191,2025-08-13 08:05:09,noise
debit,2503.27,,BRANCH67,Jin Carlos,ACCT6741191,2025-08-11 19:19:40,noise
debit,320.75,ACCT6691811,BRANCH39,Jin Carlos,ACCT6741191,2025-08-09 17:00:55,noise
credit,109.61,,BRANCH22,Jin Carlos,ACCT6741191,2025-08-08 21:33:27,noise
credit,157.43,,BRANCH93,Jin Carlos,ACCT6741191,2025-08-08 00:11:10,noise
credit,315.38,,BRANCH62,Jin Carlos,ACCT6741191,2025-08-07 08:43:10,noise
credit,1239.31,,BRANCH64,Jin Carlos,ACCT6741191,2025-08-05 11:29:57,noise
debit,335.22,ACCT1938438,BRANCH84,Nia Bakker,ACCT7203292,2025-10-03 12:05:13,noise
credit,1335.93,,BRANCH84,Nia Bakker,ACCT7203292,2025-10-02 16:27:33,noise
credit,923.87,ACCT1617871,BRANCH55,Nia Bakker,ACCT7203292,2025-10-02 14:20:30,noise
debit,516.3,ACCT4886186,BRANCH15,Nia Bakker,ACCT7203292,2025-10-01 14:45:29,noise
debit,3830.28,,BRANCH84,Nia Bakker,ACCT7203292,2025-09-28 17:37:11,noise
credit,213.45,,BRANCH84,Nia Bakker,ACCT7203292,2025-09-27 05:01:18,noise
debit,331.82,ACCT1196096,BRANCH84,Nia Bakker,ACCT7203292,2025-09-24 13:06:38,noise
credit,1131.54,,BRANCH70,Nia Bakker,ACCT7203292,2025-09-23 20:08:55,noise
credit,4239.86,ACCT6514221,BRANCH84,Nia Bakker,ACCT7203292,2025-09-18 09:05:39,noise
debit,3886.44,,BRANCH84,Nia Bakker,ACCT7203292,2025-09-17 10:02:55,noise
credit,906.22,,BRANCH84,Nia Bakker,ACCT7203292,2025-09-15 14:26:18,noise
credit,973.7,,BRANCH84,Nia Bakker,ACCT7203292,2025-09-14 17:16:41,noise
debit,1638.95,ACCT8392016,BRANCH74,Nia Bakker,ACCT7203292,2025-09-11 08:02:04,noise
credit,833.24,,BRANCH84,Nia Bakker,ACCT7203292,2025-09-11 17:24:25,noise
credit,1396.61,,BRANCH84,Nia Bakker,ACCT7203292,2025-09-10 19:24:54,noise
debit,322.05,,BRANCH84,Nia Bakker,ACCT7203292,2025-09-04 12:07:02,noise
debit,1020.72,ACCT6033220,BRANCH84,Nia Bakker,ACCT7203292,2025-09-04 13:16:58,noise
credit,1930.41,,BRANCH37,Nia Bakker,ACCT7203292,2025-09-02 17:39:19,noise
credit,1139.86,,BRANCH84,Nia Bakker,ACCT7203292,2025-08-31 08:07:57,noise
debit,1687.28,ACCT3046155,BRANCH73,Nia Bakker,ACCT7203292,2025-08-31 09:36:43,noise
debit,751.8,,BRANCH84,Nia Bakker,ACCT7203292,2025-08-28 08:09:39,noise
debit,169.52,,BRANCH84,Nia Bakker,ACCT7203292,2025-08-25 23:03:49,noise
credit,2697.1,,BRANCH84,Nia Bakker,ACCT7203292,2025-08-19 08:05:08,noise
credit,3592.12,,BRANCH84,Nia Bakker,ACCT7203292,2025-08-19 18:27:34,noise
debit,2575.43,,BRANCH84,Nia Bakker,ACCT7203292,2025-08-18 21:14:09,noise
debit,766.79,,BRANCH84,Nia Bakker,ACCT7203292,2025-08-16 13:36:18,noise
credit,694.81,,BRANCH63,Nia Bakker,ACCT7203292,2025-08-15 08:35:39,noise
debit,610.99,,BRANCH84,Nia Bakker,ACCT7203292,2025-08-14 10:30:41,noise
credit,321.29,ACCT1196096,BRANCH84,Nia Bakker,ACCT7203292,2025-08-12 13:15:57,noise
credit,1817.31,ACCT6514221,BRANCH84,Nia Bakker,ACCT7203292,2025-08-09 11:14:19,noise
credit,195.84,,BRANCH84,Nia Bakker,ACCT7203292,2025-08-09 19:42:58,noise
debit,543.22,,BRANCH84,Nia Bakker,ACCT7203292,2025-08-08 13:09:33,noise
debit,4015.01,,BRANCH10,Nia Bakker,ACCT7203292,2025-08-07 14:07:28,noise
credit,571.27,ACCT7368128,BRANCH14,Victor Alvarez,ACCT9927731,2025-10-03 17:06:11,noise
debit,117.0,,BRANCH14,Victor Alvarez,ACCT9927731,2025-10-03 08:30:56,noise
debit,387.99,,BRANCH14,Victor Alvarez,ACCT9927731,2025-10-01 13:05:16,noise
debit,593.17,,BRANCH14,Victor Alvarez,ACCT9927731,2025-09-30 04:03:29,noise
debit,670.02,,BRANCH77,Victor Alvarez,ACCT9927731,2025-09-28 10:34:12,noise
debit,797.73,,BRANCH46,Victor Alvarez,ACCT9927731,2025-09-27 16:44:36,noise
debit,945.18,,BRANCH14,Victor Alvarez,ACCT9927731,2025-09-26 13:15:57,noise
debit,899.59,,BRANCH63,Victor Alvarez,ACCT9927731,2025-09-26 12:34:16,noise
credit,522.3,,BRANCH14,Victor Alvarez,ACCT9927731,2025-09-24 01:28:47,noise
credit,207.66,ACCT9077382,BRANCH45,Victor Alvarez,ACCT9927731,2025-09-22 18:01:40,noise
debit,1068.22,,BRANCH48,Victor Alvarez,ACCT9927731,2025-09-22 08:09:37,noise
credit,176.97,ACCT5973256,BRANCH14,Victor Alvarez,ACCT9927731,2025-09-19 08:21:56,noise
credit,759.71,ACCT6893216,BRANCH14,Victor Alvarez,ACCT9927731,2025-09-19 11:12:38,noise
debit,1313.4,ACCT4263191,BRANCH35,Victor Alvarez,ACCT9927731,2025-09-13 14:23:47,noise
debit,445.94,ACCT1279610,BRANCH14,Victor Alvarez,ACCT9927731,2025-09-12 08:03:59,noise
debit,789.03,,BRANCH28,Victor Alvarez,ACCT9927731,2025-09-10 00:33:35,noise
debit,732.75,,BRANCH48,Victor Alvarez,ACCT9927731,2025-09-03 14:19:30,noise
debit,131.61,ACCT9474562,BRANCH23,Victor Alvarez,ACCT9927731,2025-09-01 10:27:38,noise
debit,319.18,,BRANCH14,Victor Alvarez,ACCT9927731,2025-08-31 04:35:48,noise
credit,1207.57,,BRANCH14,Victor Alvarez,ACCT9927731,2025-08-31 17:34:05,noise
credit,176.25,ACCT8495461,BRANCH14,Victor Alvarez,ACCT9927731,2025-08-27 17:44:37,noise
debit,786.71,,BRANCH58,Victor Alvarez,ACCT9927731,2025-08-27 16:04:09,noise
debit,2694.81,,BRANCH14,Victor Alvarez,ACCT9927731,2025-08-25 11:30:41,noise
credit,3590.21,ACCT3564547,BRANCH14,Victor Alvarez,ACCT9927731,2025-08-21 17:21:03,noise
credit,246.59,ACCT7552005,BRANCH80,Victor Alvarez,ACCT9927731,2025-08-18 18:28:13,noise
credit,650.91,,BRANCH14,Victor Alvarez,ACCT9927731,2025-08-16 12:12:36,noise
debit,1459.24,,BRANCH77,Victor Alvarez,ACCT9927731,2025-08-16 14:17:25,noise
debit,1320.37,,BRANCH14,Victor Alvarez,ACCT9927731,2025-08-15 11:38:51,noise
debit,4226.84,,BRANCH64,Victor Alvarez,ACCT9927731,2025-08-14 19:30:02,noise
credit,626.99,ACCT6098328,BRANCH14,Victor Alvarez,ACCT9927731,2025-08-14 14:00:18,noise
debit,2072.1,,BRANCH56,Victor Alvarez,ACCT9927731,2025-08-12 18:22:04,noise
credit,116.04,,BRANCH82,Victor Alvarez,ACCT9927731,2025-08-12 21:14:53,noise
credit,467.87,,BRANCH14,Victor Alvarez,ACCT9927731,2025-08-10 10:19:50,noise
credit,3717.65,,BRANCH14,Victor Alvarez,ACCT9927731,2025-08-08 19:13:09,noise
debit,1564.25,,BRANCH14,Victor Alvarez,ACCT9927731,2025-08-07 18:25:20,noise
debit,4609.92,,BRANCH14,Victor Alvarez,ACCT9927731,2025-08-06 05:40:53,noise
credit,419.31,,BRANCH14,Victor Alvarez,ACCT9927731,2025-08-06 09:30:10,noise
debit,277.42,ACCT1196096,BRANCH80,Cara Rossi,ACCT2336624,2025-10-02 19:22:53,noise
credit,1348.21,,BRANCH58,Cara Rossi,ACCT2336624,2025-09-30 04:03:01,noise
debit,4264.57,,BRANCH58,Cara Rossi,ACCT2336624,2025-09-26 09:00:16,noise
debit,472.89,,BRANCH58,Cara Rossi,ACCT2336624,2025-09-26 14:00:27,noise
debit,120.72,ACCT4773793,BRANCH31,Cara Rossi,ACCT2336624,2025-09-21 17:34:10,noise
credit,1866.04,,BRANCH87,Cara Rossi,ACCT2336624,2025-09-18 10:05:15,noise
credit,1644.32,ACCT8038690,BRANCH18,Cara Rossi,ACCT2336624,2025-09-15 17:32:19,noise
debit,988.79,,BRANCH58,Cara Rossi,ACCT2336624,2025-09-15 09:27:24,noise
credit,516.61,ACCT4272266,BRANCH58,Cara Rossi,ACCT2336624,2025-09-13 17:38:42,noise
debit,526.32,,BRANCH58,Cara Rossi,ACCT2336624,2025-09-11 03:17:19,noise
credit,171.86,,BRANCH58,Cara Rossi,ACCT2336624,2025-09-11 14:17:03,noise
debit,1339.59,ACCT9927731,BRANCH58,Cara Rossi,ACCT2336624,2025-09-07 13:01:30,noise
debit,443.32,ACCT5973256,BRANCH58,Cara Rossi,ACCT2336624,2025-09-07 18:37:50,noise
credit,209.7,,BRANCH58,Cara Rossi,ACCT2336624,2025-09-02 14:18:09,noise
debit,3000.0,ACCT7316496,BRANCH77,Cara Rossi,ACCT2336624,2025-09-01 19:34:34,noise
credit,913.16,,BRANCH58,Cara Rossi,ACCT2336624,2025-09-01 22:28:44,noise
credit,436.6,,BRANCH58,Cara Rossi,ACCT2336624,2025-08-30 05:35:55,noise
debit,232.76,,BRANCH58,Cara Rossi,ACCT2336624,2025-08-30 18:43:57,noise
credit,896.76,ACCT6691811,BRANCH58,Cara Rossi,ACCT2336624,2025-08-29 21:13:34,noise
debit,1220.4,,BRANCH58,Cara Rossi,ACCT2336624,2025-08-28 17:10:26,noise
debit,365.09,,BRANCH31,Cara Rossi,ACCT2336624,2025-08-27 15:07:44,noise
debit,360.94,,BRANCH58,Cara Rossi,ACCT2336624,2025-08-25 01:35:32,noise
debit,1577.81,,BRANCH23,Cara Rossi,ACCT2336624,2025-08-20 23:44:17,noise
credit,3504.4,,BRANCH58,Cara Rossi,ACCT2336624,2025-08-20 16:35:17,noise
credit,689.34,,BRANCH63,Cara Rossi,ACCT2336624,2025-08-16 00:03:15,noise
debit,983.33,,BRANCH58,Cara Rossi,ACCT2336624,2025-08-14 08:29:35,noise
credit,1645.59,,BRANCH58,Cara Rossi,ACCT2336624,2025-08-13 13:16:30,noise
debit,208.97,,BRANCH93,Cara Rossi,ACCT2336624,2025-08-13 13:29:30,noise
debit,258.85,,BRANCH58,Cara Rossi,ACCT2336624,2025-08-12 09:15:19,noise
credit,1098.14,,BRANCH58,Cara Rossi,ACCT2336624,2025-08-12 15:12:52,noise
debit,723.75,,BRANCH82,Cara Rossi,ACCT2336624,2025-08-10 01:08:33,noise
debit,220.5,ACCT7849357,BRANCH58,Cara Rossi,ACCT2336624,2025-08-07 08:25:12,noise
debit,361.24,ACCT2529649,BRANCH27,Cara Rossi,ACCT2336624,2025-08-06 14:35:47,noise
debit,165.78,,BRANCH58,Cara Rossi,ACCT2336624,2025-08-05 09:17:46,noise
debit,153.55,,BRANCH28,Cara Rossi,ACCT2336624,2025-08-05 09:40:02,noise
debit,588.15,ACCT4575241,BRANCH14,Cara Jansen,ACCT9168348,2025-09-30 17:16:26,noise
credit,828.69,ACCT1279610,BRANCH14,Cara Jansen,ACCT9168348,2025-09-29 20:12:31,noise
credit,417.21,ACCT3791396,BRANCH14,Cara Jansen,ACCT9168348,2025-09-28 14:38:50,noise
credit,1117.76,,BRANCH14,Cara Jansen,ACCT9168348,2025-09-26 10:43:29,noise
debit,859.05,,BRANCH14,Cara Jansen,ACCT9168348,2025-09-25 13:14:59,noise
debit,592.79,,BRANCH18,Cara Jansen,ACCT9168348,2025-09-23 20:28:50,noise
debit,127.83,ACCT6924004,BRANCH14,Cara Jansen,ACCT9168348,2025-09-23 17:14:05,noise
debit,332.26,ACCT8038690,BRANCH14,Cara Jansen,ACCT9168348,2025-09-20 11:28:52,noise
credit,1826.61,,BRANCH44,Cara Jansen,ACCT9168348,2025-09-20 11:39:16,noise
credit,299.16,ACCT6959371,BRANCH14,Cara Jansen,ACCT9168348,2025-09-13 22:21:03,noise
credit,2966.12,,BRANCH18,Cara Jansen,ACCT9168348,2025-09-12 09:26:29,noise
debit,7515.6,,BRANCH14,Cara Jansen,ACCT9168348,2025-09-12 18:33:15,noise
debit,470.92,ACCT7274440,BRANCH14,Cara Jansen,ACCT9168348,2025-09-11 13:43:59,noise
debit,579.14,,BRANCH14,Cara Jansen,ACCT9168348,2025-09-11 18:18:36,noise
debit,844.88,,BRANCH14,Cara Jansen,ACCT9168348,2025-09-09 11:34:50,noise
credit,764.26,ACCT7908556,BRANCH52,Cara Jansen,ACCT9168348,2025-09-07 12:34:24,noise
credit,2807.07,ACCT3134951,BRANCH14,Cara Jansen,ACCT9168348,2025-09-07 02:36:59,noise
credit,2420.84,,BRANCH14,Cara Jansen,ACCT9168348,2025-09-05 13:43:32,noise
credit,1841.22,,BRANCH14,Cara Jansen,ACCT9168348,2025-09-04 15:23:55,noise
credit,1005.65,,BRANCH14,Cara Jansen,ACCT9168348,2025-09-01 14:29:08,noise
debit,506.74,,BRANCH14,Cara Jansen,ACCT9168348,2025-08-31 11:35:21,noise
credit,1189.32,,BRANCH14,Cara Jansen,ACCT9168348,2025-08-30 08:18:13,noise
credit,490.14,ACCT6604921,BRANCH14,Cara Jansen,ACCT9168348,2025-08-28 15:00:43,noise
credit,1159.14,,BRANCH14,Cara Jansen,ACCT9168348,2025-08-28 12:22:19,noise
credit,170.43,ACCT3507254,BRANCH97,Cara Jansen,ACCT9168348,2025-08-24 15:24:16,noise
debit,598.13,,BRANCH14,Cara Jansen,ACCT9168348,2025-08-23 09:35:31,noise
credit,38.67,,BRANCH14,Cara Jansen,ACCT9168348,2025-08-22 09:23:19,noise
debit,804.9,ACCT6033220,BRANCH69,Cara Jansen,ACCT9168348,2025-08-22 14:38:53,noise
credit,723.95,,BRANCH14,Cara Jansen,ACCT9168348,2025-08-19 03:34:36,noise
credit,371.07,,BRANCH14,Cara Jansen,ACCT9168348,2025-08-19 23:42:26,noise
credit,1438.28,,BRANCH14,Cara Jansen,ACCT9168348,2025-08-18 15:39:40,noise
debit,2456.95,,BRANCH14,Cara Jansen,ACCT9168348,2025-08-18 13:39:17,noise
credit,814.12,,BRANCH14,Cara Jansen,ACCT9168348,2025-08-13 17:17:17,noise
credit,327.69,,BRANCH14,Cara Jansen,ACCT9168348,2025-08-13 19:03:12,noise
debit,1152.16,,BRANCH14,Cara Jansen,ACCT9168348,2025-08-11 10:30:28,noise
debit,575.23,ACCT4046242,BRANCH14,Cara Jansen,ACCT9168348,2025-08-10 19:43:17,noise
credit,1070.39,,BRANCH14,Cara Jansen,ACCT9168348,2025-08-09 19:00:42,noise
debit,126.59,ACCT6448016,BRANCH55,Cara Jansen,ACCT9168348,2025-08-08 05:33:09,noise
credit,697.38,,BRANCH14,Cara Jansen,ACCT9168348,2025-08-08 04:13:28,noise
debit,722.87,ACCT9254547,BRANCH64,Cara Jansen,ACCT9168348,2025-08-06 19:09:42,noise
debit,1086.93,,BRANCH17,Cara Jansen,ACCT9168348,2025-08-06 13:41:44,noise
debit,30.82,,BRANCH14,Cara Jansen,ACCT9168348,2025-08-05 17:25:01,noise
debit,655.34,,BRANCH15,Cara Jansen,ACCT9168348,2025-08-04 09:15:14,noise
debit,696.64,,BRANCH59,Jin Iqbal,ACCT7668795,2025-10-03 14:45:43,noise
credit,2546.79,,BRANCH65,Jin Iqbal,ACCT7668795,2025-10-03 11:23:31,noise
credit,839.52,,BRANCH59,Jin Iqbal,ACCT7668795,2025-09-23 02:45:53,noise
credit,2539.3,ACCT9797138,BRANCH80,Jin Iqbal,ACCT7668795,2025-09-23 01:00:28,noise
debit,619.98,,BRANCH72,Jin Iqbal,ACCT7668795,2025-09-21 16:45:39,noise
debit,1409.39,,BRANCH51,Jin Iqbal,ACCT7668795,2025-09-20 14:05:37,noise
credit,2217.4,,BRANCH59,Jin Iqbal,ACCT7668795,2025-09-18 18:20:43,noise
debit,613.75,ACCT1196096,BRANCH59,Jin Iqbal,ACCT7668795,2025-09-18 15:16:48,noise
debit,355.78,,BRANCH93,Jin Iqbal,ACCT7668795,2025-09-16 20:38:51,noise
debit,261.4,,BRANCH59,Jin Iqbal,ACCT7668795,2025-09-11 09:32:07,noise
debit,2156.15,,BRANCH59,Jin Iqbal,ACCT7668795,2025-09-11 20:25:36,noise
credit,542.9,ACCT3609743,BRANCH59,Jin Iqbal,ACCT7668795,2025-09-10 11:37:41,noise
credit,444.36,,BRANCH59,Jin Iqbal,ACCT7668795,2025-09-04 22:27:15,noise
debit,251.62,,BRANCH59,Jin Iqbal,ACCT7668795,2025-09-02 08:29:29,noise
debit,416.8,,BRANCH70,Jin Iqbal,ACCT7668795,2025-09-02 16:09:38,noise
debit,1525.96,,BRANCH59,Jin Iqbal,ACCT7668795,2025-09-01 14:00:28,noise
credit,787.5,ACCT3547928,BRANCH83,Jin Iqbal,ACCT7668795,2025-08-30 21:07:10,noise
debit,232.33,,BRANCH34,Jin Iqbal,ACCT7668795,2025-08-29 19:43:00,noise
credit,713.79,ACCT3854268,BRANCH59,Jin Iqbal,ACCT7668795,2025-08-29 10:30:39,noise
debit,290.61,ACCT9976709,BRANCH59,Jin Iqbal,ACCT7668795,2025-08-28 12:32:45,noise
debit,416.8,,BRANCH59,Jin Iqbal,ACCT7668795,2025-08-28 22:01:06,noise
credit,1099.53,ACCT9927731,BRANCH59,Jin Iqbal,ACCT7668795,2025-08-27 19:42:42,noise
credit,930.08,ACCT1279610,BRANCH59,Jin Iqbal,ACCT7668795,2025-08-25 09:20:57,noise
debit,3031.75,,BRANCH59,Jin Iqbal,ACCT7668795,2025-08-25 19:00:14,noise
credit,201.26,,BRANCH59,Jin Iqbal,ACCT7668795,2025-08-24 14:38:29,noise
debit,1011.63,,BRANCH12,Jin Iqbal,ACCT7668795,2025-08-21 11:24:41,noise
debit,933.22,,BRANCH19,Jin Iqbal,ACCT7668795,2025-08-17 09:45:03,noise
credit,579.19,ACCT6604921,BRANCH59,Jin Iqbal,ACCT7668795,2025-08-17 18:04:12,noise
debit,534.47,,BRANCH59,Jin Iqbal,ACCT7668795,2025-08-15 17:15:40,noise
debit,212.71,,BRANCH59,Jin Iqbal,ACCT7668795,2025-08-13 12:24:30,noise
debit,859.65,,BRANCH59,Jin Iqbal,ACCT7668795,2025-08-11 18:21:19,noise
credit,580.43,ACCT6741191,BRANCH38,Jin Iqbal,ACCT7668795,2025-08-11 08:38:04,noise
debit,365.19,,BRANCH59,Jin Iqbal,ACCT7668795,2025-08-10 01:11:15,noise
credit,203.62,,BRANCH59,Jin Iqbal,ACCT7668795,2025-08-10 20:34:22,noise
debit,331.43,,BRANCH59,Jin Iqbal,ACCT7668795,2025-08-08 18:23:43,noise
credit,250.96,,BRANCH38,Jin Iqbal,ACCT7668795,2025-08-08 10:41:28,noise
credit,1139.75,,BRANCH54,Diego Rossi,ACCT2776269,2025-10-03 16:33:53,noise
debit,465.91,,BRANCH52,Diego Rossi,ACCT2776269,2025-10-02 09:12:57,noise
credit,909.76,ACCT3547928,BRANCH16,Diego Rossi,ACCT2776269,2025-10-02 11:13:45,noise
credit,437.38,,BRANCH52,Diego Rossi,ACCT2776269,2025-09-30 13:31:31,noise
credit,591.2,,BRANCH92,Diego Rossi,ACCT2776269,2025-09-29 14:06:02,noise
debit,1028.28,,BRANCH52,Diego Rossi,ACCT2776269,2025-09-26 17:40:34,noise
debit,1329.11,,BRANCH52,Diego Rossi,ACCT2776269,2025-09-26 15:41:37,noise
credit,1143.95,,BRANCH52,Diego Rossi,ACCT2776269,2025-09-17 11:44:37,noise
debit,327.02,,BRANCH52,Diego Rossi,ACCT2776269,2025-09-16 10:27:45,noise
debit,1338.46,,BRANCH52,Diego Rossi,ACCT2776269,2025-09-15 22:29:25,noise
credit,272.2,,BRANCH52,Diego Rossi,ACCT2776269,2025-09-13 05:22:44,noise
credit,501.24,,BRANCH52,Diego Rossi,ACCT2776269,2025-09-09 17:24:28,noise
credit,673.89,,BRANCH41,Diego Rossi,ACCT2776269,2025-09-07 21:12:42,noise
debit,1779.3,,BRANCH52,Diego Rossi,ACCT2776269,2025-09-07 23:40:23,noise
debit,854.75,ACCT5364403,BRANCH52,Diego Rossi,ACCT2776269,2025-09-06 02:08:44,noise
debit,1610.36,ACCT9927731,BRANCH31,Diego Rossi,ACCT2776269,2025-09-04 19:29:59,noise
credit,2913.98,ACCT2529649,BRANCH52,Diego Rossi,ACCT2776269,2025-09-02 17:13:12,noise
credit,87.43,ACCT1196096,BRANCH11,Diego Rossi,ACCT2776269,2025-08-31 17:12:51,noise
debit,475.21,,BRANCH52,Diego Rossi,ACCT2776269,2025-08-30 14:32:26,noise
debit,860.72,,BRANCH52,Diego Rossi,ACCT2776269,2025-08-24 23:15:54,noise
debit,1466.72,ACCT6183761,BRANCH64,Diego Rossi,ACCT2776269,2025-08-24 20:17:57,noise
debit,1151.83,,BRANCH52,Diego Rossi,ACCT2776269,2025-08-23 19:23:31,noise
debit,628.05,,BRANCH52,Diego Rossi,ACCT2776269,2025-08-17 15:29:40,noise
credit,1025.7,ACCT5724947,BRANCH87,Diego Rossi,ACCT2776269,2025-08-16 22:09:33,noise
debit,365.39,ACCT7193362,BRANCH52,Diego Rossi,ACCT2776269,2025-08-12 16:39:39,noise
credit,231.66,,BRANCH52,Diego Rossi,ACCT2776269,2025-08-12 08:15:48,noise
debit,248.18,,BRANCH52,Diego Rossi,ACCT2776269,2025-08-11 15:24:35,noise
credit,909.08,,BRANCH52,Diego Rossi,ACCT2776269,2025-08-10 12:12:51,noise
debit,531.68,ACCT1196096,BRANCH98,Diego Rossi,ACCT2776269,2025-08-09 17:15:11,noise
credit,878.59,,BRANCH52,Diego Rossi,ACCT2776269,2025-08-09 17:09:07,noise
debit,234.57,,BRANCH52,Diego Rossi,ACCT2776269,2025-08-07 21:17:18,noise
credit,743.64,ACCT6223031,BRANCH84,Victor Gomes,ACCT2054858,2025-10-02 09:27:34,noise
credit,537.15,,BRANCH58,Victor Gomes,ACCT2054858,2025-10-02 16:23:47,noise
debit,183.7,,BRANCH75,Victor Gomes,ACCT2054858,2025-09-30 05:36:03,noise
debit,1339.35,,BRANCH84,Victor Gomes,ACCT2054858,2025-09-30 11:09:42,noise
debit,212.75,,BRANCH32,Victor Gomes,ACCT2054858,2025-09-26 13:31:35,noise
debit,333.25,,BRANCH84,Victor Gomes,ACCT2054858,2025-09-24 20:40:05,noise
credit,528.01,,BRANCH84,Victor Gomes,ACCT2054858,2025-09-24 20:27:10,noise
credit,158.73,ACCT3046155,BRANCH84,Victor Gomes,ACCT2054858,2025-09-17 20:22:09,noise
credit,386.93,,BRANCH84,Victor Gomes,ACCT2054858,2025-09-15 10:35:56,noise
credit,1628.82,ACCT2529649,BRANCH84,Victor Gomes,ACCT2054858,2025-08-30 23:17:04,noise
debit,252.55,ACCT3976612,BRANCH84,Victor Gomes,ACCT2054858,2025-08-29 11:01:28,noise
credit,290.62,ACCT6691811,BRANCH84,Victor Gomes,ACCT2054858,2025-08-26 23:21:41,noise
debit,307.56,ACCT2887885,BRANCH84,Victor Gomes,ACCT2054858,2025-08-26 17:44:23,noise
debit,1436.8,ACCT6924004,BRANCH22,Victor Gomes,ACCT2054858,2025-08-24 12:06:56,noise
credit,612.81,,BRANCH84,Victor Gomes,ACCT2054858,2025-08-24 16:21:29,noise
debit,920.63,ACCT8495461,BRANCH39,Victor Gomes,ACCT2054858,2025-08-23 19:01:32,noise
debit,97.59,ACCT1617871,BRANCH74,Victor Gomes,ACCT2054858,2025-08-22 19:35:45,noise
credit,105.12,ACCT9498768,BRANCH84,Victor Gomes,ACCT2054858,2025-08-22 12:33:12,noise
debit,899.66,,BRANCH91,Victor Gomes,ACCT2054858,2025-08-15 14:37:51,noise
debit,317.55,,BRANCH84,Victor Gomes,ACCT2054858,2025-08-14 18:13:23,noise
debit,901.29,,BRANCH46,Victor Gomes,ACCT2054858,2025-08-13 23:26:08,noise
debit,219.64,ACCT1843495,BRANCH84,Victor Gomes,ACCT2054858,2025-08-11 00:21:50,noise
credit,1250.87,,BRANCH84,Victor Gomes,ACCT2054858,2025-08-09 10:24:24,noise
debit,339.12,,BRANCH54,Victor Gomes,ACCT2054858,2025-08-09 17:11:23,noise
debit,1157.45,,BRANCH84,Victor Gomes,ACCT2054858,2025-08-08 03:32:25,noise
credit,367.39,,BRANCH84,Victor Gomes,ACCT2054858,2025-08-08 17:07:36,noise
debit,1981.51,,BRANCH84,Victor Gomes,ACCT2054858,2025-08-06 08:03:06,noise
debit,253.06,ACCT3725977,BRANCH34,Victor Gomes,ACCT2054858,2025-08-06 08:04:11,noise
credit,314.93,,BRANCH84,Victor Gomes,ACCT2054858,2025-08-05 09:00:03,noise
debit,45536.48,ACCT7368128,BRANCH84,Victor Gomes,ACCT2054858,2025-12-17 03:18:14,noise
debit,26611.59,ACCT7368128,BRANCH84,Victor Gomes,ACCT2054858,2025-12-22 02:44:29,noise
debit,5833.36,ACCT7368128,BRANCH84,Victor Gomes,ACCT2054858,2025-12-08 05:34:44,noise
debit,20000.51,ACCT7368128,BRANCH84,Victor Gomes,ACCT2054858,2025-12-27 23:30:38,noise
debit,28535.88,ACCT7368128,BRANCH84,Victor Gomes,ACCT2054858,2025-12-06 19:15:38,noise
debit,36632.41,ACCT7368128,BRANCH84,Victor Gomes,ACCT2054858,2025-12-08 21:16:45,noise
credit,659.05,,BRANCH69,Cara Vargas,ACCT3791396,2025-10-01 18:11:50,noise
credit,2135.68,,BRANCH49,Cara Vargas,ACCT3791396,2025-09-29 14:37:58,noise
credit,2110.29,,BRANCH69,Cara Vargas,ACCT3791396,2025-09-28 19:38:55,noise
credit,205.91,,BRANCH69,Cara Vargas,ACCT3791396,2025-09-26 09:17:34,noise
credit,237.46,,BRANCH24,Cara Vargas,ACCT3791396,2025-09-24 22:05:59,noise
credit,500.98,,BRANCH70,Cara Vargas,ACCT3791396,2025-09-21 04:01:29,noise
debit,2035.28,,BRANCH69,Cara Vargas,ACCT3791396,2025-09-21 14:10:36,noise
credit,964.62,,BRANCH69,Cara Vargas,ACCT3791396,2025-09-12 13:27:18,noise
credit,78.99,,BRANCH69,Cara Vargas,ACCT3791396,2025-09-11 15:00:23,noise
credit,744.83,ACCT6741191,BRANCH69,Cara Vargas,ACCT3791396,2025-08-31 21:44:32,noise
debit,248.44,,BRANCH44,Cara Vargas,ACCT3791396,2025-08-30 08:03:35,noise
debit,585.66,,BRANCH92,Cara Vargas,ACCT3791396,2025-08-29 16:20:17,noise
credit,5545.71,,BRANCH69,Cara Vargas,ACCT3791396,2025-08-29 11:16:12,noise
credit,553.55,,BRANCH69,Cara Vargas,ACCT3791396,2025-08-28 22:20:21,noise
credit,1553.8,,BRANCH69,Cara Vargas,ACCT3791396,2025-08-22 21:36:09,noise
debit,106.26,,BRANCH23,Cara Vargas,ACCT3791396,2025-08-22 13:31:29,noise
debit,601.09,,BRANCH69,Cara Vargas,ACCT3791396,2025-08-20 18:03:04,noise
debit,1696.25,,BRANCH69,Cara Vargas,ACCT3791396,2025-08-18 11:40:42,noise
debit,314.37,ACCT1573360,BRANCH69,Cara Vargas,ACCT3791396,2025-08-17 12:04:05,noise
debit,3036.35,,BRANCH15,Cara Vargas,ACCT3791396,2025-08-15 20:40:24,noise
credit,1339.43,,BRANCH41,Cara Vargas,ACCT3791396,2025-08-15 02:11:55,noise
credit,145.92,ACCT9254547,BRANCH69,Cara Vargas,ACCT3791396,2025-08-14 17:25:50,noise
credit,559.77,ACCT8445083,BRANCH69,Cara Vargas,ACCT3791396,2025-08-08 10:06:55,noise
debit,539.6,,BRANCH69,Cara Vargas,ACCT3791396,2025-08-07 17:29:53,noise
debit,775.45,,BRANCH60,Cara Vargas,ACCT3791396,2025-08-07 17:11:32,noise
debit,35110.66,ACCT3725977,BRANCH69,Cara Vargas,ACCT3791396,2025-12-14 00:28:39,noise
debit,22014.9,ACCT3725977,BRANCH69,Cara Vargas,ACCT3791396,2025-11-30 03:35:28,noise
debit,28314.84,ACCT3725977,BRANCH69,Cara Vargas,ACCT3791396,2025-12-16 04:39:33,noise
debit,27643.94,ACCT3725977,BRANCH69,Cara Vargas,ACCT3791396,2025-12-03 07:33:33,noise
debit,43066.68,ACCT3725977,BRANCH69,Cara Vargas,ACCT3791396,2025-12-12 15:54:28,noise
debit,46303.39,ACCT3725977,BRANCH69,Cara Vargas,ACCT3791396,2025-12-11 05:41:24,noise
debit,437.31,,BRANCH78,Xin Novak,ACCT6112555,2025-10-03 16:24:08,noise
credit,2544.1,ACCT8901604,BRANCH58,Xin Novak,ACCT6112555,2025-10-01 14:00:07,noise
debit,723.19,,BRANCH98,Xin Novak,ACCT6112555,2025-10-01 08:19:32,noise
credit,674.93,,BRANCH58,Xin Novak,ACCT6112555,2025-09-30 15:28:48,noise
credit,220.85,,BRANCH58,Xin Novak,ACCT6112555,2025-09-27 15:30:01,noise
debit,825.92,,BRANCH58,Xin Novak,ACCT6112555,2025-09-26 13:23:37,noise
credit,2156.89,ACCT5772988,BRANCH58,Xin Novak,ACCT6112555,2025-09-24 22:26:47,noise
credit,321.6,ACCT1089940,BRANCH58,Xin Novak,ACCT6112555,2025-09-24 19:14:20,noise
credit,1684.42,ACCT9976709,BRANCH58,Xin Novak,ACCT6112555,2025-09-21 19:43:14,noise
debit,155.8,ACCT9854988,BRANCH12,Xin Novak,ACCT6112555,2025-09-21 15:32:01,noise
credit,1757.63,,BRANCH58,Xin Novak,ACCT6112555,2025-09-18 15:44:26,noise
debit,694.75,,BRANCH58,Xin Novak,ACCT6112555,2025-09-13 14:09:47,noise
debit,773.54,,BRANCH58,Xin Novak,ACCT6112555,2025-09-07 10:20:48,noise
credit,445.53,ACCT8392016,BRANCH58,Xin Novak,ACCT6112555,2025-09-07 14:27:39,noise
credit,712.37,ACCT7193362,BRANCH41,Xin Novak,ACCT6112555,2025-09-04 01:14:43,noise
debit,442.05,,BRANCH79,Xin Novak,ACCT6112555,2025-09-04 11:41:31,noise
credit,415.9,,BRANCH88,Xin Novak,ACCT6112555,2025-09-03 14:30:08,noise
debit,288.98,,BRANCH27,Xin Novak,ACCT6112555,2025-09-03 17:35:48,noise
debit,4899.86,,BRANCH58,Xin Novak,ACCT6112555,2025-08-29 14:32:29,noise
debit,201.37,,BRANCH58,Xin Novak,ACCT6112555,2025-08-29 13:37:52,noise
debit,1605.72,,BRANCH64,Xin Novak,ACCT6112555,2025-08-28 11:06:13,noise
debit,1578.14,,BRANCH58,Xin Novak,ACCT6112555,2025-08-26 03:34:43,noise
debit,502.33,,BRANCH58,Xin Novak,ACCT6112555,2025-08-26 13:44:00,noise
credit,2480.27,,BRANCH58,Xin Novak,ACCT6112555,2025-08-23 09:19:28,noise
debit,690.99,,BRANCH58,Xin Novak,ACCT6112555,2025-08-20 08:37:24,noise
debit,758.21,,BRANCH52,Xin Novak,ACCT6112555,2025-08-20 18:35:23,noise
debit,421.71,ACCT6604921,BRANCH58,Xin Novak,ACCT6112555,2025-08-16 13:18:27,noise
debit,655.77,ACCT6183761,BRANCH78,Xin Novak,ACCT6112555,2025-08-15 17:28:12,noise
credit,607.57,,BRANCH58,Xin Novak,ACCT6112555,2025-08-10 11:03:06,noise
debit,722.4,,BRANCH58,Xin Novak,ACCT6112555,2025-08-05 16:08:13,noise
debit,46059.05,ACCT6183761,BRANCH58,Xin Novak,ACCT6112555,2025-12-27 06:46:59,noise
debit,31853.1,ACCT6183761,BRANCH58,Xin Novak,ACCT6112555,2025-12-30 12:37:36,noise
debit,24285.61,ACCT6183761,BRANCH58,Xin Novak,ACCT6112555,2025-12-17 03:41:09,noise
debit,44703.45,ACCT6183761,BRANCH58,Xin Novak,ACCT6112555,2025-12-08 10:29:41,noise
debit,34976.7,ACCT6183761,BRANCH58,Xin Novak,ACCT6112555,2025-11-27 09:16:53,noise
debit,33436.43,ACCT6183761,BRANCH58,Xin Novak,ACCT6112555,2025-12-29 03:47:51,noise
credit,13763.64,ACCT6689818,BRANCH48,Kai Gomes,ACCT6638415,2025-12-17 00:09:50,noise
credit,10344.39,ACCT2794986,BRANCH48,Kai Gomes,ACCT6638415,2025-12-02 20:24:58,noise
credit,9313.78,ACCT7274440,BRANCH48,Kai Gomes,ACCT6638415,2025-12-20 02:08:02,noise
credit,8951.64,ACCT6893216,BRANCH48,Kai Gomes,ACCT6638415,2025-12-29 21:25:55,noise
credit,8760.41,ACCT5973256,BRANCH48,Kai Gomes,ACCT6638415,2025-11-23 07:18:16,noise
credit,5797.02,ACCT5088821,BRANCH85,Raj Novak,ACCT3723785,2025-12-18 19:15:15,noise
credit,12780.39,ACCT7635791,BRANCH85,Raj Novak,ACCT3723785,2025-12-19 22:14:09,noise
credit,8193.45,ACCT7635791,BRANCH85,Raj Novak,ACCT3723785,2025-12-08 00:14:29,noise
credit,11157.04,ACCT5973256,BRANCH85,Raj Novak,ACCT3723785,2025-12-15 00:20:48,noise
credit,2814.25,ACCT5914807,BRANCH85,Raj Novak,ACCT3723785,2025-12-18 09:11:51,noise
credit,10516.19,ACCT5652339,BRANCH85,Raj Novak,ACCT3723785,2025-12-02 03:20:38,noise
credit,8316.94,ACCT9854988,BRANCH85,Raj Novak,ACCT3723785,2025-12-23 09:08:59,noise
credit,17255.49,ACCT9976709,BRANCH85,Raj Novak,ACCT3723785,2025-12-27 02:23:21,noise
credit,11238.92,ACCT5724947,BRANCH77,Mara Vargas,ACCT6691811,2025-12-27 13:16:41,noise
credit,7551.14,ACCT5724947,BRANCH77,Mara Vargas,ACCT6691811,2025-12-21 06:11:48,noise
credit,8497.13,ACCT6604921,BRANCH77,Mara Vargas,ACCT6691811,2025-11-28 05:29:04,noise
credit,15174.37,ACCT7658407,BRANCH77,Mara Vargas,ACCT6691811,2025-11-28 01:13:22,noise
credit,1241.92,,BRANCH35,Leo Vargas,ACCT1757571,2025-10-03 15:41:11,noise
debit,1101.71,ACCT6098328,BRANCH35,Leo Vargas,ACCT1757571,2025-10-02 15:23:30,noise
debit,2728.74,,BRANCH35,Leo Vargas,ACCT1757571,2025-10-01 13:11:30,noise
debit,1069.49,,BRANCH35,Leo Vargas,ACCT1757571,2025-09-29 05:35:48,noise
credit,223.09,,BRANCH35,Leo Vargas,ACCT1757571,2025-09-26 20:42:36,noise
credit,608.99,,BRANCH35,Leo Vargas,ACCT1757571,2025-09-24 11:28:51,noise
credit,5762.04,ACCT5914807,BRANCH35,Leo Vargas,ACCT1757571,2025-09-24 15:37:33,noise
debit,1203.72,ACCT2529649,BRANCH15,Leo Vargas,ACCT1757571,2025-09-23 10:01:24,noise
debit,2628.03,,BRANCH35,Leo Vargas,ACCT1757571,2025-09-23 12:05:36,noise
credit,172.47,,BRANCH35,Leo Vargas,ACCT1757571,2025-09-20 13:45:53,noise
credit,5161.6,,BRANCH43,Leo Vargas,ACCT1757571,2025-09-20 23:39:57,noise
credit,1620.79,,BRANCH35,Leo Vargas,ACCT1757571,2025-09-14 18:45:14,noise
credit,1011.94,,BRANCH35,Leo Vargas,ACCT1757571,2025-09-10 16:42:34,noise
debit,544.52,ACCT1681992,BRANCH35,Leo Vargas,ACCT1757571,2025-09-10 04:29:49,noise
credit,234.21,,BRANCH35,Leo Vargas,ACCT1757571,2025-08-31 12:37:33,noise
credit,290.71,,BRANCH35,Leo Vargas,ACCT1757571,2025-08-30 15:45:57,noise
credit,456.33,,BRANCH33,Leo Vargas,ACCT1757571,2025-08-30 01:20:51,noise
debit,83.07,,BRANCH35,Leo Vargas,ACCT1757571,2025-08-29 15:05:49,noise
debit,371.5,,BRANCH35,Leo Vargas,ACCT1757571,2025-08-29 14:39:22,noise
credit,1273.43,,BRANCH35,Leo Vargas,ACCT1757571,2025-08-28 13:21:08,noise
debit,677.67,,BRANCH35,Leo Vargas,ACCT1757571,2025-08-27 20:25:06,noise
credit,2623.55,,BRANCH35,Leo Vargas,ACCT1757571,2025-08-25 16:05:16,noise
debit,1150.9,,BRANCH35,Leo Vargas,ACCT1757571,2025-08-22 15:06:24,noise
debit,1029.5,,BRANCH35,Leo Vargas,ACCT1757571,2025-08-14 11:30:30,noise
debit,548.18,,BRANCH60,Leo Vargas,ACCT1757571,2025-08-14 18:09:58,noise
credit,118.66,ACCT7274440,BRANCH35,Leo Vargas,ACCT1757571,2025-08-13 17:26:31,noise
credit,291.89,,BRANCH35,Leo Vargas,ACCT1757571,2025-08-12 17:02:35,noise
debit,59.23,,BRANCH35,Leo Vargas,ACCT1757571,2025-08-12 19:33:58,noise
debit,2826.15,,BRANCH46,Leo Vargas,ACCT1757571,2025-08-10 20:38:50,noise
debit,246.79,,BRANCH35,Leo Vargas,ACCT1757571,2025-08-06 14:33:52,noise
debit,1450.44,,BRANCH35,Leo Vargas,ACCT1757571,2025-08-05 16:43:34,noise
debit,615.9,,BRANCH35,Leo Vargas,ACCT1757571,2025-08-04 17:42:10,noise
credit,392.84,,BRANCH35,Leo Vargas,ACCT1757571,2025-08-04 12:21:39,noise
credit,9178.21,ACCT7584817,BRANCH35,Leo Vargas,ACCT1757571,2025-12-30 22:27:46,noise
credit,8972.13,ACCT4773793,BRANCH35,Leo Vargas,ACCT1757571,2025-11-28 03:13:52,noise
credit,9386.89,ACCT6465142,BRANCH35,Leo Vargas,ACCT1757571,2025-12-14 19:24:39,noise
credit,8871.19,ACCT1931022,BRANCH35,Leo Vargas,ACCT1757571,2025-11-23 08:20:47,noise
credit,9648.92,ACCT6959371,BRANCH35,Leo Vargas,ACCT1757571,2025-11-29 04:16:33,noise
credit,8811.02,ACCT1617871,BRANCH35,Leo Vargas,ACCT1757571,2025-11-24 20:12:48,noise
credit,9636.29,ACCT2466722,BRANCH35,Leo Vargas,ACCT1757571,2025-12-29 05:19:20,noise
credit,9501.74,ACCT9854988,BRANCH35,Leo Vargas,ACCT1757571,2025-12-25 22:05:08,noise
credit,9012.4,ACCT6924004,BRANCH35,Leo Vargas,ACCT1757571,2025-12-07 05:01:31,noise
credit,8909.75,ACCT8495461,BRANCH35,Leo Vargas,ACCT1757571,2025-12-19 07:06:25,noise
credit,9107.75,ACCT8738120,BRANCH35,Leo Vargas,ACCT1757571,2025-12-31 14:06:20,noise
credit,9467.32,ACCT9474562,BRANCH35,Leo Vargas,ACCT1757571,2025-12-01 21:27:02,noise
credit,9545.71,ACCT5724947,BRANCH35,Leo Vargas,ACCT1757571,2025-11-23 23:16:17,noise
credit,9014.43,ACCT1059241,BRANCH35,Leo Vargas,ACCT1757571,2025-12-24 19:25:19,noise
credit,9255.69,ACCT6112555,BRANCH35,Leo Vargas,ACCT1757571,2025-11-21 04:15:05,noise
credit,9351.12,ACCT1573360,BRANCH35,Leo Vargas,ACCT1757571,2025-12-25 21:27:43,noise
credit,9693.98,ACCT5126525,BRANCH35,Leo Vargas,ACCT1757571,2025-12-10 01:15:51,noise
credit,8967.03,ACCT4575241,BRANCH35,Leo Vargas,ACCT1757571,2025-12-01 23:17:27,noise
credit,1283.66,,BRANCH39,Victor Unger,ACCT5126525,2025-10-01 08:08:17,noise
debit,274.95,,BRANCH85,Victor Unger,ACCT5126525,2025-09-29 18:44:33,noise
credit,1079.62,,BRANCH85,Victor Unger,ACCT5126525,2025-09-28 20:18:23,noise
debit,631.43,,BRANCH85,Victor Unger,ACCT5126525,2025-09-25 18:28:16,noise
credit,814.03,ACCT7791456,BRANCH85,Victor Unger,ACCT5126525,2025-09-25 14:34:13,noise
debit,45.98,,BRANCH85,Victor Unger,ACCT5126525,2025-09-23 20:24:00,noise
debit,1757.44,,BRANCH85,Victor Unger,ACCT5126525,2025-09-23 16:45:04,noise
debit,1012.32,,BRANCH85,Victor Unger,ACCT5126525,2025-09-20 20:28:50,noise
debit,373.97,,BRANCH57,Victor Unger,ACCT5126525,2025-09-19 17:23:38,noise
credit,2629.12,,BRANCH85,Victor Unger,ACCT5126525,2025-09-19 16:26:40,noise
debit,685.62,,BRANCH56,Victor Unger,ACCT5126525,2025-09-18 14:40:48,noise
credit,895.43,,BRANCH85,Victor Unger,ACCT5126525,2025-09-13 14:35:03,noise
credit,305.47,,BRANCH85,Victor Unger,ACCT5126525,2025-09-12 19:18:35,noise
credit,1013.2,ACCT2831752,BRANCH85,Victor Unger,ACCT5126525,2025-09-11 09:44:36,noise
credit,909.36,ACCT3854268,BRANCH85,Victor Unger,ACCT5126525,2025-09-10 05:34:16,noise
credit,345.36,,BRANCH85,Victor Unger,ACCT5126525,2025-09-10 12:08:27,noise
debit,727.23,,BRANCH85,Victor Unger,ACCT5126525,2025-09-09 13:07:05,noise
debit,529.59,,BRANCH85,Victor Unger,ACCT5126525,2025-09-08 09:15:45,noise
debit,1441.12,,BRANCH62,Victor Unger,ACCT5126525,2025-09-08 04:02:32,noise
debit,1441.99,,BRANCH85,Victor Unger,ACCT5126525,2025-09-07 19:27:33,noise
credit,1155.99,,BRANCH85,Victor Unger,ACCT5126525,2025-09-03 01:10:59,noise
credit,1431.52,,BRANCH85,Victor Unger,ACCT5126525,2025-09-03 19:06:45,noise
credit,1574.51,,BRANCH82,Victor Unger,ACCT5126525,2025-09-02 22:36:48,noise
debit,662.47,ACCT5088821,BRANCH85,Victor Unger,ACCT5126525,2025-09-01 16:30:14,noise
debit,1668.89,,BRANCH75,Victor Unger,ACCT5126525,2025-08-30 15:12:46,noise
debit,1789.99,ACCT6098328,BRANCH31,Victor Unger,ACCT5126525,2025-08-29 08:25:08,noise
credit,1515.05,,BRANCH85,Victor Unger,ACCT5126525,2025-08-28 10:14:22,noise
credit,249.05,,BRANCH85,Victor Unger,ACCT5126525,2025-08-26 09:07:10,noise
credit,1430.86,ACCT6689818,BRANCH74,Victor Unger,ACCT5126525,2025-08-25 14:25:11,noise
debit,1739.84,,BRANCH85,Victor Unger,ACCT5126525,2025-08-25 13:00:16,noise
debit,1197.74,,BRANCH28,Victor Unger,ACCT5126525,2025-08-23 19:42:19,noise
credit,326.85,,BRANCH85,Victor Unger,ACCT5126525,2025-08-21 16:20:39,noise
debit,512.86,,BRANCH85,Victor Unger,ACCT5126525,2025-08-20 10:12:09,noise
credit,779.99,,BRANCH32,Victor Unger,ACCT5126525,2025-08-15 23:25:25,noise
debit,272.41,,BRANCH85,Victor Unger,ACCT5126525,2025-08-11 14:01:39,noise
debit,143.75,,BRANCH81,Victor Unger,ACCT5126525,2025-08-10 13:22:18,noise
debit,523.5,,BRANCH74,Victor Unger,ACCT5126525,2025-08-08 08:10:16,noise
credit,1666.42,,BRANCH91,Victor Unger,ACCT5126525,2025-08-08 17:20:59,noise
credit,284.32,ACCT7635791,BRANCH85,Victor Unger,ACCT5126525,2025-08-06 18:14:58,noise
debit,329.66,,BRANCH85,Victor Unger,ACCT5126525,2025-08-05 08:12:02,noise
credit,216.32,,BRANCH85,Victor Unger,ACCT5126525,2025-08-04 12:13:13,noise
credit,9151.85,ACCT1931022,BRANCH85,Victor Unger,ACCT5126525,2025-12-29 21:30:10,noise
credit,8987.72,ACCT9523079,BRANCH85,Victor Unger,ACCT5126525,2025-12-23 19:19:41,noise
credit,9172.84,ACCT7849357,BRANCH85,Victor Unger,ACCT5126525,2025-12-13 01:21:44,noise
credit,9511.56,ACCT2831752,BRANCH85,Victor Unger,ACCT5126525,2025-12-14 05:06:19,noise
credit,9124.96,ACCT1931022,BRANCH85,Victor Unger,ACCT5126525,2025-12-01 01:04:13,noise
credit,9517.69,ACCT9927731,BRANCH85,Victor Unger,ACCT5126525,2025-12-03 19:28:02,noise
credit,9671.39,ACCT3791396,BRANCH85,Victor Unger,ACCT5126525,2025-12-12 10:08:08,noise
credit,9610.29,ACCT3134951,BRANCH85,Victor Unger,ACCT5126525,2025-12-20 16:29:52,noise
credit,9001.63,ACCT3976612,BRANCH85,Victor Unger,ACCT5126525,2025-11-20 01:00:15,noise
credit,9407.08,ACCT2887885,BRANCH85,Victor Unger,ACCT5126525,2025-12-26 20:03:38,noise
credit,9361.03,ACCT7791456,BRANCH85,Victor Unger,ACCT5126525,2025-11-24 12:21:15,noise
credit,9026.84,ACCT6741191,BRANCH85,Victor Unger,ACCT5126525,2025-12-28 10:10:56,noise
credit,9665.76,ACCT2831752,BRANCH85,Victor Unger,ACCT5126525,2025-11-29 02:24:21,noise
credit,9036.87,ACCT5253305,BRANCH85,Victor Unger,ACCT5126525,2025-12-18 01:30:44,noise
credit,9360.66,ACCT4844844,BRANCH85,Victor Unger,ACCT5126525,2025-12-12 07:00:17,noise
credit,9039.26,ACCT5652339,BRANCH85,Victor Unger,ACCT5126525,2025-11-17 07:19:05,noise
credit,528.19,ACCT1659971,BRANCH58,Zane Alvarez,ACCT6965602,2025-10-02 16:16:21,noise
debit,240.07,,BRANCH96,Zane Alvarez,ACCT6965602,2025-09-30 22:38:51,noise
debit,351.39,,BRANCH46,Zane Alvarez,ACCT6965602,2025-09-27 16:23:36,noise
debit,291.12,,BRANCH49,Zane Alvarez,ACCT6965602,2025-09-24 15:27:17,noise
credit,431.68,,BRANCH46,Zane Alvarez,ACCT6965602,2025-09-21 20:37:55,noise
credit,745.81,ACCT7238407,BRANCH46,Zane Alvarez,ACCT6965602,2025-09-21 09:25:27,noise
credit,266.53,,BRANCH46,Zane Alvarez,ACCT6965602,2025-09-08 08:01:27,noise
credit,1304.45,ACCT1279610,BRANCH38,Zane Alvarez,ACCT6965602,2025-09-08 20:04:33,noise
debit,1024.46,,BRANCH46,Zane Alvarez,ACCT6965602,2025-09-06 19:30:36,noise
credit,128.21,,BRANCH46,Zane Alvarez,ACCT6965602,2025-09-05 11:36:25,noise
debit,684.79,,BRANCH46,Zane Alvarez,ACCT6965602,2025-09-03 10:30:42,noise
credit,1029.99,ACCT9077382,BRANCH30,Zane Alvarez,ACCT6965602,2025-09-02 19:36:22,noise
credit,872.86,,BRANCH46,Zane Alvarez,ACCT6965602,2025-08-30 12:30:03,noise
credit,887.09,,BRANCH46,Zane Alvarez,ACCT6965602,2025-08-29 10:02:32,noise
credit,395.42,ACCT9498768,BRANCH20,Zane Alvarez,ACCT6965602,2025-08-28 21:05:25,noise
debit,916.38,,BRANCH46,Zane Alvarez,ACCT6965602,2025-08-28 13:31:55,noise
credit,1243.96,ACCT2724754,BRANCH46,Zane Alvarez,ACCT6965602,2025-08-27 08:19:42,noise
debit,160.97,,BRANCH46,Zane Alvarez,ACCT6965602,2025-08-26 12:44:57,noise
credit,6557.3,,BRANCH46,Zane Alvarez,ACCT6965602,2025-08-18 14:23:53,noise
debit,630.58,ACCT9927731,BRANCH46,Zane Alvarez,ACCT6965602,2025-08-17 22:35:32,noise
debit,685.8,,BRANCH46,Zane Alvarez,ACCT6965602,2025-08-14 19:02:46,noise
credit,291.24,ACCT2831752,BRANCH46,Zane Alvarez,ACCT6965602,2025-08-13 19:16:22,noise
debit,272.25,ACCT6448016,BRANCH46,Zane Alvarez,ACCT6965602,2025-08-08 14:23:07,noise
credit,335.17,ACCT3952254,BRANCH46,Zane Alvarez,ACCT6965602,2025-08-04 17:06:25,noise
credit,9275.34,ACCT4046242,BRANCH46,Zane Alvarez,ACCT6965602,2025-11-29 21:29:06,noise
credit,9566.7,ACCT6183761,BRANCH46,Zane Alvarez,ACCT6965602,2025-12-01 07:11:05,noise
credit,9030.95,ACCT1617871,BRANCH46,Zane Alvarez,ACCT6965602,2025-12-27 01:27:49,noise
credit,9380.2,ACCT2529649,BRANCH46,Zane Alvarez,ACCT6965602,2025-12-18 10:04:14,noise
credit,8994.33,ACCT1681992,BRANCH46,Zane Alvarez,ACCT6965602,2025-11-22 00:08:35,noise
credit,9694.96,ACCT1681992,BRANCH46,Zane Alvarez,ACCT6965602,2025-12-04 04:18:24,noise
credit,9064.12,ACCT1623538,BRANCH46,Zane Alvarez,ACCT6965602,2025-12-16 06:14:54,noise
credit,9122.0,ACCT4886186,BRANCH46,Zane Alvarez,ACCT6965602,2025-11-24 02:12:28,noise
credit,8855.98,ACCT7658407,BRANCH46,Zane Alvarez,ACCT6965602,2025-12-20 20:06:12,noise
credit,9207.24,ACCT2831752,BRANCH46,Zane Alvarez,ACCT6965602,2025-12-18 04:05:54,noise
credit,9651.01,ACCT6893216,BRANCH46,Zane Alvarez,ACCT6965602,2025-12-31 21:00:50,noise
credit,8904.86,ACCT3134951,BRANCH46,Zane Alvarez,ACCT6965602,2025-12-21 00:13:53,noise
credit,9357.88,ACCT3134951,BRANCH46,Zane Alvarez,ACCT6965602,2025-12-17 21:15:02,noise
debit,320.1,,BRANCH31,Priya Gomes,ACCT6429394,2025-10-03 01:05:02,noise
credit,823.62,,BRANCH23,Priya Gomes,ACCT6429394,2025-09-30 19:20:32,noise
debit,693.63,ACCT7849357,BRANCH31,Priya Gomes,ACCT6429394,2025-09-29 09:25:37,noise
debit,949.01,ACCT5772988,BRANCH31,Priya Gomes,ACCT6429394,2025-09-24 14:24:29,noise
debit,2046.31,ACCT6465142,BRANCH31,Priya Gomes,ACCT6429394,2025-09-19 19:25:42,noise
debit,405.76,,BRANCH31,Priya Gomes,ACCT6429394,2025-09-18 01:27:44,noise
debit,147.0,,BRANCH31,Priya Gomes,ACCT6429394,2025-09-16 10:17:30,noise
debit,359.72,,BRANCH31,Priya Gomes,ACCT6429394,2025-09-13 23:22:17,noise
credit,1280.19,ACCT3609743,BRANCH72,Priya Gomes,ACCT6429394,2025-09-13 13:09:36,noise
debit,927.72,,BRANCH31,Priya Gomes,ACCT6429394,2025-09-12 13:03:33,noise
credit,55.25,,BRANCH31,Priya Gomes,ACCT6429394,2025-09-10 15:21:26,noise
debit,408.67,ACCT7238407,BRANCH31,Priya Gomes,ACCT6429394,2025-09-08 09:15:04,noise
credit,258.47,ACCT9523079,BRANCH31,Priya Gomes,ACCT6429394,2025-09-06 13:30:05,noise
credit,662.58,ACCT9854988,BRANCH36,Priya Gomes,ACCT6429394,2025-09-02 13:14:01,noise
credit,518.96,,BRANCH31,Priya Gomes,ACCT6429394,2025-09-02 10:37:06,noise
credit,197.33,,BRANCH31,Priya Gomes,ACCT6429394,2025-09-01 04:23:21,noise
credit,466.41,ACCT1931022,BRANCH31,Priya Gomes,ACCT6429394,2025-08-30 16:27:18,noise
credit,413.27,ACCT6604921,BRANCH31,Priya Gomes,ACCT6429394,2025-08-28 15:14:10,noise
credit,177.43,,BRANCH90,Priya Gomes,ACCT6429394,2025-08-26 19:17:48,noise
debit,118.38,ACCT6691811,BRANCH31,Priya Gomes,ACCT6429394,2025-08-26 11:24:28,noise
credit,572.08,,BRANCH31,Priya Gomes,ACCT6429394,2025-08-24 08:16:30,noise
credit,3482.58,,BRANCH22,Priya Gomes,ACCT6429394,2025-08-24 18:23:51,noise
debit,1135.21,,BRANCH31,Priya Gomes,ACCT6429394,2025-08-23 14:03:28,noise
debit,617.91,,BRANCH31,Priya Gomes,ACCT6429394,2025-08-20 23:42:57,noise
credit,135.46,,BRANCH31,Priya Gomes,ACCT6429394,2025-08-18 16:32:10,noise
credit,285.89,ACCT7238407,BRANCH50,Priya Gomes,ACCT6429394,2025-08-15 12:24:16,noise
credit,2944.97,,BRANCH31,Priya Gomes,ACCT6429394,2025-08-15 10:26:58,noise
credit,981.82,ACCT3564547,BRANCH31,Priya Gomes,ACCT6429394,2025-08-13 17:06:41,noise
credit,315.87,ACCT5088821,BRANCH31,Priya Gomes,ACCT6429394,2025-08-12 14:26:19,noise
credit,306.53,,BRANCH31,Priya Gomes,ACCT6429394,2025-08-12 22:43:40,noise
credit,1104.67,ACCT1279610,BRANCH69,Priya Gomes,ACCT6429394,2025-08-10 22:13:24,noise
credit,316.47,,BRANCH31,Priya Gomes,ACCT6429394,2025-08-09 08:36:03,noise
debit,988.57,,BRANCH31,Priya Gomes,ACCT6429394,2025-08-08 15:33:34,noise
credit,1012.41,,BRANCH31,Priya Gomes,ACCT6429394,2025-08-08 08:00:44,noise
credit,1197.42,ACCT4046242,BRANCH31,Priya Gomes,ACCT6429394,2025-12-13 04:29:39,noise
credit,1882.68,ACCT8445083,BRANCH31,Priya Gomes,ACCT6429394,2025-12-13 10:19:42,noise
credit,1455.08,ACCT2058494,BRANCH31,Priya Gomes,ACCT6429394,2025-12-13 02:27:44,noise
credit,2208.49,ACCT9854988,BRANCH31,Priya Gomes,ACCT6429394,2025-12-13 04:03:48,noise
credit,915.44,ACCT2529649,BRANCH31,Priya Gomes,ACCT6429394,2025-12-13 03:20:59,noise
credit,2218.81,ACCT3046155,BRANCH31,Priya Gomes,ACCT6429394,2025-12-13 07:11:46,noise
credit,2235.68,ACCT2466722,BRANCH31,Priya Gomes,ACCT6429394,2025-12-13 03:20:13,noise
credit,1667.15,ACCT6493789,BRANCH31,Priya Gomes,ACCT6429394,2025-12-13 05:24:16,noise
credit,1822.86,ACCT7368128,BRANCH31,Priya Gomes,ACCT6429394,2025-12-13 01:20:32,noise
credit,1779.23,ACCT7791456,BRANCH31,Priya Gomes,ACCT6429394,2025-12-13 03:27:33,noise
credit,1208.89,ACCT2887885,BRANCH31,Priya Gomes,ACCT6429394,2025-12-13 19:03:39,noise
debit,1372.52,ACCT1196096,BRANCH31,Priya Gomes,ACCT6429394,2025-12-15 11:27:05,noise
debit,889.47,ACCT6638415,BRANCH31,Priya Gomes,ACCT6429394,2025-12-15 10:19:01,noise
debit,836.97,ACCT6689818,BRANCH31,Priya Gomes,ACCT6429394,2025-12-15 09:19:55,noise
debit,573.18,ACCT3723785,BRANCH31,Priya Gomes,ACCT6429394,2025-12-15 18:01:51,noise
debit,1654.09,ACCT6924004,BRANCH31,Priya Gomes,ACCT6429394,2025-12-15 08:17:19,noise
debit,1022.95,ACCT3134951,BRANCH31,Priya Gomes,ACCT6429394,2025-12-15 17:19:44,noise
debit,537.19,ACCT8738120,BRANCH31,Priya Gomes,ACCT6429394,2025-12-15 02:26:04,noise
debit,1374.68,ACCT4575241,BRANCH31,Priya Gomes,ACCT6429394,2025-12-15 03:21:16,noise
debit,512.62,ACCT6924004,BRANCH31,Priya Gomes,ACCT6429394,2025-12-15 17:22:21,noise
debit,1026.2,ACCT3791396,BRANCH31,Priya Gomes,ACCT6429394,2025-12-15 13:02:53,noise
debit,543.54,ACCT2293591,BRANCH31,Priya Gomes,ACCT6429394,2025-12-15 01:03:31,noise
debit,771.77,ACCT9474562,BRANCH31,Priya Gomes,ACCT6429394,2025-12-15 07:30:36,noise
debit,1303.93,ACCT6493789,BRANCH31,Priya Gomes,ACCT6429394,2025-12-15 04:11:25,noise
debit,962.94,ACCT1089940,BRANCH31,Priya Gomes,ACCT6429394,2025-12-15 11:00:12,noise
debit,115.06,,BRANCH29,Ana Yamamoto,ACCT7635791,2025-10-01 18:23:34,noise
credit,768.61,,BRANCH85,Ana Yamamoto,ACCT7635791,2025-09-30 20:15:02,noise
debit,231.71,ACCT6855691,BRANCH95,Ana Yamamoto,ACCT7635791,2025-09-29 18:44:53,noise
debit,1925.34,ACCT6183761,BRANCH95,Ana Yamamoto,ACCT7635791,2025-09-28 16:33:52,noise
debit,885.52,,BRANCH95,Ana Yamamoto,ACCT7635791,2025-09-27 02:38:38,noise
credit,1353.12,ACCT7908556,BRANCH19,Ana Yamamoto,ACCT7635791,2025-09-27 09:44:14,noise
credit,1224.67,,BRANCH95,Ana Yamamoto,ACCT7635791,2025-09-26 05:26:16,noise
credit,90.6,,BRANCH95,Ana Yamamoto,ACCT7635791,2025-09-24 16:25:30,noise
credit,887.33,ACCT6638415,BRANCH95,Ana Yamamoto,ACCT7635791,2025-09-22 12:15:32,noise
debit,1930.91,,BRANCH95,Ana Yamamoto,ACCT7635791,2025-09-19 08:06:00,noise
debit,2164.4,,BRANCH95,Ana Yamamoto,ACCT7635791,2025-09-18 08:01:40,noise
debit,558.94,,BRANCH95,Ana Yamamoto,ACCT7635791,2025-09-18 12:05:50,noise
debit,691.35,,BRANCH95,Ana Yamamoto,ACCT7635791,2025-09-17 14:15:31,noise
credit,900.93,,BRANCH95,Ana Yamamoto,ACCT7635791,2025-09-11 14:30:07,noise
debit,1896.23,ACCT1843495,BRANCH37,Ana Yamamoto,ACCT7635791,2025-09-09 18:31:52,noise
credit,770.5,,BRANCH53,Ana Yamamoto,ACCT7635791,2025-09-07 16:31:24,noise
credit,1189.44,ACCT7368128,BRANCH95,Ana Yamamoto,ACCT7635791,2025-09-05 09:30:36,noise
credit,2786.84,,BRANCH95,Ana Yamamoto,ACCT7635791,2025-09-02 15:28:58,noise
credit,2900.86,ACCT3499450,BRANCH95,Ana Yamamoto,ACCT7635791,2025-08-31 22:07:42,noise
credit,1716.41,ACCT9616853,BRANCH88,Ana Yamamoto,ACCT7635791,2025-08-31 13:01:38,noise
debit,300.16,ACCT3499450,BRANCH84,Ana Yamamoto,ACCT7635791,2025-08-30 15:10:41,noise
credit,2081.99,,BRANCH95,Ana Yamamoto,ACCT7635791,2025-08-27 10:41:11,noise
debit,1503.72,ACCT8038690,BRANCH95,Ana Yamamoto,ACCT7635791,2025-08-27 18:38:11,noise
debit,845.46,,BRANCH95,Ana Yamamoto,ACCT7635791,2025-08-26 09:16:03,noise
credit,125.11,ACCT6965602,BRANCH95,Ana Yamamoto,ACCT7635791,2025-08-26 19:02:16,noise
credit,1015.1,ACCT9474562,BRANCH45,Ana Yamamoto,ACCT7635791,2025-08-25 10:35:13,noise
debit,2060.74,,BRANCH44,Ana Yamamoto,ACCT7635791,2025-08-24 16:14:52,noise
debit,4006.38,,BRANCH95,Ana Yamamoto,ACCT7635791,2025-08-24 17:21:22,noise
credit,507.87,,BRANCH95,Ana Yamamoto,ACCT7635791,2025-08-22 17:15:05,noise
debit,710.42,,BRANCH95,Ana Yamamoto,ACCT7635791,2025-08-19 20:16:48,noise
debit,3280.56,,BRANCH95,Ana Yamamoto,ACCT7635791,2025-08-16 16:02:37,noise
credit,1712.81,ACCT2794986,BRANCH95,Ana Yamamoto,ACCT7635791,2025-08-13 16:19:30,noise
debit,311.49,,BRANCH95,Ana Yamamoto,ACCT7635791,2025-08-10 03:01:02,noise
debit,2597.42,ACCT3499450,BRANCH95,Ana Yamamoto,ACCT7635791,2025-08-10 05:19:05,noise
credit,789.66,,BRANCH95,Ana Yamamoto,ACCT7635791,2025-08-09 01:23:50,noise
debit,766.07,ACCT6604921,BRANCH95,Ana Yamamoto,ACCT7635791,2025-08-09 18:22:26,noise
credit,1050.73,,BRANCH95,Ana Yamamoto,ACCT7635791,2025-08-08 08:38:57,noise
credit,129.14,,BRANCH95,Ana Yamamoto,ACCT7635791,2025-08-06 20:09:49,noise
credit,294.62,,BRANCH95,Ana Yamamoto,ACCT7635791,2025-08-06 16:44:49,noise
credit,1348.77,ACCT5772988,BRANCH95,Ana Yamamoto,ACCT7635791,2025-12-15 06:26:47,noise
credit,2023.89,ACCT6689818,BRANCH95,Ana Yamamoto,ACCT7635791,2025-12-15 15:18:24,noise
credit,2167.0,ACCT7908556,BRANCH95,Ana Yamamoto,ACCT7635791,2025-12-15 08:29:01,noise
credit,1954.77,ACCT6493789,BRANCH95,Ana Yamamoto,ACCT7635791,2025-12-15 19:11:34,noise
credit,1661.86,ACCT4844844,BRANCH95,Ana Yamamoto,ACCT7635791,2025-12-15 08:26:23,noise
credit,1187.5,ACCT7658407,BRANCH95,Ana Yamamoto,ACCT7635791,2025-12-15 20:19:49,noise
credit,1475.22,ACCT1059241,BRANCH95,Ana Yamamoto,ACCT7635791,2025-12-15 07:21:56,noise
credit,2197.56,ACCT9254547,BRANCH95,Ana Yamamoto,ACCT7635791,2025-12-15 03:27:49,noise
credit,1027.38,ACCT3791396,BRANCH95,Ana Yamamoto,ACCT7635791,2025-12-15 14:27:47,noise
credit,2171.72,ACCT1279610,BRANCH95,Ana Yamamoto,ACCT7635791,2025-12-15 18:20:03,noise
credit,1905.49,ACCT1617871,BRANCH95,Ana Yamamoto,ACCT7635791,2025-12-15 19:03:50,noise
credit,2280.62,ACCT3854268,BRANCH95,Ana Yamamoto,ACCT7635791,2025-12-15 01:12:51,noise
debit,841.35,ACCT7658407,BRANCH95,Ana Yamamoto,ACCT7635791,2025-12-16 00:09:39,noise
debit,1796.94,ACCT1573360,BRANCH95,Ana Yamamoto,ACCT7635791,2025-12-16 09:02:00,noise
debit,826.2,ACCT6514221,BRANCH95,Ana Yamamoto,ACCT7635791,2025-12-16 05:17:44,noise
debit,1421.24,ACCT2724754,BRANCH95,Ana Yamamoto,ACCT7635791,2025-12-16 05:08:02,noise
debit,1146.81,ACCT2336624,BRANCH95,Ana Yamamoto,ACCT7635791,2025-12-16 16:10:22,noise
debit,972.17,ACCT2794986,BRANCH95,Ana Yamamoto,ACCT7635791,2025-12-16 14:20:32,noise
debit,1338.83,ACCT6514221,BRANCH95,Ana Yamamoto,ACCT7635791,2025-12-16 01:10:12,noise
debit,1118.49,ACCT6465142,BRANCH95,Ana Yamamoto,ACCT7635791,2025-12-16 13:08:46,noise
debit,1083.22,ACCT7668795,BRANCH95,Ana Yamamoto,ACCT7635791,2025-12-16 05:07:07,noise
debit,809.78,ACCT5772988,BRANCH95,Ana Yamamoto,ACCT7635791,2025-12-16 10:08:34,noise
debit,758.5,ACCT6183761,BRANCH95,Ana Yamamoto,ACCT7635791,2025-12-16 23:12:19,noise
debit,1236.54,ACCT7203292,BRANCH95,Ana Yamamoto,ACCT7635791,2025-12-16 07:04:20,noise
debit,1580.66,ACCT6604921,BRANCH95,Ana Yamamoto,ACCT7635791,2025-12-16 22:05:51,noise
debit,634.56,ACCT3854268,BRANCH31,Elena ElSayed,ACCT5088821,2025-10-02 19:14:39,noise
debit,1158.84,ACCT9976709,BRANCH31,Elena ElSayed,ACCT5088821,2025-09-30 16:27:10,noise
debit,583.7,,BRANCH31,Elena ElSayed,ACCT5088821,2025-09-26 08:32:35,noise
credit,116.22,ACCT4886186,BRANCH31,Elena ElSayed,ACCT5088821,2025-09-25 21:32:23,noise
debit,1156.74,,BRANCH31,Elena ElSayed,ACCT5088821,2025-09-24 16:30:32,noise
credit,853.5,,BRANCH31,Elena ElSayed,ACCT5088821,2025-09-21 11:39:02,noise
debit,259.81,,BRANCH31,Elena ElSayed,ACCT5088821,2025-09-20 10:37:55,noise
debit,899.34,,BRANCH31,Elena ElSayed,ACCT5088821,2025-09-19 10:37:45,noise
credit,2320.5,ACCT5914807,BRANCH31,Elena ElSayed,ACCT5088821,2025-09-13 16:14:50,noise
credit,2908.71,,BRANCH31,Elena ElSayed,ACCT5088821,2025-09-12 16:35:14,noise
debit,1508.68,,BRANCH31,Elena ElSayed,ACCT5088821,2025-09-10 13:34:43,noise
credit,2501.07,ACCT1843495,BRANCH31,Elena ElSayed,ACCT5088821,2025-09-10 01:33:34,noise
credit,317.05,ACCT6604921,BRANCH31,Elena ElSayed,ACCT5088821,2025-09-08 19:19:21,noise
debit,7669.07,,BRANCH31,Elena ElSayed,ACCT5088821,2025-09-08 12:26:43,noise
debit,2269.08,,BRANCH31,Elena ElSayed,ACCT5088821,2025-09-07 10:20:45,noise
debit,846.14,ACCT6604921,BRANCH31,Elena ElSayed,ACCT5088821,2025-09-03 11:02:26,noise
credit,1095.49,ACCT6741191,BRANCH47,Elena ElSayed,ACCT5088821,2025-09-03 09:17:37,noise
credit,1181.67,,BRANCH31,Elena ElSayed,ACCT5088821,2025-08-31 18:40:07,noise
credit,314.27,ACCT7908556,BRANCH31,Elena ElSayed,ACCT5088821,2025-08-29 21:11:40,noise
credit,171.32,ACCT5364403,BRANCH31,Elena ElSayed,ACCT5088821,2025-08-26 02:38:14,noise
credit,1413.59,ACCT9474562,BRANCH62,Elena ElSayed,ACCT5088821,2025-08-24 13:37:07,noise
debit,348.75,,BRANCH87,Elena ElSayed,ACCT5088821,2025-08-24 17:02:00,noise
credit,846.78,,BRANCH31,Elena ElSayed,ACCT5088821,2025-08-22 10:43:01,noise
debit,1760.95,ACCT5975709,BRANCH46,Elena ElSayed,ACCT5088821,2025-08-21 17:25:17,noise
credit,2069.28,,BRANCH57,Elena ElSayed,ACCT5088821,2025-08-18 12:19:55,noise
credit,2051.9,,BRANCH31,Elena ElSayed,ACCT5088821,2025-08-17 05:09:09,noise
debit,1813.67,,BRANCH66,Elena ElSayed,ACCT5088821,2025-08-15 13:30:05,noise
credit,1255.28,ACCT4263191,BRANCH43,Elena ElSayed,ACCT5088821,2025-08-10 12:34:52,noise
debit,135.63,,BRANCH31,Elena ElSayed,ACCT5088821,2025-08-09 15:18:39,noise
debit,601.7,,BRANCH31,Elena ElSayed,ACCT5088821,2025-08-07 13:45:03,noise
credit,257.03,,BRANCH31,Elena ElSayed,ACCT5088821,2025-08-05 20:32:03,noise
debit,284.47,,BRANCH31,Elena ElSayed,ACCT5088821,2025-08-05 17:23:48,noise
credit,153.47,,BRANCH60,Elena ElSayed,ACCT5088821,2025-08-04 02:08:57,noise
credit,2431.53,ACCT7668795,BRANCH31,Elena ElSayed,ACCT5088821,2025-12-19 05:14:57,noise
credit,1092.85,ACCT6098328,BRANCH31,Elena ElSayed,ACCT5088821,2025-12-19 18:19:03,noise
credit,2273.26,ACCT5253305,BRANCH31,Elena ElSayed,ACCT5088821,2025-12-19 08:24:07,noise
credit,1034.66,ACCT4554970,BRANCH31,Elena ElSayed,ACCT5088821,2025-12-19 04:21:45,noise
credit,1617.48,ACCT3723785,BRANCH31,Elena ElSayed,ACCT5088821,2025-12-19 03:19:43,noise
credit,994.41,ACCT9797138,BRANCH31,Elena ElSayed,ACCT5088821,2025-12-19 04:15:14,noise
credit,1746.27,ACCT7791456,BRANCH31,Elena ElSayed,ACCT5088821,2025-12-19 21:00:55,noise
credit,2377.08,ACCT8392016,BRANCH31,Elena ElSayed,ACCT5088821,2025-12-19 08:12:58,noise
debit,1721.56,ACCT2887885,BRANCH31,Elena ElSayed,ACCT5088821,2025-12-20 05:11:02,noise
debit,1581.3,ACCT7316496,BRANCH31,Elena ElSayed,ACCT5088821,2025-12-20 08:12:37,noise
debit,894.36,ACCT8038690,BRANCH31,Elena ElSayed,ACCT5088821,2025-12-20 06:25:47,noise
debit,530.12,ACCT6223031,BRANCH31,Elena ElSayed,ACCT5088821,2025-12-20 11:13:31,noise
debit,1120.51,ACCT5914807,BRANCH31,Elena ElSayed,ACCT5088821,2025-12-20 09:17:47,noise
debit,1177.34,ACCT7368128,BRANCH31,Elena ElSayed,ACCT5088821,2025-12-20 23:21:08,noise
debit,1262.69,ACCT1659971,BRANCH31,Elena ElSayed,ACCT5088821,2025-12-20 13:14:38,noise
debit,781.71,ACCT1617871,BRANCH31,Elena ElSayed,ACCT5088821,2025-12-20 09:28:59,noise
debit,1153.49,ACCT1681992,BRANCH31,Elena ElSayed,ACCT5088821,2025-12-20 23:24:21,noise
debit,1640.09,ACCT1196096,BRANCH31,Elena ElSayed,ACCT5088821,2025-12-20 00:05:20,noise
debit,757.14,ACCT2054858,BRANCH31,Elena ElSayed,ACCT5088821,2025-12-20 11:00:33,noise
debit,287.93,,BRANCH54,Uma Meyer,ACCT2887885,2025-10-03 16:39:57,noise
credit,2338.8,ACCT5914807,BRANCH54,Uma Meyer,ACCT2887885,2025-10-02 11:35:08,noise
debit,306.34,,BRANCH69,Uma Meyer,ACCT2887885,2025-10-02 13:02:45,noise
credit,898.52,ACCT3723785,BRANCH20,Uma Meyer,ACCT2887885,2025-10-01 10:31:31,noise
credit,1410.82,ACCT1279610,BRANCH54,Uma Meyer,ACCT2887885,2025-10-01 04:18:12,noise
debit,528.32,,BRANCH54,Uma Meyer,ACCT2887885,2025-09-29 23:18:27,noise
debit,2351.36,,BRANCH54,Uma Meyer,ACCT2887885,2025-09-29 17:35:55,noise
debit,266.82,ACCT6924004,BRANCH90,Uma Meyer,ACCT2887885,2025-09-28 11:06:20,noise
debit,455.09,ACCT6924004,BRANCH15,Uma Meyer,ACCT2887885,2025-09-26 20:07:30,noise
debit,1934.15,,BRANCH54,Uma Meyer,ACCT2887885,2025-09-26 08:44:07,noise
credit,542.26,,BRANCH54,Uma Meyer,ACCT2887885,2025-09-18 10:02:26,noise
debit,506.5,,BRANCH54,Uma Meyer,ACCT2887885,2025-09-15 11:30:05,noise
credit,149.81,,BRANCH54,Uma Meyer,ACCT2887885,2025-09-09 12:25:05,noise
debit,1534.0,,BRANCH54,Uma Meyer,ACCT2887885,2025-09-08 09:01:11,noise
credit,154.89,ACCT3725977,BRANCH67,Uma Meyer,ACCT2887885,2025-09-04 04:23:32,noise
debit,159.15,,BRANCH54,Uma Meyer,ACCT2887885,2025-09-04 13:19:15,noise
debit,641.39,,BRANCH54,Uma Meyer,ACCT2887885,2025-09-02 09:20:41,noise
debit,1842.48,,BRANCH54,Uma Meyer,ACCT2887885,2025-09-01 15:00:49,noise
credit,102.43,,BRANCH93,Uma Meyer,ACCT2887885,2025-08-31 15:29:26,noise
credit,552.96,,BRANCH54,Uma Meyer,ACCT2887885,2025-08-31 19:07:12,noise
credit,320.05,,BRANCH29,Uma Meyer,ACCT2887885,2025-08-28 18:17:14,noise
credit,252.95,,BRANCH54,Uma Meyer,ACCT2887885,2025-08-27 13:02:58,noise
credit,323.09,ACCT6959371,BRANCH54,Uma Meyer,ACCT2887885,2025-08-27 09:27:05,noise
debit,1144.08,,BRANCH54,Uma Meyer,ACCT2887885,2025-08-22 13:14:34,noise
credit,598.31,ACCT7002238,BRANCH84,Uma Meyer,ACCT2887885,2025-08-20 16:14:40,noise
debit,2644.19,ACCT7635791,BRANCH54,Uma Meyer,ACCT2887885,2025-08-20 23:45:07,noise
debit,1723.65,ACCT6689818,BRANCH51,Uma Meyer,ACCT2887885,2025-08-19 09:29:10,noise
credit,998.9,ACCT7368128,BRANCH54,Uma Meyer,ACCT2887885,2025-08-18 15:09:04,noise
credit,367.65,ACCT7274440,BRANCH10,Uma Meyer,ACCT2887885,2025-08-18 19:42:04,noise
debit,522.18,,BRANCH54,Uma Meyer,ACCT2887885,2025-08-16 18:35:32,noise
debit,442.04,,BRANCH54,Uma Meyer,ACCT2887885,2025-08-15 15:07:57,noise
credit,1800.35,,BRANCH83,Uma Meyer,ACCT2887885,2025-08-15 12:17:51,noise
credit,413.7,,BRANCH54,Uma Meyer,ACCT2887885,2025-08-14 04:39:16,noise
debit,439.2,,BRANCH54,Uma Meyer,ACCT2887885,2025-08-14 18:41:53,noise
credit,409.83,ACCT1089940,BRANCH26,Uma Meyer,ACCT2887885,2025-08-10 15:26:00,noise
debit,417.43,ACCT5126525,BRANCH54,Uma Meyer,ACCT2887885,2025-08-07 16:07:46,noise
credit,1595.55,ACCT5652339,BRANCH86,Uma Meyer,ACCT2887885,2025-08-07 18:03:04,noise
credit,679.24,,BRANCH54,Uma Meyer,ACCT2887885,2025-08-05 05:10:44,noise
debit,591.82,,BRANCH54,Uma Meyer,ACCT2887885,2025-08-04 12:32:30,noise
debit,287.93,,BRANCH54,Uma Meyer,ACCT2887885,2025-10-03 16:39:57,noise
credit,2338.8,ACCT5914807,BRANCH54,Uma Meyer,ACCT2887885,2025-10-02 11:35:08,noise
debit,306.34,,BRANCH69,Uma Meyer,ACCT2887885,2025-10-02 13:02:45,noise
credit,898.52,ACCT3723785,BRANCH20,Uma Meyer,ACCT2887885,2025-10-01 10:31:31,noise
credit,1410.82,ACCT1279610,BRANCH54,Uma Meyer,ACCT2887885,2025-10-01 04:18:12,noise
debit,528.32,,BRANCH54,Uma Meyer,ACCT2887885,2025-09-29 23:18:27,noise
debit,2351.36,,BRANCH54,Uma Meyer,ACCT2887885,2025-09-29 17:35:55,noise
debit,266.82,ACCT6924004,BRANCH90,Uma Meyer,ACCT2887885,2025-09-28 11:06:20,noise
debit,455.09,ACCT6924004,BRANCH15,Uma Meyer,ACCT2887885,2025-09-26 20:07:30,noise
debit,1934.15,,BRANCH54,Uma Meyer,ACCT2887885,2025-09-26 08:44:07,noise
credit,542.26,,BRANCH54,Uma Meyer,ACCT2887885,2025-09-18 10:02:26,noise
debit,506.5,,BRANCH54,Uma Meyer,ACCT2887885,2025-09-15 11:30:05,noise
credit,149.81,,BRANCH54,Uma Meyer,ACCT2887885,2025-09-09 12:25:05,noise
debit,1534.0,,BRANCH54,Uma Meyer,ACCT2887885,2025-09-08 09:01:11,noise
credit,154.89,ACCT3725977,BRANCH67,Uma Meyer,ACCT2887885,2025-09-04 04:23:32,noise
debit,159.15,,BRANCH54,Uma Meyer,ACCT2887885,2025-09-04 13:19:15,noise
debit,641.39,,BRANCH54,Uma Meyer,ACCT2887885,2025-09-02 09:20:41,noise
debit,1842.48,,BRANCH54,Uma Meyer,ACCT2887885,2025-09-01 15:00:49,noise
credit,102.43,,BRANCH93,Uma Meyer,ACCT2887885,2025-08-31 15:29:26,noise
credit,552.96,,BRANCH54,Uma Meyer,ACCT2887885,2025-08-31 19:07:12,noise
credit,320.05,,BRANCH29,Uma Meyer,ACCT2887885,2025-08-28 18:17:14,noise
credit,252.95,,BRANCH54,Uma Meyer,ACCT2887885,2025-08-27 13:02:58,noise
credit,323.09,ACCT6959371,BRANCH54,Uma Meyer,ACCT2887885,2025-08-27 09:27:05,noise
debit,1144.08,,BRANCH54,Uma Meyer,ACCT2887885,2025-08-22 13:14:34,noise
credit,598.31,ACCT7002238,BRANCH84,Uma Meyer,ACCT2887885,2025-08-20 16:14:40,noise
debit,2644.19,ACCT7635791,BRANCH54,Uma Meyer,ACCT2887885,2025-08-20 23:45:07,noise
debit,1723.65,ACCT6689818,BRANCH51,Uma Meyer,ACCT2887885,2025-08-19 09:29:10,noise
credit,998.9,ACCT7368128,BRANCH54,Uma Meyer,ACCT2887885,2025-08-18 15:09:04,noise
credit,367.65,ACCT7274440,BRANCH10,Uma Meyer,ACCT2887885,2025-08-18 19:42:04,noise
debit,522.18,,BRANCH54,Uma Meyer,ACCT2887885,2025-08-16 18:35:32,noise
debit,442.04,,BRANCH54,Uma Meyer,ACCT2887885,2025-08-15 15:07:57,noise
credit,1800.35,,BRANCH83,Uma Meyer,ACCT2887885,2025-08-15 12:17:51,noise
credit,413.7,,BRANCH54,Uma Meyer,ACCT2887885,2025-08-14 04:39:16,noise
debit,439.2,,BRANCH54,Uma Meyer,ACCT2887885,2025-08-14 18:41:53,noise
credit,409.83,ACCT1089940,BRANCH26,Uma Meyer,ACCT2887885,2025-08-10 15:26:00,noise
debit,417.43,ACCT5126525,BRANCH54,Uma Meyer,ACCT2887885,2025-08-07 16:07:46,noise
credit,1595.55,ACCT5652339,BRANCH86,Uma Meyer,ACCT2887885,2025-08-07 18:03:04,noise
credit,679.24,,BRANCH54,Uma Meyer,ACCT2887885,2025-08-05 05:10:44,noise
debit,591.82,,BRANCH54,Uma Meyer,ACCT2887885,2025-08-04 12:32:30,noise
debit,225214.2,ACCT1617871,BRANCH54,Uma Meyer,ACCT2887885,2025-12-03 02:03:20,noise
credit,308.98,,BRANCH98,Diego Jansen,ACCT2466722,2025-10-03 13:39:57,noise
debit,1634.75,,BRANCH98,Diego Jansen,ACCT2466722,2025-10-03 16:32:15,noise
debit,236.16,ACCT7002238,BRANCH98,Diego Jansen,ACCT2466722,2025-10-02 23:09:04,noise
debit,346.17,,BRANCH98,Diego Jansen,ACCT2466722,2025-10-02 15:00:56,noise
credit,2047.38,,BRANCH52,Diego Jansen,ACCT2466722,2025-09-30 21:11:53,noise
credit,384.54,ACCT6893216,BRANCH98,Diego Jansen,ACCT2466722,2025-09-28 22:05:18,noise
credit,488.35,,BRANCH98,Diego Jansen,ACCT2466722,2025-09-26 16:42:05,noise
credit,348.74,,BRANCH98,Diego Jansen,ACCT2466722,2025-09-21 22:05:47,noise
debit,268.41,,BRANCH98,Diego Jansen,ACCT2466722,2025-09-20 10:30:52,noise
debit,284.56,ACCT6604921,BRANCH98,Diego Jansen,ACCT2466722,2025-09-18 16:12:21,noise
debit,461.59,,BRANCH80,Diego Jansen,ACCT2466722,2025-09-15 21:19:20,noise
credit,645.17,ACCT1196096,BRANCH98,Diego Jansen,ACCT2466722,2025-09-14 15:01:16,noise
debit,2812.09,ACCT4773793,BRANCH98,Diego Jansen,ACCT2466722,2025-09-08 21:33:26,noise
debit,1439.95,,BRANCH98,Diego Jansen,ACCT2466722,2025-09-08 13:37:33,noise
credit,200.19,,BRANCH98,Diego Jansen,ACCT2466722,2025-09-07 15:29:28,noise
debit,239.15,,BRANCH98,Diego Jansen,ACCT2466722,2025-09-06 18:00:22,noise
credit,1514.05,,BRANCH98,Diego Jansen,ACCT2466722,2025-09-06 19:00:25,noise
debit,558.55,ACCT4575241,BRANCH57,Diego Jansen,ACCT2466722,2025-08-31 14:39:06,noise
debit,1088.98,,BRANCH98,Diego Jansen,ACCT2466722,2025-08-30 11:18:32,noise
credit,882.4,,BRANCH24,Diego Jansen,ACCT2466722,2025-08-30 13:18:33,noise
credit,344.89,,BRANCH98,Diego Jansen,ACCT2466722,2025-08-28 14:27:06,noise
debit,118.55,,BRANCH98,Diego Jansen,ACCT2466722,2025-08-28 10:31:15,noise
debit,3254.28,,BRANCH98,Diego Jansen,ACCT2466722,2025-08-27 14:36:21,noise
debit,67.23,,BRANCH98,Diego Jansen,ACCT2466722,2025-08-26 19:01:17,noise
debit,118.34,ACCT5724947,BRANCH98,Diego Jansen,ACCT2466722,2025-08-23 16:11:47,noise
credit,922.95,,BRANCH98,Diego Jansen,ACCT2466722,2025-08-20 18:06:15,noise
credit,457.49,ACCT1617871,BRANCH98,Diego Jansen,ACCT2466722,2025-08-19 15:42:49,noise
debit,1073.31,ACCT2776269,BRANCH41,Diego Jansen,ACCT2466722,2025-08-17 14:09:23,noise
credit,3320.49,,BRANCH98,Diego Jansen,ACCT2466722,2025-08-16 17:01:14,noise
debit,2069.22,,BRANCH35,Diego Jansen,ACCT2466722,2025-08-12 12:15:38,noise
credit,1066.0,ACCT6604921,BRANCH98,Diego Jansen,ACCT2466722,2025-08-09 08:25:51,noise
credit,308.98,,BRANCH98,Diego Jansen,ACCT2466722,2025-10-03 13:39:57,noise
debit,1634.75,,BRANCH98,Diego Jansen,ACCT2466722,2025-10-03 16:32:15,noise
debit,236.16,ACCT7002238,BRANCH98,Diego Jansen,ACCT2466722,2025-10-02 23:09:04,noise
debit,346.17,,BRANCH98,Diego Jansen,ACCT2466722,2025-10-02 15:00:56,noise
credit,2047.38,,BRANCH52,Diego Jansen,ACCT2466722,2025-09-30 21:11:53,noise
credit,384.54,ACCT6893216,BRANCH98,Diego Jansen,ACCT2466722,2025-09-28 22:05:18,noise
credit,488.35,,BRANCH98,Diego Jansen,ACCT2466722,2025-09-26 16:42:05,noise
credit,348.74,,BRANCH98,Diego Jansen,ACCT2466722,2025-09-21 22:05:47,noise
debit,268.41,,BRANCH98,Diego Jansen,ACCT2466722,2025-09-20 10:30:52,noise
debit,284.56,ACCT6604921,BRANCH98,Diego Jansen,ACCT2466722,2025-09-18 16:12:21,noise
debit,461.59,,BRANCH80,Diego Jansen,ACCT2466722,2025-09-15 21:19:20,noise
credit,645.17,ACCT1196096,BRANCH98,Diego Jansen,ACCT2466722,2025-09-14 15:01:16,noise
debit,2812.09,ACCT4773793,BRANCH98,Diego Jansen,ACCT2466722,2025-09-08 21:33:26,noise
debit,1439.95,,BRANCH98,Diego Jansen,ACCT2466722,2025-09-08 13:37:33,noise
credit,200.19,,BRANCH98,Diego Jansen,ACCT2466722,2025-09-07 15:29:28,noise
debit,239.15,,BRANCH98,Diego Jansen,ACCT2466722,2025-09-06 18:00:22,noise
credit,1514.05,,BRANCH98,Diego Jansen,ACCT2466722,2025-09-06 19:00:25,noise
debit,558.55,ACCT4575241,BRANCH57,Diego Jansen,ACCT2466722,2025-08-31 14:39:06,noise
debit,1088.98,,BRANCH98,Diego Jansen,ACCT2466722,2025-08-30 11:18:32,noise
credit,882.4,,BRANCH24,Diego Jansen,ACCT2466722,2025-08-30 13:18:33,noise
credit,344.89,,BRANCH98,Diego Jansen,ACCT2466722,2025-08-28 14:27:06,noise
debit,118.55,,BRANCH98,Diego Jansen,ACCT2466722,2025-08-28 10:31:15,noise
debit,3254.28,,BRANCH98,Diego Jansen,ACCT2466722,2025-08-27 14:36:21,noise
debit,67.23,,BRANCH98,Diego Jansen,ACCT2466722,2025-08-26 19:01:17,noise
debit,118.34,ACCT5724947,BRANCH98,Diego Jansen,ACCT2466722,2025-08-23 16:11:47,noise
credit,922.95,,BRANCH98,Diego Jansen,ACCT2466722,2025-08-20 18:06:15,noise
credit,457.49,ACCT1617871,BRANCH98,Diego Jansen,ACCT2466722,2025-08-19 15:42:49,noise
debit,1073.31,ACCT2776269,BRANCH41,Diego Jansen,ACCT2466722,2025-08-17 14:09:23,noise
credit,3320.49,,BRANCH98,Diego Jansen,ACCT2466722,2025-08-16 17:01:14,noise
debit,2069.22,,BRANCH35,Diego Jansen,ACCT2466722,2025-08-12 12:15:38,noise
credit,1066.0,ACCT6604921,BRANCH98,Diego Jansen,ACCT2466722,2025-08-09 08:25:51,noise
debit,259946.41,ACCT3046155,BRANCH98,Diego Jansen,ACCT2466722,2025-12-03 06:23:21,noise
debit,153.03,ACCT6465142,BRANCH96,Xin Tanaka,ACCT1938438,2025-10-03 18:18:38,noise
debit,1304.25,,BRANCH37,Xin Tanaka,ACCT1938438,2025-10-01 16:16:41,noise
debit,513.76,ACCT6098328,BRANCH96,Xin Tanaka,ACCT1938438,2025-09-30 09:05:57,noise
credit,187.23,,BRANCH55,Xin Tanaka,ACCT1938438,2025-09-30 19:04:27,noise
credit,321.06,,BRANCH96,Xin Tanaka,ACCT1938438,2025-09-28 21:27:55,noise
debit,2345.55,ACCT6689818,BRANCH96,Xin Tanaka,ACCT1938438,2025-09-25 17:11:03,noise
debit,563.74,,BRANCH96,Xin Tanaka,ACCT1938438,2025-09-24 15:24:57,noise
debit,1036.49,ACCT6223031,BRANCH88,Xin Tanaka,ACCT1938438,2025-09-23 20:33:53,noise
credit,809.61,ACCT1059241,BRANCH96,Xin Tanaka,ACCT1938438,2025-09-22 13:20:45,noise
credit,616.81,ACCT6959371,BRANCH96,Xin Tanaka,ACCT1938438,2025-09-19 09:16:56,noise
credit,687.49,,BRANCH96,Xin Tanaka,ACCT1938438,2025-09-18 13:08:37,noise
credit,519.81,,BRANCH75,Xin Tanaka,ACCT1938438,2025-09-18 20:00:34,noise
debit,1057.75,ACCT5652339,BRANCH96,Xin Tanaka,ACCT1938438,2025-09-17 17:36:27,noise
debit,1212.17,,BRANCH96,Xin Tanaka,ACCT1938438,2025-09-13 14:09:06,noise
credit,149.53,,BRANCH96,Xin Tanaka,ACCT1938438,2025-09-12 16:39:21,noise
credit,3212.87,ACCT7368128,BRANCH19,Xin Tanaka,ACCT1938438,2025-09-11 20:43:50,noise
debit,483.91,,BRANCH60,Xin Tanaka,ACCT1938438,2025-09-11 17:02:45,noise
debit,1905.69,,BRANCH69,Xin Tanaka,ACCT1938438,2025-09-08 17:27:13,noise
credit,813.59,,BRANCH96,Xin Tanaka,ACCT1938438,2025-09-07 12:35:10,noise
credit,629.81,,BRANCH96,Xin Tanaka,ACCT1938438,2025-09-06 12:40:35,noise
debit,1415.32,,BRANCH27,Xin Tanaka,ACCT1938438,2025-09-06 21:08:11,noise
debit,1292.51,,BRANCH96,Xin Tanaka,ACCT1938438,2025-09-05 09:26:36,noise
debit,415.2,ACCT2082306,BRANCH66,Xin Tanaka,ACCT1938438,2025-09-05 12:03:44,noise
credit,1146.33,ACCT5914807,BRANCH96,Xin Tanaka,ACCT1938438,2025-09-04 20:14:38,noise
credit,261.64,,BRANCH96,Xin Tanaka,ACCT1938438,2025-09-04 13:35:30,noise
credit,166.09,,BRANCH96,Xin Tanaka,ACCT1938438,2025-09-03 18:31:20,noise
credit,865.02,ACCT9854988,BRANCH96,Xin Tanaka,ACCT1938438,2025-09-02 17:13:29,noise
credit,1213.56,,BRANCH96,Xin Tanaka,ACCT1938438,2025-08-29 12:22:04,noise
credit,233.88,ACCT8445083,BRANCH57,Xin Tanaka,ACCT1938438,2025-08-28 20:01:47,noise
debit,867.74,,BRANCH96,Xin Tanaka,ACCT1938438,2025-08-27 05:37:55,noise
debit,6691.0,,BRANCH19,Xin Tanaka,ACCT1938438,2025-08-27 23:32:10,noise
credit,844.79,,BRANCH62,Xin Tanaka,ACCT1938438,2025-08-26 12:15:29,noise
credit,70.6,,BRANCH96,Xin Tanaka,ACCT1938438,2025-08-23 20:37:46,noise
debit,3000.0,ACCT6098328,BRANCH10,Xin Tanaka,ACCT1938438,2025-08-19 09:09:19,noise
debit,719.86,,BRANCH96,Xin Tanaka,ACCT1938438,2025-08-19 11:14:03,noise
credit,918.96,,BRANCH96,Xin Tanaka,ACCT1938438,2025-08-15 09:01:01,noise
debit,1430.2,,BRANCH96,Xin Tanaka,ACCT1938438,2025-08-11 23:22:32,noise
credit,2217.23,,BRANCH96,Xin Tanaka,ACCT1938438,2025-08-11 15:10:19,noise
debit,341.04,ACCT3499450,BRANCH96,Xin Tanaka,ACCT1938438,2025-08-04 18:32:40,noise
debit,153.03,ACCT6465142,BRANCH96,Xin Tanaka,ACCT1938438,2025-10-03 18:18:38,noise
debit,1304.25,,BRANCH37,Xin Tanaka,ACCT1938438,2025-10-01 16:16:41,noise
debit,513.76,ACCT6098328,BRANCH96,Xin Tanaka,ACCT1938438,2025-09-30 09:05:57,noise
credit,187.23,,BRANCH55,Xin Tanaka,ACCT1938438,2025-09-30 19:04:27,noise
credit,321.06,,BRANCH96,Xin Tanaka,ACCT1938438,2025-09-28 21:27:55,noise
debit,2345.55,ACCT6689818,BRANCH96,Xin Tanaka,ACCT1938438,2025-09-25 17:11:03,noise
debit,563.74,,BRANCH96,Xin Tanaka,ACCT1938438,2025-09-24 15:24:57,noise
debit,1036.49,ACCT6223031,BRANCH88,Xin Tanaka,ACCT1938438,2025-09-23 20:33:53,noise
credit,809.61,ACCT1059241,BRANCH96,Xin Tanaka,ACCT1938438,2025-09-22 13:20:45,noise
credit,616.81,ACCT6959371,BRANCH96,Xin Tanaka,ACCT1938438,2025-09-19 09:16:56,noise
credit,687.49,,BRANCH96,Xin Tanaka,ACCT1938438,2025-09-18 13:08:37,noise
credit,519.81,,BRANCH75,Xin Tanaka,ACCT1938438,2025-09-18 20:00:34,noise
debit,1057.75,ACCT5652339,BRANCH96,Xin Tanaka,ACCT1938438,2025-09-17 17:36:27,noise
debit,1212.17,,BRANCH96,Xin Tanaka,ACCT1938438,2025-09-13 14:09:06,noise
credit,149.53,,BRANCH96,Xin Tanaka,ACCT1938438,2025-09-12 16:39:21,noise
credit,3212.87,ACCT7368128,BRANCH19,Xin Tanaka,ACCT1938438,2025-09-11 20:43:50,noise
debit,483.91,,BRANCH60,Xin Tanaka,ACCT1938438,2025-09-11 17:02:45,noise
debit,1905.69,,BRANCH69,Xin Tanaka,ACCT1938438,2025-09-08 17:27:13,noise
credit,813.59,,BRANCH96,Xin Tanaka,ACCT1938438,2025-09-07 12:35:10,noise
credit,629.81,,BRANCH96,Xin Tanaka,ACCT1938438,2025-09-06 12:40:35,noise
debit,1415.32,,BRANCH27,Xin Tanaka,ACCT1938438,2025-09-06 21:08:11,noise
debit,1292.51,,BRANCH96,Xin Tanaka,ACCT1938438,2025-09-05 09:26:36,noise
debit,415.2,ACCT2082306,BRANCH66,Xin Tanaka,ACCT1938438,2025-09-05 12:03:44,noise
credit,1146.33,ACCT5914807,BRANCH96,Xin Tanaka,ACCT1938438,2025-09-04 20:14:38,noise
credit,261.64,,BRANCH96,Xin Tanaka,ACCT1938438,2025-09-04 13:35:30,noise
credit,166.09,,BRANCH96,Xin Tanaka,ACCT1938438,2025-09-03 18:31:20,noise
credit,865.02,ACCT9854988,BRANCH96,Xin Tanaka,ACCT1938438,2025-09-02 17:13:29,noise
credit,1213.56,,BRANCH96,Xin Tanaka,ACCT1938438,2025-08-29 12:22:04,noise
credit,233.88,ACCT8445083,BRANCH57,Xin Tanaka,ACCT1938438,2025-08-28 20:01:47,noise
debit,867.74,,BRANCH96,Xin Tanaka,ACCT1938438,2025-08-27 05:37:55,noise
debit,6691.0,,BRANCH19,Xin Tanaka,ACCT1938438,2025-08-27 23:32:10,noise
credit,844.79,,BRANCH62,Xin Tanaka,ACCT1938438,2025-08-26 12:15:29,noise
credit,70.6,,BRANCH96,Xin Tanaka,ACCT1938438,2025-08-23 20:37:46,noise
debit,3000.0,ACCT6098328,BRANCH10,Xin Tanaka,ACCT1938438,2025-08-19 09:09:19,noise
debit,719.86,,BRANCH96,Xin Tanaka,ACCT1938438,2025-08-19 11:14:03,noise
credit,918.96,,BRANCH96,Xin Tanaka,ACCT1938438,2025-08-15 09:01:01,noise
debit,1430.2,,BRANCH96,Xin Tanaka,ACCT1938438,2025-08-11 23:22:32,noise
credit,2217.23,,BRANCH96,Xin Tanaka,ACCT1938438,2025-08-11 15:10:19,noise
debit,341.04,ACCT3499450,BRANCH96,Xin Tanaka,ACCT1938438,2025-08-04 18:32:40,noise
debit,492945.62,ACCT4886186,BRANCH96,Xin Tanaka,ACCT1938438,2025-12-03 04:29:08,noise
debit,2357.65,ACCT1931022,BRANCH43,Ravi Chen,ACCT1659971,2025-10-01 23:21:42,noise
credit,1162.93,,BRANCH88,Ravi Chen,ACCT1659971,2025-10-01 19:00:11,noise
credit,2075.16,,BRANCH43,Ravi Chen,ACCT1659971,2025-09-29 01:04:08,noise
debit,3000.0,ACCT5652339,BRANCH43,Ravi Chen,ACCT1659971,2025-09-28 11:23:56,noise
debit,695.91,,BRANCH43,Ravi Chen,ACCT1659971,2025-09-27 17:45:08,noise
credit,1089.95,,BRANCH43,Ravi Chen,ACCT1659971,2025-09-27 15:26:23,noise
debit,404.37,ACCT5364403,BRANCH51,Ravi Chen,ACCT1659971,2025-09-25 16:39:02,noise
debit,1303.83,,BRANCH43,Ravi Chen,ACCT1659971,2025-09-22 09:04:19,noise
credit,210.67,,BRANCH43,Ravi Chen,ACCT1659971,2025-09-13 16:11:16,noise
credit,2136.42,,BRANCH43,Ravi Chen,ACCT1659971,2025-09-11 14:26:02,noise
debit,737.39,,BRANCH43,Ravi Chen,ACCT1659971,2025-09-11 13:07:43,noise
credit,368.38,,BRANCH48,Ravi Chen,ACCT1659971,2025-09-06 10:29:23,noise
debit,2061.28,ACCT7238407,BRANCH43,Ravi Chen,ACCT1659971,2025-09-05 12:43:26,noise
debit,822.62,,BRANCH43,Ravi Chen,ACCT1659971,2025-09-04 19:14:02,noise
debit,800.69,,BRANCH43,Ravi Chen,ACCT1659971,2025-09-04 10:14:44,noise
debit,57.81,,BRANCH43,Ravi Chen,ACCT1659971,2025-09-02 19:40:18,noise
credit,1929.08,,BRANCH90,Ravi Chen,ACCT1659971,2025-09-02 19:27:26,noise
credit,463.93,,BRANCH43,Ravi Chen,ACCT1659971,2025-08-29 05:39:51,noise
debit,1075.22,,BRANCH43,Ravi Chen,ACCT1659971,2025-08-27 01:09:09,noise
debit,707.53,ACCT1573360,BRANCH43,Ravi Chen,ACCT1659971,2025-08-27 09:43:45,noise
debit,241.23,,BRANCH43,Ravi Chen,ACCT1659971,2025-08-26 16:29:40,noise
credit,859.06,,BRANCH43,Ravi Chen,ACCT1659971,2025-08-25 09:41:57,noise
credit,591.75,,BRANCH43,Ravi Chen,ACCT1659971,2025-08-21 08:24:22,noise
debit,135.93,ACCT2466722,BRANCH43,Ravi Chen,ACCT1659971,2025-08-21 08:16:35,noise
credit,340.35,,BRANCH43,Ravi Chen,ACCT1659971,2025-08-15 10:15:02,noise
debit,1438.78,ACCT5364403,BRANCH43,Ravi Chen,ACCT1659971,2025-08-13 08:44:59,noise
debit,1094.95,,BRANCH21,Ravi Chen,ACCT1659971,2025-08-13 23:10:47,noise
credit,300.42,ACCT7791456,BRANCH43,Ravi Chen,ACCT1659971,2025-08-09 15:45:59,noise
credit,375.27,,BRANCH60,Ravi Chen,ACCT1659971,2025-08-08 11:44:41,noise
debit,719.59,ACCT5772988,BRANCH43,Ravi Chen,ACCT1659971,2025-08-04 03:13:19,noise
credit,1633.43,ACCT9616853,BRANCH43,Ravi Chen,ACCT1659971,2025-08-04 18:09:10,noise
debit,40035.44,ACCT7849357,BRANCH43,Ravi Chen,ACCT1659971,2025-12-26 11:10:22,noise
debit,52043.93,ACCT6689818,BRANCH75,Ravi Chen,ACCT7849357,2025-12-30 21:16:00,noise
debit,75205.25,ACCT3609743,BRANCH10,Yara Diaz,ACCT6689818,2025-12-30 06:20:31,noise
credit,530.78,,BRANCH75,Nia Zhou,ACCT7193362,2025-09-28 20:00:23,noise
credit,1006.3,ACCT7203292,BRANCH75,Nia Zhou,ACCT7193362,2025-09-26 13:16:15,noise
debit,1495.46,ACCT9168348,BRANCH75,Nia Zhou,ACCT7193362,2025-09-26 16:34:06,noise
credit,596.22,,BRANCH75,Nia Zhou,ACCT7193362,2025-09-23 15:09:29,noise
credit,449.17,,BRANCH17,Nia Zhou,ACCT7193362,2025-09-22 05:33:21,noise
credit,298.14,,BRANCH45,Nia Zhou,ACCT7193362,2025-09-22 10:05:18,noise
credit,533.61,,BRANCH75,Nia Zhou,ACCT7193362,2025-09-21 12:02:36,noise
credit,672.52,,BRANCH33,Nia Zhou,ACCT7193362,2025-09-16 08:21:54,noise
credit,670.92,,BRANCH75,Nia Zhou,ACCT7193362,2025-09-14 18:15:53,noise
debit,409.86,ACCT1757571,BRANCH75,Nia Zhou,ACCT7193362,2025-09-14 12:40:13,noise
credit,523.22,ACCT5088821,BRANCH75,Nia Zhou,ACCT7193362,2025-09-13 19:35:48,noise
credit,706.7,ACCT2293591,BRANCH75,Nia Zhou,ACCT7193362,2025-09-13 09:28:23,noise
credit,542.75,,BRANCH75,Nia Zhou,ACCT7193362,2025-09-10 11:02:27,noise
debit,473.55,,BRANCH75,Nia Zhou,ACCT7193362,2025-09-08 23:43:14,noise
debit,1708.76,,BRANCH75,Nia Zhou,ACCT7193362,2025-09-06 15:32:05,noise
debit,518.68,ACCT7316496,BRANCH75,Nia Zhou,ACCT7193362,2025-09-03 15:09:14,noise
debit,186.8,,BRANCH75,Nia Zhou,ACCT7193362,2025-08-29 19:38:13,noise
credit,413.14,,BRANCH52,Nia Zhou,ACCT7193362,2025-08-29 10:13:27,noise
credit,1273.83,ACCT2466722,BRANCH48,Nia Zhou,ACCT7193362,2025-08-26 16:31:44,noise
credit,3097.45,,BRANCH60,Nia Zhou,ACCT7193362,2025-08-24 18:35:40,noise
credit,2498.87,,BRANCH75,Nia Zhou,ACCT7193362,2025-08-24 17:42:17,noise
credit,381.51,ACCT5364403,BRANCH75,Nia Zhou,ACCT7193362,2025-08-23 18:40:04,noise
debit,3070.27,,BRANCH75,Nia Zhou,ACCT7193362,2025-08-22 17:22:22,noise
debit,799.37,ACCT2054858,BRANCH75,Nia Zhou,ACCT7193362,2025-08-20 10:23:37,noise
credit,1028.67,,BRANCH75,Nia Zhou,ACCT7193362,2025-08-19 08:32:19,noise
credit,2589.82,,BRANCH75,Nia Zhou,ACCT7193362,2025-08-18 01:20:49,noise
credit,1316.24,ACCT1681992,BRANCH75,Nia Zhou,ACCT7193362,2025-08-15 00:23:39,noise
debit,1364.7,,BRANCH58,Nia Zhou,ACCT7193362,2025-08-15 14:42:03,noise
credit,1013.45,,BRANCH82,Nia Zhou,ACCT7193362,2025-08-09 19:29:11,noise
credit,1760.73,ACCT8038690,BRANCH75,Nia Zhou,ACCT7193362,2025-08-08 13:17:36,noise
credit,506.56,,BRANCH75,Nia Zhou,ACCT7193362,2025-08-08 19:18:58,noise
credit,225.37,ACCT3725977,BRANCH75,Nia Zhou,ACCT7193362,2025-08-06 09:35:11,noise
debit,640.32,,BRANCH75,Nia Zhou,ACCT7193362,2025-08-06 14:13:30,noise
debit,678.57,,BRANCH75,Nia Zhou,ACCT7193362,2025-08-05 10:42:24,noise
credit,510.74,,BRANCH75,Nia Zhou,ACCT7193362,2025-08-05 08:42:58,noise
credit,410.75,,BRANCH75,Nia Zhou,ACCT7193362,2025-08-04 22:37:26,noise
debit,83119.01,ACCT9523079,BRANCH75,Nia Zhou,ACCT7193362,2025-12-26 04:01:00,noise
debit,64536.98,ACCT2058494,BRANCH41,Priya Duarte,ACCT9523079,2025-12-22 12:19:26,noise
debit,22599.82,ACCT7316496,BRANCH68,Ravi ElSayed,ACCT2058494,2025-12-27 00:09:18,noise
credit,623.67,,BRANCH78,Omar Brooks,ACCT3952254,2025-10-03 20:17:32,noise
credit,450.25,,BRANCH37,Omar Brooks,ACCT3952254,2025-10-02 14:23:46,noise
credit,544.83,,BRANCH40,Omar Brooks,ACCT3952254,2025-09-30 19:03:57,noise
debit,641.57,ACCT1279610,BRANCH58,Omar Brooks,ACCT3952254,2025-09-30 13:24:02,noise
debit,1349.51,,BRANCH37,Omar Brooks,ACCT3952254,2025-09-29 09:44:19,noise
credit,1039.69,,BRANCH80,Omar Brooks,ACCT3952254,2025-09-25 19:14:10,noise
credit,655.56,ACCT2887885,BRANCH37,Omar Brooks,ACCT3952254,2025-09-23 11:19:50,noise
credit,266.6,ACCT9077382,BRANCH59,Omar Brooks,ACCT3952254,2025-09-22 16:26:27,noise
debit,2532.55,ACCT4554970,BRANCH37,Omar Brooks,ACCT3952254,2025-09-22 23:20:27,noise
debit,1392.47,,BRANCH60,Omar Brooks,ACCT3952254,2025-09-21 10:39:04,noise
credit,975.22,,BRANCH37,Omar Brooks,ACCT3952254,2025-09-19 12:32:10,noise
credit,187.07,,BRANCH37,Omar Brooks,ACCT3952254,2025-09-15 19:32:26,noise
debit,292.0,,BRANCH37,Omar Brooks,ACCT3952254,2025-09-14 13:31:08,noise
credit,1012.57,,BRANCH37,Omar Brooks,ACCT3952254,2025-09-13 08:14:53,noise
debit,391.14,,BRANCH37,Omar Brooks,ACCT3952254,2025-09-13 19:05:29,noise
credit,692.82,ACCT7274440,BRANCH37,Omar Brooks,ACCT3952254,2025-09-12 17:17:26,noise
credit,226.81,,BRANCH37,Omar Brooks,ACCT3952254,2025-09-08 08:26:46,noise
credit,62.07,ACCT7316496,BRANCH37,Omar Brooks,ACCT3952254,2025-09-07 10:36:07,noise
credit,694.36,,BRANCH91,Omar Brooks,ACCT3952254,2025-09-06 02:36:03,noise
debit,926.38,,BRANCH37,Omar Brooks,ACCT3952254,2025-09-01 23:00:16,noise
credit,1444.56,,BRANCH54,Omar Brooks,ACCT3952254,2025-08-31 12:16:51,noise
debit,612.72,,BRANCH37,Omar Brooks,ACCT3952254,2025-08-28 05:32:46,noise
credit,1428.9,,BRANCH19,Omar Brooks,ACCT3952254,2025-08-25 09:19:08,noise
credit,1359.53,,BRANCH37,Omar Brooks,ACCT3952254,2025-08-23 11:26:53,noise
credit,410.63,ACCT7658407,BRANCH37,Omar Brooks,ACCT3952254,2025-08-22 11:21:28,noise
credit,806.19,,BRANCH37,Omar Brooks,ACCT3952254,2025-08-22 16:39:26,noise
debit,516.83,ACCT4272266,BRANCH37,Omar Brooks,ACCT3952254,2025-08-17 15:18:34,noise
credit,518.79,,BRANCH37,Omar Brooks,ACCT3952254,2025-08-16 14:16:13,noise
debit,401.61,,BRANCH37,Omar Brooks,ACCT3952254,2025-08-15 14:28:39,noise
debit,439.68,ACCT3609743,BRANCH37,Omar Brooks,ACCT3952254,2025-08-09 22:24:59,noise
credit,1725.07,,BRANCH37,Omar Brooks,ACCT3952254,2025-08-07 14:36:42,noise
debit,1238.39,,BRANCH37,Omar Brooks,ACCT3952254,2025-08-07 16:25:20,noise
debit,67.41,,BRANCH17,Omar Brooks,ACCT3952254,2025-08-06 09:31:42,noise
debit,265.62,,BRANCH37,Omar Brooks,ACCT3952254,2025-08-05 10:23:55,noise
debit,83919.39,ACCT4886186,BRANCH37,Omar Brooks,ACCT3952254,2025-12-25 11:15:01,noise
debit,89594.54,ACCT5724947,BRANCH42,Noah Okafor,ACCT4886186,2025-12-24 04:20:00,noise
debit,72440.86,ACCT8767615,BRANCH52,Leo Iqbal,ACCT5724947,2025-12-27 03:07:20,noise
