caller_msisdn,callee,cell_id,length,subscriber,timestamp,device
6394272648738,6394779148527,T841,7.4,Jin Tanaka,2025-10-18 11:20:10,noise
6394272648738,6394779148527,T359,10.3,Jin Tanaka,2025-10-18 13:08:30,noise
6394272648738,6391085319364,T841,8.0,Jin Tanaka,2025-10-17 08:26:10,noise
6394272648738,6394779148527,T841,12.9,Jin Tanaka,2025-10-17 10:17:07,noise
6394272648738,6394272648738,T841,20.9,Jin Tanaka,2025-10-16 17:18:48,noise
6394272648738,6391085319364,T359,15.4,Jin Tanaka,2025-10-16 11:07:08,noise
6394272648738,6391085319364,T841,7.0,Jin Tanaka,2025-10-15 21:22:48,noise
6394272648738,6394779148527,T359,8.0,Jin Tanaka,2025-10-15 19:02:21,noise
6394272648738,6396743661793,T841,62.6,Jin Tanaka,2025-10-14 19:13:21,noise
6394272648738,6394779148527,T841,52.5,Jin Tanaka,2025-10-14 08:01:21,noise
6394272648738,6396743661793,T841,24.6,Jin Tanaka,2025-10-14 19:19:19,noise
6394272648738,6397554224472,T841,50.4,Jin Tanaka,2025-10-13 22:04:47,noise
6394272648738,6396743661793,T359,101.6,Jin Tanaka,2025-10-12 12:27:40,noise
6394272648738,6392052186148,T841,32.9,Jin Tanaka,2025-10-11 02:24:22,noise
6394272648738,6396743661793,T841,20.2,Jin Tanaka,2025-10-11 15:13:00,noise
6394272648738,6394779148527,T359,7.9,Jin Tanaka,2025-10-10 17:05:03,noise
6394272648738,6397008615813,T359,3.1,Jin Tanaka,2025-10-10 13:14:50,noise
6394272648738,6393603835968,T841,21.0,Jin Tanaka,2025-10-09 15:22:30,noise
6394272648738,6394779148527,T359,9.4,Jin Tanaka,2025-10-08 15:26:33,noise
6394272648738,6396227547092,T841,6.4,Jin Tanaka,2025-10-08 16:14:55,noise
6394272648738,6393951377482,T359,6.8,Jin Tanaka,2025-10-08 18:21:39,noise
6394272648738,6394841742270,T359,61.9,Jin Tanaka,2025-10-07 00:07:40,noise
6394272648738,6396492957730,T359,4.1,Jin Tanaka,2025-10-07 16:00:45,noise
6394272648738,6396967557245,T841,5.4,Jin Tanaka,2025-10-06 17:08:16,noise
6394272648738,6396743661793,T841,7.6,Jin Tanaka,2025-10-06 19:01:08,noise
6394272648738,6397588030313,T359,9.7,Jin Tanaka,2025-10-05 16:17:12,noise
6394272648738,6394779148527,T841,6.9,Jin Tanaka,2025-10-04 20:06:59,noise
6394272648738,6391085319364,T841,35.0,Jin Tanaka,2025-10-04 20:17:45,noise
6394272648738,6397235532708,T359,18.7,Jin Tanaka,2025-10-03 01:07:56,noise
6394272648738,6396743661793,T841,7.6,Jin Tanaka,2025-10-03 18:10:48,noise
6394272648738,6391085319364,T359,6.8,Jin Tanaka,2025-10-02 14:27:30,noise
6394272648738,6396743661793,T359,41.2,Jin Tanaka,2025-10-02 23:19:27,noise
6394272648738,6394779148527,T841,14.1,Jin Tanaka,2025-10-01 21:05:06,noise
6394272648738,6391611816266,T359,7.7,Jin Tanaka,2025-09-30 19:06:21,noise
6394272648738,6393493304331,T359,10.5,Jin Tanaka,2025-09-29 11:00:52,noise
6394272648738,6391657761801,T359,9.1,Jin Tanaka,2025-09-29 17:09:50,noise
6394272648738,6396743661793,T359,33.3,Jin Tanaka,2025-09-28 09:30:57,noise
6394272648738,6391085319364,T359,20.1,Jin Tanaka,2025-09-27 03:04:23,noise
6394272648738,6396033004999,T841,32.5,Jin Tanaka,2025-09-27 23:19:04,noise
6394272648738,6397209902585,T841,83.4,Jin Tanaka,2025-09-27 08:14:19,noise
6394272648738,6392295700924,T359,19.4,Jin Tanaka,2025-09-26 08:24:45,noise
6394272648738,6396743661793,T359,9.7,Jin Tanaka,2025-09-26 11:03:06,noise
6394272648738,6391085319364,T359,46.9,Jin Tanaka,2025-09-25 09:07:22,noise
6394272648738,6399924544312,T841,16.7,Jin Tanaka,2025-09-25 03:28:08,noise
6394272648738,6394779148527,T841,12.4,Jin Tanaka,2025-09-24 15:11:55,noise
6394272648738,6396743661793,T359,6.9,Jin Tanaka,2025-09-24 00:04:57,noise
6394272648738,6394779148527,T359,39.6,Jin Tanaka,2025-09-24 18:04:14,noise
6394272648738,6392885325965,T841,17.4,Jin Tanaka,2025-09-23 09:25:36,noise
6394272648738,6398491189169,T359,14.4,Jin Tanaka,2025-09-23 20:18:49,noise
6394272648738,6391085319364,T841,11.2,Jin Tanaka,2025-09-22 13:01:26,noise
6394272648738,6391085319364,T841,25.4,Jin Tanaka,2025-09-22 18:17:42,noise
6394272648738,6399924544312,T841,22.7,Jin Tanaka,2025-09-22 08:08:51,noise
6394272648738,6391085319364,T359,12.1,Jin Tanaka,2025-09-21 20:19:57,noise
6394272648738,6391085319364,T841,8.9,Jin Tanaka,2025-09-21 08:01:43,noise
6394272648738,6396892073434,T359,29.1,Jin Tanaka,2025-09-21 17:28:38,noise
6394272648738,6396423658378,T841,13.4,Jin Tanaka,2025-09-20 18:24:26,noise
6394272648738,6395975932913,T841,4.5,Jin Tanaka,2025-09-19 15:22:50,noise
6394272648738,6391085319364,T841,14.0,Jin Tanaka,2025-09-19 11:26:32,noise
6394272648738,6396743661793,T359,3.1,Jin Tanaka,2025-09-18 05:06:24,noise
6394272648738,6391085319364,T359,47.6,Jin Tanaka,2025-09-17 18:03:17,noise
6394272648738,6391085319364,T359,47.2,Jin Tanaka,2025-09-17 10:18:49,noise
6394272648738,6391085319364,T359,7.5,Jin Tanaka,2025-09-16 15:06:56,noise
6394272648738,6391085319364,T841,9.6,Jin Tanaka,2025-09-15 22:02:43,noise
6394272648738,6396743661793,T359,9.4,Jin Tanaka,2025-09-15 16:05:10,noise
6394272648738,6391621634803,T841,33.0,Jin Tanaka,2025-09-14 12:03:43,noise
6394272648738,6391085319364,T841,8.3,Jin Tanaka,2025-09-14 20:13:12,noise
6394272648738,6396743661793,T841,8.4,Jin Tanaka,2025-09-13 17:27:02,noise
6394272648738,6391085319364,T359,11.7,Jin Tanaka,2025-09-13 13:02:57,noise
6394272648738,6393603835968,T359,20.3,Jin Tanaka,2025-09-12 05:04:35,noise
6394272648738,6396743661793,T359,37.5,Jin Tanaka,2025-09-12 17:00:30,noise
6394272648738,6396743661793,T359,49.2,Jin Tanaka,2025-09-11 17:28:00,noise
6394272648738,6392059565366,T359,23.1,Jin Tanaka,2025-09-11 17:09:12,noise
6394272648738,6393561104962,T841,23.4,Jin Tanaka,2025-09-11 14:09:03,noise
6394272648738,6391085319364,T359,14.5,Jin Tanaka,2025-09-10 13:00:48,noise
6394272648738,6391085319364,T841,31.7,Jin Tanaka,2025-09-10 20:27:36,noise
6394272648738,6396743661793,T359,29.4,Jin Tanaka,2025-09-09 15:15:00,noise
6394272648738,6396423658378,T841,23.5,Jin Tanaka,2025-09-08 09:17:52,noise
6394272648738,6391841771012,T841,41.6,Jin Tanaka,2025-09-07 11:07:43,noise
6394272648738,6391085319364,T359,12.3,Jin Tanaka,2025-09-06 00:07:55,noise
6394272648738,6391611816266,T359,17.9,Jin Tanaka,2025-09-06 20:12:46,noise
6394272648738,6391053669235,T841,32.8,Jin Tanaka,2025-09-05 20:05:45,noise
6394272648738,6394264279208,T841,22.0,Jin Tanaka,2025-09-04 16:20:29,noise
6394272648738,6391085319364,T359,47.9,Jin Tanaka,2025-09-03 19:10:51,noise
6394272648738,6396743661793,T359,6.2,Jin Tanaka,2025-09-02 18:14:00,noise
6394272648738,6395255503056,T841,36.0,Jin Tanaka,2025-09-02 15:18:27,noise
6394272648738,6396607099917,T359,13.8,Jin Tanaka,2025-09-01 02:14:15,noise
6394272648738,6394779148527,T841,16.0,Jin Tanaka,2025-09-01 16:26:20,noise
6394272648738,6395978599202,T841,10.2,Jin Tanaka,2025-09-01 18:08:58,noise
6394272648738,6396743661793,T841,12.3,Jin Tanaka,2025-08-31 14:11:32,noise
6394272648738,6399521620276,T359,30.9,Jin Tanaka,2025-08-31 19:22:43,noise
6394272648738,6396743661793,T841,21.4,Jin Tanaka,2025-08-30 08:19:22,noise
6394272648738,6393493304331,T841,2.7,Jin Tanaka,2025-08-30 16:03:30,noise
6394272648738,6396743661793,T841,13.2,Jin Tanaka,2025-08-30 09:11:17,noise
6394272648738,6392779062252,T841,20.9,Jin Tanaka,2025-08-29 21:07:29,noise
6394272648738,6398036705746,T359,23.0,Jin Tanaka,2025-08-29 21:02:09,noise
6394272648738,6393493304331,T359,13.3,Jin Tanaka,2025-08-29 17:23:34,noise
6394272648738,6391085319364,T841,17.2,Jin Tanaka,2025-08-28 13:15:14,noise
6394272648738,6397008615813,T841,11.9,Jin Tanaka,2025-08-27 01:15:21,noise
6394272648738,6392463613153,T359,20.7,Jin Tanaka,2025-08-27 02:30:23,noise
6394272648738,6394779148527,T841,4.7,Jin Tanaka,2025-08-27 13:15:10,noise
6394272648738,6397792731200,T841,27.1,Jin Tanaka,2025-08-26 16:07:52,noise
6394272648738,6394272648738,T841,53.3,Jin Tanaka,2025-08-26 14:23:22,noise
6394272648738,6391937903040,T359,5.3,Jin Tanaka,2025-08-25 16:18:54,noise
6394272648738,6392059565366,T359,27.2,Jin Tanaka,2025-08-24 10:15:39,noise
6394272648738,6396743661793,T841,15.7,Jin Tanaka,2025-08-24 16:09:20,noise
6394272648738,6391085319364,T841,43.4,Jin Tanaka,2025-08-23 15:10:34,noise
6394272648738,6398761443795,T359,52.6,Jin Tanaka,2025-08-23 19:14:55,noise
6394272648738,6396743661793,T359,29.4,Jin Tanaka,2025-08-22 18:18:44,noise
6394272648738,6399521620276,T841,53.7,Jin Tanaka,2025-08-22 11:29:29,noise
6394272648738,6396095128059,T359,4.1,Jin Tanaka,2025-08-21 22:23:15,noise
6394272648738,6391085319364,T841,8.3,Jin Tanaka,2025-08-21 14:00:07,noise
6394272648738,6391085319364,T841,6.6,Jin Tanaka,2025-08-20 13:23:31,noise
6394272648738,6396743661793,T841,10.4,Jin Tanaka,2025-08-19 23:15:23,noise
6394272648738,6396743661793,T359,13.7,Jin Tanaka,2025-08-18 10:02:57,noise
6394272648738,6394882630315,T359,11.0,Jin Tanaka,2025-08-18 23:07:07,noise
6394272648738,6396743661793,T841,7.5,Jin Tanaka,2025-08-18 16:01:02,noise
6394272648738,6394779148527,T841,6.9,Jin Tanaka,2025-08-17 12:06:40,noise
6394272648738,6391085319364,T359,15.6,Jin Tanaka,2025-08-16 17:22:52,noise
6394272648738,6392835511896,T359,7.5,Jin Tanaka,2025-08-16 04:24:27,noise
6394272648738,6397209902585,T841,5.6,Jin Tanaka,2025-08-15 14:05:31,noise
6394272648738,6391085319364,T359,31.9,Jin Tanaka,2025-08-15 15:00:32,noise
6394272648738,6391085319364,T841,22.7,Jin Tanaka,2025-08-14 13:16:15,noise
6394272648738,6395082508928,T841,12.2,Jin Tanaka,2025-08-14 23:28:39,noise
6394272648738,6396095128059,T841,97.4,Jin Tanaka,2025-08-13 18:00:02,noise
6394272648738,6399165981131,T841,44.2,Jin Tanaka,2025-08-13 10:04:34,noise
6394272648738,6394779148527,T359,6.7,Jin Tanaka,2025-08-13 18:30:23,noise
6394272648738,6393951377482,T841,28.7,Jin Tanaka,2025-08-12 10:04:17,noise
6394272648738,6391085319364,T841,13.4,Jin Tanaka,2025-08-11 09:09:58,noise
6394272648738,6397008615813,T841,15.5,Jin Tanaka,2025-08-11 23:14:53,noise
6394272648738,6396518798247,T841,7.7,Jin Tanaka,2025-08-11 08:09:49,noise
6394272648738,6396743661793,T359,17.9,Jin Tanaka,2025-08-10 16:20:12,noise
6394272648738,6397588030313,T841,11.5,Jin Tanaka,2025-08-10 19:26:24,noise
6394272648738,6394779148527,T841,14.2,Jin Tanaka,2025-08-09 16:03:37,noise
6394272648738,6391085319364,T841,2.9,Jin Tanaka,2025-08-09 02:04:05,noise
6394272648738,6391085319364,T841,6.3,Jin Tanaka,2025-08-09 19:24:19,noise
6394272648738,6394841742270,T359,11.9,Jin Tanaka,2025-08-08 13:28:33,noise
6394272648738,6391085319364,T841,13.1,Jin Tanaka,2025-08-08 12:10:13,noise
6394272648738,6392724977358,T359,31.3,Jin Tanaka,2025-08-08 18:13:44,noise
6394272648738,6398491189169,T841,10.9,Jin Tanaka,2025-08-07 10:14:22,noise
6394272648738,6394779148527,T359,13.8,Jin Tanaka,2025-08-07 19:17:04,noise
6394272648738,6391085319364,T841,18.5,Jin Tanaka,2025-08-06 14:27:41,noise
6394272648738,6391085319364,T841,31.3,Jin Tanaka,2025-08-06 08:16:26,noise
6394272648738,6391194839118,T841,50.3,Jin Tanaka,2025-08-06 22:11:50,noise
6394272648738,6395656527999,T359,20.9,Jin Tanaka,2025-08-05 20:24:31,noise
6394272648738,6396743661793,T841,20.4,Jin Tanaka,2025-08-05 11:10:18,noise
6394272648738,6394779148527,T359,11.7,Jin Tanaka,2025-08-04 14:26:52,noise
6394272648738,6396743661793,T841,8.1,Jin Tanaka,2025-08-04 18:22:35,noise
6394272648738,6394779148527,T359,15.9,Jin Tanaka,2025-08-04 08:10:12,noise
6395978599202,6395363927709,T727,11.8,Raj Bakker,2025-10-18 19:07:26,noise
6395978599202,6394841742270,T306,34.4,Raj Bakker,2025-10-18 19:02:30,noise
6395978599202,6399471209395,T727,11.7,Raj Bakker,2025-10-17 23:04:24,noise
6395978599202,6392779062252,T306,10.9,Raj Bakker,2025-10-17 14:13:28,noise
6395978599202,6392334677082,T306,9.9,Raj Bakker,2025-10-17 20:08:12,noise
6395978599202,6393794997179,T727,5.1,Raj Bakker,2025-10-16 20:17:37,noise
6395978599202,6393493304331,T727,5.2,Raj Bakker,2025-10-16 20:13:46,noise
6395978599202,6394841742270,T306,10.1,Raj Bakker,2025-10-15 19:22:29,noise
6395978599202,6394841742270,T727,24.2,Raj Bakker,2025-10-15 19:17:23,noise
6395978599202,6394841742270,T306,9.7,Raj Bakker,2025-10-14 05:17:58,noise
6395978599202,6392334677082,T727,3.0,Raj Bakker,2025-10-14 23:21:48,noise
6395978599202,6394841742270,T727,5.5,Raj Bakker,2025-10-13 08:02:13,noise
6395978599202,6397235532708,T306,8.7,Raj Bakker,2025-10-13 23:00:18,noise
6395978599202,6392334677082,T306,4.5,Raj Bakker,2025-10-12 08:04:23,noise
6395978599202,6392334677082,T306,26.6,Raj Bakker,2025-10-12 04:04:15,noise
6395978599202,6395726944755,T306,29.5,Raj Bakker,2025-10-11 15:24:08,noise
6395978599202,6394841742270,T306,17.4,Raj Bakker,2025-10-11 20:17:04,noise
6395978599202,6392334677082,T306,19.7,Raj Bakker,2025-10-10 16:17:58,noise
6395978599202,6395726944755,T306,11.9,Raj Bakker,2025-10-10 20:28:20,noise
6395978599202,6399076960112,T306,6.0,Raj Bakker,2025-10-09 17:11:35,noise
6395978599202,6395978599202,T306,11.0,Raj Bakker,2025-10-08 13:19:48,noise
6395978599202,6392779062252,T306,14.5,Raj Bakker,2025-10-08 01:10:48,noise
6395978599202,6394841742270,T727,4.5,Raj Bakker,2025-10-07 10:15:20,noise
6395978599202,6395726944755,T306,39.0,Raj Bakker,2025-10-07 13:17:09,noise
6395978599202,6394841742270,T727,14.8,Raj Bakker,2025-10-06 17:26:37,noise
6395978599202,6392334677082,T727,14.0,Raj Bakker,2025-10-06 21:06:14,noise
6395978599202,6394841742270,T727,45.1,Raj Bakker,2025-10-05 17:16:13,noise
6395978599202,6397554224472,T306,2.5,Raj Bakker,2025-10-05 15:21:41,noise
6395978599202,6394841742270,T306,14.9,Raj Bakker,2025-10-04 09:21:14,noise
6395978599202,6397209902585,T306,7.4,Raj Bakker,2025-10-04 08:05:54,noise
6395978599202,6392334677082,T727,29.4,Raj Bakker,2025-10-03 22:09:12,noise
6395978599202,6395726944755,T306,9.1,Raj Bakker,2025-10-03 15:26:12,noise
6395978599202,6395726944755,T306,4.9,Raj Bakker,2025-10-02 12:25:52,noise
6395978599202,6392334677082,T306,8.8,Raj Bakker,2025-10-02 10:27:55,noise
6395978599202,6394841742270,T727,35.1,Raj Bakker,2025-10-01 13:08:05,noise
6395978599202,6395726944755,T727,8.6,Raj Bakker,2025-10-01 19:06:46,noise
6395978599202,6399076960112,T306,19.8,Raj Bakker,2025-09-30 13:27:40,noise
6395978599202,6392334677082,T306,15.6,Raj Bakker,2025-09-30 10:22:10,noise
6395978599202,6394841742270,T306,18.4,Raj Bakker,2025-09-30 13:22:01,noise
6395978599202,6392295700924,T306,30.2,Raj Bakker,2025-09-29 16:19:41,noise
6395978599202,6396181402712,T727,12.8,Raj Bakker,2025-09-28 09:08:47,noise
6395978599202,6392334677082,T306,9.5,Raj Bakker,2025-09-28 09:00:06,noise
6395978599202,6391937903040,T306,23.0,Raj Bakker,2025-09-28 15:21:11,noise
6395978599202,6391657761801,T727,26.8,Raj Bakker,2025-09-27 19:04:40,noise
6395978599202,6391053669235,T727,19.1,Raj Bakker,2025-09-27 08:24:34,noise
6395978599202,6396119144758,T306,34.4,Raj Bakker,2025-09-27 13:19:04,noise
6395978599202,6394841742270,T306,24.6,Raj Bakker,2025-09-26 15:02:49,noise
6395978599202,6399924544312,T727,2.7,Raj Bakker,2025-09-26 08:00:01,noise
6395978599202,6395726944755,T306,43.0,Raj Bakker,2025-09-25 09:06:09,noise
6395978599202,6392334677082,T306,39.6,Raj Bakker,2025-09-25 10:17:34,noise
6395978599202,6394841742270,T306,23.6,Raj Bakker,2025-09-24 18:21:45,noise
6395978599202,6394841742270,T306,111.2,Raj Bakker,2025-09-24 14:13:41,noise
6395978599202,6392334677082,T727,8.4,Raj Bakker,2025-09-23 03:06:08,noise
6395978599202,6392334677082,T306,7.4,Raj Bakker,2025-09-22 17:28:51,noise
6395978599202,6395726944755,T306,21.9,Raj Bakker,2025-09-22 09:02:11,noise
6395978599202,6393794997179,T727,7.5,Raj Bakker,2025-09-21 19:01:20,noise
6395978599202,6396978132661,T727,12.4,Raj Bakker,2025-09-21 18:26:55,noise
6395978599202,6392334677082,T727,9.9,Raj Bakker,2025-09-20 16:05:09,noise
6395978599202,6394882630315,T727,25.1,Raj Bakker,2025-09-19 19:06:35,noise
6395978599202,6395726944755,T306,2.9,Raj Bakker,2025-09-19 08:14:11,noise
6395978599202,6396693621506,T306,5.1,Raj Bakker,2025-09-18 14:25:31,noise
6395978599202,6392463613153,T306,6.1,Raj Bakker,2025-09-18 12:01:01,noise
6395978599202,6392334677082,T727,104.4,Raj Bakker,2025-09-17 13:25:02,noise
6395978599202,6395726944755,T727,60.0,Raj Bakker,2025-09-17 13:15:33,noise
6395978599202,6392334677082,T727,13.7,Raj Bakker,2025-09-16 09:27:41,noise
6395978599202,6394841742270,T306,14.1,Raj Bakker,2025-09-16 18:07:31,noise
6395978599202,6391937903040,T727,28.5,Raj Bakker,2025-09-16 17:11:48,noise
6395978599202,6391681212932,T727,43.1,Raj Bakker,2025-09-15 10:18:40,noise
6395978599202,6394841742270,T306,11.6,Raj Bakker,2025-09-15 11:07:15,noise
6395978599202,6394841742270,T306,9.7,Raj Bakker,2025-09-14 13:18:33,noise
6395978599202,6395726944755,T306,19.6,Raj Bakker,2025-09-13 13:28:51,noise
6395978599202,6392334677082,T727,5.4,Raj Bakker,2025-09-13 08:16:57,noise
6395978599202,6392334677082,T306,16.8,Raj Bakker,2025-09-13 18:25:51,noise
6395978599202,6392334677082,T306,39.9,Raj Bakker,2025-09-12 15:14:06,noise
6395978599202,6395975932913,T306,6.5,Raj Bakker,2025-09-12 17:03:53,noise
6395978599202,6392085020554,T306,11.5,Raj Bakker,2025-09-11 16:19:37,noise
6395978599202,6394048553499,T306,53.7,Raj Bakker,2025-09-10 17:07:23,noise
6395978599202,6392334677082,T727,9.9,Raj Bakker,2025-09-09 17:28:12,noise
6395978599202,6392334677082,T727,18.8,Raj Bakker,2025-09-09 13:20:18,noise
6395978599202,6395122083064,T306,6.0,Raj Bakker,2025-09-08 10:28:29,noise
6395978599202,6392724977358,T306,25.6,Raj Bakker,2025-09-07 03:23:14,noise
6395978599202,6392334677082,T306,11.8,Raj Bakker,2025-09-06 16:06:03,noise
6395978599202,6391085319364,T727,68.8,Raj Bakker,2025-09-06 18:18:28,noise
6395978599202,6397197783416,T727,5.1,Raj Bakker,2025-09-05 04:21:58,noise
6395978599202,6392334677082,T727,9.3,Raj Bakker,2025-09-04 20:03:20,noise
6395978599202,6395726944755,T727,35.5,Raj Bakker,2025-09-04 12:29:12,noise
6395978599202,6392463613153,T727,37.9,Raj Bakker,2025-09-03 21:04:06,noise
6395978599202,6394841742270,T306,9.6,Raj Bakker,2025-09-03 20:05:53,noise
6395978599202,6392795791102,T306,18.7,Raj Bakker,2025-09-02 05:04:42,noise
6395978599202,6395726944755,T306,15.7,Raj Bakker,2025-09-02 01:07:06,noise
6395978599202,6394841742270,T306,3.8,Raj Bakker,2025-09-01 05:29:58,noise
6395978599202,6392334677082,T306,10.4,Raj Bakker,2025-09-01 17:18:01,noise
6395978599202,6395726944755,T727,7.6,Raj Bakker,2025-09-01 20:19:26,noise
6395978599202,6397636641248,T306,13.4,Raj Bakker,2025-08-31 10:07:14,noise
6395978599202,6393975769123,T306,30.8,Raj Bakker,2025-08-30 19:04:41,noise
6395978599202,6397008615813,T306,56.0,Raj Bakker,2025-08-30 15:28:51,noise
6395978599202,6393951377482,T306,27.8,Raj Bakker,2025-08-29 19:12:11,noise
6395978599202,6392334677082,T727,11.0,Raj Bakker,2025-08-29 02:30:33,noise
6395978599202,6392334677082,T727,30.1,Raj Bakker,2025-08-28 21:05:04,noise
6395978599202,6394841742270,T306,11.5,Raj Bakker,2025-08-28 09:01:18,noise
6395978599202,6399924544312,T727,10.8,Raj Bakker,2025-08-27 19:19:56,noise
6395978599202,6396693621506,T727,20.7,Raj Bakker,2025-08-27 14:02:48,noise
6395978599202,6394841742270,T306,16.1,Raj Bakker,2025-08-26 15:04:19,noise
6395978599202,6393603835968,T727,5.3,Raj Bakker,2025-08-25 04:14:06,noise
6395978599202,6394841742270,T306,4.9,Raj Bakker,2025-08-24 23:18:42,noise
6395978599202,6394882630315,T306,9.0,Raj Bakker,2025-08-24 13:04:08,noise
6395978599202,6393859907578,T306,13.0,Raj Bakker,2025-08-23 10:08:02,noise
6395978599202,6392334677082,T727,25.3,Raj Bakker,2025-08-22 15:21:57,noise
6395978599202,6394841742270,T727,7.7,Raj Bakker,2025-08-22 08:16:39,noise
6395978599202,6391937582998,T727,25.5,Raj Bakker,2025-08-21 13:21:13,noise
6395978599202,6399076960112,T306,15.9,Raj Bakker,2025-08-21 11:20:38,noise
6395978599202,6397235532708,T727,65.6,Raj Bakker,2025-08-21 12:06:32,noise
6395978599202,6392724977358,T727,16.1,Raj Bakker,2025-08-20 08:21:48,noise
6395978599202,6391757381529,T306,4.5,Raj Bakker,2025-08-20 12:25:37,noise
6395978599202,6395363927709,T306,4.4,Raj Bakker,2025-08-19 05:28:35,noise
6395978599202,6395656527999,T727,34.6,Raj Bakker,2025-08-18 10:25:52,noise
6395978599202,6396978132661,T306,10.5,Raj Bakker,2025-08-18 13:14:28,noise
6395978599202,6398036705746,T727,17.3,Raj Bakker,2025-08-18 04:04:16,noise
6395978599202,6392523182756,T306,2.7,Raj Bakker,2025-08-17 18:20:02,noise
6395978599202,6392334677082,T306,9.5,Raj Bakker,2025-08-16 22:27:26,noise
6395978599202,6394841742270,T306,17.2,Raj Bakker,2025-08-16 18:09:15,noise
6395978599202,6394841742270,T727,17.1,Raj Bakker,2025-08-15 09:11:30,noise
6395978599202,6395726944755,T306,13.3,Raj Bakker,2025-08-15 14:17:47,noise
6395978599202,6397792731200,T306,8.2,Raj Bakker,2025-08-15 13:03:39,noise
6395978599202,6395726944755,T727,28.5,Raj Bakker,2025-08-14 08:28:12,noise
6395978599202,6395975932913,T727,25.3,Raj Bakker,2025-08-14 09:08:42,noise
6395978599202,6396441529079,T727,50.7,Raj Bakker,2025-08-13 23:02:25,noise
6395978599202,6395726944755,T306,10.9,Raj Bakker,2025-08-12 08:27:52,noise
6395978599202,6395726944755,T306,4.7,Raj Bakker,2025-08-12 21:00:32,noise
6395978599202,6395726944755,T727,64.7,Raj Bakker,2025-08-12 18:13:16,noise
6395978599202,6392334677082,T306,21.2,Raj Bakker,2025-08-11 14:00:16,noise
6395978599202,6392334677082,T306,16.6,Raj Bakker,2025-08-11 10:02:07,noise
6395978599202,6394555912795,T727,30.5,Raj Bakker,2025-08-10 21:09:45,noise
6395978599202,6392334677082,T727,11.8,Raj Bakker,2025-08-09 01:18:35,noise
6395978599202,6395726944755,T306,15.7,Raj Bakker,2025-08-08 17:28:54,noise
6395978599202,6391621634803,T727,35.0,Raj Bakker,2025-08-08 23:27:03,noise
6395978599202,6392334677082,T727,23.9,Raj Bakker,2025-08-07 16:08:31,noise
6395978599202,6397554224472,T306,11.8,Raj Bakker,2025-08-06 20:23:40,noise
6395978599202,6394841742270,T306,11.6,Raj Bakker,2025-08-06 12:08:02,noise
6395978599202,6392334677082,T727,16.4,Raj Bakker,2025-08-05 14:08:22,noise
6395978599202,6394841742270,T727,23.7,Raj Bakker,2025-08-05 17:25:12,noise
6395978599202,6395656527999,T727,15.6,Raj Bakker,2025-08-05 09:04:36,noise
6395978599202,6392779062252,T727,5.1,Raj Bakker,2025-08-04 17:05:01,noise
6391085319364,6392523182756,T630,6.8,Hugo Okafor,2025-10-18 11:16:11,noise
6391085319364,6398036705746,T305,44.2,Hugo Okafor,2025-10-18 10:08:37,noise
6391085319364,6391575752536,T305,24.8,Hugo Okafor,2025-10-17 14:10:15,noise
6391085319364,6391279393246,T630,11.5,Hugo Okafor,2025-10-17 02:17:44,noise
6391085319364,6398036705746,T630,31.0,Hugo Okafor,2025-10-16 20:14:14,noise
6391085319364,6391575752536,T630,24.9,Hugo Okafor,2025-10-16 11:30:03,noise
6391085319364,6399521620276,T305,5.9,Hugo Okafor,2025-10-15 19:10:17,noise
6391085319364,6397652242448,T630,5.6,Hugo Okafor,2025-10-15 11:27:10,noise
6391085319364,6392085020554,T305,22.4,Hugo Okafor,2025-10-14 11:04:01,noise
6391085319364,6398036705746,T630,2.7,Hugo Okafor,2025-10-13 15:06:37,noise
6391085319364,6398036705746,T630,28.6,Hugo Okafor,2025-10-13 12:28:59,noise
6391085319364,6391279393246,T630,13.4,Hugo Okafor,2025-10-13 19:01:27,noise
6391085319364,6397906422409,T630,12.5,Hugo Okafor,2025-10-12 12:18:18,noise
6391085319364,6395122083064,T630,17.8,Hugo Okafor,2025-10-12 18:30:47,noise
6391085319364,6394272648738,T630,16.3,Hugo Okafor,2025-10-11 13:20:33,noise
6391085319364,6396967557245,T305,65.5,Hugo Okafor,2025-10-11 03:13:22,noise
6391085319364,6392724977358,T630,42.5,Hugo Okafor,2025-10-10 10:00:07,noise
6391085319364,6395363927709,T630,18.5,Hugo Okafor,2025-10-10 11:29:47,noise
6391085319364,6398036705746,T630,26.1,Hugo Okafor,2025-10-09 18:12:46,noise
6391085319364,6398036705746,T630,16.6,Hugo Okafor,2025-10-08 00:10:07,noise
6391085319364,6398036705746,T630,9.0,Hugo Okafor,2025-10-08 08:17:45,noise
6391085319364,6391575752536,T630,4.0,Hugo Okafor,2025-10-07 11:24:24,noise
6391085319364,6393493304331,T305,30.3,Hugo Okafor,2025-10-06 10:13:32,noise
6391085319364,6392779062252,T305,16.6,Hugo Okafor,2025-10-06 11:26:49,noise
6391085319364,6397588030313,T630,8.5,Hugo Okafor,2025-10-05 22:08:47,noise
6391085319364,6391279393246,T630,19.6,Hugo Okafor,2025-10-05 01:03:59,noise
6391085319364,6392779062252,T630,13.6,Hugo Okafor,2025-10-04 20:08:37,noise
6391085319364,6392085020554,T630,32.0,Hugo Okafor,2025-10-04 08:29:48,noise
6391085319364,6396859651169,T630,21.7,Hugo Okafor,2025-10-03 21:13:24,noise
6391085319364,6392885325965,T630,13.0,Hugo Okafor,2025-10-03 14:24:26,noise
6391085319364,6391575752536,T305,31.9,Hugo Okafor,2025-10-03 21:00:42,noise
6391085319364,6393859907578,T305,11.0,Hugo Okafor,2025-10-02 16:28:55,noise
6391085319364,6399799920361,T630,36.6,Hugo Okafor,2025-10-01 09:22:46,noise
6391085319364,6391575752536,T305,17.1,Hugo Okafor,2025-10-01 09:15:24,noise
6391085319364,6398036705746,T630,18.4,Hugo Okafor,2025-09-30 15:21:17,noise
6391085319364,6391279393246,T305,8.3,Hugo Okafor,2025-09-30 02:09:51,noise
6391085319364,6397636641248,T305,4.9,Hugo Okafor,2025-09-30 15:11:40,noise
6391085319364,6399521620276,T630,8.4,Hugo Okafor,2025-09-29 11:08:46,noise
6391085319364,6394555912795,T630,5.0,Hugo Okafor,2025-09-28 11:12:24,noise
6391085319364,6391575752536,T630,163.2,Hugo Okafor,2025-09-27 20:07:30,noise
6391085319364,6398036705746,T305,28.5,Hugo Okafor,2025-09-27 13:18:37,noise
6391085319364,6391575752536,T305,26.7,Hugo Okafor,2025-09-26 22:05:57,noise
6391085319364,6394841742270,T630,10.4,Hugo Okafor,2025-09-25 08:29:23,noise
6391085319364,6391575752536,T305,8.5,Hugo Okafor,2025-09-25 15:25:06,noise
6391085319364,6391279393246,T305,21.4,Hugo Okafor,2025-09-25 10:01:25,noise
6391085319364,6391279393246,T305,12.3,Hugo Okafor,2025-09-24 22:22:52,noise
6391085319364,6395978599202,T305,10.3,Hugo Okafor,2025-09-23 15:20:29,noise
6391085319364,6398036705746,T630,16.3,Hugo Okafor,2025-09-22 17:27:08,noise
6391085319364,6391279393246,T305,65.9,Hugo Okafor,2025-09-21 10:12:22,noise
6391085319364,6398036705746,T630,11.9,Hugo Okafor,2025-09-20 22:04:15,noise
6391085319364,6391279393246,T630,10.5,Hugo Okafor,2025-09-20 16:11:52,noise
6391085319364,6399617100710,T630,6.1,Hugo Okafor,2025-09-20 18:14:25,noise
6391085319364,6391279393246,T630,12.5,Hugo Okafor,2025-09-19 13:30:46,noise
6391085319364,6397636641248,T630,22.8,Hugo Okafor,2025-09-18 23:25:57,noise
6391085319364,6398036705746,T630,11.5,Hugo Okafor,2025-09-18 17:09:28,noise
6391085319364,6396956928083,T305,55.0,Hugo Okafor,2025-09-17 20:19:13,noise
6391085319364,6395975932913,T305,13.3,Hugo Okafor,2025-09-17 05:03:29,noise
6391085319364,6398036705746,T630,39.3,Hugo Okafor,2025-09-16 14:04:33,noise
6391085319364,6394272648738,T630,22.7,Hugo Okafor,2025-09-16 14:25:27,noise
6391085319364,6391279393246,T630,10.9,Hugo Okafor,2025-09-16 13:22:46,noise
6391085319364,6391279393246,T630,16.0,Hugo Okafor,2025-09-15 09:19:08,noise
6391085319364,6398036705746,T630,16.6,Hugo Okafor,2025-09-14 15:03:46,noise
6391085319364,6391279393246,T305,15.9,Hugo Okafor,2025-09-14 17:24:01,noise
6391085319364,6398036705746,T305,16.0,Hugo Okafor,2025-09-14 22:28:51,noise
6391085319364,6399496417009,T630,17.4,Hugo Okafor,2025-09-13 15:05:26,noise
6391085319364,6395913076726,T305,7.3,Hugo Okafor,2025-09-12 15:03:13,noise
6391085319364,6391279393246,T305,37.4,Hugo Okafor,2025-09-12 12:19:43,noise
6391085319364,6399979024610,T630,8.5,Hugo Okafor,2025-09-11 16:13:34,noise
6391085319364,6398036705746,T305,13.1,Hugo Okafor,2025-09-11 09:00:02,noise
6391085319364,6391575752536,T305,11.7,Hugo Okafor,2025-09-10 17:30:28,noise
6391085319364,6391279393246,T630,22.7,Hugo Okafor,2025-09-10 22:04:26,noise
6391085319364,6394882630315,T305,15.2,Hugo Okafor,2025-09-10 19:23:53,noise
6391085319364,6391279393246,T630,20.0,Hugo Okafor,2025-09-09 10:30:36,noise
6391085319364,6396518798247,T630,13.7,Hugo Okafor,2025-09-09 17:11:59,noise
6391085319364,6399799920361,T305,21.4,Hugo Okafor,2025-09-09 13:04:37,noise
6391085319364,6398036705746,T630,47.8,Hugo Okafor,2025-09-08 22:07:39,noise
6391085319364,6394882630315,T630,62.0,Hugo Okafor,2025-09-07 11:17:52,noise
6391085319364,6399496417009,T630,15.0,Hugo Okafor,2025-09-07 21:07:56,noise
6391085319364,6391279393246,T630,6.9,Hugo Okafor,2025-09-07 19:13:16,noise
6391085319364,6398761443795,T630,8.8,Hugo Okafor,2025-09-06 15:22:48,noise
6391085319364,6398036705746,T630,31.3,Hugo Okafor,2025-09-06 04:28:11,noise
6391085319364,6391575752536,T630,19.5,Hugo Okafor,2025-09-05 21:27:15,noise
6391085319364,6391279393246,T305,10.1,Hugo Okafor,2025-09-05 20:06:11,noise
6391085319364,6391279393246,T630,50.2,Hugo Okafor,2025-09-05 13:21:48,noise
6391085319364,6391279393246,T630,25.4,Hugo Okafor,2025-09-04 17:13:22,noise
6391085319364,6398036705746,T630,28.8,Hugo Okafor,2025-09-04 20:06:28,noise
6391085319364,6391279393246,T305,9.5,Hugo Okafor,2025-09-03 14:05:22,noise
6391085319364,6398036705746,T630,20.2,Hugo Okafor,2025-09-03 15:13:55,noise
6391085319364,6398036705746,T305,22.4,Hugo Okafor,2025-09-02 15:02:19,noise
6391085319364,6398036705746,T305,14.9,Hugo Okafor,2025-09-02 11:28:15,noise
6391085319364,6391279393246,T630,65.3,Hugo Okafor,2025-09-01 11:18:25,noise
6391085319364,6391279393246,T630,16.5,Hugo Okafor,2025-09-01 11:19:43,noise
6391085319364,6398036705746,T630,33.5,Hugo Okafor,2025-08-31 16:27:12,noise
6391085319364,6398036705746,T630,17.8,Hugo Okafor,2025-08-31 13:16:13,noise
6391085319364,6398491189169,T630,12.4,Hugo Okafor,2025-08-30 19:20:07,noise
6391085319364,6391279393246,T630,4.8,Hugo Okafor,2025-08-30 04:17:52,noise
6391085319364,6391279393246,T305,11.4,Hugo Okafor,2025-08-29 16:09:32,noise
6391085319364,6391575752536,T630,20.7,Hugo Okafor,2025-08-29 14:12:03,noise
6391085319364,6391279393246,T630,52.3,Hugo Okafor,2025-08-29 08:02:48,noise
6391085319364,6391575752536,T305,14.9,Hugo Okafor,2025-08-28 17:08:59,noise
6391085319364,6398036705746,T630,16.9,Hugo Okafor,2025-08-28 19:09:11,noise
6391085319364,6395082508928,T630,19.4,Hugo Okafor,2025-08-27 15:02:13,noise
6391085319364,6391279393246,T305,29.5,Hugo Okafor,2025-08-27 13:26:17,noise
6391085319364,6399521620276,T305,29.4,Hugo Okafor,2025-08-27 08:24:09,noise
6391085319364,6396181402712,T630,26.7,Hugo Okafor,2025-08-26 13:20:27,noise
6391085319364,6392085020554,T305,29.4,Hugo Okafor,2025-08-26 20:00:10,noise
6391085319364,6394574621348,T305,58.2,Hugo Okafor,2025-08-26 17:05:33,noise
6391085319364,6391279393246,T305,111.8,Hugo Okafor,2025-08-25 08:01:06,noise
6391085319364,6396681820773,T630,14.1,Hugo Okafor,2025-08-25 08:01:50,noise
6391085319364,6398036705746,T630,39.0,Hugo Okafor,2025-08-24 00:09:09,noise
6391085319364,6391279393246,T630,8.3,Hugo Okafor,2025-08-23 19:29:55,noise
6391085319364,6398036705746,T305,14.7,Hugo Okafor,2025-08-22 10:14:23,noise
6391085319364,6393723821869,T305,13.2,Hugo Okafor,2025-08-21 08:08:17,noise
6391085319364,6392295700924,T630,12.9,Hugo Okafor,2025-08-20 13:12:13,noise
6391085319364,6391279393246,T630,7.9,Hugo Okafor,2025-08-20 08:25:01,noise
6391085319364,6391575752536,T305,13.0,Hugo Okafor,2025-08-19 17:08:29,noise
6391085319364,6391279393246,T305,10.1,Hugo Okafor,2025-08-19 08:18:56,noise
6391085319364,6391279393246,T630,16.0,Hugo Okafor,2025-08-19 08:17:07,noise
6391085319364,6398036705746,T630,6.6,Hugo Okafor,2025-08-18 08:20:34,noise
6391085319364,6398036705746,T305,24.4,Hugo Okafor,2025-08-18 20:17:16,noise
6391085319364,6395082508928,T305,11.1,Hugo Okafor,2025-08-18 14:19:30,noise
6391085319364,6397636641248,T305,6.3,Hugo Okafor,2025-08-17 17:00:52,noise
6391085319364,6395913076726,T630,16.5,Hugo Okafor,2025-08-17 09:16:11,noise
6391085319364,6398036705746,T630,59.4,Hugo Okafor,2025-08-16 14:14:23,noise
6391085319364,6391575752536,T305,13.1,Hugo Okafor,2025-08-16 00:30:02,noise
6391085319364,6391575752536,T305,46.5,Hugo Okafor,2025-08-15 10:28:33,noise
6391085319364,6392052186148,T305,14.4,Hugo Okafor,2025-08-14 21:03:08,noise
6391085319364,6396967557245,T305,25.6,Hugo Okafor,2025-08-13 13:04:57,noise
6391085319364,6399496417009,T305,14.4,Hugo Okafor,2025-08-12 00:20:16,noise
6391085319364,6398036705746,T630,10.2,Hugo Okafor,2025-08-11 11:24:45,noise
6391085319364,6391279393246,T630,63.2,Hugo Okafor,2025-08-10 09:24:49,noise
6391085319364,6399076960112,T630,15.3,Hugo Okafor,2025-08-10 05:05:09,noise
6391085319364,6391575752536,T630,41.1,Hugo Okafor,2025-08-09 13:13:31,noise
6391085319364,6391575752536,T305,17.2,Hugo Okafor,2025-08-09 15:04:21,noise
6391085319364,6391279393246,T305,19.3,Hugo Okafor,2025-08-09 19:15:32,noise
6391085319364,6391279393246,T630,53.1,Hugo Okafor,2025-08-08 19:02:44,noise
6391085319364,6391279393246,T630,21.5,Hugo Okafor,2025-08-08 18:01:06,noise
6391085319364,6398036705746,T630,54.7,Hugo Okafor,2025-08-07 18:27:06,noise
6391085319364,6398036705746,T630,12.7,Hugo Okafor,2025-08-06 20:19:03,noise
6391085319364,6391575752536,T630,21.6,Hugo Okafor,2025-08-05 15:05:56,noise
6391085319364,6391279393246,T305,10.5,Hugo Okafor,2025-08-05 15:14:40,noise
6391085319364,6395363927709,T305,11.1,Hugo Okafor,2025-08-04 18:23:34,noise
6391085319364,6398036705746,T630,12.6,Hugo Okafor,2025-08-04 17:08:10,noise
6397554224472,6394264279208,T277,24.6,Raj Patida,2025-10-18 12:28:27,noise
6397554224472,6391194839118,T277,13.4,Raj Patida,2025-10-18 15:12:09,noise
6397554224472,6398036705746,T277,12.7,Raj Patida,2025-10-18 10:17:26,noise
6397554224472,6392085020554,T277,14.5,Raj Patida,2025-10-17 23:24:14,noise
6397554224472,6391621634803,T277,7.3,Raj Patida,2025-10-17 18:16:33,noise
6397554224472,6398036705746,T779,41.8,Raj Patida,2025-10-16 02:08:45,noise
6397554224472,6399924544312,T779,9.9,Raj Patida,2025-10-16 16:05:40,noise
6397554224472,6396492957730,T779,13.9,Raj Patida,2025-10-15 11:29:01,noise
6397554224472,6391841771012,T277,21.8,Raj Patida,2025-10-15 23:18:31,noise
6397554224472,6391194839118,T277,8.9,Raj Patida,2025-10-15 20:12:39,noise
6397554224472,6391194839118,T779,9.7,Raj Patida,2025-10-14 13:04:31,noise
6397554224472,6398036705746,T277,8.9,Raj Patida,2025-10-13 09:13:03,noise
6397554224472,6393726218800,T779,17.1,Raj Patida,2025-10-13 14:25:22,noise
6397554224472,6398036705746,T779,14.0,Raj Patida,2025-10-12 22:10:03,noise
6397554224472,6392085020554,T779,12.0,Raj Patida,2025-10-12 17:05:59,noise
6397554224472,6395978599202,T277,15.9,Raj Patida,2025-10-11 19:18:51,noise
6397554224472,6398036705746,T277,21.5,Raj Patida,2025-10-11 20:08:14,noise
6397554224472,6392085020554,T277,137.6,Raj Patida,2025-10-10 23:10:17,noise
6397554224472,6396181402712,T277,4.7,Raj Patida,2025-10-09 11:19:47,noise
6397554224472,6398391305137,T779,51.7,Raj Patida,2025-10-09 11:24:04,noise
6397554224472,6398445554732,T779,11.7,Raj Patida,2025-10-08 18:15:40,noise
6397554224472,6399496417009,T779,6.3,Raj Patida,2025-10-08 14:09:54,noise
6397554224472,6395255503056,T779,12.6,Raj Patida,2025-10-07 13:08:31,noise
6397554224472,6399617100710,T779,25.7,Raj Patida,2025-10-07 08:27:04,noise
6397554224472,6398036705746,T277,5.6,Raj Patida,2025-10-06 21:22:24,noise
6397554224472,6394555912795,T779,31.9,Raj Patida,2025-10-06 20:11:40,noise
6397554224472,6398036705746,T779,18.3,Raj Patida,2025-10-05 18:22:37,noise
6397554224472,6398036705746,T779,9.8,Raj Patida,2025-10-05 20:13:12,noise
6397554224472,6397588030313,T779,16.4,Raj Patida,2025-10-04 12:22:16,noise
6397554224472,6395122083064,T779,54.7,Raj Patida,2025-10-04 18:15:53,noise
6397554224472,6393603835968,T779,28.9,Raj Patida,2025-10-03 15:28:14,noise
6397554224472,6397274004764,T779,6.9,Raj Patida,2025-10-03 14:06:56,noise
6397554224472,6398036705746,T277,25.2,Raj Patida,2025-10-02 11:05:57,noise
6397554224472,6398036705746,T779,49.2,Raj Patida,2025-10-02 23:24:02,noise
6397554224472,6392779062252,T779,13.0,Raj Patida,2025-10-01 11:02:19,noise
6397554224472,6395978599202,T277,12.2,Raj Patida,2025-10-01 20:12:15,noise
6397554224472,6391194839118,T779,19.6,Raj Patida,2025-10-01 13:13:11,noise
6397554224472,6392523182756,T779,26.1,Raj Patida,2025-09-30 17:16:07,noise
6397554224472,6398036705746,T779,12.2,Raj Patida,2025-09-30 19:16:34,noise
6397554224472,6397636641248,T277,6.0,Raj Patida,2025-09-29 18:14:19,noise
6397554224472,6392085020554,T779,10.0,Raj Patida,2025-09-29 17:10:55,noise
6397554224472,6398036705746,T277,18.9,Raj Patida,2025-09-29 13:24:14,noise
6397554224472,6391194839118,T779,5.1,Raj Patida,2025-09-28 22:00:44,noise
6397554224472,6397209902585,T779,36.7,Raj Patida,2025-09-28 14:04:04,noise
6397554224472,6393603835968,T779,13.6,Raj Patida,2025-09-28 09:12:32,noise
6397554224472,6392085020554,T779,7.2,Raj Patida,2025-09-27 20:29:10,noise
6397554224472,6398036705746,T277,6.4,Raj Patida,2025-09-26 18:00:42,noise
6397554224472,6394272648738,T277,17.4,Raj Patida,2025-09-26 22:30:44,noise
6397554224472,6398036705746,T277,9.1,Raj Patida,2025-09-26 16:16:43,noise
6397554224472,6392795791102,T277,61.7,Raj Patida,2025-09-25 12:13:31,noise
6397554224472,6392085020554,T277,31.7,Raj Patida,2025-09-25 21:09:26,noise
6397554224472,6391194839118,T779,6.3,Raj Patida,2025-09-24 17:05:23,noise
6397554224472,6392085020554,T779,38.6,Raj Patida,2025-09-23 13:12:41,noise
6397554224472,6391194839118,T779,4.7,Raj Patida,2025-09-22 16:11:10,noise
6397554224472,6391194839118,T277,12.6,Raj Patida,2025-09-21 12:13:32,noise
6397554224472,6398036705746,T779,5.3,Raj Patida,2025-09-21 13:06:44,noise
6397554224472,6396607099917,T779,53.1,Raj Patida,2025-09-20 02:14:19,noise
6397554224472,6392085020554,T277,11.7,Raj Patida,2025-09-19 18:00:48,noise
6397554224472,6398036705746,T277,22.4,Raj Patida,2025-09-19 22:04:43,noise
6397554224472,6398036705746,T277,14.1,Raj Patida,2025-09-18 18:01:19,noise
6397554224472,6391194839118,T779,6.9,Raj Patida,2025-09-18 15:08:01,noise
6397554224472,6392835511896,T779,18.3,Raj Patida,2025-09-17 21:18:58,noise
6397554224472,6393541804755,T277,10.8,Raj Patida,2025-09-17 13:22:18,noise
6397554224472,6397906422409,T277,21.1,Raj Patida,2025-09-16 11:29:50,noise
6397554224472,6391194839118,T779,7.1,Raj Patida,2025-09-16 05:18:31,noise
6397554224472,6392085020554,T779,21.0,Raj Patida,2025-09-16 20:16:05,noise
6397554224472,6392085020554,T779,20.4,Raj Patida,2025-09-15 05:18:29,noise
6397554224472,6392724977358,T779,6.7,Raj Patida,2025-09-15 18:26:03,noise
6397554224472,6391621634803,T277,3.9,Raj Patida,2025-09-14 18:07:16,noise
6397554224472,6392085020554,T277,11.3,Raj Patida,2025-09-14 02:19:02,noise
6397554224472,6392085020554,T779,16.9,Raj Patida,2025-09-13 18:18:33,noise
6397554224472,6392085020554,T277,13.8,Raj Patida,2025-09-13 14:16:29,noise
6397554224472,6391194839118,T779,9.5,Raj Patida,2025-09-13 12:13:14,noise
6397554224472,6391194839118,T779,19.8,Raj Patida,2025-09-12 20:30:48,noise
6397554224472,6391194839118,T277,11.1,Raj Patida,2025-09-12 20:21:43,noise
6397554224472,6398036705746,T277,43.8,Raj Patida,2025-09-11 16:22:11,noise
6397554224472,6392085020554,T779,55.6,Raj Patida,2025-09-11 08:15:22,noise
6397554224472,6391657761801,T277,9.8,Raj Patida,2025-09-10 19:25:45,noise
6397554224472,6393135045026,T779,16.2,Raj Patida,2025-09-10 14:20:48,noise
6397554224472,6393561104962,T779,27.0,Raj Patida,2025-09-09 19:11:13,noise
6397554224472,6398036705746,T779,37.7,Raj Patida,2025-09-08 22:01:37,noise
6397554224472,6398036705746,T277,45.1,Raj Patida,2025-09-08 14:12:56,noise
6397554224472,6392085020554,T277,11.9,Raj Patida,2025-09-08 16:11:48,noise
6397554224472,6398036705746,T779,38.1,Raj Patida,2025-09-07 08:08:35,noise
6397554224472,6398036705746,T779,31.7,Raj Patida,2025-09-06 08:18:38,noise
6397554224472,6395913076726,T277,54.3,Raj Patida,2025-09-06 02:12:53,noise
6397554224472,6392085020554,T277,17.9,Raj Patida,2025-09-05 21:27:37,noise
6397554224472,6392085020554,T779,31.9,Raj Patida,2025-09-05 11:22:02,noise
6397554224472,6398036705746,T277,79.6,Raj Patida,2025-09-04 16:28:21,noise
6397554224472,6398036705746,T277,11.5,Raj Patida,2025-09-04 10:01:44,noise
6397554224472,6399617100710,T779,20.2,Raj Patida,2025-09-03 18:28:12,noise
6397554224472,6399471209395,T277,53.4,Raj Patida,2025-09-03 15:20:44,noise
6397554224472,6392463613153,T277,15.3,Raj Patida,2025-09-02 22:18:21,noise
6397554224472,6392085020554,T779,12.6,Raj Patida,2025-09-02 16:00:11,noise
6397554224472,6396956928083,T277,13.9,Raj Patida,2025-09-01 11:23:36,noise
6397554224472,6398036705746,T779,13.1,Raj Patida,2025-08-31 10:15:20,noise
6397554224472,6396978132661,T277,9.8,Raj Patida,2025-08-31 19:10:53,noise
6397554224472,6392085020554,T779,25.0,Raj Patida,2025-08-30 12:21:50,noise
6397554224472,6392085020554,T277,11.8,Raj Patida,2025-08-30 12:19:15,noise
6397554224472,6398036705746,T779,9.6,Raj Patida,2025-08-30 20:00:01,noise
6397554224472,6398036705746,T779,10.5,Raj Patida,2025-08-29 21:02:51,noise
6397554224472,6393045592855,T277,18.7,Raj Patida,2025-08-29 13:17:18,noise
6397554224472,6398036705746,T779,12.0,Raj Patida,2025-08-29 12:27:17,noise
6397554224472,6392085020554,T277,31.5,Raj Patida,2025-08-28 12:10:55,noise
6397554224472,6391194839118,T779,23.4,Raj Patida,2025-08-28 14:11:23,noise
6397554224472,6395122083064,T277,11.3,Raj Patida,2025-08-27 09:18:05,noise
6397554224472,6393045592855,T779,5.2,Raj Patida,2025-08-27 17:28:09,noise
6397554224472,6394841742270,T779,10.3,Raj Patida,2025-08-26 11:21:51,noise
6397554224472,6398491189169,T779,24.4,Raj Patida,2025-08-25 22:03:23,noise
6397554224472,6392085020554,T277,18.4,Raj Patida,2025-08-24 08:06:55,noise
6397554224472,6392334677082,T779,56.1,Raj Patida,2025-08-24 20:05:35,noise
6397554224472,6398906791192,T277,22.7,Raj Patida,2025-08-23 23:02:13,noise
6397554224472,6398036705746,T779,4.6,Raj Patida,2025-08-23 14:04:39,noise
6397554224472,6392523182756,T779,27.1,Raj Patida,2025-08-22 22:15:09,noise
6397554224472,6391194839118,T779,2.8,Raj Patida,2025-08-22 17:30:06,noise
6397554224472,6391575752536,T277,9.0,Raj Patida,2025-08-21 17:19:39,noise
6397554224472,6398036705746,T277,15.8,Raj Patida,2025-08-21 03:07:01,noise
6397554224472,6396978132661,T779,92.7,Raj Patida,2025-08-20 17:10:04,noise
6397554224472,6392085020554,T277,16.2,Raj Patida,2025-08-20 08:18:11,noise
6397554224472,6398036705746,T779,1.8,Raj Patida,2025-08-19 01:08:34,noise
6397554224472,6396607099917,T277,12.7,Raj Patida,2025-08-19 16:01:43,noise
6397554224472,6393723821869,T779,12.9,Raj Patida,2025-08-19 04:06:09,noise
6397554224472,6399924544312,T779,2.9,Raj Patida,2025-08-18 11:16:13,noise
6397554224472,6391194839118,T779,11.1,Raj Patida,2025-08-18 12:03:13,noise
6397554224472,6398036705746,T779,12.4,Raj Patida,2025-08-17 20:21:09,noise
6397554224472,6398036705746,T277,21.5,Raj Patida,2025-08-16 09:00:08,noise
6397554224472,6393561104962,T779,36.9,Raj Patida,2025-08-16 09:06:12,noise
6397554224472,6396956928083,T277,59.4,Raj Patida,2025-08-16 10:22:38,noise
6397554224472,6396095128059,T277,26.4,Raj Patida,2025-08-15 11:12:00,noise
6397554224472,6392085020554,T779,60.6,Raj Patida,2025-08-14 16:07:38,noise
6397554224472,6392463613153,T779,14.5,Raj Patida,2025-08-13 14:01:36,noise
6397554224472,6392779062252,T277,26.8,Raj Patida,2025-08-13 08:21:58,noise
6397554224472,6392085020554,T779,27.8,Raj Patida,2025-08-13 16:11:33,noise
6397554224472,6392835511896,T779,10.9,Raj Patida,2025-08-12 13:05:38,noise
6397554224472,6398036705746,T779,12.2,Raj Patida,2025-08-11 13:15:13,noise
6397554224472,6392085020554,T277,7.3,Raj Patida,2025-08-11 14:25:12,noise
6397554224472,6391937582998,T779,10.1,Raj Patida,2025-08-10 20:29:17,noise
6397554224472,6398036705746,T779,6.2,Raj Patida,2025-08-10 11:05:26,noise
6397554224472,6391194839118,T779,7.7,Raj Patida,2025-08-10 08:05:02,noise
6397554224472,6391194839118,T277,12.1,Raj Patida,2025-08-09 18:09:54,noise
6397554224472,6397197783416,T277,7.7,Raj Patida,2025-08-09 13:03:04,noise
6397554224472,6397364632100,T277,6.3,Raj Patida,2025-08-08 10:15:34,noise
6397554224472,6394574621348,T277,35.5,Raj Patida,2025-08-08 19:25:59,noise
6397554224472,6392085020554,T779,7.0,Raj Patida,2025-08-08 22:30:40,noise
6397554224472,6393493304331,T277,29.2,Raj Patida,2025-08-07 12:28:40,noise
6397554224472,6391621634803,T779,22.0,Raj Patida,2025-08-07 09:02:26,noise
6397554224472,6398036705746,T277,3.5,Raj Patida,2025-08-07 09:09:34,noise
6397554224472,6398036705746,T779,12.9,Raj Patida,2025-08-06 21:12:33,noise
6397554224472,6392085020554,T277,27.1,Raj Patida,2025-08-05 20:19:25,noise
6397554224472,6392085020554,T277,16.5,Raj Patida,2025-08-04 21:19:36,noise
6399856589429,6391681212932,T487,10.5,Grace Tanaka,2025-10-18 13:17:32,noise
6399856589429,6396892073434,T487,6.4,Grace Tanaka,2025-10-18 15:05:26,noise
6399856589429,6396892073434,T487,21.7,Grace Tanaka,2025-10-17 14:07:16,noise
6399856589429,6396892073434,T487,10.5,Grace Tanaka,2025-10-16 17:29:17,noise
6399856589429,6393603835968,T313,32.3,Grace Tanaka,2025-10-16 01:24:49,noise
6399856589429,6391194839118,T313,6.0,Grace Tanaka,2025-10-15 17:07:15,noise
6399856589429,6396892073434,T487,15.8,Grace Tanaka,2025-10-15 20:24:38,noise
6399856589429,6396892073434,T487,32.4,Grace Tanaka,2025-10-14 16:18:54,noise
6399856589429,6396892073434,T313,11.0,Grace Tanaka,2025-10-14 15:22:58,noise
6399856589429,6396892073434,T487,7.3,Grace Tanaka,2025-10-13 20:19:21,noise
6399856589429,6393603835968,T313,30.9,Grace Tanaka,2025-10-12 09:16:03,noise
6399856589429,6393603835968,T313,11.7,Grace Tanaka,2025-10-12 08:16:08,noise
6399856589429,6393603835968,T487,43.4,Grace Tanaka,2025-10-11 16:18:05,noise
6399856589429,6393603835968,T487,17.7,Grace Tanaka,2025-10-10 18:13:24,noise
6399856589429,6391194839118,T313,17.2,Grace Tanaka,2025-10-10 08:28:55,noise
6399856589429,6396892073434,T313,10.6,Grace Tanaka,2025-10-10 18:06:43,noise
6399856589429,6393603835968,T487,39.2,Grace Tanaka,2025-10-09 11:10:50,noise
6399856589429,6398036705746,T313,12.7,Grace Tanaka,2025-10-09 10:11:34,noise
6399856589429,6393603835968,T313,18.1,Grace Tanaka,2025-10-08 16:23:04,noise
6399856589429,6398906791192,T313,27.4,Grace Tanaka,2025-10-08 00:07:22,noise
6399856589429,6396892073434,T313,46.8,Grace Tanaka,2025-10-07 15:29:35,noise
6399856589429,6391279393246,T313,12.2,Grace Tanaka,2025-10-07 19:19:06,noise
6399856589429,6391194839118,T487,63.8,Grace Tanaka,2025-10-06 09:15:33,noise
6399856589429,6397316055758,T487,24.7,Grace Tanaka,2025-10-06 17:04:09,noise
6399856589429,6391194839118,T313,6.5,Grace Tanaka,2025-10-06 23:02:09,noise
6399856589429,6391194839118,T487,33.6,Grace Tanaka,2025-10-05 15:17:53,noise
6399856589429,6391053669235,T313,8.6,Grace Tanaka,2025-10-05 16:01:03,noise
6399856589429,6396892073434,T313,12.6,Grace Tanaka,2025-10-04 21:13:27,noise
6399856589429,6396892073434,T313,25.1,Grace Tanaka,2025-10-04 16:17:37,noise
6399856589429,6393726218800,T487,12.8,Grace Tanaka,2025-10-04 05:10:46,noise
6399856589429,6398491189169,T313,10.9,Grace Tanaka,2025-10-03 11:27:51,noise
6399856589429,6393603835968,T487,30.5,Grace Tanaka,2025-10-03 13:16:16,noise
6399856589429,6391194839118,T313,4.3,Grace Tanaka,2025-10-03 13:00:58,noise
6399856589429,6393603835968,T313,18.4,Grace Tanaka,2025-10-02 18:21:53,noise
6399856589429,6391841771012,T487,8.0,Grace Tanaka,2025-10-02 22:23:29,noise
6399856589429,6399076960112,T313,8.0,Grace Tanaka,2025-10-01 00:07:42,noise
6399856589429,6393603835968,T313,36.7,Grace Tanaka,2025-10-01 10:06:18,noise
6399856589429,6391194839118,T487,85.3,Grace Tanaka,2025-10-01 12:10:36,noise
6399856589429,6393603835968,T487,22.2,Grace Tanaka,2025-09-30 05:27:22,noise
6399856589429,6391053669235,T313,23.9,Grace Tanaka,2025-09-30 21:09:36,noise
6399856589429,6391657761801,T487,30.7,Grace Tanaka,2025-09-29 08:23:07,noise
6399856589429,6396892073434,T487,3.7,Grace Tanaka,2025-09-28 23:28:51,noise
6399856589429,6396978132661,T487,56.8,Grace Tanaka,2025-09-28 15:02:24,noise
6399856589429,6398391305137,T487,17.6,Grace Tanaka,2025-09-27 22:24:00,noise
6399856589429,6391194839118,T313,12.5,Grace Tanaka,2025-09-27 17:02:34,noise
6399856589429,6391194839118,T313,31.9,Grace Tanaka,2025-09-27 09:07:35,noise
6399856589429,6395255503056,T487,53.2,Grace Tanaka,2025-09-26 15:08:51,noise
6399856589429,6393603835968,T313,34.9,Grace Tanaka,2025-09-26 08:14:16,noise
6399856589429,6393603835968,T487,28.2,Grace Tanaka,2025-09-26 15:01:19,noise
6399856589429,6391194839118,T313,25.8,Grace Tanaka,2025-09-25 10:29:27,noise
6399856589429,6391194839118,T487,13.9,Grace Tanaka,2025-09-24 14:21:36,noise
6399856589429,6396892073434,T313,15.7,Grace Tanaka,2025-09-23 19:17:52,noise
6399856589429,6396892073434,T313,21.3,Grace Tanaka,2025-09-23 16:04:32,noise
6399856589429,6393603835968,T313,23.0,Grace Tanaka,2025-09-22 09:25:20,noise
6399856589429,6391085319364,T487,32.8,Grace Tanaka,2025-09-22 19:09:28,noise
6399856589429,6393603835968,T313,41.7,Grace Tanaka,2025-09-21 18:28:46,noise
6399856589429,6393603835968,T487,23.4,Grace Tanaka,2025-09-21 17:07:20,noise
6399856589429,6391194839118,T313,19.1,Grace Tanaka,2025-09-20 16:19:42,noise
6399856589429,6398906791192,T487,67.2,Grace Tanaka,2025-09-20 08:20:56,noise
6399856589429,6394882630315,T487,31.2,Grace Tanaka,2025-09-19 09:27:57,noise
6399856589429,6396892073434,T313,7.5,Grace Tanaka,2025-09-19 20:00:06,noise
6399856589429,6396892073434,T487,17.1,Grace Tanaka,2025-09-18 17:18:01,noise
6399856589429,6391757381529,T313,41.2,Grace Tanaka,2025-09-18 10:08:52,noise
6399856589429,6398732852032,T487,17.3,Grace Tanaka,2025-09-17 10:13:13,noise
6399856589429,6396492957730,T487,9.6,Grace Tanaka,2025-09-17 02:13:03,noise
6399856589429,6396892073434,T487,16.0,Grace Tanaka,2025-09-16 10:20:57,noise
6399856589429,6391194839118,T313,8.0,Grace Tanaka,2025-09-15 05:01:08,noise
6399856589429,6391194839118,T487,8.6,Grace Tanaka,2025-09-15 15:17:50,noise
6399856589429,6394841742270,T313,7.2,Grace Tanaka,2025-09-14 20:11:12,noise
6399856589429,6394264279208,T487,12.6,Grace Tanaka,2025-09-14 08:01:36,noise
6399856589429,6396892073434,T313,42.1,Grace Tanaka,2025-09-13 09:25:29,noise
6399856589429,6391194839118,T313,71.5,Grace Tanaka,2025-09-13 19:15:09,noise
6399856589429,6396927514387,T313,74.0,Grace Tanaka,2025-09-12 04:29:48,noise
6399856589429,6397554224472,T313,6.3,Grace Tanaka,2025-09-12 16:20:06,noise
6399856589429,6393603835968,T313,24.9,Grace Tanaka,2025-09-11 16:04:56,noise
6399856589429,6391194839118,T487,17.5,Grace Tanaka,2025-09-11 14:10:51,noise
6399856589429,6392523182756,T313,9.9,Grace Tanaka,2025-09-10 18:13:07,noise
6399856589429,6391194839118,T313,8.0,Grace Tanaka,2025-09-10 20:02:30,noise
6399856589429,6394574621348,T313,14.5,Grace Tanaka,2025-09-10 12:01:43,noise
6399856589429,6393603835968,T313,44.3,Grace Tanaka,2025-09-09 11:30:26,noise
6399856589429,6396423658378,T487,21.8,Grace Tanaka,2025-09-09 08:01:03,noise
6399856589429,6393603835968,T313,23.0,Grace Tanaka,2025-09-09 16:01:40,noise
6399856589429,6396892073434,T313,61.1,Grace Tanaka,2025-09-08 11:08:57,noise
6399856589429,6396892073434,T313,33.9,Grace Tanaka,2025-09-07 18:14:58,noise
6399856589429,6396095128059,T313,48.4,Grace Tanaka,2025-09-07 13:28:35,noise
6399856589429,6391053669235,T487,12.9,Grace Tanaka,2025-09-06 05:30:25,noise
6399856589429,6391194839118,T313,8.0,Grace Tanaka,2025-09-06 00:16:26,noise
6399856589429,6391194839118,T313,11.3,Grace Tanaka,2025-09-06 10:25:24,noise
6399856589429,6395455137652,T313,14.2,Grace Tanaka,2025-09-05 23:26:08,noise
6399856589429,6393603835968,T313,43.8,Grace Tanaka,2025-09-05 13:02:56,noise
6399856589429,6396892073434,T487,18.0,Grace Tanaka,2025-09-05 23:02:43,noise
6399856589429,6392724977358,T313,15.9,Grace Tanaka,2025-09-04 04:07:06,noise
6399856589429,6393603835968,T313,24.4,Grace Tanaka,2025-09-04 20:14:22,noise
6399856589429,6391194839118,T313,27.0,Grace Tanaka,2025-09-03 16:12:09,noise
6399856589429,6393603835968,T313,8.9,Grace Tanaka,2025-09-02 13:28:59,noise
6399856589429,6399165981131,T487,7.1,Grace Tanaka,2025-09-02 08:21:28,noise
6399856589429,6393603835968,T313,14.5,Grace Tanaka,2025-09-01 12:09:10,noise
6399856589429,6393603835968,T313,19.3,Grace Tanaka,2025-09-01 22:04:46,noise
6399856589429,6391194839118,T313,23.6,Grace Tanaka,2025-08-31 16:08:38,noise
6399856589429,6396892073434,T313,3.9,Grace Tanaka,2025-08-31 13:28:20,noise
6399856589429,6396492957730,T487,19.1,Grace Tanaka,2025-08-30 14:09:16,noise
6399856589429,6392085020554,T487,8.8,Grace Tanaka,2025-08-30 15:00:55,noise
6399856589429,6393603835968,T313,19.3,Grace Tanaka,2025-08-30 08:20:50,noise
6399856589429,6396892073434,T487,8.5,Grace Tanaka,2025-08-29 01:29:32,noise
6399856589429,6393603835968,T487,27.2,Grace Tanaka,2025-08-29 23:08:17,noise
6399856589429,6391194839118,T487,26.7,Grace Tanaka,2025-08-28 17:18:16,noise
6399856589429,6397906422409,T487,32.5,Grace Tanaka,2025-08-27 20:25:36,noise
6399856589429,6396892073434,T487,27.9,Grace Tanaka,2025-08-27 11:15:29,noise
6399856589429,6393603835968,T487,22.7,Grace Tanaka,2025-08-27 16:03:18,noise
6399856589429,6396892073434,T313,9.2,Grace Tanaka,2025-08-26 15:14:03,noise
6399856589429,6398445554732,T313,11.6,Grace Tanaka,2025-08-26 15:01:24,noise
6399856589429,6393603835968,T313,48.4,Grace Tanaka,2025-08-25 09:16:53,noise
6399856589429,6395363927709,T313,22.4,Grace Tanaka,2025-08-24 19:24:24,noise
6399856589429,6396892073434,T313,16.4,Grace Tanaka,2025-08-24 20:13:00,noise
6399856589429,6391194839118,T487,6.7,Grace Tanaka,2025-08-24 17:16:47,noise
6399856589429,6396892073434,T313,85.8,Grace Tanaka,2025-08-23 08:23:03,noise
6399856589429,6393603835968,T313,10.9,Grace Tanaka,2025-08-22 15:28:45,noise
6399856589429,6395082508928,T313,17.2,Grace Tanaka,2025-08-22 11:20:04,noise
6399856589429,6391194839118,T313,39.5,Grace Tanaka,2025-08-21 18:16:49,noise
6399856589429,6391194839118,T313,8.8,Grace Tanaka,2025-08-21 14:07:10,noise
6399856589429,6397364632100,T487,12.1,Grace Tanaka,2025-08-20 19:14:27,noise
6399856589429,6393603835968,T313,43.1,Grace Tanaka,2025-08-19 17:23:32,noise
6399856589429,6393603835968,T313,26.8,Grace Tanaka,2025-08-19 14:05:37,noise
6399856589429,6393603835968,T313,2.3,Grace Tanaka,2025-08-19 19:23:51,noise
6399856589429,6396892073434,T487,26.8,Grace Tanaka,2025-08-18 19:11:54,noise
6399856589429,6393603835968,T487,22.1,Grace Tanaka,2025-08-17 23:22:11,noise
6399856589429,6396492957730,T313,14.1,Grace Tanaka,2025-08-17 08:07:40,noise
6399856589429,6392795791102,T313,29.5,Grace Tanaka,2025-08-17 18:04:01,noise
6399856589429,6391194839118,T313,8.6,Grace Tanaka,2025-08-16 13:30:10,noise
6399856589429,6393603835968,T487,13.5,Grace Tanaka,2025-08-16 12:13:42,noise
6399856589429,6398391305137,T487,10.5,Grace Tanaka,2025-08-15 14:25:43,noise
6399856589429,6391194839118,T487,18.7,Grace Tanaka,2025-08-15 08:00:25,noise
6399856589429,6395122083064,T313,7.3,Grace Tanaka,2025-08-14 04:01:40,noise
6399856589429,6399856589429,T313,28.5,Grace Tanaka,2025-08-14 13:10:52,noise
6399856589429,6391937903040,T313,19.7,Grace Tanaka,2025-08-14 12:18:25,noise
6399856589429,6391194839118,T313,14.2,Grace Tanaka,2025-08-13 08:07:38,noise
6399856589429,6396892073434,T313,18.1,Grace Tanaka,2025-08-13 12:17:02,noise
6399856589429,6393603835968,T313,7.3,Grace Tanaka,2025-08-13 10:12:21,noise
6399856589429,6396892073434,T313,33.2,Grace Tanaka,2025-08-12 08:00:50,noise
6399856589429,6395726944755,T313,12.3,Grace Tanaka,2025-08-12 02:23:28,noise
6399856589429,6393603835968,T313,15.3,Grace Tanaka,2025-08-11 19:28:40,noise
6399856589429,6392795791102,T313,5.3,Grace Tanaka,2025-08-10 12:13:23,noise
6399856589429,6391194839118,T487,24.5,Grace Tanaka,2025-08-10 21:28:34,noise
6399856589429,6396892073434,T487,5.7,Grace Tanaka,2025-08-10 09:06:50,noise
6399856589429,6391194839118,T313,2.5,Grace Tanaka,2025-08-09 12:27:54,noise
6399856589429,6391194839118,T313,23.8,Grace Tanaka,2025-08-09 02:26:54,noise
6399856589429,6399924544312,T313,15.0,Grace Tanaka,2025-08-09 18:26:13,noise
6399856589429,6394841742270,T313,5.3,Grace Tanaka,2025-08-08 03:06:43,noise
6399856589429,6396859651169,T313,11.4,Grace Tanaka,2025-08-07 10:25:54,noise
6399856589429,6393603835968,T313,10.3,Grace Tanaka,2025-08-07 17:27:41,noise
6399856589429,6396607099917,T313,17.5,Grace Tanaka,2025-08-07 10:00:06,noise
6399856589429,6396892073434,T313,23.5,Grace Tanaka,2025-08-06 18:08:57,noise
6399856589429,6393493304331,T313,21.5,Grace Tanaka,2025-08-05 12:11:56,noise
6399856589429,6391841771012,T313,24.8,Grace Tanaka,2025-08-05 05:26:16,noise
6399856589429,6393603835968,T313,9.5,Grace Tanaka,2025-08-05 02:10:18,noise
6399856589429,6393975769123,T313,32.7,Grace Tanaka,2025-08-04 08:09:59,noise
6399856589429,6391657761801,T487,18.1,Grace Tanaka,2025-08-04 01:27:58,noise
6399521620276,6393541804755,T591,27.0,Priya Duarte,2025-10-18 03:30:08,noise
6399521620276,6394779148527,T821,26.0,Priya Duarte,2025-10-18 01:06:13,noise
6399521620276,6395656527999,T591,8.7,Priya Duarte,2025-10-18 13:09:34,noise
6399521620276,6397792731200,T821,12.6,Priya Duarte,2025-10-17 10:06:41,noise
6399521620276,6394779148527,T591,18.3,Priya Duarte,2025-10-17 10:25:03,noise
6399521620276,6391937903040,T821,49.9,Priya Duarte,2025-10-16 08:17:03,noise
6399521620276,6391937582998,T821,79.7,Priya Duarte,2025-10-16 11:02:39,noise
6399521620276,6391937903040,T821,11.1,Priya Duarte,2025-10-15 09:02:27,noise
6399521620276,6394882630315,T591,5.8,Priya Duarte,2025-10-14 11:00:16,noise
6399521620276,6394779148527,T591,5.2,Priya Duarte,2025-10-14 13:12:32,noise
6399521620276,6392523182756,T591,14.8,Priya Duarte,2025-10-13 00:23:53,noise
6399521620276,6394882630315,T821,9.3,Priya Duarte,2025-10-13 15:04:20,noise
6399521620276,6394779148527,T821,10.5,Priya Duarte,2025-10-13 11:16:33,noise
6399521620276,6391194839118,T821,36.1,Priya Duarte,2025-10-12 22:23:19,noise
6399521620276,6391841771012,T821,34.7,Priya Duarte,2025-10-11 02:01:42,noise
6399521620276,6394779148527,T821,65.5,Priya Duarte,2025-10-10 20:25:43,noise
6399521620276,6392295700924,T821,6.4,Priya Duarte,2025-10-09 15:08:12,noise
6399521620276,6394779148527,T591,24.5,Priya Duarte,2025-10-09 18:03:59,noise
6399521620276,6391937903040,T591,12.3,Priya Duarte,2025-10-08 23:04:25,noise
6399521620276,6395455137652,T591,6.2,Priya Duarte,2025-10-08 19:01:17,noise
6399521620276,6391657761801,T591,23.9,Priya Duarte,2025-10-08 14:15:29,noise
6399521620276,6392085020554,T591,7.2,Priya Duarte,2025-10-07 08:27:38,noise
6399521620276,6394882630315,T591,9.1,Priya Duarte,2025-10-07 12:11:51,noise
6399521620276,6394779148527,T591,13.1,Priya Duarte,2025-10-07 09:23:58,noise
6399521620276,6391937903040,T821,14.5,Priya Duarte,2025-10-06 17:13:25,noise
6399521620276,6394779148527,T591,18.8,Priya Duarte,2025-10-06 00:13:52,noise
6399521620276,6394779148527,T821,12.9,Priya Duarte,2025-10-05 08:08:43,noise
6399521620276,6398036705746,T591,7.8,Priya Duarte,2025-10-05 13:17:11,noise
6399521620276,6394882630315,T821,6.9,Priya Duarte,2025-10-04 17:16:10,noise
6399521620276,6396468854276,T591,39.5,Priya Duarte,2025-10-04 09:15:40,noise
6399521620276,6391937903040,T821,10.8,Priya Duarte,2025-10-03 12:10:49,noise
6399521620276,6394882630315,T591,46.0,Priya Duarte,2025-10-03 18:01:31,noise
6399521620276,6391937903040,T821,12.0,Priya Duarte,2025-10-02 15:02:10,noise
6399521620276,6394882630315,T821,62.2,Priya Duarte,2025-10-02 14:19:26,noise
6399521620276,6397652242448,T591,28.8,Priya Duarte,2025-10-01 17:06:18,noise
6399521620276,6394882630315,T591,18.3,Priya Duarte,2025-10-01 23:24:05,noise
6399521620276,6391937903040,T821,18.0,Priya Duarte,2025-09-30 12:20:46,noise
6399521620276,6395363927709,T821,13.7,Priya Duarte,2025-09-29 14:20:30,noise
6399521620276,6391937903040,T821,19.4,Priya Duarte,2025-09-29 20:11:24,noise
6399521620276,6398491189169,T591,37.8,Priya Duarte,2025-09-28 14:27:43,noise
6399521620276,6393493304331,T821,23.0,Priya Duarte,2025-09-28 19:18:21,noise
6399521620276,6391757381529,T821,44.8,Priya Duarte,2025-09-27 19:12:44,noise
6399521620276,6395255503056,T591,14.9,Priya Duarte,2025-09-27 21:22:46,noise
6399521620276,6399259551176,T591,49.1,Priya Duarte,2025-09-26 10:29:17,noise
6399521620276,6391937903040,T591,8.1,Priya Duarte,2025-09-26 11:08:59,noise
6399521620276,6394882630315,T821,40.8,Priya Duarte,2025-09-25 10:10:25,noise
6399521620276,6397554224472,T591,18.2,Priya Duarte,2025-09-24 16:12:26,noise
6399521620276,6391937903040,T821,20.3,Priya Duarte,2025-09-24 12:22:43,noise
6399521620276,6394882630315,T821,19.9,Priya Duarte,2025-09-23 20:21:14,noise
6399521620276,6392885325965,T821,22.8,Priya Duarte,2025-09-23 17:15:03,noise
6399521620276,6394779148527,T821,12.2,Priya Duarte,2025-09-22 13:22:30,noise
6399521620276,6391937903040,T821,35.0,Priya Duarte,2025-09-22 15:08:33,noise
6399521620276,6398732852032,T821,7.2,Priya Duarte,2025-09-21 12:06:30,noise
6399521620276,6394882630315,T821,23.7,Priya Duarte,2025-09-21 12:01:45,noise
6399521620276,6394779148527,T821,8.2,Priya Duarte,2025-09-20 12:25:59,noise
6399521620276,6391937903040,T821,41.0,Priya Duarte,2025-09-20 14:25:58,noise
6399521620276,6398906791192,T591,6.5,Priya Duarte,2025-09-20 15:12:00,noise
6399521620276,6394882630315,T591,8.3,Priya Duarte,2025-09-19 11:08:07,noise
6399521620276,6398906791192,T821,23.9,Priya Duarte,2025-09-18 18:16:03,noise
6399521620276,6391937903040,T591,8.4,Priya Duarte,2025-09-18 21:25:11,noise
6399521620276,6394779148527,T591,43.0,Priya Duarte,2025-09-17 19:17:02,noise
6399521620276,6392835511896,T821,12.2,Priya Duarte,2025-09-17 15:06:31,noise
6399521620276,6393603835968,T821,7.4,Priya Duarte,2025-09-16 17:22:27,noise
6399521620276,6391681212932,T821,47.6,Priya Duarte,2025-09-16 12:05:22,noise
6399521620276,6391937903040,T821,27.1,Priya Duarte,2025-09-15 12:18:15,noise
6399521620276,6397636641248,T591,12.0,Priya Duarte,2025-09-15 10:23:37,noise
6399521620276,6391937903040,T591,16.9,Priya Duarte,2025-09-14 16:18:06,noise
6399521620276,6391937903040,T821,18.7,Priya Duarte,2025-09-14 17:17:00,noise
6399521620276,6394779148527,T591,13.9,Priya Duarte,2025-09-13 22:08:37,noise
6399521620276,6394779148527,T591,34.9,Priya Duarte,2025-09-13 04:02:01,noise
6399521620276,6396423658378,T821,128.1,Priya Duarte,2025-09-12 16:09:43,noise
6399521620276,6396859651169,T591,13.8,Priya Duarte,2025-09-12 16:21:24,noise
6399521620276,6394779148527,T591,23.9,Priya Duarte,2025-09-11 14:24:57,noise
6399521620276,6394779148527,T821,40.1,Priya Duarte,2025-09-11 12:24:13,noise
6399521620276,6391937582998,T591,15.2,Priya Duarte,2025-09-11 11:25:43,noise
6399521620276,6391681212932,T821,31.6,Priya Duarte,2025-09-10 15:07:27,noise
6399521620276,6393045592855,T591,15.9,Priya Duarte,2025-09-10 10:16:03,noise
6399521620276,6394882630315,T821,66.3,Priya Duarte,2025-09-09 18:19:27,noise
6399521620276,6399259551176,T591,22.1,Priya Duarte,2025-09-09 12:18:12,noise
6399521620276,6399471209395,T591,16.4,Priya Duarte,2025-09-08 20:04:27,noise
6399521620276,6391937903040,T821,6.7,Priya Duarte,2025-09-07 08:20:04,noise
6399521620276,6392885325965,T821,43.3,Priya Duarte,2025-09-07 21:18:56,noise
6399521620276,6391937903040,T591,12.6,Priya Duarte,2025-09-06 23:24:31,noise
6399521620276,6394779148527,T821,25.8,Priya Duarte,2025-09-06 12:04:31,noise
6399521620276,6394882630315,T821,2.8,Priya Duarte,2025-09-06 14:06:29,noise
6399521620276,6394882630315,T591,9.4,Priya Duarte,2025-09-05 20:24:18,noise
6399521620276,6394882630315,T591,7.2,Priya Duarte,2025-09-05 12:03:38,noise
6399521620276,6394779148527,T821,30.3,Priya Duarte,2025-09-04 15:25:43,noise
6399521620276,6394882630315,T591,28.2,Priya Duarte,2025-09-03 20:19:54,noise
6399521620276,6394882630315,T591,37.8,Priya Duarte,2025-09-03 08:26:42,noise
6399521620276,6394779148527,T821,6.7,Priya Duarte,2025-09-02 20:19:19,noise
6399521620276,6394882630315,T821,2.8,Priya Duarte,2025-09-02 10:06:43,noise
6399521620276,6391937903040,T591,9.4,Priya Duarte,2025-09-01 11:27:50,noise
6399521620276,6391937903040,T591,57.1,Priya Duarte,2025-09-01 00:26:59,noise
6399521620276,6399521620276,T821,15.4,Priya Duarte,2025-08-31 21:07:26,noise
6399521620276,6396181402712,T821,12.6,Priya Duarte,2025-08-31 05:29:54,noise
6399521620276,6394779148527,T591,14.7,Priya Duarte,2025-08-30 21:00:59,noise
6399521620276,6397664580862,T591,29.4,Priya Duarte,2025-08-30 15:29:36,noise
6399521620276,6391937903040,T821,13.8,Priya Duarte,2025-08-29 00:09:08,noise
6399521620276,6391937903040,T821,25.3,Priya Duarte,2025-08-28 16:15:07,noise
6399521620276,6397664580862,T821,25.2,Priya Duarte,2025-08-28 05:14:58,noise
6399521620276,6391937903040,T591,19.3,Priya Duarte,2025-08-27 17:04:42,noise
6399521620276,6394882630315,T591,9.6,Priya Duarte,2025-08-27 16:11:19,noise
6399521620276,6396892073434,T591,25.7,Priya Duarte,2025-08-27 20:01:24,noise
6399521620276,6394779148527,T821,32.4,Priya Duarte,2025-08-26 11:15:38,noise
6399521620276,6394779148527,T821,11.2,Priya Duarte,2025-08-26 16:07:41,noise
6399521620276,6394779148527,T591,14.0,Priya Duarte,2025-08-25 16:03:09,noise
6399521620276,6393726218800,T821,33.7,Priya Duarte,2025-08-25 20:01:29,noise
6399521620276,6394779148527,T591,27.4,Priya Duarte,2025-08-24 15:25:18,noise
6399521620276,6394882630315,T821,16.3,Priya Duarte,2025-08-24 16:24:08,noise
6399521620276,6394574621348,T821,41.3,Priya Duarte,2025-08-23 10:00:31,noise
6399521620276,6391937903040,T821,8.2,Priya Duarte,2025-08-22 10:24:53,noise
6399521620276,6394882630315,T821,28.4,Priya Duarte,2025-08-22 22:28:17,noise
6399521620276,6393794997179,T821,22.7,Priya Duarte,2025-08-21 20:08:44,noise
6399521620276,6391937903040,T821,16.6,Priya Duarte,2025-08-21 08:20:36,noise
6399521620276,6395255503056,T821,7.2,Priya Duarte,2025-08-20 15:12:09,noise
6399521620276,6394779148527,T821,36.3,Priya Duarte,2025-08-19 16:12:46,noise
6399521620276,6394779148527,T821,27.3,Priya Duarte,2025-08-19 08:14:21,noise
6399521620276,6394882630315,T821,9.0,Priya Duarte,2025-08-19 17:28:36,noise
6399521620276,6394048553499,T821,15.4,Priya Duarte,2025-08-18 22:09:45,noise
6399521620276,6394779148527,T821,9.5,Priya Duarte,2025-08-18 14:22:33,noise
6399521620276,6391937903040,T821,10.1,Priya Duarte,2025-08-17 16:12:06,noise
6399521620276,6394272648738,T591,13.2,Priya Duarte,2025-08-17 10:11:48,noise
6399521620276,6393726218800,T821,11.4,Priya Duarte,2025-08-16 19:09:20,noise
6399521620276,6393726218800,T821,49.7,Priya Duarte,2025-08-15 15:26:14,noise
6399521620276,6396859651169,T821,19.5,Priya Duarte,2025-08-15 20:22:40,noise
6399521620276,6398036705746,T591,26.4,Priya Duarte,2025-08-14 20:13:29,noise
6399521620276,6394882630315,T591,41.9,Priya Duarte,2025-08-14 16:16:44,noise
6399521620276,6396978132661,T821,17.4,Priya Duarte,2025-08-13 12:18:27,noise
6399521620276,6391937903040,T821,18.4,Priya Duarte,2025-08-13 12:18:44,noise
6399521620276,6391937903040,T821,5.4,Priya Duarte,2025-08-13 13:27:04,noise
6399521620276,6397209902585,T821,62.8,Priya Duarte,2025-08-12 03:05:08,noise
6399521620276,6397844655371,T821,21.2,Priya Duarte,2025-08-12 08:18:48,noise
6399521620276,6394882630315,T591,29.8,Priya Duarte,2025-08-12 15:00:10,noise
6399521620276,6395975932913,T821,8.4,Priya Duarte,2025-08-11 17:00:23,noise
6399521620276,6399076960112,T821,28.6,Priya Duarte,2025-08-10 17:02:24,noise
6399521620276,6395656527999,T821,8.5,Priya Duarte,2025-08-10 19:11:14,noise
6399521620276,6394882630315,T591,8.5,Priya Duarte,2025-08-10 14:28:20,noise
6399521620276,6394882630315,T591,10.4,Priya Duarte,2025-08-09 02:29:34,noise
6399521620276,6391937903040,T591,34.3,Priya Duarte,2025-08-09 08:04:28,noise
6399521620276,6391937903040,T821,38.6,Priya Duarte,2025-08-08 19:18:57,noise
6399521620276,6394779148527,T821,45.7,Priya Duarte,2025-08-08 13:13:08,noise
6399521620276,6394882630315,T591,21.7,Priya Duarte,2025-08-07 23:25:51,noise
6399521620276,6391937903040,T591,37.3,Priya Duarte,2025-08-07 18:27:44,noise
6399521620276,6394779148527,T591,3.1,Priya Duarte,2025-08-06 19:13:35,noise
6399521620276,6396441529079,T821,7.1,Priya Duarte,2025-08-06 21:00:10,noise
6399521620276,6391937903040,T821,14.5,Priya Duarte,2025-08-06 18:26:59,noise
6399521620276,6393794997179,T821,16.7,Priya Duarte,2025-08-05 17:10:49,noise
6399521620276,6396518798247,T821,17.4,Priya Duarte,2025-08-05 02:23:44,noise
6399521620276,6391757381529,T821,23.9,Priya Duarte,2025-08-04 14:17:14,noise
6399521620276,6394779148527,T591,26.1,Priya Duarte,2025-08-04 20:00:43,noise
6399471209395,6399496417009,T143,24.2,Kai Diaz,2025-10-18 16:29:40,noise
6399471209395,6396607099917,T525,37.4,Kai Diaz,2025-10-18 16:09:00,noise
6399471209395,6396607099917,T143,18.6,Kai Diaz,2025-10-17 17:07:13,noise
6399471209395,6393726218800,T143,4.5,Kai Diaz,2025-10-17 01:08:12,noise
6399471209395,6396607099917,T143,6.5,Kai Diaz,2025-10-16 21:12:13,noise
6399471209395,6398761443795,T143,7.8,Kai Diaz,2025-10-16 16:06:06,noise
6399471209395,6393135045026,T143,3.8,Kai Diaz,2025-10-15 19:24:23,noise
6399471209395,6393726218800,T143,29.2,Kai Diaz,2025-10-15 15:06:29,noise
6399471209395,6393726218800,T525,2.5,Kai Diaz,2025-10-14 08:29:35,noise
6399471209395,6396607099917,T525,15.6,Kai Diaz,2025-10-13 15:15:46,noise
6399471209395,6396607099917,T143,28.0,Kai Diaz,2025-10-13 14:26:53,noise
6399471209395,6393726218800,T143,47.9,Kai Diaz,2025-10-12 13:11:25,noise
6399471209395,6396607099917,T143,32.7,Kai Diaz,2025-10-12 20:28:20,noise
6399471209395,6396607099917,T525,33.5,Kai Diaz,2025-10-11 11:11:15,noise
6399471209395,6392795791102,T525,26.6,Kai Diaz,2025-10-10 09:22:40,noise
6399471209395,6396631526248,T143,24.8,Kai Diaz,2025-10-10 03:18:53,noise
6399471209395,6396607099917,T143,14.9,Kai Diaz,2025-10-10 17:13:33,noise
6399471209395,6391937903040,T143,26.3,Kai Diaz,2025-10-09 19:24:45,noise
6399471209395,6392295700924,T525,16.3,Kai Diaz,2025-10-08 16:25:25,noise
6399471209395,6396607099917,T525,10.3,Kai Diaz,2025-10-07 12:21:00,noise
6399471209395,6393726218800,T525,13.0,Kai Diaz,2025-10-07 15:09:35,noise
6399471209395,6398761443795,T143,23.1,Kai Diaz,2025-10-06 21:00:10,noise
6399471209395,6392463613153,T525,7.9,Kai Diaz,2025-10-05 17:26:41,noise
6399471209395,6395122083064,T143,7.4,Kai Diaz,2025-10-05 11:22:50,noise
6399471209395,6397906422409,T143,11.0,Kai Diaz,2025-10-04 11:21:30,noise
6399471209395,6393726218800,T525,18.3,Kai Diaz,2025-10-04 11:15:17,noise
6399471209395,6396607099917,T143,10.1,Kai Diaz,2025-10-03 11:11:32,noise
6399471209395,6393723821869,T525,33.2,Kai Diaz,2025-10-02 22:29:10,noise
6399471209395,6393726218800,T143,10.1,Kai Diaz,2025-10-02 18:19:23,noise
6399471209395,6396607099917,T143,3.5,Kai Diaz,2025-10-01 08:05:28,noise
6399471209395,6393726218800,T143,9.0,Kai Diaz,2025-09-30 17:16:39,noise
6399471209395,6396607099917,T143,48.9,Kai Diaz,2025-09-30 22:26:00,noise
6399471209395,6391053669235,T143,7.3,Kai Diaz,2025-09-29 04:19:41,noise
6399471209395,6396607099917,T525,5.6,Kai Diaz,2025-09-29 20:03:45,noise
6399471209395,6397235532708,T143,30.0,Kai Diaz,2025-09-29 08:28:20,noise
6399471209395,6396607099917,T143,50.6,Kai Diaz,2025-09-28 22:01:45,noise
6399471209395,6395913076726,T525,22.1,Kai Diaz,2025-09-28 16:13:26,noise
6399471209395,6392724977358,T143,9.6,Kai Diaz,2025-09-27 18:06:38,noise
6399471209395,6396607099917,T525,5.4,Kai Diaz,2025-09-27 04:00:37,noise
6399471209395,6393726218800,T143,7.4,Kai Diaz,2025-09-26 18:29:55,noise
6399471209395,6393726218800,T525,24.1,Kai Diaz,2025-09-25 16:07:25,noise
6399471209395,6396607099917,T143,5.8,Kai Diaz,2025-09-24 18:28:35,noise
6399471209395,6396607099917,T143,12.9,Kai Diaz,2025-09-24 13:05:24,noise
6399471209395,6396892073434,T525,47.5,Kai Diaz,2025-09-23 21:14:41,noise
6399471209395,6395122083064,T143,5.0,Kai Diaz,2025-09-23 00:11:15,noise
6399471209395,6394841742270,T525,40.9,Kai Diaz,2025-09-22 21:21:16,noise
6399471209395,6396607099917,T525,10.9,Kai Diaz,2025-09-21 08:13:06,noise
6399471209395,6396607099917,T143,26.1,Kai Diaz,2025-09-21 21:00:06,noise
6399471209395,6398761443795,T143,33.4,Kai Diaz,2025-09-20 18:23:24,noise
6399471209395,6396607099917,T525,17.5,Kai Diaz,2025-09-20 10:02:37,noise
6399471209395,6396693621506,T143,6.8,Kai Diaz,2025-09-19 12:19:12,noise
6399471209395,6392779062252,T143,41.3,Kai Diaz,2025-09-18 19:15:54,noise
6399471209395,6396607099917,T143,37.4,Kai Diaz,2025-09-18 01:00:53,noise
6399471209395,6393726218800,T143,27.5,Kai Diaz,2025-09-17 08:26:41,noise
6399471209395,6393726218800,T525,9.2,Kai Diaz,2025-09-16 19:24:25,noise
6399471209395,6396607099917,T143,15.5,Kai Diaz,2025-09-15 09:04:21,noise
6399471209395,6393726218800,T525,6.7,Kai Diaz,2025-09-14 20:28:59,noise
6399471209395,6391085319364,T143,7.8,Kai Diaz,2025-09-14 09:04:17,noise
6399471209395,6393726218800,T525,18.9,Kai Diaz,2025-09-14 21:11:23,noise
6399471209395,6392885325965,T143,15.5,Kai Diaz,2025-09-13 14:19:50,noise
6399471209395,6398761443795,T525,14.0,Kai Diaz,2025-09-13 13:13:25,noise
6399471209395,6396607099917,T143,9.3,Kai Diaz,2025-09-12 09:09:31,noise
6399471209395,6397209902585,T143,15.1,Kai Diaz,2025-09-12 16:25:05,noise
6399471209395,6393726218800,T525,8.9,Kai Diaz,2025-09-12 14:06:40,noise
6399471209395,6393726218800,T525,14.3,Kai Diaz,2025-09-11 12:05:25,noise
6399471209395,6393726218800,T143,24.3,Kai Diaz,2025-09-11 13:23:03,noise
6399471209395,6391194839118,T143,29.0,Kai Diaz,2025-09-10 13:04:08,noise
6399471209395,6394779148527,T525,15.2,Kai Diaz,2025-09-10 00:08:00,noise
6399471209395,6393726218800,T143,18.9,Kai Diaz,2025-09-09 18:10:51,noise
6399471209395,6393726218800,T143,38.5,Kai Diaz,2025-09-09 22:25:31,noise
6399471209395,6397008615813,T143,13.3,Kai Diaz,2025-09-08 16:28:12,noise
6399471209395,6396607099917,T525,13.4,Kai Diaz,2025-09-08 10:00:18,noise
6399471209395,6397792731200,T143,13.9,Kai Diaz,2025-09-07 10:17:58,noise
6399471209395,6393726218800,T525,5.6,Kai Diaz,2025-09-07 11:29:55,noise
6399471209395,6394574621348,T525,64.3,Kai Diaz,2025-09-06 08:30:22,noise
6399471209395,6396607099917,T143,59.6,Kai Diaz,2025-09-05 17:00:41,noise
6399471209395,6393794997179,T525,11.0,Kai Diaz,2025-09-05 12:17:29,noise
6399471209395,6393726218800,T525,12.9,Kai Diaz,2025-09-04 02:09:18,noise
6399471209395,6393726218800,T525,43.8,Kai Diaz,2025-09-03 11:07:57,noise
6399471209395,6396607099917,T525,39.4,Kai Diaz,2025-09-03 13:12:50,noise
6399471209395,6393726218800,T143,12.8,Kai Diaz,2025-09-02 13:29:22,noise
6399471209395,6392779062252,T525,15.1,Kai Diaz,2025-09-02 21:13:33,noise
6399471209395,6393726218800,T525,20.2,Kai Diaz,2025-09-02 14:23:51,noise
6399471209395,6396607099917,T143,10.8,Kai Diaz,2025-09-01 10:12:19,noise
6399471209395,6397235532708,T143,12.4,Kai Diaz,2025-09-01 19:05:13,noise
6399471209395,6396607099917,T525,10.0,Kai Diaz,2025-08-31 12:28:28,noise
6399471209395,6392885325965,T143,12.0,Kai Diaz,2025-08-30 22:11:29,noise
6399471209395,6396607099917,T143,26.8,Kai Diaz,2025-08-30 13:06:50,noise
6399471209395,6392779062252,T525,11.3,Kai Diaz,2025-08-30 15:19:55,noise
6399471209395,6397664580862,T143,10.3,Kai Diaz,2025-08-29 23:19:43,noise
6399471209395,6393726218800,T143,13.7,Kai Diaz,2025-08-29 05:26:03,noise
6399471209395,6393603835968,T143,81.4,Kai Diaz,2025-08-28 09:08:35,noise
6399471209395,6396607099917,T143,12.6,Kai Diaz,2025-08-28 22:06:59,noise
6399471209395,6393723821869,T525,9.3,Kai Diaz,2025-08-27 12:11:17,noise
6399471209395,6396607099917,T143,11.5,Kai Diaz,2025-08-27 00:04:23,noise
6399471209395,6393726218800,T525,4.1,Kai Diaz,2025-08-26 08:04:15,noise
6399471209395,6393726218800,T143,84.6,Kai Diaz,2025-08-25 12:22:04,noise
6399471209395,6393726218800,T525,25.6,Kai Diaz,2025-08-25 13:19:49,noise
6399471209395,6398761443795,T143,6.7,Kai Diaz,2025-08-24 23:20:44,noise
6399471209395,6396518798247,T525,41.1,Kai Diaz,2025-08-23 08:08:44,noise
6399471209395,6393726218800,T143,15.1,Kai Diaz,2025-08-22 15:04:17,noise
6399471209395,6396607099917,T143,39.4,Kai Diaz,2025-08-21 16:17:10,noise
6399471209395,6397792731200,T143,33.1,Kai Diaz,2025-08-21 21:17:07,noise
6399471209395,6399799920361,T143,7.0,Kai Diaz,2025-08-20 13:09:22,noise
6399471209395,6396607099917,T525,10.8,Kai Diaz,2025-08-20 14:17:03,noise
6399471209395,6393726218800,T525,9.7,Kai Diaz,2025-08-20 19:21:01,noise
6399471209395,6393726218800,T525,6.6,Kai Diaz,2025-08-19 14:18:26,noise
6399471209395,6393726218800,T143,6.9,Kai Diaz,2025-08-19 12:05:52,noise
6399471209395,6393726218800,T525,16.9,Kai Diaz,2025-08-18 16:11:22,noise
6399471209395,6395978599202,T525,69.1,Kai Diaz,2025-08-18 10:18:02,noise
6399471209395,6391937903040,T143,11.1,Kai Diaz,2025-08-17 21:26:13,noise
6399471209395,6396607099917,T525,19.0,Kai Diaz,2025-08-16 16:02:03,noise
6399471209395,6393726218800,T525,8.1,Kai Diaz,2025-08-16 20:01:41,noise
6399471209395,6396607099917,T143,31.1,Kai Diaz,2025-08-15 16:13:33,noise
6399471209395,6397588030313,T525,7.4,Kai Diaz,2025-08-15 20:19:35,noise
6399471209395,6398491189169,T525,6.2,Kai Diaz,2025-08-14 11:08:11,noise
6399471209395,6396492957730,T525,16.4,Kai Diaz,2025-08-14 11:14:49,noise
6399471209395,6393726218800,T525,10.4,Kai Diaz,2025-08-13 09:23:43,noise
6399471209395,6395255503056,T525,7.5,Kai Diaz,2025-08-13 10:01:09,noise
6399471209395,6393726218800,T143,6.4,Kai Diaz,2025-08-13 17:11:56,noise
6399471209395,6399924544312,T525,29.7,Kai Diaz,2025-08-12 20:27:39,noise
6399471209395,6393726218800,T143,71.7,Kai Diaz,2025-08-12 20:24:53,noise
6399471209395,6393726218800,T143,25.0,Kai Diaz,2025-08-11 10:06:02,noise
6399471209395,6396607099917,T143,25.0,Kai Diaz,2025-08-11 19:02:02,noise
6399471209395,6391757381529,T143,10.3,Kai Diaz,2025-08-11 16:11:22,noise
6399471209395,6396607099917,T525,11.3,Kai Diaz,2025-08-10 20:07:10,noise
6399471209395,6396607099917,T525,3.6,Kai Diaz,2025-08-09 15:04:57,noise
6399471209395,6392059565366,T143,20.9,Kai Diaz,2025-08-09 04:23:00,noise
6399471209395,6393726218800,T525,79.7,Kai Diaz,2025-08-09 10:30:44,noise
6399471209395,6396607099917,T143,18.6,Kai Diaz,2025-08-08 16:19:18,noise
6399471209395,6396607099917,T525,20.9,Kai Diaz,2025-08-07 22:23:44,noise
6399471209395,6396607099917,T143,21.0,Kai Diaz,2025-08-06 16:24:21,noise
6399471209395,6392724977358,T525,46.0,Kai Diaz,2025-08-06 17:24:05,noise
6399471209395,6392463613153,T143,28.7,Kai Diaz,2025-08-06 08:04:56,noise
6399471209395,6396607099917,T143,10.8,Kai Diaz,2025-08-05 09:24:15,noise
6399471209395,6396607099917,T525,39.2,Kai Diaz,2025-08-05 03:29:56,noise
6399471209395,6396518798247,T525,11.7,Kai Diaz,2025-08-04 20:28:47,noise
6399471209395,6395975932913,T143,8.1,Kai Diaz,2025-08-04 20:23:52,noise
6391575752536,6392334677082,T435,96.5,Mara Iqbal,2025-10-18 12:27:12,noise
6391575752536,6391575752536,T410,32.6,Mara Iqbal,2025-10-18 11:28:30,noise
6391575752536,6399165981131,T410,13.6,Mara Iqbal,2025-10-17 22:28:58,noise
6391575752536,6399165981131,T435,33.5,Mara Iqbal,2025-10-17 10:20:28,noise
6391575752536,6399076960112,T410,11.2,Mara Iqbal,2025-10-16 17:17:05,noise
6391575752536,6399076960112,T435,3.2,Mara Iqbal,2025-10-16 16:25:06,noise
6391575752536,6395975932913,T410,6.3,Mara Iqbal,2025-10-15 22:26:23,noise
6391575752536,6391681212932,T410,28.9,Mara Iqbal,2025-10-15 20:29:37,noise
6391575752536,6391621634803,T410,9.0,Mara Iqbal,2025-10-15 11:03:02,noise
6391575752536,6398761443795,T410,18.4,Mara Iqbal,2025-10-14 18:04:32,noise
6391575752536,6395726944755,T435,11.4,Mara Iqbal,2025-10-14 17:12:47,noise
6391575752536,6394841742270,T410,14.8,Mara Iqbal,2025-10-14 19:21:51,noise
6391575752536,6398761443795,T435,58.5,Mara Iqbal,2025-10-13 01:04:32,noise
6391575752536,6399617100710,T410,14.1,Mara Iqbal,2025-10-13 16:14:12,noise
6391575752536,6399165981131,T435,35.6,Mara Iqbal,2025-10-12 23:24:20,noise
6391575752536,6393135045026,T435,10.9,Mara Iqbal,2025-10-11 10:18:51,noise
6391575752536,6392724977358,T435,15.7,Mara Iqbal,2025-10-11 09:27:38,noise
6391575752536,6399076960112,T435,22.7,Mara Iqbal,2025-10-10 12:07:54,noise
6391575752536,6399076960112,T410,71.1,Mara Iqbal,2025-10-10 09:28:42,noise
6391575752536,6398761443795,T410,21.1,Mara Iqbal,2025-10-10 15:29:13,noise
6391575752536,6395913076726,T410,10.9,Mara Iqbal,2025-10-09 16:25:21,noise
6391575752536,6398491189169,T410,26.4,Mara Iqbal,2025-10-09 22:22:36,noise
6391575752536,6392724977358,T435,10.6,Mara Iqbal,2025-10-08 12:13:49,noise
6391575752536,6399165981131,T435,18.7,Mara Iqbal,2025-10-08 15:02:17,noise
6391575752536,6398761443795,T435,15.3,Mara Iqbal,2025-10-08 08:27:39,noise
6391575752536,6395082508928,T435,19.0,Mara Iqbal,2025-10-07 04:16:44,noise
6391575752536,6397274004764,T435,7.9,Mara Iqbal,2025-10-07 09:07:27,noise
6391575752536,6393561104962,T435,16.6,Mara Iqbal,2025-10-06 09:12:48,noise
6391575752536,6398761443795,T410,20.2,Mara Iqbal,2025-10-06 08:11:17,noise
6391575752536,6396859651169,T410,13.1,Mara Iqbal,2025-10-05 16:23:21,noise
6391575752536,6399165981131,T435,12.0,Mara Iqbal,2025-10-05 16:24:29,noise
6391575752536,6399076960112,T410,14.5,Mara Iqbal,2025-10-04 19:06:04,noise
6391575752536,6399076960112,T410,21.7,Mara Iqbal,2025-10-04 05:10:11,noise
6391575752536,6399165981131,T435,14.9,Mara Iqbal,2025-10-03 11:27:19,noise
6391575752536,6399165981131,T435,15.0,Mara Iqbal,2025-10-03 05:00:17,noise
6391575752536,6398761443795,T410,11.8,Mara Iqbal,2025-10-02 19:16:46,noise
6391575752536,6399165981131,T435,14.8,Mara Iqbal,2025-10-01 05:18:17,noise
6391575752536,6399076960112,T435,13.2,Mara Iqbal,2025-10-01 20:22:55,noise
6391575752536,6399165981131,T410,31.2,Mara Iqbal,2025-09-30 17:24:54,noise
6391575752536,6399076960112,T410,38.0,Mara Iqbal,2025-09-30 20:30:04,noise
6391575752536,6398761443795,T435,75.8,Mara Iqbal,2025-09-29 20:12:36,noise
6391575752536,6399165981131,T410,6.2,Mara Iqbal,2025-09-29 15:05:06,noise
6391575752536,6395255503056,T435,29.4,Mara Iqbal,2025-09-28 09:30:20,noise
6391575752536,6393603835968,T435,14.4,Mara Iqbal,2025-09-28 00:12:08,noise
6391575752536,6394264279208,T435,4.0,Mara Iqbal,2025-09-28 20:01:35,noise
6391575752536,6399165981131,T435,24.5,Mara Iqbal,2025-09-27 16:23:37,noise
6391575752536,6398761443795,T435,10.7,Mara Iqbal,2025-09-27 15:17:05,noise
6391575752536,6398761443795,T435,20.0,Mara Iqbal,2025-09-26 19:13:36,noise
6391575752536,6399165981131,T410,11.0,Mara Iqbal,2025-09-25 21:06:43,noise
6391575752536,6397652242448,T435,10.8,Mara Iqbal,2025-09-25 13:05:48,noise
6391575752536,6399076960112,T435,29.2,Mara Iqbal,2025-09-24 18:17:57,noise
6391575752536,6397652242448,T410,6.5,Mara Iqbal,2025-09-24 22:15:52,noise
6391575752536,6395726944755,T410,32.4,Mara Iqbal,2025-09-23 15:28:40,noise
6391575752536,6396033004999,T410,31.6,Mara Iqbal,2025-09-23 09:09:46,noise
6391575752536,6397844655371,T435,17.0,Mara Iqbal,2025-09-22 15:13:44,noise
6391575752536,6399165981131,T435,39.5,Mara Iqbal,2025-09-22 17:04:28,noise
6391575752536,6399165981131,T410,45.5,Mara Iqbal,2025-09-22 13:26:44,noise
6391575752536,6398761443795,T435,23.1,Mara Iqbal,2025-09-21 19:22:47,noise
6391575752536,6399076960112,T435,9.2,Mara Iqbal,2025-09-21 09:09:57,noise
6391575752536,6399165981131,T410,9.2,Mara Iqbal,2025-09-21 23:08:03,noise
6391575752536,6399165981131,T435,13.8,Mara Iqbal,2025-09-20 13:16:28,noise
6391575752536,6399076960112,T410,14.4,Mara Iqbal,2025-09-19 15:15:46,noise
6391575752536,6398761443795,T410,3.0,Mara Iqbal,2025-09-19 09:07:34,noise
6391575752536,6398761443795,T410,35.7,Mara Iqbal,2025-09-19 11:01:16,noise
6391575752536,6393507307642,T435,23.1,Mara Iqbal,2025-09-18 15:17:40,noise
6391575752536,6394882630315,T435,14.2,Mara Iqbal,2025-09-18 13:16:57,noise
6391575752536,6399165981131,T435,21.4,Mara Iqbal,2025-09-17 10:11:26,noise
6391575752536,6399076960112,T410,14.3,Mara Iqbal,2025-09-16 03:29:31,noise
6391575752536,6399165981131,T410,60.4,Mara Iqbal,2025-09-16 19:19:38,noise
6391575752536,6399076960112,T435,45.0,Mara Iqbal,2025-09-15 15:10:08,noise
6391575752536,6397636641248,T435,14.1,Mara Iqbal,2025-09-14 21:22:52,noise
6391575752536,6395726944755,T410,18.0,Mara Iqbal,2025-09-14 19:22:27,noise
6391575752536,6393493304331,T410,18.7,Mara Iqbal,2025-09-14 09:25:19,noise
6391575752536,6398761443795,T435,5.8,Mara Iqbal,2025-09-13 16:17:30,noise
6391575752536,6398761443795,T435,13.1,Mara Iqbal,2025-09-13 23:03:08,noise
6391575752536,6398761443795,T410,11.8,Mara Iqbal,2025-09-12 12:10:32,noise
6391575752536,6399076960112,T435,25.4,Mara Iqbal,2025-09-12 14:23:06,noise
6391575752536,6398761443795,T435,6.7,Mara Iqbal,2025-09-11 10:05:51,noise
6391575752536,6399076960112,T435,36.0,Mara Iqbal,2025-09-11 18:29:46,noise
6391575752536,6398906791192,T435,12.9,Mara Iqbal,2025-09-10 12:04:32,noise
6391575752536,6398761443795,T435,17.5,Mara Iqbal,2025-09-09 23:20:40,noise
6391575752536,6398761443795,T410,26.8,Mara Iqbal,2025-09-09 14:08:26,noise
6391575752536,6399165981131,T435,40.1,Mara Iqbal,2025-09-08 03:29:08,noise
6391575752536,6398761443795,T410,15.9,Mara Iqbal,2025-09-08 11:19:11,noise
6391575752536,6399076960112,T410,14.1,Mara Iqbal,2025-09-08 17:15:11,noise
6391575752536,6399165981131,T435,29.0,Mara Iqbal,2025-09-07 14:20:23,noise
6391575752536,6398761443795,T435,15.3,Mara Iqbal,2025-09-07 13:29:55,noise
6391575752536,6398761443795,T435,8.8,Mara Iqbal,2025-09-07 21:29:38,noise
6391575752536,6392059565366,T435,12.6,Mara Iqbal,2025-09-06 20:28:21,noise
6391575752536,6397554224472,T435,15.3,Mara Iqbal,2025-09-06 11:23:21,noise
6391575752536,6395913076726,T435,8.6,Mara Iqbal,2025-09-05 14:03:36,noise
6391575752536,6397636641248,T435,14.2,Mara Iqbal,2025-09-05 21:12:14,noise
6391575752536,6398761443795,T435,42.7,Mara Iqbal,2025-09-04 22:25:03,noise
6391575752536,6398761443795,T410,23.0,Mara Iqbal,2025-09-04 19:24:29,noise
6391575752536,6398761443795,T435,28.6,Mara Iqbal,2025-09-04 10:20:23,noise
6391575752536,6395913076726,T435,27.9,Mara Iqbal,2025-09-03 16:29:20,noise
6391575752536,6393135045026,T435,34.9,Mara Iqbal,2025-09-03 19:13:10,noise
6391575752536,6399165981131,T410,61.7,Mara Iqbal,2025-09-02 18:01:48,noise
6391575752536,6399076960112,T410,13.4,Mara Iqbal,2025-09-02 19:15:27,noise
6391575752536,6399076960112,T410,18.2,Mara Iqbal,2025-09-02 11:05:37,noise
6391575752536,6398761443795,T410,37.4,Mara Iqbal,2025-09-01 13:20:56,noise
6391575752536,6399076960112,T410,4.5,Mara Iqbal,2025-08-31 20:16:21,noise
6391575752536,6399076960112,T410,8.0,Mara Iqbal,2025-08-31 09:03:23,noise
6391575752536,6399165981131,T435,20.9,Mara Iqbal,2025-08-30 14:14:56,noise
6391575752536,6397316055758,T435,8.6,Mara Iqbal,2025-08-30 05:09:28,noise
6391575752536,6398761443795,T435,16.5,Mara Iqbal,2025-08-29 20:19:56,noise
6391575752536,6399165981131,T435,12.7,Mara Iqbal,2025-08-29 21:26:23,noise
6391575752536,6396956928083,T435,10.5,Mara Iqbal,2025-08-28 21:13:07,noise
6391575752536,6399076960112,T435,17.8,Mara Iqbal,2025-08-28 10:04:22,noise
6391575752536,6399076960112,T435,48.9,Mara Iqbal,2025-08-27 10:13:20,noise
6391575752536,6399165981131,T435,8.5,Mara Iqbal,2025-08-26 14:23:12,noise
6391575752536,6399165981131,T410,27.9,Mara Iqbal,2025-08-26 02:08:28,noise
6391575752536,6398761443795,T410,16.9,Mara Iqbal,2025-08-25 10:05:32,noise
6391575752536,6396693621506,T435,10.1,Mara Iqbal,2025-08-24 08:17:55,noise
6391575752536,6393561104962,T410,19.8,Mara Iqbal,2025-08-24 01:19:05,noise
6391575752536,6395255503056,T435,37.0,Mara Iqbal,2025-08-23 14:27:46,noise
6391575752536,6398761443795,T410,6.7,Mara Iqbal,2025-08-23 17:23:29,noise
6391575752536,6398445554732,T435,13.1,Mara Iqbal,2025-08-23 19:27:05,noise
6391575752536,6393975769123,T410,9.5,Mara Iqbal,2025-08-22 09:24:25,noise
6391575752536,6397274004764,T435,24.7,Mara Iqbal,2025-08-22 09:30:14,noise
6391575752536,6393975769123,T435,16.3,Mara Iqbal,2025-08-21 23:10:10,noise
6391575752536,6398761443795,T410,7.2,Mara Iqbal,2025-08-21 18:02:42,noise
6391575752536,6398761443795,T435,14.9,Mara Iqbal,2025-08-20 18:06:01,noise
6391575752536,6399076960112,T410,37.1,Mara Iqbal,2025-08-19 15:17:26,noise
6391575752536,6391621634803,T435,26.5,Mara Iqbal,2025-08-19 17:19:01,noise
6391575752536,6395255503056,T435,17.8,Mara Iqbal,2025-08-18 14:28:56,noise
6391575752536,6399165981131,T410,33.2,Mara Iqbal,2025-08-18 19:01:16,noise
6391575752536,6395122083064,T435,35.6,Mara Iqbal,2025-08-17 19:07:07,noise
6391575752536,6399496417009,T410,9.3,Mara Iqbal,2025-08-17 18:08:23,noise
6391575752536,6393561104962,T410,12.4,Mara Iqbal,2025-08-16 17:05:07,noise
6391575752536,6393493304331,T435,17.0,Mara Iqbal,2025-08-16 03:29:01,noise
6391575752536,6399165981131,T410,13.1,Mara Iqbal,2025-08-15 17:20:22,noise
6391575752536,6398761443795,T435,11.8,Mara Iqbal,2025-08-15 11:13:04,noise
6391575752536,6399259551176,T435,9.0,Mara Iqbal,2025-08-15 01:14:14,noise
6391575752536,6396095128059,T435,11.4,Mara Iqbal,2025-08-14 19:13:31,noise
6391575752536,6399076960112,T435,27.5,Mara Iqbal,2025-08-13 04:04:51,noise
6391575752536,6398906791192,T410,11.5,Mara Iqbal,2025-08-13 21:15:41,noise
6391575752536,6399165981131,T410,34.3,Mara Iqbal,2025-08-12 19:24:38,noise
6391575752536,6397235532708,T410,30.0,Mara Iqbal,2025-08-11 10:18:57,noise
6391575752536,6399924544312,T435,17.0,Mara Iqbal,2025-08-11 17:05:04,noise
6391575752536,6397274004764,T435,12.3,Mara Iqbal,2025-08-10 17:11:53,noise
6391575752536,6397008615813,T435,35.0,Mara Iqbal,2025-08-10 13:18:52,noise
6391575752536,6398761443795,T410,9.4,Mara Iqbal,2025-08-09 11:13:54,noise
6391575752536,6399076960112,T435,7.8,Mara Iqbal,2025-08-09 08:23:33,noise
6391575752536,6396119144758,T435,26.8,Mara Iqbal,2025-08-08 18:08:06,noise
6391575752536,6399076960112,T435,8.4,Mara Iqbal,2025-08-07 00:00:01,noise
6391575752536,6399076960112,T435,4.7,Mara Iqbal,2025-08-07 20:09:31,noise
6391575752536,6399076960112,T410,9.1,Mara Iqbal,2025-08-06 02:22:16,noise
6391575752536,6399076960112,T435,12.1,Mara Iqbal,2025-08-06 14:30:59,noise
6391575752536,6399165981131,T410,9.8,Mara Iqbal,2025-08-05 09:20:03,noise
6391575752536,6399165981131,T410,12.0,Mara Iqbal,2025-08-05 17:03:24,noise
6391575752536,6399165981131,T410,16.4,Mara Iqbal,2025-08-05 18:01:02,noise
6391575752536,6398445554732,T435,23.4,Mara Iqbal,2025-08-04 21:16:58,noise
6391575752536,6398761443795,T435,11.8,Mara Iqbal,2025-08-04 20:04:13,noise
6391575752536,6399165981131,T435,4.8,Mara Iqbal,2025-08-04 17:21:25,noise
6397588030313,6397554224472,T671,33.1,Mara Carlos,2025-10-18 20:20:44,noise
6397588030313,6391053669235,T671,15.6,Mara Carlos,2025-10-18 12:01:53,noise
6397588030313,6392334677082,T441,12.5,Mara Carlos,2025-10-17 14:02:32,noise
6397588030313,6391053669235,T671,8.8,Mara Carlos,2025-10-16 09:12:38,noise
6397588030313,6395455137652,T671,19.0,Mara Carlos,2025-10-16 04:30:43,noise
6397588030313,6391053669235,T441,16.9,Mara Carlos,2025-10-16 11:20:44,noise
6397588030313,6395082508928,T671,38.3,Mara Carlos,2025-10-15 15:04:32,noise
6397588030313,6393507307642,T671,3.9,Mara Carlos,2025-10-15 14:30:48,noise
6397588030313,6397664580862,T441,12.0,Mara Carlos,2025-10-15 12:07:13,noise
6397588030313,6391053669235,T441,18.3,Mara Carlos,2025-10-14 08:25:37,noise
6397588030313,6391053669235,T441,7.6,Mara Carlos,2025-10-14 19:30:15,noise
6397588030313,6391053669235,T441,9.0,Mara Carlos,2025-10-13 13:05:52,noise
6397588030313,6393507307642,T671,9.9,Mara Carlos,2025-10-13 17:00:32,noise
6397588030313,6393507307642,T671,19.8,Mara Carlos,2025-10-12 14:00:02,noise
6397588030313,6393507307642,T441,22.8,Mara Carlos,2025-10-12 10:08:22,noise
6397588030313,6394048553499,T671,39.3,Mara Carlos,2025-10-11 04:16:17,noise
6397588030313,6391053669235,T671,40.3,Mara Carlos,2025-10-11 20:18:16,noise
6397588030313,6391053669235,T441,5.3,Mara Carlos,2025-10-10 16:26:17,noise
6397588030313,6392052186148,T441,10.2,Mara Carlos,2025-10-10 18:30:29,noise
6397588030313,6391053669235,T441,27.5,Mara Carlos,2025-10-09 19:08:52,noise
6397588030313,6391053669235,T441,30.9,Mara Carlos,2025-10-09 15:15:14,noise
6397588030313,6391937903040,T441,28.0,Mara Carlos,2025-10-08 02:16:40,noise
6397588030313,6391053669235,T441,19.7,Mara Carlos,2025-10-08 16:06:13,noise
6397588030313,6393493304331,T671,13.1,Mara Carlos,2025-10-07 09:11:05,noise
6397588030313,6393507307642,T441,37.4,Mara Carlos,2025-10-07 04:06:10,noise
6397588030313,6393507307642,T671,24.3,Mara Carlos,2025-10-06 11:11:05,noise
6397588030313,6393507307642,T671,23.2,Mara Carlos,2025-10-06 13:03:25,noise
6397588030313,6393507307642,T671,38.6,Mara Carlos,2025-10-06 22:21:32,noise
6397588030313,6393507307642,T671,81.6,Mara Carlos,2025-10-05 08:20:20,noise
6397588030313,6393507307642,T441,18.7,Mara Carlos,2025-10-05 19:06:20,noise
6397588030313,6395726944755,T441,10.3,Mara Carlos,2025-10-05 11:29:05,noise
6397588030313,6393507307642,T441,12.4,Mara Carlos,2025-10-04 15:21:04,noise
6397588030313,6395455137652,T671,51.1,Mara Carlos,2025-10-04 01:29:56,noise
6397588030313,6393507307642,T441,16.0,Mara Carlos,2025-10-03 17:00:52,noise
6397588030313,6391053669235,T671,12.4,Mara Carlos,2025-10-03 08:25:26,noise
6397588030313,6391085319364,T441,10.7,Mara Carlos,2025-10-03 18:25:27,noise
6397588030313,6391053669235,T671,15.6,Mara Carlos,2025-10-02 03:20:38,noise
6397588030313,6391053669235,T671,16.7,Mara Carlos,2025-10-02 11:03:31,noise
6397588030313,6391053669235,T441,24.4,Mara Carlos,2025-10-01 08:28:27,noise
6397588030313,6393507307642,T671,13.0,Mara Carlos,2025-10-01 17:13:10,noise
6397588030313,6391053669235,T671,6.2,Mara Carlos,2025-09-30 15:27:36,noise
6397588030313,6393507307642,T441,9.9,Mara Carlos,2025-09-30 10:05:16,noise
6397588030313,6395082508928,T671,31.5,Mara Carlos,2025-09-29 08:04:25,noise
6397588030313,6393507307642,T671,21.7,Mara Carlos,2025-09-29 11:29:10,noise
6397588030313,6394264279208,T671,4.5,Mara Carlos,2025-09-29 22:24:45,noise
6397588030313,6391053669235,T671,10.5,Mara Carlos,2025-09-28 19:11:12,noise
6397588030313,6393507307642,T671,31.1,Mara Carlos,2025-09-28 17:22:12,noise
6397588030313,6393507307642,T671,17.8,Mara Carlos,2025-09-28 21:06:22,noise
6397588030313,6391053669235,T671,14.5,Mara Carlos,2025-09-27 19:07:04,noise
6397588030313,6393507307642,T671,12.7,Mara Carlos,2025-09-27 20:16:01,noise
6397588030313,6399521620276,T441,30.5,Mara Carlos,2025-09-27 17:04:19,noise
6397588030313,6391937582998,T441,9.5,Mara Carlos,2025-09-26 00:04:51,noise
6397588030313,6392295700924,T441,23.6,Mara Carlos,2025-09-26 05:09:52,noise
6397588030313,6391053669235,T441,32.0,Mara Carlos,2025-09-25 12:20:55,noise
6397588030313,6393507307642,T671,20.7,Mara Carlos,2025-09-25 13:24:30,noise
6397588030313,6396978132661,T671,9.8,Mara Carlos,2025-09-24 09:14:36,noise
6397588030313,6393507307642,T671,24.5,Mara Carlos,2025-09-24 15:06:25,noise
6397588030313,6393507307642,T671,13.7,Mara Carlos,2025-09-23 19:04:48,noise
6397588030313,6393859907578,T671,13.8,Mara Carlos,2025-09-23 14:22:48,noise
6397588030313,6396119144758,T671,8.5,Mara Carlos,2025-09-22 19:27:51,noise
6397588030313,6391053669235,T441,61.3,Mara Carlos,2025-09-21 12:02:04,noise
6397588030313,6391053669235,T671,9.6,Mara Carlos,2025-09-21 03:06:23,noise
6397588030313,6397664580862,T441,23.2,Mara Carlos,2025-09-20 16:05:58,noise
6397588030313,6391053669235,T671,13.4,Mara Carlos,2025-09-20 05:08:45,noise
6397588030313,6398445554732,T441,3.6,Mara Carlos,2025-09-19 18:01:01,noise
6397588030313,6391053669235,T671,10.1,Mara Carlos,2025-09-18 20:08:28,noise
6397588030313,6391053669235,T671,7.5,Mara Carlos,2025-09-18 17:28:11,noise
6397588030313,6393507307642,T671,8.2,Mara Carlos,2025-09-17 10:12:09,noise
6397588030313,6396892073434,T441,25.2,Mara Carlos,2025-09-17 20:27:27,noise
6397588030313,6391053669235,T441,11.2,Mara Carlos,2025-09-16 22:22:31,noise
6397588030313,6395978599202,T671,18.4,Mara Carlos,2025-09-15 02:00:01,noise
6397588030313,6393507307642,T671,10.9,Mara Carlos,2025-09-15 02:13:47,noise
6397588030313,6397906422409,T441,11.2,Mara Carlos,2025-09-14 12:13:41,noise
6397588030313,6391053669235,T671,64.8,Mara Carlos,2025-09-13 17:03:09,noise
6397588030313,6393507307642,T671,32.3,Mara Carlos,2025-09-13 05:07:44,noise
6397588030313,6391053669235,T671,7.9,Mara Carlos,2025-09-13 10:06:39,noise
6397588030313,6393561104962,T441,34.6,Mara Carlos,2025-09-12 09:07:04,noise
6397588030313,6393507307642,T441,10.9,Mara Carlos,2025-09-12 19:18:37,noise
6397588030313,6396423658378,T671,17.7,Mara Carlos,2025-09-12 14:12:14,noise
6397588030313,6393507307642,T671,9.8,Mara Carlos,2025-09-11 03:22:16,noise
6397588030313,6396967557245,T441,21.9,Mara Carlos,2025-09-11 16:19:55,noise
6397588030313,6395122083064,T671,8.4,Mara Carlos,2025-09-10 14:17:16,noise
6397588030313,6398391305137,T671,9.5,Mara Carlos,2025-09-10 14:28:26,noise
6397588030313,6397209902585,T441,11.4,Mara Carlos,2025-09-10 09:17:55,noise
6397588030313,6393507307642,T671,14.4,Mara Carlos,2025-09-09 08:07:19,noise
6397588030313,6393507307642,T671,19.6,Mara Carlos,2025-09-09 23:28:42,noise
6397588030313,6391053669235,T441,8.1,Mara Carlos,2025-09-09 11:18:44,noise
6397588030313,6395975932913,T671,12.3,Mara Carlos,2025-09-08 18:18:55,noise
6397588030313,6393507307642,T441,13.7,Mara Carlos,2025-09-08 22:29:10,noise
6397588030313,6393507307642,T671,8.4,Mara Carlos,2025-09-08 18:21:05,noise
6397588030313,6391053669235,T671,11.7,Mara Carlos,2025-09-07 16:17:20,noise
6397588030313,6391611816266,T671,9.2,Mara Carlos,2025-09-07 10:30:01,noise
6397588030313,6396095128059,T671,75.5,Mara Carlos,2025-09-06 16:19:36,noise
6397588030313,6392085020554,T671,53.7,Mara Carlos,2025-09-05 18:04:10,noise
6397588030313,6391053669235,T441,23.6,Mara Carlos,2025-09-04 12:25:49,noise
6397588030313,6393507307642,T671,32.5,Mara Carlos,2025-09-04 08:10:26,noise
6397588030313,6391053669235,T441,8.7,Mara Carlos,2025-09-04 03:28:26,noise
6397588030313,6393507307642,T671,9.4,Mara Carlos,2025-09-03 19:22:00,noise
6397588030313,6393507307642,T671,10.4,Mara Carlos,2025-09-03 20:03:24,noise
6397588030313,6397792731200,T441,22.1,Mara Carlos,2025-09-02 15:08:51,noise
6397588030313,6391053669235,T671,15.1,Mara Carlos,2025-09-02 09:25:56,noise
6397588030313,6395978599202,T441,6.0,Mara Carlos,2025-09-01 14:26:51,noise
6397588030313,6392835511896,T441,3.6,Mara Carlos,2025-08-31 21:26:33,noise
6397588030313,6399979024610,T441,50.6,Mara Carlos,2025-08-31 18:10:25,noise
6397588030313,6392724977358,T441,30.4,Mara Carlos,2025-08-30 15:09:26,noise
6397588030313,6391053669235,T441,28.2,Mara Carlos,2025-08-29 13:30:04,noise
6397588030313,6393507307642,T671,21.6,Mara Carlos,2025-08-29 17:10:42,noise
6397588030313,6391053669235,T671,26.2,Mara Carlos,2025-08-28 22:19:07,noise
6397588030313,6396693621506,T441,23.2,Mara Carlos,2025-08-28 16:09:52,noise
6397588030313,6391621634803,T671,45.4,Mara Carlos,2025-08-27 17:00:26,noise
6397588030313,6393507307642,T671,61.9,Mara Carlos,2025-08-26 09:26:37,noise
6397588030313,6391053669235,T441,7.7,Mara Carlos,2025-08-26 22:24:27,noise
6397588030313,6398036705746,T671,10.0,Mara Carlos,2025-08-25 12:10:49,noise
6397588030313,6393507307642,T441,12.4,Mara Carlos,2025-08-25 14:23:59,noise
6397588030313,6393507307642,T441,24.8,Mara Carlos,2025-08-24 11:13:33,noise
6397588030313,6393507307642,T671,10.4,Mara Carlos,2025-08-24 08:07:25,noise
6397588030313,6391053669235,T671,14.7,Mara Carlos,2025-08-23 13:26:54,noise
6397588030313,6398036705746,T671,19.2,Mara Carlos,2025-08-23 02:28:06,noise
6397588030313,6391053669235,T441,12.0,Mara Carlos,2025-08-23 05:20:45,noise
6397588030313,6393507307642,T441,28.6,Mara Carlos,2025-08-22 16:23:59,noise
6397588030313,6391053669235,T671,13.2,Mara Carlos,2025-08-22 19:01:47,noise
6397588030313,6393135045026,T441,11.7,Mara Carlos,2025-08-21 14:20:47,noise
6397588030313,6393507307642,T671,33.9,Mara Carlos,2025-08-21 18:09:49,noise
6397588030313,6393507307642,T441,21.7,Mara Carlos,2025-08-20 19:04:06,noise
6397588030313,6392885325965,T671,6.9,Mara Carlos,2025-08-19 04:17:17,noise
6397588030313,6391053669235,T441,10.5,Mara Carlos,2025-08-18 14:06:39,noise
6397588030313,6397636641248,T671,6.8,Mara Carlos,2025-08-18 13:21:17,noise
6397588030313,6391053669235,T671,38.7,Mara Carlos,2025-08-17 23:11:28,noise
6397588030313,6393507307642,T441,10.9,Mara Carlos,2025-08-17 12:02:17,noise
6397588030313,6391053669235,T441,9.9,Mara Carlos,2025-08-16 14:24:06,noise
6397588030313,6395656527999,T671,21.9,Mara Carlos,2025-08-16 22:03:40,noise
6397588030313,6394264279208,T671,9.7,Mara Carlos,2025-08-15 14:07:05,noise
6397588030313,6391053669235,T671,24.2,Mara Carlos,2025-08-15 02:30:09,noise
6397588030313,6396681820773,T671,9.5,Mara Carlos,2025-08-14 22:09:09,noise
6397588030313,6391053669235,T671,24.8,Mara Carlos,2025-08-14 20:18:57,noise
6397588030313,6399165981131,T671,6.0,Mara Carlos,2025-08-14 18:21:57,noise
6397588030313,6391053669235,T671,7.2,Mara Carlos,2025-08-13 13:26:24,noise
6397588030313,6393507307642,T441,58.1,Mara Carlos,2025-08-12 22:02:07,noise
6397588030313,6393726218800,T441,11.0,Mara Carlos,2025-08-12 12:20:53,noise
6397588030313,6395726944755,T441,12.2,Mara Carlos,2025-08-11 10:20:40,noise
6397588030313,6391053669235,T441,19.0,Mara Carlos,2025-08-10 11:19:03,noise
6397588030313,6397664580862,T671,36.8,Mara Carlos,2025-08-10 16:30:23,noise
6397588030313,6393507307642,T671,9.6,Mara Carlos,2025-08-10 01:11:13,noise
6397588030313,6391053669235,T671,2.6,Mara Carlos,2025-08-09 22:19:32,noise
6397588030313,6391757381529,T671,5.2,Mara Carlos,2025-08-09 10:16:37,noise
6397588030313,6393507307642,T441,7.8,Mara Carlos,2025-08-09 12:17:09,noise
6397588030313,6399856589429,T671,3.9,Mara Carlos,2025-08-08 13:01:39,noise
6397588030313,6391053669235,T441,5.0,Mara Carlos,2025-08-08 16:07:21,noise
6397588030313,6393507307642,T671,50.4,Mara Carlos,2025-08-07 10:29:31,noise
6397588030313,6396468854276,T671,93.5,Mara Carlos,2025-08-07 19:16:06,noise
6397588030313,6392835511896,T671,9.7,Mara Carlos,2025-08-06 17:12:33,noise
6397588030313,6398491189169,T671,23.4,Mara Carlos,2025-08-06 11:03:59,noise
6397588030313,6393507307642,T671,52.2,Mara Carlos,2025-08-05 12:11:16,noise
6397588030313,6391053669235,T671,21.7,Mara Carlos,2025-08-05 13:04:56,noise
6397588030313,6391053669235,T671,4.7,Mara Carlos,2025-08-05 16:12:16,noise
6397588030313,6396181402712,T441,33.2,Mara Carlos,2025-08-04 11:18:20,noise
6397588030313,6393507307642,T441,5.4,Mara Carlos,2025-08-04 18:03:25,noise
6392835511896,6393045592855,T393,9.0,Priya Zhou,2025-10-18 03:08:49,noise
6392835511896,6393045592855,T822,13.3,Priya Zhou,2025-10-18 14:09:08,noise
6392835511896,6393045592855,T393,12.6,Priya Zhou,2025-10-17 01:23:39,noise
6392835511896,6393045592855,T393,6.6,Priya Zhou,2025-10-17 11:25:19,noise
6392835511896,6393045592855,T393,18.2,Priya Zhou,2025-10-16 13:16:52,noise
6392835511896,6396743661793,T822,45.1,Priya Zhou,2025-10-16 08:13:54,noise
6392835511896,6391611816266,T393,1.7,Priya Zhou,2025-10-15 12:26:43,noise
6392835511896,6398906791192,T822,10.9,Priya Zhou,2025-10-15 22:08:08,noise
6392835511896,6398906791192,T822,47.9,Priya Zhou,2025-10-14 09:29:09,noise
6392835511896,6393045592855,T822,18.5,Priya Zhou,2025-10-13 18:03:05,noise
6392835511896,6398906791192,T393,6.1,Priya Zhou,2025-10-13 12:19:42,noise
6392835511896,6391085319364,T822,47.5,Priya Zhou,2025-10-12 12:11:03,noise
6392835511896,6398906791192,T822,17.2,Priya Zhou,2025-10-12 14:19:00,noise
6392835511896,6399924544312,T393,4.6,Priya Zhou,2025-10-12 20:11:30,noise
6392835511896,6394272648738,T393,33.7,Priya Zhou,2025-10-11 08:11:20,noise
6392835511896,6393045592855,T393,23.1,Priya Zhou,2025-10-11 09:29:34,noise
6392835511896,6398906791192,T822,16.6,Priya Zhou,2025-10-10 13:21:56,noise
6392835511896,6393045592855,T393,8.9,Priya Zhou,2025-10-10 09:20:14,noise
6392835511896,6393045592855,T393,21.3,Priya Zhou,2025-10-10 09:10:41,noise
6392835511896,6395778639223,T393,23.4,Priya Zhou,2025-10-09 19:02:37,noise
6392835511896,6398445554732,T822,7.5,Priya Zhou,2025-10-08 14:11:51,noise
6392835511896,6398906791192,T822,28.2,Priya Zhou,2025-10-08 14:22:09,noise
6392835511896,6392052186148,T822,29.6,Priya Zhou,2025-10-07 01:14:15,noise
6392835511896,6398906791192,T393,37.4,Priya Zhou,2025-10-07 15:18:36,noise
6392835511896,6393045592855,T822,20.3,Priya Zhou,2025-10-06 15:27:45,noise
6392835511896,6393045592855,T393,20.3,Priya Zhou,2025-10-05 17:07:25,noise
6392835511896,6393045592855,T393,11.7,Priya Zhou,2025-10-04 22:23:52,noise
6392835511896,6398906791192,T822,4.3,Priya Zhou,2025-10-04 09:12:51,noise
6392835511896,6396892073434,T822,4.6,Priya Zhou,2025-10-04 21:22:47,noise
6392835511896,6398906791192,T393,9.4,Priya Zhou,2025-10-03 20:17:24,noise
6392835511896,6398906791192,T393,8.8,Priya Zhou,2025-10-02 14:24:46,noise
6392835511896,6393045592855,T822,7.8,Priya Zhou,2025-10-02 08:07:39,noise
6392835511896,6398906791192,T822,11.3,Priya Zhou,2025-10-01 16:14:03,noise
6392835511896,6398906791192,T393,14.3,Priya Zhou,2025-10-01 17:13:43,noise
6392835511896,6398906791192,T822,12.4,Priya Zhou,2025-09-30 16:00:43,noise
6392835511896,6399521620276,T393,9.6,Priya Zhou,2025-09-29 20:16:14,noise
6392835511896,6398445554732,T393,14.0,Priya Zhou,2025-09-29 04:14:58,noise
6392835511896,6398445554732,T393,10.2,Priya Zhou,2025-09-29 08:29:57,noise
6392835511896,6398906791192,T393,65.9,Priya Zhou,2025-09-28 20:24:45,noise
6392835511896,6396518798247,T822,14.3,Priya Zhou,2025-09-28 18:30:35,noise
6392835511896,6393045592855,T822,10.9,Priya Zhou,2025-09-27 14:20:08,noise
6392835511896,6393045592855,T822,23.4,Priya Zhou,2025-09-26 17:17:01,noise
6392835511896,6398906791192,T822,39.3,Priya Zhou,2025-09-25 10:04:37,noise
6392835511896,6393045592855,T393,12.1,Priya Zhou,2025-09-25 22:01:09,noise
6392835511896,6393045592855,T822,19.3,Priya Zhou,2025-09-24 08:06:56,noise
6392835511896,6393723821869,T822,32.2,Priya Zhou,2025-09-24 13:01:23,noise
6392835511896,6396095128059,T393,17.4,Priya Zhou,2025-09-24 15:14:06,noise
6392835511896,6394779148527,T393,12.8,Priya Zhou,2025-09-23 08:25:33,noise
6392835511896,6393045592855,T822,38.0,Priya Zhou,2025-09-23 10:09:52,noise
6392835511896,6393045592855,T393,56.6,Priya Zhou,2025-09-22 17:19:01,noise
6392835511896,6393045592855,T393,12.3,Priya Zhou,2025-09-21 14:22:54,noise
6392835511896,6393045592855,T822,23.1,Priya Zhou,2025-09-21 12:04:00,noise
6392835511896,6398445554732,T393,26.8,Priya Zhou,2025-09-20 19:00:32,noise
6392835511896,6398906791192,T393,21.6,Priya Zhou,2025-09-20 01:29:55,noise
6392835511896,6398906791192,T393,30.9,Priya Zhou,2025-09-19 22:00:47,noise
6392835511896,6398445554732,T822,9.6,Priya Zhou,2025-09-19 22:27:31,noise
6392835511896,6393045592855,T393,20.6,Priya Zhou,2025-09-18 11:09:54,noise
6392835511896,6398906791192,T393,15.5,Priya Zhou,2025-09-18 20:24:51,noise
6392835511896,6398445554732,T393,10.1,Priya Zhou,2025-09-17 23:08:22,noise
6392835511896,6393045592855,T822,17.1,Priya Zhou,2025-09-17 13:22:49,noise
6392835511896,6393045592855,T393,23.2,Priya Zhou,2025-09-16 15:25:54,noise
6392835511896,6393045592855,T393,34.4,Priya Zhou,2025-09-15 08:26:19,noise
6392835511896,6398906791192,T822,8.2,Priya Zhou,2025-09-15 10:14:54,noise
6392835511896,6398906791192,T822,6.3,Priya Zhou,2025-09-14 11:23:33,noise
6392835511896,6393045592855,T822,29.1,Priya Zhou,2025-09-14 10:02:17,noise
6392835511896,6398906791192,T822,43.1,Priya Zhou,2025-09-13 11:15:03,noise
6392835511896,6393045592855,T393,48.2,Priya Zhou,2025-09-13 10:27:38,noise
6392835511896,6398445554732,T393,21.4,Priya Zhou,2025-09-13 17:05:19,noise
6392835511896,6398906791192,T393,49.4,Priya Zhou,2025-09-12 10:20:22,noise
6392835511896,6398445554732,T822,26.9,Priya Zhou,2025-09-12 16:20:25,noise
6392835511896,6398445554732,T393,9.5,Priya Zhou,2025-09-12 10:14:43,noise
6392835511896,6398906791192,T822,14.6,Priya Zhou,2025-09-11 05:08:23,noise
6392835511896,6398906791192,T393,6.8,Priya Zhou,2025-09-11 17:11:53,noise
6392835511896,6393045592855,T822,13.8,Priya Zhou,2025-09-11 14:28:07,noise
6392835511896,6395455137652,T393,13.0,Priya Zhou,2025-09-10 12:14:57,noise
6392835511896,6398445554732,T393,63.8,Priya Zhou,2025-09-09 18:20:50,noise
6392835511896,6393541804755,T393,16.6,Priya Zhou,2025-09-08 15:00:38,noise
6392835511896,6393859907578,T822,19.9,Priya Zhou,2025-09-08 13:11:40,noise
6392835511896,6393045592855,T822,27.2,Priya Zhou,2025-09-07 08:03:54,noise
6392835511896,6393045592855,T393,9.0,Priya Zhou,2025-09-07 14:22:39,noise
6392835511896,6393794997179,T822,36.4,Priya Zhou,2025-09-06 23:16:13,noise
6392835511896,6393045592855,T393,24.8,Priya Zhou,2025-09-06 21:07:10,noise
6392835511896,6399076960112,T393,12.2,Priya Zhou,2025-09-05 19:10:34,noise
6392835511896,6391621634803,T393,24.1,Priya Zhou,2025-09-05 18:06:18,noise
6392835511896,6393045592855,T393,41.3,Priya Zhou,2025-09-05 10:09:51,noise
6392835511896,6396423658378,T822,15.4,Priya Zhou,2025-09-04 23:11:07,noise
6392835511896,6392724977358,T822,6.5,Priya Zhou,2025-09-04 19:14:43,noise
6392835511896,6391937582998,T393,66.3,Priya Zhou,2025-09-03 16:01:53,noise
6392835511896,6398906791192,T393,23.5,Priya Zhou,2025-09-03 12:09:59,noise
6392835511896,6396441529079,T393,6.0,Priya Zhou,2025-09-03 03:07:44,noise
6392835511896,6393951377482,T393,17.2,Priya Zhou,2025-09-02 11:20:42,noise
6392835511896,6397235532708,T393,6.9,Priya Zhou,2025-09-01 12:01:01,noise
6392835511896,6393045592855,T822,9.6,Priya Zhou,2025-09-01 20:28:57,noise
6392835511896,6391611816266,T393,14.4,Priya Zhou,2025-09-01 23:30:02,noise
6392835511896,6393045592855,T393,45.8,Priya Zhou,2025-08-31 05:20:17,noise
6392835511896,6398906791192,T822,5.6,Priya Zhou,2025-08-30 18:21:36,noise
6392835511896,6398906791192,T393,8.2,Priya Zhou,2025-08-30 10:07:05,noise
6392835511896,6399799920361,T393,12.5,Priya Zhou,2025-08-29 20:12:35,noise
6392835511896,6396227547092,T822,1.7,Priya Zhou,2025-08-28 20:22:26,noise
6392835511896,6392085020554,T393,20.0,Priya Zhou,2025-08-28 03:26:05,noise
6392835511896,6398906791192,T393,17.8,Priya Zhou,2025-08-27 08:15:17,noise
6392835511896,6398445554732,T393,26.8,Priya Zhou,2025-08-27 08:20:36,noise
6392835511896,6393045592855,T822,8.3,Priya Zhou,2025-08-26 11:28:31,noise
6392835511896,6395255503056,T393,39.3,Priya Zhou,2025-08-26 13:24:49,noise
6392835511896,6398906791192,T393,16.5,Priya Zhou,2025-08-25 18:08:13,noise
6392835511896,6398906791192,T393,27.7,Priya Zhou,2025-08-25 12:27:19,noise
6392835511896,6394555912795,T822,11.1,Priya Zhou,2025-08-25 18:22:35,noise
6392835511896,6398445554732,T822,27.9,Priya Zhou,2025-08-24 09:12:25,noise
6392835511896,6398445554732,T822,32.9,Priya Zhou,2025-08-24 09:28:17,noise
6392835511896,6398906791192,T822,99.2,Priya Zhou,2025-08-23 11:28:18,noise
6392835511896,6398906791192,T393,15.8,Priya Zhou,2025-08-22 22:07:43,noise
6392835511896,6398445554732,T393,12.8,Priya Zhou,2025-08-22 03:22:51,noise
6392835511896,6398906791192,T393,19.2,Priya Zhou,2025-08-22 19:17:05,noise
6392835511896,6393045592855,T822,40.3,Priya Zhou,2025-08-21 19:09:34,noise
6392835511896,6398906791192,T393,20.9,Priya Zhou,2025-08-21 20:26:34,noise
6392835511896,6398906791192,T393,37.0,Priya Zhou,2025-08-20 17:21:06,noise
6392835511896,6398445554732,T393,15.4,Priya Zhou,2025-08-20 16:26:08,noise
6392835511896,6396892073434,T822,20.2,Priya Zhou,2025-08-20 18:29:51,noise
6392835511896,6397844655371,T822,15.9,Priya Zhou,2025-08-19 16:18:45,noise
6392835511896,6399259551176,T393,6.1,Priya Zhou,2025-08-19 14:10:33,noise
6392835511896,6393045592855,T393,21.7,Priya Zhou,2025-08-18 05:11:53,noise
6392835511896,6398445554732,T393,19.6,Priya Zhou,2025-08-17 18:20:19,noise
6392835511896,6398906791192,T393,27.8,Priya Zhou,2025-08-17 13:10:58,noise
6392835511896,6398445554732,T393,13.4,Priya Zhou,2025-08-16 17:21:34,noise
6392835511896,6398445554732,T393,9.8,Priya Zhou,2025-08-16 17:11:41,noise
6392835511896,6397652242448,T822,47.7,Priya Zhou,2025-08-15 22:11:37,noise
6392835511896,6393045592855,T393,47.1,Priya Zhou,2025-08-15 18:26:44,noise
6392835511896,6396518798247,T822,15.2,Priya Zhou,2025-08-14 12:04:05,noise
6392835511896,6398445554732,T393,24.7,Priya Zhou,2025-08-14 20:30:18,noise
6392835511896,6393045592855,T822,8.0,Priya Zhou,2025-08-13 12:09:11,noise
6392835511896,6398906791192,T393,14.3,Priya Zhou,2025-08-12 15:17:57,noise
6392835511896,6394574621348,T822,9.6,Priya Zhou,2025-08-12 09:10:18,noise
6392835511896,6393045592855,T822,36.2,Priya Zhou,2025-08-11 01:10:00,noise
6392835511896,6396095128059,T822,42.4,Priya Zhou,2025-08-11 18:07:52,noise
6392835511896,6398445554732,T393,27.4,Priya Zhou,2025-08-11 04:11:07,noise
6392835511896,6396468854276,T822,23.0,Priya Zhou,2025-08-10 13:19:34,noise
6392835511896,6398906791192,T393,14.4,Priya Zhou,2025-08-10 17:04:53,noise
6392835511896,6393045592855,T822,13.6,Priya Zhou,2025-08-09 10:14:05,noise
6392835511896,6393045592855,T822,17.3,Priya Zhou,2025-08-08 09:20:30,noise
6392835511896,6398445554732,T393,30.7,Priya Zhou,2025-08-08 13:16:45,noise
6392835511896,6399979024610,T822,27.1,Priya Zhou,2025-08-07 16:08:04,noise
6392835511896,6396468854276,T393,43.5,Priya Zhou,2025-08-06 11:15:34,noise
6392835511896,6398445554732,T393,39.2,Priya Zhou,2025-08-06 13:20:52,noise
6392835511896,6396743661793,T393,8.1,Priya Zhou,2025-08-05 18:08:30,noise
6392835511896,6393045592855,T393,14.3,Priya Zhou,2025-08-05 18:14:44,noise
6392835511896,6393045592855,T822,18.1,Priya Zhou,2025-08-04 04:25:17,noise
6392835511896,6398906791192,T822,5.3,Priya Zhou,2025-08-04 22:18:41,noise
6392835511896,6398906791192,T393,6.8,Priya Zhou,2025-08-04 13:27:42,noise
6394264279208,6391937903040,T644,23.4,Tomas Duarte,2025-10-18 23:25:35,noise
6394264279208,6391621634803,T729,10.9,Tomas Duarte,2025-10-18 18:00:21,noise
6394264279208,6393135045026,T644,15.9,Tomas Duarte,2025-10-18 18:20:44,noise
6394264279208,6393135045026,T729,5.7,Tomas Duarte,2025-10-17 20:06:12,noise
6394264279208,6393135045026,T644,51.0,Tomas Duarte,2025-10-17 13:06:55,noise
6394264279208,6399496417009,T729,30.7,Tomas Duarte,2025-10-17 13:05:05,noise
6394264279208,6393135045026,T729,7.4,Tomas Duarte,2025-10-16 20:00:36,noise
6394264279208,6397588030313,T729,23.4,Tomas Duarte,2025-10-16 23:29:47,noise
6394264279208,6391194839118,T729,53.0,Tomas Duarte,2025-10-15 05:12:08,noise
6394264279208,6397588030313,T729,20.4,Tomas Duarte,2025-10-15 17:02:54,noise
6394264279208,6397588030313,T729,7.9,Tomas Duarte,2025-10-14 18:10:31,noise
6394264279208,6397008615813,T729,12.8,Tomas Duarte,2025-10-14 15:23:40,noise
6394264279208,6397588030313,T729,81.1,Tomas Duarte,2025-10-13 15:17:39,noise
6394264279208,6397008615813,T644,67.0,Tomas Duarte,2025-10-12 22:16:53,noise
6394264279208,6392523182756,T644,16.3,Tomas Duarte,2025-10-12 15:13:02,noise
6394264279208,6397588030313,T644,3.3,Tomas Duarte,2025-10-11 18:27:46,noise
6394264279208,6394555912795,T729,6.7,Tomas Duarte,2025-10-10 14:15:58,noise
6394264279208,6397008615813,T644,5.3,Tomas Duarte,2025-10-10 10:16:13,noise
6394264279208,6397588030313,T644,19.7,Tomas Duarte,2025-10-09 18:24:08,noise
6394264279208,6393135045026,T729,23.6,Tomas Duarte,2025-10-08 08:09:12,noise
6394264279208,6397008615813,T729,9.9,Tomas Duarte,2025-10-08 16:21:53,noise
6394264279208,6397235532708,T729,57.6,Tomas Duarte,2025-10-08 15:09:02,noise
6394264279208,6397197783416,T729,26.8,Tomas Duarte,2025-10-07 10:27:05,noise
6394264279208,6397364632100,T644,21.1,Tomas Duarte,2025-10-07 22:26:57,noise
6394264279208,6397906422409,T729,38.8,Tomas Duarte,2025-10-07 00:24:20,noise
6394264279208,6393135045026,T644,7.1,Tomas Duarte,2025-10-06 20:10:51,noise
6394264279208,6391657761801,T644,21.2,Tomas Duarte,2025-10-06 13:28:25,noise
6394264279208,6397008615813,T729,39.2,Tomas Duarte,2025-10-05 02:23:03,noise
6394264279208,6392724977358,T644,69.8,Tomas Duarte,2025-10-05 18:29:03,noise
6394264279208,6397588030313,T644,21.1,Tomas Duarte,2025-10-04 12:19:50,noise
6394264279208,6393794997179,T644,23.4,Tomas Duarte,2025-10-04 21:17:00,noise
6394264279208,6394048553499,T729,4.9,Tomas Duarte,2025-10-03 22:06:37,noise
6394264279208,6393135045026,T729,10.2,Tomas Duarte,2025-10-02 22:15:24,noise
6394264279208,6397588030313,T644,9.5,Tomas Duarte,2025-10-02 23:01:07,noise
6394264279208,6392779062252,T729,5.0,Tomas Duarte,2025-10-01 22:20:55,noise
6394264279208,6392334677082,T644,8.8,Tomas Duarte,2025-10-01 22:19:33,noise
6394264279208,6397588030313,T729,49.7,Tomas Duarte,2025-10-01 13:14:08,noise
6394264279208,6397588030313,T644,18.8,Tomas Duarte,2025-09-30 10:13:52,noise
6394264279208,6393794997179,T644,9.5,Tomas Duarte,2025-09-29 22:20:49,noise
6394264279208,6393135045026,T729,11.4,Tomas Duarte,2025-09-29 11:21:55,noise
6394264279208,6397008615813,T644,124.6,Tomas Duarte,2025-09-29 08:05:37,noise
6394264279208,6393135045026,T644,16.1,Tomas Duarte,2025-09-28 15:25:30,noise
6394264279208,6398761443795,T729,6.9,Tomas Duarte,2025-09-28 18:16:38,noise
6394264279208,6399471209395,T644,26.3,Tomas Duarte,2025-09-27 14:15:07,noise
6394264279208,6397906422409,T729,5.0,Tomas Duarte,2025-09-27 15:14:10,noise
6394264279208,6397588030313,T644,14.5,Tomas Duarte,2025-09-26 22:25:47,noise
6394264279208,6392835511896,T729,5.5,Tomas Duarte,2025-09-26 09:21:53,noise
6394264279208,6396227547092,T729,24.0,Tomas Duarte,2025-09-25 08:05:14,noise
6394264279208,6391937582998,T644,117.8,Tomas Duarte,2025-09-25 08:06:21,noise
6394264279208,6397008615813,T644,12.3,Tomas Duarte,2025-09-25 11:30:19,noise
6394264279208,6397588030313,T729,25.2,Tomas Duarte,2025-09-24 01:30:29,noise
6394264279208,6391194839118,T644,28.2,Tomas Duarte,2025-09-24 22:29:32,noise
6394264279208,6393135045026,T644,19.8,Tomas Duarte,2025-09-23 11:29:29,noise
6394264279208,6393135045026,T644,36.2,Tomas Duarte,2025-09-22 08:19:28,noise
6394264279208,6397792731200,T644,18.7,Tomas Duarte,2025-09-21 18:10:05,noise
6394264279208,6397008615813,T729,21.3,Tomas Duarte,2025-09-21 09:09:27,noise
6394264279208,6391085319364,T729,7.6,Tomas Duarte,2025-09-20 18:01:49,noise
6394264279208,6397588030313,T644,12.9,Tomas Duarte,2025-09-20 22:18:56,noise
6394264279208,6393135045026,T729,16.1,Tomas Duarte,2025-09-19 12:20:49,noise
6394264279208,6398036705746,T729,11.4,Tomas Duarte,2025-09-19 16:21:10,noise
6394264279208,6393135045026,T644,29.4,Tomas Duarte,2025-09-19 03:08:34,noise
6394264279208,6393135045026,T644,10.9,Tomas Duarte,2025-09-18 19:12:24,noise
6394264279208,6397588030313,T729,18.0,Tomas Duarte,2025-09-18 18:11:25,noise
6394264279208,6397588030313,T644,47.7,Tomas Duarte,2025-09-17 16:30:32,noise
6394264279208,6397588030313,T729,25.4,Tomas Duarte,2025-09-17 17:08:03,noise
6394264279208,6393135045026,T644,26.7,Tomas Duarte,2025-09-16 17:15:53,noise
6394264279208,6397008615813,T644,22.9,Tomas Duarte,2025-09-16 11:26:17,noise
6394264279208,6396518798247,T644,17.8,Tomas Duarte,2025-09-15 13:13:07,noise
6394264279208,6397588030313,T729,33.9,Tomas Duarte,2025-09-15 09:19:33,noise
6394264279208,6397008615813,T644,32.3,Tomas Duarte,2025-09-15 09:07:47,noise
6394264279208,6397588030313,T729,32.8,Tomas Duarte,2025-09-14 20:30:35,noise
6394264279208,6397008615813,T729,22.1,Tomas Duarte,2025-09-14 22:25:36,noise
6394264279208,6392795791102,T644,37.9,Tomas Duarte,2025-09-14 15:06:27,noise
6394264279208,6397008615813,T644,24.0,Tomas Duarte,2025-09-13 19:19:01,noise
6394264279208,6397008615813,T644,19.0,Tomas Duarte,2025-09-13 16:23:13,noise
6394264279208,6397588030313,T644,26.9,Tomas Duarte,2025-09-13 08:25:40,noise
6394264279208,6397008615813,T644,6.2,Tomas Duarte,2025-09-12 09:07:51,noise
6394264279208,6397588030313,T729,26.9,Tomas Duarte,2025-09-11 13:01:20,noise
6394264279208,6393135045026,T644,16.5,Tomas Duarte,2025-09-11 00:06:03,noise
6394264279208,6397792731200,T729,16.0,Tomas Duarte,2025-09-11 09:06:57,noise
6394264279208,6393951377482,T644,6.5,Tomas Duarte,2025-09-10 18:22:02,noise
6394264279208,6393135045026,T729,10.3,Tomas Duarte,2025-09-10 15:06:33,noise
6394264279208,6393726218800,T729,10.3,Tomas Duarte,2025-09-09 10:29:33,noise
6394264279208,6396967557245,T644,31.0,Tomas Duarte,2025-09-08 14:01:00,noise
6394264279208,6396468854276,T729,32.3,Tomas Duarte,2025-09-08 20:08:16,noise
6394264279208,6391657761801,T729,28.4,Tomas Duarte,2025-09-07 19:22:52,noise
6394264279208,6397008615813,T729,18.5,Tomas Duarte,2025-09-07 18:15:40,noise
6394264279208,6397008615813,T644,10.7,Tomas Duarte,2025-09-06 19:04:05,noise
6394264279208,6396693621506,T644,11.0,Tomas Duarte,2025-09-06 12:28:48,noise
6394264279208,6393975769123,T644,20.0,Tomas Duarte,2025-09-05 22:23:57,noise
6394264279208,6397588030313,T644,31.8,Tomas Duarte,2025-09-05 08:04:05,noise
6394264279208,6392334677082,T644,27.8,Tomas Duarte,2025-09-04 01:12:45,noise
6394264279208,6397588030313,T729,30.2,Tomas Duarte,2025-09-03 12:20:34,noise
6394264279208,6398445554732,T644,8.6,Tomas Duarte,2025-09-03 16:24:11,noise
6394264279208,6393135045026,T644,8.5,Tomas Duarte,2025-09-02 14:13:03,noise
6394264279208,6392523182756,T644,25.4,Tomas Duarte,2025-09-02 15:05:24,noise
6394264279208,6399617100710,T729,7.2,Tomas Duarte,2025-09-01 11:06:58,noise
6394264279208,6396956928083,T644,21.1,Tomas Duarte,2025-08-31 18:03:28,noise
6394264279208,6397588030313,T729,33.4,Tomas Duarte,2025-08-31 12:19:48,noise
6394264279208,6392463613153,T729,22.9,Tomas Duarte,2025-08-30 19:18:50,noise
6394264279208,6397008615813,T729,23.0,Tomas Duarte,2025-08-29 19:27:21,noise
6394264279208,6394574621348,T729,14.0,Tomas Duarte,2025-08-29 15:19:49,noise
6394264279208,6399165981131,T729,11.6,Tomas Duarte,2025-08-28 16:18:51,noise
6394264279208,6397588030313,T644,22.3,Tomas Duarte,2025-08-27 11:21:07,noise
6394264279208,6393135045026,T729,24.5,Tomas Duarte,2025-08-27 19:19:48,noise
6394264279208,6397588030313,T729,34.4,Tomas Duarte,2025-08-26 19:11:41,noise
6394264279208,6392779062252,T644,13.3,Tomas Duarte,2025-08-25 20:23:43,noise
6394264279208,6397008615813,T644,1.5,Tomas Duarte,2025-08-25 08:24:36,noise
6394264279208,6394779148527,T644,12.3,Tomas Duarte,2025-08-24 16:20:53,noise
6394264279208,6398906791192,T644,16.3,Tomas Duarte,2025-08-24 16:01:44,noise
6394264279208,6397008615813,T729,9.1,Tomas Duarte,2025-08-23 20:04:47,noise
6394264279208,6398491189169,T644,9.2,Tomas Duarte,2025-08-23 14:29:54,noise
6394264279208,6397008615813,T644,8.1,Tomas Duarte,2025-08-22 18:17:45,noise
6394264279208,6397008615813,T644,30.5,Tomas Duarte,2025-08-21 17:18:24,noise
6394264279208,6396095128059,T729,17.4,Tomas Duarte,2025-08-21 08:16:50,noise
6394264279208,6394048553499,T644,23.2,Tomas Duarte,2025-08-20 14:02:39,noise
6394264279208,6398036705746,T729,49.4,Tomas Duarte,2025-08-19 12:15:28,noise
6394264279208,6393135045026,T729,25.4,Tomas Duarte,2025-08-19 14:16:50,noise
6394264279208,6397008615813,T644,7.9,Tomas Duarte,2025-08-19 00:23:59,noise
6394264279208,6397364632100,T644,15.8,Tomas Duarte,2025-08-18 08:28:32,noise
6394264279208,6393135045026,T644,8.1,Tomas Duarte,2025-08-18 04:28:33,noise
6394264279208,6393493304331,T644,39.6,Tomas Duarte,2025-08-17 14:24:30,noise
6394264279208,6393135045026,T644,21.2,Tomas Duarte,2025-08-17 15:19:13,noise
6394264279208,6397008615813,T729,13.0,Tomas Duarte,2025-08-16 13:00:54,noise
6394264279208,6393135045026,T729,10.7,Tomas Duarte,2025-08-16 19:15:45,noise
6394264279208,6391841771012,T644,34.9,Tomas Duarte,2025-08-16 18:08:01,noise
6394264279208,6397588030313,T644,26.2,Tomas Duarte,2025-08-15 22:11:20,noise
6394264279208,6397008615813,T644,28.4,Tomas Duarte,2025-08-14 05:00:02,noise
6394264279208,6397588030313,T729,27.5,Tomas Duarte,2025-08-14 11:20:30,noise
6394264279208,6393135045026,T644,20.4,Tomas Duarte,2025-08-13 13:09:17,noise
6394264279208,6391937582998,T644,13.2,Tomas Duarte,2025-08-12 12:29:09,noise
6394264279208,6391841771012,T644,9.0,Tomas Duarte,2025-08-11 12:19:02,noise
6394264279208,6393135045026,T644,92.0,Tomas Duarte,2025-08-10 21:14:12,noise
6394264279208,6397008615813,T644,18.5,Tomas Duarte,2025-08-10 16:06:48,noise
6394264279208,6393135045026,T729,6.3,Tomas Duarte,2025-08-09 08:30:26,noise
6394264279208,6397008615813,T644,8.5,Tomas Duarte,2025-08-09 11:12:40,noise
6394264279208,6396681820773,T644,24.6,Tomas Duarte,2025-08-08 21:20:09,noise
6394264279208,6393135045026,T644,55.4,Tomas Duarte,2025-08-07 19:29:50,noise
6394264279208,6393135045026,T644,21.5,Tomas Duarte,2025-08-07 09:27:02,noise
6394264279208,6397588030313,T644,11.4,Tomas Duarte,2025-08-07 17:24:34,noise
6394264279208,6397008615813,T644,25.6,Tomas Duarte,2025-08-06 09:19:16,noise
6394264279208,6394574621348,T729,16.9,Tomas Duarte,2025-08-06 15:15:29,noise
6394264279208,6394048553499,T729,34.7,Tomas Duarte,2025-08-05 13:23:17,noise
6394264279208,6397364632100,T644,74.9,Tomas Duarte,2025-08-04 08:30:17,noise
6394264279208,6397008615813,T644,49.2,Tomas Duarte,2025-08-04 05:28:31,noise
6393541804755,6394048553499,T973,11.0,Raj Duarte,2025-10-18 14:06:44,noise
6393541804755,6399496417009,T846,16.8,Raj Duarte,2025-10-17 08:18:46,noise
6393541804755,6396518798247,T846,2.5,Raj Duarte,2025-10-17 12:15:28,noise
6393541804755,6394048553499,T973,22.0,Raj Duarte,2025-10-17 16:15:01,noise
6393541804755,6396518798247,T846,16.3,Raj Duarte,2025-10-16 18:09:21,noise
6393541804755,6394048553499,T846,6.9,Raj Duarte,2025-10-16 04:06:50,noise
6393541804755,6393045592855,T973,23.8,Raj Duarte,2025-10-15 17:21:19,noise
6393541804755,6393045592855,T846,20.7,Raj Duarte,2025-10-14 09:08:35,noise
6393541804755,6398036705746,T973,10.4,Raj Duarte,2025-10-13 14:05:00,noise
6393541804755,6396518798247,T973,26.8,Raj Duarte,2025-10-13 03:23:41,noise
6393541804755,6393859907578,T973,9.2,Raj Duarte,2025-10-12 16:28:22,noise
6393541804755,6394779148527,T973,26.8,Raj Duarte,2025-10-12 14:27:23,noise
6393541804755,6393045592855,T973,71.0,Raj Duarte,2025-10-12 23:14:51,noise
6393541804755,6396518798247,T973,5.3,Raj Duarte,2025-10-11 18:23:19,noise
6393541804755,6393045592855,T846,43.8,Raj Duarte,2025-10-11 18:06:54,noise
6393541804755,6393045592855,T973,3.6,Raj Duarte,2025-10-11 15:07:42,noise
6393541804755,6391085319364,T973,11.0,Raj Duarte,2025-10-10 10:28:48,noise
6393541804755,6393045592855,T973,21.0,Raj Duarte,2025-10-09 11:19:41,noise
6393541804755,6396518798247,T973,39.5,Raj Duarte,2025-10-09 02:26:17,noise
6393541804755,6393045592855,T846,14.3,Raj Duarte,2025-10-08 01:25:15,noise
6393541804755,6396518798247,T846,12.7,Raj Duarte,2025-10-08 21:18:46,noise
6393541804755,6399856589429,T846,16.2,Raj Duarte,2025-10-07 11:16:08,noise
6393541804755,6394048553499,T846,69.4,Raj Duarte,2025-10-07 18:19:34,noise
6393541804755,6394574621348,T973,10.2,Raj Duarte,2025-10-06 08:23:42,noise
6393541804755,6396518798247,T846,25.8,Raj Duarte,2025-10-06 08:16:24,noise
6393541804755,6396441529079,T846,14.5,Raj Duarte,2025-10-05 00:23:14,noise
6393541804755,6393045592855,T846,11.6,Raj Duarte,2025-10-05 11:02:59,noise
6393541804755,6396892073434,T973,8.0,Raj Duarte,2025-10-04 11:23:19,noise
6393541804755,6398761443795,T973,18.4,Raj Duarte,2025-10-04 12:04:31,noise
6393541804755,6393045592855,T846,15.1,Raj Duarte,2025-10-03 08:12:48,noise
6393541804755,6394048553499,T973,4.9,Raj Duarte,2025-10-02 18:00:30,noise
6393541804755,6394841742270,T973,41.2,Raj Duarte,2025-10-02 01:25:39,noise
6393541804755,6393045592855,T973,36.6,Raj Duarte,2025-10-02 20:02:36,noise
6393541804755,6394048553499,T973,16.7,Raj Duarte,2025-10-01 02:16:09,noise
6393541804755,6396518798247,T846,19.6,Raj Duarte,2025-10-01 05:08:55,noise
6393541804755,6394779148527,T846,5.8,Raj Duarte,2025-10-01 17:13:11,noise
6393541804755,6393045592855,T846,18.0,Raj Duarte,2025-09-30 14:00:29,noise
6393541804755,6396518798247,T973,13.2,Raj Duarte,2025-09-30 14:28:57,noise
6393541804755,6396518798247,T846,51.1,Raj Duarte,2025-09-29 20:17:07,noise
6393541804755,6396518798247,T973,7.2,Raj Duarte,2025-09-29 09:08:53,noise
6393541804755,6396423658378,T973,8.3,Raj Duarte,2025-09-28 01:19:10,noise
6393541804755,6393045592855,T846,6.0,Raj Duarte,2025-09-28 15:14:50,noise
6393541804755,6394048553499,T973,36.8,Raj Duarte,2025-09-27 18:24:45,noise
6393541804755,6396518798247,T973,13.0,Raj Duarte,2025-09-26 12:12:12,noise
6393541804755,6393859907578,T973,9.4,Raj Duarte,2025-09-25 09:06:46,noise
6393541804755,6394048553499,T973,11.2,Raj Duarte,2025-09-25 08:01:35,noise
6393541804755,6393045592855,T846,58.5,Raj Duarte,2025-09-24 08:20:22,noise
6393541804755,6393045592855,T846,13.4,Raj Duarte,2025-09-24 08:19:35,noise
6393541804755,6394272648738,T973,29.3,Raj Duarte,2025-09-23 10:01:16,noise
6393541804755,6395975932913,T846,6.7,Raj Duarte,2025-09-23 04:03:19,noise
6393541804755,6394048553499,T973,7.6,Raj Duarte,2025-09-22 15:22:38,noise
6393541804755,6397652242448,T973,2.9,Raj Duarte,2025-09-21 12:15:07,noise
6393541804755,6397008615813,T973,84.2,Raj Duarte,2025-09-21 12:04:12,noise
6393541804755,6393045592855,T973,32.3,Raj Duarte,2025-09-20 10:05:43,noise
6393541804755,6399076960112,T846,4.8,Raj Duarte,2025-09-20 16:12:49,noise
6393541804755,6393794997179,T846,39.6,Raj Duarte,2025-09-20 09:27:43,noise
6393541804755,6393045592855,T973,18.7,Raj Duarte,2025-09-19 08:08:49,noise
6393541804755,6396518798247,T846,30.0,Raj Duarte,2025-09-18 14:05:24,noise
6393541804755,6396518798247,T973,10.5,Raj Duarte,2025-09-18 15:07:56,noise
6393541804755,6393603835968,T846,13.5,Raj Duarte,2025-09-18 01:03:58,noise
6393541804755,6393045592855,T973,11.3,Raj Duarte,2025-09-17 22:12:00,noise
6393541804755,6397664580862,T973,21.3,Raj Duarte,2025-09-17 08:17:03,noise
6393541804755,6396518798247,T846,17.4,Raj Duarte,2025-09-17 20:23:02,noise
6393541804755,6396518798247,T846,9.3,Raj Duarte,2025-09-16 10:13:14,noise
6393541804755,6392052186148,T973,6.3,Raj Duarte,2025-09-15 20:08:35,noise
6393541804755,6394048553499,T973,6.2,Raj Duarte,2025-09-15 10:20:44,noise
6393541804755,6393507307642,T973,9.8,Raj Duarte,2025-09-14 15:28:15,noise
6393541804755,6393045592855,T846,22.9,Raj Duarte,2025-09-14 16:07:58,noise
6393541804755,6396518798247,T973,9.8,Raj Duarte,2025-09-13 15:25:48,noise
6393541804755,6393045592855,T973,18.0,Raj Duarte,2025-09-12 04:26:38,noise
6393541804755,6396468854276,T973,11.3,Raj Duarte,2025-09-11 19:02:07,noise
6393541804755,6393951377482,T973,12.4,Raj Duarte,2025-09-11 14:06:26,noise
6393541804755,6397316055758,T846,14.4,Raj Duarte,2025-09-10 20:06:06,noise
6393541804755,6394048553499,T846,14.9,Raj Duarte,2025-09-10 18:00:49,noise
6393541804755,6393045592855,T973,48.4,Raj Duarte,2025-09-09 18:14:58,noise
6393541804755,6397209902585,T973,13.8,Raj Duarte,2025-09-09 10:16:47,noise
6393541804755,6396518798247,T973,42.7,Raj Duarte,2025-09-08 13:24:16,noise
6393541804755,6396518798247,T973,6.5,Raj Duarte,2025-09-07 22:15:31,noise
6393541804755,6394048553499,T973,3.3,Raj Duarte,2025-09-06 15:24:50,noise
6393541804755,6396518798247,T973,4.2,Raj Duarte,2025-09-06 15:24:35,noise
6393541804755,6396518798247,T973,12.2,Raj Duarte,2025-09-05 10:07:46,noise
6393541804755,6395978599202,T846,12.5,Raj Duarte,2025-09-05 20:15:47,noise
6393541804755,6394048553499,T973,16.8,Raj Duarte,2025-09-05 12:02:43,noise
6393541804755,6396518798247,T973,16.7,Raj Duarte,2025-09-04 12:01:57,noise
6393541804755,6393045592855,T973,4.7,Raj Duarte,2025-09-04 12:17:29,noise
6393541804755,6394048553499,T973,25.1,Raj Duarte,2025-09-03 15:19:10,noise
6393541804755,6396518798247,T973,27.3,Raj Duarte,2025-09-02 15:14:57,noise
6393541804755,6394555912795,T846,16.5,Raj Duarte,2025-09-02 21:22:52,noise
6393541804755,6394048553499,T846,12.5,Raj Duarte,2025-09-01 12:28:46,noise
6393541804755,6394048553499,T846,43.8,Raj Duarte,2025-09-01 23:26:01,noise
6393541804755,6396518798247,T846,12.5,Raj Duarte,2025-09-01 18:10:38,noise
6393541804755,6396518798247,T973,36.1,Raj Duarte,2025-08-31 15:11:37,noise
6393541804755,6396518798247,T973,13.9,Raj Duarte,2025-08-30 20:26:22,noise
6393541804755,6394048553499,T973,30.3,Raj Duarte,2025-08-30 15:20:56,noise
6393541804755,6393045592855,T846,63.4,Raj Duarte,2025-08-30 10:25:12,noise
6393541804755,6394048553499,T973,10.3,Raj Duarte,2025-08-29 05:03:54,noise
6393541804755,6394048553499,T973,26.3,Raj Duarte,2025-08-29 22:02:59,noise
6393541804755,6393045592855,T846,10.4,Raj Duarte,2025-08-28 10:14:09,noise
6393541804755,6392059565366,T973,37.6,Raj Duarte,2025-08-28 10:14:53,noise
6393541804755,6394048553499,T846,18.7,Raj Duarte,2025-08-28 10:21:33,noise
6393541804755,6391657761801,T846,10.3,Raj Duarte,2025-08-27 16:04:12,noise
6393541804755,6396518798247,T973,22.5,Raj Duarte,2025-08-27 18:10:13,noise
6393541804755,6393045592855,T973,45.6,Raj Duarte,2025-08-27 11:22:05,noise
6393541804755,6393045592855,T973,10.7,Raj Duarte,2025-08-26 15:27:31,noise
6393541804755,6396518798247,T973,9.1,Raj Duarte,2025-08-25 05:09:30,noise
6393541804755,6394048553499,T846,9.6,Raj Duarte,2025-08-25 21:24:30,noise
6393541804755,6396518798247,T973,43.7,Raj Duarte,2025-08-24 11:15:08,noise
6393541804755,6397316055758,T846,19.3,Raj Duarte,2025-08-23 17:03:37,noise
6393541804755,6398906791192,T846,8.8,Raj Duarte,2025-08-22 13:04:40,noise
6393541804755,6396693621506,T973,36.5,Raj Duarte,2025-08-21 18:23:33,noise
6393541804755,6394048553499,T973,6.5,Raj Duarte,2025-08-21 16:06:45,noise
6393541804755,6398036705746,T846,6.5,Raj Duarte,2025-08-20 14:18:47,noise
6393541804755,6394555912795,T846,23.7,Raj Duarte,2025-08-20 22:05:02,noise
6393541804755,6397209902585,T973,52.4,Raj Duarte,2025-08-20 19:18:20,noise
6393541804755,6394048553499,T846,5.3,Raj Duarte,2025-08-19 11:11:14,noise
6393541804755,6392779062252,T973,12.4,Raj Duarte,2025-08-19 15:01:03,noise
6393541804755,6393045592855,T973,16.9,Raj Duarte,2025-08-19 19:26:43,noise
6393541804755,6396518798247,T846,8.5,Raj Duarte,2025-08-18 17:14:14,noise
6393541804755,6399496417009,T973,20.7,Raj Duarte,2025-08-17 23:19:43,noise
6393541804755,6396607099917,T846,4.4,Raj Duarte,2025-08-17 15:03:00,noise
6393541804755,6396227547092,T973,10.3,Raj Duarte,2025-08-16 10:27:42,noise
6393541804755,6396518798247,T973,11.1,Raj Duarte,2025-08-16 16:14:24,noise
6393541804755,6397197783416,T846,29.6,Raj Duarte,2025-08-16 20:14:57,noise
6393541804755,6394048553499,T973,11.4,Raj Duarte,2025-08-15 14:02:47,noise
6393541804755,6394048553499,T973,38.2,Raj Duarte,2025-08-15 01:13:13,noise
6393541804755,6394048553499,T973,6.7,Raj Duarte,2025-08-14 05:05:31,noise
6393541804755,6399924544312,T846,13.8,Raj Duarte,2025-08-13 20:07:10,noise
6393541804755,6394048553499,T846,9.0,Raj Duarte,2025-08-13 10:09:09,noise
6393541804755,6393045592855,T973,10.2,Raj Duarte,2025-08-13 23:02:01,noise
6393541804755,6399617100710,T846,26.4,Raj Duarte,2025-08-12 20:00:39,noise
6393541804755,6392835511896,T846,9.2,Raj Duarte,2025-08-12 08:16:24,noise
6393541804755,6393045592855,T846,44.4,Raj Duarte,2025-08-12 17:20:07,noise
6393541804755,6394048553499,T973,14.1,Raj Duarte,2025-08-11 10:05:52,noise
6393541804755,6393045592855,T973,16.5,Raj Duarte,2025-08-11 17:01:13,noise
6393541804755,6393045592855,T846,20.1,Raj Duarte,2025-08-11 11:01:31,noise
6393541804755,6396518798247,T973,33.0,Raj Duarte,2025-08-10 05:00:19,noise
6393541804755,6394048553499,T973,58.8,Raj Duarte,2025-08-09 00:15:17,noise
6393541804755,6397316055758,T846,32.4,Raj Duarte,2025-08-09 21:22:21,noise
6393541804755,6393045592855,T973,7.5,Raj Duarte,2025-08-08 18:19:40,noise
6393541804755,6391937582998,T846,33.3,Raj Duarte,2025-08-08 15:17:46,noise
6393541804755,6397664580862,T973,46.9,Raj Duarte,2025-08-07 12:29:38,noise
6393541804755,6393045592855,T973,37.1,Raj Duarte,2025-08-06 19:26:48,noise
6393541804755,6395726944755,T973,3.5,Raj Duarte,2025-08-05 13:21:07,noise
6393541804755,6394048553499,T846,34.5,Raj Duarte,2025-08-05 18:22:53,noise
6393541804755,6393045592855,T846,32.4,Raj Duarte,2025-08-04 19:03:36,noise
6393541804755,6392463613153,T846,11.4,Raj Duarte,2025-08-04 13:24:31,noise
6391621634803,6392795791102,T877,24.3,Tomas Zhou,2025-10-18 18:08:08,noise
6391621634803,6399617100710,T877,37.0,Tomas Zhou,2025-10-18 11:16:09,noise
6391621634803,6398906791192,T292,6.6,Tomas Zhou,2025-10-17 21:05:03,noise
6391621634803,6392795791102,T877,30.2,Tomas Zhou,2025-10-17 23:12:43,noise
6391621634803,6392795791102,T877,22.6,Tomas Zhou,2025-10-16 16:02:29,noise
6391621634803,6392779062252,T877,35.7,Tomas Zhou,2025-10-16 09:04:38,noise
6391621634803,6398906791192,T877,7.5,Tomas Zhou,2025-10-15 21:09:48,noise
6391621634803,6399617100710,T877,27.1,Tomas Zhou,2025-10-15 11:13:01,noise
6391621634803,6396119144758,T292,76.7,Tomas Zhou,2025-10-14 19:00:28,noise
6391621634803,6393045592855,T877,13.3,Tomas Zhou,2025-10-14 20:03:42,noise
6391621634803,6391657761801,T292,20.5,Tomas Zhou,2025-10-13 14:15:37,noise
6391621634803,6399617100710,T877,3.9,Tomas Zhou,2025-10-13 13:03:35,noise
6391621634803,6399617100710,T877,30.2,Tomas Zhou,2025-10-13 00:30:19,noise
6391621634803,6399617100710,T292,18.1,Tomas Zhou,2025-10-12 18:08:53,noise
6391621634803,6399617100710,T292,11.7,Tomas Zhou,2025-10-11 22:09:20,noise
6391621634803,6392795791102,T292,45.1,Tomas Zhou,2025-10-11 12:30:48,noise
6391621634803,6397906422409,T292,42.1,Tomas Zhou,2025-10-11 12:28:24,noise
6391621634803,6392795791102,T877,16.6,Tomas Zhou,2025-10-10 17:17:22,noise
6391621634803,6392795791102,T877,7.9,Tomas Zhou,2025-10-10 09:09:33,noise
6391621634803,6396033004999,T877,46.8,Tomas Zhou,2025-10-09 18:22:54,noise
6391621634803,6392795791102,T877,6.9,Tomas Zhou,2025-10-09 10:11:29,noise
6391621634803,6398906791192,T877,12.8,Tomas Zhou,2025-10-08 14:30:59,noise
6391621634803,6392795791102,T877,42.0,Tomas Zhou,2025-10-08 22:15:45,noise
6391621634803,6392085020554,T877,12.7,Tomas Zhou,2025-10-07 03:14:48,noise
6391621634803,6398906791192,T877,62.9,Tomas Zhou,2025-10-07 13:07:11,noise
6391621634803,6392795791102,T292,27.9,Tomas Zhou,2025-10-06 18:08:18,noise
6391621634803,6394272648738,T292,15.7,Tomas Zhou,2025-10-06 14:07:00,noise
6391621634803,6399617100710,T877,30.8,Tomas Zhou,2025-10-06 20:27:37,noise
6391621634803,6398906791192,T292,67.4,Tomas Zhou,2025-10-05 15:01:22,noise
6391621634803,6398906791192,T292,14.7,Tomas Zhou,2025-10-04 12:25:18,noise
6391621634803,6398906791192,T292,19.4,Tomas Zhou,2025-10-04 17:28:23,noise
6391621634803,6398906791192,T877,11.0,Tomas Zhou,2025-10-03 19:23:12,noise
6391621634803,6399617100710,T292,25.3,Tomas Zhou,2025-10-02 18:21:44,noise
6391621634803,6398906791192,T292,31.9,Tomas Zhou,2025-10-02 10:17:52,noise
6391621634803,6396693621506,T292,14.5,Tomas Zhou,2025-10-02 18:27:19,noise
6391621634803,6392795791102,T877,33.3,Tomas Zhou,2025-10-01 10:24:24,noise
6391621634803,6399617100710,T877,9.1,Tomas Zhou,2025-10-01 16:19:35,noise
6391621634803,6392795791102,T292,7.4,Tomas Zhou,2025-09-30 17:23:28,noise
6391621634803,6398906791192,T877,30.4,Tomas Zhou,2025-09-30 15:09:02,noise
6391621634803,6398906791192,T877,12.8,Tomas Zhou,2025-09-29 19:27:36,noise
6391621634803,6394555912795,T292,5.2,Tomas Zhou,2025-09-29 11:12:16,noise
6391621634803,6399617100710,T877,26.1,Tomas Zhou,2025-09-28 14:17:41,noise
6391621634803,6392795791102,T877,15.2,Tomas Zhou,2025-09-28 14:02:29,noise
6391621634803,6398906791192,T877,7.0,Tomas Zhou,2025-09-27 18:07:29,noise
6391621634803,6392795791102,T292,34.4,Tomas Zhou,2025-09-27 16:18:56,noise
6391621634803,6398906791192,T292,6.3,Tomas Zhou,2025-09-26 17:00:36,noise
6391621634803,6398906791192,T292,71.8,Tomas Zhou,2025-09-26 10:26:38,noise
6391621634803,6393045592855,T292,25.4,Tomas Zhou,2025-09-26 16:25:00,noise
6391621634803,6392795791102,T292,13.4,Tomas Zhou,2025-09-25 18:23:31,noise
6391621634803,6394048553499,T292,24.2,Tomas Zhou,2025-09-25 17:27:32,noise
6391621634803,6399617100710,T877,27.5,Tomas Zhou,2025-09-24 13:00:43,noise
6391621634803,6392795791102,T292,32.0,Tomas Zhou,2025-09-24 22:02:32,noise
6391621634803,6392795791102,T877,3.7,Tomas Zhou,2025-09-23 13:19:30,noise
6391621634803,6392795791102,T292,15.5,Tomas Zhou,2025-09-22 14:09:35,noise
6391621634803,6392463613153,T877,10.4,Tomas Zhou,2025-09-22 11:16:48,noise
6391621634803,6392795791102,T292,11.8,Tomas Zhou,2025-09-21 11:21:06,noise
6391621634803,6394048553499,T877,21.9,Tomas Zhou,2025-09-21 17:11:49,noise
6391621634803,6396227547092,T292,5.7,Tomas Zhou,2025-09-20 05:07:30,noise
6391621634803,6396518798247,T292,30.8,Tomas Zhou,2025-09-20 08:08:56,noise
6391621634803,6392795791102,T292,25.1,Tomas Zhou,2025-09-19 20:05:18,noise
6391621634803,6396859651169,T292,10.6,Tomas Zhou,2025-09-19 19:10:23,noise
6391621634803,6396927514387,T292,43.3,Tomas Zhou,2025-09-19 04:29:20,noise
6391621634803,6398906791192,T292,6.9,Tomas Zhou,2025-09-18 14:01:40,noise
6391621634803,6392795791102,T292,32.0,Tomas Zhou,2025-09-18 21:09:58,noise
6391621634803,6399617100710,T877,10.0,Tomas Zhou,2025-09-17 12:19:28,noise
6391621634803,6398906791192,T292,16.6,Tomas Zhou,2025-09-17 15:16:33,noise
6391621634803,6392795791102,T877,14.7,Tomas Zhou,2025-09-16 11:09:48,noise
6391621634803,6392795791102,T877,40.9,Tomas Zhou,2025-09-16 10:21:55,noise
6391621634803,6393045592855,T877,17.0,Tomas Zhou,2025-09-16 15:28:02,noise
6391621634803,6398906791192,T292,3.8,Tomas Zhou,2025-09-15 16:06:55,noise
6391621634803,6398906791192,T292,16.7,Tomas Zhou,2025-09-15 04:07:20,noise
6391621634803,6399617100710,T877,34.9,Tomas Zhou,2025-09-15 12:27:06,noise
6391621634803,6399617100710,T877,7.4,Tomas Zhou,2025-09-14 22:07:38,noise
6391621634803,6395978599202,T292,10.7,Tomas Zhou,2025-09-14 19:16:32,noise
6391621634803,6392795791102,T877,17.7,Tomas Zhou,2025-09-13 15:01:14,noise
6391621634803,6396441529079,T292,27.7,Tomas Zhou,2025-09-12 21:04:00,noise
6391621634803,6399165981131,T877,17.2,Tomas Zhou,2025-09-11 08:00:15,noise
6391621634803,6398732852032,T877,8.6,Tomas Zhou,2025-09-11 13:22:34,noise
6391621634803,6392795791102,T877,14.4,Tomas Zhou,2025-09-10 20:28:59,noise
6391621634803,6399617100710,T877,11.5,Tomas Zhou,2025-09-09 13:17:35,noise
6391621634803,6396095128059,T877,13.1,Tomas Zhou,2025-09-09 15:24:01,noise
6391621634803,6399617100710,T877,7.4,Tomas Zhou,2025-09-08 11:00:42,noise
6391621634803,6399617100710,T877,50.3,Tomas Zhou,2025-09-07 10:27:39,noise
6391621634803,6399617100710,T292,11.4,Tomas Zhou,2025-09-07 12:17:14,noise
6391621634803,6393045592855,T877,15.2,Tomas Zhou,2025-09-06 13:10:04,noise
6391621634803,6398906791192,T877,29.3,Tomas Zhou,2025-09-06 19:28:25,noise
6391621634803,6399617100710,T877,16.9,Tomas Zhou,2025-09-05 15:06:20,noise
6391621634803,6392795791102,T877,30.9,Tomas Zhou,2025-09-05 16:16:10,noise
6391621634803,6399617100710,T292,39.1,Tomas Zhou,2025-09-05 11:22:12,noise
6391621634803,6397664580862,T877,15.1,Tomas Zhou,2025-09-04 09:03:47,noise
6391621634803,6392463613153,T877,17.7,Tomas Zhou,2025-09-04 14:16:26,noise
6391621634803,6392835511896,T292,66.3,Tomas Zhou,2025-09-03 05:12:15,noise
6391621634803,6392795791102,T877,44.7,Tomas Zhou,2025-09-02 00:11:17,noise
6391621634803,6392795791102,T877,11.5,Tomas Zhou,2025-09-02 18:09:59,noise
6391621634803,6399617100710,T877,11.4,Tomas Zhou,2025-09-02 02:29:23,noise
6391621634803,6393561104962,T292,21.4,Tomas Zhou,2025-09-01 12:13:14,noise
6391621634803,6395122083064,T877,16.2,Tomas Zhou,2025-09-01 18:02:34,noise
6391621634803,6392795791102,T877,10.3,Tomas Zhou,2025-09-01 12:14:46,noise
6391621634803,6398491189169,T292,8.8,Tomas Zhou,2025-08-31 16:11:20,noise
6391621634803,6399617100710,T877,29.8,Tomas Zhou,2025-08-30 11:25:18,noise
6391621634803,6398906791192,T292,71.7,Tomas Zhou,2025-08-30 14:22:30,noise
6391621634803,6399617100710,T292,50.3,Tomas Zhou,2025-08-30 17:25:31,noise
6391621634803,6396441529079,T877,10.5,Tomas Zhou,2025-08-29 12:27:12,noise
6391621634803,6398906791192,T877,20.2,Tomas Zhou,2025-08-29 23:25:14,noise
6391621634803,6398906791192,T292,51.1,Tomas Zhou,2025-08-28 09:13:27,noise
6391621634803,6392795791102,T292,5.8,Tomas Zhou,2025-08-28 13:06:30,noise
6391621634803,6397554224472,T877,6.0,Tomas Zhou,2025-08-27 14:26:18,noise
6391621634803,6397844655371,T877,9.2,Tomas Zhou,2025-08-27 13:18:44,noise
6391621634803,6393507307642,T877,15.8,Tomas Zhou,2025-08-26 20:13:46,noise
6391621634803,6398906791192,T877,12.6,Tomas Zhou,2025-08-25 08:19:12,noise
6391621634803,6399799920361,T877,15.0,Tomas Zhou,2025-08-25 08:02:05,noise
6391621634803,6398906791192,T877,13.6,Tomas Zhou,2025-08-24 15:25:08,noise
6391621634803,6398906791192,T292,76.4,Tomas Zhou,2025-08-23 20:18:24,noise
6391621634803,6399617100710,T292,7.9,Tomas Zhou,2025-08-22 02:14:49,noise
6391621634803,6393859907578,T292,14.9,Tomas Zhou,2025-08-22 08:13:35,noise
6391621634803,6393135045026,T877,21.7,Tomas Zhou,2025-08-22 02:07:22,noise
6391621634803,6394555912795,T877,28.6,Tomas Zhou,2025-08-21 03:27:15,noise
6391621634803,6399617100710,T877,12.0,Tomas Zhou,2025-08-20 11:16:58,noise
6391621634803,6391053669235,T877,30.8,Tomas Zhou,2025-08-20 17:29:12,noise
6391621634803,6399165981131,T292,18.5,Tomas Zhou,2025-08-19 13:15:15,noise
6391621634803,6399617100710,T292,4.9,Tomas Zhou,2025-08-18 22:19:36,noise
6391621634803,6399076960112,T292,7.9,Tomas Zhou,2025-08-18 18:05:04,noise
6391621634803,6398906791192,T292,6.0,Tomas Zhou,2025-08-17 12:23:30,noise
6391621634803,6393723821869,T877,16.8,Tomas Zhou,2025-08-17 09:18:41,noise
6391621634803,6392795791102,T877,11.2,Tomas Zhou,2025-08-17 19:00:20,noise
6391621634803,6399617100710,T877,16.2,Tomas Zhou,2025-08-16 15:27:02,noise
6391621634803,6398906791192,T877,7.3,Tomas Zhou,2025-08-16 17:25:51,noise
6391621634803,6392795791102,T877,27.9,Tomas Zhou,2025-08-15 14:15:31,noise
6391621634803,6399617100710,T877,25.2,Tomas Zhou,2025-08-14 05:01:06,noise
6391621634803,6394272648738,T877,5.6,Tomas Zhou,2025-08-13 18:16:35,noise
6391621634803,6392463613153,T877,24.9,Tomas Zhou,2025-08-13 14:29:32,noise
6391621634803,6392795791102,T292,16.1,Tomas Zhou,2025-08-12 15:15:22,noise
6391621634803,6392795791102,T877,15.2,Tomas Zhou,2025-08-11 18:00:11,noise
6391621634803,6398906791192,T877,13.2,Tomas Zhou,2025-08-11 11:02:20,noise
6391621634803,6396967557245,T292,26.5,Tomas Zhou,2025-08-11 15:13:40,noise
6391621634803,6391194839118,T292,5.6,Tomas Zhou,2025-08-10 12:29:38,noise
6391621634803,6393726218800,T292,10.7,Tomas Zhou,2025-08-10 10:10:28,noise
6391621634803,6392835511896,T877,24.7,Tomas Zhou,2025-08-09 03:08:27,noise
6391621634803,6391611816266,T877,78.3,Tomas Zhou,2025-08-09 13:09:00,noise
6391621634803,6397906422409,T877,16.3,Tomas Zhou,2025-08-08 15:17:19,noise
6391621634803,6392795791102,T292,11.2,Tomas Zhou,2025-08-08 13:22:19,noise
6391621634803,6397197783416,T292,16.3,Tomas Zhou,2025-08-08 17:14:54,noise
6391621634803,6398906791192,T292,22.9,Tomas Zhou,2025-08-07 21:17:25,noise
6391621634803,6393975769123,T877,26.5,Tomas Zhou,2025-08-06 15:24:22,noise
6391621634803,6398906791192,T877,44.4,Tomas Zhou,2025-08-06 05:27:37,noise
6391621634803,6392795791102,T292,4.5,Tomas Zhou,2025-08-05 00:06:58,noise
6391621634803,6399617100710,T877,25.7,Tomas Zhou,2025-08-05 14:23:26,noise
6391621634803,6399617100710,T292,14.3,Tomas Zhou,2025-08-05 09:04:57,noise
6391621634803,6397235532708,T292,11.5,Tomas Zhou,2025-08-04 08:15:26,noise
6391621634803,6392795791102,T292,31.6,Tomas Zhou,2025-08-04 20:01:47,noise
6398391305137,6396423658378,T189,19.0,Fahad Chen,2025-10-18 15:10:51,noise
6398391305137,6391279393246,T742,23.1,Fahad Chen,2025-10-18 13:13:31,noise
6398391305137,6393561104962,T742,11.0,Fahad Chen,2025-10-17 15:15:47,noise
6398391305137,6392779062252,T189,8.8,Fahad Chen,2025-10-17 08:18:24,noise
6398391305137,6391279393246,T189,46.2,Fahad Chen,2025-10-16 08:09:49,noise
6398391305137,6392724977358,T189,17.5,Fahad Chen,2025-10-16 17:22:13,noise
6398391305137,6396978132661,T742,14.5,Fahad Chen,2025-10-16 20:11:21,noise
6398391305137,6399496417009,T742,19.7,Fahad Chen,2025-10-15 01:24:07,noise
6398391305137,6396033004999,T189,15.5,Fahad Chen,2025-10-15 20:15:41,noise
6398391305137,6392779062252,T189,21.9,Fahad Chen,2025-10-14 13:19:38,noise
6398391305137,6394555912795,T189,3.4,Fahad Chen,2025-10-14 17:01:48,noise
6398391305137,6392779062252,T189,60.2,Fahad Chen,2025-10-13 21:27:52,noise
6398391305137,6391279393246,T189,110.2,Fahad Chen,2025-10-13 12:23:12,noise
6398391305137,6399496417009,T189,25.3,Fahad Chen,2025-10-13 12:05:11,noise
6398391305137,6391279393246,T189,19.8,Fahad Chen,2025-10-12 09:12:08,noise
6398391305137,6391279393246,T189,9.4,Fahad Chen,2025-10-12 08:27:15,noise
6398391305137,6393045592855,T742,17.9,Fahad Chen,2025-10-12 10:23:58,noise
6398391305137,6395363927709,T189,7.8,Fahad Chen,2025-10-11 13:26:14,noise
6398391305137,6397844655371,T742,15.9,Fahad Chen,2025-10-11 09:14:39,noise
6398391305137,6399496417009,T189,3.5,Fahad Chen,2025-10-10 08:29:15,noise
6398391305137,6399496417009,T742,5.7,Fahad Chen,2025-10-10 16:21:44,noise
6398391305137,6391279393246,T742,7.4,Fahad Chen,2025-10-10 18:12:24,noise
6398391305137,6392334677082,T742,10.7,Fahad Chen,2025-10-09 18:26:52,noise
6398391305137,6391053669235,T742,24.9,Fahad Chen,2025-10-09 09:15:20,noise
6398391305137,6393726218800,T742,17.2,Fahad Chen,2025-10-08 10:05:26,noise
6398391305137,6392779062252,T742,30.3,Fahad Chen,2025-10-08 08:10:00,noise
6398391305137,6397274004764,T189,15.9,Fahad Chen,2025-10-08 08:12:59,noise
6398391305137,6392779062252,T742,28.8,Fahad Chen,2025-10-07 09:01:20,noise
6398391305137,6391279393246,T189,17.3,Fahad Chen,2025-10-07 19:19:36,noise
6398391305137,6399496417009,T742,39.1,Fahad Chen,2025-10-06 22:26:14,noise
6398391305137,6391279393246,T189,9.4,Fahad Chen,2025-10-06 17:14:18,noise
6398391305137,6391279393246,T189,35.8,Fahad Chen,2025-10-06 09:18:03,noise
6398391305137,6399799920361,T742,16.6,Fahad Chen,2025-10-05 17:25:41,noise
6398391305137,6399496417009,T742,13.1,Fahad Chen,2025-10-05 17:01:14,noise
6398391305137,6392779062252,T189,22.3,Fahad Chen,2025-10-04 18:06:26,noise
6398391305137,6394574621348,T742,9.5,Fahad Chen,2025-10-04 11:10:34,noise
6398391305137,6392779062252,T742,21.0,Fahad Chen,2025-10-04 13:16:27,noise
6398391305137,6399496417009,T742,20.8,Fahad Chen,2025-10-03 04:03:48,noise
6398391305137,6392885325965,T742,5.1,Fahad Chen,2025-10-03 09:17:48,noise
6398391305137,6392779062252,T189,10.5,Fahad Chen,2025-10-02 11:03:25,noise
6398391305137,6399496417009,T189,49.1,Fahad Chen,2025-10-02 03:12:56,noise
6398391305137,6398036705746,T189,11.1,Fahad Chen,2025-10-01 15:29:18,noise
6398391305137,6395978599202,T742,12.0,Fahad Chen,2025-10-01 16:12:36,noise
6398391305137,6392779062252,T742,12.4,Fahad Chen,2025-09-30 23:25:17,noise
6398391305137,6391279393246,T189,21.9,Fahad Chen,2025-09-30 23:15:05,noise
6398391305137,6399496417009,T742,6.3,Fahad Chen,2025-09-29 14:05:41,noise
6398391305137,6392779062252,T742,20.3,Fahad Chen,2025-09-29 17:11:02,noise
6398391305137,6399496417009,T742,65.5,Fahad Chen,2025-09-29 14:05:06,noise
6398391305137,6399496417009,T742,15.6,Fahad Chen,2025-09-28 23:19:24,noise
6398391305137,6392779062252,T742,49.2,Fahad Chen,2025-09-28 14:09:16,noise
6398391305137,6391279393246,T742,16.6,Fahad Chen,2025-09-27 17:00:24,noise
6398391305137,6392779062252,T742,7.5,Fahad Chen,2025-09-26 15:07:01,noise
6398391305137,6391279393246,T742,32.2,Fahad Chen,2025-09-26 18:05:17,noise
6398391305137,6399496417009,T742,6.4,Fahad Chen,2025-09-25 12:21:36,noise
6398391305137,6399496417009,T189,23.8,Fahad Chen,2025-09-25 05:12:32,noise
6398391305137,6391279393246,T742,15.0,Fahad Chen,2025-09-25 18:02:39,noise
6398391305137,6391279393246,T742,5.6,Fahad Chen,2025-09-24 11:21:14,noise
6398391305137,6391279393246,T742,47.3,Fahad Chen,2025-09-24 01:09:08,noise
6398391305137,6391279393246,T189,22.6,Fahad Chen,2025-09-24 10:12:35,noise
6398391305137,6396095128059,T742,19.3,Fahad Chen,2025-09-23 11:30:22,noise
6398391305137,6392779062252,T189,8.5,Fahad Chen,2025-09-23 21:17:14,noise
6398391305137,6393859907578,T189,33.5,Fahad Chen,2025-09-23 21:26:50,noise
6398391305137,6393135045026,T742,19.6,Fahad Chen,2025-09-22 16:28:50,noise
6398391305137,6397792731200,T742,12.6,Fahad Chen,2025-09-21 05:00:12,noise
6398391305137,6397554224472,T742,44.0,Fahad Chen,2025-09-21 03:14:13,noise
6398391305137,6391279393246,T742,23.1,Fahad Chen,2025-09-21 12:01:44,noise
6398391305137,6392779062252,T742,17.3,Fahad Chen,2025-09-20 10:03:07,noise
6398391305137,6393603835968,T189,35.0,Fahad Chen,2025-09-20 08:18:41,noise
6398391305137,6395082508928,T189,6.6,Fahad Chen,2025-09-20 11:30:46,noise
6398391305137,6391279393246,T189,7.9,Fahad Chen,2025-09-19 22:11:11,noise
6398391305137,6393493304331,T189,5.5,Fahad Chen,2025-09-19 19:18:27,noise
6398391305137,6391279393246,T742,12.5,Fahad Chen,2025-09-18 19:27:44,noise
6398391305137,6391279393246,T189,19.6,Fahad Chen,2025-09-18 02:06:34,noise
6398391305137,6392779062252,T189,19.9,Fahad Chen,2025-09-17 16:14:56,noise
6398391305137,6391279393246,T742,19.9,Fahad Chen,2025-09-17 11:12:32,noise
6398391305137,6397664580862,T742,29.4,Fahad Chen,2025-09-17 12:03:49,noise
6398391305137,6393859907578,T189,15.3,Fahad Chen,2025-09-16 14:28:24,noise
6398391305137,6399496417009,T189,37.0,Fahad Chen,2025-09-15 14:11:40,noise
6398391305137,6391937903040,T189,24.2,Fahad Chen,2025-09-15 20:20:56,noise
6398391305137,6392779062252,T189,32.4,Fahad Chen,2025-09-15 14:24:11,noise
6398391305137,6399496417009,T189,12.6,Fahad Chen,2025-09-14 13:03:27,noise
6398391305137,6393723821869,T742,16.7,Fahad Chen,2025-09-14 12:22:03,noise
6398391305137,6392779062252,T742,6.9,Fahad Chen,2025-09-13 05:28:46,noise
6398391305137,6394574621348,T742,3.5,Fahad Chen,2025-09-12 14:26:07,noise
6398391305137,6392779062252,T189,10.2,Fahad Chen,2025-09-12 01:17:46,noise
6398391305137,6399496417009,T189,36.0,Fahad Chen,2025-09-12 15:05:50,noise
6398391305137,6391937582998,T742,10.4,Fahad Chen,2025-09-11 11:15:16,noise
6398391305137,6391279393246,T189,4.2,Fahad Chen,2025-09-11 16:06:22,noise
6398391305137,6391279393246,T742,16.0,Fahad Chen,2025-09-11 11:23:56,noise
6398391305137,6392779062252,T189,15.2,Fahad Chen,2025-09-10 16:24:11,noise
6398391305137,6391279393246,T742,11.7,Fahad Chen,2025-09-10 20:08:17,noise
6398391305137,6399496417009,T742,14.0,Fahad Chen,2025-09-09 14:16:17,noise
6398391305137,6395778639223,T742,13.2,Fahad Chen,2025-09-08 08:11:07,noise
6398391305137,6392779062252,T742,30.7,Fahad Chen,2025-09-08 13:10:08,noise
6398391305137,6394555912795,T189,11.5,Fahad Chen,2025-09-07 22:19:57,noise
6398391305137,6395082508928,T189,12.4,Fahad Chen,2025-09-07 23:20:12,noise
6398391305137,6391279393246,T742,10.9,Fahad Chen,2025-09-06 19:24:13,noise
6398391305137,6391279393246,T189,27.6,Fahad Chen,2025-09-05 18:04:16,noise
6398391305137,6396681820773,T742,42.1,Fahad Chen,2025-09-05 23:20:12,noise
6398391305137,6393723821869,T189,15.7,Fahad Chen,2025-09-05 21:30:00,noise
6398391305137,6399496417009,T742,26.1,Fahad Chen,2025-09-04 01:17:56,noise
6398391305137,6392779062252,T189,9.0,Fahad Chen,2025-09-04 17:22:25,noise
6398391305137,6399496417009,T189,17.5,Fahad Chen,2025-09-03 19:26:33,noise
6398391305137,6399496417009,T742,11.3,Fahad Chen,2025-09-03 17:30:18,noise
6398391305137,6393723821869,T742,24.9,Fahad Chen,2025-09-02 23:23:42,noise
6398391305137,6396693621506,T742,6.4,Fahad Chen,2025-09-02 11:07:53,noise
6398391305137,6391279393246,T742,11.5,Fahad Chen,2025-09-02 10:28:58,noise
6398391305137,6394272648738,T742,3.5,Fahad Chen,2025-09-01 12:06:10,noise
6398391305137,6392779062252,T189,13.2,Fahad Chen,2025-09-01 13:27:08,noise
6398391305137,6392779062252,T742,20.2,Fahad Chen,2025-08-31 12:07:38,noise
6398391305137,6392795791102,T742,14.8,Fahad Chen,2025-08-31 16:27:07,noise
6398391305137,6396468854276,T742,23.6,Fahad Chen,2025-08-30 10:24:53,noise
6398391305137,6392779062252,T189,8.3,Fahad Chen,2025-08-30 10:28:13,noise
6398391305137,6392779062252,T742,10.2,Fahad Chen,2025-08-29 12:15:39,noise
6398391305137,6398732852032,T742,15.3,Fahad Chen,2025-08-29 03:21:58,noise
6398391305137,6391279393246,T742,29.2,Fahad Chen,2025-08-29 14:18:58,noise
6398391305137,6391279393246,T189,24.0,Fahad Chen,2025-08-28 10:04:33,noise
6398391305137,6391279393246,T742,8.9,Fahad Chen,2025-08-28 08:11:42,noise
6398391305137,6392779062252,T742,10.0,Fahad Chen,2025-08-27 12:16:41,noise
6398391305137,6396693621506,T189,38.8,Fahad Chen,2025-08-27 15:23:51,noise
6398391305137,6391279393246,T189,15.9,Fahad Chen,2025-08-27 15:05:30,noise
6398391305137,6397792731200,T189,18.1,Fahad Chen,2025-08-26 16:22:11,noise
6398391305137,6394574621348,T189,11.4,Fahad Chen,2025-08-26 12:06:54,noise
6398391305137,6399496417009,T742,25.6,Fahad Chen,2025-08-25 12:15:59,noise
6398391305137,6391937903040,T189,20.1,Fahad Chen,2025-08-25 20:18:30,noise
6398391305137,6391279393246,T189,6.6,Fahad Chen,2025-08-24 15:04:34,noise
6398391305137,6399496417009,T742,60.3,Fahad Chen,2025-08-24 05:24:50,noise
6398391305137,6399496417009,T742,7.0,Fahad Chen,2025-08-23 21:15:17,noise
6398391305137,6392779062252,T189,14.0,Fahad Chen,2025-08-22 15:11:21,noise
6398391305137,6391279393246,T189,8.5,Fahad Chen,2025-08-22 18:09:31,noise
6398391305137,6399496417009,T742,14.6,Fahad Chen,2025-08-22 15:26:47,noise
6398391305137,6398732852032,T189,6.6,Fahad Chen,2025-08-21 17:04:21,noise
6398391305137,6399856589429,T742,19.7,Fahad Chen,2025-08-21 05:08:40,noise
6398391305137,6397636641248,T742,27.7,Fahad Chen,2025-08-21 02:06:08,noise
6398391305137,6399924544312,T742,29.2,Fahad Chen,2025-08-20 20:07:16,noise
6398391305137,6391279393246,T189,27.6,Fahad Chen,2025-08-19 09:06:13,noise
6398391305137,6392779062252,T189,13.5,Fahad Chen,2025-08-19 10:06:37,noise
6398391305137,6392779062252,T742,51.2,Fahad Chen,2025-08-18 15:25:05,noise
6398391305137,6399496417009,T742,23.6,Fahad Chen,2025-08-18 01:12:19,noise
6398391305137,6399496417009,T742,21.9,Fahad Chen,2025-08-18 19:12:45,noise
6398391305137,6395455137652,T742,17.6,Fahad Chen,2025-08-17 16:07:48,noise
6398391305137,6399496417009,T742,25.1,Fahad Chen,2025-08-17 09:17:54,noise
6398391305137,6396227547092,T189,10.5,Fahad Chen,2025-08-16 08:06:25,noise
6398391305137,6395656527999,T742,74.9,Fahad Chen,2025-08-16 05:28:21,noise
6398391305137,6399496417009,T189,14.4,Fahad Chen,2025-08-16 08:11:46,noise
6398391305137,6391279393246,T189,12.9,Fahad Chen,2025-08-15 23:04:44,noise
6398391305137,6392779062252,T189,40.6,Fahad Chen,2025-08-15 14:09:05,noise
6398391305137,6399496417009,T189,95.6,Fahad Chen,2025-08-14 18:02:31,noise
6398391305137,6399496417009,T742,18.3,Fahad Chen,2025-08-14 19:25:22,noise
6398391305137,6399165981131,T189,6.2,Fahad Chen,2025-08-13 08:26:19,noise
6398391305137,6397792731200,T189,26.3,Fahad Chen,2025-08-13 05:05:30,noise
6398391305137,6399496417009,T742,12.1,Fahad Chen,2025-08-12 11:09:45,noise
6398391305137,6392779062252,T742,19.6,Fahad Chen,2025-08-12 17:20:54,noise
6398391305137,6399496417009,T189,13.0,Fahad Chen,2025-08-12 11:12:17,noise
6398391305137,6391279393246,T189,15.7,Fahad Chen,2025-08-11 10:14:15,noise
6398391305137,6393726218800,T742,26.3,Fahad Chen,2025-08-11 08:16:41,noise
6398391305137,6399259551176,T189,14.6,Fahad Chen,2025-08-10 15:11:47,noise
6398391305137,6399496417009,T742,14.9,Fahad Chen,2025-08-10 04:19:21,noise
6398391305137,6392779062252,T742,12.8,Fahad Chen,2025-08-09 11:15:06,noise
6398391305137,6399979024610,T189,14.2,Fahad Chen,2025-08-08 16:06:41,noise
6398391305137,6391279393246,T189,24.1,Fahad Chen,2025-08-08 20:00:38,noise
6398391305137,6396927514387,T742,23.8,Fahad Chen,2025-08-08 21:26:28,noise
6398391305137,6391279393246,T189,3.6,Fahad Chen,2025-08-07 12:12:08,noise
6398391305137,6399496417009,T189,10.0,Fahad Chen,2025-08-07 14:28:46,noise
6398391305137,6391279393246,T742,7.2,Fahad Chen,2025-08-06 05:24:21,noise
6398391305137,6391279393246,T189,16.8,Fahad Chen,2025-08-06 23:11:31,noise
6398391305137,6396956928083,T742,32.8,Fahad Chen,2025-08-05 01:14:55,noise
6398391305137,6391194839118,T742,4.7,Fahad Chen,2025-08-05 12:23:11,noise
6398391305137,6399496417009,T742,23.2,Fahad Chen,2025-08-05 18:04:02,noise
6398391305137,6398491189169,T742,10.6,Fahad Chen,2025-08-04 17:24:44,noise
6398391305137,6392779062252,T189,5.5,Fahad Chen,2025-08-04 09:14:55,noise
6397316055758,6399496417009,T192,168.0,Uma Quinn,2025-11-17 22:30:40,noise
6397316055758,6393135045026,T192,167.8,Uma Quinn,2025-12-09 23:12:54,noise
6397316055758,6396859651169,T192,59.4,Uma Quinn,2025-11-25 10:17:53,noise
6397316055758,6399165981131,T192,279.1,Uma Quinn,2025-11-17 22:29:50,noise
6397316055758,6395726944755,T192,224.5,Uma Quinn,2025-12-25 16:20:40,noise
6397316055758,6393507307642,T192,144.4,Uma Quinn,2025-12-19 18:28:21,noise
6397316055758,6391757381529,T192,190.5,Uma Quinn,2025-12-05 19:13:03,noise
6397316055758,6397197783416,T192,86.0,Uma Quinn,2025-12-07 16:15:01,noise
6391937903040,6396492957730,T672,16.8,Uma Diaz,2025-10-18 16:27:51,noise
6391937903040,6392334677082,T672,9.2,Uma Diaz,2025-10-18 16:05:10,noise
6391937903040,6392334677082,T672,13.3,Uma Diaz,2025-10-18 19:17:08,noise
6391937903040,6396607099917,T672,29.0,Uma Diaz,2025-10-17 16:19:44,noise
6391937903040,6392334677082,T672,13.9,Uma Diaz,2025-10-17 15:19:41,noise
6391937903040,6395726944755,T672,5.1,Uma Diaz,2025-10-16 16:00:38,noise
6391937903040,6392334677082,T239,18.6,Uma Diaz,2025-10-15 15:28:54,noise
6391937903040,6396892073434,T672,14.7,Uma Diaz,2025-10-15 12:02:28,noise
6391937903040,6396492957730,T672,35.7,Uma Diaz,2025-10-14 21:20:42,noise
6391937903040,6392334677082,T672,45.6,Uma Diaz,2025-10-14 04:06:36,noise
6391937903040,6398906791192,T672,18.1,Uma Diaz,2025-10-13 14:25:08,noise
6391937903040,6396892073434,T672,26.2,Uma Diaz,2025-10-13 14:19:27,noise
6391937903040,6392334677082,T239,18.5,Uma Diaz,2025-10-13 13:15:05,noise
6391937903040,6397364632100,T672,10.2,Uma Diaz,2025-10-12 10:04:52,noise
6391937903040,6392334677082,T239,34.2,Uma Diaz,2025-10-11 10:23:23,noise
6391937903040,6393507307642,T672,3.0,Uma Diaz,2025-10-10 16:27:13,noise
6391937903040,6392334677082,T672,12.2,Uma Diaz,2025-10-10 15:17:47,noise
6391937903040,6392334677082,T239,54.6,Uma Diaz,2025-10-09 16:15:59,noise
6391937903040,6396892073434,T239,15.1,Uma Diaz,2025-10-09 09:00:16,noise
6391937903040,6392334677082,T239,39.8,Uma Diaz,2025-10-08 08:27:04,noise
6391937903040,6396441529079,T672,22.7,Uma Diaz,2025-10-08 18:16:17,noise
6391937903040,6395363927709,T672,13.9,Uma Diaz,2025-10-07 08:11:44,noise
6391937903040,6399259551176,T239,28.3,Uma Diaz,2025-10-07 13:07:09,noise
6391937903040,6396227547092,T672,36.7,Uma Diaz,2025-10-06 20:04:06,noise
6391937903040,6391575752536,T239,10.4,Uma Diaz,2025-10-06 20:05:28,noise
6391937903040,6391681212932,T239,17.1,Uma Diaz,2025-10-06 03:14:59,noise
6391937903040,6396892073434,T239,10.8,Uma Diaz,2025-10-05 12:30:47,noise
6391937903040,6397316055758,T672,7.1,Uma Diaz,2025-10-04 13:15:02,noise
6391937903040,6399259551176,T672,11.6,Uma Diaz,2025-10-03 12:30:57,noise
6391937903040,6396227547092,T672,6.2,Uma Diaz,2025-10-02 16:28:32,noise
6391937903040,6399259551176,T672,44.2,Uma Diaz,2025-10-02 16:08:30,noise
6391937903040,6396892073434,T672,12.6,Uma Diaz,2025-10-01 18:16:40,noise
6391937903040,6399924544312,T239,4.5,Uma Diaz,2025-10-01 10:02:35,noise
6391937903040,6396095128059,T239,6.7,Uma Diaz,2025-10-01 14:30:28,noise
6391937903040,6399259551176,T672,35.1,Uma Diaz,2025-09-30 14:05:01,noise
6391937903040,6392334677082,T672,10.0,Uma Diaz,2025-09-30 09:23:39,noise
6391937903040,6396892073434,T239,26.7,Uma Diaz,2025-09-30 17:29:22,noise
6391937903040,6393859907578,T239,8.7,Uma Diaz,2025-09-29 17:26:11,noise
6391937903040,6393726218800,T672,40.7,Uma Diaz,2025-09-29 20:00:48,noise
6391937903040,6399799920361,T672,16.8,Uma Diaz,2025-09-28 16:04:37,noise
6391937903040,6396892073434,T672,33.9,Uma Diaz,2025-09-28 18:24:25,noise
6391937903040,6391757381529,T672,8.0,Uma Diaz,2025-09-27 12:01:05,noise
6391937903040,6399496417009,T672,7.0,Uma Diaz,2025-09-27 15:22:43,noise
6391937903040,6396892073434,T239,24.5,Uma Diaz,2025-09-26 15:13:52,noise
6391937903040,6396892073434,T239,31.4,Uma Diaz,2025-09-26 19:29:08,noise
6391937903040,6399259551176,T239,12.9,Uma Diaz,2025-09-26 00:24:02,noise
6391937903040,6397792731200,T672,25.5,Uma Diaz,2025-09-25 16:27:11,noise
6391937903040,6392334677082,T239,29.9,Uma Diaz,2025-09-24 10:05:27,noise
6391937903040,6396892073434,T672,14.9,Uma Diaz,2025-09-24 17:15:52,noise
6391937903040,6392334677082,T239,30.4,Uma Diaz,2025-09-23 08:11:57,noise
6391937903040,6392334677082,T239,24.6,Uma Diaz,2025-09-23 13:18:09,noise
6391937903040,6392334677082,T239,10.8,Uma Diaz,2025-09-22 22:19:30,noise
6391937903040,6393507307642,T239,33.8,Uma Diaz,2025-09-22 16:07:58,noise
6391937903040,6393975769123,T239,19.4,Uma Diaz,2025-09-21 09:24:00,noise
6391937903040,6391937582998,T672,30.1,Uma Diaz,2025-09-21 12:30:13,noise
6391937903040,6393045592855,T672,10.8,Uma Diaz,2025-09-21 13:12:20,noise
6391937903040,6396892073434,T239,18.5,Uma Diaz,2025-09-20 10:09:06,noise
6391937903040,6397906422409,T672,21.7,Uma Diaz,2025-09-20 12:18:28,noise
6391937903040,6391085319364,T672,19.9,Uma Diaz,2025-09-20 17:00:28,noise
6391937903040,6399259551176,T239,13.8,Uma Diaz,2025-09-19 10:02:43,noise
6391937903040,6399259551176,T239,11.4,Uma Diaz,2025-09-19 12:18:26,noise
6391937903040,6399259551176,T239,9.6,Uma Diaz,2025-09-18 21:10:39,noise
6391937903040,6396892073434,T239,30.3,Uma Diaz,2025-09-18 20:10:13,noise
6391937903040,6392334677082,T239,69.2,Uma Diaz,2025-09-17 13:08:56,noise
6391937903040,6396892073434,T239,7.5,Uma Diaz,2025-09-17 13:03:57,noise
6391937903040,6392334677082,T672,11.5,Uma Diaz,2025-09-16 00:17:29,noise
6391937903040,6392334677082,T672,38.3,Uma Diaz,2025-09-16 10:24:57,noise
6391937903040,6392334677082,T672,13.6,Uma Diaz,2025-09-15 12:28:32,noise
6391937903040,6392334677082,T239,10.3,Uma Diaz,2025-09-15 09:23:20,noise
6391937903040,6392334677082,T239,18.6,Uma Diaz,2025-09-14 14:06:03,noise
6391937903040,6392334677082,T672,5.9,Uma Diaz,2025-09-14 05:13:28,noise
6391937903040,6396892073434,T672,9.5,Uma Diaz,2025-09-14 20:06:57,noise
6391937903040,6397554224472,T672,4.2,Uma Diaz,2025-09-13 16:23:33,noise
6391937903040,6395082508928,T239,26.9,Uma Diaz,2025-09-13 16:22:54,noise
6391937903040,6394048553499,T672,26.2,Uma Diaz,2025-09-13 14:19:23,noise
6391937903040,6396892073434,T672,2.9,Uma Diaz,2025-09-12 17:20:23,noise
6391937903040,6396892073434,T672,14.7,Uma Diaz,2025-09-12 18:09:23,noise
6391937903040,6395656527999,T672,9.3,Uma Diaz,2025-09-12 20:04:48,noise
6391937903040,6399259551176,T672,37.2,Uma Diaz,2025-09-11 10:20:26,noise
6391937903040,6392334677082,T672,8.1,Uma Diaz,2025-09-11 23:22:36,noise
6391937903040,6399259551176,T672,29.6,Uma Diaz,2025-09-10 12:25:38,noise
6391937903040,6399259551176,T672,22.2,Uma Diaz,2025-09-10 17:21:16,noise
6391937903040,6396441529079,T672,112.2,Uma Diaz,2025-09-09 20:10:17,noise
6391937903040,6396468854276,T672,15.9,Uma Diaz,2025-09-09 19:08:41,noise
6391937903040,6399259551176,T672,30.5,Uma Diaz,2025-09-09 14:23:31,noise
6391937903040,6399259551176,T672,14.9,Uma Diaz,2025-09-08 09:11:53,noise
6391937903040,6393561104962,T239,39.2,Uma Diaz,2025-09-08 16:16:37,noise
6391937903040,6395975932913,T672,54.0,Uma Diaz,2025-09-07 16:04:36,noise
6391937903040,6399259551176,T239,9.9,Uma Diaz,2025-09-07 11:09:28,noise
6391937903040,6399471209395,T672,73.2,Uma Diaz,2025-09-06 20:03:40,noise
6391937903040,6393726218800,T672,16.5,Uma Diaz,2025-09-06 10:10:07,noise
6391937903040,6399259551176,T239,28.2,Uma Diaz,2025-09-06 23:22:15,noise
6391937903040,6398491189169,T672,74.0,Uma Diaz,2025-09-05 17:30:09,noise
6391937903040,6397554224472,T672,12.6,Uma Diaz,2025-09-05 14:01:52,noise
6391937903040,6396892073434,T672,6.0,Uma Diaz,2025-09-04 17:25:05,noise
6391937903040,6391085319364,T672,13.1,Uma Diaz,2025-09-03 22:24:04,noise
6391937903040,6392334677082,T672,26.4,Uma Diaz,2025-09-03 10:12:20,noise
6391937903040,6395255503056,T672,11.4,Uma Diaz,2025-09-02 13:04:30,noise
6391937903040,6391841771012,T239,14.3,Uma Diaz,2025-09-02 14:21:53,noise
6391937903040,6396892073434,T239,26.1,Uma Diaz,2025-09-01 10:00:57,noise
6391937903040,6397274004764,T672,19.8,Uma Diaz,2025-09-01 18:30:54,noise
6391937903040,6396892073434,T672,6.5,Uma Diaz,2025-09-01 12:00:53,noise
6391937903040,6393726218800,T672,65.3,Uma Diaz,2025-08-31 19:08:31,noise
6391937903040,6396892073434,T672,19.5,Uma Diaz,2025-08-31 17:28:51,noise
6391937903040,6391611816266,T672,27.5,Uma Diaz,2025-08-31 10:06:41,noise
6391937903040,6395913076726,T672,21.3,Uma Diaz,2025-08-30 09:25:01,noise
6391937903040,6396892073434,T239,9.7,Uma Diaz,2025-08-29 11:28:52,noise
6391937903040,6399259551176,T672,8.5,Uma Diaz,2025-08-29 13:29:19,noise
6391937903040,6392334677082,T239,33.5,Uma Diaz,2025-08-28 09:04:58,noise
6391937903040,6396892073434,T672,20.2,Uma Diaz,2025-08-28 11:06:10,noise
6391937903040,6392334677082,T672,14.0,Uma Diaz,2025-08-27 17:20:30,noise
6391937903040,6392334677082,T672,4.0,Uma Diaz,2025-08-27 15:00:37,noise
6391937903040,6396892073434,T239,13.7,Uma Diaz,2025-08-26 11:11:17,noise
6391937903040,6392334677082,T672,30.5,Uma Diaz,2025-08-26 19:02:28,noise
6391937903040,6394882630315,T672,8.7,Uma Diaz,2025-08-25 12:09:44,noise
6391937903040,6391611816266,T239,27.9,Uma Diaz,2025-08-24 16:30:03,noise
6391937903040,6396892073434,T672,22.1,Uma Diaz,2025-08-24 08:06:27,noise
6391937903040,6392334677082,T239,22.6,Uma Diaz,2025-08-23 18:12:41,noise
6391937903040,6396227547092,T672,38.7,Uma Diaz,2025-08-23 09:28:42,noise
6391937903040,6392334677082,T672,4.7,Uma Diaz,2025-08-23 17:21:23,noise
6391937903040,6397008615813,T672,23.9,Uma Diaz,2025-08-22 12:27:47,noise
6391937903040,6399259551176,T672,24.6,Uma Diaz,2025-08-22 04:18:42,noise
6391937903040,6392334677082,T672,14.0,Uma Diaz,2025-08-21 15:01:43,noise
6391937903040,6392334677082,T672,7.9,Uma Diaz,2025-08-20 18:01:01,noise
6391937903040,6397274004764,T239,25.4,Uma Diaz,2025-08-20 12:29:17,noise
6391937903040,6392334677082,T672,13.0,Uma Diaz,2025-08-19 19:06:56,noise
6391937903040,6393951377482,T239,33.4,Uma Diaz,2025-08-19 09:07:22,noise
6391937903040,6392334677082,T239,5.7,Uma Diaz,2025-08-18 18:08:56,noise
6391937903040,6398445554732,T672,12.2,Uma Diaz,2025-08-17 12:04:40,noise
6391937903040,6395255503056,T239,22.5,Uma Diaz,2025-08-17 09:21:40,noise
6391937903040,6392334677082,T672,59.3,Uma Diaz,2025-08-16 10:12:06,noise
6391937903040,6392334677082,T672,19.0,Uma Diaz,2025-08-15 09:26:42,noise
6391937903040,6399259551176,T672,25.5,Uma Diaz,2025-08-15 15:30:46,noise
6391937903040,6391279393246,T239,3.9,Uma Diaz,2025-08-15 21:11:53,noise
6391937903040,6394264279208,T672,35.8,Uma Diaz,2025-08-14 23:13:28,noise
6391937903040,6396859651169,T672,18.2,Uma Diaz,2025-08-14 08:18:21,noise
6391937903040,6393541804755,T239,19.0,Uma Diaz,2025-08-13 14:17:37,noise
6391937903040,6391841771012,T672,8.5,Uma Diaz,2025-08-13 16:09:30,noise
6391937903040,6394574621348,T239,30.4,Uma Diaz,2025-08-12 15:04:02,noise
6391937903040,6393045592855,T239,15.6,Uma Diaz,2025-08-12 16:16:18,noise
6391937903040,6396892073434,T239,16.7,Uma Diaz,2025-08-11 09:06:27,noise
6391937903040,6396892073434,T239,14.3,Uma Diaz,2025-08-11 19:12:11,noise
6391937903040,6396892073434,T672,13.3,Uma Diaz,2025-08-10 17:29:45,noise
6391937903040,6399259551176,T239,25.2,Uma Diaz,2025-08-10 17:25:47,noise
6391937903040,6399259551176,T672,10.1,Uma Diaz,2025-08-09 19:24:34,noise
6391937903040,6398491189169,T672,21.2,Uma Diaz,2025-08-08 23:05:10,noise
6391937903040,6392334677082,T672,34.9,Uma Diaz,2025-08-07 23:00:48,noise
6391937903040,6396892073434,T672,15.7,Uma Diaz,2025-08-07 08:22:39,noise
6391937903040,6399259551176,T239,51.2,Uma Diaz,2025-08-07 12:30:55,noise
6391937903040,6392334677082,T239,36.4,Uma Diaz,2025-08-06 12:05:35,noise
6391937903040,6399259551176,T672,17.2,Uma Diaz,2025-08-06 14:30:35,noise
6391937903040,6399259551176,T239,11.9,Uma Diaz,2025-08-05 15:26:52,noise
6391937903040,6396892073434,T239,30.2,Uma Diaz,2025-08-05 16:28:40,noise
6391937903040,6393859907578,T672,3.2,Uma Diaz,2025-08-04 15:01:30,noise
6391937903040,6397364632100,T672,10.4,Uma Diaz,2025-08-04 19:09:34,noise
6391279393246,6392052186148,T229,4.3,Tomas Wei,2025-10-18 19:07:45,noise
6391279393246,6391611816266,T517,13.2,Tomas Wei,2025-10-18 19:27:23,noise
6391279393246,6398445554732,T229,19.5,Tomas Wei,2025-10-18 22:27:23,noise
6391279393246,6397664580862,T517,19.6,Tomas Wei,2025-10-17 18:25:59,noise
6391279393246,6399924544312,T229,27.6,Tomas Wei,2025-10-17 09:09:15,noise
6391279393246,6391611816266,T517,9.2,Tomas Wei,2025-10-16 05:23:27,noise
6391279393246,6398761443795,T229,5.9,Tomas Wei,2025-10-16 13:25:16,noise
6391279393246,6395255503056,T229,80.0,Tomas Wei,2025-10-16 13:12:59,noise
6391279393246,6391611816266,T517,4.0,Tomas Wei,2025-10-15 11:19:03,noise
6391279393246,6391621634803,T517,10.9,Tomas Wei,2025-10-15 01:28:25,noise
6391279393246,6396095128059,T517,19.1,Tomas Wei,2025-10-14 17:28:08,noise
6391279393246,6391611816266,T229,17.1,Tomas Wei,2025-10-13 20:09:41,noise
6391279393246,6395255503056,T517,13.2,Tomas Wei,2025-10-13 18:14:46,noise
6391279393246,6395255503056,T517,25.8,Tomas Wei,2025-10-12 20:20:39,noise
6391279393246,6397316055758,T517,26.1,Tomas Wei,2025-10-12 13:17:39,noise
6391279393246,6391621634803,T229,7.7,Tomas Wei,2025-10-11 12:03:25,noise
6391279393246,6399979024610,T229,12.1,Tomas Wei,2025-10-11 20:05:48,noise
6391279393246,6391621634803,T517,8.8,Tomas Wei,2025-10-10 17:20:52,noise
6391279393246,6395726944755,T517,24.1,Tomas Wei,2025-10-10 15:08:39,noise
6391279393246,6391611816266,T517,26.9,Tomas Wei,2025-10-09 23:05:40,noise
6391279393246,6395255503056,T229,25.2,Tomas Wei,2025-10-09 16:18:44,noise
6391279393246,6391621634803,T517,40.8,Tomas Wei,2025-10-09 15:21:56,noise
6391279393246,6393135045026,T517,14.1,Tomas Wei,2025-10-08 19:27:55,noise
6391279393246,6391611816266,T229,84.1,Tomas Wei,2025-10-08 20:30:54,noise
6391279393246,6399856589429,T517,24.3,Tomas Wei,2025-10-07 16:23:17,noise
6391279393246,6395255503056,T517,5.9,Tomas Wei,2025-10-07 21:22:05,noise
6391279393246,6395255503056,T229,17.8,Tomas Wei,2025-10-06 19:18:15,noise
6391279393246,6392463613153,T517,9.6,Tomas Wei,2025-10-06 12:13:55,noise
6391279393246,6399076960112,T229,9.5,Tomas Wei,2025-10-05 14:06:47,noise
6391279393246,6391611816266,T517,6.6,Tomas Wei,2025-10-05 08:17:11,noise
6391279393246,6391611816266,T229,26.8,Tomas Wei,2025-10-04 14:23:32,noise
6391279393246,6391611816266,T517,30.1,Tomas Wei,2025-10-04 16:23:38,noise
6391279393246,6395255503056,T517,15.6,Tomas Wei,2025-10-03 13:23:53,noise
6391279393246,6391611816266,T229,27.2,Tomas Wei,2025-10-03 17:04:19,noise
6391279393246,6391621634803,T517,10.0,Tomas Wei,2025-10-03 10:04:48,noise
6391279393246,6397792731200,T229,8.8,Tomas Wei,2025-10-02 00:27:51,noise
6391279393246,6399799920361,T517,9.3,Tomas Wei,2025-10-02 03:20:15,noise
6391279393246,6395255503056,T517,13.2,Tomas Wei,2025-10-02 08:21:29,noise
6391279393246,6396681820773,T517,24.3,Tomas Wei,2025-10-01 08:08:45,noise
6391279393246,6391657761801,T517,27.7,Tomas Wei,2025-10-01 12:01:01,noise
6391279393246,6395255503056,T517,40.9,Tomas Wei,2025-09-30 10:06:30,noise
6391279393246,6391621634803,T517,14.5,Tomas Wei,2025-09-30 14:11:40,noise
6391279393246,6391611816266,T517,24.0,Tomas Wei,2025-09-30 17:06:15,noise
6391279393246,6399799920361,T517,10.6,Tomas Wei,2025-09-29 18:01:18,noise
6391279393246,6391611816266,T517,11.2,Tomas Wei,2025-09-29 15:10:36,noise
6391279393246,6395656527999,T229,11.1,Tomas Wei,2025-09-28 23:05:34,noise
6391279393246,6391621634803,T517,15.4,Tomas Wei,2025-09-28 05:14:21,noise
6391279393246,6391621634803,T229,19.4,Tomas Wei,2025-09-27 11:16:24,noise
6391279393246,6391621634803,T229,6.2,Tomas Wei,2025-09-27 20:09:56,noise
6391279393246,6391621634803,T517,25.7,Tomas Wei,2025-09-27 17:18:22,noise
6391279393246,6391611816266,T229,30.9,Tomas Wei,2025-09-26 10:04:08,noise
6391279393246,6391621634803,T229,24.3,Tomas Wei,2025-09-26 03:11:56,noise
6391279393246,6395255503056,T517,15.3,Tomas Wei,2025-09-26 14:04:27,noise
6391279393246,6396978132661,T517,23.2,Tomas Wei,2025-09-25 21:29:23,noise
6391279393246,6391681212932,T517,64.9,Tomas Wei,2025-09-25 05:19:03,noise
6391279393246,6391621634803,T229,9.9,Tomas Wei,2025-09-24 17:05:20,noise
6391279393246,6397235532708,T517,33.5,Tomas Wei,2025-09-24 19:30:42,noise
6391279393246,6395255503056,T229,29.6,Tomas Wei,2025-09-23 11:02:44,noise
6391279393246,6391621634803,T229,20.3,Tomas Wei,2025-09-22 01:23:18,noise
6391279393246,6395726944755,T229,18.7,Tomas Wei,2025-09-21 11:09:15,noise
6391279393246,6391611816266,T229,15.5,Tomas Wei,2025-09-21 16:04:53,noise
6391279393246,6391611816266,T229,37.9,Tomas Wei,2025-09-20 18:14:06,noise
6391279393246,6391611816266,T229,5.6,Tomas Wei,2025-09-20 16:15:47,noise
6391279393246,6396967557245,T229,12.0,Tomas Wei,2025-09-19 02:02:43,noise
6391279393246,6391611816266,T517,24.5,Tomas Wei,2025-09-19 13:23:34,noise
6391279393246,6391621634803,T517,9.8,Tomas Wei,2025-09-18 00:13:36,noise
6391279393246,6395255503056,T229,15.4,Tomas Wei,2025-09-17 18:08:27,noise
6391279393246,6391621634803,T517,6.1,Tomas Wei,2025-09-17 18:09:22,noise
6391279393246,6393975769123,T229,24.0,Tomas Wei,2025-09-17 16:29:26,noise
6391279393246,6395255503056,T517,5.1,Tomas Wei,2025-09-16 08:24:40,noise
6391279393246,6391621634803,T229,13.5,Tomas Wei,2025-09-16 17:11:27,noise
6391279393246,6391621634803,T229,17.3,Tomas Wei,2025-09-15 09:23:03,noise
6391279393246,6395255503056,T517,7.2,Tomas Wei,2025-09-15 14:11:25,noise
6391279393246,6396518798247,T517,18.3,Tomas Wei,2025-09-14 19:00:22,noise
6391279393246,6399979024610,T229,16.1,Tomas Wei,2025-09-13 02:23:21,noise
6391279393246,6395255503056,T229,13.7,Tomas Wei,2025-09-13 13:29:17,noise
6391279393246,6395255503056,T517,14.2,Tomas Wei,2025-09-12 15:18:30,noise
6391279393246,6397792731200,T229,19.3,Tomas Wei,2025-09-12 17:29:57,noise
6391279393246,6395255503056,T517,52.3,Tomas Wei,2025-09-12 13:26:05,noise
6391279393246,6391611816266,T517,20.0,Tomas Wei,2025-09-11 20:03:29,noise
6391279393246,6391611816266,T517,8.5,Tomas Wei,2025-09-11 22:24:50,noise
6391279393246,6391621634803,T229,8.4,Tomas Wei,2025-09-11 04:25:07,noise
6391279393246,6395255503056,T229,9.5,Tomas Wei,2025-09-10 14:27:36,noise
6391279393246,6391621634803,T517,18.5,Tomas Wei,2025-09-10 21:21:00,noise
6391279393246,6395255503056,T517,9.8,Tomas Wei,2025-09-10 14:01:30,noise
6391279393246,6393541804755,T517,27.3,Tomas Wei,2025-09-09 21:05:48,noise
6391279393246,6395255503056,T517,31.0,Tomas Wei,2025-09-09 19:19:38,noise
6391279393246,6391611816266,T517,17.4,Tomas Wei,2025-09-09 18:26:12,noise
6391279393246,6391937582998,T517,8.2,Tomas Wei,2025-09-08 08:19:51,noise
6391279393246,6393045592855,T517,11.0,Tomas Wei,2025-09-08 19:24:59,noise
6391279393246,6391841771012,T229,21.0,Tomas Wei,2025-09-07 15:20:17,noise
6391279393246,6399979024610,T517,16.5,Tomas Wei,2025-09-07 12:20:51,noise
6391279393246,6393045592855,T517,16.0,Tomas Wei,2025-09-07 15:04:30,noise
6391279393246,6395255503056,T229,28.9,Tomas Wei,2025-09-06 19:30:19,noise
6391279393246,6391611816266,T229,17.0,Tomas Wei,2025-09-06 11:21:19,noise
6391279393246,6395255503056,T517,20.3,Tomas Wei,2025-09-06 23:13:33,noise
6391279393246,6391611816266,T229,10.8,Tomas Wei,2025-09-05 19:21:30,noise
6391279393246,6396927514387,T229,8.2,Tomas Wei,2025-09-05 09:22:14,noise
6391279393246,6396095128059,T229,24.4,Tomas Wei,2025-09-04 20:28:31,noise
6391279393246,6399799920361,T517,10.8,Tomas Wei,2025-09-04 18:15:58,noise
6391279393246,6395255503056,T517,38.3,Tomas Wei,2025-09-03 13:07:55,noise
6391279393246,6397844655371,T229,20.2,Tomas Wei,2025-09-03 00:06:11,noise
6391279393246,6393541804755,T517,53.2,Tomas Wei,2025-09-02 23:15:57,noise
6391279393246,6398761443795,T517,14.1,Tomas Wei,2025-09-01 10:22:26,noise
6391279393246,6395913076726,T517,7.1,Tomas Wei,2025-08-31 14:07:03,noise
6391279393246,6391621634803,T517,15.7,Tomas Wei,2025-08-31 15:14:53,noise
6391279393246,6391621634803,T517,25.1,Tomas Wei,2025-08-30 13:08:04,noise
6391279393246,6396607099917,T229,6.0,Tomas Wei,2025-08-30 11:05:06,noise
6391279393246,6391611816266,T517,14.6,Tomas Wei,2025-08-30 16:16:30,noise
6391279393246,6395255503056,T517,11.6,Tomas Wei,2025-08-29 00:00:21,noise
6391279393246,6393493304331,T517,13.6,Tomas Wei,2025-08-29 11:29:09,noise
6391279393246,6391621634803,T517,36.3,Tomas Wei,2025-08-28 09:29:25,noise
6391279393246,6391621634803,T517,15.4,Tomas Wei,2025-08-28 12:02:39,noise
6391279393246,6395255503056,T517,17.6,Tomas Wei,2025-08-28 19:20:54,noise
6391279393246,6395255503056,T517,34.2,Tomas Wei,2025-08-27 05:30:01,noise
6391279393246,6395255503056,T229,21.4,Tomas Wei,2025-08-27 11:03:39,noise
6391279393246,6395255503056,T229,6.2,Tomas Wei,2025-08-26 12:21:01,noise
6391279393246,6394779148527,T517,23.2,Tomas Wei,2025-08-26 14:16:58,noise
6391279393246,6391621634803,T229,18.9,Tomas Wei,2025-08-26 12:08:00,noise
6391279393246,6391611816266,T229,39.2,Tomas Wei,2025-08-25 14:00:14,noise
6391279393246,6391611816266,T229,19.1,Tomas Wei,2025-08-24 01:29:19,noise
6391279393246,6395255503056,T517,20.3,Tomas Wei,2025-08-24 08:17:46,noise
6391279393246,6394048553499,T517,17.0,Tomas Wei,2025-08-24 14:19:16,noise
6391279393246,6395255503056,T229,14.1,Tomas Wei,2025-08-23 21:20:56,noise
6391279393246,6395255503056,T229,34.4,Tomas Wei,2025-08-22 22:29:04,noise
6391279393246,6395255503056,T229,8.9,Tomas Wei,2025-08-21 17:02:22,noise
6391279393246,6391621634803,T229,3.7,Tomas Wei,2025-08-21 20:28:59,noise
6391279393246,6393603835968,T517,49.9,Tomas Wei,2025-08-20 09:12:32,noise
6391279393246,6396441529079,T517,59.7,Tomas Wei,2025-08-20 02:27:29,noise
6391279393246,6391621634803,T517,8.5,Tomas Wei,2025-08-19 16:01:02,noise
6391279393246,6395255503056,T229,28.2,Tomas Wei,2025-08-19 05:23:20,noise
6391279393246,6398906791192,T517,4.9,Tomas Wei,2025-08-18 16:15:15,noise
6391279393246,6391621634803,T229,13.4,Tomas Wei,2025-08-18 15:27:02,noise
6391279393246,6391621634803,T229,12.6,Tomas Wei,2025-08-17 15:27:33,noise
6391279393246,6391611816266,T517,8.8,Tomas Wei,2025-08-16 17:12:53,noise
6391279393246,6391621634803,T229,52.0,Tomas Wei,2025-08-15 14:14:00,noise
6391279393246,6391611816266,T517,33.2,Tomas Wei,2025-08-15 14:28:36,noise
6391279393246,6391621634803,T229,23.9,Tomas Wei,2025-08-15 13:12:49,noise
6391279393246,6391611816266,T229,7.9,Tomas Wei,2025-08-14 04:19:25,noise
6391279393246,6394574621348,T517,27.8,Tomas Wei,2025-08-14 00:23:12,noise
6391279393246,6396892073434,T229,12.2,Tomas Wei,2025-08-13 19:17:24,noise
6391279393246,6391621634803,T229,28.8,Tomas Wei,2025-08-13 14:03:38,noise
6391279393246,6391621634803,T229,12.1,Tomas Wei,2025-08-12 15:15:24,noise
6391279393246,6391621634803,T517,11.2,Tomas Wei,2025-08-12 10:11:50,noise
6391279393246,6393541804755,T229,23.8,Tomas Wei,2025-08-11 08:17:34,noise
6391279393246,6396681820773,T229,27.2,Tomas Wei,2025-08-11 18:27:40,noise
6391279393246,6391621634803,T517,13.1,Tomas Wei,2025-08-11 18:28:00,noise
6391279393246,6399471209395,T229,18.0,Tomas Wei,2025-08-10 01:10:50,noise
6391279393246,6391611816266,T517,10.2,Tomas Wei,2025-08-10 19:03:52,noise
6391279393246,6399165981131,T517,40.0,Tomas Wei,2025-08-10 20:24:38,noise
6391279393246,6391611816266,T517,22.0,Tomas Wei,2025-08-09 08:09:47,noise
6391279393246,6395255503056,T517,5.2,Tomas Wei,2025-08-08 13:25:18,noise
6391279393246,6391611816266,T517,21.0,Tomas Wei,2025-08-07 15:04:57,noise
6391279393246,6391611816266,T517,4.9,Tomas Wei,2025-08-07 14:10:29,noise
6391279393246,6391611816266,T229,4.1,Tomas Wei,2025-08-07 04:02:45,noise
6391279393246,6395122083064,T229,12.4,Tomas Wei,2025-08-06 13:30:46,noise
6391279393246,6393541804755,T229,4.1,Tomas Wei,2025-08-06 04:10:54,noise
6391279393246,6396492957730,T229,12.9,Tomas Wei,2025-08-05 15:17:39,noise
6391279393246,6391611816266,T229,17.6,Tomas Wei,2025-08-04 08:07:50,noise
6396927514387,6396441529079,T195,6.4,Ava Mehta,2025-10-18 03:11:40,noise
6396927514387,6392052186148,T790,8.1,Ava Mehta,2025-10-17 08:25:49,noise
6396927514387,6395656527999,T195,23.5,Ava Mehta,2025-10-16 16:23:36,noise
6396927514387,6392052186148,T195,6.6,Ava Mehta,2025-10-16 09:13:55,noise
6396927514387,6396441529079,T195,15.2,Ava Mehta,2025-10-15 13:29:43,noise
6396927514387,6392052186148,T195,3.1,Ava Mehta,2025-10-15 13:04:41,noise
6396927514387,6395656527999,T790,14.9,Ava Mehta,2025-10-14 09:30:47,noise
6396927514387,6396441529079,T790,9.7,Ava Mehta,2025-10-13 22:11:36,noise
6396927514387,6396119144758,T790,25.3,Ava Mehta,2025-10-13 11:19:37,noise
6396927514387,6396441529079,T790,16.9,Ava Mehta,2025-10-12 23:03:05,noise
6396927514387,6395656527999,T790,14.7,Ava Mehta,2025-10-11 18:14:42,noise
6396927514387,6395656527999,T790,11.6,Ava Mehta,2025-10-10 09:15:18,noise
6396927514387,6399165981131,T790,9.3,Ava Mehta,2025-10-10 08:04:33,noise
6396927514387,6395656527999,T790,9.6,Ava Mehta,2025-10-09 15:19:59,noise
6396927514387,6393507307642,T790,14.1,Ava Mehta,2025-10-09 11:13:44,noise
6396927514387,6392052186148,T195,3.3,Ava Mehta,2025-10-09 16:08:51,noise
6396927514387,6392052186148,T790,8.9,Ava Mehta,2025-10-08 21:05:57,noise
6396927514387,6396441529079,T195,16.7,Ava Mehta,2025-10-08 20:26:59,noise
6396927514387,6396441529079,T790,6.5,Ava Mehta,2025-10-08 22:06:06,noise
6396927514387,6396441529079,T790,9.5,Ava Mehta,2025-10-07 23:19:09,noise
6396927514387,6392052186148,T790,2.7,Ava Mehta,2025-10-06 02:12:38,noise
6396927514387,6392052186148,T790,10.8,Ava Mehta,2025-10-06 10:21:21,noise
6396927514387,6395656527999,T195,9.9,Ava Mehta,2025-10-06 10:18:39,noise
6396927514387,6392052186148,T195,27.5,Ava Mehta,2025-10-05 09:26:36,noise
6396927514387,6398732852032,T790,29.0,Ava Mehta,2025-10-04 17:26:17,noise
6396927514387,6395656527999,T195,14.9,Ava Mehta,2025-10-04 17:22:03,noise
6396927514387,6396892073434,T790,12.2,Ava Mehta,2025-10-04 11:00:33,noise
6396927514387,6397844655371,T790,7.5,Ava Mehta,2025-10-03 04:13:50,noise
6396927514387,6396607099917,T790,46.9,Ava Mehta,2025-10-02 09:21:59,noise
6396927514387,6392052186148,T195,11.9,Ava Mehta,2025-10-02 20:15:21,noise
6396927514387,6392052186148,T195,7.2,Ava Mehta,2025-10-01 17:03:13,noise
6396927514387,6396681820773,T195,12.6,Ava Mehta,2025-10-01 17:17:29,noise
6396927514387,6393975769123,T790,15.9,Ava Mehta,2025-09-30 05:24:54,noise
6396927514387,6397209902585,T790,78.5,Ava Mehta,2025-09-30 22:12:23,noise
6396927514387,6396631526248,T195,18.2,Ava Mehta,2025-09-29 14:23:35,noise
6396927514387,6392052186148,T790,14.9,Ava Mehta,2025-09-29 12:10:04,noise
6396927514387,6395656527999,T195,6.9,Ava Mehta,2025-09-28 09:06:19,noise
6396927514387,6392052186148,T790,34.0,Ava Mehta,2025-09-27 14:04:36,noise
6396927514387,6396441529079,T195,22.8,Ava Mehta,2025-09-26 11:26:57,noise
6396927514387,6395656527999,T790,6.0,Ava Mehta,2025-09-26 09:06:48,noise
6396927514387,6393135045026,T790,18.2,Ava Mehta,2025-09-25 11:03:32,noise
6396927514387,6396518798247,T790,18.1,Ava Mehta,2025-09-25 04:13:48,noise
6396927514387,6392052186148,T790,14.6,Ava Mehta,2025-09-25 16:08:38,noise
6396927514387,6392052186148,T195,55.7,Ava Mehta,2025-09-24 20:10:21,noise
6396927514387,6396441529079,T790,39.0,Ava Mehta,2025-09-24 21:00:30,noise
6396927514387,6391681212932,T195,14.9,Ava Mehta,2025-09-23 10:13:43,noise
6396927514387,6392052186148,T790,4.8,Ava Mehta,2025-09-23 18:22:50,noise
6396927514387,6395656527999,T195,16.2,Ava Mehta,2025-09-22 11:29:19,noise
6396927514387,6392052186148,T195,18.3,Ava Mehta,2025-09-22 12:24:09,noise
6396927514387,6399617100710,T790,20.2,Ava Mehta,2025-09-21 23:19:34,noise
6396927514387,6397554224472,T195,6.3,Ava Mehta,2025-09-20 23:26:31,noise
6396927514387,6395082508928,T790,11.4,Ava Mehta,2025-09-20 17:17:48,noise
6396927514387,6395656527999,T790,55.2,Ava Mehta,2025-09-19 17:09:44,noise
6396927514387,6392052186148,T195,31.9,Ava Mehta,2025-09-18 08:02:46,noise
6396927514387,6392052186148,T195,17.1,Ava Mehta,2025-09-18 05:11:46,noise
6396927514387,6396441529079,T790,21.8,Ava Mehta,2025-09-17 09:29:11,noise
6396927514387,6397316055758,T790,11.9,Ava Mehta,2025-09-16 03:10:35,noise
6396927514387,6392052186148,T790,13.1,Ava Mehta,2025-09-16 10:12:03,noise
6396927514387,6391757381529,T195,46.2,Ava Mehta,2025-09-15 21:24:37,noise
6396927514387,6392052186148,T195,14.0,Ava Mehta,2025-09-15 21:05:09,noise
6396927514387,6399259551176,T195,30.6,Ava Mehta,2025-09-15 18:09:03,noise
6396927514387,6396033004999,T195,4.5,Ava Mehta,2025-09-14 18:27:39,noise
6396927514387,6395656527999,T195,20.9,Ava Mehta,2025-09-14 16:26:49,noise
6396927514387,6396441529079,T195,9.3,Ava Mehta,2025-09-13 23:04:22,noise
6396927514387,6396441529079,T790,12.2,Ava Mehta,2025-09-13 14:15:38,noise
6396927514387,6392052186148,T195,8.6,Ava Mehta,2025-09-12 03:07:01,noise
6396927514387,6392052186148,T790,26.3,Ava Mehta,2025-09-12 00:22:50,noise
6396927514387,6393493304331,T790,9.0,Ava Mehta,2025-09-11 16:18:12,noise
6396927514387,6394272648738,T790,31.9,Ava Mehta,2025-09-11 14:02:19,noise
6396927514387,6396441529079,T790,48.4,Ava Mehta,2025-09-11 16:21:31,noise
6396927514387,6392052186148,T195,13.1,Ava Mehta,2025-09-10 13:18:10,noise
6396927514387,6396441529079,T790,35.1,Ava Mehta,2025-09-10 19:08:54,noise
6396927514387,6396441529079,T790,33.4,Ava Mehta,2025-09-09 22:10:20,noise
6396927514387,6395656527999,T790,17.5,Ava Mehta,2025-09-09 12:14:41,noise
6396927514387,6395122083064,T195,31.7,Ava Mehta,2025-09-08 12:15:12,noise
6396927514387,6398906791192,T195,32.0,Ava Mehta,2025-09-07 14:21:18,noise
6396927514387,6392052186148,T195,17.5,Ava Mehta,2025-09-06 12:26:41,noise
6396927514387,6395656527999,T195,5.7,Ava Mehta,2025-09-06 09:01:38,noise
6396927514387,6399259551176,T790,49.0,Ava Mehta,2025-09-05 12:02:19,noise
6396927514387,6391279393246,T790,18.6,Ava Mehta,2025-09-05 19:10:30,noise
6396927514387,6392052186148,T790,26.4,Ava Mehta,2025-09-04 18:15:38,noise
6396927514387,6392052186148,T195,17.0,Ava Mehta,2025-09-04 12:29:57,noise
6396927514387,6392052186148,T195,46.6,Ava Mehta,2025-09-03 20:01:03,noise
6396927514387,6396743661793,T790,33.0,Ava Mehta,2025-09-03 09:21:38,noise
6396927514387,6397652242448,T790,12.4,Ava Mehta,2025-09-03 17:07:15,noise
6396927514387,6392052186148,T195,22.4,Ava Mehta,2025-09-02 16:26:34,noise
6396927514387,6396441529079,T790,27.9,Ava Mehta,2025-09-02 20:05:28,noise
6396927514387,6399856589429,T790,17.9,Ava Mehta,2025-09-02 18:29:22,noise
6396927514387,6392052186148,T790,11.3,Ava Mehta,2025-09-01 11:19:56,noise
6396927514387,6392052186148,T790,14.1,Ava Mehta,2025-09-01 14:23:39,noise
6396927514387,6396978132661,T195,14.0,Ava Mehta,2025-08-31 18:23:42,noise
6396927514387,6396441529079,T790,12.0,Ava Mehta,2025-08-31 03:16:41,noise
6396927514387,6392052186148,T195,9.9,Ava Mehta,2025-08-31 15:11:30,noise
6396927514387,6396681820773,T195,17.6,Ava Mehta,2025-08-30 19:18:56,noise
6396927514387,6395656527999,T790,36.7,Ava Mehta,2025-08-29 13:24:26,noise
6396927514387,6395656527999,T195,7.7,Ava Mehta,2025-08-29 09:15:45,noise
6396927514387,6396441529079,T790,7.4,Ava Mehta,2025-08-28 14:09:09,noise
6396927514387,6392052186148,T790,17.8,Ava Mehta,2025-08-28 15:23:35,noise
6396927514387,6394574621348,T195,42.6,Ava Mehta,2025-08-28 08:07:47,noise
6396927514387,6399521620276,T790,17.1,Ava Mehta,2025-08-27 00:03:34,noise
6396927514387,6397197783416,T790,41.3,Ava Mehta,2025-08-27 23:03:24,noise
6396927514387,6396441529079,T195,10.2,Ava Mehta,2025-08-26 14:10:10,noise
6396927514387,6396978132661,T195,17.9,Ava Mehta,2025-08-25 21:28:38,noise
6396927514387,6395656527999,T790,7.1,Ava Mehta,2025-08-25 08:06:05,noise
6396927514387,6393726218800,T790,12.4,Ava Mehta,2025-08-24 08:21:42,noise
6396927514387,6396441529079,T790,74.4,Ava Mehta,2025-08-24 15:24:26,noise
6396927514387,6391085319364,T195,10.7,Ava Mehta,2025-08-24 13:05:01,noise
6396927514387,6395656527999,T195,11.8,Ava Mehta,2025-08-23 20:16:30,noise
6396927514387,6392295700924,T195,11.5,Ava Mehta,2025-08-23 13:06:28,noise
6396927514387,6396441529079,T790,12.6,Ava Mehta,2025-08-22 22:29:21,noise
6396927514387,6395656527999,T790,14.8,Ava Mehta,2025-08-22 11:30:18,noise
6396927514387,6395656527999,T195,9.1,Ava Mehta,2025-08-22 09:18:13,noise
6396927514387,6391757381529,T195,22.7,Ava Mehta,2025-08-21 20:14:34,noise
6396927514387,6391657761801,T790,9.5,Ava Mehta,2025-08-21 09:10:59,noise
6396927514387,6395656527999,T790,43.4,Ava Mehta,2025-08-20 21:10:27,noise
6396927514387,6395656527999,T195,18.5,Ava Mehta,2025-08-20 10:04:19,noise
6396927514387,6393541804755,T195,26.3,Ava Mehta,2025-08-20 18:27:21,noise
6396927514387,6397652242448,T790,21.5,Ava Mehta,2025-08-19 16:11:44,noise
6396927514387,6396441529079,T195,5.9,Ava Mehta,2025-08-19 18:19:50,noise
6396927514387,6396693621506,T790,12.0,Ava Mehta,2025-08-19 15:06:05,noise
6396927514387,6395656527999,T790,8.6,Ava Mehta,2025-08-18 11:25:11,noise
6396927514387,6395656527999,T790,6.8,Ava Mehta,2025-08-18 14:00:54,noise
6396927514387,6396518798247,T790,6.0,Ava Mehta,2025-08-17 16:15:05,noise
6396927514387,6395656527999,T195,8.2,Ava Mehta,2025-08-16 13:16:42,noise
6396927514387,6396227547092,T790,82.8,Ava Mehta,2025-08-15 20:29:54,noise
6396927514387,6395656527999,T195,19.1,Ava Mehta,2025-08-15 13:16:57,noise
6396927514387,6393135045026,T790,7.1,Ava Mehta,2025-08-14 11:01:57,noise
6396927514387,6395656527999,T790,42.0,Ava Mehta,2025-08-14 13:14:53,noise
6396927514387,6396441529079,T195,20.6,Ava Mehta,2025-08-13 11:16:24,noise
6396927514387,6399617100710,T790,11.8,Ava Mehta,2025-08-13 16:22:55,noise
6396927514387,6393561104962,T790,47.4,Ava Mehta,2025-08-12 18:05:19,noise
6396927514387,6399165981131,T790,2.2,Ava Mehta,2025-08-12 12:00:02,noise
6396927514387,6392795791102,T195,6.8,Ava Mehta,2025-08-12 10:22:31,noise
6396927514387,6393507307642,T790,47.2,Ava Mehta,2025-08-11 09:05:17,noise
6396927514387,6395656527999,T790,31.3,Ava Mehta,2025-08-11 16:06:32,noise
6396927514387,6396743661793,T195,9.5,Ava Mehta,2025-08-11 15:19:26,noise
6396927514387,6391681212932,T195,9.1,Ava Mehta,2025-08-10 19:16:33,noise
6396927514387,6395656527999,T790,18.7,Ava Mehta,2025-08-09 23:17:18,noise
6396927514387,6392052186148,T195,41.7,Ava Mehta,2025-08-08 15:18:46,noise
6396927514387,6392052186148,T790,15.8,Ava Mehta,2025-08-08 02:16:33,noise
6396927514387,6395656527999,T790,10.8,Ava Mehta,2025-08-07 18:05:36,noise
6396927514387,6395656527999,T790,8.5,Ava Mehta,2025-08-07 16:00:38,noise
6396927514387,6396441529079,T195,8.8,Ava Mehta,2025-08-06 23:13:34,noise
6396927514387,6396743661793,T790,21.2,Ava Mehta,2025-08-05 11:16:33,noise
6396927514387,6396441529079,T790,4.8,Ava Mehta,2025-08-04 04:28:57,noise
6396927514387,6392052186148,T195,9.7,Ava Mehta,2025-08-04 19:03:35,noise
6396927514387,6392052186148,T790,46.6,Ava Mehta,2025-08-04 09:26:09,noise
6392085020554,6396468854276,T336,46.1,Kai Alvarez,2025-10-18 15:21:03,noise
6392085020554,6397316055758,T336,14.7,Kai Alvarez,2025-10-18 16:19:21,noise
6392085020554,6398445554732,T336,11.4,Kai Alvarez,2025-10-17 15:00:08,noise
6392085020554,6391053669235,T336,20.1,Kai Alvarez,2025-10-17 09:12:40,noise
6392085020554,6391053669235,T876,49.9,Kai Alvarez,2025-10-17 15:05:19,noise
6392085020554,6398445554732,T336,13.2,Kai Alvarez,2025-10-16 23:30:39,noise
6392085020554,6391657761801,T876,13.1,Kai Alvarez,2025-10-16 17:03:37,noise
6392085020554,6398445554732,T876,13.6,Kai Alvarez,2025-10-16 15:09:45,noise
6392085020554,6396468854276,T336,8.7,Kai Alvarez,2025-10-15 18:13:31,noise
6392085020554,6391053669235,T336,23.2,Kai Alvarez,2025-10-15 19:20:18,noise
6392085020554,6391053669235,T336,12.6,Kai Alvarez,2025-10-15 11:17:35,noise
6392085020554,6399799920361,T876,4.8,Kai Alvarez,2025-10-14 11:15:50,noise
6392085020554,6395778639223,T336,9.3,Kai Alvarez,2025-10-13 08:10:19,noise
6392085020554,6398445554732,T876,23.8,Kai Alvarez,2025-10-13 11:24:56,noise
6392085020554,6391053669235,T876,10.2,Kai Alvarez,2025-10-12 23:11:01,noise
6392085020554,6397008615813,T876,17.8,Kai Alvarez,2025-10-12 16:05:14,noise
6392085020554,6398445554732,T336,56.6,Kai Alvarez,2025-10-12 09:17:01,noise
6392085020554,6397554224472,T876,20.6,Kai Alvarez,2025-10-11 14:06:02,noise
6392085020554,6393135045026,T336,12.6,Kai Alvarez,2025-10-11 18:18:24,noise
6392085020554,6396468854276,T876,18.9,Kai Alvarez,2025-10-10 14:10:11,noise
6392085020554,6395082508928,T876,11.4,Kai Alvarez,2025-10-10 09:12:02,noise
6392085020554,6398445554732,T336,8.9,Kai Alvarez,2025-10-09 16:27:08,noise
6392085020554,6391053669235,T876,35.7,Kai Alvarez,2025-10-09 02:25:57,noise
6392085020554,6398445554732,T876,12.1,Kai Alvarez,2025-10-08 18:27:33,noise
6392085020554,6397008615813,T336,20.6,Kai Alvarez,2025-10-08 20:09:40,noise
6392085020554,6396468854276,T876,96.4,Kai Alvarez,2025-10-07 20:12:53,noise
6392085020554,6391053669235,T336,9.7,Kai Alvarez,2025-10-06 19:26:28,noise
6392085020554,6391053669235,T876,9.2,Kai Alvarez,2025-10-06 15:26:51,noise
6392085020554,6399259551176,T336,16.7,Kai Alvarez,2025-10-06 11:09:07,noise
6392085020554,6398445554732,T336,11.4,Kai Alvarez,2025-10-05 08:15:47,noise
6392085020554,6398445554732,T876,3.3,Kai Alvarez,2025-10-05 09:04:00,noise
6392085020554,6392835511896,T876,9.0,Kai Alvarez,2025-10-05 15:15:46,noise
6392085020554,6391053669235,T336,13.9,Kai Alvarez,2025-10-04 22:24:22,noise
6392085020554,6398732852032,T876,7.0,Kai Alvarez,2025-10-04 01:01:37,noise
6392085020554,6394272648738,T336,3.4,Kai Alvarez,2025-10-03 19:20:18,noise
6392085020554,6396468854276,T336,25.8,Kai Alvarez,2025-10-03 18:18:19,noise
6392085020554,6391053669235,T876,4.4,Kai Alvarez,2025-10-02 18:30:59,noise
6392085020554,6398445554732,T876,41.2,Kai Alvarez,2025-10-02 10:02:23,noise
6392085020554,6391053669235,T336,57.4,Kai Alvarez,2025-10-01 14:24:44,noise
6392085020554,6398445554732,T876,56.0,Kai Alvarez,2025-10-01 15:26:30,noise
6392085020554,6398491189169,T876,14.8,Kai Alvarez,2025-10-01 17:30:29,noise
6392085020554,6391053669235,T876,23.7,Kai Alvarez,2025-09-30 14:21:33,noise
6392085020554,6394779148527,T876,22.6,Kai Alvarez,2025-09-30 23:23:36,noise
6392085020554,6398445554732,T336,38.5,Kai Alvarez,2025-09-29 15:16:43,noise
6392085020554,6398445554732,T876,9.6,Kai Alvarez,2025-09-29 20:05:33,noise
6392085020554,6398391305137,T336,28.7,Kai Alvarez,2025-09-28 09:13:34,noise
6392085020554,6396468854276,T876,17.9,Kai Alvarez,2025-09-28 12:19:58,noise
6392085020554,6398445554732,T336,6.5,Kai Alvarez,2025-09-28 04:07:03,noise
6392085020554,6398036705746,T876,5.0,Kai Alvarez,2025-09-27 02:20:01,noise
6392085020554,6391053669235,T876,9.9,Kai Alvarez,2025-09-26 16:04:40,noise
6392085020554,6397636641248,T876,11.4,Kai Alvarez,2025-09-25 02:01:49,noise
6392085020554,6397008615813,T876,11.2,Kai Alvarez,2025-09-25 19:00:29,noise
6392085020554,6391841771012,T876,16.1,Kai Alvarez,2025-09-24 18:20:12,noise
6392085020554,6398445554732,T876,17.7,Kai Alvarez,2025-09-24 14:06:58,noise
6392085020554,6396423658378,T876,22.2,Kai Alvarez,2025-09-23 08:05:09,noise
6392085020554,6391053669235,T876,19.0,Kai Alvarez,2025-09-23 20:02:27,noise
6392085020554,6396967557245,T876,33.8,Kai Alvarez,2025-09-22 17:29:29,noise
6392085020554,6399076960112,T336,8.3,Kai Alvarez,2025-09-22 18:18:12,noise
6392085020554,6396468854276,T336,16.2,Kai Alvarez,2025-09-21 21:25:14,noise
6392085020554,6391053669235,T876,13.2,Kai Alvarez,2025-09-21 20:21:20,noise
6392085020554,6396468854276,T876,22.9,Kai Alvarez,2025-09-20 15:09:31,noise
6392085020554,6397906422409,T876,28.9,Kai Alvarez,2025-09-20 16:26:19,noise
6392085020554,6391621634803,T876,27.7,Kai Alvarez,2025-09-19 20:18:23,noise
6392085020554,6393951377482,T876,17.3,Kai Alvarez,2025-09-19 22:19:35,noise
6392085020554,6396468854276,T336,21.9,Kai Alvarez,2025-09-18 08:28:23,noise
6392085020554,6398445554732,T336,19.1,Kai Alvarez,2025-09-17 12:27:18,noise
6392085020554,6396468854276,T876,12.0,Kai Alvarez,2025-09-17 18:06:37,noise
6392085020554,6394779148527,T336,19.9,Kai Alvarez,2025-09-16 18:01:32,noise
6392085020554,6396468854276,T336,10.1,Kai Alvarez,2025-09-16 11:06:17,noise
6392085020554,6391621634803,T876,11.5,Kai Alvarez,2025-09-15 08:19:30,noise
6392085020554,6391279393246,T336,23.3,Kai Alvarez,2025-09-15 10:22:10,noise
6392085020554,6396095128059,T336,28.7,Kai Alvarez,2025-09-14 05:03:52,noise
6392085020554,6391053669235,T876,31.8,Kai Alvarez,2025-09-14 10:25:53,noise
6392085020554,6391053669235,T336,5.0,Kai Alvarez,2025-09-14 11:25:12,noise
6392085020554,6391053669235,T876,6.9,Kai Alvarez,2025-09-13 14:18:06,noise
6392085020554,6391053669235,T336,11.2,Kai Alvarez,2025-09-13 23:13:38,noise
6392085020554,6397636641248,T876,7.3,Kai Alvarez,2025-09-13 20:22:48,noise
6392085020554,6397554224472,T876,20.9,Kai Alvarez,2025-09-12 23:16:47,noise
6392085020554,6398445554732,T876,17.3,Kai Alvarez,2025-09-12 22:29:14,noise
6392085020554,6399259551176,T876,9.8,Kai Alvarez,2025-09-12 17:08:17,noise
6392085020554,6391053669235,T336,43.4,Kai Alvarez,2025-09-11 09:03:14,noise
6392085020554,6399617100710,T876,9.8,Kai Alvarez,2025-09-11 14:05:07,noise
6392085020554,6396468854276,T336,16.6,Kai Alvarez,2025-09-11 20:00:11,noise
6392085020554,6396468854276,T876,9.2,Kai Alvarez,2025-09-10 09:05:00,noise
6392085020554,6391611816266,T336,39.2,Kai Alvarez,2025-09-10 08:27:28,noise
6392085020554,6391053669235,T336,30.4,Kai Alvarez,2025-09-10 17:10:57,noise
6392085020554,6398445554732,T336,30.6,Kai Alvarez,2025-09-09 14:04:38,noise
6392085020554,6391053669235,T336,7.9,Kai Alvarez,2025-09-08 23:18:53,noise
6392085020554,6398445554732,T876,11.1,Kai Alvarez,2025-09-08 14:03:47,noise
6392085020554,6396978132661,T336,12.2,Kai Alvarez,2025-09-08 22:21:12,noise
6392085020554,6396468854276,T336,11.7,Kai Alvarez,2025-09-07 02:17:25,noise
6392085020554,6396468854276,T336,9.4,Kai Alvarez,2025-09-07 23:11:31,noise
6392085020554,6391053669235,T336,3.1,Kai Alvarez,2025-09-06 15:17:32,noise
6392085020554,6395726944755,T876,10.8,Kai Alvarez,2025-09-05 17:30:12,noise
6392085020554,6398445554732,T876,18.7,Kai Alvarez,2025-09-04 16:25:20,noise
6392085020554,6396492957730,T876,12.1,Kai Alvarez,2025-09-04 21:01:39,noise
6392085020554,6391053669235,T876,25.9,Kai Alvarez,2025-09-03 16:08:45,noise
6392085020554,6391053669235,T876,9.9,Kai Alvarez,2025-09-03 17:23:31,noise
6392085020554,6398445554732,T876,10.9,Kai Alvarez,2025-09-02 11:11:02,noise
6392085020554,6396468854276,T876,7.0,Kai Alvarez,2025-09-01 21:16:22,noise
6392085020554,6397636641248,T876,165.9,Kai Alvarez,2025-08-31 08:16:30,noise
6392085020554,6393493304331,T876,35.4,Kai Alvarez,2025-08-31 09:28:30,noise
6392085020554,6399165981131,T336,7.7,Kai Alvarez,2025-08-31 16:24:12,noise
6392085020554,6398445554732,T876,9.8,Kai Alvarez,2025-08-30 11:04:53,noise
6392085020554,6398445554732,T876,33.9,Kai Alvarez,2025-08-29 18:15:15,noise
6392085020554,6396468854276,T336,24.9,Kai Alvarez,2025-08-29 08:15:54,noise
6392085020554,6399617100710,T876,9.6,Kai Alvarez,2025-08-29 14:25:01,noise
6392085020554,6391053669235,T876,9.1,Kai Alvarez,2025-08-28 05:29:30,noise
6392085020554,6398732852032,T336,49.6,Kai Alvarez,2025-08-28 09:00:15,noise
6392085020554,6391053669235,T336,26.0,Kai Alvarez,2025-08-28 08:05:01,noise
6392085020554,6395726944755,T876,13.3,Kai Alvarez,2025-08-27 13:17:21,noise
6392085020554,6396468854276,T876,14.4,Kai Alvarez,2025-08-27 18:03:03,noise
6392085020554,6394574621348,T336,35.2,Kai Alvarez,2025-08-26 09:06:25,noise
6392085020554,6397652242448,T336,23.4,Kai Alvarez,2025-08-26 17:01:19,noise
6392085020554,6391053669235,T876,16.8,Kai Alvarez,2025-08-25 19:09:13,noise
6392085020554,6397844655371,T876,20.5,Kai Alvarez,2025-08-25 16:26:01,noise
6392085020554,6397554224472,T876,25.9,Kai Alvarez,2025-08-24 00:12:22,noise
6392085020554,6391053669235,T876,30.5,Kai Alvarez,2025-08-23 12:27:14,noise
6392085020554,6396468854276,T876,72.1,Kai Alvarez,2025-08-23 11:04:42,noise
6392085020554,6391053669235,T876,32.9,Kai Alvarez,2025-08-22 08:13:39,noise
6392085020554,6391053669235,T876,10.7,Kai Alvarez,2025-08-22 14:23:29,noise
6392085020554,6396423658378,T336,39.0,Kai Alvarez,2025-08-22 17:12:07,noise
6392085020554,6398445554732,T876,6.4,Kai Alvarez,2025-08-21 14:16:38,noise
6392085020554,6391053669235,T876,37.7,Kai Alvarez,2025-08-21 18:08:26,noise
6392085020554,6398445554732,T336,37.3,Kai Alvarez,2025-08-21 15:16:23,noise
6392085020554,6396468854276,T336,22.2,Kai Alvarez,2025-08-20 14:23:22,noise
6392085020554,6396468854276,T876,7.3,Kai Alvarez,2025-08-20 17:15:19,noise
6392085020554,6396468854276,T336,29.7,Kai Alvarez,2025-08-19 10:15:39,noise
6392085020554,6396468854276,T336,24.9,Kai Alvarez,2025-08-19 14:10:38,noise
6392085020554,6396468854276,T876,22.8,Kai Alvarez,2025-08-19 19:21:24,noise
6392085020554,6391194839118,T876,8.1,Kai Alvarez,2025-08-18 12:07:19,noise
6392085020554,6391053669235,T336,26.1,Kai Alvarez,2025-08-18 14:10:05,noise
6392085020554,6391053669235,T336,14.4,Kai Alvarez,2025-08-17 17:08:12,noise
6392085020554,6396468854276,T876,39.2,Kai Alvarez,2025-08-17 16:09:47,noise
6392085020554,6398491189169,T876,67.4,Kai Alvarez,2025-08-17 17:11:44,noise
6392085020554,6398391305137,T336,35.6,Kai Alvarez,2025-08-16 08:24:16,noise
6392085020554,6397197783416,T336,23.4,Kai Alvarez,2025-08-16 20:30:32,noise
6392085020554,6396468854276,T876,22.8,Kai Alvarez,2025-08-15 14:20:51,noise
6392085020554,6391053669235,T876,7.7,Kai Alvarez,2025-08-15 18:02:39,noise
6392085020554,6396693621506,T336,5.9,Kai Alvarez,2025-08-14 09:22:28,noise
6392085020554,6398445554732,T876,7.7,Kai Alvarez,2025-08-13 03:19:56,noise
6392085020554,6391053669235,T336,25.4,Kai Alvarez,2025-08-13 08:02:49,noise
6392085020554,6391053669235,T876,50.9,Kai Alvarez,2025-08-12 05:30:18,noise
6392085020554,6391053669235,T876,58.4,Kai Alvarez,2025-08-11 08:10:16,noise
6392085020554,6396468854276,T336,13.6,Kai Alvarez,2025-08-11 17:20:00,noise
6392085020554,6396468854276,T876,25.4,Kai Alvarez,2025-08-10 19:26:43,noise
6392085020554,6395122083064,T336,22.8,Kai Alvarez,2025-08-10 19:00:02,noise
6392085020554,6396468854276,T876,25.7,Kai Alvarez,2025-08-09 09:04:36,noise
6392085020554,6398445554732,T876,39.6,Kai Alvarez,2025-08-09 02:08:27,noise
6392085020554,6398445554732,T336,13.1,Kai Alvarez,2025-08-09 17:22:40,noise
6392085020554,6396468854276,T876,6.0,Kai Alvarez,2025-08-08 09:00:24,noise
6392085020554,6391053669235,T876,24.5,Kai Alvarez,2025-08-08 19:17:51,noise
6392085020554,6395656527999,T876,3.1,Kai Alvarez,2025-08-07 09:30:51,noise
6392085020554,6396468854276,T336,10.8,Kai Alvarez,2025-08-07 17:21:24,noise
6392085020554,6396468854276,T876,8.0,Kai Alvarez,2025-08-06 20:10:41,noise
6392085020554,6396468854276,T876,10.1,Kai Alvarez,2025-08-06 13:03:09,noise
6392085020554,6398445554732,T336,9.0,Kai Alvarez,2025-08-05 17:30:47,noise
6392085020554,6391621634803,T876,19.0,Kai Alvarez,2025-08-05 15:13:55,noise
6392085020554,6391053669235,T876,19.1,Kai Alvarez,2025-08-04 20:29:27,noise
6398761443795,6392295700924,T979,19.9,Noah Okafor,2025-10-18 20:18:34,noise
6398761443795,6392295700924,T436,8.4,Noah Okafor,2025-10-18 11:16:36,noise
6398761443795,6392295700924,T436,17.1,Noah Okafor,2025-10-17 17:23:16,noise
6398761443795,6397209902585,T979,11.7,Noah Okafor,2025-10-17 11:25:51,noise
6398761443795,6395913076726,T979,31.0,Noah Okafor,2025-10-16 12:11:20,noise
6398761443795,6392295700924,T436,13.8,Noah Okafor,2025-10-16 05:23:01,noise
6398761443795,6399076960112,T436,30.7,Noah Okafor,2025-10-16 13:11:56,noise
6398761443795,6397235532708,T436,10.8,Noah Okafor,2025-10-15 16:04:34,noise
6398761443795,6393541804755,T436,15.9,Noah Okafor,2025-10-14 21:24:58,noise
6398761443795,6398445554732,T979,13.3,Noah Okafor,2025-10-14 20:11:56,noise
6398761443795,6392295700924,T436,64.7,Noah Okafor,2025-10-13 13:18:00,noise
6398761443795,6396607099917,T436,18.5,Noah Okafor,2025-10-12 13:07:59,noise
6398761443795,6397209902585,T436,14.3,Noah Okafor,2025-10-12 12:09:30,noise
6398761443795,6392295700924,T436,41.3,Noah Okafor,2025-10-11 10:27:19,noise
6398761443795,6394264279208,T436,4.9,Noah Okafor,2025-10-10 10:21:41,noise
6398761443795,6392295700924,T979,29.2,Noah Okafor,2025-10-10 10:06:00,noise
6398761443795,6392295700924,T436,75.2,Noah Okafor,2025-10-09 02:18:48,noise
6398761443795,6392295700924,T436,8.7,Noah Okafor,2025-10-08 15:27:32,noise
6398761443795,6392295700924,T436,25.3,Noah Okafor,2025-10-08 14:15:49,noise
6398761443795,6391937582998,T979,22.1,Noah Okafor,2025-10-07 09:15:49,noise
6398761443795,6395978599202,T436,20.6,Noah Okafor,2025-10-06 16:22:19,noise
6398761443795,6392295700924,T979,33.1,Noah Okafor,2025-10-06 03:03:36,noise
6398761443795,6392295700924,T979,21.0,Noah Okafor,2025-10-05 23:06:52,noise
6398761443795,6393541804755,T979,19.8,Noah Okafor,2025-10-05 20:09:58,noise
6398761443795,6392295700924,T436,16.2,Noah Okafor,2025-10-04 09:29:20,noise
6398761443795,6397636641248,T436,15.3,Noah Okafor,2025-10-03 09:25:08,noise
6398761443795,6391681212932,T436,17.8,Noah Okafor,2025-10-03 19:26:07,noise
6398761443795,6392295700924,T979,10.9,Noah Okafor,2025-10-02 23:18:54,noise
6398761443795,6393541804755,T436,17.3,Noah Okafor,2025-10-02 19:23:00,noise
6398761443795,6396956928083,T979,10.6,Noah Okafor,2025-10-01 13:03:12,noise
6398761443795,6399799920361,T436,8.5,Noah Okafor,2025-09-30 18:06:50,noise
6398761443795,6392295700924,T436,16.7,Noah Okafor,2025-09-29 12:07:39,noise
6398761443795,6393541804755,T979,5.6,Noah Okafor,2025-09-29 08:30:43,noise
6398761443795,6392295700924,T436,67.3,Noah Okafor,2025-09-29 09:24:09,noise
6398761443795,6392295700924,T436,20.2,Noah Okafor,2025-09-28 20:04:17,noise
6398761443795,6393541804755,T979,8.6,Noah Okafor,2025-09-28 18:29:58,noise
6398761443795,6396859651169,T436,49.9,Noah Okafor,2025-09-28 11:23:46,noise
6398761443795,6393951377482,T436,24.0,Noah Okafor,2025-09-27 17:04:22,noise
6398761443795,6393541804755,T979,8.5,Noah Okafor,2025-09-26 14:05:55,noise
6398761443795,6397209902585,T436,11.4,Noah Okafor,2025-09-25 10:13:07,noise
6398761443795,6392295700924,T979,11.3,Noah Okafor,2025-09-25 15:27:47,noise
6398761443795,6392295700924,T436,10.6,Noah Okafor,2025-09-24 00:22:26,noise
6398761443795,6393541804755,T979,10.9,Noah Okafor,2025-09-23 15:30:54,noise
6398761443795,6393541804755,T436,12.6,Noah Okafor,2025-09-22 13:03:19,noise
6398761443795,6397274004764,T436,19.1,Noah Okafor,2025-09-22 15:04:05,noise
6398761443795,6392295700924,T979,6.0,Noah Okafor,2025-09-21 14:00:58,noise
6398761443795,6392295700924,T979,14.7,Noah Okafor,2025-09-21 13:05:15,noise
6398761443795,6392295700924,T436,9.5,Noah Okafor,2025-09-20 15:29:39,noise
6398761443795,6392835511896,T436,49.3,Noah Okafor,2025-09-20 15:22:48,noise
6398761443795,6393541804755,T436,10.5,Noah Okafor,2025-09-19 17:29:27,noise
6398761443795,6396927514387,T979,10.6,Noah Okafor,2025-09-18 20:18:00,noise
6398761443795,6397197783416,T436,30.0,Noah Okafor,2025-09-17 19:23:18,noise
6398761443795,6392295700924,T979,23.1,Noah Okafor,2025-09-16 03:10:12,noise
6398761443795,6392295700924,T436,9.2,Noah Okafor,2025-09-16 14:27:46,noise
6398761443795,6392295700924,T979,20.4,Noah Okafor,2025-09-15 16:08:13,noise
6398761443795,6392295700924,T436,13.9,Noah Okafor,2025-09-15 01:14:43,noise
6398761443795,6395975932913,T436,27.9,Noah Okafor,2025-09-14 08:27:15,noise
6398761443795,6391621634803,T979,15.5,Noah Okafor,2025-09-14 08:21:16,noise
6398761443795,6392295700924,T436,41.0,Noah Okafor,2025-09-13 19:29:01,noise
6398761443795,6392295700924,T436,27.5,Noah Okafor,2025-09-12 23:15:30,noise
6398761443795,6393507307642,T979,18.3,Noah Okafor,2025-09-12 05:02:07,noise
6398761443795,6392295700924,T436,14.0,Noah Okafor,2025-09-12 14:04:28,noise
6398761443795,6393541804755,T436,12.4,Noah Okafor,2025-09-11 13:24:01,noise
6398761443795,6393541804755,T979,30.4,Noah Okafor,2025-09-10 10:00:55,noise
6398761443795,6391657761801,T979,12.3,Noah Okafor,2025-09-10 20:03:31,noise
6398761443795,6393541804755,T436,20.7,Noah Okafor,2025-09-10 17:26:36,noise
6398761443795,6397209902585,T979,30.5,Noah Okafor,2025-09-09 20:13:10,noise
6398761443795,6393541804755,T436,27.5,Noah Okafor,2025-09-08 14:20:53,noise
6398761443795,6393726218800,T436,15.3,Noah Okafor,2025-09-07 17:01:45,noise
6398761443795,6393541804755,T979,19.6,Noah Okafor,2025-09-07 16:00:56,noise
6398761443795,6396119144758,T979,19.1,Noah Okafor,2025-09-06 02:14:28,noise
6398761443795,6393951377482,T436,32.4,Noah Okafor,2025-09-06 10:09:32,noise
6398761443795,6393541804755,T436,5.9,Noah Okafor,2025-09-06 08:20:37,noise
6398761443795,6392295700924,T436,14.2,Noah Okafor,2025-09-05 10:09:27,noise
6398761443795,6393541804755,T436,36.2,Noah Okafor,2025-09-05 11:25:32,noise
6398761443795,6397008615813,T979,30.0,Noah Okafor,2025-09-04 21:22:48,noise
6398761443795,6393541804755,T436,25.5,Noah Okafor,2025-09-04 09:17:50,noise
6398761443795,6397652242448,T979,13.3,Noah Okafor,2025-09-03 11:11:41,noise
6398761443795,6396095128059,T436,9.9,Noah Okafor,2025-09-03 08:01:56,noise
6398761443795,6393541804755,T979,19.4,Noah Okafor,2025-09-03 09:28:14,noise
6398761443795,6392334677082,T436,24.1,Noah Okafor,2025-09-02 03:28:57,noise
6398761443795,6392295700924,T436,17.9,Noah Okafor,2025-09-02 10:00:20,noise
6398761443795,6392295700924,T979,5.2,Noah Okafor,2025-09-02 15:17:03,noise
6398761443795,6392295700924,T436,7.4,Noah Okafor,2025-09-01 12:15:14,noise
6398761443795,6393541804755,T436,19.5,Noah Okafor,2025-09-01 15:16:28,noise
6398761443795,6393603835968,T979,9.5,Noah Okafor,2025-08-31 20:07:21,noise
6398761443795,6392724977358,T436,12.3,Noah Okafor,2025-08-31 10:21:14,noise
6398761443795,6393541804755,T979,9.2,Noah Okafor,2025-08-31 21:04:08,noise
6398761443795,6396423658378,T436,24.3,Noah Okafor,2025-08-30 15:08:47,noise
6398761443795,6392295700924,T979,20.6,Noah Okafor,2025-08-30 18:27:37,noise
6398761443795,6393541804755,T979,21.1,Noah Okafor,2025-08-30 13:13:43,noise
6398761443795,6393541804755,T436,12.6,Noah Okafor,2025-08-29 19:14:20,noise
6398761443795,6393541804755,T979,14.7,Noah Okafor,2025-08-28 08:05:05,noise
6398761443795,6393726218800,T436,67.0,Noah Okafor,2025-08-28 23:29:54,noise
6398761443795,6393541804755,T436,22.5,Noah Okafor,2025-08-27 16:18:50,noise
6398761443795,6396468854276,T979,13.5,Noah Okafor,2025-08-27 09:26:25,noise
6398761443795,6393541804755,T436,8.6,Noah Okafor,2025-08-27 16:30:41,noise
6398761443795,6393541804755,T436,8.6,Noah Okafor,2025-08-26 13:27:28,noise
6398761443795,6393541804755,T436,20.8,Noah Okafor,2025-08-26 18:27:50,noise
6398761443795,6392295700924,T979,28.0,Noah Okafor,2025-08-26 03:03:00,noise
6398761443795,6392295700924,T979,65.9,Noah Okafor,2025-08-25 08:16:23,noise
6398761443795,6397554224472,T436,17.1,Noah Okafor,2025-08-25 08:10:20,noise
6398761443795,6392295700924,T436,8.3,Noah Okafor,2025-08-24 01:28:03,noise
6398761443795,6392295700924,T979,10.5,Noah Okafor,2025-08-24 19:28:15,noise
6398761443795,6397664580862,T436,6.9,Noah Okafor,2025-08-23 17:27:57,noise
6398761443795,6395913076726,T436,22.5,Noah Okafor,2025-08-23 14:20:03,noise
6398761443795,6392295700924,T436,5.6,Noah Okafor,2025-08-22 20:14:55,noise
6398761443795,6392295700924,T979,51.3,Noah Okafor,2025-08-21 13:25:16,noise
6398761443795,6393541804755,T979,30.6,Noah Okafor,2025-08-21 04:14:21,noise
6398761443795,6391194839118,T979,24.5,Noah Okafor,2025-08-21 18:03:31,noise
6398761443795,6392295700924,T979,21.0,Noah Okafor,2025-08-20 08:11:05,noise
6398761443795,6392295700924,T436,8.2,Noah Okafor,2025-08-20 19:27:06,noise
6398761443795,6393726218800,T436,27.0,Noah Okafor,2025-08-19 12:13:34,noise
6398761443795,6391841771012,T436,16.6,Noah Okafor,2025-08-19 14:28:39,noise
6398761443795,6398036705746,T979,31.0,Noah Okafor,2025-08-18 20:01:36,noise
6398761443795,6392295700924,T436,6.0,Noah Okafor,2025-08-17 14:28:20,noise
6398761443795,6397792731200,T979,21.4,Noah Okafor,2025-08-17 13:19:51,noise
6398761443795,6392295700924,T436,18.3,Noah Okafor,2025-08-16 10:02:53,noise
6398761443795,6391841771012,T979,4.0,Noah Okafor,2025-08-16 18:04:18,noise
6398761443795,6392295700924,T436,30.6,Noah Okafor,2025-08-15 19:16:49,noise
6398761443795,6393541804755,T979,11.9,Noah Okafor,2025-08-15 13:03:33,noise
6398761443795,6393723821869,T436,12.7,Noah Okafor,2025-08-14 15:27:16,noise
6398761443795,6393541804755,T436,11.5,Noah Okafor,2025-08-14 18:03:44,noise
6398761443795,6392724977358,T436,6.1,Noah Okafor,2025-08-14 18:08:57,noise
6398761443795,6392724977358,T979,10.8,Noah Okafor,2025-08-13 19:04:53,noise
6398761443795,6392295700924,T436,1.9,Noah Okafor,2025-08-13 16:04:48,noise
6398761443795,6399856589429,T979,9.3,Noah Okafor,2025-08-12 09:17:35,noise
6398761443795,6399799920361,T436,29.2,Noah Okafor,2025-08-12 16:08:18,noise
6398761443795,6392059565366,T436,15.0,Noah Okafor,2025-08-12 23:29:00,noise
6398761443795,6393493304331,T436,6.6,Noah Okafor,2025-08-11 18:05:08,noise
6398761443795,6393541804755,T979,35.2,Noah Okafor,2025-08-10 12:28:36,noise
6398761443795,6392295700924,T436,11.1,Noah Okafor,2025-08-10 05:00:40,noise
6398761443795,6391053669235,T436,11.6,Noah Okafor,2025-08-09 17:10:43,noise
6398761443795,6392295700924,T979,20.5,Noah Okafor,2025-08-09 21:11:39,noise
6398761443795,6394555912795,T436,72.5,Noah Okafor,2025-08-08 13:27:26,noise
6398761443795,6393541804755,T436,14.2,Noah Okafor,2025-08-08 10:20:19,noise
6398761443795,6392295700924,T436,29.6,Noah Okafor,2025-08-08 14:06:11,noise
6398761443795,6392295700924,T436,4.9,Noah Okafor,2025-08-07 20:15:12,noise
6398761443795,6393726218800,T436,42.5,Noah Okafor,2025-08-06 17:21:55,noise
6398761443795,6396033004999,T979,23.1,Noah Okafor,2025-08-06 20:11:49,noise
6398761443795,6392295700924,T979,20.9,Noah Okafor,2025-08-06 16:00:46,noise
6398761443795,6392295700924,T436,19.6,Noah Okafor,2025-08-05 11:21:40,noise
6398761443795,6392295700924,T436,6.2,Noah Okafor,2025-08-05 08:17:54,noise
6398761443795,6393541804755,T436,4.0,Noah Okafor,2025-08-04 12:23:14,noise
6395255503056,6397664580862,T910,6.1,Victor Quinn,2025-10-18 12:23:15,noise
6395255503056,6397209902585,T275,19.5,Victor Quinn,2025-10-18 16:16:46,noise
6395255503056,6396743661793,T910,15.2,Victor Quinn,2025-10-17 13:06:48,noise
6395255503056,6396743661793,T910,7.7,Victor Quinn,2025-10-17 17:17:47,noise
6395255503056,6396743661793,T275,15.2,Victor Quinn,2025-10-16 15:01:11,noise
6395255503056,6396743661793,T275,15.4,Victor Quinn,2025-10-15 11:16:03,noise
6395255503056,6397209902585,T910,12.1,Victor Quinn,2025-10-14 18:03:10,noise
6395255503056,6399856589429,T275,19.4,Victor Quinn,2025-10-14 11:26:35,noise
6395255503056,6395913076726,T910,34.2,Victor Quinn,2025-10-14 11:01:30,noise
6395255503056,6399259551176,T910,16.2,Victor Quinn,2025-10-13 12:07:23,noise
6395255503056,6397554224472,T275,45.2,Victor Quinn,2025-10-13 20:07:35,noise
6395255503056,6396743661793,T910,30.8,Victor Quinn,2025-10-12 21:09:18,noise
6395255503056,6397008615813,T910,2.7,Victor Quinn,2025-10-11 11:00:33,noise
6395255503056,6395726944755,T275,10.7,Victor Quinn,2025-10-11 19:01:25,noise
6395255503056,6397209902585,T910,24.0,Victor Quinn,2025-10-10 16:28:44,noise
6395255503056,6396743661793,T275,23.2,Victor Quinn,2025-10-10 19:29:03,noise
6395255503056,6396743661793,T275,13.1,Victor Quinn,2025-10-09 17:03:36,noise
6395255503056,6396927514387,T910,39.1,Victor Quinn,2025-10-08 18:13:05,noise
6395255503056,6397209902585,T275,25.2,Victor Quinn,2025-10-07 09:06:58,noise
6395255503056,6397209902585,T275,9.9,Victor Quinn,2025-10-07 23:21:06,noise
6395255503056,6399856589429,T275,11.7,Victor Quinn,2025-10-06 19:27:07,noise
6395255503056,6397209902585,T275,36.5,Victor Quinn,2025-10-05 16:20:26,noise
6395255503056,6399856589429,T275,13.8,Victor Quinn,2025-10-05 14:01:07,noise
6395255503056,6397792731200,T910,42.7,Victor Quinn,2025-10-04 16:28:00,noise
6395255503056,6392724977358,T275,11.2,Victor Quinn,2025-10-04 13:18:13,noise
6395255503056,6399856589429,T910,18.8,Victor Quinn,2025-10-04 04:24:08,noise
6395255503056,6396743661793,T275,30.4,Victor Quinn,2025-10-03 17:26:42,noise
6395255503056,6396227547092,T275,16.6,Victor Quinn,2025-10-02 17:20:28,noise
6395255503056,6399856589429,T910,15.5,Victor Quinn,2025-10-02 23:06:21,noise
6395255503056,6393723821869,T910,62.7,Victor Quinn,2025-10-02 18:04:59,noise
6395255503056,6399856589429,T910,14.1,Victor Quinn,2025-10-01 13:08:16,noise
6395255503056,6397209902585,T275,2.1,Victor Quinn,2025-10-01 01:17:50,noise
6395255503056,6399799920361,T275,13.5,Victor Quinn,2025-09-30 08:27:32,noise
6395255503056,6396095128059,T275,9.1,Victor Quinn,2025-09-30 19:07:53,noise
6395255503056,6399856589429,T275,31.5,Victor Quinn,2025-09-29 21:19:11,noise
6395255503056,6394574621348,T910,9.1,Victor Quinn,2025-09-29 08:25:16,noise
6395255503056,6396743661793,T910,22.2,Victor Quinn,2025-09-29 20:15:07,noise
6395255503056,6395082508928,T910,15.8,Victor Quinn,2025-09-28 12:05:51,noise
6395255503056,6396743661793,T910,7.7,Victor Quinn,2025-09-28 16:25:32,noise
6395255503056,6392724977358,T910,9.6,Victor Quinn,2025-09-27 11:03:46,noise
6395255503056,6397209902585,T910,10.2,Victor Quinn,2025-09-26 09:25:31,noise
6395255503056,6392724977358,T910,13.7,Victor Quinn,2025-09-26 15:29:26,noise
6395255503056,6397209902585,T275,11.4,Victor Quinn,2025-09-26 14:01:48,noise
6395255503056,6397209902585,T910,13.7,Victor Quinn,2025-09-25 23:05:01,noise
6395255503056,6391841771012,T275,15.8,Victor Quinn,2025-09-24 15:14:08,noise
6395255503056,6395978599202,T275,19.9,Victor Quinn,2025-09-24 20:14:19,noise
6395255503056,6396743661793,T910,13.0,Victor Quinn,2025-09-23 21:28:57,noise
6395255503056,6399856589429,T275,12.8,Victor Quinn,2025-09-23 19:21:44,noise
6395255503056,6399856589429,T275,19.2,Victor Quinn,2025-09-23 17:29:48,noise
6395255503056,6396743661793,T910,19.6,Victor Quinn,2025-09-22 18:23:21,noise
6395255503056,6392795791102,T275,6.2,Victor Quinn,2025-09-22 19:19:56,noise
6395255503056,6397209902585,T910,20.9,Victor Quinn,2025-09-21 18:00:21,noise
6395255503056,6396743661793,T275,53.5,Victor Quinn,2025-09-21 20:21:25,noise
6395255503056,6391279393246,T275,14.7,Victor Quinn,2025-09-21 08:15:59,noise
6395255503056,6399856589429,T275,16.5,Victor Quinn,2025-09-20 19:07:17,noise
6395255503056,6397209902585,T910,12.5,Victor Quinn,2025-09-20 16:05:40,noise
6395255503056,6396743661793,T275,5.1,Victor Quinn,2025-09-20 00:25:45,noise
6395255503056,6397209902585,T910,42.4,Victor Quinn,2025-09-19 11:23:19,noise
6395255503056,6396743661793,T910,26.5,Victor Quinn,2025-09-19 17:21:42,noise
6395255503056,6398445554732,T910,14.1,Victor Quinn,2025-09-19 20:27:17,noise
6395255503056,6395122083064,T275,46.4,Victor Quinn,2025-09-18 13:20:12,noise
6395255503056,6397209902585,T910,5.3,Victor Quinn,2025-09-18 21:08:58,noise
6395255503056,6399856589429,T275,6.1,Victor Quinn,2025-09-17 18:01:09,noise
6395255503056,6399856589429,T910,9.0,Victor Quinn,2025-09-17 17:23:40,noise
6395255503056,6399856589429,T910,61.1,Victor Quinn,2025-09-16 02:02:26,noise
6395255503056,6397209902585,T275,20.1,Victor Quinn,2025-09-16 08:06:27,noise
6395255503056,6392463613153,T275,13.8,Victor Quinn,2025-09-16 10:03:30,noise
6395255503056,6395778639223,T910,13.1,Victor Quinn,2025-09-15 23:13:12,noise
6395255503056,6393859907578,T275,3.8,Victor Quinn,2025-09-15 08:13:19,noise
6395255503056,6397008615813,T910,18.1,Victor Quinn,2025-09-14 02:01:07,noise
6395255503056,6399165981131,T275,47.1,Victor Quinn,2025-09-14 19:08:40,noise
6395255503056,6397209902585,T910,12.2,Victor Quinn,2025-09-13 23:07:41,noise
6395255503056,6399856589429,T275,16.7,Victor Quinn,2025-09-12 15:13:15,noise
6395255503056,6392059565366,T910,42.7,Victor Quinn,2025-09-11 14:15:59,noise
6395255503056,6396743661793,T275,8.1,Victor Quinn,2025-09-10 15:16:12,noise
6395255503056,6396927514387,T275,10.2,Victor Quinn,2025-09-10 16:06:52,noise
6395255503056,6399856589429,T275,1.6,Victor Quinn,2025-09-10 20:13:22,noise
6395255503056,6396743661793,T275,13.7,Victor Quinn,2025-09-09 20:09:09,noise
6395255503056,6396743661793,T275,19.2,Victor Quinn,2025-09-09 09:26:04,noise
6395255503056,6399856589429,T275,10.0,Victor Quinn,2025-09-08 09:04:19,noise
6395255503056,6397209902585,T275,23.7,Victor Quinn,2025-09-08 16:22:11,noise
6395255503056,6394841742270,T910,32.8,Victor Quinn,2025-09-07 05:06:47,noise
6395255503056,6396743661793,T275,27.2,Victor Quinn,2025-09-06 11:13:23,noise
6395255503056,6395455137652,T275,39.4,Victor Quinn,2025-09-06 19:28:09,noise
6395255503056,6396743661793,T275,66.9,Victor Quinn,2025-09-06 16:20:08,noise
6395255503056,6399856589429,T275,15.6,Victor Quinn,2025-09-05 02:02:59,noise
6395255503056,6399799920361,T910,17.9,Victor Quinn,2025-09-05 19:30:33,noise
6395255503056,6393859907578,T275,6.3,Victor Quinn,2025-09-04 13:21:23,noise
6395255503056,6399856589429,T275,6.4,Victor Quinn,2025-09-04 11:23:17,noise
6395255503056,6393561104962,T275,21.5,Victor Quinn,2025-09-03 11:17:52,noise
6395255503056,6397209902585,T275,7.9,Victor Quinn,2025-09-03 12:10:23,noise
6395255503056,6399856589429,T910,6.9,Victor Quinn,2025-09-03 13:06:49,noise
6395255503056,6399856589429,T910,37.1,Victor Quinn,2025-09-02 17:05:17,noise
6395255503056,6398445554732,T910,21.0,Victor Quinn,2025-09-02 10:06:55,noise
6395255503056,6397844655371,T910,23.8,Victor Quinn,2025-09-02 20:24:53,noise
6395255503056,6394264279208,T910,55.8,Victor Quinn,2025-09-01 10:23:19,noise
6395255503056,6397209902585,T910,41.7,Victor Quinn,2025-09-01 10:12:15,noise
6395255503056,6396743661793,T275,32.6,Victor Quinn,2025-08-31 08:12:06,noise
6395255503056,6399924544312,T275,5.8,Victor Quinn,2025-08-31 08:28:09,noise
6395255503056,6397209902585,T910,7.3,Victor Quinn,2025-08-30 19:14:11,noise
6395255503056,6399856589429,T275,18.0,Victor Quinn,2025-08-30 18:28:39,noise
6395255503056,6397316055758,T910,13.9,Victor Quinn,2025-08-29 14:09:04,noise
6395255503056,6399856589429,T275,8.7,Victor Quinn,2025-08-28 12:15:21,noise
6395255503056,6399856589429,T275,25.9,Victor Quinn,2025-08-28 14:15:24,noise
6395255503056,6396743661793,T275,10.5,Victor Quinn,2025-08-27 19:23:49,noise
6395255503056,6397209902585,T275,10.8,Victor Quinn,2025-08-27 15:07:15,noise
6395255503056,6399856589429,T910,11.3,Victor Quinn,2025-08-27 23:00:17,noise
6395255503056,6397209902585,T275,14.1,Victor Quinn,2025-08-26 05:07:15,noise
6395255503056,6397652242448,T910,10.9,Victor Quinn,2025-08-26 15:06:17,noise
6395255503056,6399979024610,T275,21.2,Victor Quinn,2025-08-26 04:27:29,noise
6395255503056,6395082508928,T275,3.9,Victor Quinn,2025-08-25 14:10:13,noise
6395255503056,6397209902585,T910,15.0,Victor Quinn,2025-08-25 13:20:26,noise
6395255503056,6391657761801,T275,12.4,Victor Quinn,2025-08-24 11:06:54,noise
6395255503056,6398906791192,T910,10.0,Victor Quinn,2025-08-24 04:19:13,noise
6395255503056,6399617100710,T910,104.7,Victor Quinn,2025-08-23 15:25:17,noise
6395255503056,6399856589429,T275,19.5,Victor Quinn,2025-08-22 12:29:49,noise
6395255503056,6397209902585,T910,36.1,Victor Quinn,2025-08-22 08:18:05,noise
6395255503056,6397209902585,T275,17.4,Victor Quinn,2025-08-21 14:13:42,noise
6395255503056,6397209902585,T910,11.7,Victor Quinn,2025-08-20 09:25:09,noise
6395255503056,6396743661793,T275,16.2,Victor Quinn,2025-08-19 10:18:11,noise
6395255503056,6399856589429,T910,19.1,Victor Quinn,2025-08-18 11:23:04,noise
6395255503056,6394574621348,T910,17.5,Victor Quinn,2025-08-18 16:14:29,noise
6395255503056,6396743661793,T910,18.4,Victor Quinn,2025-08-17 13:08:30,noise
6395255503056,6392463613153,T910,15.2,Victor Quinn,2025-08-16 10:05:22,noise
6395255503056,6399856589429,T275,39.3,Victor Quinn,2025-08-16 11:21:07,noise
6395255503056,6399856589429,T275,9.0,Victor Quinn,2025-08-15 10:30:28,noise
6395255503056,6392334677082,T275,11.6,Victor Quinn,2025-08-14 11:01:25,noise
6395255503056,6397209902585,T275,14.0,Victor Quinn,2025-08-14 13:23:18,noise
6395255503056,6399799920361,T275,19.1,Victor Quinn,2025-08-13 08:08:12,noise
6395255503056,6391053669235,T275,10.4,Victor Quinn,2025-08-12 22:28:36,noise
6395255503056,6396743661793,T275,7.7,Victor Quinn,2025-08-11 11:02:38,noise
6395255503056,6392724977358,T910,12.3,Victor Quinn,2025-08-11 16:15:34,noise
6395255503056,6397209902585,T910,55.0,Victor Quinn,2025-08-10 23:19:29,noise
6395255503056,6399617100710,T910,24.0,Victor Quinn,2025-08-10 11:26:30,noise
6395255503056,6397209902585,T275,33.1,Victor Quinn,2025-08-09 17:12:12,noise
6395255503056,6395255503056,T275,8.4,Victor Quinn,2025-08-08 19:18:18,noise
6395255503056,6399856589429,T910,15.0,Victor Quinn,2025-08-08 10:06:05,noise
6395255503056,6395082508928,T910,30.0,Victor Quinn,2025-08-07 08:29:35,noise
6395255503056,6395913076726,T910,7.9,Victor Quinn,2025-08-07 22:05:18,noise
6395255503056,6399856589429,T910,26.0,Victor Quinn,2025-08-06 08:00:59,noise
6395255503056,6396743661793,T275,3.3,Victor Quinn,2025-08-06 23:27:41,noise
6395255503056,6396743661793,T910,10.4,Victor Quinn,2025-08-05 16:05:23,noise
6395255503056,6397209902585,T275,13.5,Victor Quinn,2025-08-05 17:12:55,noise
6395255503056,6392835511896,T275,33.1,Victor Quinn,2025-08-04 10:10:14,noise
6395255503056,6393541804755,T275,54.6,Victor Quinn,2025-08-04 14:10:10,noise
6395255503056,6395656527999,T275,16.5,Victor Quinn,2025-08-04 11:12:40,noise
6398445554732,6398732852032,T663,14.6,Lena Gomes,2025-10-18 20:17:04,noise
6398445554732,6398732852032,T663,48.4,Lena Gomes,2025-10-18 08:16:01,noise
6398445554732,6395778639223,T392,11.6,Lena Gomes,2025-10-17 12:02:01,noise
6398445554732,6392795791102,T663,39.9,Lena Gomes,2025-10-17 10:01:04,noise
6398445554732,6398732852032,T392,13.1,Lena Gomes,2025-10-17 09:15:24,noise
6398445554732,6395455137652,T663,27.3,Lena Gomes,2025-10-16 09:19:08,noise
6398445554732,6392085020554,T392,12.8,Lena Gomes,2025-10-16 21:17:04,noise
6398445554732,6395455137652,T663,4.3,Lena Gomes,2025-10-15 09:18:25,noise
6398445554732,6397652242448,T392,9.7,Lena Gomes,2025-10-15 10:25:26,noise
6398445554732,6399617100710,T392,7.1,Lena Gomes,2025-10-14 01:14:07,noise
6398445554732,6393726218800,T663,18.1,Lena Gomes,2025-10-14 09:00:27,noise
6398445554732,6399165981131,T663,17.1,Lena Gomes,2025-10-13 08:02:44,noise
6398445554732,6393726218800,T663,46.1,Lena Gomes,2025-10-12 22:16:59,noise
6398445554732,6391279393246,T392,22.4,Lena Gomes,2025-10-12 15:29:07,noise
6398445554732,6391937582998,T392,10.4,Lena Gomes,2025-10-11 15:25:15,noise
6398445554732,6393726218800,T392,67.7,Lena Gomes,2025-10-10 22:24:04,noise
6398445554732,6395455137652,T663,7.5,Lena Gomes,2025-10-10 01:18:07,noise
6398445554732,6395455137652,T392,34.5,Lena Gomes,2025-10-09 11:17:34,noise
6398445554732,6395455137652,T392,25.7,Lena Gomes,2025-10-09 23:28:26,noise
6398445554732,6397364632100,T392,14.3,Lena Gomes,2025-10-08 19:21:12,noise
6398445554732,6392463613153,T663,20.4,Lena Gomes,2025-10-08 17:17:15,noise
6398445554732,6393561104962,T392,20.1,Lena Gomes,2025-10-07 10:06:54,noise
6398445554732,6393726218800,T663,18.2,Lena Gomes,2025-10-06 03:15:05,noise
6398445554732,6395455137652,T392,10.8,Lena Gomes,2025-10-05 09:11:21,noise
6398445554732,6393726218800,T392,19.9,Lena Gomes,2025-10-05 14:12:40,noise
6398445554732,6393726218800,T392,48.3,Lena Gomes,2025-10-04 14:03:28,noise
6398445554732,6393726218800,T663,34.8,Lena Gomes,2025-10-04 15:08:52,noise
6398445554732,6398732852032,T392,8.2,Lena Gomes,2025-10-03 01:11:09,noise
6398445554732,6395455137652,T392,50.1,Lena Gomes,2025-10-03 12:11:13,noise
6398445554732,6398732852032,T392,6.2,Lena Gomes,2025-10-03 09:00:43,noise
6398445554732,6392779062252,T392,6.6,Lena Gomes,2025-10-02 09:05:32,noise
6398445554732,6397554224472,T663,28.0,Lena Gomes,2025-10-01 17:19:18,noise
6398445554732,6395455137652,T392,61.1,Lena Gomes,2025-09-30 12:00:06,noise
6398445554732,6396119144758,T392,3.9,Lena Gomes,2025-09-30 08:06:29,noise
6398445554732,6393726218800,T392,9.4,Lena Gomes,2025-09-29 14:25:42,noise
6398445554732,6399521620276,T663,21.2,Lena Gomes,2025-09-29 16:01:45,noise
6398445554732,6397652242448,T392,16.0,Lena Gomes,2025-09-28 19:17:59,noise
6398445554732,6398732852032,T392,5.1,Lena Gomes,2025-09-27 12:18:43,noise
6398445554732,6395455137652,T392,25.7,Lena Gomes,2025-09-26 16:15:38,noise
6398445554732,6396681820773,T392,5.5,Lena Gomes,2025-09-26 14:26:30,noise
6398445554732,6393726218800,T392,9.3,Lena Gomes,2025-09-25 03:18:37,noise
6398445554732,6395455137652,T392,4.9,Lena Gomes,2025-09-24 13:08:15,noise
6398445554732,6395255503056,T663,6.8,Lena Gomes,2025-09-24 10:16:38,noise
6398445554732,6393603835968,T392,15.7,Lena Gomes,2025-09-23 09:24:40,noise
6398445554732,6395455137652,T663,6.0,Lena Gomes,2025-09-23 20:19:05,noise
6398445554732,6395455137652,T392,15.4,Lena Gomes,2025-09-22 18:20:20,noise
6398445554732,6393726218800,T663,22.7,Lena Gomes,2025-09-22 09:19:44,noise
6398445554732,6397316055758,T392,82.5,Lena Gomes,2025-09-21 08:11:42,noise
6398445554732,6398732852032,T663,18.3,Lena Gomes,2025-09-20 08:05:06,noise
6398445554732,6392724977358,T392,38.3,Lena Gomes,2025-09-20 13:04:02,noise
6398445554732,6393726218800,T663,29.1,Lena Gomes,2025-09-19 08:12:21,noise
6398445554732,6395455137652,T663,43.5,Lena Gomes,2025-09-19 09:03:10,noise
6398445554732,6398732852032,T392,49.4,Lena Gomes,2025-09-19 16:15:49,noise
6398445554732,6396181402712,T663,10.9,Lena Gomes,2025-09-18 16:30:55,noise
6398445554732,6398732852032,T392,19.2,Lena Gomes,2025-09-17 12:06:26,noise
6398445554732,6393975769123,T392,20.4,Lena Gomes,2025-09-17 14:06:56,noise
6398445554732,6398491189169,T392,15.2,Lena Gomes,2025-09-16 14:26:00,noise
6398445554732,6393726218800,T392,50.5,Lena Gomes,2025-09-15 14:20:26,noise
6398445554732,6398732852032,T663,5.7,Lena Gomes,2025-09-15 19:19:45,noise
6398445554732,6395455137652,T392,21.6,Lena Gomes,2025-09-14 16:18:08,noise
6398445554732,6395455137652,T663,10.4,Lena Gomes,2025-09-14 10:22:43,noise
6398445554732,6393541804755,T392,9.0,Lena Gomes,2025-09-13 19:22:37,noise
6398445554732,6398732852032,T392,29.5,Lena Gomes,2025-09-13 15:08:43,noise
6398445554732,6398732852032,T392,12.7,Lena Gomes,2025-09-13 12:18:11,noise
6398445554732,6398732852032,T663,11.8,Lena Gomes,2025-09-12 17:27:32,noise
6398445554732,6393726218800,T392,13.0,Lena Gomes,2025-09-12 08:07:07,noise
6398445554732,6395455137652,T663,2.9,Lena Gomes,2025-09-11 10:13:10,noise
6398445554732,6393726218800,T392,21.5,Lena Gomes,2025-09-11 10:09:45,noise
6398445554732,6396492957730,T663,41.4,Lena Gomes,2025-09-10 18:19:18,noise
6398445554732,6393726218800,T663,31.8,Lena Gomes,2025-09-10 15:03:38,noise
6398445554732,6391194839118,T663,20.3,Lena Gomes,2025-09-09 11:27:45,noise
6398445554732,6392085020554,T392,19.1,Lena Gomes,2025-09-09 18:05:01,noise
6398445554732,6393726218800,T663,25.2,Lena Gomes,2025-09-09 16:25:18,noise
6398445554732,6395122083064,T663,16.0,Lena Gomes,2025-09-08 15:07:35,noise
6398445554732,6395455137652,T392,14.7,Lena Gomes,2025-09-07 15:27:48,noise
6398445554732,6398732852032,T392,93.5,Lena Gomes,2025-09-07 22:22:10,noise
6398445554732,6393726218800,T392,28.4,Lena Gomes,2025-09-06 18:17:54,noise
6398445554732,6395455137652,T392,4.5,Lena Gomes,2025-09-06 00:21:52,noise
6398445554732,6396631526248,T392,116.6,Lena Gomes,2025-09-05 11:28:16,noise
6398445554732,6393723821869,T392,10.9,Lena Gomes,2025-09-05 11:11:58,noise
6398445554732,6397209902585,T663,11.5,Lena Gomes,2025-09-04 19:03:16,noise
6398445554732,6398732852032,T392,7.1,Lena Gomes,2025-09-03 22:17:15,noise
6398445554732,6394555912795,T392,24.0,Lena Gomes,2025-09-03 17:15:51,noise
6398445554732,6398732852032,T392,47.1,Lena Gomes,2025-09-03 18:28:54,noise
6398445554732,6393726218800,T392,11.3,Lena Gomes,2025-09-02 12:08:00,noise
6398445554732,6396468854276,T392,20.3,Lena Gomes,2025-09-02 08:12:58,noise
6398445554732,6395122083064,T392,29.4,Lena Gomes,2025-09-02 11:19:53,noise
6398445554732,6398391305137,T392,6.8,Lena Gomes,2025-09-01 22:23:46,noise
6398445554732,6393726218800,T663,16.7,Lena Gomes,2025-09-01 08:16:05,noise
6398445554732,6398732852032,T663,47.9,Lena Gomes,2025-08-31 20:26:39,noise
6398445554732,6395455137652,T392,8.4,Lena Gomes,2025-08-31 20:29:18,noise
6398445554732,6398732852032,T392,79.7,Lena Gomes,2025-08-30 14:17:16,noise
6398445554732,6395455137652,T392,9.6,Lena Gomes,2025-08-30 16:23:33,noise
6398445554732,6391937582998,T663,9.9,Lena Gomes,2025-08-30 14:06:52,noise
6398445554732,6393726218800,T392,6.5,Lena Gomes,2025-08-29 19:10:04,noise
6398445554732,6398732852032,T392,18.0,Lena Gomes,2025-08-28 12:26:59,noise
6398445554732,6393726218800,T663,11.1,Lena Gomes,2025-08-28 20:28:07,noise
6398445554732,6395455137652,T392,23.7,Lena Gomes,2025-08-28 13:28:44,noise
6398445554732,6392463613153,T392,23.8,Lena Gomes,2025-08-27 04:17:22,noise
6398445554732,6391279393246,T392,10.1,Lena Gomes,2025-08-27 12:03:56,noise
6398445554732,6395455137652,T392,13.6,Lena Gomes,2025-08-27 05:05:05,noise
6398445554732,6398732852032,T392,20.7,Lena Gomes,2025-08-26 09:03:54,noise
6398445554732,6398732852032,T392,29.9,Lena Gomes,2025-08-26 10:03:20,noise
6398445554732,6391681212932,T392,19.2,Lena Gomes,2025-08-25 17:18:50,noise
6398445554732,6398732852032,T663,13.6,Lena Gomes,2025-08-25 15:13:25,noise
6398445554732,6391757381529,T392,49.0,Lena Gomes,2025-08-24 09:24:12,noise
6398445554732,6392795791102,T392,12.5,Lena Gomes,2025-08-24 11:17:06,noise
6398445554732,6395455137652,T663,1.4,Lena Gomes,2025-08-24 10:11:32,noise
6398445554732,6393726218800,T663,5.9,Lena Gomes,2025-08-23 14:00:47,noise
6398445554732,6398732852032,T392,46.2,Lena Gomes,2025-08-23 18:30:51,noise
6398445554732,6394555912795,T392,11.2,Lena Gomes,2025-08-23 04:14:20,noise
6398445554732,6397844655371,T392,17.6,Lena Gomes,2025-08-22 20:02:42,noise
6398445554732,6393726218800,T663,6.9,Lena Gomes,2025-08-22 15:21:27,noise
6398445554732,6398732852032,T392,28.9,Lena Gomes,2025-08-22 08:11:57,noise
6398445554732,6395455137652,T663,7.8,Lena Gomes,2025-08-21 13:20:42,noise
6398445554732,6393726218800,T663,5.4,Lena Gomes,2025-08-20 04:28:43,noise
6398445554732,6395455137652,T392,13.9,Lena Gomes,2025-08-20 13:28:25,noise
6398445554732,6395455137652,T663,5.3,Lena Gomes,2025-08-19 21:18:57,noise
6398445554732,6395455137652,T392,14.1,Lena Gomes,2025-08-18 12:03:56,noise
6398445554732,6393135045026,T663,68.5,Lena Gomes,2025-08-18 16:23:42,noise
6398445554732,6394272648738,T663,25.0,Lena Gomes,2025-08-17 16:24:17,noise
6398445554732,6395455137652,T392,11.8,Lena Gomes,2025-08-17 17:16:10,noise
6398445554732,6395455137652,T663,14.5,Lena Gomes,2025-08-17 22:12:39,noise
6398445554732,6396681820773,T663,8.6,Lena Gomes,2025-08-16 15:13:16,noise
6398445554732,6398732852032,T663,6.2,Lena Gomes,2025-08-15 17:00:04,noise
6398445554732,6392885325965,T392,33.4,Lena Gomes,2025-08-15 20:21:22,noise
6398445554732,6392085020554,T392,22.4,Lena Gomes,2025-08-15 08:16:36,noise
6398445554732,6398732852032,T392,31.7,Lena Gomes,2025-08-14 09:00:12,noise
6398445554732,6395455137652,T663,9.6,Lena Gomes,2025-08-14 11:03:59,noise
6398445554732,6396681820773,T392,28.7,Lena Gomes,2025-08-14 17:27:06,noise
6398445554732,6392085020554,T392,12.1,Lena Gomes,2025-08-13 13:01:35,noise
6398445554732,6398906791192,T392,29.2,Lena Gomes,2025-08-13 09:06:19,noise
6398445554732,6395455137652,T663,44.2,Lena Gomes,2025-08-12 19:27:03,noise
6398445554732,6393493304331,T392,13.0,Lena Gomes,2025-08-12 11:27:28,noise
6398445554732,6395455137652,T663,14.8,Lena Gomes,2025-08-11 10:05:04,noise
6398445554732,6399617100710,T392,20.4,Lena Gomes,2025-08-11 12:21:15,noise
6398445554732,6393726218800,T392,17.3,Lena Gomes,2025-08-11 05:14:28,noise
6398445554732,6393726218800,T392,8.8,Lena Gomes,2025-08-10 12:07:01,noise
6398445554732,6398732852032,T392,20.0,Lena Gomes,2025-08-10 08:10:29,noise
6398445554732,6398732852032,T663,6.2,Lena Gomes,2025-08-09 17:24:24,noise
6398445554732,6396859651169,T392,26.6,Lena Gomes,2025-08-09 17:20:03,noise
6398445554732,6393726218800,T392,20.4,Lena Gomes,2025-08-08 17:27:51,noise
6398445554732,6391841771012,T663,11.4,Lena Gomes,2025-08-08 14:07:30,noise
6398445554732,6393726218800,T392,45.8,Lena Gomes,2025-08-07 10:03:51,noise
6398445554732,6394555912795,T392,15.2,Lena Gomes,2025-08-07 19:13:31,noise
6398445554732,6394841742270,T392,22.7,Lena Gomes,2025-08-06 13:07:34,noise
6398445554732,6395455137652,T392,19.0,Lena Gomes,2025-08-06 09:29:55,noise
6398445554732,6394048553499,T392,7.7,Lena Gomes,2025-08-05 12:09:35,noise
6398445554732,6398732852032,T392,8.5,Lena Gomes,2025-08-05 23:20:50,noise
6398445554732,6395455137652,T392,4.4,Lena Gomes,2025-08-05 09:20:13,noise
6398445554732,6393603835968,T392,7.0,Lena Gomes,2025-08-04 13:10:19,noise
6399259551176,6396978132661,T578,18.8,Wes Vargas,2025-10-18 17:14:16,noise
6399259551176,6398491189169,T796,40.3,Wes Vargas,2025-10-18 16:09:32,noise
6399259551176,6396978132661,T578,52.7,Wes Vargas,2025-10-18 11:03:48,noise
6399259551176,6397235532708,T796,10.3,Wes Vargas,2025-10-17 12:00:06,noise
6399259551176,6397906422409,T578,43.9,Wes Vargas,2025-10-17 23:06:31,noise
6399259551176,6393507307642,T578,18.0,Wes Vargas,2025-10-16 13:15:37,noise
6399259551176,6397235532708,T796,25.9,Wes Vargas,2025-10-16 22:21:09,noise
6399259551176,6399076960112,T578,43.6,Wes Vargas,2025-10-15 08:10:24,noise
6399259551176,6397906422409,T578,55.6,Wes Vargas,2025-10-15 19:28:54,noise
6399259551176,6396033004999,T578,19.5,Wes Vargas,2025-10-15 19:13:42,noise
6399259551176,6396441529079,T578,30.1,Wes Vargas,2025-10-14 12:18:02,noise
6399259551176,6397906422409,T796,25.8,Wes Vargas,2025-10-13 01:01:47,noise
6399259551176,6392295700924,T578,28.7,Wes Vargas,2025-10-12 22:04:32,noise
6399259551176,6392052186148,T796,19.4,Wes Vargas,2025-10-12 11:10:47,noise
6399259551176,6396681820773,T796,14.6,Wes Vargas,2025-10-11 20:09:46,noise
6399259551176,6397235532708,T796,11.4,Wes Vargas,2025-10-11 12:18:31,noise
6399259551176,6396978132661,T578,34.5,Wes Vargas,2025-10-11 00:20:05,noise
6399259551176,6396978132661,T578,10.2,Wes Vargas,2025-10-10 11:21:03,noise
6399259551176,6397906422409,T796,20.5,Wes Vargas,2025-10-10 03:12:22,noise
6399259551176,6397235532708,T796,4.0,Wes Vargas,2025-10-10 09:05:51,noise
6399259551176,6396978132661,T578,7.5,Wes Vargas,2025-10-09 19:04:06,noise
6399259551176,6397235532708,T578,27.2,Wes Vargas,2025-10-09 16:14:06,noise
6399259551176,6397906422409,T578,13.2,Wes Vargas,2025-10-09 19:04:31,noise
6399259551176,6399521620276,T578,30.7,Wes Vargas,2025-10-08 19:00:39,noise
6399259551176,6391937903040,T578,11.6,Wes Vargas,2025-10-07 13:28:38,noise
6399259551176,6398761443795,T578,4.9,Wes Vargas,2025-10-07 11:08:26,noise
6399259551176,6392779062252,T578,17.7,Wes Vargas,2025-10-06 08:08:57,noise
6399259551176,6392085020554,T796,18.7,Wes Vargas,2025-10-05 17:05:09,noise
6399259551176,6397235532708,T578,58.2,Wes Vargas,2025-10-05 14:16:08,noise
6399259551176,6397235532708,T578,14.4,Wes Vargas,2025-10-04 03:30:57,noise
6399259551176,6396631526248,T796,30.7,Wes Vargas,2025-10-03 15:12:14,noise
6399259551176,6397235532708,T578,12.7,Wes Vargas,2025-10-03 15:13:26,noise
6399259551176,6396978132661,T796,64.1,Wes Vargas,2025-10-03 04:15:24,noise
6399259551176,6396518798247,T578,17.1,Wes Vargas,2025-10-02 23:15:45,noise
6399259551176,6399165981131,T796,21.2,Wes Vargas,2025-10-02 23:04:01,noise
6399259551176,6397664580862,T578,24.0,Wes Vargas,2025-10-01 16:06:23,noise
6399259551176,6397364632100,T796,28.2,Wes Vargas,2025-09-30 21:05:33,noise
6399259551176,6393135045026,T796,9.7,Wes Vargas,2025-09-30 13:13:26,noise
6399259551176,6396978132661,T796,20.2,Wes Vargas,2025-09-29 23:00:36,noise
6399259551176,6391621634803,T796,5.7,Wes Vargas,2025-09-29 20:30:36,noise
6399259551176,6396978132661,T796,21.4,Wes Vargas,2025-09-28 08:14:13,noise
6399259551176,6397235532708,T578,17.7,Wes Vargas,2025-09-27 19:25:10,noise
6399259551176,6396978132661,T578,23.2,Wes Vargas,2025-09-27 12:23:54,noise
6399259551176,6391085319364,T578,39.2,Wes Vargas,2025-09-27 20:07:09,noise
6399259551176,6391611816266,T796,79.5,Wes Vargas,2025-09-26 16:14:53,noise
6399259551176,6396693621506,T578,10.9,Wes Vargas,2025-09-26 19:27:34,noise
6399259551176,6396978132661,T578,31.3,Wes Vargas,2025-09-25 20:19:13,noise
6399259551176,6397906422409,T578,15.4,Wes Vargas,2025-09-25 14:19:03,noise
6399259551176,6396978132661,T578,50.3,Wes Vargas,2025-09-25 03:29:44,noise
6399259551176,6395656527999,T796,22.2,Wes Vargas,2025-09-24 14:24:57,noise
6399259551176,6397906422409,T578,14.3,Wes Vargas,2025-09-23 02:11:59,noise
6399259551176,6396978132661,T796,9.1,Wes Vargas,2025-09-23 08:07:23,noise
6399259551176,6397906422409,T578,64.2,Wes Vargas,2025-09-22 18:15:46,noise
6399259551176,6397906422409,T578,9.1,Wes Vargas,2025-09-22 16:29:59,noise
6399259551176,6397906422409,T796,17.8,Wes Vargas,2025-09-22 14:27:57,noise
6399259551176,6397235532708,T578,3.8,Wes Vargas,2025-09-21 16:26:37,noise
6399259551176,6397906422409,T796,12.8,Wes Vargas,2025-09-21 15:26:55,noise
6399259551176,6397906422409,T578,13.1,Wes Vargas,2025-09-20 15:15:42,noise
6399259551176,6396956928083,T578,13.6,Wes Vargas,2025-09-20 17:13:09,noise
6399259551176,6397792731200,T578,69.0,Wes Vargas,2025-09-20 13:16:49,noise
6399259551176,6396978132661,T578,25.3,Wes Vargas,2025-09-19 17:00:38,noise
6399259551176,6397906422409,T796,9.9,Wes Vargas,2025-09-19 10:09:39,noise
6399259551176,6396967557245,T578,12.1,Wes Vargas,2025-09-18 20:18:39,noise
6399259551176,6397235532708,T578,22.5,Wes Vargas,2025-09-17 22:15:41,noise
6399259551176,6397906422409,T578,48.2,Wes Vargas,2025-09-16 19:04:23,noise
6399259551176,6397235532708,T796,13.1,Wes Vargas,2025-09-16 14:05:58,noise
6399259551176,6398491189169,T578,13.6,Wes Vargas,2025-09-15 18:24:31,noise
6399259551176,6396978132661,T578,7.1,Wes Vargas,2025-09-15 12:10:10,noise
6399259551176,6398491189169,T578,41.3,Wes Vargas,2025-09-15 20:00:56,noise
6399259551176,6399076960112,T796,5.9,Wes Vargas,2025-09-14 14:15:14,noise
6399259551176,6397792731200,T796,19.6,Wes Vargas,2025-09-14 14:12:36,noise
6399259551176,6395726944755,T796,20.7,Wes Vargas,2025-09-13 16:08:54,noise
6399259551176,6396978132661,T578,11.8,Wes Vargas,2025-09-13 08:12:24,noise
6399259551176,6392059565366,T578,11.7,Wes Vargas,2025-09-13 00:24:55,noise
6399259551176,6397235532708,T578,34.1,Wes Vargas,2025-09-12 19:20:56,noise
6399259551176,6397906422409,T578,40.2,Wes Vargas,2025-09-11 05:02:58,noise
6399259551176,6397792731200,T796,14.1,Wes Vargas,2025-09-11 19:20:25,noise
6399259551176,6399076960112,T578,12.7,Wes Vargas,2025-09-10 10:18:59,noise
6399259551176,6397906422409,T796,8.7,Wes Vargas,2025-09-10 04:27:19,noise
6399259551176,6399259551176,T578,26.2,Wes Vargas,2025-09-10 16:30:48,noise
6399259551176,6397906422409,T578,12.8,Wes Vargas,2025-09-09 09:13:09,noise
6399259551176,6397588030313,T796,8.5,Wes Vargas,2025-09-09 10:01:27,noise
6399259551176,6394779148527,T578,25.0,Wes Vargas,2025-09-08 05:29:30,noise
6399259551176,6396978132661,T796,52.2,Wes Vargas,2025-09-08 12:26:32,noise
6399259551176,6396978132661,T796,14.4,Wes Vargas,2025-09-07 15:11:52,noise
6399259551176,6398906791192,T578,15.9,Wes Vargas,2025-09-07 14:30:47,noise
6399259551176,6391937582998,T578,36.8,Wes Vargas,2025-09-06 13:08:14,noise
6399259551176,6397235532708,T796,20.8,Wes Vargas,2025-09-06 18:05:32,noise
6399259551176,6393975769123,T796,37.7,Wes Vargas,2025-09-06 13:19:48,noise
6399259551176,6399924544312,T578,6.1,Wes Vargas,2025-09-05 12:25:41,noise
6399259551176,6396978132661,T578,34.5,Wes Vargas,2025-09-04 16:28:53,noise
6399259551176,6391611816266,T578,5.0,Wes Vargas,2025-09-03 12:08:04,noise
6399259551176,6397906422409,T578,20.7,Wes Vargas,2025-09-03 19:04:43,noise
6399259551176,6397235532708,T578,19.3,Wes Vargas,2025-09-02 16:18:50,noise
6399259551176,6393541804755,T578,5.7,Wes Vargas,2025-09-01 21:05:37,noise
6399259551176,6396978132661,T578,16.1,Wes Vargas,2025-09-01 09:09:15,noise
6399259551176,6395082508928,T796,13.0,Wes Vargas,2025-08-31 19:00:54,noise
6399259551176,6397235532708,T796,11.7,Wes Vargas,2025-08-31 05:19:33,noise
6399259551176,6397906422409,T578,19.8,Wes Vargas,2025-08-30 17:14:05,noise
6399259551176,6396978132661,T578,6.6,Wes Vargas,2025-08-29 13:03:54,noise
6399259551176,6396978132661,T578,18.4,Wes Vargas,2025-08-29 11:07:01,noise
6399259551176,6397906422409,T796,19.5,Wes Vargas,2025-08-28 09:27:24,noise
6399259551176,6397235532708,T796,9.7,Wes Vargas,2025-08-28 18:13:52,noise
6399259551176,6397906422409,T578,7.7,Wes Vargas,2025-08-27 20:06:54,noise
6399259551176,6396978132661,T796,11.7,Wes Vargas,2025-08-27 17:27:49,noise
6399259551176,6397235532708,T796,14.0,Wes Vargas,2025-08-26 12:24:50,noise
6399259551176,6397235532708,T578,10.1,Wes Vargas,2025-08-25 08:26:43,noise
6399259551176,6397235532708,T578,16.7,Wes Vargas,2025-08-25 20:06:54,noise
6399259551176,6393726218800,T796,7.1,Wes Vargas,2025-08-24 12:08:08,noise
6399259551176,6391194839118,T578,10.9,Wes Vargas,2025-08-24 14:21:43,noise
6399259551176,6397235532708,T578,32.7,Wes Vargas,2025-08-23 12:15:57,noise
6399259551176,6393951377482,T578,8.2,Wes Vargas,2025-08-23 09:29:12,noise
6399259551176,6397235532708,T578,29.6,Wes Vargas,2025-08-22 21:29:08,noise
6399259551176,6397235532708,T578,21.1,Wes Vargas,2025-08-22 16:30:57,noise
6399259551176,6397906422409,T796,20.5,Wes Vargas,2025-08-21 10:11:21,noise
6399259551176,6397906422409,T578,12.3,Wes Vargas,2025-08-21 21:18:30,noise
6399259551176,6397906422409,T578,19.0,Wes Vargas,2025-08-21 15:23:47,noise
6399259551176,6399496417009,T578,11.9,Wes Vargas,2025-08-20 22:15:32,noise
6399259551176,6397235532708,T796,17.1,Wes Vargas,2025-08-19 13:14:12,noise
6399259551176,6397906422409,T796,17.9,Wes Vargas,2025-08-19 01:15:10,noise
6399259551176,6396978132661,T578,21.0,Wes Vargas,2025-08-18 14:29:49,noise
6399259551176,6391611816266,T578,11.4,Wes Vargas,2025-08-18 12:14:25,noise
6399259551176,6396978132661,T578,13.2,Wes Vargas,2025-08-18 14:07:55,noise
6399259551176,6397906422409,T796,28.7,Wes Vargas,2025-08-17 15:25:58,noise
6399259551176,6396978132661,T796,28.2,Wes Vargas,2025-08-16 14:05:24,noise
6399259551176,6391657761801,T796,6.2,Wes Vargas,2025-08-16 08:01:03,noise
6399259551176,6397906422409,T578,23.2,Wes Vargas,2025-08-15 16:13:05,noise
6399259551176,6395726944755,T578,10.7,Wes Vargas,2025-08-14 14:12:49,noise
6399259551176,6397906422409,T796,20.3,Wes Vargas,2025-08-14 17:02:50,noise
6399259551176,6396978132661,T578,14.8,Wes Vargas,2025-08-13 12:30:04,noise
6399259551176,6396978132661,T796,13.6,Wes Vargas,2025-08-13 10:09:31,noise
6399259551176,6397235532708,T796,70.6,Wes Vargas,2025-08-13 20:29:24,noise
6399259551176,6399165981131,T578,20.9,Wes Vargas,2025-08-12 04:00:48,noise
6399259551176,6396978132661,T578,20.1,Wes Vargas,2025-08-12 14:04:38,noise
6399259551176,6396441529079,T578,40.5,Wes Vargas,2025-08-11 18:28:59,noise
6399259551176,6393045592855,T578,27.1,Wes Vargas,2025-08-11 15:29:51,noise
6399259551176,6397906422409,T578,26.1,Wes Vargas,2025-08-11 22:09:49,noise
6399259551176,6397235532708,T578,13.8,Wes Vargas,2025-08-10 11:12:49,noise
6399259551176,6397906422409,T578,11.5,Wes Vargas,2025-08-10 10:25:18,noise
6399259551176,6397906422409,T578,16.6,Wes Vargas,2025-08-09 09:01:16,noise
6399259551176,6397906422409,T578,12.0,Wes Vargas,2025-08-09 23:03:41,noise
6399259551176,6397235532708,T578,40.3,Wes Vargas,2025-08-08 14:09:02,noise
6399259551176,6393603835968,T578,7.0,Wes Vargas,2025-08-08 18:03:42,noise
6399259551176,6397906422409,T578,17.9,Wes Vargas,2025-08-07 12:02:30,noise
6399259551176,6396978132661,T578,18.0,Wes Vargas,2025-08-07 19:02:53,noise
6399259551176,6396967557245,T578,16.6,Wes Vargas,2025-08-07 21:16:28,noise
6399259551176,6396892073434,T578,14.4,Wes Vargas,2025-08-06 20:03:28,noise
6399259551176,6399165981131,T796,19.0,Wes Vargas,2025-08-06 14:12:55,noise
6399259551176,6393541804755,T578,27.8,Wes Vargas,2025-08-05 14:30:02,noise
6399259551176,6396892073434,T796,30.4,Wes Vargas,2025-08-05 19:11:02,noise
6399259551176,6397906422409,T578,22.0,Wes Vargas,2025-08-04 15:11:56,noise
6397652242448,6399617100710,T988,6.7,Wes Patida,2025-10-18 13:25:59,noise
6397652242448,6394264279208,T988,17.7,Wes Patida,2025-10-18 19:16:37,noise
6397652242448,6397364632100,T375,16.4,Wes Patida,2025-10-17 20:30:10,noise
6397652242448,6393723821869,T988,21.8,Wes Patida,2025-10-16 09:22:40,noise
6397652242448,6397364632100,T988,22.4,Wes Patida,2025-10-16 13:21:53,noise
6397652242448,6396518798247,T988,7.0,Wes Patida,2025-10-16 02:25:56,noise
6397652242448,6397364632100,T375,10.7,Wes Patida,2025-10-15 17:11:40,noise
6397652242448,6395978599202,T375,42.3,Wes Patida,2025-10-15 19:27:56,noise
6397652242448,6391194839118,T988,26.9,Wes Patida,2025-10-14 14:10:37,noise
6397652242448,6392523182756,T375,20.9,Wes Patida,2025-10-14 16:09:04,noise
6397652242448,6396518798247,T375,7.6,Wes Patida,2025-10-14 15:26:56,noise
6397652242448,6394841742270,T375,13.5,Wes Patida,2025-10-13 16:02:10,noise
6397652242448,6396518798247,T375,18.0,Wes Patida,2025-10-13 12:29:50,noise
6397652242448,6396693621506,T988,14.1,Wes Patida,2025-10-12 09:19:33,noise
6397652242448,6396518798247,T988,20.2,Wes Patida,2025-10-11 20:29:25,noise
6397652242448,6397364632100,T375,33.9,Wes Patida,2025-10-11 19:15:49,noise
6397652242448,6396518798247,T375,7.8,Wes Patida,2025-10-10 17:12:59,noise
6397652242448,6397364632100,T988,20.1,Wes Patida,2025-10-10 15:29:07,noise
6397652242448,6396518798247,T375,11.9,Wes Patida,2025-10-10 15:09:58,noise
6397652242448,6394264279208,T988,18.8,Wes Patida,2025-10-09 08:10:31,noise
6397652242448,6396441529079,T375,17.0,Wes Patida,2025-10-09 13:28:07,noise
6397652242448,6396441529079,T375,7.8,Wes Patida,2025-10-08 17:03:03,noise
6397652242448,6396441529079,T375,58.3,Wes Patida,2025-10-08 08:25:56,noise
6397652242448,6397364632100,T375,10.4,Wes Patida,2025-10-07 20:23:44,noise
6397652242448,6397364632100,T988,8.0,Wes Patida,2025-10-07 08:08:25,noise
6397652242448,6397364632100,T988,12.7,Wes Patida,2025-10-07 12:04:45,noise
6397652242448,6396518798247,T375,8.7,Wes Patida,2025-10-06 20:03:30,noise
6397652242448,6397364632100,T375,29.4,Wes Patida,2025-10-06 13:11:12,noise
6397652242448,6396441529079,T375,13.7,Wes Patida,2025-10-06 19:09:45,noise
6397652242448,6394555912795,T988,14.4,Wes Patida,2025-10-05 11:28:45,noise
6397652242448,6395656527999,T375,12.1,Wes Patida,2025-10-05 19:19:07,noise
6397652242448,6396441529079,T988,14.3,Wes Patida,2025-10-05 01:29:03,noise
6397652242448,6397364632100,T375,9.4,Wes Patida,2025-10-04 18:29:53,noise
6397652242448,6396441529079,T375,10.4,Wes Patida,2025-10-04 14:04:44,noise
6397652242448,6398491189169,T375,10.8,Wes Patida,2025-10-04 09:23:39,noise
6397652242448,6397364632100,T988,59.2,Wes Patida,2025-10-03 16:10:38,noise
6397652242448,6398036705746,T375,24.3,Wes Patida,2025-10-02 22:30:01,noise
6397652242448,6396441529079,T375,7.8,Wes Patida,2025-10-01 15:25:23,noise
6397652242448,6399521620276,T375,62.9,Wes Patida,2025-10-01 13:02:24,noise
6397652242448,6398445554732,T375,52.7,Wes Patida,2025-10-01 08:15:57,noise
6397652242448,6396631526248,T375,18.2,Wes Patida,2025-09-30 00:28:49,noise
6397652242448,6396518798247,T988,35.2,Wes Patida,2025-09-30 09:09:23,noise
6397652242448,6398445554732,T988,64.2,Wes Patida,2025-09-29 12:30:17,noise
6397652242448,6396518798247,T375,7.0,Wes Patida,2025-09-28 12:16:21,noise
6397652242448,6396518798247,T375,10.4,Wes Patida,2025-09-28 17:12:27,noise
6397652242448,6396518798247,T375,41.9,Wes Patida,2025-09-27 14:23:53,noise
6397652242448,6396518798247,T375,5.3,Wes Patida,2025-09-27 01:26:07,noise
6397652242448,6396693621506,T375,22.4,Wes Patida,2025-09-27 00:25:20,noise
6397652242448,6396441529079,T988,24.3,Wes Patida,2025-09-26 08:19:04,noise
6397652242448,6396441529079,T375,24.2,Wes Patida,2025-09-26 18:23:02,noise
6397652242448,6395913076726,T988,23.0,Wes Patida,2025-09-26 15:09:12,noise
6397652242448,6396518798247,T375,43.5,Wes Patida,2025-09-25 10:11:28,noise
6397652242448,6396518798247,T375,12.9,Wes Patida,2025-09-25 17:00:00,noise
6397652242448,6396441529079,T375,32.1,Wes Patida,2025-09-25 10:20:02,noise
6397652242448,6397364632100,T988,12.0,Wes Patida,2025-09-24 15:05:52,noise
6397652242448,6397364632100,T375,39.6,Wes Patida,2025-09-24 17:15:50,noise
6397652242448,6396518798247,T375,24.6,Wes Patida,2025-09-24 15:01:36,noise
6397652242448,6396441529079,T375,31.3,Wes Patida,2025-09-23 12:22:14,noise
6397652242448,6395455137652,T375,13.4,Wes Patida,2025-09-23 08:11:15,noise
6397652242448,6398906791192,T375,41.4,Wes Patida,2025-09-23 17:08:57,noise
6397652242448,6396518798247,T375,6.6,Wes Patida,2025-09-22 22:03:51,noise
6397652242448,6399799920361,T375,4.2,Wes Patida,2025-09-22 16:06:40,noise
6397652242448,6396227547092,T988,18.6,Wes Patida,2025-09-21 13:13:27,noise
6397652242448,6396518798247,T988,10.7,Wes Patida,2025-09-21 17:14:32,noise
6397652242448,6397364632100,T375,25.7,Wes Patida,2025-09-20 15:16:19,noise
6397652242448,6392463613153,T375,11.7,Wes Patida,2025-09-20 02:30:46,noise
6397652242448,6396423658378,T988,15.3,Wes Patida,2025-09-19 13:27:49,noise
6397652242448,6397364632100,T375,47.5,Wes Patida,2025-09-19 12:03:43,noise
6397652242448,6398906791192,T988,25.4,Wes Patida,2025-09-18 04:23:48,noise
6397652242448,6396518798247,T375,84.4,Wes Patida,2025-09-18 00:29:53,noise
6397652242448,6396518798247,T375,32.5,Wes Patida,2025-09-18 21:18:17,noise
6397652242448,6391621634803,T375,31.6,Wes Patida,2025-09-17 18:21:38,noise
6397652242448,6395082508928,T988,7.6,Wes Patida,2025-09-16 12:01:43,noise
6397652242448,6396441529079,T375,9.9,Wes Patida,2025-09-16 16:03:46,noise
6397652242448,6397364632100,T988,16.7,Wes Patida,2025-09-15 11:19:30,noise
6397652242448,6396518798247,T375,12.5,Wes Patida,2025-09-14 19:05:34,noise
6397652242448,6397364632100,T375,8.2,Wes Patida,2025-09-14 18:15:37,noise
6397652242448,6396518798247,T988,26.5,Wes Patida,2025-09-13 18:05:44,noise
6397652242448,6396441529079,T375,13.7,Wes Patida,2025-09-13 10:04:59,noise
6397652242448,6397364632100,T375,16.0,Wes Patida,2025-09-12 16:16:31,noise
6397652242448,6391053669235,T988,10.0,Wes Patida,2025-09-12 13:28:50,noise
6397652242448,6396119144758,T988,65.8,Wes Patida,2025-09-11 19:16:47,noise
6397652242448,6396518798247,T988,20.3,Wes Patida,2025-09-11 22:19:37,noise
6397652242448,6391757381529,T988,43.4,Wes Patida,2025-09-10 11:17:43,noise
6397652242448,6397364632100,T375,26.7,Wes Patida,2025-09-10 12:24:02,noise
6397652242448,6397364632100,T988,68.8,Wes Patida,2025-09-10 14:10:36,noise
6397652242448,6396518798247,T375,12.5,Wes Patida,2025-09-09 08:10:35,noise
6397652242448,6396967557245,T375,11.9,Wes Patida,2025-09-09 14:28:33,noise
6397652242448,6391757381529,T375,141.1,Wes Patida,2025-09-09 10:09:42,noise
6397652242448,6396518798247,T375,8.1,Wes Patida,2025-09-08 08:00:52,noise
6397652242448,6396441529079,T988,52.5,Wes Patida,2025-09-08 08:07:28,noise
6397652242448,6396441529079,T375,30.0,Wes Patida,2025-09-07 11:27:20,noise
6397652242448,6393975769123,T375,10.8,Wes Patida,2025-09-07 12:09:11,noise
6397652242448,6397364632100,T375,16.3,Wes Patida,2025-09-06 17:06:41,noise
6397652242448,6396518798247,T988,28.1,Wes Patida,2025-09-06 12:12:59,noise
6397652242448,6396441529079,T375,43.3,Wes Patida,2025-09-05 04:11:13,noise
6397652242448,6396518798247,T375,16.6,Wes Patida,2025-09-05 15:09:55,noise
6397652242448,6396518798247,T988,10.8,Wes Patida,2025-09-04 08:09:31,noise
6397652242448,6399617100710,T988,15.4,Wes Patida,2025-09-03 16:16:56,noise
6397652242448,6396441529079,T988,20.4,Wes Patida,2025-09-02 08:16:40,noise
6397652242448,6397364632100,T375,41.5,Wes Patida,2025-09-01 14:06:53,noise
6397652242448,6396518798247,T375,7.2,Wes Patida,2025-09-01 16:11:01,noise
6397652242448,6395726944755,T375,12.2,Wes Patida,2025-09-01 13:17:58,noise
6397652242448,6397364632100,T988,23.2,Wes Patida,2025-08-31 01:05:53,noise
6397652242448,6391937903040,T988,14.7,Wes Patida,2025-08-30 05:02:28,noise
6397652242448,6396441529079,T988,36.1,Wes Patida,2025-08-29 21:28:14,noise
6397652242448,6399799920361,T375,5.4,Wes Patida,2025-08-29 18:15:23,noise
6397652242448,6396441529079,T375,31.3,Wes Patida,2025-08-28 16:08:24,noise
6397652242448,6397274004764,T375,2.7,Wes Patida,2025-08-27 00:29:30,noise
6397652242448,6395778639223,T375,7.4,Wes Patida,2025-08-27 03:09:49,noise
6397652242448,6396518798247,T375,5.7,Wes Patida,2025-08-27 10:14:59,noise
6397652242448,6397364632100,T375,3.5,Wes Patida,2025-08-26 08:04:37,noise
6397652242448,6393507307642,T375,55.5,Wes Patida,2025-08-26 19:06:40,noise
6397652242448,6397235532708,T988,19.6,Wes Patida,2025-08-25 11:03:40,noise
6397652242448,6397906422409,T375,12.6,Wes Patida,2025-08-25 13:14:59,noise
6397652242448,6396441529079,T375,7.5,Wes Patida,2025-08-24 18:21:57,noise
6397652242448,6397364632100,T375,45.9,Wes Patida,2025-08-24 05:14:44,noise
6397652242448,6396518798247,T375,23.3,Wes Patida,2025-08-23 15:21:49,noise
6397652242448,6395975932913,T375,29.1,Wes Patida,2025-08-22 13:30:51,noise
6397652242448,6396518798247,T375,4.5,Wes Patida,2025-08-21 20:28:34,noise
6397652242448,6397652242448,T375,42.5,Wes Patida,2025-08-20 10:01:02,noise
6397652242448,6396441529079,T375,8.5,Wes Patida,2025-08-19 10:14:50,noise
6397652242448,6399799920361,T375,8.4,Wes Patida,2025-08-19 08:10:08,noise
6397652242448,6396518798247,T375,17.3,Wes Patida,2025-08-18 11:02:37,noise
6397652242448,6393493304331,T375,8.6,Wes Patida,2025-08-18 13:30:09,noise
6397652242448,6397364632100,T988,8.3,Wes Patida,2025-08-17 00:08:05,noise
6397652242448,6396441529079,T988,18.2,Wes Patida,2025-08-17 16:04:06,noise
6397652242448,6392295700924,T988,15.4,Wes Patida,2025-08-16 13:17:40,noise
6397652242448,6396441529079,T375,41.4,Wes Patida,2025-08-16 15:10:08,noise
6397652242448,6396441529079,T375,50.7,Wes Patida,2025-08-16 09:03:37,noise
6397652242448,6397554224472,T375,7.9,Wes Patida,2025-08-15 15:25:45,noise
6397652242448,6397364632100,T988,18.5,Wes Patida,2025-08-15 02:03:59,noise
6397652242448,6396441529079,T375,24.9,Wes Patida,2025-08-14 11:16:33,noise
6397652242448,6396518798247,T988,21.6,Wes Patida,2025-08-13 15:21:01,noise
6397652242448,6397588030313,T375,14.9,Wes Patida,2025-08-12 09:30:04,noise
6397652242448,6394841742270,T375,22.2,Wes Patida,2025-08-12 20:11:34,noise
6397652242448,6396033004999,T375,15.7,Wes Patida,2025-08-12 18:00:26,noise
6397652242448,6391937903040,T988,4.4,Wes Patida,2025-08-11 14:04:18,noise
6397652242448,6397364632100,T375,15.3,Wes Patida,2025-08-11 08:18:12,noise
6397652242448,6397364632100,T988,14.0,Wes Patida,2025-08-10 13:11:38,noise
6397652242448,6393561104962,T988,50.2,Wes Patida,2025-08-10 16:20:41,noise
6397652242448,6397364632100,T375,19.8,Wes Patida,2025-08-09 19:25:27,noise
6397652242448,6397364632100,T375,39.4,Wes Patida,2025-08-09 18:16:27,noise
6397652242448,6396518798247,T375,155.6,Wes Patida,2025-08-08 18:24:04,noise
6397652242448,6396518798247,T375,21.1,Wes Patida,2025-08-08 20:22:55,noise
6397652242448,6397364632100,T375,16.9,Wes Patida,2025-08-08 20:22:09,noise
6397652242448,6395778639223,T988,16.4,Wes Patida,2025-08-07 13:26:37,noise
6397652242448,6396859651169,T375,11.4,Wes Patida,2025-08-07 15:21:47,noise
6397652242448,6396441529079,T375,32.8,Wes Patida,2025-08-06 16:24:57,noise
6397652242448,6397364632100,T375,10.9,Wes Patida,2025-08-05 02:12:00,noise
6397652242448,6396441529079,T988,9.0,Wes Patida,2025-08-05 12:06:32,noise
6397652242448,6397364632100,T988,12.9,Wes Patida,2025-08-04 18:22:03,noise
6397652242448,6396441529079,T375,5.4,Wes Patida,2025-08-04 16:03:47,noise
6397906422409,6397235532708,T472,29.8,Xin Anderson,2025-10-18 19:14:30,noise
6397906422409,6398445554732,T472,23.3,Xin Anderson,2025-10-17 22:26:09,noise
6397906422409,6395656527999,T790,13.5,Xin Anderson,2025-10-17 14:27:26,noise
6397906422409,6395656527999,T472,15.7,Xin Anderson,2025-10-16 11:14:57,noise
6397906422409,6397235532708,T472,12.5,Xin Anderson,2025-10-16 18:05:33,noise
6397906422409,6398445554732,T790,49.1,Xin Anderson,2025-10-16 23:29:00,noise
6397906422409,6398445554732,T472,6.0,Xin Anderson,2025-10-15 10:15:20,noise
6397906422409,6391757381529,T472,29.8,Xin Anderson,2025-10-15 09:26:52,noise
6397906422409,6395656527999,T472,16.8,Xin Anderson,2025-10-14 20:13:21,noise
6397906422409,6395656527999,T790,15.0,Xin Anderson,2025-10-13 19:11:18,noise
6397906422409,6397235532708,T472,69.4,Xin Anderson,2025-10-13 09:24:23,noise
6397906422409,6395656527999,T472,22.1,Xin Anderson,2025-10-12 14:17:07,noise
6397906422409,6392835511896,T472,12.4,Xin Anderson,2025-10-12 09:03:59,noise
6397906422409,6398445554732,T472,22.8,Xin Anderson,2025-10-12 18:00:26,noise
6397906422409,6397906422409,T790,5.2,Xin Anderson,2025-10-11 08:18:27,noise
6397906422409,6395656527999,T790,10.2,Xin Anderson,2025-10-10 13:03:16,noise
6397906422409,6397235532708,T472,27.9,Xin Anderson,2025-10-10 14:12:14,noise
6397906422409,6392835511896,T472,18.1,Xin Anderson,2025-10-09 08:17:50,noise
6397906422409,6393723821869,T790,12.3,Xin Anderson,2025-10-09 16:22:44,noise
6397906422409,6395656527999,T472,8.6,Xin Anderson,2025-10-09 15:19:11,noise
6397906422409,6392779062252,T472,16.0,Xin Anderson,2025-10-08 11:02:27,noise
6397906422409,6393541804755,T790,23.8,Xin Anderson,2025-10-08 18:01:39,noise
6397906422409,6396119144758,T790,12.4,Xin Anderson,2025-10-07 19:06:45,noise
6397906422409,6398445554732,T472,34.3,Xin Anderson,2025-10-07 19:23:48,noise
6397906422409,6398445554732,T472,51.8,Xin Anderson,2025-10-07 19:06:54,noise
6397906422409,6395726944755,T472,16.0,Xin Anderson,2025-10-06 18:23:08,noise
6397906422409,6397235532708,T472,30.3,Xin Anderson,2025-10-06 17:03:41,noise
6397906422409,6398445554732,T472,18.0,Xin Anderson,2025-10-06 13:27:12,noise
6397906422409,6396967557245,T472,38.3,Xin Anderson,2025-10-05 10:25:55,noise
6397906422409,6398732852032,T790,6.5,Xin Anderson,2025-10-05 15:10:55,noise
6397906422409,6398445554732,T790,13.5,Xin Anderson,2025-10-05 13:11:13,noise
6397906422409,6395656527999,T472,6.4,Xin Anderson,2025-10-04 15:01:11,noise
6397906422409,6395255503056,T790,4.8,Xin Anderson,2025-10-03 16:03:06,noise
6397906422409,6395656527999,T790,28.9,Xin Anderson,2025-10-03 12:03:32,noise
6397906422409,6397235532708,T472,6.4,Xin Anderson,2025-10-02 13:19:57,noise
6397906422409,6393135045026,T472,62.6,Xin Anderson,2025-10-02 14:28:19,noise
6397906422409,6398445554732,T472,16.5,Xin Anderson,2025-10-01 19:07:41,noise
6397906422409,6395656527999,T472,15.2,Xin Anderson,2025-09-30 18:10:37,noise
6397906422409,6397235532708,T472,5.5,Xin Anderson,2025-09-30 16:20:33,noise
6397906422409,6398445554732,T790,17.2,Xin Anderson,2025-09-29 12:24:19,noise
6397906422409,6392885325965,T790,9.4,Xin Anderson,2025-09-29 12:08:17,noise
6397906422409,6395363927709,T472,17.2,Xin Anderson,2025-09-28 10:01:09,noise
6397906422409,6394264279208,T790,7.9,Xin Anderson,2025-09-28 17:18:32,noise
6397906422409,6399924544312,T472,25.2,Xin Anderson,2025-09-27 20:20:03,noise
6397906422409,6395363927709,T472,10.0,Xin Anderson,2025-09-27 05:16:07,noise
6397906422409,6395656527999,T472,22.1,Xin Anderson,2025-09-26 08:30:49,noise
6397906422409,6395656527999,T790,6.2,Xin Anderson,2025-09-26 19:28:58,noise
6397906422409,6392779062252,T472,14.3,Xin Anderson,2025-09-25 22:17:30,noise
6397906422409,6395975932913,T472,7.6,Xin Anderson,2025-09-25 01:10:34,noise
6397906422409,6397664580862,T790,16.5,Xin Anderson,2025-09-24 14:17:55,noise
6397906422409,6395913076726,T472,17.5,Xin Anderson,2025-09-24 05:14:51,noise
6397906422409,6397235532708,T790,20.9,Xin Anderson,2025-09-23 16:21:01,noise
6397906422409,6391621634803,T790,38.6,Xin Anderson,2025-09-22 16:13:36,noise
6397906422409,6398445554732,T790,25.0,Xin Anderson,2025-09-22 21:21:08,noise
6397906422409,6393493304331,T472,42.5,Xin Anderson,2025-09-22 18:05:01,noise
6397906422409,6397664580862,T472,18.3,Xin Anderson,2025-09-21 09:16:06,noise
6397906422409,6395656527999,T790,9.6,Xin Anderson,2025-09-21 22:07:22,noise
6397906422409,6398445554732,T472,6.1,Xin Anderson,2025-09-20 12:04:03,noise
6397906422409,6398445554732,T790,20.5,Xin Anderson,2025-09-20 21:00:02,noise
6397906422409,6391621634803,T790,14.5,Xin Anderson,2025-09-19 19:20:34,noise
6397906422409,6392059565366,T790,16.1,Xin Anderson,2025-09-18 16:26:21,noise
6397906422409,6395656527999,T790,3.8,Xin Anderson,2025-09-17 13:28:49,noise
6397906422409,6395255503056,T472,11.8,Xin Anderson,2025-09-17 03:22:45,noise
6397906422409,6398445554732,T472,6.4,Xin Anderson,2025-09-17 17:14:44,noise
6397906422409,6398732852032,T472,7.8,Xin Anderson,2025-09-16 21:13:28,noise
6397906422409,6395656527999,T472,29.2,Xin Anderson,2025-09-16 20:24:45,noise
6397906422409,6398445554732,T472,8.2,Xin Anderson,2025-09-15 14:08:40,noise
6397906422409,6397792731200,T472,8.1,Xin Anderson,2025-09-15 16:08:29,noise
6397906422409,6398445554732,T472,1.7,Xin Anderson,2025-09-14 12:13:16,noise
6397906422409,6396927514387,T790,11.8,Xin Anderson,2025-09-13 09:18:29,noise
6397906422409,6398906791192,T472,30.3,Xin Anderson,2025-09-13 10:08:22,noise
6397906422409,6397235532708,T472,9.3,Xin Anderson,2025-09-12 11:01:26,noise
6397906422409,6395656527999,T472,22.1,Xin Anderson,2025-09-11 14:08:27,noise
6397906422409,6391841771012,T790,27.2,Xin Anderson,2025-09-11 23:05:03,noise
6397906422409,6398445554732,T790,9.6,Xin Anderson,2025-09-11 22:12:14,noise
6397906422409,6397235532708,T472,6.8,Xin Anderson,2025-09-10 19:18:41,noise
6397906422409,6397235532708,T790,7.5,Xin Anderson,2025-09-10 23:13:10,noise
6397906422409,6397235532708,T790,13.2,Xin Anderson,2025-09-10 14:22:48,noise
6397906422409,6392295700924,T790,11.2,Xin Anderson,2025-09-09 13:30:38,noise
6397906422409,6397235532708,T790,21.3,Xin Anderson,2025-09-09 11:22:27,noise
6397906422409,6397235532708,T472,23.2,Xin Anderson,2025-09-08 10:05:32,noise
6397906422409,6399259551176,T790,7.4,Xin Anderson,2025-09-07 14:21:30,noise
6397906422409,6397906422409,T790,9.7,Xin Anderson,2025-09-06 08:29:14,noise
6397906422409,6397235532708,T472,14.3,Xin Anderson,2025-09-05 22:23:29,noise
6397906422409,6391937582998,T472,20.6,Xin Anderson,2025-09-05 20:24:52,noise
6397906422409,6398445554732,T472,6.2,Xin Anderson,2025-09-04 01:23:47,noise
6397906422409,6394555912795,T472,12.5,Xin Anderson,2025-09-04 22:24:07,noise
6397906422409,6395656527999,T790,20.2,Xin Anderson,2025-09-04 14:26:24,noise
6397906422409,6397008615813,T472,20.6,Xin Anderson,2025-09-03 10:25:32,noise
6397906422409,6396492957730,T472,24.1,Xin Anderson,2025-09-03 10:25:24,noise
6397906422409,6398445554732,T472,10.2,Xin Anderson,2025-09-02 08:07:45,noise
6397906422409,6397235532708,T472,9.6,Xin Anderson,2025-09-02 10:26:50,noise
6397906422409,6395656527999,T790,5.7,Xin Anderson,2025-09-02 17:22:22,noise
6397906422409,6394779148527,T790,16.8,Xin Anderson,2025-09-01 19:13:23,noise
6397906422409,6397235532708,T790,9.2,Xin Anderson,2025-09-01 10:23:03,noise
6397906422409,6397235532708,T472,43.1,Xin Anderson,2025-08-31 05:27:37,noise
6397906422409,6395656527999,T472,28.3,Xin Anderson,2025-08-30 15:20:09,noise
6397906422409,6395656527999,T790,23.7,Xin Anderson,2025-08-29 14:10:54,noise
6397906422409,6397235532708,T472,13.5,Xin Anderson,2025-08-29 18:23:39,noise
6397906422409,6393726218800,T472,8.0,Xin Anderson,2025-08-28 00:03:10,noise
6397906422409,6399799920361,T790,5.1,Xin Anderson,2025-08-27 20:17:47,noise
6397906422409,6395656527999,T472,24.1,Xin Anderson,2025-08-27 11:02:40,noise
6397906422409,6395656527999,T472,28.0,Xin Anderson,2025-08-26 12:24:28,noise
6397906422409,6398445554732,T472,10.9,Xin Anderson,2025-08-26 13:02:40,noise
6397906422409,6398761443795,T472,68.4,Xin Anderson,2025-08-25 19:27:01,noise
6397906422409,6396859651169,T472,6.4,Xin Anderson,2025-08-24 14:17:24,noise
6397906422409,6398445554732,T472,15.2,Xin Anderson,2025-08-23 10:29:23,noise
6397906422409,6397008615813,T472,17.8,Xin Anderson,2025-08-23 16:15:32,noise
6397906422409,6396631526248,T472,47.1,Xin Anderson,2025-08-22 17:09:31,noise
6397906422409,6398445554732,T790,40.2,Xin Anderson,2025-08-22 13:11:38,noise
6397906422409,6395656527999,T472,18.3,Xin Anderson,2025-08-21 10:24:14,noise
6397906422409,6395656527999,T790,8.2,Xin Anderson,2025-08-21 15:28:04,noise
6397906422409,6398445554732,T472,4.3,Xin Anderson,2025-08-20 11:28:11,noise
6397906422409,6398445554732,T790,4.6,Xin Anderson,2025-08-19 13:18:15,noise
6397906422409,6398445554732,T472,29.8,Xin Anderson,2025-08-19 14:09:04,noise
6397906422409,6394272648738,T472,15.3,Xin Anderson,2025-08-18 13:08:24,noise
6397906422409,6398445554732,T472,13.6,Xin Anderson,2025-08-18 20:28:57,noise
6397906422409,6392334677082,T790,17.3,Xin Anderson,2025-08-17 15:04:38,noise
6397906422409,6396095128059,T790,8.1,Xin Anderson,2025-08-17 20:19:56,noise
6397906422409,6396927514387,T472,56.4,Xin Anderson,2025-08-17 13:02:34,noise
6397906422409,6398761443795,T472,19.5,Xin Anderson,2025-08-16 03:21:59,noise
6397906422409,6393507307642,T472,15.4,Xin Anderson,2025-08-16 17:19:00,noise
6397906422409,6391194839118,T790,15.4,Xin Anderson,2025-08-16 14:03:50,noise
6397906422409,6397235532708,T472,2.9,Xin Anderson,2025-08-15 21:15:56,noise
6397906422409,6397235532708,T790,17.6,Xin Anderson,2025-08-14 09:03:38,noise
6397906422409,6398036705746,T472,13.2,Xin Anderson,2025-08-14 12:11:26,noise
6397906422409,6397235532708,T472,15.9,Xin Anderson,2025-08-14 03:21:53,noise
6397906422409,6393561104962,T790,31.3,Xin Anderson,2025-08-13 23:27:19,noise
6397906422409,6393723821869,T472,5.6,Xin Anderson,2025-08-13 00:02:21,noise
6397906422409,6398445554732,T472,27.9,Xin Anderson,2025-08-12 18:13:59,noise
6397906422409,6396227547092,T790,15.2,Xin Anderson,2025-08-12 20:18:09,noise
6397906422409,6395656527999,T790,16.3,Xin Anderson,2025-08-11 16:14:42,noise
6397906422409,6397235532708,T472,20.1,Xin Anderson,2025-08-11 11:08:41,noise
6397906422409,6399979024610,T472,6.6,Xin Anderson,2025-08-10 10:21:01,noise
6397906422409,6398445554732,T472,21.7,Xin Anderson,2025-08-10 15:12:46,noise
6397906422409,6398445554732,T472,15.3,Xin Anderson,2025-08-09 20:13:50,noise
6397906422409,6393135045026,T472,49.2,Xin Anderson,2025-08-09 15:18:56,noise
6397906422409,6391621634803,T472,36.9,Xin Anderson,2025-08-09 04:12:48,noise
6397906422409,6395656527999,T790,34.9,Xin Anderson,2025-08-08 15:20:40,noise
6397906422409,6397235532708,T472,32.3,Xin Anderson,2025-08-08 23:10:58,noise
6397906422409,6397235532708,T790,36.8,Xin Anderson,2025-08-07 15:15:35,noise
6397906422409,6397235532708,T472,5.2,Xin Anderson,2025-08-06 10:29:13,noise
6397906422409,6397274004764,T790,6.0,Xin Anderson,2025-08-06 08:15:40,noise
6397906422409,6397235532708,T790,12.5,Xin Anderson,2025-08-05 13:14:42,noise
6397906422409,6397235532708,T472,10.7,Xin Anderson,2025-08-05 18:11:00,noise
6397906422409,6398445554732,T790,7.0,Xin Anderson,2025-08-04 10:08:18,noise
6397906422409,6397008615813,T790,9.5,Xin Anderson,2025-08-04 17:03:51,noise
6394555912795,6394264279208,T171,15.4,Uma Zhou,2025-10-18 14:01:13,noise
6394555912795,6396492957730,T171,8.5,Uma Zhou,2025-10-18 08:16:29,noise
6394555912795,6397652242448,T171,22.9,Uma Zhou,2025-10-17 12:00:39,noise
6394555912795,6396978132661,T695,16.1,Uma Zhou,2025-10-17 15:20:09,noise
6394555912795,6396978132661,T171,53.6,Uma Zhou,2025-10-17 11:21:54,noise
6394555912795,6396423658378,T695,9.0,Uma Zhou,2025-10-16 09:22:44,noise
6394555912795,6393603835968,T695,32.1,Uma Zhou,2025-10-16 12:22:29,noise
6394555912795,6393603835968,T695,25.8,Uma Zhou,2025-10-15 20:08:19,noise
6394555912795,6396492957730,T171,9.1,Uma Zhou,2025-10-14 16:20:19,noise
6394555912795,6393951377482,T171,29.0,Uma Zhou,2025-10-13 15:21:18,noise
6394555912795,6393603835968,T695,21.0,Uma Zhou,2025-10-13 12:16:46,noise
6394555912795,6396978132661,T171,12.2,Uma Zhou,2025-10-13 16:27:26,noise
6394555912795,6392835511896,T171,10.2,Uma Zhou,2025-10-12 10:06:24,noise
6394555912795,6397209902585,T695,17.1,Uma Zhou,2025-10-12 20:03:25,noise
6394555912795,6394882630315,T695,9.1,Uma Zhou,2025-10-12 13:12:46,noise
6394555912795,6399076960112,T695,20.7,Uma Zhou,2025-10-11 13:17:48,noise
6394555912795,6393726218800,T171,38.5,Uma Zhou,2025-10-11 22:07:14,noise
6394555912795,6396492957730,T695,7.7,Uma Zhou,2025-10-10 09:04:41,noise
6394555912795,6396492957730,T695,7.5,Uma Zhou,2025-10-10 19:22:19,noise
6394555912795,6396492957730,T171,42.7,Uma Zhou,2025-10-10 14:08:08,noise
6394555912795,6397652242448,T171,26.8,Uma Zhou,2025-10-09 10:20:40,noise
6394555912795,6396492957730,T695,34.0,Uma Zhou,2025-10-08 05:14:00,noise
6394555912795,6396978132661,T695,19.3,Uma Zhou,2025-10-08 10:04:53,noise
6394555912795,6397197783416,T695,4.8,Uma Zhou,2025-10-08 17:16:35,noise
6394555912795,6393603835968,T695,103.8,Uma Zhou,2025-10-07 10:22:06,noise
6394555912795,6393603835968,T171,10.4,Uma Zhou,2025-10-07 20:21:48,noise
6394555912795,6396978132661,T695,22.3,Uma Zhou,2025-10-06 13:06:35,noise
6394555912795,6393603835968,T695,31.2,Uma Zhou,2025-10-06 19:05:01,noise
6394555912795,6396492957730,T695,18.4,Uma Zhou,2025-10-06 15:21:31,noise
6394555912795,6393603835968,T171,5.1,Uma Zhou,2025-10-05 08:11:54,noise
6394555912795,6396492957730,T695,13.0,Uma Zhou,2025-10-05 00:19:16,noise
6394555912795,6396492957730,T171,22.2,Uma Zhou,2025-10-05 14:10:07,noise
6394555912795,6397316055758,T695,34.3,Uma Zhou,2025-10-04 20:09:45,noise
6394555912795,6396978132661,T171,24.7,Uma Zhou,2025-10-04 21:00:46,noise
6394555912795,6391085319364,T171,32.0,Uma Zhou,2025-10-03 20:19:37,noise
6394555912795,6397636641248,T695,30.2,Uma Zhou,2025-10-03 16:14:09,noise
6394555912795,6397197783416,T171,17.3,Uma Zhou,2025-10-02 08:14:18,noise
6394555912795,6396492957730,T171,14.0,Uma Zhou,2025-10-02 09:08:51,noise
6394555912795,6399856589429,T171,15.0,Uma Zhou,2025-10-01 15:11:37,noise
6394555912795,6393603835968,T171,10.6,Uma Zhou,2025-10-01 12:06:10,noise
6394555912795,6396978132661,T695,10.3,Uma Zhou,2025-10-01 13:08:38,noise
6394555912795,6391757381529,T695,48.8,Uma Zhou,2025-09-30 10:26:34,noise
6394555912795,6396978132661,T695,10.2,Uma Zhou,2025-09-29 08:06:48,noise
6394555912795,6393603835968,T695,23.2,Uma Zhou,2025-09-29 22:16:00,noise
6394555912795,6396743661793,T171,27.7,Uma Zhou,2025-09-28 02:03:27,noise
6394555912795,6391937582998,T695,21.0,Uma Zhou,2025-09-27 20:22:36,noise
6394555912795,6396978132661,T171,11.1,Uma Zhou,2025-09-27 11:06:56,noise
6394555912795,6391085319364,T695,35.1,Uma Zhou,2025-09-26 05:25:22,noise
6394555912795,6396978132661,T171,10.2,Uma Zhou,2025-09-26 08:07:19,noise
6394555912795,6396681820773,T171,26.6,Uma Zhou,2025-09-25 14:18:11,noise
6394555912795,6396927514387,T695,53.0,Uma Zhou,2025-09-24 17:11:40,noise
6394555912795,6392334677082,T171,63.1,Uma Zhou,2025-09-24 11:26:01,noise
6394555912795,6391611816266,T695,10.7,Uma Zhou,2025-09-23 16:03:21,noise
6394555912795,6396492957730,T695,16.8,Uma Zhou,2025-09-22 18:18:20,noise
6394555912795,6393603835968,T695,26.9,Uma Zhou,2025-09-22 19:16:59,noise
6394555912795,6393603835968,T695,21.8,Uma Zhou,2025-09-21 09:29:54,noise
6394555912795,6395726944755,T695,10.4,Uma Zhou,2025-09-21 22:16:08,noise
6394555912795,6399924544312,T695,11.0,Uma Zhou,2025-09-20 18:00:29,noise
6394555912795,6393603835968,T171,70.8,Uma Zhou,2025-09-19 22:01:32,noise
6394555912795,6395363927709,T171,22.6,Uma Zhou,2025-09-19 09:04:23,noise
6394555912795,6396978132661,T695,12.9,Uma Zhou,2025-09-18 10:13:35,noise
6394555912795,6396492957730,T695,23.2,Uma Zhou,2025-09-17 09:13:33,noise
6394555912795,6392885325965,T695,9.9,Uma Zhou,2025-09-17 11:10:42,noise
6394555912795,6396492957730,T171,7.5,Uma Zhou,2025-09-17 03:10:32,noise
6394555912795,6393603835968,T171,5.4,Uma Zhou,2025-09-16 21:12:08,noise
6394555912795,6394779148527,T171,101.2,Uma Zhou,2025-09-16 17:02:55,noise
6394555912795,6396492957730,T695,12.0,Uma Zhou,2025-09-15 21:02:05,noise
6394555912795,6396978132661,T695,64.2,Uma Zhou,2025-09-14 09:26:47,noise
6394555912795,6391757381529,T695,6.6,Uma Zhou,2025-09-13 09:05:02,noise
6394555912795,6396492957730,T695,6.1,Uma Zhou,2025-09-13 10:13:31,noise
6394555912795,6397209902585,T695,5.1,Uma Zhou,2025-09-12 23:23:35,noise
6394555912795,6396978132661,T695,4.5,Uma Zhou,2025-09-12 21:10:23,noise
6394555912795,6396978132661,T171,16.8,Uma Zhou,2025-09-12 13:24:43,noise
6394555912795,6396978132661,T695,13.5,Uma Zhou,2025-09-11 09:25:24,noise
6394555912795,6393603835968,T695,36.2,Uma Zhou,2025-09-11 18:01:38,noise
6394555912795,6396492957730,T171,17.9,Uma Zhou,2025-09-10 09:25:55,noise
6394555912795,6396978132661,T171,17.9,Uma Zhou,2025-09-10 16:15:11,noise
6394555912795,6393561104962,T695,30.1,Uma Zhou,2025-09-09 09:08:33,noise
6394555912795,6393603835968,T171,13.6,Uma Zhou,2025-09-09 22:14:47,noise
6394555912795,6393951377482,T171,7.9,Uma Zhou,2025-09-09 14:18:54,noise
6394555912795,6394264279208,T695,20.2,Uma Zhou,2025-09-08 04:18:43,noise
6394555912795,6398761443795,T695,30.5,Uma Zhou,2025-09-08 17:10:09,noise
6394555912795,6397844655371,T171,41.1,Uma Zhou,2025-09-07 19:23:09,noise
6394555912795,6396119144758,T171,16.2,Uma Zhou,2025-09-07 11:18:30,noise
6394555912795,6397316055758,T695,9.1,Uma Zhou,2025-09-06 13:03:11,noise
6394555912795,6391937582998,T695,12.1,Uma Zhou,2025-09-06 08:03:08,noise
6394555912795,6396978132661,T695,7.3,Uma Zhou,2025-09-06 20:17:20,noise
6394555912795,6394048553499,T695,22.4,Uma Zhou,2025-09-05 08:05:34,noise
6394555912795,6393603835968,T695,12.1,Uma Zhou,2025-09-04 14:08:13,noise
6394555912795,6398761443795,T695,35.8,Uma Zhou,2025-09-04 04:00:24,noise
6394555912795,6395656527999,T695,18.6,Uma Zhou,2025-09-03 12:20:41,noise
6394555912795,6393951377482,T171,26.5,Uma Zhou,2025-09-03 12:25:26,noise
6394555912795,6397664580862,T171,23.8,Uma Zhou,2025-09-02 17:07:34,noise
6394555912795,6396978132661,T171,8.2,Uma Zhou,2025-09-01 12:26:40,noise
6394555912795,6396423658378,T695,14.2,Uma Zhou,2025-08-31 11:30:31,noise
6394555912795,6396978132661,T695,27.6,Uma Zhou,2025-08-30 15:14:01,noise
6394555912795,6396492957730,T171,7.3,Uma Zhou,2025-08-29 09:07:56,noise
6394555912795,6392463613153,T695,37.3,Uma Zhou,2025-08-29 08:02:41,noise
6394555912795,6396492957730,T695,53.1,Uma Zhou,2025-08-29 10:27:37,noise
6394555912795,6396492957730,T695,14.0,Uma Zhou,2025-08-28 14:14:53,noise
6394555912795,6393726218800,T171,59.5,Uma Zhou,2025-08-28 11:25:08,noise
6394555912795,6396978132661,T171,13.6,Uma Zhou,2025-08-28 10:08:56,noise
6394555912795,6392085020554,T171,25.9,Uma Zhou,2025-08-27 14:28:17,noise
6394555912795,6396492957730,T171,15.6,Uma Zhou,2025-08-27 08:14:02,noise
6394555912795,6396978132661,T695,15.4,Uma Zhou,2025-08-26 15:22:17,noise
6394555912795,6394272648738,T171,12.0,Uma Zhou,2025-08-26 21:07:11,noise
6394555912795,6396119144758,T695,12.8,Uma Zhou,2025-08-25 14:12:00,noise
6394555912795,6396978132661,T695,19.0,Uma Zhou,2025-08-25 00:23:54,noise
6394555912795,6393603835968,T171,12.7,Uma Zhou,2025-08-24 10:09:16,noise
6394555912795,6396492957730,T695,4.9,Uma Zhou,2025-08-23 22:03:08,noise
6394555912795,6393603835968,T171,60.4,Uma Zhou,2025-08-23 10:03:21,noise
6394555912795,6396492957730,T695,13.3,Uma Zhou,2025-08-22 10:10:14,noise
6394555912795,6393603835968,T695,4.0,Uma Zhou,2025-08-22 13:03:46,noise
6394555912795,6391053669235,T695,14.1,Uma Zhou,2025-08-22 10:18:13,noise
6394555912795,6394574621348,T695,8.8,Uma Zhou,2025-08-21 05:25:18,noise
6394555912795,6396978132661,T171,24.6,Uma Zhou,2025-08-21 16:26:00,noise
6394555912795,6393603835968,T171,5.6,Uma Zhou,2025-08-21 17:13:44,noise
6394555912795,6396492957730,T171,41.5,Uma Zhou,2025-08-20 20:19:34,noise
6394555912795,6396492957730,T695,20.7,Uma Zhou,2025-08-20 15:02:25,noise
6394555912795,6396978132661,T695,8.8,Uma Zhou,2025-08-19 10:16:41,noise
6394555912795,6396978132661,T695,9.1,Uma Zhou,2025-08-19 10:07:44,noise
6394555912795,6391841771012,T171,19.0,Uma Zhou,2025-08-19 08:02:30,noise
6394555912795,6396978132661,T695,9.8,Uma Zhou,2025-08-18 21:21:01,noise
6394555912795,6393603835968,T695,8.1,Uma Zhou,2025-08-17 09:20:23,noise
6394555912795,6396492957730,T171,13.8,Uma Zhou,2025-08-17 11:23:16,noise
6394555912795,6393603835968,T695,13.5,Uma Zhou,2025-08-16 09:17:44,noise
6394555912795,6393794997179,T695,13.4,Uma Zhou,2025-08-16 11:04:59,noise
6394555912795,6395455137652,T171,27.9,Uma Zhou,2025-08-15 13:07:51,noise
6394555912795,6394841742270,T171,5.7,Uma Zhou,2025-08-14 00:13:10,noise
6394555912795,6396978132661,T171,6.0,Uma Zhou,2025-08-14 10:05:42,noise
6394555912795,6396978132661,T695,14.8,Uma Zhou,2025-08-13 10:16:20,noise
6394555912795,6395978599202,T171,17.4,Uma Zhou,2025-08-13 11:15:59,noise
6394555912795,6393493304331,T695,25.8,Uma Zhou,2025-08-13 09:30:29,noise
6394555912795,6394264279208,T171,5.9,Uma Zhou,2025-08-12 21:13:58,noise
6394555912795,6392885325965,T695,4.5,Uma Zhou,2025-08-12 20:05:15,noise
6394555912795,6399856589429,T695,28.6,Uma Zhou,2025-08-11 03:00:43,noise
6394555912795,6396492957730,T171,20.9,Uma Zhou,2025-08-11 16:28:19,noise
6394555912795,6392724977358,T695,24.6,Uma Zhou,2025-08-11 05:06:28,noise
6394555912795,6393603835968,T695,76.0,Uma Zhou,2025-08-10 18:14:45,noise
6394555912795,6397274004764,T171,11.8,Uma Zhou,2025-08-10 16:10:02,noise
6394555912795,6391611816266,T695,6.0,Uma Zhou,2025-08-10 03:22:57,noise
6394555912795,6396978132661,T695,20.0,Uma Zhou,2025-08-09 18:30:20,noise
6394555912795,6397274004764,T171,35.5,Uma Zhou,2025-08-09 20:24:10,noise
6394555912795,6393603835968,T171,4.7,Uma Zhou,2025-08-08 16:25:01,noise
6394555912795,6396095128059,T171,3.7,Uma Zhou,2025-08-07 09:10:50,noise
6394555912795,6393794997179,T171,13.5,Uma Zhou,2025-08-07 12:19:43,noise
6394555912795,6393135045026,T695,28.7,Uma Zhou,2025-08-06 10:16:32,noise
6394555912795,6396978132661,T695,29.3,Uma Zhou,2025-08-06 17:07:46,noise
6394555912795,6396978132661,T695,44.9,Uma Zhou,2025-08-05 23:14:51,noise
6394555912795,6393507307642,T695,14.0,Uma Zhou,2025-08-05 10:13:25,noise
6394555912795,6396492957730,T695,41.9,Uma Zhou,2025-08-04 20:30:50,noise
6394555912795,6391937903040,T171,25.0,Uma Zhou,2025-08-04 15:03:29,noise
6394048553499,6391575752536,T898,33.2,Kai Okafor,2025-10-18 11:26:34,noise
6394048553499,6392885325965,T898,7.7,Kai Okafor,2025-10-18 21:26:07,noise
6394048553499,6392835511896,T189,12.6,Kai Okafor,2025-10-17 16:25:17,noise
6394048553499,6396227547092,T189,26.4,Kai Okafor,2025-10-17 10:03:33,noise
6394048553499,6399979024610,T898,15.9,Kai Okafor,2025-10-17 15:30:05,noise
6394048553499,6391575752536,T898,22.5,Kai Okafor,2025-10-16 20:18:53,noise
6394048553499,6391575752536,T189,42.5,Kai Okafor,2025-10-15 19:11:22,noise
6394048553499,6398732852032,T898,14.2,Kai Okafor,2025-10-15 19:02:49,noise
6394048553499,6398732852032,T898,18.3,Kai Okafor,2025-10-15 10:05:13,noise
6394048553499,6393859907578,T189,13.1,Kai Okafor,2025-10-14 16:25:20,noise
6394048553499,6391575752536,T898,9.3,Kai Okafor,2025-10-14 19:20:00,noise
6394048553499,6391575752536,T898,11.4,Kai Okafor,2025-10-13 09:19:49,noise
6394048553499,6399521620276,T189,28.2,Kai Okafor,2025-10-13 13:28:23,noise
6394048553499,6395978599202,T189,60.0,Kai Okafor,2025-10-12 14:25:25,noise
6394048553499,6398732852032,T189,23.8,Kai Okafor,2025-10-12 17:07:43,noise
6394048553499,6393726218800,T898,25.7,Kai Okafor,2025-10-11 17:17:17,noise
6394048553499,6396033004999,T898,18.4,Kai Okafor,2025-10-11 16:24:42,noise
6394048553499,6398732852032,T189,5.0,Kai Okafor,2025-10-11 20:26:48,noise
6394048553499,6391575752536,T898,19.6,Kai Okafor,2025-10-10 05:18:47,noise
6394048553499,6391575752536,T898,9.6,Kai Okafor,2025-10-10 16:26:38,noise
6394048553499,6398732852032,T898,5.6,Kai Okafor,2025-10-10 12:21:20,noise
6394048553499,6391575752536,T898,40.4,Kai Okafor,2025-10-09 18:25:36,noise
6394048553499,6398732852032,T189,7.5,Kai Okafor,2025-10-09 11:10:57,noise
6394048553499,6391575752536,T898,8.6,Kai Okafor,2025-10-08 08:29:40,noise
6394048553499,6396441529079,T898,7.0,Kai Okafor,2025-10-08 20:09:34,noise
6394048553499,6398445554732,T898,7.7,Kai Okafor,2025-10-08 11:07:58,noise
6394048553499,6392779062252,T898,11.2,Kai Okafor,2025-10-07 09:07:10,noise
6394048553499,6391085319364,T898,26.5,Kai Okafor,2025-10-07 17:22:41,noise
6394048553499,6391575752536,T898,14.1,Kai Okafor,2025-10-06 19:17:07,noise
6394048553499,6391575752536,T898,6.8,Kai Okafor,2025-10-06 14:21:45,noise
6394048553499,6399165981131,T898,4.7,Kai Okafor,2025-10-05 15:12:00,noise
6394048553499,6398732852032,T898,39.2,Kai Okafor,2025-10-05 10:25:08,noise
6394048553499,6399799920361,T189,31.3,Kai Okafor,2025-10-04 19:27:14,noise
6394048553499,6396892073434,T189,7.8,Kai Okafor,2025-10-04 20:13:48,noise
6394048553499,6397636641248,T189,15.7,Kai Okafor,2025-10-03 02:26:47,noise
6394048553499,6398732852032,T189,25.4,Kai Okafor,2025-10-03 17:02:40,noise
6394048553499,6398491189169,T189,35.4,Kai Okafor,2025-10-03 10:28:31,noise
6394048553499,6398445554732,T189,7.5,Kai Okafor,2025-10-02 12:18:07,noise
6394048553499,6395455137652,T189,64.1,Kai Okafor,2025-10-02 03:21:16,noise
6394048553499,6398445554732,T189,28.5,Kai Okafor,2025-10-01 15:20:04,noise
6394048553499,6391575752536,T898,8.5,Kai Okafor,2025-10-01 19:09:45,noise
6394048553499,6391575752536,T898,16.1,Kai Okafor,2025-09-30 15:03:40,noise
6394048553499,6398732852032,T189,14.6,Kai Okafor,2025-09-30 12:12:55,noise
6394048553499,6399799920361,T898,13.9,Kai Okafor,2025-09-29 14:29:29,noise
6394048553499,6393975769123,T189,16.3,Kai Okafor,2025-09-28 03:17:59,noise
6394048553499,6398445554732,T898,18.0,Kai Okafor,2025-09-27 20:27:52,noise
6394048553499,6396892073434,T898,19.5,Kai Okafor,2025-09-27 19:01:44,noise
6394048553499,6393951377482,T189,20.9,Kai Okafor,2025-09-26 20:20:42,noise
6394048553499,6392295700924,T189,22.5,Kai Okafor,2025-09-25 14:09:18,noise
6394048553499,6396892073434,T898,9.3,Kai Okafor,2025-09-25 02:27:52,noise
6394048553499,6397588030313,T898,14.7,Kai Okafor,2025-09-25 11:08:51,noise
6394048553499,6396892073434,T898,6.2,Kai Okafor,2025-09-24 09:16:08,noise
6394048553499,6396892073434,T189,4.6,Kai Okafor,2025-09-24 03:23:17,noise
6394048553499,6396892073434,T898,25.5,Kai Okafor,2025-09-23 12:03:14,noise
6394048553499,6399471209395,T189,10.3,Kai Okafor,2025-09-23 13:14:31,noise
6394048553499,6395975932913,T898,26.5,Kai Okafor,2025-09-22 17:12:40,noise
6394048553499,6393603835968,T898,38.8,Kai Okafor,2025-09-22 11:02:29,noise
6394048553499,6398732852032,T898,18.1,Kai Okafor,2025-09-22 16:07:47,noise
6394048553499,6398732852032,T189,25.3,Kai Okafor,2025-09-21 17:30:57,noise
6394048553499,6396892073434,T898,9.2,Kai Okafor,2025-09-21 13:17:44,noise
6394048553499,6396892073434,T898,9.8,Kai Okafor,2025-09-21 16:21:01,noise
6394048553499,6391575752536,T189,8.8,Kai Okafor,2025-09-20 14:11:53,noise
6394048553499,6396892073434,T898,23.4,Kai Okafor,2025-09-20 04:01:22,noise
6394048553499,6398391305137,T189,17.2,Kai Okafor,2025-09-19 18:30:09,noise
6394048553499,6391575752536,T898,48.5,Kai Okafor,2025-09-19 09:11:38,noise
6394048553499,6395913076726,T189,21.7,Kai Okafor,2025-09-18 08:04:15,noise
6394048553499,6393603835968,T189,12.5,Kai Okafor,2025-09-18 10:24:53,noise
6394048553499,6394048553499,T898,153.1,Kai Okafor,2025-09-18 17:29:08,noise
6394048553499,6396892073434,T898,32.8,Kai Okafor,2025-09-17 17:04:25,noise
6394048553499,6396892073434,T898,6.5,Kai Okafor,2025-09-17 13:09:14,noise
6394048553499,6396892073434,T898,3.8,Kai Okafor,2025-09-16 13:29:27,noise
6394048553499,6391575752536,T898,77.9,Kai Okafor,2025-09-16 23:19:45,noise
6394048553499,6396892073434,T898,7.7,Kai Okafor,2025-09-15 19:21:37,noise
6394048553499,6391575752536,T898,11.7,Kai Okafor,2025-09-15 05:21:53,noise
6394048553499,6391575752536,T189,17.0,Kai Okafor,2025-09-14 12:28:12,noise
6394048553499,6398732852032,T898,33.5,Kai Okafor,2025-09-14 20:11:40,noise
6394048553499,6396892073434,T898,45.0,Kai Okafor,2025-09-13 09:18:50,noise
6394048553499,6391575752536,T189,3.7,Kai Okafor,2025-09-13 14:19:58,noise
6394048553499,6396892073434,T189,8.4,Kai Okafor,2025-09-13 15:16:42,noise
6394048553499,6397636641248,T898,24.7,Kai Okafor,2025-09-12 19:22:01,noise
6394048553499,6391575752536,T898,9.7,Kai Okafor,2025-09-12 05:15:32,noise
6394048553499,6393726218800,T189,7.9,Kai Okafor,2025-09-11 15:03:14,noise
6394048553499,6391575752536,T898,9.3,Kai Okafor,2025-09-10 13:04:33,noise
6394048553499,6391575752536,T189,5.8,Kai Okafor,2025-09-10 22:06:23,noise
6394048553499,6393541804755,T898,11.9,Kai Okafor,2025-09-09 12:28:19,noise
6394048553499,6396892073434,T898,14.6,Kai Okafor,2025-09-09 13:12:56,noise
6394048553499,6391575752536,T898,5.0,Kai Okafor,2025-09-08 13:11:12,noise
6394048553499,6394882630315,T898,7.3,Kai Okafor,2025-09-08 11:11:52,noise
6394048553499,6391757381529,T898,55.2,Kai Okafor,2025-09-07 19:17:55,noise
6394048553499,6398732852032,T898,26.0,Kai Okafor,2025-09-07 15:10:02,noise
6394048553499,6391575752536,T898,23.3,Kai Okafor,2025-09-06 17:00:47,noise
6394048553499,6393951377482,T898,5.1,Kai Okafor,2025-09-05 19:08:23,noise
6394048553499,6396892073434,T898,18.0,Kai Okafor,2025-09-05 12:23:51,noise
6394048553499,6396927514387,T189,3.7,Kai Okafor,2025-09-05 18:29:18,noise
6394048553499,6396095128059,T898,9.6,Kai Okafor,2025-09-04 18:30:00,noise
6394048553499,6396607099917,T898,14.3,Kai Okafor,2025-09-04 10:21:26,noise
6394048553499,6394779148527,T898,24.4,Kai Okafor,2025-09-03 17:18:00,noise
6394048553499,6398732852032,T898,15.7,Kai Okafor,2025-09-03 15:13:43,noise
6394048553499,6398732852032,T189,27.7,Kai Okafor,2025-09-02 02:22:30,noise
6394048553499,6398491189169,T898,18.6,Kai Okafor,2025-09-02 19:02:54,noise
6394048553499,6396681820773,T898,14.0,Kai Okafor,2025-09-02 02:26:51,noise
6394048553499,6399259551176,T189,22.4,Kai Okafor,2025-09-01 12:02:50,noise
6394048553499,6392059565366,T898,6.2,Kai Okafor,2025-08-31 04:21:01,noise
6394048553499,6392795791102,T898,27.2,Kai Okafor,2025-08-31 14:19:00,noise
6394048553499,6399924544312,T898,6.7,Kai Okafor,2025-08-30 05:25:06,noise
6394048553499,6395122083064,T189,19.4,Kai Okafor,2025-08-30 14:13:26,noise
6394048553499,6397792731200,T898,10.1,Kai Okafor,2025-08-30 16:06:38,noise
6394048553499,6396892073434,T189,77.2,Kai Okafor,2025-08-29 17:06:56,noise
6394048553499,6393135045026,T898,14.9,Kai Okafor,2025-08-29 17:05:32,noise
6394048553499,6398732852032,T189,27.3,Kai Okafor,2025-08-29 13:25:28,noise
6394048553499,6392724977358,T898,14.3,Kai Okafor,2025-08-28 08:09:21,noise
6394048553499,6398732852032,T898,12.9,Kai Okafor,2025-08-28 19:10:19,noise
6394048553499,6392835511896,T898,20.7,Kai Okafor,2025-08-28 14:07:53,noise
6394048553499,6393794997179,T898,3.6,Kai Okafor,2025-08-27 19:08:38,noise
6394048553499,6397209902585,T189,7.1,Kai Okafor,2025-08-27 08:08:18,noise
6394048553499,6398732852032,T898,14.4,Kai Okafor,2025-08-27 18:14:11,noise
6394048553499,6391194839118,T898,7.1,Kai Okafor,2025-08-26 17:28:28,noise
6394048553499,6391575752536,T898,45.1,Kai Okafor,2025-08-26 12:28:05,noise
6394048553499,6398732852032,T898,48.7,Kai Okafor,2025-08-26 09:00:51,noise
6394048553499,6391937582998,T898,40.5,Kai Okafor,2025-08-25 09:03:54,noise
6394048553499,6397364632100,T898,20.2,Kai Okafor,2025-08-25 08:03:19,noise
6394048553499,6391575752536,T189,3.3,Kai Okafor,2025-08-25 16:11:19,noise
6394048553499,6395255503056,T898,59.2,Kai Okafor,2025-08-24 09:19:14,noise
6394048553499,6391575752536,T189,26.9,Kai Okafor,2025-08-24 12:10:40,noise
6394048553499,6398732852032,T189,13.7,Kai Okafor,2025-08-23 13:09:29,noise
6394048553499,6397197783416,T898,41.8,Kai Okafor,2025-08-23 11:09:25,noise
6394048553499,6391279393246,T898,87.3,Kai Okafor,2025-08-23 16:25:04,noise
6394048553499,6396978132661,T898,18.7,Kai Okafor,2025-08-22 12:23:28,noise
6394048553499,6398732852032,T898,8.5,Kai Okafor,2025-08-21 22:18:41,noise
6394048553499,6391575752536,T898,7.9,Kai Okafor,2025-08-20 14:30:45,noise
6394048553499,6392724977358,T189,17.6,Kai Okafor,2025-08-19 16:22:26,noise
6394048553499,6395255503056,T898,37.1,Kai Okafor,2025-08-19 15:10:37,noise
6394048553499,6397209902585,T898,11.9,Kai Okafor,2025-08-18 10:10:59,noise
6394048553499,6397008615813,T189,16.8,Kai Okafor,2025-08-18 12:23:37,noise
6394048553499,6393603835968,T898,20.8,Kai Okafor,2025-08-17 17:14:01,noise
6394048553499,6392463613153,T898,24.7,Kai Okafor,2025-08-17 10:19:08,noise
6394048553499,6395656527999,T189,19.0,Kai Okafor,2025-08-16 00:20:36,noise
6394048553499,6398732852032,T189,19.3,Kai Okafor,2025-08-16 17:25:51,noise
6394048553499,6398732852032,T189,6.0,Kai Okafor,2025-08-16 17:12:09,noise
6394048553499,6398391305137,T898,9.1,Kai Okafor,2025-08-15 14:13:25,noise
6394048553499,6396681820773,T189,14.7,Kai Okafor,2025-08-15 23:12:32,noise
6394048553499,6398732852032,T189,7.0,Kai Okafor,2025-08-15 19:11:24,noise
6394048553499,6398491189169,T189,21.9,Kai Okafor,2025-08-14 15:07:27,noise
6394048553499,6396892073434,T898,6.5,Kai Okafor,2025-08-13 14:00:02,noise
6394048553499,6396892073434,T898,9.4,Kai Okafor,2025-08-13 23:13:07,noise
6394048553499,6396892073434,T898,13.3,Kai Okafor,2025-08-13 21:13:09,noise
6394048553499,6391575752536,T898,9.3,Kai Okafor,2025-08-12 13:13:03,noise
6394048553499,6391575752536,T189,48.6,Kai Okafor,2025-08-12 00:03:26,noise
6394048553499,6398732852032,T898,8.2,Kai Okafor,2025-08-11 17:08:56,noise
6394048553499,6398732852032,T898,9.9,Kai Okafor,2025-08-10 04:19:05,noise
6394048553499,6392724977358,T189,37.2,Kai Okafor,2025-08-10 08:02:38,noise
6394048553499,6396518798247,T898,6.7,Kai Okafor,2025-08-09 20:02:10,noise
6394048553499,6391575752536,T189,24.7,Kai Okafor,2025-08-09 17:18:04,noise
6394048553499,6397316055758,T898,63.1,Kai Okafor,2025-08-08 22:04:03,noise
6394048553499,6394272648738,T189,26.2,Kai Okafor,2025-08-08 11:01:03,noise
6394048553499,6398732852032,T898,22.4,Kai Okafor,2025-08-08 01:01:35,noise
6394048553499,6397636641248,T898,20.0,Kai Okafor,2025-08-07 18:12:16,noise
6394048553499,6396892073434,T898,7.9,Kai Okafor,2025-08-07 13:15:42,noise
6394048553499,6396492957730,T189,26.5,Kai Okafor,2025-08-07 11:05:25,noise
6394048553499,6399076960112,T898,16.5,Kai Okafor,2025-08-06 09:25:39,noise
6394048553499,6396892073434,T898,39.0,Kai Okafor,2025-08-06 16:18:39,noise
6394048553499,6391841771012,T898,11.6,Kai Okafor,2025-08-05 20:14:15,noise
6394048553499,6396423658378,T189,35.3,Kai Okafor,2025-08-05 09:22:50,noise
6394048553499,6391053669235,T898,22.9,Kai Okafor,2025-08-05 09:05:56,noise
6394048553499,6392835511896,T189,10.3,Kai Okafor,2025-08-04 18:18:55,noise
6394048553499,6399496417009,T898,50.6,Kai Okafor,2025-08-04 12:27:08,noise
6394048553499,6398732852032,T898,19.4,Kai Okafor,2025-08-04 14:13:52,noise
6393135045026,6399259551176,T859,42.2,Fahad Rossi,2025-10-18 20:30:25,noise
6393135045026,6398906791192,T859,21.0,Fahad Rossi,2025-10-18 17:18:29,noise
6393135045026,6396978132661,T467,7.0,Fahad Rossi,2025-10-17 14:21:38,noise
6393135045026,6396033004999,T859,21.8,Fahad Rossi,2025-10-17 18:21:13,noise
6393135045026,6391279393246,T859,8.3,Fahad Rossi,2025-10-17 13:29:25,noise
6393135045026,6393723821869,T467,8.0,Fahad Rossi,2025-10-16 10:25:46,noise
6393135045026,6391279393246,T859,4.5,Fahad Rossi,2025-10-16 23:24:02,noise
6393135045026,6396978132661,T859,10.3,Fahad Rossi,2025-10-15 16:20:23,noise
6393135045026,6396927514387,T467,23.6,Fahad Rossi,2025-10-15 20:02:09,noise
6393135045026,6393859907578,T859,29.6,Fahad Rossi,2025-10-14 12:05:54,noise
6393135045026,6397844655371,T467,39.5,Fahad Rossi,2025-10-14 19:18:38,noise
6393135045026,6391279393246,T467,5.2,Fahad Rossi,2025-10-14 19:20:45,noise
6393135045026,6399799920361,T859,15.1,Fahad Rossi,2025-10-13 12:08:23,noise
6393135045026,6391279393246,T467,14.2,Fahad Rossi,2025-10-13 14:20:07,noise
6393135045026,6396631526248,T859,28.7,Fahad Rossi,2025-10-12 23:13:43,noise
6393135045026,6396119144758,T467,37.7,Fahad Rossi,2025-10-12 18:17:11,noise
6393135045026,6396978132661,T859,6.0,Fahad Rossi,2025-10-12 13:28:59,noise
6393135045026,6399799920361,T859,11.8,Fahad Rossi,2025-10-11 10:07:20,noise
6393135045026,6392523182756,T859,20.4,Fahad Rossi,2025-10-11 11:24:33,noise
6393135045026,6394555912795,T467,14.9,Fahad Rossi,2025-10-10 12:05:47,noise
6393135045026,6391279393246,T467,19.6,Fahad Rossi,2025-10-10 13:10:14,noise
6393135045026,6399799920361,T467,53.3,Fahad Rossi,2025-10-10 02:02:49,noise
6393135045026,6396956928083,T859,3.5,Fahad Rossi,2025-10-09 08:11:22,noise
6393135045026,6398906791192,T467,26.1,Fahad Rossi,2025-10-08 17:11:05,noise
6393135045026,6399799920361,T859,12.6,Fahad Rossi,2025-10-07 18:19:27,noise
6393135045026,6391279393246,T859,11.2,Fahad Rossi,2025-10-07 12:24:25,noise
6393135045026,6391279393246,T467,13.6,Fahad Rossi,2025-10-06 15:15:17,noise
6393135045026,6399799920361,T859,9.2,Fahad Rossi,2025-10-06 11:19:21,noise
6393135045026,6399799920361,T859,13.3,Fahad Rossi,2025-10-06 14:09:42,noise
6393135045026,6399799920361,T859,30.6,Fahad Rossi,2025-10-05 05:03:22,noise
6393135045026,6399799920361,T467,11.4,Fahad Rossi,2025-10-05 11:05:40,noise
6393135045026,6396978132661,T859,9.0,Fahad Rossi,2025-10-04 08:04:32,noise
6393135045026,6393975769123,T467,41.4,Fahad Rossi,2025-10-04 20:23:15,noise
6393135045026,6394779148527,T467,14.2,Fahad Rossi,2025-10-03 21:23:29,noise
6393135045026,6394555912795,T859,15.8,Fahad Rossi,2025-10-02 20:28:58,noise
6393135045026,6391279393246,T467,6.2,Fahad Rossi,2025-10-02 11:10:44,noise
6393135045026,6396978132661,T859,6.0,Fahad Rossi,2025-10-01 10:12:01,noise
6393135045026,6399799920361,T467,13.5,Fahad Rossi,2025-10-01 00:20:32,noise
6393135045026,6399799920361,T467,6.0,Fahad Rossi,2025-09-30 16:09:42,noise
6393135045026,6396978132661,T859,4.1,Fahad Rossi,2025-09-30 21:11:48,noise
6393135045026,6393135045026,T859,12.1,Fahad Rossi,2025-09-29 02:02:57,noise
6393135045026,6399799920361,T859,37.9,Fahad Rossi,2025-09-29 19:26:57,noise
6393135045026,6396978132661,T859,21.2,Fahad Rossi,2025-09-28 12:06:19,noise
6393135045026,6391937582998,T467,6.1,Fahad Rossi,2025-09-28 20:00:15,noise
6393135045026,6399799920361,T859,3.0,Fahad Rossi,2025-09-28 10:01:17,noise
6393135045026,6391279393246,T859,17.2,Fahad Rossi,2025-09-27 08:09:25,noise
6393135045026,6399799920361,T859,13.6,Fahad Rossi,2025-09-27 16:25:09,noise
6393135045026,6396978132661,T467,29.2,Fahad Rossi,2025-09-27 14:13:09,noise
6393135045026,6397792731200,T859,100.4,Fahad Rossi,2025-09-26 19:00:45,noise
6393135045026,6396978132661,T859,25.1,Fahad Rossi,2025-09-26 11:05:38,noise
6393135045026,6399799920361,T859,21.0,Fahad Rossi,2025-09-25 11:22:06,noise
6393135045026,6396978132661,T467,39.8,Fahad Rossi,2025-09-25 16:07:49,noise
6393135045026,6399259551176,T467,39.8,Fahad Rossi,2025-09-24 12:24:10,noise
6393135045026,6396978132661,T467,15.3,Fahad Rossi,2025-09-24 22:20:29,noise
6393135045026,6393507307642,T467,15.7,Fahad Rossi,2025-09-23 20:01:11,noise
6393135045026,6396978132661,T467,28.9,Fahad Rossi,2025-09-22 23:00:59,noise
6393135045026,6391279393246,T467,20.5,Fahad Rossi,2025-09-22 16:21:13,noise
6393135045026,6391279393246,T467,7.6,Fahad Rossi,2025-09-22 09:11:36,noise
6393135045026,6396978132661,T859,14.5,Fahad Rossi,2025-09-21 10:21:52,noise
6393135045026,6391279393246,T859,13.7,Fahad Rossi,2025-09-21 05:10:32,noise
6393135045026,6391279393246,T859,16.2,Fahad Rossi,2025-09-20 17:24:07,noise
6393135045026,6393723821869,T467,9.1,Fahad Rossi,2025-09-20 10:06:05,noise
6393135045026,6396978132661,T467,3.5,Fahad Rossi,2025-09-19 03:12:01,noise
6393135045026,6399799920361,T467,31.2,Fahad Rossi,2025-09-19 15:26:03,noise
6393135045026,6399799920361,T467,18.6,Fahad Rossi,2025-09-18 18:15:32,noise
6393135045026,6399799920361,T859,9.4,Fahad Rossi,2025-09-18 18:21:06,noise
6393135045026,6396978132661,T467,79.9,Fahad Rossi,2025-09-18 13:25:33,noise
6393135045026,6396978132661,T467,41.4,Fahad Rossi,2025-09-17 13:07:56,noise
6393135045026,6391279393246,T859,18.8,Fahad Rossi,2025-09-17 17:09:49,noise
6393135045026,6396978132661,T467,29.4,Fahad Rossi,2025-09-17 18:05:25,noise
6393135045026,6399799920361,T859,19.1,Fahad Rossi,2025-09-16 23:26:47,noise
6393135045026,6392724977358,T467,10.0,Fahad Rossi,2025-09-16 14:21:52,noise
6393135045026,6396607099917,T859,28.7,Fahad Rossi,2025-09-16 11:00:44,noise
6393135045026,6396978132661,T859,10.2,Fahad Rossi,2025-09-15 19:28:21,noise
6393135045026,6396978132661,T467,11.2,Fahad Rossi,2025-09-15 19:24:33,noise
6393135045026,6398732852032,T859,11.6,Fahad Rossi,2025-09-14 12:05:08,noise
6393135045026,6399799920361,T467,18.3,Fahad Rossi,2025-09-14 20:10:53,noise
6393135045026,6396978132661,T859,14.1,Fahad Rossi,2025-09-14 09:17:07,noise
6393135045026,6396978132661,T467,35.3,Fahad Rossi,2025-09-13 10:07:24,noise
6393135045026,6395726944755,T859,13.5,Fahad Rossi,2025-09-12 13:06:34,noise
6393135045026,6399799920361,T859,42.1,Fahad Rossi,2025-09-12 22:30:09,noise
6393135045026,6391279393246,T859,6.0,Fahad Rossi,2025-09-11 10:08:29,noise
6393135045026,6391279393246,T859,10.3,Fahad Rossi,2025-09-10 20:07:13,noise
6393135045026,6398491189169,T859,12.2,Fahad Rossi,2025-09-10 14:27:18,noise
6393135045026,6396978132661,T467,9.0,Fahad Rossi,2025-09-10 14:14:24,noise
6393135045026,6392085020554,T859,18.4,Fahad Rossi,2025-09-09 00:00:04,noise
6393135045026,6397906422409,T859,17.0,Fahad Rossi,2025-09-08 12:20:55,noise
6393135045026,6397664580862,T859,26.6,Fahad Rossi,2025-09-08 13:03:49,noise
6393135045026,6399799920361,T859,13.8,Fahad Rossi,2025-09-07 12:09:38,noise
6393135045026,6399799920361,T859,6.6,Fahad Rossi,2025-09-07 08:08:55,noise
6393135045026,6399799920361,T859,38.0,Fahad Rossi,2025-09-06 05:25:11,noise
6393135045026,6399799920361,T467,3.7,Fahad Rossi,2025-09-06 09:19:46,noise
6393135045026,6395455137652,T859,17.8,Fahad Rossi,2025-09-05 19:19:46,noise
6393135045026,6396978132661,T859,22.7,Fahad Rossi,2025-09-04 16:22:30,noise
6393135045026,6399799920361,T859,70.7,Fahad Rossi,2025-09-04 23:06:43,noise
6393135045026,6396978132661,T859,11.1,Fahad Rossi,2025-09-04 19:11:51,noise
6393135045026,6396441529079,T467,27.3,Fahad Rossi,2025-09-03 12:29:24,noise
6393135045026,6399799920361,T859,15.4,Fahad Rossi,2025-09-03 09:29:38,noise
6393135045026,6394272648738,T859,19.2,Fahad Rossi,2025-09-02 20:14:45,noise
6393135045026,6396978132661,T467,4.0,Fahad Rossi,2025-09-02 16:05:47,noise
6393135045026,6399799920361,T859,39.6,Fahad Rossi,2025-09-02 21:20:25,noise
6393135045026,6397636641248,T467,19.7,Fahad Rossi,2025-09-01 19:29:28,noise
6393135045026,6396468854276,T859,13.4,Fahad Rossi,2025-09-01 01:10:44,noise
6393135045026,6391279393246,T859,31.4,Fahad Rossi,2025-09-01 17:28:33,noise
6393135045026,6398445554732,T859,13.2,Fahad Rossi,2025-08-31 20:17:43,noise
6393135045026,6391279393246,T859,17.3,Fahad Rossi,2025-08-31 20:03:13,noise
6393135045026,6397844655371,T859,10.9,Fahad Rossi,2025-08-30 11:26:36,noise
6393135045026,6391279393246,T859,12.6,Fahad Rossi,2025-08-29 10:24:41,noise
6393135045026,6396978132661,T859,34.9,Fahad Rossi,2025-08-29 11:29:23,noise
6393135045026,6391279393246,T859,18.6,Fahad Rossi,2025-08-28 05:26:52,noise
6393135045026,6396978132661,T859,21.9,Fahad Rossi,2025-08-27 16:16:01,noise
6393135045026,6391279393246,T859,9.1,Fahad Rossi,2025-08-27 18:11:04,noise
6393135045026,6392052186148,T859,15.4,Fahad Rossi,2025-08-26 13:19:52,noise
6393135045026,6397274004764,T859,4.3,Fahad Rossi,2025-08-25 20:02:21,noise
6393135045026,6392724977358,T859,36.0,Fahad Rossi,2025-08-25 11:10:04,noise
6393135045026,6396978132661,T467,15.3,Fahad Rossi,2025-08-25 04:06:44,noise
6393135045026,6399799920361,T859,8.8,Fahad Rossi,2025-08-24 14:10:47,noise
6393135045026,6399799920361,T859,14.5,Fahad Rossi,2025-08-24 10:01:55,noise
6393135045026,6394841742270,T859,7.8,Fahad Rossi,2025-08-23 22:28:35,noise
6393135045026,6394048553499,T859,7.2,Fahad Rossi,2025-08-23 10:07:13,noise
6393135045026,6392835511896,T859,33.5,Fahad Rossi,2025-08-23 01:13:02,noise
6393135045026,6391279393246,T467,15.3,Fahad Rossi,2025-08-22 11:22:58,noise
6393135045026,6391279393246,T859,16.3,Fahad Rossi,2025-08-22 09:14:36,noise
6393135045026,6399165981131,T859,12.0,Fahad Rossi,2025-08-21 18:22:32,noise
6393135045026,6393135045026,T467,14.0,Fahad Rossi,2025-08-21 18:03:23,noise
6393135045026,6396978132661,T467,19.8,Fahad Rossi,2025-08-20 18:16:12,noise
6393135045026,6391053669235,T467,9.8,Fahad Rossi,2025-08-19 11:07:44,noise
6393135045026,6399799920361,T859,11.1,Fahad Rossi,2025-08-19 05:05:34,noise
6393135045026,6391279393246,T859,5.5,Fahad Rossi,2025-08-19 20:28:26,noise
6393135045026,6396927514387,T859,23.2,Fahad Rossi,2025-08-18 03:09:16,noise
6393135045026,6399799920361,T467,21.7,Fahad Rossi,2025-08-17 23:05:53,noise
6393135045026,6391279393246,T859,10.4,Fahad Rossi,2025-08-17 13:02:54,noise
6393135045026,6399799920361,T859,6.4,Fahad Rossi,2025-08-16 08:03:13,noise
6393135045026,6391279393246,T859,4.3,Fahad Rossi,2025-08-16 19:21:29,noise
6393135045026,6399856589429,T859,38.6,Fahad Rossi,2025-08-15 16:01:53,noise
6393135045026,6395455137652,T467,12.5,Fahad Rossi,2025-08-15 15:16:02,noise
6393135045026,6394882630315,T467,10.1,Fahad Rossi,2025-08-15 11:14:23,noise
6393135045026,6399799920361,T467,7.4,Fahad Rossi,2025-08-14 15:20:50,noise
6393135045026,6391279393246,T859,20.2,Fahad Rossi,2025-08-14 23:15:06,noise
6393135045026,6399799920361,T859,4.5,Fahad Rossi,2025-08-13 10:22:32,noise
6393135045026,6391279393246,T859,24.8,Fahad Rossi,2025-08-12 21:21:32,noise
6393135045026,6396978132661,T859,8.0,Fahad Rossi,2025-08-11 12:01:58,noise
6393135045026,6399799920361,T859,22.8,Fahad Rossi,2025-08-11 08:30:09,noise
6393135045026,6396095128059,T859,9.6,Fahad Rossi,2025-08-11 13:30:13,noise
6393135045026,6393507307642,T859,7.2,Fahad Rossi,2025-08-10 17:23:04,noise
6393135045026,6395082508928,T859,6.6,Fahad Rossi,2025-08-09 09:28:58,noise
6393135045026,6396978132661,T467,5.6,Fahad Rossi,2025-08-09 20:01:53,noise
6393135045026,6396978132661,T859,15.9,Fahad Rossi,2025-08-08 10:26:57,noise
6393135045026,6397209902585,T859,16.9,Fahad Rossi,2025-08-08 01:18:43,noise
6393135045026,6391279393246,T467,22.8,Fahad Rossi,2025-08-07 12:28:37,noise
6393135045026,6395778639223,T859,21.1,Fahad Rossi,2025-08-07 16:22:17,noise
6393135045026,6396956928083,T467,11.7,Fahad Rossi,2025-08-06 20:03:05,noise
6393135045026,6399799920361,T467,14.1,Fahad Rossi,2025-08-05 12:09:56,noise
6393135045026,6391279393246,T859,35.5,Fahad Rossi,2025-08-05 11:26:38,noise
6393135045026,6392835511896,T467,8.3,Fahad Rossi,2025-08-04 05:19:01,noise
6393135045026,6391279393246,T859,48.1,Fahad Rossi,2025-08-04 18:13:49,noise
6393135045026,6396978132661,T467,22.5,Fahad Rossi,2025-08-04 17:18:01,noise
6392724977358,6396492957730,T290,9.9,Nia Novak,2025-10-18 13:11:48,noise
6392724977358,6398445554732,T290,5.6,Nia Novak,2025-10-18 23:08:42,noise
6392724977358,6394264279208,T290,19.9,Nia Novak,2025-10-17 14:23:50,noise
6392724977358,6396859651169,T290,31.3,Nia Novak,2025-10-16 10:00:30,noise
6392724977358,6391194839118,T704,17.5,Nia Novak,2025-10-16 10:03:19,noise
6392724977358,6396492957730,T290,30.2,Nia Novak,2025-10-16 22:05:30,noise
6392724977358,6399165981131,T290,59.9,Nia Novak,2025-10-15 16:13:48,noise
6392724977358,6394882630315,T290,81.5,Nia Novak,2025-10-15 23:04:17,noise
6392724977358,6397235532708,T290,3.0,Nia Novak,2025-10-14 20:14:15,noise
6392724977358,6391194839118,T704,32.2,Nia Novak,2025-10-13 13:12:25,noise
6392724977358,6392724977358,T704,11.2,Nia Novak,2025-10-13 20:28:28,noise
6392724977358,6391194839118,T290,51.0,Nia Novak,2025-10-12 15:18:34,noise
6392724977358,6396859651169,T704,23.0,Nia Novak,2025-10-12 19:09:38,noise
6392724977358,6396892073434,T704,23.5,Nia Novak,2025-10-11 09:06:52,noise
6392724977358,6396859651169,T704,23.5,Nia Novak,2025-10-11 17:01:24,noise
6392724977358,6396859651169,T290,7.4,Nia Novak,2025-10-10 18:14:33,noise
6392724977358,6391194839118,T290,17.0,Nia Novak,2025-10-09 14:29:47,noise
6392724977358,6391194839118,T290,57.0,Nia Novak,2025-10-09 12:20:09,noise
6392724977358,6394264279208,T704,22.1,Nia Novak,2025-10-09 22:03:23,noise
6392724977358,6396859651169,T290,11.6,Nia Novak,2025-10-08 09:06:41,noise
6392724977358,6399259551176,T704,71.2,Nia Novak,2025-10-08 13:28:25,noise
6392724977358,6399856589429,T704,18.8,Nia Novak,2025-10-07 18:25:51,noise
6392724977358,6396859651169,T290,27.9,Nia Novak,2025-10-07 03:06:29,noise
6392724977358,6396859651169,T290,25.6,Nia Novak,2025-10-07 20:17:02,noise
6392724977358,6399521620276,T704,15.7,Nia Novak,2025-10-06 15:00:14,noise
6392724977358,6392779062252,T290,6.1,Nia Novak,2025-10-05 10:21:30,noise
6392724977358,6396859651169,T290,11.3,Nia Novak,2025-10-05 16:06:03,noise
6392724977358,6391194839118,T704,21.2,Nia Novak,2025-10-04 08:06:29,noise
6392724977358,6396859651169,T290,17.1,Nia Novak,2025-10-03 02:25:39,noise
6392724977358,6392885325965,T704,16.4,Nia Novak,2025-10-02 09:28:59,noise
6392724977358,6398391305137,T290,16.9,Nia Novak,2025-10-01 21:15:01,noise
6392724977358,6396492957730,T290,10.9,Nia Novak,2025-10-01 20:26:56,noise
6392724977358,6391194839118,T704,16.9,Nia Novak,2025-09-30 09:19:30,noise
6392724977358,6395975932913,T704,31.2,Nia Novak,2025-09-30 12:13:00,noise
6392724977358,6397588030313,T290,11.2,Nia Novak,2025-09-29 17:28:20,noise
6392724977358,6397274004764,T704,4.8,Nia Novak,2025-09-28 22:28:17,noise
6392724977358,6396859651169,T704,15.5,Nia Novak,2025-09-27 10:28:45,noise
6392724977358,6396492957730,T704,14.5,Nia Novak,2025-09-26 18:09:35,noise
6392724977358,6396492957730,T290,8.5,Nia Novak,2025-09-26 18:11:48,noise
6392724977358,6393951377482,T290,9.1,Nia Novak,2025-09-26 11:15:20,noise
6392724977358,6392523182756,T290,13.5,Nia Novak,2025-09-25 10:22:39,noise
6392724977358,6399617100710,T290,35.7,Nia Novak,2025-09-25 11:14:12,noise
6392724977358,6397652242448,T290,6.6,Nia Novak,2025-09-24 00:08:01,noise
6392724977358,6396492957730,T290,64.6,Nia Novak,2025-09-24 12:10:27,noise
6392724977358,6396492957730,T290,15.1,Nia Novak,2025-09-23 09:12:49,noise
6392724977358,6396859651169,T290,58.2,Nia Novak,2025-09-23 11:21:54,noise
6392724977358,6391194839118,T290,24.1,Nia Novak,2025-09-22 10:00:18,noise
6392724977358,6394264279208,T290,10.1,Nia Novak,2025-09-22 18:08:25,noise
6392724977358,6391194839118,T290,14.2,Nia Novak,2025-09-21 20:26:25,noise
6392724977358,6391194839118,T290,42.3,Nia Novak,2025-09-21 09:29:14,noise
6392724977358,6396859651169,T704,7.6,Nia Novak,2025-09-20 17:01:47,noise
6392724977358,6396859651169,T290,65.3,Nia Novak,2025-09-20 14:25:26,noise
6392724977358,6394882630315,T290,9.2,Nia Novak,2025-09-20 08:09:49,noise
6392724977358,6396978132661,T290,18.2,Nia Novak,2025-09-19 18:22:13,noise
6392724977358,6396492957730,T290,35.6,Nia Novak,2025-09-19 11:21:51,noise
6392724977358,6397209902585,T704,8.2,Nia Novak,2025-09-18 16:30:05,noise
6392724977358,6391194839118,T290,11.4,Nia Novak,2025-09-18 15:01:56,noise
6392724977358,6391194839118,T290,32.2,Nia Novak,2025-09-17 15:01:47,noise
6392724977358,6396441529079,T704,6.4,Nia Novak,2025-09-16 17:30:30,noise
6392724977358,6393859907578,T704,59.9,Nia Novak,2025-09-16 12:14:33,noise
6392724977358,6391194839118,T290,7.9,Nia Novak,2025-09-15 14:14:24,noise
6392724977358,6398761443795,T704,9.7,Nia Novak,2025-09-15 00:06:51,noise
6392724977358,6396227547092,T704,18.9,Nia Novak,2025-09-15 10:05:05,noise
6392724977358,6391194839118,T704,42.0,Nia Novak,2025-09-14 02:24:44,noise
6392724977358,6396859651169,T290,8.0,Nia Novak,2025-09-14 16:00:10,noise
6392724977358,6396492957730,T704,10.6,Nia Novak,2025-09-14 11:15:02,noise
6392724977358,6391194839118,T290,43.2,Nia Novak,2025-09-13 23:03:04,noise
6392724977358,6396492957730,T704,12.1,Nia Novak,2025-09-12 19:03:29,noise
6392724977358,6396095128059,T704,23.6,Nia Novak,2025-09-12 10:27:59,noise
6392724977358,6396492957730,T704,8.9,Nia Novak,2025-09-11 21:04:08,noise
6392724977358,6396492957730,T290,42.8,Nia Novak,2025-09-11 14:25:22,noise
6392724977358,6392059565366,T704,22.5,Nia Novak,2025-09-11 19:16:39,noise
6392724977358,6395726944755,T704,12.2,Nia Novak,2025-09-10 13:09:21,noise
6392724977358,6396859651169,T290,40.0,Nia Novak,2025-09-09 17:13:23,noise
6392724977358,6399521620276,T290,24.1,Nia Novak,2025-09-09 13:14:20,noise
6392724977358,6396859651169,T290,10.5,Nia Novak,2025-09-09 14:25:44,noise
6392724977358,6396859651169,T290,19.7,Nia Novak,2025-09-08 19:19:34,noise
6392724977358,6396492957730,T290,13.7,Nia Novak,2025-09-08 11:20:23,noise
6392724977358,6395122083064,T290,11.4,Nia Novak,2025-09-07 08:29:13,noise
6392724977358,6392334677082,T290,5.8,Nia Novak,2025-09-07 11:17:39,noise
6392724977358,6398761443795,T704,10.4,Nia Novak,2025-09-06 19:03:04,noise
6392724977358,6396095128059,T704,29.1,Nia Novak,2025-09-06 00:18:07,noise
6392724977358,6397274004764,T290,25.9,Nia Novak,2025-09-06 16:23:51,noise
6392724977358,6391194839118,T704,9.6,Nia Novak,2025-09-05 05:22:56,noise
6392724977358,6391194839118,T704,34.0,Nia Novak,2025-09-05 16:20:15,noise
6392724977358,6397664580862,T704,7.7,Nia Novak,2025-09-04 11:06:51,noise
6392724977358,6391194839118,T704,18.3,Nia Novak,2025-09-03 08:02:51,noise
6392724977358,6396492957730,T290,7.1,Nia Novak,2025-09-03 08:27:12,noise
6392724977358,6396859651169,T290,14.1,Nia Novak,2025-09-03 15:29:30,noise
6392724977358,6391194839118,T290,28.2,Nia Novak,2025-09-02 17:21:05,noise
6392724977358,6395255503056,T290,8.3,Nia Novak,2025-09-02 17:24:47,noise
6392724977358,6391194839118,T704,20.5,Nia Novak,2025-09-01 14:17:24,noise
6392724977358,6396492957730,T704,4.1,Nia Novak,2025-09-01 12:07:11,noise
6392724977358,6395978599202,T290,23.8,Nia Novak,2025-08-31 12:19:30,noise
6392724977358,6396492957730,T704,11.0,Nia Novak,2025-08-31 20:08:54,noise
6392724977358,6391841771012,T704,15.4,Nia Novak,2025-08-30 11:06:53,noise
6392724977358,6394264279208,T290,15.4,Nia Novak,2025-08-30 14:09:37,noise
6392724977358,6391194839118,T290,20.8,Nia Novak,2025-08-29 16:10:15,noise
6392724977358,6396492957730,T704,13.8,Nia Novak,2025-08-29 14:03:33,noise
6392724977358,6391194839118,T704,13.4,Nia Novak,2025-08-29 18:28:09,noise
6392724977358,6391841771012,T704,5.5,Nia Novak,2025-08-28 12:07:33,noise
6392724977358,6396967557245,T290,17.5,Nia Novak,2025-08-27 08:12:36,noise
6392724977358,6396492957730,T290,6.0,Nia Novak,2025-08-27 19:13:53,noise
6392724977358,6396492957730,T290,24.4,Nia Novak,2025-08-26 11:11:32,noise
6392724977358,6391194839118,T704,19.8,Nia Novak,2025-08-26 00:12:23,noise
6392724977358,6391194839118,T704,54.3,Nia Novak,2025-08-25 00:04:10,noise
6392724977358,6396492957730,T704,15.8,Nia Novak,2025-08-25 21:11:48,noise
6392724977358,6396859651169,T290,13.5,Nia Novak,2025-08-25 09:07:41,noise
6392724977358,6396518798247,T290,21.0,Nia Novak,2025-08-24 23:03:13,noise
6392724977358,6391657761801,T290,16.4,Nia Novak,2025-08-24 00:06:28,noise
6392724977358,6391621634803,T704,15.7,Nia Novak,2025-08-24 17:09:53,noise
6392724977358,6396978132661,T704,23.6,Nia Novak,2025-08-23 16:02:47,noise
6392724977358,6396681820773,T290,20.5,Nia Novak,2025-08-23 23:10:16,noise
6392724977358,6396859651169,T290,36.5,Nia Novak,2025-08-23 12:11:23,noise
6392724977358,6396859651169,T290,12.4,Nia Novak,2025-08-22 09:29:00,noise
6392724977358,6396631526248,T704,29.1,Nia Novak,2025-08-22 12:19:35,noise
6392724977358,6396518798247,T704,10.0,Nia Novak,2025-08-21 18:26:18,noise
6392724977358,6392295700924,T704,26.8,Nia Novak,2025-08-21 20:10:44,noise
6392724977358,6395778639223,T290,26.8,Nia Novak,2025-08-20 14:23:55,noise
6392724977358,6399856589429,T290,6.7,Nia Novak,2025-08-20 21:02:45,noise
6392724977358,6396492957730,T290,26.3,Nia Novak,2025-08-20 09:11:00,noise
6392724977358,6396859651169,T290,16.2,Nia Novak,2025-08-19 14:30:33,noise
6392724977358,6391194839118,T290,53.0,Nia Novak,2025-08-19 13:23:24,noise
6392724977358,6396492957730,T290,22.4,Nia Novak,2025-08-18 08:30:44,noise
6392724977358,6391194839118,T704,13.5,Nia Novak,2025-08-18 19:28:39,noise
6392724977358,6396492957730,T290,27.5,Nia Novak,2025-08-18 09:23:22,noise
6392724977358,6391194839118,T704,10.8,Nia Novak,2025-08-17 17:09:59,noise
6392724977358,6391194839118,T704,10.1,Nia Novak,2025-08-17 18:05:58,noise
6392724977358,6396492957730,T704,17.1,Nia Novak,2025-08-16 10:17:07,noise
6392724977358,6391053669235,T290,34.2,Nia Novak,2025-08-15 04:04:56,noise
6392724977358,6397209902585,T704,23.7,Nia Novak,2025-08-15 18:24:28,noise
6392724977358,6391841771012,T704,5.7,Nia Novak,2025-08-15 19:25:30,noise
6392724977358,6395122083064,T290,25.6,Nia Novak,2025-08-14 14:12:13,noise
6392724977358,6396859651169,T290,103.1,Nia Novak,2025-08-14 12:02:17,noise
6392724977358,6396859651169,T290,10.1,Nia Novak,2025-08-13 19:00:14,noise
6392724977358,6396492957730,T290,17.0,Nia Novak,2025-08-13 12:27:37,noise
6392724977358,6396859651169,T290,18.3,Nia Novak,2025-08-13 12:19:07,noise
6392724977358,6396859651169,T704,19.0,Nia Novak,2025-08-12 18:28:51,noise
6392724977358,6392085020554,T290,28.0,Nia Novak,2025-08-11 21:03:13,noise
6392724977358,6394841742270,T704,6.3,Nia Novak,2025-08-11 18:12:39,noise
6392724977358,6396492957730,T704,25.6,Nia Novak,2025-08-11 21:22:22,noise
6392724977358,6396492957730,T290,18.3,Nia Novak,2025-08-10 16:01:09,noise
6392724977358,6393794997179,T290,20.6,Nia Novak,2025-08-10 19:28:16,noise
6392724977358,6391194839118,T290,14.7,Nia Novak,2025-08-09 22:24:30,noise
6392724977358,6391621634803,T704,7.1,Nia Novak,2025-08-09 08:21:41,noise
6392724977358,6396859651169,T704,8.3,Nia Novak,2025-08-09 09:05:33,noise
6392724977358,6391194839118,T290,5.7,Nia Novak,2025-08-08 20:19:28,noise
6392724977358,6396492957730,T290,14.5,Nia Novak,2025-08-07 09:23:00,noise
6392724977358,6397316055758,T290,20.7,Nia Novak,2025-08-07 12:26:23,noise
6392724977358,6391194839118,T290,16.6,Nia Novak,2025-08-07 15:08:40,noise
6392724977358,6392059565366,T290,7.4,Nia Novak,2025-08-06 13:15:12,noise
6392724977358,6396492957730,T704,7.8,Nia Novak,2025-08-05 19:05:26,noise
6392724977358,6396859651169,T704,24.5,Nia Novak,2025-08-05 20:15:38,noise
6392724977358,6396859651169,T704,8.9,Nia Novak,2025-08-05 15:02:29,noise
6392724977358,6391053669235,T290,21.1,Nia Novak,2025-08-04 21:23:05,noise
6392724977358,6396492957730,T704,28.4,Nia Novak,2025-08-04 15:10:13,noise
6394779148527,6399979024610,T883,11.9,Ana Haddad,2025-10-18 11:10:56,noise
6394779148527,6396492957730,T883,8.0,Ana Haddad,2025-10-17 11:05:53,noise
6394779148527,6398445554732,T883,22.3,Ana Haddad,2025-10-16 14:13:08,noise
6394779148527,6395913076726,T203,16.5,Ana Haddad,2025-10-16 18:30:36,noise
6394779148527,6399979024610,T883,12.5,Ana Haddad,2025-10-16 11:02:31,noise
6394779148527,6392523182756,T203,24.6,Ana Haddad,2025-10-15 12:12:47,noise
6394779148527,6399259551176,T203,51.1,Ana Haddad,2025-10-15 13:27:25,noise
6394779148527,6395975932913,T883,6.4,Ana Haddad,2025-10-14 08:11:45,noise
6394779148527,6393541804755,T203,7.9,Ana Haddad,2025-10-14 12:21:17,noise
6394779148527,6399979024610,T203,14.6,Ana Haddad,2025-10-13 13:30:22,noise
6394779148527,6391085319364,T883,23.8,Ana Haddad,2025-10-12 12:14:20,noise
6394779148527,6399979024610,T203,8.6,Ana Haddad,2025-10-12 14:04:40,noise
6394779148527,6397554224472,T203,17.9,Ana Haddad,2025-10-11 09:03:18,noise
6394779148527,6395975932913,T883,31.4,Ana Haddad,2025-10-11 18:25:49,noise
6394779148527,6395975932913,T203,12.4,Ana Haddad,2025-10-10 17:07:12,noise
6394779148527,6397906422409,T203,17.2,Ana Haddad,2025-10-09 14:24:55,noise
6394779148527,6395975932913,T883,27.7,Ana Haddad,2025-10-08 16:12:41,noise
6394779148527,6399979024610,T203,29.9,Ana Haddad,2025-10-08 19:11:39,noise
6394779148527,6399856589429,T883,8.2,Ana Haddad,2025-10-07 17:25:34,noise
6394779148527,6395975932913,T883,47.6,Ana Haddad,2025-10-06 22:03:58,noise
6394779148527,6399471209395,T203,14.2,Ana Haddad,2025-10-06 09:30:35,noise
6394779148527,6399471209395,T203,27.2,Ana Haddad,2025-10-05 18:19:36,noise
6394779148527,6395975932913,T203,44.9,Ana Haddad,2025-10-05 21:29:05,noise
6394779148527,6393507307642,T203,31.7,Ana Haddad,2025-10-04 09:10:06,noise
6394779148527,6393561104962,T203,18.7,Ana Haddad,2025-10-04 18:21:16,noise
6394779148527,6399979024610,T203,5.4,Ana Haddad,2025-10-04 18:16:10,noise
6394779148527,6395975932913,T883,20.0,Ana Haddad,2025-10-03 16:05:12,noise
6394779148527,6399979024610,T883,14.9,Ana Haddad,2025-10-03 23:10:05,noise
6394779148527,6399471209395,T203,19.6,Ana Haddad,2025-10-02 10:01:27,noise
6394779148527,6399979024610,T203,8.6,Ana Haddad,2025-10-02 09:04:46,noise
6394779148527,6399979024610,T203,41.1,Ana Haddad,2025-10-01 13:27:31,noise
6394779148527,6399979024610,T203,22.3,Ana Haddad,2025-10-01 15:11:59,noise
6394779148527,6394841742270,T203,13.6,Ana Haddad,2025-09-30 05:07:37,noise
6394779148527,6399979024610,T203,5.4,Ana Haddad,2025-09-30 15:26:59,noise
6394779148527,6396693621506,T203,5.5,Ana Haddad,2025-09-30 12:17:53,noise
6394779148527,6399979024610,T203,11.2,Ana Haddad,2025-09-29 21:29:31,noise
6394779148527,6399979024610,T203,26.7,Ana Haddad,2025-09-29 01:19:14,noise
6394779148527,6399979024610,T203,28.5,Ana Haddad,2025-09-28 15:01:42,noise
6394779148527,6395656527999,T883,12.8,Ana Haddad,2025-09-28 21:24:27,noise
6394779148527,6395975932913,T203,21.4,Ana Haddad,2025-09-28 19:19:14,noise
6394779148527,6396119144758,T883,25.4,Ana Haddad,2025-09-27 16:09:31,noise
6394779148527,6399979024610,T203,28.3,Ana Haddad,2025-09-27 20:04:58,noise
6394779148527,6396119144758,T203,18.9,Ana Haddad,2025-09-27 02:16:17,noise
6394779148527,6399979024610,T203,10.2,Ana Haddad,2025-09-26 12:10:05,noise
6394779148527,6395975932913,T883,24.6,Ana Haddad,2025-09-25 22:08:19,noise
6394779148527,6399979024610,T203,26.8,Ana Haddad,2025-09-24 10:26:22,noise
6394779148527,6395975932913,T883,9.9,Ana Haddad,2025-09-24 00:25:57,noise
6394779148527,6396607099917,T203,42.8,Ana Haddad,2025-09-23 11:16:04,noise
6394779148527,6399471209395,T883,5.0,Ana Haddad,2025-09-23 11:02:45,noise
6394779148527,6393507307642,T203,9.3,Ana Haddad,2025-09-23 22:01:28,noise
6394779148527,6392085020554,T883,16.9,Ana Haddad,2025-09-22 17:13:39,noise
6394779148527,6399471209395,T883,19.6,Ana Haddad,2025-09-22 15:05:30,noise
6394779148527,6392085020554,T203,7.6,Ana Haddad,2025-09-22 19:27:24,noise
6394779148527,6395975932913,T203,10.5,Ana Haddad,2025-09-21 16:21:42,noise
6394779148527,6396892073434,T203,6.7,Ana Haddad,2025-09-21 13:22:16,noise
6394779148527,6399979024610,T883,9.8,Ana Haddad,2025-09-20 22:04:56,noise
6394779148527,6399979024610,T883,112.4,Ana Haddad,2025-09-20 18:08:06,noise
6394779148527,6394555912795,T883,16.4,Ana Haddad,2025-09-20 21:02:05,noise
6394779148527,6395975932913,T883,25.7,Ana Haddad,2025-09-19 16:11:46,noise
6394779148527,6396967557245,T203,19.1,Ana Haddad,2025-09-19 13:06:25,noise
6394779148527,6395975932913,T883,49.0,Ana Haddad,2025-09-19 21:26:00,noise
6394779148527,6395975932913,T883,9.7,Ana Haddad,2025-09-18 04:09:35,noise
6394779148527,6391937903040,T883,7.2,Ana Haddad,2025-09-17 18:28:08,noise
6394779148527,6396492957730,T883,22.4,Ana Haddad,2025-09-17 13:01:30,noise
6394779148527,6399979024610,T883,22.7,Ana Haddad,2025-09-17 09:04:46,noise
6394779148527,6393135045026,T203,40.2,Ana Haddad,2025-09-16 13:20:10,noise
6394779148527,6399471209395,T203,8.5,Ana Haddad,2025-09-16 18:30:55,noise
6394779148527,6399979024610,T203,21.6,Ana Haddad,2025-09-16 15:22:10,noise
6394779148527,6399979024610,T883,74.9,Ana Haddad,2025-09-15 08:18:22,noise
6394779148527,6399471209395,T203,9.7,Ana Haddad,2025-09-15 17:04:39,noise
6394779148527,6395975932913,T203,17.0,Ana Haddad,2025-09-14 17:13:44,noise
6394779148527,6392295700924,T203,30.8,Ana Haddad,2025-09-14 22:22:19,noise
6394779148527,6395975932913,T883,13.0,Ana Haddad,2025-09-13 10:04:47,noise
6394779148527,6392052186148,T203,21.4,Ana Haddad,2025-09-13 17:29:49,noise
6394779148527,6394841742270,T883,16.0,Ana Haddad,2025-09-12 20:01:43,noise
6394779148527,6391841771012,T203,8.8,Ana Haddad,2025-09-12 15:28:29,noise
6394779148527,6395913076726,T203,23.9,Ana Haddad,2025-09-11 16:27:37,noise
6394779148527,6395975932913,T203,28.6,Ana Haddad,2025-09-11 13:29:23,noise
6394779148527,6399471209395,T883,12.1,Ana Haddad,2025-09-11 19:21:51,noise
6394779148527,6395913076726,T203,18.5,Ana Haddad,2025-09-10 16:30:10,noise
6394779148527,6397664580862,T203,6.2,Ana Haddad,2025-09-10 16:02:01,noise
6394779148527,6392795791102,T203,7.9,Ana Haddad,2025-09-10 13:26:03,noise
6394779148527,6399979024610,T203,14.9,Ana Haddad,2025-09-09 18:01:46,noise
6394779148527,6395975932913,T203,12.3,Ana Haddad,2025-09-09 16:13:41,noise
6394779148527,6395975932913,T883,2.8,Ana Haddad,2025-09-09 21:13:47,noise
6394779148527,6396892073434,T883,14.9,Ana Haddad,2025-09-08 14:21:01,noise
6394779148527,6399471209395,T203,35.4,Ana Haddad,2025-09-08 20:23:12,noise
6394779148527,6399979024610,T883,12.8,Ana Haddad,2025-09-07 21:10:33,noise
6394779148527,6399979024610,T203,10.1,Ana Haddad,2025-09-06 13:25:33,noise
6394779148527,6395975932913,T203,8.6,Ana Haddad,2025-09-06 18:10:39,noise
6394779148527,6392463613153,T203,12.0,Ana Haddad,2025-09-06 17:20:04,noise
6394779148527,6391937582998,T883,47.8,Ana Haddad,2025-09-05 12:09:46,noise
6394779148527,6395455137652,T203,5.8,Ana Haddad,2025-09-05 15:08:24,noise
6394779148527,6399979024610,T203,11.8,Ana Haddad,2025-09-04 16:25:03,noise
6394779148527,6399979024610,T883,10.8,Ana Haddad,2025-09-04 15:13:11,noise
6394779148527,6397652242448,T883,5.4,Ana Haddad,2025-09-04 10:17:32,noise
6394779148527,6399471209395,T203,19.1,Ana Haddad,2025-09-03 22:27:51,noise
6394779148527,6399979024610,T883,10.0,Ana Haddad,2025-09-03 09:16:40,noise
6394779148527,6395975932913,T883,15.8,Ana Haddad,2025-09-02 04:21:08,noise
6394779148527,6399979024610,T203,21.6,Ana Haddad,2025-09-02 18:29:25,noise
6394779148527,6398761443795,T883,12.1,Ana Haddad,2025-09-01 22:26:49,noise
6394779148527,6399471209395,T883,17.1,Ana Haddad,2025-09-01 21:00:16,noise
6394779148527,6395975932913,T203,11.8,Ana Haddad,2025-09-01 21:23:09,noise
6394779148527,6399617100710,T883,41.2,Ana Haddad,2025-08-31 19:23:23,noise
6394779148527,6395363927709,T883,44.1,Ana Haddad,2025-08-31 21:27:30,noise
6394779148527,6399471209395,T883,31.2,Ana Haddad,2025-08-31 08:01:58,noise
6394779148527,6395778639223,T883,25.4,Ana Haddad,2025-08-30 18:12:47,noise
6394779148527,6399979024610,T883,17.3,Ana Haddad,2025-08-30 05:15:51,noise
6394779148527,6399979024610,T203,11.0,Ana Haddad,2025-08-29 13:21:14,noise
6394779148527,6391575752536,T203,6.6,Ana Haddad,2025-08-28 16:21:02,noise
6394779148527,6392052186148,T203,10.6,Ana Haddad,2025-08-28 00:20:07,noise
6394779148527,6391053669235,T203,19.8,Ana Haddad,2025-08-28 20:26:29,noise
6394779148527,6399471209395,T203,10.1,Ana Haddad,2025-08-27 15:18:42,noise
6394779148527,6393541804755,T883,111.6,Ana Haddad,2025-08-27 20:15:07,noise
6394779148527,6399471209395,T203,43.0,Ana Haddad,2025-08-27 08:26:26,noise
6394779148527,6394555912795,T883,14.5,Ana Haddad,2025-08-26 17:25:20,noise
6394779148527,6399471209395,T203,21.3,Ana Haddad,2025-08-25 20:09:54,noise
6394779148527,6399471209395,T203,76.6,Ana Haddad,2025-08-24 18:15:55,noise
6394779148527,6396423658378,T883,30.2,Ana Haddad,2025-08-24 20:27:42,noise
6394779148527,6397636641248,T883,9.5,Ana Haddad,2025-08-23 20:08:57,noise
6394779148527,6395975932913,T203,18.8,Ana Haddad,2025-08-23 17:00:09,noise
6394779148527,6399471209395,T883,9.2,Ana Haddad,2025-08-22 10:18:15,noise
6394779148527,6399924544312,T203,7.9,Ana Haddad,2025-08-22 12:04:02,noise
6394779148527,6399979024610,T883,5.7,Ana Haddad,2025-08-21 15:02:37,noise
6394779148527,6399521620276,T203,2.9,Ana Haddad,2025-08-21 20:08:04,noise
6394779148527,6395975932913,T883,17.9,Ana Haddad,2025-08-21 20:28:39,noise
6394779148527,6399471209395,T203,38.2,Ana Haddad,2025-08-20 20:02:21,noise
6394779148527,6399979024610,T203,33.5,Ana Haddad,2025-08-20 14:21:04,noise
6394779148527,6393493304331,T203,7.2,Ana Haddad,2025-08-20 16:07:54,noise
6394779148527,6399471209395,T203,5.5,Ana Haddad,2025-08-19 11:14:03,noise
6394779148527,6396607099917,T203,30.4,Ana Haddad,2025-08-18 09:08:51,noise
6394779148527,6399979024610,T203,19.4,Ana Haddad,2025-08-18 12:23:47,noise
6394779148527,6399979024610,T883,11.9,Ana Haddad,2025-08-18 11:22:26,noise
6394779148527,6395975932913,T203,8.5,Ana Haddad,2025-08-17 16:20:43,noise
6394779148527,6399471209395,T883,10.7,Ana Haddad,2025-08-17 19:08:21,noise
6394779148527,6391621634803,T203,26.6,Ana Haddad,2025-08-16 13:08:05,noise
6394779148527,6395122083064,T203,26.6,Ana Haddad,2025-08-16 16:08:11,noise
6394779148527,6399979024610,T203,23.8,Ana Haddad,2025-08-15 10:10:55,noise
6394779148527,6399979024610,T203,14.2,Ana Haddad,2025-08-15 08:12:56,noise
6394779148527,6399471209395,T203,5.7,Ana Haddad,2025-08-14 20:30:48,noise
6394779148527,6399259551176,T883,25.0,Ana Haddad,2025-08-13 08:00:56,noise
6394779148527,6399979024610,T883,40.2,Ana Haddad,2025-08-12 20:07:55,noise
6394779148527,6395975932913,T883,14.6,Ana Haddad,2025-08-12 23:20:49,noise
6394779148527,6399471209395,T203,9.8,Ana Haddad,2025-08-12 19:24:21,noise
6394779148527,6393541804755,T883,35.7,Ana Haddad,2025-08-11 14:07:29,noise
6394779148527,6398761443795,T203,14.4,Ana Haddad,2025-08-11 18:30:20,noise
6394779148527,6392085020554,T203,44.8,Ana Haddad,2025-08-10 04:02:05,noise
6394779148527,6399979024610,T203,11.4,Ana Haddad,2025-08-10 10:22:25,noise
6394779148527,6399471209395,T203,26.1,Ana Haddad,2025-08-09 13:04:15,noise
6394779148527,6395975932913,T883,22.6,Ana Haddad,2025-08-09 18:07:29,noise
6394779148527,6395975932913,T203,27.0,Ana Haddad,2025-08-08 18:05:01,noise
6394779148527,6399979024610,T203,10.0,Ana Haddad,2025-08-08 12:16:09,noise
6394779148527,6399979024610,T203,11.2,Ana Haddad,2025-08-08 17:11:07,noise
6394779148527,6395975932913,T883,17.5,Ana Haddad,2025-08-07 17:19:12,noise
6394779148527,6395975932913,T203,18.0,Ana Haddad,2025-08-07 10:09:58,noise
6394779148527,6399471209395,T883,9.5,Ana Haddad,2025-08-07 15:04:23,noise
6394779148527,6399471209395,T883,84.9,Ana Haddad,2025-08-06 00:24:27,noise
6394779148527,6399471209395,T883,4.4,Ana Haddad,2025-08-05 10:26:03,noise
6394779148527,6397664580862,T203,27.1,Ana Haddad,2025-08-05 19:02:46,noise
6394779148527,6395975932913,T203,18.7,Ana Haddad,2025-08-04 10:02:30,noise
6394779148527,6399471209395,T203,23.2,Ana Haddad,2025-08-04 20:08:20,noise
6393045592855,6397844655371,T455,5.6,Zane Diaz,2025-10-18 12:08:30,noise
6393045592855,6397588030313,T455,66.2,Zane Diaz,2025-10-18 20:12:50,noise
6393045592855,6391681212932,T455,20.2,Zane Diaz,2025-10-18 03:11:23,noise
6393045592855,6397844655371,T455,48.4,Zane Diaz,2025-10-17 20:06:22,noise
6393045592855,6394048553499,T644,61.3,Zane Diaz,2025-10-16 17:29:46,noise
6393045592855,6397844655371,T455,40.0,Zane Diaz,2025-10-16 16:24:49,noise
6393045592855,6392523182756,T644,5.1,Zane Diaz,2025-10-16 17:03:10,noise
6393045592855,6397844655371,T455,38.3,Zane Diaz,2025-10-15 15:21:29,noise
6393045592855,6396095128059,T455,19.6,Zane Diaz,2025-10-15 12:06:53,noise
6393045592855,6391657761801,T455,7.6,Zane Diaz,2025-10-15 15:17:21,noise
6393045592855,6393507307642,T644,24.1,Zane Diaz,2025-10-14 08:09:25,noise
6393045592855,6393507307642,T644,65.0,Zane Diaz,2025-10-14 19:15:59,noise
6393045592855,6393507307642,T455,40.2,Zane Diaz,2025-10-13 21:11:59,noise
6393045592855,6396892073434,T455,21.0,Zane Diaz,2025-10-12 08:05:08,noise
6393045592855,6397844655371,T455,9.1,Zane Diaz,2025-10-11 16:16:22,noise
6393045592855,6396892073434,T644,25.5,Zane Diaz,2025-10-10 19:18:41,noise
6393045592855,6396892073434,T455,3.3,Zane Diaz,2025-10-10 20:25:27,noise
6393045592855,6397197783416,T644,8.5,Zane Diaz,2025-10-09 17:25:20,noise
6393045592855,6399856589429,T644,20.1,Zane Diaz,2025-10-09 16:26:17,noise
6393045592855,6393794997179,T455,8.1,Zane Diaz,2025-10-08 16:01:06,noise
6393045592855,6397844655371,T455,5.9,Zane Diaz,2025-10-07 16:30:23,noise
6393045592855,6393507307642,T644,19.4,Zane Diaz,2025-10-07 15:23:10,noise
6393045592855,6397844655371,T644,14.2,Zane Diaz,2025-10-06 09:08:49,noise
6393045592855,6396892073434,T644,12.8,Zane Diaz,2025-10-06 13:10:38,noise
6393045592855,6391621634803,T455,16.3,Zane Diaz,2025-10-05 15:07:46,noise
6393045592855,6397844655371,T455,12.0,Zane Diaz,2025-10-05 12:07:48,noise
6393045592855,6395082508928,T455,21.6,Zane Diaz,2025-10-04 15:11:03,noise
6393045592855,6392885325965,T455,13.9,Zane Diaz,2025-10-03 15:29:02,noise
6393045592855,6393507307642,T644,8.1,Zane Diaz,2025-10-03 15:16:12,noise
6393045592855,6397197783416,T644,17.2,Zane Diaz,2025-10-03 13:27:05,noise
6393045592855,6399856589429,T644,6.6,Zane Diaz,2025-10-02 12:12:26,noise
6393045592855,6398445554732,T455,26.2,Zane Diaz,2025-10-02 05:13:42,noise
6393045592855,6396892073434,T455,6.0,Zane Diaz,2025-10-01 09:24:04,noise
6393045592855,6397844655371,T644,17.2,Zane Diaz,2025-10-01 20:11:15,noise
6393045592855,6396892073434,T455,25.0,Zane Diaz,2025-09-30 20:07:54,noise
6393045592855,6396892073434,T455,6.2,Zane Diaz,2025-09-30 11:21:48,noise
6393045592855,6397844655371,T455,18.7,Zane Diaz,2025-09-29 14:19:29,noise
6393045592855,6398445554732,T644,13.0,Zane Diaz,2025-09-29 15:30:37,noise
6393045592855,6396892073434,T644,25.7,Zane Diaz,2025-09-28 20:18:06,noise
6393045592855,6397844655371,T644,7.4,Zane Diaz,2025-09-28 23:15:35,noise
6393045592855,6393507307642,T455,59.9,Zane Diaz,2025-09-28 13:17:25,noise
6393045592855,6392724977358,T455,6.1,Zane Diaz,2025-09-27 21:21:48,noise
6393045592855,6393507307642,T455,25.2,Zane Diaz,2025-09-27 03:17:55,noise
6393045592855,6396892073434,T455,14.7,Zane Diaz,2025-09-26 20:21:18,noise
6393045592855,6396892073434,T455,7.3,Zane Diaz,2025-09-26 11:18:20,noise
6393045592855,6396033004999,T644,12.9,Zane Diaz,2025-09-26 12:18:08,noise
6393045592855,6396892073434,T644,17.6,Zane Diaz,2025-09-25 05:00:53,noise
6393045592855,6397844655371,T455,17.1,Zane Diaz,2025-09-25 21:19:33,noise
6393045592855,6397844655371,T455,21.1,Zane Diaz,2025-09-25 12:14:37,noise
6393045592855,6393507307642,T455,81.1,Zane Diaz,2025-09-24 17:29:32,noise
6393045592855,6396892073434,T455,49.0,Zane Diaz,2025-09-24 14:14:09,noise
6393045592855,6393507307642,T455,17.9,Zane Diaz,2025-09-23 09:07:56,noise
6393045592855,6399521620276,T644,14.6,Zane Diaz,2025-09-23 13:02:34,noise
6393045592855,6397844655371,T644,15.4,Zane Diaz,2025-09-23 10:21:52,noise
6393045592855,6393507307642,T455,19.3,Zane Diaz,2025-09-22 10:16:01,noise
6393045592855,6397844655371,T644,16.2,Zane Diaz,2025-09-21 09:19:21,noise
6393045592855,6397844655371,T455,13.0,Zane Diaz,2025-09-21 10:21:16,noise
6393045592855,6397844655371,T455,7.5,Zane Diaz,2025-09-20 18:08:32,noise
6393045592855,6397844655371,T455,40.9,Zane Diaz,2025-09-20 18:16:34,noise
6393045592855,6397844655371,T455,18.0,Zane Diaz,2025-09-20 20:22:22,noise
6393045592855,6391085319364,T455,5.6,Zane Diaz,2025-09-19 08:01:16,noise
6393045592855,6397844655371,T455,39.2,Zane Diaz,2025-09-19 11:19:41,noise
6393045592855,6397844655371,T644,84.6,Zane Diaz,2025-09-19 20:27:24,noise
6393045592855,6393507307642,T644,29.4,Zane Diaz,2025-09-18 17:29:07,noise
6393045592855,6393507307642,T455,15.2,Zane Diaz,2025-09-17 13:05:35,noise
6393045592855,6397844655371,T455,31.1,Zane Diaz,2025-09-17 17:15:11,noise
6393045592855,6396892073434,T644,12.6,Zane Diaz,2025-09-16 09:16:18,noise
6393045592855,6396927514387,T455,58.3,Zane Diaz,2025-09-16 21:13:43,noise
6393045592855,6397844655371,T644,50.0,Zane Diaz,2025-09-16 20:08:26,noise
6393045592855,6396892073434,T644,5.1,Zane Diaz,2025-09-15 12:06:09,noise
6393045592855,6393507307642,T455,8.6,Zane Diaz,2025-09-15 16:12:01,noise
6393045592855,6391841771012,T455,19.8,Zane Diaz,2025-09-14 17:15:53,noise
6393045592855,6393507307642,T644,6.3,Zane Diaz,2025-09-14 10:21:22,noise
6393045592855,6397844655371,T644,6.2,Zane Diaz,2025-09-14 15:14:31,noise
6393045592855,6397844655371,T644,26.0,Zane Diaz,2025-09-13 08:20:14,noise
6393045592855,6393507307642,T455,13.4,Zane Diaz,2025-09-12 20:25:05,noise
6393045592855,6393507307642,T644,30.8,Zane Diaz,2025-09-12 13:10:10,noise
6393045592855,6396468854276,T644,18.8,Zane Diaz,2025-09-11 11:18:40,noise
6393045592855,6397844655371,T455,139.1,Zane Diaz,2025-09-11 10:00:19,noise
6393045592855,6396892073434,T455,58.3,Zane Diaz,2025-09-10 15:27:04,noise
6393045592855,6396892073434,T455,11.8,Zane Diaz,2025-09-10 13:30:05,noise
6393045592855,6397844655371,T455,24.6,Zane Diaz,2025-09-09 08:20:40,noise
6393045592855,6393507307642,T644,4.7,Zane Diaz,2025-09-09 19:18:28,noise
6393045592855,6391194839118,T644,25.8,Zane Diaz,2025-09-08 08:13:07,noise
6393045592855,6397844655371,T455,19.4,Zane Diaz,2025-09-08 17:23:23,noise
6393045592855,6397844655371,T644,18.5,Zane Diaz,2025-09-07 16:17:19,noise
6393045592855,6397209902585,T455,75.3,Zane Diaz,2025-09-07 21:29:41,noise
6393045592855,6397652242448,T455,18.9,Zane Diaz,2025-09-07 22:09:33,noise
6393045592855,6395455137652,T644,8.8,Zane Diaz,2025-09-06 21:02:48,noise
6393045592855,6396892073434,T455,15.2,Zane Diaz,2025-09-05 11:10:24,noise
6393045592855,6393507307642,T455,24.7,Zane Diaz,2025-09-05 22:07:15,noise
6393045592855,6392779062252,T644,10.6,Zane Diaz,2025-09-05 18:15:40,noise
6393045592855,6398445554732,T455,41.2,Zane Diaz,2025-09-04 13:18:32,noise
6393045592855,6396892073434,T644,9.7,Zane Diaz,2025-09-03 10:07:38,noise
6393045592855,6391575752536,T455,18.8,Zane Diaz,2025-09-03 11:11:45,noise
6393045592855,6397844655371,T455,9.6,Zane Diaz,2025-09-02 13:26:07,noise
6393045592855,6396859651169,T644,12.3,Zane Diaz,2025-09-02 23:24:11,noise
6393045592855,6397364632100,T644,22.7,Zane Diaz,2025-09-01 19:09:14,noise
6393045592855,6393951377482,T455,25.6,Zane Diaz,2025-09-01 10:09:53,noise
6393045592855,6393507307642,T644,4.9,Zane Diaz,2025-08-31 19:26:35,noise
6393045592855,6392724977358,T644,7.1,Zane Diaz,2025-08-30 12:21:34,noise
6393045592855,6393507307642,T455,76.4,Zane Diaz,2025-08-30 08:27:04,noise
6393045592855,6392463613153,T644,20.7,Zane Diaz,2025-08-29 15:24:02,noise
6393045592855,6396095128059,T455,4.1,Zane Diaz,2025-08-29 20:01:42,noise
6393045592855,6396892073434,T455,10.8,Zane Diaz,2025-08-28 16:09:22,noise
6393045592855,6396892073434,T455,14.8,Zane Diaz,2025-08-28 10:04:59,noise
6393045592855,6393507307642,T455,20.4,Zane Diaz,2025-08-27 18:22:50,noise
6393045592855,6393507307642,T455,6.3,Zane Diaz,2025-08-27 23:05:35,noise
6393045592855,6391937903040,T455,17.8,Zane Diaz,2025-08-27 15:13:20,noise
6393045592855,6398491189169,T455,26.7,Zane Diaz,2025-08-26 18:00:09,noise
6393045592855,6397844655371,T644,20.2,Zane Diaz,2025-08-26 08:19:43,noise
6393045592855,6398906791192,T644,23.0,Zane Diaz,2025-08-26 18:24:00,noise
6393045592855,6397844655371,T644,21.3,Zane Diaz,2025-08-25 08:21:16,noise
6393045592855,6396607099917,T455,16.7,Zane Diaz,2025-08-25 04:18:11,noise
6393045592855,6397844655371,T644,60.8,Zane Diaz,2025-08-25 10:18:37,noise
6393045592855,6395122083064,T455,12.4,Zane Diaz,2025-08-24 10:28:23,noise
6393045592855,6393507307642,T455,17.0,Zane Diaz,2025-08-23 08:03:17,noise
6393045592855,6396892073434,T644,18.6,Zane Diaz,2025-08-23 15:04:36,noise
6393045592855,6397844655371,T455,9.6,Zane Diaz,2025-08-23 10:10:54,noise
6393045592855,6396892073434,T455,46.5,Zane Diaz,2025-08-22 09:07:10,noise
6393045592855,6396892073434,T644,44.1,Zane Diaz,2025-08-22 14:06:26,noise
6393045592855,6396892073434,T644,24.2,Zane Diaz,2025-08-22 19:28:26,noise
6393045592855,6397844655371,T644,44.3,Zane Diaz,2025-08-21 04:16:04,noise
6393045592855,6396892073434,T455,21.5,Zane Diaz,2025-08-21 10:18:55,noise
6393045592855,6396892073434,T455,10.5,Zane Diaz,2025-08-20 05:13:25,noise
6393045592855,6396892073434,T455,14.7,Zane Diaz,2025-08-20 20:22:46,noise
6393045592855,6393507307642,T644,33.8,Zane Diaz,2025-08-20 14:17:43,noise
6393045592855,6393507307642,T455,14.8,Zane Diaz,2025-08-19 13:21:17,noise
6393045592855,6396892073434,T644,41.1,Zane Diaz,2025-08-19 13:30:23,noise
6393045592855,6397844655371,T644,72.9,Zane Diaz,2025-08-18 19:17:30,noise
6393045592855,6393507307642,T644,8.2,Zane Diaz,2025-08-18 20:20:16,noise
6393045592855,6396743661793,T455,48.4,Zane Diaz,2025-08-17 13:25:28,noise
6393045592855,6397844655371,T644,43.1,Zane Diaz,2025-08-17 13:25:23,noise
6393045592855,6397316055758,T455,9.8,Zane Diaz,2025-08-16 13:01:49,noise
6393045592855,6397844655371,T455,37.1,Zane Diaz,2025-08-16 20:15:17,noise
6393045592855,6391611816266,T455,8.9,Zane Diaz,2025-08-15 22:16:20,noise
6393045592855,6395978599202,T644,16.0,Zane Diaz,2025-08-15 19:10:11,noise
6393045592855,6395975932913,T455,58.9,Zane Diaz,2025-08-14 22:26:25,noise
6393045592855,6395122083064,T455,17.6,Zane Diaz,2025-08-13 08:25:12,noise
6393045592855,6397844655371,T644,24.9,Zane Diaz,2025-08-12 13:24:50,noise
6393045592855,6393541804755,T644,14.3,Zane Diaz,2025-08-12 01:05:39,noise
6393045592855,6396892073434,T455,9.9,Zane Diaz,2025-08-11 18:23:20,noise
6393045592855,6393507307642,T644,10.2,Zane Diaz,2025-08-11 12:07:45,noise
6393045592855,6392835511896,T455,28.3,Zane Diaz,2025-08-11 09:01:49,noise
6393045592855,6396892073434,T455,18.3,Zane Diaz,2025-08-10 12:26:33,noise
6393045592855,6393507307642,T644,18.9,Zane Diaz,2025-08-10 12:14:28,noise
6393045592855,6398036705746,T644,11.9,Zane Diaz,2025-08-09 13:10:19,noise
6393045592855,6391757381529,T455,17.9,Zane Diaz,2025-08-09 10:11:24,noise
6393045592855,6397664580862,T455,17.5,Zane Diaz,2025-08-08 14:18:30,noise
6393045592855,6397844655371,T644,7.6,Zane Diaz,2025-08-08 20:18:59,noise
6393045592855,6397197783416,T455,21.6,Zane Diaz,2025-08-07 14:11:16,noise
6393045592855,6396631526248,T455,13.5,Zane Diaz,2025-08-06 11:11:24,noise
6393045592855,6396095128059,T455,39.6,Zane Diaz,2025-08-06 19:02:21,noise
6393045592855,6397209902585,T455,43.5,Zane Diaz,2025-08-05 19:23:20,noise
6393045592855,6393507307642,T644,7.2,Zane Diaz,2025-08-05 09:13:00,noise
6393045592855,6399856589429,T455,27.2,Zane Diaz,2025-08-05 23:03:22,noise
6393045592855,6393507307642,T644,26.0,Zane Diaz,2025-08-04 10:16:27,noise
6393045592855,6397844655371,T644,9.3,Zane Diaz,2025-08-04 09:09:18,noise
6393045592855,6395656527999,T455,13.9,Zane Diaz,2025-08-04 10:19:17,noise
6396892073434,6399496417009,T849,7.2,Jin Anderson,2025-10-18 14:09:55,noise
6396892073434,6397274004764,T849,11.0,Jin Anderson,2025-10-18 01:25:38,noise
6396892073434,6399496417009,T849,5.9,Jin Anderson,2025-10-17 11:19:25,noise
6396892073434,6392779062252,T849,22.5,Jin Anderson,2025-10-17 11:17:57,noise
6396892073434,6392779062252,T849,12.7,Jin Anderson,2025-10-17 09:15:43,noise
6396892073434,6392779062252,T291,8.2,Jin Anderson,2025-10-16 05:17:27,noise
6396892073434,6397274004764,T291,31.7,Jin Anderson,2025-10-16 10:23:16,noise
6396892073434,6399496417009,T849,21.5,Jin Anderson,2025-10-16 15:00:49,noise
6396892073434,6397274004764,T849,7.3,Jin Anderson,2025-10-15 09:05:51,noise
6396892073434,6399496417009,T849,27.2,Jin Anderson,2025-10-14 08:02:27,noise
6396892073434,6399496417009,T291,20.9,Jin Anderson,2025-10-14 11:02:27,noise
6396892073434,6399496417009,T849,10.1,Jin Anderson,2025-10-13 04:20:03,noise
6396892073434,6399496417009,T849,14.6,Jin Anderson,2025-10-13 16:02:52,noise
6396892073434,6392779062252,T849,14.9,Jin Anderson,2025-10-12 20:10:30,noise
6396892073434,6392779062252,T849,8.5,Jin Anderson,2025-10-11 16:12:21,noise
6396892073434,6399496417009,T849,14.0,Jin Anderson,2025-10-11 13:27:38,noise
6396892073434,6397274004764,T291,18.2,Jin Anderson,2025-10-11 10:22:55,noise
6396892073434,6397274004764,T291,19.1,Jin Anderson,2025-10-10 04:06:49,noise
6396892073434,6397274004764,T849,22.1,Jin Anderson,2025-10-09 20:14:12,noise
6396892073434,6397274004764,T849,34.3,Jin Anderson,2025-10-09 13:22:43,noise
6396892073434,6397274004764,T849,13.1,Jin Anderson,2025-10-08 13:15:59,noise
6396892073434,6397274004764,T849,36.0,Jin Anderson,2025-10-08 03:28:53,noise
6396892073434,6392779062252,T849,30.3,Jin Anderson,2025-10-08 09:21:17,noise
6396892073434,6393561104962,T849,16.0,Jin Anderson,2025-10-07 17:09:02,noise
6396892073434,6392779062252,T849,24.2,Jin Anderson,2025-10-06 20:06:41,noise
6396892073434,6397274004764,T291,21.5,Jin Anderson,2025-10-05 13:18:01,noise
6396892073434,6392779062252,T291,6.0,Jin Anderson,2025-10-05 14:02:28,noise
6396892073434,6399496417009,T291,29.9,Jin Anderson,2025-10-04 11:04:50,noise
6396892073434,6391937903040,T849,27.8,Jin Anderson,2025-10-04 08:11:23,noise
6396892073434,6397274004764,T291,7.6,Jin Anderson,2025-10-04 00:26:27,noise
6396892073434,6397274004764,T849,36.3,Jin Anderson,2025-10-03 12:00:35,noise
6396892073434,6399496417009,T849,29.7,Jin Anderson,2025-10-03 19:18:41,noise
6396892073434,6397274004764,T291,6.1,Jin Anderson,2025-10-03 17:00:56,noise
6396892073434,6399496417009,T849,6.6,Jin Anderson,2025-10-02 05:06:27,noise
6396892073434,6392779062252,T849,9.5,Jin Anderson,2025-10-02 19:03:06,noise
6396892073434,6399496417009,T291,8.9,Jin Anderson,2025-10-01 19:21:22,noise
6396892073434,6391053669235,T849,2.6,Jin Anderson,2025-10-01 09:19:51,noise
6396892073434,6397197783416,T849,13.1,Jin Anderson,2025-09-30 11:11:52,noise
6396892073434,6398732852032,T849,8.9,Jin Anderson,2025-09-30 20:14:52,noise
6396892073434,6399979024610,T849,13.3,Jin Anderson,2025-09-30 09:23:51,noise
6396892073434,6393859907578,T849,9.4,Jin Anderson,2025-09-29 21:29:12,noise
6396892073434,6392779062252,T849,13.1,Jin Anderson,2025-09-29 20:15:54,noise
6396892073434,6396423658378,T849,5.4,Jin Anderson,2025-09-29 02:08:58,noise
6396892073434,6391194839118,T849,10.5,Jin Anderson,2025-09-28 22:18:06,noise
6396892073434,6392779062252,T291,12.2,Jin Anderson,2025-09-28 09:18:29,noise
6396892073434,6399496417009,T291,48.3,Jin Anderson,2025-09-27 19:00:29,noise
6396892073434,6392779062252,T849,18.4,Jin Anderson,2025-09-27 13:04:33,noise
6396892073434,6395726944755,T849,39.7,Jin Anderson,2025-09-26 12:00:09,noise
6396892073434,6399496417009,T849,31.7,Jin Anderson,2025-09-25 10:14:48,noise
6396892073434,6392059565366,T291,32.0,Jin Anderson,2025-09-25 22:16:49,noise
6396892073434,6396978132661,T291,6.3,Jin Anderson,2025-09-24 00:05:31,noise
6396892073434,6396181402712,T849,13.6,Jin Anderson,2025-09-24 10:13:53,noise
6396892073434,6394779148527,T849,49.5,Jin Anderson,2025-09-23 15:01:54,noise
6396892073434,6399496417009,T849,29.0,Jin Anderson,2025-09-23 15:08:45,noise
6396892073434,6396693621506,T849,8.5,Jin Anderson,2025-09-22 09:21:54,noise
6396892073434,6392779062252,T291,16.4,Jin Anderson,2025-09-22 19:01:11,noise
6396892073434,6392779062252,T291,16.7,Jin Anderson,2025-09-21 14:13:56,noise
6396892073434,6392779062252,T849,42.0,Jin Anderson,2025-09-20 20:15:24,noise
6396892073434,6397274004764,T291,35.7,Jin Anderson,2025-09-20 16:09:56,noise
6396892073434,6397274004764,T291,61.6,Jin Anderson,2025-09-19 21:30:38,noise
6396892073434,6392779062252,T291,36.9,Jin Anderson,2025-09-18 08:11:26,noise
6396892073434,6392779062252,T849,7.8,Jin Anderson,2025-09-18 09:00:51,noise
6396892073434,6392779062252,T849,25.3,Jin Anderson,2025-09-17 16:20:18,noise
6396892073434,6392779062252,T849,55.4,Jin Anderson,2025-09-17 08:09:22,noise
6396892073434,6397664580862,T291,26.2,Jin Anderson,2025-09-16 11:25:55,noise
6396892073434,6397274004764,T849,6.5,Jin Anderson,2025-09-16 16:24:07,noise
6396892073434,6397274004764,T849,4.6,Jin Anderson,2025-09-15 10:22:20,noise
6396892073434,6399496417009,T291,9.6,Jin Anderson,2025-09-15 14:25:22,noise
6396892073434,6399496417009,T849,12.3,Jin Anderson,2025-09-14 19:16:19,noise
6396892073434,6395975932913,T849,41.7,Jin Anderson,2025-09-14 19:27:57,noise
6396892073434,6399259551176,T849,31.4,Jin Anderson,2025-09-14 01:20:10,noise
6396892073434,6399496417009,T291,6.7,Jin Anderson,2025-09-13 12:13:26,noise
6396892073434,6395455137652,T849,18.0,Jin Anderson,2025-09-13 21:01:11,noise
6396892073434,6392779062252,T291,16.2,Jin Anderson,2025-09-13 13:07:34,noise
6396892073434,6392779062252,T849,84.2,Jin Anderson,2025-09-12 19:01:52,noise
6396892073434,6397274004764,T291,105.9,Jin Anderson,2025-09-12 03:06:00,noise
6396892073434,6397664580862,T849,7.0,Jin Anderson,2025-09-11 15:19:28,noise
6396892073434,6396441529079,T849,11.2,Jin Anderson,2025-09-10 10:24:22,noise
6396892073434,6397274004764,T291,4.2,Jin Anderson,2025-09-10 19:02:09,noise
6396892073434,6392779062252,T291,7.5,Jin Anderson,2025-09-10 10:03:07,noise
6396892073434,6392779062252,T849,4.3,Jin Anderson,2025-09-09 12:14:16,noise
6396892073434,6399471209395,T291,42.8,Jin Anderson,2025-09-08 17:20:57,noise
6396892073434,6392724977358,T849,8.9,Jin Anderson,2025-09-07 08:18:38,noise
6396892073434,6392779062252,T849,7.1,Jin Anderson,2025-09-07 18:02:18,noise
6396892073434,6399496417009,T849,80.7,Jin Anderson,2025-09-07 12:11:12,noise
6396892073434,6399496417009,T849,12.2,Jin Anderson,2025-09-06 09:22:51,noise
6396892073434,6397274004764,T291,11.6,Jin Anderson,2025-09-06 16:06:18,noise
6396892073434,6392779062252,T849,9.0,Jin Anderson,2025-09-05 23:03:22,noise
6396892073434,6396631526248,T291,7.5,Jin Anderson,2025-09-05 08:15:53,noise
6396892073434,6399496417009,T291,15.1,Jin Anderson,2025-09-05 18:01:38,noise
6396892073434,6399259551176,T291,68.0,Jin Anderson,2025-09-04 00:05:26,noise
6396892073434,6399496417009,T849,5.8,Jin Anderson,2025-09-04 16:12:46,noise
6396892073434,6392779062252,T291,5.4,Jin Anderson,2025-09-04 01:20:26,noise
6396892073434,6391575752536,T291,66.2,Jin Anderson,2025-09-03 01:12:34,noise
6396892073434,6399496417009,T849,30.6,Jin Anderson,2025-09-02 10:00:57,noise
6396892073434,6397274004764,T849,55.5,Jin Anderson,2025-09-02 02:01:23,noise
6396892073434,6392779062252,T291,6.5,Jin Anderson,2025-09-02 19:13:38,noise
6396892073434,6395082508928,T849,24.7,Jin Anderson,2025-09-01 13:14:17,noise
6396892073434,6397274004764,T849,9.5,Jin Anderson,2025-08-31 15:30:43,noise
6396892073434,6392779062252,T849,17.6,Jin Anderson,2025-08-31 11:10:39,noise
6396892073434,6397274004764,T849,5.4,Jin Anderson,2025-08-30 18:29:20,noise
6396892073434,6397274004764,T291,16.3,Jin Anderson,2025-08-30 09:24:41,noise
6396892073434,6397844655371,T291,4.5,Jin Anderson,2025-08-29 20:19:39,noise
6396892073434,6397274004764,T849,13.3,Jin Anderson,2025-08-29 12:02:40,noise
6396892073434,6396681820773,T291,13.6,Jin Anderson,2025-08-28 15:15:54,noise
6396892073434,6396095128059,T291,18.0,Jin Anderson,2025-08-27 13:18:41,noise
6396892073434,6397274004764,T849,50.0,Jin Anderson,2025-08-27 18:30:12,noise
6396892073434,6392779062252,T291,17.6,Jin Anderson,2025-08-27 12:10:39,noise
6396892073434,6399496417009,T291,4.2,Jin Anderson,2025-08-26 20:15:57,noise
6396892073434,6397274004764,T849,20.0,Jin Anderson,2025-08-26 18:02:46,noise
6396892073434,6396859651169,T291,7.4,Jin Anderson,2025-08-25 20:07:39,noise
6396892073434,6399496417009,T849,15.1,Jin Anderson,2025-08-25 12:19:45,noise
6396892073434,6399856589429,T291,13.7,Jin Anderson,2025-08-24 23:12:46,noise
6396892073434,6394779148527,T849,5.3,Jin Anderson,2025-08-24 21:09:43,noise
6396892073434,6398732852032,T291,12.0,Jin Anderson,2025-08-24 14:20:46,noise
6396892073434,6397274004764,T291,15.3,Jin Anderson,2025-08-23 16:25:51,noise
6396892073434,6396743661793,T849,11.9,Jin Anderson,2025-08-23 12:10:06,noise
6396892073434,6397274004764,T291,19.0,Jin Anderson,2025-08-22 11:00:01,noise
6396892073434,6399496417009,T849,24.3,Jin Anderson,2025-08-22 17:13:05,noise
6396892073434,6391621634803,T849,17.2,Jin Anderson,2025-08-21 13:09:14,noise
6396892073434,6392885325965,T849,4.7,Jin Anderson,2025-08-20 18:19:59,noise
6396892073434,6397274004764,T849,20.1,Jin Anderson,2025-08-20 18:01:27,noise
6396892073434,6392779062252,T849,14.2,Jin Anderson,2025-08-19 10:30:19,noise
6396892073434,6392779062252,T849,5.9,Jin Anderson,2025-08-19 20:25:40,noise
6396892073434,6392779062252,T849,10.1,Jin Anderson,2025-08-18 17:12:08,noise
6396892073434,6397554224472,T849,11.0,Jin Anderson,2025-08-18 18:13:14,noise
6396892073434,6392052186148,T291,11.6,Jin Anderson,2025-08-18 22:13:41,noise
6396892073434,6392779062252,T849,21.7,Jin Anderson,2025-08-17 03:24:27,noise
6396892073434,6395656527999,T849,24.7,Jin Anderson,2025-08-16 19:07:01,noise
6396892073434,6391937903040,T849,35.4,Jin Anderson,2025-08-15 10:19:15,noise
6396892073434,6393726218800,T291,7.3,Jin Anderson,2025-08-15 16:12:36,noise
6396892073434,6398491189169,T291,10.6,Jin Anderson,2025-08-14 04:27:04,noise
6396892073434,6398391305137,T849,10.5,Jin Anderson,2025-08-14 19:18:31,noise
6396892073434,6395122083064,T291,22.7,Jin Anderson,2025-08-13 15:23:33,noise
6396892073434,6394882630315,T291,45.5,Jin Anderson,2025-08-12 17:19:39,noise
6396892073434,6397274004764,T849,6.2,Jin Anderson,2025-08-12 16:08:22,noise
6396892073434,6391611816266,T291,8.2,Jin Anderson,2025-08-11 16:19:23,noise
6396892073434,6399496417009,T849,12.0,Jin Anderson,2025-08-11 04:18:39,noise
6396892073434,6397274004764,T849,21.3,Jin Anderson,2025-08-11 12:15:19,noise
6396892073434,6394555912795,T849,35.5,Jin Anderson,2025-08-10 12:02:46,noise
6396892073434,6392779062252,T849,33.3,Jin Anderson,2025-08-10 16:21:28,noise
6396892073434,6392059565366,T849,47.3,Jin Anderson,2025-08-09 10:18:34,noise
6396892073434,6392779062252,T291,29.7,Jin Anderson,2025-08-09 02:07:40,noise
6396892073434,6399496417009,T849,19.6,Jin Anderson,2025-08-08 08:28:46,noise
6396892073434,6392779062252,T849,10.4,Jin Anderson,2025-08-07 15:21:16,noise
6396892073434,6399924544312,T291,5.1,Jin Anderson,2025-08-07 05:04:08,noise
6396892073434,6393603835968,T849,37.3,Jin Anderson,2025-08-07 14:30:40,noise
6396892073434,6397274004764,T849,7.3,Jin Anderson,2025-08-06 16:05:26,noise
6396892073434,6397274004764,T291,18.5,Jin Anderson,2025-08-06 05:06:13,noise
6396892073434,6391841771012,T849,28.8,Jin Anderson,2025-08-05 15:17:19,noise
6396892073434,6396927514387,T291,17.4,Jin Anderson,2025-08-05 13:17:54,noise
6396892073434,6397274004764,T291,29.9,Jin Anderson,2025-08-05 13:12:18,noise
6396892073434,6397274004764,T849,13.7,Jin Anderson,2025-08-04 12:06:34,noise
6396892073434,6392779062252,T291,3.9,Jin Anderson,2025-08-04 04:02:18,noise
6396892073434,6399979024610,T291,34.7,Jin Anderson,2025-08-04 10:19:45,noise
6393493304331,6396927514387,T469,26.7,Mara Meyer,2025-10-18 13:14:49,noise
6393493304331,6394574621348,T469,37.1,Mara Meyer,2025-10-18 15:22:52,noise
6393493304331,6394574621348,T469,20.7,Mara Meyer,2025-10-17 20:24:24,noise
6393493304331,6393135045026,T509,11.1,Mara Meyer,2025-10-16 19:27:56,noise
6393493304331,6394574621348,T469,36.5,Mara Meyer,2025-10-16 12:09:30,noise
6393493304331,6393135045026,T469,9.1,Mara Meyer,2025-10-15 18:09:43,noise
6393493304331,6393135045026,T509,16.6,Mara Meyer,2025-10-15 08:23:52,noise
6393493304331,6396967557245,T509,10.1,Mara Meyer,2025-10-14 15:29:25,noise
6393493304331,6394574621348,T509,23.1,Mara Meyer,2025-10-14 19:26:45,noise
6393493304331,6393135045026,T509,3.7,Mara Meyer,2025-10-13 10:17:19,noise
6393493304331,6394574621348,T469,24.0,Mara Meyer,2025-10-13 16:00:51,noise
6393493304331,6394574621348,T469,22.1,Mara Meyer,2025-10-12 19:30:48,noise
6393493304331,6393135045026,T469,5.5,Mara Meyer,2025-10-12 18:05:19,noise
6393493304331,6394574621348,T509,23.2,Mara Meyer,2025-10-12 13:12:04,noise
6393493304331,6397844655371,T509,37.6,Mara Meyer,2025-10-11 13:19:00,noise
6393493304331,6397844655371,T509,14.0,Mara Meyer,2025-10-11 17:25:49,noise
6393493304331,6394574621348,T509,18.6,Mara Meyer,2025-10-11 21:13:36,noise
6393493304331,6394574621348,T509,8.4,Mara Meyer,2025-10-10 18:10:44,noise
6393493304331,6394574621348,T469,16.6,Mara Meyer,2025-10-09 09:27:27,noise
6393493304331,6394272648738,T509,15.9,Mara Meyer,2025-10-09 16:06:36,noise
6393493304331,6393135045026,T469,48.0,Mara Meyer,2025-10-08 17:30:01,noise
6393493304331,6397906422409,T469,12.6,Mara Meyer,2025-10-07 11:25:45,noise
6393493304331,6397652242448,T469,7.4,Mara Meyer,2025-10-06 18:17:43,noise
6393493304331,6396423658378,T509,27.6,Mara Meyer,2025-10-05 14:06:25,noise
6393493304331,6394574621348,T469,15.5,Mara Meyer,2025-10-05 17:03:41,noise
6393493304331,6393135045026,T509,14.8,Mara Meyer,2025-10-04 09:21:11,noise
6393493304331,6394574621348,T469,3.8,Mara Meyer,2025-10-04 10:25:57,noise
6393493304331,6396119144758,T469,12.1,Mara Meyer,2025-10-03 18:29:11,noise
6393493304331,6393135045026,T509,20.8,Mara Meyer,2025-10-02 21:20:37,noise
6393493304331,6394574621348,T469,47.1,Mara Meyer,2025-10-02 16:28:27,noise
6393493304331,6394574621348,T469,21.9,Mara Meyer,2025-10-02 10:06:22,noise
6393493304331,6394574621348,T469,42.2,Mara Meyer,2025-10-01 11:28:52,noise
6393493304331,6393135045026,T469,25.8,Mara Meyer,2025-10-01 14:14:55,noise
6393493304331,6393135045026,T469,11.7,Mara Meyer,2025-09-30 10:14:50,noise
6393493304331,6396859651169,T509,5.2,Mara Meyer,2025-09-30 17:20:06,noise
6393493304331,6393135045026,T469,23.8,Mara Meyer,2025-09-30 21:17:03,noise
6393493304331,6394574621348,T469,12.1,Mara Meyer,2025-09-29 01:16:52,noise
6393493304331,6394574621348,T509,4.5,Mara Meyer,2025-09-29 17:07:44,noise
6393493304331,6393975769123,T469,15.4,Mara Meyer,2025-09-28 14:15:27,noise
6393493304331,6393135045026,T509,8.7,Mara Meyer,2025-09-28 19:00:08,noise
6393493304331,6391841771012,T469,22.6,Mara Meyer,2025-09-27 20:25:20,noise
6393493304331,6399471209395,T469,10.8,Mara Meyer,2025-09-27 13:11:59,noise
6393493304331,6399856589429,T509,45.0,Mara Meyer,2025-09-27 21:17:33,noise
6393493304331,6393135045026,T509,21.1,Mara Meyer,2025-09-26 11:01:41,noise
6393493304331,6393135045026,T469,12.6,Mara Meyer,2025-09-26 11:16:42,noise
6393493304331,6394574621348,T509,36.4,Mara Meyer,2025-09-25 13:30:04,noise
6393493304331,6393135045026,T509,11.1,Mara Meyer,2025-09-25 19:21:50,noise
6393493304331,6393135045026,T509,12.5,Mara Meyer,2025-09-25 13:07:15,noise
6393493304331,6393135045026,T509,7.9,Mara Meyer,2025-09-24 23:12:51,noise
6393493304331,6393135045026,T469,38.8,Mara Meyer,2025-09-24 16:16:08,noise
6393493304331,6393135045026,T469,11.3,Mara Meyer,2025-09-23 19:09:51,noise
6393493304331,6393135045026,T509,10.2,Mara Meyer,2025-09-22 15:13:34,noise
6393493304331,6394574621348,T469,27.9,Mara Meyer,2025-09-22 12:21:34,noise
6393493304331,6394574621348,T509,47.8,Mara Meyer,2025-09-21 08:09:14,noise
6393493304331,6395778639223,T509,36.3,Mara Meyer,2025-09-21 18:10:05,noise
6393493304331,6393135045026,T509,7.3,Mara Meyer,2025-09-21 13:19:13,noise
6393493304331,6394574621348,T509,14.1,Mara Meyer,2025-09-20 09:23:46,noise
6393493304331,6394574621348,T509,10.6,Mara Meyer,2025-09-20 20:27:38,noise
6393493304331,6393135045026,T469,10.8,Mara Meyer,2025-09-19 08:12:36,noise
6393493304331,6393135045026,T509,11.0,Mara Meyer,2025-09-19 17:23:46,noise
6393493304331,6397652242448,T469,19.4,Mara Meyer,2025-09-18 18:01:21,noise
6393493304331,6393135045026,T509,11.2,Mara Meyer,2025-09-18 08:09:28,noise
6393493304331,6394574621348,T509,26.7,Mara Meyer,2025-09-18 21:16:26,noise
6393493304331,6397274004764,T469,12.4,Mara Meyer,2025-09-17 13:20:47,noise
6393493304331,6393493304331,T469,48.6,Mara Meyer,2025-09-17 20:23:09,noise
6393493304331,6394574621348,T509,3.9,Mara Meyer,2025-09-16 08:26:28,noise
6393493304331,6397636641248,T509,28.8,Mara Meyer,2025-09-15 23:06:34,noise
6393493304331,6398391305137,T509,27.2,Mara Meyer,2025-09-15 14:22:35,noise
6393493304331,6396119144758,T509,22.5,Mara Meyer,2025-09-14 00:03:18,noise
6393493304331,6395255503056,T469,23.8,Mara Meyer,2025-09-14 08:21:08,noise
6393493304331,6396033004999,T469,17.5,Mara Meyer,2025-09-13 14:03:29,noise
6393493304331,6394574621348,T469,20.2,Mara Meyer,2025-09-13 14:28:24,noise
6393493304331,6394272648738,T469,17.3,Mara Meyer,2025-09-12 08:25:32,noise
6393493304331,6393135045026,T469,16.1,Mara Meyer,2025-09-11 16:06:56,noise
6393493304331,6392295700924,T509,22.1,Mara Meyer,2025-09-11 10:15:27,noise
6393493304331,6393135045026,T509,52.2,Mara Meyer,2025-09-10 02:03:42,noise
6393493304331,6394574621348,T509,11.2,Mara Meyer,2025-09-10 12:28:14,noise
6393493304331,6394574621348,T469,48.6,Mara Meyer,2025-09-09 18:09:59,noise
6393493304331,6392795791102,T509,27.5,Mara Meyer,2025-09-08 12:17:58,noise
6393493304331,6393135045026,T469,22.7,Mara Meyer,2025-09-08 10:07:56,noise
6393493304331,6393135045026,T469,10.9,Mara Meyer,2025-09-07 19:11:26,noise
6393493304331,6393603835968,T509,31.6,Mara Meyer,2025-09-07 13:24:09,noise
6393493304331,6393135045026,T509,6.0,Mara Meyer,2025-09-06 16:12:48,noise
6393493304331,6393135045026,T509,19.2,Mara Meyer,2025-09-06 14:00:55,noise
6393493304331,6392059565366,T509,16.4,Mara Meyer,2025-09-06 20:20:41,noise
6393493304331,6394574621348,T469,12.1,Mara Meyer,2025-09-05 11:28:21,noise
6393493304331,6396681820773,T509,18.0,Mara Meyer,2025-09-05 23:16:45,noise
6393493304331,6394574621348,T509,50.2,Mara Meyer,2025-09-04 15:08:05,noise
6393493304331,6394574621348,T509,30.0,Mara Meyer,2025-09-03 17:01:51,noise
6393493304331,6396095128059,T469,3.6,Mara Meyer,2025-09-02 11:16:10,noise
6393493304331,6393135045026,T509,8.9,Mara Meyer,2025-09-02 19:02:08,noise
6393493304331,6394574621348,T509,31.0,Mara Meyer,2025-09-02 11:15:47,noise
6393493304331,6394574621348,T469,6.1,Mara Meyer,2025-09-01 12:04:32,noise
6393493304331,6394574621348,T509,16.9,Mara Meyer,2025-08-31 17:15:45,noise
6393493304331,6394574621348,T469,7.5,Mara Meyer,2025-08-31 23:15:23,noise
6393493304331,6393135045026,T469,22.8,Mara Meyer,2025-08-31 01:07:42,noise
6393493304331,6393135045026,T469,6.4,Mara Meyer,2025-08-30 22:19:36,noise
6393493304331,6393135045026,T509,18.9,Mara Meyer,2025-08-30 19:27:56,noise
6393493304331,6394574621348,T469,17.7,Mara Meyer,2025-08-29 14:03:30,noise
6393493304331,6393135045026,T469,6.1,Mara Meyer,2025-08-29 21:24:15,noise
6393493304331,6395975932913,T469,33.1,Mara Meyer,2025-08-29 08:11:49,noise
6393493304331,6392885325965,T469,17.5,Mara Meyer,2025-08-28 13:16:08,noise
6393493304331,6395363927709,T469,7.7,Mara Meyer,2025-08-28 09:11:45,noise
6393493304331,6394574621348,T469,9.6,Mara Meyer,2025-08-27 10:06:58,noise
6393493304331,6393135045026,T469,18.0,Mara Meyer,2025-08-26 18:28:31,noise
6393493304331,6394574621348,T469,4.3,Mara Meyer,2025-08-25 21:00:29,noise
6393493304331,6393045592855,T469,12.0,Mara Meyer,2025-08-25 23:12:18,noise
6393493304331,6393135045026,T469,4.8,Mara Meyer,2025-08-24 18:22:34,noise
6393493304331,6394574621348,T509,32.7,Mara Meyer,2025-08-24 14:12:04,noise
6393493304331,6399076960112,T469,27.8,Mara Meyer,2025-08-23 17:02:01,noise
6393493304331,6396956928083,T469,22.5,Mara Meyer,2025-08-23 09:24:44,noise
6393493304331,6394574621348,T509,45.8,Mara Meyer,2025-08-23 11:07:19,noise
6393493304331,6392523182756,T509,7.7,Mara Meyer,2025-08-22 20:25:39,noise
6393493304331,6399259551176,T509,17.4,Mara Meyer,2025-08-22 12:15:21,noise
6393493304331,6394574621348,T469,15.2,Mara Meyer,2025-08-21 05:26:18,noise
6393493304331,6394574621348,T509,9.1,Mara Meyer,2025-08-21 13:03:25,noise
6393493304331,6394574621348,T469,20.8,Mara Meyer,2025-08-21 10:24:28,noise
6393493304331,6393135045026,T469,71.7,Mara Meyer,2025-08-20 14:05:51,noise
6393493304331,6394574621348,T509,19.0,Mara Meyer,2025-08-20 00:09:14,noise
6393493304331,6398761443795,T469,48.8,Mara Meyer,2025-08-19 20:07:56,noise
6393493304331,6393135045026,T469,16.8,Mara Meyer,2025-08-18 09:29:11,noise
6393493304331,6393135045026,T469,37.7,Mara Meyer,2025-08-18 16:18:44,noise
6393493304331,6394574621348,T469,19.5,Mara Meyer,2025-08-17 18:03:15,noise
6393493304331,6394574621348,T509,14.9,Mara Meyer,2025-08-16 20:13:36,noise
6393493304331,6399799920361,T469,12.2,Mara Meyer,2025-08-16 14:29:09,noise
6393493304331,6394574621348,T509,97.4,Mara Meyer,2025-08-15 19:14:28,noise
6393493304331,6394574621348,T469,30.8,Mara Meyer,2025-08-15 01:27:23,noise
6393493304331,6393135045026,T469,8.6,Mara Meyer,2025-08-14 08:02:15,noise
6393493304331,6393135045026,T509,6.8,Mara Meyer,2025-08-13 16:28:51,noise
6393493304331,6393135045026,T509,10.5,Mara Meyer,2025-08-13 16:22:45,noise
6393493304331,6393975769123,T469,12.1,Mara Meyer,2025-08-13 15:14:57,noise
6393493304331,6393135045026,T469,14.9,Mara Meyer,2025-08-12 10:03:27,noise
6393493304331,6394574621348,T509,43.0,Mara Meyer,2025-08-12 17:25:22,noise
6393493304331,6392724977358,T509,13.1,Mara Meyer,2025-08-11 12:01:42,noise
6393493304331,6393135045026,T469,13.1,Mara Meyer,2025-08-11 16:15:11,noise
6393493304331,6393135045026,T509,11.4,Mara Meyer,2025-08-10 11:24:24,noise
6393493304331,6393135045026,T509,25.0,Mara Meyer,2025-08-10 14:08:05,noise
6393493304331,6393135045026,T509,23.4,Mara Meyer,2025-08-09 15:30:23,noise
6393493304331,6392052186148,T469,12.5,Mara Meyer,2025-08-09 18:09:16,noise
6393493304331,6396681820773,T469,26.2,Mara Meyer,2025-08-09 09:09:57,noise
6393493304331,6399165981131,T509,9.3,Mara Meyer,2025-08-08 22:00:57,noise
6393493304331,6397235532708,T469,11.4,Mara Meyer,2025-08-07 08:30:33,noise
6393493304331,6393135045026,T509,37.4,Mara Meyer,2025-08-07 08:01:20,noise
6393493304331,6394574621348,T509,39.3,Mara Meyer,2025-08-06 14:20:11,noise
6393493304331,6394574621348,T469,24.4,Mara Meyer,2025-08-06 17:17:12,noise
6393493304331,6393135045026,T509,24.1,Mara Meyer,2025-08-06 08:19:03,noise
6393493304331,6394574621348,T509,17.4,Mara Meyer,2025-08-05 22:07:28,noise
6393493304331,6396967557245,T469,4.0,Mara Meyer,2025-08-05 17:25:53,noise
6393493304331,6394574621348,T509,67.5,Mara Meyer,2025-08-04 13:16:34,noise
6393493304331,6394574621348,T469,24.0,Mara Meyer,2025-08-04 09:01:59,noise
6393493304331,6394574621348,T469,16.0,Mara Meyer,2025-08-04 15:12:30,noise
6397274004764,6391757381529,T793,17.5,Uma Tanaka,2025-10-18 11:07:15,noise
6397274004764,6395455137652,T793,30.4,Uma Tanaka,2025-10-17 09:30:13,noise
6397274004764,6398391305137,T449,13.8,Uma Tanaka,2025-10-17 10:10:59,noise
6397274004764,6392085020554,T793,6.3,Uma Tanaka,2025-10-17 14:09:04,noise
6397274004764,6396468854276,T793,18.4,Uma Tanaka,2025-10-16 15:05:06,noise
6397274004764,6398906791192,T449,6.0,Uma Tanaka,2025-10-16 08:28:14,noise
6397274004764,6398391305137,T793,16.3,Uma Tanaka,2025-10-15 04:08:00,noise
6397274004764,6396927514387,T793,17.9,Uma Tanaka,2025-10-15 12:12:14,noise
6397274004764,6398391305137,T793,24.0,Uma Tanaka,2025-10-14 17:19:18,noise
6397274004764,6391611816266,T793,33.8,Uma Tanaka,2025-10-14 14:27:06,noise
6397274004764,6395455137652,T793,16.6,Uma Tanaka,2025-10-13 20:24:39,noise
6397274004764,6397906422409,T793,22.6,Uma Tanaka,2025-10-13 23:26:53,noise
6397274004764,6395455137652,T449,19.7,Uma Tanaka,2025-10-13 13:30:05,noise
6397274004764,6395455137652,T449,12.5,Uma Tanaka,2025-10-12 08:05:01,noise
6397274004764,6396631526248,T793,9.1,Uma Tanaka,2025-10-11 09:15:12,noise
6397274004764,6395455137652,T793,24.6,Uma Tanaka,2025-10-11 14:06:45,noise
6397274004764,6396468854276,T793,5.7,Uma Tanaka,2025-10-10 12:23:09,noise
6397274004764,6398391305137,T449,13.2,Uma Tanaka,2025-10-09 20:28:11,noise
6397274004764,6395122083064,T449,31.3,Uma Tanaka,2025-10-09 08:11:42,noise
6397274004764,6396468854276,T793,30.7,Uma Tanaka,2025-10-09 15:01:09,noise
6397274004764,6395455137652,T793,30.5,Uma Tanaka,2025-10-08 20:03:51,noise
6397274004764,6398391305137,T793,25.9,Uma Tanaka,2025-10-08 14:06:34,noise
6397274004764,6396468854276,T793,7.6,Uma Tanaka,2025-10-07 19:26:25,noise
6397274004764,6395455137652,T793,64.9,Uma Tanaka,2025-10-07 04:09:10,noise
6397274004764,6395363927709,T793,9.7,Uma Tanaka,2025-10-06 19:00:17,noise
6397274004764,6396468854276,T793,18.1,Uma Tanaka,2025-10-06 19:23:55,noise
6397274004764,6397554224472,T449,8.5,Uma Tanaka,2025-10-05 22:19:15,noise
6397274004764,6396468854276,T793,9.2,Uma Tanaka,2025-10-04 10:20:10,noise
6397274004764,6395455137652,T793,6.5,Uma Tanaka,2025-10-04 19:06:58,noise
6397274004764,6395455137652,T793,58.2,Uma Tanaka,2025-10-03 10:23:34,noise
6397274004764,6396892073434,T449,10.1,Uma Tanaka,2025-10-03 12:00:24,noise
6397274004764,6395455137652,T793,16.7,Uma Tanaka,2025-10-03 10:17:24,noise
6397274004764,6391085319364,T449,10.0,Uma Tanaka,2025-10-02 14:09:54,noise
6397274004764,6395455137652,T449,26.9,Uma Tanaka,2025-10-02 19:24:11,noise
6397274004764,6395455137652,T793,4.6,Uma Tanaka,2025-10-01 09:21:29,noise
6397274004764,6396468854276,T449,18.7,Uma Tanaka,2025-10-01 19:19:46,noise
6397274004764,6396518798247,T793,24.7,Uma Tanaka,2025-09-30 17:00:00,noise
6397274004764,6395975932913,T793,50.5,Uma Tanaka,2025-09-30 12:07:13,noise
6397274004764,6396468854276,T793,55.4,Uma Tanaka,2025-09-29 05:22:11,noise
6397274004764,6397588030313,T449,27.3,Uma Tanaka,2025-09-29 01:27:48,noise
6397274004764,6395455137652,T793,40.1,Uma Tanaka,2025-09-29 18:11:38,noise
6397274004764,6398391305137,T449,16.1,Uma Tanaka,2025-09-28 14:17:12,noise
6397274004764,6395455137652,T793,39.5,Uma Tanaka,2025-09-28 10:21:31,noise
6397274004764,6395455137652,T449,19.2,Uma Tanaka,2025-09-28 04:04:33,noise
6397274004764,6395455137652,T449,16.7,Uma Tanaka,2025-09-27 09:13:30,noise
6397274004764,6396468854276,T793,33.4,Uma Tanaka,2025-09-27 10:13:22,noise
6397274004764,6396468854276,T793,49.3,Uma Tanaka,2025-09-27 00:03:31,noise
6397274004764,6396423658378,T449,24.8,Uma Tanaka,2025-09-26 22:07:38,noise
6397274004764,6396468854276,T793,11.6,Uma Tanaka,2025-09-25 10:27:22,noise
6397274004764,6396181402712,T793,40.4,Uma Tanaka,2025-09-25 12:11:59,noise
6397274004764,6396468854276,T449,7.8,Uma Tanaka,2025-09-25 23:23:17,noise
6397274004764,6396468854276,T793,27.9,Uma Tanaka,2025-09-24 13:21:03,noise
6397274004764,6398391305137,T793,16.9,Uma Tanaka,2025-09-24 09:17:48,noise
6397274004764,6392295700924,T793,31.2,Uma Tanaka,2025-09-23 11:15:40,noise
6397274004764,6398391305137,T449,25.9,Uma Tanaka,2025-09-22 11:18:15,noise
6397274004764,6398445554732,T793,35.1,Uma Tanaka,2025-09-22 12:07:46,noise
6397274004764,6393859907578,T449,46.2,Uma Tanaka,2025-09-21 20:29:22,noise
6397274004764,6392795791102,T793,6.9,Uma Tanaka,2025-09-21 20:08:32,noise
6397274004764,6398391305137,T793,33.3,Uma Tanaka,2025-09-20 08:22:23,noise
6397274004764,6395255503056,T449,24.2,Uma Tanaka,2025-09-20 21:09:15,noise
6397274004764,6398391305137,T793,22.7,Uma Tanaka,2025-09-19 08:23:40,noise
6397274004764,6396468854276,T793,29.2,Uma Tanaka,2025-09-19 13:25:44,noise
6397274004764,6396181402712,T449,38.0,Uma Tanaka,2025-09-18 13:15:42,noise
6397274004764,6398391305137,T793,11.9,Uma Tanaka,2025-09-18 19:13:11,noise
6397274004764,6396631526248,T793,16.0,Uma Tanaka,2025-09-17 10:12:09,noise
6397274004764,6395978599202,T793,15.2,Uma Tanaka,2025-09-17 17:07:29,noise
6397274004764,6396927514387,T449,13.6,Uma Tanaka,2025-09-17 19:19:46,noise
6397274004764,6395455137652,T449,6.3,Uma Tanaka,2025-09-16 19:28:11,noise
6397274004764,6395455137652,T793,16.8,Uma Tanaka,2025-09-16 23:23:21,noise
6397274004764,6395363927709,T449,24.9,Uma Tanaka,2025-09-15 22:27:27,noise
6397274004764,6396468854276,T793,15.2,Uma Tanaka,2025-09-15 10:17:02,noise
6397274004764,6397364632100,T793,10.5,Uma Tanaka,2025-09-15 19:29:45,noise
6397274004764,6395455137652,T449,81.3,Uma Tanaka,2025-09-14 13:28:36,noise
6397274004764,6396468854276,T793,21.7,Uma Tanaka,2025-09-13 14:29:15,noise
6397274004764,6395455137652,T449,16.1,Uma Tanaka,2025-09-13 13:09:19,noise
6397274004764,6396978132661,T793,10.6,Uma Tanaka,2025-09-13 08:30:02,noise
6397274004764,6396468854276,T793,16.4,Uma Tanaka,2025-09-12 10:07:34,noise
6397274004764,6395455137652,T449,16.8,Uma Tanaka,2025-09-12 13:04:18,noise
6397274004764,6397316055758,T449,24.1,Uma Tanaka,2025-09-11 13:14:40,noise
6397274004764,6397636641248,T449,24.5,Uma Tanaka,2025-09-10 21:29:14,noise
6397274004764,6398391305137,T449,29.4,Uma Tanaka,2025-09-10 20:24:37,noise
6397274004764,6398391305137,T449,20.9,Uma Tanaka,2025-09-09 16:29:26,noise
6397274004764,6398391305137,T449,19.9,Uma Tanaka,2025-09-09 09:24:58,noise
6397274004764,6395455137652,T449,12.6,Uma Tanaka,2025-09-09 09:21:48,noise
6397274004764,6396468854276,T793,49.1,Uma Tanaka,2025-09-08 23:08:04,noise
6397274004764,6398391305137,T793,23.1,Uma Tanaka,2025-09-08 18:08:00,noise
6397274004764,6395455137652,T449,13.6,Uma Tanaka,2025-09-08 18:06:33,noise
6397274004764,6398391305137,T793,21.6,Uma Tanaka,2025-09-07 03:30:48,noise
6397274004764,6395455137652,T449,23.9,Uma Tanaka,2025-09-07 14:27:18,noise
6397274004764,6396468854276,T793,29.1,Uma Tanaka,2025-09-06 08:17:26,noise
6397274004764,6395455137652,T793,12.5,Uma Tanaka,2025-09-06 11:30:30,noise
6397274004764,6398391305137,T449,14.6,Uma Tanaka,2025-09-05 14:29:54,noise
6397274004764,6395455137652,T793,38.9,Uma Tanaka,2025-09-04 18:22:07,noise
6397274004764,6399799920361,T449,4.7,Uma Tanaka,2025-09-04 15:27:44,noise
6397274004764,6396468854276,T793,11.5,Uma Tanaka,2025-09-03 10:29:04,noise
6397274004764,6393541804755,T793,39.3,Uma Tanaka,2025-09-03 15:15:57,noise
6397274004764,6398391305137,T449,19.7,Uma Tanaka,2025-09-02 09:18:10,noise
6397274004764,6399259551176,T449,9.1,Uma Tanaka,2025-09-02 08:01:29,noise
6397274004764,6396468854276,T449,56.9,Uma Tanaka,2025-09-01 21:26:04,noise
6397274004764,6395455137652,T449,9.0,Uma Tanaka,2025-08-31 10:15:54,noise
6397274004764,6396033004999,T449,17.3,Uma Tanaka,2025-08-31 14:05:41,noise
6397274004764,6396468854276,T449,15.9,Uma Tanaka,2025-08-30 09:17:13,noise
6397274004764,6391621634803,T793,11.8,Uma Tanaka,2025-08-29 11:18:34,noise
6397274004764,6395255503056,T793,47.0,Uma Tanaka,2025-08-28 15:00:49,noise
6397274004764,6394841742270,T793,24.8,Uma Tanaka,2025-08-28 11:08:58,noise
6397274004764,6393794997179,T793,11.6,Uma Tanaka,2025-08-27 13:10:10,noise
6397274004764,6395455137652,T793,14.9,Uma Tanaka,2025-08-26 23:05:16,noise
6397274004764,6398391305137,T793,20.0,Uma Tanaka,2025-08-26 13:07:07,noise
6397274004764,6397197783416,T449,18.8,Uma Tanaka,2025-08-25 04:19:11,noise
6397274004764,6396468854276,T793,2.8,Uma Tanaka,2025-08-25 08:14:02,noise
6397274004764,6398391305137,T793,27.0,Uma Tanaka,2025-08-24 09:26:03,noise
6397274004764,6396468854276,T449,1.5,Uma Tanaka,2025-08-24 04:30:30,noise
6397274004764,6397652242448,T449,35.4,Uma Tanaka,2025-08-24 10:27:49,noise
6397274004764,6398391305137,T449,22.7,Uma Tanaka,2025-08-23 11:18:38,noise
6397274004764,6398391305137,T793,9.2,Uma Tanaka,2025-08-23 21:20:55,noise
6397274004764,6399076960112,T793,20.5,Uma Tanaka,2025-08-22 15:12:56,noise
6397274004764,6392523182756,T793,66.4,Uma Tanaka,2025-08-22 10:14:42,noise
6397274004764,6395455137652,T449,15.1,Uma Tanaka,2025-08-22 17:20:37,noise
6397274004764,6396468854276,T449,7.2,Uma Tanaka,2025-08-21 20:20:34,noise
6397274004764,6396468854276,T793,8.4,Uma Tanaka,2025-08-21 08:02:59,noise
6397274004764,6396468854276,T793,14.5,Uma Tanaka,2025-08-20 16:22:54,noise
6397274004764,6396518798247,T793,8.6,Uma Tanaka,2025-08-20 08:14:56,noise
6397274004764,6396468854276,T793,14.1,Uma Tanaka,2025-08-19 04:00:37,noise
6397274004764,6395455137652,T449,8.9,Uma Tanaka,2025-08-19 15:17:22,noise
6397274004764,6398391305137,T793,31.7,Uma Tanaka,2025-08-18 20:27:55,noise
6397274004764,6395455137652,T793,12.8,Uma Tanaka,2025-08-18 14:23:46,noise
6397274004764,6396468854276,T449,26.9,Uma Tanaka,2025-08-18 11:22:14,noise
6397274004764,6398391305137,T793,15.2,Uma Tanaka,2025-08-17 18:14:41,noise
6397274004764,6395455137652,T793,7.7,Uma Tanaka,2025-08-17 15:21:07,noise
6397274004764,6398391305137,T793,39.3,Uma Tanaka,2025-08-16 00:08:41,noise
6397274004764,6398391305137,T449,4.9,Uma Tanaka,2025-08-16 12:00:25,noise
6397274004764,6395455137652,T449,8.3,Uma Tanaka,2025-08-15 15:30:23,noise
6397274004764,6396468854276,T793,28.6,Uma Tanaka,2025-08-15 17:01:16,noise
6397274004764,6398391305137,T793,23.3,Uma Tanaka,2025-08-15 15:25:51,noise
6397274004764,6395455137652,T793,2.7,Uma Tanaka,2025-08-14 12:30:57,noise
6397274004764,6391937582998,T449,16.3,Uma Tanaka,2025-08-14 20:26:25,noise
6397274004764,6397364632100,T793,8.9,Uma Tanaka,2025-08-13 17:17:44,noise
6397274004764,6398391305137,T793,9.0,Uma Tanaka,2025-08-13 12:29:46,noise
6397274004764,6393859907578,T793,12.2,Uma Tanaka,2025-08-12 19:09:49,noise
6397274004764,6396967557245,T793,12.5,Uma Tanaka,2025-08-12 08:26:16,noise
6397274004764,6398391305137,T449,12.1,Uma Tanaka,2025-08-11 05:16:26,noise
6397274004764,6397274004764,T449,65.6,Uma Tanaka,2025-08-11 22:15:16,noise
6397274004764,6399856589429,T793,17.3,Uma Tanaka,2025-08-10 23:06:06,noise
6397274004764,6398391305137,T449,13.0,Uma Tanaka,2025-08-09 16:15:26,noise
6397274004764,6396119144758,T449,35.3,Uma Tanaka,2025-08-08 14:18:40,noise
6397274004764,6397906422409,T449,25.6,Uma Tanaka,2025-08-08 10:26:03,noise
6397274004764,6396468854276,T449,12.1,Uma Tanaka,2025-08-07 09:17:05,noise
6397274004764,6396681820773,T449,10.1,Uma Tanaka,2025-08-07 18:17:57,noise
6397274004764,6395455137652,T449,24.0,Uma Tanaka,2025-08-06 13:11:18,noise
6397274004764,6397792731200,T449,20.8,Uma Tanaka,2025-08-05 19:13:53,noise
6397274004764,6398391305137,T449,4.9,Uma Tanaka,2025-08-05 12:02:32,noise
6397274004764,6391757381529,T793,13.7,Uma Tanaka,2025-08-05 13:23:13,noise
6397274004764,6396468854276,T793,6.3,Uma Tanaka,2025-08-04 15:26:51,noise
6393726218800,6396967557245,T193,15.2,Omar Gomes,2025-10-18 10:07:59,noise
6393726218800,6393493304331,T244,11.5,Omar Gomes,2025-10-18 12:15:31,noise
6393726218800,6399496417009,T193,9.0,Omar Gomes,2025-10-17 11:26:03,noise
6393726218800,6396927514387,T244,10.6,Omar Gomes,2025-10-17 13:05:22,noise
6393726218800,6399076960112,T193,28.1,Omar Gomes,2025-10-16 18:30:19,noise
6393726218800,6396423658378,T244,41.3,Omar Gomes,2025-10-16 16:28:53,noise
6393726218800,6397235532708,T193,28.0,Omar Gomes,2025-10-15 23:09:59,noise
6393726218800,6393493304331,T244,36.6,Omar Gomes,2025-10-15 16:22:38,noise
6393726218800,6399165981131,T193,11.3,Omar Gomes,2025-10-14 18:11:08,noise
6393726218800,6393493304331,T193,8.9,Omar Gomes,2025-10-14 15:08:58,noise
6393726218800,6397588030313,T244,57.0,Omar Gomes,2025-10-14 14:11:47,noise
6393726218800,6393975769123,T193,41.9,Omar Gomes,2025-10-13 10:07:14,noise
6393726218800,6393541804755,T193,11.9,Omar Gomes,2025-10-13 14:05:01,noise
6393726218800,6394555912795,T193,1.5,Omar Gomes,2025-10-13 22:19:16,noise
6393726218800,6393493304331,T193,9.2,Omar Gomes,2025-10-12 18:11:01,noise
6393726218800,6399496417009,T193,3.1,Omar Gomes,2025-10-11 19:14:02,noise
6393726218800,6399496417009,T193,41.2,Omar Gomes,2025-10-11 11:16:42,noise
6393726218800,6399165981131,T244,20.6,Omar Gomes,2025-10-11 17:21:49,noise
6393726218800,6399165981131,T193,4.1,Omar Gomes,2025-10-10 13:09:37,noise
6393726218800,6391194839118,T244,11.5,Omar Gomes,2025-10-10 12:06:16,noise
6393726218800,6396978132661,T244,7.0,Omar Gomes,2025-10-09 03:13:20,noise
6393726218800,6399165981131,T244,10.6,Omar Gomes,2025-10-09 05:01:14,noise
6393726218800,6398906791192,T193,17.6,Omar Gomes,2025-10-08 17:15:57,noise
6393726218800,6395255503056,T193,29.4,Omar Gomes,2025-10-08 20:13:22,noise
6393726218800,6393493304331,T193,26.2,Omar Gomes,2025-10-08 15:04:48,noise
6393726218800,6393493304331,T193,22.2,Omar Gomes,2025-10-07 13:18:13,noise
6393726218800,6391681212932,T193,53.5,Omar Gomes,2025-10-06 08:30:56,noise
6393726218800,6399165981131,T193,25.6,Omar Gomes,2025-10-05 17:14:15,noise
6393726218800,6394272648738,T193,16.2,Omar Gomes,2025-10-05 09:20:55,noise
6393726218800,6394048553499,T193,20.0,Omar Gomes,2025-10-04 23:16:33,noise
6393726218800,6399076960112,T244,33.0,Omar Gomes,2025-10-04 18:13:15,noise
6393726218800,6399165981131,T193,31.1,Omar Gomes,2025-10-03 12:22:12,noise
6393726218800,6393561104962,T193,9.5,Omar Gomes,2025-10-03 10:28:25,noise
6393726218800,6399496417009,T244,7.7,Omar Gomes,2025-10-02 16:13:35,noise
6393726218800,6399496417009,T193,6.9,Omar Gomes,2025-10-01 14:29:14,noise
6393726218800,6399165981131,T193,122.3,Omar Gomes,2025-10-01 11:07:31,noise
6393726218800,6397197783416,T193,35.7,Omar Gomes,2025-10-01 08:30:12,noise
6393726218800,6399165981131,T244,14.6,Omar Gomes,2025-09-30 18:22:05,noise
6393726218800,6396978132661,T193,22.6,Omar Gomes,2025-09-30 20:20:56,noise
6393726218800,6395656527999,T193,13.6,Omar Gomes,2025-09-29 10:07:03,noise
6393726218800,6393493304331,T193,35.4,Omar Gomes,2025-09-29 00:19:08,noise
6393726218800,6399496417009,T193,11.8,Omar Gomes,2025-09-29 09:03:57,noise
6393726218800,6391937903040,T244,15.5,Omar Gomes,2025-09-28 18:20:00,noise
6393726218800,6397906422409,T193,19.1,Omar Gomes,2025-09-28 14:10:57,noise
6393726218800,6396227547092,T193,21.6,Omar Gomes,2025-09-28 12:30:30,noise
6393726218800,6393493304331,T244,9.5,Omar Gomes,2025-09-27 20:02:27,noise
6393726218800,6399165981131,T193,9.5,Omar Gomes,2025-09-27 08:20:58,noise
6393726218800,6393493304331,T193,8.2,Omar Gomes,2025-09-26 09:09:35,noise
6393726218800,6393493304331,T193,12.6,Omar Gomes,2025-09-26 17:17:37,noise
6393726218800,6393493304331,T193,5.9,Omar Gomes,2025-09-25 12:23:19,noise
6393726218800,6396681820773,T244,15.5,Omar Gomes,2025-09-25 09:01:16,noise
6393726218800,6394574621348,T193,10.5,Omar Gomes,2025-09-24 13:19:49,noise
6393726218800,6393493304331,T193,27.5,Omar Gomes,2025-09-24 18:05:49,noise
6393726218800,6399496417009,T193,50.3,Omar Gomes,2025-09-23 08:25:44,noise
6393726218800,6399165981131,T193,10.4,Omar Gomes,2025-09-23 12:16:15,noise
6393726218800,6396956928083,T193,33.4,Omar Gomes,2025-09-22 08:30:51,noise
6393726218800,6399165981131,T193,13.8,Omar Gomes,2025-09-22 11:26:37,noise
6393726218800,6399496417009,T193,9.0,Omar Gomes,2025-09-21 14:27:01,noise
6393726218800,6392724977358,T193,14.1,Omar Gomes,2025-09-21 18:21:08,noise
6393726218800,6393493304331,T193,23.5,Omar Gomes,2025-09-20 22:18:10,noise
6393726218800,6399165981131,T244,34.3,Omar Gomes,2025-09-19 20:16:12,noise
6393726218800,6399165981131,T193,19.1,Omar Gomes,2025-09-19 14:18:01,noise
6393726218800,6393723821869,T193,30.1,Omar Gomes,2025-09-18 01:15:55,noise
6393726218800,6396693621506,T193,22.1,Omar Gomes,2025-09-18 17:28:14,noise
6393726218800,6393493304331,T193,18.6,Omar Gomes,2025-09-18 09:10:18,noise
6393726218800,6398906791192,T193,30.9,Omar Gomes,2025-09-17 14:06:43,noise
6393726218800,6399165981131,T244,22.3,Omar Gomes,2025-09-17 23:10:14,noise
6393726218800,6399496417009,T193,7.9,Omar Gomes,2025-09-16 17:10:40,noise
6393726218800,6393493304331,T193,24.7,Omar Gomes,2025-09-16 20:30:28,noise
6393726218800,6399165981131,T193,43.1,Omar Gomes,2025-09-15 20:26:47,noise
6393726218800,6393493304331,T193,35.2,Omar Gomes,2025-09-15 18:20:49,noise
6393726218800,6396743661793,T193,12.5,Omar Gomes,2025-09-14 03:02:10,noise
6393726218800,6395082508928,T193,14.7,Omar Gomes,2025-09-13 21:04:32,noise
6393726218800,6399496417009,T244,19.7,Omar Gomes,2025-09-12 15:10:37,noise
6393726218800,6399165981131,T244,11.7,Omar Gomes,2025-09-12 02:14:03,noise
6393726218800,6396681820773,T193,71.1,Omar Gomes,2025-09-12 23:20:17,noise
6393726218800,6393493304331,T244,19.0,Omar Gomes,2025-09-11 16:22:08,noise
6393726218800,6399496417009,T244,22.3,Omar Gomes,2025-09-11 12:12:59,noise
6393726218800,6399496417009,T244,5.5,Omar Gomes,2025-09-10 05:05:59,noise
6393726218800,6396681820773,T193,8.2,Omar Gomes,2025-09-10 16:22:52,noise
6393726218800,6399496417009,T193,3.3,Omar Gomes,2025-09-09 17:27:18,noise
6393726218800,6399496417009,T193,12.9,Omar Gomes,2025-09-09 17:00:04,noise
6393726218800,6399496417009,T193,20.7,Omar Gomes,2025-09-09 23:03:25,noise
6393726218800,6399496417009,T244,13.6,Omar Gomes,2025-09-08 18:10:13,noise
6393726218800,6399496417009,T193,24.8,Omar Gomes,2025-09-08 17:06:13,noise
6393726218800,6395778639223,T193,11.2,Omar Gomes,2025-09-07 20:25:48,noise
6393726218800,6391085319364,T244,47.9,Omar Gomes,2025-09-06 00:11:35,noise
6393726218800,6398491189169,T244,23.3,Omar Gomes,2025-09-06 04:20:32,noise
6393726218800,6399471209395,T193,22.8,Omar Gomes,2025-09-05 13:06:29,noise
6393726218800,6393493304331,T193,11.0,Omar Gomes,2025-09-04 20:13:18,noise
6393726218800,6393493304331,T193,49.1,Omar Gomes,2025-09-03 18:06:28,noise
6393726218800,6393493304331,T193,6.1,Omar Gomes,2025-09-03 16:14:43,noise
6393726218800,6391657761801,T244,21.9,Omar Gomes,2025-09-02 16:15:21,noise
6393726218800,6397197783416,T193,11.0,Omar Gomes,2025-09-02 01:18:45,noise
6393726218800,6391194839118,T193,2.8,Omar Gomes,2025-09-01 20:02:55,noise
6393726218800,6397364632100,T193,6.5,Omar Gomes,2025-09-01 18:05:53,noise
6393726218800,6393493304331,T193,21.9,Omar Gomes,2025-08-31 13:10:24,noise
6393726218800,6399924544312,T244,47.1,Omar Gomes,2025-08-30 18:18:57,noise
6393726218800,6396978132661,T193,23.2,Omar Gomes,2025-08-30 00:13:27,noise
6393726218800,6392463613153,T244,51.4,Omar Gomes,2025-08-29 18:10:47,noise
6393726218800,6399165981131,T244,13.9,Omar Gomes,2025-08-29 20:14:14,noise
6393726218800,6399496417009,T193,8.1,Omar Gomes,2025-08-28 19:07:59,noise
6393726218800,6399165981131,T244,6.6,Omar Gomes,2025-08-28 19:12:42,noise
6393726218800,6396468854276,T244,9.6,Omar Gomes,2025-08-27 14:03:56,noise
6393726218800,6391053669235,T193,15.8,Omar Gomes,2025-08-27 20:19:03,noise
6393726218800,6396227547092,T244,24.3,Omar Gomes,2025-08-27 09:21:37,noise
6393726218800,6393541804755,T193,45.6,Omar Gomes,2025-08-26 15:16:50,noise
6393726218800,6399165981131,T193,10.5,Omar Gomes,2025-08-26 13:01:34,noise
6393726218800,6393493304331,T244,10.5,Omar Gomes,2025-08-26 19:25:59,noise
6393726218800,6399496417009,T193,8.9,Omar Gomes,2025-08-25 17:25:46,noise
6393726218800,6393493304331,T193,44.7,Omar Gomes,2025-08-24 10:30:49,noise
6393726218800,6399521620276,T193,14.1,Omar Gomes,2025-08-24 04:06:27,noise
6393726218800,6393045592855,T244,21.3,Omar Gomes,2025-08-24 14:02:19,noise
6393726218800,6399496417009,T193,18.3,Omar Gomes,2025-08-23 22:05:44,noise
6393726218800,6399496417009,T193,23.8,Omar Gomes,2025-08-23 16:09:18,noise
6393726218800,6399496417009,T193,29.4,Omar Gomes,2025-08-22 15:26:10,noise
6393726218800,6399496417009,T244,26.1,Omar Gomes,2025-08-22 23:15:45,noise
6393726218800,6394882630315,T193,20.5,Omar Gomes,2025-08-21 17:02:48,noise
6393726218800,6397792731200,T193,15.2,Omar Gomes,2025-08-20 09:13:32,noise
6393726218800,6399165981131,T193,11.9,Omar Gomes,2025-08-19 21:17:46,noise
6393726218800,6398491189169,T244,20.6,Omar Gomes,2025-08-19 09:27:04,noise
6393726218800,6399496417009,T193,10.0,Omar Gomes,2025-08-18 23:10:09,noise
6393726218800,6396743661793,T193,52.6,Omar Gomes,2025-08-17 04:15:57,noise
6393726218800,6393493304331,T244,86.1,Omar Gomes,2025-08-17 19:05:52,noise
6393726218800,6393493304331,T244,9.0,Omar Gomes,2025-08-16 18:08:07,noise
6393726218800,6391085319364,T244,50.8,Omar Gomes,2025-08-16 14:07:25,noise
6393726218800,6399496417009,T193,31.0,Omar Gomes,2025-08-16 08:12:14,noise
6393726218800,6399165981131,T244,6.3,Omar Gomes,2025-08-15 13:23:46,noise
6393726218800,6399165981131,T193,12.1,Omar Gomes,2025-08-15 17:26:16,noise
6393726218800,6392724977358,T244,6.6,Omar Gomes,2025-08-15 09:16:19,noise
6393726218800,6394841742270,T244,52.4,Omar Gomes,2025-08-14 16:07:19,noise
6393726218800,6399165981131,T244,26.7,Omar Gomes,2025-08-14 17:29:34,noise
6393726218800,6399165981131,T244,27.1,Omar Gomes,2025-08-13 23:29:02,noise
6393726218800,6399165981131,T244,19.8,Omar Gomes,2025-08-13 19:14:58,noise
6393726218800,6397636641248,T193,21.1,Omar Gomes,2025-08-12 13:29:01,noise
6393726218800,6398391305137,T244,27.9,Omar Gomes,2025-08-11 08:27:13,noise
6393726218800,6399496417009,T193,3.6,Omar Gomes,2025-08-11 05:30:24,noise
6393726218800,6399496417009,T244,17.6,Omar Gomes,2025-08-10 08:06:43,noise
6393726218800,6399496417009,T193,31.6,Omar Gomes,2025-08-10 13:26:33,noise
6393726218800,6399165981131,T244,9.0,Omar Gomes,2025-08-09 18:28:13,noise
6393726218800,6399165981131,T193,13.0,Omar Gomes,2025-08-09 15:15:50,noise
6393726218800,6399165981131,T244,44.3,Omar Gomes,2025-08-08 20:16:39,noise
6393726218800,6393493304331,T244,10.2,Omar Gomes,2025-08-07 22:12:21,noise
6393726218800,6399165981131,T193,5.5,Omar Gomes,2025-08-07 12:28:06,noise
6393726218800,6394882630315,T193,10.1,Omar Gomes,2025-08-06 17:22:38,noise
6393726218800,6395656527999,T193,11.7,Omar Gomes,2025-08-06 08:28:01,noise
6393726218800,6399496417009,T193,48.6,Omar Gomes,2025-08-06 15:24:15,noise
6393726218800,6399496417009,T193,51.9,Omar Gomes,2025-08-05 22:10:09,noise
6393726218800,6393723821869,T244,9.8,Omar Gomes,2025-08-05 16:17:44,noise
6393726218800,6393726218800,T244,14.1,Omar Gomes,2025-08-04 23:25:52,noise
6393726218800,6393493304331,T244,5.7,Omar Gomes,2025-08-04 18:02:39,noise
6396956928083,6399471209395,T158,31.7,Elena Anderson,2025-10-18 10:18:10,noise
6396956928083,6397554224472,T158,7.8,Elena Anderson,2025-10-17 16:14:37,noise
6396956928083,6396892073434,T158,7.1,Elena Anderson,2025-10-17 16:19:38,noise
6396956928083,6397652242448,T158,16.3,Elena Anderson,2025-10-16 09:21:57,noise
6396956928083,6395363927709,T158,41.0,Elena Anderson,2025-10-16 14:10:50,noise
6396956928083,6396859651169,T281,12.2,Elena Anderson,2025-10-16 09:28:54,noise
6396956928083,6392059565366,T158,19.2,Elena Anderson,2025-10-15 09:06:36,noise
6396956928083,6396859651169,T281,8.4,Elena Anderson,2025-10-14 14:17:27,noise
6396956928083,6397274004764,T158,19.5,Elena Anderson,2025-10-14 01:11:39,noise
6396956928083,6397274004764,T158,15.2,Elena Anderson,2025-10-14 13:02:33,noise
6396956928083,6397274004764,T281,4.9,Elena Anderson,2025-10-13 15:06:02,noise
6396956928083,6397274004764,T158,13.0,Elena Anderson,2025-10-13 17:30:53,noise
6396956928083,6392085020554,T281,32.2,Elena Anderson,2025-10-12 15:09:49,noise
6396956928083,6397554224472,T281,9.2,Elena Anderson,2025-10-11 19:18:21,noise
6396956928083,6394882630315,T158,10.7,Elena Anderson,2025-10-10 03:23:12,noise
6396956928083,6397274004764,T158,19.0,Elena Anderson,2025-10-10 18:22:15,noise
6396956928083,6397274004764,T158,6.1,Elena Anderson,2025-10-10 18:11:05,noise
6396956928083,6398445554732,T158,12.3,Elena Anderson,2025-10-09 09:01:36,noise
6396956928083,6395778639223,T158,25.8,Elena Anderson,2025-10-09 18:07:37,noise
6396956928083,6395363927709,T281,46.1,Elena Anderson,2025-10-09 05:18:41,noise
6396956928083,6399924544312,T158,10.9,Elena Anderson,2025-10-08 03:12:07,noise
6396956928083,6396859651169,T281,15.7,Elena Anderson,2025-10-08 14:30:31,noise
6396956928083,6396859651169,T158,13.5,Elena Anderson,2025-10-08 18:28:18,noise
6396956928083,6397554224472,T281,36.7,Elena Anderson,2025-10-07 01:04:17,noise
6396956928083,6397274004764,T158,18.8,Elena Anderson,2025-10-07 20:29:02,noise
6396956928083,6396859651169,T158,13.5,Elena Anderson,2025-10-06 16:19:19,noise
6396956928083,6397274004764,T281,11.9,Elena Anderson,2025-10-06 17:25:11,noise
6396956928083,6397554224472,T158,10.2,Elena Anderson,2025-10-05 22:17:22,noise
6396956928083,6396423658378,T281,6.7,Elena Anderson,2025-10-05 09:27:55,noise
6396956928083,6397274004764,T281,13.1,Elena Anderson,2025-10-04 19:03:57,noise
6396956928083,6396859651169,T158,5.9,Elena Anderson,2025-10-03 08:06:47,noise
6396956928083,6395255503056,T158,12.5,Elena Anderson,2025-10-03 16:01:08,noise
6396956928083,6397274004764,T281,46.9,Elena Anderson,2025-10-02 18:06:31,noise
6396956928083,6397274004764,T158,5.8,Elena Anderson,2025-10-02 08:23:57,noise
6396956928083,6397274004764,T158,28.9,Elena Anderson,2025-10-01 17:19:24,noise
6396956928083,6396859651169,T281,7.8,Elena Anderson,2025-10-01 21:17:21,noise
6396956928083,6391757381529,T281,10.0,Elena Anderson,2025-09-30 12:04:22,noise
6396956928083,6392885325965,T158,35.4,Elena Anderson,2025-09-30 08:26:19,noise
6396956928083,6397554224472,T281,21.6,Elena Anderson,2025-09-29 20:02:38,noise
6396956928083,6397554224472,T158,18.0,Elena Anderson,2025-09-29 14:29:30,noise
6396956928083,6397274004764,T281,28.2,Elena Anderson,2025-09-28 09:18:14,noise
6396956928083,6396859651169,T158,8.3,Elena Anderson,2025-09-28 01:16:26,noise
6396956928083,6397554224472,T158,22.5,Elena Anderson,2025-09-28 14:03:21,noise
6396956928083,6397554224472,T158,28.6,Elena Anderson,2025-09-27 23:24:59,noise
6396956928083,6396859651169,T158,13.8,Elena Anderson,2025-09-27 16:29:34,noise
6396956928083,6397554224472,T281,20.7,Elena Anderson,2025-09-26 16:30:23,noise
6396956928083,6396978132661,T281,24.2,Elena Anderson,2025-09-26 18:08:09,noise
6396956928083,6399799920361,T281,29.9,Elena Anderson,2025-09-25 10:01:41,noise
6396956928083,6391757381529,T281,7.1,Elena Anderson,2025-09-25 19:08:45,noise
6396956928083,6397554224472,T158,48.1,Elena Anderson,2025-09-25 20:24:27,noise
6396956928083,6396978132661,T158,24.1,Elena Anderson,2025-09-24 11:07:27,noise
6396956928083,6392085020554,T281,13.6,Elena Anderson,2025-09-23 17:29:38,noise
6396956928083,6395082508928,T158,7.4,Elena Anderson,2025-09-23 21:04:16,noise
6396956928083,6396859651169,T281,4.9,Elena Anderson,2025-09-22 11:15:54,noise
6396956928083,6393951377482,T281,22.6,Elena Anderson,2025-09-21 05:16:24,noise
6396956928083,6396859651169,T281,7.7,Elena Anderson,2025-09-21 09:05:03,noise
6396956928083,6394272648738,T281,66.9,Elena Anderson,2025-09-20 16:06:58,noise
6396956928083,6397554224472,T158,6.3,Elena Anderson,2025-09-19 05:30:17,noise
6396956928083,6397554224472,T158,20.1,Elena Anderson,2025-09-18 10:21:14,noise
6396956928083,6396859651169,T158,12.1,Elena Anderson,2025-09-18 00:00:20,noise
6396956928083,6394264279208,T158,30.9,Elena Anderson,2025-09-18 19:25:42,noise
6396956928083,6393507307642,T281,69.1,Elena Anderson,2025-09-17 14:22:05,noise
6396956928083,6397554224472,T281,19.1,Elena Anderson,2025-09-16 09:16:46,noise
6396956928083,6391841771012,T281,16.3,Elena Anderson,2025-09-16 20:27:14,noise
6396956928083,6399856589429,T158,15.4,Elena Anderson,2025-09-15 20:27:50,noise
6396956928083,6396859651169,T158,12.6,Elena Anderson,2025-09-15 13:10:54,noise
6396956928083,6398906791192,T158,60.2,Elena Anderson,2025-09-14 16:22:16,noise
6396956928083,6397554224472,T158,18.7,Elena Anderson,2025-09-14 17:15:25,noise
6396956928083,6396859651169,T158,17.6,Elena Anderson,2025-09-14 14:03:41,noise
6396956928083,6396859651169,T158,9.6,Elena Anderson,2025-09-13 01:27:24,noise
6396956928083,6397554224472,T158,16.6,Elena Anderson,2025-09-12 19:25:56,noise
6396956928083,6394882630315,T281,24.7,Elena Anderson,2025-09-12 19:23:25,noise
6396956928083,6397274004764,T158,27.7,Elena Anderson,2025-09-11 00:15:35,noise
6396956928083,6397554224472,T158,28.6,Elena Anderson,2025-09-11 10:21:56,noise
6396956928083,6395978599202,T281,21.7,Elena Anderson,2025-09-10 11:02:46,noise
6396956928083,6397274004764,T281,8.2,Elena Anderson,2025-09-10 10:29:13,noise
6396956928083,6391085319364,T281,10.1,Elena Anderson,2025-09-10 13:06:27,noise
6396956928083,6397197783416,T281,21.9,Elena Anderson,2025-09-09 12:14:26,noise
6396956928083,6397554224472,T158,8.6,Elena Anderson,2025-09-08 10:11:37,noise
6396956928083,6396181402712,T281,2.2,Elena Anderson,2025-09-08 19:20:51,noise
6396956928083,6397274004764,T158,20.8,Elena Anderson,2025-09-07 15:27:11,noise
6396956928083,6398491189169,T281,20.3,Elena Anderson,2025-09-07 10:16:09,noise
6396956928083,6397554224472,T158,82.7,Elena Anderson,2025-09-06 09:25:46,noise
6396956928083,6396892073434,T158,94.2,Elena Anderson,2025-09-06 19:02:36,noise
6396956928083,6399979024610,T158,10.3,Elena Anderson,2025-09-05 17:06:37,noise
6396956928083,6397274004764,T281,19.8,Elena Anderson,2025-09-05 19:10:52,noise
6396956928083,6397554224472,T158,9.9,Elena Anderson,2025-09-04 11:27:46,noise
6396956928083,6397274004764,T281,9.0,Elena Anderson,2025-09-04 15:08:32,noise
6396956928083,6397554224472,T158,11.0,Elena Anderson,2025-09-04 20:19:48,noise
6396956928083,6397274004764,T281,24.7,Elena Anderson,2025-09-03 17:20:57,noise
6396956928083,6397274004764,T158,24.1,Elena Anderson,2025-09-03 14:28:36,noise
6396956928083,6397274004764,T281,11.1,Elena Anderson,2025-09-02 16:02:10,noise
6396956928083,6397209902585,T158,47.2,Elena Anderson,2025-09-02 14:02:22,noise
6396956928083,6397554224472,T158,42.0,Elena Anderson,2025-09-01 16:13:00,noise
6396956928083,6397554224472,T158,30.9,Elena Anderson,2025-09-01 01:27:51,noise
6396956928083,6397235532708,T158,15.8,Elena Anderson,2025-09-01 10:17:16,noise
6396956928083,6391575752536,T158,13.3,Elena Anderson,2025-08-31 08:07:32,noise
6396956928083,6397274004764,T281,26.9,Elena Anderson,2025-08-31 18:19:20,noise
6396956928083,6396859651169,T158,49.2,Elena Anderson,2025-08-31 09:27:46,noise
6396956928083,6392052186148,T281,5.4,Elena Anderson,2025-08-30 19:29:35,noise
6396956928083,6397554224472,T281,6.3,Elena Anderson,2025-08-29 08:26:28,noise
6396956928083,6397554224472,T281,25.0,Elena Anderson,2025-08-28 19:02:08,noise
6396956928083,6397274004764,T281,28.1,Elena Anderson,2025-08-27 14:03:18,noise
6396956928083,6397274004764,T281,34.5,Elena Anderson,2025-08-27 00:19:43,noise
6396956928083,6392052186148,T281,16.2,Elena Anderson,2025-08-26 13:21:23,noise
6396956928083,6393859907578,T281,11.0,Elena Anderson,2025-08-26 18:17:53,noise
6396956928083,6396859651169,T158,53.0,Elena Anderson,2025-08-25 16:07:18,noise
6396956928083,6392795791102,T281,32.3,Elena Anderson,2025-08-25 21:13:08,noise
6396956928083,6396518798247,T158,6.3,Elena Anderson,2025-08-24 15:14:06,noise
6396956928083,6391279393246,T281,25.6,Elena Anderson,2025-08-24 00:12:34,noise
6396956928083,6396859651169,T281,40.2,Elena Anderson,2025-08-23 15:15:13,noise
6396956928083,6396227547092,T158,21.9,Elena Anderson,2025-08-22 14:19:11,noise
6396956928083,6397554224472,T158,12.6,Elena Anderson,2025-08-22 20:20:28,noise
6396956928083,6393723821869,T281,41.1,Elena Anderson,2025-08-22 18:18:13,noise
6396956928083,6397197783416,T158,30.3,Elena Anderson,2025-08-21 19:00:15,noise
6396956928083,6396859651169,T158,13.8,Elena Anderson,2025-08-21 11:27:16,noise
6396956928083,6397274004764,T281,18.4,Elena Anderson,2025-08-21 13:20:20,noise
6396956928083,6395975932913,T158,10.8,Elena Anderson,2025-08-20 15:16:01,noise
6396956928083,6397274004764,T158,12.4,Elena Anderson,2025-08-19 09:11:33,noise
6396956928083,6397554224472,T158,18.3,Elena Anderson,2025-08-19 09:18:57,noise
6396956928083,6397792731200,T158,9.6,Elena Anderson,2025-08-19 13:20:48,noise
6396956928083,6397554224472,T158,9.1,Elena Anderson,2025-08-18 18:20:02,noise
6396956928083,6396859651169,T158,99.1,Elena Anderson,2025-08-18 14:23:02,noise
6396956928083,6397274004764,T158,12.1,Elena Anderson,2025-08-17 17:13:34,noise
6396956928083,6399259551176,T281,28.0,Elena Anderson,2025-08-17 18:23:59,noise
6396956928083,6397554224472,T158,32.6,Elena Anderson,2025-08-16 15:28:31,noise
6396956928083,6397844655371,T158,23.3,Elena Anderson,2025-08-15 02:26:18,noise
6396956928083,6397274004764,T281,16.9,Elena Anderson,2025-08-14 16:01:53,noise
6396956928083,6392779062252,T158,30.9,Elena Anderson,2025-08-14 16:25:56,noise
6396956928083,6397274004764,T281,49.9,Elena Anderson,2025-08-13 10:21:08,noise
6396956928083,6397364632100,T158,38.2,Elena Anderson,2025-08-13 16:11:13,noise
6396956928083,6397197783416,T158,9.8,Elena Anderson,2025-08-12 10:15:13,noise
6396956928083,6397554224472,T158,50.8,Elena Anderson,2025-08-12 18:05:42,noise
6396956928083,6396978132661,T281,18.9,Elena Anderson,2025-08-12 18:11:16,noise
6396956928083,6399799920361,T281,25.4,Elena Anderson,2025-08-11 08:28:58,noise
6396956928083,6396859651169,T158,12.4,Elena Anderson,2025-08-11 15:15:54,noise
6396956928083,6397274004764,T158,7.1,Elena Anderson,2025-08-10 14:19:30,noise
6396956928083,6396033004999,T158,12.4,Elena Anderson,2025-08-09 13:26:53,noise
6396956928083,6393726218800,T158,8.6,Elena Anderson,2025-08-09 02:16:17,noise
6396956928083,6395363927709,T281,22.9,Elena Anderson,2025-08-08 15:08:58,noise
6396956928083,6396033004999,T158,14.7,Elena Anderson,2025-08-08 11:22:24,noise
6396956928083,6396859651169,T158,4.8,Elena Anderson,2025-08-08 14:08:06,noise
6396956928083,6397274004764,T158,14.3,Elena Anderson,2025-08-07 17:16:06,noise
6396956928083,6397274004764,T158,19.8,Elena Anderson,2025-08-07 09:05:24,noise
6396956928083,6396892073434,T281,8.1,Elena Anderson,2025-08-07 21:13:51,noise
6396956928083,6397554224472,T281,6.5,Elena Anderson,2025-08-06 13:09:11,noise
6396956928083,6396859651169,T281,7.3,Elena Anderson,2025-08-06 16:08:11,noise
6396956928083,6397652242448,T281,8.8,Elena Anderson,2025-08-06 16:10:54,noise
6396956928083,6396859651169,T158,26.7,Elena Anderson,2025-08-05 18:14:38,noise
6396956928083,6395978599202,T158,13.0,Elena Anderson,2025-08-05 18:00:58,noise
6396956928083,6397554224472,T281,5.2,Elena Anderson,2025-08-04 17:06:30,noise
6395975932913,6394779148527,T337,56.5,Diego Tanaka,2025-10-18 22:07:52,noise
6395975932913,6399799920361,T474,33.1,Diego Tanaka,2025-10-18 10:25:25,noise
6395975932913,6397197783416,T337,6.4,Diego Tanaka,2025-10-17 11:25:16,noise
6395975932913,6396095128059,T474,19.9,Diego Tanaka,2025-10-17 08:22:06,noise
6395975932913,6395363927709,T474,10.3,Diego Tanaka,2025-10-17 17:24:46,noise
6395975932913,6397652242448,T474,13.5,Diego Tanaka,2025-10-16 17:02:23,noise
6395975932913,6397636641248,T474,10.9,Diego Tanaka,2025-10-16 10:18:11,noise
6395975932913,6397008615813,T474,51.0,Diego Tanaka,2025-10-15 23:23:40,noise
6395975932913,6396033004999,T474,13.1,Diego Tanaka,2025-10-15 10:26:39,noise
6395975932913,6399799920361,T474,12.6,Diego Tanaka,2025-10-14 12:14:02,noise
6395975932913,6396095128059,T474,14.8,Diego Tanaka,2025-10-14 09:21:49,noise
6395975932913,6396095128059,T337,23.3,Diego Tanaka,2025-10-14 11:25:09,noise
6395975932913,6392334677082,T337,9.0,Diego Tanaka,2025-10-13 23:30:18,noise
6395975932913,6396693621506,T474,15.2,Diego Tanaka,2025-10-12 08:09:35,noise
6395975932913,6394272648738,T474,17.3,Diego Tanaka,2025-10-12 19:22:28,noise
6395975932913,6399799920361,T337,15.7,Diego Tanaka,2025-10-12 16:01:10,noise
6395975932913,6396095128059,T474,49.5,Diego Tanaka,2025-10-11 09:03:33,noise
6395975932913,6399799920361,T474,14.6,Diego Tanaka,2025-10-11 18:23:48,noise
6395975932913,6392085020554,T474,10.1,Diego Tanaka,2025-10-10 21:03:28,noise
6395975932913,6396095128059,T474,18.3,Diego Tanaka,2025-10-10 11:11:12,noise
6395975932913,6392835511896,T337,20.1,Diego Tanaka,2025-10-10 12:21:09,noise
6395975932913,6397008615813,T474,7.9,Diego Tanaka,2025-10-09 00:07:11,noise
6395975932913,6399799920361,T474,22.2,Diego Tanaka,2025-10-09 18:16:24,noise
6395975932913,6397008615813,T474,8.9,Diego Tanaka,2025-10-08 14:17:16,noise
6395975932913,6397008615813,T474,12.5,Diego Tanaka,2025-10-07 14:15:06,noise
6395975932913,6399924544312,T337,13.5,Diego Tanaka,2025-10-07 22:27:23,noise
6395975932913,6398491189169,T337,15.9,Diego Tanaka,2025-10-06 19:01:40,noise
6395975932913,6397008615813,T337,14.5,Diego Tanaka,2025-10-06 08:25:02,noise
6395975932913,6392085020554,T474,46.2,Diego Tanaka,2025-10-05 14:17:18,noise
6395975932913,6396095128059,T474,37.8,Diego Tanaka,2025-10-04 12:27:34,noise
6395975932913,6397008615813,T474,11.4,Diego Tanaka,2025-10-04 17:02:37,noise
6395975932913,6398036705746,T474,12.5,Diego Tanaka,2025-10-03 14:23:54,noise
6395975932913,6393951377482,T337,16.2,Diego Tanaka,2025-10-03 13:22:33,noise
6395975932913,6397008615813,T337,12.9,Diego Tanaka,2025-10-02 10:08:32,noise
6395975932913,6399799920361,T474,9.1,Diego Tanaka,2025-10-01 22:00:28,noise
6395975932913,6396927514387,T337,29.8,Diego Tanaka,2025-09-30 13:14:10,noise
6395975932913,6396095128059,T337,29.9,Diego Tanaka,2025-09-30 09:01:26,noise
6395975932913,6396956928083,T474,47.4,Diego Tanaka,2025-09-29 14:15:10,noise
6395975932913,6396095128059,T337,17.3,Diego Tanaka,2025-09-29 20:12:15,noise
6395975932913,6396095128059,T337,14.6,Diego Tanaka,2025-09-28 15:15:21,noise
6395975932913,6399799920361,T474,16.7,Diego Tanaka,2025-09-28 09:11:17,noise
6395975932913,6397008615813,T474,7.9,Diego Tanaka,2025-09-27 18:28:36,noise
6395975932913,6397008615813,T474,7.5,Diego Tanaka,2025-09-27 15:19:39,noise
6395975932913,6396095128059,T337,6.8,Diego Tanaka,2025-09-26 19:02:06,noise
6395975932913,6392795791102,T474,23.0,Diego Tanaka,2025-09-26 18:29:50,noise
6395975932913,6392523182756,T337,77.3,Diego Tanaka,2025-09-25 08:16:25,noise
6395975932913,6396927514387,T337,13.2,Diego Tanaka,2025-09-24 23:04:36,noise
6395975932913,6392779062252,T474,12.4,Diego Tanaka,2025-09-24 18:22:30,noise
6395975932913,6399799920361,T474,66.4,Diego Tanaka,2025-09-23 18:15:39,noise
6395975932913,6399924544312,T474,17.7,Diego Tanaka,2025-09-23 15:21:36,noise
6395975932913,6396095128059,T337,15.0,Diego Tanaka,2025-09-22 16:12:05,noise
6395975932913,6393726218800,T474,10.5,Diego Tanaka,2025-09-22 11:25:26,noise
6395975932913,6396468854276,T337,6.5,Diego Tanaka,2025-09-22 14:08:47,noise
6395975932913,6397316055758,T474,5.1,Diego Tanaka,2025-09-21 09:08:39,noise
6395975932913,6395913076726,T474,11.9,Diego Tanaka,2025-09-21 09:12:10,noise
6395975932913,6391575752536,T337,25.2,Diego Tanaka,2025-09-20 17:00:32,noise
6395975932913,6393507307642,T337,28.1,Diego Tanaka,2025-09-20 10:14:07,noise
6395975932913,6397008615813,T474,6.9,Diego Tanaka,2025-09-20 13:13:12,noise
6395975932913,6396095128059,T474,7.6,Diego Tanaka,2025-09-19 23:10:25,noise
6395975932913,6396095128059,T474,41.9,Diego Tanaka,2025-09-18 19:26:42,noise
6395975932913,6399799920361,T474,74.9,Diego Tanaka,2025-09-18 01:04:29,noise
6395975932913,6397008615813,T337,50.1,Diego Tanaka,2025-09-17 15:11:35,noise
6395975932913,6393951377482,T474,3.2,Diego Tanaka,2025-09-17 01:19:03,noise
6395975932913,6391621634803,T474,9.4,Diego Tanaka,2025-09-16 20:28:39,noise
6395975932913,6399799920361,T474,46.2,Diego Tanaka,2025-09-15 19:04:57,noise
6395975932913,6396095128059,T337,12.3,Diego Tanaka,2025-09-15 08:03:58,noise
6395975932913,6399799920361,T474,9.3,Diego Tanaka,2025-09-15 13:00:36,noise
6395975932913,6396859651169,T474,38.9,Diego Tanaka,2025-09-14 01:30:47,noise
6395975932913,6397235532708,T337,18.8,Diego Tanaka,2025-09-14 17:10:30,noise
6395975932913,6393045592855,T337,8.6,Diego Tanaka,2025-09-13 15:14:49,noise
6395975932913,6397844655371,T474,9.9,Diego Tanaka,2025-09-13 15:12:00,noise
6395975932913,6396095128059,T337,28.7,Diego Tanaka,2025-09-13 14:06:35,noise
6395975932913,6397588030313,T337,11.3,Diego Tanaka,2025-09-12 02:14:28,noise
6395975932913,6397008615813,T337,39.1,Diego Tanaka,2025-09-12 13:27:41,noise
6395975932913,6393507307642,T337,11.0,Diego Tanaka,2025-09-12 20:13:36,noise
6395975932913,6395082508928,T474,12.6,Diego Tanaka,2025-09-11 13:06:14,noise
6395975932913,6399799920361,T474,59.0,Diego Tanaka,2025-09-10 16:29:39,noise
6395975932913,6399799920361,T474,10.0,Diego Tanaka,2025-09-10 10:26:17,noise
6395975932913,6397008615813,T337,7.6,Diego Tanaka,2025-09-10 20:22:04,noise
6395975932913,6399799920361,T337,7.0,Diego Tanaka,2025-09-09 13:03:08,noise
6395975932913,6399799920361,T337,12.3,Diego Tanaka,2025-09-09 11:06:48,noise
6395975932913,6397008615813,T337,53.3,Diego Tanaka,2025-09-09 08:10:50,noise
6395975932913,6396423658378,T474,14.6,Diego Tanaka,2025-09-08 13:02:37,noise
6395975932913,6399799920361,T474,13.8,Diego Tanaka,2025-09-07 17:09:09,noise
6395975932913,6396095128059,T474,26.8,Diego Tanaka,2025-09-07 13:25:07,noise
6395975932913,6399799920361,T337,18.7,Diego Tanaka,2025-09-06 12:21:34,noise
6395975932913,6393951377482,T337,37.1,Diego Tanaka,2025-09-06 14:08:24,noise
6395975932913,6392334677082,T337,9.4,Diego Tanaka,2025-09-06 13:24:37,noise
6395975932913,6399799920361,T474,11.5,Diego Tanaka,2025-09-05 19:30:22,noise
6395975932913,6399799920361,T337,27.5,Diego Tanaka,2025-09-05 18:10:47,noise
6395975932913,6399799920361,T337,128.9,Diego Tanaka,2025-09-04 14:23:53,noise
6395975932913,6391194839118,T474,32.1,Diego Tanaka,2025-09-04 08:22:02,noise
6395975932913,6396095128059,T337,9.7,Diego Tanaka,2025-09-03 15:13:57,noise
6395975932913,6396095128059,T337,18.9,Diego Tanaka,2025-09-03 18:13:51,noise
6395975932913,6397008615813,T474,15.2,Diego Tanaka,2025-09-03 20:00:04,noise
6395975932913,6399799920361,T474,18.4,Diego Tanaka,2025-09-02 16:08:40,noise
6395975932913,6396095128059,T337,20.2,Diego Tanaka,2025-09-02 20:25:03,noise
6395975932913,6396095128059,T474,13.8,Diego Tanaka,2025-09-01 10:25:45,noise
6395975932913,6397008615813,T474,43.0,Diego Tanaka,2025-09-01 11:20:10,noise
6395975932913,6397008615813,T474,8.0,Diego Tanaka,2025-09-01 08:26:48,noise
6395975932913,6397008615813,T474,28.4,Diego Tanaka,2025-08-31 13:26:51,noise
6395975932913,6399799920361,T474,12.2,Diego Tanaka,2025-08-30 02:15:31,noise
6395975932913,6397008615813,T337,34.4,Diego Tanaka,2025-08-30 08:22:28,noise
6395975932913,6398391305137,T337,26.1,Diego Tanaka,2025-08-29 15:12:11,noise
6395975932913,6399521620276,T474,29.5,Diego Tanaka,2025-08-28 16:22:37,noise
6395975932913,6399799920361,T337,21.4,Diego Tanaka,2025-08-28 15:17:04,noise
6395975932913,6399799920361,T337,8.1,Diego Tanaka,2025-08-27 20:22:36,noise
6395975932913,6396095128059,T474,16.5,Diego Tanaka,2025-08-27 14:18:55,noise
6395975932913,6399799920361,T474,31.4,Diego Tanaka,2025-08-26 20:24:11,noise
6395975932913,6396095128059,T474,10.7,Diego Tanaka,2025-08-26 10:00:27,noise
6395975932913,6397008615813,T337,11.9,Diego Tanaka,2025-08-25 18:15:19,noise
6395975932913,6396095128059,T474,14.3,Diego Tanaka,2025-08-24 10:27:02,noise
6395975932913,6396095128059,T337,14.1,Diego Tanaka,2025-08-24 10:18:37,noise
6395975932913,6396468854276,T474,12.0,Diego Tanaka,2025-08-23 21:12:09,noise
6395975932913,6397008615813,T474,50.1,Diego Tanaka,2025-08-23 12:16:18,noise
6395975932913,6396227547092,T474,53.0,Diego Tanaka,2025-08-22 16:14:23,noise
6395975932913,6397008615813,T474,22.4,Diego Tanaka,2025-08-22 18:09:20,noise
6395975932913,6396095128059,T474,13.5,Diego Tanaka,2025-08-21 13:02:32,noise
6395975932913,6397008615813,T474,6.5,Diego Tanaka,2025-08-20 12:30:33,noise
6395975932913,6396095128059,T337,24.6,Diego Tanaka,2025-08-20 17:10:18,noise
6395975932913,6399856589429,T474,7.6,Diego Tanaka,2025-08-19 05:08:07,noise
6395975932913,6394555912795,T474,47.3,Diego Tanaka,2025-08-18 22:02:29,noise
6395975932913,6397364632100,T337,40.6,Diego Tanaka,2025-08-17 21:01:06,noise
6395975932913,6396095128059,T337,2.3,Diego Tanaka,2025-08-17 12:03:20,noise
6395975932913,6395656527999,T474,17.6,Diego Tanaka,2025-08-17 10:29:19,noise
6395975932913,6399799920361,T337,14.6,Diego Tanaka,2025-08-16 21:27:30,noise
6395975932913,6397792731200,T474,8.8,Diego Tanaka,2025-08-16 14:21:45,noise
6395975932913,6397008615813,T474,10.3,Diego Tanaka,2025-08-15 11:25:58,noise
6395975932913,6391279393246,T337,4.9,Diego Tanaka,2025-08-15 21:10:53,noise
6395975932913,6396927514387,T474,17.8,Diego Tanaka,2025-08-14 09:20:44,noise
6395975932913,6396095128059,T474,9.0,Diego Tanaka,2025-08-14 02:19:49,noise
6395975932913,6394272648738,T337,25.1,Diego Tanaka,2025-08-13 01:13:22,noise
6395975932913,6392724977358,T474,67.2,Diego Tanaka,2025-08-13 20:21:43,noise
6395975932913,6396095128059,T337,4.1,Diego Tanaka,2025-08-12 13:09:43,noise
6395975932913,6393135045026,T337,22.2,Diego Tanaka,2025-08-12 14:03:41,noise
6395975932913,6397008615813,T337,85.9,Diego Tanaka,2025-08-11 12:29:37,noise
6395975932913,6397008615813,T337,16.0,Diego Tanaka,2025-08-10 19:06:07,noise
6395975932913,6397008615813,T474,9.1,Diego Tanaka,2025-08-10 19:10:40,noise
6395975932913,6391937903040,T474,8.0,Diego Tanaka,2025-08-09 16:28:15,noise
6395975932913,6391575752536,T474,15.4,Diego Tanaka,2025-08-09 12:16:49,noise
6395975932913,6397008615813,T474,6.7,Diego Tanaka,2025-08-08 14:13:06,noise
6395975932913,6397008615813,T337,5.5,Diego Tanaka,2025-08-08 09:30:06,noise
6395975932913,6393859907578,T474,10.0,Diego Tanaka,2025-08-08 10:29:22,noise
6395975932913,6394882630315,T337,12.1,Diego Tanaka,2025-08-07 18:07:00,noise
6395975932913,6399799920361,T337,19.0,Diego Tanaka,2025-08-07 12:21:28,noise
6395975932913,6396095128059,T337,19.1,Diego Tanaka,2025-08-07 11:28:01,noise
6395975932913,6396468854276,T337,18.7,Diego Tanaka,2025-08-06 17:06:00,noise
6395975932913,6397008615813,T337,15.2,Diego Tanaka,2025-08-06 09:02:53,noise
6395975932913,6396095128059,T474,12.7,Diego Tanaka,2025-08-05 11:12:25,noise
6395975932913,6397008615813,T474,24.0,Diego Tanaka,2025-08-04 21:13:23,noise
6395975932913,6397008615813,T337,11.9,Diego Tanaka,2025-08-04 16:04:59,noise
6395975932913,6391575752536,T474,19.0,Diego Tanaka,2025-08-04 12:22:51,noise
6395455137652,6397664580862,T139,7.8,Omar Chen,2025-10-18 15:03:52,noise
6395455137652,6396693621506,T139,31.8,Omar Chen,2025-10-18 09:29:05,noise
6395455137652,6397664580862,T139,16.2,Omar Chen,2025-10-17 11:09:40,noise
6395455137652,6397664580862,T364,35.4,Omar Chen,2025-10-16 10:01:57,noise
6395455137652,6392052186148,T139,2.6,Omar Chen,2025-10-16 16:29:06,noise
6395455137652,6391841771012,T139,15.7,Omar Chen,2025-10-16 04:25:14,noise
6395455137652,6391841771012,T364,7.0,Omar Chen,2025-10-15 13:11:59,noise
6395455137652,6397664580862,T139,10.9,Omar Chen,2025-10-15 08:18:34,noise
6395455137652,6391841771012,T364,10.9,Omar Chen,2025-10-15 10:17:15,noise
6395455137652,6391841771012,T364,8.7,Omar Chen,2025-10-14 14:12:25,noise
6395455137652,6391841771012,T364,3.6,Omar Chen,2025-10-13 13:30:31,noise
6395455137652,6391841771012,T364,42.9,Omar Chen,2025-10-13 19:17:56,noise
6395455137652,6395913076726,T139,54.8,Omar Chen,2025-10-12 22:11:23,noise
6395455137652,6391841771012,T364,9.3,Omar Chen,2025-10-12 14:08:55,noise
6395455137652,6393794997179,T364,43.2,Omar Chen,2025-10-12 08:02:11,noise
6395455137652,6395913076726,T139,16.5,Omar Chen,2025-10-11 19:13:30,noise
6395455137652,6395913076726,T139,12.9,Omar Chen,2025-10-10 16:28:29,noise
6395455137652,6395913076726,T139,90.3,Omar Chen,2025-10-10 10:10:53,noise
6395455137652,6392779062252,T364,45.5,Omar Chen,2025-10-10 22:28:12,noise
6395455137652,6397664580862,T364,15.2,Omar Chen,2025-10-09 13:10:29,noise
6395455137652,6399617100710,T364,14.3,Omar Chen,2025-10-09 08:04:00,noise
6395455137652,6397664580862,T139,35.0,Omar Chen,2025-10-08 10:15:13,noise
6395455137652,6391841771012,T364,20.3,Omar Chen,2025-10-08 19:25:00,noise
6395455137652,6395082508928,T364,42.2,Omar Chen,2025-10-08 23:16:04,noise
6395455137652,6394841742270,T364,17.7,Omar Chen,2025-10-07 19:29:38,noise
6395455137652,6395913076726,T139,22.0,Omar Chen,2025-10-07 10:05:24,noise
6395455137652,6395913076726,T364,13.1,Omar Chen,2025-10-07 14:19:47,noise
6395455137652,6395913076726,T364,11.2,Omar Chen,2025-10-06 10:29:24,noise
6395455137652,6393135045026,T364,16.8,Omar Chen,2025-10-06 22:11:22,noise
6395455137652,6397664580862,T364,12.1,Omar Chen,2025-10-05 09:04:23,noise
6395455137652,6397364632100,T139,28.6,Omar Chen,2025-10-04 08:10:48,noise
6395455137652,6397664580862,T139,10.3,Omar Chen,2025-10-04 18:03:21,noise
6395455137652,6395913076726,T364,39.6,Omar Chen,2025-10-03 12:11:30,noise
6395455137652,6391841771012,T139,11.4,Omar Chen,2025-10-03 19:09:22,noise
6395455137652,6397664580862,T139,8.7,Omar Chen,2025-10-02 08:10:05,noise
6395455137652,6393603835968,T364,11.4,Omar Chen,2025-10-02 15:09:15,noise
6395455137652,6395913076726,T364,36.8,Omar Chen,2025-10-01 20:13:43,noise
6395455137652,6397664580862,T139,35.4,Omar Chen,2025-10-01 11:10:32,noise
6395455137652,6397664580862,T364,18.4,Omar Chen,2025-09-30 09:01:19,noise
6395455137652,6397316055758,T139,15.2,Omar Chen,2025-09-30 15:04:31,noise
6395455137652,6392885325965,T139,39.1,Omar Chen,2025-09-30 15:27:31,noise
6395455137652,6395913076726,T364,15.4,Omar Chen,2025-09-29 16:28:08,noise
6395455137652,6395913076726,T364,43.6,Omar Chen,2025-09-29 16:14:50,noise
6395455137652,6392334677082,T364,19.0,Omar Chen,2025-09-28 18:26:01,noise
6395455137652,6397664580862,T364,10.2,Omar Chen,2025-09-27 15:17:48,noise
6395455137652,6394048553499,T364,18.7,Omar Chen,2025-09-27 20:27:26,noise
6395455137652,6391841771012,T364,23.4,Omar Chen,2025-09-27 08:30:22,noise
6395455137652,6391841771012,T364,8.7,Omar Chen,2025-09-26 15:08:08,noise
6395455137652,6397664580862,T364,16.9,Omar Chen,2025-09-26 15:12:53,noise
6395455137652,6397664580862,T364,5.3,Omar Chen,2025-09-25 10:19:51,noise
6395455137652,6395913076726,T139,15.2,Omar Chen,2025-09-25 11:25:00,noise
6395455137652,6395082508928,T364,10.9,Omar Chen,2025-09-24 16:28:48,noise
6395455137652,6391841771012,T364,8.3,Omar Chen,2025-09-24 10:25:21,noise
6395455137652,6396518798247,T139,4.9,Omar Chen,2025-09-23 13:23:27,noise
6395455137652,6397664580862,T139,17.2,Omar Chen,2025-09-23 14:07:04,noise
6395455137652,6397664580862,T364,15.4,Omar Chen,2025-09-23 08:18:49,noise
6395455137652,6396423658378,T139,8.6,Omar Chen,2025-09-22 19:11:04,noise
6395455137652,6392334677082,T139,12.4,Omar Chen,2025-09-22 11:22:57,noise
6395455137652,6395913076726,T364,6.0,Omar Chen,2025-09-22 01:24:22,noise
6395455137652,6395082508928,T139,14.1,Omar Chen,2025-09-21 14:13:08,noise
6395455137652,6392835511896,T139,16.8,Omar Chen,2025-09-21 10:20:45,noise
6395455137652,6391841771012,T364,38.4,Omar Chen,2025-09-20 09:02:43,noise
6395455137652,6396095128059,T364,9.2,Omar Chen,2025-09-20 14:26:23,noise
6395455137652,6395913076726,T364,5.4,Omar Chen,2025-09-19 21:12:17,noise
6395455137652,6391841771012,T139,14.0,Omar Chen,2025-09-19 16:17:05,noise
6395455137652,6396227547092,T139,11.1,Omar Chen,2025-09-18 08:27:16,noise
6395455137652,6395913076726,T139,22.7,Omar Chen,2025-09-18 19:04:06,noise
6395455137652,6397906422409,T139,15.4,Omar Chen,2025-09-18 15:12:26,noise
6395455137652,6393493304331,T139,17.5,Omar Chen,2025-09-17 13:13:04,noise
6395455137652,6391841771012,T139,9.8,Omar Chen,2025-09-16 16:17:27,noise
6395455137652,6396892073434,T364,22.0,Omar Chen,2025-09-16 08:26:09,noise
6395455137652,6395978599202,T364,40.7,Omar Chen,2025-09-16 10:24:55,noise
6395455137652,6395913076726,T364,9.6,Omar Chen,2025-09-15 20:29:58,noise
6395455137652,6394048553499,T364,6.3,Omar Chen,2025-09-15 01:01:15,noise
6395455137652,6394555912795,T364,18.1,Omar Chen,2025-09-14 17:20:19,noise
6395455137652,6395913076726,T364,9.3,Omar Chen,2025-09-14 19:28:05,noise
6395455137652,6391841771012,T364,13.1,Omar Chen,2025-09-13 08:22:46,noise
6395455137652,6397664580862,T364,7.1,Omar Chen,2025-09-13 08:03:46,noise
6395455137652,6391841771012,T364,3.1,Omar Chen,2025-09-13 10:27:33,noise
6395455137652,6397664580862,T364,7.0,Omar Chen,2025-09-12 10:29:43,noise
6395455137652,6397664580862,T139,57.7,Omar Chen,2025-09-12 22:12:30,noise
6395455137652,6395913076726,T139,46.0,Omar Chen,2025-09-11 11:01:22,noise
6395455137652,6391841771012,T364,16.5,Omar Chen,2025-09-11 15:03:47,noise
6395455137652,6397664580862,T364,5.1,Omar Chen,2025-09-10 17:00:02,noise
6395455137652,6391841771012,T364,11.6,Omar Chen,2025-09-10 08:21:07,noise
6395455137652,6391841771012,T364,14.0,Omar Chen,2025-09-09 08:05:03,noise
6395455137652,6391841771012,T364,16.0,Omar Chen,2025-09-09 11:13:13,noise
6395455137652,6397664580862,T139,22.9,Omar Chen,2025-09-09 11:05:50,noise
6395455137652,6399521620276,T364,23.5,Omar Chen,2025-09-08 13:21:20,noise
6395455137652,6397652242448,T139,6.5,Omar Chen,2025-09-08 20:18:47,noise
6395455137652,6399856589429,T139,19.5,Omar Chen,2025-09-07 13:10:08,noise
6395455137652,6392779062252,T364,16.0,Omar Chen,2025-09-07 09:28:49,noise
6395455137652,6393135045026,T364,10.2,Omar Chen,2025-09-06 13:13:26,noise
6395455137652,6392885325965,T139,16.5,Omar Chen,2025-09-06 13:19:04,noise
6395455137652,6395913076726,T364,23.4,Omar Chen,2025-09-05 09:28:36,noise
6395455137652,6391681212932,T364,18.3,Omar Chen,2025-09-05 22:22:29,noise
6395455137652,6395913076726,T364,14.7,Omar Chen,2025-09-04 18:03:10,noise
6395455137652,6397664580862,T139,13.5,Omar Chen,2025-09-04 11:02:51,noise
6395455137652,6396978132661,T364,25.7,Omar Chen,2025-09-03 11:15:00,noise
6395455137652,6398491189169,T364,19.9,Omar Chen,2025-09-03 14:19:28,noise
6395455137652,6396492957730,T364,25.7,Omar Chen,2025-09-02 16:27:58,noise
6395455137652,6391841771012,T139,67.5,Omar Chen,2025-09-01 18:04:03,noise
6395455137652,6395913076726,T139,20.4,Omar Chen,2025-08-31 20:15:56,noise
6395455137652,6397554224472,T364,11.7,Omar Chen,2025-08-31 13:10:23,noise
6395455137652,6397664580862,T139,7.8,Omar Chen,2025-08-30 01:07:59,noise
6395455137652,6399076960112,T139,7.4,Omar Chen,2025-08-29 20:17:28,noise
6395455137652,6395913076726,T139,17.6,Omar Chen,2025-08-29 18:27:12,noise
6395455137652,6395913076726,T364,24.0,Omar Chen,2025-08-29 17:06:58,noise
6395455137652,6395363927709,T139,4.0,Omar Chen,2025-08-28 17:23:04,noise
6395455137652,6397664580862,T364,21.0,Omar Chen,2025-08-28 10:13:22,noise
6395455137652,6395978599202,T364,59.4,Omar Chen,2025-08-27 12:20:24,noise
6395455137652,6395363927709,T364,11.9,Omar Chen,2025-08-26 10:00:09,noise
6395455137652,6397008615813,T364,22.4,Omar Chen,2025-08-26 20:08:06,noise
6395455137652,6395913076726,T139,20.0,Omar Chen,2025-08-25 10:04:56,noise
6395455137652,6395913076726,T139,15.6,Omar Chen,2025-08-25 15:06:22,noise
6395455137652,6391841771012,T139,10.6,Omar Chen,2025-08-25 00:26:58,noise
6395455137652,6396631526248,T364,11.3,Omar Chen,2025-08-24 13:24:11,noise
6395455137652,6391841771012,T364,23.7,Omar Chen,2025-08-23 10:04:34,noise
6395455137652,6391841771012,T364,4.8,Omar Chen,2025-08-22 15:05:53,noise
6395455137652,6391841771012,T139,42.2,Omar Chen,2025-08-22 12:23:29,noise
6395455137652,6394574621348,T364,69.8,Omar Chen,2025-08-22 08:01:05,noise
6395455137652,6395913076726,T364,30.8,Omar Chen,2025-08-21 16:09:45,noise
6395455137652,6395913076726,T364,36.6,Omar Chen,2025-08-20 23:21:29,noise
6395455137652,6391681212932,T364,3.6,Omar Chen,2025-08-19 13:12:39,noise
6395455137652,6391841771012,T364,10.3,Omar Chen,2025-08-19 14:09:10,noise
6395455137652,6391841771012,T364,35.1,Omar Chen,2025-08-18 14:13:52,noise
6395455137652,6396119144758,T364,30.5,Omar Chen,2025-08-18 14:11:56,noise
6395455137652,6391841771012,T364,10.8,Omar Chen,2025-08-17 13:10:22,noise
6395455137652,6395913076726,T364,17.7,Omar Chen,2025-08-16 20:29:42,noise
6395455137652,6391841771012,T364,10.6,Omar Chen,2025-08-16 12:12:38,noise
6395455137652,6397664580862,T364,14.4,Omar Chen,2025-08-15 18:25:13,noise
6395455137652,6396967557245,T139,6.4,Omar Chen,2025-08-15 11:17:39,noise
6395455137652,6392779062252,T364,18.3,Omar Chen,2025-08-14 20:24:55,noise
6395455137652,6397316055758,T364,4.1,Omar Chen,2025-08-13 15:19:55,noise
6395455137652,6394882630315,T139,11.6,Omar Chen,2025-08-12 15:24:50,noise
6395455137652,6395913076726,T364,6.5,Omar Chen,2025-08-11 15:20:07,noise
6395455137652,6395913076726,T364,17.7,Omar Chen,2025-08-11 13:24:59,noise
6395455137652,6397664580862,T139,20.6,Omar Chen,2025-08-10 21:03:45,noise
6395455137652,6395913076726,T139,36.4,Omar Chen,2025-08-10 01:01:58,noise
6395455137652,6397844655371,T364,3.7,Omar Chen,2025-08-09 19:21:02,noise
6395455137652,6391194839118,T139,50.1,Omar Chen,2025-08-09 15:06:29,noise
6395455137652,6396033004999,T139,21.6,Omar Chen,2025-08-09 08:06:03,noise
6395455137652,6398445554732,T364,14.9,Omar Chen,2025-08-08 23:14:24,noise
6395455137652,6397664580862,T364,18.5,Omar Chen,2025-08-07 14:18:56,noise
6395455137652,6391841771012,T364,11.6,Omar Chen,2025-08-06 20:02:49,noise
6395455137652,6395913076726,T364,18.0,Omar Chen,2025-08-06 13:11:12,noise
6395455137652,6395913076726,T139,9.2,Omar Chen,2025-08-05 15:23:37,noise
6395455137652,6393975769123,T139,14.7,Omar Chen,2025-08-04 16:05:46,noise
6395455137652,6397664580862,T364,5.1,Omar Chen,2025-08-04 15:18:58,noise
6395455137652,6397664580862,T364,4.8,Omar Chen,2025-08-04 05:00:04,noise
6391053669235,6396518798247,T619,26.3,Ravi Gomes,2025-10-18 14:05:01,noise
6391053669235,6397844655371,T619,31.7,Ravi Gomes,2025-10-18 11:06:24,noise
6391053669235,6393794997179,T732,6.2,Ravi Gomes,2025-10-17 20:06:41,noise
6391053669235,6397844655371,T619,8.6,Ravi Gomes,2025-10-17 18:25:10,noise
6391053669235,6391279393246,T619,21.2,Ravi Gomes,2025-10-16 10:23:10,noise
6391053669235,6391279393246,T619,27.5,Ravi Gomes,2025-10-16 19:00:22,noise
6391053669235,6396518798247,T619,7.0,Ravi Gomes,2025-10-15 08:22:54,noise
6391053669235,6391279393246,T732,14.8,Ravi Gomes,2025-10-15 10:00:06,noise
6391053669235,6396518798247,T732,7.7,Ravi Gomes,2025-10-15 15:00:07,noise
6391053669235,6397235532708,T619,7.6,Ravi Gomes,2025-10-14 17:12:52,noise
6391053669235,6391279393246,T619,3.4,Ravi Gomes,2025-10-14 12:22:53,noise
6391053669235,6397844655371,T619,4.5,Ravi Gomes,2025-10-13 16:17:01,noise
6391053669235,6396518798247,T619,20.6,Ravi Gomes,2025-10-13 14:00:28,noise
6391053669235,6396518798247,T732,8.3,Ravi Gomes,2025-10-12 04:05:13,noise
6391053669235,6397844655371,T619,25.2,Ravi Gomes,2025-10-12 09:08:23,noise
6391053669235,6397844655371,T619,7.2,Ravi Gomes,2025-10-11 11:13:36,noise
6391053669235,6391279393246,T619,10.6,Ravi Gomes,2025-10-11 12:27:26,noise
6391053669235,6396492957730,T619,14.8,Ravi Gomes,2025-10-10 12:02:09,noise
6391053669235,6397008615813,T732,10.5,Ravi Gomes,2025-10-09 12:05:05,noise
6391053669235,6396743661793,T619,20.9,Ravi Gomes,2025-10-09 14:02:25,noise
6391053669235,6399471209395,T619,9.3,Ravi Gomes,2025-10-08 20:15:50,noise
6391053669235,6392052186148,T619,29.6,Ravi Gomes,2025-10-08 19:12:58,noise
6391053669235,6391279393246,T732,42.8,Ravi Gomes,2025-10-07 18:23:56,noise
6391053669235,6396956928083,T619,21.2,Ravi Gomes,2025-10-06 19:00:17,noise
6391053669235,6392523182756,T619,17.0,Ravi Gomes,2025-10-05 15:09:38,noise
6391053669235,6391279393246,T732,28.9,Ravi Gomes,2025-10-05 01:12:41,noise
6391053669235,6396518798247,T619,15.5,Ravi Gomes,2025-10-05 17:08:01,noise
6391053669235,6391841771012,T619,37.0,Ravi Gomes,2025-10-04 20:25:48,noise
6391053669235,6396518798247,T732,27.2,Ravi Gomes,2025-10-04 22:13:15,noise
6391053669235,6391279393246,T619,15.9,Ravi Gomes,2025-10-03 18:15:41,noise
6391053669235,6396518798247,T619,12.7,Ravi Gomes,2025-10-03 12:05:14,noise
6391053669235,6397844655371,T619,71.8,Ravi Gomes,2025-10-02 18:06:32,noise
6391053669235,6396518798247,T732,17.0,Ravi Gomes,2025-10-02 16:01:48,noise
6391053669235,6396892073434,T619,4.9,Ravi Gomes,2025-10-01 22:14:30,noise
6391053669235,6391937903040,T619,47.7,Ravi Gomes,2025-10-01 04:15:22,noise
6391053669235,6395913076726,T619,9.1,Ravi Gomes,2025-09-30 18:20:15,noise
6391053669235,6393723821869,T619,55.3,Ravi Gomes,2025-09-30 19:01:20,noise
6391053669235,6396967557245,T732,16.8,Ravi Gomes,2025-09-29 10:04:03,noise
6391053669235,6391279393246,T619,9.8,Ravi Gomes,2025-09-28 12:03:10,noise
6391053669235,6396518798247,T732,21.6,Ravi Gomes,2025-09-28 12:05:09,noise
6391053669235,6393723821869,T732,9.4,Ravi Gomes,2025-09-28 16:28:50,noise
6391053669235,6397844655371,T619,11.3,Ravi Gomes,2025-09-27 09:22:58,noise
6391053669235,6391937582998,T732,4.6,Ravi Gomes,2025-09-27 23:19:23,noise
6391053669235,6391575752536,T732,14.8,Ravi Gomes,2025-09-27 00:27:53,noise
6391053669235,6396227547092,T619,35.0,Ravi Gomes,2025-09-26 17:00:55,noise
6391053669235,6396518798247,T619,31.7,Ravi Gomes,2025-09-26 09:03:37,noise
6391053669235,6397844655371,T619,22.1,Ravi Gomes,2025-09-25 16:09:09,noise
6391053669235,6399521620276,T732,26.3,Ravi Gomes,2025-09-25 17:25:48,noise
6391053669235,6397274004764,T732,3.9,Ravi Gomes,2025-09-25 11:06:36,noise
6391053669235,6391611816266,T619,15.5,Ravi Gomes,2025-09-24 14:17:18,noise
6391053669235,6391279393246,T732,8.5,Ravi Gomes,2025-09-24 18:07:13,noise
6391053669235,6391279393246,T619,13.0,Ravi Gomes,2025-09-23 11:01:56,noise
6391053669235,6397844655371,T732,19.1,Ravi Gomes,2025-09-23 17:02:20,noise
6391053669235,6396607099917,T732,35.4,Ravi Gomes,2025-09-22 05:22:56,noise
6391053669235,6396518798247,T732,28.0,Ravi Gomes,2025-09-22 19:06:23,noise
6391053669235,6397844655371,T732,25.1,Ravi Gomes,2025-09-21 11:17:05,noise
6391053669235,6396518798247,T732,13.8,Ravi Gomes,2025-09-21 20:00:08,noise
6391053669235,6397844655371,T732,8.7,Ravi Gomes,2025-09-21 20:20:51,noise
6391053669235,6392835511896,T619,21.4,Ravi Gomes,2025-09-20 18:18:57,noise
6391053669235,6391575752536,T619,20.7,Ravi Gomes,2025-09-19 10:23:12,noise
6391053669235,6396518798247,T732,34.4,Ravi Gomes,2025-09-18 16:02:08,noise
6391053669235,6391194839118,T732,39.7,Ravi Gomes,2025-09-17 08:08:13,noise
6391053669235,6397844655371,T619,19.6,Ravi Gomes,2025-09-17 09:07:07,noise
6391053669235,6396518798247,T619,41.8,Ravi Gomes,2025-09-16 14:29:03,noise
6391053669235,6397636641248,T619,30.3,Ravi Gomes,2025-09-15 15:27:38,noise
6391053669235,6396518798247,T619,29.4,Ravi Gomes,2025-09-14 01:16:51,noise
6391053669235,6396518798247,T619,21.3,Ravi Gomes,2025-09-14 16:24:07,noise
6391053669235,6396518798247,T732,34.7,Ravi Gomes,2025-09-13 18:17:47,noise
6391053669235,6396967557245,T619,29.7,Ravi Gomes,2025-09-12 11:25:09,noise
6391053669235,6396518798247,T732,15.2,Ravi Gomes,2025-09-12 23:27:59,noise
6391053669235,6393975769123,T619,24.4,Ravi Gomes,2025-09-11 02:22:18,noise
6391053669235,6394555912795,T732,4.1,Ravi Gomes,2025-09-11 19:19:14,noise
6391053669235,6391279393246,T619,7.2,Ravi Gomes,2025-09-10 09:25:27,noise
6391053669235,6397844655371,T619,6.1,Ravi Gomes,2025-09-10 18:10:43,noise
6391053669235,6398391305137,T619,11.8,Ravi Gomes,2025-09-10 20:22:50,noise
6391053669235,6396518798247,T619,12.3,Ravi Gomes,2025-09-09 14:13:50,noise
6391053669235,6391279393246,T619,10.8,Ravi Gomes,2025-09-08 12:19:29,noise
6391053669235,6396119144758,T732,25.8,Ravi Gomes,2025-09-08 18:16:58,noise
6391053669235,6396859651169,T732,17.5,Ravi Gomes,2025-09-07 19:02:27,noise
6391053669235,6397844655371,T619,35.7,Ravi Gomes,2025-09-07 11:08:20,noise
6391053669235,6397844655371,T732,24.8,Ravi Gomes,2025-09-06 18:08:29,noise
6391053669235,6396518798247,T732,14.8,Ravi Gomes,2025-09-06 22:26:12,noise
6391053669235,6391621634803,T619,45.6,Ravi Gomes,2025-09-06 09:11:33,noise
6391053669235,6396518798247,T619,15.7,Ravi Gomes,2025-09-05 10:26:30,noise
6391053669235,6397844655371,T619,9.5,Ravi Gomes,2025-09-04 17:25:24,noise
6391053669235,6393723821869,T619,11.1,Ravi Gomes,2025-09-04 16:00:52,noise
6391053669235,6399259551176,T619,12.6,Ravi Gomes,2025-09-03 18:05:07,noise
6391053669235,6396518798247,T619,12.1,Ravi Gomes,2025-09-02 19:02:56,noise
6391053669235,6397844655371,T732,4.0,Ravi Gomes,2025-09-02 22:24:08,noise
6391053669235,6391279393246,T732,17.8,Ravi Gomes,2025-09-02 22:07:24,noise
6391053669235,6397844655371,T619,33.4,Ravi Gomes,2025-09-01 10:02:27,noise
6391053669235,6391279393246,T619,15.3,Ravi Gomes,2025-09-01 16:10:01,noise
6391053669235,6396423658378,T732,16.8,Ravi Gomes,2025-08-31 20:12:33,noise
6391053669235,6396518798247,T732,13.3,Ravi Gomes,2025-08-30 12:24:37,noise
6391053669235,6391279393246,T619,24.4,Ravi Gomes,2025-08-29 15:22:55,noise
6391053669235,6394882630315,T619,10.9,Ravi Gomes,2025-08-29 18:20:21,noise
6391053669235,6391279393246,T732,13.1,Ravi Gomes,2025-08-29 14:00:16,noise
6391053669235,6399979024610,T732,25.4,Ravi Gomes,2025-08-28 13:27:01,noise
6391053669235,6399471209395,T619,27.2,Ravi Gomes,2025-08-28 23:22:43,noise
6391053669235,6396518798247,T732,8.7,Ravi Gomes,2025-08-28 18:27:41,noise
6391053669235,6393541804755,T619,24.2,Ravi Gomes,2025-08-27 14:05:15,noise
6391053669235,6399259551176,T619,31.2,Ravi Gomes,2025-08-27 16:15:33,noise
6391053669235,6397844655371,T619,17.7,Ravi Gomes,2025-08-26 20:10:39,noise
6391053669235,6396518798247,T619,12.7,Ravi Gomes,2025-08-26 13:25:15,noise
6391053669235,6397844655371,T619,10.7,Ravi Gomes,2025-08-26 08:29:10,noise
6391053669235,6391279393246,T619,5.4,Ravi Gomes,2025-08-25 19:10:29,noise
6391053669235,6396518798247,T619,5.5,Ravi Gomes,2025-08-25 14:14:41,noise
6391053669235,6396518798247,T619,7.5,Ravi Gomes,2025-08-25 17:16:42,noise
6391053669235,6399979024610,T732,39.3,Ravi Gomes,2025-08-24 20:25:58,noise
6391053669235,6396978132661,T619,39.1,Ravi Gomes,2025-08-23 12:07:02,noise
6391053669235,6396518798247,T619,13.3,Ravi Gomes,2025-08-23 08:08:23,noise
6391053669235,6392059565366,T732,7.9,Ravi Gomes,2025-08-23 17:09:43,noise
6391053669235,6398732852032,T732,17.0,Ravi Gomes,2025-08-22 16:26:03,noise
6391053669235,6391681212932,T619,22.6,Ravi Gomes,2025-08-22 17:25:44,noise
6391053669235,6396518798247,T732,45.7,Ravi Gomes,2025-08-21 14:14:32,noise
6391053669235,6397844655371,T619,4.7,Ravi Gomes,2025-08-21 13:04:11,noise
6391053669235,6397844655371,T732,20.3,Ravi Gomes,2025-08-20 20:17:03,noise
6391053669235,6396518798247,T732,11.5,Ravi Gomes,2025-08-20 16:28:29,noise
6391053669235,6396631526248,T732,32.0,Ravi Gomes,2025-08-20 19:28:49,noise
6391053669235,6399165981131,T732,11.5,Ravi Gomes,2025-08-19 14:25:37,noise
6391053669235,6397844655371,T619,48.1,Ravi Gomes,2025-08-19 08:08:36,noise
6391053669235,6397844655371,T732,5.5,Ravi Gomes,2025-08-18 19:28:08,noise
6391053669235,6397844655371,T619,8.9,Ravi Gomes,2025-08-17 09:08:00,noise
6391053669235,6396978132661,T619,11.9,Ravi Gomes,2025-08-17 20:27:05,noise
6391053669235,6391279393246,T732,22.2,Ravi Gomes,2025-08-16 17:09:02,noise
6391053669235,6391279393246,T732,25.8,Ravi Gomes,2025-08-16 09:04:55,noise
6391053669235,6397844655371,T732,48.6,Ravi Gomes,2025-08-16 15:08:55,noise
6391053669235,6391279393246,T619,13.1,Ravi Gomes,2025-08-15 16:09:39,noise
6391053669235,6397844655371,T619,16.3,Ravi Gomes,2025-08-15 22:10:54,noise
6391053669235,6391279393246,T619,6.5,Ravi Gomes,2025-08-15 20:27:20,noise
6391053669235,6394574621348,T619,12.3,Ravi Gomes,2025-08-14 22:14:18,noise
6391053669235,6391279393246,T732,39.6,Ravi Gomes,2025-08-14 16:26:57,noise
6391053669235,6397844655371,T619,17.3,Ravi Gomes,2025-08-13 09:11:51,noise
6391053669235,6397844655371,T732,19.2,Ravi Gomes,2025-08-13 09:14:05,noise
6391053669235,6391279393246,T619,12.4,Ravi Gomes,2025-08-12 10:22:52,noise
6391053669235,6399259551176,T732,24.7,Ravi Gomes,2025-08-12 17:29:25,noise
6391053669235,6397844655371,T732,8.2,Ravi Gomes,2025-08-11 18:28:15,noise
6391053669235,6396607099917,T732,9.6,Ravi Gomes,2025-08-11 04:00:44,noise
6391053669235,6396518798247,T732,11.2,Ravi Gomes,2025-08-10 20:06:08,noise
6391053669235,6391279393246,T732,12.7,Ravi Gomes,2025-08-09 14:28:00,noise
6391053669235,6396468854276,T732,11.4,Ravi Gomes,2025-08-09 20:08:54,noise
6391053669235,6391279393246,T619,17.3,Ravi Gomes,2025-08-08 08:04:47,noise
6391053669235,6397844655371,T619,9.5,Ravi Gomes,2025-08-08 12:05:29,noise
6391053669235,6391279393246,T619,32.1,Ravi Gomes,2025-08-07 19:17:31,noise
6391053669235,6396518798247,T619,21.1,Ravi Gomes,2025-08-07 14:18:09,noise
6391053669235,6395778639223,T619,28.7,Ravi Gomes,2025-08-07 11:18:16,noise
6391053669235,6396518798247,T619,12.8,Ravi Gomes,2025-08-06 19:26:04,noise
6391053669235,6392523182756,T732,13.8,Ravi Gomes,2025-08-06 11:27:51,noise
6391053669235,6396518798247,T732,17.2,Ravi Gomes,2025-08-05 02:17:25,noise
6391053669235,6397844655371,T619,29.1,Ravi Gomes,2025-08-05 09:08:32,noise
6391053669235,6399076960112,T732,20.1,Ravi Gomes,2025-08-04 08:03:27,noise
6394574621348,6396743661793,T286,55.9,Lena Okafor,2025-10-18 18:07:49,noise
6394574621348,6397364632100,T286,15.8,Lena Okafor,2025-10-18 15:03:29,noise
6394574621348,6396033004999,T286,60.4,Lena Okafor,2025-10-18 17:18:10,noise
6394574621348,6391194839118,T286,25.2,Lena Okafor,2025-10-17 23:23:10,noise
6394574621348,6397364632100,T286,11.6,Lena Okafor,2025-10-17 19:29:42,noise
6394574621348,6397364632100,T264,32.5,Lena Okafor,2025-10-16 15:17:27,noise
6394574621348,6397364632100,T264,59.5,Lena Okafor,2025-10-16 10:10:48,noise
6394574621348,6397364632100,T264,11.9,Lena Okafor,2025-10-15 17:01:34,noise
6394574621348,6396743661793,T286,55.8,Lena Okafor,2025-10-15 15:28:30,noise
6394574621348,6397554224472,T264,15.0,Lena Okafor,2025-10-15 22:19:11,noise
6394574621348,6397364632100,T264,43.8,Lena Okafor,2025-10-14 08:11:39,noise
6394574621348,6399471209395,T264,50.2,Lena Okafor,2025-10-14 16:24:29,noise
6394574621348,6392295700924,T264,15.6,Lena Okafor,2025-10-13 14:21:51,noise
6394574621348,6399521620276,T264,10.4,Lena Okafor,2025-10-13 14:12:43,noise
6394574621348,6397364632100,T286,25.1,Lena Okafor,2025-10-12 08:23:15,noise
6394574621348,6398036705746,T264,17.9,Lena Okafor,2025-10-12 10:23:29,noise
6394574621348,6396978132661,T264,21.6,Lena Okafor,2025-10-11 14:02:11,noise
6394574621348,6392295700924,T264,13.4,Lena Okafor,2025-10-11 13:25:04,noise
6394574621348,6399924544312,T264,15.4,Lena Okafor,2025-10-10 08:05:49,noise
6394574621348,6398906791192,T286,7.9,Lena Okafor,2025-10-10 14:05:34,noise
6394574621348,6392295700924,T286,21.6,Lena Okafor,2025-10-09 13:19:06,noise
6394574621348,6396743661793,T264,4.0,Lena Okafor,2025-10-08 17:17:59,noise
6394574621348,6397364632100,T264,36.8,Lena Okafor,2025-10-08 19:00:11,noise
6394574621348,6397554224472,T264,38.0,Lena Okafor,2025-10-07 12:23:29,noise
6394574621348,6397364632100,T264,25.4,Lena Okafor,2025-10-07 21:14:13,noise
6394574621348,6392295700924,T264,12.4,Lena Okafor,2025-10-06 19:21:39,noise
6394574621348,6395913076726,T264,42.8,Lena Okafor,2025-10-06 16:03:40,noise
6394574621348,6392295700924,T286,3.7,Lena Okafor,2025-10-05 17:20:49,noise
6394574621348,6399076960112,T264,61.5,Lena Okafor,2025-10-05 16:13:20,noise
6394574621348,6394841742270,T264,100.0,Lena Okafor,2025-10-04 20:06:35,noise
6394574621348,6392295700924,T264,30.7,Lena Okafor,2025-10-03 08:25:19,noise
6394574621348,6397364632100,T264,26.9,Lena Okafor,2025-10-03 09:05:21,noise
6394574621348,6392295700924,T264,26.9,Lena Okafor,2025-10-02 11:01:38,noise
6394574621348,6399979024610,T286,23.4,Lena Okafor,2025-10-02 03:20:15,noise
6394574621348,6392295700924,T264,17.9,Lena Okafor,2025-10-01 14:21:16,noise
6394574621348,6397364632100,T264,5.3,Lena Okafor,2025-09-30 20:04:27,noise
6394574621348,6396743661793,T286,28.6,Lena Okafor,2025-09-30 16:04:09,noise
6394574621348,6395975932913,T286,5.0,Lena Okafor,2025-09-29 20:15:00,noise
6394574621348,6396743661793,T286,49.2,Lena Okafor,2025-09-29 10:30:56,noise
6394574621348,6397364632100,T264,10.3,Lena Okafor,2025-09-29 20:17:57,noise
6394574621348,6392295700924,T286,19.7,Lena Okafor,2025-09-28 11:03:45,noise
6394574621348,6392295700924,T264,8.3,Lena Okafor,2025-09-28 11:00:31,noise
6394574621348,6391575752536,T264,16.0,Lena Okafor,2025-09-28 21:07:27,noise
6394574621348,6392295700924,T264,29.4,Lena Okafor,2025-09-27 10:02:37,noise
6394574621348,6392295700924,T286,13.1,Lena Okafor,2025-09-26 12:00:29,noise
6394574621348,6392295700924,T264,3.3,Lena Okafor,2025-09-26 19:15:42,noise
6394574621348,6397364632100,T286,27.9,Lena Okafor,2025-09-26 12:04:50,noise
6394574621348,6397364632100,T286,38.5,Lena Okafor,2025-09-25 17:25:14,noise
6394574621348,6397364632100,T286,22.9,Lena Okafor,2025-09-24 05:16:18,noise
6394574621348,6396743661793,T264,8.7,Lena Okafor,2025-09-24 01:23:50,noise
6394574621348,6392795791102,T264,26.0,Lena Okafor,2025-09-23 14:21:17,noise
6394574621348,6395778639223,T264,23.1,Lena Okafor,2025-09-23 08:02:18,noise
6394574621348,6397364632100,T264,15.1,Lena Okafor,2025-09-22 11:05:59,noise
6394574621348,6396743661793,T264,28.2,Lena Okafor,2025-09-21 22:23:56,noise
6394574621348,6396227547092,T264,24.1,Lena Okafor,2025-09-21 14:20:39,noise
6394574621348,6396227547092,T264,12.9,Lena Okafor,2025-09-20 16:29:40,noise
6394574621348,6391937582998,T286,43.7,Lena Okafor,2025-09-20 08:15:10,noise
6394574621348,6397235532708,T264,7.7,Lena Okafor,2025-09-19 18:17:34,noise
6394574621348,6392295700924,T286,49.0,Lena Okafor,2025-09-19 20:16:46,noise
6394574621348,6396743661793,T286,27.1,Lena Okafor,2025-09-19 09:03:46,noise
6394574621348,6396743661793,T264,10.5,Lena Okafor,2025-09-18 17:12:52,noise
6394574621348,6397364632100,T286,7.5,Lena Okafor,2025-09-18 11:14:41,noise
6394574621348,6397844655371,T264,9.7,Lena Okafor,2025-09-17 18:26:00,noise
6394574621348,6392295700924,T264,20.0,Lena Okafor,2025-09-17 17:16:02,noise
6394574621348,6391937582998,T286,8.2,Lena Okafor,2025-09-17 15:10:35,noise
6394574621348,6397364632100,T264,12.1,Lena Okafor,2025-09-16 19:26:21,noise
6394574621348,6396743661793,T264,10.0,Lena Okafor,2025-09-16 08:15:35,noise
6394574621348,6397364632100,T264,13.9,Lena Okafor,2025-09-16 10:26:26,noise
6394574621348,6393603835968,T286,17.9,Lena Okafor,2025-09-15 14:05:36,noise
6394574621348,6397364632100,T264,9.4,Lena Okafor,2025-09-15 13:26:31,noise
6394574621348,6391937582998,T286,46.8,Lena Okafor,2025-09-15 22:02:14,noise
6394574621348,6396743661793,T286,8.0,Lena Okafor,2025-09-14 18:20:54,noise
6394574621348,6391279393246,T264,23.3,Lena Okafor,2025-09-14 03:20:11,noise
6394574621348,6397364632100,T264,15.3,Lena Okafor,2025-09-13 15:15:21,noise
6394574621348,6396743661793,T264,19.2,Lena Okafor,2025-09-13 01:09:32,noise
6394574621348,6392295700924,T286,31.5,Lena Okafor,2025-09-12 20:00:30,noise
6394574621348,6396743661793,T286,11.4,Lena Okafor,2025-09-12 09:25:08,noise
6394574621348,6397235532708,T286,28.4,Lena Okafor,2025-09-11 20:20:42,noise
6394574621348,6391194839118,T264,12.5,Lena Okafor,2025-09-10 00:08:00,noise
6394574621348,6394048553499,T286,6.3,Lena Okafor,2025-09-10 09:09:20,noise
6394574621348,6397364632100,T264,10.9,Lena Okafor,2025-09-09 15:17:10,noise
6394574621348,6392295700924,T286,48.6,Lena Okafor,2025-09-09 01:23:50,noise
6394574621348,6397364632100,T264,67.6,Lena Okafor,2025-09-09 04:27:17,noise
6394574621348,6396743661793,T264,22.8,Lena Okafor,2025-09-08 14:07:41,noise
6394574621348,6397364632100,T264,18.0,Lena Okafor,2025-09-08 12:02:38,noise
6394574621348,6399617100710,T264,4.5,Lena Okafor,2025-09-08 12:25:57,noise
6394574621348,6396743661793,T264,7.8,Lena Okafor,2025-09-07 18:21:55,noise
6394574621348,6396743661793,T286,4.9,Lena Okafor,2025-09-07 14:09:22,noise
6394574621348,6397364632100,T264,7.9,Lena Okafor,2025-09-07 14:05:11,noise
6394574621348,6396743661793,T264,4.3,Lena Okafor,2025-09-06 01:13:15,noise
6394574621348,6397364632100,T264,22.2,Lena Okafor,2025-09-06 20:20:58,noise
6394574621348,6393726218800,T264,34.5,Lena Okafor,2025-09-06 01:05:17,noise
6394574621348,6392295700924,T264,23.0,Lena Okafor,2025-09-05 12:24:22,noise
6394574621348,6397364632100,T264,9.3,Lena Okafor,2025-09-04 14:22:54,noise
6394574621348,6399496417009,T264,12.9,Lena Okafor,2025-09-04 04:19:01,noise
6394574621348,6396892073434,T286,35.4,Lena Okafor,2025-09-04 09:21:41,noise
6394574621348,6393493304331,T286,11.8,Lena Okafor,2025-09-03 15:13:35,noise
6394574621348,6395363927709,T286,32.2,Lena Okafor,2025-09-03 15:09:52,noise
6394574621348,6392295700924,T286,14.3,Lena Okafor,2025-09-02 19:00:17,noise
6394574621348,6396468854276,T264,15.0,Lena Okafor,2025-09-02 12:07:23,noise
6394574621348,6391681212932,T286,19.4,Lena Okafor,2025-09-01 19:03:26,noise
6394574621348,6397664580862,T264,8.6,Lena Okafor,2025-09-01 17:20:39,noise
6394574621348,6396095128059,T286,33.6,Lena Okafor,2025-08-31 11:16:13,noise
6394574621348,6396743661793,T264,14.1,Lena Okafor,2025-08-31 09:30:29,noise
6394574621348,6392295700924,T264,18.2,Lena Okafor,2025-08-30 10:25:36,noise
6394574621348,6397364632100,T264,56.1,Lena Okafor,2025-08-30 09:19:08,noise
6394574621348,6396743661793,T264,13.5,Lena Okafor,2025-08-29 02:03:04,noise
6394574621348,6397364632100,T264,29.4,Lena Okafor,2025-08-29 13:26:05,noise
6394574621348,6396743661793,T264,8.7,Lena Okafor,2025-08-28 08:19:23,noise
6394574621348,6392295700924,T264,20.3,Lena Okafor,2025-08-28 10:05:40,noise
6394574621348,6392295700924,T264,18.9,Lena Okafor,2025-08-27 10:16:44,noise
6394574621348,6393561104962,T286,23.2,Lena Okafor,2025-08-27 20:17:57,noise
6394574621348,6397274004764,T286,21.4,Lena Okafor,2025-08-27 18:00:20,noise
6394574621348,6392295700924,T264,14.5,Lena Okafor,2025-08-26 20:10:14,noise
6394574621348,6397364632100,T286,2.4,Lena Okafor,2025-08-26 09:22:34,noise
6394574621348,6397364632100,T286,9.4,Lena Okafor,2025-08-25 11:03:27,noise
6394574621348,6392295700924,T286,7.5,Lena Okafor,2025-08-24 14:00:59,noise
6394574621348,6391937582998,T286,11.9,Lena Okafor,2025-08-24 11:04:52,noise
6394574621348,6399471209395,T264,14.7,Lena Okafor,2025-08-24 10:15:43,noise
6394574621348,6396743661793,T264,36.9,Lena Okafor,2025-08-23 18:27:33,noise
6394574621348,6396743661793,T286,13.4,Lena Okafor,2025-08-23 19:16:48,noise
6394574621348,6396743661793,T264,21.5,Lena Okafor,2025-08-22 12:04:48,noise
6394574621348,6397364632100,T264,53.6,Lena Okafor,2025-08-22 13:02:29,noise
6394574621348,6397008615813,T264,18.3,Lena Okafor,2025-08-21 15:07:48,noise
6394574621348,6392295700924,T264,13.7,Lena Okafor,2025-08-21 08:19:20,noise
6394574621348,6396743661793,T264,26.1,Lena Okafor,2025-08-20 15:14:18,noise
6394574621348,6397364632100,T286,32.3,Lena Okafor,2025-08-20 00:09:00,noise
6394574621348,6396743661793,T286,24.1,Lena Okafor,2025-08-19 09:01:20,noise
6394574621348,6391611816266,T264,3.8,Lena Okafor,2025-08-19 20:09:49,noise
6394574621348,6392295700924,T264,25.0,Lena Okafor,2025-08-18 17:21:18,noise
6394574621348,6393507307642,T264,45.2,Lena Okafor,2025-08-18 03:25:32,noise
6394574621348,6397364632100,T286,76.8,Lena Okafor,2025-08-17 21:11:24,noise
6394574621348,6391575752536,T264,13.2,Lena Okafor,2025-08-16 11:18:23,noise
6394574621348,6394048553499,T264,21.2,Lena Okafor,2025-08-16 16:18:10,noise
6394574621348,6396743661793,T264,9.4,Lena Okafor,2025-08-15 17:22:46,noise
6394574621348,6392295700924,T264,9.8,Lena Okafor,2025-08-15 12:04:56,noise
6394574621348,6397364632100,T286,23.6,Lena Okafor,2025-08-14 16:28:39,noise
6394574621348,6396743661793,T264,13.1,Lena Okafor,2025-08-14 16:20:04,noise
6394574621348,6396743661793,T286,74.2,Lena Okafor,2025-08-13 09:14:00,noise
6394574621348,6396492957730,T264,13.5,Lena Okafor,2025-08-13 21:13:32,noise
6394574621348,6397364632100,T286,19.9,Lena Okafor,2025-08-13 12:25:23,noise
6394574621348,6396743661793,T264,6.9,Lena Okafor,2025-08-12 18:21:32,noise
6394574621348,6392295700924,T286,10.6,Lena Okafor,2025-08-12 10:18:34,noise
6394574621348,6397364632100,T264,5.6,Lena Okafor,2025-08-12 09:04:07,noise
6394574621348,6399617100710,T264,26.8,Lena Okafor,2025-08-11 18:02:36,noise
6394574621348,6396033004999,T264,24.1,Lena Okafor,2025-08-11 08:15:46,noise
6394574621348,6396743661793,T264,17.4,Lena Okafor,2025-08-10 22:14:04,noise
6394574621348,6396743661793,T286,3.8,Lena Okafor,2025-08-10 15:05:22,noise
6394574621348,6392052186148,T264,17.3,Lena Okafor,2025-08-09 22:17:20,noise
6394574621348,6396743661793,T264,24.9,Lena Okafor,2025-08-09 20:15:47,noise
6394574621348,6396423658378,T286,20.4,Lena Okafor,2025-08-08 12:28:16,noise
6394574621348,6396468854276,T264,22.4,Lena Okafor,2025-08-07 23:04:31,noise
6394574621348,6392295700924,T264,17.3,Lena Okafor,2025-08-06 19:21:49,noise
6394574621348,6396743661793,T264,42.8,Lena Okafor,2025-08-06 16:15:02,noise
6394574621348,6392295700924,T286,29.5,Lena Okafor,2025-08-05 12:10:01,noise
6394574621348,6396743661793,T286,6.5,Lena Okafor,2025-08-05 17:27:31,noise
6394574621348,6392295700924,T264,9.4,Lena Okafor,2025-08-05 13:01:44,noise
6394574621348,6396743661793,T264,14.2,Lena Okafor,2025-08-04 10:18:04,noise
6394574621348,6396892073434,T264,27.3,Lena Okafor,2025-08-04 08:23:34,noise
6392052186148,6396033004999,T320,36.8,Ravi ElSayed,2025-10-18 20:27:02,noise
6392052186148,6399924544312,T550,9.6,Ravi ElSayed,2025-10-17 13:03:52,noise
6392052186148,6396033004999,T320,32.4,Ravi ElSayed,2025-10-17 20:16:03,noise
6392052186148,6394574621348,T550,11.2,Ravi ElSayed,2025-10-17 21:08:45,noise
6392052186148,6391279393246,T550,12.8,Ravi ElSayed,2025-10-16 14:12:04,noise
6392052186148,6394574621348,T320,13.0,Ravi ElSayed,2025-10-15 00:20:01,noise
6392052186148,6391621634803,T550,17.3,Ravi ElSayed,2025-10-14 20:03:09,noise
6392052186148,6391621634803,T320,16.6,Ravi ElSayed,2025-10-13 15:22:21,noise
6392052186148,6396033004999,T550,20.9,Ravi ElSayed,2025-10-13 12:00:00,noise
6392052186148,6396119144758,T320,5.7,Ravi ElSayed,2025-10-13 01:14:32,noise
6392052186148,6396033004999,T320,18.7,Ravi ElSayed,2025-10-12 08:07:09,noise
6392052186148,6391621634803,T550,20.8,Ravi ElSayed,2025-10-12 22:30:31,noise
6392052186148,6396033004999,T550,55.6,Ravi ElSayed,2025-10-11 20:08:43,noise
6392052186148,6392052186148,T550,18.2,Ravi ElSayed,2025-10-10 09:07:54,noise
6392052186148,6391621634803,T550,34.5,Ravi ElSayed,2025-10-10 15:19:03,noise
6392052186148,6395978599202,T320,14.6,Ravi ElSayed,2025-10-10 15:10:15,noise
6392052186148,6394574621348,T550,17.8,Ravi ElSayed,2025-10-09 22:06:32,noise
6392052186148,6391757381529,T550,37.4,Ravi ElSayed,2025-10-09 20:03:52,noise
6392052186148,6396033004999,T550,12.5,Ravi ElSayed,2025-10-08 20:00:55,noise
6392052186148,6396033004999,T550,10.6,Ravi ElSayed,2025-10-08 19:27:18,noise
6392052186148,6396033004999,T550,9.7,Ravi ElSayed,2025-10-07 15:22:18,noise
6392052186148,6394574621348,T320,37.7,Ravi ElSayed,2025-10-07 10:15:13,noise
6392052186148,6392052186148,T320,9.2,Ravi ElSayed,2025-10-06 22:15:14,noise
6392052186148,6394882630315,T550,19.9,Ravi ElSayed,2025-10-05 11:16:01,noise
6392052186148,6394574621348,T550,19.8,Ravi ElSayed,2025-10-05 17:22:37,noise
6392052186148,6395975932913,T550,36.2,Ravi ElSayed,2025-10-04 23:18:47,noise
6392052186148,6391621634803,T550,10.9,Ravi ElSayed,2025-10-04 00:18:16,noise
6392052186148,6396033004999,T550,5.8,Ravi ElSayed,2025-10-04 14:01:05,noise
6392052186148,6391621634803,T550,15.0,Ravi ElSayed,2025-10-03 10:29:22,noise
6392052186148,6391621634803,T550,8.7,Ravi ElSayed,2025-10-03 20:22:01,noise
6392052186148,6395726944755,T550,13.2,Ravi ElSayed,2025-10-03 20:22:58,noise
6392052186148,6393603835968,T320,28.3,Ravi ElSayed,2025-10-02 15:25:15,noise
6392052186148,6391621634803,T550,26.7,Ravi ElSayed,2025-10-01 18:09:43,noise
6392052186148,6394555912795,T550,18.6,Ravi ElSayed,2025-10-01 12:05:37,noise
6392052186148,6396033004999,T320,34.6,Ravi ElSayed,2025-10-01 15:26:45,noise
6392052186148,6394574621348,T550,12.9,Ravi ElSayed,2025-09-30 21:27:17,noise
6392052186148,6391621634803,T320,17.5,Ravi ElSayed,2025-09-30 08:28:31,noise
6392052186148,6396033004999,T320,19.1,Ravi ElSayed,2025-09-29 01:01:10,noise
6392052186148,6392085020554,T320,4.7,Ravi ElSayed,2025-09-29 17:09:41,noise
6392052186148,6394574621348,T550,85.7,Ravi ElSayed,2025-09-28 19:28:59,noise
6392052186148,6396033004999,T320,25.6,Ravi ElSayed,2025-09-27 11:24:11,noise
6392052186148,6396033004999,T550,51.4,Ravi ElSayed,2025-09-27 20:29:02,noise
6392052186148,6394574621348,T550,16.6,Ravi ElSayed,2025-09-26 08:00:02,noise
6392052186148,6397664580862,T550,13.1,Ravi ElSayed,2025-09-25 12:11:37,noise
6392052186148,6396033004999,T320,7.7,Ravi ElSayed,2025-09-24 13:11:37,noise
6392052186148,6391621634803,T550,11.5,Ravi ElSayed,2025-09-24 20:26:26,noise
6392052186148,6394574621348,T320,45.4,Ravi ElSayed,2025-09-23 14:25:54,noise
6392052186148,6391621634803,T550,14.4,Ravi ElSayed,2025-09-23 12:00:45,noise
6392052186148,6395778639223,T320,49.0,Ravi ElSayed,2025-09-23 12:14:42,noise
6392052186148,6396033004999,T320,86.7,Ravi ElSayed,2025-09-22 23:19:24,noise
6392052186148,6394574621348,T550,16.1,Ravi ElSayed,2025-09-22 01:08:19,noise
6392052186148,6394574621348,T550,30.8,Ravi ElSayed,2025-09-22 16:23:08,noise
6392052186148,6396859651169,T550,9.1,Ravi ElSayed,2025-09-21 04:11:31,noise
6392052186148,6396033004999,T550,38.9,Ravi ElSayed,2025-09-21 19:11:33,noise
6392052186148,6391621634803,T550,16.9,Ravi ElSayed,2025-09-21 23:21:46,noise
6392052186148,6391621634803,T550,34.9,Ravi ElSayed,2025-09-20 18:29:32,noise
6392052186148,6396033004999,T550,28.2,Ravi ElSayed,2025-09-20 04:05:58,noise
6392052186148,6391621634803,T320,16.1,Ravi ElSayed,2025-09-20 23:20:55,noise
6392052186148,6394574621348,T320,12.1,Ravi ElSayed,2025-09-19 12:14:57,noise
6392052186148,6394272648738,T550,35.9,Ravi ElSayed,2025-09-19 22:11:24,noise
6392052186148,6391621634803,T320,50.4,Ravi ElSayed,2025-09-19 17:07:38,noise
6392052186148,6394574621348,T550,33.8,Ravi ElSayed,2025-09-18 13:16:09,noise
6392052186148,6399521620276,T550,8.2,Ravi ElSayed,2025-09-18 21:23:51,noise
6392052186148,6396033004999,T550,18.8,Ravi ElSayed,2025-09-18 09:00:46,noise
6392052186148,6396033004999,T550,42.7,Ravi ElSayed,2025-09-17 13:27:45,noise
6392052186148,6396033004999,T320,24.4,Ravi ElSayed,2025-09-17 17:16:30,noise
6392052186148,6396033004999,T320,9.5,Ravi ElSayed,2025-09-16 14:22:18,noise
6392052186148,6397235532708,T550,8.4,Ravi ElSayed,2025-09-15 12:01:58,noise
6392052186148,6394574621348,T320,11.1,Ravi ElSayed,2025-09-15 15:27:08,noise
6392052186148,6393507307642,T550,11.7,Ravi ElSayed,2025-09-14 20:09:28,noise
6392052186148,6391681212932,T550,22.3,Ravi ElSayed,2025-09-14 08:05:53,noise
6392052186148,6394574621348,T320,40.2,Ravi ElSayed,2025-09-13 12:26:29,noise
6392052186148,6396033004999,T550,8.6,Ravi ElSayed,2025-09-13 03:23:05,noise
6392052186148,6398391305137,T320,11.7,Ravi ElSayed,2025-09-12 14:11:49,noise
6392052186148,6394574621348,T320,4.2,Ravi ElSayed,2025-09-12 01:27:53,noise
6392052186148,6391621634803,T320,25.0,Ravi ElSayed,2025-09-11 18:11:16,noise
6392052186148,6393726218800,T320,13.0,Ravi ElSayed,2025-09-11 19:10:59,noise
6392052186148,6394048553499,T550,22.2,Ravi ElSayed,2025-09-10 01:29:19,noise
6392052186148,6396033004999,T320,41.7,Ravi ElSayed,2025-09-10 23:17:51,noise
6392052186148,6394574621348,T320,35.6,Ravi ElSayed,2025-09-09 13:01:16,noise
6392052186148,6396033004999,T550,28.7,Ravi ElSayed,2025-09-08 13:24:47,noise
6392052186148,6396033004999,T320,22.8,Ravi ElSayed,2025-09-08 16:27:57,noise
6392052186148,6396033004999,T550,64.0,Ravi ElSayed,2025-09-08 02:03:24,noise
6392052186148,6396033004999,T550,11.8,Ravi ElSayed,2025-09-07 13:26:39,noise
6392052186148,6396743661793,T320,49.9,Ravi ElSayed,2025-09-07 17:04:26,noise
6392052186148,6397274004764,T320,13.0,Ravi ElSayed,2025-09-07 14:25:51,noise
6392052186148,6392052186148,T550,53.3,Ravi ElSayed,2025-09-06 14:12:35,noise
6392052186148,6396095128059,T550,13.3,Ravi ElSayed,2025-09-05 12:29:03,noise
6392052186148,6391621634803,T550,15.4,Ravi ElSayed,2025-09-05 23:24:05,noise
6392052186148,6397664580862,T550,92.3,Ravi ElSayed,2025-09-04 22:12:27,noise
6392052186148,6397008615813,T550,11.6,Ravi ElSayed,2025-09-03 21:09:06,noise
6392052186148,6394574621348,T320,15.4,Ravi ElSayed,2025-09-02 23:27:36,noise
6392052186148,6391621634803,T320,11.2,Ravi ElSayed,2025-09-02 17:03:45,noise
6392052186148,6391621634803,T320,16.6,Ravi ElSayed,2025-09-02 12:12:33,noise
6392052186148,6398491189169,T320,2.6,Ravi ElSayed,2025-09-01 20:10:57,noise
6392052186148,6398491189169,T550,5.7,Ravi ElSayed,2025-09-01 14:29:34,noise
6392052186148,6394574621348,T550,12.1,Ravi ElSayed,2025-08-31 18:12:13,noise
6392052186148,6394574621348,T320,96.2,Ravi ElSayed,2025-08-30 19:08:14,noise
6392052186148,6396033004999,T320,16.1,Ravi ElSayed,2025-08-30 08:29:06,noise
6392052186148,6394574621348,T320,17.4,Ravi ElSayed,2025-08-30 12:04:14,noise
6392052186148,6393493304331,T320,41.2,Ravi ElSayed,2025-08-29 20:03:47,noise
6392052186148,6391621634803,T550,36.6,Ravi ElSayed,2025-08-29 11:06:49,noise
6392052186148,6391621634803,T550,13.6,Ravi ElSayed,2025-08-29 18:11:03,noise
6392052186148,6391621634803,T550,34.4,Ravi ElSayed,2025-08-28 09:27:44,noise
6392052186148,6394574621348,T550,16.0,Ravi ElSayed,2025-08-28 19:20:48,noise
6392052186148,6397197783416,T320,14.1,Ravi ElSayed,2025-08-27 19:18:42,noise
6392052186148,6397209902585,T550,15.5,Ravi ElSayed,2025-08-27 23:14:34,noise
6392052186148,6391621634803,T320,21.2,Ravi ElSayed,2025-08-26 20:12:32,noise
6392052186148,6399165981131,T320,20.5,Ravi ElSayed,2025-08-25 11:10:00,noise
6392052186148,6394574621348,T320,24.8,Ravi ElSayed,2025-08-25 05:04:39,noise
6392052186148,6392059565366,T550,29.3,Ravi ElSayed,2025-08-25 14:27:52,noise
6392052186148,6391194839118,T550,15.0,Ravi ElSayed,2025-08-24 17:14:35,noise
6392052186148,6396033004999,T550,6.2,Ravi ElSayed,2025-08-23 13:24:06,noise
6392052186148,6394574621348,T550,20.0,Ravi ElSayed,2025-08-23 20:00:55,noise
6392052186148,6391757381529,T320,33.4,Ravi ElSayed,2025-08-22 02:17:46,noise
6392052186148,6396033004999,T320,8.3,Ravi ElSayed,2025-08-21 16:13:47,noise
6392052186148,6391621634803,T550,8.2,Ravi ElSayed,2025-08-21 16:30:24,noise
6392052186148,6396492957730,T550,17.4,Ravi ElSayed,2025-08-20 13:26:43,noise
6392052186148,6399856589429,T550,10.2,Ravi ElSayed,2025-08-20 10:29:48,noise
6392052186148,6396033004999,T550,12.6,Ravi ElSayed,2025-08-19 12:05:36,noise
6392052186148,6391621634803,T550,33.0,Ravi ElSayed,2025-08-19 19:05:57,noise
6392052186148,6396033004999,T550,26.9,Ravi ElSayed,2025-08-18 21:22:09,noise
6392052186148,6391621634803,T550,22.3,Ravi ElSayed,2025-08-18 14:06:35,noise
6392052186148,6397008615813,T320,18.3,Ravi ElSayed,2025-08-18 20:02:00,noise
6392052186148,6396033004999,T550,10.8,Ravi ElSayed,2025-08-17 13:05:48,noise
6392052186148,6396033004999,T550,6.5,Ravi ElSayed,2025-08-17 16:00:55,noise
6392052186148,6391621634803,T320,16.5,Ravi ElSayed,2025-08-16 11:18:37,noise
6392052186148,6395363927709,T550,18.2,Ravi ElSayed,2025-08-16 20:16:33,noise
6392052186148,6391621634803,T550,25.6,Ravi ElSayed,2025-08-15 20:15:39,noise
6392052186148,6397316055758,T550,16.3,Ravi ElSayed,2025-08-15 17:17:33,noise
6392052186148,6394574621348,T550,10.8,Ravi ElSayed,2025-08-14 18:12:56,noise
6392052186148,6396033004999,T550,15.0,Ravi ElSayed,2025-08-14 09:16:51,noise
6392052186148,6397664580862,T320,11.3,Ravi ElSayed,2025-08-13 12:20:38,noise
6392052186148,6394574621348,T550,11.0,Ravi ElSayed,2025-08-13 21:02:25,noise
6392052186148,6397209902585,T550,32.8,Ravi ElSayed,2025-08-12 04:09:19,noise
6392052186148,6395122083064,T320,74.2,Ravi ElSayed,2025-08-11 14:16:33,noise
6392052186148,6394574621348,T550,12.0,Ravi ElSayed,2025-08-11 00:28:03,noise
6392052186148,6394574621348,T320,23.1,Ravi ElSayed,2025-08-10 11:22:03,noise
6392052186148,6396033004999,T320,34.5,Ravi ElSayed,2025-08-10 22:29:43,noise
6392052186148,6394574621348,T550,12.0,Ravi ElSayed,2025-08-09 09:01:09,noise
6392052186148,6394574621348,T550,14.8,Ravi ElSayed,2025-08-09 22:20:27,noise
6392052186148,6391621634803,T320,39.9,Ravi ElSayed,2025-08-08 10:30:40,noise
6392052186148,6394574621348,T320,2.0,Ravi ElSayed,2025-08-08 12:17:56,noise
6392052186148,6396033004999,T320,8.2,Ravi ElSayed,2025-08-07 20:29:07,noise
6392052186148,6391621634803,T320,6.8,Ravi ElSayed,2025-08-06 10:11:30,noise
6392052186148,6394574621348,T550,11.1,Ravi ElSayed,2025-08-06 18:20:58,noise
6392052186148,6394574621348,T550,14.5,Ravi ElSayed,2025-08-06 17:04:23,noise
6392052186148,6393723821869,T550,24.6,Ravi ElSayed,2025-08-05 22:09:11,noise
6392052186148,6396033004999,T550,6.2,Ravi ElSayed,2025-08-05 14:16:59,noise
6392052186148,6396181402712,T550,6.2,Ravi ElSayed,2025-08-04 15:22:53,noise
6392052186148,6396033004999,T320,22.0,Ravi ElSayed,2025-08-04 16:09:14,noise
6395913076726,6396978132661,T626,22.4,Wes Yamamoto,2025-11-22 18:23:11,noise
6395913076726,6397588030313,T626,179.6,Wes Yamamoto,2025-11-29 17:03:48,noise
6395913076726,6396859651169,T626,69.4,Wes Yamamoto,2025-12-17 14:07:14,noise
6395913076726,6398391305137,T626,108.5,Wes Yamamoto,2025-11-22 21:23:47,noise
6395913076726,6398906791192,T626,228.8,Wes Yamamoto,2025-12-30 21:16:44,noise
6395913076726,6391279393246,T626,215.8,Wes Yamamoto,2025-12-10 13:29:37,noise
6395913076726,6397197783416,T626,81.9,Wes Yamamoto,2025-12-12 14:22:39,noise
6393859907578,6398036705746,T569,27.2,Jin Novak,2025-10-18 08:18:28,noise
6393859907578,6397588030313,T783,13.6,Jin Novak,2025-10-17 21:28:52,noise
6393859907578,6397588030313,T569,25.1,Jin Novak,2025-10-17 09:29:09,noise
6393859907578,6397844655371,T569,14.8,Jin Novak,2025-10-16 17:05:36,noise
6393859907578,6397364632100,T569,37.6,Jin Novak,2025-10-15 14:02:19,noise
6393859907578,6392334677082,T569,22.7,Jin Novak,2025-10-15 09:07:51,noise
6393859907578,6397588030313,T783,24.6,Jin Novak,2025-10-15 18:06:18,noise
6393859907578,6398036705746,T569,19.2,Jin Novak,2025-10-14 18:17:51,noise
6393859907578,6397588030313,T569,32.7,Jin Novak,2025-10-13 14:01:04,noise
6393859907578,6397588030313,T783,17.4,Jin Novak,2025-10-13 01:22:48,noise
6393859907578,6398036705746,T783,14.5,Jin Novak,2025-10-12 17:05:51,noise
6393859907578,6397364632100,T783,47.9,Jin Novak,2025-10-12 08:02:45,noise
6393859907578,6397588030313,T569,27.9,Jin Novak,2025-10-11 21:28:07,noise
6393859907578,6391937582998,T569,5.8,Jin Novak,2025-10-11 15:14:18,noise
6393859907578,6397588030313,T783,7.8,Jin Novak,2025-10-10 12:08:33,noise
6393859907578,6397588030313,T569,28.0,Jin Novak,2025-10-10 12:13:19,noise
6393859907578,6395978599202,T569,10.4,Jin Novak,2025-10-09 17:23:28,noise
6393859907578,6397588030313,T569,31.5,Jin Novak,2025-10-08 13:25:10,noise
6393859907578,6397364632100,T783,23.3,Jin Novak,2025-10-08 08:05:06,noise
6393859907578,6394574621348,T783,14.5,Jin Novak,2025-10-07 16:02:19,noise
6393859907578,6397364632100,T783,12.9,Jin Novak,2025-10-06 14:24:24,noise
6393859907578,6398036705746,T783,10.1,Jin Novak,2025-10-05 08:18:36,noise
6393859907578,6396927514387,T783,5.7,Jin Novak,2025-10-05 05:15:22,noise
6393859907578,6397588030313,T569,16.2,Jin Novak,2025-10-05 04:04:47,noise
6393859907578,6397364632100,T569,10.4,Jin Novak,2025-10-04 08:21:23,noise
6393859907578,6397316055758,T569,8.6,Jin Novak,2025-10-03 10:27:59,noise
6393859907578,6397364632100,T783,17.9,Jin Novak,2025-10-03 18:27:18,noise
6393859907578,6393507307642,T783,8.7,Jin Novak,2025-10-03 13:23:16,noise
6393859907578,6397588030313,T569,13.2,Jin Novak,2025-10-02 08:17:09,noise
6393859907578,6398036705746,T569,60.9,Jin Novak,2025-10-02 10:19:01,noise
6393859907578,6397209902585,T569,16.7,Jin Novak,2025-10-02 12:03:26,noise
6393859907578,6394841742270,T783,26.2,Jin Novak,2025-10-01 17:04:35,noise
6393859907578,6397588030313,T569,54.6,Jin Novak,2025-09-30 08:00:46,noise
6393859907578,6397588030313,T783,14.2,Jin Novak,2025-09-30 10:25:37,noise
6393859907578,6394574621348,T569,8.7,Jin Novak,2025-09-30 11:25:34,noise
6393859907578,6397844655371,T569,20.0,Jin Novak,2025-09-29 11:03:07,noise
6393859907578,6397364632100,T569,15.3,Jin Novak,2025-09-29 16:09:02,noise
6393859907578,6397588030313,T783,48.3,Jin Novak,2025-09-29 10:17:15,noise
6393859907578,6397364632100,T569,4.5,Jin Novak,2025-09-28 20:27:41,noise
6393859907578,6397364632100,T569,18.6,Jin Novak,2025-09-27 13:21:08,noise
6393859907578,6397844655371,T569,18.1,Jin Novak,2025-09-27 21:26:57,noise
6393859907578,6397588030313,T783,4.7,Jin Novak,2025-09-27 16:21:17,noise
6393859907578,6398036705746,T569,10.8,Jin Novak,2025-09-26 15:10:14,noise
6393859907578,6393135045026,T569,12.2,Jin Novak,2025-09-26 00:18:45,noise
6393859907578,6397274004764,T783,52.1,Jin Novak,2025-09-25 17:14:40,noise
6393859907578,6392835511896,T783,31.6,Jin Novak,2025-09-24 13:13:32,noise
6393859907578,6398036705746,T783,35.0,Jin Novak,2025-09-24 09:13:57,noise
6393859907578,6398036705746,T569,34.1,Jin Novak,2025-09-24 17:26:12,noise
6393859907578,6395363927709,T783,57.3,Jin Novak,2025-09-23 12:27:36,noise
6393859907578,6397364632100,T783,7.2,Jin Novak,2025-09-23 11:30:10,noise
6393859907578,6397364632100,T569,23.8,Jin Novak,2025-09-22 09:22:44,noise
6393859907578,6398036705746,T569,7.8,Jin Novak,2025-09-22 00:08:53,noise
6393859907578,6393135045026,T783,32.5,Jin Novak,2025-09-21 08:19:03,noise
6393859907578,6397364632100,T783,14.1,Jin Novak,2025-09-21 20:17:17,noise
6393859907578,6396468854276,T569,14.7,Jin Novak,2025-09-21 20:30:23,noise
6393859907578,6398036705746,T783,8.0,Jin Novak,2025-09-20 14:28:08,noise
6393859907578,6398036705746,T569,10.4,Jin Novak,2025-09-19 09:00:07,noise
6393859907578,6397364632100,T569,24.9,Jin Novak,2025-09-18 23:01:48,noise
6393859907578,6397588030313,T569,13.6,Jin Novak,2025-09-18 08:26:20,noise
6393859907578,6397364632100,T569,34.0,Jin Novak,2025-09-17 20:29:25,noise
6393859907578,6398036705746,T569,13.9,Jin Novak,2025-09-17 12:25:53,noise
6393859907578,6397588030313,T569,15.5,Jin Novak,2025-09-16 08:29:48,noise
6393859907578,6398036705746,T783,8.0,Jin Novak,2025-09-16 19:07:31,noise
6393859907578,6397588030313,T783,9.5,Jin Novak,2025-09-15 05:13:31,noise
6393859907578,6397316055758,T783,10.5,Jin Novak,2025-09-15 17:04:44,noise
6393859907578,6397588030313,T783,3.2,Jin Novak,2025-09-14 22:22:30,noise
6393859907578,6397364632100,T569,6.8,Jin Novak,2025-09-14 09:12:30,noise
6393859907578,6396693621506,T569,15.2,Jin Novak,2025-09-14 23:26:58,noise
6393859907578,6399165981131,T569,8.4,Jin Novak,2025-09-13 21:25:45,noise
6393859907578,6398036705746,T569,21.3,Jin Novak,2025-09-13 15:15:25,noise
6393859907578,6397364632100,T569,15.1,Jin Novak,2025-09-12 21:02:29,noise
6393859907578,6398036705746,T569,8.2,Jin Novak,2025-09-11 22:01:23,noise
6393859907578,6394264279208,T569,19.3,Jin Novak,2025-09-10 20:18:41,noise
6393859907578,6397364632100,T783,44.7,Jin Novak,2025-09-10 21:25:51,noise
6393859907578,6398761443795,T569,7.6,Jin Novak,2025-09-10 11:28:50,noise
6393859907578,6397588030313,T569,13.4,Jin Novak,2025-09-09 11:28:44,noise
6393859907578,6396607099917,T569,39.6,Jin Novak,2025-09-09 12:25:10,noise
6393859907578,6397364632100,T569,12.1,Jin Novak,2025-09-08 09:10:08,noise
6393859907578,6392334677082,T783,22.1,Jin Novak,2025-09-08 21:06:19,noise
6393859907578,6398761443795,T783,6.1,Jin Novak,2025-09-07 17:08:03,noise
6393859907578,6394779148527,T783,8.4,Jin Novak,2025-09-06 18:17:48,noise
6393859907578,6397364632100,T783,18.7,Jin Novak,2025-09-06 17:12:36,noise
6393859907578,6397364632100,T569,18.0,Jin Novak,2025-09-05 04:22:35,noise
6393859907578,6397364632100,T783,13.4,Jin Novak,2025-09-04 04:06:51,noise
6393859907578,6392059565366,T783,20.6,Jin Novak,2025-09-03 11:28:25,noise
6393859907578,6399856589429,T569,11.9,Jin Novak,2025-09-03 13:27:26,noise
6393859907578,6397588030313,T569,6.5,Jin Novak,2025-09-02 00:09:34,noise
6393859907578,6396681820773,T569,33.6,Jin Novak,2025-09-01 20:11:44,noise
6393859907578,6397588030313,T783,11.4,Jin Novak,2025-09-01 22:26:03,noise
6393859907578,6396681820773,T569,21.3,Jin Novak,2025-08-31 22:05:03,noise
6393859907578,6398906791192,T569,16.6,Jin Novak,2025-08-31 09:30:17,noise
6393859907578,6398036705746,T569,36.7,Jin Novak,2025-08-30 09:03:43,noise
6393859907578,6397364632100,T569,4.1,Jin Novak,2025-08-30 13:09:26,noise
6393859907578,6392295700924,T783,20.1,Jin Novak,2025-08-29 23:17:49,noise
6393859907578,6398036705746,T569,14.8,Jin Novak,2025-08-28 10:13:35,noise
6393859907578,6393951377482,T569,7.2,Jin Novak,2025-08-28 16:04:49,noise
6393859907578,6397364632100,T783,40.8,Jin Novak,2025-08-27 18:11:58,noise
6393859907578,6397664580862,T783,32.7,Jin Novak,2025-08-27 13:04:25,noise
6393859907578,6397588030313,T569,16.5,Jin Novak,2025-08-26 00:14:53,noise
6393859907578,6397364632100,T783,8.7,Jin Novak,2025-08-26 12:06:49,noise
6393859907578,6393541804755,T569,27.7,Jin Novak,2025-08-25 20:00:38,noise
6393859907578,6398036705746,T783,19.2,Jin Novak,2025-08-24 17:30:16,noise
6393859907578,6395726944755,T569,25.4,Jin Novak,2025-08-24 20:11:46,noise
6393859907578,6397588030313,T569,10.5,Jin Novak,2025-08-23 10:21:47,noise
6393859907578,6398036705746,T569,7.0,Jin Novak,2025-08-23 17:19:24,noise
6393859907578,6398036705746,T783,62.9,Jin Novak,2025-08-23 13:08:21,noise
6393859907578,6398036705746,T569,24.3,Jin Novak,2025-08-22 03:14:45,noise
6393859907578,6393726218800,T569,15.6,Jin Novak,2025-08-22 23:19:53,noise
6393859907578,6396967557245,T783,19.4,Jin Novak,2025-08-22 13:25:52,noise
6393859907578,6397364632100,T569,5.6,Jin Novak,2025-08-21 11:13:42,noise
6393859907578,6397364632100,T569,3.8,Jin Novak,2025-08-21 16:18:38,noise
6393859907578,6397364632100,T569,11.7,Jin Novak,2025-08-21 09:08:28,noise
6393859907578,6398036705746,T569,23.0,Jin Novak,2025-08-20 09:26:09,noise
6393859907578,6397209902585,T569,17.7,Jin Novak,2025-08-19 01:14:47,noise
6393859907578,6393859907578,T569,4.1,Jin Novak,2025-08-18 13:16:11,noise
6393859907578,6397316055758,T569,9.8,Jin Novak,2025-08-18 16:02:53,noise
6393859907578,6391621634803,T783,35.7,Jin Novak,2025-08-18 16:08:12,noise
6393859907578,6397364632100,T569,20.3,Jin Novak,2025-08-17 19:05:48,noise
6393859907578,6398036705746,T783,12.0,Jin Novak,2025-08-17 18:16:22,noise
6393859907578,6398036705746,T783,37.5,Jin Novak,2025-08-17 18:01:58,noise
6393859907578,6398036705746,T569,4.6,Jin Novak,2025-08-16 03:10:31,noise
6393859907578,6396956928083,T569,6.3,Jin Novak,2025-08-16 08:20:42,noise
6393859907578,6397364632100,T783,8.5,Jin Novak,2025-08-15 11:26:11,noise
6393859907578,6397364632100,T783,7.6,Jin Novak,2025-08-15 11:25:53,noise
6393859907578,6397588030313,T783,5.8,Jin Novak,2025-08-14 11:03:44,noise
6393859907578,6398036705746,T569,16.8,Jin Novak,2025-08-14 14:30:27,noise
6393859907578,6394048553499,T783,34.0,Jin Novak,2025-08-14 12:19:40,noise
6393859907578,6398036705746,T783,10.4,Jin Novak,2025-08-13 17:00:38,noise
6393859907578,6398036705746,T783,8.4,Jin Novak,2025-08-13 23:04:09,noise
6393859907578,6397588030313,T783,14.5,Jin Novak,2025-08-12 10:16:25,noise
6393859907578,6397364632100,T783,7.5,Jin Novak,2025-08-12 15:30:12,noise
6393859907578,6395913076726,T569,16.9,Jin Novak,2025-08-11 05:08:59,noise
6393859907578,6393507307642,T569,25.2,Jin Novak,2025-08-11 20:03:35,noise
6393859907578,6398036705746,T783,9.2,Jin Novak,2025-08-10 17:30:45,noise
6393859907578,6398036705746,T783,3.6,Jin Novak,2025-08-10 15:10:02,noise
6393859907578,6398491189169,T783,7.4,Jin Novak,2025-08-09 02:24:50,noise
6393859907578,6395455137652,T783,9.4,Jin Novak,2025-08-09 20:26:36,noise
6393859907578,6397588030313,T783,7.9,Jin Novak,2025-08-09 02:30:38,noise
6393859907578,6397364632100,T783,13.1,Jin Novak,2025-08-08 09:16:19,noise
6393859907578,6397364632100,T783,50.7,Jin Novak,2025-08-08 20:22:28,noise
6393859907578,6398036705746,T569,14.2,Jin Novak,2025-08-08 14:01:08,noise
6393859907578,6398036705746,T569,9.4,Jin Novak,2025-08-07 14:15:24,noise
6393859907578,6397588030313,T569,7.0,Jin Novak,2025-08-06 11:20:48,noise
6393859907578,6398036705746,T783,13.4,Jin Novak,2025-08-06 20:04:57,noise
6393859907578,6397588030313,T569,19.0,Jin Novak,2025-08-06 13:20:10,noise
6393859907578,6398036705746,T569,21.8,Jin Novak,2025-08-05 14:07:02,noise
6393859907578,6398036705746,T569,33.3,Jin Novak,2025-08-05 14:25:38,noise
6393859907578,6393603835968,T783,12.1,Jin Novak,2025-08-05 09:20:31,noise
6393859907578,6397364632100,T569,40.6,Jin Novak,2025-08-04 10:05:08,noise
6393859907578,6398036705746,T569,7.0,Jin Novak,2025-08-04 19:20:17,noise
6392295700924,6395726944755,T774,37.2,Yara Gomes,2025-10-18 17:27:06,noise
6392295700924,6399799920361,T774,9.6,Yara Gomes,2025-10-18 08:07:18,noise
6392295700924,6399979024610,T511,12.3,Yara Gomes,2025-10-17 13:00:45,noise
6392295700924,6391611816266,T774,29.8,Yara Gomes,2025-10-17 13:17:22,noise
6392295700924,6391611816266,T511,50.8,Yara Gomes,2025-10-16 22:25:52,noise
6392295700924,6394264279208,T511,21.3,Yara Gomes,2025-10-15 16:18:34,noise
6392295700924,6391937903040,T511,11.0,Yara Gomes,2025-10-15 18:04:13,noise
6392295700924,6392779062252,T774,7.9,Yara Gomes,2025-10-14 14:17:44,noise
6392295700924,6396978132661,T774,11.3,Yara Gomes,2025-10-13 13:22:24,noise
6392295700924,6395455137652,T774,11.8,Yara Gomes,2025-10-13 17:04:41,noise
6392295700924,6392779062252,T774,18.6,Yara Gomes,2025-10-12 15:24:49,noise
6392295700924,6394841742270,T511,6.9,Yara Gomes,2025-10-12 20:10:21,noise
6392295700924,6394272648738,T511,7.7,Yara Gomes,2025-10-12 14:27:22,noise
6392295700924,6399521620276,T511,10.9,Yara Gomes,2025-10-11 18:24:38,noise
6392295700924,6398445554732,T774,15.5,Yara Gomes,2025-10-11 10:02:10,noise
6392295700924,6391611816266,T511,18.5,Yara Gomes,2025-10-11 17:17:18,noise
6392295700924,6399259551176,T774,26.6,Yara Gomes,2025-10-10 16:00:35,noise
6392295700924,6395726944755,T511,7.6,Yara Gomes,2025-10-10 16:18:10,noise
6392295700924,6392779062252,T511,9.9,Yara Gomes,2025-10-09 09:18:25,noise
6392295700924,6395726944755,T774,46.2,Yara Gomes,2025-10-08 15:05:03,noise
6392295700924,6395726944755,T774,3.7,Yara Gomes,2025-10-08 11:23:51,noise
6392295700924,6391611816266,T511,5.1,Yara Gomes,2025-10-08 12:07:40,noise
6392295700924,6395726944755,T511,22.3,Yara Gomes,2025-10-07 14:08:33,noise
6392295700924,6395726944755,T774,5.7,Yara Gomes,2025-10-07 13:10:50,noise
6392295700924,6391611816266,T774,26.0,Yara Gomes,2025-10-06 12:15:32,noise
6392295700924,6392779062252,T511,13.1,Yara Gomes,2025-10-06 14:20:40,noise
6392295700924,6392779062252,T774,27.4,Yara Gomes,2025-10-05 15:16:58,noise
6392295700924,6391611816266,T774,20.2,Yara Gomes,2025-10-04 05:13:40,noise
6392295700924,6392779062252,T774,59.5,Yara Gomes,2025-10-04 18:26:59,noise
6392295700924,6392779062252,T511,29.4,Yara Gomes,2025-10-04 10:19:13,noise
6392295700924,6395726944755,T774,58.0,Yara Gomes,2025-10-03 15:03:19,noise
6392295700924,6395726944755,T511,6.3,Yara Gomes,2025-10-03 20:29:24,noise
6392295700924,6391611816266,T774,6.3,Yara Gomes,2025-10-03 13:13:19,noise
6392295700924,6391611816266,T511,18.5,Yara Gomes,2025-10-02 14:13:26,noise
6392295700924,6393794997179,T774,9.7,Yara Gomes,2025-10-02 17:06:07,noise
6392295700924,6395726944755,T511,7.5,Yara Gomes,2025-10-01 10:05:00,noise
6392295700924,6396468854276,T511,9.6,Yara Gomes,2025-09-30 14:28:53,noise
6392295700924,6395726944755,T511,9.5,Yara Gomes,2025-09-30 12:18:41,noise
6392295700924,6395726944755,T774,17.2,Yara Gomes,2025-09-29 13:08:56,noise
6392295700924,6396892073434,T511,9.9,Yara Gomes,2025-09-29 09:15:48,noise
6392295700924,6395726944755,T511,10.0,Yara Gomes,2025-09-29 05:01:43,noise
6392295700924,6395726944755,T511,33.2,Yara Gomes,2025-09-28 12:20:21,noise
6392295700924,6396095128059,T774,13.0,Yara Gomes,2025-09-28 16:16:52,noise
6392295700924,6399924544312,T511,49.8,Yara Gomes,2025-09-27 08:06:27,noise
6392295700924,6392779062252,T511,38.7,Yara Gomes,2025-09-26 14:15:11,noise
6392295700924,6392779062252,T774,4.2,Yara Gomes,2025-09-26 13:23:03,noise
6392295700924,6393723821869,T774,54.2,Yara Gomes,2025-09-25 11:12:45,noise
6392295700924,6396892073434,T774,11.6,Yara Gomes,2025-09-25 09:11:04,noise
6392295700924,6391611816266,T511,9.2,Yara Gomes,2025-09-24 09:09:31,noise
6392295700924,6391611816266,T511,19.4,Yara Gomes,2025-09-24 15:29:32,noise
6392295700924,6392779062252,T774,40.7,Yara Gomes,2025-09-23 08:00:26,noise
6392295700924,6397197783416,T511,11.0,Yara Gomes,2025-09-23 10:14:30,noise
6392295700924,6391053669235,T774,67.5,Yara Gomes,2025-09-22 19:03:43,noise
6392295700924,6391611816266,T511,39.4,Yara Gomes,2025-09-21 11:25:18,noise
6392295700924,6392779062252,T511,41.3,Yara Gomes,2025-09-21 17:10:23,noise
6392295700924,6393975769123,T511,15.8,Yara Gomes,2025-09-20 16:27:36,noise
6392295700924,6391611816266,T511,18.7,Yara Gomes,2025-09-20 20:14:24,noise
6392295700924,6392779062252,T774,13.5,Yara Gomes,2025-09-19 14:10:59,noise
6392295700924,6391611816266,T511,18.9,Yara Gomes,2025-09-19 09:09:34,noise
6392295700924,6399496417009,T774,27.1,Yara Gomes,2025-09-18 15:26:58,noise
6392295700924,6393726218800,T511,4.1,Yara Gomes,2025-09-18 19:03:53,noise
6392295700924,6396492957730,T511,8.2,Yara Gomes,2025-09-18 16:14:39,noise
6392295700924,6395726944755,T511,21.5,Yara Gomes,2025-09-17 17:30:45,noise
6392295700924,6391611816266,T511,8.6,Yara Gomes,2025-09-17 17:11:48,noise
6392295700924,6392779062252,T511,8.3,Yara Gomes,2025-09-16 12:01:59,noise
6392295700924,6395726944755,T511,13.3,Yara Gomes,2025-09-16 12:08:00,noise
6392295700924,6399471209395,T511,38.9,Yara Gomes,2025-09-16 09:14:27,noise
6392295700924,6391611816266,T774,43.8,Yara Gomes,2025-09-15 16:11:32,noise
6392295700924,6391611816266,T774,31.9,Yara Gomes,2025-09-14 22:27:42,noise
6392295700924,6395726944755,T511,17.1,Yara Gomes,2025-09-14 20:08:22,noise
6392295700924,6395726944755,T511,29.6,Yara Gomes,2025-09-14 10:23:01,noise
6392295700924,6392779062252,T511,6.1,Yara Gomes,2025-09-13 23:14:16,noise
6392295700924,6393859907578,T774,24.4,Yara Gomes,2025-09-13 22:18:42,noise
6392295700924,6393726218800,T511,45.3,Yara Gomes,2025-09-12 01:02:02,noise
6392295700924,6392779062252,T774,49.8,Yara Gomes,2025-09-12 10:17:02,noise
6392295700924,6392779062252,T511,9.0,Yara Gomes,2025-09-12 17:07:22,noise
6392295700924,6398445554732,T511,9.4,Yara Gomes,2025-09-11 08:02:51,noise
6392295700924,6396693621506,T511,28.0,Yara Gomes,2025-09-11 14:17:13,noise
6392295700924,6395726944755,T511,14.1,Yara Gomes,2025-09-10 05:06:03,noise
6392295700924,6392779062252,T511,20.8,Yara Gomes,2025-09-10 18:29:18,noise
6392295700924,6398761443795,T511,14.0,Yara Gomes,2025-09-09 12:11:38,noise
6392295700924,6392779062252,T511,22.9,Yara Gomes,2025-09-08 12:20:38,noise
6392295700924,6392779062252,T511,26.0,Yara Gomes,2025-09-08 09:24:10,noise
6392295700924,6391611816266,T511,39.0,Yara Gomes,2025-09-08 10:25:50,noise
6392295700924,6391611816266,T511,15.3,Yara Gomes,2025-09-07 15:21:54,noise
6392295700924,6392779062252,T511,9.8,Yara Gomes,2025-09-06 20:17:07,noise
6392295700924,6395913076726,T774,65.4,Yara Gomes,2025-09-06 17:27:15,noise
6392295700924,6393794997179,T511,32.6,Yara Gomes,2025-09-06 03:03:33,noise
6392295700924,6395726944755,T511,10.4,Yara Gomes,2025-09-05 11:02:15,noise
6392295700924,6393603835968,T511,16.7,Yara Gomes,2025-09-05 11:04:10,noise
6392295700924,6391657761801,T511,17.2,Yara Gomes,2025-09-04 14:10:08,noise
6392295700924,6392779062252,T774,31.3,Yara Gomes,2025-09-04 22:27:50,noise
6392295700924,6395726944755,T774,21.1,Yara Gomes,2025-09-04 18:10:36,noise
6392295700924,6395726944755,T774,4.6,Yara Gomes,2025-09-03 19:30:19,noise
6392295700924,6392779062252,T774,8.7,Yara Gomes,2025-09-03 02:27:07,noise
6392295700924,6392779062252,T511,6.4,Yara Gomes,2025-09-02 14:15:36,noise
6392295700924,6391611816266,T511,14.7,Yara Gomes,2025-09-02 08:18:46,noise
6392295700924,6391611816266,T774,7.2,Yara Gomes,2025-09-01 13:26:03,noise
6392295700924,6395726944755,T774,26.8,Yara Gomes,2025-09-01 08:09:01,noise
6392295700924,6392835511896,T774,37.5,Yara Gomes,2025-08-31 09:00:03,noise
6392295700924,6391611816266,T511,7.6,Yara Gomes,2025-08-30 23:19:10,noise
6392295700924,6395726944755,T511,17.4,Yara Gomes,2025-08-30 13:05:31,noise
6392295700924,6395726944755,T511,13.5,Yara Gomes,2025-08-30 15:01:49,noise
6392295700924,6396681820773,T511,7.8,Yara Gomes,2025-08-29 01:05:07,noise
6392295700924,6392779062252,T511,38.2,Yara Gomes,2025-08-28 19:21:04,noise
6392295700924,6397906422409,T511,31.4,Yara Gomes,2025-08-28 12:05:24,noise
6392295700924,6394841742270,T511,12.8,Yara Gomes,2025-08-27 12:05:35,noise
6392295700924,6392779062252,T774,14.9,Yara Gomes,2025-08-26 12:16:49,noise
6392295700924,6395726944755,T774,33.0,Yara Gomes,2025-08-26 17:24:44,noise
6392295700924,6393507307642,T511,22.2,Yara Gomes,2025-08-25 02:03:20,noise
6392295700924,6395455137652,T511,32.1,Yara Gomes,2025-08-25 16:03:34,noise
6392295700924,6391611816266,T511,42.8,Yara Gomes,2025-08-25 09:02:36,noise
6392295700924,6397664580862,T511,20.1,Yara Gomes,2025-08-24 20:22:23,noise
6392295700924,6392779062252,T511,21.2,Yara Gomes,2025-08-24 21:10:16,noise
6392295700924,6393561104962,T511,13.9,Yara Gomes,2025-08-23 20:23:56,noise
6392295700924,6392779062252,T511,11.7,Yara Gomes,2025-08-23 01:13:08,noise
6392295700924,6392779062252,T774,57.1,Yara Gomes,2025-08-22 21:08:48,noise
6392295700924,6396033004999,T511,5.1,Yara Gomes,2025-08-22 09:00:21,noise
6392295700924,6395726944755,T511,7.6,Yara Gomes,2025-08-22 09:12:16,noise
6392295700924,6393859907578,T774,4.7,Yara Gomes,2025-08-21 22:25:57,noise
6392295700924,6399076960112,T774,23.4,Yara Gomes,2025-08-21 11:08:52,noise
6392295700924,6392463613153,T511,9.0,Yara Gomes,2025-08-21 19:24:21,noise
6392295700924,6391611816266,T511,11.1,Yara Gomes,2025-08-20 16:30:18,noise
6392295700924,6399471209395,T511,40.2,Yara Gomes,2025-08-19 12:23:40,noise
6392295700924,6391611816266,T511,25.6,Yara Gomes,2025-08-19 15:06:09,noise
6392295700924,6391611816266,T511,7.4,Yara Gomes,2025-08-18 13:11:28,noise
6392295700924,6395726944755,T511,28.5,Yara Gomes,2025-08-18 10:28:01,noise
6392295700924,6395726944755,T774,4.3,Yara Gomes,2025-08-18 10:27:17,noise
6392295700924,6391611816266,T511,5.1,Yara Gomes,2025-08-17 14:21:46,noise
6392295700924,6395726944755,T511,20.7,Yara Gomes,2025-08-17 11:25:47,noise
6392295700924,6395726944755,T511,20.6,Yara Gomes,2025-08-16 02:24:31,noise
6392295700924,6392885325965,T774,7.0,Yara Gomes,2025-08-16 08:30:50,noise
6392295700924,6398732852032,T511,17.7,Yara Gomes,2025-08-15 17:14:28,noise
6392295700924,6399259551176,T774,40.8,Yara Gomes,2025-08-15 05:08:42,noise
6392295700924,6396927514387,T511,15.6,Yara Gomes,2025-08-14 15:23:47,noise
6392295700924,6391611816266,T511,15.8,Yara Gomes,2025-08-14 09:24:42,noise
6392295700924,6395913076726,T774,20.3,Yara Gomes,2025-08-13 16:13:20,noise
6392295700924,6397588030313,T511,18.2,Yara Gomes,2025-08-13 16:12:36,noise
6392295700924,6395726944755,T511,42.1,Yara Gomes,2025-08-12 21:02:45,noise
6392295700924,6399617100710,T511,23.5,Yara Gomes,2025-08-12 19:12:11,noise
6392295700924,6392795791102,T774,5.1,Yara Gomes,2025-08-11 13:13:21,noise
6392295700924,6395726944755,T511,28.5,Yara Gomes,2025-08-10 18:01:47,noise
6392295700924,6395726944755,T511,8.2,Yara Gomes,2025-08-09 17:07:34,noise
6392295700924,6393541804755,T774,27.5,Yara Gomes,2025-08-09 23:21:03,noise
6392295700924,6391657761801,T511,19.4,Yara Gomes,2025-08-08 18:10:53,noise
6392295700924,6392779062252,T774,14.5,Yara Gomes,2025-08-08 08:04:58,noise
6392295700924,6392779062252,T511,13.3,Yara Gomes,2025-08-07 10:18:14,noise
6392295700924,6395726944755,T511,18.7,Yara Gomes,2025-08-07 13:19:28,noise
6392295700924,6392779062252,T774,26.6,Yara Gomes,2025-08-06 12:06:11,noise
6392295700924,6396607099917,T774,19.4,Yara Gomes,2025-08-06 10:23:27,noise
6392295700924,6392779062252,T774,23.5,Yara Gomes,2025-08-05 01:29:32,noise
6392295700924,6392779062252,T774,6.3,Yara Gomes,2025-08-05 20:15:46,noise
6392295700924,6395122083064,T511,6.6,Yara Gomes,2025-08-04 15:18:46,noise
6392295700924,6392779062252,T774,17.5,Yara Gomes,2025-08-04 18:11:34,noise
6392295700924,6397652242448,T511,175.2,Yara Gomes,2025-12-27 11:27:00,noise
6392295700924,6397652242448,T511,91.0,Yara Gomes,2025-12-18 23:28:43,noise
6392295700924,6397652242448,T511,164.8,Yara Gomes,2025-12-05 21:24:08,noise
6392295700924,6397652242448,T511,134.0,Yara Gomes,2025-12-01 22:01:43,noise
6392295700924,6397652242448,T511,103.5,Yara Gomes,2025-12-15 02:02:09,noise
6392295700924,6397652242448,T511,35.5,Yara Gomes,2025-12-27 05:27:01,noise
6394841742270,6398445554732,T865,13.5,Ana Alvarez,2025-10-18 19:16:16,noise
6394841742270,6393135045026,T865,9.1,Ana Alvarez,2025-10-18 02:07:12,noise
6394841742270,6391937903040,T865,24.3,Ana Alvarez,2025-10-17 13:29:00,noise
6394841742270,6393135045026,T576,68.4,Ana Alvarez,2025-10-16 18:14:24,noise
6394841742270,6398445554732,T576,3.4,Ana Alvarez,2025-10-16 14:24:03,noise
6394841742270,6397844655371,T576,19.4,Ana Alvarez,2025-10-15 01:29:42,noise
6394841742270,6393135045026,T576,16.1,Ana Alvarez,2025-10-15 11:18:14,noise
6394841742270,6396423658378,T576,9.9,Ana Alvarez,2025-10-14 14:14:15,noise
6394841742270,6398445554732,T576,9.7,Ana Alvarez,2025-10-13 14:03:25,noise
6394841742270,6396441529079,T576,8.2,Ana Alvarez,2025-10-13 19:23:28,noise
6394841742270,6398445554732,T576,5.2,Ana Alvarez,2025-10-12 19:07:02,noise
6394841742270,6398445554732,T865,19.7,Ana Alvarez,2025-10-11 16:26:19,noise
6394841742270,6393135045026,T576,12.2,Ana Alvarez,2025-10-11 13:13:25,noise
6394841742270,6398491189169,T576,9.5,Ana Alvarez,2025-10-10 13:06:53,noise
6394841742270,6397844655371,T576,19.8,Ana Alvarez,2025-10-10 18:06:18,noise
6394841742270,6397364632100,T865,12.6,Ana Alvarez,2025-10-10 16:20:17,noise
6394841742270,6397844655371,T865,10.3,Ana Alvarez,2025-10-09 08:21:43,noise
6394841742270,6397652242448,T576,40.2,Ana Alvarez,2025-10-09 13:09:02,noise
6394841742270,6397844655371,T865,19.1,Ana Alvarez,2025-10-08 10:13:36,noise
6394841742270,6392779062252,T865,20.3,Ana Alvarez,2025-10-08 10:00:37,noise
6394841742270,6398445554732,T576,18.1,Ana Alvarez,2025-10-08 00:17:14,noise
6394841742270,6395913076726,T576,26.6,Ana Alvarez,2025-10-07 23:06:46,noise
6394841742270,6391657761801,T865,12.1,Ana Alvarez,2025-10-07 15:11:21,noise
6394841742270,6398445554732,T576,23.9,Ana Alvarez,2025-10-06 01:04:29,noise
6394841742270,6393135045026,T576,32.1,Ana Alvarez,2025-10-06 18:22:21,noise
6394841742270,6397844655371,T865,23.9,Ana Alvarez,2025-10-06 11:29:24,noise
6394841742270,6398445554732,T576,19.1,Ana Alvarez,2025-10-05 11:03:16,noise
6394841742270,6393135045026,T865,24.9,Ana Alvarez,2025-10-05 17:04:32,noise
6394841742270,6398445554732,T576,26.2,Ana Alvarez,2025-10-04 18:00:35,noise
6394841742270,6398761443795,T576,17.0,Ana Alvarez,2025-10-04 16:13:53,noise
6394841742270,6398445554732,T576,20.4,Ana Alvarez,2025-10-03 11:07:25,noise
6394841742270,6398445554732,T865,29.4,Ana Alvarez,2025-10-03 17:22:27,noise
6394841742270,6398445554732,T576,29.6,Ana Alvarez,2025-10-02 13:30:50,noise
6394841742270,6393135045026,T865,13.8,Ana Alvarez,2025-10-02 08:29:13,noise
6394841742270,6391279393246,T576,18.1,Ana Alvarez,2025-10-02 19:15:44,noise
6394841742270,6391575752536,T865,16.9,Ana Alvarez,2025-10-01 15:09:18,noise
6394841742270,6393135045026,T865,36.7,Ana Alvarez,2025-10-01 15:11:46,noise
6394841742270,6392724977358,T865,17.4,Ana Alvarez,2025-09-30 20:13:34,noise
6394841742270,6398445554732,T576,5.6,Ana Alvarez,2025-09-30 16:19:52,noise
6394841742270,6393135045026,T865,17.5,Ana Alvarez,2025-09-29 17:05:11,noise
6394841742270,6393135045026,T576,25.2,Ana Alvarez,2025-09-29 12:05:10,noise
6394841742270,6398445554732,T576,19.1,Ana Alvarez,2025-09-29 23:24:20,noise
6394841742270,6391194839118,T865,7.2,Ana Alvarez,2025-09-28 20:26:04,noise
6394841742270,6397844655371,T576,21.4,Ana Alvarez,2025-09-28 18:14:14,noise
6394841742270,6398445554732,T576,20.7,Ana Alvarez,2025-09-27 19:09:17,noise
6394841742270,6398445554732,T576,21.1,Ana Alvarez,2025-09-26 09:24:09,noise
6394841742270,6393507307642,T576,71.4,Ana Alvarez,2025-09-26 12:26:02,noise
6394841742270,6399799920361,T865,6.9,Ana Alvarez,2025-09-26 14:10:18,noise
6394841742270,6397844655371,T576,8.5,Ana Alvarez,2025-09-25 20:17:52,noise
6394841742270,6398445554732,T865,11.1,Ana Alvarez,2025-09-25 14:00:30,noise
6394841742270,6399617100710,T865,16.0,Ana Alvarez,2025-09-24 17:30:24,noise
6394841742270,6396693621506,T576,40.3,Ana Alvarez,2025-09-24 16:22:59,noise
6394841742270,6397844655371,T576,16.1,Ana Alvarez,2025-09-24 02:30:00,noise
6394841742270,6398445554732,T576,22.9,Ana Alvarez,2025-09-23 13:24:29,noise
6394841742270,6393135045026,T576,8.6,Ana Alvarez,2025-09-23 11:14:38,noise
6394841742270,6397844655371,T576,16.5,Ana Alvarez,2025-09-22 21:27:01,noise
6394841742270,6398445554732,T865,19.9,Ana Alvarez,2025-09-21 12:01:27,noise
6394841742270,6397364632100,T576,18.0,Ana Alvarez,2025-09-20 13:12:47,noise
6394841742270,6392795791102,T865,58.3,Ana Alvarez,2025-09-20 04:08:36,noise
6394841742270,6398445554732,T865,13.1,Ana Alvarez,2025-09-19 17:29:47,noise
6394841742270,6398445554732,T865,9.6,Ana Alvarez,2025-09-19 08:23:51,noise
6394841742270,6398445554732,T865,27.3,Ana Alvarez,2025-09-18 14:01:17,noise
6394841742270,6398445554732,T576,22.3,Ana Alvarez,2025-09-18 04:22:02,noise
6394841742270,6397844655371,T576,42.1,Ana Alvarez,2025-09-17 17:12:44,noise
6394841742270,6397844655371,T576,36.1,Ana Alvarez,2025-09-17 18:01:25,noise
6394841742270,6398445554732,T576,9.9,Ana Alvarez,2025-09-16 15:17:05,noise
6394841742270,6392463613153,T576,6.6,Ana Alvarez,2025-09-16 10:09:15,noise
6394841742270,6394048553499,T865,30.3,Ana Alvarez,2025-09-16 16:29:20,noise
6394841742270,6397844655371,T576,14.6,Ana Alvarez,2025-09-15 17:24:08,noise
6394841742270,6397844655371,T576,15.3,Ana Alvarez,2025-09-14 22:06:31,noise
6394841742270,6397844655371,T576,25.2,Ana Alvarez,2025-09-13 13:05:25,noise
6394841742270,6397844655371,T865,9.6,Ana Alvarez,2025-09-13 08:11:04,noise
6394841742270,6397844655371,T576,9.4,Ana Alvarez,2025-09-12 04:01:06,noise
6394841742270,6393135045026,T865,27.0,Ana Alvarez,2025-09-12 18:09:54,noise
6394841742270,6393135045026,T576,14.9,Ana Alvarez,2025-09-11 12:24:02,noise
6394841742270,6397844655371,T576,31.2,Ana Alvarez,2025-09-11 23:22:59,noise
6394841742270,6397844655371,T865,32.6,Ana Alvarez,2025-09-10 11:28:44,noise
6394841742270,6393859907578,T865,43.1,Ana Alvarez,2025-09-10 18:17:43,noise
6394841742270,6397209902585,T865,26.5,Ana Alvarez,2025-09-10 08:03:13,noise
6394841742270,6396423658378,T576,13.5,Ana Alvarez,2025-09-09 03:18:30,noise
6394841742270,6398761443795,T576,10.6,Ana Alvarez,2025-09-09 10:18:09,noise
6394841742270,6396033004999,T576,21.7,Ana Alvarez,2025-09-08 15:17:28,noise
6394841742270,6393135045026,T576,9.9,Ana Alvarez,2025-09-08 23:09:42,noise
6394841742270,6393135045026,T576,10.2,Ana Alvarez,2025-09-08 18:25:27,noise
6394841742270,6397652242448,T576,15.4,Ana Alvarez,2025-09-07 08:00:51,noise
6394841742270,6394264279208,T576,9.2,Ana Alvarez,2025-09-06 09:08:11,noise
6394841742270,6397844655371,T576,18.4,Ana Alvarez,2025-09-06 09:04:13,noise
6394841742270,6396859651169,T865,23.5,Ana Alvarez,2025-09-06 14:19:28,noise
6394841742270,6398445554732,T576,21.5,Ana Alvarez,2025-09-05 16:23:51,noise
6394841742270,6397844655371,T865,15.6,Ana Alvarez,2025-09-04 04:10:03,noise
6394841742270,6398445554732,T576,21.2,Ana Alvarez,2025-09-03 15:18:59,noise
6394841742270,6398445554732,T576,48.9,Ana Alvarez,2025-09-03 18:11:18,noise
6394841742270,6391681212932,T865,6.3,Ana Alvarez,2025-09-02 10:01:31,noise
6394841742270,6393135045026,T865,8.4,Ana Alvarez,2025-09-01 17:06:06,noise
6394841742270,6398445554732,T576,35.5,Ana Alvarez,2025-09-01 11:19:09,noise
6394841742270,6397844655371,T865,6.6,Ana Alvarez,2025-08-31 09:07:22,noise
6394841742270,6392052186148,T865,15.6,Ana Alvarez,2025-08-31 13:00:56,noise
6394841742270,6393135045026,T576,10.9,Ana Alvarez,2025-08-30 22:20:28,noise
6394841742270,6396423658378,T576,8.9,Ana Alvarez,2025-08-30 18:06:18,noise
6394841742270,6399856589429,T576,8.9,Ana Alvarez,2025-08-29 14:09:21,noise
6394841742270,6398445554732,T865,21.2,Ana Alvarez,2025-08-28 16:02:45,noise
6394841742270,6399471209395,T865,22.0,Ana Alvarez,2025-08-28 01:19:09,noise
6394841742270,6393135045026,T576,12.1,Ana Alvarez,2025-08-27 22:29:11,noise
6394841742270,6396693621506,T576,18.9,Ana Alvarez,2025-08-27 10:21:56,noise
6394841742270,6398445554732,T576,12.9,Ana Alvarez,2025-08-26 00:00:41,noise
6394841742270,6398445554732,T576,65.8,Ana Alvarez,2025-08-26 05:13:12,noise
6394841742270,6397844655371,T576,13.7,Ana Alvarez,2025-08-25 19:20:01,noise
6394841742270,6396227547092,T865,12.2,Ana Alvarez,2025-08-25 22:30:29,noise
6394841742270,6394048553499,T576,16.3,Ana Alvarez,2025-08-24 20:27:24,noise
6394841742270,6393135045026,T865,37.1,Ana Alvarez,2025-08-24 08:17:09,noise
6394841742270,6398445554732,T865,35.0,Ana Alvarez,2025-08-23 12:12:06,noise
6394841742270,6398445554732,T576,8.7,Ana Alvarez,2025-08-23 11:12:35,noise
6394841742270,6393135045026,T576,9.7,Ana Alvarez,2025-08-22 18:07:31,noise
6394841742270,6398445554732,T865,50.3,Ana Alvarez,2025-08-21 01:22:51,noise
6394841742270,6393135045026,T576,29.0,Ana Alvarez,2025-08-21 13:21:24,noise
6394841742270,6398036705746,T865,43.0,Ana Alvarez,2025-08-20 08:03:58,noise
6394841742270,6395656527999,T576,8.5,Ana Alvarez,2025-08-20 18:18:06,noise
6394841742270,6398445554732,T865,38.3,Ana Alvarez,2025-08-19 18:29:59,noise
6394841742270,6393135045026,T576,31.5,Ana Alvarez,2025-08-19 01:24:40,noise
6394841742270,6398445554732,T576,20.1,Ana Alvarez,2025-08-18 14:12:39,noise
6394841742270,6395122083064,T865,13.7,Ana Alvarez,2025-08-18 11:25:12,noise
6394841742270,6398445554732,T576,60.8,Ana Alvarez,2025-08-17 12:29:17,noise
6394841742270,6393135045026,T865,7.7,Ana Alvarez,2025-08-16 11:24:01,noise
6394841742270,6393135045026,T576,26.7,Ana Alvarez,2025-08-16 15:08:21,noise
6394841742270,6393135045026,T865,17.5,Ana Alvarez,2025-08-15 12:28:54,noise
6394841742270,6391757381529,T865,6.6,Ana Alvarez,2025-08-15 22:25:07,noise
6394841742270,6395978599202,T865,10.9,Ana Alvarez,2025-08-14 19:24:44,noise
6394841742270,6398445554732,T865,42.9,Ana Alvarez,2025-08-13 20:12:50,noise
6394841742270,6392295700924,T865,18.6,Ana Alvarez,2025-08-13 23:05:45,noise
6394841742270,6396693621506,T576,46.6,Ana Alvarez,2025-08-13 13:00:55,noise
6394841742270,6393541804755,T576,53.1,Ana Alvarez,2025-08-12 17:19:51,noise
6394841742270,6391194839118,T576,15.2,Ana Alvarez,2025-08-12 04:06:14,noise
6394841742270,6398445554732,T865,21.9,Ana Alvarez,2025-08-11 13:07:24,noise
6394841742270,6397364632100,T865,17.9,Ana Alvarez,2025-08-10 16:09:09,noise
6394841742270,6397844655371,T576,13.7,Ana Alvarez,2025-08-10 11:15:57,noise
6394841742270,6399076960112,T576,9.1,Ana Alvarez,2025-08-09 09:15:57,noise
6394841742270,6392463613153,T865,16.6,Ana Alvarez,2025-08-09 23:13:04,noise
6394841742270,6397844655371,T576,17.8,Ana Alvarez,2025-08-08 21:26:13,noise
6394841742270,6393135045026,T865,17.0,Ana Alvarez,2025-08-08 12:07:39,noise
6394841742270,6398445554732,T576,13.4,Ana Alvarez,2025-08-07 04:03:48,noise
6394841742270,6398445554732,T865,12.3,Ana Alvarez,2025-08-07 21:22:41,noise
6394841742270,6395913076726,T576,7.6,Ana Alvarez,2025-08-06 19:13:26,noise
6394841742270,6391681212932,T865,11.4,Ana Alvarez,2025-08-05 13:00:43,noise
6394841742270,6398445554732,T576,36.9,Ana Alvarez,2025-08-04 08:00:54,noise
6395778639223,6393561104962,T663,13.9,Diego Duarte,2025-10-18 15:04:56,noise
6395778639223,6393603835968,T406,12.2,Diego Duarte,2025-10-18 13:25:30,noise
6395778639223,6396978132661,T406,4.8,Diego Duarte,2025-10-18 18:22:52,noise
6395778639223,6399521620276,T406,24.9,Diego Duarte,2025-10-17 10:15:16,noise
6395778639223,6396492957730,T663,65.5,Diego Duarte,2025-10-16 22:09:30,noise
6395778639223,6399165981131,T406,24.6,Diego Duarte,2025-10-16 16:27:43,noise
6395778639223,6396978132661,T406,12.9,Diego Duarte,2025-10-16 17:02:20,noise
6395778639223,6392334677082,T406,8.7,Diego Duarte,2025-10-15 12:07:34,noise
6395778639223,6392334677082,T663,23.6,Diego Duarte,2025-10-15 16:12:49,noise
6395778639223,6392334677082,T663,24.2,Diego Duarte,2025-10-14 15:26:06,noise
6395778639223,6396978132661,T406,17.7,Diego Duarte,2025-10-14 04:14:14,noise
6395778639223,6393561104962,T663,30.6,Diego Duarte,2025-10-13 05:07:25,noise
6395778639223,6398732852032,T663,13.5,Diego Duarte,2025-10-13 08:20:39,noise
6395778639223,6396492957730,T406,9.6,Diego Duarte,2025-10-12 19:25:42,noise
6395778639223,6399471209395,T406,13.6,Diego Duarte,2025-10-12 21:15:30,noise
6395778639223,6397274004764,T663,25.4,Diego Duarte,2025-10-11 16:17:45,noise
6395778639223,6396978132661,T406,3.9,Diego Duarte,2025-10-11 16:22:55,noise
6395778639223,6392334677082,T406,11.3,Diego Duarte,2025-10-10 10:17:25,noise
6395778639223,6397664580862,T406,24.4,Diego Duarte,2025-10-10 12:04:42,noise
6395778639223,6396978132661,T406,20.1,Diego Duarte,2025-10-09 14:24:08,noise
6395778639223,6392334677082,T406,8.6,Diego Duarte,2025-10-09 12:27:46,noise
6395778639223,6399924544312,T406,19.5,Diego Duarte,2025-10-08 23:06:40,noise
6395778639223,6391841771012,T406,4.7,Diego Duarte,2025-10-08 16:19:38,noise
6395778639223,6396978132661,T406,35.8,Diego Duarte,2025-10-07 11:09:35,noise
6395778639223,6393561104962,T406,37.0,Diego Duarte,2025-10-07 11:16:33,noise
6395778639223,6396978132661,T406,38.3,Diego Duarte,2025-10-07 05:07:56,noise
6395778639223,6396743661793,T406,97.0,Diego Duarte,2025-10-06 09:05:34,noise
6395778639223,6393541804755,T406,6.0,Diego Duarte,2025-10-06 09:21:01,noise
6395778639223,6396095128059,T406,40.6,Diego Duarte,2025-10-05 14:26:34,noise
6395778639223,6392334677082,T406,23.5,Diego Duarte,2025-10-05 20:17:05,noise
6395778639223,6394779148527,T663,12.1,Diego Duarte,2025-10-04 12:22:56,noise
6395778639223,6392334677082,T406,27.9,Diego Duarte,2025-10-04 12:10:08,noise
6395778639223,6392334677082,T406,10.7,Diego Duarte,2025-10-03 18:28:51,noise
6395778639223,6396978132661,T406,24.9,Diego Duarte,2025-10-03 10:08:15,noise
6395778639223,6396978132661,T406,10.5,Diego Duarte,2025-10-02 13:05:45,noise
6395778639223,6393561104962,T406,7.9,Diego Duarte,2025-10-01 15:27:41,noise
6395778639223,6396978132661,T406,10.4,Diego Duarte,2025-10-01 18:20:03,noise
6395778639223,6394574621348,T406,7.6,Diego Duarte,2025-09-30 15:07:43,noise
6395778639223,6392334677082,T663,11.5,Diego Duarte,2025-09-30 14:02:30,noise
6395778639223,6393561104962,T406,25.0,Diego Duarte,2025-09-29 14:28:51,noise
6395778639223,6391053669235,T406,17.9,Diego Duarte,2025-09-29 17:09:34,noise
6395778639223,6398761443795,T406,13.4,Diego Duarte,2025-09-28 19:07:34,noise
6395778639223,6396227547092,T663,29.7,Diego Duarte,2025-09-28 13:16:18,noise
6395778639223,6392334677082,T406,15.9,Diego Duarte,2025-09-27 20:27:33,noise
6395778639223,6396978132661,T406,9.2,Diego Duarte,2025-09-26 16:04:56,noise
6395778639223,6395255503056,T663,8.9,Diego Duarte,2025-09-26 13:30:03,noise
6395778639223,6393561104962,T406,16.9,Diego Duarte,2025-09-26 16:28:21,noise
6395778639223,6392334677082,T663,75.5,Diego Duarte,2025-09-25 19:17:35,noise
6395778639223,6397636641248,T406,26.0,Diego Duarte,2025-09-25 15:16:25,noise
6395778639223,6396468854276,T406,14.8,Diego Duarte,2025-09-24 18:15:05,noise
6395778639223,6396978132661,T406,14.2,Diego Duarte,2025-09-24 11:08:40,noise
6395778639223,6397316055758,T406,31.0,Diego Duarte,2025-09-23 14:00:57,noise
6395778639223,6392334677082,T663,42.7,Diego Duarte,2025-09-23 13:10:04,noise
6395778639223,6392334677082,T406,29.3,Diego Duarte,2025-09-22 16:17:33,noise
6395778639223,6392334677082,T406,12.5,Diego Duarte,2025-09-21 21:14:46,noise
6395778639223,6394555912795,T406,79.1,Diego Duarte,2025-09-21 09:21:36,noise
6395778639223,6394048553499,T663,18.2,Diego Duarte,2025-09-21 12:22:21,noise
6395778639223,6396978132661,T406,14.9,Diego Duarte,2025-09-20 09:06:26,noise
6395778639223,6395122083064,T406,11.1,Diego Duarte,2025-09-19 18:15:50,noise
6395778639223,6396743661793,T406,3.9,Diego Duarte,2025-09-19 18:30:09,noise
6395778639223,6392334677082,T406,12.4,Diego Duarte,2025-09-18 10:05:14,noise
6395778639223,6392334677082,T406,18.8,Diego Duarte,2025-09-18 13:22:22,noise
6395778639223,6391575752536,T663,6.4,Diego Duarte,2025-09-17 20:01:36,noise
6395778639223,6396693621506,T406,3.0,Diego Duarte,2025-09-17 21:28:35,noise
6395778639223,6392885325965,T406,12.1,Diego Duarte,2025-09-16 17:16:17,noise
6395778639223,6396978132661,T663,21.0,Diego Duarte,2025-09-15 15:09:03,noise
6395778639223,6398445554732,T663,10.9,Diego Duarte,2025-09-14 16:06:37,noise
6395778639223,6395975932913,T406,15.5,Diego Duarte,2025-09-13 14:13:35,noise
6395778639223,6393561104962,T663,11.9,Diego Duarte,2025-09-13 14:22:45,noise
6395778639223,6396978132661,T406,16.7,Diego Duarte,2025-09-12 12:26:59,noise
6395778639223,6396978132661,T406,27.0,Diego Duarte,2025-09-12 14:10:14,noise
6395778639223,6392334677082,T406,47.0,Diego Duarte,2025-09-11 16:08:31,noise
6395778639223,6397588030313,T663,27.4,Diego Duarte,2025-09-10 12:22:23,noise
6395778639223,6396978132661,T406,11.3,Diego Duarte,2025-09-09 04:03:05,noise
6395778639223,6393561104962,T406,11.3,Diego Duarte,2025-09-08 08:30:21,noise
6395778639223,6393561104962,T663,20.0,Diego Duarte,2025-09-07 17:30:34,noise
6395778639223,6396978132661,T406,10.8,Diego Duarte,2025-09-07 15:18:24,noise
6395778639223,6392334677082,T406,12.1,Diego Duarte,2025-09-07 18:30:54,noise
6395778639223,6396859651169,T406,18.1,Diego Duarte,2025-09-06 01:11:08,noise
6395778639223,6396978132661,T406,8.5,Diego Duarte,2025-09-05 17:16:18,noise
6395778639223,6399799920361,T663,16.4,Diego Duarte,2025-09-05 01:08:42,noise
6395778639223,6396978132661,T406,7.0,Diego Duarte,2025-09-04 12:06:10,noise
6395778639223,6394048553499,T406,21.7,Diego Duarte,2025-09-04 18:27:33,noise
6395778639223,6391681212932,T406,15.1,Diego Duarte,2025-09-03 01:22:56,noise
6395778639223,6397274004764,T663,10.7,Diego Duarte,2025-09-03 11:14:22,noise
6395778639223,6392463613153,T406,16.7,Diego Duarte,2025-09-02 17:21:46,noise
6395778639223,6393561104962,T406,10.8,Diego Duarte,2025-09-02 22:12:16,noise
6395778639223,6396978132661,T663,14.7,Diego Duarte,2025-09-01 10:17:02,noise
6395778639223,6396119144758,T406,11.6,Diego Duarte,2025-09-01 15:16:51,noise
6395778639223,6396978132661,T406,35.9,Diego Duarte,2025-08-31 12:05:32,noise
6395778639223,6396859651169,T663,55.0,Diego Duarte,2025-08-31 15:26:45,noise
6395778639223,6392334677082,T406,17.3,Diego Duarte,2025-08-31 14:08:30,noise
6395778639223,6391937903040,T663,23.0,Diego Duarte,2025-08-30 12:17:08,noise
6395778639223,6393561104962,T663,8.9,Diego Duarte,2025-08-30 00:19:52,noise
6395778639223,6393561104962,T663,9.8,Diego Duarte,2025-08-29 14:29:32,noise
6395778639223,6396978132661,T406,24.1,Diego Duarte,2025-08-29 08:26:37,noise
6395778639223,6396978132661,T663,65.7,Diego Duarte,2025-08-28 14:26:05,noise
6395778639223,6391757381529,T663,55.7,Diego Duarte,2025-08-28 22:11:28,noise
6395778639223,6396859651169,T663,15.5,Diego Duarte,2025-08-27 16:28:20,noise
6395778639223,6392334677082,T406,34.8,Diego Duarte,2025-08-27 09:07:37,noise
6395778639223,6396631526248,T663,12.3,Diego Duarte,2025-08-26 04:10:38,noise
6395778639223,6396978132661,T406,12.3,Diego Duarte,2025-08-26 15:07:41,noise
6395778639223,6396978132661,T663,10.5,Diego Duarte,2025-08-25 12:09:07,noise
6395778639223,6396492957730,T406,11.3,Diego Duarte,2025-08-25 16:23:28,noise
6395778639223,6396423658378,T406,9.6,Diego Duarte,2025-08-25 10:29:37,noise
6395778639223,6392334677082,T406,23.7,Diego Duarte,2025-08-24 18:29:18,noise
6395778639223,6393561104962,T406,51.0,Diego Duarte,2025-08-24 09:10:18,noise
6395778639223,6396978132661,T406,10.3,Diego Duarte,2025-08-23 15:21:29,noise
6395778639223,6392334677082,T663,7.1,Diego Duarte,2025-08-22 08:19:16,noise
6395778639223,6396033004999,T406,10.8,Diego Duarte,2025-08-22 19:01:54,noise
6395778639223,6392334677082,T406,8.4,Diego Duarte,2025-08-21 20:16:24,noise
6395778639223,6392334677082,T406,29.1,Diego Duarte,2025-08-20 11:14:22,noise
6395778639223,6396978132661,T406,12.8,Diego Duarte,2025-08-19 12:25:20,noise
6395778639223,6391085319364,T663,55.7,Diego Duarte,2025-08-19 23:30:41,noise
6395778639223,6397197783416,T406,9.4,Diego Duarte,2025-08-19 00:25:21,noise
6395778639223,6393561104962,T406,17.4,Diego Duarte,2025-08-18 14:21:14,noise
6395778639223,6393859907578,T663,8.4,Diego Duarte,2025-08-18 05:04:35,noise
6395778639223,6393561104962,T406,25.2,Diego Duarte,2025-08-17 14:23:47,noise
6395778639223,6396978132661,T406,4.3,Diego Duarte,2025-08-17 09:03:28,noise
6395778639223,6392334677082,T663,22.0,Diego Duarte,2025-08-16 23:05:17,noise
6395778639223,6392334677082,T663,10.1,Diego Duarte,2025-08-16 12:25:32,noise
6395778639223,6393561104962,T406,30.2,Diego Duarte,2025-08-15 13:00:35,noise
6395778639223,6399076960112,T406,21.9,Diego Duarte,2025-08-15 11:28:47,noise
6395778639223,6393561104962,T406,9.8,Diego Duarte,2025-08-15 10:30:59,noise
6395778639223,6391194839118,T406,10.3,Diego Duarte,2025-08-14 09:21:34,noise
6395778639223,6393561104962,T406,13.8,Diego Duarte,2025-08-14 18:09:30,noise
6395778639223,6392295700924,T663,19.3,Diego Duarte,2025-08-13 14:16:36,noise
6395778639223,6396967557245,T663,39.3,Diego Duarte,2025-08-13 14:23:53,noise
6395778639223,6396978132661,T663,10.7,Diego Duarte,2025-08-12 09:08:39,noise
6395778639223,6391279393246,T406,7.6,Diego Duarte,2025-08-12 10:24:22,noise
6395778639223,6396181402712,T406,12.4,Diego Duarte,2025-08-11 09:17:51,noise
6395778639223,6396978132661,T406,9.2,Diego Duarte,2025-08-10 13:23:49,noise
6395778639223,6393561104962,T406,17.8,Diego Duarte,2025-08-10 18:07:39,noise
6395778639223,6392334677082,T406,35.4,Diego Duarte,2025-08-09 08:01:30,noise
6395778639223,6392885325965,T406,3.1,Diego Duarte,2025-08-09 20:29:17,noise
6395778639223,6395975932913,T406,14.7,Diego Duarte,2025-08-08 08:14:19,noise
6395778639223,6396978132661,T406,19.9,Diego Duarte,2025-08-08 15:20:11,noise
6395778639223,6396978132661,T406,10.5,Diego Duarte,2025-08-08 03:27:04,noise
6395778639223,6395255503056,T406,8.9,Diego Duarte,2025-08-07 13:19:13,noise
6395778639223,6393561104962,T406,44.3,Diego Duarte,2025-08-07 02:26:57,noise
6395778639223,6393561104962,T406,12.0,Diego Duarte,2025-08-06 15:27:16,noise
6395778639223,6392334677082,T663,3.0,Diego Duarte,2025-08-06 14:23:00,noise
6395778639223,6399924544312,T406,30.2,Diego Duarte,2025-08-06 00:23:41,noise
6395778639223,6393561104962,T406,10.4,Diego Duarte,2025-08-05 11:27:52,noise
6395778639223,6396743661793,T406,16.1,Diego Duarte,2025-08-05 11:26:58,noise
6395778639223,6392523182756,T663,4.6,Diego Duarte,2025-08-04 13:06:39,noise
6395778639223,6396978132661,T663,13.2,Diego Duarte,2025-08-04 13:27:21,noise
6395778639223,6392334677082,T663,14.1,Diego Duarte,2025-08-04 16:12:25,noise
6396978132661,6392059565366,T875,16.4,Uma Novak,2025-10-18 12:21:49,noise
6396978132661,6399856589429,T875,23.0,Uma Novak,2025-10-18 16:16:45,noise
6396978132661,6392779062252,T197,3.7,Uma Novak,2025-10-17 13:08:49,noise
6396978132661,6392523182756,T875,7.7,Uma Novak,2025-10-17 18:06:59,noise
6396978132661,6397664580862,T197,6.5,Uma Novak,2025-10-17 00:00:08,noise
6396978132661,6392523182756,T875,12.3,Uma Novak,2025-10-16 12:07:25,noise
6396978132661,6397664580862,T875,31.9,Uma Novak,2025-10-16 09:06:10,noise
6396978132661,6395726944755,T197,6.6,Uma Novak,2025-10-16 19:08:32,noise
6396978132661,6391053669235,T197,14.4,Uma Novak,2025-10-15 12:03:34,noise
6396978132661,6399856589429,T197,22.2,Uma Novak,2025-10-15 10:13:55,noise
6396978132661,6394574621348,T875,21.5,Uma Novak,2025-10-15 14:30:53,noise
6396978132661,6397664580862,T197,25.1,Uma Novak,2025-10-14 12:20:45,noise
6396978132661,6397664580862,T875,15.7,Uma Novak,2025-10-14 14:09:49,noise
6396978132661,6392523182756,T875,18.3,Uma Novak,2025-10-13 15:20:33,noise
6396978132661,6396119144758,T197,31.9,Uma Novak,2025-10-12 12:07:20,noise
6396978132661,6392523182756,T875,16.1,Uma Novak,2025-10-12 10:25:43,noise
6396978132661,6397664580862,T197,15.0,Uma Novak,2025-10-12 16:29:34,noise
6396978132661,6397664580862,T875,26.8,Uma Novak,2025-10-11 14:23:18,noise
6396978132661,6397664580862,T197,24.0,Uma Novak,2025-10-10 17:25:20,noise
6396978132661,6395978599202,T197,10.2,Uma Novak,2025-10-10 10:23:31,noise
6396978132661,6398036705746,T875,17.4,Uma Novak,2025-10-10 14:26:33,noise
6396978132661,6399856589429,T875,82.7,Uma Novak,2025-10-09 12:25:14,noise
6396978132661,6399856589429,T197,20.5,Uma Novak,2025-10-09 12:02:02,noise
6396978132661,6392523182756,T875,14.4,Uma Novak,2025-10-09 11:25:24,noise
6396978132661,6392779062252,T875,14.3,Uma Novak,2025-10-08 16:07:42,noise
6396978132661,6392523182756,T197,7.7,Uma Novak,2025-10-08 18:11:05,noise
6396978132661,6395122083064,T875,21.5,Uma Novak,2025-10-07 08:19:23,noise
6396978132661,6392523182756,T875,81.4,Uma Novak,2025-10-06 08:23:53,noise
6396978132661,6397664580862,T875,26.9,Uma Novak,2025-10-06 11:22:52,noise
6396978132661,6394272648738,T197,17.2,Uma Novak,2025-10-05 08:29:03,noise
6396978132661,6396468854276,T197,9.5,Uma Novak,2025-10-04 18:22:06,noise
6396978132661,6392523182756,T875,8.9,Uma Novak,2025-10-04 11:07:00,noise
6396978132661,6399856589429,T875,12.8,Uma Novak,2025-10-04 16:03:24,noise
6396978132661,6399856589429,T197,74.6,Uma Novak,2025-10-03 15:29:27,noise
6396978132661,6392523182756,T875,73.1,Uma Novak,2025-10-03 19:15:55,noise
6396978132661,6395455137652,T875,14.8,Uma Novak,2025-10-02 08:09:04,noise
6396978132661,6399856589429,T197,24.1,Uma Novak,2025-10-01 03:10:59,noise
6396978132661,6394574621348,T875,5.2,Uma Novak,2025-10-01 08:09:02,noise
6396978132661,6393507307642,T197,76.0,Uma Novak,2025-10-01 22:08:42,noise
6396978132661,6397664580862,T875,14.3,Uma Novak,2025-09-30 10:19:53,noise
6396978132661,6399856589429,T197,44.5,Uma Novak,2025-09-30 08:19:52,noise
6396978132661,6392523182756,T197,16.3,Uma Novak,2025-09-29 15:00:10,noise
6396978132661,6393541804755,T197,16.8,Uma Novak,2025-09-29 10:15:34,noise
6396978132661,6397664580862,T875,23.8,Uma Novak,2025-09-29 03:14:50,noise
6396978132661,6399496417009,T197,23.6,Uma Novak,2025-09-28 17:08:31,noise
6396978132661,6396892073434,T197,6.4,Uma Novak,2025-09-28 10:22:38,noise
6396978132661,6396681820773,T875,4.3,Uma Novak,2025-09-28 17:05:01,noise
6396978132661,6393603835968,T197,8.2,Uma Novak,2025-09-27 19:02:08,noise
6396978132661,6396468854276,T197,15.3,Uma Novak,2025-09-27 18:23:09,noise
6396978132661,6392523182756,T875,30.1,Uma Novak,2025-09-26 09:06:54,noise
6396978132661,6396859651169,T197,17.4,Uma Novak,2025-09-26 17:07:31,noise
6396978132661,6397664580862,T875,10.2,Uma Novak,2025-09-26 18:06:02,noise
6396978132661,6399856589429,T197,21.2,Uma Novak,2025-09-25 11:13:33,noise
6396978132661,6398445554732,T197,15.1,Uma Novak,2025-09-25 19:26:12,noise
6396978132661,6397664580862,T875,7.4,Uma Novak,2025-09-25 08:28:40,noise
6396978132661,6393975769123,T197,17.8,Uma Novak,2025-09-24 17:00:54,noise
6396978132661,6395656527999,T875,26.4,Uma Novak,2025-09-24 15:19:11,noise
6396978132661,6399856589429,T875,14.9,Uma Novak,2025-09-24 08:24:05,noise
6396978132661,6398906791192,T875,19.0,Uma Novak,2025-09-23 09:22:43,noise
6396978132661,6397664580862,T875,9.1,Uma Novak,2025-09-23 08:21:53,noise
6396978132661,6399856589429,T875,18.2,Uma Novak,2025-09-22 18:08:16,noise
6396978132661,6399856589429,T875,20.0,Uma Novak,2025-09-22 10:24:06,noise
6396978132661,6392523182756,T197,42.2,Uma Novak,2025-09-21 08:07:40,noise
6396978132661,6397664580862,T197,5.1,Uma Novak,2025-09-21 13:10:57,noise
6396978132661,6399521620276,T197,9.9,Uma Novak,2025-09-20 21:20:39,noise
6396978132661,6399856589429,T875,10.9,Uma Novak,2025-09-20 15:16:53,noise
6396978132661,6397664580862,T197,21.1,Uma Novak,2025-09-19 08:19:31,noise
6396978132661,6397664580862,T875,10.7,Uma Novak,2025-09-18 20:14:27,noise
6396978132661,6397664580862,T875,15.4,Uma Novak,2025-09-18 16:03:37,noise
6396978132661,6398445554732,T875,59.2,Uma Novak,2025-09-17 13:04:48,noise
6396978132661,6392523182756,T875,16.0,Uma Novak,2025-09-17 11:29:57,noise
6396978132661,6392523182756,T875,6.1,Uma Novak,2025-09-16 23:28:02,noise
6396978132661,6397664580862,T197,20.8,Uma Novak,2025-09-15 18:14:30,noise
6396978132661,6399856589429,T875,45.6,Uma Novak,2025-09-14 16:28:25,noise
6396978132661,6392523182756,T875,38.0,Uma Novak,2025-09-13 12:10:04,noise
6396978132661,6392523182756,T875,12.4,Uma Novak,2025-09-13 18:24:08,noise
6396978132661,6392523182756,T875,15.7,Uma Novak,2025-09-12 11:20:44,noise
6396978132661,6399856589429,T197,32.2,Uma Novak,2025-09-12 15:02:01,noise
6396978132661,6394841742270,T875,42.2,Uma Novak,2025-09-11 04:01:46,noise
6396978132661,6397906422409,T875,13.0,Uma Novak,2025-09-10 03:02:38,noise
6396978132661,6397664580862,T875,17.3,Uma Novak,2025-09-09 12:10:59,noise
6396978132661,6397664580862,T875,26.1,Uma Novak,2025-09-08 21:23:48,noise
6396978132661,6399856589429,T875,14.3,Uma Novak,2025-09-07 05:00:48,noise
6396978132661,6392523182756,T875,18.6,Uma Novak,2025-09-07 08:22:49,noise
6396978132661,6393135045026,T875,18.3,Uma Novak,2025-09-07 18:00:33,noise
6396978132661,6392523182756,T197,4.7,Uma Novak,2025-09-06 17:23:38,noise
6396978132661,6399856589429,T875,13.9,Uma Novak,2025-09-06 12:04:25,noise
6396978132661,6397664580862,T197,9.5,Uma Novak,2025-09-06 16:30:56,noise
6396978132661,6396892073434,T875,10.5,Uma Novak,2025-09-05 05:27:11,noise
6396978132661,6396033004999,T197,18.4,Uma Novak,2025-09-05 20:16:39,noise
6396978132661,6392795791102,T875,11.3,Uma Novak,2025-09-04 21:23:39,noise
6396978132661,6396859651169,T197,13.1,Uma Novak,2025-09-04 10:26:50,noise
6396978132661,6397664580862,T875,22.8,Uma Novak,2025-09-03 09:26:29,noise
6396978132661,6399856589429,T875,36.2,Uma Novak,2025-09-03 17:03:15,noise
6396978132661,6392523182756,T875,12.7,Uma Novak,2025-09-02 11:27:33,noise
6396978132661,6394048553499,T875,21.0,Uma Novak,2025-09-02 09:17:01,noise
6396978132661,6397664580862,T875,7.4,Uma Novak,2025-09-02 15:02:18,noise
6396978132661,6399856589429,T875,12.0,Uma Novak,2025-09-01 19:20:25,noise
6396978132661,6399856589429,T875,13.4,Uma Novak,2025-08-31 08:00:54,noise
6396978132661,6397664580862,T875,5.9,Uma Novak,2025-08-31 14:00:24,noise
6396978132661,6399856589429,T197,29.9,Uma Novak,2025-08-30 10:05:59,noise
6396978132661,6392523182756,T875,8.8,Uma Novak,2025-08-30 15:09:51,noise
6396978132661,6397664580862,T875,6.9,Uma Novak,2025-08-29 15:22:28,noise
6396978132661,6393726218800,T875,11.6,Uma Novak,2025-08-28 16:19:56,noise
6396978132661,6399856589429,T197,12.0,Uma Novak,2025-08-28 03:16:30,noise
6396978132661,6399856589429,T875,17.4,Uma Novak,2025-08-27 11:02:14,noise
6396978132661,6397664580862,T197,14.0,Uma Novak,2025-08-27 19:12:26,noise
6396978132661,6399856589429,T875,3.3,Uma Novak,2025-08-26 19:25:50,noise
6396978132661,6392523182756,T875,38.4,Uma Novak,2025-08-25 17:18:38,noise
6396978132661,6392085020554,T875,38.7,Uma Novak,2025-08-25 14:30:16,noise
6396978132661,6397588030313,T197,8.8,Uma Novak,2025-08-24 23:09:22,noise
6396978132661,6393045592855,T875,25.3,Uma Novak,2025-08-24 20:12:43,noise
6396978132661,6396119144758,T197,28.3,Uma Novak,2025-08-23 18:00:20,noise
6396978132661,6396095128059,T197,73.0,Uma Novak,2025-08-22 18:09:55,noise
6396978132661,6399856589429,T197,31.1,Uma Novak,2025-08-21 15:13:00,noise
6396978132661,6392334677082,T875,21.2,Uma Novak,2025-08-21 05:12:04,noise
6396978132661,6393951377482,T197,35.4,Uma Novak,2025-08-20 21:07:55,noise
6396978132661,6399856589429,T197,11.0,Uma Novak,2025-08-19 08:23:28,noise
6396978132661,6399856589429,T875,9.8,Uma Novak,2025-08-18 13:18:05,noise
6396978132661,6396181402712,T197,10.1,Uma Novak,2025-08-18 16:17:16,noise
6396978132661,6393951377482,T875,8.2,Uma Novak,2025-08-17 22:03:34,noise
6396978132661,6397664580862,T875,7.8,Uma Novak,2025-08-17 16:16:06,noise
6396978132661,6394272648738,T197,28.3,Uma Novak,2025-08-17 16:06:05,noise
6396978132661,6399856589429,T875,24.7,Uma Novak,2025-08-16 20:04:37,noise
6396978132661,6392523182756,T875,23.8,Uma Novak,2025-08-16 14:02:47,noise
6396978132661,6399856589429,T875,24.8,Uma Novak,2025-08-15 19:24:49,noise
6396978132661,6392523182756,T197,49.5,Uma Novak,2025-08-15 09:26:32,noise
6396978132661,6399856589429,T875,25.6,Uma Novak,2025-08-14 09:03:22,noise
6396978132661,6399856589429,T875,15.0,Uma Novak,2025-08-14 10:19:41,noise
6396978132661,6399856589429,T875,12.1,Uma Novak,2025-08-13 19:24:14,noise
6396978132661,6399856589429,T197,16.2,Uma Novak,2025-08-13 20:22:31,noise
6396978132661,6392523182756,T875,10.4,Uma Novak,2025-08-12 16:02:57,noise
6396978132661,6392523182756,T875,15.0,Uma Novak,2025-08-11 20:27:50,noise
6396978132661,6399496417009,T875,39.9,Uma Novak,2025-08-10 14:05:24,noise
6396978132661,6398732852032,T875,14.7,Uma Novak,2025-08-10 09:25:56,noise
6396978132661,6394841742270,T197,4.9,Uma Novak,2025-08-09 14:01:11,noise
6396978132661,6397664580862,T197,17.3,Uma Novak,2025-08-09 17:27:45,noise
6396978132661,6398036705746,T875,59.3,Uma Novak,2025-08-08 11:29:07,noise
6396978132661,6399856589429,T197,26.8,Uma Novak,2025-08-08 20:12:27,noise
6396978132661,6397664580862,T875,23.8,Uma Novak,2025-08-07 04:15:26,noise
6396978132661,6399799920361,T197,19.8,Uma Novak,2025-08-07 16:15:03,noise
6396978132661,6394272648738,T875,66.3,Uma Novak,2025-08-06 16:06:53,noise
6396978132661,6396423658378,T875,13.8,Uma Novak,2025-08-06 18:17:49,noise
6396978132661,6392523182756,T875,23.2,Uma Novak,2025-08-05 11:12:16,noise
6396978132661,6397664580862,T875,18.8,Uma Novak,2025-08-05 12:11:44,noise
6396978132661,6393603835968,T197,6.9,Uma Novak,2025-08-04 12:18:27,noise
6396978132661,6392523182756,T197,16.2,Uma Novak,2025-08-04 04:27:41,noise
6399799920361,6395363927709,T459,16.8,Nia Tanaka,2025-10-18 16:00:48,noise
6399799920361,6391085319364,T459,51.9,Nia Tanaka,2025-10-18 14:10:38,noise
6399799920361,6392779062252,T535,7.3,Nia Tanaka,2025-10-17 09:19:25,noise
6399799920361,6392295700924,T459,55.6,Nia Tanaka,2025-10-17 10:18:34,noise
6399799920361,6395363927709,T535,14.1,Nia Tanaka,2025-10-16 18:03:43,noise
6399799920361,6398761443795,T535,24.9,Nia Tanaka,2025-10-16 08:19:27,noise
6399799920361,6393507307642,T459,12.8,Nia Tanaka,2025-10-16 14:21:17,noise
6399799920361,6391575752536,T459,8.1,Nia Tanaka,2025-10-15 16:11:19,noise
6399799920361,6395363927709,T535,24.2,Nia Tanaka,2025-10-15 22:09:50,noise
6399799920361,6391085319364,T535,23.4,Nia Tanaka,2025-10-15 03:08:57,noise
6399799920361,6396892073434,T459,5.7,Nia Tanaka,2025-10-14 10:15:35,noise
6399799920361,6393541804755,T535,15.3,Nia Tanaka,2025-10-14 09:10:45,noise
6399799920361,6394272648738,T459,18.7,Nia Tanaka,2025-10-13 12:21:59,noise
6399799920361,6394272648738,T459,36.7,Nia Tanaka,2025-10-13 16:01:12,noise
6399799920361,6391681212932,T459,14.2,Nia Tanaka,2025-10-13 11:01:14,noise
6399799920361,6394272648738,T459,21.4,Nia Tanaka,2025-10-12 19:25:49,noise
6399799920361,6391085319364,T535,49.4,Nia Tanaka,2025-10-11 18:09:24,noise
6399799920361,6395363927709,T459,8.0,Nia Tanaka,2025-10-11 16:21:34,noise
6399799920361,6397792731200,T535,18.2,Nia Tanaka,2025-10-10 09:20:38,noise
6399799920361,6395363927709,T459,36.0,Nia Tanaka,2025-10-10 13:27:59,noise
6399799920361,6391085319364,T459,27.3,Nia Tanaka,2025-10-09 10:15:02,noise
6399799920361,6394272648738,T535,8.2,Nia Tanaka,2025-10-09 08:27:27,noise
6399799920361,6394272648738,T459,27.1,Nia Tanaka,2025-10-08 10:16:45,noise
6399799920361,6394272648738,T459,22.4,Nia Tanaka,2025-10-07 16:08:25,noise
6399799920361,6399521620276,T459,21.3,Nia Tanaka,2025-10-07 08:18:25,noise
6399799920361,6395363927709,T459,13.1,Nia Tanaka,2025-10-07 19:19:41,noise
6399799920361,6391085319364,T459,6.7,Nia Tanaka,2025-10-06 22:14:44,noise
6399799920361,6397844655371,T459,22.2,Nia Tanaka,2025-10-06 10:25:24,noise
6399799920361,6391085319364,T459,54.6,Nia Tanaka,2025-10-05 20:14:00,noise
6399799920361,6391085319364,T535,35.1,Nia Tanaka,2025-10-05 20:05:26,noise
6399799920361,6395363927709,T535,33.0,Nia Tanaka,2025-10-05 19:08:22,noise
6399799920361,6396693621506,T459,16.5,Nia Tanaka,2025-10-04 23:17:54,noise
6399799920361,6395363927709,T459,10.0,Nia Tanaka,2025-10-04 08:19:22,noise
6399799920361,6394272648738,T459,22.9,Nia Tanaka,2025-10-03 23:25:09,noise
6399799920361,6393859907578,T459,11.2,Nia Tanaka,2025-10-03 15:10:20,noise
6399799920361,6391085319364,T459,14.5,Nia Tanaka,2025-10-02 22:05:24,noise
6399799920361,6394272648738,T459,11.3,Nia Tanaka,2025-10-02 15:18:23,noise
6399799920361,6395363927709,T459,4.9,Nia Tanaka,2025-10-01 15:05:53,noise
6399799920361,6391085319364,T459,39.8,Nia Tanaka,2025-10-01 10:27:03,noise
6399799920361,6392795791102,T535,52.1,Nia Tanaka,2025-09-30 08:19:59,noise
6399799920361,6397588030313,T459,6.5,Nia Tanaka,2025-09-30 11:21:12,noise
6399799920361,6391085319364,T459,13.1,Nia Tanaka,2025-09-30 09:25:18,noise
6399799920361,6394841742270,T535,2.4,Nia Tanaka,2025-09-29 11:07:08,noise
6399799920361,6394272648738,T459,13.5,Nia Tanaka,2025-09-28 16:11:10,noise
6399799920361,6394272648738,T459,22.4,Nia Tanaka,2025-09-28 13:06:51,noise
6399799920361,6391085319364,T459,4.7,Nia Tanaka,2025-09-28 16:30:49,noise
6399799920361,6395363927709,T459,16.1,Nia Tanaka,2025-09-27 00:28:29,noise
6399799920361,6395363927709,T459,28.9,Nia Tanaka,2025-09-27 23:03:09,noise
6399799920361,6394882630315,T459,10.1,Nia Tanaka,2025-09-26 08:28:13,noise
6399799920361,6395363927709,T459,12.2,Nia Tanaka,2025-09-25 14:20:59,noise
6399799920361,6396693621506,T459,17.9,Nia Tanaka,2025-09-25 23:11:36,noise
6399799920361,6392052186148,T535,24.4,Nia Tanaka,2025-09-25 09:19:14,noise
6399799920361,6395255503056,T459,23.9,Nia Tanaka,2025-09-24 15:04:20,noise
6399799920361,6394272648738,T459,22.1,Nia Tanaka,2025-09-24 19:16:02,noise
6399799920361,6399259551176,T535,12.0,Nia Tanaka,2025-09-23 13:29:40,noise
6399799920361,6395363927709,T535,26.7,Nia Tanaka,2025-09-23 13:09:45,noise
6399799920361,6391085319364,T459,5.0,Nia Tanaka,2025-09-22 04:18:33,noise
6399799920361,6395363927709,T459,9.9,Nia Tanaka,2025-09-22 20:07:01,noise
6399799920361,6395363927709,T459,19.8,Nia Tanaka,2025-09-21 05:26:18,noise
6399799920361,6396967557245,T535,4.1,Nia Tanaka,2025-09-21 01:24:54,noise
6399799920361,6393561104962,T459,41.4,Nia Tanaka,2025-09-20 11:29:45,noise
6399799920361,6391085319364,T459,19.9,Nia Tanaka,2025-09-19 16:19:01,noise
6399799920361,6398906791192,T459,5.9,Nia Tanaka,2025-09-19 15:04:14,noise
6399799920361,6393794997179,T459,116.9,Nia Tanaka,2025-09-18 10:04:17,noise
6399799920361,6391085319364,T459,24.5,Nia Tanaka,2025-09-18 21:19:01,noise
6399799920361,6399259551176,T459,12.7,Nia Tanaka,2025-09-18 13:11:50,noise
6399799920361,6395363927709,T459,12.4,Nia Tanaka,2025-09-17 10:04:58,noise
6399799920361,6391085319364,T459,7.1,Nia Tanaka,2025-09-16 15:28:05,noise
6399799920361,6395363927709,T459,6.7,Nia Tanaka,2025-09-16 11:17:28,noise
6399799920361,6395363927709,T459,34.4,Nia Tanaka,2025-09-15 18:21:41,noise
6399799920361,6391085319364,T459,45.6,Nia Tanaka,2025-09-15 20:08:44,noise
6399799920361,6391085319364,T459,13.2,Nia Tanaka,2025-09-15 23:16:23,noise
6399799920361,6397364632100,T459,16.7,Nia Tanaka,2025-09-14 19:02:48,noise
6399799920361,6394272648738,T459,18.6,Nia Tanaka,2025-09-14 19:23:09,noise
6399799920361,6397554224472,T535,46.1,Nia Tanaka,2025-09-13 16:06:21,noise
6399799920361,6395363927709,T535,14.2,Nia Tanaka,2025-09-13 19:11:49,noise
6399799920361,6395363927709,T535,13.2,Nia Tanaka,2025-09-12 19:17:54,noise
6399799920361,6395363927709,T459,13.2,Nia Tanaka,2025-09-12 19:12:58,noise
6399799920361,6394555912795,T459,16.9,Nia Tanaka,2025-09-11 22:04:16,noise
6399799920361,6392085020554,T535,10.5,Nia Tanaka,2025-09-11 19:20:05,noise
6399799920361,6391085319364,T535,33.7,Nia Tanaka,2025-09-10 03:30:20,noise
6399799920361,6395363927709,T459,7.7,Nia Tanaka,2025-09-09 15:28:58,noise
6399799920361,6391085319364,T459,8.9,Nia Tanaka,2025-09-09 15:16:04,noise
6399799920361,6394882630315,T535,24.7,Nia Tanaka,2025-09-09 11:03:07,noise
6399799920361,6393507307642,T459,23.8,Nia Tanaka,2025-09-08 09:13:24,noise
6399799920361,6391085319364,T459,55.9,Nia Tanaka,2025-09-07 18:24:13,noise
6399799920361,6394272648738,T535,4.4,Nia Tanaka,2025-09-07 12:13:54,noise
6399799920361,6394272648738,T459,14.4,Nia Tanaka,2025-09-07 11:03:33,noise
6399799920361,6391757381529,T459,35.7,Nia Tanaka,2025-09-06 08:29:24,noise
6399799920361,6395363927709,T459,7.6,Nia Tanaka,2025-09-05 15:09:28,noise
6399799920361,6394272648738,T535,29.1,Nia Tanaka,2025-09-05 23:14:03,noise
6399799920361,6391085319364,T459,20.3,Nia Tanaka,2025-09-05 13:30:04,noise
6399799920361,6391085319364,T459,4.4,Nia Tanaka,2025-09-04 09:01:32,noise
6399799920361,6394272648738,T535,34.1,Nia Tanaka,2025-09-04 18:09:13,noise
6399799920361,6391085319364,T535,37.0,Nia Tanaka,2025-09-03 09:09:50,noise
6399799920361,6395363927709,T535,9.6,Nia Tanaka,2025-09-02 11:15:54,noise
6399799920361,6395363927709,T459,4.7,Nia Tanaka,2025-09-01 09:23:55,noise
6399799920361,6391085319364,T535,69.4,Nia Tanaka,2025-08-31 19:02:57,noise
6399799920361,6395363927709,T459,3.8,Nia Tanaka,2025-08-31 17:03:38,noise
6399799920361,6394272648738,T535,13.7,Nia Tanaka,2025-08-31 08:23:34,noise
6399799920361,6398491189169,T459,4.8,Nia Tanaka,2025-08-30 13:21:10,noise
6399799920361,6395913076726,T535,12.0,Nia Tanaka,2025-08-29 05:22:21,noise
6399799920361,6394272648738,T535,4.5,Nia Tanaka,2025-08-28 12:19:57,noise
6399799920361,6394272648738,T459,23.2,Nia Tanaka,2025-08-28 17:06:30,noise
6399799920361,6395363927709,T459,4.4,Nia Tanaka,2025-08-27 15:09:39,noise
6399799920361,6395363927709,T535,14.1,Nia Tanaka,2025-08-27 11:11:58,noise
6399799920361,6394272648738,T535,17.0,Nia Tanaka,2025-08-27 16:08:40,noise
6399799920361,6394272648738,T535,16.9,Nia Tanaka,2025-08-26 10:28:32,noise
6399799920361,6399617100710,T535,14.6,Nia Tanaka,2025-08-26 20:09:34,noise
6399799920361,6394272648738,T535,10.0,Nia Tanaka,2025-08-26 08:21:37,noise
6399799920361,6391085319364,T459,9.1,Nia Tanaka,2025-08-25 01:10:48,noise
6399799920361,6396892073434,T459,7.2,Nia Tanaka,2025-08-25 15:18:35,noise
6399799920361,6394272648738,T535,12.8,Nia Tanaka,2025-08-24 13:14:36,noise
6399799920361,6395255503056,T459,12.3,Nia Tanaka,2025-08-24 00:09:19,noise
6399799920361,6396181402712,T535,8.5,Nia Tanaka,2025-08-23 19:19:09,noise
6399799920361,6391085319364,T535,7.5,Nia Tanaka,2025-08-23 10:06:47,noise
6399799920361,6393723821869,T535,15.2,Nia Tanaka,2025-08-22 10:13:21,noise
6399799920361,6396492957730,T535,22.4,Nia Tanaka,2025-08-22 04:05:34,noise
6399799920361,6395363927709,T459,15.4,Nia Tanaka,2025-08-22 14:17:51,noise
6399799920361,6397664580862,T535,13.0,Nia Tanaka,2025-08-21 05:19:36,noise
6399799920361,6394272648738,T459,40.3,Nia Tanaka,2025-08-21 11:30:47,noise
6399799920361,6391085319364,T535,16.7,Nia Tanaka,2025-08-20 15:22:09,noise
6399799920361,6395363927709,T459,5.5,Nia Tanaka,2025-08-19 18:11:23,noise
6399799920361,6394272648738,T459,3.7,Nia Tanaka,2025-08-18 17:25:45,noise
6399799920361,6395363927709,T535,12.3,Nia Tanaka,2025-08-18 13:25:03,noise
6399799920361,6395363927709,T535,13.8,Nia Tanaka,2025-08-18 03:29:10,noise
6399799920361,6395363927709,T459,41.5,Nia Tanaka,2025-08-17 20:01:04,noise
6399799920361,6391085319364,T535,14.4,Nia Tanaka,2025-08-16 20:02:39,noise
6399799920361,6392779062252,T535,17.3,Nia Tanaka,2025-08-16 11:14:19,noise
6399799920361,6395363927709,T535,14.8,Nia Tanaka,2025-08-15 19:14:45,noise
6399799920361,6394272648738,T459,15.0,Nia Tanaka,2025-08-15 12:26:58,noise
6399799920361,6395363927709,T459,11.1,Nia Tanaka,2025-08-14 19:02:37,noise
6399799920361,6399165981131,T459,16.7,Nia Tanaka,2025-08-14 11:30:39,noise
6399799920361,6394841742270,T459,34.7,Nia Tanaka,2025-08-14 18:08:42,noise
6399799920361,6395913076726,T535,31.4,Nia Tanaka,2025-08-13 08:03:15,noise
6399799920361,6394048553499,T535,13.3,Nia Tanaka,2025-08-13 17:10:39,noise
6399799920361,6396423658378,T459,28.4,Nia Tanaka,2025-08-13 14:10:24,noise
6399799920361,6393723821869,T459,41.0,Nia Tanaka,2025-08-12 11:17:27,noise
6399799920361,6391085319364,T459,57.9,Nia Tanaka,2025-08-11 14:30:01,noise
6399799920361,6395363927709,T535,34.5,Nia Tanaka,2025-08-11 22:25:09,noise
6399799920361,6391085319364,T459,16.4,Nia Tanaka,2025-08-10 14:29:41,noise
6399799920361,6391085319364,T459,10.1,Nia Tanaka,2025-08-10 16:18:47,noise
6399799920361,6394272648738,T459,2.1,Nia Tanaka,2025-08-09 17:00:59,noise
6399799920361,6396631526248,T535,10.5,Nia Tanaka,2025-08-09 21:13:52,noise
6399799920361,6391085319364,T459,21.4,Nia Tanaka,2025-08-08 23:24:09,noise
6399799920361,6398036705746,T535,5.8,Nia Tanaka,2025-08-08 21:12:42,noise
6399799920361,6394272648738,T535,15.9,Nia Tanaka,2025-08-08 11:06:27,noise
6399799920361,6395363927709,T459,32.2,Nia Tanaka,2025-08-07 12:09:14,noise
6399799920361,6392523182756,T535,12.3,Nia Tanaka,2025-08-07 21:22:32,noise
6399799920361,6394272648738,T459,12.0,Nia Tanaka,2025-08-06 17:17:17,noise
6399799920361,6397588030313,T459,17.4,Nia Tanaka,2025-08-06 21:10:13,noise
6399799920361,6394272648738,T535,15.0,Nia Tanaka,2025-08-05 19:04:22,noise
6399799920361,6391085319364,T459,21.3,Nia Tanaka,2025-08-05 14:08:42,noise
6399799920361,6392085020554,T535,34.1,Nia Tanaka,2025-08-04 20:23:58,noise
6399076960112,6391937903040,T778,19.2,Diego Bakker,2025-10-18 19:09:41,noise
6399076960112,6391575752536,T778,14.4,Diego Bakker,2025-10-17 09:15:14,noise
6399076960112,6395082508928,T778,7.9,Diego Bakker,2025-10-17 13:14:39,noise
6399076960112,6391937903040,T778,28.2,Diego Bakker,2025-10-16 11:19:40,noise
6399076960112,6393726218800,T778,4.0,Diego Bakker,2025-10-16 22:16:28,noise
6399076960112,6396095128059,T128,34.0,Diego Bakker,2025-10-15 21:30:23,noise
6399076960112,6397652242448,T128,15.3,Diego Bakker,2025-10-15 08:21:59,noise
6399076960112,6391937903040,T778,7.7,Diego Bakker,2025-10-14 19:14:56,noise
6399076960112,6393726218800,T778,14.3,Diego Bakker,2025-10-13 23:03:34,noise
6399076960112,6393726218800,T128,22.8,Diego Bakker,2025-10-13 21:25:06,noise
6399076960112,6391937903040,T778,11.8,Diego Bakker,2025-10-12 22:10:01,noise
6399076960112,6396956928083,T128,51.3,Diego Bakker,2025-10-12 13:26:04,noise
6399076960112,6391937903040,T778,16.4,Diego Bakker,2025-10-11 02:18:23,noise
6399076960112,6393726218800,T778,17.5,Diego Bakker,2025-10-11 13:18:59,noise
6399076960112,6393726218800,T778,33.1,Diego Bakker,2025-10-10 15:30:04,noise
6399076960112,6397235532708,T128,71.1,Diego Bakker,2025-10-10 20:13:25,noise
6399076960112,6391937903040,T128,18.5,Diego Bakker,2025-10-09 09:15:53,noise
6399076960112,6396607099917,T128,18.4,Diego Bakker,2025-10-09 12:04:07,noise
6399076960112,6396227547092,T128,6.6,Diego Bakker,2025-10-08 03:24:57,noise
6399076960112,6397364632100,T128,35.0,Diego Bakker,2025-10-08 19:20:55,noise
6399076960112,6397364632100,T128,6.9,Diego Bakker,2025-10-08 13:06:25,noise
6399076960112,6396095128059,T128,12.5,Diego Bakker,2025-10-07 13:30:20,noise
6399076960112,6398491189169,T778,6.7,Diego Bakker,2025-10-06 23:02:22,noise
6399076960112,6391194839118,T128,14.3,Diego Bakker,2025-10-06 15:26:20,noise
6399076960112,6391937903040,T128,7.8,Diego Bakker,2025-10-05 01:17:08,noise
6399076960112,6397636641248,T128,5.9,Diego Bakker,2025-10-05 08:03:06,noise
6399076960112,6397364632100,T778,23.5,Diego Bakker,2025-10-04 18:03:20,noise
6399076960112,6396441529079,T778,17.0,Diego Bakker,2025-10-04 09:10:59,noise
6399076960112,6391937903040,T778,6.9,Diego Bakker,2025-10-03 23:18:47,noise
6399076960112,6396607099917,T778,71.0,Diego Bakker,2025-10-02 08:14:29,noise
6399076960112,6398906791192,T778,33.2,Diego Bakker,2025-10-02 13:05:25,noise
6399076960112,6391937903040,T128,11.0,Diego Bakker,2025-10-01 17:09:12,noise
6399076960112,6391937903040,T128,23.2,Diego Bakker,2025-10-01 08:12:22,noise
6399076960112,6391575752536,T778,11.3,Diego Bakker,2025-09-30 19:30:32,noise
6399076960112,6397364632100,T778,9.9,Diego Bakker,2025-09-30 09:18:52,noise
6399076960112,6393726218800,T778,11.2,Diego Bakker,2025-09-30 17:02:25,noise
6399076960112,6393726218800,T778,81.9,Diego Bakker,2025-09-29 15:13:50,noise
6399076960112,6391937903040,T778,31.7,Diego Bakker,2025-09-29 16:08:25,noise
6399076960112,6391937903040,T128,16.6,Diego Bakker,2025-09-28 08:16:06,noise
6399076960112,6396631526248,T128,23.6,Diego Bakker,2025-09-28 20:03:47,noise
6399076960112,6391937903040,T778,20.2,Diego Bakker,2025-09-27 19:07:25,noise
6399076960112,6391937903040,T778,31.6,Diego Bakker,2025-09-26 20:27:02,noise
6399076960112,6393726218800,T128,17.6,Diego Bakker,2025-09-26 15:09:24,noise
6399076960112,6397364632100,T778,8.8,Diego Bakker,2025-09-25 23:25:01,noise
6399076960112,6393541804755,T778,27.7,Diego Bakker,2025-09-25 11:08:19,noise
6399076960112,6392523182756,T778,15.5,Diego Bakker,2025-09-25 11:30:08,noise
6399076960112,6391937903040,T778,33.7,Diego Bakker,2025-09-24 23:12:51,noise
6399076960112,6393726218800,T778,29.7,Diego Bakker,2025-09-24 09:22:06,noise
6399076960112,6391937903040,T778,7.2,Diego Bakker,2025-09-23 15:29:33,noise
6399076960112,6393726218800,T778,56.2,Diego Bakker,2025-09-23 13:10:55,noise
6399076960112,6393726218800,T128,13.7,Diego Bakker,2025-09-23 10:14:59,noise
6399076960112,6397364632100,T778,8.6,Diego Bakker,2025-09-22 19:26:19,noise
6399076960112,6393726218800,T128,14.8,Diego Bakker,2025-09-21 18:12:00,noise
6399076960112,6393726218800,T778,3.6,Diego Bakker,2025-09-21 20:07:25,noise
6399076960112,6397364632100,T778,10.3,Diego Bakker,2025-09-20 13:14:51,noise
6399076960112,6393726218800,T128,19.2,Diego Bakker,2025-09-20 15:02:43,noise
6399076960112,6397636641248,T128,21.9,Diego Bakker,2025-09-19 09:24:33,noise
6399076960112,6393726218800,T778,14.5,Diego Bakker,2025-09-19 03:00:43,noise
6399076960112,6393493304331,T778,30.4,Diego Bakker,2025-09-18 11:21:19,noise
6399076960112,6395978599202,T778,2.4,Diego Bakker,2025-09-17 20:03:55,noise
6399076960112,6397364632100,T128,25.2,Diego Bakker,2025-09-17 16:18:54,noise
6399076960112,6397364632100,T778,40.7,Diego Bakker,2025-09-17 15:07:23,noise
6399076960112,6395122083064,T128,32.2,Diego Bakker,2025-09-16 18:29:08,noise
6399076960112,6397364632100,T778,5.3,Diego Bakker,2025-09-15 17:02:08,noise
6399076960112,6394264279208,T128,24.1,Diego Bakker,2025-09-15 04:20:09,noise
6399076960112,6398732852032,T128,31.5,Diego Bakker,2025-09-15 17:04:00,noise
6399076960112,6391937903040,T778,23.8,Diego Bakker,2025-09-14 10:30:02,noise
6399076960112,6397364632100,T778,25.6,Diego Bakker,2025-09-14 09:11:02,noise
6399076960112,6399799920361,T128,6.4,Diego Bakker,2025-09-13 13:04:30,noise
6399076960112,6391937903040,T778,18.8,Diego Bakker,2025-09-13 22:17:50,noise
6399076960112,6397364632100,T778,53.6,Diego Bakker,2025-09-13 03:12:04,noise
6399076960112,6392523182756,T778,12.2,Diego Bakker,2025-09-12 15:05:34,noise
6399076960112,6393726218800,T128,28.0,Diego Bakker,2025-09-12 10:05:00,noise
6399076960112,6392795791102,T778,8.3,Diego Bakker,2025-09-11 22:30:07,noise
6399076960112,6391937903040,T778,26.2,Diego Bakker,2025-09-11 17:04:20,noise
6399076960112,6396967557245,T128,14.4,Diego Bakker,2025-09-10 04:29:47,noise
6399076960112,6391937903040,T778,5.3,Diego Bakker,2025-09-10 14:04:05,noise
6399076960112,6399521620276,T778,21.6,Diego Bakker,2025-09-09 18:04:30,noise
6399076960112,6391937903040,T778,39.2,Diego Bakker,2025-09-09 18:30:53,noise
6399076960112,6391937903040,T128,7.3,Diego Bakker,2025-09-08 16:24:02,noise
6399076960112,6392463613153,T778,13.9,Diego Bakker,2025-09-08 14:01:51,noise
6399076960112,6396743661793,T778,26.7,Diego Bakker,2025-09-08 20:22:22,noise
6399076960112,6391937903040,T778,7.4,Diego Bakker,2025-09-07 11:04:36,noise
6399076960112,6397364632100,T128,21.0,Diego Bakker,2025-09-06 11:27:02,noise
6399076960112,6396743661793,T778,13.0,Diego Bakker,2025-09-06 10:25:52,noise
6399076960112,6393726218800,T778,25.9,Diego Bakker,2025-09-05 17:02:37,noise
6399076960112,6398491189169,T128,14.4,Diego Bakker,2025-09-05 08:29:00,noise
6399076960112,6391937903040,T778,18.6,Diego Bakker,2025-09-05 23:06:20,noise
6399076960112,6391937903040,T778,6.6,Diego Bakker,2025-09-04 16:20:25,noise
6399076960112,6397364632100,T128,27.9,Diego Bakker,2025-09-04 14:26:11,noise
6399076960112,6393726218800,T778,11.7,Diego Bakker,2025-09-03 15:06:16,noise
6399076960112,6392463613153,T778,27.2,Diego Bakker,2025-09-03 15:21:46,noise
6399076960112,6393726218800,T778,31.6,Diego Bakker,2025-09-03 09:22:07,noise
6399076960112,6398445554732,T778,2.4,Diego Bakker,2025-09-02 16:02:05,noise
6399076960112,6396631526248,T128,11.3,Diego Bakker,2025-09-02 09:00:51,noise
6399076960112,6397316055758,T128,12.3,Diego Bakker,2025-09-02 22:06:01,noise
6399076960112,6393726218800,T778,22.1,Diego Bakker,2025-09-01 10:26:31,noise
6399076960112,6397364632100,T128,22.4,Diego Bakker,2025-09-01 12:21:42,noise
6399076960112,6391575752536,T128,17.4,Diego Bakker,2025-08-31 13:14:10,noise
6399076960112,6391937903040,T128,10.7,Diego Bakker,2025-08-31 22:19:53,noise
6399076960112,6397364632100,T778,6.0,Diego Bakker,2025-08-30 08:19:34,noise
6399076960112,6397364632100,T128,11.4,Diego Bakker,2025-08-30 10:01:47,noise
6399076960112,6397364632100,T128,12.2,Diego Bakker,2025-08-30 08:30:34,noise
6399076960112,6393561104962,T128,23.3,Diego Bakker,2025-08-29 16:17:41,noise
6399076960112,6397364632100,T778,9.8,Diego Bakker,2025-08-29 16:07:44,noise
6399076960112,6397364632100,T778,21.5,Diego Bakker,2025-08-28 22:17:16,noise
6399076960112,6397364632100,T778,19.0,Diego Bakker,2025-08-28 14:08:56,noise
6399076960112,6397364632100,T778,55.5,Diego Bakker,2025-08-27 14:18:41,noise
6399076960112,6392835511896,T778,12.4,Diego Bakker,2025-08-26 20:28:36,noise
6399076960112,6391279393246,T778,57.1,Diego Bakker,2025-08-26 13:05:38,noise
6399076960112,6393726218800,T778,9.8,Diego Bakker,2025-08-25 17:24:11,noise
6399076960112,6391841771012,T778,11.9,Diego Bakker,2025-08-25 17:03:35,noise
6399076960112,6397636641248,T128,11.5,Diego Bakker,2025-08-25 14:21:52,noise
6399076960112,6393726218800,T778,10.1,Diego Bakker,2025-08-24 12:30:17,noise
6399076960112,6391937903040,T128,10.1,Diego Bakker,2025-08-24 13:26:36,noise
6399076960112,6391937903040,T778,12.7,Diego Bakker,2025-08-23 00:08:48,noise
6399076960112,6393726218800,T128,25.5,Diego Bakker,2025-08-23 17:00:06,noise
6399076960112,6391681212932,T128,16.4,Diego Bakker,2025-08-23 09:28:26,noise
6399076960112,6397364632100,T778,17.3,Diego Bakker,2025-08-22 22:11:06,noise
6399076960112,6393726218800,T778,9.7,Diego Bakker,2025-08-22 20:27:31,noise
6399076960112,6392463613153,T128,33.5,Diego Bakker,2025-08-21 19:12:25,noise
6399076960112,6394272648738,T778,6.9,Diego Bakker,2025-08-21 03:05:13,noise
6399076960112,6394272648738,T778,6.8,Diego Bakker,2025-08-21 11:05:54,noise
6399076960112,6392724977358,T128,31.1,Diego Bakker,2025-08-20 01:15:24,noise
6399076960112,6397364632100,T778,7.7,Diego Bakker,2025-08-20 08:12:56,noise
6399076960112,6396681820773,T128,8.0,Diego Bakker,2025-08-19 00:23:00,noise
6399076960112,6399165981131,T128,4.9,Diego Bakker,2025-08-19 22:16:16,noise
6399076960112,6397364632100,T778,8.4,Diego Bakker,2025-08-18 16:06:53,noise
6399076960112,6393726218800,T778,16.0,Diego Bakker,2025-08-18 11:18:53,noise
6399076960112,6393726218800,T128,15.6,Diego Bakker,2025-08-18 10:30:46,noise
6399076960112,6391757381529,T778,11.5,Diego Bakker,2025-08-17 09:10:58,noise
6399076960112,6397364632100,T778,8.6,Diego Bakker,2025-08-17 18:19:45,noise
6399076960112,6397364632100,T128,34.8,Diego Bakker,2025-08-16 18:11:49,noise
6399076960112,6395656527999,T778,8.9,Diego Bakker,2025-08-16 15:07:53,noise
6399076960112,6397364632100,T128,47.0,Diego Bakker,2025-08-16 20:11:44,noise
6399076960112,6397364632100,T128,10.1,Diego Bakker,2025-08-15 10:04:49,noise
6399076960112,6399521620276,T778,8.8,Diego Bakker,2025-08-15 11:10:59,noise
6399076960112,6391937903040,T778,74.9,Diego Bakker,2025-08-14 20:17:56,noise
6399076960112,6391937903040,T128,15.3,Diego Bakker,2025-08-13 13:11:01,noise
6399076960112,6397364632100,T778,8.9,Diego Bakker,2025-08-12 13:03:31,noise
6399076960112,6393726218800,T128,23.5,Diego Bakker,2025-08-12 16:24:36,noise
6399076960112,6397364632100,T778,37.2,Diego Bakker,2025-08-11 12:26:25,noise
6399076960112,6397364632100,T778,27.0,Diego Bakker,2025-08-11 18:26:08,noise
6399076960112,6396492957730,T778,12.5,Diego Bakker,2025-08-10 15:06:20,noise
6399076960112,6395122083064,T778,12.8,Diego Bakker,2025-08-10 17:14:58,noise
6399076960112,6391937903040,T128,41.5,Diego Bakker,2025-08-09 17:24:13,noise
6399076960112,6391937903040,T128,24.1,Diego Bakker,2025-08-09 01:06:00,noise
6399076960112,6395978599202,T778,36.3,Diego Bakker,2025-08-08 16:15:57,noise
6399076960112,6391937903040,T128,18.7,Diego Bakker,2025-08-08 16:23:57,noise
6399076960112,6396631526248,T778,20.0,Diego Bakker,2025-08-08 10:20:09,noise
6399076960112,6392334677082,T778,16.9,Diego Bakker,2025-08-07 20:22:56,noise
6399076960112,6397364632100,T778,8.6,Diego Bakker,2025-08-07 13:29:08,noise
6399076960112,6391937903040,T778,12.5,Diego Bakker,2025-08-06 08:10:49,noise
6399076960112,6393541804755,T128,9.1,Diego Bakker,2025-08-05 13:09:09,noise
6399076960112,6393726218800,T778,20.5,Diego Bakker,2025-08-05 11:29:22,noise
6399076960112,6397364632100,T778,17.9,Diego Bakker,2025-08-04 10:30:05,noise
6399076960112,6391937903040,T778,11.8,Diego Bakker,2025-08-04 09:23:57,noise
6393561104962,6397906422409,T186,13.7,Leo Haddad,2025-10-18 23:07:05,noise
6393561104962,6391611816266,T383,3.7,Leo Haddad,2025-10-18 08:00:26,noise
6393561104962,6399799920361,T383,12.5,Leo Haddad,2025-10-17 12:02:19,noise
6393561104962,6399471209395,T186,23.9,Leo Haddad,2025-10-17 08:10:50,noise
6393561104962,6397364632100,T186,25.7,Leo Haddad,2025-10-16 12:12:59,noise
6393561104962,6393603835968,T383,9.1,Leo Haddad,2025-10-16 01:03:43,noise
6393561104962,6393541804755,T186,40.2,Leo Haddad,2025-10-16 20:11:07,noise
6393561104962,6391611816266,T186,8.6,Leo Haddad,2025-10-15 15:06:40,noise
6393561104962,6399799920361,T186,21.3,Leo Haddad,2025-10-15 20:25:39,noise
6393561104962,6396441529079,T186,12.3,Leo Haddad,2025-10-15 02:04:09,noise
6393561104962,6396441529079,T383,13.3,Leo Haddad,2025-10-14 05:11:04,noise
6393561104962,6393726218800,T383,14.6,Leo Haddad,2025-10-14 03:11:55,noise
6393561104962,6391611816266,T186,10.0,Leo Haddad,2025-10-13 14:25:10,noise
6393561104962,6396441529079,T186,19.5,Leo Haddad,2025-10-13 12:04:21,noise
6393561104962,6396631526248,T186,5.8,Leo Haddad,2025-10-12 19:29:43,noise
6393561104962,6391053669235,T186,28.5,Leo Haddad,2025-10-12 11:01:17,noise
6393561104962,6393723821869,T186,34.0,Leo Haddad,2025-10-11 14:12:38,noise
6393561104962,6399799920361,T186,17.2,Leo Haddad,2025-10-11 21:12:04,noise
6393561104962,6398445554732,T186,34.4,Leo Haddad,2025-10-10 18:27:27,noise
6393561104962,6399799920361,T383,22.2,Leo Haddad,2025-10-10 11:18:13,noise
6393561104962,6399799920361,T186,36.0,Leo Haddad,2025-10-09 18:19:28,noise
6393561104962,6399799920361,T383,48.4,Leo Haddad,2025-10-08 14:23:18,noise
6393561104962,6391937903040,T383,4.3,Leo Haddad,2025-10-08 16:05:23,noise
6393561104962,6391611816266,T186,11.2,Leo Haddad,2025-10-07 05:17:58,noise
6393561104962,6398491189169,T186,77.4,Leo Haddad,2025-10-06 13:09:20,noise
6393561104962,6391053669235,T383,7.4,Leo Haddad,2025-10-06 05:10:42,noise
6393561104962,6391611816266,T186,4.6,Leo Haddad,2025-10-05 18:26:57,noise
6393561104962,6393541804755,T383,6.9,Leo Haddad,2025-10-05 17:29:20,noise
6393561104962,6395363927709,T186,8.1,Leo Haddad,2025-10-05 13:12:42,noise
6393561104962,6394882630315,T186,44.1,Leo Haddad,2025-10-04 23:30:54,noise
6393561104962,6399799920361,T383,4.8,Leo Haddad,2025-10-04 10:26:35,noise
6393561104962,6393507307642,T186,6.2,Leo Haddad,2025-10-03 17:06:50,noise
6393561104962,6396892073434,T186,7.5,Leo Haddad,2025-10-03 21:26:28,noise
6393561104962,6396441529079,T383,33.2,Leo Haddad,2025-10-02 09:26:28,noise
6393561104962,6396607099917,T186,19.2,Leo Haddad,2025-10-02 09:12:29,noise
6393561104962,6397792731200,T186,21.6,Leo Haddad,2025-10-01 15:16:33,noise
6393561104962,6399521620276,T383,41.8,Leo Haddad,2025-10-01 23:11:38,noise
6393561104962,6393859907578,T383,23.5,Leo Haddad,2025-10-01 18:05:46,noise
6393561104962,6399799920361,T186,2.1,Leo Haddad,2025-09-30 10:20:29,noise
6393561104962,6396441529079,T383,8.6,Leo Haddad,2025-09-30 20:29:28,noise
6393561104962,6397554224472,T383,14.7,Leo Haddad,2025-09-29 16:07:15,noise
6393561104962,6398036705746,T186,17.7,Leo Haddad,2025-09-29 14:03:24,noise
6393561104962,6392835511896,T186,10.4,Leo Haddad,2025-09-29 16:29:12,noise
6393561104962,6399799920361,T383,16.2,Leo Haddad,2025-09-28 16:24:25,noise
6393561104962,6391611816266,T186,9.7,Leo Haddad,2025-09-28 14:02:03,noise
6393561104962,6399799920361,T186,15.4,Leo Haddad,2025-09-27 17:12:01,noise
6393561104962,6391611816266,T383,25.2,Leo Haddad,2025-09-26 16:22:00,noise
6393561104962,6395656527999,T383,16.8,Leo Haddad,2025-09-25 13:04:43,noise
6393561104962,6396441529079,T383,22.9,Leo Haddad,2025-09-25 19:15:42,noise
6393561104962,6396956928083,T186,9.3,Leo Haddad,2025-09-24 17:29:20,noise
6393561104962,6399924544312,T186,25.2,Leo Haddad,2025-09-24 11:04:10,noise
6393561104962,6399799920361,T383,31.5,Leo Haddad,2025-09-24 05:20:31,noise
6393561104962,6392334677082,T383,14.1,Leo Haddad,2025-09-23 18:03:45,noise
6393561104962,6396227547092,T186,51.4,Leo Haddad,2025-09-23 08:23:21,noise
6393561104962,6399799920361,T383,35.4,Leo Haddad,2025-09-22 22:04:46,noise
6393561104962,6399799920361,T186,18.2,Leo Haddad,2025-09-22 15:27:44,noise
6393561104962,6396441529079,T186,73.8,Leo Haddad,2025-09-21 18:16:09,noise
6393561104962,6396441529079,T186,9.9,Leo Haddad,2025-09-21 08:20:08,noise
6393561104962,6395082508928,T186,12.7,Leo Haddad,2025-09-20 03:12:05,noise
6393561104962,6396441529079,T186,31.2,Leo Haddad,2025-09-20 16:25:56,noise
6393561104962,6399076960112,T383,12.2,Leo Haddad,2025-09-20 10:21:48,noise
6393561104962,6396441529079,T383,9.6,Leo Haddad,2025-09-19 10:24:09,noise
6393561104962,6396441529079,T186,7.2,Leo Haddad,2025-09-19 17:08:04,noise
6393561104962,6396441529079,T383,40.2,Leo Haddad,2025-09-18 03:28:55,noise
6393561104962,6396441529079,T186,15.3,Leo Haddad,2025-09-18 02:02:57,noise
6393561104962,6391611816266,T186,26.8,Leo Haddad,2025-09-17 14:30:29,noise
6393561104962,6396441529079,T186,4.7,Leo Haddad,2025-09-17 11:06:26,noise
6393561104962,6396441529079,T186,9.7,Leo Haddad,2025-09-16 15:06:03,noise
6393561104962,6391611816266,T383,69.6,Leo Haddad,2025-09-15 22:03:49,noise
6393561104962,6399799920361,T186,10.6,Leo Haddad,2025-09-15 10:20:29,noise
6393561104962,6399799920361,T186,8.0,Leo Haddad,2025-09-15 08:00:42,noise
6393561104962,6391611816266,T383,81.0,Leo Haddad,2025-09-14 15:19:50,noise
6393561104962,6391611816266,T186,23.9,Leo Haddad,2025-09-14 19:20:19,noise
6393561104962,6391611816266,T186,36.9,Leo Haddad,2025-09-13 16:19:22,noise
6393561104962,6396441529079,T383,60.2,Leo Haddad,2025-09-13 20:09:32,noise
6393561104962,6399165981131,T186,13.5,Leo Haddad,2025-09-12 20:18:07,noise
6393561104962,6399799920361,T186,20.2,Leo Haddad,2025-09-11 16:06:54,noise
6393561104962,6396441529079,T186,8.2,Leo Haddad,2025-09-11 08:03:30,noise
6393561104962,6396441529079,T383,33.7,Leo Haddad,2025-09-11 05:02:03,noise
6393561104962,6396441529079,T383,24.9,Leo Haddad,2025-09-10 12:30:34,noise
6393561104962,6391611816266,T383,2.9,Leo Haddad,2025-09-09 23:29:51,noise
6393561104962,6396441529079,T186,65.6,Leo Haddad,2025-09-09 08:25:09,noise
6393561104962,6399799920361,T186,20.6,Leo Haddad,2025-09-08 08:11:26,noise
6393561104962,6399799920361,T186,11.9,Leo Haddad,2025-09-08 15:03:36,noise
6393561104962,6399799920361,T186,5.0,Leo Haddad,2025-09-07 15:07:06,noise
6393561104962,6397792731200,T383,51.6,Leo Haddad,2025-09-06 18:00:05,noise
6393561104962,6391611816266,T186,19.4,Leo Haddad,2025-09-06 20:30:50,noise
6393561104962,6396681820773,T383,6.1,Leo Haddad,2025-09-05 15:29:55,noise
6393561104962,6395913076726,T186,7.9,Leo Haddad,2025-09-05 10:04:30,noise
6393561104962,6396441529079,T186,23.5,Leo Haddad,2025-09-04 14:19:44,noise
6393561104962,6396441529079,T383,2.9,Leo Haddad,2025-09-04 01:12:59,noise
6393561104962,6399799920361,T186,11.9,Leo Haddad,2025-09-03 09:02:06,noise
6393561104962,6391937582998,T186,22.4,Leo Haddad,2025-09-03 09:25:30,noise
6393561104962,6396441529079,T186,25.4,Leo Haddad,2025-09-02 21:04:15,noise
6393561104962,6394264279208,T186,4.2,Leo Haddad,2025-09-02 12:18:06,noise
6393561104962,6391611816266,T186,8.0,Leo Haddad,2025-09-02 21:24:50,noise
6393561104962,6396441529079,T186,16.9,Leo Haddad,2025-09-01 19:00:31,noise
6393561104962,6391611816266,T186,22.2,Leo Haddad,2025-09-01 09:28:09,noise
6393561104962,6396441529079,T186,11.8,Leo Haddad,2025-08-31 12:07:17,noise
6393561104962,6399799920361,T186,9.7,Leo Haddad,2025-08-31 11:11:43,noise
6393561104962,6399799920361,T383,23.7,Leo Haddad,2025-08-30 10:12:39,noise
6393561104962,6396441529079,T186,45.1,Leo Haddad,2025-08-30 13:15:28,noise
6393561104962,6399617100710,T383,6.1,Leo Haddad,2025-08-29 18:16:20,noise
6393561104962,6396441529079,T186,7.3,Leo Haddad,2025-08-29 15:02:15,noise
6393561104962,6397209902585,T186,5.7,Leo Haddad,2025-08-28 22:25:49,noise
6393561104962,6391611816266,T186,9.4,Leo Haddad,2025-08-27 21:23:00,noise
6393561104962,6391611816266,T186,9.5,Leo Haddad,2025-08-27 23:24:46,noise
6393561104962,6399799920361,T186,14.0,Leo Haddad,2025-08-27 17:02:01,noise
6393561104962,6399799920361,T186,31.2,Leo Haddad,2025-08-26 13:03:04,noise
6393561104962,6394841742270,T186,23.1,Leo Haddad,2025-08-26 19:02:12,noise
6393561104962,6396441529079,T383,3.6,Leo Haddad,2025-08-25 08:23:54,noise
6393561104962,6396441529079,T186,28.1,Leo Haddad,2025-08-25 18:23:20,noise
6393561104962,6391611816266,T186,9.4,Leo Haddad,2025-08-25 08:09:31,noise
6393561104962,6396441529079,T383,19.0,Leo Haddad,2025-08-24 15:04:57,noise
6393561104962,6398906791192,T186,151.5,Leo Haddad,2025-08-23 11:03:12,noise
6393561104962,6391611816266,T383,13.2,Leo Haddad,2025-08-23 11:04:40,noise
6393561104962,6391085319364,T186,7.6,Leo Haddad,2025-08-22 23:17:08,noise
6393561104962,6396441529079,T186,18.4,Leo Haddad,2025-08-22 09:13:19,noise
6393561104962,6396441529079,T383,11.7,Leo Haddad,2025-08-21 20:06:10,noise
6393561104962,6399799920361,T186,46.9,Leo Haddad,2025-08-21 20:11:53,noise
6393561104962,6393561104962,T186,19.7,Leo Haddad,2025-08-20 00:20:39,noise
6393561104962,6399799920361,T186,6.3,Leo Haddad,2025-08-20 17:22:00,noise
6393561104962,6399799920361,T186,14.7,Leo Haddad,2025-08-19 13:30:03,noise
6393561104962,6396468854276,T186,6.7,Leo Haddad,2025-08-19 14:29:23,noise
6393561104962,6393603835968,T383,68.9,Leo Haddad,2025-08-18 21:15:37,noise
6393561104962,6398761443795,T383,30.1,Leo Haddad,2025-08-18 21:17:02,noise
6393561104962,6399799920361,T186,15.0,Leo Haddad,2025-08-17 16:16:13,noise
6393561104962,6396441529079,T186,45.5,Leo Haddad,2025-08-17 08:07:11,noise
6393561104962,6391611816266,T383,25.1,Leo Haddad,2025-08-16 13:15:33,noise
6393561104962,6391611816266,T186,6.1,Leo Haddad,2025-08-16 08:16:00,noise
6393561104962,6396441529079,T186,4.1,Leo Haddad,2025-08-15 20:24:31,noise
6393561104962,6396441529079,T383,9.5,Leo Haddad,2025-08-15 18:10:14,noise
6393561104962,6395455137652,T186,19.6,Leo Haddad,2025-08-14 16:12:47,noise
6393561104962,6391937903040,T383,4.3,Leo Haddad,2025-08-13 08:27:51,noise
6393561104962,6399799920361,T186,26.3,Leo Haddad,2025-08-13 13:22:47,noise
6393561104962,6399799920361,T383,37.3,Leo Haddad,2025-08-12 13:21:17,noise
6393561104962,6396441529079,T383,30.6,Leo Haddad,2025-08-12 11:22:07,noise
6393561104962,6396441529079,T383,11.3,Leo Haddad,2025-08-11 10:08:47,noise
6393561104962,6399076960112,T186,20.1,Leo Haddad,2025-08-11 09:01:35,noise
6393561104962,6396441529079,T383,4.5,Leo Haddad,2025-08-10 13:05:54,noise
6393561104962,6392463613153,T186,7.3,Leo Haddad,2025-08-10 19:07:24,noise
6393561104962,6391611816266,T383,10.4,Leo Haddad,2025-08-09 08:19:47,noise
6393561104962,6396441529079,T383,18.3,Leo Haddad,2025-08-09 08:07:01,noise
6393561104962,6391279393246,T383,20.4,Leo Haddad,2025-08-08 19:27:53,noise
6393561104962,6391841771012,T186,16.7,Leo Haddad,2025-08-08 13:28:17,noise
6393561104962,6391757381529,T186,10.1,Leo Haddad,2025-08-08 21:21:36,noise
6393561104962,6396441529079,T383,5.5,Leo Haddad,2025-08-07 13:14:57,noise
6393561104962,6396743661793,T383,23.2,Leo Haddad,2025-08-07 19:06:11,noise
6393561104962,6396441529079,T186,38.0,Leo Haddad,2025-08-06 09:29:23,noise
6393561104962,6399799920361,T186,7.8,Leo Haddad,2025-08-06 22:22:00,noise
6393561104962,6399799920361,T186,9.5,Leo Haddad,2025-08-06 08:03:01,noise
6393561104962,6396441529079,T186,39.4,Leo Haddad,2025-08-05 21:10:22,noise
6393561104962,6396441529079,T383,12.2,Leo Haddad,2025-08-05 18:15:02,noise
6393561104962,6399617100710,T186,44.7,Leo Haddad,2025-08-05 16:28:01,noise
6393561104962,6396441529079,T186,25.0,Leo Haddad,2025-08-04 18:19:12,noise
6393561104962,6395122083064,T383,12.8,Leo Haddad,2025-08-04 15:19:05,noise
6397235532708,6392059565366,T263,12.2,Tomas Fischer,2025-10-18 14:14:54,noise
6397235532708,6397008615813,T263,18.4,Tomas Fischer,2025-10-18 17:06:20,noise
6397235532708,6397008615813,T306,19.8,Tomas Fischer,2025-10-17 08:13:40,noise
6397235532708,6391085319364,T263,33.4,Tomas Fischer,2025-10-17 22:30:13,noise
6397235532708,6391621634803,T263,10.2,Tomas Fischer,2025-10-17 00:06:52,noise
6397235532708,6392085020554,T306,5.4,Tomas Fischer,2025-10-16 21:22:15,noise
6397235532708,6392085020554,T306,23.2,Tomas Fischer,2025-10-16 14:04:10,noise
6397235532708,6399924544312,T263,18.2,Tomas Fischer,2025-10-16 08:09:07,noise
6397235532708,6391937903040,T263,3.7,Tomas Fischer,2025-10-15 20:17:13,noise
6397235532708,6392085020554,T263,16.1,Tomas Fischer,2025-10-14 19:07:28,noise
6397235532708,6397554224472,T263,12.6,Tomas Fischer,2025-10-14 15:16:16,noise
6397235532708,6397008615813,T263,29.0,Tomas Fischer,2025-10-14 22:01:37,noise
6397235532708,6397008615813,T306,24.0,Tomas Fischer,2025-10-13 08:00:42,noise
6397235532708,6396892073434,T306,48.8,Tomas Fischer,2025-10-13 15:29:47,noise
6397235532708,6399924544312,T263,13.2,Tomas Fischer,2025-10-12 12:27:40,noise
6397235532708,6391757381529,T306,10.8,Tomas Fischer,2025-10-12 16:25:39,noise
6397235532708,6399924544312,T263,24.2,Tomas Fischer,2025-10-11 15:11:27,noise
6397235532708,6392085020554,T306,9.1,Tomas Fischer,2025-10-11 16:17:05,noise
6397235532708,6392085020554,T306,14.0,Tomas Fischer,2025-10-10 17:28:18,noise
6397235532708,6397008615813,T306,1.8,Tomas Fischer,2025-10-10 20:16:52,noise
6397235532708,6397008615813,T306,17.5,Tomas Fischer,2025-10-09 21:08:41,noise
6397235532708,6399924544312,T263,27.7,Tomas Fischer,2025-10-09 19:20:00,noise
6397235532708,6392085020554,T263,7.0,Tomas Fischer,2025-10-08 17:00:40,noise
6397235532708,6399521620276,T306,15.4,Tomas Fischer,2025-10-08 09:26:33,noise
6397235532708,6399924544312,T263,17.4,Tomas Fischer,2025-10-08 22:21:07,noise
6397235532708,6399924544312,T306,6.2,Tomas Fischer,2025-10-07 03:26:41,noise
6397235532708,6393493304331,T306,21.3,Tomas Fischer,2025-10-07 13:11:12,noise
6397235532708,6397235532708,T306,31.5,Tomas Fischer,2025-10-07 14:11:29,noise
6397235532708,6398036705746,T263,18.1,Tomas Fischer,2025-10-06 19:07:08,noise
6397235532708,6399521620276,T263,31.2,Tomas Fischer,2025-10-06 19:20:37,noise
6397235532708,6392085020554,T263,17.5,Tomas Fischer,2025-10-05 16:29:39,noise
6397235532708,6392085020554,T306,20.5,Tomas Fischer,2025-10-04 12:30:39,noise
6397235532708,6397008615813,T263,4.2,Tomas Fischer,2025-10-04 09:24:34,noise
6397235532708,6392085020554,T306,18.3,Tomas Fischer,2025-10-03 17:21:01,noise
6397235532708,6399924544312,T306,21.9,Tomas Fischer,2025-10-03 14:05:02,noise
6397235532708,6392085020554,T263,6.3,Tomas Fischer,2025-10-02 17:14:14,noise
6397235532708,6399924544312,T263,11.4,Tomas Fischer,2025-10-02 13:23:01,noise
6397235532708,6396492957730,T263,5.5,Tomas Fischer,2025-10-01 16:08:57,noise
6397235532708,6399471209395,T263,16.7,Tomas Fischer,2025-10-01 12:09:05,noise
6397235532708,6399924544312,T306,34.9,Tomas Fischer,2025-10-01 10:04:13,noise
6397235532708,6396743661793,T263,10.8,Tomas Fischer,2025-09-30 18:28:27,noise
6397235532708,6394779148527,T263,12.3,Tomas Fischer,2025-09-30 21:17:39,noise
6397235532708,6392085020554,T263,5.2,Tomas Fischer,2025-09-29 19:23:54,noise
6397235532708,6398036705746,T263,12.1,Tomas Fischer,2025-09-29 18:16:59,noise
6397235532708,6397008615813,T263,26.1,Tomas Fischer,2025-09-28 11:23:52,noise
6397235532708,6392724977358,T263,7.8,Tomas Fischer,2025-09-28 18:20:58,noise
6397235532708,6397008615813,T263,34.9,Tomas Fischer,2025-09-27 15:03:35,noise
6397235532708,6392835511896,T263,65.5,Tomas Fischer,2025-09-27 10:12:55,noise
6397235532708,6397008615813,T263,17.1,Tomas Fischer,2025-09-26 03:23:03,noise
6397235532708,6391621634803,T306,18.9,Tomas Fischer,2025-09-26 18:21:25,noise
6397235532708,6397008615813,T263,13.5,Tomas Fischer,2025-09-25 16:11:41,noise
6397235532708,6396892073434,T263,31.6,Tomas Fischer,2025-09-25 10:05:34,noise
6397235532708,6396492957730,T263,63.5,Tomas Fischer,2025-09-25 16:14:07,noise
6397235532708,6393603835968,T263,10.9,Tomas Fischer,2025-09-24 02:13:43,noise
6397235532708,6397792731200,T263,87.2,Tomas Fischer,2025-09-24 08:05:27,noise
6397235532708,6392085020554,T306,24.6,Tomas Fischer,2025-09-23 18:25:15,noise
6397235532708,6397008615813,T263,12.4,Tomas Fischer,2025-09-23 08:02:52,noise
6397235532708,6399924544312,T306,8.4,Tomas Fischer,2025-09-22 17:15:42,noise
6397235532708,6397008615813,T263,40.7,Tomas Fischer,2025-09-22 15:16:53,noise
6397235532708,6394882630315,T306,16.5,Tomas Fischer,2025-09-21 11:24:28,noise
6397235532708,6398445554732,T263,15.2,Tomas Fischer,2025-09-20 09:05:49,noise
6397235532708,6393794997179,T263,10.5,Tomas Fischer,2025-09-20 10:00:31,noise
6397235532708,6392085020554,T306,9.2,Tomas Fischer,2025-09-19 09:30:36,noise
6397235532708,6391575752536,T263,46.4,Tomas Fischer,2025-09-19 04:18:47,noise
6397235532708,6392085020554,T263,4.0,Tomas Fischer,2025-09-18 00:00:22,noise
6397235532708,6399924544312,T306,47.0,Tomas Fischer,2025-09-17 09:28:21,noise
6397235532708,6394555912795,T263,22.9,Tomas Fischer,2025-09-17 11:03:15,noise
6397235532708,6397008615813,T263,25.1,Tomas Fischer,2025-09-16 16:19:20,noise
6397235532708,6395975932913,T263,4.8,Tomas Fischer,2025-09-16 15:06:01,noise
6397235532708,6396095128059,T263,6.0,Tomas Fischer,2025-09-16 23:01:12,noise
6397235532708,6392085020554,T263,11.2,Tomas Fischer,2025-09-15 09:13:31,noise
6397235532708,6397008615813,T263,41.5,Tomas Fischer,2025-09-15 00:10:01,noise
6397235532708,6393975769123,T306,28.4,Tomas Fischer,2025-09-14 10:13:02,noise
6397235532708,6399924544312,T306,39.4,Tomas Fischer,2025-09-14 09:29:15,noise
6397235532708,6396927514387,T263,25.1,Tomas Fischer,2025-09-13 08:30:40,noise
6397235532708,6399924544312,T263,21.9,Tomas Fischer,2025-09-13 14:03:20,noise
6397235532708,6392085020554,T263,13.7,Tomas Fischer,2025-09-12 10:16:48,noise
6397235532708,6397008615813,T263,9.6,Tomas Fischer,2025-09-12 16:00:41,noise
6397235532708,6392085020554,T263,14.3,Tomas Fischer,2025-09-11 20:24:57,noise
6397235532708,6397792731200,T263,5.2,Tomas Fischer,2025-09-11 16:30:50,noise
6397235532708,6392085020554,T263,18.7,Tomas Fischer,2025-09-10 18:14:20,noise
6397235532708,6393561104962,T263,11.5,Tomas Fischer,2025-09-10 23:17:24,noise
6397235532708,6399521620276,T263,31.9,Tomas Fischer,2025-09-09 17:21:40,noise
6397235532708,6392085020554,T306,15.4,Tomas Fischer,2025-09-09 14:27:34,noise
6397235532708,6392085020554,T306,11.2,Tomas Fischer,2025-09-08 08:18:02,noise
6397235532708,6397008615813,T306,41.3,Tomas Fischer,2025-09-08 23:09:45,noise
6397235532708,6398761443795,T263,36.4,Tomas Fischer,2025-09-07 21:21:15,noise
6397235532708,6392085020554,T263,3.7,Tomas Fischer,2025-09-07 18:21:28,noise
6397235532708,6399924544312,T263,16.2,Tomas Fischer,2025-09-06 16:11:26,noise
6397235532708,6391575752536,T263,3.1,Tomas Fischer,2025-09-06 13:11:39,noise
6397235532708,6399076960112,T306,28.6,Tomas Fischer,2025-09-06 05:00:10,noise
6397235532708,6393951377482,T306,9.0,Tomas Fischer,2025-09-05 10:01:26,noise
6397235532708,6396095128059,T263,7.4,Tomas Fischer,2025-09-05 14:11:06,noise
6397235532708,6397008615813,T306,37.8,Tomas Fischer,2025-09-05 11:09:02,noise
6397235532708,6393723821869,T263,14.3,Tomas Fischer,2025-09-04 11:21:17,noise
6397235532708,6395656527999,T263,8.2,Tomas Fischer,2025-09-04 10:15:51,noise
6397235532708,6393603835968,T263,7.7,Tomas Fischer,2025-09-03 20:24:25,noise
6397235532708,6392085020554,T263,4.6,Tomas Fischer,2025-09-03 12:20:12,noise
6397235532708,6392085020554,T263,22.4,Tomas Fischer,2025-09-03 18:03:36,noise
6397235532708,6392085020554,T263,71.0,Tomas Fischer,2025-09-02 19:30:54,noise
6397235532708,6397008615813,T306,81.6,Tomas Fischer,2025-09-02 17:01:28,noise
6397235532708,6397008615813,T263,33.0,Tomas Fischer,2025-09-01 08:14:38,noise
6397235532708,6392463613153,T263,22.3,Tomas Fischer,2025-08-31 22:28:18,noise
6397235532708,6399924544312,T263,10.8,Tomas Fischer,2025-08-30 18:15:48,noise
6397235532708,6391621634803,T263,16.8,Tomas Fischer,2025-08-30 19:17:54,noise
6397235532708,6392085020554,T263,24.6,Tomas Fischer,2025-08-29 10:06:53,noise
6397235532708,6392085020554,T263,13.5,Tomas Fischer,2025-08-28 16:10:03,noise
6397235532708,6391611816266,T263,8.1,Tomas Fischer,2025-08-28 11:24:17,noise
6397235532708,6391085319364,T263,35.9,Tomas Fischer,2025-08-28 16:11:26,noise
6397235532708,6392085020554,T306,16.7,Tomas Fischer,2025-08-27 08:25:55,noise
6397235532708,6399924544312,T263,7.9,Tomas Fischer,2025-08-26 00:05:36,noise
6397235532708,6397008615813,T306,9.4,Tomas Fischer,2025-08-26 21:18:54,noise
6397235532708,6399924544312,T263,56.1,Tomas Fischer,2025-08-26 05:28:44,noise
6397235532708,6399924544312,T263,24.5,Tomas Fischer,2025-08-25 15:08:37,noise
6397235532708,6392085020554,T306,6.9,Tomas Fischer,2025-08-25 18:09:02,noise
6397235532708,6392085020554,T306,7.5,Tomas Fischer,2025-08-24 09:10:28,noise
6397235532708,6391279393246,T263,10.3,Tomas Fischer,2025-08-24 20:13:59,noise
6397235532708,6392085020554,T263,47.4,Tomas Fischer,2025-08-24 22:21:36,noise
6397235532708,6392085020554,T263,14.7,Tomas Fischer,2025-08-23 17:05:07,noise
6397235532708,6399521620276,T263,20.4,Tomas Fischer,2025-08-23 20:25:12,noise
6397235532708,6397008615813,T306,42.6,Tomas Fischer,2025-08-23 20:09:14,noise
6397235532708,6392052186148,T306,19.7,Tomas Fischer,2025-08-22 10:10:58,noise
6397235532708,6399924544312,T263,41.4,Tomas Fischer,2025-08-21 01:16:55,noise
6397235532708,6399924544312,T263,14.6,Tomas Fischer,2025-08-21 18:20:44,noise
6397235532708,6396631526248,T306,9.0,Tomas Fischer,2025-08-20 23:15:35,noise
6397235532708,6397008615813,T306,13.8,Tomas Fischer,2025-08-20 17:07:22,noise
6397235532708,6392085020554,T263,13.4,Tomas Fischer,2025-08-19 15:18:21,noise
6397235532708,6397008615813,T306,30.8,Tomas Fischer,2025-08-19 09:06:36,noise
6397235532708,6397008615813,T306,36.4,Tomas Fischer,2025-08-19 10:07:23,noise
6397235532708,6396095128059,T263,14.6,Tomas Fischer,2025-08-18 19:07:29,noise
6397235532708,6392085020554,T306,34.1,Tomas Fischer,2025-08-17 12:21:37,noise
6397235532708,6399924544312,T306,12.7,Tomas Fischer,2025-08-17 17:24:25,noise
6397235532708,6396227547092,T263,2.9,Tomas Fischer,2025-08-16 20:27:13,noise
6397235532708,6396423658378,T306,10.5,Tomas Fischer,2025-08-16 10:17:55,noise
6397235532708,6392052186148,T263,84.3,Tomas Fischer,2025-08-15 21:21:41,noise
6397235532708,6397008615813,T263,17.1,Tomas Fischer,2025-08-15 05:12:00,noise
6397235532708,6397636641248,T263,15.2,Tomas Fischer,2025-08-14 08:02:28,noise
6397235532708,6399924544312,T263,38.6,Tomas Fischer,2025-08-14 00:01:03,noise
6397235532708,6392085020554,T306,25.1,Tomas Fischer,2025-08-14 17:23:13,noise
6397235532708,6397008615813,T306,6.5,Tomas Fischer,2025-08-13 04:02:43,noise
6397235532708,6397316055758,T306,10.2,Tomas Fischer,2025-08-12 03:19:25,noise
6397235532708,6394272648738,T306,8.6,Tomas Fischer,2025-08-12 10:19:33,noise
6397235532708,6396518798247,T306,18.9,Tomas Fischer,2025-08-12 10:17:01,noise
6397235532708,6392085020554,T263,13.2,Tomas Fischer,2025-08-11 20:20:11,noise
6397235532708,6394555912795,T306,24.0,Tomas Fischer,2025-08-11 13:09:33,noise
6397235532708,6397008615813,T263,14.5,Tomas Fischer,2025-08-11 08:12:31,noise
6397235532708,6391757381529,T306,15.8,Tomas Fischer,2025-08-10 12:02:05,noise
6397235532708,6399924544312,T263,11.3,Tomas Fischer,2025-08-10 08:09:37,noise
6397235532708,6397008615813,T263,29.8,Tomas Fischer,2025-08-09 09:24:56,noise
6397235532708,6399924544312,T306,38.3,Tomas Fischer,2025-08-08 23:00:32,noise
6397235532708,6391937903040,T263,71.9,Tomas Fischer,2025-08-08 12:13:16,noise
6397235532708,6392085020554,T263,14.8,Tomas Fischer,2025-08-07 19:03:49,noise
6397235532708,6397008615813,T306,17.1,Tomas Fischer,2025-08-06 18:15:42,noise
6397235532708,6392085020554,T263,20.2,Tomas Fischer,2025-08-06 09:18:58,noise
6397235532708,6399924544312,T263,26.3,Tomas Fischer,2025-08-05 20:22:38,noise
6397235532708,6399924544312,T306,16.4,Tomas Fischer,2025-08-05 17:06:39,noise
6397235532708,6391657761801,T263,21.8,Tomas Fischer,2025-08-04 17:07:27,noise
6397235532708,6397008615813,T306,32.0,Tomas Fischer,2025-08-04 18:20:05,noise
6396227547092,6391575752536,T895,13.0,Ivy Novak,2025-10-18 00:28:33,noise
6396227547092,6393135045026,T895,15.6,Ivy Novak,2025-10-18 09:15:47,noise
6396227547092,6392523182756,T895,8.1,Ivy Novak,2025-10-18 16:16:48,noise
6396227547092,6399617100710,T748,15.1,Ivy Novak,2025-10-17 21:19:02,noise
6396227547092,6398732852032,T895,36.8,Ivy Novak,2025-10-17 22:07:48,noise
6396227547092,6391575752536,T895,25.4,Ivy Novak,2025-10-17 08:13:22,noise
6396227547092,6399617100710,T748,14.0,Ivy Novak,2025-10-16 05:00:05,noise
6396227547092,6399521620276,T895,11.1,Ivy Novak,2025-10-16 19:04:02,noise
6396227547092,6391575752536,T895,15.5,Ivy Novak,2025-10-15 18:08:56,noise
6396227547092,6391611816266,T895,26.0,Ivy Novak,2025-10-15 09:00:52,noise
6396227547092,6395255503056,T748,42.0,Ivy Novak,2025-10-15 14:23:05,noise
6396227547092,6391611816266,T748,17.7,Ivy Novak,2025-10-14 00:18:06,noise
6396227547092,6393726218800,T748,21.8,Ivy Novak,2025-10-14 17:14:05,noise
6396227547092,6395255503056,T748,22.7,Ivy Novak,2025-10-14 18:11:35,noise
6396227547092,6399617100710,T895,29.9,Ivy Novak,2025-10-13 10:01:34,noise
6396227547092,6391575752536,T748,10.7,Ivy Novak,2025-10-13 19:10:42,noise
6396227547092,6391575752536,T895,6.9,Ivy Novak,2025-10-13 17:22:10,noise
6396227547092,6396681820773,T748,16.7,Ivy Novak,2025-10-12 15:27:20,noise
6396227547092,6399617100710,T895,10.4,Ivy Novak,2025-10-12 19:07:28,noise
6396227547092,6397636641248,T748,10.8,Ivy Novak,2025-10-11 14:29:18,noise
6396227547092,6391575752536,T748,7.1,Ivy Novak,2025-10-11 11:04:44,noise
6396227547092,6391575752536,T895,20.1,Ivy Novak,2025-10-10 16:16:03,noise
6396227547092,6399617100710,T895,4.8,Ivy Novak,2025-10-09 05:05:30,noise
6396227547092,6391575752536,T748,17.9,Ivy Novak,2025-10-08 16:08:02,noise
6396227547092,6391611816266,T895,11.4,Ivy Novak,2025-10-08 15:08:20,noise
6396227547092,6398491189169,T748,54.4,Ivy Novak,2025-10-08 16:25:18,noise
6396227547092,6391611816266,T895,28.7,Ivy Novak,2025-10-07 08:24:19,noise
6396227547092,6391575752536,T895,8.5,Ivy Novak,2025-10-07 19:04:28,noise
6396227547092,6391611816266,T748,18.8,Ivy Novak,2025-10-07 05:17:57,noise
6396227547092,6395363927709,T895,91.0,Ivy Novak,2025-10-06 13:02:05,noise
6396227547092,6391575752536,T895,20.6,Ivy Novak,2025-10-05 15:18:22,noise
6396227547092,6399617100710,T895,24.0,Ivy Novak,2025-10-05 17:22:25,noise
6396227547092,6398445554732,T748,25.3,Ivy Novak,2025-10-04 18:10:38,noise
6396227547092,6391611816266,T895,19.5,Ivy Novak,2025-10-04 19:20:56,noise
6396227547092,6399617100710,T748,22.4,Ivy Novak,2025-10-03 21:10:56,noise
6396227547092,6391611816266,T748,40.4,Ivy Novak,2025-10-03 21:20:00,noise
6396227547092,6391611816266,T748,33.0,Ivy Novak,2025-10-03 20:09:30,noise
6396227547092,6399617100710,T748,37.3,Ivy Novak,2025-10-02 14:09:01,noise
6396227547092,6391611816266,T748,19.4,Ivy Novak,2025-10-02 14:09:00,noise
6396227547092,6391575752536,T895,6.6,Ivy Novak,2025-10-01 11:18:33,noise
6396227547092,6391085319364,T895,33.0,Ivy Novak,2025-10-01 14:06:34,noise
6396227547092,6399617100710,T895,19.1,Ivy Novak,2025-09-30 19:04:04,noise
6396227547092,6391575752536,T895,68.9,Ivy Novak,2025-09-30 04:22:50,noise
6396227547092,6391575752536,T895,37.8,Ivy Novak,2025-09-29 11:05:55,noise
6396227547092,6399617100710,T895,62.8,Ivy Novak,2025-09-29 13:29:10,noise
6396227547092,6391611816266,T895,14.4,Ivy Novak,2025-09-28 13:20:56,noise
6396227547092,6391575752536,T895,12.7,Ivy Novak,2025-09-28 18:02:45,noise
6396227547092,6399617100710,T895,34.3,Ivy Novak,2025-09-28 17:16:53,noise
6396227547092,6398732852032,T748,9.5,Ivy Novak,2025-09-27 21:23:32,noise
6396227547092,6391611816266,T895,82.4,Ivy Novak,2025-09-27 12:07:52,noise
6396227547092,6391194839118,T748,10.0,Ivy Novak,2025-09-26 22:13:40,noise
6396227547092,6391611816266,T895,8.5,Ivy Novak,2025-09-25 21:10:11,noise
6396227547092,6398036705746,T895,23.3,Ivy Novak,2025-09-25 20:08:29,noise
6396227547092,6399617100710,T895,21.0,Ivy Novak,2025-09-25 18:30:44,noise
6396227547092,6391575752536,T895,19.0,Ivy Novak,2025-09-24 18:02:04,noise
6396227547092,6391575752536,T895,7.8,Ivy Novak,2025-09-23 00:01:53,noise
6396227547092,6391575752536,T748,9.0,Ivy Novak,2025-09-23 11:00:20,noise
6396227547092,6394555912795,T895,10.0,Ivy Novak,2025-09-22 18:28:02,noise
6396227547092,6391575752536,T895,26.0,Ivy Novak,2025-09-21 15:06:37,noise
6396227547092,6399617100710,T895,11.5,Ivy Novak,2025-09-21 13:07:21,noise
6396227547092,6391937582998,T895,13.6,Ivy Novak,2025-09-21 10:29:38,noise
6396227547092,6397008615813,T895,21.6,Ivy Novak,2025-09-20 16:09:08,noise
6396227547092,6397364632100,T748,52.5,Ivy Novak,2025-09-20 12:07:25,noise
6396227547092,6391575752536,T748,5.1,Ivy Novak,2025-09-19 13:24:43,noise
6396227547092,6396119144758,T748,26.2,Ivy Novak,2025-09-18 13:29:22,noise
6396227547092,6391611816266,T895,12.8,Ivy Novak,2025-09-17 14:03:54,noise
6396227547092,6399617100710,T895,12.1,Ivy Novak,2025-09-17 09:27:02,noise
6396227547092,6393975769123,T748,6.1,Ivy Novak,2025-09-17 15:05:03,noise
6396227547092,6397906422409,T895,25.3,Ivy Novak,2025-09-16 12:18:32,noise
6396227547092,6391575752536,T895,47.0,Ivy Novak,2025-09-16 13:08:14,noise
6396227547092,6391621634803,T895,19.2,Ivy Novak,2025-09-15 10:10:00,noise
6396227547092,6391611816266,T895,6.8,Ivy Novak,2025-09-15 11:22:30,noise
6396227547092,6396743661793,T895,18.4,Ivy Novak,2025-09-14 23:22:11,noise
6396227547092,6396859651169,T748,77.3,Ivy Novak,2025-09-14 11:07:55,noise
6396227547092,6397906422409,T748,10.0,Ivy Novak,2025-09-13 10:06:21,noise
6396227547092,6396181402712,T748,40.4,Ivy Novak,2025-09-13 14:24:41,noise
6396227547092,6391575752536,T748,13.1,Ivy Novak,2025-09-13 08:04:41,noise
6396227547092,6391611816266,T748,39.0,Ivy Novak,2025-09-12 17:27:16,noise
6396227547092,6391611816266,T895,34.7,Ivy Novak,2025-09-12 12:16:23,noise
6396227547092,6391575752536,T895,27.5,Ivy Novak,2025-09-11 11:22:12,noise
6396227547092,6391575752536,T748,36.4,Ivy Novak,2025-09-11 13:16:18,noise
6396227547092,6398761443795,T895,13.8,Ivy Novak,2025-09-10 14:16:01,noise
6396227547092,6391611816266,T748,33.4,Ivy Novak,2025-09-10 05:20:58,noise
6396227547092,6393045592855,T748,4.9,Ivy Novak,2025-09-10 09:27:55,noise
6396227547092,6399617100710,T895,13.3,Ivy Novak,2025-09-09 15:16:46,noise
6396227547092,6391611816266,T895,13.2,Ivy Novak,2025-09-09 21:08:56,noise
6396227547092,6394882630315,T895,2.6,Ivy Novak,2025-09-08 08:14:14,noise
6396227547092,6393541804755,T748,10.0,Ivy Novak,2025-09-07 12:19:10,noise
6396227547092,6391611816266,T895,3.0,Ivy Novak,2025-09-07 09:22:31,noise
6396227547092,6391279393246,T895,9.3,Ivy Novak,2025-09-06 19:02:46,noise
6396227547092,6391611816266,T895,6.5,Ivy Novak,2025-09-06 12:26:29,noise
6396227547092,6399617100710,T748,4.0,Ivy Novak,2025-09-05 13:02:47,noise
6396227547092,6396743661793,T748,24.4,Ivy Novak,2025-09-04 09:27:54,noise
6396227547092,6399617100710,T895,23.2,Ivy Novak,2025-09-03 14:28:07,noise
6396227547092,6391611816266,T895,10.7,Ivy Novak,2025-09-03 15:00:36,noise
6396227547092,6399617100710,T748,20.3,Ivy Novak,2025-09-03 12:30:56,noise
6396227547092,6399617100710,T895,17.1,Ivy Novak,2025-09-02 00:10:56,noise
6396227547092,6399617100710,T895,53.8,Ivy Novak,2025-09-02 15:13:53,noise
6396227547092,6391575752536,T895,7.8,Ivy Novak,2025-09-01 20:30:30,noise
6396227547092,6391937903040,T895,30.1,Ivy Novak,2025-09-01 15:12:45,noise
6396227547092,6391657761801,T895,18.2,Ivy Novak,2025-08-31 09:11:45,noise
6396227547092,6399617100710,T748,8.6,Ivy Novak,2025-08-31 01:07:21,noise
6396227547092,6395363927709,T748,24.8,Ivy Novak,2025-08-30 22:18:11,noise
6396227547092,6399617100710,T748,12.9,Ivy Novak,2025-08-30 21:02:47,noise
6396227547092,6391611816266,T895,23.6,Ivy Novak,2025-08-29 09:04:28,noise
6396227547092,6391611816266,T895,6.1,Ivy Novak,2025-08-29 13:06:43,noise
6396227547092,6392795791102,T748,25.3,Ivy Novak,2025-08-29 18:19:48,noise
6396227547092,6393794997179,T895,10.7,Ivy Novak,2025-08-28 14:27:45,noise
6396227547092,6399617100710,T748,14.1,Ivy Novak,2025-08-28 20:10:12,noise
6396227547092,6396859651169,T895,13.4,Ivy Novak,2025-08-27 16:26:44,noise
6396227547092,6396181402712,T895,43.6,Ivy Novak,2025-08-27 18:28:16,noise
6396227547092,6394841742270,T748,22.8,Ivy Novak,2025-08-27 17:10:57,noise
6396227547092,6396095128059,T748,24.7,Ivy Novak,2025-08-26 13:27:13,noise
6396227547092,6399617100710,T748,10.2,Ivy Novak,2025-08-26 08:05:24,noise
6396227547092,6391575752536,T895,14.8,Ivy Novak,2025-08-25 23:26:51,noise
6396227547092,6396859651169,T895,8.5,Ivy Novak,2025-08-24 08:14:14,noise
6396227547092,6391575752536,T748,13.0,Ivy Novak,2025-08-24 09:06:25,noise
6396227547092,6398761443795,T895,10.9,Ivy Novak,2025-08-23 19:16:44,noise
6396227547092,6391611816266,T895,11.3,Ivy Novak,2025-08-23 08:19:15,noise
6396227547092,6396743661793,T895,10.7,Ivy Novak,2025-08-22 13:04:38,noise
6396227547092,6396631526248,T895,10.4,Ivy Novak,2025-08-21 22:22:23,noise
6396227547092,6391611816266,T748,48.9,Ivy Novak,2025-08-21 20:24:18,noise
6396227547092,6391575752536,T895,19.8,Ivy Novak,2025-08-20 14:05:51,noise
6396227547092,6391575752536,T895,21.1,Ivy Novak,2025-08-20 19:21:19,noise
6396227547092,6399617100710,T895,28.0,Ivy Novak,2025-08-19 05:14:19,noise
6396227547092,6399617100710,T895,10.7,Ivy Novak,2025-08-18 08:04:25,noise
6396227547092,6394555912795,T748,15.9,Ivy Novak,2025-08-18 12:26:51,noise
6396227547092,6399617100710,T895,7.6,Ivy Novak,2025-08-18 15:22:12,noise
6396227547092,6391575752536,T895,23.1,Ivy Novak,2025-08-17 04:29:11,noise
6396227547092,6399617100710,T895,13.4,Ivy Novak,2025-08-17 20:24:25,noise
6396227547092,6393045592855,T895,19.0,Ivy Novak,2025-08-17 21:11:00,noise
6396227547092,6391611816266,T748,55.1,Ivy Novak,2025-08-16 13:16:45,noise
6396227547092,6391611816266,T748,14.2,Ivy Novak,2025-08-16 13:20:09,noise
6396227547092,6395255503056,T748,9.9,Ivy Novak,2025-08-15 19:02:34,noise
6396227547092,6391611816266,T748,16.8,Ivy Novak,2025-08-15 13:14:31,noise
6396227547092,6398036705746,T895,13.0,Ivy Novak,2025-08-14 15:08:26,noise
6396227547092,6391611816266,T748,24.7,Ivy Novak,2025-08-14 09:10:18,noise
6396227547092,6397008615813,T895,10.1,Ivy Novak,2025-08-14 19:15:51,noise
6396227547092,6395726944755,T895,24.2,Ivy Novak,2025-08-13 12:20:53,noise
6396227547092,6396956928083,T895,8.8,Ivy Novak,2025-08-13 08:14:54,noise
6396227547092,6391575752536,T748,16.3,Ivy Novak,2025-08-12 16:01:41,noise
6396227547092,6397235532708,T748,15.9,Ivy Novak,2025-08-11 03:20:26,noise
6396227547092,6398906791192,T748,30.9,Ivy Novak,2025-08-11 11:02:15,noise
6396227547092,6399924544312,T748,9.1,Ivy Novak,2025-08-10 15:30:40,noise
6396227547092,6391611816266,T895,50.6,Ivy Novak,2025-08-10 01:23:14,noise
6396227547092,6399617100710,T895,11.1,Ivy Novak,2025-08-09 17:15:21,noise
6396227547092,6391194839118,T748,14.4,Ivy Novak,2025-08-08 11:21:08,noise
6396227547092,6391575752536,T748,9.6,Ivy Novak,2025-08-08 12:15:11,noise
6396227547092,6391575752536,T748,38.1,Ivy Novak,2025-08-07 00:11:05,noise
6396227547092,6391575752536,T895,28.8,Ivy Novak,2025-08-07 12:14:45,noise
6396227547092,6391575752536,T895,23.2,Ivy Novak,2025-08-07 08:26:53,noise
6396227547092,6394574621348,T748,28.4,Ivy Novak,2025-08-06 14:13:17,noise
6396227547092,6391575752536,T895,14.8,Ivy Novak,2025-08-06 09:20:19,noise
6396227547092,6391575752536,T748,25.3,Ivy Novak,2025-08-05 03:28:03,noise
6396227547092,6391575752536,T748,22.3,Ivy Novak,2025-08-05 19:10:46,noise
6396227547092,6399617100710,T895,4.0,Ivy Novak,2025-08-05 21:09:02,noise
6396227547092,6393507307642,T748,25.0,Ivy Novak,2025-08-04 17:21:43,noise
6397844655371,6394555912795,T652,6.8,Ravi Chen,2025-10-18 14:16:44,noise
6397844655371,6395656527999,T652,16.8,Ravi Chen,2025-10-18 15:14:37,noise
6397844655371,6393135045026,T652,50.3,Ravi Chen,2025-10-18 15:21:18,noise
6397844655371,6392724977358,T793,36.3,Ravi Chen,2025-10-17 16:01:42,noise
6397844655371,6395656527999,T652,79.1,Ravi Chen,2025-10-17 20:15:11,noise
6397844655371,6397316055758,T793,21.9,Ravi Chen,2025-10-16 01:28:51,noise
6397844655371,6394555912795,T652,18.8,Ravi Chen,2025-10-16 16:27:54,noise
6397844655371,6393135045026,T652,33.5,Ravi Chen,2025-10-16 23:22:20,noise
6397844655371,6395656527999,T652,6.0,Ravi Chen,2025-10-15 09:10:40,noise
6397844655371,6394555912795,T793,23.7,Ravi Chen,2025-10-15 08:08:08,noise
6397844655371,6395913076726,T652,9.9,Ravi Chen,2025-10-15 00:13:26,noise
6397844655371,6394555912795,T652,52.8,Ravi Chen,2025-10-14 09:04:23,noise
6397844655371,6394555912795,T793,6.7,Ravi Chen,2025-10-14 19:15:39,noise
6397844655371,6398491189169,T652,67.4,Ravi Chen,2025-10-13 23:25:06,noise
6397844655371,6396181402712,T652,18.5,Ravi Chen,2025-10-12 13:28:29,noise
6397844655371,6395656527999,T652,5.2,Ravi Chen,2025-10-12 16:04:29,noise
6397844655371,6395656527999,T652,12.5,Ravi Chen,2025-10-11 05:06:21,noise
6397844655371,6391757381529,T652,6.6,Ravi Chen,2025-10-11 15:02:28,noise
6397844655371,6393135045026,T793,38.0,Ravi Chen,2025-10-10 22:26:25,noise
6397844655371,6394555912795,T652,34.6,Ravi Chen,2025-10-09 12:16:34,noise
6397844655371,6391757381529,T793,9.4,Ravi Chen,2025-10-09 10:00:04,noise
6397844655371,6394555912795,T652,37.4,Ravi Chen,2025-10-08 08:00:13,noise
6397844655371,6395656527999,T793,21.6,Ravi Chen,2025-10-08 02:20:10,noise
6397844655371,6391937582998,T793,30.4,Ravi Chen,2025-10-07 11:06:50,noise
6397844655371,6396743661793,T793,13.1,Ravi Chen,2025-10-07 20:17:26,noise
6397844655371,6396607099917,T652,17.7,Ravi Chen,2025-10-06 19:06:14,noise
6397844655371,6394264279208,T793,6.4,Ravi Chen,2025-10-06 03:17:53,noise
6397844655371,6395656527999,T652,13.6,Ravi Chen,2025-10-06 14:01:20,noise
6397844655371,6391279393246,T652,34.9,Ravi Chen,2025-10-05 22:29:43,noise
6397844655371,6394555912795,T652,3.7,Ravi Chen,2025-10-05 14:29:16,noise
6397844655371,6394555912795,T652,18.6,Ravi Chen,2025-10-04 13:21:58,noise
6397844655371,6395656527999,T652,13.5,Ravi Chen,2025-10-04 20:25:05,noise
6397844655371,6395656527999,T793,11.1,Ravi Chen,2025-10-03 03:04:57,noise
6397844655371,6395778639223,T652,4.4,Ravi Chen,2025-10-02 09:25:42,noise
6397844655371,6392085020554,T793,17.3,Ravi Chen,2025-10-02 17:30:24,noise
6397844655371,6393135045026,T793,49.7,Ravi Chen,2025-10-01 17:19:38,noise
6397844655371,6391611816266,T793,15.9,Ravi Chen,2025-10-01 19:27:14,noise
6397844655371,6394555912795,T652,15.9,Ravi Chen,2025-09-30 10:09:49,noise
6397844655371,6393135045026,T793,33.4,Ravi Chen,2025-09-30 22:20:50,noise
6397844655371,6399165981131,T652,19.6,Ravi Chen,2025-09-29 17:08:23,noise
6397844655371,6395656527999,T793,15.6,Ravi Chen,2025-09-28 23:24:23,noise
6397844655371,6396518798247,T652,7.3,Ravi Chen,2025-09-28 17:12:00,noise
6397844655371,6395656527999,T793,5.9,Ravi Chen,2025-09-28 09:04:58,noise
6397844655371,6391085319364,T652,9.9,Ravi Chen,2025-09-27 11:28:55,noise
6397844655371,6393541804755,T652,11.7,Ravi Chen,2025-09-27 19:06:08,noise
6397844655371,6394555912795,T652,50.1,Ravi Chen,2025-09-26 20:19:05,noise
6397844655371,6392523182756,T793,11.1,Ravi Chen,2025-09-26 20:26:29,noise
6397844655371,6394555912795,T652,4.3,Ravi Chen,2025-09-26 23:30:42,noise
6397844655371,6395656527999,T652,11.1,Ravi Chen,2025-09-25 08:20:52,noise
6397844655371,6395656527999,T652,20.9,Ravi Chen,2025-09-25 01:06:01,noise
6397844655371,6393135045026,T652,10.2,Ravi Chen,2025-09-24 12:07:57,noise
6397844655371,6396095128059,T793,28.8,Ravi Chen,2025-09-24 08:27:18,noise
6397844655371,6394555912795,T793,21.2,Ravi Chen,2025-09-23 18:05:58,noise
6397844655371,6393507307642,T652,34.0,Ravi Chen,2025-09-23 13:16:39,noise
6397844655371,6397664580862,T652,27.5,Ravi Chen,2025-09-23 03:09:39,noise
6397844655371,6395656527999,T652,10.1,Ravi Chen,2025-09-22 08:19:06,noise
6397844655371,6391611816266,T652,32.2,Ravi Chen,2025-09-22 22:12:01,noise
6397844655371,6395255503056,T652,38.7,Ravi Chen,2025-09-21 19:19:14,noise
6397844655371,6394555912795,T793,16.9,Ravi Chen,2025-09-20 16:30:52,noise
6397844655371,6399924544312,T652,3.9,Ravi Chen,2025-09-20 17:26:06,noise
6397844655371,6396743661793,T793,10.9,Ravi Chen,2025-09-19 12:06:17,noise
6397844655371,6396681820773,T793,22.0,Ravi Chen,2025-09-19 02:29:57,noise
6397844655371,6394555912795,T652,31.1,Ravi Chen,2025-09-19 13:07:57,noise
6397844655371,6393493304331,T793,68.5,Ravi Chen,2025-09-18 15:24:42,noise
6397844655371,6394555912795,T793,14.3,Ravi Chen,2025-09-18 21:05:49,noise
6397844655371,6394555912795,T652,7.9,Ravi Chen,2025-09-17 09:24:20,noise
6397844655371,6395656527999,T793,7.7,Ravi Chen,2025-09-16 18:04:40,noise
6397844655371,6393135045026,T793,35.9,Ravi Chen,2025-09-16 12:27:59,noise
6397844655371,6394555912795,T652,9.2,Ravi Chen,2025-09-16 23:18:10,noise
6397844655371,6394555912795,T793,28.5,Ravi Chen,2025-09-15 16:29:59,noise
6397844655371,6395656527999,T652,21.1,Ravi Chen,2025-09-15 08:13:05,noise
6397844655371,6397554224472,T793,16.8,Ravi Chen,2025-09-14 16:16:52,noise
6397844655371,6392085020554,T793,37.4,Ravi Chen,2025-09-14 14:00:53,noise
6397844655371,6394555912795,T793,7.2,Ravi Chen,2025-09-13 12:27:01,noise
6397844655371,6395656527999,T793,59.0,Ravi Chen,2025-09-13 12:12:16,noise
6397844655371,6393135045026,T793,33.9,Ravi Chen,2025-09-12 11:19:16,noise
6397844655371,6394264279208,T652,21.9,Ravi Chen,2025-09-11 20:16:35,noise
6397844655371,6397274004764,T652,10.0,Ravi Chen,2025-09-11 14:24:11,noise
6397844655371,6397792731200,T652,16.7,Ravi Chen,2025-09-10 23:26:17,noise
6397844655371,6394555912795,T793,22.2,Ravi Chen,2025-09-10 00:08:59,noise
6397844655371,6395656527999,T652,19.9,Ravi Chen,2025-09-09 13:05:36,noise
6397844655371,6393135045026,T652,17.5,Ravi Chen,2025-09-09 12:17:48,noise
6397844655371,6398445554732,T793,23.0,Ravi Chen,2025-09-08 19:00:07,noise
6397844655371,6391621634803,T793,6.8,Ravi Chen,2025-09-07 12:01:28,noise
6397844655371,6393135045026,T652,5.6,Ravi Chen,2025-09-06 10:28:34,noise
6397844655371,6396978132661,T652,20.6,Ravi Chen,2025-09-06 02:13:00,noise
6397844655371,6397906422409,T652,42.2,Ravi Chen,2025-09-05 21:19:43,noise
6397844655371,6395656527999,T793,15.9,Ravi Chen,2025-09-05 13:16:52,noise
6397844655371,6395656527999,T652,52.2,Ravi Chen,2025-09-04 12:24:43,noise
6397844655371,6393135045026,T652,9.6,Ravi Chen,2025-09-04 18:04:57,noise
6397844655371,6393135045026,T652,10.0,Ravi Chen,2025-09-04 21:30:54,noise
6397844655371,6396743661793,T652,7.0,Ravi Chen,2025-09-03 12:03:33,noise
6397844655371,6396693621506,T652,15.2,Ravi Chen,2025-09-03 11:24:34,noise
6397844655371,6396967557245,T793,20.0,Ravi Chen,2025-09-02 08:14:41,noise
6397844655371,6393135045026,T793,22.4,Ravi Chen,2025-09-02 03:01:35,noise
6397844655371,6395656527999,T652,15.1,Ravi Chen,2025-09-02 14:28:41,noise
6397844655371,6395656527999,T793,27.2,Ravi Chen,2025-09-01 22:21:41,noise
6397844655371,6398445554732,T793,65.3,Ravi Chen,2025-09-01 17:23:53,noise
6397844655371,6398732852032,T793,8.3,Ravi Chen,2025-08-31 11:11:48,noise
6397844655371,6394555912795,T652,19.7,Ravi Chen,2025-08-31 20:15:28,noise
6397844655371,6395363927709,T793,48.9,Ravi Chen,2025-08-31 17:11:00,noise
6397844655371,6391194839118,T652,15.2,Ravi Chen,2025-08-30 10:19:51,noise
6397844655371,6393794997179,T793,14.9,Ravi Chen,2025-08-30 04:06:08,noise
6397844655371,6395656527999,T652,37.7,Ravi Chen,2025-08-29 17:29:45,noise
6397844655371,6394555912795,T652,12.3,Ravi Chen,2025-08-29 20:02:28,noise
6397844655371,6394555912795,T652,10.5,Ravi Chen,2025-08-28 20:21:57,noise
6397844655371,6392334677082,T793,15.2,Ravi Chen,2025-08-27 12:15:01,noise
6397844655371,6394555912795,T652,33.4,Ravi Chen,2025-08-27 09:19:57,noise
6397844655371,6393135045026,T793,36.9,Ravi Chen,2025-08-26 20:19:43,noise
6397844655371,6393135045026,T793,12.6,Ravi Chen,2025-08-26 18:19:05,noise
6397844655371,6391937903040,T793,10.7,Ravi Chen,2025-08-26 02:30:41,noise
6397844655371,6395656527999,T793,12.0,Ravi Chen,2025-08-25 00:26:49,noise
6397844655371,6395656527999,T652,12.7,Ravi Chen,2025-08-25 17:22:53,noise
6397844655371,6394574621348,T652,11.4,Ravi Chen,2025-08-24 16:14:21,noise
6397844655371,6396859651169,T652,37.2,Ravi Chen,2025-08-24 14:22:18,noise
6397844655371,6399924544312,T652,8.2,Ravi Chen,2025-08-23 23:28:26,noise
6397844655371,6395656527999,T652,36.3,Ravi Chen,2025-08-23 18:03:36,noise
6397844655371,6394555912795,T793,10.1,Ravi Chen,2025-08-22 19:08:51,noise
6397844655371,6395656527999,T652,9.4,Ravi Chen,2025-08-21 14:17:45,noise
6397844655371,6395656527999,T652,19.7,Ravi Chen,2025-08-20 21:00:02,noise
6397844655371,6394555912795,T652,17.4,Ravi Chen,2025-08-20 14:22:59,noise
6397844655371,6396607099917,T652,8.6,Ravi Chen,2025-08-19 16:05:27,noise
6397844655371,6393541804755,T793,5.8,Ravi Chen,2025-08-18 09:01:00,noise
6397844655371,6395656527999,T652,8.6,Ravi Chen,2025-08-17 03:10:02,noise
6397844655371,6395656527999,T793,59.5,Ravi Chen,2025-08-17 11:27:00,noise
6397844655371,6394555912795,T652,7.3,Ravi Chen,2025-08-16 08:04:06,noise
6397844655371,6395656527999,T652,7.8,Ravi Chen,2025-08-15 17:04:36,noise
6397844655371,6395656527999,T793,123.2,Ravi Chen,2025-08-15 09:28:53,noise
6397844655371,6396095128059,T652,6.2,Ravi Chen,2025-08-15 08:07:48,noise
6397844655371,6399259551176,T793,31.9,Ravi Chen,2025-08-14 08:07:41,noise
6397844655371,6394555912795,T652,17.5,Ravi Chen,2025-08-13 19:00:07,noise
6397844655371,6391611816266,T652,9.1,Ravi Chen,2025-08-13 01:06:42,noise
6397844655371,6394555912795,T793,8.1,Ravi Chen,2025-08-12 08:02:38,noise
6397844655371,6395656527999,T793,11.9,Ravi Chen,2025-08-12 15:30:20,noise
6397844655371,6393135045026,T652,22.6,Ravi Chen,2025-08-11 16:11:00,noise
6397844655371,6395656527999,T652,26.4,Ravi Chen,2025-08-11 21:20:49,noise
6397844655371,6394555912795,T793,14.6,Ravi Chen,2025-08-11 17:11:34,noise
6397844655371,6395656527999,T652,10.9,Ravi Chen,2025-08-10 08:02:59,noise
6397844655371,6392795791102,T652,25.4,Ravi Chen,2025-08-10 10:17:59,noise
6397844655371,6393975769123,T652,10.0,Ravi Chen,2025-08-09 17:07:18,noise
6397844655371,6394555912795,T652,79.0,Ravi Chen,2025-08-09 15:24:50,noise
6397844655371,6393135045026,T652,5.4,Ravi Chen,2025-08-09 14:24:28,noise
6397844655371,6395656527999,T793,38.3,Ravi Chen,2025-08-08 16:19:35,noise
6397844655371,6393135045026,T793,11.4,Ravi Chen,2025-08-08 17:14:01,noise
6397844655371,6395656527999,T652,22.5,Ravi Chen,2025-08-07 09:28:19,noise
6397844655371,6393794997179,T793,32.4,Ravi Chen,2025-08-07 20:24:17,noise
6397844655371,6399521620276,T652,17.3,Ravi Chen,2025-08-06 05:15:50,noise
6397844655371,6393135045026,T793,11.6,Ravi Chen,2025-08-06 23:29:29,noise
6397844655371,6395656527999,T652,14.4,Ravi Chen,2025-08-05 14:10:44,noise
6397844655371,6393135045026,T793,25.2,Ravi Chen,2025-08-05 18:05:04,noise
6397844655371,6395656527999,T793,11.4,Ravi Chen,2025-08-05 19:24:22,noise
6397844655371,6393135045026,T652,9.9,Ravi Chen,2025-08-04 18:21:32,noise
6397844655371,6394841742270,T652,19.8,Ravi Chen,2025-08-04 22:18:02,noise
6397844655371,6393135045026,T793,14.1,Ravi Chen,2025-08-04 11:28:15,noise
6395363927709,6395913076726,T214,35.2,Jin Unger,2025-10-18 18:18:27,noise
6395363927709,6392795791102,T214,14.5,Jin Unger,2025-10-18 18:20:46,noise
6395363927709,6399799920361,T564,28.3,Jin Unger,2025-10-17 04:27:34,noise
6395363927709,6394841742270,T564,27.5,Jin Unger,2025-10-16 09:07:00,noise
6395363927709,6392795791102,T564,8.2,Jin Unger,2025-10-16 13:20:07,noise
6395363927709,6399799920361,T214,47.5,Jin Unger,2025-10-16 19:29:18,noise
6395363927709,6393603835968,T564,11.8,Jin Unger,2025-10-15 01:11:03,noise
6395363927709,6399617100710,T564,18.8,Jin Unger,2025-10-15 15:09:41,noise
6395363927709,6399799920361,T214,22.5,Jin Unger,2025-10-14 19:25:16,noise
6395363927709,6393951377482,T564,85.4,Jin Unger,2025-10-14 00:13:39,noise
6395363927709,6391841771012,T214,10.4,Jin Unger,2025-10-13 21:15:48,noise
6395363927709,6399799920361,T214,10.1,Jin Unger,2025-10-13 23:20:30,noise
6395363927709,6392795791102,T214,43.3,Jin Unger,2025-10-12 12:09:54,noise
6395363927709,6393951377482,T214,20.8,Jin Unger,2025-10-12 21:21:50,noise
6395363927709,6392295700924,T214,49.0,Jin Unger,2025-10-11 08:01:37,noise
6395363927709,6396967557245,T214,16.3,Jin Unger,2025-10-11 20:10:42,noise
6395363927709,6396423658378,T214,34.8,Jin Unger,2025-10-10 09:18:42,noise
6395363927709,6392795791102,T214,32.5,Jin Unger,2025-10-09 02:16:48,noise
6395363927709,6392795791102,T564,19.9,Jin Unger,2025-10-09 21:18:29,noise
6395363927709,6399799920361,T214,13.1,Jin Unger,2025-10-08 09:22:56,noise
6395363927709,6396607099917,T214,37.6,Jin Unger,2025-10-07 11:01:51,noise
6395363927709,6393493304331,T214,45.5,Jin Unger,2025-10-07 16:16:59,noise
6395363927709,6392795791102,T564,12.6,Jin Unger,2025-10-06 12:02:02,noise
6395363927709,6391841771012,T564,7.3,Jin Unger,2025-10-05 17:23:38,noise
6395363927709,6399799920361,T564,8.4,Jin Unger,2025-10-05 12:09:10,noise
6395363927709,6396468854276,T214,19.7,Jin Unger,2025-10-04 01:13:49,noise
6395363927709,6392795791102,T564,10.3,Jin Unger,2025-10-03 08:09:02,noise
6395363927709,6391841771012,T214,15.2,Jin Unger,2025-10-02 19:13:19,noise
6395363927709,6391841771012,T214,10.6,Jin Unger,2025-10-02 19:02:38,noise
6395363927709,6392795791102,T214,31.2,Jin Unger,2025-10-01 18:18:51,noise
6395363927709,6394264279208,T214,11.9,Jin Unger,2025-10-01 15:28:21,noise
6395363927709,6391841771012,T214,12.9,Jin Unger,2025-09-30 18:25:31,noise
6395363927709,6392795791102,T564,15.3,Jin Unger,2025-09-29 11:30:10,noise
6395363927709,6399799920361,T214,20.4,Jin Unger,2025-09-29 10:05:57,noise
6395363927709,6396119144758,T214,17.1,Jin Unger,2025-09-28 17:02:51,noise
6395363927709,6391053669235,T214,43.7,Jin Unger,2025-09-28 13:05:55,noise
6395363927709,6391841771012,T564,13.8,Jin Unger,2025-09-27 04:27:23,noise
6395363927709,6399799920361,T564,46.1,Jin Unger,2025-09-27 13:09:26,noise
6395363927709,6397664580862,T214,8.5,Jin Unger,2025-09-27 16:07:40,noise
6395363927709,6392795791102,T214,36.5,Jin Unger,2025-09-26 23:00:46,noise
6395363927709,6393603835968,T564,15.1,Jin Unger,2025-09-26 09:08:45,noise
6395363927709,6396423658378,T564,44.1,Jin Unger,2025-09-25 11:27:45,noise
6395363927709,6391841771012,T564,15.1,Jin Unger,2025-09-25 10:23:39,noise
6395363927709,6391085319364,T214,40.5,Jin Unger,2025-09-24 11:01:48,noise
6395363927709,6398391305137,T564,60.4,Jin Unger,2025-09-24 18:17:48,noise
6395363927709,6392724977358,T214,9.4,Jin Unger,2025-09-23 11:21:07,noise
6395363927709,6396119144758,T564,37.3,Jin Unger,2025-09-23 20:04:28,noise
6395363927709,6392795791102,T564,62.3,Jin Unger,2025-09-22 19:05:58,noise
6395363927709,6392795791102,T564,33.1,Jin Unger,2025-09-22 16:14:14,noise
6395363927709,6392795791102,T214,29.7,Jin Unger,2025-09-21 21:03:12,noise
6395363927709,6391841771012,T214,25.1,Jin Unger,2025-09-20 11:29:49,noise
6395363927709,6391841771012,T564,5.8,Jin Unger,2025-09-20 22:08:38,noise
6395363927709,6399799920361,T564,6.2,Jin Unger,2025-09-19 14:23:58,noise
6395363927709,6391841771012,T564,28.7,Jin Unger,2025-09-19 14:10:24,noise
6395363927709,6397209902585,T214,14.6,Jin Unger,2025-09-19 15:06:13,noise
6395363927709,6396181402712,T214,7.7,Jin Unger,2025-09-18 02:21:55,noise
6395363927709,6396892073434,T564,151.6,Jin Unger,2025-09-18 16:03:25,noise
6395363927709,6392795791102,T214,16.8,Jin Unger,2025-09-17 22:00:00,noise
6395363927709,6395778639223,T214,6.5,Jin Unger,2025-09-16 16:21:02,noise
6395363927709,6399799920361,T564,11.2,Jin Unger,2025-09-16 11:04:29,noise
6395363927709,6391841771012,T214,20.7,Jin Unger,2025-09-16 19:06:17,noise
6395363927709,6391841771012,T214,14.7,Jin Unger,2025-09-15 16:01:31,noise
6395363927709,6397652242448,T564,20.3,Jin Unger,2025-09-14 19:15:28,noise
6395363927709,6399799920361,T564,9.9,Jin Unger,2025-09-13 22:14:53,noise
6395363927709,6392463613153,T564,4.1,Jin Unger,2025-09-13 10:20:35,noise
6395363927709,6399799920361,T214,15.2,Jin Unger,2025-09-12 20:14:14,noise
6395363927709,6395656527999,T564,59.8,Jin Unger,2025-09-12 11:29:31,noise
6395363927709,6394574621348,T214,5.9,Jin Unger,2025-09-11 10:15:59,noise
6395363927709,6391841771012,T214,17.0,Jin Unger,2025-09-11 22:08:02,noise
6395363927709,6392795791102,T564,40.4,Jin Unger,2025-09-11 01:01:41,noise
6395363927709,6391841771012,T564,77.8,Jin Unger,2025-09-10 15:18:59,noise
6395363927709,6399799920361,T214,23.5,Jin Unger,2025-09-10 20:30:56,noise
6395363927709,6399799920361,T564,10.4,Jin Unger,2025-09-09 18:17:31,noise
6395363927709,6391279393246,T214,3.6,Jin Unger,2025-09-09 09:26:29,noise
6395363927709,6392795791102,T214,10.1,Jin Unger,2025-09-09 03:26:10,noise
6395363927709,6396693621506,T214,15.9,Jin Unger,2025-09-08 19:03:18,noise
6395363927709,6397844655371,T214,29.3,Jin Unger,2025-09-07 10:14:20,noise
6395363927709,6392835511896,T214,6.8,Jin Unger,2025-09-07 20:23:58,noise
6395363927709,6396631526248,T214,7.2,Jin Unger,2025-09-06 08:20:07,noise
6395363927709,6399799920361,T214,13.1,Jin Unger,2025-09-06 04:02:50,noise
6395363927709,6399799920361,T564,49.0,Jin Unger,2025-09-06 15:11:57,noise
6395363927709,6391841771012,T214,24.1,Jin Unger,2025-09-05 08:21:54,noise
6395363927709,6396927514387,T564,7.5,Jin Unger,2025-09-05 17:29:14,noise
6395363927709,6392795791102,T564,9.9,Jin Unger,2025-09-05 16:26:06,noise
6395363927709,6398732852032,T214,11.9,Jin Unger,2025-09-04 08:14:32,noise
6395363927709,6391841771012,T214,22.2,Jin Unger,2025-09-03 10:03:01,noise
6395363927709,6392885325965,T214,31.4,Jin Unger,2025-09-03 20:17:14,noise
6395363927709,6399799920361,T214,18.3,Jin Unger,2025-09-02 08:04:53,noise
6395363927709,6399799920361,T214,18.5,Jin Unger,2025-09-02 20:26:18,noise
6395363927709,6399799920361,T564,12.6,Jin Unger,2025-09-01 14:01:18,noise
6395363927709,6392795791102,T214,12.0,Jin Unger,2025-09-01 08:02:09,noise
6395363927709,6392795791102,T564,100.7,Jin Unger,2025-09-01 20:07:09,noise
6395363927709,6399799920361,T564,30.7,Jin Unger,2025-08-31 12:20:20,noise
6395363927709,6391937582998,T564,37.2,Jin Unger,2025-08-30 17:09:30,noise
6395363927709,6396423658378,T564,13.8,Jin Unger,2025-08-30 10:02:58,noise
6395363927709,6392795791102,T564,43.4,Jin Unger,2025-08-30 11:19:14,noise
6395363927709,6399799920361,T214,15.9,Jin Unger,2025-08-29 15:15:27,noise
6395363927709,6392795791102,T564,22.1,Jin Unger,2025-08-28 19:11:39,noise
6395363927709,6399496417009,T564,13.6,Jin Unger,2025-08-27 19:21:13,noise
6395363927709,6392795791102,T214,18.6,Jin Unger,2025-08-26 09:15:35,noise
6395363927709,6392779062252,T214,6.5,Jin Unger,2025-08-26 20:00:40,noise
6395363927709,6399496417009,T214,38.3,Jin Unger,2025-08-25 03:08:52,noise
6395363927709,6393794997179,T214,9.4,Jin Unger,2025-08-25 13:08:28,noise
6395363927709,6391841771012,T564,27.1,Jin Unger,2025-08-25 09:13:36,noise
6395363927709,6395082508928,T564,11.5,Jin Unger,2025-08-24 14:23:13,noise
6395363927709,6392795791102,T564,3.6,Jin Unger,2025-08-24 11:07:15,noise
6395363927709,6392795791102,T564,11.2,Jin Unger,2025-08-23 16:19:10,noise
6395363927709,6391841771012,T564,23.8,Jin Unger,2025-08-23 19:19:44,noise
6395363927709,6391053669235,T564,19.6,Jin Unger,2025-08-22 10:02:03,noise
6395363927709,6391841771012,T564,75.0,Jin Unger,2025-08-22 19:10:28,noise
6395363927709,6392724977358,T564,3.4,Jin Unger,2025-08-21 00:17:35,noise
6395363927709,6399799920361,T214,18.5,Jin Unger,2025-08-21 10:08:48,noise
6395363927709,6392795791102,T214,7.6,Jin Unger,2025-08-20 21:06:08,noise
6395363927709,6391841771012,T214,8.2,Jin Unger,2025-08-19 20:22:15,noise
6395363927709,6399799920361,T214,28.7,Jin Unger,2025-08-19 16:04:56,noise
6395363927709,6399799920361,T564,20.3,Jin Unger,2025-08-18 14:21:15,noise
6395363927709,6391841771012,T564,30.6,Jin Unger,2025-08-18 15:16:45,noise
6395363927709,6392795791102,T214,9.0,Jin Unger,2025-08-17 19:05:44,noise
6395363927709,6392795791102,T214,10.7,Jin Unger,2025-08-17 18:29:45,noise
6395363927709,6392795791102,T214,18.8,Jin Unger,2025-08-16 05:16:25,noise
6395363927709,6399799920361,T214,15.5,Jin Unger,2025-08-16 09:26:43,noise
6395363927709,6395455137652,T214,8.2,Jin Unger,2025-08-16 08:30:25,noise
6395363927709,6392795791102,T214,14.3,Jin Unger,2025-08-15 18:24:46,noise
6395363927709,6399799920361,T214,5.6,Jin Unger,2025-08-15 14:27:38,noise
6395363927709,6391841771012,T214,10.8,Jin Unger,2025-08-15 14:06:34,noise
6395363927709,6395726944755,T564,22.6,Jin Unger,2025-08-14 23:04:11,noise
6395363927709,6392795791102,T214,13.7,Jin Unger,2025-08-14 08:06:11,noise
6395363927709,6399856589429,T214,57.9,Jin Unger,2025-08-13 22:29:14,noise
6395363927709,6399799920361,T214,34.8,Jin Unger,2025-08-12 20:20:35,noise
6395363927709,6397792731200,T564,21.0,Jin Unger,2025-08-12 10:03:06,noise
6395363927709,6391937582998,T214,10.4,Jin Unger,2025-08-12 12:30:42,noise
6395363927709,6392795791102,T214,16.4,Jin Unger,2025-08-11 08:20:19,noise
6395363927709,6397008615813,T564,14.1,Jin Unger,2025-08-11 20:18:08,noise
6395363927709,6399799920361,T214,19.6,Jin Unger,2025-08-11 03:28:49,noise
6395363927709,6399799920361,T214,8.7,Jin Unger,2025-08-10 17:28:48,noise
6395363927709,6392795791102,T564,23.7,Jin Unger,2025-08-10 11:20:56,noise
6395363927709,6391841771012,T564,2.8,Jin Unger,2025-08-09 14:12:47,noise
6395363927709,6392795791102,T214,52.9,Jin Unger,2025-08-09 20:30:30,noise
6395363927709,6391841771012,T214,7.5,Jin Unger,2025-08-08 19:17:17,noise
6395363927709,6399617100710,T564,18.0,Jin Unger,2025-08-08 13:12:34,noise
6395363927709,6393951377482,T214,9.2,Jin Unger,2025-08-07 21:19:16,noise
6395363927709,6391841771012,T214,24.1,Jin Unger,2025-08-07 15:30:52,noise
6395363927709,6391841771012,T214,11.1,Jin Unger,2025-08-06 02:26:24,noise
6395363927709,6392795791102,T564,14.6,Jin Unger,2025-08-06 21:12:24,noise
6395363927709,6391841771012,T214,14.3,Jin Unger,2025-08-05 20:17:54,noise
6395363927709,6392795791102,T214,9.5,Jin Unger,2025-08-05 18:29:35,noise
6395363927709,6392795791102,T564,8.9,Jin Unger,2025-08-04 22:00:38,noise
6395363927709,6399471209395,T214,8.3,Jin Unger,2025-08-04 14:00:59,noise
6395656527999,6395363927709,T757,11.4,Ravi Duarte,2025-10-18 08:11:44,noise
6395656527999,6393135045026,T757,18.8,Ravi Duarte,2025-10-18 17:02:08,noise
6395656527999,6393135045026,T757,36.7,Ravi Duarte,2025-10-18 15:26:13,noise
6395656527999,6392334677082,T757,19.4,Ravi Duarte,2025-10-17 16:14:21,noise
6395656527999,6396693621506,T375,13.7,Ravi Duarte,2025-10-16 08:18:01,noise
6395656527999,6393135045026,T375,4.7,Ravi Duarte,2025-10-16 10:22:16,noise
6395656527999,6393135045026,T375,11.1,Ravi Duarte,2025-10-15 17:12:33,noise
6395656527999,6391053669235,T375,6.0,Ravi Duarte,2025-10-15 14:03:16,noise
6395656527999,6393507307642,T375,16.3,Ravi Duarte,2025-10-14 11:09:46,noise
6395656527999,6396441529079,T757,20.6,Ravi Duarte,2025-10-14 09:10:01,noise
6395656527999,6393135045026,T375,41.4,Ravi Duarte,2025-10-13 18:03:58,noise
6395656527999,6394841742270,T757,11.4,Ravi Duarte,2025-10-13 17:21:08,noise
6395656527999,6393135045026,T375,7.9,Ravi Duarte,2025-10-12 08:01:22,noise
6395656527999,6396227547092,T375,19.6,Ravi Duarte,2025-10-12 12:24:14,noise
6395656527999,6393135045026,T757,40.1,Ravi Duarte,2025-10-12 14:15:47,noise
6395656527999,6393135045026,T375,15.7,Ravi Duarte,2025-10-11 13:28:22,noise
6395656527999,6398036705746,T375,16.2,Ravi Duarte,2025-10-10 15:24:58,noise
6395656527999,6391279393246,T757,16.7,Ravi Duarte,2025-10-10 14:28:48,noise
6395656527999,6394841742270,T757,8.4,Ravi Duarte,2025-10-09 21:20:39,noise
6395656527999,6399979024610,T375,9.0,Ravi Duarte,2025-10-09 10:02:04,noise
6395656527999,6397792731200,T757,17.6,Ravi Duarte,2025-10-09 09:06:44,noise
6395656527999,6395363927709,T375,9.4,Ravi Duarte,2025-10-08 22:30:47,noise
6395656527999,6395363927709,T375,8.0,Ravi Duarte,2025-10-07 14:02:26,noise
6395656527999,6394555912795,T375,8.6,Ravi Duarte,2025-10-06 12:02:57,noise
6395656527999,6392334677082,T375,12.9,Ravi Duarte,2025-10-06 13:27:38,noise
6395656527999,6398906791192,T375,22.4,Ravi Duarte,2025-10-06 16:30:57,noise
6395656527999,6395363927709,T757,23.2,Ravi Duarte,2025-10-05 10:29:55,noise
6395656527999,6392334677082,T757,19.2,Ravi Duarte,2025-10-04 13:15:31,noise
6395656527999,6397906422409,T375,18.8,Ravi Duarte,2025-10-04 08:26:28,noise
6395656527999,6395363927709,T375,59.0,Ravi Duarte,2025-10-04 17:04:18,noise
6395656527999,6391657761801,T375,9.1,Ravi Duarte,2025-10-03 22:09:43,noise
6395656527999,6393507307642,T757,48.7,Ravi Duarte,2025-10-03 01:15:30,noise
6395656527999,6393135045026,T757,38.1,Ravi Duarte,2025-10-02 16:24:58,noise
6395656527999,6393135045026,T375,15.0,Ravi Duarte,2025-10-02 19:05:47,noise
6395656527999,6394574621348,T375,19.4,Ravi Duarte,2025-10-01 18:25:09,noise
6395656527999,6392334677082,T757,6.1,Ravi Duarte,2025-10-01 13:17:13,noise
6395656527999,6395363927709,T375,22.2,Ravi Duarte,2025-09-30 19:01:02,noise
6395656527999,6395363927709,T757,20.2,Ravi Duarte,2025-09-29 22:30:45,noise
6395656527999,6394048553499,T375,21.5,Ravi Duarte,2025-09-29 22:21:04,noise
6395656527999,6395363927709,T375,13.4,Ravi Duarte,2025-09-28 13:00:44,noise
6395656527999,6395363927709,T757,10.8,Ravi Duarte,2025-09-28 14:20:02,noise
6395656527999,6392334677082,T375,8.5,Ravi Duarte,2025-09-28 11:19:07,noise
6395656527999,6398761443795,T757,47.6,Ravi Duarte,2025-09-27 19:04:27,noise
6395656527999,6399165981131,T375,19.0,Ravi Duarte,2025-09-26 18:16:06,noise
6395656527999,6393135045026,T757,24.2,Ravi Duarte,2025-09-26 14:02:24,noise
6395656527999,6391621634803,T375,17.5,Ravi Duarte,2025-09-25 10:14:30,noise
6395656527999,6393541804755,T375,14.4,Ravi Duarte,2025-09-25 14:04:32,noise
6395656527999,6393723821869,T375,11.0,Ravi Duarte,2025-09-24 15:21:19,noise
6395656527999,6392334677082,T757,15.1,Ravi Duarte,2025-09-24 14:21:31,noise
6395656527999,6395363927709,T375,64.3,Ravi Duarte,2025-09-24 05:09:48,noise
6395656527999,6393135045026,T757,10.0,Ravi Duarte,2025-09-23 23:09:26,noise
6395656527999,6395913076726,T375,7.2,Ravi Duarte,2025-09-23 18:07:55,noise
6395656527999,6395913076726,T757,32.6,Ravi Duarte,2025-09-22 12:16:19,noise
6395656527999,6392334677082,T757,27.6,Ravi Duarte,2025-09-21 18:23:12,noise
6395656527999,6392334677082,T375,8.9,Ravi Duarte,2025-09-20 19:08:07,noise
6395656527999,6397844655371,T757,6.2,Ravi Duarte,2025-09-19 10:21:52,noise
6395656527999,6394272648738,T375,16.2,Ravi Duarte,2025-09-19 09:10:20,noise
6395656527999,6392334677082,T375,18.5,Ravi Duarte,2025-09-18 15:27:09,noise
6395656527999,6392334677082,T375,13.5,Ravi Duarte,2025-09-18 14:27:46,noise
6395656527999,6395363927709,T757,12.4,Ravi Duarte,2025-09-17 19:24:25,noise
6395656527999,6396423658378,T757,17.6,Ravi Duarte,2025-09-17 21:10:33,noise
6395656527999,6395363927709,T757,9.2,Ravi Duarte,2025-09-16 10:12:00,noise
6395656527999,6396119144758,T757,24.5,Ravi Duarte,2025-09-16 12:10:03,noise
6395656527999,6393135045026,T757,9.8,Ravi Duarte,2025-09-16 11:21:51,noise
6395656527999,6395363927709,T375,8.7,Ravi Duarte,2025-09-15 10:06:59,noise
6395656527999,6391053669235,T375,11.8,Ravi Duarte,2025-09-15 11:09:22,noise
6395656527999,6395363927709,T375,16.9,Ravi Duarte,2025-09-14 22:03:20,noise
6395656527999,6397664580862,T375,6.0,Ravi Duarte,2025-09-13 19:10:15,noise
6395656527999,6392334677082,T757,31.0,Ravi Duarte,2025-09-13 09:09:56,noise
6395656527999,6393135045026,T375,12.9,Ravi Duarte,2025-09-13 14:25:05,noise
6395656527999,6393135045026,T757,6.6,Ravi Duarte,2025-09-12 12:02:37,noise
6395656527999,6395363927709,T375,12.2,Ravi Duarte,2025-09-11 17:21:12,noise
6395656527999,6396681820773,T375,9.3,Ravi Duarte,2025-09-11 13:24:39,noise
6395656527999,6397844655371,T375,7.5,Ravi Duarte,2025-09-10 12:14:49,noise
6395656527999,6398906791192,T757,17.8,Ravi Duarte,2025-09-10 15:21:19,noise
6395656527999,6392334677082,T757,5.4,Ravi Duarte,2025-09-09 22:04:15,noise
6395656527999,6392334677082,T757,8.6,Ravi Duarte,2025-09-09 11:28:19,noise
6395656527999,6393135045026,T375,43.3,Ravi Duarte,2025-09-09 10:13:07,noise
6395656527999,6392334677082,T375,11.4,Ravi Duarte,2025-09-08 19:22:34,noise
6395656527999,6392334677082,T375,15.4,Ravi Duarte,2025-09-08 21:24:51,noise
6395656527999,6392334677082,T375,7.5,Ravi Duarte,2025-09-08 15:00:02,noise
6395656527999,6392334677082,T375,21.4,Ravi Duarte,2025-09-07 14:24:56,noise
6395656527999,6392334677082,T757,14.3,Ravi Duarte,2025-09-07 10:02:55,noise
6395656527999,6397008615813,T757,8.1,Ravi Duarte,2025-09-06 12:29:25,noise
6395656527999,6393135045026,T757,9.3,Ravi Duarte,2025-09-06 16:20:21,noise
6395656527999,6392334677082,T757,22.3,Ravi Duarte,2025-09-06 11:25:19,noise
6395656527999,6396892073434,T375,3.4,Ravi Duarte,2025-09-05 20:22:53,noise
6395656527999,6392334677082,T375,44.2,Ravi Duarte,2025-09-05 12:00:46,noise
6395656527999,6392334677082,T375,10.5,Ravi Duarte,2025-09-05 12:21:56,noise
6395656527999,6396927514387,T375,12.6,Ravi Duarte,2025-09-04 20:25:22,noise
6395656527999,6393135045026,T757,35.0,Ravi Duarte,2025-09-04 16:02:42,noise
6395656527999,6393135045026,T375,53.2,Ravi Duarte,2025-09-03 20:15:00,noise
6395656527999,6392334677082,T375,7.6,Ravi Duarte,2025-09-03 09:07:06,noise
6395656527999,6392334677082,T375,3.3,Ravi Duarte,2025-09-02 19:25:25,noise
6395656527999,6392334677082,T375,20.2,Ravi Duarte,2025-09-02 20:13:06,noise
6395656527999,6399979024610,T375,25.3,Ravi Duarte,2025-09-02 04:20:48,noise
6395656527999,6393135045026,T757,10.9,Ravi Duarte,2025-09-01 18:21:55,noise
6395656527999,6391053669235,T375,7.4,Ravi Duarte,2025-09-01 14:16:26,noise
6395656527999,6393135045026,T375,47.7,Ravi Duarte,2025-09-01 10:15:54,noise
6395656527999,6396927514387,T375,26.7,Ravi Duarte,2025-08-31 19:18:11,noise
6395656527999,6397008615813,T757,8.9,Ravi Duarte,2025-08-31 21:23:08,noise
6395656527999,6395455137652,T375,11.4,Ravi Duarte,2025-08-30 15:05:30,noise
6395656527999,6395913076726,T375,10.4,Ravi Duarte,2025-08-30 17:21:48,noise
6395656527999,6396927514387,T757,17.0,Ravi Duarte,2025-08-29 20:04:04,noise
6395656527999,6392334677082,T757,46.8,Ravi Duarte,2025-08-29 18:00:43,noise
6395656527999,6396693621506,T757,15.8,Ravi Duarte,2025-08-29 14:21:31,noise
6395656527999,6393135045026,T375,29.1,Ravi Duarte,2025-08-28 05:16:57,noise
6395656527999,6395363927709,T375,14.0,Ravi Duarte,2025-08-27 22:23:19,noise
6395656527999,6393135045026,T375,35.0,Ravi Duarte,2025-08-27 16:10:06,noise
6395656527999,6395913076726,T757,23.1,Ravi Duarte,2025-08-26 20:22:37,noise
6395656527999,6396693621506,T757,7.4,Ravi Duarte,2025-08-26 20:02:38,noise
6395656527999,6395363927709,T375,23.0,Ravi Duarte,2025-08-26 14:09:22,noise
6395656527999,6395656527999,T375,13.4,Ravi Duarte,2025-08-25 16:22:55,noise
6395656527999,6395363927709,T375,12.8,Ravi Duarte,2025-08-24 10:07:13,noise
6395656527999,6395913076726,T757,7.2,Ravi Duarte,2025-08-24 10:30:14,noise
6395656527999,6392334677082,T375,12.1,Ravi Duarte,2025-08-24 22:15:51,noise
6395656527999,6392334677082,T757,24.0,Ravi Duarte,2025-08-23 18:27:59,noise
6395656527999,6395363927709,T375,10.4,Ravi Duarte,2025-08-23 09:05:43,noise
6395656527999,6395363927709,T375,11.6,Ravi Duarte,2025-08-23 21:17:58,noise
6395656527999,6393135045026,T375,21.5,Ravi Duarte,2025-08-22 20:12:10,noise
6395656527999,6392334677082,T757,27.3,Ravi Duarte,2025-08-22 22:16:59,noise
6395656527999,6394272648738,T375,70.2,Ravi Duarte,2025-08-22 09:05:04,noise
6395656527999,6391053669235,T757,12.5,Ravi Duarte,2025-08-21 16:01:37,noise
6395656527999,6393135045026,T375,14.7,Ravi Duarte,2025-08-21 16:01:54,noise
6395656527999,6392334677082,T757,10.3,Ravi Duarte,2025-08-20 19:20:58,noise
6395656527999,6397008615813,T757,6.5,Ravi Duarte,2025-08-19 10:11:23,noise
6395656527999,6393135045026,T375,45.2,Ravi Duarte,2025-08-19 03:16:55,noise
6395656527999,6398761443795,T375,5.4,Ravi Duarte,2025-08-18 17:21:40,noise
6395656527999,6393135045026,T375,38.5,Ravi Duarte,2025-08-17 20:12:11,noise
6395656527999,6395363927709,T757,15.1,Ravi Duarte,2025-08-17 11:11:42,noise
6395656527999,6392334677082,T375,24.4,Ravi Duarte,2025-08-16 03:01:00,noise
6395656527999,6392334677082,T375,13.4,Ravi Duarte,2025-08-16 10:01:12,noise
6395656527999,6391611816266,T375,24.9,Ravi Duarte,2025-08-16 23:29:14,noise
6395656527999,6391621634803,T757,7.0,Ravi Duarte,2025-08-15 02:20:06,noise
6395656527999,6393045592855,T757,24.2,Ravi Duarte,2025-08-14 11:06:33,noise
6395656527999,6393135045026,T375,20.3,Ravi Duarte,2025-08-13 19:28:15,noise
6395656527999,6392334677082,T757,26.6,Ravi Duarte,2025-08-13 01:09:50,noise
6395656527999,6393135045026,T375,16.6,Ravi Duarte,2025-08-13 18:20:32,noise
6395656527999,6392334677082,T375,18.1,Ravi Duarte,2025-08-12 19:22:35,noise
6395656527999,6393135045026,T375,18.0,Ravi Duarte,2025-08-12 12:11:47,noise
6395656527999,6392334677082,T757,48.6,Ravi Duarte,2025-08-11 03:14:57,noise
6395656527999,6392334677082,T375,30.0,Ravi Duarte,2025-08-11 17:08:18,noise
6395656527999,6393135045026,T757,7.0,Ravi Duarte,2025-08-10 16:01:57,noise
6395656527999,6395363927709,T375,9.7,Ravi Duarte,2025-08-09 11:07:25,noise
6395656527999,6392334677082,T375,15.2,Ravi Duarte,2025-08-09 02:24:28,noise
6395656527999,6392334677082,T757,21.1,Ravi Duarte,2025-08-08 16:20:43,noise
6395656527999,6392295700924,T375,50.1,Ravi Duarte,2025-08-07 08:04:31,noise
6395656527999,6397664580862,T375,8.4,Ravi Duarte,2025-08-06 21:29:25,noise
6395656527999,6395363927709,T375,38.9,Ravi Duarte,2025-08-06 10:11:53,noise
6395656527999,6396492957730,T375,10.7,Ravi Duarte,2025-08-05 17:17:13,noise
6395656527999,6397588030313,T757,19.4,Ravi Duarte,2025-08-05 19:04:01,noise
6395656527999,6393135045026,T375,5.2,Ravi Duarte,2025-08-04 20:29:53,noise
6391841771012,6397364632100,T958,10.0,Xin ElSayed,2025-10-18 08:22:55,noise
6391841771012,6393493304331,T958,25.8,Xin ElSayed,2025-10-18 10:20:13,noise
6391841771012,6395726944755,T958,98.8,Xin ElSayed,2025-10-17 03:24:00,noise
6391841771012,6397235532708,T958,27.7,Xin ElSayed,2025-10-17 01:22:19,noise
6391841771012,6399259551176,T958,4.0,Xin ElSayed,2025-10-17 03:23:29,noise
6391841771012,6393493304331,T958,15.5,Xin ElSayed,2025-10-16 11:13:42,noise
6391841771012,6392779062252,T935,14.1,Xin ElSayed,2025-10-16 17:06:00,noise
6391841771012,6392779062252,T958,12.5,Xin ElSayed,2025-10-16 14:15:18,noise
6391841771012,6395656527999,T935,14.7,Xin ElSayed,2025-10-15 10:16:41,noise
6391841771012,6397197783416,T958,8.1,Xin ElSayed,2025-10-14 11:11:58,noise
6391841771012,6392779062252,T958,25.2,Xin ElSayed,2025-10-14 11:30:59,noise
6391841771012,6393493304331,T935,8.2,Xin ElSayed,2025-10-13 08:23:02,noise
6391841771012,6393794997179,T935,18.7,Xin ElSayed,2025-10-13 18:21:19,noise
6391841771012,6395726944755,T935,16.9,Xin ElSayed,2025-10-12 18:14:34,noise
6391841771012,6393493304331,T958,30.4,Xin ElSayed,2025-10-11 08:01:28,noise
6391841771012,6392779062252,T935,27.1,Xin ElSayed,2025-10-11 19:01:24,noise
6391841771012,6395978599202,T958,35.0,Xin ElSayed,2025-10-10 10:07:32,noise
6391841771012,6393493304331,T958,6.2,Xin ElSayed,2025-10-10 15:16:21,noise
6391841771012,6393859907578,T935,6.7,Xin ElSayed,2025-10-09 17:08:23,noise
6391841771012,6393493304331,T958,10.7,Xin ElSayed,2025-10-08 03:14:37,noise
6391841771012,6396631526248,T935,11.2,Xin ElSayed,2025-10-08 04:26:57,noise
6391841771012,6398491189169,T958,24.2,Xin ElSayed,2025-10-07 16:21:04,noise
6391841771012,6397209902585,T958,19.5,Xin ElSayed,2025-10-07 11:29:18,noise
6391841771012,6393493304331,T935,34.0,Xin ElSayed,2025-10-07 14:01:36,noise
6391841771012,6392779062252,T958,40.7,Xin ElSayed,2025-10-06 18:29:02,noise
6391841771012,6397209902585,T935,42.1,Xin ElSayed,2025-10-05 19:24:39,noise
6391841771012,6393493304331,T958,10.2,Xin ElSayed,2025-10-05 14:04:25,noise
6391841771012,6396892073434,T958,11.9,Xin ElSayed,2025-10-04 20:03:18,noise
6391841771012,6393493304331,T958,26.4,Xin ElSayed,2025-10-03 22:25:38,noise
6391841771012,6393493304331,T958,15.6,Xin ElSayed,2025-10-03 20:02:12,noise
6391841771012,6392779062252,T958,21.6,Xin ElSayed,2025-10-02 11:01:47,noise
6391841771012,6397209902585,T958,11.1,Xin ElSayed,2025-10-02 18:16:50,noise
6391841771012,6397652242448,T935,8.1,Xin ElSayed,2025-10-01 13:16:58,noise
6391841771012,6392779062252,T958,53.9,Xin ElSayed,2025-10-01 11:26:06,noise
6391841771012,6392295700924,T958,17.9,Xin ElSayed,2025-09-30 14:14:39,noise
6391841771012,6397209902585,T958,14.7,Xin ElSayed,2025-09-30 19:10:21,noise
6391841771012,6393507307642,T958,14.3,Xin ElSayed,2025-09-29 03:21:34,noise
6391841771012,6392779062252,T935,6.0,Xin ElSayed,2025-09-29 08:10:09,noise
6391841771012,6395082508928,T935,4.4,Xin ElSayed,2025-09-28 12:01:00,noise
6391841771012,6395726944755,T935,23.1,Xin ElSayed,2025-09-28 03:28:47,noise
6391841771012,6397209902585,T958,13.9,Xin ElSayed,2025-09-28 16:13:42,noise
6391841771012,6398491189169,T935,12.1,Xin ElSayed,2025-09-27 19:25:38,noise
6391841771012,6393493304331,T935,16.0,Xin ElSayed,2025-09-27 12:02:00,noise
6391841771012,6397209902585,T935,47.6,Xin ElSayed,2025-09-27 18:00:04,noise
6391841771012,6397209902585,T958,15.3,Xin ElSayed,2025-09-26 17:25:45,noise
6391841771012,6397588030313,T958,8.5,Xin ElSayed,2025-09-26 10:19:53,noise
6391841771012,6392779062252,T958,3.3,Xin ElSayed,2025-09-25 17:25:44,noise
6391841771012,6393493304331,T958,17.6,Xin ElSayed,2025-09-24 14:25:12,noise
6391841771012,6398445554732,T958,34.0,Xin ElSayed,2025-09-24 16:14:13,noise
6391841771012,6391937582998,T958,12.0,Xin ElSayed,2025-09-23 09:16:11,noise
6391841771012,6392779062252,T958,7.4,Xin ElSayed,2025-09-23 20:00:53,noise
6391841771012,6393493304331,T935,10.2,Xin ElSayed,2025-09-23 17:29:23,noise
6391841771012,6397209902585,T958,16.6,Xin ElSayed,2025-09-22 09:24:28,noise
6391841771012,6396492957730,T958,28.5,Xin ElSayed,2025-09-22 04:22:58,noise
6391841771012,6393493304331,T958,21.7,Xin ElSayed,2025-09-21 12:13:26,noise
6391841771012,6397209902585,T935,26.1,Xin ElSayed,2025-09-20 15:04:15,noise
6391841771012,6394048553499,T958,5.2,Xin ElSayed,2025-09-20 10:07:08,noise
6391841771012,6397364632100,T958,34.6,Xin ElSayed,2025-09-19 17:21:57,noise
6391841771012,6392779062252,T958,37.9,Xin ElSayed,2025-09-19 18:12:58,noise
6391841771012,6391575752536,T935,36.6,Xin ElSayed,2025-09-19 15:11:08,noise
6391841771012,6396227547092,T958,11.9,Xin ElSayed,2025-09-18 14:29:24,noise
6391841771012,6394779148527,T958,21.2,Xin ElSayed,2025-09-18 17:30:04,noise
6391841771012,6399979024610,T958,23.8,Xin ElSayed,2025-09-17 19:21:12,noise
6391841771012,6393493304331,T958,32.5,Xin ElSayed,2025-09-17 12:28:36,noise
6391841771012,6392779062252,T958,5.8,Xin ElSayed,2025-09-16 12:18:55,noise
6391841771012,6397209902585,T958,12.4,Xin ElSayed,2025-09-15 20:25:44,noise
6391841771012,6397906422409,T958,34.4,Xin ElSayed,2025-09-15 15:00:08,noise
6391841771012,6395778639223,T958,14.7,Xin ElSayed,2025-09-15 20:06:34,noise
6391841771012,6392779062252,T958,21.4,Xin ElSayed,2025-09-14 15:21:30,noise
6391841771012,6392779062252,T958,9.9,Xin ElSayed,2025-09-14 16:20:03,noise
6391841771012,6391937903040,T935,24.3,Xin ElSayed,2025-09-13 22:17:14,noise
6391841771012,6392779062252,T958,10.8,Xin ElSayed,2025-09-13 11:24:03,noise
6391841771012,6393493304331,T958,6.7,Xin ElSayed,2025-09-13 09:13:38,noise
6391841771012,6393493304331,T958,23.7,Xin ElSayed,2025-09-12 19:00:31,noise
6391841771012,6392885325965,T958,28.9,Xin ElSayed,2025-09-12 20:10:58,noise
6391841771012,6396181402712,T935,13.6,Xin ElSayed,2025-09-11 16:06:33,noise
6391841771012,6397209902585,T958,19.5,Xin ElSayed,2025-09-11 18:30:29,noise
6391841771012,6393975769123,T958,14.6,Xin ElSayed,2025-09-10 22:05:08,noise
6391841771012,6398732852032,T935,31.5,Xin ElSayed,2025-09-10 13:30:30,noise
6391841771012,6393493304331,T958,19.6,Xin ElSayed,2025-09-09 16:28:50,noise
6391841771012,6397209902585,T935,23.2,Xin ElSayed,2025-09-09 14:03:24,noise
6391841771012,6392779062252,T958,10.6,Xin ElSayed,2025-09-08 15:12:12,noise
6391841771012,6397209902585,T935,37.4,Xin ElSayed,2025-09-07 23:02:25,noise
6391841771012,6393493304331,T958,26.8,Xin ElSayed,2025-09-07 20:21:39,noise
6391841771012,6393541804755,T958,28.4,Xin ElSayed,2025-09-06 15:11:38,noise
6391841771012,6397209902585,T958,14.4,Xin ElSayed,2025-09-06 23:09:02,noise
6391841771012,6392779062252,T958,57.3,Xin ElSayed,2025-09-05 20:23:58,noise
6391841771012,6393493304331,T958,41.6,Xin ElSayed,2025-09-05 16:03:50,noise
6391841771012,6393493304331,T935,10.1,Xin ElSayed,2025-09-04 11:18:15,noise
6391841771012,6392779062252,T935,6.8,Xin ElSayed,2025-09-03 13:06:49,noise
6391841771012,6395255503056,T958,7.6,Xin ElSayed,2025-09-02 11:15:47,noise
6391841771012,6397209902585,T958,16.4,Xin ElSayed,2025-09-02 17:07:49,noise
6391841771012,6394882630315,T958,17.7,Xin ElSayed,2025-09-02 17:29:59,noise
6391841771012,6397209902585,T958,30.9,Xin ElSayed,2025-09-01 11:19:58,noise
6391841771012,6398491189169,T935,62.6,Xin ElSayed,2025-09-01 12:26:04,noise
6391841771012,6392334677082,T958,25.0,Xin ElSayed,2025-08-31 11:17:40,noise
6391841771012,6397209902585,T935,25.4,Xin ElSayed,2025-08-31 19:02:42,noise
6391841771012,6392779062252,T935,14.9,Xin ElSayed,2025-08-30 13:22:52,noise
6391841771012,6396468854276,T935,54.8,Xin ElSayed,2025-08-30 04:07:59,noise
6391841771012,6397209902585,T958,4.3,Xin ElSayed,2025-08-30 23:19:51,noise
6391841771012,6395255503056,T935,9.9,Xin ElSayed,2025-08-29 11:14:05,noise
6391841771012,6393859907578,T958,5.5,Xin ElSayed,2025-08-29 11:20:31,noise
6391841771012,6392779062252,T935,41.1,Xin ElSayed,2025-08-28 11:09:26,noise
6391841771012,6396693621506,T958,17.4,Xin ElSayed,2025-08-28 19:20:19,noise
6391841771012,6392779062252,T935,50.4,Xin ElSayed,2025-08-27 22:24:45,noise
6391841771012,6397209902585,T958,19.9,Xin ElSayed,2025-08-27 13:11:02,noise
6391841771012,6392779062252,T935,15.0,Xin ElSayed,2025-08-27 12:00:47,noise
6391841771012,6393794997179,T958,115.8,Xin ElSayed,2025-08-26 10:24:27,noise
6391841771012,6396518798247,T958,11.2,Xin ElSayed,2025-08-26 11:12:12,noise
6391841771012,6395975932913,T958,18.5,Xin ElSayed,2025-08-25 20:20:14,noise
6391841771012,6396423658378,T958,28.1,Xin ElSayed,2025-08-25 13:30:01,noise
6391841771012,6393493304331,T935,34.8,Xin ElSayed,2025-08-25 19:00:57,noise
6391841771012,6393493304331,T958,15.8,Xin ElSayed,2025-08-24 08:01:32,noise
6391841771012,6397209902585,T958,17.8,Xin ElSayed,2025-08-23 12:12:21,noise
6391841771012,6395122083064,T958,9.0,Xin ElSayed,2025-08-22 13:26:52,noise
6391841771012,6392779062252,T935,35.9,Xin ElSayed,2025-08-22 08:24:59,noise
6391841771012,6393493304331,T958,24.5,Xin ElSayed,2025-08-21 11:03:39,noise
6391841771012,6398732852032,T958,33.9,Xin ElSayed,2025-08-20 15:18:45,noise
6391841771012,6393493304331,T958,11.8,Xin ElSayed,2025-08-20 18:06:23,noise
6391841771012,6393493304331,T935,11.9,Xin ElSayed,2025-08-20 12:12:02,noise
6391841771012,6393493304331,T958,35.8,Xin ElSayed,2025-08-19 19:22:44,noise
6391841771012,6397274004764,T958,11.1,Xin ElSayed,2025-08-19 14:02:26,noise
6391841771012,6399979024610,T958,13.0,Xin ElSayed,2025-08-18 09:18:44,noise
6391841771012,6392779062252,T958,15.2,Xin ElSayed,2025-08-18 08:03:49,noise
6391841771012,6397209902585,T958,4.3,Xin ElSayed,2025-08-17 15:17:04,noise
6391841771012,6393493304331,T935,7.5,Xin ElSayed,2025-08-17 10:18:14,noise
6391841771012,6396492957730,T958,28.1,Xin ElSayed,2025-08-16 23:28:35,noise
6391841771012,6396033004999,T935,2.2,Xin ElSayed,2025-08-15 22:11:41,noise
6391841771012,6392779062252,T935,31.2,Xin ElSayed,2025-08-15 12:02:32,noise
6391841771012,6392779062252,T935,64.4,Xin ElSayed,2025-08-15 20:22:46,noise
6391841771012,6399856589429,T958,3.3,Xin ElSayed,2025-08-14 18:04:42,noise
6391841771012,6397209902585,T958,50.8,Xin ElSayed,2025-08-14 11:22:59,noise
6391841771012,6392779062252,T935,36.8,Xin ElSayed,2025-08-14 11:10:29,noise
6391841771012,6393493304331,T935,14.9,Xin ElSayed,2025-08-13 13:17:46,noise
6391841771012,6397209902585,T958,9.5,Xin ElSayed,2025-08-13 20:04:49,noise
6391841771012,6397209902585,T958,14.4,Xin ElSayed,2025-08-12 12:17:21,noise
6391841771012,6395726944755,T958,80.4,Xin ElSayed,2025-08-11 23:19:16,noise
6391841771012,6392779062252,T935,22.1,Xin ElSayed,2025-08-10 19:24:08,noise
6391841771012,6396743661793,T958,9.7,Xin ElSayed,2025-08-10 20:19:11,noise
6391841771012,6393507307642,T958,9.7,Xin ElSayed,2025-08-09 15:20:39,noise
6391841771012,6393493304331,T958,2.5,Xin ElSayed,2025-08-09 09:22:15,noise
6391841771012,6392779062252,T958,25.0,Xin ElSayed,2025-08-08 16:07:34,noise
6391841771012,6392779062252,T958,4.4,Xin ElSayed,2025-08-08 15:12:32,noise
6391841771012,6392779062252,T935,15.8,Xin ElSayed,2025-08-07 19:23:34,noise
6391841771012,6393493304331,T935,7.8,Xin ElSayed,2025-08-06 09:19:33,noise
6391841771012,6393493304331,T935,15.4,Xin ElSayed,2025-08-06 13:11:08,noise
6391841771012,6397636641248,T958,8.8,Xin ElSayed,2025-08-06 11:15:32,noise
6391841771012,6397209902585,T935,16.8,Xin ElSayed,2025-08-05 23:22:10,noise
6391841771012,6393493304331,T958,12.6,Xin ElSayed,2025-08-05 08:20:05,noise
6391841771012,6394779148527,T958,5.2,Xin ElSayed,2025-08-04 22:14:09,noise
6391841771012,6393493304331,T958,13.4,Xin ElSayed,2025-08-04 17:00:58,noise
6391841771012,6391757381529,T958,9.2,Xin ElSayed,2025-08-04 05:23:50,noise
6392795791102,6394841742270,T913,35.1,Victor ElSayed,2025-10-18 17:28:49,noise
6392795791102,6394264279208,T196,7.5,Victor ElSayed,2025-10-18 12:07:04,noise
6392795791102,6398761443795,T196,26.4,Victor ElSayed,2025-10-17 08:21:47,noise
6392795791102,6398761443795,T913,36.2,Victor ElSayed,2025-10-17 17:10:31,noise
6392795791102,6394264279208,T196,13.9,Victor ElSayed,2025-10-16 17:00:20,noise
6392795791102,6394264279208,T196,47.5,Victor ElSayed,2025-10-15 17:13:31,noise
6392795791102,6391621634803,T913,25.2,Victor ElSayed,2025-10-15 11:14:46,noise
6392795791102,6394264279208,T196,11.5,Victor ElSayed,2025-10-14 15:25:16,noise
6392795791102,6398761443795,T913,11.0,Victor ElSayed,2025-10-14 12:00:48,noise
6392795791102,6391757381529,T196,25.8,Victor ElSayed,2025-10-13 15:24:46,noise
6392795791102,6394264279208,T913,11.8,Victor ElSayed,2025-10-13 11:18:10,noise
6392795791102,6397209902585,T913,44.8,Victor ElSayed,2025-10-13 19:00:09,noise
6392795791102,6395978599202,T196,27.1,Victor ElSayed,2025-10-12 22:27:44,noise
6392795791102,6391621634803,T196,16.3,Victor ElSayed,2025-10-12 13:05:17,noise
6392795791102,6391657761801,T913,6.7,Victor ElSayed,2025-10-11 17:20:59,noise
6392795791102,6391621634803,T196,5.5,Victor ElSayed,2025-10-11 13:14:06,noise
6392795791102,6394264279208,T196,18.9,Victor ElSayed,2025-10-11 19:21:48,noise
6392795791102,6394264279208,T196,55.5,Victor ElSayed,2025-10-10 14:22:59,noise
6392795791102,6394264279208,T913,9.1,Victor ElSayed,2025-10-10 22:13:58,noise
6392795791102,6391621634803,T196,11.5,Victor ElSayed,2025-10-09 14:17:35,noise
6392795791102,6391621634803,T196,20.7,Victor ElSayed,2025-10-09 16:08:29,noise
6392795791102,6394264279208,T196,59.8,Victor ElSayed,2025-10-08 01:21:17,noise
6392795791102,6398761443795,T196,25.1,Victor ElSayed,2025-10-08 15:13:30,noise
6392795791102,6391053669235,T913,13.8,Victor ElSayed,2025-10-07 12:10:59,noise
6392795791102,6391621634803,T196,12.8,Victor ElSayed,2025-10-07 20:23:44,noise
6392795791102,6396607099917,T196,19.3,Victor ElSayed,2025-10-06 18:10:04,noise
6392795791102,6398761443795,T196,26.1,Victor ElSayed,2025-10-06 22:05:59,noise
6392795791102,6394264279208,T196,41.4,Victor ElSayed,2025-10-05 09:02:32,noise
6392795791102,6391937582998,T196,7.4,Victor ElSayed,2025-10-05 21:25:14,noise
6392795791102,6396927514387,T196,15.2,Victor ElSayed,2025-10-04 17:14:17,noise
6392795791102,6398906791192,T196,41.8,Victor ElSayed,2025-10-04 01:17:45,noise
6392795791102,6391621634803,T913,21.4,Victor ElSayed,2025-10-04 19:23:03,noise
6392795791102,6393794997179,T913,41.4,Victor ElSayed,2025-10-03 20:04:38,noise
6392795791102,6396631526248,T196,13.6,Victor ElSayed,2025-10-02 10:13:54,noise
6392795791102,6395726944755,T913,21.9,Victor ElSayed,2025-10-02 01:27:47,noise
6392795791102,6391621634803,T196,31.3,Victor ElSayed,2025-10-01 20:30:53,noise
6392795791102,6391621634803,T196,7.2,Victor ElSayed,2025-10-01 22:12:03,noise
6392795791102,6394264279208,T196,7.1,Victor ElSayed,2025-09-30 05:22:31,noise
6392795791102,6394264279208,T913,29.0,Victor ElSayed,2025-09-29 11:07:07,noise
6392795791102,6391621634803,T196,29.2,Victor ElSayed,2025-09-29 22:10:57,noise
6392795791102,6394264279208,T913,9.5,Victor ElSayed,2025-09-28 09:15:37,noise
6392795791102,6394264279208,T913,4.9,Victor ElSayed,2025-09-28 09:16:33,noise
6392795791102,6394264279208,T196,17.0,Victor ElSayed,2025-09-27 20:03:51,noise
6392795791102,6392779062252,T196,9.4,Victor ElSayed,2025-09-27 04:10:57,noise
6392795791102,6391621634803,T913,9.6,Victor ElSayed,2025-09-26 09:27:07,noise
6392795791102,6399979024610,T196,27.8,Victor ElSayed,2025-09-26 00:16:59,noise
6392795791102,6398491189169,T196,14.1,Victor ElSayed,2025-09-26 09:25:49,noise
6392795791102,6398761443795,T913,5.1,Victor ElSayed,2025-09-25 01:11:20,noise
6392795791102,6395122083064,T913,17.3,Victor ElSayed,2025-09-25 02:10:35,noise
6392795791102,6398761443795,T196,12.7,Victor ElSayed,2025-09-25 15:20:09,noise
6392795791102,6391621634803,T196,46.3,Victor ElSayed,2025-09-24 17:22:08,noise
6392795791102,6395082508928,T196,10.3,Victor ElSayed,2025-09-24 01:06:53,noise
6392795791102,6393794997179,T196,11.1,Victor ElSayed,2025-09-24 14:01:24,noise
6392795791102,6391621634803,T196,8.0,Victor ElSayed,2025-09-23 10:00:48,noise
6392795791102,6397652242448,T196,29.2,Victor ElSayed,2025-09-23 15:13:39,noise
6392795791102,6391621634803,T913,6.8,Victor ElSayed,2025-09-22 08:20:57,noise
6392795791102,6398761443795,T196,16.4,Victor ElSayed,2025-09-22 11:22:32,noise
6392795791102,6392295700924,T913,6.0,Victor ElSayed,2025-09-21 10:07:52,noise
6392795791102,6396859651169,T913,14.8,Victor ElSayed,2025-09-21 19:23:45,noise
6392795791102,6394264279208,T913,10.6,Victor ElSayed,2025-09-21 10:11:32,noise
6392795791102,6398761443795,T196,5.9,Victor ElSayed,2025-09-20 16:00:59,noise
6392795791102,6395913076726,T913,9.8,Victor ElSayed,2025-09-20 17:25:51,noise
6392795791102,6394272648738,T196,14.0,Victor ElSayed,2025-09-20 15:11:00,noise
6392795791102,6391621634803,T913,34.8,Victor ElSayed,2025-09-19 19:18:39,noise
6392795791102,6394264279208,T913,14.6,Victor ElSayed,2025-09-19 12:19:11,noise
6392795791102,6391611816266,T196,15.8,Victor ElSayed,2025-09-18 09:08:06,noise
6392795791102,6391621634803,T196,15.2,Victor ElSayed,2025-09-17 18:09:07,noise
6392795791102,6395726944755,T196,5.5,Victor ElSayed,2025-09-17 19:04:16,noise
6392795791102,6394264279208,T196,8.5,Victor ElSayed,2025-09-17 23:13:31,noise
6392795791102,6398761443795,T196,54.1,Victor ElSayed,2025-09-16 21:06:25,noise
6392795791102,6391621634803,T196,17.1,Victor ElSayed,2025-09-15 20:05:55,noise
6392795791102,6391621634803,T196,19.6,Victor ElSayed,2025-09-15 20:12:18,noise
6392795791102,6391621634803,T913,9.2,Victor ElSayed,2025-09-14 17:15:54,noise
6392795791102,6391621634803,T913,21.9,Victor ElSayed,2025-09-14 10:08:55,noise
6392795791102,6393794997179,T196,7.0,Victor ElSayed,2025-09-14 13:22:20,noise
6392795791102,6398761443795,T913,7.9,Victor ElSayed,2025-09-13 17:12:54,noise
6392795791102,6398732852032,T913,30.1,Victor ElSayed,2025-09-13 10:04:40,noise
6392795791102,6398761443795,T196,7.3,Victor ElSayed,2025-09-12 09:02:26,noise
6392795791102,6391657761801,T913,13.4,Victor ElSayed,2025-09-12 16:19:19,noise
6392795791102,6391621634803,T196,8.0,Victor ElSayed,2025-09-11 18:08:07,noise
6392795791102,6397652242448,T196,18.4,Victor ElSayed,2025-09-11 14:17:33,noise
6392795791102,6398761443795,T196,16.2,Victor ElSayed,2025-09-10 08:05:00,noise
6392795791102,6399924544312,T196,10.4,Victor ElSayed,2025-09-10 15:16:09,noise
6392795791102,6397235532708,T913,18.8,Victor ElSayed,2025-09-10 21:04:05,noise
6392795791102,6391621634803,T913,10.2,Victor ElSayed,2025-09-09 16:26:01,noise
6392795791102,6396681820773,T196,21.7,Victor ElSayed,2025-09-09 05:11:49,noise
6392795791102,6394264279208,T913,7.5,Victor ElSayed,2025-09-09 19:01:45,noise
6392795791102,6393723821869,T196,12.0,Victor ElSayed,2025-09-08 17:27:03,noise
6392795791102,6399259551176,T196,10.0,Victor ElSayed,2025-09-08 10:28:47,noise
6392795791102,6395975932913,T196,25.8,Victor ElSayed,2025-09-08 17:28:57,noise
6392795791102,6398761443795,T196,9.2,Victor ElSayed,2025-09-07 15:09:00,noise
6392795791102,6398761443795,T913,10.0,Victor ElSayed,2025-09-07 09:24:22,noise
6392795791102,6391621634803,T913,12.4,Victor ElSayed,2025-09-06 11:16:48,noise
6392795791102,6394264279208,T196,41.1,Victor ElSayed,2025-09-05 10:06:52,noise
6392795791102,6392085020554,T196,8.7,Victor ElSayed,2025-09-05 14:29:28,noise
6392795791102,6395656527999,T196,7.4,Victor ElSayed,2025-09-04 14:02:16,noise
6392795791102,6391621634803,T196,6.1,Victor ElSayed,2025-09-04 03:03:06,noise
6392795791102,6391657761801,T196,9.0,Victor ElSayed,2025-09-03 05:07:20,noise
6392795791102,6398906791192,T196,8.7,Victor ElSayed,2025-09-03 13:20:06,noise
6392795791102,6391194839118,T196,14.8,Victor ElSayed,2025-09-02 17:15:32,noise
6392795791102,6398761443795,T196,39.4,Victor ElSayed,2025-09-02 08:28:05,noise
6392795791102,6397844655371,T196,19.3,Victor ElSayed,2025-09-01 10:01:16,noise
6392795791102,6395363927709,T196,16.9,Victor ElSayed,2025-09-01 15:14:57,noise
6392795791102,6394264279208,T196,7.2,Victor ElSayed,2025-08-31 11:19:05,noise
6392795791102,6391621634803,T196,4.7,Victor ElSayed,2025-08-31 15:14:46,noise
6392795791102,6399617100710,T196,13.8,Victor ElSayed,2025-08-31 08:29:32,noise
6392795791102,6398761443795,T913,41.3,Victor ElSayed,2025-08-30 08:15:12,noise
6392795791102,6396693621506,T913,13.4,Victor ElSayed,2025-08-30 16:18:06,noise
6392795791102,6394264279208,T196,21.9,Victor ElSayed,2025-08-30 12:15:39,noise
6392795791102,6396978132661,T196,22.9,Victor ElSayed,2025-08-29 11:07:51,noise
6392795791102,6399979024610,T196,21.8,Victor ElSayed,2025-08-29 16:30:42,noise
6392795791102,6391621634803,T913,84.0,Victor ElSayed,2025-08-28 19:25:04,noise
6392795791102,6394264279208,T196,5.2,Victor ElSayed,2025-08-28 18:18:11,noise
6392795791102,6398761443795,T913,30.6,Victor ElSayed,2025-08-28 18:11:58,noise
6392795791102,6394264279208,T913,27.7,Victor ElSayed,2025-08-27 18:08:20,noise
6392795791102,6394264279208,T196,8.5,Victor ElSayed,2025-08-26 16:18:03,noise
6392795791102,6397274004764,T196,7.3,Victor ElSayed,2025-08-26 10:23:45,noise
6392795791102,6394264279208,T196,40.6,Victor ElSayed,2025-08-25 04:00:43,noise
6392795791102,6391621634803,T196,13.7,Victor ElSayed,2025-08-25 14:03:02,noise
6392795791102,6399165981131,T913,12.4,Victor ElSayed,2025-08-25 15:13:08,noise
6392795791102,6394779148527,T196,50.7,Victor ElSayed,2025-08-24 09:15:46,noise
6392795791102,6391621634803,T196,22.6,Victor ElSayed,2025-08-24 13:29:01,noise
6392795791102,6395455137652,T196,15.8,Victor ElSayed,2025-08-24 17:13:05,noise
6392795791102,6398761443795,T196,31.2,Victor ElSayed,2025-08-23 11:09:59,noise
6392795791102,6391621634803,T196,57.7,Victor ElSayed,2025-08-23 04:25:05,noise
6392795791102,6398761443795,T913,22.8,Victor ElSayed,2025-08-22 20:10:50,noise
6392795791102,6391621634803,T913,14.2,Victor ElSayed,2025-08-22 19:04:27,noise
6392795791102,6394264279208,T196,10.8,Victor ElSayed,2025-08-21 19:30:42,noise
6392795791102,6391621634803,T913,30.0,Victor ElSayed,2025-08-21 22:14:44,noise
6392795791102,6391621634803,T913,29.3,Victor ElSayed,2025-08-21 09:18:13,noise
6392795791102,6391621634803,T913,16.3,Victor ElSayed,2025-08-20 15:24:30,noise
6392795791102,6391621634803,T196,36.3,Victor ElSayed,2025-08-19 14:23:55,noise
6392795791102,6399496417009,T196,38.4,Victor ElSayed,2025-08-19 03:05:39,noise
6392795791102,6394264279208,T913,23.4,Victor ElSayed,2025-08-18 17:13:33,noise
6392795791102,6398761443795,T913,22.8,Victor ElSayed,2025-08-17 22:07:24,noise
6392795791102,6394882630315,T913,12.4,Victor ElSayed,2025-08-16 13:22:13,noise
6392795791102,6397792731200,T913,29.8,Victor ElSayed,2025-08-16 02:23:43,noise
6392795791102,6393951377482,T913,33.8,Victor ElSayed,2025-08-15 22:27:00,noise
6392795791102,6394264279208,T196,34.0,Victor ElSayed,2025-08-15 00:17:48,noise
6392795791102,6396033004999,T913,36.3,Victor ElSayed,2025-08-14 18:10:03,noise
6392795791102,6392059565366,T196,21.0,Victor ElSayed,2025-08-14 18:11:12,noise
6392795791102,6394264279208,T913,50.9,Victor ElSayed,2025-08-13 11:13:09,noise
6392795791102,6393951377482,T196,8.5,Victor ElSayed,2025-08-13 10:06:22,noise
6392795791102,6391621634803,T913,6.4,Victor ElSayed,2025-08-12 23:02:03,noise
6392795791102,6398761443795,T913,15.0,Victor ElSayed,2025-08-12 13:21:52,noise
6392795791102,6396468854276,T913,47.6,Victor ElSayed,2025-08-12 09:25:55,noise
6392795791102,6391621634803,T196,9.2,Victor ElSayed,2025-08-11 16:21:48,noise
6392795791102,6398761443795,T913,8.0,Victor ElSayed,2025-08-11 08:07:23,noise
6392795791102,6391621634803,T196,11.9,Victor ElSayed,2025-08-10 11:24:56,noise
6392795791102,6391621634803,T913,17.8,Victor ElSayed,2025-08-10 17:10:30,noise
6392795791102,6398761443795,T196,12.5,Victor ElSayed,2025-08-09 11:00:12,noise
6392795791102,6391621634803,T913,8.6,Victor ElSayed,2025-08-09 14:19:25,noise
6392795791102,6398761443795,T196,8.5,Victor ElSayed,2025-08-08 14:10:34,noise
6392795791102,6391621634803,T913,106.3,Victor ElSayed,2025-08-07 16:11:26,noise
6392795791102,6393951377482,T196,22.8,Victor ElSayed,2025-08-07 13:13:47,noise
6392795791102,6392795791102,T913,5.3,Victor ElSayed,2025-08-07 15:23:17,noise
6392795791102,6398761443795,T196,9.6,Victor ElSayed,2025-08-06 14:02:29,noise
6392795791102,6391621634803,T196,18.5,Victor ElSayed,2025-08-06 17:27:09,noise
6392795791102,6393561104962,T196,11.8,Victor ElSayed,2025-08-06 16:08:35,noise
6392795791102,6391621634803,T196,140.7,Victor ElSayed,2025-08-05 10:04:27,noise
6392795791102,6394264279208,T196,29.9,Victor ElSayed,2025-08-05 15:30:31,noise
6392795791102,6394264279208,T196,4.1,Victor ElSayed,2025-08-05 14:00:17,noise
6392795791102,6394264279208,T196,6.8,Victor ElSayed,2025-08-04 21:14:02,noise
6392795791102,6398391305137,T913,15.0,Victor ElSayed,2025-08-04 09:24:26,noise
6392795791102,6397364632100,T196,15.6,Victor ElSayed,2025-08-04 19:18:13,noise
6391194839118,6392523182756,T119,1.9,Ava Okafor,2025-10-18 03:15:26,noise
6391194839118,6392523182756,T119,26.8,Ava Okafor,2025-10-18 09:01:41,noise
6391194839118,6393975769123,T117,18.6,Ava Okafor,2025-10-17 14:10:56,noise
6391194839118,6395455137652,T119,12.3,Ava Okafor,2025-10-17 19:06:38,noise
6391194839118,6393975769123,T117,19.7,Ava Okafor,2025-10-17 11:27:24,noise
6391194839118,6396956928083,T117,32.7,Ava Okafor,2025-10-16 09:15:55,noise
6391194839118,6391611816266,T119,14.0,Ava Okafor,2025-10-16 11:13:55,noise
6391194839118,6396227547092,T119,6.4,Ava Okafor,2025-10-15 14:14:40,noise
6391194839118,6394779148527,T119,15.0,Ava Okafor,2025-10-14 10:08:38,noise
6391194839118,6396441529079,T117,8.7,Ava Okafor,2025-10-14 12:05:38,noise
6391194839118,6397235532708,T117,67.5,Ava Okafor,2025-10-14 17:01:51,noise
6391194839118,6392523182756,T117,13.4,Ava Okafor,2025-10-13 17:02:44,noise
6391194839118,6395455137652,T117,12.2,Ava Okafor,2025-10-12 13:06:03,noise
6391194839118,6393975769123,T119,13.6,Ava Okafor,2025-10-12 17:30:58,noise
6391194839118,6392523182756,T119,10.5,Ava Okafor,2025-10-12 17:23:04,noise
6391194839118,6393975769123,T117,57.2,Ava Okafor,2025-10-11 10:29:16,noise
6391194839118,6397274004764,T117,10.0,Ava Okafor,2025-10-11 09:04:30,noise
6391194839118,6396227547092,T117,51.7,Ava Okafor,2025-10-10 18:30:59,noise
6391194839118,6392523182756,T119,62.1,Ava Okafor,2025-10-10 12:00:44,noise
6391194839118,6397274004764,T119,27.8,Ava Okafor,2025-10-10 16:16:50,noise
6391194839118,6393975769123,T119,7.6,Ava Okafor,2025-10-09 17:06:51,noise
6391194839118,6396227547092,T119,34.7,Ava Okafor,2025-10-09 02:26:25,noise
6391194839118,6396227547092,T117,6.6,Ava Okafor,2025-10-09 11:19:35,noise
6391194839118,6392523182756,T119,27.3,Ava Okafor,2025-10-08 15:03:01,noise
6391194839118,6396227547092,T119,4.7,Ava Okafor,2025-10-08 01:22:43,noise
6391194839118,6399924544312,T117,22.9,Ava Okafor,2025-10-08 15:14:43,noise
6391194839118,6392463613153,T117,13.4,Ava Okafor,2025-10-07 08:30:40,noise
6391194839118,6396227547092,T117,15.0,Ava Okafor,2025-10-06 12:06:02,noise
6391194839118,6392779062252,T117,23.8,Ava Okafor,2025-10-06 09:23:39,noise
6391194839118,6391053669235,T119,20.2,Ava Okafor,2025-10-05 08:03:28,noise
6391194839118,6396119144758,T117,12.7,Ava Okafor,2025-10-05 15:21:03,noise
6391194839118,6392523182756,T119,8.9,Ava Okafor,2025-10-05 11:26:19,noise
6391194839118,6393507307642,T117,43.5,Ava Okafor,2025-10-04 17:02:46,noise
6391194839118,6396227547092,T119,49.5,Ava Okafor,2025-10-04 20:20:33,noise
6391194839118,6396227547092,T117,63.0,Ava Okafor,2025-10-03 18:03:18,noise
6391194839118,6393975769123,T119,24.3,Ava Okafor,2025-10-03 17:27:41,noise
6391194839118,6392085020554,T119,17.2,Ava Okafor,2025-10-03 16:12:40,noise
6391194839118,6392523182756,T119,23.5,Ava Okafor,2025-10-02 13:12:24,noise
6391194839118,6392523182756,T117,70.0,Ava Okafor,2025-10-02 17:25:53,noise
6391194839118,6393859907578,T117,24.2,Ava Okafor,2025-10-02 08:19:19,noise
6391194839118,6392059565366,T119,9.2,Ava Okafor,2025-10-01 13:29:53,noise
6391194839118,6392523182756,T119,11.9,Ava Okafor,2025-10-01 18:26:03,noise
6391194839118,6396227547092,T117,3.8,Ava Okafor,2025-09-30 15:22:10,noise
6391194839118,6396227547092,T119,15.3,Ava Okafor,2025-09-29 21:02:50,noise
6391194839118,6397316055758,T117,4.8,Ava Okafor,2025-09-29 11:09:14,noise
6391194839118,6393975769123,T119,22.5,Ava Okafor,2025-09-28 20:05:44,noise
6391194839118,6392523182756,T117,4.6,Ava Okafor,2025-09-28 09:04:54,noise
6391194839118,6396227547092,T117,13.5,Ava Okafor,2025-09-28 08:10:28,noise
6391194839118,6396227547092,T119,38.6,Ava Okafor,2025-09-27 19:25:16,noise
6391194839118,6392523182756,T117,46.9,Ava Okafor,2025-09-26 11:22:30,noise
6391194839118,6396227547092,T119,27.8,Ava Okafor,2025-09-26 09:09:00,noise
6391194839118,6397906422409,T117,8.4,Ava Okafor,2025-09-25 16:12:29,noise
6391194839118,6396227547092,T117,24.6,Ava Okafor,2025-09-25 11:19:10,noise
6391194839118,6392523182756,T117,7.2,Ava Okafor,2025-09-24 17:16:54,noise
6391194839118,6396227547092,T117,21.8,Ava Okafor,2025-09-24 23:02:33,noise
6391194839118,6396227547092,T117,11.7,Ava Okafor,2025-09-24 12:13:58,noise
6391194839118,6396227547092,T119,71.4,Ava Okafor,2025-09-23 13:28:36,noise
6391194839118,6398761443795,T117,19.0,Ava Okafor,2025-09-22 12:18:59,noise
6391194839118,6399165981131,T117,27.4,Ava Okafor,2025-09-21 19:13:38,noise
6391194839118,6396227547092,T117,12.4,Ava Okafor,2025-09-21 22:30:12,noise
6391194839118,6391575752536,T117,33.5,Ava Okafor,2025-09-21 18:27:31,noise
6391194839118,6396227547092,T119,28.1,Ava Okafor,2025-09-20 10:19:47,noise
6391194839118,6392052186148,T117,7.1,Ava Okafor,2025-09-19 18:24:25,noise
6391194839118,6391611816266,T119,10.6,Ava Okafor,2025-09-19 15:07:27,noise
6391194839118,6393975769123,T117,17.7,Ava Okafor,2025-09-19 14:00:14,noise
6391194839118,6395656527999,T119,16.2,Ava Okafor,2025-09-18 16:00:23,noise
6391194839118,6393975769123,T119,28.5,Ava Okafor,2025-09-18 04:11:23,noise
6391194839118,6399617100710,T119,41.2,Ava Okafor,2025-09-17 20:12:51,noise
6391194839118,6396227547092,T119,15.2,Ava Okafor,2025-09-16 17:04:35,noise
6391194839118,6393975769123,T117,14.2,Ava Okafor,2025-09-15 17:22:00,noise
6391194839118,6396095128059,T119,5.3,Ava Okafor,2025-09-15 11:26:56,noise
6391194839118,6393135045026,T119,25.2,Ava Okafor,2025-09-15 11:27:02,noise
6391194839118,6393975769123,T119,39.0,Ava Okafor,2025-09-14 17:05:56,noise
6391194839118,6392523182756,T119,9.8,Ava Okafor,2025-09-14 21:26:07,noise
6391194839118,6395975932913,T117,9.1,Ava Okafor,2025-09-13 16:09:39,noise
6391194839118,6396227547092,T119,20.5,Ava Okafor,2025-09-13 16:05:04,noise
6391194839118,6393975769123,T117,65.6,Ava Okafor,2025-09-13 11:02:29,noise
6391194839118,6399979024610,T117,15.2,Ava Okafor,2025-09-12 19:26:51,noise
6391194839118,6396227547092,T117,37.5,Ava Okafor,2025-09-12 12:26:05,noise
6391194839118,6392523182756,T119,9.4,Ava Okafor,2025-09-12 04:27:07,noise
6391194839118,6396227547092,T119,14.3,Ava Okafor,2025-09-11 15:14:57,noise
6391194839118,6395975932913,T119,20.8,Ava Okafor,2025-09-11 11:26:32,noise
6391194839118,6396227547092,T119,13.1,Ava Okafor,2025-09-10 18:01:05,noise
6391194839118,6396227547092,T119,14.1,Ava Okafor,2025-09-10 23:12:44,noise
6391194839118,6396227547092,T119,17.6,Ava Okafor,2025-09-09 16:22:06,noise
6391194839118,6392523182756,T117,10.8,Ava Okafor,2025-09-08 16:20:20,noise
6391194839118,6393794997179,T119,21.6,Ava Okafor,2025-09-08 14:30:53,noise
6391194839118,6397316055758,T117,27.6,Ava Okafor,2025-09-07 12:20:31,noise
6391194839118,6396227547092,T117,21.0,Ava Okafor,2025-09-07 15:14:41,noise
6391194839118,6392523182756,T119,8.9,Ava Okafor,2025-09-07 20:03:35,noise
6391194839118,6393975769123,T119,16.7,Ava Okafor,2025-09-06 21:24:00,noise
6391194839118,6392523182756,T119,6.0,Ava Okafor,2025-09-05 08:16:52,noise
6391194839118,6396227547092,T119,15.1,Ava Okafor,2025-09-05 11:25:57,noise
6391194839118,6392523182756,T119,18.2,Ava Okafor,2025-09-05 21:23:24,noise
6391194839118,6393975769123,T117,7.4,Ava Okafor,2025-09-04 19:21:35,noise
6391194839118,6392523182756,T119,8.4,Ava Okafor,2025-09-04 04:25:31,noise
6391194839118,6396227547092,T119,23.5,Ava Okafor,2025-09-03 12:21:21,noise
6391194839118,6396227547092,T119,16.9,Ava Okafor,2025-09-02 23:03:16,noise
6391194839118,6393975769123,T117,8.6,Ava Okafor,2025-09-01 16:18:50,noise
6391194839118,6392523182756,T117,8.4,Ava Okafor,2025-08-31 11:01:15,noise
6391194839118,6399856589429,T119,10.0,Ava Okafor,2025-08-31 15:06:52,noise
6391194839118,6392523182756,T117,29.4,Ava Okafor,2025-08-30 11:20:25,noise
6391194839118,6393975769123,T119,28.6,Ava Okafor,2025-08-30 13:27:13,noise
6391194839118,6396181402712,T119,46.5,Ava Okafor,2025-08-29 13:19:31,noise
6391194839118,6392523182756,T119,6.5,Ava Okafor,2025-08-29 22:15:02,noise
6391194839118,6392295700924,T119,21.0,Ava Okafor,2025-08-29 22:25:39,noise
6391194839118,6393859907578,T117,17.3,Ava Okafor,2025-08-28 09:30:55,noise
6391194839118,6396227547092,T119,14.1,Ava Okafor,2025-08-28 02:18:45,noise
6391194839118,6396227547092,T119,23.6,Ava Okafor,2025-08-28 10:12:55,noise
6391194839118,6396227547092,T117,15.0,Ava Okafor,2025-08-27 14:20:03,noise
6391194839118,6396227547092,T117,22.5,Ava Okafor,2025-08-26 05:21:14,noise
6391194839118,6392523182756,T119,34.5,Ava Okafor,2025-08-26 16:25:47,noise
6391194839118,6394779148527,T117,9.5,Ava Okafor,2025-08-26 22:10:11,noise
6391194839118,6392523182756,T117,11.7,Ava Okafor,2025-08-25 15:05:34,noise
6391194839118,6392523182756,T119,14.7,Ava Okafor,2025-08-24 19:29:44,noise
6391194839118,6393975769123,T119,14.6,Ava Okafor,2025-08-24 08:22:26,noise
6391194839118,6396227547092,T117,26.7,Ava Okafor,2025-08-24 19:07:17,noise
6391194839118,6396468854276,T117,11.5,Ava Okafor,2025-08-23 11:11:28,noise
6391194839118,6392523182756,T117,13.6,Ava Okafor,2025-08-22 13:03:08,noise
6391194839118,6391575752536,T119,17.9,Ava Okafor,2025-08-21 08:02:56,noise
6391194839118,6397235532708,T117,25.4,Ava Okafor,2025-08-20 16:11:40,noise
6391194839118,6394882630315,T119,16.8,Ava Okafor,2025-08-20 10:16:40,noise
6391194839118,6392295700924,T117,12.7,Ava Okafor,2025-08-19 22:04:05,noise
6391194839118,6392523182756,T117,4.9,Ava Okafor,2025-08-19 21:17:26,noise
6391194839118,6397792731200,T117,43.7,Ava Okafor,2025-08-18 22:20:51,noise
6391194839118,6392523182756,T119,16.1,Ava Okafor,2025-08-17 16:26:28,noise
6391194839118,6392523182756,T117,9.6,Ava Okafor,2025-08-17 09:05:01,noise
6391194839118,6392334677082,T119,12.9,Ava Okafor,2025-08-16 01:20:44,noise
6391194839118,6393975769123,T117,8.2,Ava Okafor,2025-08-16 16:03:33,noise
6391194839118,6393975769123,T119,26.7,Ava Okafor,2025-08-15 19:30:07,noise
6391194839118,6396227547092,T119,12.1,Ava Okafor,2025-08-15 13:09:56,noise
6391194839118,6391611816266,T117,8.3,Ava Okafor,2025-08-15 15:24:04,noise
6391194839118,6397008615813,T119,10.2,Ava Okafor,2025-08-14 15:02:26,noise
6391194839118,6396119144758,T117,35.8,Ava Okafor,2025-08-14 13:19:24,noise
6391194839118,6393975769123,T117,11.1,Ava Okafor,2025-08-13 17:28:48,noise
6391194839118,6397664580862,T117,23.8,Ava Okafor,2025-08-13 20:25:44,noise
6391194839118,6396227547092,T117,28.3,Ava Okafor,2025-08-12 22:28:56,noise
6391194839118,6396227547092,T117,22.2,Ava Okafor,2025-08-12 13:19:10,noise
6391194839118,6392523182756,T119,9.0,Ava Okafor,2025-08-12 11:00:30,noise
6391194839118,6393975769123,T119,38.3,Ava Okafor,2025-08-11 22:22:30,noise
6391194839118,6392523182756,T119,11.5,Ava Okafor,2025-08-11 10:26:24,noise
6391194839118,6393975769123,T119,12.9,Ava Okafor,2025-08-11 20:15:53,noise
6391194839118,6396423658378,T117,15.8,Ava Okafor,2025-08-10 18:02:30,noise
6391194839118,6392463613153,T119,3.0,Ava Okafor,2025-08-10 18:07:11,noise
6391194839118,6392885325965,T117,17.5,Ava Okafor,2025-08-10 18:29:42,noise
6391194839118,6391937582998,T119,19.6,Ava Okafor,2025-08-09 15:14:42,noise
6391194839118,6392724977358,T119,15.4,Ava Okafor,2025-08-09 12:13:00,noise
6391194839118,6392523182756,T117,39.7,Ava Okafor,2025-08-08 09:10:45,noise
6391194839118,6391053669235,T119,5.8,Ava Okafor,2025-08-07 19:14:19,noise
6391194839118,6392523182756,T119,9.7,Ava Okafor,2025-08-07 17:14:55,noise
6391194839118,6394882630315,T117,22.5,Ava Okafor,2025-08-06 19:21:18,noise
6391194839118,6396227547092,T117,22.5,Ava Okafor,2025-08-06 17:16:23,noise
6391194839118,6393975769123,T119,6.4,Ava Okafor,2025-08-05 10:11:25,noise
6391194839118,6398445554732,T119,38.7,Ava Okafor,2025-08-05 12:03:31,noise
6391194839118,6394841742270,T119,15.5,Ava Okafor,2025-08-04 02:08:38,noise
6396607099917,6395726944755,T809,35.3,Sara Unger,2025-10-18 12:03:02,noise
6396607099917,6396978132661,T691,18.6,Sara Unger,2025-10-18 17:20:58,noise
6396607099917,6396978132661,T809,17.8,Sara Unger,2025-10-17 16:02:56,noise
6396607099917,6396978132661,T691,8.8,Sara Unger,2025-10-17 09:21:46,noise
6396607099917,6393951377482,T809,27.7,Sara Unger,2025-10-16 10:23:28,noise
6396607099917,6392295700924,T691,20.5,Sara Unger,2025-10-16 00:25:49,noise
6396607099917,6392295700924,T691,7.1,Sara Unger,2025-10-15 17:01:22,noise
6396607099917,6396978132661,T809,55.6,Sara Unger,2025-10-15 21:10:49,noise
6396607099917,6396978132661,T809,18.3,Sara Unger,2025-10-14 20:19:38,noise
6396607099917,6391085319364,T809,22.9,Sara Unger,2025-10-14 10:20:14,noise
6396607099917,6391621634803,T809,13.3,Sara Unger,2025-10-13 16:27:32,noise
6396607099917,6396978132661,T809,10.7,Sara Unger,2025-10-13 08:03:08,noise
6396607099917,6391085319364,T691,4.1,Sara Unger,2025-10-12 22:06:54,noise
6396607099917,6392295700924,T809,35.1,Sara Unger,2025-10-12 23:07:05,noise
6396607099917,6391085319364,T809,79.6,Sara Unger,2025-10-11 10:24:48,noise
6396607099917,6396518798247,T691,22.1,Sara Unger,2025-10-10 09:21:38,noise
6396607099917,6397906422409,T809,22.8,Sara Unger,2025-10-09 19:22:09,noise
6396607099917,6391085319364,T809,37.3,Sara Unger,2025-10-09 12:16:06,noise
6396607099917,6391085319364,T809,8.1,Sara Unger,2025-10-09 05:04:21,noise
6396607099917,6392295700924,T809,12.2,Sara Unger,2025-10-08 09:05:55,noise
6396607099917,6396978132661,T691,20.5,Sara Unger,2025-10-07 09:07:18,noise
6396607099917,6396978132661,T809,15.3,Sara Unger,2025-10-07 20:08:53,noise
6396607099917,6391085319364,T809,20.0,Sara Unger,2025-10-06 12:29:24,noise
6396607099917,6392295700924,T809,41.2,Sara Unger,2025-10-05 09:19:07,noise
6396607099917,6396978132661,T809,34.7,Sara Unger,2025-10-05 09:06:02,noise
6396607099917,6392085020554,T809,9.7,Sara Unger,2025-10-04 10:13:59,noise
6396607099917,6395122083064,T809,12.0,Sara Unger,2025-10-04 12:09:45,noise
6396607099917,6391085319364,T691,8.0,Sara Unger,2025-10-03 14:20:22,noise
6396607099917,6391085319364,T809,36.8,Sara Unger,2025-10-03 08:09:44,noise
6396607099917,6398036705746,T809,3.2,Sara Unger,2025-10-02 09:22:33,noise
6396607099917,6392295700924,T809,13.9,Sara Unger,2025-10-02 20:20:03,noise
6396607099917,6396978132661,T809,5.6,Sara Unger,2025-10-01 22:30:22,noise
6396607099917,6391085319364,T809,19.8,Sara Unger,2025-09-30 19:23:35,noise
6396607099917,6392295700924,T809,43.6,Sara Unger,2025-09-30 19:06:41,noise
6396607099917,6397792731200,T809,8.0,Sara Unger,2025-09-30 09:20:53,noise
6396607099917,6394841742270,T809,7.6,Sara Unger,2025-09-29 16:28:03,noise
6396607099917,6398391305137,T809,10.3,Sara Unger,2025-09-28 17:11:03,noise
6396607099917,6392295700924,T809,21.7,Sara Unger,2025-09-28 16:03:23,noise
6396607099917,6391085319364,T691,11.3,Sara Unger,2025-09-27 18:11:19,noise
6396607099917,6394272648738,T691,9.3,Sara Unger,2025-09-27 15:00:02,noise
6396607099917,6396978132661,T691,5.6,Sara Unger,2025-09-26 21:24:11,noise
6396607099917,6396978132661,T809,16.0,Sara Unger,2025-09-25 19:25:34,noise
6396607099917,6391085319364,T809,31.0,Sara Unger,2025-09-25 19:17:23,noise
6396607099917,6396492957730,T809,44.7,Sara Unger,2025-09-25 11:11:31,noise
6396607099917,6396978132661,T691,23.1,Sara Unger,2025-09-24 08:21:40,noise
6396607099917,6392295700924,T691,20.4,Sara Unger,2025-09-24 15:16:02,noise
6396607099917,6393135045026,T691,12.3,Sara Unger,2025-09-23 10:15:44,noise
6396607099917,6393794997179,T809,15.8,Sara Unger,2025-09-22 10:25:29,noise
6396607099917,6396978132661,T691,9.0,Sara Unger,2025-09-22 10:12:34,noise
6396607099917,6392795791102,T809,17.1,Sara Unger,2025-09-21 04:22:55,noise
6396607099917,6395455137652,T691,60.3,Sara Unger,2025-09-21 23:10:31,noise
6396607099917,6391085319364,T691,5.8,Sara Unger,2025-09-20 20:14:35,noise
6396607099917,6396978132661,T809,40.7,Sara Unger,2025-09-20 09:26:45,noise
6396607099917,6392059565366,T809,19.3,Sara Unger,2025-09-20 18:05:14,noise
6396607099917,6395363927709,T691,29.0,Sara Unger,2025-09-19 19:24:47,noise
6396607099917,6391085319364,T809,24.5,Sara Unger,2025-09-19 11:03:04,noise
6396607099917,6391085319364,T809,24.3,Sara Unger,2025-09-19 12:17:47,noise
6396607099917,6391085319364,T691,20.4,Sara Unger,2025-09-18 13:26:48,noise
6396607099917,6396978132661,T809,7.6,Sara Unger,2025-09-18 08:28:11,noise
6396607099917,6391085319364,T809,3.0,Sara Unger,2025-09-18 10:25:03,noise
6396607099917,6392295700924,T809,16.6,Sara Unger,2025-09-17 17:25:38,noise
6396607099917,6391937903040,T809,18.5,Sara Unger,2025-09-17 18:01:32,noise
6396607099917,6391085319364,T809,20.2,Sara Unger,2025-09-16 20:28:29,noise
6396607099917,6396978132661,T809,9.2,Sara Unger,2025-09-16 19:30:45,noise
6396607099917,6396978132661,T809,12.4,Sara Unger,2025-09-16 08:15:59,noise
6396607099917,6391279393246,T809,29.5,Sara Unger,2025-09-15 14:10:27,noise
6396607099917,6396441529079,T809,10.8,Sara Unger,2025-09-15 03:04:50,noise
6396607099917,6399979024610,T809,17.0,Sara Unger,2025-09-14 13:11:24,noise
6396607099917,6393859907578,T809,6.7,Sara Unger,2025-09-13 16:16:06,noise
6396607099917,6398732852032,T809,14.6,Sara Unger,2025-09-12 23:02:06,noise
6396607099917,6391085319364,T809,14.1,Sara Unger,2025-09-12 12:09:03,noise
6396607099917,6396978132661,T809,5.5,Sara Unger,2025-09-11 13:19:09,noise
6396607099917,6391085319364,T691,12.4,Sara Unger,2025-09-11 12:07:45,noise
6396607099917,6397364632100,T809,9.9,Sara Unger,2025-09-10 18:00:02,noise
6396607099917,6396978132661,T809,16.8,Sara Unger,2025-09-09 00:30:29,noise
6396607099917,6391085319364,T691,29.0,Sara Unger,2025-09-09 00:25:15,noise
6396607099917,6392295700924,T809,21.7,Sara Unger,2025-09-08 12:17:43,noise
6396607099917,6396978132661,T809,6.1,Sara Unger,2025-09-07 13:15:29,noise
6396607099917,6396978132661,T809,7.2,Sara Unger,2025-09-06 10:10:50,noise
6396607099917,6391085319364,T809,8.3,Sara Unger,2025-09-06 10:05:19,noise
6396607099917,6393723821869,T809,4.1,Sara Unger,2025-09-05 13:27:06,noise
6396607099917,6392295700924,T691,40.5,Sara Unger,2025-09-05 19:23:06,noise
6396607099917,6396927514387,T691,91.7,Sara Unger,2025-09-04 03:03:29,noise
6396607099917,6391085319364,T809,17.2,Sara Unger,2025-09-04 11:24:18,noise
6396607099917,6397652242448,T809,32.6,Sara Unger,2025-09-03 19:13:05,noise
6396607099917,6396978132661,T809,17.3,Sara Unger,2025-09-03 16:10:05,noise
6396607099917,6391085319364,T691,21.6,Sara Unger,2025-09-03 13:25:40,noise
6396607099917,6392295700924,T809,9.2,Sara Unger,2025-09-02 13:12:38,noise
6396607099917,6391085319364,T809,28.7,Sara Unger,2025-09-02 16:10:03,noise
6396607099917,6391085319364,T691,14.0,Sara Unger,2025-09-02 08:17:55,noise
6396607099917,6396978132661,T691,8.3,Sara Unger,2025-09-01 16:08:26,noise
6396607099917,6396978132661,T809,40.1,Sara Unger,2025-09-01 04:09:48,noise
6396607099917,6397906422409,T809,50.8,Sara Unger,2025-08-31 18:18:30,noise
6396607099917,6395363927709,T691,11.8,Sara Unger,2025-08-31 14:25:08,noise
6396607099917,6396978132661,T809,23.4,Sara Unger,2025-08-30 19:12:06,noise
6396607099917,6396978132661,T691,50.5,Sara Unger,2025-08-30 18:21:09,noise
6396607099917,6396978132661,T691,4.4,Sara Unger,2025-08-29 08:07:14,noise
6396607099917,6395913076726,T691,9.2,Sara Unger,2025-08-29 16:14:17,noise
6396607099917,6398391305137,T691,7.2,Sara Unger,2025-08-28 15:09:54,noise
6396607099917,6392295700924,T691,4.0,Sara Unger,2025-08-27 17:13:36,noise
6396607099917,6396978132661,T809,6.4,Sara Unger,2025-08-26 18:06:46,noise
6396607099917,6392295700924,T691,10.8,Sara Unger,2025-08-26 15:03:45,noise
6396607099917,6396978132661,T691,13.8,Sara Unger,2025-08-26 15:02:55,noise
6396607099917,6391757381529,T809,15.2,Sara Unger,2025-08-25 10:29:32,noise
6396607099917,6395975932913,T809,27.6,Sara Unger,2025-08-24 18:28:29,noise
6396607099917,6392295700924,T691,7.3,Sara Unger,2025-08-24 10:28:18,noise
6396607099917,6397636641248,T809,26.6,Sara Unger,2025-08-24 14:14:43,noise
6396607099917,6391085319364,T809,64.3,Sara Unger,2025-08-23 12:28:41,noise
6396607099917,6392295700924,T691,30.4,Sara Unger,2025-08-23 12:26:22,noise
6396607099917,6392295700924,T691,8.0,Sara Unger,2025-08-22 17:01:58,noise
6396607099917,6398491189169,T691,5.8,Sara Unger,2025-08-22 19:29:43,noise
6396607099917,6392295700924,T809,4.3,Sara Unger,2025-08-22 12:02:47,noise
6396607099917,6396978132661,T809,6.3,Sara Unger,2025-08-21 15:08:35,noise
6396607099917,6392295700924,T809,16.5,Sara Unger,2025-08-21 19:18:12,noise
6396607099917,6395778639223,T691,28.6,Sara Unger,2025-08-20 14:09:50,noise
6396607099917,6393045592855,T691,9.1,Sara Unger,2025-08-20 09:08:01,noise
6396607099917,6395978599202,T691,47.8,Sara Unger,2025-08-20 20:08:59,noise
6396607099917,6396978132661,T691,27.6,Sara Unger,2025-08-19 23:26:35,noise
6396607099917,6396978132661,T809,51.7,Sara Unger,2025-08-19 15:07:00,noise
6396607099917,6393045592855,T809,10.8,Sara Unger,2025-08-19 13:28:46,noise
6396607099917,6394264279208,T691,20.7,Sara Unger,2025-08-18 18:26:07,noise
6396607099917,6391757381529,T691,4.4,Sara Unger,2025-08-17 08:00:47,noise
6396607099917,6396978132661,T691,32.2,Sara Unger,2025-08-17 11:01:35,noise
6396607099917,6395082508928,T809,7.5,Sara Unger,2025-08-16 12:23:36,noise
6396607099917,6394048553499,T809,19.1,Sara Unger,2025-08-16 23:24:03,noise
6396607099917,6392295700924,T809,7.8,Sara Unger,2025-08-15 12:06:48,noise
6396607099917,6392052186148,T691,48.1,Sara Unger,2025-08-15 04:12:24,noise
6396607099917,6396978132661,T809,9.1,Sara Unger,2025-08-14 22:14:09,noise
6396607099917,6393045592855,T691,22.5,Sara Unger,2025-08-14 15:19:29,noise
6396607099917,6396978132661,T691,16.6,Sara Unger,2025-08-13 22:18:08,noise
6396607099917,6395082508928,T809,18.9,Sara Unger,2025-08-13 11:28:22,noise
6396607099917,6391085319364,T691,42.2,Sara Unger,2025-08-12 09:27:38,noise
6396607099917,6397554224472,T691,8.8,Sara Unger,2025-08-12 09:24:10,noise
6396607099917,6396978132661,T809,21.0,Sara Unger,2025-08-12 12:13:08,noise
6396607099917,6391085319364,T809,14.1,Sara Unger,2025-08-11 21:23:32,noise
6396607099917,6392295700924,T809,28.9,Sara Unger,2025-08-11 04:06:18,noise
6396607099917,6394272648738,T809,7.9,Sara Unger,2025-08-11 01:13:11,noise
6396607099917,6391937903040,T809,29.8,Sara Unger,2025-08-10 14:30:43,noise
6396607099917,6392295700924,T691,19.4,Sara Unger,2025-08-10 17:08:32,noise
6396607099917,6396978132661,T809,21.5,Sara Unger,2025-08-10 15:23:31,noise
6396607099917,6396978132661,T691,6.3,Sara Unger,2025-08-09 20:02:35,noise
6396607099917,6393507307642,T809,38.4,Sara Unger,2025-08-08 09:03:26,noise
6396607099917,6392085020554,T691,12.1,Sara Unger,2025-08-08 14:14:48,noise
6396607099917,6396978132661,T691,48.1,Sara Unger,2025-08-08 10:19:37,noise
6396607099917,6392295700924,T691,6.0,Sara Unger,2025-08-07 08:23:31,noise
6396607099917,6392295700924,T809,10.7,Sara Unger,2025-08-07 09:10:26,noise
6396607099917,6396441529079,T809,5.6,Sara Unger,2025-08-06 14:25:40,noise
6396607099917,6396978132661,T809,9.3,Sara Unger,2025-08-05 13:17:56,noise
6396607099917,6396693621506,T809,6.3,Sara Unger,2025-08-05 21:20:23,noise
6396607099917,6396978132661,T691,12.6,Sara Unger,2025-08-04 11:01:33,noise
6396468854276,6396441529079,T906,7.8,Lena Diaz,2025-10-18 14:01:25,noise
6396468854276,6396441529079,T906,5.9,Lena Diaz,2025-10-18 22:09:51,noise
6396468854276,6396607099917,T854,16.8,Lena Diaz,2025-10-17 13:06:15,noise
6396468854276,6397652242448,T854,14.7,Lena Diaz,2025-10-17 19:27:13,noise
6396468854276,6396607099917,T854,13.2,Lena Diaz,2025-10-16 21:13:20,noise
6396468854276,6396441529079,T906,33.6,Lena Diaz,2025-10-16 16:22:09,noise
6396468854276,6396607099917,T906,15.0,Lena Diaz,2025-10-15 12:10:16,noise
6396468854276,6396607099917,T854,14.2,Lena Diaz,2025-10-15 01:10:28,noise
6396468854276,6396033004999,T906,35.9,Lena Diaz,2025-10-14 10:08:44,noise
6396468854276,6391621634803,T906,13.8,Lena Diaz,2025-10-14 17:03:27,noise
6396468854276,6398391305137,T906,4.9,Lena Diaz,2025-10-14 10:07:39,noise
6396468854276,6396441529079,T854,13.2,Lena Diaz,2025-10-13 16:14:33,noise
6396468854276,6395122083064,T854,41.0,Lena Diaz,2025-10-13 22:10:09,noise
6396468854276,6397844655371,T906,23.2,Lena Diaz,2025-10-12 19:23:52,noise
6396468854276,6391937903040,T854,10.5,Lena Diaz,2025-10-12 05:00:53,noise
6396468854276,6399259551176,T906,40.2,Lena Diaz,2025-10-11 14:08:53,noise
6396468854276,6393603835968,T854,20.5,Lena Diaz,2025-10-11 08:22:56,noise
6396468854276,6397554224472,T906,6.9,Lena Diaz,2025-10-10 14:16:05,noise
6396468854276,6396441529079,T906,54.2,Lena Diaz,2025-10-10 08:27:36,noise
6396468854276,6399979024610,T854,34.1,Lena Diaz,2025-10-09 14:20:22,noise
6396468854276,6399259551176,T854,47.8,Lena Diaz,2025-10-09 11:02:01,noise
6396468854276,6396607099917,T906,27.3,Lena Diaz,2025-10-08 08:09:48,noise
6396468854276,6396441529079,T906,16.8,Lena Diaz,2025-10-08 15:25:04,noise
6396468854276,6396607099917,T906,5.4,Lena Diaz,2025-10-07 15:05:55,noise
6396468854276,6393493304331,T906,20.8,Lena Diaz,2025-10-07 20:15:33,noise
6396468854276,6397554224472,T854,52.6,Lena Diaz,2025-10-06 14:18:33,noise
6396468854276,6392523182756,T854,39.3,Lena Diaz,2025-10-06 17:06:29,noise
6396468854276,6396607099917,T854,33.1,Lena Diaz,2025-10-06 17:05:58,noise
6396468854276,6396441529079,T854,10.5,Lena Diaz,2025-10-05 14:19:08,noise
6396468854276,6396607099917,T906,20.2,Lena Diaz,2025-10-05 12:21:13,noise
6396468854276,6396607099917,T854,17.1,Lena Diaz,2025-10-04 03:03:00,noise
6396468854276,6399259551176,T906,53.1,Lena Diaz,2025-10-04 11:29:18,noise
6396468854276,6396743661793,T854,15.9,Lena Diaz,2025-10-04 23:11:08,noise
6396468854276,6396441529079,T906,25.3,Lena Diaz,2025-10-03 10:00:52,noise
6396468854276,6396441529079,T906,10.5,Lena Diaz,2025-10-03 11:24:02,noise
6396468854276,6397636641248,T854,7.3,Lena Diaz,2025-10-02 11:21:13,noise
6396468854276,6396441529079,T906,17.3,Lena Diaz,2025-10-02 01:06:34,noise
6396468854276,6399259551176,T906,21.9,Lena Diaz,2025-10-01 22:14:40,noise
6396468854276,6396607099917,T854,9.3,Lena Diaz,2025-10-01 10:03:56,noise
6396468854276,6396441529079,T854,6.5,Lena Diaz,2025-09-30 20:14:36,noise
6396468854276,6396607099917,T854,15.1,Lena Diaz,2025-09-30 10:19:20,noise
6396468854276,6396607099917,T854,15.5,Lena Diaz,2025-09-30 10:03:39,noise
6396468854276,6399259551176,T854,20.2,Lena Diaz,2025-09-29 23:04:16,noise
6396468854276,6396441529079,T854,15.9,Lena Diaz,2025-09-29 11:01:02,noise
6396468854276,6399259551176,T854,10.5,Lena Diaz,2025-09-28 04:05:01,noise
6396468854276,6396607099917,T854,18.0,Lena Diaz,2025-09-28 09:26:18,noise
6396468854276,6391841771012,T906,21.8,Lena Diaz,2025-09-27 09:20:32,noise
6396468854276,6396607099917,T906,2.8,Lena Diaz,2025-09-27 20:11:16,noise
6396468854276,6399259551176,T854,13.5,Lena Diaz,2025-09-27 18:21:21,noise
6396468854276,6399259551176,T854,41.2,Lena Diaz,2025-09-26 23:08:21,noise
6396468854276,6391757381529,T854,4.4,Lena Diaz,2025-09-26 21:09:14,noise
6396468854276,6399259551176,T906,70.9,Lena Diaz,2025-09-26 15:28:56,noise
6396468854276,6396607099917,T906,12.1,Lena Diaz,2025-09-25 20:13:15,noise
6396468854276,6396423658378,T906,4.4,Lena Diaz,2025-09-24 19:25:00,noise
6396468854276,6399259551176,T854,44.0,Lena Diaz,2025-09-24 22:24:25,noise
6396468854276,6391194839118,T854,16.7,Lena Diaz,2025-09-24 18:15:05,noise
6396468854276,6399259551176,T906,3.7,Lena Diaz,2025-09-23 17:00:15,noise
6396468854276,6394574621348,T854,21.4,Lena Diaz,2025-09-23 01:05:08,noise
6396468854276,6393603835968,T906,4.6,Lena Diaz,2025-09-23 13:06:36,noise
6396468854276,6396441529079,T906,30.6,Lena Diaz,2025-09-22 09:11:06,noise
6396468854276,6399259551176,T854,16.7,Lena Diaz,2025-09-22 02:13:41,noise
6396468854276,6399259551176,T854,22.4,Lena Diaz,2025-09-21 19:21:24,noise
6396468854276,6396607099917,T906,8.8,Lena Diaz,2025-09-21 12:18:46,noise
6396468854276,6396607099917,T854,13.5,Lena Diaz,2025-09-20 14:04:31,noise
6396468854276,6396743661793,T906,20.0,Lena Diaz,2025-09-20 04:23:20,noise
6396468854276,6397235532708,T854,15.5,Lena Diaz,2025-09-20 08:09:24,noise
6396468854276,6396441529079,T906,6.5,Lena Diaz,2025-09-19 23:09:14,noise
6396468854276,6396607099917,T906,25.7,Lena Diaz,2025-09-19 08:18:17,noise
6396468854276,6396441529079,T906,5.4,Lena Diaz,2025-09-18 12:10:45,noise
6396468854276,6396607099917,T854,52.4,Lena Diaz,2025-09-18 20:23:42,noise
6396468854276,6399259551176,T854,9.8,Lena Diaz,2025-09-17 13:28:05,noise
6396468854276,6397652242448,T906,42.3,Lena Diaz,2025-09-16 20:21:51,noise
6396468854276,6395363927709,T906,13.4,Lena Diaz,2025-09-16 14:13:53,noise
6396468854276,6399259551176,T906,5.2,Lena Diaz,2025-09-15 16:11:05,noise
6396468854276,6396441529079,T854,42.3,Lena Diaz,2025-09-15 08:07:49,noise
6396468854276,6395455137652,T906,9.4,Lena Diaz,2025-09-14 10:10:25,noise
6396468854276,6391621634803,T906,9.2,Lena Diaz,2025-09-14 23:28:42,noise
6396468854276,6396743661793,T854,68.4,Lena Diaz,2025-09-13 10:05:38,noise
6396468854276,6399259551176,T854,31.2,Lena Diaz,2025-09-12 17:01:13,noise
6396468854276,6396607099917,T854,9.0,Lena Diaz,2025-09-12 14:26:25,noise
6396468854276,6397364632100,T906,29.8,Lena Diaz,2025-09-12 19:28:18,noise
6396468854276,6399259551176,T854,14.7,Lena Diaz,2025-09-11 10:26:11,noise
6396468854276,6396441529079,T854,20.9,Lena Diaz,2025-09-11 22:19:35,noise
6396468854276,6396468854276,T906,11.6,Lena Diaz,2025-09-11 13:06:58,noise
6396468854276,6399259551176,T854,5.7,Lena Diaz,2025-09-10 11:01:11,noise
6396468854276,6396956928083,T906,10.1,Lena Diaz,2025-09-09 20:08:38,noise
6396468854276,6391937903040,T854,19.1,Lena Diaz,2025-09-09 10:25:18,noise
6396468854276,6396441529079,T854,26.6,Lena Diaz,2025-09-08 12:25:51,noise
6396468854276,6397652242448,T854,20.6,Lena Diaz,2025-09-08 15:06:30,noise
6396468854276,6399259551176,T906,8.4,Lena Diaz,2025-09-07 15:27:02,noise
6396468854276,6391657761801,T854,8.3,Lena Diaz,2025-09-07 09:08:00,noise
6396468854276,6396607099917,T906,44.0,Lena Diaz,2025-09-06 18:09:24,noise
6396468854276,6391757381529,T854,16.6,Lena Diaz,2025-09-06 14:16:46,noise
6396468854276,6396607099917,T854,11.9,Lena Diaz,2025-09-06 02:25:02,noise
6396468854276,6396227547092,T906,24.1,Lena Diaz,2025-09-05 20:26:00,noise
6396468854276,6394841742270,T906,30.5,Lena Diaz,2025-09-05 18:29:33,noise
6396468854276,6396441529079,T854,17.3,Lena Diaz,2025-09-04 12:02:14,noise
6396468854276,6396441529079,T854,13.2,Lena Diaz,2025-09-04 19:28:33,noise
6396468854276,6396468854276,T854,10.0,Lena Diaz,2025-09-04 08:29:09,noise
6396468854276,6396607099917,T854,6.5,Lena Diaz,2025-09-03 19:04:16,noise
6396468854276,6397844655371,T854,41.8,Lena Diaz,2025-09-02 22:05:23,noise
6396468854276,6396518798247,T854,5.5,Lena Diaz,2025-09-02 10:14:32,noise
6396468854276,6397792731200,T906,10.3,Lena Diaz,2025-09-01 20:12:37,noise
6396468854276,6393541804755,T854,14.6,Lena Diaz,2025-09-01 12:19:05,noise
6396468854276,6395455137652,T854,18.8,Lena Diaz,2025-08-31 13:11:21,noise
6396468854276,6396607099917,T906,15.3,Lena Diaz,2025-08-30 13:18:42,noise
6396468854276,6393541804755,T854,36.8,Lena Diaz,2025-08-30 10:24:29,noise
6396468854276,6396607099917,T854,29.2,Lena Diaz,2025-08-30 09:08:03,noise
6396468854276,6393723821869,T854,18.1,Lena Diaz,2025-08-29 15:27:29,noise
6396468854276,6396441529079,T854,9.2,Lena Diaz,2025-08-29 01:26:42,noise
6396468854276,6391841771012,T906,55.5,Lena Diaz,2025-08-28 02:04:50,noise
6396468854276,6396441529079,T906,3.8,Lena Diaz,2025-08-28 09:21:59,noise
6396468854276,6399617100710,T854,50.4,Lena Diaz,2025-08-27 17:14:34,noise
6396468854276,6396441529079,T854,19.9,Lena Diaz,2025-08-27 01:30:53,noise
6396468854276,6399259551176,T906,11.6,Lena Diaz,2025-08-27 10:30:14,noise
6396468854276,6396681820773,T906,4.7,Lena Diaz,2025-08-26 12:10:42,noise
6396468854276,6396441529079,T906,24.1,Lena Diaz,2025-08-26 19:07:17,noise
6396468854276,6391621634803,T906,12.1,Lena Diaz,2025-08-26 16:14:08,noise
6396468854276,6396441529079,T906,7.9,Lena Diaz,2025-08-25 00:08:12,noise
6396468854276,6391575752536,T854,9.9,Lena Diaz,2025-08-25 17:20:04,noise
6396468854276,6399496417009,T854,40.3,Lena Diaz,2025-08-24 15:07:28,noise
6396468854276,6399259551176,T854,59.4,Lena Diaz,2025-08-24 02:06:53,noise
6396468854276,6399259551176,T906,20.6,Lena Diaz,2025-08-23 19:18:56,noise
6396468854276,6396441529079,T906,3.8,Lena Diaz,2025-08-23 17:07:06,noise
6396468854276,6399259551176,T906,20.6,Lena Diaz,2025-08-22 15:13:47,noise
6396468854276,6392523182756,T854,30.8,Lena Diaz,2025-08-22 09:07:39,noise
6396468854276,6396441529079,T854,17.4,Lena Diaz,2025-08-22 18:18:25,noise
6396468854276,6396441529079,T854,29.6,Lena Diaz,2025-08-21 18:16:46,noise
6396468854276,6396441529079,T854,19.2,Lena Diaz,2025-08-21 13:02:27,noise
6396468854276,6399259551176,T854,18.3,Lena Diaz,2025-08-21 08:22:55,noise
6396468854276,6396441529079,T854,15.5,Lena Diaz,2025-08-20 18:04:59,noise
6396468854276,6399259551176,T906,11.9,Lena Diaz,2025-08-20 15:18:45,noise
6396468854276,6396607099917,T906,27.9,Lena Diaz,2025-08-19 01:04:20,noise
6396468854276,6396607099917,T854,5.4,Lena Diaz,2025-08-19 21:28:34,noise
6396468854276,6396441529079,T906,10.2,Lena Diaz,2025-08-18 04:06:51,noise
6396468854276,6396607099917,T906,20.7,Lena Diaz,2025-08-18 18:27:49,noise
6396468854276,6396607099917,T854,12.3,Lena Diaz,2025-08-18 12:30:05,noise
6396468854276,6398491189169,T854,13.2,Lena Diaz,2025-08-17 14:00:54,noise
6396468854276,6398906791192,T906,22.1,Lena Diaz,2025-08-17 20:26:39,noise
6396468854276,6396441529079,T854,27.0,Lena Diaz,2025-08-16 18:12:08,noise
6396468854276,6397906422409,T854,15.1,Lena Diaz,2025-08-16 14:16:42,noise
6396468854276,6396441529079,T906,11.4,Lena Diaz,2025-08-16 16:26:56,noise
6396468854276,6393493304331,T906,5.7,Lena Diaz,2025-08-15 17:18:08,noise
6396468854276,6399259551176,T854,7.8,Lena Diaz,2025-08-15 10:05:27,noise
6396468854276,6399259551176,T854,27.6,Lena Diaz,2025-08-14 15:01:19,noise
6396468854276,6396441529079,T854,8.2,Lena Diaz,2025-08-14 10:09:15,noise
6396468854276,6399259551176,T854,7.7,Lena Diaz,2025-08-13 17:14:15,noise
6396468854276,6399259551176,T854,8.9,Lena Diaz,2025-08-13 17:07:22,noise
6396468854276,6397209902585,T854,15.4,Lena Diaz,2025-08-12 14:03:08,noise
6396468854276,6396441529079,T906,12.9,Lena Diaz,2025-08-12 08:28:13,noise
6396468854276,6395778639223,T854,5.3,Lena Diaz,2025-08-11 12:01:00,noise
6396468854276,6396631526248,T906,8.7,Lena Diaz,2025-08-11 23:08:38,noise
6396468854276,6396607099917,T906,14.0,Lena Diaz,2025-08-10 01:10:45,noise
6396468854276,6396119144758,T854,13.6,Lena Diaz,2025-08-10 18:30:23,noise
6396468854276,6395726944755,T854,11.5,Lena Diaz,2025-08-10 14:16:36,noise
6396468854276,6397364632100,T854,15.6,Lena Diaz,2025-08-09 21:13:39,noise
6396468854276,6399496417009,T906,48.7,Lena Diaz,2025-08-09 10:19:57,noise
6396468854276,6399259551176,T906,14.3,Lena Diaz,2025-08-08 09:16:38,noise
6396468854276,6399259551176,T906,11.6,Lena Diaz,2025-08-08 05:19:22,noise
6396468854276,6398906791192,T906,19.9,Lena Diaz,2025-08-07 20:24:07,noise
6396468854276,6396441529079,T854,16.0,Lena Diaz,2025-08-06 10:03:03,noise
6396468854276,6392052186148,T854,29.8,Lena Diaz,2025-08-06 13:16:19,noise
6396468854276,6396441529079,T854,23.3,Lena Diaz,2025-08-05 23:18:27,noise
6396468854276,6399259551176,T854,36.5,Lena Diaz,2025-08-04 08:29:13,noise
6393603835968,6397652242448,T541,6.9,Grace Alvarez,2025-10-18 22:11:56,noise
6393603835968,6399521620276,T541,1.6,Grace Alvarez,2025-10-18 13:16:37,noise
6393603835968,6399521620276,T541,19.3,Grace Alvarez,2025-10-17 20:28:25,noise
6393603835968,6392334677082,T833,12.9,Grace Alvarez,2025-10-17 15:27:24,noise
6393603835968,6399521620276,T541,16.7,Grace Alvarez,2025-10-16 17:16:14,noise
6393603835968,6397652242448,T833,14.2,Grace Alvarez,2025-10-16 13:21:00,noise
6393603835968,6392463613153,T541,15.9,Grace Alvarez,2025-10-16 22:01:37,noise
6393603835968,6396227547092,T541,13.7,Grace Alvarez,2025-10-15 20:01:04,noise
6393603835968,6399521620276,T833,5.5,Grace Alvarez,2025-10-14 10:29:02,noise
6393603835968,6391279393246,T833,12.1,Grace Alvarez,2025-10-14 15:01:27,noise
6393603835968,6397235532708,T541,8.5,Grace Alvarez,2025-10-13 15:12:39,noise
6393603835968,6397652242448,T541,5.1,Grace Alvarez,2025-10-13 22:13:43,noise
6393603835968,6393859907578,T541,13.1,Grace Alvarez,2025-10-13 13:22:56,noise
6393603835968,6396227547092,T833,14.2,Grace Alvarez,2025-10-12 14:14:04,noise
6393603835968,6396227547092,T541,17.7,Grace Alvarez,2025-10-12 11:09:15,noise
6393603835968,6396227547092,T541,88.7,Grace Alvarez,2025-10-11 12:18:36,noise
6393603835968,6397652242448,T833,7.6,Grace Alvarez,2025-10-11 08:07:54,noise
6393603835968,6396227547092,T541,11.8,Grace Alvarez,2025-10-10 20:00:32,noise
6393603835968,6396227547092,T833,28.2,Grace Alvarez,2025-10-10 09:08:50,noise
6393603835968,6396227547092,T541,20.9,Grace Alvarez,2025-10-10 22:16:59,noise
6393603835968,6399521620276,T833,6.8,Grace Alvarez,2025-10-09 08:03:13,noise
6393603835968,6399259551176,T541,8.5,Grace Alvarez,2025-10-09 14:02:40,noise
6393603835968,6397364632100,T833,19.0,Grace Alvarez,2025-10-08 12:29:19,noise
6393603835968,6394048553499,T541,40.5,Grace Alvarez,2025-10-08 19:27:24,noise
6393603835968,6396468854276,T833,12.7,Grace Alvarez,2025-10-07 12:24:57,noise
6393603835968,6399521620276,T833,20.6,Grace Alvarez,2025-10-07 18:16:08,noise
6393603835968,6397652242448,T541,11.3,Grace Alvarez,2025-10-07 16:11:13,noise
6393603835968,6399521620276,T833,10.2,Grace Alvarez,2025-10-06 11:30:58,noise
6393603835968,6398491189169,T541,7.9,Grace Alvarez,2025-10-06 16:01:56,noise
6393603835968,6396227547092,T541,41.6,Grace Alvarez,2025-10-06 09:24:27,noise
6393603835968,6395975932913,T541,17.8,Grace Alvarez,2025-10-05 14:21:57,noise
6393603835968,6399521620276,T541,11.5,Grace Alvarez,2025-10-05 09:14:59,noise
6393603835968,6397652242448,T833,19.3,Grace Alvarez,2025-10-05 19:21:03,noise
6393603835968,6399521620276,T541,6.6,Grace Alvarez,2025-10-04 14:27:59,noise
6393603835968,6396227547092,T541,15.9,Grace Alvarez,2025-10-04 17:00:34,noise
6393603835968,6399521620276,T833,15.7,Grace Alvarez,2025-10-04 17:30:10,noise
6393603835968,6399259551176,T833,26.7,Grace Alvarez,2025-10-03 22:07:21,noise
6393603835968,6397652242448,T541,24.2,Grace Alvarez,2025-10-03 05:25:17,noise
6393603835968,6399521620276,T541,14.5,Grace Alvarez,2025-10-03 09:26:59,noise
6393603835968,6396227547092,T541,14.0,Grace Alvarez,2025-10-02 15:15:57,noise
6393603835968,6395455137652,T833,53.4,Grace Alvarez,2025-10-02 14:30:01,noise
6393603835968,6399521620276,T833,8.3,Grace Alvarez,2025-10-01 18:01:16,noise
6393603835968,6396227547092,T833,13.5,Grace Alvarez,2025-09-30 15:04:51,noise
6393603835968,6397652242448,T833,22.6,Grace Alvarez,2025-09-30 04:24:13,noise
6393603835968,6396227547092,T541,19.5,Grace Alvarez,2025-09-29 12:20:20,noise
6393603835968,6396607099917,T833,5.3,Grace Alvarez,2025-09-28 17:13:19,noise
6393603835968,6396227547092,T541,20.4,Grace Alvarez,2025-09-27 13:23:05,noise
6393603835968,6396892073434,T833,11.6,Grace Alvarez,2025-09-27 16:04:21,noise
6393603835968,6397652242448,T541,69.4,Grace Alvarez,2025-09-26 10:07:11,noise
6393603835968,6397554224472,T541,3.1,Grace Alvarez,2025-09-26 13:30:01,noise
6393603835968,6396119144758,T833,43.7,Grace Alvarez,2025-09-25 14:21:07,noise
6393603835968,6399521620276,T541,55.0,Grace Alvarez,2025-09-25 15:28:39,noise
6393603835968,6396492957730,T833,4.7,Grace Alvarez,2025-09-24 19:09:37,noise
6393603835968,6399521620276,T833,6.8,Grace Alvarez,2025-09-23 08:09:07,noise
6393603835968,6395255503056,T833,33.5,Grace Alvarez,2025-09-23 11:00:59,noise
6393603835968,6399521620276,T541,10.6,Grace Alvarez,2025-09-22 09:07:39,noise
6393603835968,6397652242448,T833,48.9,Grace Alvarez,2025-09-22 17:22:46,noise
6393603835968,6391053669235,T541,28.2,Grace Alvarez,2025-09-21 11:10:51,noise
6393603835968,6399521620276,T833,19.6,Grace Alvarez,2025-09-21 11:24:18,noise
6393603835968,6396227547092,T833,19.4,Grace Alvarez,2025-09-20 19:21:42,noise
6393603835968,6393794997179,T541,36.2,Grace Alvarez,2025-09-20 12:21:08,noise
6393603835968,6399521620276,T541,13.4,Grace Alvarez,2025-09-19 23:29:14,noise
6393603835968,6397652242448,T541,33.7,Grace Alvarez,2025-09-19 19:10:35,noise
6393603835968,6393507307642,T541,24.2,Grace Alvarez,2025-09-19 10:14:50,noise
6393603835968,6397652242448,T833,55.9,Grace Alvarez,2025-09-18 08:28:07,noise
6393603835968,6396956928083,T541,27.0,Grace Alvarez,2025-09-17 21:26:50,noise
6393603835968,6396441529079,T541,40.4,Grace Alvarez,2025-09-16 13:03:19,noise
6393603835968,6394264279208,T833,6.4,Grace Alvarez,2025-09-16 18:18:08,noise
6393603835968,6396227547092,T541,54.0,Grace Alvarez,2025-09-15 08:01:29,noise
6393603835968,6396978132661,T541,19.2,Grace Alvarez,2025-09-14 13:21:33,noise
6393603835968,6399521620276,T541,18.5,Grace Alvarez,2025-09-14 00:20:24,noise
6393603835968,6394264279208,T833,14.4,Grace Alvarez,2025-09-13 08:17:40,noise
6393603835968,6396227547092,T833,25.0,Grace Alvarez,2025-09-12 12:19:40,noise
6393603835968,6396227547092,T833,43.6,Grace Alvarez,2025-09-12 04:14:17,noise
6393603835968,6397652242448,T541,4.6,Grace Alvarez,2025-09-12 19:08:27,noise
6393603835968,6394264279208,T541,10.9,Grace Alvarez,2025-09-11 14:07:54,noise
6393603835968,6399521620276,T541,10.9,Grace Alvarez,2025-09-11 15:09:47,noise
6393603835968,6396227547092,T541,13.8,Grace Alvarez,2025-09-10 16:09:49,noise
6393603835968,6399521620276,T833,13.1,Grace Alvarez,2025-09-09 08:29:54,noise
6393603835968,6399521620276,T541,27.4,Grace Alvarez,2025-09-09 13:13:52,noise
6393603835968,6396227547092,T541,11.4,Grace Alvarez,2025-09-08 09:08:54,noise
6393603835968,6396119144758,T541,12.6,Grace Alvarez,2025-09-08 19:28:49,noise
6393603835968,6397652242448,T541,15.0,Grace Alvarez,2025-09-08 22:03:05,noise
6393603835968,6391621634803,T541,9.6,Grace Alvarez,2025-09-07 01:27:18,noise
6393603835968,6396227547092,T541,11.9,Grace Alvarez,2025-09-06 14:05:10,noise
6393603835968,6397652242448,T541,9.7,Grace Alvarez,2025-09-06 18:14:45,noise
6393603835968,6399521620276,T833,49.5,Grace Alvarez,2025-09-06 01:10:04,noise
6393603835968,6394264279208,T833,33.9,Grace Alvarez,2025-09-05 05:00:58,noise
6393603835968,6399521620276,T833,26.5,Grace Alvarez,2025-09-05 17:07:06,noise
6393603835968,6396227547092,T541,17.6,Grace Alvarez,2025-09-04 19:06:21,noise
6393603835968,6397652242448,T541,23.6,Grace Alvarez,2025-09-04 08:17:34,noise
6393603835968,6399521620276,T541,55.7,Grace Alvarez,2025-09-04 13:14:42,noise
6393603835968,6397652242448,T541,12.9,Grace Alvarez,2025-09-03 18:25:23,noise
6393603835968,6399521620276,T833,5.8,Grace Alvarez,2025-09-02 09:05:45,noise
6393603835968,6391841771012,T541,6.8,Grace Alvarez,2025-09-02 14:30:52,noise
6393603835968,6399617100710,T541,27.9,Grace Alvarez,2025-09-02 08:18:14,noise
6393603835968,6391937582998,T541,5.8,Grace Alvarez,2025-09-01 08:08:33,noise
6393603835968,6397652242448,T541,3.6,Grace Alvarez,2025-09-01 10:04:32,noise
6393603835968,6397652242448,T541,7.1,Grace Alvarez,2025-09-01 17:22:07,noise
6393603835968,6397652242448,T541,20.3,Grace Alvarez,2025-08-31 09:27:50,noise
6393603835968,6396227547092,T833,40.7,Grace Alvarez,2025-08-31 14:08:35,noise
6393603835968,6397652242448,T541,22.6,Grace Alvarez,2025-08-30 14:00:50,noise
6393603835968,6396227547092,T833,5.2,Grace Alvarez,2025-08-30 11:30:16,noise
6393603835968,6397235532708,T833,7.0,Grace Alvarez,2025-08-29 00:08:37,noise
6393603835968,6391085319364,T833,22.1,Grace Alvarez,2025-08-28 16:04:54,noise
6393603835968,6397652242448,T541,44.5,Grace Alvarez,2025-08-27 14:17:50,noise
6393603835968,6398391305137,T541,25.3,Grace Alvarez,2025-08-26 22:21:19,noise
6393603835968,6396607099917,T833,33.9,Grace Alvarez,2025-08-26 10:04:36,noise
6393603835968,6396227547092,T541,23.0,Grace Alvarez,2025-08-25 11:15:46,noise
6393603835968,6396227547092,T833,85.7,Grace Alvarez,2025-08-25 23:03:07,noise
6393603835968,6398445554732,T833,11.7,Grace Alvarez,2025-08-25 08:11:19,noise
6393603835968,6399521620276,T833,16.5,Grace Alvarez,2025-08-24 16:10:54,noise
6393603835968,6399521620276,T541,13.7,Grace Alvarez,2025-08-23 14:04:02,noise
6393603835968,6391937582998,T541,6.7,Grace Alvarez,2025-08-23 08:05:02,noise
6393603835968,6399521620276,T541,61.7,Grace Alvarez,2025-08-22 21:23:41,noise
6393603835968,6397652242448,T541,26.3,Grace Alvarez,2025-08-22 17:10:38,noise
6393603835968,6397652242448,T833,46.5,Grace Alvarez,2025-08-22 15:04:35,noise
6393603835968,6399924544312,T541,18.0,Grace Alvarez,2025-08-21 18:14:19,noise
6393603835968,6391575752536,T833,10.9,Grace Alvarez,2025-08-21 00:25:11,noise
6393603835968,6396227547092,T833,10.2,Grace Alvarez,2025-08-20 17:11:09,noise
6393603835968,6396227547092,T833,14.0,Grace Alvarez,2025-08-20 12:21:41,noise
6393603835968,6399521620276,T541,12.1,Grace Alvarez,2025-08-19 14:15:48,noise
6393603835968,6397652242448,T833,7.4,Grace Alvarez,2025-08-18 22:19:22,noise
6393603835968,6397652242448,T541,24.5,Grace Alvarez,2025-08-18 09:06:21,noise
6393603835968,6396227547092,T833,28.2,Grace Alvarez,2025-08-18 08:21:23,noise
6393603835968,6392295700924,T541,7.1,Grace Alvarez,2025-08-17 08:20:55,noise
6393603835968,6399521620276,T541,8.2,Grace Alvarez,2025-08-17 12:12:48,noise
6393603835968,6396631526248,T833,5.2,Grace Alvarez,2025-08-16 14:00:52,noise
6393603835968,6397652242448,T833,21.2,Grace Alvarez,2025-08-15 08:25:52,noise
6393603835968,6396227547092,T541,9.5,Grace Alvarez,2025-08-15 13:01:46,noise
6393603835968,6397652242448,T833,11.5,Grace Alvarez,2025-08-14 20:28:56,noise
6393603835968,6394882630315,T541,53.2,Grace Alvarez,2025-08-13 17:07:44,noise
6393603835968,6399521620276,T541,10.7,Grace Alvarez,2025-08-13 20:22:57,noise
6393603835968,6399521620276,T833,28.7,Grace Alvarez,2025-08-12 17:02:20,noise
6393603835968,6395255503056,T541,27.5,Grace Alvarez,2025-08-12 19:26:22,noise
6393603835968,6397652242448,T541,7.5,Grace Alvarez,2025-08-11 20:29:36,noise
6393603835968,6397652242448,T541,53.4,Grace Alvarez,2025-08-11 22:12:38,noise
6393603835968,6394779148527,T541,10.2,Grace Alvarez,2025-08-10 04:26:03,noise
6393603835968,6392795791102,T541,15.5,Grace Alvarez,2025-08-10 18:14:57,noise
6393603835968,6391937903040,T541,4.8,Grace Alvarez,2025-08-09 13:01:28,noise
6393603835968,6397197783416,T833,25.6,Grace Alvarez,2025-08-09 17:20:51,noise
6393603835968,6397652242448,T541,17.6,Grace Alvarez,2025-08-09 19:27:16,noise
6393603835968,6397235532708,T833,29.8,Grace Alvarez,2025-08-08 19:07:01,noise
6393603835968,6399521620276,T833,20.5,Grace Alvarez,2025-08-08 14:20:05,noise
6393603835968,6396227547092,T541,24.3,Grace Alvarez,2025-08-07 16:14:04,noise
6393603835968,6395975932913,T541,9.9,Grace Alvarez,2025-08-07 15:25:16,noise
6393603835968,6393561104962,T541,4.4,Grace Alvarez,2025-08-06 05:16:01,noise
6393603835968,6399521620276,T541,33.8,Grace Alvarez,2025-08-06 13:11:40,noise
6393603835968,6399521620276,T541,19.4,Grace Alvarez,2025-08-06 15:00:56,noise
6393603835968,6397792731200,T833,10.7,Grace Alvarez,2025-08-05 12:29:08,noise
6393603835968,6397652242448,T833,20.6,Grace Alvarez,2025-08-05 17:01:21,noise
6393603835968,6399521620276,T833,12.7,Grace Alvarez,2025-08-04 12:05:38,noise
6393603835968,6395363927709,T541,83.0,Grace Alvarez,2025-08-04 11:30:03,noise
6392523182756,6397274004764,T498,41.6,Cara Alvarez,2025-10-18 13:29:52,noise
6392523182756,6396227547092,T498,9.8,Cara Alvarez,2025-10-18 09:03:02,noise
6392523182756,6396119144758,T498,5.5,Cara Alvarez,2025-10-17 14:19:06,noise
6392523182756,6397274004764,T316,42.8,Cara Alvarez,2025-10-17 23:04:26,noise
6392523182756,6396607099917,T498,5.2,Cara Alvarez,2025-10-16 01:20:03,noise
6392523182756,6392795791102,T316,17.2,Cara Alvarez,2025-10-15 01:13:28,noise
6392523182756,6393859907578,T316,29.4,Cara Alvarez,2025-10-15 08:24:35,noise
6392523182756,6395122083064,T498,16.8,Cara Alvarez,2025-10-14 12:02:50,noise
6392523182756,6393135045026,T316,24.7,Cara Alvarez,2025-10-14 15:13:37,noise
6392523182756,6394882630315,T316,10.8,Cara Alvarez,2025-10-13 09:24:54,noise
6392523182756,6396631526248,T498,15.9,Cara Alvarez,2025-10-13 14:23:05,noise
6392523182756,6396607099917,T316,33.0,Cara Alvarez,2025-10-13 15:23:26,noise
6392523182756,6396607099917,T498,10.7,Cara Alvarez,2025-10-12 20:22:56,noise
6392523182756,6394048553499,T316,81.5,Cara Alvarez,2025-10-11 16:19:24,noise
6392523182756,6397274004764,T316,40.0,Cara Alvarez,2025-10-11 23:16:40,noise
6392523182756,6396607099917,T498,15.2,Cara Alvarez,2025-10-10 20:05:13,noise
6392523182756,6398491189169,T498,32.5,Cara Alvarez,2025-10-10 12:17:49,noise
6392523182756,6393951377482,T316,45.4,Cara Alvarez,2025-10-09 10:14:13,noise
6392523182756,6396607099917,T498,21.7,Cara Alvarez,2025-10-09 09:29:27,noise
6392523182756,6398491189169,T498,34.9,Cara Alvarez,2025-10-08 19:11:33,noise
6392523182756,6396095128059,T498,53.2,Cara Alvarez,2025-10-08 19:20:22,noise
6392523182756,6399259551176,T316,4.1,Cara Alvarez,2025-10-08 10:21:05,noise
6392523182756,6396607099917,T498,15.5,Cara Alvarez,2025-10-07 11:00:57,noise
6392523182756,6396607099917,T316,11.9,Cara Alvarez,2025-10-07 01:16:53,noise
6392523182756,6391937582998,T316,24.8,Cara Alvarez,2025-10-06 20:00:43,noise
6392523182756,6398491189169,T498,10.9,Cara Alvarez,2025-10-05 14:23:02,noise
6392523182756,6398491189169,T316,14.7,Cara Alvarez,2025-10-05 19:03:35,noise
6392523182756,6397235532708,T498,22.4,Cara Alvarez,2025-10-04 17:00:47,noise
6392523182756,6397274004764,T498,10.7,Cara Alvarez,2025-10-04 14:12:59,noise
6392523182756,6396181402712,T316,22.3,Cara Alvarez,2025-10-03 16:16:26,noise
6392523182756,6396693621506,T498,4.4,Cara Alvarez,2025-10-03 16:14:25,noise
6392523182756,6396607099917,T316,6.3,Cara Alvarez,2025-10-02 01:06:59,noise
6392523182756,6393975769123,T498,48.4,Cara Alvarez,2025-10-02 17:26:06,noise
6392523182756,6398491189169,T316,25.2,Cara Alvarez,2025-10-01 16:29:50,noise
6392523182756,6396607099917,T498,21.2,Cara Alvarez,2025-10-01 20:20:51,noise
6392523182756,6393603835968,T498,16.0,Cara Alvarez,2025-09-30 11:30:24,noise
6392523182756,6397274004764,T498,24.6,Cara Alvarez,2025-09-30 05:18:04,noise
6392523182756,6396607099917,T498,6.2,Cara Alvarez,2025-09-30 18:00:59,noise
6392523182756,6398491189169,T498,21.6,Cara Alvarez,2025-09-29 16:15:08,noise
6392523182756,6399471209395,T316,26.6,Cara Alvarez,2025-09-29 09:23:32,noise
6392523182756,6396607099917,T498,16.1,Cara Alvarez,2025-09-28 11:09:59,noise
6392523182756,6392463613153,T498,9.2,Cara Alvarez,2025-09-28 08:00:59,noise
6392523182756,6397274004764,T316,15.9,Cara Alvarez,2025-09-27 09:01:31,noise
6392523182756,6396518798247,T498,96.1,Cara Alvarez,2025-09-27 20:05:22,noise
6392523182756,6399165981131,T498,16.3,Cara Alvarez,2025-09-26 17:13:27,noise
6392523182756,6396607099917,T316,78.4,Cara Alvarez,2025-09-25 14:05:08,noise
6392523182756,6395455137652,T498,48.9,Cara Alvarez,2025-09-25 17:06:26,noise
6392523182756,6396033004999,T316,66.4,Cara Alvarez,2025-09-24 13:04:05,noise
6392523182756,6396468854276,T498,28.3,Cara Alvarez,2025-09-24 09:27:28,noise
6392523182756,6397274004764,T498,23.5,Cara Alvarez,2025-09-23 04:11:05,noise
6392523182756,6391575752536,T498,31.4,Cara Alvarez,2025-09-23 13:28:25,noise
6392523182756,6398491189169,T498,3.9,Cara Alvarez,2025-09-22 13:03:45,noise
6392523182756,6395122083064,T498,11.3,Cara Alvarez,2025-09-22 11:07:04,noise
6392523182756,6397274004764,T498,15.5,Cara Alvarez,2025-09-22 11:19:22,noise
6392523182756,6399076960112,T316,21.6,Cara Alvarez,2025-09-21 10:02:44,noise
6392523182756,6396227547092,T316,30.3,Cara Alvarez,2025-09-21 20:08:14,noise
6392523182756,6398732852032,T316,14.5,Cara Alvarez,2025-09-20 12:21:28,noise
6392523182756,6397274004764,T316,33.0,Cara Alvarez,2025-09-19 18:11:45,noise
6392523182756,6397274004764,T498,9.1,Cara Alvarez,2025-09-19 11:27:32,noise
6392523182756,6397274004764,T316,12.1,Cara Alvarez,2025-09-18 22:22:39,noise
6392523182756,6397235532708,T316,8.4,Cara Alvarez,2025-09-18 12:29:13,noise
6392523182756,6397274004764,T498,20.7,Cara Alvarez,2025-09-18 00:14:13,noise
6392523182756,6394779148527,T498,6.0,Cara Alvarez,2025-09-17 11:09:10,noise
6392523182756,6396607099917,T498,17.1,Cara Alvarez,2025-09-17 18:23:58,noise
6392523182756,6397274004764,T316,45.5,Cara Alvarez,2025-09-17 20:07:03,noise
6392523182756,6397274004764,T498,12.5,Cara Alvarez,2025-09-16 23:14:59,noise
6392523182756,6396607099917,T498,7.9,Cara Alvarez,2025-09-15 19:14:36,noise
6392523182756,6396607099917,T498,39.5,Cara Alvarez,2025-09-14 19:10:25,noise
6392523182756,6397209902585,T498,6.9,Cara Alvarez,2025-09-14 08:25:24,noise
6392523182756,6397274004764,T498,14.0,Cara Alvarez,2025-09-13 00:30:17,noise
6392523182756,6397274004764,T498,21.4,Cara Alvarez,2025-09-13 09:29:19,noise
6392523182756,6396607099917,T316,28.1,Cara Alvarez,2025-09-12 00:06:41,noise
6392523182756,6396607099917,T316,39.2,Cara Alvarez,2025-09-11 15:20:06,noise
6392523182756,6394841742270,T498,28.8,Cara Alvarez,2025-09-10 17:00:30,noise
6392523182756,6396607099917,T498,14.1,Cara Alvarez,2025-09-09 10:15:10,noise
6392523182756,6396607099917,T498,8.3,Cara Alvarez,2025-09-09 19:20:49,noise
6392523182756,6396607099917,T498,21.9,Cara Alvarez,2025-09-08 12:14:27,noise
6392523182756,6396119144758,T316,12.1,Cara Alvarez,2025-09-08 22:30:00,noise
6392523182756,6392523182756,T316,37.2,Cara Alvarez,2025-09-08 15:29:52,noise
6392523182756,6396607099917,T316,13.6,Cara Alvarez,2025-09-07 16:18:16,noise
6392523182756,6398491189169,T316,23.7,Cara Alvarez,2025-09-07 22:13:39,noise
6392523182756,6396607099917,T498,18.6,Cara Alvarez,2025-09-06 02:29:03,noise
6392523182756,6398491189169,T498,9.9,Cara Alvarez,2025-09-06 08:00:02,noise
6392523182756,6396607099917,T498,2.2,Cara Alvarez,2025-09-05 10:20:36,noise
6392523182756,6396978132661,T498,7.1,Cara Alvarez,2025-09-05 18:19:27,noise
6392523182756,6396607099917,T316,14.3,Cara Alvarez,2025-09-04 05:24:28,noise
6392523182756,6397274004764,T498,10.6,Cara Alvarez,2025-09-03 08:09:22,noise
6392523182756,6396468854276,T498,19.0,Cara Alvarez,2025-09-02 15:11:29,noise
6392523182756,6396681820773,T316,11.7,Cara Alvarez,2025-09-01 15:10:04,noise
6392523182756,6394841742270,T498,12.4,Cara Alvarez,2025-09-01 10:13:47,noise
6392523182756,6398491189169,T316,16.4,Cara Alvarez,2025-09-01 18:05:51,noise
6392523182756,6398491189169,T316,43.0,Cara Alvarez,2025-08-31 19:00:09,noise
6392523182756,6393135045026,T498,15.3,Cara Alvarez,2025-08-31 13:27:37,noise
6392523182756,6397274004764,T316,15.7,Cara Alvarez,2025-08-30 14:20:23,noise
6392523182756,6399471209395,T316,27.5,Cara Alvarez,2025-08-30 18:13:55,noise
6392523182756,6398445554732,T316,10.2,Cara Alvarez,2025-08-30 04:19:44,noise
6392523182756,6398491189169,T498,19.3,Cara Alvarez,2025-08-29 09:17:24,noise
6392523182756,6396607099917,T316,17.9,Cara Alvarez,2025-08-29 15:28:23,noise
6392523182756,6394574621348,T498,30.3,Cara Alvarez,2025-08-28 21:09:00,noise
6392523182756,6396181402712,T498,12.9,Cara Alvarez,2025-08-28 21:21:46,noise
6392523182756,6396681820773,T316,6.2,Cara Alvarez,2025-08-27 14:00:45,noise
6392523182756,6396967557245,T316,39.0,Cara Alvarez,2025-08-27 16:10:11,noise
6392523182756,6396607099917,T498,9.7,Cara Alvarez,2025-08-26 18:17:55,noise
6392523182756,6397274004764,T316,26.0,Cara Alvarez,2025-08-26 14:13:41,noise
6392523182756,6396607099917,T498,17.6,Cara Alvarez,2025-08-25 10:10:24,noise
6392523182756,6398491189169,T498,44.0,Cara Alvarez,2025-08-24 11:17:06,noise
6392523182756,6396119144758,T498,12.2,Cara Alvarez,2025-08-23 09:10:31,noise
6392523182756,6399165981131,T316,22.9,Cara Alvarez,2025-08-22 21:10:51,noise
6392523182756,6397274004764,T316,23.3,Cara Alvarez,2025-08-21 20:10:30,noise
6392523182756,6396607099917,T316,69.8,Cara Alvarez,2025-08-21 18:18:52,noise
6392523182756,6396631526248,T316,7.2,Cara Alvarez,2025-08-21 12:14:01,noise
6392523182756,6395255503056,T498,17.3,Cara Alvarez,2025-08-20 22:25:40,noise
6392523182756,6396607099917,T498,10.9,Cara Alvarez,2025-08-19 23:03:37,noise
6392523182756,6397274004764,T316,22.8,Cara Alvarez,2025-08-18 09:19:02,noise
6392523182756,6398491189169,T498,16.8,Cara Alvarez,2025-08-18 12:19:53,noise
6392523182756,6396978132661,T498,13.2,Cara Alvarez,2025-08-18 22:13:35,noise
6392523182756,6396607099917,T498,21.2,Cara Alvarez,2025-08-17 16:06:13,noise
6392523182756,6394555912795,T316,33.3,Cara Alvarez,2025-08-17 10:25:00,noise
6392523182756,6398491189169,T316,15.8,Cara Alvarez,2025-08-16 19:09:13,noise
6392523182756,6394841742270,T498,37.6,Cara Alvarez,2025-08-16 16:03:21,noise
6392523182756,6398491189169,T498,14.9,Cara Alvarez,2025-08-15 17:28:41,noise
6392523182756,6397274004764,T498,2.4,Cara Alvarez,2025-08-15 13:00:04,noise
6392523182756,6393541804755,T316,23.5,Cara Alvarez,2025-08-14 09:14:39,noise
6392523182756,6396607099917,T316,8.5,Cara Alvarez,2025-08-13 23:10:06,noise
6392523182756,6396423658378,T498,31.2,Cara Alvarez,2025-08-13 10:30:33,noise
6392523182756,6398491189169,T498,6.2,Cara Alvarez,2025-08-13 13:05:44,noise
6392523182756,6396119144758,T316,50.1,Cara Alvarez,2025-08-12 11:21:21,noise
6392523182756,6396607099917,T498,16.3,Cara Alvarez,2025-08-12 19:01:26,noise
6392523182756,6396927514387,T316,11.6,Cara Alvarez,2025-08-11 19:25:26,noise
6392523182756,6398491189169,T316,19.5,Cara Alvarez,2025-08-11 19:12:50,noise
6392523182756,6392295700924,T498,3.6,Cara Alvarez,2025-08-10 16:01:04,noise
6392523182756,6397588030313,T316,8.2,Cara Alvarez,2025-08-10 19:14:40,noise
6392523182756,6396441529079,T498,11.0,Cara Alvarez,2025-08-10 11:19:22,noise
6392523182756,6398906791192,T498,7.9,Cara Alvarez,2025-08-09 21:18:45,noise
6392523182756,6392795791102,T498,24.6,Cara Alvarez,2025-08-09 10:29:07,noise
6392523182756,6398491189169,T498,28.9,Cara Alvarez,2025-08-08 10:17:53,noise
6392523182756,6397274004764,T498,11.1,Cara Alvarez,2025-08-08 03:03:30,noise
6392523182756,6397274004764,T316,9.9,Cara Alvarez,2025-08-08 14:15:42,noise
6392523182756,6397274004764,T316,34.1,Cara Alvarez,2025-08-07 08:06:25,noise
6392523182756,6396967557245,T316,17.6,Cara Alvarez,2025-08-07 17:30:26,noise
6392523182756,6397554224472,T498,33.8,Cara Alvarez,2025-08-06 18:00:06,noise
6392523182756,6398491189169,T316,23.3,Cara Alvarez,2025-08-06 14:22:47,noise
6392523182756,6391937903040,T498,25.1,Cara Alvarez,2025-08-05 08:15:07,noise
6392523182756,6397274004764,T498,10.5,Cara Alvarez,2025-08-05 08:18:34,noise
6392523182756,6391621634803,T498,7.1,Cara Alvarez,2025-08-04 22:18:44,noise
6392523182756,6394555912795,T498,29.5,Cara Alvarez,2025-08-04 19:14:47,noise
6397008615813,6398732852032,T480,19.6,Grace Novak,2025-10-18 22:21:28,noise
6397008615813,6399799920361,T480,11.3,Grace Novak,2025-10-17 19:25:19,noise
6397008615813,6399856589429,T480,11.6,Grace Novak,2025-10-17 10:24:18,noise
6397008615813,6397906422409,T480,26.6,Grace Novak,2025-10-17 09:24:54,noise
6397008615813,6397906422409,T480,18.6,Grace Novak,2025-10-16 21:25:09,noise
6397008615813,6399799920361,T479,18.7,Grace Novak,2025-10-16 14:29:57,noise
6397008615813,6397906422409,T479,43.0,Grace Novak,2025-10-15 11:07:44,noise
6397008615813,6397906422409,T480,21.0,Grace Novak,2025-10-15 12:13:28,noise
6397008615813,6399799920361,T479,11.1,Grace Novak,2025-10-15 12:18:55,noise
6397008615813,6397906422409,T480,4.9,Grace Novak,2025-10-14 15:03:18,noise
6397008615813,6397906422409,T479,23.4,Grace Novak,2025-10-14 23:20:19,noise
6397008615813,6397906422409,T479,15.7,Grace Novak,2025-10-14 19:18:12,noise
6397008615813,6393951377482,T480,13.8,Grace Novak,2025-10-13 13:22:10,noise
6397008615813,6393541804755,T480,53.8,Grace Novak,2025-10-12 15:07:26,noise
6397008615813,6399799920361,T479,50.7,Grace Novak,2025-10-12 12:10:18,noise
6397008615813,6399799920361,T479,67.2,Grace Novak,2025-10-12 16:04:52,noise
6397008615813,6397906422409,T480,22.2,Grace Novak,2025-10-11 08:02:04,noise
6397008615813,6395726944755,T479,19.7,Grace Novak,2025-10-11 19:10:37,noise
6397008615813,6397906422409,T479,17.0,Grace Novak,2025-10-11 17:29:45,noise
6397008615813,6394272648738,T479,14.4,Grace Novak,2025-10-10 15:18:02,noise
6397008615813,6399799920361,T480,60.8,Grace Novak,2025-10-10 11:12:47,noise
6397008615813,6399799920361,T479,3.2,Grace Novak,2025-10-10 09:16:10,noise
6397008615813,6392885325965,T480,72.0,Grace Novak,2025-10-09 20:22:32,noise
6397008615813,6399799920361,T479,31.2,Grace Novak,2025-10-09 18:25:42,noise
6397008615813,6399799920361,T480,32.9,Grace Novak,2025-10-08 09:30:30,noise
6397008615813,6395082508928,T479,21.7,Grace Novak,2025-10-07 17:24:15,noise
6397008615813,6397844655371,T480,46.1,Grace Novak,2025-10-07 09:11:02,noise
6397008615813,6397906422409,T480,13.5,Grace Novak,2025-10-06 14:20:52,noise
6397008615813,6396119144758,T480,47.7,Grace Novak,2025-10-05 22:26:01,noise
6397008615813,6399617100710,T480,20.5,Grace Novak,2025-10-05 12:25:11,noise
6397008615813,6397906422409,T479,13.1,Grace Novak,2025-10-05 08:04:25,noise
6397008615813,6391575752536,T479,35.2,Grace Novak,2025-10-04 16:05:01,noise
6397008615813,6399799920361,T480,14.9,Grace Novak,2025-10-04 15:07:04,noise
6397008615813,6397906422409,T479,83.8,Grace Novak,2025-10-03 14:00:54,noise
6397008615813,6396631526248,T480,24.8,Grace Novak,2025-10-03 12:25:51,noise
6397008615813,6399165981131,T480,34.7,Grace Novak,2025-10-02 13:11:03,noise
6397008615813,6397906422409,T479,18.8,Grace Novak,2025-10-02 08:16:52,noise
6397008615813,6399799920361,T480,7.6,Grace Novak,2025-10-01 02:00:16,noise
6397008615813,6391085319364,T480,19.9,Grace Novak,2025-10-01 13:28:06,noise
6397008615813,6397906422409,T480,31.7,Grace Novak,2025-10-01 14:18:11,noise
6397008615813,6399799920361,T480,15.4,Grace Novak,2025-09-30 04:12:25,noise
6397008615813,6399799920361,T480,23.9,Grace Novak,2025-09-30 11:14:37,noise
6397008615813,6397906422409,T480,37.7,Grace Novak,2025-09-29 11:06:09,noise
6397008615813,6399799920361,T480,8.8,Grace Novak,2025-09-29 12:11:07,noise
6397008615813,6397906422409,T480,3.2,Grace Novak,2025-09-28 21:18:19,noise
6397008615813,6395255503056,T479,8.7,Grace Novak,2025-09-27 18:26:14,noise
6397008615813,6399799920361,T480,12.3,Grace Novak,2025-09-26 00:06:25,noise
6397008615813,6397906422409,T479,16.9,Grace Novak,2025-09-25 10:04:22,noise
6397008615813,6397906422409,T480,10.3,Grace Novak,2025-09-24 15:10:59,noise
6397008615813,6399799920361,T479,12.3,Grace Novak,2025-09-23 15:27:06,noise
6397008615813,6397906422409,T480,28.7,Grace Novak,2025-09-23 03:18:43,noise
6397008615813,6392523182756,T480,12.5,Grace Novak,2025-09-22 12:22:16,noise
6397008615813,6397906422409,T479,22.9,Grace Novak,2025-09-21 18:23:08,noise
6397008615813,6399799920361,T480,32.4,Grace Novak,2025-09-21 21:18:20,noise
6397008615813,6395778639223,T480,42.8,Grace Novak,2025-09-21 20:14:24,noise
6397008615813,6397906422409,T479,7.2,Grace Novak,2025-09-20 17:12:02,noise
6397008615813,6397906422409,T480,7.5,Grace Novak,2025-09-19 21:22:57,noise
6397008615813,6397906422409,T479,5.2,Grace Novak,2025-09-19 19:18:29,noise
6397008615813,6397906422409,T479,7.1,Grace Novak,2025-09-18 20:27:53,noise
6397008615813,6397906422409,T480,13.9,Grace Novak,2025-09-18 12:05:32,noise
6397008615813,6393975769123,T479,22.3,Grace Novak,2025-09-17 10:20:24,noise
6397008615813,6397906422409,T480,41.6,Grace Novak,2025-09-17 23:20:17,noise
6397008615813,6397906422409,T480,6.0,Grace Novak,2025-09-16 20:07:24,noise
6397008615813,6397906422409,T479,23.4,Grace Novak,2025-09-15 13:19:14,noise
6397008615813,6393493304331,T479,17.0,Grace Novak,2025-09-15 16:24:00,noise
6397008615813,6399799920361,T480,16.9,Grace Novak,2025-09-15 18:03:49,noise
6397008615813,6399799920361,T479,7.8,Grace Novak,2025-09-14 15:28:17,noise
6397008615813,6399799920361,T480,21.8,Grace Novak,2025-09-14 09:06:45,noise
6397008615813,6399799920361,T480,12.8,Grace Novak,2025-09-13 09:19:37,noise
6397008615813,6399856589429,T480,5.9,Grace Novak,2025-09-13 08:09:42,noise
6397008615813,6397906422409,T479,4.1,Grace Novak,2025-09-12 10:21:32,noise
6397008615813,6397906422409,T479,17.8,Grace Novak,2025-09-11 11:19:25,noise
6397008615813,6399799920361,T480,10.9,Grace Novak,2025-09-11 02:30:19,noise
6397008615813,6393045592855,T479,33.3,Grace Novak,2025-09-10 18:19:42,noise
6397008615813,6393726218800,T480,53.5,Grace Novak,2025-09-10 15:23:09,noise
6397008615813,6397906422409,T480,12.1,Grace Novak,2025-09-10 22:21:28,noise
6397008615813,6397906422409,T480,8.9,Grace Novak,2025-09-09 18:28:24,noise
6397008615813,6397906422409,T480,17.9,Grace Novak,2025-09-09 20:27:41,noise
6397008615813,6399521620276,T480,22.9,Grace Novak,2025-09-08 19:29:23,noise
6397008615813,6397906422409,T479,28.6,Grace Novak,2025-09-08 10:07:58,noise
6397008615813,6397844655371,T480,11.7,Grace Novak,2025-09-07 14:04:21,noise
6397008615813,6393507307642,T480,28.0,Grace Novak,2025-09-07 09:26:31,noise
6397008615813,6393859907578,T479,25.8,Grace Novak,2025-09-06 23:16:44,noise
6397008615813,6399799920361,T480,24.6,Grace Novak,2025-09-06 01:16:32,noise
6397008615813,6397906422409,T479,15.4,Grace Novak,2025-09-06 01:00:00,noise
6397008615813,6397316055758,T479,15.4,Grace Novak,2025-09-05 19:12:45,noise
6397008615813,6395255503056,T479,16.1,Grace Novak,2025-09-05 09:16:35,noise
6397008615813,6397906422409,T479,5.9,Grace Novak,2025-09-05 18:24:13,noise
6397008615813,6399799920361,T480,10.2,Grace Novak,2025-09-04 09:12:04,noise
6397008615813,6394779148527,T480,14.0,Grace Novak,2025-09-04 16:29:38,noise
6397008615813,6399799920361,T480,13.4,Grace Novak,2025-09-03 05:10:14,noise
6397008615813,6397364632100,T479,12.6,Grace Novak,2025-09-03 18:01:16,noise
6397008615813,6397664580862,T479,22.3,Grace Novak,2025-09-02 13:12:26,noise
6397008615813,6397906422409,T479,16.9,Grace Novak,2025-09-01 09:16:53,noise
6397008615813,6397588030313,T480,10.4,Grace Novak,2025-08-31 02:26:53,noise
6397008615813,6395656527999,T479,7.4,Grace Novak,2025-08-31 19:19:39,noise
6397008615813,6396967557245,T480,15.8,Grace Novak,2025-08-31 16:04:11,noise
6397008615813,6397588030313,T480,20.6,Grace Novak,2025-08-30 18:10:01,noise
6397008615813,6397906422409,T480,17.8,Grace Novak,2025-08-30 14:00:47,noise
6397008615813,6393135045026,T480,28.0,Grace Novak,2025-08-29 11:30:52,noise
6397008615813,6397906422409,T480,35.1,Grace Novak,2025-08-28 09:15:16,noise
6397008615813,6399799920361,T480,9.7,Grace Novak,2025-08-27 11:24:53,noise
6397008615813,6399799920361,T479,58.3,Grace Novak,2025-08-27 14:23:21,noise
6397008615813,6397906422409,T479,14.8,Grace Novak,2025-08-27 12:10:45,noise
6397008615813,6395082508928,T480,12.4,Grace Novak,2025-08-26 19:08:20,noise
6397008615813,6392463613153,T480,12.5,Grace Novak,2025-08-25 20:26:49,noise
6397008615813,6391621634803,T479,9.3,Grace Novak,2025-08-25 22:01:43,noise
6397008615813,6399799920361,T480,8.1,Grace Novak,2025-08-24 15:26:53,noise
6397008615813,6397554224472,T480,6.1,Grace Novak,2025-08-24 09:19:11,noise
6397008615813,6398491189169,T479,25.4,Grace Novak,2025-08-24 13:17:57,noise
6397008615813,6397906422409,T479,17.7,Grace Novak,2025-08-23 04:12:36,noise
6397008615813,6398491189169,T479,6.0,Grace Novak,2025-08-22 17:19:10,noise
6397008615813,6399799920361,T479,4.5,Grace Novak,2025-08-22 11:19:45,noise
6397008615813,6397906422409,T480,39.4,Grace Novak,2025-08-21 04:03:26,noise
6397008615813,6397906422409,T479,19.9,Grace Novak,2025-08-21 12:16:37,noise
6397008615813,6397906422409,T479,27.8,Grace Novak,2025-08-20 17:26:17,noise
6397008615813,6399076960112,T479,10.3,Grace Novak,2025-08-19 14:24:09,noise
6397008615813,6391611816266,T480,36.9,Grace Novak,2025-08-19 22:03:38,noise
6397008615813,6397588030313,T480,7.4,Grace Novak,2025-08-18 14:11:37,noise
6397008615813,6397906422409,T480,16.1,Grace Novak,2025-08-18 14:16:24,noise
6397008615813,6399799920361,T480,25.7,Grace Novak,2025-08-18 12:27:11,noise
6397008615813,6396631526248,T480,25.0,Grace Novak,2025-08-17 13:24:50,noise
6397008615813,6399799920361,T479,10.4,Grace Novak,2025-08-17 20:29:57,noise
6397008615813,6393507307642,T480,19.8,Grace Novak,2025-08-16 14:20:33,noise
6397008615813,6399799920361,T479,25.0,Grace Novak,2025-08-16 20:21:35,noise
6397008615813,6397235532708,T480,3.7,Grace Novak,2025-08-15 23:26:56,noise
6397008615813,6397906422409,T479,16.9,Grace Novak,2025-08-15 13:03:45,noise
6397008615813,6397906422409,T480,12.4,Grace Novak,2025-08-14 21:05:27,noise
6397008615813,6397906422409,T480,14.3,Grace Novak,2025-08-14 17:01:57,noise
6397008615813,6395363927709,T480,10.5,Grace Novak,2025-08-13 11:12:28,noise
6397008615813,6397906422409,T480,34.2,Grace Novak,2025-08-13 13:19:41,noise
6397008615813,6399799920361,T480,20.2,Grace Novak,2025-08-12 05:11:14,noise
6397008615813,6399799920361,T480,16.4,Grace Novak,2025-08-12 12:25:47,noise
6397008615813,6397652242448,T479,9.5,Grace Novak,2025-08-11 18:16:01,noise
6397008615813,6397906422409,T480,24.1,Grace Novak,2025-08-11 16:25:26,noise
6397008615813,6391841771012,T480,25.1,Grace Novak,2025-08-11 10:22:36,noise
6397008615813,6399799920361,T480,7.4,Grace Novak,2025-08-10 15:18:30,noise
6397008615813,6399799920361,T479,32.1,Grace Novak,2025-08-10 19:24:11,noise
6397008615813,6399799920361,T480,54.0,Grace Novak,2025-08-09 08:16:20,noise
6397008615813,6399799920361,T479,25.7,Grace Novak,2025-08-08 08:09:30,noise
6397008615813,6397906422409,T479,16.2,Grace Novak,2025-08-07 18:03:58,noise
6397008615813,6397235532708,T480,20.2,Grace Novak,2025-08-07 15:06:47,noise
6397008615813,6397906422409,T479,83.0,Grace Novak,2025-08-06 16:11:13,noise
6397008615813,6394574621348,T479,20.7,Grace Novak,2025-08-06 19:30:18,noise
6397008615813,6397906422409,T479,12.5,Grace Novak,2025-08-06 11:13:20,noise
6397008615813,6397636641248,T479,30.8,Grace Novak,2025-08-05 13:16:09,noise
6397008615813,6397906422409,T480,4.9,Grace Novak,2025-08-05 02:06:44,noise
6397008615813,6396518798247,T479,36.3,Grace Novak,2025-08-04 19:17:55,noise
6394882630315,6396119144758,T107,6.7,Noah Okafor,2025-10-18 11:07:42,noise
6394882630315,6393135045026,T107,9.7,Noah Okafor,2025-10-18 10:07:41,noise
6394882630315,6397364632100,T107,23.4,Noah Okafor,2025-10-17 16:05:45,noise
6394882630315,6397364632100,T895,6.2,Noah Okafor,2025-10-17 18:17:21,noise
6394882630315,6395255503056,T895,18.4,Noah Okafor,2025-10-17 00:08:50,noise
6394882630315,6398036705746,T107,33.1,Noah Okafor,2025-10-16 17:28:45,noise
6394882630315,6397906422409,T107,7.6,Noah Okafor,2025-10-15 17:03:10,noise
6394882630315,6395255503056,T107,15.2,Noah Okafor,2025-10-15 05:00:49,noise
6394882630315,6393135045026,T107,19.1,Noah Okafor,2025-10-14 11:00:49,noise
6394882630315,6397364632100,T895,21.5,Noah Okafor,2025-10-13 09:06:11,noise
6394882630315,6395255503056,T107,34.6,Noah Okafor,2025-10-13 14:05:56,noise
6394882630315,6393135045026,T107,23.3,Noah Okafor,2025-10-12 17:25:41,noise
6394882630315,6394264279208,T107,22.9,Noah Okafor,2025-10-12 21:10:41,noise
6394882630315,6395255503056,T107,14.8,Noah Okafor,2025-10-11 15:03:34,noise
6394882630315,6394882630315,T895,14.8,Noah Okafor,2025-10-11 14:29:05,noise
6394882630315,6399979024610,T895,44.0,Noah Okafor,2025-10-10 09:23:33,noise
6394882630315,6393135045026,T107,17.1,Noah Okafor,2025-10-10 09:12:58,noise
6394882630315,6393135045026,T107,8.1,Noah Okafor,2025-10-10 13:07:20,noise
6394882630315,6397364632100,T895,11.2,Noah Okafor,2025-10-09 23:00:35,noise
6394882630315,6397364632100,T107,6.8,Noah Okafor,2025-10-09 00:13:12,noise
6394882630315,6391279393246,T895,16.3,Noah Okafor,2025-10-08 14:09:46,noise
6394882630315,6397588030313,T107,76.6,Noah Okafor,2025-10-08 17:03:41,noise
6394882630315,6395255503056,T107,17.0,Noah Okafor,2025-10-07 15:13:23,noise
6394882630315,6394574621348,T895,5.5,Noah Okafor,2025-10-07 19:12:54,noise
6394882630315,6395255503056,T895,17.0,Noah Okafor,2025-10-07 09:19:51,noise
6394882630315,6396631526248,T107,12.9,Noah Okafor,2025-10-06 11:05:56,noise
6394882630315,6395255503056,T107,10.1,Noah Okafor,2025-10-06 14:12:25,noise
6394882630315,6397652242448,T895,15.4,Noah Okafor,2025-10-05 05:11:14,noise
6394882630315,6395255503056,T107,21.4,Noah Okafor,2025-10-05 20:23:05,noise
6394882630315,6397364632100,T895,7.9,Noah Okafor,2025-10-04 13:12:19,noise
6394882630315,6394882630315,T895,31.2,Noah Okafor,2025-10-03 04:24:48,noise
6394882630315,6399521620276,T107,22.9,Noah Okafor,2025-10-03 10:06:54,noise
6394882630315,6399979024610,T895,11.3,Noah Okafor,2025-10-02 09:09:41,noise
6394882630315,6395255503056,T107,18.1,Noah Okafor,2025-10-02 09:07:47,noise
6394882630315,6393135045026,T107,18.3,Noah Okafor,2025-10-02 19:12:10,noise
6394882630315,6395255503056,T895,12.1,Noah Okafor,2025-10-01 09:29:55,noise
6394882630315,6397364632100,T895,10.8,Noah Okafor,2025-10-01 18:20:21,noise
6394882630315,6392059565366,T895,13.8,Noah Okafor,2025-09-30 17:15:52,noise
6394882630315,6395255503056,T107,8.7,Noah Okafor,2025-09-30 11:26:58,noise
6394882630315,6397364632100,T895,23.5,Noah Okafor,2025-09-29 17:25:19,noise
6394882630315,6395255503056,T107,13.1,Noah Okafor,2025-09-29 13:06:11,noise
6394882630315,6397364632100,T107,14.8,Noah Okafor,2025-09-29 10:14:03,noise
6394882630315,6397364632100,T895,14.4,Noah Okafor,2025-09-28 19:22:29,noise
6394882630315,6393975769123,T107,13.5,Noah Okafor,2025-09-28 11:15:52,noise
6394882630315,6392835511896,T895,21.2,Noah Okafor,2025-09-28 13:03:15,noise
6394882630315,6391937582998,T107,20.3,Noah Okafor,2025-09-27 11:05:22,noise
6394882630315,6397364632100,T107,9.6,Noah Okafor,2025-09-27 16:25:08,noise
6394882630315,6395255503056,T895,13.0,Noah Okafor,2025-09-26 11:11:14,noise
6394882630315,6392779062252,T895,16.7,Noah Okafor,2025-09-25 18:27:57,noise
6394882630315,6393541804755,T107,14.2,Noah Okafor,2025-09-25 08:20:19,noise
6394882630315,6397364632100,T895,16.8,Noah Okafor,2025-09-24 15:04:23,noise
6394882630315,6397364632100,T895,21.3,Noah Okafor,2025-09-24 05:08:20,noise
6394882630315,6397364632100,T107,17.9,Noah Okafor,2025-09-24 12:14:07,noise
6394882630315,6397364632100,T107,10.5,Noah Okafor,2025-09-23 12:15:03,noise
6394882630315,6397364632100,T107,35.0,Noah Okafor,2025-09-23 16:18:50,noise
6394882630315,6393135045026,T895,10.4,Noah Okafor,2025-09-22 22:13:18,noise
6394882630315,6391937903040,T895,13.9,Noah Okafor,2025-09-22 15:30:34,noise
6394882630315,6395255503056,T107,14.9,Noah Okafor,2025-09-22 19:19:10,noise
6394882630315,6395255503056,T107,4.3,Noah Okafor,2025-09-21 11:21:12,noise
6394882630315,6395255503056,T107,13.3,Noah Okafor,2025-09-21 19:23:38,noise
6394882630315,6393135045026,T895,18.4,Noah Okafor,2025-09-20 09:04:09,noise
6394882630315,6397364632100,T895,26.1,Noah Okafor,2025-09-19 19:13:12,noise
6394882630315,6395255503056,T107,23.8,Noah Okafor,2025-09-19 13:30:44,noise
6394882630315,6395255503056,T107,4.1,Noah Okafor,2025-09-18 16:02:01,noise
6394882630315,6397664580862,T895,14.1,Noah Okafor,2025-09-18 20:15:05,noise
6394882630315,6395978599202,T107,4.0,Noah Okafor,2025-09-18 23:07:00,noise
6394882630315,6397364632100,T895,24.7,Noah Okafor,2025-09-17 08:18:58,noise
6394882630315,6394882630315,T895,16.8,Noah Okafor,2025-09-17 09:29:08,noise
6394882630315,6393135045026,T107,12.5,Noah Okafor,2025-09-17 19:09:16,noise
6394882630315,6397364632100,T895,7.8,Noah Okafor,2025-09-16 08:17:40,noise
6394882630315,6393135045026,T107,47.7,Noah Okafor,2025-09-16 15:29:01,noise
6394882630315,6393135045026,T107,22.8,Noah Okafor,2025-09-15 10:03:49,noise
6394882630315,6395255503056,T895,14.8,Noah Okafor,2025-09-14 09:14:59,noise
6394882630315,6392885325965,T107,94.0,Noah Okafor,2025-09-13 14:06:03,noise
6394882630315,6391841771012,T895,39.3,Noah Okafor,2025-09-13 13:27:16,noise
6394882630315,6397364632100,T895,18.4,Noah Okafor,2025-09-12 22:08:41,noise
6394882630315,6395255503056,T107,24.5,Noah Okafor,2025-09-12 15:22:47,noise
6394882630315,6397364632100,T107,29.0,Noah Okafor,2025-09-11 16:15:49,noise
6394882630315,6392795791102,T895,11.8,Noah Okafor,2025-09-11 15:13:17,noise
6394882630315,6397364632100,T107,25.9,Noah Okafor,2025-09-10 12:27:03,noise
6394882630315,6393135045026,T107,8.1,Noah Okafor,2025-09-09 16:25:05,noise
6394882630315,6393723821869,T107,5.0,Noah Okafor,2025-09-09 10:21:58,noise
6394882630315,6396607099917,T107,3.7,Noah Okafor,2025-09-09 19:03:09,noise
6394882630315,6395255503056,T107,9.6,Noah Okafor,2025-09-08 12:22:58,noise
6394882630315,6395255503056,T107,38.7,Noah Okafor,2025-09-08 17:00:56,noise
6394882630315,6396468854276,T107,6.5,Noah Okafor,2025-09-08 16:22:53,noise
6394882630315,6393135045026,T895,51.0,Noah Okafor,2025-09-07 11:20:44,noise
6394882630315,6393135045026,T895,26.0,Noah Okafor,2025-09-07 13:18:27,noise
6394882630315,6395255503056,T107,28.2,Noah Okafor,2025-09-06 17:06:23,noise
6394882630315,6397364632100,T107,23.2,Noah Okafor,2025-09-06 09:30:56,noise
6394882630315,6395255503056,T107,10.5,Noah Okafor,2025-09-05 14:16:15,noise
6394882630315,6397364632100,T107,59.1,Noah Okafor,2025-09-05 11:25:51,noise
6394882630315,6397364632100,T107,15.4,Noah Okafor,2025-09-04 14:28:33,noise
6394882630315,6393135045026,T107,11.3,Noah Okafor,2025-09-04 15:07:10,noise
6394882630315,6397554224472,T107,20.2,Noah Okafor,2025-09-03 14:25:19,noise
6394882630315,6393135045026,T895,30.2,Noah Okafor,2025-09-03 13:27:36,noise
6394882630315,6393135045026,T107,21.1,Noah Okafor,2025-09-02 21:03:44,noise
6394882630315,6397364632100,T895,15.4,Noah Okafor,2025-09-02 00:17:44,noise
6394882630315,6397364632100,T895,20.9,Noah Okafor,2025-09-01 17:26:58,noise
6394882630315,6395778639223,T895,17.4,Noah Okafor,2025-09-01 15:29:31,noise
6394882630315,6397364632100,T895,12.9,Noah Okafor,2025-08-31 23:06:56,noise
6394882630315,6395255503056,T895,13.1,Noah Okafor,2025-08-31 20:28:14,noise
6394882630315,6396492957730,T107,22.1,Noah Okafor,2025-08-30 17:07:58,noise
6394882630315,6397364632100,T107,12.2,Noah Okafor,2025-08-30 17:10:28,noise
6394882630315,6395255503056,T895,8.6,Noah Okafor,2025-08-29 12:18:47,noise
6394882630315,6393135045026,T107,94.5,Noah Okafor,2025-08-29 22:01:40,noise
6394882630315,6393507307642,T107,9.5,Noah Okafor,2025-08-28 13:21:13,noise
6394882630315,6395255503056,T895,20.3,Noah Okafor,2025-08-28 01:15:43,noise
6394882630315,6392523182756,T895,33.5,Noah Okafor,2025-08-27 03:02:07,noise
6394882630315,6397364632100,T895,48.9,Noah Okafor,2025-08-27 19:17:10,noise
6394882630315,6397364632100,T107,13.3,Noah Okafor,2025-08-26 13:20:31,noise
6394882630315,6393507307642,T895,32.1,Noah Okafor,2025-08-25 20:28:11,noise
6394882630315,6391681212932,T107,6.1,Noah Okafor,2025-08-25 08:19:44,noise
6394882630315,6395255503056,T895,5.6,Noah Okafor,2025-08-24 12:29:55,noise
6394882630315,6394841742270,T895,23.9,Noah Okafor,2025-08-23 12:15:46,noise
6394882630315,6397844655371,T107,38.0,Noah Okafor,2025-08-23 18:18:34,noise
6394882630315,6393135045026,T895,14.4,Noah Okafor,2025-08-22 09:28:22,noise
6394882630315,6396468854276,T107,3.4,Noah Okafor,2025-08-22 08:06:13,noise
6394882630315,6397844655371,T107,27.9,Noah Okafor,2025-08-22 11:25:37,noise
6394882630315,6393135045026,T895,19.6,Noah Okafor,2025-08-21 11:19:16,noise
6394882630315,6393135045026,T895,9.7,Noah Okafor,2025-08-21 12:09:35,noise
6394882630315,6393135045026,T895,37.2,Noah Okafor,2025-08-21 09:16:48,noise
6394882630315,6392463613153,T107,13.0,Noah Okafor,2025-08-20 15:28:21,noise
6394882630315,6393951377482,T107,21.6,Noah Okafor,2025-08-20 23:14:09,noise
6394882630315,6395255503056,T107,42.4,Noah Okafor,2025-08-20 11:25:42,noise
6394882630315,6395255503056,T895,35.9,Noah Okafor,2025-08-19 19:05:19,noise
6394882630315,6395255503056,T895,20.2,Noah Okafor,2025-08-19 22:06:48,noise
6394882630315,6396892073434,T895,22.8,Noah Okafor,2025-08-18 10:17:00,noise
6394882630315,6396181402712,T895,20.6,Noah Okafor,2025-08-18 19:13:47,noise
6394882630315,6399521620276,T895,16.1,Noah Okafor,2025-08-17 09:06:39,noise
6394882630315,6395255503056,T107,22.9,Noah Okafor,2025-08-17 20:25:14,noise
6394882630315,6397364632100,T107,19.3,Noah Okafor,2025-08-17 22:08:25,noise
6394882630315,6393135045026,T107,20.2,Noah Okafor,2025-08-16 16:07:00,noise
6394882630315,6397364632100,T107,28.1,Noah Okafor,2025-08-15 12:28:14,noise
6394882630315,6393135045026,T107,13.4,Noah Okafor,2025-08-15 04:12:08,noise
6394882630315,6394264279208,T895,8.5,Noah Okafor,2025-08-14 22:29:12,noise
6394882630315,6395978599202,T895,21.1,Noah Okafor,2025-08-14 20:29:12,noise
6394882630315,6395255503056,T895,8.6,Noah Okafor,2025-08-13 00:23:53,noise
6394882630315,6396227547092,T107,3.2,Noah Okafor,2025-08-13 19:07:18,noise
6394882630315,6391937903040,T107,106.1,Noah Okafor,2025-08-13 02:07:16,noise
6394882630315,6396967557245,T895,14.3,Noah Okafor,2025-08-12 19:05:11,noise
6394882630315,6395082508928,T107,17.5,Noah Okafor,2025-08-12 11:23:28,noise
6394882630315,6393135045026,T107,9.1,Noah Okafor,2025-08-11 15:10:48,noise
6394882630315,6397364632100,T895,15.8,Noah Okafor,2025-08-11 19:29:10,noise
6394882630315,6393135045026,T107,5.7,Noah Okafor,2025-08-10 11:13:00,noise
6394882630315,6391757381529,T107,61.3,Noah Okafor,2025-08-10 18:27:14,noise
6394882630315,6397008615813,T107,31.1,Noah Okafor,2025-08-09 09:23:10,noise
6394882630315,6399471209395,T895,12.3,Noah Okafor,2025-08-08 09:17:58,noise
6394882630315,6398761443795,T107,21.9,Noah Okafor,2025-08-07 02:15:03,noise
6394882630315,6395255503056,T107,18.5,Noah Okafor,2025-08-07 21:21:40,noise
6394882630315,6398391305137,T895,9.9,Noah Okafor,2025-08-06 13:05:22,noise
6394882630315,6391611816266,T895,15.3,Noah Okafor,2025-08-05 09:04:21,noise
6394882630315,6393135045026,T107,21.5,Noah Okafor,2025-08-05 15:16:48,noise
6394882630315,6393135045026,T107,30.2,Noah Okafor,2025-08-05 12:16:29,noise
6394882630315,6391575752536,T107,28.9,Noah Okafor,2025-08-04 13:01:09,noise
6394882630315,6392295700924,T107,54.0,Noah Okafor,2025-08-04 14:17:55,noise
6394882630315,6395656527999,T895,11.3,Noah Okafor,2025-08-04 08:15:38,noise
6398491189169,6393561104962,T633,24.2,Leo Anderson,2025-10-18 14:12:59,noise
6398491189169,6391194839118,T127,5.4,Leo Anderson,2025-10-17 13:06:07,noise
6398491189169,6396441529079,T127,12.3,Leo Anderson,2025-10-17 19:19:53,noise
6398491189169,6395255503056,T633,33.1,Leo Anderson,2025-10-16 09:09:13,noise
6398491189169,6394841742270,T127,66.2,Leo Anderson,2025-10-16 14:27:25,noise
6398491189169,6391053669235,T127,24.7,Leo Anderson,2025-10-15 20:29:51,noise
6398491189169,6395255503056,T633,20.9,Leo Anderson,2025-10-15 11:29:56,noise
6398491189169,6395975932913,T633,17.7,Leo Anderson,2025-10-14 11:18:17,noise
6398491189169,6397664580862,T127,14.3,Leo Anderson,2025-10-13 23:29:05,noise
6398491189169,6395255503056,T633,16.7,Leo Anderson,2025-10-13 14:04:56,noise
6398491189169,6396441529079,T633,33.0,Leo Anderson,2025-10-12 20:14:14,noise
6398491189169,6395255503056,T633,4.7,Leo Anderson,2025-10-12 11:11:55,noise
6398491189169,6393794997179,T127,8.3,Leo Anderson,2025-10-11 01:20:43,noise
6398491189169,6396441529079,T127,3.5,Leo Anderson,2025-10-10 11:13:20,noise
6398491189169,6396441529079,T633,17.0,Leo Anderson,2025-10-10 09:05:33,noise
6398491189169,6394264279208,T127,34.0,Leo Anderson,2025-10-09 14:06:58,noise
6398491189169,6395255503056,T127,52.7,Leo Anderson,2025-10-09 15:17:04,noise
6398491189169,6391937903040,T633,18.3,Leo Anderson,2025-10-08 09:18:19,noise
6398491189169,6396441529079,T127,12.0,Leo Anderson,2025-10-08 21:16:10,noise
6398491189169,6396441529079,T127,70.4,Leo Anderson,2025-10-08 16:05:08,noise
6398491189169,6395255503056,T633,24.0,Leo Anderson,2025-10-07 11:01:49,noise
6398491189169,6395975932913,T633,13.5,Leo Anderson,2025-10-07 11:15:29,noise
6398491189169,6395975932913,T127,11.9,Leo Anderson,2025-10-06 10:10:14,noise
6398491189169,6395975932913,T633,22.7,Leo Anderson,2025-10-06 19:03:45,noise
6398491189169,6395975932913,T127,23.1,Leo Anderson,2025-10-05 16:20:56,noise
6398491189169,6396441529079,T127,8.2,Leo Anderson,2025-10-05 03:05:54,noise
6398491189169,6393507307642,T633,103.3,Leo Anderson,2025-10-05 20:22:13,noise
6398491189169,6395255503056,T127,9.5,Leo Anderson,2025-10-04 08:19:03,noise
6398491189169,6395975932913,T127,51.2,Leo Anderson,2025-10-04 11:26:49,noise
6398491189169,6396441529079,T633,4.6,Leo Anderson,2025-10-03 15:01:50,noise
6398491189169,6395975932913,T633,21.1,Leo Anderson,2025-10-03 03:09:09,noise
6398491189169,6396441529079,T633,8.6,Leo Anderson,2025-10-02 03:04:56,noise
6398491189169,6395255503056,T633,10.2,Leo Anderson,2025-10-01 13:00:46,noise
6398491189169,6395255503056,T127,11.0,Leo Anderson,2025-10-01 13:14:19,noise
6398491189169,6395975932913,T633,13.1,Leo Anderson,2025-09-30 21:11:33,noise
6398491189169,6396441529079,T127,23.6,Leo Anderson,2025-09-30 20:21:02,noise
6398491189169,6395975932913,T127,20.4,Leo Anderson,2025-09-30 16:23:33,noise
6398491189169,6395975932913,T633,8.2,Leo Anderson,2025-09-29 19:04:35,noise
6398491189169,6396441529079,T633,18.1,Leo Anderson,2025-09-28 23:13:38,noise
6398491189169,6395255503056,T127,33.7,Leo Anderson,2025-09-28 17:23:53,noise
6398491189169,6395255503056,T127,10.7,Leo Anderson,2025-09-27 18:20:02,noise
6398491189169,6395255503056,T127,9.6,Leo Anderson,2025-09-27 02:15:57,noise
6398491189169,6397235532708,T127,47.4,Leo Anderson,2025-09-26 23:04:15,noise
6398491189169,6392523182756,T633,29.0,Leo Anderson,2025-09-26 21:03:51,noise
6398491189169,6399076960112,T633,17.4,Leo Anderson,2025-09-25 18:13:43,noise
6398491189169,6395255503056,T127,10.7,Leo Anderson,2025-09-25 15:05:18,noise
6398491189169,6396441529079,T127,8.8,Leo Anderson,2025-09-24 16:02:46,noise
6398491189169,6399259551176,T633,10.9,Leo Anderson,2025-09-24 21:23:45,noise
6398491189169,6395975932913,T127,8.8,Leo Anderson,2025-09-23 19:29:58,noise
6398491189169,6396441529079,T633,35.9,Leo Anderson,2025-09-23 15:11:35,noise
6398491189169,6392334677082,T633,53.8,Leo Anderson,2025-09-22 00:13:06,noise
6398491189169,6399799920361,T633,73.4,Leo Anderson,2025-09-22 10:18:42,noise
6398491189169,6395255503056,T633,33.8,Leo Anderson,2025-09-21 14:01:33,noise
6398491189169,6391621634803,T127,27.1,Leo Anderson,2025-09-21 10:06:14,noise
6398491189169,6396441529079,T127,10.8,Leo Anderson,2025-09-20 16:00:35,noise
6398491189169,6398491189169,T633,28.1,Leo Anderson,2025-09-20 21:00:45,noise
6398491189169,6395255503056,T127,40.6,Leo Anderson,2025-09-19 17:29:08,noise
6398491189169,6396859651169,T127,6.4,Leo Anderson,2025-09-18 14:19:28,noise
6398491189169,6395975932913,T127,7.1,Leo Anderson,2025-09-17 17:13:10,noise
6398491189169,6395975932913,T633,15.1,Leo Anderson,2025-09-17 15:20:03,noise
6398491189169,6395975932913,T633,14.6,Leo Anderson,2025-09-17 10:12:40,noise
6398491189169,6395975932913,T127,17.0,Leo Anderson,2025-09-16 18:02:06,noise
6398491189169,6395975932913,T127,26.3,Leo Anderson,2025-09-16 09:05:17,noise
6398491189169,6395255503056,T127,21.8,Leo Anderson,2025-09-15 12:29:38,noise
6398491189169,6395255503056,T633,12.4,Leo Anderson,2025-09-15 16:28:28,noise
6398491189169,6397316055758,T127,11.8,Leo Anderson,2025-09-14 17:15:08,noise
6398491189169,6395255503056,T633,5.0,Leo Anderson,2025-09-14 13:20:49,noise
6398491189169,6394264279208,T633,7.4,Leo Anderson,2025-09-14 02:21:27,noise
6398491189169,6396441529079,T127,7.0,Leo Anderson,2025-09-13 15:16:30,noise
6398491189169,6397636641248,T633,11.3,Leo Anderson,2025-09-13 20:14:14,noise
6398491189169,6395975932913,T127,68.2,Leo Anderson,2025-09-12 19:05:36,noise
6398491189169,6395975932913,T127,3.1,Leo Anderson,2025-09-11 21:12:26,noise
6398491189169,6395975932913,T127,2.3,Leo Anderson,2025-09-11 13:08:40,noise
6398491189169,6395255503056,T127,6.3,Leo Anderson,2025-09-11 17:10:00,noise
6398491189169,6396892073434,T127,9.9,Leo Anderson,2025-09-10 16:08:08,noise
6398491189169,6396978132661,T127,25.6,Leo Anderson,2025-09-10 16:01:18,noise
6398491189169,6396492957730,T127,36.2,Leo Anderson,2025-09-10 20:05:20,noise
6398491189169,6395255503056,T633,29.8,Leo Anderson,2025-09-09 08:24:54,noise
6398491189169,6395975932913,T633,62.5,Leo Anderson,2025-09-09 19:23:47,noise
6398491189169,6396441529079,T127,41.1,Leo Anderson,2025-09-09 08:04:23,noise
6398491189169,6393603835968,T127,20.4,Leo Anderson,2025-09-08 17:04:25,noise
6398491189169,6395255503056,T633,10.3,Leo Anderson,2025-09-08 15:03:33,noise
6398491189169,6396441529079,T127,31.3,Leo Anderson,2025-09-07 14:11:58,noise
6398491189169,6396119144758,T127,15.0,Leo Anderson,2025-09-07 10:26:32,noise
6398491189169,6396441529079,T633,13.7,Leo Anderson,2025-09-07 11:06:49,noise
6398491189169,6392724977358,T127,18.0,Leo Anderson,2025-09-06 10:27:27,noise
6398491189169,6395255503056,T127,6.9,Leo Anderson,2025-09-06 14:12:02,noise
6398491189169,6396441529079,T127,10.6,Leo Anderson,2025-09-05 20:02:07,noise
6398491189169,6395975932913,T127,7.5,Leo Anderson,2025-09-04 10:23:11,noise
6398491189169,6395726944755,T127,16.6,Leo Anderson,2025-09-04 09:17:14,noise
6398491189169,6395255503056,T127,14.9,Leo Anderson,2025-09-04 19:11:29,noise
6398491189169,6396518798247,T127,15.9,Leo Anderson,2025-09-03 01:21:12,noise
6398491189169,6395255503056,T127,30.4,Leo Anderson,2025-09-03 17:05:15,noise
6398491189169,6396441529079,T127,20.9,Leo Anderson,2025-09-02 12:27:34,noise
6398491189169,6396441529079,T127,8.2,Leo Anderson,2025-09-02 11:24:34,noise
6398491189169,6396956928083,T127,8.1,Leo Anderson,2025-09-01 09:21:30,noise
6398491189169,6395975932913,T127,6.4,Leo Anderson,2025-09-01 13:11:19,noise
6398491189169,6396956928083,T127,24.6,Leo Anderson,2025-08-31 16:05:30,noise
6398491189169,6397364632100,T633,19.7,Leo Anderson,2025-08-31 19:14:55,noise
6398491189169,6396441529079,T633,39.5,Leo Anderson,2025-08-30 08:25:43,noise
6398491189169,6397588030313,T633,84.6,Leo Anderson,2025-08-30 08:19:47,noise
6398491189169,6396693621506,T633,7.8,Leo Anderson,2025-08-29 14:13:24,noise
6398491189169,6395975932913,T127,15.9,Leo Anderson,2025-08-29 08:20:05,noise
6398491189169,6392052186148,T633,27.6,Leo Anderson,2025-08-29 11:05:36,noise
6398491189169,6396441529079,T127,30.2,Leo Anderson,2025-08-28 12:25:03,noise
6398491189169,6395975932913,T633,6.5,Leo Anderson,2025-08-28 04:15:54,noise
6398491189169,6391575752536,T127,21.0,Leo Anderson,2025-08-28 13:15:44,noise
6398491189169,6396441529079,T127,9.2,Leo Anderson,2025-08-27 09:25:32,noise
6398491189169,6395975932913,T633,10.2,Leo Anderson,2025-08-27 15:22:10,noise
6398491189169,6392779062252,T633,27.5,Leo Anderson,2025-08-26 15:20:58,noise
6398491189169,6395255503056,T127,36.8,Leo Anderson,2025-08-26 21:25:04,noise
6398491189169,6396441529079,T127,17.2,Leo Anderson,2025-08-25 20:18:02,noise
6398491189169,6396441529079,T633,12.4,Leo Anderson,2025-08-25 12:16:10,noise
6398491189169,6395778639223,T633,4.6,Leo Anderson,2025-08-24 11:12:35,noise
6398491189169,6395975932913,T633,61.3,Leo Anderson,2025-08-24 10:28:43,noise
6398491189169,6396441529079,T127,30.5,Leo Anderson,2025-08-23 17:28:45,noise
6398491189169,6399924544312,T127,37.6,Leo Anderson,2025-08-23 03:30:58,noise
6398491189169,6392795791102,T633,9.9,Leo Anderson,2025-08-22 04:21:15,noise
6398491189169,6395975932913,T633,10.0,Leo Anderson,2025-08-22 08:20:15,noise
6398491189169,6392779062252,T633,9.8,Leo Anderson,2025-08-21 15:03:29,noise
6398491189169,6396441529079,T633,16.2,Leo Anderson,2025-08-21 19:21:35,noise
6398491189169,6395255503056,T633,10.7,Leo Anderson,2025-08-20 08:28:02,noise
6398491189169,6391937582998,T127,6.9,Leo Anderson,2025-08-20 12:00:08,noise
6398491189169,6397792731200,T633,8.3,Leo Anderson,2025-08-19 03:06:11,noise
6398491189169,6392795791102,T633,11.9,Leo Anderson,2025-08-18 18:05:07,noise
6398491189169,6396441529079,T127,17.6,Leo Anderson,2025-08-18 10:30:31,noise
6398491189169,6396441529079,T633,7.6,Leo Anderson,2025-08-18 09:06:34,noise
6398491189169,6397652242448,T633,2.3,Leo Anderson,2025-08-17 12:04:03,noise
6398491189169,6396743661793,T633,26.7,Leo Anderson,2025-08-17 18:01:42,noise
6398491189169,6395255503056,T633,5.7,Leo Anderson,2025-08-16 19:29:25,noise
6398491189169,6396441529079,T127,12.9,Leo Anderson,2025-08-16 18:11:27,noise
6398491189169,6395975932913,T127,17.7,Leo Anderson,2025-08-15 17:06:52,noise
6398491189169,6395975932913,T633,91.3,Leo Anderson,2025-08-15 17:03:15,noise
6398491189169,6391621634803,T127,44.0,Leo Anderson,2025-08-15 08:21:04,noise
6398491189169,6396441529079,T127,12.0,Leo Anderson,2025-08-14 13:16:18,noise
6398491189169,6396441529079,T633,7.0,Leo Anderson,2025-08-14 15:26:19,noise
6398491189169,6396181402712,T633,9.0,Leo Anderson,2025-08-13 13:05:25,noise
6398491189169,6396441529079,T633,20.1,Leo Anderson,2025-08-13 21:15:36,noise
6398491189169,6394272648738,T633,13.0,Leo Anderson,2025-08-12 09:20:14,noise
6398491189169,6395255503056,T127,20.3,Leo Anderson,2025-08-12 15:21:22,noise
6398491189169,6395255503056,T127,8.8,Leo Anderson,2025-08-12 19:07:39,noise
6398491189169,6395255503056,T633,4.2,Leo Anderson,2025-08-11 14:29:54,noise
6398491189169,6395975932913,T633,17.5,Leo Anderson,2025-08-11 20:06:45,noise
6398491189169,6395975932913,T633,32.1,Leo Anderson,2025-08-10 04:13:48,noise
6398491189169,6396441529079,T127,17.6,Leo Anderson,2025-08-10 03:00:25,noise
6398491189169,6391053669235,T127,4.3,Leo Anderson,2025-08-09 10:27:13,noise
6398491189169,6397588030313,T127,10.0,Leo Anderson,2025-08-08 23:17:25,noise
6398491189169,6395975932913,T127,15.0,Leo Anderson,2025-08-07 16:13:00,noise
6398491189169,6396492957730,T127,22.2,Leo Anderson,2025-08-06 08:27:50,noise
6398491189169,6397235532708,T127,12.1,Leo Anderson,2025-08-06 11:19:49,noise
6398491189169,6395975932913,T127,18.4,Leo Anderson,2025-08-06 19:23:04,noise
6398491189169,6395975932913,T633,17.1,Leo Anderson,2025-08-05 19:09:19,noise
6398491189169,6396441529079,T127,15.3,Leo Anderson,2025-08-04 12:18:43,noise
6399979024610,6393561104962,T139,62.7,Ben Duarte,2025-10-18 20:09:03,noise
6399979024610,6394882630315,T576,9.7,Ben Duarte,2025-10-18 11:11:44,noise
6399979024610,6399165981131,T576,67.9,Ben Duarte,2025-10-17 19:20:24,noise
6399979024610,6392885325965,T576,7.7,Ben Duarte,2025-10-17 16:04:00,noise
6399979024610,6396631526248,T139,50.0,Ben Duarte,2025-10-16 01:02:19,noise
6399979024610,6391279393246,T139,22.0,Ben Duarte,2025-10-16 21:23:34,noise
6399979024610,6398491189169,T576,7.5,Ben Duarte,2025-10-15 20:15:03,noise
6399979024610,6399165981131,T576,17.2,Ben Duarte,2025-10-14 14:01:15,noise
6399979024610,6398491189169,T139,39.5,Ben Duarte,2025-10-14 12:21:04,noise
6399979024610,6399165981131,T576,10.8,Ben Duarte,2025-10-13 20:03:04,noise
6399979024610,6398491189169,T576,2.8,Ben Duarte,2025-10-13 09:27:51,noise
6399979024610,6394882630315,T576,9.5,Ben Duarte,2025-10-12 09:29:43,noise
6399979024610,6391279393246,T576,17.9,Ben Duarte,2025-10-12 15:13:43,noise
6399979024610,6397008615813,T139,12.1,Ben Duarte,2025-10-12 10:28:02,noise
6399979024610,6398491189169,T139,10.3,Ben Duarte,2025-10-11 15:13:25,noise
6399979024610,6399165981131,T139,34.7,Ben Duarte,2025-10-10 14:20:56,noise
6399979024610,6398491189169,T576,31.1,Ben Duarte,2025-10-10 19:03:04,noise
6399979024610,6391279393246,T139,25.6,Ben Duarte,2025-10-09 15:01:07,noise
6399979024610,6398491189169,T139,7.8,Ben Duarte,2025-10-09 20:24:30,noise
6399979024610,6391279393246,T576,6.0,Ben Duarte,2025-10-08 21:10:53,noise
6399979024610,6398491189169,T139,20.3,Ben Duarte,2025-10-08 04:25:33,noise
6399979024610,6391279393246,T576,2.9,Ben Duarte,2025-10-07 10:01:44,noise
6399979024610,6396181402712,T139,11.0,Ben Duarte,2025-10-07 21:28:33,noise
6399979024610,6391053669235,T139,18.3,Ben Duarte,2025-10-06 09:27:11,noise
6399979024610,6398491189169,T576,39.4,Ben Duarte,2025-10-05 13:12:10,noise
6399979024610,6399924544312,T576,13.4,Ben Duarte,2025-10-04 04:09:30,noise
6399979024610,6397197783416,T139,51.5,Ben Duarte,2025-10-04 09:20:41,noise
6399979024610,6399496417009,T139,25.3,Ben Duarte,2025-10-03 10:18:40,noise
6399979024610,6391279393246,T139,33.4,Ben Duarte,2025-10-02 15:25:59,noise
6399979024610,6399165981131,T139,22.7,Ben Duarte,2025-10-02 21:20:09,noise
6399979024610,6391279393246,T139,24.9,Ben Duarte,2025-10-01 01:16:59,noise
6399979024610,6399165981131,T576,16.7,Ben Duarte,2025-09-30 11:19:23,noise
6399979024610,6398491189169,T576,6.4,Ben Duarte,2025-09-29 21:29:07,noise
6399979024610,6391279393246,T139,48.0,Ben Duarte,2025-09-29 08:25:53,noise
6399979024610,6398491189169,T576,69.6,Ben Duarte,2025-09-28 12:03:29,noise
6399979024610,6398491189169,T139,7.0,Ben Duarte,2025-09-28 13:07:54,noise
6399979024610,6399165981131,T576,8.1,Ben Duarte,2025-09-27 15:17:51,noise
6399979024610,6398491189169,T576,9.1,Ben Duarte,2025-09-27 14:14:23,noise
6399979024610,6391279393246,T576,18.4,Ben Duarte,2025-09-27 09:30:19,noise
6399979024610,6394841742270,T576,9.9,Ben Duarte,2025-09-26 14:17:14,noise
6399979024610,6399165981131,T139,23.9,Ben Duarte,2025-09-26 12:13:55,noise
6399979024610,6391279393246,T139,13.4,Ben Duarte,2025-09-25 13:24:24,noise
6399979024610,6391657761801,T139,11.3,Ben Duarte,2025-09-25 17:00:08,noise
6399979024610,6391611816266,T139,17.7,Ben Duarte,2025-09-25 22:16:40,noise
6399979024610,6392463613153,T576,41.6,Ben Duarte,2025-09-24 15:18:57,noise
6399979024610,6399979024610,T139,2.8,Ben Duarte,2025-09-23 12:19:29,noise
6399979024610,6391279393246,T139,11.2,Ben Duarte,2025-09-23 04:15:14,noise
6399979024610,6399165981131,T576,11.0,Ben Duarte,2025-09-22 12:17:15,noise
6399979024610,6391279393246,T139,20.9,Ben Duarte,2025-09-22 13:06:04,noise
6399979024610,6399165981131,T576,36.3,Ben Duarte,2025-09-21 18:02:18,noise
6399979024610,6391841771012,T139,49.3,Ben Duarte,2025-09-20 12:18:55,noise
6399979024610,6392463613153,T139,15.9,Ben Duarte,2025-09-19 09:28:56,noise
6399979024610,6399165981131,T139,22.3,Ben Duarte,2025-09-19 15:09:56,noise
6399979024610,6399165981131,T139,12.2,Ben Duarte,2025-09-19 10:28:15,noise
6399979024610,6392835511896,T576,29.3,Ben Duarte,2025-09-18 18:03:16,noise
6399979024610,6391279393246,T139,22.6,Ben Duarte,2025-09-17 09:27:09,noise
6399979024610,6391279393246,T576,19.4,Ben Duarte,2025-09-17 20:03:49,noise
6399979024610,6397364632100,T576,30.8,Ben Duarte,2025-09-16 08:11:23,noise
6399979024610,6398491189169,T576,33.1,Ben Duarte,2025-09-16 17:06:51,noise
6399979024610,6396181402712,T139,10.4,Ben Duarte,2025-09-15 18:24:37,noise
6399979024610,6394779148527,T139,23.9,Ben Duarte,2025-09-15 19:21:42,noise
6399979024610,6391279393246,T576,15.4,Ben Duarte,2025-09-15 01:19:27,noise
6399979024610,6399979024610,T576,10.2,Ben Duarte,2025-09-14 08:25:20,noise
6399979024610,6399165981131,T139,11.5,Ben Duarte,2025-09-13 10:16:23,noise
6399979024610,6398491189169,T576,31.3,Ben Duarte,2025-09-13 17:13:31,noise
6399979024610,6392295700924,T576,4.1,Ben Duarte,2025-09-12 17:19:36,noise
6399979024610,6398491189169,T576,35.9,Ben Duarte,2025-09-12 03:29:32,noise
6399979024610,6391279393246,T139,30.0,Ben Duarte,2025-09-11 09:00:14,noise
6399979024610,6398491189169,T576,17.2,Ben Duarte,2025-09-10 21:18:59,noise
6399979024610,6391279393246,T576,49.9,Ben Duarte,2025-09-10 15:11:17,noise
6399979024610,6399165981131,T576,28.2,Ben Duarte,2025-09-09 19:07:25,noise
6399979024610,6391279393246,T139,7.0,Ben Duarte,2025-09-08 12:04:38,noise
6399979024610,6399165981131,T576,10.6,Ben Duarte,2025-09-08 19:22:02,noise
6399979024610,6391279393246,T576,22.9,Ben Duarte,2025-09-07 23:26:20,noise
6399979024610,6398491189169,T576,14.2,Ben Duarte,2025-09-07 09:28:26,noise
6399979024610,6391279393246,T576,34.8,Ben Duarte,2025-09-07 18:03:07,noise
6399979024610,6399799920361,T139,33.1,Ben Duarte,2025-09-06 14:25:41,noise
6399979024610,6398491189169,T139,14.0,Ben Duarte,2025-09-06 10:30:03,noise
6399979024610,6398036705746,T576,15.1,Ben Duarte,2025-09-06 20:06:50,noise
6399979024610,6395913076726,T576,10.6,Ben Duarte,2025-09-05 09:24:02,noise
6399979024610,6398491189169,T139,15.2,Ben Duarte,2025-09-05 17:11:41,noise
6399979024610,6391279393246,T576,40.5,Ben Duarte,2025-09-04 09:13:50,noise
6399979024610,6398491189169,T139,24.1,Ben Duarte,2025-09-04 23:03:07,noise
6399979024610,6397844655371,T139,16.5,Ben Duarte,2025-09-03 08:00:33,noise
6399979024610,6391611816266,T576,19.9,Ben Duarte,2025-09-03 19:06:05,noise
6399979024610,6391279393246,T139,12.9,Ben Duarte,2025-09-02 16:21:58,noise
6399979024610,6392334677082,T139,6.8,Ben Duarte,2025-09-02 22:26:07,noise
6399979024610,6399165981131,T576,24.7,Ben Duarte,2025-09-02 23:08:10,noise
6399979024610,6391279393246,T139,16.0,Ben Duarte,2025-09-01 10:10:42,noise
6399979024610,6391279393246,T139,92.2,Ben Duarte,2025-09-01 12:16:20,noise
6399979024610,6399165981131,T139,27.1,Ben Duarte,2025-09-01 18:23:12,noise
6399979024610,6394272648738,T576,26.3,Ben Duarte,2025-08-31 19:25:11,noise
6399979024610,6392295700924,T139,9.4,Ben Duarte,2025-08-31 20:02:01,noise
6399979024610,6398491189169,T576,7.8,Ben Duarte,2025-08-30 14:13:08,noise
6399979024610,6391279393246,T576,2.6,Ben Duarte,2025-08-30 13:20:03,noise
6399979024610,6391681212932,T576,11.5,Ben Duarte,2025-08-30 17:02:16,noise
6399979024610,6398491189169,T576,24.9,Ben Duarte,2025-08-29 14:27:57,noise
6399979024610,6391279393246,T576,5.2,Ben Duarte,2025-08-29 15:25:22,noise
6399979024610,6391279393246,T139,24.5,Ben Duarte,2025-08-29 17:04:05,noise
6399979024610,6399496417009,T576,20.1,Ben Duarte,2025-08-28 09:26:11,noise
6399979024610,6391279393246,T576,42.8,Ben Duarte,2025-08-28 20:01:24,noise
6399979024610,6398491189169,T576,20.8,Ben Duarte,2025-08-27 15:19:04,noise
6399979024610,6396181402712,T139,16.2,Ben Duarte,2025-08-26 12:04:30,noise
6399979024610,6399165981131,T576,41.0,Ben Duarte,2025-08-25 22:13:38,noise
6399979024610,6396468854276,T576,20.5,Ben Duarte,2025-08-24 21:06:36,noise
6399979024610,6399165981131,T576,11.0,Ben Duarte,2025-08-24 17:19:46,noise
6399979024610,6391279393246,T576,21.4,Ben Duarte,2025-08-24 19:14:53,noise
6399979024610,6391279393246,T576,7.9,Ben Duarte,2025-08-23 14:25:15,noise
6399979024610,6395975932913,T576,12.2,Ben Duarte,2025-08-22 05:23:13,noise
6399979024610,6396095128059,T576,35.0,Ben Duarte,2025-08-22 08:12:33,noise
6399979024610,6399165981131,T139,19.0,Ben Duarte,2025-08-21 17:04:45,noise
6399979024610,6399165981131,T139,25.9,Ben Duarte,2025-08-21 16:06:38,noise
6399979024610,6391279393246,T576,24.9,Ben Duarte,2025-08-21 13:26:45,noise
6399979024610,6398491189169,T576,12.7,Ben Duarte,2025-08-20 12:18:49,noise
6399979024610,6399165981131,T139,32.2,Ben Duarte,2025-08-20 14:30:53,noise
6399979024610,6399165981131,T139,26.9,Ben Duarte,2025-08-19 15:04:13,noise
6399979024610,6391279393246,T139,26.4,Ben Duarte,2025-08-18 16:11:58,noise
6399979024610,6396927514387,T576,19.7,Ben Duarte,2025-08-18 16:29:41,noise
6399979024610,6398491189169,T139,3.3,Ben Duarte,2025-08-17 03:26:20,noise
6399979024610,6399165981131,T139,3.9,Ben Duarte,2025-08-16 23:26:00,noise
6399979024610,6391681212932,T576,4.8,Ben Duarte,2025-08-16 10:09:44,noise
6399979024610,6398761443795,T576,25.4,Ben Duarte,2025-08-15 09:18:34,noise
6399979024610,6391621634803,T576,17.7,Ben Duarte,2025-08-15 04:12:02,noise
6399979024610,6396441529079,T576,13.2,Ben Duarte,2025-08-15 09:22:14,noise
6399979024610,6398491189169,T576,15.4,Ben Duarte,2025-08-14 20:14:24,noise
6399979024610,6393726218800,T576,11.8,Ben Duarte,2025-08-13 14:24:51,noise
6399979024610,6391279393246,T576,14.8,Ben Duarte,2025-08-13 14:15:26,noise
6399979024610,6396956928083,T576,9.3,Ben Duarte,2025-08-12 16:15:33,noise
6399979024610,6391279393246,T576,7.0,Ben Duarte,2025-08-12 10:01:29,noise
6399979024610,6399165981131,T576,35.7,Ben Duarte,2025-08-11 19:04:01,noise
6399979024610,6398491189169,T139,21.2,Ben Duarte,2025-08-11 09:30:47,noise
6399979024610,6398491189169,T576,8.3,Ben Duarte,2025-08-11 20:00:56,noise
6399979024610,6399165981131,T139,18.9,Ben Duarte,2025-08-10 12:13:47,noise
6399979024610,6399165981131,T139,32.2,Ben Duarte,2025-08-10 16:16:40,noise
6399979024610,6398491189169,T576,14.7,Ben Duarte,2025-08-10 09:25:23,noise
6399979024610,6399496417009,T139,8.7,Ben Duarte,2025-08-09 17:18:45,noise
6399979024610,6399165981131,T576,21.7,Ben Duarte,2025-08-09 02:18:35,noise
6399979024610,6391053669235,T139,11.3,Ben Duarte,2025-08-08 18:28:32,noise
6399979024610,6396978132661,T139,20.1,Ben Duarte,2025-08-08 19:16:37,noise
6399979024610,6398491189169,T576,22.1,Ben Duarte,2025-08-07 17:23:20,noise
6399979024610,6396607099917,T576,6.1,Ben Duarte,2025-08-07 15:11:09,noise
6399979024610,6393603835968,T576,4.8,Ben Duarte,2025-08-07 13:15:29,noise
6399979024610,6392295700924,T576,9.0,Ben Duarte,2025-08-06 11:27:07,noise
6399979024610,6399979024610,T576,43.1,Ben Duarte,2025-08-05 13:24:44,noise
6399979024610,6395656527999,T139,16.5,Ben Duarte,2025-08-04 09:12:21,noise
6398732852032,6391279393246,T624,25.3,Ravi Yamamoto,2025-10-18 17:02:26,noise
6398732852032,6395656527999,T624,30.7,Ravi Yamamoto,2025-10-18 09:23:50,noise
6398732852032,6395656527999,T535,17.9,Ravi Yamamoto,2025-10-18 08:23:20,noise
6398732852032,6395656527999,T535,29.2,Ravi Yamamoto,2025-10-17 11:03:50,noise
6398732852032,6399979024610,T624,12.7,Ravi Yamamoto,2025-10-17 17:29:16,noise
6398732852032,6391621634803,T535,7.8,Ravi Yamamoto,2025-10-16 13:18:50,noise
6398732852032,6395656527999,T535,7.0,Ravi Yamamoto,2025-10-16 08:28:28,noise
6398732852032,6399979024610,T624,4.7,Ravi Yamamoto,2025-10-15 08:09:31,noise
6398732852032,6399979024610,T535,5.5,Ravi Yamamoto,2025-10-15 19:25:56,noise
6398732852032,6393561104962,T624,10.2,Ravi Yamamoto,2025-10-15 05:15:45,noise
6398732852032,6393135045026,T624,23.0,Ravi Yamamoto,2025-10-14 13:22:37,noise
6398732852032,6393561104962,T624,48.5,Ravi Yamamoto,2025-10-14 12:01:52,noise
6398732852032,6393561104962,T535,25.7,Ravi Yamamoto,2025-10-13 17:03:12,noise
6398732852032,6393561104962,T535,14.5,Ravi Yamamoto,2025-10-12 13:17:51,noise
6398732852032,6399979024610,T535,13.3,Ravi Yamamoto,2025-10-12 00:19:39,noise
6398732852032,6393561104962,T624,38.3,Ravi Yamamoto,2025-10-11 19:07:49,noise
6398732852032,6393975769123,T624,18.4,Ravi Yamamoto,2025-10-11 03:02:51,noise
6398732852032,6395656527999,T624,31.6,Ravi Yamamoto,2025-10-11 00:12:18,noise
6398732852032,6399979024610,T535,27.5,Ravi Yamamoto,2025-10-10 12:03:18,noise
6398732852032,6395656527999,T535,17.7,Ravi Yamamoto,2025-10-10 19:07:12,noise
6398732852032,6395122083064,T535,34.1,Ravi Yamamoto,2025-10-09 16:19:31,noise
6398732852032,6399979024610,T624,57.8,Ravi Yamamoto,2025-10-09 14:30:21,noise
6398732852032,6395656527999,T624,21.4,Ravi Yamamoto,2025-10-09 10:07:32,noise
6398732852032,6395656527999,T624,7.6,Ravi Yamamoto,2025-10-08 10:04:02,noise
6398732852032,6395656527999,T535,18.4,Ravi Yamamoto,2025-10-08 11:05:16,noise
6398732852032,6399979024610,T535,19.4,Ravi Yamamoto,2025-10-07 10:04:19,noise
6398732852032,6397906422409,T624,8.3,Ravi Yamamoto,2025-10-07 16:25:30,noise
6398732852032,6393561104962,T535,25.4,Ravi Yamamoto,2025-10-06 03:00:15,noise
6398732852032,6399979024610,T624,4.0,Ravi Yamamoto,2025-10-06 19:17:37,noise
6398732852032,6395656527999,T535,21.5,Ravi Yamamoto,2025-10-06 13:15:55,noise
6398732852032,6397209902585,T624,9.8,Ravi Yamamoto,2025-10-05 03:18:31,noise
6398732852032,6392779062252,T624,20.2,Ravi Yamamoto,2025-10-05 05:07:11,noise
6398732852032,6393561104962,T624,15.9,Ravi Yamamoto,2025-10-04 12:04:17,noise
6398732852032,6395656527999,T535,26.1,Ravi Yamamoto,2025-10-04 19:25:44,noise
6398732852032,6394779148527,T535,15.0,Ravi Yamamoto,2025-10-03 16:12:50,noise
6398732852032,6396119144758,T535,34.2,Ravi Yamamoto,2025-10-02 12:12:42,noise
6398732852032,6393561104962,T624,23.5,Ravi Yamamoto,2025-10-02 19:02:21,noise
6398732852032,6395656527999,T624,52.5,Ravi Yamamoto,2025-10-01 15:13:41,noise
6398732852032,6399979024610,T624,26.6,Ravi Yamamoto,2025-10-01 14:12:06,noise
6398732852032,6393561104962,T624,8.8,Ravi Yamamoto,2025-10-01 10:18:33,noise
6398732852032,6392835511896,T624,10.1,Ravi Yamamoto,2025-09-30 22:24:43,noise
6398732852032,6395656527999,T535,9.1,Ravi Yamamoto,2025-09-30 18:15:39,noise
6398732852032,6395656527999,T535,7.2,Ravi Yamamoto,2025-09-29 11:17:04,noise
6398732852032,6393561104962,T535,12.8,Ravi Yamamoto,2025-09-29 08:06:48,noise
6398732852032,6391937582998,T624,15.0,Ravi Yamamoto,2025-09-28 20:12:23,noise
6398732852032,6395656527999,T535,44.5,Ravi Yamamoto,2025-09-28 09:30:17,noise
6398732852032,6393975769123,T624,7.2,Ravi Yamamoto,2025-09-28 12:21:46,noise
6398732852032,6399979024610,T624,48.8,Ravi Yamamoto,2025-09-27 19:30:51,noise
6398732852032,6395656527999,T624,22.0,Ravi Yamamoto,2025-09-27 21:16:30,noise
6398732852032,6394841742270,T624,28.2,Ravi Yamamoto,2025-09-26 13:21:28,noise
6398732852032,6393603835968,T624,5.6,Ravi Yamamoto,2025-09-26 15:03:43,noise
6398732852032,6396967557245,T624,16.3,Ravi Yamamoto,2025-09-25 11:22:46,noise
6398732852032,6399979024610,T624,13.6,Ravi Yamamoto,2025-09-25 00:27:38,noise
6398732852032,6398761443795,T624,22.5,Ravi Yamamoto,2025-09-24 23:29:01,noise
6398732852032,6393561104962,T535,40.9,Ravi Yamamoto,2025-09-23 10:15:35,noise
6398732852032,6393723821869,T535,10.2,Ravi Yamamoto,2025-09-23 10:09:30,noise
6398732852032,6399979024610,T535,17.7,Ravi Yamamoto,2025-09-22 17:16:03,noise
6398732852032,6396967557245,T624,20.2,Ravi Yamamoto,2025-09-22 01:06:37,noise
6398732852032,6399856589429,T535,16.9,Ravi Yamamoto,2025-09-21 19:29:13,noise
6398732852032,6399979024610,T624,5.2,Ravi Yamamoto,2025-09-20 11:17:40,noise
6398732852032,6395656527999,T624,21.4,Ravi Yamamoto,2025-09-20 16:02:34,noise
6398732852032,6395455137652,T535,20.9,Ravi Yamamoto,2025-09-19 11:19:54,noise
6398732852032,6391937903040,T624,4.7,Ravi Yamamoto,2025-09-19 14:15:47,noise
6398732852032,6399979024610,T624,23.6,Ravi Yamamoto,2025-09-18 18:15:48,noise
6398732852032,6395656527999,T624,13.2,Ravi Yamamoto,2025-09-18 14:30:06,noise
6398732852032,6396468854276,T624,12.3,Ravi Yamamoto,2025-09-17 16:02:38,noise
6398732852032,6398491189169,T624,4.2,Ravi Yamamoto,2025-09-17 23:08:03,noise
6398732852032,6399979024610,T624,26.8,Ravi Yamamoto,2025-09-17 14:25:55,noise
6398732852032,6393561104962,T624,37.0,Ravi Yamamoto,2025-09-16 13:11:58,noise
6398732852032,6391757381529,T535,7.8,Ravi Yamamoto,2025-09-16 11:18:02,noise
6398732852032,6392523182756,T624,7.0,Ravi Yamamoto,2025-09-15 12:18:53,noise
6398732852032,6395656527999,T624,12.0,Ravi Yamamoto,2025-09-15 15:10:29,noise
6398732852032,6399979024610,T535,15.6,Ravi Yamamoto,2025-09-14 21:02:39,noise
6398732852032,6393561104962,T535,19.6,Ravi Yamamoto,2025-09-13 11:27:49,noise
6398732852032,6395656527999,T535,4.6,Ravi Yamamoto,2025-09-12 20:03:33,noise
6398732852032,6396468854276,T535,50.1,Ravi Yamamoto,2025-09-12 22:17:01,noise
6398732852032,6396927514387,T535,11.7,Ravi Yamamoto,2025-09-11 00:04:49,noise
6398732852032,6393561104962,T624,24.6,Ravi Yamamoto,2025-09-11 13:25:41,noise
6398732852032,6395656527999,T624,102.8,Ravi Yamamoto,2025-09-10 13:18:23,noise
6398732852032,6393561104962,T624,17.6,Ravi Yamamoto,2025-09-09 15:19:24,noise
6398732852032,6395656527999,T624,28.7,Ravi Yamamoto,2025-09-09 10:16:33,noise
6398732852032,6395656527999,T624,16.9,Ravi Yamamoto,2025-09-09 09:06:08,noise
6398732852032,6399979024610,T535,44.2,Ravi Yamamoto,2025-09-08 03:25:40,noise
6398732852032,6399979024610,T624,13.5,Ravi Yamamoto,2025-09-08 00:08:19,noise
6398732852032,6393561104962,T535,9.8,Ravi Yamamoto,2025-09-07 22:20:38,noise
6398732852032,6392523182756,T624,23.6,Ravi Yamamoto,2025-09-06 17:15:54,noise
6398732852032,6398761443795,T535,10.5,Ravi Yamamoto,2025-09-06 18:05:02,noise
6398732852032,6395656527999,T535,15.4,Ravi Yamamoto,2025-09-05 23:03:21,noise
6398732852032,6395778639223,T535,16.3,Ravi Yamamoto,2025-09-04 12:00:01,noise
6398732852032,6399496417009,T624,9.9,Ravi Yamamoto,2025-09-04 00:25:09,noise
6398732852032,6395975932913,T624,23.6,Ravi Yamamoto,2025-09-03 12:29:46,noise
6398732852032,6396956928083,T624,14.4,Ravi Yamamoto,2025-09-03 02:24:58,noise
6398732852032,6395656527999,T624,10.4,Ravi Yamamoto,2025-09-02 22:03:41,noise
6398732852032,6395656527999,T535,10.6,Ravi Yamamoto,2025-09-02 09:09:55,noise
6398732852032,6393561104962,T624,16.3,Ravi Yamamoto,2025-09-01 08:14:54,noise
6398732852032,6392052186148,T535,34.1,Ravi Yamamoto,2025-09-01 01:05:38,noise
6398732852032,6396743661793,T535,25.6,Ravi Yamamoto,2025-08-31 19:22:05,noise
6398732852032,6395455137652,T535,30.5,Ravi Yamamoto,2025-08-30 13:27:51,noise
6398732852032,6398761443795,T535,10.2,Ravi Yamamoto,2025-08-29 18:27:39,noise
6398732852032,6397008615813,T624,10.2,Ravi Yamamoto,2025-08-29 10:23:09,noise
6398732852032,6393561104962,T624,13.6,Ravi Yamamoto,2025-08-28 16:06:53,noise
6398732852032,6397792731200,T624,11.2,Ravi Yamamoto,2025-08-28 16:27:30,noise
6398732852032,6393561104962,T624,12.3,Ravi Yamamoto,2025-08-28 19:25:39,noise
6398732852032,6399979024610,T624,4.1,Ravi Yamamoto,2025-08-27 12:14:24,noise
6398732852032,6395913076726,T535,12.2,Ravi Yamamoto,2025-08-27 14:06:06,noise
6398732852032,6393561104962,T535,17.7,Ravi Yamamoto,2025-08-27 11:08:43,noise
6398732852032,6399496417009,T624,18.9,Ravi Yamamoto,2025-08-26 21:15:51,noise
6398732852032,6397588030313,T535,32.1,Ravi Yamamoto,2025-08-26 17:16:15,noise
6398732852032,6399979024610,T535,24.5,Ravi Yamamoto,2025-08-26 14:08:05,noise
6398732852032,6399979024610,T624,10.6,Ravi Yamamoto,2025-08-25 15:10:34,noise
6398732852032,6399979024610,T624,45.1,Ravi Yamamoto,2025-08-24 21:14:11,noise
6398732852032,6393603835968,T624,46.9,Ravi Yamamoto,2025-08-23 15:25:23,noise
6398732852032,6396859651169,T535,10.8,Ravi Yamamoto,2025-08-23 15:16:38,noise
6398732852032,6399165981131,T624,8.5,Ravi Yamamoto,2025-08-22 08:26:32,noise
6398732852032,6398491189169,T624,14.6,Ravi Yamamoto,2025-08-22 21:14:29,noise
6398732852032,6393561104962,T535,11.8,Ravi Yamamoto,2025-08-22 13:21:18,noise
6398732852032,6399979024610,T624,4.8,Ravi Yamamoto,2025-08-21 22:19:47,noise
6398732852032,6395656527999,T535,14.1,Ravi Yamamoto,2025-08-20 12:16:51,noise
6398732852032,6396492957730,T624,7.4,Ravi Yamamoto,2025-08-20 11:06:46,noise
6398732852032,6398445554732,T624,67.1,Ravi Yamamoto,2025-08-19 12:15:55,noise
6398732852032,6392463613153,T624,12.0,Ravi Yamamoto,2025-08-19 10:30:27,noise
6398732852032,6395656527999,T535,10.5,Ravi Yamamoto,2025-08-18 11:23:46,noise
6398732852032,6397664580862,T624,15.4,Ravi Yamamoto,2025-08-17 13:28:10,noise
6398732852032,6399979024610,T535,12.7,Ravi Yamamoto,2025-08-17 19:25:04,noise
6398732852032,6393561104962,T535,16.9,Ravi Yamamoto,2025-08-16 23:00:24,noise
6398732852032,6395656527999,T624,60.2,Ravi Yamamoto,2025-08-15 19:19:08,noise
6398732852032,6399979024610,T624,18.0,Ravi Yamamoto,2025-08-15 21:10:16,noise
6398732852032,6395656527999,T535,6.1,Ravi Yamamoto,2025-08-14 12:25:34,noise
6398732852032,6393561104962,T624,134.0,Ravi Yamamoto,2025-08-14 18:29:43,noise
6398732852032,6395656527999,T535,12.4,Ravi Yamamoto,2025-08-13 20:29:11,noise
6398732852032,6395656527999,T624,12.2,Ravi Yamamoto,2025-08-13 22:03:45,noise
6398732852032,6393561104962,T624,20.2,Ravi Yamamoto,2025-08-12 08:25:46,noise
6398732852032,6399979024610,T535,11.0,Ravi Yamamoto,2025-08-12 18:00:46,noise
6398732852032,6397008615813,T535,68.4,Ravi Yamamoto,2025-08-11 09:24:53,noise
6398732852032,6398491189169,T624,15.6,Ravi Yamamoto,2025-08-10 19:19:07,noise
6398732852032,6395656527999,T535,65.2,Ravi Yamamoto,2025-08-09 14:09:10,noise
6398732852032,6393561104962,T535,8.9,Ravi Yamamoto,2025-08-09 12:12:28,noise
6398732852032,6393794997179,T624,7.5,Ravi Yamamoto,2025-08-08 20:02:42,noise
6398732852032,6399979024610,T535,23.5,Ravi Yamamoto,2025-08-08 11:19:22,noise
6398732852032,6393561104962,T624,44.0,Ravi Yamamoto,2025-08-07 23:26:35,noise
6398732852032,6393561104962,T624,8.9,Ravi Yamamoto,2025-08-07 15:05:10,noise
6398732852032,6395656527999,T624,11.2,Ravi Yamamoto,2025-08-07 23:27:29,noise
6398732852032,6392779062252,T624,7.2,Ravi Yamamoto,2025-08-06 10:27:32,noise
6398732852032,6395656527999,T624,25.3,Ravi Yamamoto,2025-08-06 02:16:20,noise
6398732852032,6399799920361,T624,15.4,Ravi Yamamoto,2025-08-05 01:18:31,noise
6398732852032,6397008615813,T535,54.3,Ravi Yamamoto,2025-08-05 20:30:55,noise
6398732852032,6393561104962,T624,7.4,Ravi Yamamoto,2025-08-04 14:26:22,noise
6398732852032,6393561104962,T624,7.9,Ravi Yamamoto,2025-08-04 17:22:01,noise
6393975769123,6394272648738,T312,9.1,Priya Zhou,2025-10-18 10:14:39,noise
6393975769123,6391621634803,T312,3.8,Priya Zhou,2025-10-18 13:07:15,noise
6393975769123,6396693621506,T312,43.7,Priya Zhou,2025-10-17 00:09:39,noise
6393975769123,6394272648738,T312,13.1,Priya Zhou,2025-10-17 15:07:46,noise
6393975769123,6391194839118,T312,8.1,Priya Zhou,2025-10-16 17:04:26,noise
6393975769123,6394272648738,T866,11.6,Priya Zhou,2025-10-16 01:18:03,noise
6393975769123,6394264279208,T866,30.8,Priya Zhou,2025-10-15 19:00:02,noise
6393975769123,6391194839118,T312,3.1,Priya Zhou,2025-10-14 21:30:19,noise
6393975769123,6396518798247,T866,29.8,Priya Zhou,2025-10-13 16:00:03,noise
6393975769123,6399471209395,T866,7.9,Priya Zhou,2025-10-13 10:21:23,noise
6393975769123,6391194839118,T312,16.7,Priya Zhou,2025-10-13 15:08:27,noise
6393975769123,6396518798247,T312,29.6,Priya Zhou,2025-10-12 18:05:44,noise
6393975769123,6396518798247,T312,10.7,Priya Zhou,2025-10-12 12:22:48,noise
6393975769123,6396607099917,T312,28.8,Priya Zhou,2025-10-11 04:07:28,noise
6393975769123,6396518798247,T312,14.2,Priya Zhou,2025-10-11 14:27:05,noise
6393975769123,6395726944755,T312,21.9,Priya Zhou,2025-10-10 02:08:31,noise
6393975769123,6391937582998,T866,10.9,Priya Zhou,2025-10-09 20:13:49,noise
6393975769123,6391194839118,T866,4.0,Priya Zhou,2025-10-09 19:07:08,noise
6393975769123,6396956928083,T866,25.9,Priya Zhou,2025-10-09 16:05:29,noise
6393975769123,6396518798247,T866,28.9,Priya Zhou,2025-10-08 08:09:50,noise
6393975769123,6396518798247,T866,14.6,Priya Zhou,2025-10-08 19:29:02,noise
6393975769123,6396681820773,T866,6.3,Priya Zhou,2025-10-07 18:02:03,noise
6393975769123,6396518798247,T312,16.6,Priya Zhou,2025-10-07 15:24:42,noise
6393975769123,6394272648738,T312,10.1,Priya Zhou,2025-10-06 16:00:36,noise
6393975769123,6391937582998,T312,20.9,Priya Zhou,2025-10-05 22:13:03,noise
6393975769123,6391611816266,T312,16.7,Priya Zhou,2025-10-05 15:17:15,noise
6393975769123,6397844655371,T312,32.6,Priya Zhou,2025-10-04 14:12:13,noise
6393975769123,6396518798247,T312,15.9,Priya Zhou,2025-10-03 20:06:44,noise
6393975769123,6396518798247,T866,11.5,Priya Zhou,2025-10-02 05:04:33,noise
6393975769123,6391194839118,T312,5.6,Priya Zhou,2025-10-02 08:13:34,noise
6393975769123,6396518798247,T866,4.7,Priya Zhou,2025-10-01 23:30:11,noise
6393975769123,6399924544312,T866,26.9,Priya Zhou,2025-10-01 19:25:07,noise
6393975769123,6391194839118,T866,4.0,Priya Zhou,2025-09-30 09:20:16,noise
6393975769123,6394272648738,T312,21.1,Priya Zhou,2025-09-30 11:10:32,noise
6393975769123,6394272648738,T866,29.4,Priya Zhou,2025-09-29 18:03:04,noise
6393975769123,6396518798247,T312,17.1,Priya Zhou,2025-09-29 02:28:10,noise
6393975769123,6392724977358,T312,24.2,Priya Zhou,2025-09-28 10:02:34,noise
6393975769123,6394272648738,T312,16.6,Priya Zhou,2025-09-28 10:04:28,noise
6393975769123,6391194839118,T866,5.4,Priya Zhou,2025-09-28 17:13:52,noise
6393975769123,6396518798247,T866,18.9,Priya Zhou,2025-09-27 11:21:02,noise
6393975769123,6399617100710,T312,14.8,Priya Zhou,2025-09-27 10:24:58,noise
6393975769123,6399471209395,T312,11.1,Priya Zhou,2025-09-27 22:00:36,noise
6393975769123,6394272648738,T312,20.1,Priya Zhou,2025-09-26 09:21:28,noise
6393975769123,6392295700924,T312,5.0,Priya Zhou,2025-09-26 10:23:29,noise
6393975769123,6396518798247,T312,18.5,Priya Zhou,2025-09-25 23:03:00,noise
6393975769123,6393603835968,T312,49.9,Priya Zhou,2025-09-25 13:28:09,noise
6393975769123,6391194839118,T866,11.0,Priya Zhou,2025-09-24 19:28:02,noise
6393975769123,6398491189169,T312,15.3,Priya Zhou,2025-09-24 19:23:23,noise
6393975769123,6391194839118,T866,12.7,Priya Zhou,2025-09-24 09:12:20,noise
6393975769123,6394272648738,T866,24.5,Priya Zhou,2025-09-23 13:00:47,noise
6393975769123,6391194839118,T312,16.7,Priya Zhou,2025-09-23 16:04:38,noise
6393975769123,6391194839118,T312,30.4,Priya Zhou,2025-09-23 08:18:02,noise
6393975769123,6396518798247,T312,5.6,Priya Zhou,2025-09-22 13:30:01,noise
6393975769123,6399924544312,T312,22.7,Priya Zhou,2025-09-22 12:07:51,noise
6393975769123,6396927514387,T312,28.5,Priya Zhou,2025-09-21 14:10:26,noise
6393975769123,6397316055758,T312,6.2,Priya Zhou,2025-09-20 16:04:51,noise
6393975769123,6391194839118,T866,41.6,Priya Zhou,2025-09-20 20:22:52,noise
6393975769123,6393723821869,T866,5.5,Priya Zhou,2025-09-20 09:00:23,noise
6393975769123,6396967557245,T866,57.2,Priya Zhou,2025-09-19 20:02:31,noise
6393975769123,6391194839118,T312,24.8,Priya Zhou,2025-09-19 02:19:13,noise
6393975769123,6391681212932,T312,14.9,Priya Zhou,2025-09-18 11:21:22,noise
6393975769123,6399856589429,T866,34.0,Priya Zhou,2025-09-18 13:07:36,noise
6393975769123,6399165981131,T866,7.4,Priya Zhou,2025-09-17 10:22:17,noise
6393975769123,6399856589429,T312,27.1,Priya Zhou,2025-09-16 19:22:32,noise
6393975769123,6391194839118,T866,24.6,Priya Zhou,2025-09-15 13:19:01,noise
6393975769123,6396518798247,T312,13.0,Priya Zhou,2025-09-14 22:30:48,noise
6393975769123,6391194839118,T866,5.0,Priya Zhou,2025-09-14 14:11:36,noise
6393975769123,6396033004999,T866,38.4,Priya Zhou,2025-09-13 17:10:01,noise
6393975769123,6394272648738,T866,49.0,Priya Zhou,2025-09-13 15:21:04,noise
6393975769123,6396518798247,T866,60.6,Priya Zhou,2025-09-12 00:30:13,noise
6393975769123,6391194839118,T312,16.9,Priya Zhou,2025-09-12 17:06:43,noise
6393975769123,6394272648738,T312,21.4,Priya Zhou,2025-09-11 19:09:15,noise
6393975769123,6393493304331,T312,29.8,Priya Zhou,2025-09-11 19:02:22,noise
6393975769123,6391194839118,T312,14.2,Priya Zhou,2025-09-11 15:10:48,noise
6393975769123,6393493304331,T312,11.5,Priya Zhou,2025-09-10 12:09:45,noise
6393975769123,6394272648738,T866,8.8,Priya Zhou,2025-09-10 05:02:39,noise
6393975769123,6396518798247,T866,13.6,Priya Zhou,2025-09-09 09:21:27,noise
6393975769123,6391053669235,T312,10.0,Priya Zhou,2025-09-09 17:16:02,noise
6393975769123,6391194839118,T866,6.5,Priya Zhou,2025-09-09 18:29:27,noise
6393975769123,6399924544312,T312,8.0,Priya Zhou,2025-09-08 16:26:27,noise
6393975769123,6391194839118,T312,13.8,Priya Zhou,2025-09-07 19:16:32,noise
6393975769123,6399979024610,T866,27.3,Priya Zhou,2025-09-06 17:21:52,noise
6393975769123,6395255503056,T312,126.6,Priya Zhou,2025-09-06 09:09:28,noise
6393975769123,6391194839118,T866,3.9,Priya Zhou,2025-09-06 11:15:04,noise
6393975769123,6391194839118,T866,58.2,Priya Zhou,2025-09-05 10:18:01,noise
6393975769123,6396978132661,T312,11.3,Priya Zhou,2025-09-05 19:12:05,noise
6393975769123,6391194839118,T312,25.4,Priya Zhou,2025-09-04 02:17:18,noise
6393975769123,6396518798247,T866,26.9,Priya Zhou,2025-09-03 10:28:35,noise
6393975769123,6391194839118,T312,12.0,Priya Zhou,2025-09-03 01:14:08,noise
6393975769123,6391194839118,T312,33.8,Priya Zhou,2025-09-02 19:07:46,noise
6393975769123,6391194839118,T312,17.8,Priya Zhou,2025-09-01 14:30:31,noise
6393975769123,6394272648738,T312,43.6,Priya Zhou,2025-09-01 14:02:07,noise
6393975769123,6391937582998,T312,7.5,Priya Zhou,2025-08-31 10:11:36,noise
6393975769123,6391194839118,T866,10.9,Priya Zhou,2025-08-30 16:07:13,noise
6393975769123,6394272648738,T312,41.9,Priya Zhou,2025-08-30 04:16:41,noise
6393975769123,6396518798247,T866,43.4,Priya Zhou,2025-08-29 05:10:05,noise
6393975769123,6394272648738,T866,5.5,Priya Zhou,2025-08-29 19:26:25,noise
6393975769123,6391194839118,T312,14.7,Priya Zhou,2025-08-28 01:10:40,noise
6393975769123,6396518798247,T312,6.0,Priya Zhou,2025-08-27 09:21:26,noise
6393975769123,6394264279208,T866,33.3,Priya Zhou,2025-08-27 08:05:47,noise
6393975769123,6396518798247,T866,18.6,Priya Zhou,2025-08-26 12:13:47,noise
6393975769123,6394272648738,T312,19.1,Priya Zhou,2025-08-26 22:08:30,noise
6393975769123,6396518798247,T312,34.8,Priya Zhou,2025-08-25 03:02:51,noise
6393975769123,6394272648738,T312,21.0,Priya Zhou,2025-08-25 16:29:58,noise
6393975769123,6391053669235,T866,38.3,Priya Zhou,2025-08-24 03:08:49,noise
6393975769123,6393951377482,T866,7.2,Priya Zhou,2025-08-23 14:08:03,noise
6393975769123,6396518798247,T312,13.1,Priya Zhou,2025-08-23 09:02:15,noise
6393975769123,6392295700924,T866,7.1,Priya Zhou,2025-08-22 23:01:02,noise
6393975769123,6391194839118,T866,21.8,Priya Zhou,2025-08-22 18:11:41,noise
6393975769123,6391937903040,T312,33.6,Priya Zhou,2025-08-21 15:00:57,noise
6393975769123,6396518798247,T866,21.7,Priya Zhou,2025-08-20 23:14:23,noise
6393975769123,6396181402712,T312,4.5,Priya Zhou,2025-08-19 15:29:30,noise
6393975769123,6391194839118,T866,32.6,Priya Zhou,2025-08-19 12:00:57,noise
6393975769123,6392795791102,T312,32.2,Priya Zhou,2025-08-18 18:11:33,noise
6393975769123,6396518798247,T866,12.9,Priya Zhou,2025-08-17 16:17:32,noise
6393975769123,6396518798247,T866,7.7,Priya Zhou,2025-08-17 13:09:34,noise
6393975769123,6391194839118,T312,24.2,Priya Zhou,2025-08-16 14:15:23,noise
6393975769123,6394272648738,T312,9.2,Priya Zhou,2025-08-16 09:21:35,noise
6393975769123,6396518798247,T866,28.5,Priya Zhou,2025-08-16 09:06:43,noise
6393975769123,6399496417009,T312,34.6,Priya Zhou,2025-08-15 08:01:16,noise
6393975769123,6396518798247,T866,46.7,Priya Zhou,2025-08-14 19:00:54,noise
6393975769123,6395122083064,T866,18.2,Priya Zhou,2025-08-14 19:22:19,noise
6393975769123,6391681212932,T312,16.6,Priya Zhou,2025-08-13 03:18:42,noise
6393975769123,6391194839118,T312,19.6,Priya Zhou,2025-08-13 16:16:04,noise
6393975769123,6396518798247,T312,37.8,Priya Zhou,2025-08-12 09:23:53,noise
6393975769123,6398391305137,T866,36.2,Priya Zhou,2025-08-12 12:11:57,noise
6393975769123,6391575752536,T866,8.3,Priya Zhou,2025-08-11 18:07:51,noise
6393975769123,6392885325965,T312,56.6,Priya Zhou,2025-08-11 17:14:56,noise
6393975769123,6394272648738,T312,9.4,Priya Zhou,2025-08-10 18:20:08,noise
6393975769123,6396518798247,T312,8.4,Priya Zhou,2025-08-10 15:07:35,noise
6393975769123,6394272648738,T866,14.7,Priya Zhou,2025-08-10 14:02:30,noise
6393975769123,6396518798247,T866,47.3,Priya Zhou,2025-08-09 17:27:49,noise
6393975769123,6394272648738,T312,9.9,Priya Zhou,2025-08-09 10:17:29,noise
6393975769123,6396518798247,T866,24.1,Priya Zhou,2025-08-08 23:00:11,noise
6393975769123,6396518798247,T866,25.4,Priya Zhou,2025-08-08 01:19:25,noise
6393975769123,6396693621506,T866,14.3,Priya Zhou,2025-08-08 16:02:04,noise
6393975769123,6397664580862,T312,8.1,Priya Zhou,2025-08-07 10:12:59,noise
6393975769123,6394272648738,T312,12.7,Priya Zhou,2025-08-06 11:08:07,noise
6393975769123,6394272648738,T866,18.4,Priya Zhou,2025-08-06 04:08:07,noise
6393975769123,6396743661793,T866,19.7,Priya Zhou,2025-08-06 20:30:26,noise
6393975769123,6394272648738,T312,19.7,Priya Zhou,2025-08-05 14:30:00,noise
6393975769123,6399259551176,T866,31.7,Priya Zhou,2025-08-05 20:26:15,noise
6393975769123,6397235532708,T866,22.0,Priya Zhou,2025-08-04 17:24:01,noise
6393975769123,6397844655371,T866,8.0,Priya Zhou,2025-08-04 19:29:28,noise
6399496417009,6396441529079,T388,10.0,Cara Quinn,2025-10-18 11:29:20,noise
6399496417009,6396631526248,T388,34.4,Cara Quinn,2025-10-17 18:13:34,noise
6399496417009,6396978132661,T779,19.5,Cara Quinn,2025-10-17 20:08:36,noise
6399496417009,6396978132661,T388,91.3,Cara Quinn,2025-10-16 08:06:27,noise
6399496417009,6396743661793,T779,31.8,Cara Quinn,2025-10-15 00:02:01,noise
6399496417009,6392724977358,T388,21.7,Cara Quinn,2025-10-15 01:12:43,noise
6399496417009,6396978132661,T388,6.1,Cara Quinn,2025-10-14 15:05:18,noise
6399496417009,6395082508928,T388,18.5,Cara Quinn,2025-10-13 12:07:14,noise
6399496417009,6391279393246,T388,19.8,Cara Quinn,2025-10-13 15:08:46,noise
6399496417009,6397664580862,T388,12.7,Cara Quinn,2025-10-12 16:24:57,noise
6399496417009,6392779062252,T779,19.3,Cara Quinn,2025-10-12 00:19:06,noise
6399496417009,6391841771012,T779,9.9,Cara Quinn,2025-10-11 18:12:26,noise
6399496417009,6396978132661,T388,20.8,Cara Quinn,2025-10-11 11:30:58,noise
6399496417009,6395978599202,T388,47.8,Cara Quinn,2025-10-10 17:07:03,noise
6399496417009,6392085020554,T779,24.9,Cara Quinn,2025-10-10 05:23:32,noise
6399496417009,6396492957730,T779,15.3,Cara Quinn,2025-10-09 16:21:37,noise
6399496417009,6392085020554,T388,18.1,Cara Quinn,2025-10-09 09:22:19,noise
6399496417009,6392059565366,T388,4.7,Cara Quinn,2025-10-08 08:16:36,noise
6399496417009,6396492957730,T388,16.3,Cara Quinn,2025-10-08 19:01:53,noise
6399496417009,6396492957730,T388,14.2,Cara Quinn,2025-10-08 18:27:21,noise
6399496417009,6392779062252,T388,13.3,Cara Quinn,2025-10-07 12:03:50,noise
6399496417009,6392779062252,T388,8.2,Cara Quinn,2025-10-07 10:21:44,noise
6399496417009,6396978132661,T388,13.5,Cara Quinn,2025-10-06 14:03:28,noise
6399496417009,6391611816266,T388,8.2,Cara Quinn,2025-10-05 17:04:06,noise
6399496417009,6396978132661,T388,29.1,Cara Quinn,2025-10-05 18:27:47,noise
6399496417009,6396978132661,T388,32.0,Cara Quinn,2025-10-05 20:20:47,noise
6399496417009,6393135045026,T388,24.6,Cara Quinn,2025-10-04 18:00:57,noise
6399496417009,6399471209395,T388,16.2,Cara Quinn,2025-10-03 10:12:49,noise
6399496417009,6396492957730,T388,11.9,Cara Quinn,2025-10-03 23:20:24,noise
6399496417009,6394272648738,T388,11.5,Cara Quinn,2025-10-03 11:21:45,noise
6399496417009,6396978132661,T388,23.9,Cara Quinn,2025-10-02 08:11:43,noise
6399496417009,6392724977358,T779,5.6,Cara Quinn,2025-10-01 15:09:07,noise
6399496417009,6398391305137,T388,22.3,Cara Quinn,2025-10-01 04:23:05,noise
6399496417009,6396978132661,T388,17.2,Cara Quinn,2025-10-01 17:06:54,noise
6399496417009,6392523182756,T388,13.5,Cara Quinn,2025-09-30 00:28:26,noise
6399496417009,6392779062252,T779,25.4,Cara Quinn,2025-09-30 02:27:15,noise
6399496417009,6396492957730,T779,47.0,Cara Quinn,2025-09-30 18:21:42,noise
6399496417009,6393135045026,T779,42.3,Cara Quinn,2025-09-29 21:19:58,noise
6399496417009,6396492957730,T779,32.2,Cara Quinn,2025-09-28 20:26:18,noise
6399496417009,6393541804755,T388,41.9,Cara Quinn,2025-09-27 21:02:33,noise
6399496417009,6396492957730,T388,18.5,Cara Quinn,2025-09-26 09:18:34,noise
6399496417009,6398491189169,T388,18.8,Cara Quinn,2025-09-26 12:16:39,noise
6399496417009,6395082508928,T388,17.0,Cara Quinn,2025-09-25 17:26:35,noise
6399496417009,6396492957730,T388,11.2,Cara Quinn,2025-09-25 21:05:21,noise
6399496417009,6391841771012,T388,28.2,Cara Quinn,2025-09-24 12:23:24,noise
6399496417009,6396033004999,T388,3.2,Cara Quinn,2025-09-24 09:13:13,noise
6399496417009,6396492957730,T779,11.8,Cara Quinn,2025-09-24 17:07:25,noise
6399496417009,6394048553499,T388,10.0,Cara Quinn,2025-09-23 03:16:57,noise
6399496417009,6396492957730,T779,7.0,Cara Quinn,2025-09-23 20:14:06,noise
6399496417009,6396743661793,T388,37.4,Cara Quinn,2025-09-22 11:10:29,noise
6399496417009,6396978132661,T388,10.2,Cara Quinn,2025-09-22 18:10:48,noise
6399496417009,6396492957730,T388,26.5,Cara Quinn,2025-09-21 15:09:00,noise
6399496417009,6396492957730,T779,7.1,Cara Quinn,2025-09-21 21:27:03,noise
6399496417009,6392779062252,T779,14.6,Cara Quinn,2025-09-21 17:29:39,noise
6399496417009,6391611816266,T388,10.5,Cara Quinn,2025-09-20 14:24:33,noise
6399496417009,6394574621348,T779,11.3,Cara Quinn,2025-09-20 23:14:59,noise
6399496417009,6396927514387,T388,16.1,Cara Quinn,2025-09-19 04:01:16,noise
6399496417009,6396492957730,T779,14.6,Cara Quinn,2025-09-19 12:10:46,noise
6399496417009,6396492957730,T388,29.3,Cara Quinn,2025-09-19 09:14:04,noise
6399496417009,6392779062252,T388,18.9,Cara Quinn,2025-09-18 17:02:20,noise
6399496417009,6396978132661,T779,57.3,Cara Quinn,2025-09-18 20:28:32,noise
6399496417009,6396978132661,T779,24.2,Cara Quinn,2025-09-18 14:05:24,noise
6399496417009,6396978132661,T388,36.1,Cara Quinn,2025-09-17 18:19:28,noise
6399496417009,6396978132661,T388,61.7,Cara Quinn,2025-09-16 15:26:08,noise
6399496417009,6392779062252,T388,7.9,Cara Quinn,2025-09-15 05:18:58,noise
6399496417009,6394841742270,T388,10.7,Cara Quinn,2025-09-15 17:11:26,noise
6399496417009,6396631526248,T388,9.7,Cara Quinn,2025-09-15 18:29:07,noise
6399496417009,6394272648738,T388,8.9,Cara Quinn,2025-09-14 08:25:17,noise
6399496417009,6397588030313,T388,16.0,Cara Quinn,2025-09-13 19:10:25,noise
6399496417009,6398391305137,T388,12.0,Cara Quinn,2025-09-13 20:19:15,noise
6399496417009,6392779062252,T779,13.0,Cara Quinn,2025-09-12 09:18:35,noise
6399496417009,6392334677082,T779,27.4,Cara Quinn,2025-09-12 10:04:32,noise
6399496417009,6392779062252,T779,58.7,Cara Quinn,2025-09-12 12:15:06,noise
6399496417009,6392779062252,T779,1.9,Cara Quinn,2025-09-11 20:30:10,noise
6399496417009,6391085319364,T779,11.4,Cara Quinn,2025-09-10 12:14:30,noise
6399496417009,6396978132661,T388,10.4,Cara Quinn,2025-09-10 08:23:50,noise
6399496417009,6391575752536,T388,23.5,Cara Quinn,2025-09-10 20:09:11,noise
6399496417009,6396492957730,T779,13.1,Cara Quinn,2025-09-09 13:30:12,noise
6399496417009,6396033004999,T388,46.5,Cara Quinn,2025-09-08 14:04:15,noise
6399496417009,6396978132661,T388,32.7,Cara Quinn,2025-09-08 03:03:33,noise
6399496417009,6392795791102,T388,18.3,Cara Quinn,2025-09-08 15:20:48,noise
6399496417009,6394841742270,T388,28.6,Cara Quinn,2025-09-07 10:17:01,noise
6399496417009,6396978132661,T388,10.8,Cara Quinn,2025-09-06 16:04:36,noise
6399496417009,6396492957730,T388,6.9,Cara Quinn,2025-09-06 17:08:10,noise
6399496417009,6393603835968,T779,30.3,Cara Quinn,2025-09-06 22:02:30,noise
6399496417009,6391937582998,T388,6.4,Cara Quinn,2025-09-05 11:10:22,noise
6399496417009,6394574621348,T388,17.2,Cara Quinn,2025-09-05 22:02:36,noise
6399496417009,6396492957730,T388,10.6,Cara Quinn,2025-09-05 17:20:31,noise
6399496417009,6396492957730,T388,88.2,Cara Quinn,2025-09-04 04:14:27,noise
6399496417009,6395363927709,T388,78.2,Cara Quinn,2025-09-03 03:30:12,noise
6399496417009,6396978132661,T388,26.8,Cara Quinn,2025-09-02 23:01:02,noise
6399496417009,6391053669235,T388,18.6,Cara Quinn,2025-09-02 09:04:07,noise
6399496417009,6396492957730,T388,19.8,Cara Quinn,2025-09-02 13:07:43,noise
6399496417009,6396978132661,T779,9.1,Cara Quinn,2025-09-01 09:26:31,noise
6399496417009,6392779062252,T779,2.9,Cara Quinn,2025-08-31 11:15:02,noise
6399496417009,6396492957730,T779,17.2,Cara Quinn,2025-08-31 09:11:26,noise
6399496417009,6397364632100,T779,46.2,Cara Quinn,2025-08-30 08:20:29,noise
6399496417009,6397844655371,T779,40.1,Cara Quinn,2025-08-30 16:10:03,noise
6399496417009,6396518798247,T388,32.6,Cara Quinn,2025-08-29 08:07:55,noise
6399496417009,6394555912795,T388,41.7,Cara Quinn,2025-08-28 10:03:47,noise
6399496417009,6396978132661,T779,10.8,Cara Quinn,2025-08-28 09:03:57,noise
6399496417009,6397209902585,T388,23.5,Cara Quinn,2025-08-27 15:07:54,noise
6399496417009,6391621634803,T388,29.4,Cara Quinn,2025-08-26 20:30:10,noise
6399496417009,6392779062252,T779,32.8,Cara Quinn,2025-08-26 23:03:26,noise
6399496417009,6392779062252,T388,73.8,Cara Quinn,2025-08-26 02:15:05,noise
6399496417009,6396492957730,T388,18.3,Cara Quinn,2025-08-25 08:21:59,noise
6399496417009,6395913076726,T388,7.5,Cara Quinn,2025-08-25 20:10:26,noise
6399496417009,6392523182756,T779,12.4,Cara Quinn,2025-08-24 15:28:55,noise
6399496417009,6392779062252,T388,7.6,Cara Quinn,2025-08-24 12:16:28,noise
6399496417009,6392779062252,T388,17.0,Cara Quinn,2025-08-24 20:23:28,noise
6399496417009,6394882630315,T779,26.0,Cara Quinn,2025-08-23 12:20:40,noise
6399496417009,6396978132661,T388,39.8,Cara Quinn,2025-08-23 21:05:01,noise
6399496417009,6396978132661,T779,12.8,Cara Quinn,2025-08-23 13:15:44,noise
6399496417009,6396492957730,T388,15.9,Cara Quinn,2025-08-22 20:19:12,noise
6399496417009,6396492957730,T388,10.3,Cara Quinn,2025-08-22 22:12:58,noise
6399496417009,6391681212932,T779,40.7,Cara Quinn,2025-08-21 20:12:09,noise
6399496417009,6396492957730,T388,24.9,Cara Quinn,2025-08-21 10:08:09,noise
6399496417009,6396978132661,T388,11.0,Cara Quinn,2025-08-20 14:05:51,noise
6399496417009,6396978132661,T388,11.5,Cara Quinn,2025-08-20 10:21:16,noise
6399496417009,6392779062252,T388,9.0,Cara Quinn,2025-08-20 02:15:13,noise
6399496417009,6394841742270,T779,66.5,Cara Quinn,2025-08-19 11:26:08,noise
6399496417009,6396492957730,T779,16.8,Cara Quinn,2025-08-18 23:13:00,noise
6399496417009,6396423658378,T779,36.6,Cara Quinn,2025-08-18 18:06:56,noise
6399496417009,6396978132661,T779,39.6,Cara Quinn,2025-08-17 14:26:37,noise
6399496417009,6392779062252,T779,18.7,Cara Quinn,2025-08-17 11:24:14,noise
6399496417009,6398036705746,T388,8.3,Cara Quinn,2025-08-17 10:12:46,noise
6399496417009,6392779062252,T388,5.3,Cara Quinn,2025-08-16 12:19:52,noise
6399496417009,6396978132661,T779,13.3,Cara Quinn,2025-08-16 01:15:21,noise
6399496417009,6394555912795,T388,10.0,Cara Quinn,2025-08-15 14:07:06,noise
6399496417009,6396978132661,T388,2.9,Cara Quinn,2025-08-15 16:30:51,noise
6399496417009,6394574621348,T779,6.5,Cara Quinn,2025-08-14 08:05:21,noise
6399496417009,6396927514387,T388,6.4,Cara Quinn,2025-08-13 09:07:19,noise
6399496417009,6392779062252,T779,24.4,Cara Quinn,2025-08-12 09:09:18,noise
6399496417009,6393507307642,T388,28.0,Cara Quinn,2025-08-12 09:15:33,noise
6399496417009,6392463613153,T388,7.0,Cara Quinn,2025-08-11 08:01:23,noise
6399496417009,6391053669235,T779,16.8,Cara Quinn,2025-08-10 12:07:12,noise
6399496417009,6396978132661,T388,27.4,Cara Quinn,2025-08-10 13:04:31,noise
6399496417009,6396492957730,T779,8.0,Cara Quinn,2025-08-09 08:18:35,noise
6399496417009,6394779148527,T779,15.3,Cara Quinn,2025-08-09 12:05:58,noise
6399496417009,6391085319364,T388,15.5,Cara Quinn,2025-08-08 20:14:51,noise
6399496417009,6396492957730,T779,12.0,Cara Quinn,2025-08-08 10:13:30,noise
6399496417009,6392724977358,T388,8.4,Cara Quinn,2025-08-08 08:16:51,noise
6399496417009,6396978132661,T388,10.8,Cara Quinn,2025-08-07 14:14:36,noise
6399496417009,6399165981131,T779,7.0,Cara Quinn,2025-08-07 20:04:22,noise
6399496417009,6396978132661,T388,16.3,Cara Quinn,2025-08-07 11:26:26,noise
6399496417009,6392779062252,T388,113.1,Cara Quinn,2025-08-06 16:24:52,noise
6399496417009,6396859651169,T779,16.5,Cara Quinn,2025-08-06 18:08:12,noise
6399496417009,6394555912795,T779,20.0,Cara Quinn,2025-08-05 13:14:03,noise
6399496417009,6397792731200,T779,6.7,Cara Quinn,2025-08-04 21:01:20,noise
6399496417009,6399924544312,T779,4.6,Cara Quinn,2025-08-04 14:26:19,noise
6399496417009,6396492957730,T779,25.4,Cara Quinn,2025-08-04 08:21:35,noise
6397364632100,6391575752536,T181,31.7,Grace Jansen,2025-10-18 11:05:50,noise
6397364632100,6391194839118,T181,25.0,Grace Jansen,2025-10-17 11:13:39,noise
6397364632100,6397906422409,T181,84.8,Grace Jansen,2025-10-16 08:29:03,noise
6397364632100,6399924544312,T181,5.5,Grace Jansen,2025-10-15 17:00:52,noise
6397364632100,6391194839118,T181,14.3,Grace Jansen,2025-10-15 17:00:32,noise
6397364632100,6392085020554,T181,15.3,Grace Jansen,2025-10-14 17:22:10,noise
6397364632100,6391279393246,T181,16.2,Grace Jansen,2025-10-14 19:26:22,noise
6397364632100,6391194839118,T367,11.4,Grace Jansen,2025-10-14 09:01:54,noise
6397364632100,6391194839118,T181,11.0,Grace Jansen,2025-10-13 08:18:03,noise
6397364632100,6399259551176,T181,49.1,Grace Jansen,2025-10-13 09:10:26,noise
6397364632100,6398445554732,T181,14.1,Grace Jansen,2025-10-12 03:29:37,noise
6397364632100,6397906422409,T367,17.4,Grace Jansen,2025-10-12 20:22:39,noise
6397364632100,6397906422409,T181,40.6,Grace Jansen,2025-10-11 22:13:08,noise
6397364632100,6393723821869,T181,7.0,Grace Jansen,2025-10-10 23:18:51,noise
6397364632100,6391194839118,T367,17.3,Grace Jansen,2025-10-10 11:10:04,noise
6397364632100,6397906422409,T367,8.7,Grace Jansen,2025-10-09 11:22:40,noise
6397364632100,6397906422409,T181,12.0,Grace Jansen,2025-10-09 09:02:28,noise
6397364632100,6397274004764,T367,3.4,Grace Jansen,2025-10-09 13:08:12,noise
6397364632100,6394272648738,T367,14.3,Grace Jansen,2025-10-08 22:26:50,noise
6397364632100,6396095128059,T181,18.3,Grace Jansen,2025-10-08 11:27:32,noise
6397364632100,6391194839118,T367,2.9,Grace Jansen,2025-10-07 09:25:44,noise
6397364632100,6397906422409,T367,54.0,Grace Jansen,2025-10-06 12:00:45,noise
6397364632100,6396423658378,T181,8.9,Grace Jansen,2025-10-06 08:26:12,noise
6397364632100,6393507307642,T367,30.8,Grace Jansen,2025-10-05 10:00:50,noise
6397364632100,6397906422409,T367,12.6,Grace Jansen,2025-10-05 22:09:17,noise
6397364632100,6395082508928,T367,25.2,Grace Jansen,2025-10-05 21:01:09,noise
6397364632100,6392724977358,T181,10.3,Grace Jansen,2025-10-04 08:21:06,noise
6397364632100,6397906422409,T181,7.2,Grace Jansen,2025-10-04 12:06:01,noise
6397364632100,6397235532708,T181,8.2,Grace Jansen,2025-10-03 10:02:22,noise
6397364632100,6391194839118,T367,13.4,Grace Jansen,2025-10-03 21:14:01,noise
6397364632100,6391194839118,T367,10.8,Grace Jansen,2025-10-02 19:16:09,noise
6397364632100,6397906422409,T367,16.7,Grace Jansen,2025-10-01 21:07:33,noise
6397364632100,6398445554732,T367,13.7,Grace Jansen,2025-10-01 11:20:55,noise
6397364632100,6398445554732,T367,25.0,Grace Jansen,2025-09-30 09:21:20,noise
6397364632100,6394779148527,T367,27.8,Grace Jansen,2025-09-30 11:21:50,noise
6397364632100,6397906422409,T181,37.9,Grace Jansen,2025-09-29 17:04:12,noise
6397364632100,6393794997179,T367,4.2,Grace Jansen,2025-09-28 05:19:22,noise
6397364632100,6396956928083,T181,8.0,Grace Jansen,2025-09-28 10:18:14,noise
6397364632100,6397906422409,T181,21.2,Grace Jansen,2025-09-27 01:25:36,noise
6397364632100,6391194839118,T367,19.6,Grace Jansen,2025-09-26 08:24:46,noise
6397364632100,6391194839118,T367,8.5,Grace Jansen,2025-09-26 14:11:34,noise
6397364632100,6397906422409,T181,30.4,Grace Jansen,2025-09-26 10:15:33,noise
6397364632100,6398445554732,T367,9.7,Grace Jansen,2025-09-25 08:11:52,noise
6397364632100,6391194839118,T181,11.9,Grace Jansen,2025-09-25 16:08:59,noise
6397364632100,6392885325965,T181,45.0,Grace Jansen,2025-09-25 02:29:57,noise
6397364632100,6393975769123,T367,5.2,Grace Jansen,2025-09-24 09:08:01,noise
6397364632100,6397906422409,T367,16.8,Grace Jansen,2025-09-24 13:14:58,noise
6397364632100,6392779062252,T181,20.2,Grace Jansen,2025-09-24 17:21:40,noise
6397364632100,6391194839118,T367,46.9,Grace Jansen,2025-09-23 19:18:07,noise
6397364632100,6397844655371,T367,29.8,Grace Jansen,2025-09-23 08:00:48,noise
6397364632100,6391621634803,T367,15.3,Grace Jansen,2025-09-23 01:18:33,noise
6397364632100,6397636641248,T367,32.6,Grace Jansen,2025-09-22 12:22:58,noise
6397364632100,6392463613153,T181,6.2,Grace Jansen,2025-09-22 18:24:39,noise
6397364632100,6394841742270,T367,11.1,Grace Jansen,2025-09-22 17:16:21,noise
6397364632100,6394882630315,T367,8.1,Grace Jansen,2025-09-21 23:13:17,noise
6397364632100,6391279393246,T367,10.3,Grace Jansen,2025-09-20 09:29:49,noise
6397364632100,6391085319364,T367,21.5,Grace Jansen,2025-09-19 17:27:08,noise
6397364632100,6392885325965,T181,13.6,Grace Jansen,2025-09-19 23:08:24,noise
6397364632100,6394841742270,T181,19.6,Grace Jansen,2025-09-18 20:02:09,noise
6397364632100,6397906422409,T181,11.7,Grace Jansen,2025-09-18 19:05:32,noise
6397364632100,6391194839118,T181,6.6,Grace Jansen,2025-09-17 18:12:54,noise
6397364632100,6397906422409,T367,20.8,Grace Jansen,2025-09-17 19:25:29,noise
6397364632100,6393135045026,T181,13.5,Grace Jansen,2025-09-16 08:28:12,noise
6397364632100,6396927514387,T367,21.9,Grace Jansen,2025-09-16 12:17:08,noise
6397364632100,6398445554732,T367,4.8,Grace Jansen,2025-09-15 19:09:12,noise
6397364632100,6397906422409,T181,16.5,Grace Jansen,2025-09-15 10:23:25,noise
6397364632100,6391194839118,T181,22.1,Grace Jansen,2025-09-14 05:16:45,noise
6397364632100,6397792731200,T181,14.8,Grace Jansen,2025-09-14 10:29:53,noise
6397364632100,6398445554732,T181,85.4,Grace Jansen,2025-09-13 20:19:40,noise
6397364632100,6397364632100,T367,4.7,Grace Jansen,2025-09-13 03:21:34,noise
6397364632100,6397906422409,T367,15.2,Grace Jansen,2025-09-12 05:12:21,noise
6397364632100,6391194839118,T367,18.8,Grace Jansen,2025-09-11 18:03:54,noise
6397364632100,6398445554732,T181,22.7,Grace Jansen,2025-09-10 09:24:27,noise
6397364632100,6397906422409,T181,14.7,Grace Jansen,2025-09-10 08:02:48,noise
6397364632100,6391611816266,T367,49.7,Grace Jansen,2025-09-10 16:06:39,noise
6397364632100,6397906422409,T367,8.9,Grace Jansen,2025-09-09 23:27:23,noise
6397364632100,6398445554732,T181,16.8,Grace Jansen,2025-09-08 08:09:38,noise
6397364632100,6398445554732,T181,17.0,Grace Jansen,2025-09-07 17:25:32,noise
6397364632100,6391194839118,T367,11.6,Grace Jansen,2025-09-07 23:26:41,noise
6397364632100,6398445554732,T367,12.6,Grace Jansen,2025-09-07 02:08:29,noise
6397364632100,6396095128059,T181,7.6,Grace Jansen,2025-09-06 05:28:47,noise
6397364632100,6392523182756,T181,9.2,Grace Jansen,2025-09-06 18:01:13,noise
6397364632100,6391194839118,T367,16.4,Grace Jansen,2025-09-05 05:07:41,noise
6397364632100,6391194839118,T367,25.7,Grace Jansen,2025-09-05 09:30:00,noise
6397364632100,6396607099917,T367,21.5,Grace Jansen,2025-09-04 11:04:12,noise
6397364632100,6391194839118,T367,17.7,Grace Jansen,2025-09-04 12:27:52,noise
6397364632100,6391841771012,T367,22.2,Grace Jansen,2025-09-04 08:23:31,noise
6397364632100,6398445554732,T367,31.1,Grace Jansen,2025-09-03 13:15:05,noise
6397364632100,6391194839118,T367,5.7,Grace Jansen,2025-09-03 10:22:35,noise
6397364632100,6398732852032,T367,59.2,Grace Jansen,2025-09-02 12:20:04,noise
6397364632100,6394574621348,T367,21.3,Grace Jansen,2025-09-02 05:08:57,noise
6397364632100,6391194839118,T367,22.2,Grace Jansen,2025-09-02 11:03:27,noise
6397364632100,6391194839118,T367,14.1,Grace Jansen,2025-09-01 03:02:38,noise
6397364632100,6399165981131,T181,19.7,Grace Jansen,2025-09-01 16:06:31,noise
6397364632100,6391194839118,T181,8.1,Grace Jansen,2025-08-31 13:30:40,noise
6397364632100,6391194839118,T367,16.2,Grace Jansen,2025-08-31 02:18:31,noise
6397364632100,6391194839118,T367,14.5,Grace Jansen,2025-08-30 15:08:17,noise
6397364632100,6398445554732,T181,12.9,Grace Jansen,2025-08-30 20:08:44,noise
6397364632100,6398445554732,T367,24.0,Grace Jansen,2025-08-30 11:24:36,noise
6397364632100,6396227547092,T181,7.9,Grace Jansen,2025-08-29 08:11:38,noise
6397364632100,6391194839118,T181,36.5,Grace Jansen,2025-08-29 15:14:51,noise
6397364632100,6396607099917,T367,18.0,Grace Jansen,2025-08-28 11:08:16,noise
6397364632100,6398445554732,T181,11.8,Grace Jansen,2025-08-28 17:19:00,noise
6397364632100,6396441529079,T181,14.1,Grace Jansen,2025-08-28 09:13:15,noise
6397364632100,6398445554732,T367,14.4,Grace Jansen,2025-08-27 10:02:03,noise
6397364632100,6391621634803,T367,14.3,Grace Jansen,2025-08-27 11:10:29,noise
6397364632100,6392779062252,T367,16.6,Grace Jansen,2025-08-27 20:09:33,noise
6397364632100,6398445554732,T367,5.6,Grace Jansen,2025-08-26 04:12:51,noise
6397364632100,6395978599202,T181,21.4,Grace Jansen,2025-08-26 08:02:00,noise
6397364632100,6397906422409,T367,20.3,Grace Jansen,2025-08-25 13:09:10,noise
6397364632100,6396967557245,T181,88.5,Grace Jansen,2025-08-25 17:28:23,noise
6397364632100,6397906422409,T367,28.9,Grace Jansen,2025-08-24 15:16:15,noise
6397364632100,6397274004764,T367,18.8,Grace Jansen,2025-08-23 20:28:39,noise
6397364632100,6395978599202,T181,4.8,Grace Jansen,2025-08-23 13:11:22,noise
6397364632100,6394555912795,T367,16.3,Grace Jansen,2025-08-23 16:09:37,noise
6397364632100,6395656527999,T367,28.9,Grace Jansen,2025-08-22 10:10:46,noise
6397364632100,6395363927709,T181,9.2,Grace Jansen,2025-08-22 11:24:21,noise
6397364632100,6398445554732,T181,5.7,Grace Jansen,2025-08-22 21:29:45,noise
6397364632100,6392334677082,T181,26.2,Grace Jansen,2025-08-21 04:25:35,noise
6397364632100,6398445554732,T181,19.9,Grace Jansen,2025-08-21 08:21:33,noise
6397364632100,6391194839118,T367,17.2,Grace Jansen,2025-08-21 12:22:31,noise
6397364632100,6391194839118,T367,22.5,Grace Jansen,2025-08-20 17:29:47,noise
6397364632100,6397906422409,T367,14.7,Grace Jansen,2025-08-20 19:01:58,noise
6397364632100,6397235532708,T181,4.2,Grace Jansen,2025-08-19 18:23:40,noise
6397364632100,6397906422409,T367,9.0,Grace Jansen,2025-08-19 18:10:27,noise
6397364632100,6391194839118,T181,19.0,Grace Jansen,2025-08-18 09:16:23,noise
6397364632100,6397906422409,T181,28.0,Grace Jansen,2025-08-17 18:13:12,noise
6397364632100,6398445554732,T181,19.4,Grace Jansen,2025-08-17 19:19:59,noise
6397364632100,6398445554732,T367,13.9,Grace Jansen,2025-08-17 17:02:24,noise
6397364632100,6398445554732,T367,17.2,Grace Jansen,2025-08-16 10:19:31,noise
6397364632100,6391194839118,T367,31.3,Grace Jansen,2025-08-15 09:09:36,noise
6397364632100,6391611816266,T367,16.4,Grace Jansen,2025-08-14 22:04:28,noise
6397364632100,6391194839118,T181,21.8,Grace Jansen,2025-08-14 17:14:35,noise
6397364632100,6397906422409,T367,9.3,Grace Jansen,2025-08-13 23:12:55,noise
6397364632100,6391194839118,T367,17.6,Grace Jansen,2025-08-13 13:30:21,noise
6397364632100,6391194839118,T181,10.5,Grace Jansen,2025-08-13 16:29:51,noise
6397364632100,6391085319364,T181,26.1,Grace Jansen,2025-08-12 05:04:32,noise
6397364632100,6397906422409,T367,20.4,Grace Jansen,2025-08-12 10:23:51,noise
6397364632100,6391194839118,T367,9.5,Grace Jansen,2025-08-11 23:17:36,noise
6397364632100,6399617100710,T367,7.9,Grace Jansen,2025-08-11 08:00:00,noise
6397364632100,6397906422409,T367,18.7,Grace Jansen,2025-08-11 16:00:24,noise
6397364632100,6397008615813,T367,42.0,Grace Jansen,2025-08-10 10:27:21,noise
6397364632100,6398445554732,T367,30.0,Grace Jansen,2025-08-10 19:08:08,noise
6397364632100,6398445554732,T367,7.1,Grace Jansen,2025-08-09 02:30:48,noise
6397364632100,6391194839118,T367,20.1,Grace Jansen,2025-08-09 12:11:11,noise
6397364632100,6398445554732,T367,6.2,Grace Jansen,2025-08-08 20:30:29,noise
6397364632100,6393859907578,T181,18.1,Grace Jansen,2025-08-08 09:24:27,noise
6397364632100,6397844655371,T367,12.8,Grace Jansen,2025-08-08 14:22:02,noise
6397364632100,6397906422409,T367,20.3,Grace Jansen,2025-08-07 16:17:26,noise
6397364632100,6391194839118,T367,57.8,Grace Jansen,2025-08-07 12:02:50,noise
6397364632100,6396119144758,T367,11.7,Grace Jansen,2025-08-07 12:00:44,noise
6397364632100,6396033004999,T181,20.4,Grace Jansen,2025-08-06 19:16:18,noise
6397364632100,6391194839118,T181,24.5,Grace Jansen,2025-08-06 20:00:33,noise
6397364632100,6397906422409,T181,6.4,Grace Jansen,2025-08-05 10:10:09,noise
6397364632100,6398445554732,T181,27.5,Grace Jansen,2025-08-05 12:29:06,noise
6397364632100,6398445554732,T367,31.0,Grace Jansen,2025-08-05 14:16:38,noise
6397364632100,6391194839118,T181,17.9,Grace Jansen,2025-08-04 13:16:34,noise
6397364632100,6393561104962,T367,22.9,Grace Jansen,2025-08-04 11:14:20,noise
6398036705746,6392835511896,T274,24.9,Zane Alvarez,2025-10-18 20:15:36,noise
6398036705746,6395778639223,T274,35.4,Zane Alvarez,2025-10-18 13:07:35,noise
6398036705746,6396033004999,T361,30.8,Zane Alvarez,2025-10-17 08:21:08,noise
6398036705746,6392835511896,T361,17.1,Zane Alvarez,2025-10-16 08:23:35,noise
6398036705746,6398761443795,T274,56.7,Zane Alvarez,2025-10-16 12:18:52,noise
6398036705746,6392835511896,T361,40.2,Zane Alvarez,2025-10-15 09:21:26,noise
6398036705746,6395778639223,T361,5.3,Zane Alvarez,2025-10-15 05:27:22,noise
6398036705746,6396095128059,T274,14.5,Zane Alvarez,2025-10-15 16:05:15,noise
6398036705746,6394264279208,T274,13.0,Zane Alvarez,2025-10-14 13:29:11,noise
6398036705746,6394574621348,T274,29.4,Zane Alvarez,2025-10-14 13:24:15,noise
6398036705746,6394574621348,T361,5.7,Zane Alvarez,2025-10-13 11:00:03,noise
6398036705746,6393507307642,T274,14.8,Zane Alvarez,2025-10-13 11:02:59,noise
6398036705746,6392463613153,T361,16.4,Zane Alvarez,2025-10-13 18:10:54,noise
6398036705746,6396693621506,T361,19.6,Zane Alvarez,2025-10-12 02:22:04,noise
6398036705746,6394574621348,T274,22.2,Zane Alvarez,2025-10-12 22:05:02,noise
6398036705746,6396033004999,T361,8.0,Zane Alvarez,2025-10-12 21:14:42,noise
6398036705746,6392835511896,T361,20.9,Zane Alvarez,2025-10-11 08:18:05,noise
6398036705746,6394574621348,T361,20.5,Zane Alvarez,2025-10-11 16:10:24,noise
6398036705746,6394574621348,T274,24.5,Zane Alvarez,2025-10-10 11:24:07,noise
6398036705746,6399924544312,T361,16.7,Zane Alvarez,2025-10-10 10:28:52,noise
6398036705746,6395455137652,T274,56.7,Zane Alvarez,2025-10-09 11:26:56,noise
6398036705746,6392835511896,T274,9.8,Zane Alvarez,2025-10-09 15:16:51,noise
6398036705746,6394574621348,T274,12.4,Zane Alvarez,2025-10-08 11:20:48,noise
6398036705746,6394574621348,T361,89.6,Zane Alvarez,2025-10-08 15:21:54,noise
6398036705746,6395778639223,T361,59.6,Zane Alvarez,2025-10-07 21:03:59,noise
6398036705746,6399979024610,T274,18.1,Zane Alvarez,2025-10-07 17:05:24,noise
6398036705746,6395082508928,T361,21.3,Zane Alvarez,2025-10-06 17:26:32,noise
6398036705746,6391937903040,T274,6.9,Zane Alvarez,2025-10-06 18:14:43,noise
6398036705746,6391053669235,T361,28.8,Zane Alvarez,2025-10-05 15:16:19,noise
6398036705746,6394882630315,T361,9.1,Zane Alvarez,2025-10-05 10:12:54,noise
6398036705746,6395778639223,T274,15.3,Zane Alvarez,2025-10-04 08:15:40,noise
6398036705746,6397197783416,T274,25.4,Zane Alvarez,2025-10-04 10:20:11,noise
6398036705746,6394574621348,T274,36.1,Zane Alvarez,2025-10-03 12:28:46,noise
6398036705746,6396181402712,T274,23.8,Zane Alvarez,2025-10-03 16:08:11,noise
6398036705746,6398761443795,T274,13.9,Zane Alvarez,2025-10-02 20:30:09,noise
6398036705746,6394841742270,T274,25.0,Zane Alvarez,2025-10-02 08:26:25,noise
6398036705746,6392835511896,T361,22.0,Zane Alvarez,2025-10-01 18:06:02,noise
6398036705746,6396681820773,T274,13.7,Zane Alvarez,2025-09-30 18:20:10,noise
6398036705746,6395778639223,T361,25.1,Zane Alvarez,2025-09-30 08:24:53,noise
6398036705746,6392835511896,T361,10.8,Zane Alvarez,2025-09-29 12:04:22,noise
6398036705746,6394574621348,T274,3.2,Zane Alvarez,2025-09-29 14:10:09,noise
6398036705746,6394574621348,T361,17.6,Zane Alvarez,2025-09-28 16:26:45,noise
6398036705746,6396492957730,T274,28.0,Zane Alvarez,2025-09-27 09:04:58,noise
6398036705746,6397554224472,T361,48.4,Zane Alvarez,2025-09-26 14:16:43,noise
6398036705746,6392835511896,T361,16.2,Zane Alvarez,2025-09-26 23:13:36,noise
6398036705746,6392295700924,T361,26.9,Zane Alvarez,2025-09-25 14:17:15,noise
6398036705746,6394779148527,T361,11.7,Zane Alvarez,2025-09-25 12:04:13,noise
6398036705746,6392059565366,T361,26.5,Zane Alvarez,2025-09-25 16:22:11,noise
6398036705746,6394574621348,T274,30.5,Zane Alvarez,2025-09-24 09:13:17,noise
6398036705746,6394048553499,T274,6.8,Zane Alvarez,2025-09-24 12:13:07,noise
6398036705746,6394574621348,T361,27.1,Zane Alvarez,2025-09-24 13:29:19,noise
6398036705746,6395778639223,T361,20.4,Zane Alvarez,2025-09-23 10:05:40,noise
6398036705746,6394574621348,T361,14.8,Zane Alvarez,2025-09-22 18:20:11,noise
6398036705746,6397008615813,T361,63.1,Zane Alvarez,2025-09-22 21:16:06,noise
6398036705746,6396859651169,T361,17.6,Zane Alvarez,2025-09-22 11:28:56,noise
6398036705746,6392835511896,T274,10.1,Zane Alvarez,2025-09-21 11:08:54,noise
6398036705746,6394574621348,T274,9.4,Zane Alvarez,2025-09-21 20:29:24,noise
6398036705746,6399799920361,T361,33.1,Zane Alvarez,2025-09-20 21:01:23,noise
6398036705746,6395082508928,T361,12.3,Zane Alvarez,2025-09-19 12:22:43,noise
6398036705746,6392835511896,T361,13.8,Zane Alvarez,2025-09-19 10:04:57,noise
6398036705746,6397209902585,T274,20.3,Zane Alvarez,2025-09-18 14:21:34,noise
6398036705746,6394574621348,T361,25.4,Zane Alvarez,2025-09-18 15:24:09,noise
6398036705746,6393951377482,T361,7.9,Zane Alvarez,2025-09-17 13:30:34,noise
6398036705746,6395778639223,T274,23.9,Zane Alvarez,2025-09-17 16:20:38,noise
6398036705746,6394574621348,T361,12.4,Zane Alvarez,2025-09-17 10:03:56,noise
6398036705746,6394574621348,T361,15.8,Zane Alvarez,2025-09-16 12:22:28,noise
6398036705746,6395778639223,T361,11.2,Zane Alvarez,2025-09-15 16:13:34,noise
6398036705746,6394574621348,T361,105.7,Zane Alvarez,2025-09-15 03:16:05,noise
6398036705746,6396631526248,T274,18.0,Zane Alvarez,2025-09-15 15:28:40,noise
6398036705746,6395778639223,T274,8.7,Zane Alvarez,2025-09-14 10:13:40,noise
6398036705746,6394574621348,T361,21.4,Zane Alvarez,2025-09-14 11:03:53,noise
6398036705746,6394574621348,T361,17.4,Zane Alvarez,2025-09-13 09:15:05,noise
6398036705746,6395778639223,T361,39.0,Zane Alvarez,2025-09-12 10:14:08,noise
6398036705746,6394574621348,T361,14.6,Zane Alvarez,2025-09-11 15:20:21,noise
6398036705746,6393507307642,T361,2.6,Zane Alvarez,2025-09-11 15:26:49,noise
6398036705746,6395778639223,T274,11.5,Zane Alvarez,2025-09-11 19:08:19,noise
6398036705746,6392059565366,T274,14.2,Zane Alvarez,2025-09-10 08:21:14,noise
6398036705746,6394574621348,T361,25.5,Zane Alvarez,2025-09-10 13:12:40,noise
6398036705746,6395778639223,T361,5.9,Zane Alvarez,2025-09-09 09:05:23,noise
6398036705746,6395778639223,T361,10.0,Zane Alvarez,2025-09-09 18:08:57,noise
6398036705746,6395778639223,T274,35.2,Zane Alvarez,2025-09-08 11:08:26,noise
6398036705746,6395778639223,T274,7.4,Zane Alvarez,2025-09-08 18:06:26,noise
6398036705746,6394048553499,T361,39.4,Zane Alvarez,2025-09-07 17:08:44,noise
6398036705746,6392835511896,T361,13.5,Zane Alvarez,2025-09-07 20:17:46,noise
6398036705746,6396119144758,T361,6.7,Zane Alvarez,2025-09-07 08:02:58,noise
6398036705746,6392835511896,T361,20.8,Zane Alvarez,2025-09-06 13:20:47,noise
6398036705746,6392835511896,T274,16.0,Zane Alvarez,2025-09-06 03:17:01,noise
6398036705746,6399856589429,T361,7.9,Zane Alvarez,2025-09-05 22:22:23,noise
6398036705746,6397588030313,T274,13.0,Zane Alvarez,2025-09-05 17:25:43,noise
6398036705746,6395778639223,T361,24.0,Zane Alvarez,2025-09-04 20:01:27,noise
6398036705746,6395778639223,T274,36.9,Zane Alvarez,2025-09-04 01:05:48,noise
6398036705746,6391085319364,T274,26.3,Zane Alvarez,2025-09-03 22:21:32,noise
6398036705746,6391937903040,T361,14.4,Zane Alvarez,2025-09-03 10:01:01,noise
6398036705746,6395455137652,T274,20.7,Zane Alvarez,2025-09-02 14:00:37,noise
6398036705746,6396441529079,T274,9.5,Zane Alvarez,2025-09-01 11:10:37,noise
6398036705746,6395778639223,T361,32.4,Zane Alvarez,2025-09-01 11:25:30,noise
6398036705746,6392835511896,T361,6.0,Zane Alvarez,2025-08-31 21:28:47,noise
6398036705746,6391575752536,T274,100.7,Zane Alvarez,2025-08-31 20:07:00,noise
6398036705746,6399799920361,T274,24.0,Zane Alvarez,2025-08-30 16:27:00,noise
6398036705746,6395778639223,T361,8.8,Zane Alvarez,2025-08-30 11:17:21,noise
6398036705746,6396441529079,T274,22.3,Zane Alvarez,2025-08-29 05:27:12,noise
6398036705746,6397664580862,T361,19.7,Zane Alvarez,2025-08-29 13:14:55,noise
6398036705746,6395656527999,T361,15.7,Zane Alvarez,2025-08-29 21:05:24,noise
6398036705746,6392835511896,T274,16.8,Zane Alvarez,2025-08-28 18:07:11,noise
6398036705746,6393045592855,T361,26.8,Zane Alvarez,2025-08-28 15:26:55,noise
6398036705746,6395778639223,T361,24.4,Zane Alvarez,2025-08-28 12:12:09,noise
6398036705746,6393603835968,T361,16.0,Zane Alvarez,2025-08-27 19:05:50,noise
6398036705746,6397274004764,T361,3.1,Zane Alvarez,2025-08-26 15:00:44,noise
6398036705746,6394574621348,T274,66.9,Zane Alvarez,2025-08-26 13:13:35,noise
6398036705746,6394882630315,T274,37.7,Zane Alvarez,2025-08-26 19:05:27,noise
6398036705746,6395778639223,T361,7.8,Zane Alvarez,2025-08-25 02:01:03,noise
6398036705746,6394574621348,T274,31.0,Zane Alvarez,2025-08-25 11:09:32,noise
6398036705746,6392835511896,T361,7.9,Zane Alvarez,2025-08-25 15:02:53,noise
6398036705746,6394574621348,T361,21.1,Zane Alvarez,2025-08-24 14:09:39,noise
6398036705746,6394841742270,T361,5.2,Zane Alvarez,2025-08-24 08:02:04,noise
6398036705746,6391279393246,T361,40.2,Zane Alvarez,2025-08-23 18:12:58,noise
6398036705746,6394574621348,T361,3.5,Zane Alvarez,2025-08-23 11:22:58,noise
6398036705746,6392835511896,T361,43.2,Zane Alvarez,2025-08-22 05:11:42,noise
6398036705746,6395778639223,T274,26.9,Zane Alvarez,2025-08-22 20:16:57,noise
6398036705746,6397554224472,T361,79.9,Zane Alvarez,2025-08-21 11:23:36,noise
6398036705746,6392835511896,T274,34.1,Zane Alvarez,2025-08-21 16:12:13,noise
6398036705746,6395778639223,T274,29.5,Zane Alvarez,2025-08-21 23:02:55,noise
6398036705746,6399856589429,T361,59.4,Zane Alvarez,2025-08-20 11:20:28,noise
6398036705746,6395778639223,T361,29.1,Zane Alvarez,2025-08-20 19:08:44,noise
6398036705746,6392835511896,T361,2.5,Zane Alvarez,2025-08-19 08:18:06,noise
6398036705746,6398732852032,T274,8.3,Zane Alvarez,2025-08-19 00:17:36,noise
6398036705746,6394574621348,T274,17.8,Zane Alvarez,2025-08-18 01:13:59,noise
6398036705746,6397316055758,T274,31.1,Zane Alvarez,2025-08-18 09:02:31,noise
6398036705746,6396468854276,T361,20.8,Zane Alvarez,2025-08-17 02:03:05,noise
6398036705746,6396441529079,T361,19.6,Zane Alvarez,2025-08-17 12:15:38,noise
6398036705746,6392835511896,T361,47.9,Zane Alvarez,2025-08-16 18:04:38,noise
6398036705746,6394574621348,T361,8.4,Zane Alvarez,2025-08-16 08:04:13,noise
6398036705746,6396681820773,T274,32.4,Zane Alvarez,2025-08-16 21:11:19,noise
6398036705746,6394574621348,T361,6.6,Zane Alvarez,2025-08-15 14:18:20,noise
6398036705746,6398445554732,T361,20.7,Zane Alvarez,2025-08-14 08:23:20,noise
6398036705746,6392835511896,T361,34.0,Zane Alvarez,2025-08-14 15:15:16,noise
6398036705746,6398391305137,T274,12.8,Zane Alvarez,2025-08-13 19:26:08,noise
6398036705746,6393603835968,T274,3.3,Zane Alvarez,2025-08-13 09:02:27,noise
6398036705746,6391279393246,T274,9.7,Zane Alvarez,2025-08-12 12:25:31,noise
6398036705746,6398036705746,T274,74.7,Zane Alvarez,2025-08-11 21:24:39,noise
6398036705746,6394574621348,T361,45.9,Zane Alvarez,2025-08-11 22:05:21,noise
6398036705746,6394264279208,T274,16.5,Zane Alvarez,2025-08-10 17:24:07,noise
6398036705746,6394574621348,T361,8.2,Zane Alvarez,2025-08-10 09:00:16,noise
6398036705746,6394574621348,T274,12.4,Zane Alvarez,2025-08-09 08:21:23,noise
6398036705746,6395778639223,T361,11.6,Zane Alvarez,2025-08-09 16:29:14,noise
6398036705746,6396181402712,T361,31.2,Zane Alvarez,2025-08-08 13:25:41,noise
6398036705746,6398491189169,T361,21.5,Zane Alvarez,2025-08-08 22:16:37,noise
6398036705746,6392835511896,T361,59.7,Zane Alvarez,2025-08-08 15:25:28,noise
6398036705746,6394574621348,T361,13.2,Zane Alvarez,2025-08-07 17:07:50,noise
6398036705746,6393541804755,T274,10.0,Zane Alvarez,2025-08-07 12:23:57,noise
6398036705746,6395778639223,T274,10.1,Zane Alvarez,2025-08-06 08:23:29,noise
6398036705746,6396492957730,T361,41.4,Zane Alvarez,2025-08-06 13:23:20,noise
6398036705746,6392835511896,T361,28.0,Zane Alvarez,2025-08-06 15:00:53,noise
6398036705746,6396927514387,T274,66.5,Zane Alvarez,2025-08-05 05:14:54,noise
6398036705746,6395778639223,T274,13.1,Zane Alvarez,2025-08-04 13:19:37,noise
6398036705746,6392835511896,T274,9.7,Zane Alvarez,2025-08-04 01:02:16,noise
6398036705746,6393493304331,T274,18.4,Zane Alvarez,2025-08-04 18:26:19,noise
6396033004999,6393045592855,T107,20.4,Leo Quinn,2025-10-18 10:12:27,noise
6396033004999,6392295700924,T614,20.9,Leo Quinn,2025-10-18 00:09:44,noise
6396033004999,6392885325965,T614,12.5,Leo Quinn,2025-10-17 17:19:56,noise
6396033004999,6396423658378,T614,73.0,Leo Quinn,2025-10-16 18:14:37,noise
6396033004999,6395975932913,T614,17.3,Leo Quinn,2025-10-15 16:24:53,noise
6396033004999,6395975932913,T614,34.1,Leo Quinn,2025-10-15 00:26:44,noise
6396033004999,6399617100710,T614,23.1,Leo Quinn,2025-10-14 15:12:13,noise
6396033004999,6399617100710,T614,17.7,Leo Quinn,2025-10-14 14:10:35,noise
6396033004999,6391681212932,T107,10.8,Leo Quinn,2025-10-14 12:29:42,noise
6396033004999,6393975769123,T107,32.1,Leo Quinn,2025-10-13 15:02:07,noise
6396033004999,6397008615813,T614,19.6,Leo Quinn,2025-10-13 10:01:08,noise
6396033004999,6392835511896,T614,11.4,Leo Quinn,2025-10-12 14:28:57,noise
6396033004999,6396033004999,T614,14.7,Leo Quinn,2025-10-12 15:21:11,noise
6396033004999,6397008615813,T107,13.3,Leo Quinn,2025-10-12 04:02:45,noise
6396033004999,6391194839118,T614,8.0,Leo Quinn,2025-10-11 23:11:16,noise
6396033004999,6395975932913,T107,16.5,Leo Quinn,2025-10-11 12:15:35,noise
6396033004999,6397664580862,T107,19.6,Leo Quinn,2025-10-11 19:01:13,noise
6396033004999,6395975932913,T614,27.2,Leo Quinn,2025-10-10 09:28:56,noise
6396033004999,6393561104962,T614,35.9,Leo Quinn,2025-10-10 09:22:13,noise
6396033004999,6397008615813,T107,20.2,Leo Quinn,2025-10-09 13:18:39,noise
6396033004999,6397008615813,T614,10.3,Leo Quinn,2025-10-09 13:21:39,noise
6396033004999,6397664580862,T107,36.7,Leo Quinn,2025-10-08 19:26:24,noise
6396033004999,6399496417009,T107,29.5,Leo Quinn,2025-10-07 19:15:38,noise
6396033004999,6397664580862,T107,11.2,Leo Quinn,2025-10-07 17:22:53,noise
6396033004999,6397008615813,T107,17.2,Leo Quinn,2025-10-07 13:01:37,noise
6396033004999,6397008615813,T614,23.0,Leo Quinn,2025-10-06 11:21:07,noise
6396033004999,6399496417009,T614,15.4,Leo Quinn,2025-10-06 19:05:34,noise
6396033004999,6397008615813,T107,10.0,Leo Quinn,2025-10-05 18:16:03,noise
6396033004999,6395975932913,T107,5.8,Leo Quinn,2025-10-05 11:05:11,noise
6396033004999,6397664580862,T107,5.0,Leo Quinn,2025-10-04 16:19:39,noise
6396033004999,6395975932913,T614,34.2,Leo Quinn,2025-10-04 17:20:11,noise
6396033004999,6397008615813,T614,21.3,Leo Quinn,2025-10-04 01:07:46,noise
6396033004999,6397664580862,T107,26.7,Leo Quinn,2025-10-03 02:07:44,noise
6396033004999,6395455137652,T107,17.7,Leo Quinn,2025-10-03 13:04:05,noise
6396033004999,6395975932913,T614,8.1,Leo Quinn,2025-10-02 10:08:46,noise
6396033004999,6397664580862,T107,5.2,Leo Quinn,2025-10-01 12:16:49,noise
6396033004999,6397664580862,T107,25.5,Leo Quinn,2025-09-30 09:17:35,noise
6396033004999,6397008615813,T614,9.7,Leo Quinn,2025-09-30 11:30:50,noise
6396033004999,6397008615813,T614,45.0,Leo Quinn,2025-09-29 16:03:56,noise
6396033004999,6397008615813,T107,15.0,Leo Quinn,2025-09-29 12:12:01,noise
6396033004999,6395975932913,T614,30.9,Leo Quinn,2025-09-28 15:27:44,noise
6396033004999,6391937903040,T614,11.7,Leo Quinn,2025-09-28 14:18:50,noise
6396033004999,6397664580862,T107,10.5,Leo Quinn,2025-09-28 11:24:43,noise
6396033004999,6395975932913,T614,9.7,Leo Quinn,2025-09-27 05:26:57,noise
6396033004999,6392724977358,T107,16.2,Leo Quinn,2025-09-27 08:05:17,noise
6396033004999,6396892073434,T107,18.4,Leo Quinn,2025-09-26 17:21:11,noise
6396033004999,6397008615813,T614,3.7,Leo Quinn,2025-09-26 18:05:40,noise
6396033004999,6399496417009,T107,61.1,Leo Quinn,2025-09-25 20:09:03,noise
6396033004999,6393045592855,T614,7.6,Leo Quinn,2025-09-24 14:08:09,noise
6396033004999,6399856589429,T107,23.2,Leo Quinn,2025-09-24 15:29:29,noise
6396033004999,6397008615813,T107,8.1,Leo Quinn,2025-09-24 18:22:08,noise
6396033004999,6392779062252,T614,38.0,Leo Quinn,2025-09-23 11:14:43,noise
6396033004999,6395455137652,T614,14.3,Leo Quinn,2025-09-22 01:06:59,noise
6396033004999,6394779148527,T107,11.3,Leo Quinn,2025-09-21 10:24:40,noise
6396033004999,6397008615813,T107,7.8,Leo Quinn,2025-09-20 17:29:23,noise
6396033004999,6395975932913,T614,12.8,Leo Quinn,2025-09-20 08:26:39,noise
6396033004999,6395975932913,T107,9.5,Leo Quinn,2025-09-19 20:08:17,noise
6396033004999,6393951377482,T107,23.3,Leo Quinn,2025-09-19 17:03:23,noise
6396033004999,6399856589429,T614,11.0,Leo Quinn,2025-09-18 18:00:05,noise
6396033004999,6399165981131,T107,20.0,Leo Quinn,2025-09-18 00:10:22,noise
6396033004999,6397664580862,T107,22.6,Leo Quinn,2025-09-18 13:30:11,noise
6396033004999,6396441529079,T614,8.6,Leo Quinn,2025-09-17 01:18:00,noise
6396033004999,6391279393246,T107,39.4,Leo Quinn,2025-09-17 15:07:55,noise
6396033004999,6395975932913,T614,23.4,Leo Quinn,2025-09-16 05:30:37,noise
6396033004999,6397664580862,T107,14.3,Leo Quinn,2025-09-16 20:17:50,noise
6396033004999,6397008615813,T614,8.8,Leo Quinn,2025-09-15 17:18:38,noise
6396033004999,6397664580862,T614,7.4,Leo Quinn,2025-09-15 10:22:56,noise
6396033004999,6396892073434,T107,29.1,Leo Quinn,2025-09-15 05:23:13,noise
6396033004999,6397664580862,T107,58.7,Leo Quinn,2025-09-14 15:18:42,noise
6396033004999,6397008615813,T614,30.8,Leo Quinn,2025-09-14 08:23:32,noise
6396033004999,6397008615813,T614,19.5,Leo Quinn,2025-09-13 15:11:36,noise
6396033004999,6395975932913,T107,40.7,Leo Quinn,2025-09-13 08:17:20,noise
6396033004999,6392779062252,T614,13.7,Leo Quinn,2025-09-12 19:24:14,noise
6396033004999,6397664580862,T107,18.3,Leo Quinn,2025-09-12 11:28:35,noise
6396033004999,6395122083064,T107,18.9,Leo Quinn,2025-09-11 18:29:51,noise
6396033004999,6395975932913,T107,56.8,Leo Quinn,2025-09-11 23:05:30,noise
6396033004999,6395975932913,T614,15.8,Leo Quinn,2025-09-11 10:20:24,noise
6396033004999,6397008615813,T614,12.3,Leo Quinn,2025-09-10 19:21:27,noise
6396033004999,6394882630315,T614,6.1,Leo Quinn,2025-09-10 17:11:45,noise
6396033004999,6397652242448,T107,38.5,Leo Quinn,2025-09-09 17:23:40,noise
6396033004999,6397664580862,T614,7.6,Leo Quinn,2025-09-08 10:13:08,noise
6396033004999,6393951377482,T614,33.3,Leo Quinn,2025-09-08 12:09:01,noise
6396033004999,6397664580862,T107,4.1,Leo Quinn,2025-09-07 19:17:38,noise
6396033004999,6391279393246,T107,19.3,Leo Quinn,2025-09-07 19:27:22,noise
6396033004999,6397664580862,T107,7.3,Leo Quinn,2025-09-06 15:13:01,noise
6396033004999,6397664580862,T107,43.1,Leo Quinn,2025-09-05 14:28:57,noise
6396033004999,6397008615813,T107,4.9,Leo Quinn,2025-09-04 14:14:30,noise
6396033004999,6397664580862,T107,28.7,Leo Quinn,2025-09-04 13:17:26,noise
6396033004999,6398445554732,T107,8.0,Leo Quinn,2025-09-03 19:15:22,noise
6396033004999,6395975932913,T614,7.1,Leo Quinn,2025-09-03 10:09:03,noise
6396033004999,6393975769123,T107,21.5,Leo Quinn,2025-09-02 00:01:10,noise
6396033004999,6395975932913,T107,31.8,Leo Quinn,2025-09-02 11:19:04,noise
6396033004999,6396095128059,T107,7.6,Leo Quinn,2025-09-01 08:17:16,noise
6396033004999,6397664580862,T614,13.2,Leo Quinn,2025-08-31 14:13:34,noise
6396033004999,6391611816266,T614,22.2,Leo Quinn,2025-08-30 19:12:58,noise
6396033004999,6397008615813,T107,20.0,Leo Quinn,2025-08-29 14:23:16,noise
6396033004999,6391194839118,T107,6.6,Leo Quinn,2025-08-29 20:02:52,noise
6396033004999,6397664580862,T614,7.4,Leo Quinn,2025-08-28 03:10:13,noise
6396033004999,6396033004999,T614,21.7,Leo Quinn,2025-08-28 11:12:20,noise
6396033004999,6397664580862,T107,9.8,Leo Quinn,2025-08-27 23:06:26,noise
6396033004999,6397008615813,T107,9.7,Leo Quinn,2025-08-27 10:13:20,noise
6396033004999,6392724977358,T614,51.6,Leo Quinn,2025-08-26 22:01:38,noise
6396033004999,6391757381529,T107,14.7,Leo Quinn,2025-08-26 05:26:08,noise
6396033004999,6398491189169,T614,30.1,Leo Quinn,2025-08-25 15:06:23,noise
6396033004999,6397664580862,T614,35.1,Leo Quinn,2025-08-25 20:27:43,noise
6396033004999,6395455137652,T614,10.2,Leo Quinn,2025-08-24 08:08:32,noise
6396033004999,6391085319364,T107,14.8,Leo Quinn,2025-08-24 11:24:14,noise
6396033004999,6392795791102,T107,7.4,Leo Quinn,2025-08-24 20:07:11,noise
6396033004999,6397008615813,T614,7.5,Leo Quinn,2025-08-23 16:30:27,noise
6396033004999,6397664580862,T107,34.9,Leo Quinn,2025-08-23 03:14:53,noise
6396033004999,6395975932913,T107,13.6,Leo Quinn,2025-08-22 16:27:49,noise
6396033004999,6397664580862,T614,27.7,Leo Quinn,2025-08-21 20:01:08,noise
6396033004999,6393726218800,T107,32.0,Leo Quinn,2025-08-21 00:26:10,noise
6396033004999,6397008615813,T107,3.8,Leo Quinn,2025-08-21 08:28:20,noise
6396033004999,6395975932913,T107,12.5,Leo Quinn,2025-08-20 11:10:52,noise
6396033004999,6397008615813,T614,4.8,Leo Quinn,2025-08-20 23:26:18,noise
6396033004999,6397008615813,T614,40.3,Leo Quinn,2025-08-19 15:01:47,noise
6396033004999,6395975932913,T107,16.9,Leo Quinn,2025-08-19 17:20:53,noise
6396033004999,6399799920361,T614,10.1,Leo Quinn,2025-08-18 10:01:37,noise
6396033004999,6397008615813,T107,7.8,Leo Quinn,2025-08-18 17:13:42,noise
6396033004999,6396927514387,T614,20.8,Leo Quinn,2025-08-17 08:06:50,noise
6396033004999,6396441529079,T614,19.5,Leo Quinn,2025-08-16 12:04:24,noise
6396033004999,6391279393246,T107,37.0,Leo Quinn,2025-08-16 08:20:55,noise
6396033004999,6397209902585,T107,37.4,Leo Quinn,2025-08-15 23:06:33,noise
6396033004999,6397664580862,T107,9.4,Leo Quinn,2025-08-15 19:04:30,noise
6396033004999,6394841742270,T614,7.5,Leo Quinn,2025-08-14 14:15:16,noise
6396033004999,6397664580862,T107,10.7,Leo Quinn,2025-08-14 19:12:51,noise
6396033004999,6396607099917,T107,52.8,Leo Quinn,2025-08-13 18:19:58,noise
6396033004999,6397588030313,T107,27.6,Leo Quinn,2025-08-13 19:08:44,noise
6396033004999,6397235532708,T614,17.8,Leo Quinn,2025-08-13 14:09:53,noise
6396033004999,6395975932913,T107,29.3,Leo Quinn,2025-08-12 17:09:46,noise
6396033004999,6395975932913,T107,7.0,Leo Quinn,2025-08-12 21:07:34,noise
6396033004999,6397008615813,T107,27.1,Leo Quinn,2025-08-12 21:08:54,noise
6396033004999,6398732852032,T107,22.0,Leo Quinn,2025-08-11 09:24:20,noise
6396033004999,6395975932913,T107,15.2,Leo Quinn,2025-08-11 02:06:30,noise
6396033004999,6397664580862,T107,23.3,Leo Quinn,2025-08-10 15:18:43,noise
6396033004999,6391085319364,T107,4.8,Leo Quinn,2025-08-10 21:16:32,noise
6396033004999,6391621634803,T107,11.4,Leo Quinn,2025-08-09 20:14:25,noise
6396033004999,6397008615813,T614,9.8,Leo Quinn,2025-08-09 15:28:58,noise
6396033004999,6392779062252,T107,6.0,Leo Quinn,2025-08-08 16:28:02,noise
6396033004999,6397664580862,T614,28.4,Leo Quinn,2025-08-08 12:21:40,noise
6396033004999,6393603835968,T614,7.4,Leo Quinn,2025-08-08 15:25:05,noise
6396033004999,6395975932913,T107,59.1,Leo Quinn,2025-08-07 15:24:55,noise
6396033004999,6395975932913,T107,31.4,Leo Quinn,2025-08-07 18:30:40,noise
6396033004999,6397008615813,T107,11.0,Leo Quinn,2025-08-06 12:16:02,noise
6396033004999,6397008615813,T614,22.8,Leo Quinn,2025-08-06 14:11:17,noise
6396033004999,6393045592855,T614,56.0,Leo Quinn,2025-08-06 15:00:20,noise
6396033004999,6397664580862,T614,66.2,Leo Quinn,2025-08-05 16:23:24,noise
6396033004999,6392885325965,T614,19.8,Leo Quinn,2025-08-05 15:01:40,noise
6396033004999,6391937903040,T107,14.6,Leo Quinn,2025-08-04 10:21:16,noise
6396033004999,6397008615813,T107,30.0,Leo Quinn,2025-08-04 13:16:41,noise
6396441529079,6395363927709,T274,22.5,Ivy Mehta,2025-10-18 13:28:40,noise
6396441529079,6393541804755,T274,22.9,Ivy Mehta,2025-10-18 13:06:51,noise
6396441529079,6399979024610,T135,22.3,Ivy Mehta,2025-10-17 17:27:47,noise
6396441529079,6399979024610,T274,16.3,Ivy Mehta,2025-10-17 22:18:19,noise
6396441529079,6393493304331,T135,15.8,Ivy Mehta,2025-10-16 10:25:01,noise
6396441529079,6398391305137,T135,7.3,Ivy Mehta,2025-10-16 09:00:34,noise
6396441529079,6399979024610,T274,14.5,Ivy Mehta,2025-10-15 16:19:41,noise
6396441529079,6396518798247,T135,20.8,Ivy Mehta,2025-10-15 12:22:05,noise
6396441529079,6395455137652,T135,29.1,Ivy Mehta,2025-10-14 08:19:27,noise
6396441529079,6392334677082,T274,34.5,Ivy Mehta,2025-10-14 17:17:35,noise
6396441529079,6392295700924,T274,9.2,Ivy Mehta,2025-10-14 10:28:35,noise
6396441529079,6399979024610,T274,5.6,Ivy Mehta,2025-10-13 21:07:35,noise
6396441529079,6392334677082,T274,24.0,Ivy Mehta,2025-10-13 11:21:19,noise
6396441529079,6392334677082,T274,15.3,Ivy Mehta,2025-10-12 20:14:56,noise
6396441529079,6399979024610,T274,8.2,Ivy Mehta,2025-10-12 19:28:23,noise
6396441529079,6399979024610,T274,7.7,Ivy Mehta,2025-10-12 04:05:31,noise
6396441529079,6397235532708,T274,7.0,Ivy Mehta,2025-10-11 17:29:38,noise
6396441529079,6397235532708,T274,24.1,Ivy Mehta,2025-10-11 12:14:51,noise
6396441529079,6391621634803,T135,16.6,Ivy Mehta,2025-10-11 18:06:59,noise
6396441529079,6391621634803,T135,3.1,Ivy Mehta,2025-10-10 16:22:45,noise
6396441529079,6394841742270,T274,8.9,Ivy Mehta,2025-10-10 09:29:20,noise
6396441529079,6394841742270,T135,21.3,Ivy Mehta,2025-10-10 16:20:40,noise
6396441529079,6394555912795,T274,5.7,Ivy Mehta,2025-10-09 17:10:19,noise
6396441529079,6399259551176,T274,20.8,Ivy Mehta,2025-10-09 19:28:51,noise
6396441529079,6399617100710,T135,20.5,Ivy Mehta,2025-10-09 20:30:56,noise
6396441529079,6392334677082,T274,14.8,Ivy Mehta,2025-10-08 09:27:35,noise
6396441529079,6396967557245,T135,11.9,Ivy Mehta,2025-10-08 11:23:31,noise
6396441529079,6396119144758,T135,48.9,Ivy Mehta,2025-10-08 02:30:03,noise
6396441529079,6399979024610,T274,2.6,Ivy Mehta,2025-10-07 13:12:58,noise
6396441529079,6391085319364,T274,8.0,Ivy Mehta,2025-10-07 00:11:56,noise
6396441529079,6397235532708,T135,8.3,Ivy Mehta,2025-10-06 11:14:04,noise
6396441529079,6397235532708,T135,26.6,Ivy Mehta,2025-10-05 19:05:54,noise
6396441529079,6395122083064,T274,9.0,Ivy Mehta,2025-10-05 08:19:05,noise
6396441529079,6397235532708,T135,30.6,Ivy Mehta,2025-10-05 09:06:46,noise
6396441529079,6399979024610,T274,36.4,Ivy Mehta,2025-10-04 14:27:22,noise
6396441529079,6399979024610,T135,8.3,Ivy Mehta,2025-10-04 22:02:24,noise
6396441529079,6397235532708,T274,36.3,Ivy Mehta,2025-10-03 11:28:59,noise
6396441529079,6399979024610,T135,52.2,Ivy Mehta,2025-10-02 08:06:18,noise
6396441529079,6391194839118,T274,16.1,Ivy Mehta,2025-10-02 17:19:47,noise
6396441529079,6397235532708,T135,7.3,Ivy Mehta,2025-10-01 13:18:07,noise
6396441529079,6397235532708,T274,10.3,Ivy Mehta,2025-10-01 08:05:24,noise
6396441529079,6399979024610,T274,7.5,Ivy Mehta,2025-09-30 21:19:37,noise
6396441529079,6396095128059,T274,12.6,Ivy Mehta,2025-09-30 19:02:54,noise
6396441529079,6392334677082,T274,60.0,Ivy Mehta,2025-09-29 16:14:27,noise
6396441529079,6399799920361,T274,39.3,Ivy Mehta,2025-09-29 20:19:17,noise
6396441529079,6399496417009,T135,39.5,Ivy Mehta,2025-09-29 14:17:19,noise
6396441529079,6392334677082,T135,22.8,Ivy Mehta,2025-09-28 19:25:25,noise
6396441529079,6397235532708,T135,7.8,Ivy Mehta,2025-09-28 23:22:03,noise
6396441529079,6399979024610,T274,27.7,Ivy Mehta,2025-09-28 19:20:49,noise
6396441529079,6396423658378,T135,11.5,Ivy Mehta,2025-09-27 12:18:30,noise
6396441529079,6395455137652,T135,22.7,Ivy Mehta,2025-09-27 10:04:39,noise
6396441529079,6396423658378,T135,34.7,Ivy Mehta,2025-09-26 23:19:17,noise
6396441529079,6392334677082,T274,13.0,Ivy Mehta,2025-09-26 08:05:37,noise
6396441529079,6396181402712,T135,23.0,Ivy Mehta,2025-09-26 14:21:57,noise
6396441529079,6396423658378,T135,12.0,Ivy Mehta,2025-09-25 13:26:53,noise
6396441529079,6397364632100,T274,14.7,Ivy Mehta,2025-09-25 11:29:15,noise
6396441529079,6392334677082,T135,7.4,Ivy Mehta,2025-09-24 18:12:23,noise
6396441529079,6392334677082,T274,4.3,Ivy Mehta,2025-09-24 23:07:32,noise
6396441529079,6397235532708,T274,32.9,Ivy Mehta,2025-09-24 08:13:06,noise
6396441529079,6392334677082,T274,15.2,Ivy Mehta,2025-09-23 14:18:58,noise
6396441529079,6395255503056,T274,9.8,Ivy Mehta,2025-09-22 05:13:23,noise
6396441529079,6397235532708,T274,15.2,Ivy Mehta,2025-09-22 12:20:35,noise
6396441529079,6399979024610,T135,11.8,Ivy Mehta,2025-09-22 09:01:28,noise
6396441529079,6397235532708,T135,7.5,Ivy Mehta,2025-09-21 14:13:39,noise
6396441529079,6397235532708,T274,10.5,Ivy Mehta,2025-09-21 08:28:28,noise
6396441529079,6397664580862,T274,10.9,Ivy Mehta,2025-09-21 13:02:32,noise
6396441529079,6398491189169,T274,14.3,Ivy Mehta,2025-09-20 08:04:42,noise
6396441529079,6398761443795,T274,29.7,Ivy Mehta,2025-09-20 12:08:33,noise
6396441529079,6392334677082,T135,5.3,Ivy Mehta,2025-09-19 18:12:45,noise
6396441529079,6397235532708,T135,59.7,Ivy Mehta,2025-09-19 08:15:37,noise
6396441529079,6399979024610,T274,22.1,Ivy Mehta,2025-09-18 11:18:30,noise
6396441529079,6399979024610,T274,9.3,Ivy Mehta,2025-09-17 10:21:13,noise
6396441529079,6396607099917,T274,22.2,Ivy Mehta,2025-09-16 04:03:51,noise
6396441529079,6391085319364,T274,6.4,Ivy Mehta,2025-09-16 12:08:20,noise
6396441529079,6397235532708,T274,24.8,Ivy Mehta,2025-09-15 17:22:13,noise
6396441529079,6392334677082,T274,26.4,Ivy Mehta,2025-09-15 19:22:14,noise
6396441529079,6393726218800,T274,14.7,Ivy Mehta,2025-09-15 11:04:45,noise
6396441529079,6399979024610,T135,10.1,Ivy Mehta,2025-09-14 00:20:58,noise
6396441529079,6392334677082,T274,31.8,Ivy Mehta,2025-09-13 00:26:08,noise
6396441529079,6399979024610,T274,41.5,Ivy Mehta,2025-09-13 10:18:57,noise
6396441529079,6399979024610,T135,7.7,Ivy Mehta,2025-09-12 13:10:39,noise
6396441529079,6392334677082,T274,61.1,Ivy Mehta,2025-09-12 19:24:45,noise
6396441529079,6393723821869,T135,7.0,Ivy Mehta,2025-09-11 16:26:11,noise
6396441529079,6397235532708,T274,18.5,Ivy Mehta,2025-09-11 13:06:25,noise
6396441529079,6395082508928,T135,12.7,Ivy Mehta,2025-09-10 19:25:40,noise
6396441529079,6391085319364,T274,46.8,Ivy Mehta,2025-09-10 10:29:21,noise
6396441529079,6399979024610,T274,29.0,Ivy Mehta,2025-09-09 21:28:04,noise
6396441529079,6391657761801,T274,8.0,Ivy Mehta,2025-09-09 14:14:18,noise
6396441529079,6392334677082,T274,29.5,Ivy Mehta,2025-09-09 18:06:46,noise
6396441529079,6396441529079,T274,38.5,Ivy Mehta,2025-09-08 13:25:00,noise
6396441529079,6392334677082,T274,13.7,Ivy Mehta,2025-09-07 20:08:52,noise
6396441529079,6399979024610,T274,9.9,Ivy Mehta,2025-09-07 17:17:41,noise
6396441529079,6399799920361,T135,17.3,Ivy Mehta,2025-09-06 17:29:46,noise
6396441529079,6399856589429,T135,15.5,Ivy Mehta,2025-09-06 17:06:08,noise
6396441529079,6397316055758,T274,4.7,Ivy Mehta,2025-09-06 20:06:08,noise
6396441529079,6399979024610,T274,52.9,Ivy Mehta,2025-09-05 10:10:34,noise
6396441529079,6399979024610,T135,22.1,Ivy Mehta,2025-09-04 16:02:24,noise
6396441529079,6396468854276,T274,23.1,Ivy Mehta,2025-09-04 13:08:07,noise
6396441529079,6397235532708,T274,9.8,Ivy Mehta,2025-09-03 14:08:58,noise
6396441529079,6392059565366,T274,12.1,Ivy Mehta,2025-09-03 16:20:53,noise
6396441529079,6399979024610,T135,19.2,Ivy Mehta,2025-09-02 10:14:03,noise
6396441529079,6399617100710,T274,24.8,Ivy Mehta,2025-09-02 10:02:58,noise
6396441529079,6392334677082,T274,28.5,Ivy Mehta,2025-09-01 01:25:31,noise
6396441529079,6392724977358,T274,28.1,Ivy Mehta,2025-09-01 13:05:14,noise
6396441529079,6395255503056,T274,7.5,Ivy Mehta,2025-09-01 15:12:16,noise
6396441529079,6397235532708,T135,14.3,Ivy Mehta,2025-08-31 17:18:45,noise
6396441529079,6399979024610,T135,38.1,Ivy Mehta,2025-08-31 20:08:56,noise
6396441529079,6399979024610,T135,6.9,Ivy Mehta,2025-08-31 19:18:27,noise
6396441529079,6396441529079,T135,24.1,Ivy Mehta,2025-08-30 05:18:19,noise
6396441529079,6392334677082,T135,13.0,Ivy Mehta,2025-08-30 10:19:08,noise
6396441529079,6397235532708,T274,224.1,Ivy Mehta,2025-08-29 13:12:39,noise
6396441529079,6399979024610,T274,17.0,Ivy Mehta,2025-08-29 04:26:52,noise
6396441529079,6392334677082,T274,25.0,Ivy Mehta,2025-08-28 18:24:40,noise
6396441529079,6398036705746,T274,14.0,Ivy Mehta,2025-08-28 08:28:53,noise
6396441529079,6392334677082,T135,11.9,Ivy Mehta,2025-08-27 22:15:49,noise
6396441529079,6399979024610,T274,10.8,Ivy Mehta,2025-08-27 09:20:01,noise
6396441529079,6397554224472,T135,18.6,Ivy Mehta,2025-08-26 11:20:21,noise
6396441529079,6399979024610,T135,10.1,Ivy Mehta,2025-08-25 18:04:12,noise
6396441529079,6397906422409,T135,26.2,Ivy Mehta,2025-08-24 10:12:13,noise
6396441529079,6397235532708,T135,42.8,Ivy Mehta,2025-08-24 16:28:18,noise
6396441529079,6393507307642,T274,22.1,Ivy Mehta,2025-08-23 16:02:11,noise
6396441529079,6397235532708,T274,24.2,Ivy Mehta,2025-08-23 09:08:20,noise
6396441529079,6399979024610,T274,11.6,Ivy Mehta,2025-08-22 20:13:47,noise
6396441529079,6396967557245,T274,30.0,Ivy Mehta,2025-08-22 10:00:51,noise
6396441529079,6392334677082,T274,10.0,Ivy Mehta,2025-08-21 21:26:54,noise
6396441529079,6396423658378,T135,12.6,Ivy Mehta,2025-08-21 15:13:18,noise
6396441529079,6397792731200,T274,52.5,Ivy Mehta,2025-08-20 18:06:05,noise
6396441529079,6394779148527,T274,11.8,Ivy Mehta,2025-08-19 04:30:21,noise
6396441529079,6392334677082,T274,32.6,Ivy Mehta,2025-08-19 13:14:00,noise
6396441529079,6397554224472,T274,25.0,Ivy Mehta,2025-08-18 22:02:02,noise
6396441529079,6399979024610,T274,17.8,Ivy Mehta,2025-08-17 05:10:14,noise
6396441529079,6392334677082,T274,24.9,Ivy Mehta,2025-08-17 18:20:19,noise
6396441529079,6391841771012,T274,50.1,Ivy Mehta,2025-08-16 10:02:51,noise
6396441529079,6395656527999,T274,34.2,Ivy Mehta,2025-08-15 03:13:36,noise
6396441529079,6392334677082,T274,63.5,Ivy Mehta,2025-08-15 19:15:46,noise
6396441529079,6392334677082,T274,8.4,Ivy Mehta,2025-08-15 11:11:38,noise
6396441529079,6395978599202,T135,12.2,Ivy Mehta,2025-08-14 16:11:42,noise
6396441529079,6392334677082,T135,43.5,Ivy Mehta,2025-08-14 11:14:29,noise
6396441529079,6392334677082,T135,10.1,Ivy Mehta,2025-08-14 11:13:13,noise
6396441529079,6399924544312,T135,18.3,Ivy Mehta,2025-08-13 11:19:41,noise
6396441529079,6397235532708,T135,14.1,Ivy Mehta,2025-08-13 23:25:58,noise
6396441529079,6392334677082,T274,48.1,Ivy Mehta,2025-08-12 12:19:52,noise
6396441529079,6399979024610,T274,6.9,Ivy Mehta,2025-08-12 19:26:55,noise
6396441529079,6399799920361,T135,7.2,Ivy Mehta,2025-08-11 20:04:13,noise
6396441529079,6392334677082,T135,18.2,Ivy Mehta,2025-08-11 14:14:00,noise
6396441529079,6392334677082,T274,19.4,Ivy Mehta,2025-08-10 14:10:45,noise
6396441529079,6399979024610,T135,23.9,Ivy Mehta,2025-08-10 12:14:37,noise
6396441529079,6395255503056,T274,9.4,Ivy Mehta,2025-08-09 18:10:11,noise
6396441529079,6391937903040,T274,39.8,Ivy Mehta,2025-08-08 16:10:38,noise
6396441529079,6397235532708,T274,5.0,Ivy Mehta,2025-08-08 11:12:26,noise
6396441529079,6397235532708,T135,17.6,Ivy Mehta,2025-08-07 14:07:44,noise
6396441529079,6397235532708,T274,38.2,Ivy Mehta,2025-08-07 09:20:44,noise
6396441529079,6399979024610,T135,13.5,Ivy Mehta,2025-08-06 12:23:41,noise
6396441529079,6398036705746,T135,24.2,Ivy Mehta,2025-08-06 15:14:27,noise
6396441529079,6399979024610,T135,6.7,Ivy Mehta,2025-08-05 08:21:37,noise
6396441529079,6392334677082,T135,23.6,Ivy Mehta,2025-08-04 11:22:42,noise
6396441529079,6397235532708,T274,12.2,Ivy Mehta,2025-08-04 17:18:26,noise
6398906791192,6392724977358,T673,9.5,Priya Okafor,2025-10-18 20:29:16,noise
6398906791192,6398391305137,T492,51.3,Priya Okafor,2025-10-18 11:01:36,noise
6398906791192,6393723821869,T673,7.7,Priya Okafor,2025-10-18 20:21:18,noise
6398906791192,6392835511896,T492,14.3,Priya Okafor,2025-10-17 14:23:13,noise
6398906791192,6399617100710,T673,38.2,Priya Okafor,2025-10-16 16:19:19,noise
6398906791192,6393975769123,T492,13.5,Priya Okafor,2025-10-16 17:05:13,noise
6398906791192,6393975769123,T673,15.2,Priya Okafor,2025-10-16 13:06:17,noise
6398906791192,6392835511896,T492,48.6,Priya Okafor,2025-10-15 20:22:24,noise
6398906791192,6392835511896,T673,33.9,Priya Okafor,2025-10-15 12:25:09,noise
6398906791192,6392835511896,T492,9.5,Priya Okafor,2025-10-15 01:01:17,noise
6398906791192,6397844655371,T492,7.6,Priya Okafor,2025-10-14 11:25:42,noise
6398906791192,6398391305137,T673,15.7,Priya Okafor,2025-10-14 08:24:37,noise
6398906791192,6398391305137,T492,63.7,Priya Okafor,2025-10-13 20:24:53,noise
6398906791192,6398391305137,T492,18.4,Priya Okafor,2025-10-12 11:20:57,noise
6398906791192,6392835511896,T492,42.3,Priya Okafor,2025-10-12 11:20:31,noise
6398906791192,6393975769123,T673,24.4,Priya Okafor,2025-10-12 16:15:17,noise
6398906791192,6393975769123,T673,33.2,Priya Okafor,2025-10-11 15:07:56,noise
6398906791192,6393975769123,T492,28.4,Priya Okafor,2025-10-11 16:12:47,noise
6398906791192,6393975769123,T492,9.8,Priya Okafor,2025-10-10 19:23:34,noise
6398906791192,6398391305137,T492,43.2,Priya Okafor,2025-10-10 14:28:24,noise
6398906791192,6397588030313,T492,35.2,Priya Okafor,2025-10-09 13:27:22,noise
6398906791192,6398391305137,T673,10.0,Priya Okafor,2025-10-09 03:15:27,noise
6398906791192,6396631526248,T492,8.7,Priya Okafor,2025-10-08 13:05:58,noise
6398906791192,6391194839118,T673,20.5,Priya Okafor,2025-10-08 11:20:43,noise
6398906791192,6398391305137,T492,18.6,Priya Okafor,2025-10-07 17:28:50,noise
6398906791192,6393975769123,T673,9.1,Priya Okafor,2025-10-07 16:04:38,noise
6398906791192,6393975769123,T492,12.7,Priya Okafor,2025-10-06 08:30:49,noise
6398906791192,6393561104962,T492,12.7,Priya Okafor,2025-10-05 08:16:18,noise
6398906791192,6392835511896,T492,43.8,Priya Okafor,2025-10-05 18:11:46,noise
6398906791192,6398391305137,T492,75.9,Priya Okafor,2025-10-04 18:01:36,noise
6398906791192,6392835511896,T492,15.4,Priya Okafor,2025-10-03 08:09:45,noise
6398906791192,6398391305137,T492,14.5,Priya Okafor,2025-10-03 10:24:43,noise
6398906791192,6396181402712,T492,18.5,Priya Okafor,2025-10-02 14:21:49,noise
6398906791192,6398391305137,T673,6.3,Priya Okafor,2025-10-02 11:29:42,noise
6398906791192,6398391305137,T492,46.6,Priya Okafor,2025-10-01 11:24:44,noise
6398906791192,6392835511896,T673,12.6,Priya Okafor,2025-10-01 04:08:04,noise
6398906791192,6398761443795,T673,9.1,Priya Okafor,2025-09-30 14:30:05,noise
6398906791192,6393975769123,T492,14.7,Priya Okafor,2025-09-30 12:29:57,noise
6398906791192,6397792731200,T673,16.1,Priya Okafor,2025-09-29 10:12:37,noise
6398906791192,6398391305137,T492,8.8,Priya Okafor,2025-09-28 23:13:28,noise
6398906791192,6392835511896,T673,5.2,Priya Okafor,2025-09-27 19:21:38,noise
6398906791192,6398391305137,T492,28.1,Priya Okafor,2025-09-27 15:29:17,noise
6398906791192,6392835511896,T673,12.8,Priya Okafor,2025-09-27 14:10:57,noise
6398906791192,6392835511896,T492,12.2,Priya Okafor,2025-09-26 12:07:56,noise
6398906791192,6398391305137,T492,26.1,Priya Okafor,2025-09-26 21:13:32,noise
6398906791192,6398906791192,T492,14.2,Priya Okafor,2025-09-25 18:22:20,noise
6398906791192,6394841742270,T492,26.7,Priya Okafor,2025-09-24 08:21:32,noise
6398906791192,6396227547092,T492,6.7,Priya Okafor,2025-09-24 15:28:33,noise
6398906791192,6393975769123,T492,17.5,Priya Okafor,2025-09-24 14:16:44,noise
6398906791192,6393975769123,T492,21.2,Priya Okafor,2025-09-23 23:17:22,noise
6398906791192,6392795791102,T492,30.8,Priya Okafor,2025-09-22 17:06:10,noise
6398906791192,6392835511896,T492,38.1,Priya Okafor,2025-09-22 15:19:32,noise
6398906791192,6393975769123,T492,24.6,Priya Okafor,2025-09-22 21:05:25,noise
6398906791192,6398391305137,T492,34.2,Priya Okafor,2025-09-21 09:22:48,noise
6398906791192,6391841771012,T492,13.1,Priya Okafor,2025-09-21 23:11:55,noise
6398906791192,6398391305137,T492,22.8,Priya Okafor,2025-09-20 01:21:41,noise
6398906791192,6396468854276,T492,17.0,Priya Okafor,2025-09-19 04:20:25,noise
6398906791192,6398906791192,T673,22.2,Priya Okafor,2025-09-19 12:07:20,noise
6398906791192,6398391305137,T492,18.9,Priya Okafor,2025-09-18 11:30:26,noise
6398906791192,6392835511896,T492,14.3,Priya Okafor,2025-09-18 20:28:29,noise
6398906791192,6392463613153,T673,14.5,Priya Okafor,2025-09-17 18:17:32,noise
6398906791192,6392835511896,T673,6.4,Priya Okafor,2025-09-17 14:26:48,noise
6398906791192,6398391305137,T673,20.0,Priya Okafor,2025-09-17 19:29:25,noise
6398906791192,6392835511896,T492,3.1,Priya Okafor,2025-09-16 13:01:49,noise
6398906791192,6392835511896,T492,12.3,Priya Okafor,2025-09-16 19:23:11,noise
6398906791192,6393975769123,T673,14.1,Priya Okafor,2025-09-15 09:12:45,noise
6398906791192,6395255503056,T492,114.3,Priya Okafor,2025-09-15 23:15:54,noise
6398906791192,6394272648738,T492,42.8,Priya Okafor,2025-09-15 01:01:32,noise
6398906791192,6392835511896,T673,18.8,Priya Okafor,2025-09-14 11:18:39,noise
6398906791192,6396892073434,T673,28.6,Priya Okafor,2025-09-14 11:10:45,noise
6398906791192,6398391305137,T673,21.9,Priya Okafor,2025-09-13 13:22:41,noise
6398906791192,6392835511896,T492,29.9,Priya Okafor,2025-09-13 13:09:43,noise
6398906791192,6394555912795,T492,6.5,Priya Okafor,2025-09-12 12:25:43,noise
6398906791192,6392295700924,T673,7.2,Priya Okafor,2025-09-12 12:30:55,noise
6398906791192,6399259551176,T492,18.4,Priya Okafor,2025-09-11 14:00:44,noise
6398906791192,6392835511896,T492,12.7,Priya Okafor,2025-09-11 20:06:50,noise
6398906791192,6391657761801,T673,19.7,Priya Okafor,2025-09-10 15:10:14,noise
6398906791192,6399799920361,T492,15.2,Priya Okafor,2025-09-10 14:22:46,noise
6398906791192,6393975769123,T492,52.6,Priya Okafor,2025-09-10 14:04:03,noise
6398906791192,6396927514387,T673,12.9,Priya Okafor,2025-09-09 12:25:36,noise
6398906791192,6398391305137,T492,6.4,Priya Okafor,2025-09-09 23:15:40,noise
6398906791192,6393975769123,T492,30.5,Priya Okafor,2025-09-08 19:18:19,noise
6398906791192,6392835511896,T492,37.7,Priya Okafor,2025-09-08 08:11:02,noise
6398906791192,6392835511896,T673,20.6,Priya Okafor,2025-09-07 23:11:00,noise
6398906791192,6393975769123,T492,13.9,Priya Okafor,2025-09-07 10:04:33,noise
6398906791192,6398391305137,T492,9.6,Priya Okafor,2025-09-07 13:04:54,noise
6398906791192,6398445554732,T492,35.9,Priya Okafor,2025-09-06 15:11:47,noise
6398906791192,6391621634803,T492,36.2,Priya Okafor,2025-09-06 09:27:43,noise
6398906791192,6398391305137,T673,42.3,Priya Okafor,2025-09-05 15:30:35,noise
6398906791192,6398391305137,T673,23.3,Priya Okafor,2025-09-05 16:30:21,noise
6398906791192,6393975769123,T673,99.2,Priya Okafor,2025-09-04 20:06:48,noise
6398906791192,6393975769123,T492,32.8,Priya Okafor,2025-09-04 15:12:11,noise
6398906791192,6391937582998,T492,8.8,Priya Okafor,2025-09-03 11:14:20,noise
6398906791192,6393975769123,T492,9.0,Priya Okafor,2025-09-03 16:12:07,noise
6398906791192,6398391305137,T492,12.7,Priya Okafor,2025-09-02 14:21:27,noise
6398906791192,6392835511896,T673,20.6,Priya Okafor,2025-09-02 11:12:44,noise
6398906791192,6393975769123,T673,10.9,Priya Okafor,2025-09-02 18:06:30,noise
6398906791192,6392835511896,T492,14.0,Priya Okafor,2025-09-01 18:27:12,noise
6398906791192,6393975769123,T492,13.6,Priya Okafor,2025-09-01 15:18:18,noise
6398906791192,6393045592855,T673,3.9,Priya Okafor,2025-08-31 11:29:31,noise
6398906791192,6398391305137,T492,19.9,Priya Okafor,2025-08-30 16:06:48,noise
6398906791192,6391611816266,T492,11.0,Priya Okafor,2025-08-30 12:00:44,noise
6398906791192,6398391305137,T673,11.1,Priya Okafor,2025-08-29 20:11:13,noise
6398906791192,6393975769123,T492,8.4,Priya Okafor,2025-08-28 14:23:34,noise
6398906791192,6397652242448,T492,5.6,Priya Okafor,2025-08-28 14:11:16,noise
6398906791192,6393975769123,T492,8.7,Priya Okafor,2025-08-28 00:16:36,noise
6398906791192,6394574621348,T492,13.8,Priya Okafor,2025-08-27 17:12:33,noise
6398906791192,6395255503056,T492,34.7,Priya Okafor,2025-08-27 01:15:37,noise
6398906791192,6392835511896,T673,5.2,Priya Okafor,2025-08-26 20:11:04,noise
6398906791192,6393975769123,T673,24.0,Priya Okafor,2025-08-25 03:05:42,noise
6398906791192,6392835511896,T492,26.7,Priya Okafor,2025-08-25 12:29:16,noise
6398906791192,6391937582998,T492,25.3,Priya Okafor,2025-08-24 23:08:44,noise
6398906791192,6397554224472,T492,39.8,Priya Okafor,2025-08-24 00:23:46,noise
6398906791192,6392835511896,T492,12.5,Priya Okafor,2025-08-23 16:18:50,noise
6398906791192,6399471209395,T492,4.8,Priya Okafor,2025-08-23 11:04:04,noise
6398906791192,6392835511896,T673,7.4,Priya Okafor,2025-08-22 09:11:42,noise
6398906791192,6398761443795,T492,87.5,Priya Okafor,2025-08-21 21:00:56,noise
6398906791192,6391194839118,T492,16.7,Priya Okafor,2025-08-20 12:06:01,noise
6398906791192,6393975769123,T492,25.3,Priya Okafor,2025-08-20 20:26:51,noise
6398906791192,6394882630315,T673,23.3,Priya Okafor,2025-08-20 19:04:12,noise
6398906791192,6393975769123,T492,9.5,Priya Okafor,2025-08-19 11:26:55,noise
6398906791192,6391757381529,T492,21.1,Priya Okafor,2025-08-19 12:10:25,noise
6398906791192,6393975769123,T673,19.1,Priya Okafor,2025-08-18 11:07:40,noise
6398906791192,6393975769123,T673,14.3,Priya Okafor,2025-08-18 20:25:37,noise
6398906791192,6393975769123,T673,9.9,Priya Okafor,2025-08-17 10:19:12,noise
6398906791192,6391757381529,T492,23.4,Priya Okafor,2025-08-17 20:23:03,noise
6398906791192,6393975769123,T492,9.7,Priya Okafor,2025-08-16 20:16:56,noise
6398906791192,6395975932913,T492,24.7,Priya Okafor,2025-08-16 15:06:10,noise
6398906791192,6393975769123,T673,24.5,Priya Okafor,2025-08-16 13:17:31,noise
6398906791192,6393975769123,T492,47.3,Priya Okafor,2025-08-15 04:18:12,noise
6398906791192,6396631526248,T492,13.2,Priya Okafor,2025-08-15 09:07:26,noise
6398906791192,6393726218800,T492,22.6,Priya Okafor,2025-08-14 12:22:27,noise
6398906791192,6398391305137,T492,7.9,Priya Okafor,2025-08-14 21:13:37,noise
6398906791192,6392835511896,T492,37.8,Priya Okafor,2025-08-13 18:28:49,noise
6398906791192,6396441529079,T492,4.5,Priya Okafor,2025-08-13 08:00:26,noise
6398906791192,6396978132661,T673,5.9,Priya Okafor,2025-08-13 11:19:03,noise
6398906791192,6393975769123,T673,22.5,Priya Okafor,2025-08-12 09:16:42,noise
6398906791192,6393975769123,T492,18.9,Priya Okafor,2025-08-11 19:15:28,noise
6398906791192,6391937582998,T492,8.5,Priya Okafor,2025-08-11 21:09:20,noise
6398906791192,6392835511896,T673,7.2,Priya Okafor,2025-08-10 10:03:57,noise
6398906791192,6398391305137,T673,60.5,Priya Okafor,2025-08-10 22:01:48,noise
6398906791192,6393859907578,T492,21.9,Priya Okafor,2025-08-09 19:14:48,noise
6398906791192,6393975769123,T673,18.1,Priya Okafor,2025-08-09 21:26:04,noise
6398906791192,6395455137652,T492,12.2,Priya Okafor,2025-08-08 14:10:58,noise
6398906791192,6393975769123,T673,19.3,Priya Okafor,2025-08-08 17:19:59,noise
6398906791192,6393975769123,T492,28.4,Priya Okafor,2025-08-07 17:17:07,noise
6398906791192,6397197783416,T492,28.9,Priya Okafor,2025-08-07 09:21:47,noise
6398906791192,6395975932913,T492,7.2,Priya Okafor,2025-08-07 15:26:25,noise
6398906791192,6391621634803,T673,14.5,Priya Okafor,2025-08-06 20:00:40,noise
6398906791192,6393975769123,T492,20.2,Priya Okafor,2025-08-06 15:09:55,noise
6398906791192,6392059565366,T673,28.1,Priya Okafor,2025-08-05 15:22:28,noise
6398906791192,6393975769123,T492,17.6,Priya Okafor,2025-08-05 11:19:05,noise
6398906791192,6399521620276,T492,42.6,Priya Okafor,2025-08-04 18:13:41,noise
6396743661793,6395778639223,T357,9.6,Jin Carlos,2025-10-18 18:26:56,noise
6396743661793,6395778639223,T357,9.2,Jin Carlos,2025-10-18 14:01:50,noise
6396743661793,6394841742270,T669,6.9,Jin Carlos,2025-10-17 19:29:24,noise
6396743661793,6393561104962,T357,20.5,Jin Carlos,2025-10-17 16:12:51,noise
6396743661793,6394882630315,T669,7.0,Jin Carlos,2025-10-16 19:30:34,noise
6396743661793,6398036705746,T669,13.9,Jin Carlos,2025-10-15 13:02:43,noise
6396743661793,6394882630315,T357,73.5,Jin Carlos,2025-10-14 11:06:41,noise
6396743661793,6395778639223,T669,14.9,Jin Carlos,2025-10-14 03:22:09,noise
6396743661793,6392724977358,T669,42.8,Jin Carlos,2025-10-13 10:06:26,noise
6396743661793,6395978599202,T669,73.6,Jin Carlos,2025-10-12 14:25:44,noise
6396743661793,6394882630315,T357,9.7,Jin Carlos,2025-10-12 19:05:23,noise
6396743661793,6395778639223,T669,8.0,Jin Carlos,2025-10-11 12:03:06,noise
6396743661793,6395778639223,T669,23.1,Jin Carlos,2025-10-10 13:00:14,noise
6396743661793,6391937903040,T357,9.6,Jin Carlos,2025-10-10 09:08:21,noise
6396743661793,6394841742270,T357,21.0,Jin Carlos,2025-10-09 01:01:14,noise
6396743661793,6395778639223,T357,36.7,Jin Carlos,2025-10-09 21:06:27,noise
6396743661793,6396859651169,T669,13.9,Jin Carlos,2025-10-08 21:00:50,noise
6396743661793,6397636641248,T357,5.6,Jin Carlos,2025-10-08 17:17:32,noise
6396743661793,6394048553499,T357,18.0,Jin Carlos,2025-10-07 14:27:12,noise
6396743661793,6395978599202,T669,11.7,Jin Carlos,2025-10-07 17:19:25,noise
6396743661793,6394882630315,T669,7.8,Jin Carlos,2025-10-06 22:13:38,noise
6396743661793,6394841742270,T669,30.8,Jin Carlos,2025-10-06 21:14:15,noise
6396743661793,6396967557245,T357,16.0,Jin Carlos,2025-10-05 14:14:47,noise
6396743661793,6394882630315,T357,5.4,Jin Carlos,2025-10-05 11:17:04,noise
6396743661793,6395778639223,T669,7.1,Jin Carlos,2025-10-05 16:06:29,noise
6396743661793,6394574621348,T357,8.4,Jin Carlos,2025-10-04 21:09:38,noise
6396743661793,6396607099917,T669,34.8,Jin Carlos,2025-10-04 10:22:33,noise
6396743661793,6394841742270,T669,22.2,Jin Carlos,2025-10-03 09:05:56,noise
6396743661793,6394882630315,T357,10.5,Jin Carlos,2025-10-02 12:02:18,noise
6396743661793,6397844655371,T357,7.2,Jin Carlos,2025-10-02 18:00:52,noise
6396743661793,6394841742270,T357,14.1,Jin Carlos,2025-10-01 14:01:05,noise
6396743661793,6395778639223,T357,20.9,Jin Carlos,2025-10-01 09:14:20,noise
6396743661793,6391194839118,T669,20.5,Jin Carlos,2025-09-30 14:22:10,noise
6396743661793,6394882630315,T357,17.0,Jin Carlos,2025-09-30 15:06:50,noise
6396743661793,6394882630315,T669,12.9,Jin Carlos,2025-09-29 12:09:25,noise
6396743661793,6395778639223,T357,31.8,Jin Carlos,2025-09-29 19:01:08,noise
6396743661793,6394841742270,T357,17.9,Jin Carlos,2025-09-28 12:11:18,noise
6396743661793,6395778639223,T357,21.6,Jin Carlos,2025-09-28 21:19:47,noise
6396743661793,6393135045026,T669,25.1,Jin Carlos,2025-09-28 20:29:29,noise
6396743661793,6398906791192,T357,6.5,Jin Carlos,2025-09-27 11:06:27,noise
6396743661793,6395726944755,T357,19.0,Jin Carlos,2025-09-27 17:21:47,noise
6396743661793,6394841742270,T669,11.6,Jin Carlos,2025-09-27 19:02:19,noise
6396743661793,6394882630315,T357,14.4,Jin Carlos,2025-09-26 15:04:06,noise
6396743661793,6399856589429,T669,26.9,Jin Carlos,2025-09-26 17:25:01,noise
6396743661793,6396967557245,T357,31.7,Jin Carlos,2025-09-26 11:00:56,noise
6396743661793,6394841742270,T357,25.6,Jin Carlos,2025-09-25 14:19:04,noise
6396743661793,6395778639223,T669,15.0,Jin Carlos,2025-09-25 19:22:11,noise
6396743661793,6391611816266,T357,34.8,Jin Carlos,2025-09-24 20:30:17,noise
6396743661793,6395122083064,T357,35.2,Jin Carlos,2025-09-24 20:17:50,noise
6396743661793,6394882630315,T357,28.3,Jin Carlos,2025-09-23 21:30:56,noise
6396743661793,6394841742270,T357,26.4,Jin Carlos,2025-09-23 22:04:31,noise
6396743661793,6394841742270,T357,13.1,Jin Carlos,2025-09-22 16:29:29,noise
6396743661793,6391053669235,T357,11.4,Jin Carlos,2025-09-21 19:29:34,noise
6396743661793,6395778639223,T357,18.5,Jin Carlos,2025-09-21 13:09:19,noise
6396743661793,6394841742270,T669,21.5,Jin Carlos,2025-09-20 21:08:49,noise
6396743661793,6394882630315,T357,49.8,Jin Carlos,2025-09-20 10:23:57,noise
6396743661793,6394841742270,T357,47.6,Jin Carlos,2025-09-20 22:24:46,noise
6396743661793,6396492957730,T357,39.8,Jin Carlos,2025-09-19 10:24:32,noise
6396743661793,6394841742270,T357,30.4,Jin Carlos,2025-09-19 20:28:08,noise
6396743661793,6395778639223,T357,12.7,Jin Carlos,2025-09-18 21:02:01,noise
6396743661793,6394841742270,T357,62.3,Jin Carlos,2025-09-18 20:26:33,noise
6396743661793,6395778639223,T669,26.3,Jin Carlos,2025-09-18 16:00:03,noise
6396743661793,6394841742270,T357,16.3,Jin Carlos,2025-09-17 18:15:47,noise
6396743661793,6398445554732,T669,5.8,Jin Carlos,2025-09-17 22:30:33,noise
6396743661793,6394841742270,T357,30.6,Jin Carlos,2025-09-16 15:19:22,noise
6396743661793,6391681212932,T357,26.7,Jin Carlos,2025-09-16 21:27:37,noise
6396743661793,6392523182756,T357,21.1,Jin Carlos,2025-09-15 10:29:14,noise
6396743661793,6396956928083,T669,13.1,Jin Carlos,2025-09-14 02:01:57,noise
6396743661793,6393794997179,T669,62.3,Jin Carlos,2025-09-13 09:03:23,noise
6396743661793,6394882630315,T669,31.1,Jin Carlos,2025-09-13 14:00:16,noise
6396743661793,6392523182756,T357,22.6,Jin Carlos,2025-09-12 13:14:55,noise
6396743661793,6394882630315,T357,7.1,Jin Carlos,2025-09-11 12:08:13,noise
6396743661793,6399856589429,T669,5.1,Jin Carlos,2025-09-11 14:24:24,noise
6396743661793,6394841742270,T357,78.7,Jin Carlos,2025-09-10 17:01:01,noise
6396743661793,6395778639223,T669,11.1,Jin Carlos,2025-09-10 14:22:49,noise
6396743661793,6394841742270,T669,9.4,Jin Carlos,2025-09-09 00:30:05,noise
6396743661793,6394841742270,T669,14.3,Jin Carlos,2025-09-08 20:19:14,noise
6396743661793,6392085020554,T357,18.0,Jin Carlos,2025-09-08 08:21:26,noise
6396743661793,6394882630315,T357,9.2,Jin Carlos,2025-09-07 20:16:54,noise
6396743661793,6394882630315,T357,13.5,Jin Carlos,2025-09-07 08:24:19,noise
6396743661793,6395778639223,T357,24.8,Jin Carlos,2025-09-06 09:18:07,noise
6396743661793,6397844655371,T669,15.3,Jin Carlos,2025-09-06 11:07:19,noise
6396743661793,6395656527999,T669,6.5,Jin Carlos,2025-09-05 20:03:49,noise
6396743661793,6395778639223,T669,55.9,Jin Carlos,2025-09-05 23:11:54,noise
6396743661793,6396956928083,T357,13.9,Jin Carlos,2025-09-05 15:29:23,noise
6396743661793,6397636641248,T357,41.6,Jin Carlos,2025-09-04 09:07:48,noise
6396743661793,6394882630315,T357,11.0,Jin Carlos,2025-09-04 23:04:01,noise
6396743661793,6394841742270,T669,57.5,Jin Carlos,2025-09-04 11:11:02,noise
6396743661793,6394841742270,T669,7.4,Jin Carlos,2025-09-03 19:04:02,noise
6396743661793,6396423658378,T357,9.8,Jin Carlos,2025-09-03 17:08:16,noise
6396743661793,6395778639223,T357,7.1,Jin Carlos,2025-09-02 09:08:04,noise
6396743661793,6393493304331,T669,19.3,Jin Carlos,2025-09-02 21:19:14,noise
6396743661793,6395778639223,T357,20.1,Jin Carlos,2025-09-01 16:07:11,noise
6396743661793,6395778639223,T357,8.2,Jin Carlos,2025-09-01 13:26:06,noise
6396743661793,6391757381529,T357,28.3,Jin Carlos,2025-08-31 15:19:15,noise
6396743661793,6395778639223,T669,19.2,Jin Carlos,2025-08-31 16:28:53,noise
6396743661793,6399471209395,T669,27.4,Jin Carlos,2025-08-30 17:20:09,noise
6396743661793,6394882630315,T669,24.8,Jin Carlos,2025-08-30 13:29:12,noise
6396743661793,6395778639223,T669,17.4,Jin Carlos,2025-08-30 23:09:56,noise
6396743661793,6395778639223,T669,29.6,Jin Carlos,2025-08-29 13:24:02,noise
6396743661793,6394841742270,T357,16.0,Jin Carlos,2025-08-29 21:21:17,noise
6396743661793,6396859651169,T357,7.0,Jin Carlos,2025-08-29 20:25:30,noise
6396743661793,6395778639223,T357,16.9,Jin Carlos,2025-08-28 10:13:32,noise
6396743661793,6394882630315,T669,45.1,Jin Carlos,2025-08-28 16:03:05,noise
6396743661793,6393135045026,T357,39.4,Jin Carlos,2025-08-28 16:02:50,noise
6396743661793,6394882630315,T357,14.4,Jin Carlos,2025-08-27 01:04:40,noise
6396743661793,6395778639223,T357,55.3,Jin Carlos,2025-08-27 14:14:53,noise
6396743661793,6394841742270,T357,157.9,Jin Carlos,2025-08-27 22:26:35,noise
6396743661793,6394841742270,T357,10.8,Jin Carlos,2025-08-26 21:24:58,noise
6396743661793,6397588030313,T357,12.3,Jin Carlos,2025-08-26 18:00:16,noise
6396743661793,6395778639223,T669,15.2,Jin Carlos,2025-08-26 12:22:59,noise
6396743661793,6395778639223,T669,33.4,Jin Carlos,2025-08-25 11:27:38,noise
6396743661793,6394841742270,T357,15.3,Jin Carlos,2025-08-25 08:10:06,noise
6396743661793,6395778639223,T357,13.3,Jin Carlos,2025-08-24 20:24:08,noise
6396743661793,6395778639223,T669,20.5,Jin Carlos,2025-08-23 04:23:24,noise
6396743661793,6394048553499,T669,24.3,Jin Carlos,2025-08-23 20:24:27,noise
6396743661793,6395778639223,T357,18.9,Jin Carlos,2025-08-23 11:01:03,noise
6396743661793,6394841742270,T669,16.1,Jin Carlos,2025-08-22 09:14:10,noise
6396743661793,6395778639223,T357,13.2,Jin Carlos,2025-08-22 09:22:30,noise
6396743661793,6397664580862,T357,11.1,Jin Carlos,2025-08-21 11:07:13,noise
6396743661793,6394882630315,T669,35.5,Jin Carlos,2025-08-21 08:11:33,noise
6396743661793,6395778639223,T669,17.7,Jin Carlos,2025-08-20 01:19:35,noise
6396743661793,6395778639223,T357,27.8,Jin Carlos,2025-08-20 22:13:51,noise
6396743661793,6392523182756,T669,27.2,Jin Carlos,2025-08-19 01:04:41,noise
6396743661793,6394841742270,T357,58.4,Jin Carlos,2025-08-18 09:15:03,noise
6396743661793,6394841742270,T669,28.4,Jin Carlos,2025-08-17 12:24:38,noise
6396743661793,6394882630315,T357,13.6,Jin Carlos,2025-08-17 11:27:58,noise
6396743661793,6394841742270,T669,13.0,Jin Carlos,2025-08-16 04:28:18,noise
6396743661793,6394882630315,T669,38.2,Jin Carlos,2025-08-16 12:12:20,noise
6396743661793,6394841742270,T357,6.8,Jin Carlos,2025-08-15 09:11:08,noise
6396743661793,6394841742270,T357,9.2,Jin Carlos,2025-08-15 13:28:25,noise
6396743661793,6397844655371,T357,10.9,Jin Carlos,2025-08-14 08:03:42,noise
6396743661793,6394272648738,T669,16.8,Jin Carlos,2025-08-14 12:14:55,noise
6396743661793,6395778639223,T669,8.1,Jin Carlos,2025-08-13 19:28:21,noise
6396743661793,6394882630315,T669,23.7,Jin Carlos,2025-08-13 17:12:45,noise
6396743661793,6394841742270,T357,24.5,Jin Carlos,2025-08-12 16:28:14,noise
6396743661793,6396978132661,T669,21.8,Jin Carlos,2025-08-11 15:16:04,noise
6396743661793,6394882630315,T357,11.1,Jin Carlos,2025-08-11 12:15:13,noise
6396743661793,6395778639223,T669,28.9,Jin Carlos,2025-08-10 17:07:38,noise
6396743661793,6394841742270,T357,43.6,Jin Carlos,2025-08-09 08:01:48,noise
6396743661793,6393723821869,T357,12.2,Jin Carlos,2025-08-08 11:12:16,noise
6396743661793,6395778639223,T669,15.4,Jin Carlos,2025-08-08 11:09:06,noise
6396743661793,6396927514387,T357,22.9,Jin Carlos,2025-08-07 11:04:09,noise
6396743661793,6391757381529,T357,14.7,Jin Carlos,2025-08-07 14:15:51,noise
6396743661793,6397664580862,T357,28.4,Jin Carlos,2025-08-06 14:23:32,noise
6396743661793,6395778639223,T669,17.7,Jin Carlos,2025-08-06 15:13:33,noise
6396743661793,6394841742270,T357,25.9,Jin Carlos,2025-08-05 09:27:09,noise
6396743661793,6396607099917,T669,39.0,Jin Carlos,2025-08-05 10:09:25,noise
6396743661793,6395778639223,T669,6.0,Jin Carlos,2025-08-04 14:24:58,noise
6396743661793,6395778639223,T357,9.1,Jin Carlos,2025-08-04 11:14:18,noise
6396743661793,6397664580862,T357,41.6,Jin Carlos,2025-08-04 15:25:49,noise
6397209902585,6395455137652,T768,7.3,Nia Bakker,2025-10-18 23:16:54,noise
6397209902585,6391053669235,T517,22.5,Nia Bakker,2025-10-18 14:26:17,noise
6397209902585,6399799920361,T768,12.5,Nia Bakker,2025-10-17 09:28:23,noise
6397209902585,6396492957730,T768,26.1,Nia Bakker,2025-10-17 11:01:52,noise
6397209902585,6396892073434,T768,32.6,Nia Bakker,2025-10-16 09:22:27,noise
6397209902585,6395455137652,T517,36.0,Nia Bakker,2025-10-16 20:14:16,noise
6397209902585,6396892073434,T517,75.5,Nia Bakker,2025-10-15 08:27:56,noise
6397209902585,6396892073434,T768,8.0,Nia Bakker,2025-10-14 03:24:32,noise
6397209902585,6397554224472,T517,36.0,Nia Bakker,2025-10-14 08:23:54,noise
6397209902585,6392463613153,T768,161.8,Nia Bakker,2025-10-14 17:19:36,noise
6397209902585,6391611816266,T768,13.5,Nia Bakker,2025-10-13 18:08:31,noise
6397209902585,6396518798247,T517,21.1,Nia Bakker,2025-10-12 09:09:11,noise
6397209902585,6391053669235,T768,36.4,Nia Bakker,2025-10-11 10:07:16,noise
6397209902585,6396892073434,T768,47.6,Nia Bakker,2025-10-11 00:01:53,noise
6397209902585,6391279393246,T768,6.2,Nia Bakker,2025-10-10 16:28:34,noise
6397209902585,6391053669235,T517,11.8,Nia Bakker,2025-10-10 23:27:23,noise
6397209902585,6391053669235,T768,32.6,Nia Bakker,2025-10-10 15:10:19,noise
6397209902585,6396892073434,T768,17.1,Nia Bakker,2025-10-09 12:05:25,noise
6397209902585,6396892073434,T768,15.8,Nia Bakker,2025-10-09 21:27:25,noise
6397209902585,6396892073434,T517,8.3,Nia Bakker,2025-10-08 10:17:05,noise
6397209902585,6393135045026,T517,32.0,Nia Bakker,2025-10-07 22:25:05,noise
6397209902585,6396892073434,T768,36.3,Nia Bakker,2025-10-06 02:07:11,noise
6397209902585,6395455137652,T768,32.2,Nia Bakker,2025-10-06 15:03:33,noise
6397209902585,6396892073434,T768,12.7,Nia Bakker,2025-10-05 08:19:50,noise
6397209902585,6396892073434,T768,9.1,Nia Bakker,2025-10-05 23:10:33,noise
6397209902585,6391053669235,T517,12.7,Nia Bakker,2025-10-04 13:08:19,noise
6397209902585,6397652242448,T517,8.0,Nia Bakker,2025-10-04 11:21:31,noise
6397209902585,6398445554732,T768,13.5,Nia Bakker,2025-10-04 15:30:05,noise
6397209902585,6396892073434,T768,32.5,Nia Bakker,2025-10-03 11:21:34,noise
6397209902585,6396892073434,T768,10.7,Nia Bakker,2025-10-03 11:02:34,noise
6397209902585,6391053669235,T768,21.6,Nia Bakker,2025-10-03 15:17:01,noise
6397209902585,6391053669235,T517,46.0,Nia Bakker,2025-10-02 20:16:41,noise
6397209902585,6396892073434,T768,5.2,Nia Bakker,2025-10-01 14:23:46,noise
6397209902585,6396892073434,T768,13.9,Nia Bakker,2025-10-01 12:18:42,noise
6397209902585,6391085319364,T517,6.1,Nia Bakker,2025-09-30 09:19:47,noise
6397209902585,6396892073434,T517,5.1,Nia Bakker,2025-09-30 10:01:04,noise
6397209902585,6395455137652,T768,9.7,Nia Bakker,2025-09-29 08:26:50,noise
6397209902585,6395455137652,T517,22.3,Nia Bakker,2025-09-29 16:15:08,noise
6397209902585,6392795791102,T768,60.6,Nia Bakker,2025-09-28 08:13:15,noise
6397209902585,6393726218800,T768,18.9,Nia Bakker,2025-09-28 19:24:01,noise
6397209902585,6391053669235,T768,53.5,Nia Bakker,2025-09-27 10:07:48,noise
6397209902585,6394779148527,T517,13.4,Nia Bakker,2025-09-27 18:00:10,noise
6397209902585,6396892073434,T517,13.1,Nia Bakker,2025-09-26 21:17:26,noise
6397209902585,6396892073434,T768,52.7,Nia Bakker,2025-09-26 16:02:17,noise
6397209902585,6395455137652,T517,46.9,Nia Bakker,2025-09-26 12:00:04,noise
6397209902585,6392295700924,T768,5.8,Nia Bakker,2025-09-25 12:07:26,noise
6397209902585,6393045592855,T768,16.1,Nia Bakker,2025-09-24 23:07:38,noise
6397209902585,6391053669235,T768,15.0,Nia Bakker,2025-09-24 14:08:36,noise
6397209902585,6393493304331,T768,13.6,Nia Bakker,2025-09-23 14:04:00,noise
6397209902585,6396892073434,T768,30.5,Nia Bakker,2025-09-23 18:05:14,noise
6397209902585,6391053669235,T768,9.6,Nia Bakker,2025-09-22 23:23:54,noise
6397209902585,6396892073434,T768,3.1,Nia Bakker,2025-09-22 00:14:32,noise
6397209902585,6398491189169,T768,33.4,Nia Bakker,2025-09-22 14:10:07,noise
6397209902585,6396892073434,T517,20.6,Nia Bakker,2025-09-21 08:20:11,noise
6397209902585,6397588030313,T768,10.0,Nia Bakker,2025-09-21 10:21:59,noise
6397209902585,6395455137652,T768,18.8,Nia Bakker,2025-09-21 02:11:30,noise
6397209902585,6392523182756,T768,65.6,Nia Bakker,2025-09-20 09:13:18,noise
6397209902585,6396033004999,T517,4.8,Nia Bakker,2025-09-20 10:12:08,noise
6397209902585,6394272648738,T517,37.8,Nia Bakker,2025-09-19 10:10:50,noise
6397209902585,6396892073434,T517,22.6,Nia Bakker,2025-09-19 09:27:00,noise
6397209902585,6391053669235,T768,10.3,Nia Bakker,2025-09-18 12:01:15,noise
6397209902585,6395455137652,T768,15.4,Nia Bakker,2025-09-18 17:20:30,noise
6397209902585,6396468854276,T768,21.8,Nia Bakker,2025-09-17 19:08:37,noise
6397209902585,6392295700924,T517,21.7,Nia Bakker,2025-09-17 16:14:43,noise
6397209902585,6395455137652,T768,54.0,Nia Bakker,2025-09-16 20:30:02,noise
6397209902585,6399076960112,T768,11.3,Nia Bakker,2025-09-15 02:29:16,noise
6397209902585,6394048553499,T768,60.2,Nia Bakker,2025-09-15 08:24:38,noise
6397209902585,6393951377482,T517,22.0,Nia Bakker,2025-09-14 15:16:55,noise
6397209902585,6395455137652,T768,45.2,Nia Bakker,2025-09-13 23:08:48,noise
6397209902585,6396892073434,T768,20.9,Nia Bakker,2025-09-13 11:14:49,noise
6397209902585,6396892073434,T768,12.8,Nia Bakker,2025-09-13 15:04:35,noise
6397209902585,6396892073434,T517,6.0,Nia Bakker,2025-09-12 09:03:53,noise
6397209902585,6398761443795,T768,27.1,Nia Bakker,2025-09-12 23:07:21,noise
6397209902585,6397008615813,T517,38.3,Nia Bakker,2025-09-12 12:17:53,noise
6397209902585,6395455137652,T517,32.1,Nia Bakker,2025-09-11 11:12:55,noise
6397209902585,6396892073434,T517,4.5,Nia Bakker,2025-09-10 12:21:33,noise
6397209902585,6396892073434,T517,31.5,Nia Bakker,2025-09-10 16:22:42,noise
6397209902585,6396181402712,T768,4.0,Nia Bakker,2025-09-09 00:21:27,noise
6397209902585,6396892073434,T768,9.7,Nia Bakker,2025-09-09 16:00:47,noise
6397209902585,6396892073434,T768,21.2,Nia Bakker,2025-09-08 08:07:37,noise
6397209902585,6395975932913,T517,22.5,Nia Bakker,2025-09-08 10:00:55,noise
6397209902585,6396892073434,T517,26.0,Nia Bakker,2025-09-07 11:29:08,noise
6397209902585,6393541804755,T517,7.6,Nia Bakker,2025-09-07 12:04:09,noise
6397209902585,6395455137652,T517,12.7,Nia Bakker,2025-09-07 03:04:13,noise
6397209902585,6393726218800,T768,39.2,Nia Bakker,2025-09-06 13:14:47,noise
6397209902585,6396892073434,T768,11.2,Nia Bakker,2025-09-05 17:11:24,noise
6397209902585,6397636641248,T768,29.6,Nia Bakker,2025-09-05 18:27:37,noise
6397209902585,6396892073434,T768,25.2,Nia Bakker,2025-09-04 13:18:11,noise
6397209902585,6395455137652,T768,18.0,Nia Bakker,2025-09-03 10:12:34,noise
6397209902585,6394555912795,T768,8.9,Nia Bakker,2025-09-03 19:01:52,noise
6397209902585,6393859907578,T517,17.7,Nia Bakker,2025-09-03 09:10:26,noise
6397209902585,6391053669235,T517,48.9,Nia Bakker,2025-09-02 15:13:54,noise
6397209902585,6395455137652,T517,21.1,Nia Bakker,2025-09-02 22:16:36,noise
6397209902585,6394555912795,T517,11.8,Nia Bakker,2025-09-01 12:23:30,noise
6397209902585,6399471209395,T517,11.1,Nia Bakker,2025-09-01 14:18:22,noise
6397209902585,6396892073434,T768,57.1,Nia Bakker,2025-08-31 09:22:47,noise
6397209902585,6391053669235,T768,29.8,Nia Bakker,2025-08-31 19:30:05,noise
6397209902585,6396892073434,T768,10.2,Nia Bakker,2025-08-30 13:30:33,noise
6397209902585,6395913076726,T768,21.4,Nia Bakker,2025-08-30 10:04:18,noise
6397209902585,6395455137652,T768,21.4,Nia Bakker,2025-08-29 16:21:44,noise
6397209902585,6391053669235,T768,33.3,Nia Bakker,2025-08-29 12:20:55,noise
6397209902585,6391657761801,T517,9.9,Nia Bakker,2025-08-28 15:26:28,noise
6397209902585,6395455137652,T768,4.1,Nia Bakker,2025-08-28 09:07:02,noise
6397209902585,6391053669235,T517,20.1,Nia Bakker,2025-08-27 22:26:46,noise
6397209902585,6395455137652,T768,20.7,Nia Bakker,2025-08-27 09:22:27,noise
6397209902585,6391575752536,T768,10.6,Nia Bakker,2025-08-26 23:23:18,noise
6397209902585,6391937903040,T517,21.4,Nia Bakker,2025-08-26 13:03:45,noise
6397209902585,6396892073434,T768,15.7,Nia Bakker,2025-08-25 11:20:53,noise
6397209902585,6396892073434,T768,7.4,Nia Bakker,2025-08-24 10:19:11,noise
6397209902585,6395455137652,T517,8.1,Nia Bakker,2025-08-24 08:12:15,noise
6397209902585,6399471209395,T517,22.9,Nia Bakker,2025-08-24 16:25:03,noise
6397209902585,6397209902585,T768,9.5,Nia Bakker,2025-08-23 11:10:38,noise
6397209902585,6391937903040,T768,23.3,Nia Bakker,2025-08-23 19:24:42,noise
6397209902585,6395455137652,T517,17.1,Nia Bakker,2025-08-22 08:07:41,noise
6397209902585,6396892073434,T768,21.5,Nia Bakker,2025-08-22 11:22:31,noise
6397209902585,6393045592855,T768,3.8,Nia Bakker,2025-08-21 19:22:58,noise
6397209902585,6396892073434,T517,37.4,Nia Bakker,2025-08-21 20:14:12,noise
6397209902585,6392052186148,T768,41.4,Nia Bakker,2025-08-20 16:02:38,noise
6397209902585,6395978599202,T517,12.4,Nia Bakker,2025-08-19 13:25:09,noise
6397209902585,6391053669235,T517,22.2,Nia Bakker,2025-08-19 16:10:25,noise
6397209902585,6395455137652,T517,22.2,Nia Bakker,2025-08-18 08:20:05,noise
6397209902585,6391053669235,T768,14.8,Nia Bakker,2025-08-18 19:17:23,noise
6397209902585,6399076960112,T768,21.2,Nia Bakker,2025-08-18 09:15:28,noise
6397209902585,6399165981131,T517,19.4,Nia Bakker,2025-08-17 18:25:38,noise
6397209902585,6391053669235,T768,24.6,Nia Bakker,2025-08-17 12:00:41,noise
6397209902585,6399979024610,T517,80.5,Nia Bakker,2025-08-16 20:26:23,noise
6397209902585,6395455137652,T517,30.4,Nia Bakker,2025-08-16 14:26:27,noise
6397209902585,6396892073434,T517,14.1,Nia Bakker,2025-08-16 18:27:28,noise
6397209902585,6391053669235,T517,4.8,Nia Bakker,2025-08-15 09:08:36,noise
6397209902585,6391053669235,T768,19.3,Nia Bakker,2025-08-15 16:27:41,noise
6397209902585,6396892073434,T768,15.5,Nia Bakker,2025-08-14 08:06:05,noise
6397209902585,6391757381529,T768,10.7,Nia Bakker,2025-08-14 15:19:51,noise
6397209902585,6391681212932,T517,12.6,Nia Bakker,2025-08-13 00:18:48,noise
6397209902585,6391053669235,T768,11.5,Nia Bakker,2025-08-13 11:21:20,noise
6397209902585,6391053669235,T768,23.7,Nia Bakker,2025-08-13 08:13:45,noise
6397209902585,6395455137652,T768,85.6,Nia Bakker,2025-08-12 20:11:25,noise
6397209902585,6395455137652,T517,26.5,Nia Bakker,2025-08-12 12:02:58,noise
6397209902585,6391053669235,T768,7.5,Nia Bakker,2025-08-12 14:29:09,noise
6397209902585,6395455137652,T768,66.7,Nia Bakker,2025-08-11 15:25:18,noise
6397209902585,6391053669235,T768,1.7,Nia Bakker,2025-08-11 18:15:49,noise
6397209902585,6395455137652,T768,19.4,Nia Bakker,2025-08-10 20:05:46,noise
6397209902585,6397274004764,T517,8.6,Nia Bakker,2025-08-09 18:19:05,noise
6397209902585,6396892073434,T517,43.0,Nia Bakker,2025-08-09 01:07:27,noise
6397209902585,6396892073434,T768,20.3,Nia Bakker,2025-08-09 17:01:42,noise
6397209902585,6395455137652,T768,17.0,Nia Bakker,2025-08-08 17:13:18,noise
6397209902585,6399259551176,T768,33.2,Nia Bakker,2025-08-08 16:20:35,noise
6397209902585,6399799920361,T768,17.3,Nia Bakker,2025-08-07 14:28:18,noise
6397209902585,6396892073434,T517,14.0,Nia Bakker,2025-08-07 23:11:03,noise
6397209902585,6395455137652,T517,30.1,Nia Bakker,2025-08-06 22:26:21,noise
6397209902585,6395455137652,T768,26.0,Nia Bakker,2025-08-06 12:06:01,noise
6397209902585,6392295700924,T517,10.5,Nia Bakker,2025-08-06 20:30:07,noise
6397209902585,6395455137652,T768,37.4,Nia Bakker,2025-08-05 08:10:38,noise
6397209902585,6393045592855,T517,3.2,Nia Bakker,2025-08-05 09:22:28,noise
6397209902585,6394779148527,T517,17.2,Nia Bakker,2025-08-04 12:15:20,noise
6397209902585,6396892073434,T768,26.9,Nia Bakker,2025-08-04 22:14:21,noise
6399924544312,6394882630315,T184,6.4,Victor Alvarez,2025-10-18 14:10:19,noise
6399924544312,6393561104962,T668,5.4,Victor Alvarez,2025-10-18 14:04:49,noise
6399924544312,6397588030313,T184,21.1,Victor Alvarez,2025-10-17 17:08:29,noise
6399924544312,6397588030313,T668,14.4,Victor Alvarez,2025-10-17 03:17:47,noise
6399924544312,6394882630315,T184,24.7,Victor Alvarez,2025-10-16 21:11:09,noise
6399924544312,6393561104962,T668,8.1,Victor Alvarez,2025-10-16 14:19:00,noise
6399924544312,6392334677082,T668,8.4,Victor Alvarez,2025-10-15 14:07:04,noise
6399924544312,6397588030313,T184,11.4,Victor Alvarez,2025-10-15 13:13:16,noise
6399924544312,6393561104962,T184,10.4,Victor Alvarez,2025-10-15 17:11:27,noise
6399924544312,6397588030313,T184,4.3,Victor Alvarez,2025-10-14 12:10:12,noise
6399924544312,6398761443795,T668,13.9,Victor Alvarez,2025-10-14 10:06:39,noise
6399924544312,6397588030313,T668,34.1,Victor Alvarez,2025-10-14 15:07:41,noise
6399924544312,6394882630315,T184,20.7,Victor Alvarez,2025-10-13 13:08:42,noise
6399924544312,6393561104962,T668,12.1,Victor Alvarez,2025-10-13 00:18:11,noise
6399924544312,6397588030313,T184,17.7,Victor Alvarez,2025-10-12 15:21:39,noise
6399924544312,6397364632100,T668,28.4,Victor Alvarez,2025-10-12 20:13:59,noise
6399924544312,6397588030313,T668,41.6,Victor Alvarez,2025-10-11 13:03:54,noise
6399924544312,6394555912795,T184,28.6,Victor Alvarez,2025-10-10 09:27:27,noise
6399924544312,6394882630315,T184,43.7,Victor Alvarez,2025-10-10 14:16:12,noise
6399924544312,6397588030313,T184,13.8,Victor Alvarez,2025-10-09 08:25:27,noise
6399924544312,6393723821869,T668,15.7,Victor Alvarez,2025-10-08 14:17:14,noise
6399924544312,6396743661793,T668,8.8,Victor Alvarez,2025-10-07 08:04:00,noise
6399924544312,6399496417009,T184,8.1,Victor Alvarez,2025-10-07 16:14:11,noise
6399924544312,6391279393246,T668,28.7,Victor Alvarez,2025-10-07 09:06:09,noise
6399924544312,6397588030313,T668,6.2,Victor Alvarez,2025-10-06 10:01:41,noise
6399924544312,6392085020554,T668,14.0,Victor Alvarez,2025-10-06 17:25:14,noise
6399924544312,6394882630315,T668,11.6,Victor Alvarez,2025-10-05 20:27:18,noise
6399924544312,6391279393246,T184,24.6,Victor Alvarez,2025-10-04 14:03:59,noise
6399924544312,6397636641248,T668,20.6,Victor Alvarez,2025-10-04 10:16:48,noise
6399924544312,6396892073434,T668,9.6,Victor Alvarez,2025-10-03 19:14:29,noise
6399924544312,6393561104962,T184,11.0,Victor Alvarez,2025-10-03 19:06:46,noise
6399924544312,6394882630315,T184,10.9,Victor Alvarez,2025-10-03 21:28:13,noise
6399924544312,6393561104962,T184,17.1,Victor Alvarez,2025-10-02 11:11:07,noise
6399924544312,6396967557245,T184,7.7,Victor Alvarez,2025-10-02 15:00:45,noise
6399924544312,6394882630315,T184,61.0,Victor Alvarez,2025-10-02 18:03:34,noise
6399924544312,6399076960112,T184,15.3,Victor Alvarez,2025-10-01 18:02:18,noise
6399924544312,6394882630315,T184,18.4,Victor Alvarez,2025-10-01 05:22:33,noise
6399924544312,6394882630315,T184,10.0,Victor Alvarez,2025-09-30 13:24:05,noise
6399924544312,6394882630315,T184,11.9,Victor Alvarez,2025-09-30 10:30:26,noise
6399924544312,6397588030313,T184,29.8,Victor Alvarez,2025-09-30 10:00:49,noise
6399924544312,6394882630315,T184,11.8,Victor Alvarez,2025-09-29 09:06:10,noise
6399924544312,6393561104962,T184,33.3,Victor Alvarez,2025-09-29 17:09:02,noise
6399924544312,6394882630315,T668,15.0,Victor Alvarez,2025-09-29 08:23:24,noise
6399924544312,6397588030313,T668,28.9,Victor Alvarez,2025-09-28 16:14:26,noise
6399924544312,6392052186148,T668,11.4,Victor Alvarez,2025-09-27 04:17:26,noise
6399924544312,6393561104962,T668,6.3,Victor Alvarez,2025-09-26 11:11:48,noise
6399924544312,6397588030313,T668,23.7,Victor Alvarez,2025-09-26 15:09:38,noise
6399924544312,6397588030313,T668,11.0,Victor Alvarez,2025-09-26 18:16:55,noise
6399924544312,6394882630315,T668,8.3,Victor Alvarez,2025-09-25 12:16:44,noise
6399924544312,6394882630315,T668,20.4,Victor Alvarez,2025-09-24 11:12:44,noise
6399924544312,6391681212932,T184,20.2,Victor Alvarez,2025-09-24 20:21:45,noise
6399924544312,6394882630315,T184,14.3,Victor Alvarez,2025-09-23 17:12:06,noise
6399924544312,6391621634803,T184,23.7,Victor Alvarez,2025-09-23 17:07:45,noise
6399924544312,6396181402712,T668,21.2,Victor Alvarez,2025-09-23 13:08:28,noise
6399924544312,6396967557245,T668,40.0,Victor Alvarez,2025-09-22 19:24:17,noise
6399924544312,6393561104962,T184,14.6,Victor Alvarez,2025-09-21 13:14:34,noise
6399924544312,6392835511896,T668,13.7,Victor Alvarez,2025-09-21 19:06:58,noise
6399924544312,6397008615813,T184,11.0,Victor Alvarez,2025-09-20 20:05:32,noise
6399924544312,6393561104962,T184,11.7,Victor Alvarez,2025-09-20 20:28:07,noise
6399924544312,6397588030313,T184,23.5,Victor Alvarez,2025-09-19 19:13:53,noise
6399924544312,6393561104962,T668,12.9,Victor Alvarez,2025-09-18 15:01:37,noise
6399924544312,6393561104962,T668,3.1,Victor Alvarez,2025-09-18 19:23:36,noise
6399924544312,6397554224472,T668,23.2,Victor Alvarez,2025-09-17 14:11:13,noise
6399924544312,6393561104962,T184,19.7,Victor Alvarez,2025-09-17 14:26:50,noise
6399924544312,6393561104962,T184,11.0,Victor Alvarez,2025-09-16 10:27:09,noise
6399924544312,6397588030313,T184,21.3,Victor Alvarez,2025-09-15 11:14:17,noise
6399924544312,6397588030313,T184,16.2,Victor Alvarez,2025-09-15 09:02:53,noise
6399924544312,6397588030313,T668,21.3,Victor Alvarez,2025-09-14 18:20:05,noise
6399924544312,6396681820773,T184,21.2,Victor Alvarez,2025-09-14 22:23:44,noise
6399924544312,6396956928083,T184,8.7,Victor Alvarez,2025-09-14 13:08:35,noise
6399924544312,6395122083064,T184,40.7,Victor Alvarez,2025-09-13 11:19:36,noise
6399924544312,6398036705746,T184,82.6,Victor Alvarez,2025-09-13 14:28:05,noise
6399924544312,6396119144758,T184,38.0,Victor Alvarez,2025-09-12 20:18:30,noise
6399924544312,6399521620276,T184,8.6,Victor Alvarez,2025-09-12 21:06:51,noise
6399924544312,6396227547092,T668,15.9,Victor Alvarez,2025-09-12 08:15:49,noise
6399924544312,6399924544312,T184,15.2,Victor Alvarez,2025-09-11 14:16:42,noise
6399924544312,6393726218800,T184,11.9,Victor Alvarez,2025-09-11 12:04:19,noise
6399924544312,6393561104962,T184,30.5,Victor Alvarez,2025-09-11 18:28:30,noise
6399924544312,6393561104962,T184,6.1,Victor Alvarez,2025-09-10 14:00:12,noise
6399924544312,6394882630315,T184,5.6,Victor Alvarez,2025-09-10 04:09:27,noise
6399924544312,6399521620276,T184,20.8,Victor Alvarez,2025-09-09 09:27:52,noise
6399924544312,6394882630315,T668,13.9,Victor Alvarez,2025-09-09 05:17:05,noise
6399924544312,6397906422409,T184,42.4,Victor Alvarez,2025-09-08 12:27:52,noise
6399924544312,6397588030313,T184,15.2,Victor Alvarez,2025-09-08 14:22:01,noise
6399924544312,6393561104962,T668,8.1,Victor Alvarez,2025-09-08 20:05:48,noise
6399924544312,6397588030313,T184,53.6,Victor Alvarez,2025-09-07 19:21:05,noise
6399924544312,6394882630315,T668,18.3,Victor Alvarez,2025-09-07 15:09:07,noise
6399924544312,6397588030313,T668,19.9,Victor Alvarez,2025-09-06 10:02:09,noise
6399924544312,6393561104962,T184,19.4,Victor Alvarez,2025-09-06 04:28:32,noise
6399924544312,6395913076726,T668,48.1,Victor Alvarez,2025-09-05 15:28:30,noise
6399924544312,6399856589429,T184,28.1,Victor Alvarez,2025-09-05 19:24:14,noise
6399924544312,6397588030313,T184,14.8,Victor Alvarez,2025-09-04 12:06:42,noise
6399924544312,6396423658378,T184,6.0,Victor Alvarez,2025-09-03 14:23:21,noise
6399924544312,6395726944755,T184,35.3,Victor Alvarez,2025-09-03 18:20:04,noise
6399924544312,6393603835968,T184,28.7,Victor Alvarez,2025-09-03 17:30:51,noise
6399924544312,6393561104962,T668,20.6,Victor Alvarez,2025-09-02 20:03:43,noise
6399924544312,6397844655371,T668,42.6,Victor Alvarez,2025-09-02 10:15:03,noise
6399924544312,6399924544312,T184,17.4,Victor Alvarez,2025-09-01 09:08:56,noise
6399924544312,6392295700924,T668,20.6,Victor Alvarez,2025-09-01 21:15:13,noise
6399924544312,6397588030313,T668,7.7,Victor Alvarez,2025-08-31 08:04:08,noise
6399924544312,6393561104962,T668,15.5,Victor Alvarez,2025-08-31 11:02:37,noise
6399924544312,6393561104962,T668,19.8,Victor Alvarez,2025-08-31 16:10:57,noise
6399924544312,6396441529079,T184,6.2,Victor Alvarez,2025-08-30 18:27:53,noise
6399924544312,6394779148527,T184,10.5,Victor Alvarez,2025-08-30 15:23:24,noise
6399924544312,6391053669235,T184,14.8,Victor Alvarez,2025-08-29 19:29:53,noise
6399924544312,6393561104962,T668,56.7,Victor Alvarez,2025-08-29 18:14:56,noise
6399924544312,6392085020554,T184,3.1,Victor Alvarez,2025-08-29 17:09:16,noise
6399924544312,6393723821869,T184,11.5,Victor Alvarez,2025-08-28 15:04:06,noise
6399924544312,6397588030313,T184,8.5,Victor Alvarez,2025-08-28 14:16:29,noise
6399924544312,6391194839118,T668,45.5,Victor Alvarez,2025-08-27 13:14:03,noise
6399924544312,6393561104962,T184,31.1,Victor Alvarez,2025-08-27 10:21:32,noise
6399924544312,6394882630315,T184,18.6,Victor Alvarez,2025-08-26 18:20:19,noise
6399924544312,6394882630315,T184,18.2,Victor Alvarez,2025-08-25 09:06:29,noise
6399924544312,6393561104962,T668,21.1,Victor Alvarez,2025-08-25 20:06:11,noise
6399924544312,6399924544312,T184,7.3,Victor Alvarez,2025-08-24 21:14:10,noise
6399924544312,6394048553499,T184,12.8,Victor Alvarez,2025-08-24 02:12:59,noise
6399924544312,6393561104962,T184,6.1,Victor Alvarez,2025-08-24 10:04:16,noise
6399924544312,6393561104962,T668,12.3,Victor Alvarez,2025-08-23 15:26:17,noise
6399924544312,6393561104962,T668,31.0,Victor Alvarez,2025-08-22 22:00:53,noise
6399924544312,6391194839118,T668,46.1,Victor Alvarez,2025-08-22 15:25:34,noise
6399924544312,6395656527999,T668,16.9,Victor Alvarez,2025-08-21 00:27:18,noise
6399924544312,6396927514387,T184,12.7,Victor Alvarez,2025-08-21 09:09:27,noise
6399924544312,6393561104962,T184,17.5,Victor Alvarez,2025-08-20 18:22:02,noise
6399924544312,6393561104962,T668,19.6,Victor Alvarez,2025-08-20 12:25:48,noise
6399924544312,6396095128059,T668,42.0,Victor Alvarez,2025-08-19 13:16:22,noise
6399924544312,6393045592855,T184,18.6,Victor Alvarez,2025-08-18 13:27:54,noise
6399924544312,6391681212932,T668,48.4,Victor Alvarez,2025-08-18 17:15:19,noise
6399924544312,6397588030313,T184,10.2,Victor Alvarez,2025-08-17 19:29:43,noise
6399924544312,6397588030313,T184,40.4,Victor Alvarez,2025-08-17 23:22:36,noise
6399924544312,6394882630315,T184,19.1,Victor Alvarez,2025-08-16 19:18:23,noise
6399924544312,6399259551176,T184,13.1,Victor Alvarez,2025-08-16 08:30:55,noise
6399924544312,6393561104962,T184,36.7,Victor Alvarez,2025-08-15 14:26:57,noise
6399924544312,6394882630315,T184,26.5,Victor Alvarez,2025-08-14 09:03:09,noise
6399924544312,6394882630315,T668,7.5,Victor Alvarez,2025-08-14 18:01:59,noise
6399924544312,6397588030313,T184,32.3,Victor Alvarez,2025-08-14 13:14:19,noise
6399924544312,6393561104962,T668,10.6,Victor Alvarez,2025-08-13 13:09:07,noise
6399924544312,6395255503056,T184,14.2,Victor Alvarez,2025-08-13 11:15:28,noise
6399924544312,6393561104962,T668,4.8,Victor Alvarez,2025-08-12 13:22:50,noise
6399924544312,6397588030313,T668,53.2,Victor Alvarez,2025-08-12 12:18:57,noise
6399924544312,6397588030313,T668,27.5,Victor Alvarez,2025-08-12 09:22:27,noise
6399924544312,6397588030313,T184,8.5,Victor Alvarez,2025-08-11 14:16:01,noise
6399924544312,6397588030313,T668,30.5,Victor Alvarez,2025-08-11 10:14:08,noise
6399924544312,6392835511896,T184,7.0,Victor Alvarez,2025-08-10 11:15:48,noise
6399924544312,6394779148527,T668,9.9,Victor Alvarez,2025-08-10 01:00:25,noise
6399924544312,6393561104962,T184,6.1,Victor Alvarez,2025-08-09 23:05:12,noise
6399924544312,6394882630315,T668,51.2,Victor Alvarez,2025-08-09 11:28:54,noise
6399924544312,6394882630315,T184,8.3,Victor Alvarez,2025-08-09 15:27:21,noise
6399924544312,6393561104962,T668,4.9,Victor Alvarez,2025-08-08 13:27:56,noise
6399924544312,6397588030313,T184,8.0,Victor Alvarez,2025-08-08 08:23:52,noise
6399924544312,6393975769123,T668,7.1,Victor Alvarez,2025-08-07 11:15:59,noise
6399924544312,6394882630315,T668,13.0,Victor Alvarez,2025-08-07 12:13:15,noise
6399924544312,6397588030313,T184,14.1,Victor Alvarez,2025-08-06 10:06:41,noise
6399924544312,6397588030313,T668,36.4,Victor Alvarez,2025-08-06 13:23:01,noise
6399924544312,6393561104962,T184,22.4,Victor Alvarez,2025-08-05 14:18:13,noise
6399924544312,6393561104962,T668,15.6,Victor Alvarez,2025-08-05 10:17:53,noise
6399924544312,6399076960112,T184,4.5,Victor Alvarez,2025-08-04 14:12:26,noise
6399924544312,6397588030313,T184,51.1,Victor Alvarez,2025-08-04 16:25:26,noise
6399924544312,6392463613153,T184,9.7,Victor Alvarez,2025-08-04 10:05:56,noise
6392334677082,6394841742270,T355,36.4,Cara Rossi,2025-10-18 10:28:56,noise
6392334677082,6394555912795,T234,13.5,Cara Rossi,2025-10-18 16:18:31,noise
6392334677082,6394555912795,T355,18.0,Cara Rossi,2025-10-17 18:29:14,noise
6392334677082,6394555912795,T234,12.0,Cara Rossi,2025-10-17 20:04:31,noise
6392334677082,6394555912795,T234,14.4,Cara Rossi,2025-10-16 05:12:08,noise
6392334677082,6394841742270,T355,20.8,Cara Rossi,2025-10-16 16:12:23,noise
6392334677082,6394841742270,T355,29.2,Cara Rossi,2025-10-15 20:29:21,noise
6392334677082,6394555912795,T234,25.4,Cara Rossi,2025-10-14 19:18:44,noise
6392334677082,6394841742270,T355,37.1,Cara Rossi,2025-10-14 12:14:27,noise
6392334677082,6395913076726,T355,22.4,Cara Rossi,2025-10-13 09:19:01,noise
6392334677082,6395913076726,T355,31.3,Cara Rossi,2025-10-13 15:23:26,noise
6392334677082,6394841742270,T355,30.4,Cara Rossi,2025-10-12 17:24:38,noise
6392334677082,6394841742270,T355,18.6,Cara Rossi,2025-10-12 23:29:31,noise
6392334677082,6394841742270,T355,5.8,Cara Rossi,2025-10-11 18:26:53,noise
6392334677082,6395778639223,T355,10.1,Cara Rossi,2025-10-10 08:17:56,noise
6392334677082,6394555912795,T355,8.1,Cara Rossi,2025-10-10 22:10:55,noise
6392334677082,6396607099917,T355,25.3,Cara Rossi,2025-10-10 00:26:58,noise
6392334677082,6394555912795,T355,46.8,Cara Rossi,2025-10-09 12:03:12,noise
6392334677082,6391937582998,T355,38.9,Cara Rossi,2025-10-09 19:14:22,noise
6392334677082,6394841742270,T355,22.9,Cara Rossi,2025-10-08 19:15:45,noise
6392334677082,6391841771012,T355,8.1,Cara Rossi,2025-10-08 16:13:59,noise
6392334677082,6398761443795,T355,23.1,Cara Rossi,2025-10-07 17:06:18,noise
6392334677082,6394555912795,T234,18.7,Cara Rossi,2025-10-07 09:14:24,noise
6392334677082,6398391305137,T234,6.7,Cara Rossi,2025-10-06 15:01:44,noise
6392334677082,6391841771012,T234,6.8,Cara Rossi,2025-10-06 14:29:35,noise
6392334677082,6395913076726,T234,18.8,Cara Rossi,2025-10-06 17:18:01,noise
6392334677082,6394841742270,T355,50.1,Cara Rossi,2025-10-05 17:24:07,noise
6392334677082,6394882630315,T355,10.7,Cara Rossi,2025-10-05 18:20:32,noise
6392334677082,6395913076726,T355,37.9,Cara Rossi,2025-10-04 19:29:57,noise
6392334677082,6394841742270,T234,26.1,Cara Rossi,2025-10-04 18:27:16,noise
6392334677082,6396518798247,T234,45.3,Cara Rossi,2025-10-04 18:25:16,noise
6392334677082,6393794997179,T355,19.3,Cara Rossi,2025-10-03 16:21:40,noise
6392334677082,6395913076726,T355,18.7,Cara Rossi,2025-10-03 14:15:59,noise
6392334677082,6391937903040,T234,10.5,Cara Rossi,2025-10-02 12:15:52,noise
6392334677082,6391053669235,T234,14.6,Cara Rossi,2025-10-01 21:28:32,noise
6392334677082,6394555912795,T355,23.7,Cara Rossi,2025-10-01 09:27:39,noise
6392334677082,6394841742270,T355,12.0,Cara Rossi,2025-09-30 20:09:17,noise
6392334677082,6393794997179,T355,16.1,Cara Rossi,2025-09-29 04:18:47,noise
6392334677082,6394555912795,T234,8.8,Cara Rossi,2025-09-29 16:12:49,noise
6392334677082,6395913076726,T234,6.8,Cara Rossi,2025-09-29 20:18:37,noise
6392334677082,6394555912795,T234,7.1,Cara Rossi,2025-09-28 16:08:34,noise
6392334677082,6394841742270,T355,20.3,Cara Rossi,2025-09-28 16:20:18,noise
6392334677082,6399617100710,T234,13.5,Cara Rossi,2025-09-28 22:21:16,noise
6392334677082,6399259551176,T234,9.1,Cara Rossi,2025-09-27 13:12:55,noise
6392334677082,6391657761801,T234,31.5,Cara Rossi,2025-09-26 21:02:45,noise
6392334677082,6395913076726,T355,7.0,Cara Rossi,2025-09-26 14:00:24,noise
6392334677082,6394555912795,T234,20.4,Cara Rossi,2025-09-26 18:15:07,noise
6392334677082,6394841742270,T355,14.5,Cara Rossi,2025-09-25 05:17:08,noise
6392334677082,6394555912795,T355,18.3,Cara Rossi,2025-09-25 11:19:20,noise
6392334677082,6398906791192,T355,8.3,Cara Rossi,2025-09-25 20:05:28,noise
6392334677082,6396927514387,T234,8.8,Cara Rossi,2025-09-24 21:19:04,noise
6392334677082,6398445554732,T234,24.2,Cara Rossi,2025-09-24 10:19:03,noise
6392334677082,6395978599202,T355,7.1,Cara Rossi,2025-09-23 19:08:19,noise
6392334677082,6394841742270,T234,43.3,Cara Rossi,2025-09-23 08:27:40,noise
6392334677082,6395913076726,T355,23.1,Cara Rossi,2025-09-23 17:28:21,noise
6392334677082,6395913076726,T234,29.9,Cara Rossi,2025-09-22 14:23:22,noise
6392334677082,6395913076726,T355,10.6,Cara Rossi,2025-09-22 17:29:49,noise
6392334677082,6394555912795,T355,9.2,Cara Rossi,2025-09-21 09:19:02,noise
6392334677082,6395913076726,T234,27.7,Cara Rossi,2025-09-21 10:20:57,noise
6392334677082,6394574621348,T234,36.2,Cara Rossi,2025-09-21 16:15:10,noise
6392334677082,6395975932913,T355,26.0,Cara Rossi,2025-09-20 11:02:59,noise
6392334677082,6395913076726,T355,7.1,Cara Rossi,2025-09-19 08:30:10,noise
6392334677082,6395913076726,T355,14.0,Cara Rossi,2025-09-19 00:11:48,noise
6392334677082,6395913076726,T355,62.7,Cara Rossi,2025-09-18 19:00:32,noise
6392334677082,6391937903040,T355,22.5,Cara Rossi,2025-09-18 21:06:47,noise
6392334677082,6399496417009,T355,10.0,Cara Rossi,2025-09-17 19:13:37,noise
6392334677082,6394555912795,T234,4.4,Cara Rossi,2025-09-16 04:08:27,noise
6392334677082,6399471209395,T355,18.2,Cara Rossi,2025-09-16 17:01:41,noise
6392334677082,6395913076726,T234,13.4,Cara Rossi,2025-09-15 00:01:40,noise
6392334677082,6394841742270,T234,17.7,Cara Rossi,2025-09-15 16:02:10,noise
6392334677082,6396631526248,T234,12.4,Cara Rossi,2025-09-14 12:12:14,noise
6392334677082,6392052186148,T234,6.9,Cara Rossi,2025-09-14 14:16:30,noise
6392334677082,6395913076726,T355,39.4,Cara Rossi,2025-09-13 02:25:57,noise
6392334677082,6397588030313,T355,10.3,Cara Rossi,2025-09-13 18:01:53,noise
6392334677082,6397235532708,T355,22.0,Cara Rossi,2025-09-12 13:10:10,noise
6392334677082,6394555912795,T355,24.3,Cara Rossi,2025-09-12 14:02:58,noise
6392334677082,6394555912795,T234,6.9,Cara Rossi,2025-09-11 21:10:50,noise
6392334677082,6396181402712,T355,19.6,Cara Rossi,2025-09-10 11:22:49,noise
6392334677082,6394841742270,T355,19.9,Cara Rossi,2025-09-10 11:19:51,noise
6392334677082,6394555912795,T234,8.4,Cara Rossi,2025-09-10 16:20:34,noise
6392334677082,6396181402712,T234,11.4,Cara Rossi,2025-09-09 11:22:10,noise
6392334677082,6394841742270,T355,31.3,Cara Rossi,2025-09-08 08:14:21,noise
6392334677082,6391681212932,T355,7.3,Cara Rossi,2025-09-08 00:12:05,noise
6392334677082,6395913076726,T234,17.3,Cara Rossi,2025-09-08 04:19:35,noise
6392334677082,6393794997179,T234,21.1,Cara Rossi,2025-09-07 15:12:13,noise
6392334677082,6398732852032,T234,6.5,Cara Rossi,2025-09-07 21:16:10,noise
6392334677082,6394841742270,T234,12.1,Cara Rossi,2025-09-06 04:01:54,noise
6392334677082,6394555912795,T355,12.3,Cara Rossi,2025-09-05 01:09:52,noise
6392334677082,6398036705746,T234,8.3,Cara Rossi,2025-09-05 21:03:39,noise
6392334677082,6392334677082,T234,11.2,Cara Rossi,2025-09-04 14:18:06,noise
6392334677082,6397588030313,T234,9.2,Cara Rossi,2025-09-04 08:11:56,noise
6392334677082,6394555912795,T355,12.9,Cara Rossi,2025-09-03 20:08:19,noise
6392334677082,6395913076726,T355,20.4,Cara Rossi,2025-09-03 17:18:48,noise
6392334677082,6391053669235,T234,32.0,Cara Rossi,2025-09-02 14:21:10,noise
6392334677082,6399165981131,T355,17.4,Cara Rossi,2025-09-02 15:28:31,noise
6392334677082,6394841742270,T234,63.4,Cara Rossi,2025-09-02 19:26:20,noise
6392334677082,6394841742270,T234,17.5,Cara Rossi,2025-09-01 16:07:03,noise
6392334677082,6397316055758,T355,9.6,Cara Rossi,2025-09-01 11:07:53,noise
6392334677082,6394555912795,T355,29.8,Cara Rossi,2025-08-31 09:18:43,noise
6392334677082,6394841742270,T234,11.9,Cara Rossi,2025-08-30 01:23:23,noise
6392334677082,6394555912795,T355,16.6,Cara Rossi,2025-08-30 22:12:54,noise
6392334677082,6394555912795,T355,14.4,Cara Rossi,2025-08-29 15:27:01,noise
6392334677082,6394555912795,T355,15.9,Cara Rossi,2025-08-29 11:29:21,noise
6392334677082,6394555912795,T355,10.1,Cara Rossi,2025-08-28 18:27:55,noise
6392334677082,6394841742270,T234,5.8,Cara Rossi,2025-08-28 15:22:25,noise
6392334677082,6394555912795,T234,7.8,Cara Rossi,2025-08-27 22:29:55,noise
6392334677082,6393135045026,T355,18.6,Cara Rossi,2025-08-27 18:01:02,noise
6392334677082,6394841742270,T234,18.6,Cara Rossi,2025-08-26 18:25:47,noise
6392334677082,6398391305137,T355,17.6,Cara Rossi,2025-08-25 23:05:25,noise
6392334677082,6394841742270,T234,7.7,Cara Rossi,2025-08-25 17:21:38,noise
6392334677082,6394555912795,T355,7.4,Cara Rossi,2025-08-24 19:17:56,noise
6392334677082,6395082508928,T234,16.5,Cara Rossi,2025-08-24 03:30:24,noise
6392334677082,6394555912795,T355,55.2,Cara Rossi,2025-08-23 12:08:20,noise
6392334677082,6397588030313,T355,9.6,Cara Rossi,2025-08-23 22:28:24,noise
6392334677082,6392463613153,T234,25.9,Cara Rossi,2025-08-23 21:29:20,noise
6392334677082,6391937903040,T234,6.1,Cara Rossi,2025-08-22 18:28:11,noise
6392334677082,6392835511896,T234,20.2,Cara Rossi,2025-08-21 18:15:43,noise
6392334677082,6394841742270,T234,16.5,Cara Rossi,2025-08-21 22:27:52,noise
6392334677082,6394841742270,T355,26.5,Cara Rossi,2025-08-21 23:05:30,noise
6392334677082,6396859651169,T355,9.8,Cara Rossi,2025-08-20 10:11:28,noise
6392334677082,6397588030313,T234,49.6,Cara Rossi,2025-08-20 16:15:10,noise
6392334677082,6391053669235,T234,17.9,Cara Rossi,2025-08-19 16:11:43,noise
6392334677082,6394841742270,T355,13.0,Cara Rossi,2025-08-19 02:23:52,noise
6392334677082,6398036705746,T355,17.4,Cara Rossi,2025-08-18 14:02:31,noise
6392334677082,6394841742270,T355,19.2,Cara Rossi,2025-08-18 17:25:18,noise
6392334677082,6394555912795,T355,7.4,Cara Rossi,2025-08-17 09:00:31,noise
6392334677082,6394841742270,T355,34.4,Cara Rossi,2025-08-17 09:20:13,noise
6392334677082,6395913076726,T355,5.1,Cara Rossi,2025-08-17 11:18:53,noise
6392334677082,6394555912795,T355,19.2,Cara Rossi,2025-08-16 09:07:09,noise
6392334677082,6395913076726,T355,13.4,Cara Rossi,2025-08-16 18:14:35,noise
6392334677082,6394841742270,T234,12.9,Cara Rossi,2025-08-15 05:07:00,noise
6392334677082,6394841742270,T234,10.3,Cara Rossi,2025-08-14 14:28:26,noise
6392334677082,6395913076726,T234,11.4,Cara Rossi,2025-08-14 19:05:10,noise
6392334677082,6395913076726,T355,14.8,Cara Rossi,2025-08-13 15:09:51,noise
6392334677082,6394555912795,T355,12.4,Cara Rossi,2025-08-13 17:00:19,noise
6392334677082,6394555912795,T355,9.8,Cara Rossi,2025-08-12 18:11:40,noise
6392334677082,6395913076726,T234,8.8,Cara Rossi,2025-08-12 04:17:27,noise
6392334677082,6394841742270,T355,3.8,Cara Rossi,2025-08-12 11:11:06,noise
6392334677082,6397274004764,T355,43.7,Cara Rossi,2025-08-11 11:26:12,noise
6392334677082,6394841742270,T355,7.0,Cara Rossi,2025-08-10 10:14:27,noise
6392334677082,6396181402712,T234,7.5,Cara Rossi,2025-08-09 11:10:30,noise
6392334677082,6394841742270,T234,17.6,Cara Rossi,2025-08-09 00:21:06,noise
6392334677082,6393493304331,T234,4.9,Cara Rossi,2025-08-08 17:30:19,noise
6392334677082,6395913076726,T355,29.4,Cara Rossi,2025-08-08 15:22:41,noise
6392334677082,6395913076726,T234,26.4,Cara Rossi,2025-08-07 13:03:51,noise
6392334677082,6395913076726,T234,13.3,Cara Rossi,2025-08-07 08:15:12,noise
6392334677082,6399617100710,T355,13.2,Cara Rossi,2025-08-06 14:12:07,noise
6392334677082,6396119144758,T234,22.3,Cara Rossi,2025-08-06 23:03:04,noise
6392334677082,6394841742270,T234,22.8,Cara Rossi,2025-08-06 12:30:51,noise
6392334677082,6394841742270,T355,7.8,Cara Rossi,2025-08-05 19:04:26,noise
6392334677082,6395913076726,T355,19.4,Cara Rossi,2025-08-04 17:27:09,noise
6392334677082,6398906791192,T355,8.1,Cara Rossi,2025-08-04 21:14:27,noise
6392334677082,6394555912795,T355,6.7,Cara Rossi,2025-08-04 20:13:47,noise
6399165981131,6394574621348,T289,8.9,Cara Jansen,2025-10-18 15:06:10,noise
6399165981131,6398732852032,T289,15.8,Cara Jansen,2025-10-18 17:19:47,noise
6399165981131,6395455137652,T289,41.0,Cara Jansen,2025-10-18 16:19:53,noise
6399165981131,6393723821869,T758,8.8,Cara Jansen,2025-10-17 19:00:08,noise
6399165981131,6397008615813,T758,11.7,Cara Jansen,2025-10-16 09:21:25,noise
6399165981131,6398732852032,T758,20.5,Cara Jansen,2025-10-16 16:28:18,noise
6399165981131,6398906791192,T289,23.5,Cara Jansen,2025-10-15 13:29:47,noise
6399165981131,6394574621348,T758,6.0,Cara Jansen,2025-10-15 11:17:45,noise
6399165981131,6398732852032,T289,17.1,Cara Jansen,2025-10-14 20:12:15,noise
6399165981131,6398906791192,T289,5.7,Cara Jansen,2025-10-14 05:18:26,noise
6399165981131,6397792731200,T758,19.1,Cara Jansen,2025-10-14 08:24:25,noise
6399165981131,6398732852032,T289,33.6,Cara Jansen,2025-10-13 20:04:00,noise
6399165981131,6398732852032,T758,14.1,Cara Jansen,2025-10-12 00:28:55,noise
6399165981131,6392795791102,T758,17.0,Cara Jansen,2025-10-12 17:29:00,noise
6399165981131,6398906791192,T289,18.2,Cara Jansen,2025-10-11 15:04:06,noise
6399165981131,6396033004999,T289,24.7,Cara Jansen,2025-10-11 17:30:07,noise
6399165981131,6397664580862,T758,13.5,Cara Jansen,2025-10-10 17:21:00,noise
6399165981131,6399076960112,T289,24.4,Cara Jansen,2025-10-10 15:05:32,noise
6399165981131,6394574621348,T758,14.2,Cara Jansen,2025-10-09 13:23:42,noise
6399165981131,6398906791192,T758,53.8,Cara Jansen,2025-10-09 18:00:26,noise
6399165981131,6396967557245,T289,13.7,Cara Jansen,2025-10-09 20:24:43,noise
6399165981131,6391621634803,T289,9.5,Cara Jansen,2025-10-08 08:23:26,noise
6399165981131,6398906791192,T758,45.9,Cara Jansen,2025-10-07 22:28:23,noise
6399165981131,6394574621348,T758,12.2,Cara Jansen,2025-10-07 23:09:06,noise
6399165981131,6391194839118,T758,7.4,Cara Jansen,2025-10-06 09:11:01,noise
6399165981131,6399165981131,T289,12.7,Cara Jansen,2025-10-06 13:28:04,noise
6399165981131,6398732852032,T289,13.6,Cara Jansen,2025-10-05 10:26:39,noise
6399165981131,6394574621348,T289,46.0,Cara Jansen,2025-10-04 08:06:00,noise
6399165981131,6397209902585,T758,9.9,Cara Jansen,2025-10-04 09:11:08,noise
6399165981131,6398906791192,T289,34.5,Cara Jansen,2025-10-03 09:17:08,noise
6399165981131,6395975932913,T289,79.6,Cara Jansen,2025-10-03 16:11:37,noise
6399165981131,6393859907578,T289,24.1,Cara Jansen,2025-10-03 15:13:10,noise
6399165981131,6394779148527,T289,32.1,Cara Jansen,2025-10-02 10:05:22,noise
6399165981131,6398732852032,T758,16.4,Cara Jansen,2025-10-02 16:13:38,noise
6399165981131,6398906791192,T758,3.7,Cara Jansen,2025-10-02 19:08:39,noise
6399165981131,6396859651169,T758,20.6,Cara Jansen,2025-10-01 15:07:56,noise
6399165981131,6393951377482,T289,14.8,Cara Jansen,2025-10-01 17:30:54,noise
6399165981131,6398732852032,T289,11.2,Cara Jansen,2025-09-30 19:02:26,noise
6399165981131,6397636641248,T758,7.3,Cara Jansen,2025-09-30 08:23:34,noise
6399165981131,6397197783416,T758,11.8,Cara Jansen,2025-09-29 11:24:46,noise
6399165981131,6398732852032,T289,25.6,Cara Jansen,2025-09-29 20:25:26,noise
6399165981131,6398036705746,T289,39.4,Cara Jansen,2025-09-28 17:19:45,noise
6399165981131,6391937903040,T289,24.5,Cara Jansen,2025-09-28 11:22:44,noise
6399165981131,6398732852032,T758,20.8,Cara Jansen,2025-09-27 08:21:00,noise
6399165981131,6398906791192,T758,8.3,Cara Jansen,2025-09-27 03:21:46,noise
6399165981131,6394574621348,T289,5.4,Cara Jansen,2025-09-26 09:30:04,noise
6399165981131,6398732852032,T289,21.3,Cara Jansen,2025-09-26 19:09:18,noise
6399165981131,6398732852032,T758,20.2,Cara Jansen,2025-09-25 22:01:45,noise
6399165981131,6398906791192,T289,36.6,Cara Jansen,2025-09-24 13:29:08,noise
6399165981131,6394574621348,T758,23.0,Cara Jansen,2025-09-23 18:10:22,noise
6399165981131,6396859651169,T289,19.1,Cara Jansen,2025-09-23 15:01:27,noise
6399165981131,6398906791192,T289,5.9,Cara Jansen,2025-09-23 19:27:22,noise
6399165981131,6394264279208,T289,31.5,Cara Jansen,2025-09-22 08:12:40,noise
6399165981131,6394574621348,T758,8.9,Cara Jansen,2025-09-21 02:29:37,noise
6399165981131,6398906791192,T289,12.4,Cara Jansen,2025-09-21 22:02:09,noise
6399165981131,6398906791192,T758,9.9,Cara Jansen,2025-09-21 19:14:07,noise
6399165981131,6393507307642,T758,18.0,Cara Jansen,2025-09-20 20:12:32,noise
6399165981131,6396033004999,T758,15.3,Cara Jansen,2025-09-20 08:13:26,noise
6399165981131,6396468854276,T758,2.9,Cara Jansen,2025-09-19 17:16:44,noise
6399165981131,6394574621348,T289,18.3,Cara Jansen,2025-09-19 10:01:27,noise
6399165981131,6391681212932,T758,4.4,Cara Jansen,2025-09-19 18:15:48,noise
6399165981131,6391937582998,T758,19.5,Cara Jansen,2025-09-18 16:26:48,noise
6399165981131,6398732852032,T758,23.6,Cara Jansen,2025-09-17 14:15:27,noise
6399165981131,6394574621348,T758,43.6,Cara Jansen,2025-09-17 14:24:00,noise
6399165981131,6398906791192,T758,71.7,Cara Jansen,2025-09-16 12:03:53,noise
6399165981131,6394574621348,T758,12.2,Cara Jansen,2025-09-16 11:02:56,noise
6399165981131,6394574621348,T289,20.7,Cara Jansen,2025-09-15 14:28:12,noise
6399165981131,6395082508928,T289,8.0,Cara Jansen,2025-09-15 11:02:23,noise
6399165981131,6391611816266,T758,33.9,Cara Jansen,2025-09-15 17:25:22,noise
6399165981131,6396978132661,T758,29.2,Cara Jansen,2025-09-14 14:28:00,noise
6399165981131,6398906791192,T758,8.9,Cara Jansen,2025-09-14 10:02:38,noise
6399165981131,6394264279208,T289,33.1,Cara Jansen,2025-09-13 21:20:26,noise
6399165981131,6398732852032,T289,7.7,Cara Jansen,2025-09-13 21:29:13,noise
6399165981131,6397906422409,T758,18.3,Cara Jansen,2025-09-12 16:10:17,noise
6399165981131,6398732852032,T758,37.3,Cara Jansen,2025-09-12 03:04:43,noise
6399165981131,6398906791192,T758,19.7,Cara Jansen,2025-09-12 19:24:29,noise
6399165981131,6394272648738,T758,3.5,Cara Jansen,2025-09-11 21:27:24,noise
6399165981131,6398732852032,T289,25.8,Cara Jansen,2025-09-11 12:07:48,noise
6399165981131,6396441529079,T289,8.7,Cara Jansen,2025-09-10 09:08:58,noise
6399165981131,6397636641248,T758,15.3,Cara Jansen,2025-09-09 16:10:10,noise
6399165981131,6398732852032,T758,3.4,Cara Jansen,2025-09-09 16:08:13,noise
6399165981131,6398906791192,T289,9.6,Cara Jansen,2025-09-08 15:24:09,noise
6399165981131,6391657761801,T758,9.1,Cara Jansen,2025-09-07 18:01:05,noise
6399165981131,6398732852032,T758,23.4,Cara Jansen,2025-09-07 20:26:50,noise
6399165981131,6397844655371,T758,7.7,Cara Jansen,2025-09-06 11:26:44,noise
6399165981131,6398732852032,T289,13.1,Cara Jansen,2025-09-05 15:28:40,noise
6399165981131,6394574621348,T758,25.8,Cara Jansen,2025-09-05 18:22:29,noise
6399165981131,6395778639223,T289,20.6,Cara Jansen,2025-09-04 02:19:01,noise
6399165981131,6394574621348,T758,13.4,Cara Jansen,2025-09-04 13:07:50,noise
6399165981131,6398391305137,T758,15.0,Cara Jansen,2025-09-03 21:18:43,noise
6399165981131,6391937903040,T758,6.9,Cara Jansen,2025-09-03 21:04:37,noise
6399165981131,6393723821869,T758,14.3,Cara Jansen,2025-09-02 11:23:54,noise
6399165981131,6395082508928,T289,185.0,Cara Jansen,2025-09-01 09:17:34,noise
6399165981131,6394574621348,T758,19.3,Cara Jansen,2025-09-01 20:00:14,noise
6399165981131,6393794997179,T758,23.6,Cara Jansen,2025-08-31 09:23:47,noise
6399165981131,6396468854276,T758,15.0,Cara Jansen,2025-08-30 09:22:29,noise
6399165981131,6394574621348,T758,27.8,Cara Jansen,2025-08-29 13:17:08,noise
6399165981131,6395978599202,T289,37.3,Cara Jansen,2025-08-28 12:27:09,noise
6399165981131,6394574621348,T289,43.5,Cara Jansen,2025-08-28 17:06:16,noise
6399165981131,6394264279208,T289,37.2,Cara Jansen,2025-08-28 13:23:04,noise
6399165981131,6396607099917,T758,30.8,Cara Jansen,2025-08-27 14:25:04,noise
6399165981131,6398906791192,T289,9.3,Cara Jansen,2025-08-27 14:30:29,noise
6399165981131,6398906791192,T758,18.1,Cara Jansen,2025-08-26 23:15:04,noise
6399165981131,6398732852032,T758,24.8,Cara Jansen,2025-08-26 14:18:54,noise
6399165981131,6394574621348,T758,36.8,Cara Jansen,2025-08-25 19:21:51,noise
6399165981131,6394574621348,T758,21.0,Cara Jansen,2025-08-24 15:22:27,noise
6399165981131,6394574621348,T289,39.3,Cara Jansen,2025-08-24 10:29:55,noise
6399165981131,6394574621348,T758,11.1,Cara Jansen,2025-08-23 17:25:01,noise
6399165981131,6394882630315,T758,20.9,Cara Jansen,2025-08-23 13:19:45,noise
6399165981131,6398906791192,T289,8.6,Cara Jansen,2025-08-22 19:07:58,noise
6399165981131,6395363927709,T758,3.9,Cara Jansen,2025-08-22 04:19:27,noise
6399165981131,6394574621348,T758,23.9,Cara Jansen,2025-08-22 20:16:37,noise
6399165981131,6391621634803,T758,20.3,Cara Jansen,2025-08-21 08:18:19,noise
6399165981131,6398036705746,T758,7.5,Cara Jansen,2025-08-21 19:09:04,noise
6399165981131,6394574621348,T758,14.3,Cara Jansen,2025-08-20 08:17:16,noise
6399165981131,6391937582998,T758,59.1,Cara Jansen,2025-08-20 01:03:18,noise
6399165981131,6396927514387,T758,35.6,Cara Jansen,2025-08-20 22:14:38,noise
6399165981131,6398732852032,T289,37.0,Cara Jansen,2025-08-19 11:15:09,noise
6399165981131,6394574621348,T289,5.7,Cara Jansen,2025-08-19 11:18:53,noise
6399165981131,6398906791192,T289,2.9,Cara Jansen,2025-08-18 08:09:11,noise
6399165981131,6398906791192,T289,23.2,Cara Jansen,2025-08-18 19:19:09,noise
6399165981131,6398732852032,T758,8.2,Cara Jansen,2025-08-17 13:04:32,noise
6399165981131,6397792731200,T758,15.2,Cara Jansen,2025-08-17 14:26:54,noise
6399165981131,6394574621348,T289,19.0,Cara Jansen,2025-08-17 11:29:40,noise
6399165981131,6398732852032,T289,17.9,Cara Jansen,2025-08-16 02:15:22,noise
6399165981131,6398906791192,T758,22.6,Cara Jansen,2025-08-16 18:06:21,noise
6399165981131,6398732852032,T289,24.0,Cara Jansen,2025-08-16 17:24:17,noise
6399165981131,6398906791192,T289,12.5,Cara Jansen,2025-08-15 13:24:02,noise
6399165981131,6398732852032,T758,26.7,Cara Jansen,2025-08-15 14:30:05,noise
6399165981131,6394574621348,T758,9.2,Cara Jansen,2025-08-14 10:18:48,noise
6399165981131,6399856589429,T758,21.8,Cara Jansen,2025-08-13 16:19:19,noise
6399165981131,6392795791102,T289,24.5,Cara Jansen,2025-08-13 15:19:14,noise
6399165981131,6396859651169,T758,17.9,Cara Jansen,2025-08-13 12:10:34,noise
6399165981131,6391841771012,T758,9.5,Cara Jansen,2025-08-12 17:01:57,noise
6399165981131,6391657761801,T289,12.0,Cara Jansen,2025-08-12 12:29:56,noise
6399165981131,6396607099917,T289,12.1,Cara Jansen,2025-08-11 20:01:56,noise
6399165981131,6394574621348,T758,38.3,Cara Jansen,2025-08-11 19:11:53,noise
6399165981131,6391841771012,T758,13.8,Cara Jansen,2025-08-11 16:22:23,noise
6399165981131,6396927514387,T289,16.4,Cara Jansen,2025-08-10 19:14:21,noise
6399165981131,6394574621348,T758,4.4,Cara Jansen,2025-08-10 10:19:07,noise
6399165981131,6398732852032,T758,16.3,Cara Jansen,2025-08-09 16:00:28,noise
6399165981131,6394841742270,T758,7.7,Cara Jansen,2025-08-09 19:13:23,noise
6399165981131,6394574621348,T289,11.6,Cara Jansen,2025-08-09 03:15:07,noise
6399165981131,6398732852032,T758,17.3,Cara Jansen,2025-08-08 01:18:34,noise
6399165981131,6397235532708,T758,34.5,Cara Jansen,2025-08-08 03:14:21,noise
6399165981131,6398732852032,T758,13.3,Cara Jansen,2025-08-07 15:29:28,noise
6399165981131,6391194839118,T289,7.6,Cara Jansen,2025-08-07 03:12:34,noise
6399165981131,6398906791192,T758,28.3,Cara Jansen,2025-08-06 11:07:53,noise
6399165981131,6398906791192,T758,12.2,Cara Jansen,2025-08-06 17:23:49,noise
6399165981131,6391657761801,T758,25.7,Cara Jansen,2025-08-06 16:08:35,noise
6399165981131,6398906791192,T758,20.8,Cara Jansen,2025-08-05 17:14:51,noise
6399165981131,6394574621348,T289,11.6,Cara Jansen,2025-08-05 11:29:50,noise
6399165981131,6396468854276,T758,4.1,Cara Jansen,2025-08-05 11:24:30,noise
6399165981131,6393951377482,T289,12.1,Cara Jansen,2025-08-04 10:06:39,noise
6399165981131,6398906791192,T289,16.6,Cara Jansen,2025-08-04 12:09:05,noise
6397664580862,6397906422409,T568,16.1,Jin Iqbal,2025-10-18 11:06:24,noise
6397664580862,6398761443795,T670,12.7,Jin Iqbal,2025-10-18 10:23:00,noise
6397664580862,6392523182756,T568,7.4,Jin Iqbal,2025-10-17 18:09:02,noise
6397664580862,6391681212932,T568,6.9,Jin Iqbal,2025-10-16 10:20:56,noise
6397664580862,6397209902585,T670,5.1,Jin Iqbal,2025-10-16 15:25:03,noise
6397664580862,6398906791192,T670,42.4,Jin Iqbal,2025-10-15 08:15:45,noise
6397664580862,6398036705746,T568,6.3,Jin Iqbal,2025-10-15 09:10:52,noise
6397664580862,6398906791192,T670,13.8,Jin Iqbal,2025-10-14 13:02:35,noise
6397664580862,6392523182756,T568,13.4,Jin Iqbal,2025-10-14 14:27:24,noise
6397664580862,6392523182756,T670,22.1,Jin Iqbal,2025-10-13 15:13:28,noise
6397664580862,6398906791192,T670,7.8,Jin Iqbal,2025-10-13 12:27:39,noise
6397664580862,6398036705746,T670,37.1,Jin Iqbal,2025-10-12 09:30:49,noise
6397664580862,6398906791192,T568,29.6,Jin Iqbal,2025-10-12 15:21:18,noise
6397664580862,6392523182756,T568,6.8,Jin Iqbal,2025-10-11 18:00:01,noise
6397664580862,6397235532708,T568,74.7,Jin Iqbal,2025-10-11 22:25:08,noise
6397664580862,6391053669235,T568,22.7,Jin Iqbal,2025-10-11 15:14:33,noise
6397664580862,6398906791192,T670,17.5,Jin Iqbal,2025-10-10 18:14:24,noise
6397664580862,6392523182756,T568,24.5,Jin Iqbal,2025-10-10 16:18:54,noise
6397664580862,6396859651169,T670,15.3,Jin Iqbal,2025-10-09 10:09:44,noise
6397664580862,6398906791192,T670,7.0,Jin Iqbal,2025-10-09 21:06:23,noise
6397664580862,6396927514387,T670,10.2,Jin Iqbal,2025-10-09 04:24:39,noise
6397664580862,6398036705746,T670,7.5,Jin Iqbal,2025-10-08 14:00:27,noise
6397664580862,6398906791192,T670,11.0,Jin Iqbal,2025-10-08 10:20:25,noise
6397664580862,6395122083064,T670,30.9,Jin Iqbal,2025-10-08 22:03:56,noise
6397664580862,6391085319364,T670,15.4,Jin Iqbal,2025-10-07 20:14:32,noise
6397664580862,6392523182756,T670,10.8,Jin Iqbal,2025-10-07 08:16:50,noise
6397664580862,6394779148527,T670,15.4,Jin Iqbal,2025-10-06 20:11:35,noise
6397664580862,6391841771012,T568,17.8,Jin Iqbal,2025-10-05 08:20:38,noise
6397664580862,6398036705746,T670,15.4,Jin Iqbal,2025-10-04 10:20:56,noise
6397664580862,6398906791192,T568,20.0,Jin Iqbal,2025-10-04 03:27:17,noise
6397664580862,6392523182756,T670,42.9,Jin Iqbal,2025-10-04 19:17:54,noise
6397664580862,6392523182756,T568,31.6,Jin Iqbal,2025-10-03 17:14:54,noise
6397664580862,6392523182756,T568,22.5,Jin Iqbal,2025-10-03 04:28:37,noise
6397664580862,6396892073434,T670,29.8,Jin Iqbal,2025-10-02 10:04:59,noise
6397664580862,6396681820773,T670,4.5,Jin Iqbal,2025-10-02 14:25:35,noise
6397664580862,6398036705746,T568,23.8,Jin Iqbal,2025-10-02 16:00:43,noise
6397664580862,6396631526248,T670,8.4,Jin Iqbal,2025-10-01 19:30:29,noise
6397664580862,6392523182756,T670,39.9,Jin Iqbal,2025-10-01 16:26:22,noise
6397664580862,6398036705746,T670,8.1,Jin Iqbal,2025-09-30 12:03:49,noise
6397664580862,6391621634803,T670,12.1,Jin Iqbal,2025-09-30 17:05:29,noise
6397664580862,6392523182756,T568,87.4,Jin Iqbal,2025-09-29 03:19:39,noise
6397664580862,6393975769123,T568,7.9,Jin Iqbal,2025-09-28 19:20:41,noise
6397664580862,6396607099917,T670,35.8,Jin Iqbal,2025-09-28 20:06:50,noise
6397664580862,6398036705746,T670,10.8,Jin Iqbal,2025-09-27 15:12:09,noise
6397664580862,6393975769123,T568,9.0,Jin Iqbal,2025-09-27 18:27:59,noise
6397664580862,6398036705746,T568,22.8,Jin Iqbal,2025-09-26 19:09:52,noise
6397664580862,6398906791192,T670,37.6,Jin Iqbal,2025-09-26 20:12:46,noise
6397664580862,6398036705746,T670,31.9,Jin Iqbal,2025-09-25 16:07:44,noise
6397664580862,6398906791192,T568,15.1,Jin Iqbal,2025-09-24 11:29:48,noise
6397664580862,6398036705746,T670,12.7,Jin Iqbal,2025-09-24 23:04:07,noise
6397664580862,6398906791192,T568,6.8,Jin Iqbal,2025-09-23 19:13:33,noise
6397664580862,6392295700924,T670,9.3,Jin Iqbal,2025-09-23 15:01:04,noise
6397664580862,6398036705746,T670,22.4,Jin Iqbal,2025-09-22 21:18:37,noise
6397664580862,6397008615813,T568,35.2,Jin Iqbal,2025-09-22 17:02:26,noise
6397664580862,6398036705746,T670,50.1,Jin Iqbal,2025-09-21 17:20:33,noise
6397664580862,6398906791192,T568,5.4,Jin Iqbal,2025-09-21 18:28:37,noise
6397664580862,6398906791192,T670,13.8,Jin Iqbal,2025-09-21 12:28:25,noise
6397664580862,6398036705746,T670,8.3,Jin Iqbal,2025-09-20 10:30:24,noise
6397664580862,6398036705746,T670,19.4,Jin Iqbal,2025-09-20 18:23:07,noise
6397664580862,6397274004764,T568,24.2,Jin Iqbal,2025-09-19 08:02:57,noise
6397664580862,6392523182756,T568,23.2,Jin Iqbal,2025-09-18 22:29:45,noise
6397664580862,6398036705746,T670,25.3,Jin Iqbal,2025-09-18 09:22:28,noise
6397664580862,6392779062252,T568,53.1,Jin Iqbal,2025-09-18 15:08:18,noise
6397664580862,6398036705746,T568,24.7,Jin Iqbal,2025-09-17 12:19:57,noise
6397664580862,6398906791192,T568,24.5,Jin Iqbal,2025-09-17 11:24:40,noise
6397664580862,6394779148527,T568,3.5,Jin Iqbal,2025-09-16 08:10:41,noise
6397664580862,6397588030313,T670,10.7,Jin Iqbal,2025-09-16 14:21:58,noise
6397664580862,6396967557245,T670,11.0,Jin Iqbal,2025-09-15 19:08:48,noise
6397664580862,6392523182756,T670,19.8,Jin Iqbal,2025-09-14 23:00:47,noise
6397664580862,6398036705746,T670,9.1,Jin Iqbal,2025-09-14 13:09:47,noise
6397664580862,6398491189169,T670,28.7,Jin Iqbal,2025-09-13 19:19:12,noise
6397664580862,6398036705746,T568,43.2,Jin Iqbal,2025-09-12 08:06:52,noise
6397664580862,6399617100710,T670,29.5,Jin Iqbal,2025-09-12 18:27:57,noise
6397664580862,6391085319364,T670,24.2,Jin Iqbal,2025-09-11 10:24:06,noise
6397664580862,6398036705746,T670,9.8,Jin Iqbal,2025-09-10 10:29:36,noise
6397664580862,6392835511896,T670,16.7,Jin Iqbal,2025-09-10 19:09:28,noise
6397664580862,6398036705746,T670,8.3,Jin Iqbal,2025-09-09 13:01:35,noise
6397664580862,6398036705746,T670,16.4,Jin Iqbal,2025-09-08 19:04:58,noise
6397664580862,6398445554732,T670,7.1,Jin Iqbal,2025-09-08 13:04:10,noise
6397664580862,6398906791192,T568,9.8,Jin Iqbal,2025-09-07 18:10:45,noise
6397664580862,6398036705746,T568,14.3,Jin Iqbal,2025-09-07 15:29:04,noise
6397664580862,6397906422409,T670,8.7,Jin Iqbal,2025-09-06 18:30:52,noise
6397664580862,6398906791192,T670,16.6,Jin Iqbal,2025-09-06 12:26:01,noise
6397664580862,6395255503056,T568,23.5,Jin Iqbal,2025-09-05 13:25:14,noise
6397664580862,6392523182756,T568,18.9,Jin Iqbal,2025-09-05 01:03:41,noise
6397664580862,6396518798247,T670,29.6,Jin Iqbal,2025-09-04 17:19:43,noise
6397664580862,6391937582998,T568,21.5,Jin Iqbal,2025-09-03 12:05:25,noise
6397664580862,6398036705746,T568,7.9,Jin Iqbal,2025-09-03 13:27:19,noise
6397664580862,6398732852032,T670,6.8,Jin Iqbal,2025-09-03 23:10:32,noise
6397664580862,6398906791192,T670,20.3,Jin Iqbal,2025-09-02 10:14:36,noise
6397664580862,6393603835968,T568,16.3,Jin Iqbal,2025-09-02 15:00:11,noise
6397664580862,6398906791192,T568,22.7,Jin Iqbal,2025-09-01 22:14:00,noise
6397664580862,6395778639223,T568,21.7,Jin Iqbal,2025-09-01 09:09:55,noise
6397664580862,6397316055758,T670,5.7,Jin Iqbal,2025-09-01 22:22:24,noise
6397664580862,6396607099917,T568,19.5,Jin Iqbal,2025-08-31 11:04:33,noise
6397664580862,6392523182756,T670,6.9,Jin Iqbal,2025-08-31 18:08:01,noise
6397664580862,6394555912795,T670,53.4,Jin Iqbal,2025-08-30 20:28:28,noise
6397664580862,6398036705746,T670,12.7,Jin Iqbal,2025-08-30 10:13:59,noise
6397664580862,6392523182756,T670,8.0,Jin Iqbal,2025-08-29 16:05:36,noise
6397664580862,6392523182756,T670,3.7,Jin Iqbal,2025-08-29 12:09:29,noise
6397664580862,6392523182756,T670,16.6,Jin Iqbal,2025-08-28 12:19:26,noise
6397664580862,6398906791192,T670,15.6,Jin Iqbal,2025-08-28 00:11:30,noise
6397664580862,6394048553499,T670,26.7,Jin Iqbal,2025-08-27 08:27:43,noise
6397664580862,6392523182756,T568,17.8,Jin Iqbal,2025-08-27 20:11:11,noise
6397664580862,6398906791192,T568,7.1,Jin Iqbal,2025-08-26 15:05:02,noise
6397664580862,6398036705746,T670,39.0,Jin Iqbal,2025-08-26 13:22:55,noise
6397664580862,6392523182756,T568,22.6,Jin Iqbal,2025-08-26 21:06:05,noise
6397664580862,6395656527999,T568,41.4,Jin Iqbal,2025-08-25 08:00:28,noise
6397664580862,6398036705746,T670,9.6,Jin Iqbal,2025-08-25 22:13:31,noise
6397664580862,6392523182756,T670,20.7,Jin Iqbal,2025-08-24 15:04:44,noise
6397664580862,6391621634803,T670,6.1,Jin Iqbal,2025-08-24 15:12:41,noise
6397664580862,6398036705746,T670,19.7,Jin Iqbal,2025-08-23 08:13:11,noise
6397664580862,6392523182756,T568,7.8,Jin Iqbal,2025-08-22 00:00:08,noise
6397664580862,6396743661793,T568,10.7,Jin Iqbal,2025-08-22 09:18:16,noise
6397664580862,6392523182756,T670,88.4,Jin Iqbal,2025-08-22 17:08:13,noise
6397664580862,6397274004764,T670,15.1,Jin Iqbal,2025-08-21 11:24:59,noise
6397664580862,6392523182756,T670,50.5,Jin Iqbal,2025-08-21 12:19:15,noise
6397664580862,6398906791192,T568,22.4,Jin Iqbal,2025-08-20 08:21:08,noise
6397664580862,6398036705746,T670,26.4,Jin Iqbal,2025-08-19 10:01:26,noise
6397664580862,6394048553499,T670,26.3,Jin Iqbal,2025-08-19 10:30:48,noise
6397664580862,6393045592855,T670,11.0,Jin Iqbal,2025-08-18 14:16:20,noise
6397664580862,6398036705746,T568,15.5,Jin Iqbal,2025-08-18 13:09:12,noise
6397664580862,6395082508928,T670,27.1,Jin Iqbal,2025-08-17 21:05:04,noise
6397664580862,6392523182756,T670,35.2,Jin Iqbal,2025-08-17 15:03:03,noise
6397664580862,6398036705746,T670,3.6,Jin Iqbal,2025-08-17 10:23:16,noise
6397664580862,6398906791192,T670,5.5,Jin Iqbal,2025-08-16 10:28:15,noise
6397664580862,6397008615813,T568,36.7,Jin Iqbal,2025-08-16 20:07:37,noise
6397664580862,6398906791192,T568,14.8,Jin Iqbal,2025-08-15 15:22:25,noise
6397664580862,6398906791192,T670,10.5,Jin Iqbal,2025-08-15 18:02:17,noise
6397664580862,6392523182756,T670,21.8,Jin Iqbal,2025-08-15 19:27:44,noise
6397664580862,6397792731200,T568,9.9,Jin Iqbal,2025-08-14 19:22:59,noise
6397664580862,6398036705746,T670,6.7,Jin Iqbal,2025-08-14 17:20:30,noise
6397664580862,6399496417009,T568,13.8,Jin Iqbal,2025-08-13 15:12:14,noise
6397664580862,6398445554732,T670,9.4,Jin Iqbal,2025-08-13 09:28:32,noise
6397664580862,6398906791192,T670,47.1,Jin Iqbal,2025-08-12 19:26:45,noise
6397664580862,6398906791192,T670,7.8,Jin Iqbal,2025-08-12 22:00:01,noise
6397664580862,6392523182756,T670,18.3,Jin Iqbal,2025-08-11 14:30:31,noise
6397664580862,6398036705746,T568,16.3,Jin Iqbal,2025-08-11 11:09:41,noise
6397664580862,6392523182756,T568,5.3,Jin Iqbal,2025-08-10 15:03:30,noise
6397664580862,6398906791192,T670,29.0,Jin Iqbal,2025-08-10 02:14:10,noise
6397664580862,6399799920361,T670,10.8,Jin Iqbal,2025-08-09 10:06:10,noise
6397664580862,6397554224472,T568,36.6,Jin Iqbal,2025-08-09 08:03:49,noise
6397664580862,6398906791192,T568,16.7,Jin Iqbal,2025-08-08 10:26:19,noise
6397664580862,6398036705746,T670,31.7,Jin Iqbal,2025-08-08 13:16:47,noise
6397664580862,6398906791192,T568,70.4,Jin Iqbal,2025-08-08 12:13:28,noise
6397664580862,6392523182756,T568,20.4,Jin Iqbal,2025-08-07 14:02:56,noise
6397664580862,6398906791192,T568,8.4,Jin Iqbal,2025-08-06 11:13:38,noise
6397664580862,6396095128059,T670,22.3,Jin Iqbal,2025-08-06 03:23:36,noise
6397664580862,6393135045026,T670,32.1,Jin Iqbal,2025-08-05 08:14:14,noise
6397664580862,6394048553499,T670,6.0,Jin Iqbal,2025-08-05 13:07:49,noise
6397664580862,6399496417009,T670,6.2,Jin Iqbal,2025-08-04 18:02:07,noise
6397664580862,6392523182756,T670,64.9,Jin Iqbal,2025-08-04 18:16:44,noise
6392779062252,6399856589429,T812,18.7,Diego Rossi,2025-10-18 12:29:18,noise
6392779062252,6399856589429,T812,37.4,Diego Rossi,2025-10-18 14:00:08,noise
6392779062252,6399856589429,T812,19.5,Diego Rossi,2025-10-17 15:06:11,noise
6392779062252,6399856589429,T812,8.8,Diego Rossi,2025-10-17 11:09:26,noise
6392779062252,6398732852032,T139,18.9,Diego Rossi,2025-10-17 16:17:04,noise
6392779062252,6399076960112,T812,14.5,Diego Rossi,2025-10-16 16:01:08,noise
6392779062252,6398491189169,T812,10.4,Diego Rossi,2025-10-16 11:11:19,noise
6392779062252,6396693621506,T139,14.2,Diego Rossi,2025-10-15 14:12:02,noise
6392779062252,6396227547092,T139,6.6,Diego Rossi,2025-10-15 09:10:52,noise
6392779062252,6398732852032,T139,10.1,Diego Rossi,2025-10-14 21:18:43,noise
6392779062252,6398491189169,T139,20.9,Diego Rossi,2025-10-14 16:04:31,noise
6392779062252,6398491189169,T139,25.6,Diego Rossi,2025-10-13 02:19:28,noise
6392779062252,6399924544312,T139,73.5,Diego Rossi,2025-10-13 08:12:42,noise
6392779062252,6398732852032,T812,23.5,Diego Rossi,2025-10-12 23:02:30,noise
6392779062252,6398491189169,T139,14.9,Diego Rossi,2025-10-12 19:18:09,noise
6392779062252,6398491189169,T139,10.0,Diego Rossi,2025-10-12 17:27:42,noise
6392779062252,6398732852032,T139,17.4,Diego Rossi,2025-10-11 08:12:04,noise
6392779062252,6398445554732,T812,16.9,Diego Rossi,2025-10-11 16:24:41,noise
6392779062252,6392835511896,T139,19.1,Diego Rossi,2025-10-10 17:21:04,noise
6392779062252,6398732852032,T812,117.0,Diego Rossi,2025-10-10 21:06:33,noise
6392779062252,6399856589429,T139,8.3,Diego Rossi,2025-10-09 22:05:14,noise
6392779062252,6398491189169,T139,28.3,Diego Rossi,2025-10-09 02:30:37,noise
6392779062252,6398732852032,T139,46.1,Diego Rossi,2025-10-09 13:07:20,noise
6392779062252,6398732852032,T139,11.9,Diego Rossi,2025-10-08 17:18:22,noise
6392779062252,6399856589429,T139,6.3,Diego Rossi,2025-10-07 12:23:28,noise
6392779062252,6398491189169,T139,15.9,Diego Rossi,2025-10-07 09:15:54,noise
6392779062252,6398491189169,T139,6.0,Diego Rossi,2025-10-06 19:10:38,noise
6392779062252,6399856589429,T139,13.6,Diego Rossi,2025-10-06 22:00:35,noise
6392779062252,6399856589429,T139,24.1,Diego Rossi,2025-10-05 02:20:02,noise
6392779062252,6399856589429,T812,9.3,Diego Rossi,2025-10-05 13:06:56,noise
6392779062252,6398732852032,T812,26.7,Diego Rossi,2025-10-04 15:12:53,noise
6392779062252,6398732852032,T139,58.6,Diego Rossi,2025-10-04 16:21:26,noise
6392779062252,6399496417009,T139,8.2,Diego Rossi,2025-10-03 17:01:27,noise
6392779062252,6396227547092,T139,19.8,Diego Rossi,2025-10-03 21:21:11,noise
6392779062252,6395978599202,T139,7.9,Diego Rossi,2025-10-02 10:29:55,noise
6392779062252,6398732852032,T139,19.7,Diego Rossi,2025-10-01 12:14:38,noise
6392779062252,6396859651169,T139,41.1,Diego Rossi,2025-10-01 20:04:17,noise
6392779062252,6398906791192,T812,19.4,Diego Rossi,2025-09-30 20:21:19,noise
6392779062252,6399856589429,T812,44.6,Diego Rossi,2025-09-30 18:13:58,noise
6392779062252,6397197783416,T139,4.0,Diego Rossi,2025-09-29 15:01:55,noise
6392779062252,6398491189169,T139,12.6,Diego Rossi,2025-09-28 17:25:19,noise
6392779062252,6395726944755,T812,15.9,Diego Rossi,2025-09-27 13:30:38,noise
6392779062252,6399924544312,T812,12.2,Diego Rossi,2025-09-27 09:15:53,noise
6392779062252,6397636641248,T139,22.4,Diego Rossi,2025-09-27 18:21:20,noise
6392779062252,6393951377482,T812,17.5,Diego Rossi,2025-09-26 14:05:32,noise
6392779062252,6399856589429,T139,44.3,Diego Rossi,2025-09-26 13:19:11,noise
6392779062252,6398732852032,T812,5.2,Diego Rossi,2025-09-25 15:01:30,noise
6392779062252,6392724977358,T139,6.6,Diego Rossi,2025-09-24 19:04:45,noise
6392779062252,6398732852032,T812,12.7,Diego Rossi,2025-09-24 09:27:26,noise
6392779062252,6398732852032,T812,12.6,Diego Rossi,2025-09-24 18:25:14,noise
6392779062252,6399076960112,T812,3.1,Diego Rossi,2025-09-23 16:18:06,noise
6392779062252,6398491189169,T139,15.5,Diego Rossi,2025-09-22 13:17:30,noise
6392779062252,6394574621348,T812,14.4,Diego Rossi,2025-09-22 01:26:58,noise
6392779062252,6392059565366,T139,17.1,Diego Rossi,2025-09-22 19:27:58,noise
6392779062252,6398732852032,T812,29.1,Diego Rossi,2025-09-21 18:11:04,noise
6392779062252,6392334677082,T812,4.8,Diego Rossi,2025-09-21 16:06:40,noise
6392779062252,6398732852032,T812,18.9,Diego Rossi,2025-09-20 09:10:59,noise
6392779062252,6398732852032,T812,7.3,Diego Rossi,2025-09-20 08:12:39,noise
6392779062252,6396423658378,T139,14.3,Diego Rossi,2025-09-19 18:09:23,noise
6392779062252,6398491189169,T812,24.8,Diego Rossi,2025-09-19 15:19:09,noise
6392779062252,6396956928083,T139,39.2,Diego Rossi,2025-09-18 23:25:48,noise
6392779062252,6398491189169,T812,21.0,Diego Rossi,2025-09-18 00:26:04,noise
6392779062252,6396927514387,T139,22.9,Diego Rossi,2025-09-17 15:29:14,noise
6392779062252,6399521620276,T139,9.7,Diego Rossi,2025-09-17 08:26:48,noise
6392779062252,6399856589429,T812,10.9,Diego Rossi,2025-09-16 15:30:01,noise
6392779062252,6398491189169,T812,29.2,Diego Rossi,2025-09-16 20:27:11,noise
6392779062252,6392795791102,T139,54.7,Diego Rossi,2025-09-15 12:13:45,noise
6392779062252,6397792731200,T139,8.2,Diego Rossi,2025-09-15 14:01:48,noise
6392779062252,6398491189169,T812,15.4,Diego Rossi,2025-09-14 19:30:56,noise
6392779062252,6398491189169,T139,16.3,Diego Rossi,2025-09-14 18:15:32,noise
6392779062252,6398491189169,T812,19.8,Diego Rossi,2025-09-13 21:27:57,noise
6392779062252,6398732852032,T139,14.9,Diego Rossi,2025-09-13 09:24:30,noise
6392779062252,6399856589429,T812,25.3,Diego Rossi,2025-09-12 10:04:53,noise
6392779062252,6398732852032,T812,13.1,Diego Rossi,2025-09-12 14:17:23,noise
6392779062252,6398732852032,T139,12.8,Diego Rossi,2025-09-12 15:13:10,noise
6392779062252,6397008615813,T139,11.0,Diego Rossi,2025-09-11 14:01:25,noise
6392779062252,6398491189169,T139,20.7,Diego Rossi,2025-09-11 18:21:03,noise
6392779062252,6398491189169,T812,96.0,Diego Rossi,2025-09-10 09:07:34,noise
6392779062252,6391085319364,T139,49.9,Diego Rossi,2025-09-10 08:09:11,noise
6392779062252,6399856589429,T812,18.7,Diego Rossi,2025-09-09 12:19:16,noise
6392779062252,6397197783416,T812,19.4,Diego Rossi,2025-09-09 19:27:37,noise
6392779062252,6398732852032,T139,12.2,Diego Rossi,2025-09-09 21:06:37,noise
6392779062252,6394779148527,T139,24.2,Diego Rossi,2025-09-08 18:23:10,noise
6392779062252,6399856589429,T139,21.5,Diego Rossi,2025-09-08 20:28:12,noise
6392779062252,6399165981131,T139,14.0,Diego Rossi,2025-09-07 15:24:24,noise
6392779062252,6398491189169,T812,14.7,Diego Rossi,2025-09-07 09:13:44,noise
6392779062252,6399856589429,T139,34.6,Diego Rossi,2025-09-06 15:13:53,noise
6392779062252,6398732852032,T139,6.4,Diego Rossi,2025-09-06 23:06:18,noise
6392779062252,6398732852032,T812,10.4,Diego Rossi,2025-09-05 04:01:27,noise
6392779062252,6399856589429,T139,39.2,Diego Rossi,2025-09-05 11:11:36,noise
6392779062252,6398732852032,T812,11.6,Diego Rossi,2025-09-04 19:03:17,noise
6392779062252,6398732852032,T139,9.0,Diego Rossi,2025-09-04 04:12:14,noise
6392779062252,6398491189169,T139,35.6,Diego Rossi,2025-09-03 17:17:56,noise
6392779062252,6396423658378,T812,29.5,Diego Rossi,2025-09-03 18:25:41,noise
6392779062252,6398491189169,T139,26.8,Diego Rossi,2025-09-02 11:24:58,noise
6392779062252,6392463613153,T139,25.3,Diego Rossi,2025-09-02 09:26:54,noise
6392779062252,6398491189169,T139,16.0,Diego Rossi,2025-09-01 12:12:58,noise
6392779062252,6399856589429,T139,82.1,Diego Rossi,2025-09-01 15:01:22,noise
6392779062252,6399856589429,T139,29.2,Diego Rossi,2025-08-31 15:30:26,noise
6392779062252,6398732852032,T139,31.3,Diego Rossi,2025-08-31 15:10:08,noise
6392779062252,6398732852032,T139,17.2,Diego Rossi,2025-08-31 18:08:17,noise
6392779062252,6398732852032,T812,45.2,Diego Rossi,2025-08-30 21:15:00,noise
6392779062252,6398491189169,T139,14.6,Diego Rossi,2025-08-30 08:00:29,noise
6392779062252,6396693621506,T139,20.8,Diego Rossi,2025-08-29 18:05:26,noise
6392779062252,6399856589429,T139,20.9,Diego Rossi,2025-08-28 17:18:54,noise
6392779062252,6398491189169,T139,6.5,Diego Rossi,2025-08-28 12:30:10,noise
6392779062252,6398491189169,T812,16.7,Diego Rossi,2025-08-27 16:02:22,noise
6392779062252,6392334677082,T139,14.4,Diego Rossi,2025-08-27 09:30:42,noise
6392779062252,6398732852032,T139,26.0,Diego Rossi,2025-08-26 17:04:11,noise
6392779062252,6398732852032,T139,27.5,Diego Rossi,2025-08-26 12:23:02,noise
6392779062252,6397235532708,T139,10.9,Diego Rossi,2025-08-25 16:28:39,noise
6392779062252,6399856589429,T139,40.4,Diego Rossi,2025-08-25 16:00:48,noise
6392779062252,6398491189169,T139,7.7,Diego Rossi,2025-08-24 15:08:13,noise
6392779062252,6398732852032,T139,10.3,Diego Rossi,2025-08-24 08:14:03,noise
6392779062252,6398732852032,T139,10.3,Diego Rossi,2025-08-23 16:04:45,noise
6392779062252,6399856589429,T139,27.8,Diego Rossi,2025-08-22 17:00:44,noise
6392779062252,6391681212932,T812,38.4,Diego Rossi,2025-08-21 05:01:39,noise
6392779062252,6398491189169,T812,18.6,Diego Rossi,2025-08-21 14:04:21,noise
6392779062252,6391841771012,T139,14.2,Diego Rossi,2025-08-21 22:02:33,noise
6392779062252,6395913076726,T812,43.7,Diego Rossi,2025-08-20 18:13:05,noise
6392779062252,6394272648738,T139,17.8,Diego Rossi,2025-08-20 09:27:03,noise
6392779062252,6396227547092,T812,39.2,Diego Rossi,2025-08-20 13:20:42,noise
6392779062252,6398732852032,T139,42.6,Diego Rossi,2025-08-19 15:08:59,noise
6392779062252,6398491189169,T139,16.8,Diego Rossi,2025-08-19 15:13:38,noise
6392779062252,6393603835968,T139,15.9,Diego Rossi,2025-08-19 01:14:26,noise
6392779062252,6395978599202,T812,6.5,Diego Rossi,2025-08-18 11:04:29,noise
6392779062252,6392085020554,T139,15.9,Diego Rossi,2025-08-18 10:16:33,noise
6392779062252,6398491189169,T812,7.7,Diego Rossi,2025-08-17 17:16:41,noise
6392779062252,6396441529079,T139,8.3,Diego Rossi,2025-08-16 05:01:11,noise
6392779062252,6398732852032,T139,27.8,Diego Rossi,2025-08-16 14:19:49,noise
6392779062252,6399856589429,T812,17.6,Diego Rossi,2025-08-16 12:21:36,noise
6392779062252,6399856589429,T812,5.3,Diego Rossi,2025-08-15 15:04:10,noise
6392779062252,6399924544312,T139,26.9,Diego Rossi,2025-08-15 10:29:52,noise
6392779062252,6398491189169,T139,18.0,Diego Rossi,2025-08-15 13:14:24,noise
6392779062252,6399856589429,T812,8.2,Diego Rossi,2025-08-14 20:24:03,noise
6392779062252,6399856589429,T812,64.8,Diego Rossi,2025-08-14 11:17:34,noise
6392779062252,6399856589429,T139,11.1,Diego Rossi,2025-08-13 13:04:01,noise
6392779062252,6398732852032,T139,40.9,Diego Rossi,2025-08-12 12:02:31,noise
6392779062252,6399856589429,T812,10.3,Diego Rossi,2025-08-12 14:30:20,noise
6392779062252,6392795791102,T139,24.9,Diego Rossi,2025-08-11 18:15:13,noise
6392779062252,6398391305137,T812,13.3,Diego Rossi,2025-08-11 16:11:20,noise
6392779062252,6398491189169,T812,34.0,Diego Rossi,2025-08-10 09:03:23,noise
6392779062252,6397844655371,T139,18.5,Diego Rossi,2025-08-09 11:11:10,noise
6392779062252,6398732852032,T812,4.7,Diego Rossi,2025-08-09 23:28:05,noise
6392779062252,6398491189169,T139,119.3,Diego Rossi,2025-08-08 04:08:02,noise
6392779062252,6398491189169,T139,13.8,Diego Rossi,2025-08-08 01:07:59,noise
6392779062252,6398491189169,T139,9.5,Diego Rossi,2025-08-08 09:24:12,noise
6392779062252,6393723821869,T139,26.7,Diego Rossi,2025-08-07 22:00:54,noise
6392779062252,6398732852032,T812,23.1,Diego Rossi,2025-08-06 19:28:15,noise
6392779062252,6399856589429,T139,16.1,Diego Rossi,2025-08-06 13:03:29,noise
6392779062252,6399856589429,T139,27.9,Diego Rossi,2025-08-06 10:23:03,noise
6392779062252,6392885325965,T139,19.3,Diego Rossi,2025-08-05 19:29:18,noise
6392779062252,6397906422409,T139,25.6,Diego Rossi,2025-08-05 18:24:14,noise
6392779062252,6398906791192,T812,7.7,Diego Rossi,2025-08-04 08:00:20,noise
6392059565366,6393723821869,T522,14.8,Victor Gomes,2025-10-18 00:13:01,noise
6392059565366,6395255503056,T522,11.3,Victor Gomes,2025-10-18 12:11:52,noise
6392059565366,6391657761801,T222,16.1,Victor Gomes,2025-10-18 02:16:23,noise
6392059565366,6395255503056,T522,8.5,Victor Gomes,2025-10-17 16:16:44,noise
6392059565366,6399471209395,T522,7.1,Victor Gomes,2025-10-17 08:18:10,noise
6392059565366,6395122083064,T222,9.7,Victor Gomes,2025-10-16 13:29:11,noise
6392059565366,6397588030313,T222,16.3,Victor Gomes,2025-10-16 05:11:46,noise
6392059565366,6395255503056,T522,11.8,Victor Gomes,2025-10-15 13:20:40,noise
6392059565366,6395255503056,T222,14.5,Victor Gomes,2025-10-15 17:22:07,noise
6392059565366,6392052186148,T222,8.6,Victor Gomes,2025-10-14 16:26:21,noise
6392059565366,6399979024610,T222,7.3,Victor Gomes,2025-10-13 04:00:37,noise
6392059565366,6395255503056,T222,12.2,Victor Gomes,2025-10-12 14:11:12,noise
6392059565366,6395255503056,T222,21.5,Victor Gomes,2025-10-12 18:01:48,noise
6392059565366,6398391305137,T222,66.9,Victor Gomes,2025-10-11 14:16:53,noise
6392059565366,6393723821869,T222,14.3,Victor Gomes,2025-10-11 21:08:06,noise
6392059565366,6395255503056,T522,10.5,Victor Gomes,2025-10-10 09:25:35,noise
6392059565366,6395255503056,T522,29.8,Victor Gomes,2025-10-10 10:14:56,noise
6392059565366,6395255503056,T222,22.4,Victor Gomes,2025-10-09 11:11:01,noise
6392059565366,6396967557245,T522,14.1,Victor Gomes,2025-10-09 03:03:35,noise
6392059565366,6395255503056,T222,38.3,Victor Gomes,2025-10-08 16:05:52,noise
6392059565366,6395255503056,T522,15.5,Victor Gomes,2025-10-07 16:11:03,noise
6392059565366,6392052186148,T222,19.4,Victor Gomes,2025-10-07 14:01:32,noise
6392059565366,6397844655371,T522,36.0,Victor Gomes,2025-10-06 09:26:35,noise
6392059565366,6395255503056,T222,24.2,Victor Gomes,2025-10-05 04:10:09,noise
6392059565366,6395255503056,T522,15.1,Victor Gomes,2025-10-05 13:00:31,noise
6392059565366,6398761443795,T222,5.8,Victor Gomes,2025-10-05 10:18:24,noise
6392059565366,6398906791192,T522,16.2,Victor Gomes,2025-10-04 21:08:43,noise
6392059565366,6397197783416,T222,43.3,Victor Gomes,2025-10-04 19:19:55,noise
6392059565366,6392795791102,T222,29.9,Victor Gomes,2025-10-03 19:16:27,noise
6392059565366,6399799920361,T222,34.8,Victor Gomes,2025-10-03 16:10:19,noise
6392059565366,6396468854276,T522,23.2,Victor Gomes,2025-10-03 11:03:25,noise
6392059565366,6395255503056,T522,37.0,Victor Gomes,2025-10-02 19:10:37,noise
6392059565366,6395255503056,T522,10.2,Victor Gomes,2025-10-02 20:14:25,noise
6392059565366,6395255503056,T522,10.2,Victor Gomes,2025-10-01 14:23:28,noise
6392059565366,6393975769123,T222,14.5,Victor Gomes,2025-10-01 12:11:23,noise
6392059565366,6395255503056,T222,39.5,Victor Gomes,2025-10-01 08:04:39,noise
6392059565366,6395255503056,T222,19.7,Victor Gomes,2025-09-30 15:05:34,noise
6392059565366,6395255503056,T222,24.6,Victor Gomes,2025-09-30 13:27:06,noise
6392059565366,6395656527999,T222,45.5,Victor Gomes,2025-09-29 14:05:14,noise
6392059565366,6395255503056,T222,12.3,Victor Gomes,2025-09-28 18:02:38,noise
6392059565366,6393603835968,T222,22.1,Victor Gomes,2025-09-28 10:18:50,noise
6392059565366,6399799920361,T522,4.9,Victor Gomes,2025-09-28 09:23:40,noise
6392059565366,6391657761801,T222,14.6,Victor Gomes,2025-09-27 10:09:30,noise
6392059565366,6395255503056,T222,27.3,Victor Gomes,2025-09-27 20:07:57,noise
6392059565366,6395255503056,T222,67.1,Victor Gomes,2025-09-26 04:16:37,noise
6392059565366,6395122083064,T222,3.0,Victor Gomes,2025-09-25 23:28:29,noise
6392059565366,6395255503056,T222,37.0,Victor Gomes,2025-09-24 22:28:49,noise
6392059565366,6395255503056,T222,4.3,Victor Gomes,2025-09-24 13:15:18,noise
6392059565366,6397652242448,T522,12.6,Victor Gomes,2025-09-23 19:17:54,noise
6392059565366,6395255503056,T222,8.5,Victor Gomes,2025-09-22 09:04:21,noise
6392059565366,6395255503056,T222,18.9,Victor Gomes,2025-09-22 23:13:09,noise
6392059565366,6395255503056,T222,9.1,Victor Gomes,2025-09-21 08:27:01,noise
6392059565366,6395255503056,T222,9.3,Victor Gomes,2025-09-21 09:12:15,noise
6392059565366,6395255503056,T522,13.8,Victor Gomes,2025-09-20 18:17:47,noise
6392059565366,6394555912795,T222,14.6,Victor Gomes,2025-09-20 19:21:13,noise
6392059565366,6397235532708,T222,5.1,Victor Gomes,2025-09-19 15:15:32,noise
6392059565366,6397316055758,T222,28.1,Victor Gomes,2025-09-19 17:28:48,noise
6392059565366,6396468854276,T222,21.1,Victor Gomes,2025-09-18 16:22:54,noise
6392059565366,6391621634803,T222,9.5,Victor Gomes,2025-09-17 17:04:44,noise
6392059565366,6395255503056,T222,11.0,Victor Gomes,2025-09-17 18:27:38,noise
6392059565366,6396095128059,T522,19.2,Victor Gomes,2025-09-16 08:06:43,noise
6392059565366,6395255503056,T522,23.1,Victor Gomes,2025-09-15 01:26:04,noise
6392059565366,6395255503056,T222,12.1,Victor Gomes,2025-09-15 18:06:05,noise
6392059565366,6395255503056,T222,19.4,Victor Gomes,2025-09-14 08:04:30,noise
6392059565366,6397316055758,T222,16.0,Victor Gomes,2025-09-14 16:28:35,noise
6392059565366,6395255503056,T522,77.1,Victor Gomes,2025-09-14 15:00:59,noise
6392059565366,6394779148527,T222,22.3,Victor Gomes,2025-09-13 20:15:47,noise
6392059565366,6399617100710,T222,18.3,Victor Gomes,2025-09-13 03:06:49,noise
6392059565366,6395255503056,T522,17.8,Victor Gomes,2025-09-13 16:01:14,noise
6392059565366,6395255503056,T522,20.1,Victor Gomes,2025-09-12 16:21:18,noise
6392059565366,6397197783416,T522,23.5,Victor Gomes,2025-09-12 18:00:03,noise
6392059565366,6396681820773,T222,7.5,Victor Gomes,2025-09-11 23:25:27,noise
6392059565366,6393859907578,T522,6.5,Victor Gomes,2025-09-11 09:10:24,noise
6392059565366,6397316055758,T222,6.9,Victor Gomes,2025-09-10 17:09:51,noise
6392059565366,6395255503056,T522,16.6,Victor Gomes,2025-09-09 17:29:51,noise
6392059565366,6395255503056,T222,19.3,Victor Gomes,2025-09-08 09:12:52,noise
6392059565366,6394272648738,T522,6.5,Victor Gomes,2025-09-08 08:26:34,noise
6392059565366,6394048553499,T222,12.5,Victor Gomes,2025-09-07 13:06:35,noise
6392059565366,6395255503056,T522,8.3,Victor Gomes,2025-09-07 17:16:47,noise
6392059565366,6394574621348,T522,39.4,Victor Gomes,2025-09-06 17:20:50,noise
6392059565366,6396956928083,T222,7.9,Victor Gomes,2025-09-05 16:07:35,noise
6392059565366,6395255503056,T222,69.9,Victor Gomes,2025-09-05 12:06:04,noise
6392059565366,6395255503056,T222,17.8,Victor Gomes,2025-09-04 21:14:01,noise
6392059565366,6395255503056,T222,12.4,Victor Gomes,2025-09-04 08:14:45,noise
6392059565366,6395255503056,T222,15.0,Victor Gomes,2025-09-04 08:26:01,noise
6392059565366,6398445554732,T522,10.2,Victor Gomes,2025-09-03 19:13:17,noise
6392059565366,6395255503056,T222,18.8,Victor Gomes,2025-09-02 15:22:53,noise
6392059565366,6395255503056,T222,15.1,Victor Gomes,2025-09-02 20:18:56,noise
6392059565366,6397792731200,T222,18.1,Victor Gomes,2025-09-01 16:03:46,noise
6392059565366,6395255503056,T522,17.8,Victor Gomes,2025-08-31 09:30:42,noise
6392059565366,6395255503056,T522,27.0,Victor Gomes,2025-08-30 14:11:11,noise
6392059565366,6397274004764,T522,25.4,Victor Gomes,2025-08-30 14:21:56,noise
6392059565366,6397906422409,T522,17.2,Victor Gomes,2025-08-29 13:11:58,noise
6392059565366,6395255503056,T222,23.0,Victor Gomes,2025-08-28 01:10:14,noise
6392059565366,6397235532708,T522,45.9,Victor Gomes,2025-08-27 13:02:40,noise
6392059565366,6395255503056,T522,7.0,Victor Gomes,2025-08-26 14:00:31,noise
6392059565366,6393726218800,T522,13.0,Victor Gomes,2025-08-25 19:30:26,noise
6392059565366,6395255503056,T222,14.0,Victor Gomes,2025-08-25 10:12:26,noise
6392059565366,6395255503056,T222,20.4,Victor Gomes,2025-08-24 17:08:55,noise
6392059565366,6391841771012,T522,8.6,Victor Gomes,2025-08-24 08:11:11,noise
6392059565366,6395255503056,T222,7.1,Victor Gomes,2025-08-23 11:18:07,noise
6392059565366,6391937903040,T222,5.7,Victor Gomes,2025-08-22 11:20:19,noise
6392059565366,6395255503056,T222,45.1,Victor Gomes,2025-08-22 19:04:44,noise
6392059565366,6395255503056,T522,22.0,Victor Gomes,2025-08-22 16:16:00,noise
6392059565366,6395255503056,T222,21.3,Victor Gomes,2025-08-21 12:14:14,noise
6392059565366,6395255503056,T522,21.4,Victor Gomes,2025-08-21 18:22:06,noise
6392059565366,6395255503056,T522,11.6,Victor Gomes,2025-08-21 14:19:06,noise
6392059565366,6399496417009,T222,4.5,Victor Gomes,2025-08-20 14:03:42,noise
6392059565366,6395255503056,T222,13.6,Victor Gomes,2025-08-19 09:00:21,noise
6392059565366,6395913076726,T222,22.8,Victor Gomes,2025-08-19 11:02:28,noise
6392059565366,6395255503056,T522,15.9,Victor Gomes,2025-08-18 08:15:47,noise
6392059565366,6391575752536,T522,39.2,Victor Gomes,2025-08-17 16:24:47,noise
6392059565366,6394779148527,T222,11.7,Victor Gomes,2025-08-17 10:10:19,noise
6392059565366,6392085020554,T222,5.0,Victor Gomes,2025-08-16 14:28:34,noise
6392059565366,6395255503056,T522,18.4,Victor Gomes,2025-08-15 20:05:02,noise
6392059565366,6395255503056,T522,42.3,Victor Gomes,2025-08-15 10:05:05,noise
6392059565366,6395778639223,T222,10.6,Victor Gomes,2025-08-14 14:12:14,noise
6392059565366,6395255503056,T522,26.5,Victor Gomes,2025-08-14 17:01:32,noise
6392059565366,6396227547092,T222,43.5,Victor Gomes,2025-08-13 08:03:57,noise
6392059565366,6395255503056,T522,24.5,Victor Gomes,2025-08-12 20:26:42,noise
6392059565366,6395255503056,T522,9.5,Victor Gomes,2025-08-12 13:29:28,noise
6392059565366,6395255503056,T522,5.0,Victor Gomes,2025-08-11 13:29:45,noise
6392059565366,6395255503056,T522,9.1,Victor Gomes,2025-08-11 16:15:44,noise
6392059565366,6395255503056,T522,4.7,Victor Gomes,2025-08-11 12:29:22,noise
6392059565366,6395255503056,T522,49.2,Victor Gomes,2025-08-10 09:01:39,noise
6392059565366,6397364632100,T222,22.1,Victor Gomes,2025-08-10 09:06:28,noise
6392059565366,6396033004999,T222,23.4,Victor Gomes,2025-08-09 17:18:24,noise
6392059565366,6395255503056,T222,11.9,Victor Gomes,2025-08-08 20:29:45,noise
6392059565366,6395255503056,T222,17.1,Victor Gomes,2025-08-08 14:12:15,noise
6392059565366,6392724977358,T222,3.4,Victor Gomes,2025-08-07 17:30:36,noise
6392059565366,6395255503056,T222,14.8,Victor Gomes,2025-08-06 16:14:21,noise
6392059565366,6394272648738,T222,9.8,Victor Gomes,2025-08-05 03:17:10,noise
6392059565366,6395255503056,T522,11.1,Victor Gomes,2025-08-05 02:20:22,noise
6392059565366,6395255503056,T222,11.0,Victor Gomes,2025-08-04 15:08:25,noise
6392059565366,6397364632100,T222,120.2,Victor Gomes,2025-12-17 03:04:14,noise
6392059565366,6397364632100,T222,165.6,Victor Gomes,2025-12-22 02:26:29,noise
6392059565366,6397364632100,T222,129.2,Victor Gomes,2025-12-08 05:08:44,noise
6392059565366,6397364632100,T222,53.3,Victor Gomes,2025-12-27 23:09:38,noise
6392059565366,6397364632100,T222,134.2,Victor Gomes,2025-12-06 19:05:38,noise
6392059565366,6397364632100,T222,100.5,Victor Gomes,2025-12-08 21:04:45,noise
6393794997179,6398391305137,T331,5.4,Cara Vargas,2025-10-18 14:02:47,noise
6393794997179,6399799920361,T190,22.0,Cara Vargas,2025-10-18 19:30:48,noise
6393794997179,6398391305137,T331,23.6,Cara Vargas,2025-10-18 16:09:58,noise
6393794997179,6398391305137,T190,4.7,Cara Vargas,2025-10-17 17:08:42,noise
6393794997179,6399924544312,T331,28.4,Cara Vargas,2025-10-17 11:07:59,noise
6393794997179,6395975932913,T331,40.9,Cara Vargas,2025-10-16 17:25:15,noise
6393794997179,6395975932913,T331,74.5,Cara Vargas,2025-10-16 17:13:52,noise
6393794997179,6398391305137,T190,31.9,Cara Vargas,2025-10-15 15:20:43,noise
6393794997179,6397209902585,T190,51.5,Cara Vargas,2025-10-15 17:16:10,noise
6393794997179,6398391305137,T331,14.8,Cara Vargas,2025-10-14 11:01:49,noise
6393794997179,6393493304331,T331,6.8,Cara Vargas,2025-10-14 12:10:31,noise
6393794997179,6391937903040,T331,12.8,Cara Vargas,2025-10-13 18:09:45,noise
6393794997179,6398391305137,T331,39.6,Cara Vargas,2025-10-13 21:07:14,noise
6393794997179,6398391305137,T331,21.9,Cara Vargas,2025-10-12 18:10:44,noise
6393794997179,6398391305137,T331,28.8,Cara Vargas,2025-10-12 09:25:47,noise
6393794997179,6396681820773,T331,8.2,Cara Vargas,2025-10-11 16:15:46,noise
6393794997179,6398391305137,T331,23.2,Cara Vargas,2025-10-10 20:05:56,noise
6393794997179,6398391305137,T331,20.1,Cara Vargas,2025-10-10 22:23:37,noise
6393794997179,6398391305137,T190,49.1,Cara Vargas,2025-10-09 10:04:33,noise
6393794997179,6399165981131,T190,10.7,Cara Vargas,2025-10-09 10:13:24,noise
6393794997179,6396859651169,T331,15.7,Cara Vargas,2025-10-08 09:11:04,noise
6393794997179,6398391305137,T331,42.7,Cara Vargas,2025-10-07 21:16:09,noise
6393794997179,6398391305137,T331,34.0,Cara Vargas,2025-10-06 21:06:44,noise
6393794997179,6398391305137,T190,5.1,Cara Vargas,2025-10-06 10:18:34,noise
6393794997179,6399076960112,T331,5.7,Cara Vargas,2025-10-05 18:29:43,noise
6393794997179,6398391305137,T331,32.4,Cara Vargas,2025-10-04 10:26:13,noise
6393794997179,6394574621348,T190,13.6,Cara Vargas,2025-10-04 17:20:22,noise
6393794997179,6398391305137,T190,12.8,Cara Vargas,2025-10-03 03:26:23,noise
6393794997179,6398391305137,T190,16.8,Cara Vargas,2025-10-03 02:00:22,noise
6393794997179,6398391305137,T190,7.2,Cara Vargas,2025-10-03 18:13:24,noise
6393794997179,6397844655371,T331,11.9,Cara Vargas,2025-10-02 14:27:29,noise
6393794997179,6396441529079,T331,13.8,Cara Vargas,2025-10-02 09:02:33,noise
6393794997179,6398391305137,T331,13.5,Cara Vargas,2025-10-01 09:09:39,noise
6393794997179,6398391305137,T331,6.0,Cara Vargas,2025-10-01 22:09:43,noise
6393794997179,6398391305137,T331,11.1,Cara Vargas,2025-09-30 20:01:07,noise
6393794997179,6398391305137,T331,4.4,Cara Vargas,2025-09-29 22:15:36,noise
6393794997179,6398391305137,T331,22.2,Cara Vargas,2025-09-28 19:18:18,noise
6393794997179,6397844655371,T190,48.0,Cara Vargas,2025-09-28 00:07:56,noise
6393794997179,6393561104962,T190,10.3,Cara Vargas,2025-09-28 20:00:57,noise
6393794997179,6398391305137,T331,4.7,Cara Vargas,2025-09-27 13:29:56,noise
6393794997179,6398391305137,T331,23.8,Cara Vargas,2025-09-27 16:09:58,noise
6393794997179,6398391305137,T331,10.3,Cara Vargas,2025-09-27 14:22:49,noise
6393794997179,6398391305137,T331,4.4,Cara Vargas,2025-09-26 02:21:33,noise
6393794997179,6398391305137,T331,18.5,Cara Vargas,2025-09-25 20:20:14,noise
6393794997179,6392463613153,T331,16.1,Cara Vargas,2025-09-24 21:06:04,noise
6393794997179,6398391305137,T190,9.0,Cara Vargas,2025-09-24 11:06:29,noise
6393794997179,6397008615813,T331,13.3,Cara Vargas,2025-09-23 21:06:58,noise
6393794997179,6393045592855,T331,29.1,Cara Vargas,2025-09-23 22:30:51,noise
6393794997179,6394264279208,T331,9.8,Cara Vargas,2025-09-23 10:04:09,noise
6393794997179,6398391305137,T331,4.7,Cara Vargas,2025-09-22 16:26:10,noise
6393794997179,6398391305137,T190,33.3,Cara Vargas,2025-09-22 00:23:43,noise
6393794997179,6398391305137,T331,20.8,Cara Vargas,2025-09-21 13:11:40,noise
6393794997179,6398732852032,T190,10.6,Cara Vargas,2025-09-21 12:27:50,noise
6393794997179,6397008615813,T190,9.8,Cara Vargas,2025-09-20 15:18:47,noise
6393794997179,6396681820773,T331,14.7,Cara Vargas,2025-09-20 10:15:37,noise
6393794997179,6398391305137,T331,19.7,Cara Vargas,2025-09-19 01:11:25,noise
6393794997179,6398732852032,T331,15.9,Cara Vargas,2025-09-19 08:30:35,noise
6393794997179,6397209902585,T331,9.0,Cara Vargas,2025-09-18 18:16:59,noise
6393794997179,6398391305137,T331,9.3,Cara Vargas,2025-09-17 10:15:46,noise
6393794997179,6398391305137,T331,45.3,Cara Vargas,2025-09-17 23:29:25,noise
6393794997179,6398391305137,T331,10.9,Cara Vargas,2025-09-16 13:05:02,noise
6393794997179,6398391305137,T331,8.8,Cara Vargas,2025-09-15 11:13:44,noise
6393794997179,6398391305137,T331,43.5,Cara Vargas,2025-09-15 19:10:02,noise
6393794997179,6394048553499,T331,11.5,Cara Vargas,2025-09-14 08:27:27,noise
6393794997179,6398445554732,T331,10.7,Cara Vargas,2025-09-14 13:11:38,noise
6393794997179,6392835511896,T190,8.5,Cara Vargas,2025-09-13 19:25:18,noise
6393794997179,6398391305137,T190,22.6,Cara Vargas,2025-09-12 21:16:59,noise
6393794997179,6398391305137,T331,13.5,Cara Vargas,2025-09-12 20:22:31,noise
6393794997179,6399521620276,T190,12.7,Cara Vargas,2025-09-11 09:14:46,noise
6393794997179,6396468854276,T190,7.0,Cara Vargas,2025-09-11 11:04:54,noise
6393794997179,6398391305137,T190,10.8,Cara Vargas,2025-09-11 13:30:11,noise
6393794997179,6397209902585,T331,7.5,Cara Vargas,2025-09-10 08:16:16,noise
6393794997179,6397906422409,T331,36.3,Cara Vargas,2025-09-09 18:01:37,noise
6393794997179,6398391305137,T331,42.2,Cara Vargas,2025-09-09 19:05:10,noise
6393794997179,6398391305137,T331,3.8,Cara Vargas,2025-09-08 09:20:04,noise
6393794997179,6398491189169,T190,8.7,Cara Vargas,2025-09-08 09:17:07,noise
6393794997179,6398391305137,T331,13.7,Cara Vargas,2025-09-07 23:05:55,noise
6393794997179,6396468854276,T331,15.4,Cara Vargas,2025-09-07 08:17:43,noise
6393794997179,6397664580862,T190,13.4,Cara Vargas,2025-09-06 18:24:32,noise
6393794997179,6393603835968,T190,8.9,Cara Vargas,2025-09-06 15:29:32,noise
6393794997179,6398391305137,T190,23.9,Cara Vargas,2025-09-05 10:07:42,noise
6393794997179,6393723821869,T331,23.4,Cara Vargas,2025-09-05 10:27:19,noise
6393794997179,6398391305137,T331,5.3,Cara Vargas,2025-09-05 20:09:35,noise
6393794997179,6398391305137,T190,29.3,Cara Vargas,2025-09-04 03:08:21,noise
6393794997179,6398391305137,T331,31.2,Cara Vargas,2025-09-04 17:08:38,noise
6393794997179,6394555912795,T331,23.9,Cara Vargas,2025-09-03 12:01:52,noise
6393794997179,6398391305137,T331,65.5,Cara Vargas,2025-09-03 17:08:13,noise
6393794997179,6398391305137,T190,15.7,Cara Vargas,2025-09-02 09:30:46,noise
6393794997179,6397636641248,T190,22.1,Cara Vargas,2025-09-02 11:04:27,noise
6393794997179,6399165981131,T190,23.0,Cara Vargas,2025-09-01 15:29:21,noise
6393794997179,6398391305137,T331,24.3,Cara Vargas,2025-09-01 21:11:15,noise
6393794997179,6398391305137,T331,25.0,Cara Vargas,2025-08-31 13:00:20,noise
6393794997179,6398391305137,T331,14.0,Cara Vargas,2025-08-30 11:17:00,noise
6393794997179,6396743661793,T331,29.5,Cara Vargas,2025-08-30 08:07:21,noise
6393794997179,6398391305137,T190,15.8,Cara Vargas,2025-08-29 21:08:52,noise
6393794997179,6398391305137,T331,15.9,Cara Vargas,2025-08-29 19:11:19,noise
6393794997179,6398391305137,T331,32.3,Cara Vargas,2025-08-29 18:30:10,noise
6393794997179,6398391305137,T331,53.9,Cara Vargas,2025-08-28 19:02:42,noise
6393794997179,6397636641248,T190,36.8,Cara Vargas,2025-08-28 18:00:23,noise
6393794997179,6398391305137,T331,18.2,Cara Vargas,2025-08-28 10:10:28,noise
6393794997179,6399856589429,T190,19.4,Cara Vargas,2025-08-27 16:23:40,noise
6393794997179,6398391305137,T190,21.0,Cara Vargas,2025-08-27 08:13:55,noise
6393794997179,6392724977358,T331,21.8,Cara Vargas,2025-08-26 23:06:51,noise
6393794997179,6398391305137,T190,10.1,Cara Vargas,2025-08-26 15:21:10,noise
6393794997179,6399979024610,T331,5.3,Cara Vargas,2025-08-26 17:29:53,noise
6393794997179,6398391305137,T190,26.1,Cara Vargas,2025-08-25 17:17:15,noise
6393794997179,6396095128059,T190,39.6,Cara Vargas,2025-08-24 12:18:33,noise
6393794997179,6396859651169,T331,16.2,Cara Vargas,2025-08-24 08:19:18,noise
6393794997179,6398391305137,T331,5.9,Cara Vargas,2025-08-23 12:26:53,noise
6393794997179,6398391305137,T331,12.2,Cara Vargas,2025-08-22 10:27:13,noise
6393794997179,6398391305137,T331,7.6,Cara Vargas,2025-08-22 11:08:32,noise
6393794997179,6398391305137,T331,7.6,Cara Vargas,2025-08-22 14:03:09,noise
6393794997179,6399259551176,T190,5.5,Cara Vargas,2025-08-21 09:15:32,noise
6393794997179,6397906422409,T190,32.8,Cara Vargas,2025-08-21 09:08:45,noise
6393794997179,6398391305137,T331,12.9,Cara Vargas,2025-08-20 18:27:14,noise
6393794997179,6398391305137,T331,29.5,Cara Vargas,2025-08-20 14:10:45,noise
6393794997179,6396892073434,T331,4.7,Cara Vargas,2025-08-19 20:27:10,noise
6393794997179,6398391305137,T331,12.4,Cara Vargas,2025-08-18 14:23:34,noise
6393794997179,6398391305137,T331,15.8,Cara Vargas,2025-08-18 17:07:21,noise
6393794997179,6398391305137,T331,17.1,Cara Vargas,2025-08-17 17:07:12,noise
6393794997179,6398391305137,T190,19.1,Cara Vargas,2025-08-16 16:15:17,noise
6393794997179,6398391305137,T331,16.8,Cara Vargas,2025-08-16 00:13:36,noise
6393794997179,6398391305137,T331,33.0,Cara Vargas,2025-08-16 08:21:42,noise
6393794997179,6395122083064,T331,7.1,Cara Vargas,2025-08-15 01:05:33,noise
6393794997179,6398391305137,T331,6.9,Cara Vargas,2025-08-15 08:07:58,noise
6393794997179,6398391305137,T331,12.2,Cara Vargas,2025-08-14 17:14:17,noise
6393794997179,6398391305137,T331,12.1,Cara Vargas,2025-08-14 18:07:39,noise
6393794997179,6394264279208,T190,40.4,Cara Vargas,2025-08-13 08:15:30,noise
6393794997179,6398391305137,T331,12.1,Cara Vargas,2025-08-13 21:13:51,noise
6393794997179,6395913076726,T331,10.8,Cara Vargas,2025-08-12 11:05:17,noise
6393794997179,6398391305137,T190,11.8,Cara Vargas,2025-08-11 12:06:02,noise
6393794997179,6392835511896,T331,18.8,Cara Vargas,2025-08-11 17:15:14,noise
6393794997179,6395975932913,T331,14.6,Cara Vargas,2025-08-10 20:00:23,noise
6393794997179,6396181402712,T190,15.1,Cara Vargas,2025-08-10 19:00:02,noise
6393794997179,6392724977358,T331,12.1,Cara Vargas,2025-08-10 11:13:03,noise
6393794997179,6398391305137,T331,12.1,Cara Vargas,2025-08-09 11:00:42,noise
6393794997179,6398391305137,T190,7.3,Cara Vargas,2025-08-09 02:13:26,noise
6393794997179,6398391305137,T190,28.4,Cara Vargas,2025-08-09 23:21:12,noise
6393794997179,6393726218800,T331,30.4,Cara Vargas,2025-08-08 20:18:41,noise
6393794997179,6397792731200,T190,16.2,Cara Vargas,2025-08-07 09:16:31,noise
6393794997179,6398391305137,T190,13.4,Cara Vargas,2025-08-07 11:01:10,noise
6393794997179,6397008615813,T190,16.4,Cara Vargas,2025-08-06 16:01:16,noise
6393794997179,6396859651169,T331,25.3,Cara Vargas,2025-08-06 14:17:47,noise
6393794997179,6398391305137,T331,3.9,Cara Vargas,2025-08-05 22:19:01,noise
6393794997179,6397316055758,T331,20.7,Cara Vargas,2025-08-04 11:03:37,noise
6393794997179,6393723821869,T331,54.6,Cara Vargas,2025-08-04 20:29:04,noise
6393794997179,6398391305137,T331,45.4,Cara Vargas,2025-08-04 11:10:28,noise
6393794997179,6393726218800,T331,174.9,Cara Vargas,2025-12-14 00:08:39,noise
6393794997179,6393726218800,T331,104.9,Cara Vargas,2025-11-30 03:10:28,noise
6393794997179,6393726218800,T331,74.0,Cara Vargas,2025-12-16 04:24:33,noise
6393794997179,6393726218800,T331,126.1,Cara Vargas,2025-12-03 07:14:33,noise
6393794997179,6393726218800,T331,47.4,Cara Vargas,2025-12-12 15:30:28,noise
6393794997179,6393726218800,T331,121.5,Cara Vargas,2025-12-11 05:26:24,noise
6396119144758,6396743661793,T667,13.5,Xin Novak,2025-10-18 12:07:48,noise
6396119144758,6399617100710,T667,37.0,Xin Novak,2025-10-18 08:13:13,noise
6396119144758,6396743661793,T667,19.6,Xin Novak,2025-10-18 19:13:09,noise
6396119144758,6393723821869,T763,17.8,Xin Novak,2025-10-17 14:20:32,noise
6396119144758,6396743661793,T667,10.2,Xin Novak,2025-10-16 13:21:49,noise
6396119144758,6396743661793,T763,81.7,Xin Novak,2025-10-16 09:19:34,noise
6396119144758,6396743661793,T667,8.3,Xin Novak,2025-10-15 23:04:18,noise
6396119144758,6396743661793,T667,5.5,Xin Novak,2025-10-14 15:18:59,noise
6396119144758,6397554224472,T667,10.5,Xin Novak,2025-10-14 04:06:11,noise
6396119144758,6391657761801,T763,18.9,Xin Novak,2025-10-13 23:05:28,noise
6396119144758,6396743661793,T763,33.2,Xin Novak,2025-10-13 13:24:03,noise
6396119144758,6396743661793,T667,13.3,Xin Novak,2025-10-12 13:17:07,noise
6396119144758,6396743661793,T763,15.9,Xin Novak,2025-10-11 21:20:50,noise
6396119144758,6396743661793,T667,12.1,Xin Novak,2025-10-11 11:04:44,noise
6396119144758,6392724977358,T763,15.2,Xin Novak,2025-10-10 16:06:32,noise
6396119144758,6396743661793,T667,20.6,Xin Novak,2025-10-10 16:04:44,noise
6396119144758,6396743661793,T667,3.9,Xin Novak,2025-10-09 19:04:45,noise
6396119144758,6397554224472,T763,22.5,Xin Novak,2025-10-08 02:01:02,noise
6396119144758,6396743661793,T763,21.7,Xin Novak,2025-10-08 08:29:43,noise
6396119144758,6396743661793,T763,17.8,Xin Novak,2025-10-08 16:01:50,noise
6396119144758,6396743661793,T667,18.5,Xin Novak,2025-10-07 18:21:44,noise
6396119144758,6396743661793,T667,8.3,Xin Novak,2025-10-07 21:20:19,noise
6396119144758,6396743661793,T667,10.0,Xin Novak,2025-10-07 12:20:15,noise
6396119144758,6396743661793,T667,8.4,Xin Novak,2025-10-06 15:00:44,noise
6396119144758,6396743661793,T763,3.7,Xin Novak,2025-10-06 12:15:08,noise
6396119144758,6397209902585,T763,14.4,Xin Novak,2025-10-06 17:08:04,noise
6396119144758,6399471209395,T763,17.5,Xin Novak,2025-10-05 09:13:11,noise
6396119144758,6396743661793,T763,3.7,Xin Novak,2025-10-05 14:26:10,noise
6396119144758,6396743661793,T763,24.0,Xin Novak,2025-10-04 21:22:04,noise
6396119144758,6396743661793,T667,8.8,Xin Novak,2025-10-04 15:16:21,noise
6396119144758,6393603835968,T667,49.6,Xin Novak,2025-10-03 10:09:07,noise
6396119144758,6392334677082,T763,9.3,Xin Novak,2025-10-03 00:22:57,noise
6396119144758,6396743661793,T667,26.4,Xin Novak,2025-10-02 08:28:44,noise
6396119144758,6396743661793,T763,28.5,Xin Novak,2025-10-02 23:10:15,noise
6396119144758,6394272648738,T667,7.9,Xin Novak,2025-10-01 19:05:10,noise
6396119144758,6396743661793,T667,13.3,Xin Novak,2025-10-01 14:08:33,noise
6396119144758,6396743661793,T667,8.3,Xin Novak,2025-10-01 09:09:04,noise
6396119144758,6396743661793,T763,9.3,Xin Novak,2025-09-30 20:18:35,noise
6396119144758,6394264279208,T667,23.7,Xin Novak,2025-09-30 19:26:40,noise
6396119144758,6396743661793,T667,18.9,Xin Novak,2025-09-29 17:21:54,noise
6396119144758,6397652242448,T667,16.8,Xin Novak,2025-09-29 05:22:45,noise
6396119144758,6396743661793,T763,14.5,Xin Novak,2025-09-29 11:19:37,noise
6396119144758,6398491189169,T763,14.8,Xin Novak,2025-09-28 19:07:36,noise
6396119144758,6396743661793,T763,15.5,Xin Novak,2025-09-28 01:17:15,noise
6396119144758,6396743661793,T667,30.7,Xin Novak,2025-09-27 17:11:38,noise
6396119144758,6396743661793,T667,43.5,Xin Novak,2025-09-26 08:23:09,noise
6396119144758,6396743661793,T667,23.2,Xin Novak,2025-09-26 12:17:41,noise
6396119144758,6396978132661,T667,12.4,Xin Novak,2025-09-25 17:20:36,noise
6396119144758,6396743661793,T667,9.7,Xin Novak,2025-09-25 10:23:50,noise
6396119144758,6394264279208,T763,18.8,Xin Novak,2025-09-25 20:10:14,noise
6396119144758,6394779148527,T667,38.9,Xin Novak,2025-09-24 15:15:14,noise
6396119144758,6396743661793,T667,43.6,Xin Novak,2025-09-24 16:24:21,noise
6396119144758,6396743661793,T667,12.2,Xin Novak,2025-09-24 23:10:32,noise
6396119144758,6396743661793,T667,15.8,Xin Novak,2025-09-23 13:09:39,noise
6396119144758,6396743661793,T667,3.4,Xin Novak,2025-09-22 16:18:14,noise
6396119144758,6396978132661,T667,21.5,Xin Novak,2025-09-21 19:24:04,noise
6396119144758,6396743661793,T763,20.4,Xin Novak,2025-09-21 21:06:55,noise
6396119144758,6396743661793,T667,40.2,Xin Novak,2025-09-20 17:16:18,noise
6396119144758,6394882630315,T763,14.8,Xin Novak,2025-09-20 21:29:31,noise
6396119144758,6396743661793,T763,15.1,Xin Novak,2025-09-19 20:30:15,noise
6396119144758,6396743661793,T763,14.3,Xin Novak,2025-09-19 08:00:32,noise
6396119144758,6396743661793,T763,22.6,Xin Novak,2025-09-19 14:00:32,noise
6396119144758,6396967557245,T667,35.0,Xin Novak,2025-09-18 21:21:09,noise
6396119144758,6396743661793,T667,10.7,Xin Novak,2025-09-18 15:02:33,noise
6396119144758,6395255503056,T667,27.0,Xin Novak,2025-09-17 12:27:43,noise
6396119144758,6395656527999,T763,18.4,Xin Novak,2025-09-17 21:26:42,noise
6396119144758,6396468854276,T667,17.8,Xin Novak,2025-09-16 11:05:07,noise
6396119144758,6396743661793,T667,15.7,Xin Novak,2025-09-15 15:10:48,noise
6396119144758,6396743661793,T667,12.6,Xin Novak,2025-09-15 19:29:41,noise
6396119144758,6396743661793,T667,29.6,Xin Novak,2025-09-15 12:02:24,noise
6396119144758,6396743661793,T763,23.2,Xin Novak,2025-09-14 13:11:39,noise
6396119144758,6396743661793,T763,16.4,Xin Novak,2025-09-14 13:05:02,noise
6396119144758,6396743661793,T763,19.4,Xin Novak,2025-09-13 22:14:41,noise
6396119144758,6394264279208,T667,15.5,Xin Novak,2025-09-12 11:22:30,noise
6396119144758,6396743661793,T763,12.6,Xin Novak,2025-09-12 04:26:11,noise
6396119144758,6399924544312,T667,32.8,Xin Novak,2025-09-11 15:21:47,noise
6396119144758,6394779148527,T763,18.2,Xin Novak,2025-09-10 10:09:54,noise
6396119144758,6396743661793,T667,15.0,Xin Novak,2025-09-10 14:00:36,noise
6396119144758,6396743661793,T763,41.0,Xin Novak,2025-09-10 10:02:55,noise
6396119144758,6396743661793,T667,5.0,Xin Novak,2025-09-09 18:13:55,noise
6396119144758,6396743661793,T763,13.7,Xin Novak,2025-09-09 23:14:56,noise
6396119144758,6397652242448,T763,60.2,Xin Novak,2025-09-09 17:03:20,noise
6396119144758,6396743661793,T763,26.7,Xin Novak,2025-09-08 20:30:03,noise
6396119144758,6396693621506,T667,16.0,Xin Novak,2025-09-08 20:02:45,noise
6396119144758,6396743661793,T667,27.3,Xin Novak,2025-09-07 15:30:38,noise
6396119144758,6393135045026,T667,7.4,Xin Novak,2025-09-07 19:11:51,noise
6396119144758,6396743661793,T763,60.7,Xin Novak,2025-09-06 13:23:01,noise
6396119144758,6396743661793,T667,9.6,Xin Novak,2025-09-06 13:25:45,noise
6396119144758,6396743661793,T763,21.3,Xin Novak,2025-09-05 16:01:40,noise
6396119144758,6396743661793,T667,9.4,Xin Novak,2025-09-05 14:26:33,noise
6396119144758,6396743661793,T667,6.9,Xin Novak,2025-09-04 05:18:52,noise
6396119144758,6396743661793,T763,29.9,Xin Novak,2025-09-04 08:28:42,noise
6396119144758,6396743661793,T763,11.3,Xin Novak,2025-09-03 20:03:13,noise
6396119144758,6396967557245,T763,23.3,Xin Novak,2025-09-03 15:25:56,noise
6396119144758,6396743661793,T667,4.3,Xin Novak,2025-09-02 09:22:09,noise
6396119144758,6396743661793,T667,14.3,Xin Novak,2025-09-02 05:22:11,noise
6396119144758,6396743661793,T667,11.7,Xin Novak,2025-09-01 15:20:34,noise
6396119144758,6396743661793,T763,11.0,Xin Novak,2025-09-01 14:27:59,noise
6396119144758,6391575752536,T667,9.0,Xin Novak,2025-08-31 10:07:33,noise
6396119144758,6396743661793,T667,8.5,Xin Novak,2025-08-31 12:05:38,noise
6396119144758,6391841771012,T763,4.1,Xin Novak,2025-08-31 09:22:42,noise
6396119144758,6399165981131,T763,8.0,Xin Novak,2025-08-30 09:05:29,noise
6396119144758,6392052186148,T667,18.3,Xin Novak,2025-08-30 14:16:41,noise
6396119144758,6395975932913,T667,8.7,Xin Novak,2025-08-30 12:25:00,noise
6396119144758,6391841771012,T763,31.2,Xin Novak,2025-08-29 15:00:48,noise
6396119144758,6393561104962,T667,13.4,Xin Novak,2025-08-28 12:10:33,noise
6396119144758,6397588030313,T667,6.4,Xin Novak,2025-08-28 18:12:54,noise
6396119144758,6396927514387,T763,20.5,Xin Novak,2025-08-27 22:19:19,noise
6396119144758,6392724977358,T763,12.9,Xin Novak,2025-08-26 17:18:21,noise
6396119144758,6396743661793,T667,10.7,Xin Novak,2025-08-26 14:18:11,noise
6396119144758,6399165981131,T667,29.9,Xin Novak,2025-08-25 14:01:54,noise
6396119144758,6396743661793,T667,5.7,Xin Novak,2025-08-25 19:26:10,noise
6396119144758,6392724977358,T667,29.8,Xin Novak,2025-08-24 20:04:08,noise
6396119144758,6396743661793,T667,7.9,Xin Novak,2025-08-24 12:09:27,noise
6396119144758,6397209902585,T667,40.9,Xin Novak,2025-08-23 17:27:35,noise
6396119144758,6391757381529,T667,15.9,Xin Novak,2025-08-22 03:10:42,noise
6396119144758,6397209902585,T667,13.1,Xin Novak,2025-08-22 20:14:28,noise
6396119144758,6396743661793,T667,47.9,Xin Novak,2025-08-21 11:25:06,noise
6396119144758,6397316055758,T667,18.9,Xin Novak,2025-08-21 18:24:19,noise
6396119144758,6396743661793,T763,25.2,Xin Novak,2025-08-20 19:07:49,noise
6396119144758,6395255503056,T667,3.0,Xin Novak,2025-08-19 15:06:48,noise
6396119144758,6397844655371,T763,17.6,Xin Novak,2025-08-19 16:27:49,noise
6396119144758,6396743661793,T763,40.2,Xin Novak,2025-08-18 17:07:08,noise
6396119144758,6396743661793,T667,21.2,Xin Novak,2025-08-17 14:26:37,noise
6396119144758,6396743661793,T763,60.6,Xin Novak,2025-08-17 15:16:57,noise
6396119144758,6396743661793,T667,32.1,Xin Novak,2025-08-16 12:00:58,noise
6396119144758,6396743661793,T763,8.5,Xin Novak,2025-08-16 08:10:26,noise
6396119144758,6392463613153,T667,59.4,Xin Novak,2025-08-16 12:17:02,noise
6396119144758,6396743661793,T667,11.7,Xin Novak,2025-08-15 20:08:26,noise
6396119144758,6396743661793,T667,32.6,Xin Novak,2025-08-14 13:29:52,noise
6396119144758,6396743661793,T667,35.0,Xin Novak,2025-08-14 23:03:38,noise
6396119144758,6396743661793,T667,21.3,Xin Novak,2025-08-13 14:24:04,noise
6396119144758,6394048553499,T667,15.4,Xin Novak,2025-08-13 20:29:22,noise
6396119144758,6391279393246,T763,8.4,Xin Novak,2025-08-12 14:03:38,noise
6396119144758,6396892073434,T667,33.2,Xin Novak,2025-08-12 17:07:42,noise
6396119144758,6392795791102,T667,84.6,Xin Novak,2025-08-11 10:23:58,noise
6396119144758,6396743661793,T667,6.7,Xin Novak,2025-08-10 16:09:44,noise
6396119144758,6396743661793,T667,8.5,Xin Novak,2025-08-10 20:10:30,noise
6396119144758,6394779148527,T667,16.5,Xin Novak,2025-08-10 17:04:43,noise
6396119144758,6399496417009,T763,8.0,Xin Novak,2025-08-09 23:25:44,noise
6396119144758,6396743661793,T667,37.2,Xin Novak,2025-08-09 22:09:37,noise
6396119144758,6391841771012,T667,41.5,Xin Novak,2025-08-09 08:29:33,noise
6396119144758,6395255503056,T667,8.2,Xin Novak,2025-08-08 17:28:30,noise
6396119144758,6396743661793,T763,3.5,Xin Novak,2025-08-07 16:04:34,noise
6396119144758,6396743661793,T667,8.9,Xin Novak,2025-08-07 17:22:54,noise
6396119144758,6393493304331,T667,35.7,Xin Novak,2025-08-07 11:10:19,noise
6396119144758,6396743661793,T667,25.6,Xin Novak,2025-08-06 16:05:12,noise
6396119144758,6396743661793,T667,12.2,Xin Novak,2025-08-06 00:14:52,noise
6396119144758,6396743661793,T667,8.2,Xin Novak,2025-08-05 14:13:43,noise
6396119144758,6396743661793,T667,18.1,Xin Novak,2025-08-04 11:07:40,noise
6396119144758,6396743661793,T667,7.3,Xin Novak,2025-08-04 11:04:17,noise
6396119144758,6396181402712,T667,37.9,Xin Novak,2025-12-27 06:23:59,noise
6396119144758,6396181402712,T667,128.4,Xin Novak,2025-12-30 12:24:36,noise
6396119144758,6396181402712,T667,31.4,Xin Novak,2025-12-17 03:21:09,noise
6396119144758,6396181402712,T667,98.7,Xin Novak,2025-12-08 10:06:41,noise
6396119144758,6396181402712,T667,121.4,Xin Novak,2025-11-27 09:00:53,noise
6396119144758,6396181402712,T667,99.2,Xin Novak,2025-12-29 03:27:51,noise
6396631526248,6391621634803,T298,109.0,Kai Gomes,2025-12-14 20:22:14,noise
6396631526248,6398761443795,T298,163.9,Kai Gomes,2025-12-27 15:24:10,noise
6396631526248,6399259551176,T298,263.2,Kai Gomes,2025-12-28 14:19:34,noise
6396631526248,6396095128059,T298,31.4,Kai Gomes,2025-11-26 13:13:37,noise
6396631526248,6397664580862,T298,35.6,Kai Gomes,2025-11-20 16:28:44,noise
6396631526248,6396423658378,T298,29.0,Kai Gomes,2025-12-08 08:01:32,noise
6396631526248,6396693621506,T298,195.8,Kai Gomes,2025-12-05 09:10:11,noise
6396631526248,6399856589429,T298,44.7,Kai Gomes,2025-11-28 12:03:55,noise
6396631526248,6395656527999,T298,269.6,Kai Gomes,2025-12-09 08:26:56,noise
6393723821869,6396468854276,T793,58.1,Raj Novak,2025-12-20 08:08:15,noise
6393723821869,6396518798247,T793,157.7,Raj Novak,2025-12-24 11:25:30,noise
6393723821869,6396181402712,T793,279.2,Raj Novak,2025-11-18 15:29:11,noise
6393723821869,6397197783416,T793,144.9,Raj Novak,2025-12-23 09:10:41,noise
6393723821869,6391053669235,T793,130.6,Raj Novak,2025-12-07 19:03:49,noise
6393723821869,6392334677082,T793,57.5,Raj Novak,2025-12-19 13:30:48,noise
6393723821869,6391194839118,T793,251.6,Raj Novak,2025-12-12 02:10:57,noise
6393723821869,6396468854276,T793,207.5,Raj Novak,2025-12-14 18:05:07,noise
6396693621506,6396743661793,T590,166.2,Mara Vargas,2025-11-20 10:12:17,noise
6396693621506,6399076960112,T590,121.1,Mara Vargas,2025-12-12 11:01:35,noise
6396693621506,6399471209395,T590,81.2,Mara Vargas,2025-11-18 10:26:02,noise
6396693621506,6396978132661,T590,118.9,Mara Vargas,2025-12-12 16:08:15,noise
6396693621506,6397274004764,T590,255.3,Mara Vargas,2025-12-26 11:29:43,noise
6396693621506,6391937903040,T590,156.8,Mara Vargas,2025-11-30 03:29:32,noise
6396693621506,6394882630315,T590,130.1,Mara Vargas,2025-11-18 14:15:11,noise
6396693621506,6399856589429,T590,64.8,Mara Vargas,2025-12-18 17:17:55,noise
6396693621506,6398906791192,T590,162.4,Mara Vargas,2025-12-01 11:22:52,noise
