txn_type,amount,recipient_account,branch_code,account_name,account_no,timestamp,batch_id
debit,2984.24,,BRANCH15,Cara Rossi,ACCT6692462,2025-10-02 20:00:09,noise
debit,500.84,ACCT7279224,BRANCH61,Cara Rossi,ACCT6692462,2025-10-02 10:06:22,noise
credit,561.61,,BRANCH61,Cara Rossi,ACCT6692462,2025-09-30 02:13:37,noise
credit,397.73,ACCT4824583,BRANCH61,Cara Rossi,ACCT6692462,2025-09-30 20:38:39,noise
credit,616.89,ACCT6628906,BRANCH87,Cara Rossi,ACCT6692462,2025-09-29 09:34:10,noise
credit,254.52,,BRANCH61,Cara Rossi,ACCT6692462,2025-09-26 15:28:31,noise
debit,968.87,,BRANCH61,Cara Rossi,ACCT6692462,2025-09-26 04:44:09,noise
debit,565.6,,BRANCH61,Cara Rossi,ACCT6692462,2025-09-24 20:08:09,noise
debit,1114.31,ACCT1553210,BRANCH47,Cara Rossi,ACCT6692462,2025-09-24 21:03:13,noise
credit,514.27,,BRANCH73,Cara Rossi,ACCT6692462,2025-09-23 18:27:53,noise
credit,1103.59,,BRANCH61,Cara Rossi,ACCT6692462,2025-09-22 18:10:02,noise
debit,428.14,ACCT1285496,BRANCH61,Cara Rossi,ACCT6692462,2025-09-22 14:00:39,noise
credit,725.87,ACCT1219509,BRANCH61,Cara Rossi,ACCT6692462,2025-09-21 10:12:27,noise
credit,1448.37,,BRANCH61,Cara Rossi,ACCT6692462,2025-09-21 21:31:59,noise
debit,831.82,,BRANCH61,Cara Rossi,ACCT6692462,2025-09-19 02:18:35,noise
debit,246.78,,BRANCH93,Cara Rossi,ACCT6692462,2025-09-19 15:22:13,noise
debit,1163.03,,BRANCH61,Cara Rossi,ACCT6692462,2025-09-16 21:40:11,noise
debit,43.5,,BRANCH61,Cara Rossi,ACCT6692462,2025-09-16 22:36:18,noise
debit,450.9,ACCT2866782,BRANCH61,Cara Rossi,ACCT6692462,2025-09-15 16:40:19,noise
debit,463.3,,BRANCH61,Cara Rossi,ACCT6692462,2025-09-15 11:29:12,noise
credit,639.05,ACCT6949031,BRANCH61,Cara Rossi,ACCT6692462,2025-09-13 23:16:55,noise
credit,1595.03,,BRANCH61,Cara Rossi,ACCT6692462,2025-09-11 14:25:18,noise
credit,111.15,,BRANCH61,Cara Rossi,ACCT6692462,2025-09-10 14:09:47,noise
debit,660.5,ACCT7756718,BRANCH89,Cara Rossi,ACCT6692462,2025-09-09 19:32:33,noise
debit,376.52,ACCT8933205,BRANCH32,Cara Rossi,ACCT6692462,2025-09-09 14:10:01,noise
debit,1098.1,,BRANCH61,Cara Rossi,ACCT6692462,2025-09-08 12:34:16,noise
debit,137.17,,BRANCH86,Cara Rossi,ACCT6692462,2025-09-07 12:43:49,noise
debit,2905.23,ACCT9436186,BRANCH86,Cara Rossi,ACCT6692462,2025-09-06 05:38:52,noise
credit,569.91,,BRANCH33,Cara Rossi,ACCT6692462,2025-09-05 10:10:49,noise
credit,2341.24,ACCT3159661,BRANCH77,Cara Rossi,ACCT6692462,2025-09-03 20:03:03,noise
credit,618.69,ACCT1285496,BRANCH61,Cara Rossi,ACCT6692462,2025-09-02 19:01:30,noise
credit,636.89,,BRANCH61,Cara Rossi,ACCT6692462,2025-09-01 19:42:43,noise
credit,1960.46,,BRANCH61,Cara Rossi,ACCT6692462,2025-09-01 08:01:50,noise
debit,601.79,,BRANCH61,Cara Rossi,ACCT6692462,2025-08-28 12:15:49,noise
debit,2665.85,,BRANCH61,Cara Rossi,ACCT6692462,2025-08-26 02:22:30,noise
credit,636.84,ACCT6261945,BRANCH61,Cara Rossi,ACCT6692462,2025-08-26 19:04:49,noise
credit,1861.32,,BRANCH26,Cara Rossi,ACCT6692462,2025-08-25 20:31:06,noise
debit,443.01,,BRANCH61,Cara Rossi,ACCT6692462,2025-08-25 18:13:11,noise
credit,222.15,,BRANCH61,Cara Rossi,ACCT6692462,2025-08-24 17:04:42,noise
debit,2209.42,,BRANCH61,Cara Rossi,ACCT6692462,2025-08-22 11:06:47,noise
debit,459.73,,BRANCH61,Cara Rossi,ACCT6692462,2025-08-20 12:13:29,noise
credit,323.98,ACCT4915026,BRANCH61,Cara Rossi,ACCT6692462,2025-08-19 21:30:09,noise
credit,573.27,,BRANCH61,Cara Rossi,ACCT6692462,2025-08-18 01:26:05,noise
debit,453.19,ACCT1602495,BRANCH61,Cara Rossi,ACCT6692462,2025-08-14 14:09:07,noise
credit,1738.98,ACCT4012887,BRANCH61,Cara Rossi,ACCT6692462,2025-08-14 19:39:38,noise
debit,1276.99,,BRANCH61,Cara Rossi,ACCT6692462,2025-08-13 11:11:25,noise
debit,2540.66,,BRANCH61,Cara Rossi,ACCT6692462,2025-08-13 12:34:58,noise
debit,2039.2,,BRANCH61,Cara Rossi,ACCT6692462,2025-08-12 23:24:21,noise
credit,728.24,,BRANCH16,Cara Rossi,ACCT6692462,2025-08-12 18:06:27,noise
debit,235.18,ACCT2364189,BRANCH61,Cara Rossi,ACCT6692462,2025-08-10 18:30:27,noise
credit,848.1,,BRANCH61,Cara Rossi,ACCT6692462,2025-08-09 13:08:31,noise
credit,571.22,,BRANCH61,Cara Rossi,ACCT6692462,2025-08-09 11:42:23,noise
credit,1705.38,,BRANCH61,Cara Rossi,ACCT6692462,2025-08-07 10:44:44,noise
credit,564.92,,BRANCH61,Cara Rossi,ACCT6692462,2025-08-07 08:23:08,noise
credit,2130.33,ACCT6054742,BRANCH61,Cara Rossi,ACCT6692462,2025-08-05 17:07:17,noise
debit,668.21,,BRANCH29,Cara Rossi,ACCT6692462,2025-08-05 19:13:04,noise
credit,753.52,,BRANCH61,Cara Rossi,ACCT6692462,2025-08-04 21:03:18,noise
credit,641.63,,BRANCH61,Cara Rossi,ACCT6692462,2025-08-04 10:16:43,noise
debit,396.13,ACCT8555275,BRANCH53,Elena Carlos,ACCT1971092,2025-10-03 23:34:30,noise
debit,198.46,ACCT7953951,BRANCH35,Elena Carlos,ACCT1971092,2025-10-02 15:43:21,noise
debit,1472.65,,BRANCH30,Elena Carlos,ACCT1971092,2025-10-02 18:40:29,noise
debit,130.81,ACCT7151876,BRANCH53,Elena Carlos,ACCT1971092,2025-10-01 14:16:03,noise
debit,2099.55,,BRANCH53,Elena Carlos,ACCT1971092,2025-10-01 14:20:02,noise
debit,1251.93,,BRANCH53,Elena Carlos,ACCT1971092,2025-09-28 18:01:58,noise
credit,345.49,ACCT6144644,BRANCH53,Elena Carlos,ACCT1971092,2025-09-28 16:16:38,noise
debit,980.86,,BRANCH21,Elena Carlos,ACCT1971092,2025-09-27 11:16:10,noise
credit,384.61,ACCT9259450,BRANCH53,Elena Carlos,ACCT1971092,2025-09-26 10:43:22,noise
debit,627.19,,BRANCH53,Elena Carlos,ACCT1971092,2025-09-24 15:11:12,noise
debit,2094.43,,BRANCH53,Elena Carlos,ACCT1971092,2025-09-23 09:40:16,noise
debit,544.88,ACCT5989977,BRANCH53,Elena Carlos,ACCT1971092,2025-09-23 17:19:02,noise
debit,963.04,,BRANCH53,Elena Carlos,ACCT1971092,2025-09-22 14:24:01,noise
debit,471.19,,BRANCH53,Elena Carlos,ACCT1971092,2025-09-21 19:25:07,noise
credit,2451.52,ACCT5176874,BRANCH53,Elena Carlos,ACCT1971092,2025-09-21 16:11:03,noise
debit,4342.7,,BRANCH25,Elena Carlos,ACCT1971092,2025-09-20 14:25:45,noise
credit,363.31,,BRANCH72,Elena Carlos,ACCT1971092,2025-09-19 09:13:06,noise
debit,1504.12,ACCT9659712,BRANCH53,Elena Carlos,ACCT1971092,2025-09-18 22:40:52,noise
credit,218.73,ACCT5989977,BRANCH53,Elena Carlos,ACCT1971092,2025-09-17 17:13:14,noise
credit,151.79,,BRANCH35,Elena Carlos,ACCT1971092,2025-09-16 10:06:41,noise
credit,284.68,,BRANCH53,Elena Carlos,ACCT1971092,2025-09-16 13:17:02,noise
credit,596.66,,BRANCH53,Elena Carlos,ACCT1971092,2025-09-15 13:13:47,noise
credit,1101.65,ACCT8803035,BRANCH53,Elena Carlos,ACCT1971092,2025-09-15 17:45:04,noise
credit,604.43,,BRANCH53,Elena Carlos,ACCT1971092,2025-09-14 20:33:05,noise
credit,473.17,,BRANCH41,Elena Carlos,ACCT1971092,2025-09-12 09:00:56,noise
credit,759.23,,BRANCH53,Elena Carlos,ACCT1971092,2025-09-08 09:13:57,noise
credit,378.12,,BRANCH53,Elena Carlos,ACCT1971092,2025-09-08 03:01:22,noise
credit,2717.39,,BRANCH53,Elena Carlos,ACCT1971092,2025-09-07 18:45:54,noise
debit,202.49,,BRANCH53,Elena Carlos,ACCT1971092,2025-09-05 08:14:15,noise
credit,300.68,,BRANCH22,Elena Carlos,ACCT1971092,2025-09-05 22:13:53,noise
credit,970.44,,BRANCH53,Elena Carlos,ACCT1971092,2025-09-04 23:33:01,noise
debit,666.64,,BRANCH50,Elena Carlos,ACCT1971092,2025-09-03 12:19:20,noise
debit,1656.54,,BRANCH53,Elena Carlos,ACCT1971092,2025-09-03 14:07:13,noise
credit,1417.24,,BRANCH53,Elena Carlos,ACCT1971092,2025-08-31 18:18:15,noise
debit,940.81,,BRANCH20,Elena Carlos,ACCT1971092,2025-08-31 09:20:17,noise
credit,2376.25,,BRANCH25,Elena Carlos,ACCT1971092,2025-08-24 12:10:54,noise
credit,260.57,,BRANCH53,Elena Carlos,ACCT1971092,2025-08-24 23:34:35,noise
credit,2102.61,ACCT7481737,BRANCH53,Elena Carlos,ACCT1971092,2025-08-23 14:32:06,noise
credit,139.22,,BRANCH53,Elena Carlos,ACCT1971092,2025-08-20 13:13:59,noise
credit,375.47,ACCT5976562,BRANCH53,Elena Carlos,ACCT1971092,2025-08-20 19:10:52,noise
debit,468.13,,BRANCH53,Elena Carlos,ACCT1971092,2025-08-17 09:22:31,noise
debit,1520.09,,BRANCH53,Elena Carlos,ACCT1971092,2025-08-13 10:44:02,noise
debit,899.79,ACCT7513123,BRANCH53,Elena Carlos,ACCT1971092,2025-08-13 20:42:25,noise
debit,553.25,,BRANCH53,Elena Carlos,ACCT1971092,2025-08-12 02:13:27,noise
debit,670.37,,BRANCH53,Elena Carlos,ACCT1971092,2025-08-12 16:25:41,noise
debit,895.05,,BRANCH40,Elena Carlos,ACCT1971092,2025-08-11 22:00:55,noise
credit,4530.27,ACCT5309925,BRANCH56,Elena Carlos,ACCT1971092,2025-08-08 20:27:20,noise
credit,605.89,ACCT9436186,BRANCH53,Elena Carlos,ACCT1971092,2025-08-05 02:11:37,noise
debit,262.21,,BRANCH53,Elena Carlos,ACCT1971092,2025-08-04 20:27:10,noise
debit,1488.96,,BRANCH23,Elena Carlos,ACCT1971092,2025-08-04 18:30:43,noise
credit,300.19,,BRANCH26,Nia Mehta,ACCT8939826,2025-10-03 20:42:53,noise
debit,1164.11,,BRANCH14,Nia Mehta,ACCT8939826,2025-10-03 08:37:52,noise
credit,736.24,ACCT6144644,BRANCH14,Nia Mehta,ACCT8939826,2025-09-30 10:31:34,noise
credit,799.14,ACCT6437438,BRANCH25,Nia Mehta,ACCT8939826,2025-09-30 15:21:50,noise
debit,364.98,,BRANCH14,Nia Mehta,ACCT8939826,2025-09-29 13:23:06,noise
debit,139.86,,BRANCH14,Nia Mehta,ACCT8939826,2025-09-29 18:32:28,noise
credit,1144.9,,BRANCH14,Nia Mehta,ACCT8939826,2025-09-27 20:23:47,noise
debit,3658.75,,BRANCH14,Nia Mehta,ACCT8939826,2025-09-26 22:32:47,noise
credit,181.55,ACCT3865336,BRANCH14,Nia Mehta,ACCT8939826,2025-09-26 16:12:25,noise
debit,426.72,,BRANCH14,Nia Mehta,ACCT8939826,2025-09-25 14:08:06,noise
credit,369.65,,BRANCH14,Nia Mehta,ACCT8939826,2025-09-19 09:34:24,noise
credit,444.62,,BRANCH14,Nia Mehta,ACCT8939826,2025-09-18 19:12:27,noise
debit,298.34,ACCT5849652,BRANCH14,Nia Mehta,ACCT8939826,2025-09-16 23:36:46,noise
debit,575.51,ACCT3839640,BRANCH14,Nia Mehta,ACCT8939826,2025-09-15 14:08:34,noise
debit,3523.2,,BRANCH14,Nia Mehta,ACCT8939826,2025-09-14 00:26:02,noise
debit,1597.73,ACCT9259450,BRANCH11,Nia Mehta,ACCT8939826,2025-09-14 01:00:41,noise
credit,495.01,ACCT7279224,BRANCH25,Nia Mehta,ACCT8939826,2025-09-13 03:11:46,noise
credit,96.02,,BRANCH14,Nia Mehta,ACCT8939826,2025-09-13 04:12:42,noise
credit,364.81,,BRANCH14,Nia Mehta,ACCT8939826,2025-09-12 10:45:13,noise
debit,868.5,,BRANCH14,Nia Mehta,ACCT8939826,2025-09-12 14:18:40,noise
debit,738.76,ACCT5976562,BRANCH81,Nia Mehta,ACCT8939826,2025-09-10 08:33:46,noise
credit,2562.52,,BRANCH14,Nia Mehta,ACCT8939826,2025-09-08 21:27:04,noise
debit,368.64,,BRANCH14,Nia Mehta,ACCT8939826,2025-09-08 11:40:34,noise
debit,306.78,ACCT8803035,BRANCH14,Nia Mehta,ACCT8939826,2025-09-06 04:09:38,noise
debit,202.3,,BRANCH14,Nia Mehta,ACCT8939826,2025-09-05 20:43:14,noise
credit,1617.35,,BRANCH14,Nia Mehta,ACCT8939826,2025-09-04 19:23:58,noise
credit,1197.55,,BRANCH43,Nia Mehta,ACCT8939826,2025-09-04 19:27:06,noise
debit,804.45,,BRANCH14,Nia Mehta,ACCT8939826,2025-09-03 21:04:21,noise
credit,2346.83,,BRANCH82,Nia Mehta,ACCT8939826,2025-09-03 20:19:59,noise
credit,421.61,ACCT3719831,BRANCH74,Nia Mehta,ACCT8939826,2025-09-02 12:19:42,noise
debit,1643.03,ACCT5138284,BRANCH14,Nia Mehta,ACCT8939826,2025-08-31 18:21:59,noise
debit,176.21,,BRANCH14,Nia Mehta,ACCT8939826,2025-08-31 21:11:06,noise
debit,392.61,,BRANCH14,Nia Mehta,ACCT8939826,2025-08-30 14:22:38,noise
credit,1105.02,,BRANCH14,Nia Mehta,ACCT8939826,2025-08-25 11:14:19,noise
credit,388.87,ACCT7151876,BRANCH14,Nia Mehta,ACCT8939826,2025-08-25 00:03:21,noise
debit,334.6,,BRANCH14,Nia Mehta,ACCT8939826,2025-08-24 19:14:44,noise
debit,1163.59,,BRANCH78,Nia Mehta,ACCT8939826,2025-08-24 22:04:42,noise
debit,277.67,,BRANCH19,Nia Mehta,ACCT8939826,2025-08-22 12:22:03,noise
debit,1043.04,,BRANCH14,Nia Mehta,ACCT8939826,2025-08-22 20:27:49,noise
debit,160.04,,BRANCH14,Nia Mehta,ACCT8939826,2025-08-21 10:05:54,noise
debit,2588.85,ACCT3395659,BRANCH25,Nia Mehta,ACCT8939826,2025-08-16 17:37:06,noise
debit,841.42,,BRANCH14,Nia Mehta,ACCT8939826,2025-08-15 03:26:29,noise
credit,656.55,,BRANCH18,Nia Mehta,ACCT8939826,2025-08-14 11:32:03,noise
debit,1270.64,ACCT7513123,BRANCH14,Nia Mehta,ACCT8939826,2025-08-14 09:03:31,noise
debit,1171.79,,BRANCH14,Nia Mehta,ACCT8939826,2025-08-12 11:41:29,noise
credit,975.28,,BRANCH14,Nia Mehta,ACCT8939826,2025-08-12 17:27:34,noise
debit,568.18,,BRANCH31,Nia Mehta,ACCT8939826,2025-08-11 10:33:23,noise
credit,519.1,,BRANCH14,Nia Mehta,ACCT8939826,2025-08-10 13:00:28,noise
credit,285.51,,BRANCH68,Nia Mehta,ACCT8939826,2025-08-08 16:42:21,noise
debit,752.26,,BRANCH14,Nia Mehta,ACCT8939826,2025-08-08 09:38:43,noise
debit,605.87,,BRANCH73,Nia Mehta,ACCT8939826,2025-08-07 23:24:55,noise
credit,413.91,,BRANCH95,Nia Mehta,ACCT8939826,2025-08-04 09:20:54,noise
debit,3000.0,ACCT6261945,BRANCH67,Cara Haddad,ACCT6318691,2025-10-03 21:31:58,noise
debit,873.93,,BRANCH67,Cara Haddad,ACCT6318691,2025-09-28 13:37:48,noise
debit,2093.72,,BRANCH67,Cara Haddad,ACCT6318691,2025-09-25 14:14:32,noise
credit,608.36,,BRANCH67,Cara Haddad,ACCT6318691,2025-09-25 12:04:26,noise
credit,579.61,ACCT7374271,BRANCH67,Cara Haddad,ACCT6318691,2025-09-24 08:05:46,noise
debit,234.03,,BRANCH67,Cara Haddad,ACCT6318691,2025-09-23 00:36:48,noise
credit,945.28,,BRANCH67,Cara Haddad,ACCT6318691,2025-09-20 17:37:40,noise
credit,449.82,,BRANCH67,Cara Haddad,ACCT6318691,2025-09-19 02:16:10,noise
credit,345.16,,BRANCH67,Cara Haddad,ACCT6318691,2025-09-18 18:32:19,noise
debit,3000.0,ACCT3863728,BRANCH67,Cara Haddad,ACCT6318691,2025-09-18 04:14:09,noise
debit,778.12,,BRANCH67,Cara Haddad,ACCT6318691,2025-09-17 18:32:28,noise
credit,558.62,,BRANCH78,Cara Haddad,ACCT6318691,2025-09-16 16:30:43,noise
debit,374.55,,BRANCH67,Cara Haddad,ACCT6318691,2025-09-14 13:07:50,noise
debit,3000.0,ACCT8799962,BRANCH67,Cara Haddad,ACCT6318691,2025-09-12 10:25:38,noise
debit,722.1,,BRANCH67,Cara Haddad,ACCT6318691,2025-09-05 01:40:03,noise
debit,407.62,,BRANCH67,Cara Haddad,ACCT6318691,2025-09-01 11:15:51,noise
credit,507.81,,BRANCH67,Cara Haddad,ACCT6318691,2025-08-28 14:21:06,noise
credit,270.85,,BRANCH67,Cara Haddad,ACCT6318691,2025-08-28 19:21:58,noise
debit,1236.32,,BRANCH67,Cara Haddad,ACCT6318691,2025-08-26 03:07:56,noise
credit,1036.73,,BRANCH67,Cara Haddad,ACCT6318691,2025-08-24 12:33:55,noise
credit,276.76,,BRANCH10,Cara Haddad,ACCT6318691,2025-08-22 19:31:49,noise
credit,257.36,,BRANCH67,Cara Haddad,ACCT6318691,2025-08-22 09:27:24,noise
credit,402.67,ACCT8715601,BRANCH67,Cara Haddad,ACCT6318691,2025-08-21 15:26:37,noise
credit,417.27,,BRANCH67,Cara Haddad,ACCT6318691,2025-08-20 21:02:54,noise
credit,955.94,ACCT5849652,BRANCH67,Cara Haddad,ACCT6318691,2025-08-18 20:36:58,noise
debit,162.99,ACCT1553287,BRANCH67,Cara Haddad,ACCT6318691,2025-08-18 21:40:50,noise
credit,455.07,,BRANCH67,Cara Haddad,ACCT6318691,2025-08-16 23:27:19,noise
debit,298.4,ACCT9659712,BRANCH67,Cara Haddad,ACCT6318691,2025-08-16 19:11:04,noise
credit,413.26,,BRANCH67,Cara Haddad,ACCT6318691,2025-08-15 22:23:42,noise
debit,556.43,ACCT7953951,BRANCH67,Cara Haddad,ACCT6318691,2025-08-15 08:31:59,noise
debit,641.2,,BRANCH67,Cara Haddad,ACCT6318691,2025-08-14 10:44:33,noise
credit,274.18,ACCT1333980,BRANCH67,Cara Haddad,ACCT6318691,2025-08-13 09:22:04,noise
credit,141.97,ACCT6949031,BRANCH61,Cara Haddad,ACCT6318691,2025-08-12 19:01:56,noise
debit,401.23,ACCT8555275,BRANCH67,Cara Haddad,ACCT6318691,2025-08-11 12:31:50,noise
credit,799.32,,BRANCH67,Cara Haddad,ACCT6318691,2025-08-11 12:03:51,noise
debit,1319.8,,BRANCH67,Cara Haddad,ACCT6318691,2025-08-10 09:23:54,noise
credit,796.48,ACCT1627794,BRANCH67,Cara Haddad,ACCT6318691,2025-08-10 21:34:15,noise
credit,153.36,,BRANCH67,Cara Haddad,ACCT6318691,2025-08-07 21:17:25,noise
debit,281.93,ACCT9709663,BRANCH67,Cara Haddad,ACCT6318691,2025-08-05 10:07:42,noise
credit,9601.11,ACCT6628906,BRANCH67,Cara Haddad,ACCT6318691,2025-11-27 01:12:03,noise
credit,9554.45,ACCT6144644,BRANCH67,Cara Haddad,ACCT6318691,2025-11-29 12:14:39,noise
credit,9407.1,ACCT9709663,BRANCH67,Cara Haddad,ACCT6318691,2025-11-17 04:09:19,noise
credit,9602.8,ACCT7955969,BRANCH67,Cara Haddad,ACCT6318691,2025-11-19 23:05:30,noise
credit,9019.37,ACCT1794602,BRANCH67,Cara Haddad,ACCT6318691,2025-12-22 02:06:13,noise
credit,9395.79,ACCT1602495,BRANCH67,Cara Haddad,ACCT6318691,2025-12-27 05:12:23,noise
credit,9055.99,ACCT4012887,BRANCH67,Cara Haddad,ACCT6318691,2025-12-13 23:03:18,noise
credit,9665.9,ACCT4198319,BRANCH67,Cara Haddad,ACCT6318691,2025-12-14 19:16:51,noise
credit,9476.45,ACCT7955969,BRANCH67,Cara Haddad,ACCT6318691,2025-11-20 22:19:57,noise
credit,9140.14,ACCT8508814,BRANCH67,Cara Haddad,ACCT6318691,2025-11-20 06:22:38,noise
credit,9336.99,ACCT1794602,BRANCH67,Cara Haddad,ACCT6318691,2025-12-03 02:10:55,noise
credit,8963.42,ACCT3719831,BRANCH67,Cara Haddad,ACCT6318691,2025-12-26 05:26:21,noise
credit,618.06,,BRANCH19,Kai Wei,ACCT3226059,2025-10-02 22:33:02,noise
debit,1252.72,,BRANCH19,Kai Wei,ACCT3226059,2025-09-30 12:30:18,noise
debit,525.76,,BRANCH19,Kai Wei,ACCT3226059,2025-09-28 12:28:34,noise
debit,238.46,,BRANCH19,Kai Wei,ACCT3226059,2025-09-25 16:00:23,noise
debit,1117.13,,BRANCH49,Kai Wei,ACCT3226059,2025-09-23 02:30:14,noise
debit,222.02,,BRANCH19,Kai Wei,ACCT3226059,2025-09-22 09:25:47,noise
debit,453.34,ACCT1588861,BRANCH19,Kai Wei,ACCT3226059,2025-09-21 17:43:30,noise
credit,2844.25,,BRANCH19,Kai Wei,ACCT3226059,2025-09-21 17:30:59,noise
debit,343.78,,BRANCH74,Kai Wei,ACCT3226059,2025-09-20 17:43:50,noise
debit,621.71,,BRANCH19,Kai Wei,ACCT3226059,2025-09-18 15:29:11,noise
credit,365.2,,BRANCH19,Kai Wei,ACCT3226059,2025-09-18 13:04:07,noise
debit,2010.71,,BRANCH19,Kai Wei,ACCT3226059,2025-09-17 14:14:42,noise
credit,453.0,ACCT1223949,BRANCH36,Kai Wei,ACCT3226059,2025-09-17 20:35:14,noise
credit,347.11,,BRANCH19,Kai Wei,ACCT3226059,2025-09-16 17:42:17,noise
debit,364.81,,BRANCH19,Kai Wei,ACCT3226059,2025-09-16 03:01:46,noise
debit,443.53,,BRANCH19,Kai Wei,ACCT3226059,2025-09-11 21:37:55,noise
credit,478.1,ACCT6261945,BRANCH12,Kai Wei,ACCT3226059,2025-09-09 09:42:15,noise
debit,119.03,,BRANCH42,Kai Wei,ACCT3226059,2025-09-08 08:35:01,noise
debit,1152.13,ACCT1163686,BRANCH19,Kai Wei,ACCT3226059,2025-09-05 08:06:15,noise
credit,257.82,,BRANCH40,Kai Wei,ACCT3226059,2025-09-05 10:33:29,noise
credit,265.78,,BRANCH19,Kai Wei,ACCT3226059,2025-08-30 14:08:19,noise
credit,195.49,,BRANCH81,Kai Wei,ACCT3226059,2025-08-27 16:34:29,noise
debit,4319.27,,BRANCH19,Kai Wei,ACCT3226059,2025-08-27 09:30:07,noise
credit,1241.05,,BRANCH19,Kai Wei,ACCT3226059,2025-08-25 11:27:45,noise
credit,841.95,,BRANCH19,Kai Wei,ACCT3226059,2025-08-24 08:10:34,noise
credit,1256.59,,BRANCH19,Kai Wei,ACCT3226059,2025-08-18 14:12:30,noise
debit,1487.65,ACCT5211486,BRANCH19,Kai Wei,ACCT3226059,2025-08-17 10:45:53,noise
credit,718.84,,BRANCH19,Kai Wei,ACCT3226059,2025-08-17 19:26:49,noise
credit,5073.18,ACCT9659712,BRANCH45,Kai Wei,ACCT3226059,2025-08-12 09:29:36,noise
debit,1282.93,,BRANCH19,Kai Wei,ACCT3226059,2025-08-08 11:09:25,noise
credit,1677.6,,BRANCH39,Kai Wei,ACCT3226059,2025-08-05 08:25:18,noise
credit,1352.23,,BRANCH19,Kai Wei,ACCT3226059,2025-08-05 20:11:02,noise
debit,1030.82,ACCT8715601,BRANCH19,Kai Wei,ACCT3226059,2025-08-04 14:38:20,noise
debit,1026.88,,BRANCH83,Hugo Vargas,ACCT1659398,2025-09-30 12:38:01,noise
credit,400.0,ACCT6949031,BRANCH31,Hugo Vargas,ACCT1659398,2025-09-29 19:18:19,noise
credit,1030.11,,BRANCH83,Hugo Vargas,ACCT1659398,2025-09-28 20:15:27,noise
debit,1175.98,,BRANCH83,Hugo Vargas,ACCT1659398,2025-09-26 12:17:15,noise
credit,129.46,,BRANCH83,Hugo Vargas,ACCT1659398,2025-09-24 13:15:33,noise
debit,324.54,,BRANCH83,Hugo Vargas,ACCT1659398,2025-09-24 02:04:37,noise
credit,221.23,,BRANCH83,Hugo Vargas,ACCT1659398,2025-09-23 09:35:33,noise
debit,335.02,ACCT1627794,BRANCH83,Hugo Vargas,ACCT1659398,2025-09-22 18:18:14,noise
credit,1045.09,ACCT7481737,BRANCH93,Hugo Vargas,ACCT1659398,2025-09-20 21:18:36,noise
debit,3574.59,,BRANCH83,Hugo Vargas,ACCT1659398,2025-09-20 16:22:14,noise
credit,386.64,,BRANCH83,Hugo Vargas,ACCT1659398,2025-09-18 19:36:01,noise
credit,86.44,,BRANCH83,Hugo Vargas,ACCT1659398,2025-09-16 22:34:44,noise
credit,647.18,,BRANCH47,Hugo Vargas,ACCT1659398,2025-09-13 09:11:34,noise
debit,333.26,ACCT5309925,BRANCH83,Hugo Vargas,ACCT1659398,2025-09-13 19:19:31,noise
credit,738.62,,BRANCH83,Hugo Vargas,ACCT1659398,2025-09-12 16:07:32,noise
debit,486.78,,BRANCH83,Hugo Vargas,ACCT1659398,2025-09-10 04:22:58,noise
credit,249.8,,BRANCH86,Hugo Vargas,ACCT1659398,2025-09-08 13:28:56,noise
debit,819.25,,BRANCH97,Hugo Vargas,ACCT1659398,2025-09-08 09:18:14,noise
debit,106.51,,BRANCH83,Hugo Vargas,ACCT1659398,2025-09-06 12:42:04,noise
debit,1071.42,ACCT6437438,BRANCH83,Hugo Vargas,ACCT1659398,2025-09-05 21:22:32,noise
debit,1406.57,,BRANCH83,Hugo Vargas,ACCT1659398,2025-09-05 19:38:17,noise
credit,1050.54,,BRANCH83,Hugo Vargas,ACCT1659398,2025-09-04 03:28:37,noise
credit,450.98,,BRANCH83,Hugo Vargas,ACCT1659398,2025-09-03 10:05:36,noise
credit,3247.61,,BRANCH83,Hugo Vargas,ACCT1659398,2025-09-03 01:00:00,noise
credit,1256.06,ACCT9551481,BRANCH83,Hugo Vargas,ACCT1659398,2025-09-01 12:29:58,noise
debit,728.27,,BRANCH83,Hugo Vargas,ACCT1659398,2025-09-01 15:11:23,noise
credit,1232.01,,BRANCH83,Hugo Vargas,ACCT1659398,2025-08-30 13:20:43,noise
debit,326.62,,BRANCH83,Hugo Vargas,ACCT1659398,2025-08-26 09:30:12,noise
credit,1534.77,ACCT7327062,BRANCH83,Hugo Vargas,ACCT1659398,2025-08-26 15:13:36,noise
credit,425.1,,BRANCH83,Hugo Vargas,ACCT1659398,2025-08-21 23:35:44,noise
credit,445.33,,BRANCH83,Hugo Vargas,ACCT1659398,2025-08-20 08:03:55,noise
debit,253.48,,BRANCH83,Hugo Vargas,ACCT1659398,2025-08-16 14:44:34,noise
debit,536.7,,BRANCH85,Hugo Vargas,ACCT1659398,2025-08-12 09:11:48,noise
credit,147.36,,BRANCH83,Hugo Vargas,ACCT1659398,2025-08-12 15:04:41,noise
debit,2064.8,ACCT7374271,BRANCH83,Hugo Vargas,ACCT1659398,2025-08-11 08:26:21,noise
credit,1558.18,,BRANCH83,Hugo Vargas,ACCT1659398,2025-08-11 14:26:45,noise
debit,632.16,,BRANCH83,Hugo Vargas,ACCT1659398,2025-08-09 20:37:20,noise
debit,756.41,ACCT2737417,BRANCH83,Hugo Vargas,ACCT1659398,2025-08-08 17:13:31,noise
credit,2067.93,,BRANCH83,Hugo Vargas,ACCT1659398,2025-08-05 17:06:00,noise
debit,777.98,,BRANCH83,Hugo Vargas,ACCT1659398,2025-08-05 05:42:51,noise
credit,719.14,ACCT6774261,BRANCH18,Omar Brooks,ACCT3159661,2025-09-30 11:43:13,noise
debit,409.73,,BRANCH18,Omar Brooks,ACCT3159661,2025-09-28 14:14:19,noise
credit,1410.19,ACCT5891732,BRANCH18,Omar Brooks,ACCT3159661,2025-09-27 10:22:24,noise
credit,302.91,,BRANCH72,Omar Brooks,ACCT3159661,2025-09-24 17:13:42,noise
debit,755.84,,BRANCH68,Omar Brooks,ACCT3159661,2025-09-23 17:42:09,noise
credit,2661.51,,BRANCH18,Omar Brooks,ACCT3159661,2025-09-20 15:26:02,noise
debit,183.08,,BRANCH18,Omar Brooks,ACCT3159661,2025-09-18 16:24:34,noise
debit,1815.45,,BRANCH18,Omar Brooks,ACCT3159661,2025-09-18 11:33:00,noise
debit,1109.13,ACCT2494777,BRANCH18,Omar Brooks,ACCT3159661,2025-09-17 15:11:44,noise
credit,413.91,,BRANCH18,Omar Brooks,ACCT3159661,2025-09-11 18:06:43,noise
debit,868.57,ACCT5989977,BRANCH18,Omar Brooks,ACCT3159661,2025-09-11 20:17:36,noise
credit,907.69,,BRANCH18,Omar Brooks,ACCT3159661,2025-09-08 11:20:05,noise
credit,1883.22,ACCT7327062,BRANCH74,Omar Brooks,ACCT3159661,2025-09-08 09:17:30,noise
credit,2860.74,ACCT9551481,BRANCH49,Omar Brooks,ACCT3159661,2025-09-07 18:18:37,noise
credit,457.85,,BRANCH18,Omar Brooks,ACCT3159661,2025-09-06 19:11:00,noise
debit,2461.66,ACCT1333980,BRANCH18,Omar Brooks,ACCT3159661,2025-09-06 12:14:36,noise
debit,209.64,,BRANCH18,Omar Brooks,ACCT3159661,2025-09-05 14:08:52,noise
debit,294.29,,BRANCH94,Omar Brooks,ACCT3159661,2025-09-04 17:43:11,noise
debit,5084.85,,BRANCH18,Omar Brooks,ACCT3159661,2025-09-04 11:00:57,noise
credit,2913.41,ACCT2364189,BRANCH18,Omar Brooks,ACCT3159661,2025-09-03 16:28:53,noise
debit,938.34,,BRANCH18,Omar Brooks,ACCT3159661,2025-08-31 21:14:07,noise
credit,1226.28,,BRANCH18,Omar Brooks,ACCT3159661,2025-08-29 09:32:37,noise
credit,787.57,,BRANCH18,Omar Brooks,ACCT3159661,2025-08-29 19:23:09,noise
credit,520.81,,BRANCH18,Omar Brooks,ACCT3159661,2025-08-26 22:08:07,noise
credit,192.84,,BRANCH89,Omar Brooks,ACCT3159661,2025-08-26 10:31:47,noise
debit,1000.49,,BRANCH18,Omar Brooks,ACCT3159661,2025-08-23 12:21:16,noise
debit,1363.79,,BRANCH18,Omar Brooks,ACCT3159661,2025-08-22 14:21:27,noise
debit,1714.98,,BRANCH54,Omar Brooks,ACCT3159661,2025-08-20 18:00:59,noise
debit,564.16,ACCT2494777,BRANCH18,Omar Brooks,ACCT3159661,2025-08-19 12:05:52,noise
credit,185.03,ACCT2738301,BRANCH18,Omar Brooks,ACCT3159661,2025-08-18 14:33:13,noise
debit,268.91,,BRANCH70,Omar Brooks,ACCT3159661,2025-08-17 08:01:33,noise
debit,741.64,,BRANCH18,Omar Brooks,ACCT3159661,2025-08-16 18:21:49,noise
debit,2742.16,,BRANCH18,Omar Brooks,ACCT3159661,2025-08-14 10:21:31,noise
credit,309.57,,BRANCH43,Omar Brooks,ACCT3159661,2025-08-11 13:03:14,noise
debit,1890.78,,BRANCH18,Omar Brooks,ACCT3159661,2025-08-10 09:19:31,noise
debit,3676.78,,BRANCH49,Omar Brooks,ACCT3159661,2025-08-09 11:34:55,noise
credit,1719.71,ACCT5818383,BRANCH18,Omar Brooks,ACCT3159661,2025-08-06 19:21:05,noise
debit,569.08,ACCT4012887,BRANCH47,Omar Brooks,ACCT3159661,2025-08-05 09:32:30,noise
credit,315.9,,BRANCH18,Omar Brooks,ACCT3159661,2025-08-04 17:42:05,noise
credit,806.45,,BRANCH65,Yara Diaz,ACCT6628906,2025-10-02 08:28:22,noise
credit,660.73,,BRANCH30,Yara Diaz,ACCT6628906,2025-10-02 09:07:09,noise
debit,253.11,,BRANCH30,Yara Diaz,ACCT6628906,2025-09-30 10:35:15,noise
credit,393.68,,BRANCH30,Yara Diaz,ACCT6628906,2025-09-29 00:16:23,noise
credit,4865.34,ACCT1219509,BRANCH30,Yara Diaz,ACCT6628906,2025-09-27 23:14:26,noise
debit,800.0,,BRANCH30,Yara Diaz,ACCT6628906,2025-09-26 14:33:43,noise
debit,294.86,,BRANCH94,Yara Diaz,ACCT6628906,2025-09-25 20:07:40,noise
credit,259.6,ACCT2738301,BRANCH30,Yara Diaz,ACCT6628906,2025-09-25 20:34:53,noise
debit,411.54,ACCT2364189,BRANCH30,Yara Diaz,ACCT6628906,2025-09-23 21:42:33,noise
debit,179.91,,BRANCH30,Yara Diaz,ACCT6628906,2025-09-23 18:35:10,noise
debit,942.24,ACCT3863728,BRANCH30,Yara Diaz,ACCT6628906,2025-09-21 03:43:50,noise
credit,900.4,ACCT3863728,BRANCH30,Yara Diaz,ACCT6628906,2025-09-19 23:36:14,noise
credit,401.42,,BRANCH30,Yara Diaz,ACCT6628906,2025-09-19 17:37:02,noise
credit,3360.94,,BRANCH30,Yara Diaz,ACCT6628906,2025-09-18 20:20:19,noise
debit,1202.86,,BRANCH22,Yara Diaz,ACCT6628906,2025-09-15 14:17:54,noise
debit,735.15,,BRANCH30,Yara Diaz,ACCT6628906,2025-09-13 20:34:33,noise
debit,278.65,,BRANCH30,Yara Diaz,ACCT6628906,2025-09-12 11:16:40,noise
credit,553.57,,BRANCH30,Yara Diaz,ACCT6628906,2025-09-11 16:45:01,noise
credit,174.88,,BRANCH30,Yara Diaz,ACCT6628906,2025-09-10 18:43:37,noise
debit,608.99,,BRANCH30,Yara Diaz,ACCT6628906,2025-09-10 11:08:58,noise
debit,749.68,ACCT9416017,BRANCH98,Yara Diaz,ACCT6628906,2025-09-09 10:14:06,noise
credit,1288.88,,BRANCH30,Yara Diaz,ACCT6628906,2025-09-09 18:41:54,noise
credit,1507.3,ACCT4258044,BRANCH81,Yara Diaz,ACCT6628906,2025-09-05 09:20:36,noise
debit,475.88,,BRANCH30,Yara Diaz,ACCT6628906,2025-09-05 13:24:29,noise
credit,2521.06,,BRANCH30,Yara Diaz,ACCT6628906,2025-09-04 21:13:51,noise
credit,2048.72,ACCT2494777,BRANCH90,Yara Diaz,ACCT6628906,2025-08-30 20:04:33,noise
credit,772.99,,BRANCH30,Yara Diaz,ACCT6628906,2025-08-30 19:33:11,noise
credit,926.41,,BRANCH31,Yara Diaz,ACCT6628906,2025-08-29 12:04:53,noise
debit,1948.71,ACCT3719831,BRANCH30,Yara Diaz,ACCT6628906,2025-08-27 12:34:39,noise
debit,1195.19,ACCT1794602,BRANCH30,Yara Diaz,ACCT6628906,2025-08-26 14:38:12,noise
debit,702.51,,BRANCH30,Yara Diaz,ACCT6628906,2025-08-26 20:44:33,noise
debit,432.86,,BRANCH30,Yara Diaz,ACCT6628906,2025-08-24 23:21:07,noise
debit,335.83,,BRANCH30,Yara Diaz,ACCT6628906,2025-08-22 01:02:07,noise
debit,2419.88,,BRANCH30,Yara Diaz,ACCT6628906,2025-08-12 09:04:56,noise
credit,1779.11,ACCT2516181,BRANCH30,Yara Diaz,ACCT6628906,2025-08-10 18:09:58,noise
debit,839.64,,BRANCH30,Yara Diaz,ACCT6628906,2025-08-06 12:13:58,noise
credit,537.82,ACCT3074370,BRANCH30,Yara Diaz,ACCT6628906,2025-08-05 23:23:37,noise
credit,1230.86,ACCT4915026,BRANCH30,Yara Diaz,ACCT6628906,2025-08-05 16:36:14,noise
credit,1283.49,,BRANCH29,Yara Diaz,ACCT6628906,2025-08-04 11:07:54,noise
debit,431.2,,BRANCH10,Sara ElSayed,ACCT3865336,2025-10-03 16:38:23,noise
credit,522.16,ACCT2452653,BRANCH10,Sara ElSayed,ACCT3865336,2025-10-02 13:05:45,noise
debit,1505.94,ACCT7953951,BRANCH10,Sara ElSayed,ACCT3865336,2025-10-01 22:02:25,noise
credit,307.25,,BRANCH10,Sara ElSayed,ACCT3865336,2025-09-29 11:13:27,noise
credit,227.72,,BRANCH94,Sara ElSayed,ACCT3865336,2025-09-28 18:02:32,noise
debit,3987.69,,BRANCH55,Sara ElSayed,ACCT3865336,2025-09-27 17:45:48,noise
credit,1216.13,,BRANCH10,Sara ElSayed,ACCT3865336,2025-09-27 11:45:58,noise
credit,640.85,,BRANCH10,Sara ElSayed,ACCT3865336,2025-09-24 09:43:01,noise
credit,135.47,,BRANCH10,Sara ElSayed,ACCT3865336,2025-09-19 21:22:26,noise
credit,261.9,,BRANCH10,Sara ElSayed,ACCT3865336,2025-09-19 08:26:01,noise
credit,1057.48,,BRANCH10,Sara ElSayed,ACCT3865336,2025-09-15 02:10:16,noise
debit,511.68,,BRANCH10,Sara ElSayed,ACCT3865336,2025-09-14 14:23:33,noise
debit,834.46,,BRANCH10,Sara ElSayed,ACCT3865336,2025-09-13 18:20:21,noise
debit,346.36,,BRANCH10,Sara ElSayed,ACCT3865336,2025-09-11 05:13:59,noise
credit,374.87,,BRANCH10,Sara ElSayed,ACCT3865336,2025-09-11 18:13:06,noise
credit,222.14,ACCT5713328,BRANCH10,Sara ElSayed,ACCT3865336,2025-09-09 19:28:16,noise
debit,187.14,,BRANCH79,Sara ElSayed,ACCT3865336,2025-09-08 19:23:14,noise
credit,5281.1,ACCT6692462,BRANCH10,Sara ElSayed,ACCT3865336,2025-09-08 14:05:07,noise
credit,2391.58,,BRANCH52,Sara ElSayed,ACCT3865336,2025-09-06 10:16:48,noise
debit,960.37,,BRANCH49,Sara ElSayed,ACCT3865336,2025-09-06 17:34:49,noise
debit,858.76,,BRANCH10,Sara ElSayed,ACCT3865336,2025-09-04 12:27:34,noise
debit,593.63,,BRANCH10,Sara ElSayed,ACCT3865336,2025-08-28 12:09:15,noise
credit,352.81,ACCT4258044,BRANCH10,Sara ElSayed,ACCT3865336,2025-08-27 20:17:03,noise
debit,147.19,,BRANCH56,Sara ElSayed,ACCT3865336,2025-08-27 10:41:26,noise
debit,391.54,,BRANCH53,Sara ElSayed,ACCT3865336,2025-08-26 10:19:37,noise
debit,405.82,,BRANCH10,Sara ElSayed,ACCT3865336,2025-08-23 20:19:57,noise
debit,1400.32,ACCT3214195,BRANCH10,Sara ElSayed,ACCT3865336,2025-08-23 18:03:32,noise
debit,1093.32,,BRANCH10,Sara ElSayed,ACCT3865336,2025-08-19 22:21:04,noise
debit,195.31,,BRANCH10,Sara ElSayed,ACCT3865336,2025-08-17 14:45:08,noise
credit,2872.6,ACCT6774261,BRANCH10,Sara ElSayed,ACCT3865336,2025-08-11 08:17:14,noise
credit,1272.85,,BRANCH10,Sara ElSayed,ACCT3865336,2025-08-11 19:11:38,noise
credit,583.58,,BRANCH18,Sara ElSayed,ACCT3865336,2025-08-09 11:26:39,noise
credit,1011.44,,BRANCH10,Sara ElSayed,ACCT3865336,2025-08-07 11:03:37,noise
debit,55.08,,BRANCH10,Sara ElSayed,ACCT3865336,2025-08-07 12:13:16,noise
credit,1297.85,,BRANCH82,Sara ElSayed,ACCT3865336,2025-08-06 18:12:38,noise
debit,1935.12,,BRANCH10,Sara ElSayed,ACCT3865336,2025-08-04 17:05:13,noise
debit,900.39,,BRANCH66,Sara ElSayed,ACCT3865336,2025-08-04 15:25:07,noise
credit,9582.81,ACCT7953951,BRANCH10,Sara ElSayed,ACCT3865336,2025-11-22 03:13:51,noise
credit,9150.45,ACCT1794602,BRANCH10,Sara ElSayed,ACCT3865336,2025-12-21 23:27:37,noise
credit,9135.05,ACCT9709663,BRANCH10,Sara ElSayed,ACCT3865336,2025-12-23 00:05:36,noise
credit,9231.76,ACCT5534472,BRANCH10,Sara ElSayed,ACCT3865336,2025-12-30 10:07:48,noise
credit,9491.7,ACCT3214195,BRANCH10,Sara ElSayed,ACCT3865336,2025-12-17 00:23:21,noise
credit,9140.37,ACCT9659712,BRANCH10,Sara ElSayed,ACCT3865336,2025-12-06 05:08:59,noise
credit,9580.86,ACCT4824583,BRANCH10,Sara ElSayed,ACCT3865336,2025-12-25 16:22:02,noise
credit,9322.47,ACCT8508814,BRANCH10,Sara ElSayed,ACCT3865336,2025-12-08 05:03:48,noise
credit,8864.27,ACCT6437438,BRANCH10,Sara ElSayed,ACCT3865336,2025-12-28 03:18:22,noise
credit,8906.85,ACCT3719831,BRANCH10,Sara ElSayed,ACCT3865336,2025-12-09 21:12:41,noise
credit,9669.68,ACCT2516181,BRANCH10,Sara ElSayed,ACCT3865336,2025-12-27 23:07:40,noise
credit,9315.63,ACCT9765654,BRANCH10,Sara ElSayed,ACCT3865336,2025-12-20 21:14:15,noise
credit,8962.17,ACCT3073444,BRANCH10,Sara ElSayed,ACCT3865336,2025-11-21 05:07:13,noise
credit,9047.88,ACCT1553287,BRANCH10,Sara ElSayed,ACCT3865336,2025-11-30 04:11:58,noise
debit,240.53,,BRANCH57,Uma Carlos,ACCT7955969,2025-10-02 05:02:25,noise
credit,231.91,,BRANCH14,Uma Carlos,ACCT7955969,2025-10-01 03:13:08,noise
debit,6338.27,,BRANCH57,Uma Carlos,ACCT7955969,2025-09-29 17:39:16,noise
credit,245.56,,BRANCH55,Uma Carlos,ACCT7955969,2025-09-28 23:00:03,noise
credit,650.3,ACCT5989977,BRANCH57,Uma Carlos,ACCT7955969,2025-09-28 12:29:19,noise
credit,224.75,,BRANCH57,Uma Carlos,ACCT7955969,2025-09-26 03:11:18,noise
debit,809.32,,BRANCH57,Uma Carlos,ACCT7955969,2025-09-21 16:27:54,noise
credit,937.29,,BRANCH57,Uma Carlos,ACCT7955969,2025-09-18 05:33:18,noise
credit,219.53,,BRANCH57,Uma Carlos,ACCT7955969,2025-09-18 21:28:14,noise
debit,474.72,,BRANCH57,Uma Carlos,ACCT7955969,2025-09-16 11:40:52,noise
credit,962.78,ACCT1588861,BRANCH57,Uma Carlos,ACCT7955969,2025-09-15 14:38:58,noise
credit,407.97,ACCT7953951,BRANCH57,Uma Carlos,ACCT7955969,2025-09-14 19:32:05,noise
debit,58.14,,BRANCH57,Uma Carlos,ACCT7955969,2025-09-10 19:09:14,noise
debit,2186.57,,BRANCH57,Uma Carlos,ACCT7955969,2025-09-09 18:09:28,noise
credit,1189.11,ACCT2866782,BRANCH57,Uma Carlos,ACCT7955969,2025-09-09 10:36:25,noise
credit,1219.05,,BRANCH57,Uma Carlos,ACCT7955969,2025-09-08 03:16:19,noise
credit,607.59,,BRANCH57,Uma Carlos,ACCT7955969,2025-09-07 03:38:10,noise
credit,1016.12,,BRANCH60,Uma Carlos,ACCT7955969,2025-09-06 17:44:24,noise
debit,351.34,ACCT7677606,BRANCH84,Uma Carlos,ACCT7955969,2025-09-06 13:00:36,noise
credit,542.1,,BRANCH70,Uma Carlos,ACCT7955969,2025-09-02 00:29:20,noise
credit,682.69,,BRANCH57,Uma Carlos,ACCT7955969,2025-09-02 09:28:13,noise
debit,158.75,,BRANCH57,Uma Carlos,ACCT7955969,2025-08-31 11:43:07,noise
credit,168.68,,BRANCH80,Uma Carlos,ACCT7955969,2025-08-31 01:01:46,noise
debit,1982.78,,BRANCH37,Uma Carlos,ACCT7955969,2025-08-30 12:38:15,noise
debit,351.47,,BRANCH57,Uma Carlos,ACCT7955969,2025-08-30 20:31:00,noise
credit,1552.23,ACCT5534472,BRANCH57,Uma Carlos,ACCT7955969,2025-08-29 21:35:52,noise
credit,302.16,,BRANCH76,Uma Carlos,ACCT7955969,2025-08-28 18:19:48,noise
debit,479.89,ACCT5577360,BRANCH89,Uma Carlos,ACCT7955969,2025-08-27 15:12:49,noise
credit,1231.35,,BRANCH57,Uma Carlos,ACCT7955969,2025-08-24 16:26:49,noise
debit,412.93,,BRANCH57,Uma Carlos,ACCT7955969,2025-08-23 11:32:45,noise
credit,219.1,,BRANCH57,Uma Carlos,ACCT7955969,2025-08-23 02:38:07,noise
debit,428.07,,BRANCH57,Uma Carlos,ACCT7955969,2025-08-22 17:35:16,noise
debit,1494.13,,BRANCH78,Uma Carlos,ACCT7955969,2025-08-21 10:13:48,noise
debit,436.14,ACCT4198319,BRANCH27,Uma Carlos,ACCT7955969,2025-08-20 14:10:55,noise
debit,3000.0,ACCT2516181,BRANCH57,Uma Carlos,ACCT7955969,2025-08-16 19:38:07,noise
debit,394.73,,BRANCH57,Uma Carlos,ACCT7955969,2025-08-16 13:08:46,noise
credit,1056.25,ACCT6437438,BRANCH57,Uma Carlos,ACCT7955969,2025-08-13 14:29:31,noise
credit,332.54,ACCT9144489,BRANCH57,Uma Carlos,ACCT7955969,2025-08-11 14:33:32,noise
debit,966.14,,BRANCH57,Uma Carlos,ACCT7955969,2025-08-10 09:36:51,noise
debit,270.87,ACCT5989977,BRANCH95,Uma Carlos,ACCT7955969,2025-08-10 12:35:00,noise
debit,620.98,ACCT3865336,BRANCH57,Uma Carlos,ACCT7955969,2025-08-09 05:00:17,noise
debit,311.87,,BRANCH57,Uma Carlos,ACCT7955969,2025-08-08 18:07:56,noise
credit,1774.77,ACCT6054742,BRANCH43,Uma Carlos,ACCT7955969,2025-08-07 20:43:48,noise
credit,664.62,,BRANCH57,Uma Carlos,ACCT7955969,2025-08-05 12:31:59,noise
credit,1264.82,,BRANCH57,Uma Carlos,ACCT7955969,2025-08-04 04:22:53,noise
credit,1497.22,,BRANCH57,Uma Carlos,ACCT7955969,2025-08-04 18:23:19,noise
credit,2176.94,,BRANCH86,Sara Alvarez,ACCT4198319,2025-09-29 14:33:08,noise
credit,796.71,,BRANCH86,Sara Alvarez,ACCT4198319,2025-09-29 09:23:00,noise
credit,353.99,ACCT2364189,BRANCH32,Sara Alvarez,ACCT4198319,2025-09-27 23:42:44,noise
credit,1344.2,,BRANCH86,Sara Alvarez,ACCT4198319,2025-09-27 21:42:44,noise
credit,524.25,,BRANCH89,Sara Alvarez,ACCT4198319,2025-09-25 19:30:22,noise
credit,274.5,,BRANCH86,Sara Alvarez,ACCT4198319,2025-09-24 18:19:29,noise
credit,388.59,,BRANCH74,Sara Alvarez,ACCT4198319,2025-09-24 13:12:09,noise
credit,126.07,,BRANCH86,Sara Alvarez,ACCT4198319,2025-09-23 03:30:37,noise
debit,1986.9,,BRANCH73,Sara Alvarez,ACCT4198319,2025-09-22 20:34:31,noise
credit,388.88,,BRANCH38,Sara Alvarez,ACCT4198319,2025-09-20 09:29:56,noise
debit,611.59,,BRANCH86,Sara Alvarez,ACCT4198319,2025-09-19 08:38:39,noise
credit,705.0,,BRANCH86,Sara Alvarez,ACCT4198319,2025-09-14 03:09:12,noise
debit,592.59,ACCT1285496,BRANCH86,Sara Alvarez,ACCT4198319,2025-09-12 14:30:31,noise
debit,516.16,,BRANCH86,Sara Alvarez,ACCT4198319,2025-09-11 17:31:13,noise
credit,464.74,ACCT1302691,BRANCH86,Sara Alvarez,ACCT4198319,2025-09-07 16:22:08,noise
credit,4413.48,,BRANCH86,Sara Alvarez,ACCT4198319,2025-09-06 15:45:23,noise
credit,1108.43,,BRANCH37,Sara Alvarez,ACCT4198319,2025-09-06 13:07:24,noise
debit,585.54,,BRANCH86,Sara Alvarez,ACCT4198319,2025-09-05 13:31:16,noise
credit,434.21,,BRANCH86,Sara Alvarez,ACCT4198319,2025-09-05 23:20:04,noise
credit,72.91,,BRANCH89,Sara Alvarez,ACCT4198319,2025-09-03 11:28:31,noise
debit,299.61,ACCT1553287,BRANCH86,Sara Alvarez,ACCT4198319,2025-08-30 14:30:19,noise
credit,890.27,,BRANCH86,Sara Alvarez,ACCT4198319,2025-08-30 16:06:33,noise
debit,2618.74,ACCT3395659,BRANCH35,Sara Alvarez,ACCT4198319,2025-08-29 09:32:18,noise
credit,171.03,,BRANCH86,Sara Alvarez,ACCT4198319,2025-08-28 12:41:58,noise
debit,1089.98,ACCT1223949,BRANCH86,Sara Alvarez,ACCT4198319,2025-08-27 14:22:05,noise
credit,1359.95,,BRANCH86,Sara Alvarez,ACCT4198319,2025-08-27 14:06:53,noise
credit,511.32,ACCT9144489,BRANCH86,Sara Alvarez,ACCT4198319,2025-08-23 20:26:51,noise
credit,373.61,ACCT5138284,BRANCH86,Sara Alvarez,ACCT4198319,2025-08-22 11:29:08,noise
debit,816.28,,BRANCH92,Sara Alvarez,ACCT4198319,2025-08-20 19:05:21,noise
debit,599.75,,BRANCH86,Sara Alvarez,ACCT4198319,2025-08-16 09:13:25,noise
credit,446.66,ACCT9002526,BRANCH86,Sara Alvarez,ACCT4198319,2025-08-13 02:07:24,noise
debit,1020.73,,BRANCH86,Sara Alvarez,ACCT4198319,2025-08-08 17:22:23,noise
debit,287.26,,BRANCH26,Sara Alvarez,ACCT4198319,2025-08-08 21:26:06,noise
credit,956.55,ACCT7955969,BRANCH86,Sara Alvarez,ACCT4198319,2025-08-06 00:13:31,noise
credit,1188.74,,BRANCH62,Hugo Alvarez,ACCT6437438,2025-10-03 15:18:32,noise
credit,4275.28,,BRANCH89,Hugo Alvarez,ACCT6437438,2025-10-03 10:24:38,noise
credit,349.89,,BRANCH89,Hugo Alvarez,ACCT6437438,2025-09-28 13:29:46,noise
debit,2226.63,,BRANCH78,Hugo Alvarez,ACCT6437438,2025-09-26 08:39:14,noise
debit,402.66,,BRANCH96,Hugo Alvarez,ACCT6437438,2025-09-26 20:00:38,noise
credit,954.59,,BRANCH89,Hugo Alvarez,ACCT6437438,2025-09-25 22:16:27,noise
debit,185.67,,BRANCH10,Hugo Alvarez,ACCT6437438,2025-09-24 19:15:38,noise
credit,242.29,ACCT6628906,BRANCH89,Hugo Alvarez,ACCT6437438,2025-09-24 10:25:00,noise
debit,1199.69,,BRANCH89,Hugo Alvarez,ACCT6437438,2025-09-17 20:26:39,noise
credit,343.71,,BRANCH89,Hugo Alvarez,ACCT6437438,2025-09-17 22:31:20,noise
debit,267.26,,BRANCH89,Hugo Alvarez,ACCT6437438,2025-09-16 19:12:14,noise
debit,487.15,ACCT5185554,BRANCH89,Hugo Alvarez,ACCT6437438,2025-09-16 20:21:22,noise
debit,485.64,,BRANCH89,Hugo Alvarez,ACCT6437438,2025-09-15 20:34:30,noise
credit,91.86,,BRANCH73,Hugo Alvarez,ACCT6437438,2025-09-13 18:26:10,noise
credit,296.87,ACCT1183490,BRANCH11,Hugo Alvarez,ACCT6437438,2025-09-11 18:37:17,noise
debit,445.74,,BRANCH89,Hugo Alvarez,ACCT6437438,2025-09-10 17:32:08,noise
debit,1454.54,ACCT9144489,BRANCH89,Hugo Alvarez,ACCT6437438,2025-09-09 02:29:23,noise
credit,223.35,ACCT1285496,BRANCH89,Hugo Alvarez,ACCT6437438,2025-09-08 20:27:06,noise
credit,420.69,,BRANCH89,Hugo Alvarez,ACCT6437438,2025-09-05 15:04:06,noise
credit,640.74,,BRANCH89,Hugo Alvarez,ACCT6437438,2025-09-02 13:36:27,noise
credit,224.38,,BRANCH89,Hugo Alvarez,ACCT6437438,2025-08-30 08:10:37,noise
credit,1556.98,,BRANCH36,Hugo Alvarez,ACCT6437438,2025-08-27 10:18:22,noise
debit,209.29,,BRANCH89,Hugo Alvarez,ACCT6437438,2025-08-27 16:22:52,noise
credit,4115.64,,BRANCH90,Hugo Alvarez,ACCT6437438,2025-08-23 13:05:01,noise
credit,4542.32,,BRANCH89,Hugo Alvarez,ACCT6437438,2025-08-22 12:20:06,noise
credit,1510.03,,BRANCH28,Hugo Alvarez,ACCT6437438,2025-08-22 08:10:19,noise
debit,899.58,,BRANCH89,Hugo Alvarez,ACCT6437438,2025-08-21 16:01:32,noise
credit,828.57,ACCT6868634,BRANCH87,Hugo Alvarez,ACCT6437438,2025-08-21 11:32:19,noise
credit,219.53,,BRANCH89,Hugo Alvarez,ACCT6437438,2025-08-18 10:10:39,noise
credit,615.93,,BRANCH89,Hugo Alvarez,ACCT6437438,2025-08-16 10:34:17,noise
credit,443.75,,BRANCH89,Hugo Alvarez,ACCT6437438,2025-08-16 16:29:43,noise
debit,608.79,,BRANCH89,Hugo Alvarez,ACCT6437438,2025-08-15 18:41:48,noise
credit,1256.9,,BRANCH89,Hugo Alvarez,ACCT6437438,2025-08-14 16:00:05,noise
credit,2229.7,,BRANCH89,Hugo Alvarez,ACCT6437438,2025-08-13 17:10:16,noise
debit,1007.09,,BRANCH89,Hugo Alvarez,ACCT6437438,2025-08-12 14:38:51,noise
debit,115.09,ACCT9709663,BRANCH76,Hugo Alvarez,ACCT6437438,2025-08-11 17:37:51,noise
credit,1115.6,,BRANCH89,Hugo Alvarez,ACCT6437438,2025-08-08 00:35:20,noise
debit,76619.28,ACCT8803035,BRANCH89,Hugo Alvarez,ACCT6437438,2025-12-26 13:02:50,noise
debit,84597.76,ACCT1971092,BRANCH44,Wes Kim,ACCT8803035,2025-12-31 00:08:47,noise
debit,29501.53,ACCT7513123,BRANCH53,Elena Carlos,ACCT1971092,2025-12-26 08:17:44,noise
credit,5380.11,ACCT7374271,BRANCH55,Raj Duarte,ACCT5823934,2025-11-17 23:19:06,noise
credit,12638.76,ACCT8715601,BRANCH55,Raj Duarte,ACCT5823934,2025-11-23 00:29:47,noise
credit,6071.93,ACCT1794602,BRANCH55,Raj Duarte,ACCT5823934,2025-12-11 01:27:46,noise
credit,24036.48,ACCT1588861,BRANCH55,Raj Duarte,ACCT5823934,2025-11-18 21:23:23,noise
credit,219.35,,BRANCH54,Tomas Chen,ACCT1333980,2025-10-03 13:12:46,noise
debit,232.78,ACCT6261945,BRANCH54,Tomas Chen,ACCT1333980,2025-10-03 12:41:53,noise
credit,1393.11,ACCT1459573,BRANCH54,Tomas Chen,ACCT1333980,2025-10-01 10:10:49,noise
debit,2319.64,ACCT7677606,BRANCH54,Tomas Chen,ACCT1333980,2025-09-29 21:28:13,noise
debit,172.56,ACCT5176874,BRANCH32,Tomas Chen,ACCT1333980,2025-09-28 15:07:01,noise
debit,1184.52,,BRANCH54,Tomas Chen,ACCT1333980,2025-09-24 09:09:39,noise
credit,661.42,ACCT9259450,BRANCH51,Tomas Chen,ACCT1333980,2025-09-24 12:45:39,noise
debit,1884.4,,BRANCH46,Tomas Chen,ACCT1333980,2025-09-21 22:08:50,noise
credit,2788.93,,BRANCH80,Tomas Chen,ACCT1333980,2025-09-10 04:03:51,noise
debit,217.12,,BRANCH54,Tomas Chen,ACCT1333980,2025-09-08 17:17:39,noise
debit,1364.1,,BRANCH54,Tomas Chen,ACCT1333980,2025-09-03 13:06:57,noise
debit,1378.13,,BRANCH92,Tomas Chen,ACCT1333980,2025-08-29 17:05:14,noise
credit,368.95,,BRANCH54,Tomas Chen,ACCT1333980,2025-08-28 01:07:10,noise
debit,441.62,ACCT1496415,BRANCH54,Tomas Chen,ACCT1333980,2025-08-26 10:40:12,noise
credit,842.11,,BRANCH54,Tomas Chen,ACCT1333980,2025-08-24 08:37:11,noise
debit,2055.25,,BRANCH54,Tomas Chen,ACCT1333980,2025-08-24 00:45:43,noise
credit,337.78,ACCT6774261,BRANCH54,Tomas Chen,ACCT1333980,2025-08-21 18:02:12,noise
debit,198.52,,BRANCH54,Tomas Chen,ACCT1333980,2025-08-20 16:28:50,noise
credit,615.08,,BRANCH54,Tomas Chen,ACCT1333980,2025-08-19 16:37:01,noise
debit,2492.32,,BRANCH37,Tomas Chen,ACCT1333980,2025-08-19 14:25:25,noise
credit,1987.37,ACCT7279224,BRANCH51,Tomas Chen,ACCT1333980,2025-08-16 15:14:24,noise
debit,1548.08,ACCT1794602,BRANCH45,Tomas Chen,ACCT1333980,2025-08-12 15:28:50,noise
debit,1096.15,,BRANCH54,Tomas Chen,ACCT1333980,2025-08-10 14:35:06,noise
credit,1058.26,,BRANCH54,Tomas Chen,ACCT1333980,2025-08-08 17:09:04,noise
credit,483.48,,BRANCH75,Mara Meyer,ACCT3711487,2025-10-03 15:31:01,noise
debit,357.3,,BRANCH83,Mara Meyer,ACCT3711487,2025-10-03 11:37:34,noise
credit,1217.38,,BRANCH74,Mara Meyer,ACCT3711487,2025-10-02 04:34:49,noise
debit,225.72,,BRANCH74,Mara Meyer,ACCT3711487,2025-10-02 11:16:55,noise
debit,651.91,,BRANCH18,Mara Meyer,ACCT3711487,2025-09-29 20:45:07,noise
credit,1247.25,,BRANCH67,Mara Meyer,ACCT3711487,2025-09-24 18:00:46,noise
debit,859.35,,BRANCH74,Mara Meyer,ACCT3711487,2025-09-20 13:40:12,noise
credit,1926.57,ACCT4915026,BRANCH74,Mara Meyer,ACCT3711487,2025-09-19 13:37:12,noise
credit,2082.54,,BRANCH82,Mara Meyer,ACCT3711487,2025-09-19 22:44:05,noise
credit,846.89,ACCT5823934,BRANCH74,Mara Meyer,ACCT3711487,2025-09-18 13:13:13,noise
credit,2803.15,,BRANCH74,Mara Meyer,ACCT3711487,2025-09-16 10:09:02,noise
credit,858.55,ACCT6692462,BRANCH74,Mara Meyer,ACCT3711487,2025-09-16 18:07:20,noise
debit,1914.37,ACCT4258044,BRANCH74,Mara Meyer,ACCT3711487,2025-09-15 13:07:44,noise
debit,1467.28,,BRANCH74,Mara Meyer,ACCT3711487,2025-09-14 17:10:35,noise
debit,603.47,ACCT7955969,BRANCH74,Mara Meyer,ACCT3711487,2025-09-11 09:37:14,noise
credit,108.86,,BRANCH63,Mara Meyer,ACCT3711487,2025-09-11 02:18:27,noise
credit,885.56,,BRANCH74,Mara Meyer,ACCT3711487,2025-09-10 14:13:19,noise
credit,194.74,,BRANCH74,Mara Meyer,ACCT3711487,2025-09-07 09:36:28,noise
credit,74.89,ACCT1496415,BRANCH60,Mara Meyer,ACCT3711487,2025-09-04 08:43:30,noise
debit,744.31,,BRANCH74,Mara Meyer,ACCT3711487,2025-09-04 03:33:55,noise
credit,686.71,,BRANCH74,Mara Meyer,ACCT3711487,2025-09-03 15:25:12,noise
credit,6589.01,ACCT1684538,BRANCH74,Mara Meyer,ACCT3711487,2025-09-03 15:41:10,noise
credit,530.5,,BRANCH74,Mara Meyer,ACCT3711487,2025-08-31 19:37:34,noise
credit,206.37,ACCT9551481,BRANCH74,Mara Meyer,ACCT3711487,2025-08-30 15:26:30,noise
debit,1408.15,,BRANCH74,Mara Meyer,ACCT3711487,2025-08-29 11:13:21,noise
credit,1332.3,ACCT3395659,BRANCH74,Mara Meyer,ACCT3711487,2025-08-29 22:42:03,noise
debit,748.58,,BRANCH74,Mara Meyer,ACCT3711487,2025-08-28 15:18:59,noise
credit,1042.07,ACCT3839640,BRANCH74,Mara Meyer,ACCT3711487,2025-08-28 23:37:12,noise
credit,936.28,,BRANCH74,Mara Meyer,ACCT3711487,2025-08-27 23:39:46,noise
debit,702.47,,BRANCH89,Mara Meyer,ACCT3711487,2025-08-27 03:40:43,noise
debit,329.44,,BRANCH74,Mara Meyer,ACCT3711487,2025-08-24 15:19:48,noise
credit,535.89,ACCT4802115,BRANCH74,Mara Meyer,ACCT3711487,2025-08-24 08:25:13,noise
debit,796.57,,BRANCH74,Mara Meyer,ACCT3711487,2025-08-17 14:19:34,noise
debit,287.01,ACCT5309925,BRANCH80,Mara Meyer,ACCT3711487,2025-08-13 11:07:29,noise
debit,817.79,,BRANCH74,Mara Meyer,ACCT3711487,2025-08-12 02:41:49,noise
credit,1385.17,ACCT1285496,BRANCH74,Mara Meyer,ACCT3711487,2025-08-10 21:34:42,noise
debit,1508.43,,BRANCH74,Mara Meyer,ACCT3711487,2025-08-09 13:35:33,noise
credit,455.44,,BRANCH74,Mara Meyer,ACCT3711487,2025-08-06 22:30:31,noise
debit,182.85,,BRANCH66,Raj Alvarez,ACCT3214195,2025-10-03 08:02:01,noise
credit,3633.93,,BRANCH36,Raj Alvarez,ACCT3214195,2025-10-02 23:19:29,noise
credit,4910.42,,BRANCH66,Raj Alvarez,ACCT3214195,2025-10-01 18:36:41,noise
credit,238.73,,BRANCH66,Raj Alvarez,ACCT3214195,2025-10-01 11:32:24,noise
debit,387.45,ACCT8803035,BRANCH83,Raj Alvarez,ACCT3214195,2025-09-30 11:34:20,noise
credit,612.48,,BRANCH10,Raj Alvarez,ACCT3214195,2025-09-30 20:14:21,noise
credit,774.1,,BRANCH66,Raj Alvarez,ACCT3214195,2025-09-27 20:05:37,noise
credit,1057.84,,BRANCH66,Raj Alvarez,ACCT3214195,2025-09-25 18:01:18,noise
debit,491.48,,BRANCH66,Raj Alvarez,ACCT3214195,2025-09-23 16:33:09,noise
credit,207.96,,BRANCH66,Raj Alvarez,ACCT3214195,2025-09-21 22:22:20,noise
debit,297.61,,BRANCH85,Raj Alvarez,ACCT3214195,2025-09-21 02:35:35,noise
debit,542.07,ACCT1901782,BRANCH22,Raj Alvarez,ACCT3214195,2025-09-20 18:27:46,noise
credit,312.93,,BRANCH66,Raj Alvarez,ACCT3214195,2025-09-20 14:28:10,noise
debit,247.97,,BRANCH66,Raj Alvarez,ACCT3214195,2025-09-19 11:13:39,noise
credit,1408.82,,BRANCH66,Raj Alvarez,ACCT3214195,2025-09-18 03:38:21,noise
debit,278.51,ACCT4012887,BRANCH66,Raj Alvarez,ACCT3214195,2025-09-18 20:37:41,noise
debit,1230.66,,BRANCH66,Raj Alvarez,ACCT3214195,2025-09-17 19:23:02,noise
debit,692.41,,BRANCH75,Raj Alvarez,ACCT3214195,2025-09-13 20:41:07,noise
debit,169.53,ACCT4038895,BRANCH58,Raj Alvarez,ACCT3214195,2025-09-13 15:31:20,noise
debit,2206.21,,BRANCH76,Raj Alvarez,ACCT3214195,2025-09-11 13:14:09,noise
credit,250.01,,BRANCH66,Raj Alvarez,ACCT3214195,2025-09-08 13:29:12,noise
debit,519.14,ACCT6868634,BRANCH47,Raj Alvarez,ACCT3214195,2025-09-07 11:00:10,noise
credit,1501.32,,BRANCH26,Raj Alvarez,ACCT3214195,2025-09-03 15:37:51,noise
credit,3408.0,,BRANCH66,Raj Alvarez,ACCT3214195,2025-08-31 18:22:04,noise
credit,492.37,,BRANCH66,Raj Alvarez,ACCT3214195,2025-08-30 17:44:51,noise
credit,1687.03,ACCT7756718,BRANCH66,Raj Alvarez,ACCT3214195,2025-08-27 09:17:11,noise
credit,850.82,ACCT5989977,BRANCH66,Raj Alvarez,ACCT3214195,2025-08-23 03:12:45,noise
debit,364.17,ACCT8799962,BRANCH98,Raj Alvarez,ACCT3214195,2025-08-23 21:21:15,noise
credit,1300.93,,BRANCH66,Raj Alvarez,ACCT3214195,2025-08-22 22:30:15,noise
credit,1061.01,,BRANCH66,Raj Alvarez,ACCT3214195,2025-08-18 19:20:54,noise
credit,146.69,,BRANCH66,Raj Alvarez,ACCT3214195,2025-08-18 08:30:06,noise
debit,1275.9,,BRANCH66,Raj Alvarez,ACCT3214195,2025-08-17 19:41:42,noise
credit,1858.27,ACCT1285496,BRANCH66,Raj Alvarez,ACCT3214195,2025-08-17 11:12:15,noise
credit,254.1,,BRANCH66,Raj Alvarez,ACCT3214195,2025-08-12 16:13:41,noise
credit,1173.18,ACCT7723725,BRANCH66,Raj Alvarez,ACCT3214195,2025-08-10 17:04:14,noise
debit,1034.33,ACCT3073444,BRANCH66,Raj Alvarez,ACCT3214195,2025-08-09 23:18:42,noise
credit,1172.48,,BRANCH34,Raj Alvarez,ACCT3214195,2025-08-09 16:35:12,noise
credit,367.88,,BRANCH66,Raj Alvarez,ACCT3214195,2025-08-06 13:31:51,noise
credit,165.28,,BRANCH66,Raj Alvarez,ACCT3214195,2025-08-04 09:42:22,noise
credit,1013.81,,BRANCH94,Ava Rossi,ACCT8933205,2025-10-01 16:36:08,noise
credit,537.32,,BRANCH84,Ava Rossi,ACCT8933205,2025-09-29 22:16:07,noise
credit,588.43,,BRANCH94,Ava Rossi,ACCT8933205,2025-09-28 17:29:48,noise
credit,1065.31,,BRANCH94,Ava Rossi,ACCT8933205,2025-09-26 19:18:46,noise
debit,92.23,,BRANCH94,Ava Rossi,ACCT8933205,2025-09-26 10:10:52,noise
debit,158.4,ACCT5823934,BRANCH61,Ava Rossi,ACCT8933205,2025-09-25 17:05:28,noise
credit,441.13,,BRANCH94,Ava Rossi,ACCT8933205,2025-09-20 18:14:11,noise
credit,559.2,,BRANCH94,Ava Rossi,ACCT8933205,2025-09-19 19:35:58,noise
debit,259.44,ACCT1684538,BRANCH94,Ava Rossi,ACCT8933205,2025-09-17 19:27:07,noise
credit,1456.16,,BRANCH94,Ava Rossi,ACCT8933205,2025-09-17 22:45:10,noise
debit,934.27,,BRANCH94,Ava Rossi,ACCT8933205,2025-09-15 01:28:06,noise
debit,2458.98,,BRANCH74,Ava Rossi,ACCT8933205,2025-09-14 20:10:51,noise
debit,594.71,,BRANCH94,Ava Rossi,ACCT8933205,2025-09-13 17:05:56,noise
credit,175.17,,BRANCH94,Ava Rossi,ACCT8933205,2025-09-12 10:19:10,noise
debit,2428.82,ACCT2364189,BRANCH94,Ava Rossi,ACCT8933205,2025-09-11 03:40:57,noise
credit,673.69,,BRANCH58,Ava Rossi,ACCT8933205,2025-09-10 10:28:06,noise
debit,1805.14,ACCT8555275,BRANCH34,Ava Rossi,ACCT8933205,2025-09-06 11:27:45,noise
debit,832.68,,BRANCH95,Ava Rossi,ACCT8933205,2025-09-05 15:40:49,noise
debit,342.81,,BRANCH94,Ava Rossi,ACCT8933205,2025-09-04 10:27:29,noise
credit,124.68,,BRANCH77,Ava Rossi,ACCT8933205,2025-09-02 15:26:34,noise
debit,6235.65,,BRANCH29,Ava Rossi,ACCT8933205,2025-09-01 15:14:39,noise
credit,427.95,ACCT3719831,BRANCH95,Ava Rossi,ACCT8933205,2025-08-30 11:25:12,noise
credit,398.05,,BRANCH94,Ava Rossi,ACCT8933205,2025-08-30 16:20:03,noise
credit,2161.89,,BRANCH90,Ava Rossi,ACCT8933205,2025-08-29 17:15:08,noise
debit,399.39,,BRANCH64,Ava Rossi,ACCT8933205,2025-08-29 11:11:12,noise
debit,3243.31,,BRANCH94,Ava Rossi,ACCT8933205,2025-08-28 10:19:05,noise
debit,981.41,,BRANCH93,Ava Rossi,ACCT8933205,2025-08-26 17:17:07,noise
credit,602.29,ACCT4072243,BRANCH62,Ava Rossi,ACCT8933205,2025-08-26 17:14:52,noise
credit,752.46,,BRANCH94,Ava Rossi,ACCT8933205,2025-08-22 11:36:41,noise
debit,341.81,,BRANCH94,Ava Rossi,ACCT8933205,2025-08-22 20:15:00,noise
debit,464.0,,BRANCH94,Ava Rossi,ACCT8933205,2025-08-21 23:12:08,noise
debit,195.82,,BRANCH92,Ava Rossi,ACCT8933205,2025-08-19 10:11:30,noise
credit,961.91,ACCT4038895,BRANCH94,Ava Rossi,ACCT8933205,2025-08-18 09:19:16,noise
debit,1263.24,,BRANCH94,Ava Rossi,ACCT8933205,2025-08-18 13:03:52,noise
debit,435.25,,BRANCH94,Ava Rossi,ACCT8933205,2025-08-17 11:40:50,noise
credit,634.57,,BRANCH94,Ava Rossi,ACCT8933205,2025-08-16 17:15:56,noise
debit,502.01,ACCT7374271,BRANCH94,Ava Rossi,ACCT8933205,2025-08-10 17:37:10,noise
debit,560.07,,BRANCH94,Ava Rossi,ACCT8933205,2025-08-07 20:22:08,noise
debit,1263.12,,BRANCH94,Ava Rossi,ACCT8933205,2025-08-06 18:36:25,noise
credit,627.58,,BRANCH94,Ava Rossi,ACCT8933205,2025-08-05 10:16:54,noise
debit,130.77,,BRANCH77,Fahad Mehta,ACCT3719831,2025-10-03 20:15:41,noise
debit,147.48,,BRANCH28,Fahad Mehta,ACCT3719831,2025-10-03 14:09:21,noise
debit,1373.17,,BRANCH18,Fahad Mehta,ACCT3719831,2025-10-01 12:10:16,noise
credit,1175.41,,BRANCH15,Fahad Mehta,ACCT3719831,2025-09-30 12:15:43,noise
credit,265.5,,BRANCH61,Fahad Mehta,ACCT3719831,2025-09-29 18:25:04,noise
debit,616.11,ACCT5309925,BRANCH61,Fahad Mehta,ACCT3719831,2025-09-29 10:14:43,noise
debit,1144.98,,BRANCH79,Fahad Mehta,ACCT3719831,2025-09-28 20:28:02,noise
credit,910.14,ACCT4915026,BRANCH61,Fahad Mehta,ACCT3719831,2025-09-23 17:36:33,noise
debit,1230.5,,BRANCH59,Fahad Mehta,ACCT3719831,2025-09-21 05:22:54,noise
credit,356.4,ACCT9709663,BRANCH19,Fahad Mehta,ACCT3719831,2025-09-20 16:01:35,noise
credit,1186.73,,BRANCH41,Fahad Mehta,ACCT3719831,2025-09-20 12:38:40,noise
debit,217.79,ACCT8939826,BRANCH61,Fahad Mehta,ACCT3719831,2025-09-12 23:03:10,noise
debit,525.7,,BRANCH61,Fahad Mehta,ACCT3719831,2025-09-05 13:18:55,noise
debit,304.26,,BRANCH61,Fahad Mehta,ACCT3719831,2025-09-05 05:00:14,noise
credit,3090.7,,BRANCH77,Fahad Mehta,ACCT3719831,2025-09-02 20:18:28,noise
debit,486.76,,BRANCH61,Fahad Mehta,ACCT3719831,2025-08-31 02:36:15,noise
credit,195.39,,BRANCH61,Fahad Mehta,ACCT3719831,2025-08-31 15:32:38,noise
debit,642.31,,BRANCH61,Fahad Mehta,ACCT3719831,2025-08-30 11:39:24,noise
debit,1001.68,,BRANCH61,Fahad Mehta,ACCT3719831,2025-08-29 16:14:19,noise
credit,1332.0,,BRANCH61,Fahad Mehta,ACCT3719831,2025-08-27 15:05:36,noise
credit,471.34,,BRANCH61,Fahad Mehta,ACCT3719831,2025-08-25 16:09:15,noise
credit,106.34,,BRANCH61,Fahad Mehta,ACCT3719831,2025-08-24 12:18:48,noise
credit,2285.87,,BRANCH61,Fahad Mehta,ACCT3719831,2025-08-21 21:12:01,noise
credit,1540.69,,BRANCH61,Fahad Mehta,ACCT3719831,2025-08-19 15:24:50,noise
credit,28.04,,BRANCH61,Fahad Mehta,ACCT3719831,2025-08-18 13:13:23,noise
credit,2693.81,,BRANCH61,Fahad Mehta,ACCT3719831,2025-08-18 10:07:43,noise
debit,183.74,,BRANCH61,Fahad Mehta,ACCT3719831,2025-08-17 17:45:00,noise
debit,1256.11,,BRANCH61,Fahad Mehta,ACCT3719831,2025-08-16 20:32:48,noise
debit,304.37,,BRANCH61,Fahad Mehta,ACCT3719831,2025-08-16 08:10:47,noise
credit,1252.57,,BRANCH78,Fahad Mehta,ACCT3719831,2025-08-15 11:29:43,noise
debit,1219.41,,BRANCH97,Fahad Mehta,ACCT3719831,2025-08-14 19:42:51,noise
debit,879.35,ACCT7677606,BRANCH49,Fahad Mehta,ACCT3719831,2025-08-13 15:13:25,noise
credit,169.21,,BRANCH45,Fahad Mehta,ACCT3719831,2025-08-13 12:02:44,noise
debit,924.21,,BRANCH61,Fahad Mehta,ACCT3719831,2025-08-12 15:43:22,noise
debit,796.57,,BRANCH61,Fahad Mehta,ACCT3719831,2025-08-12 15:25:04,noise
debit,777.48,,BRANCH23,Fahad Mehta,ACCT3719831,2025-08-11 23:39:18,noise
credit,1050.48,ACCT3159661,BRANCH61,Fahad Mehta,ACCT3719831,2025-08-11 13:45:39,noise
debit,318.97,,BRANCH49,Fahad Mehta,ACCT3719831,2025-08-08 21:18:24,noise
debit,1541.17,ACCT5849652,BRANCH61,Fahad Mehta,ACCT3719831,2025-08-05 11:13:38,noise
credit,335.39,,BRANCH70,Fahad Mehta,ACCT3719831,2025-08-05 22:34:27,noise
credit,550.73,,BRANCH62,Fahad Mehta,ACCT3719831,2025-08-04 14:06:35,noise
debit,796.69,,BRANCH47,Yara Rossi,ACCT6982186,2025-10-02 15:08:20,noise
credit,864.6,ACCT8933205,BRANCH47,Yara Rossi,ACCT6982186,2025-09-25 18:40:05,noise
credit,4450.31,ACCT6437438,BRANCH47,Yara Rossi,ACCT6982186,2025-09-25 10:24:59,noise
credit,558.93,,BRANCH47,Yara Rossi,ACCT6982186,2025-09-24 13:08:59,noise
credit,1911.37,,BRANCH47,Yara Rossi,ACCT6982186,2025-09-23 12:03:41,noise
debit,436.82,,BRANCH11,Yara Rossi,ACCT6982186,2025-09-21 18:40:39,noise
credit,645.26,,BRANCH98,Yara Rossi,ACCT6982186,2025-09-21 13:34:26,noise
debit,1402.68,,BRANCH49,Yara Rossi,ACCT6982186,2025-09-20 08:22:46,noise
debit,715.89,ACCT8508814,BRANCH82,Yara Rossi,ACCT6982186,2025-09-17 18:45:36,noise
credit,1018.11,ACCT1602495,BRANCH47,Yara Rossi,ACCT6982186,2025-09-16 17:10:03,noise
debit,5415.07,,BRANCH58,Yara Rossi,ACCT6982186,2025-09-14 13:06:30,noise
credit,577.12,ACCT1684538,BRANCH25,Yara Rossi,ACCT6982186,2025-09-12 09:30:49,noise
debit,1125.14,,BRANCH27,Yara Rossi,ACCT6982186,2025-09-12 03:36:32,noise
debit,593.91,,BRANCH47,Yara Rossi,ACCT6982186,2025-09-09 19:24:08,noise
credit,221.26,,BRANCH54,Yara Rossi,ACCT6982186,2025-09-09 20:11:52,noise
debit,506.97,,BRANCH47,Yara Rossi,ACCT6982186,2025-09-08 18:32:45,noise
credit,420.52,,BRANCH34,Yara Rossi,ACCT6982186,2025-09-07 13:11:21,noise
debit,629.12,,BRANCH47,Yara Rossi,ACCT6982186,2025-09-04 23:38:24,noise
debit,635.26,,BRANCH47,Yara Rossi,ACCT6982186,2025-08-30 13:45:04,noise
debit,1553.1,,BRANCH47,Yara Rossi,ACCT6982186,2025-08-29 03:37:03,noise
credit,622.67,,BRANCH47,Yara Rossi,ACCT6982186,2025-08-28 14:29:33,noise
debit,425.78,ACCT7422802,BRANCH62,Yara Rossi,ACCT6982186,2025-08-27 16:16:32,noise
credit,3366.94,,BRANCH65,Yara Rossi,ACCT6982186,2025-08-27 10:43:21,noise
credit,996.24,ACCT1333980,BRANCH47,Yara Rossi,ACCT6982186,2025-08-25 18:30:46,noise
debit,1012.31,,BRANCH47,Yara Rossi,ACCT6982186,2025-08-25 14:31:35,noise
credit,594.44,,BRANCH47,Yara Rossi,ACCT6982186,2025-08-24 16:11:42,noise
credit,351.46,,BRANCH47,Yara Rossi,ACCT6982186,2025-08-23 14:07:15,noise
debit,1477.19,ACCT7279224,BRANCH47,Yara Rossi,ACCT6982186,2025-08-22 11:02:10,noise
debit,669.69,,BRANCH45,Yara Rossi,ACCT6982186,2025-08-21 23:12:14,noise
debit,409.94,,BRANCH47,Yara Rossi,ACCT6982186,2025-08-21 11:07:24,noise
debit,1333.52,,BRANCH47,Yara Rossi,ACCT6982186,2025-08-18 08:24:48,noise
credit,199.78,,BRANCH47,Yara Rossi,ACCT6982186,2025-08-16 10:13:50,noise
debit,6557.43,,BRANCH59,Yara Rossi,ACCT6982186,2025-08-13 17:29:51,noise
debit,784.36,,BRANCH47,Yara Rossi,ACCT6982186,2025-08-13 16:16:12,noise
debit,1821.01,ACCT5891732,BRANCH47,Yara Rossi,ACCT6982186,2025-08-11 11:45:32,noise
credit,126.85,,BRANCH47,Yara Rossi,ACCT6982186,2025-08-10 21:32:41,noise
credit,578.79,,BRANCH12,Yara Rossi,ACCT6982186,2025-08-09 14:03:14,noise
debit,5229.52,,BRANCH47,Yara Rossi,ACCT6982186,2025-08-08 23:11:08,noise
debit,421.04,ACCT6868634,BRANCH47,Yara Rossi,ACCT6982186,2025-08-07 10:20:07,noise
credit,1639.18,,BRANCH47,Yara Rossi,ACCT6982186,2025-08-05 19:00:39,noise
credit,125.34,,BRANCH78,Yara Rossi,ACCT6982186,2025-08-04 11:10:03,noise
debit,992.54,,BRANCH47,Yara Rossi,ACCT6982186,2025-08-04 17:18:42,noise
debit,48305.62,ACCT1553287,BRANCH47,Yara Rossi,ACCT6982186,2025-12-25 01:06:53,noise
debit,77053.25,ACCT5577360,BRANCH90,Diego Lopes,ACCT1553287,2025-12-25 07:15:01,noise
debit,29861.2,ACCT4012887,BRANCH20,Fahad Alvarez,ACCT5577360,2025-12-27 12:06:15,noise
credit,959.78,ACCT9259450,BRANCH92,Elena Okafor,ACCT5713328,2025-10-01 10:01:17,noise
debit,382.93,,BRANCH48,Elena Okafor,ACCT5713328,2025-09-30 04:30:40,noise
debit,794.62,,BRANCH25,Elena Okafor,ACCT5713328,2025-09-30 19:27:50,noise
debit,309.38,,BRANCH77,Elena Okafor,ACCT5713328,2025-09-27 10:26:40,noise
debit,2263.9,,BRANCH31,Elena Okafor,ACCT5713328,2025-09-27 09:25:42,noise
credit,1828.98,,BRANCH27,Elena Okafor,ACCT5713328,2025-09-26 00:26:23,noise
credit,5152.61,,BRANCH48,Elena Okafor,ACCT5713328,2025-09-22 15:21:58,noise
debit,257.43,,BRANCH25,Elena Okafor,ACCT5713328,2025-09-22 14:30:55,noise
debit,508.53,,BRANCH25,Elena Okafor,ACCT5713328,2025-09-21 16:28:08,noise
debit,397.7,,BRANCH25,Elena Okafor,ACCT5713328,2025-09-19 13:00:20,noise
debit,613.07,,BRANCH25,Elena Okafor,ACCT5713328,2025-09-17 08:16:19,noise
credit,1561.89,,BRANCH49,Elena Okafor,ACCT5713328,2025-09-17 13:45:32,noise
debit,330.18,ACCT1588861,BRANCH25,Elena Okafor,ACCT5713328,2025-09-16 09:07:18,noise
debit,5682.71,,BRANCH25,Elena Okafor,ACCT5713328,2025-09-15 17:01:15,noise
debit,352.08,,BRANCH25,Elena Okafor,ACCT5713328,2025-09-14 22:00:55,noise
debit,584.72,ACCT7955969,BRANCH25,Elena Okafor,ACCT5713328,2025-09-11 09:02:41,noise
debit,383.47,,BRANCH25,Elena Okafor,ACCT5713328,2025-09-08 14:14:42,noise
debit,846.56,,BRANCH20,Elena Okafor,ACCT5713328,2025-09-08 15:03:12,noise
debit,1167.84,,BRANCH25,Elena Okafor,ACCT5713328,2025-09-05 12:32:24,noise
credit,3087.31,ACCT9259450,BRANCH25,Elena Okafor,ACCT5713328,2025-09-04 10:19:49,noise
debit,1114.67,,BRANCH25,Elena Okafor,ACCT5713328,2025-08-31 10:12:23,noise
credit,812.94,,BRANCH82,Elena Okafor,ACCT5713328,2025-08-22 11:04:10,noise
credit,161.25,,BRANCH25,Elena Okafor,ACCT5713328,2025-08-19 02:37:28,noise
debit,460.63,ACCT4828373,BRANCH97,Elena Okafor,ACCT5713328,2025-08-19 21:33:41,noise
debit,2065.28,,BRANCH15,Elena Okafor,ACCT5713328,2025-08-17 19:45:26,noise
debit,1428.54,,BRANCH25,Elena Okafor,ACCT5713328,2025-08-17 20:13:20,noise
credit,1181.57,,BRANCH58,Elena Okafor,ACCT5713328,2025-08-14 10:31:45,noise
credit,2319.65,ACCT8799962,BRANCH25,Elena Okafor,ACCT5713328,2025-08-14 22:32:38,noise
debit,686.23,ACCT6054742,BRANCH30,Elena Okafor,ACCT5713328,2025-08-12 17:43:00,noise
debit,1036.19,,BRANCH25,Elena Okafor,ACCT5713328,2025-08-10 08:11:45,noise
debit,1097.47,,BRANCH25,Elena Okafor,ACCT5713328,2025-08-10 22:06:13,noise
credit,441.41,ACCT9764673,BRANCH25,Elena Okafor,ACCT5713328,2025-08-07 20:14:04,noise
debit,763.97,,BRANCH36,Elena Okafor,ACCT5713328,2025-08-05 11:43:50,noise
credit,984.97,,BRANCH85,Lena Gomes,ACCT4828373,2025-10-02 14:16:15,noise
credit,1058.29,ACCT4258044,BRANCH85,Lena Gomes,ACCT4828373,2025-09-30 02:23:24,noise
debit,224.72,,BRANCH85,Lena Gomes,ACCT4828373,2025-09-29 09:39:42,noise
credit,1438.63,,BRANCH25,Lena Gomes,ACCT4828373,2025-09-22 14:13:14,noise
credit,1143.2,,BRANCH85,Lena Gomes,ACCT4828373,2025-09-22 18:06:13,noise
credit,363.79,ACCT9259450,BRANCH85,Lena Gomes,ACCT4828373,2025-09-18 08:32:12,noise
debit,722.17,ACCT5309925,BRANCH85,Lena Gomes,ACCT4828373,2025-09-17 09:26:50,noise
credit,738.66,ACCT1285496,BRANCH56,Lena Gomes,ACCT4828373,2025-09-15 11:29:34,noise
credit,503.19,,BRANCH95,Lena Gomes,ACCT4828373,2025-09-13 10:15:34,noise
credit,258.05,,BRANCH85,Lena Gomes,ACCT4828373,2025-09-11 10:10:44,noise
debit,1617.32,,BRANCH67,Lena Gomes,ACCT4828373,2025-09-09 08:40:51,noise
debit,644.24,ACCT2508781,BRANCH95,Lena Gomes,ACCT4828373,2025-09-06 18:26:22,noise
debit,114.51,,BRANCH11,Lena Gomes,ACCT4828373,2025-09-02 16:33:36,noise
credit,270.68,,BRANCH85,Lena Gomes,ACCT4828373,2025-09-01 03:23:10,noise
credit,755.86,,BRANCH50,Lena Gomes,ACCT4828373,2025-08-30 14:05:55,noise
credit,7082.97,ACCT4258044,BRANCH85,Lena Gomes,ACCT4828373,2025-08-29 16:30:35,noise
debit,1164.6,ACCT1627794,BRANCH85,Lena Gomes,ACCT4828373,2025-08-28 16:31:39,noise
debit,899.35,,BRANCH85,Lena Gomes,ACCT4828373,2025-08-27 12:31:14,noise
credit,79.4,,BRANCH85,Lena Gomes,ACCT4828373,2025-08-27 17:22:40,noise
credit,633.95,,BRANCH77,Lena Gomes,ACCT4828373,2025-08-26 13:44:53,noise
credit,396.72,,BRANCH64,Lena Gomes,ACCT4828373,2025-08-25 15:40:24,noise
debit,227.38,,BRANCH29,Lena Gomes,ACCT4828373,2025-08-23 14:31:20,noise
debit,644.63,,BRANCH85,Lena Gomes,ACCT4828373,2025-08-23 09:00:02,noise
credit,656.25,ACCT4258044,BRANCH85,Lena Gomes,ACCT4828373,2025-08-21 15:42:16,noise
credit,46.85,,BRANCH85,Lena Gomes,ACCT4828373,2025-08-20 15:19:04,noise
credit,1622.04,,BRANCH85,Lena Gomes,ACCT4828373,2025-08-20 21:24:06,noise
credit,873.71,,BRANCH85,Lena Gomes,ACCT4828373,2025-08-16 11:13:28,noise
debit,1600.7,,BRANCH85,Lena Gomes,ACCT4828373,2025-08-12 20:08:40,noise
debit,236.88,ACCT1553287,BRANCH85,Lena Gomes,ACCT4828373,2025-08-12 08:45:56,noise
debit,293.31,,BRANCH85,Lena Gomes,ACCT4828373,2025-08-10 20:28:14,noise
credit,455.43,,BRANCH85,Lena Gomes,ACCT4828373,2025-08-07 21:26:47,noise
credit,1057.07,ACCT5176874,BRANCH85,Lena Gomes,ACCT4828373,2025-08-07 08:04:28,noise
debit,1687.54,,BRANCH21,Grace Okafor,ACCT1459573,2025-10-03 16:13:17,noise
debit,1026.98,,BRANCH21,Grace Okafor,ACCT1459573,2025-10-03 21:25:25,noise
credit,1204.97,,BRANCH21,Grace Okafor,ACCT1459573,2025-09-27 08:45:34,noise
debit,696.76,ACCT9765654,BRANCH21,Grace Okafor,ACCT1459573,2025-09-27 12:20:32,noise
credit,476.11,,BRANCH21,Grace Okafor,ACCT1459573,2025-09-26 16:00:24,noise
debit,531.21,,BRANCH21,Grace Okafor,ACCT1459573,2025-09-23 17:26:18,noise
debit,2136.47,,BRANCH42,Grace Okafor,ACCT1459573,2025-09-21 16:38:21,noise
credit,147.04,ACCT7151876,BRANCH97,Grace Okafor,ACCT1459573,2025-09-20 18:38:28,noise
credit,514.09,,BRANCH52,Grace Okafor,ACCT1459573,2025-09-17 08:04:24,noise
debit,1450.8,,BRANCH21,Grace Okafor,ACCT1459573,2025-09-16 13:12:45,noise
debit,3000.0,ACCT8939826,BRANCH21,Grace Okafor,ACCT1459573,2025-09-15 13:14:27,noise
credit,396.65,ACCT2516181,BRANCH21,Grace Okafor,ACCT1459573,2025-09-13 12:23:50,noise
credit,145.67,,BRANCH21,Grace Okafor,ACCT1459573,2025-09-11 10:37:25,noise
debit,354.88,,BRANCH21,Grace Okafor,ACCT1459573,2025-09-11 21:40:56,noise
credit,131.62,,BRANCH21,Grace Okafor,ACCT1459573,2025-09-10 03:05:17,noise
debit,925.27,,BRANCH86,Grace Okafor,ACCT1459573,2025-09-09 08:23:50,noise
debit,659.88,,BRANCH21,Grace Okafor,ACCT1459573,2025-09-08 13:23:32,noise
credit,1646.56,,BRANCH21,Grace Okafor,ACCT1459573,2025-09-07 08:32:22,noise
credit,570.12,,BRANCH36,Grace Okafor,ACCT1459573,2025-09-06 17:19:14,noise
debit,804.23,ACCT5818383,BRANCH42,Grace Okafor,ACCT1459573,2025-09-04 20:42:55,noise
credit,954.92,ACCT5976562,BRANCH40,Grace Okafor,ACCT1459573,2025-09-02 15:00:26,noise
credit,1238.06,,BRANCH21,Grace Okafor,ACCT1459573,2025-09-02 17:40:00,noise
debit,1464.94,ACCT7513123,BRANCH21,Grace Okafor,ACCT1459573,2025-08-26 23:39:20,noise
debit,2894.13,,BRANCH21,Grace Okafor,ACCT1459573,2025-08-26 12:22:19,noise
debit,331.4,,BRANCH31,Grace Okafor,ACCT1459573,2025-08-25 01:04:56,noise
credit,173.1,ACCT1659398,BRANCH21,Grace Okafor,ACCT1459573,2025-08-24 19:16:58,noise
debit,466.47,,BRANCH21,Grace Okafor,ACCT1459573,2025-08-24 22:37:12,noise
credit,2061.56,,BRANCH21,Grace Okafor,ACCT1459573,2025-08-23 20:08:20,noise
debit,98.19,ACCT1302691,BRANCH21,Grace Okafor,ACCT1459573,2025-08-22 19:01:48,noise
debit,585.66,ACCT9259450,BRANCH21,Grace Okafor,ACCT1459573,2025-08-16 08:27:02,noise
credit,3463.75,ACCT2737417,BRANCH21,Grace Okafor,ACCT1459573,2025-08-16 13:40:16,noise
credit,2876.21,,BRANCH21,Grace Okafor,ACCT1459573,2025-08-15 19:21:13,noise
debit,322.79,ACCT6628906,BRANCH21,Grace Okafor,ACCT1459573,2025-08-13 11:10:04,noise
debit,204.71,,BRANCH21,Grace Okafor,ACCT1459573,2025-08-13 15:05:44,noise
credit,414.01,,BRANCH21,Grace Okafor,ACCT1459573,2025-08-12 19:45:23,noise
debit,819.95,ACCT2866782,BRANCH97,Grace Okafor,ACCT1459573,2025-08-10 23:41:46,noise
debit,1814.84,,BRANCH21,Grace Okafor,ACCT1459573,2025-08-05 12:06:44,noise
credit,2030.35,ACCT7723725,BRANCH21,Grace Okafor,ACCT1459573,2025-08-05 19:36:09,noise
credit,1223.06,ACCT4915026,BRANCH21,Grace Okafor,ACCT1459573,2025-08-04 15:36:43,noise
credit,479.63,,BRANCH48,Mara Zhou,ACCT9765654,2025-10-01 15:35:04,noise
credit,204.71,,BRANCH23,Mara Zhou,ACCT9765654,2025-09-30 17:23:30,noise
credit,1142.99,ACCT1553210,BRANCH68,Mara Zhou,ACCT9765654,2025-09-28 17:30:10,noise
credit,108.26,,BRANCH47,Mara Zhou,ACCT9765654,2025-09-26 18:11:10,noise
debit,1263.45,,BRANCH48,Mara Zhou,ACCT9765654,2025-09-25 11:03:43,noise
debit,1570.24,,BRANCH48,Mara Zhou,ACCT9765654,2025-09-25 16:44:53,noise
credit,138.18,,BRANCH48,Mara Zhou,ACCT9765654,2025-09-24 16:22:13,noise
debit,1310.14,,BRANCH48,Mara Zhou,ACCT9765654,2025-09-24 23:00:44,noise
debit,790.47,,BRANCH48,Mara Zhou,ACCT9765654,2025-09-22 13:02:55,noise
debit,1617.13,,BRANCH48,Mara Zhou,ACCT9765654,2025-09-19 17:38:08,noise
credit,265.81,ACCT5989977,BRANCH48,Mara Zhou,ACCT9765654,2025-09-17 19:03:03,noise
credit,690.0,ACCT9764673,BRANCH48,Mara Zhou,ACCT9765654,2025-09-14 11:10:51,noise
credit,2799.61,,BRANCH46,Mara Zhou,ACCT9765654,2025-09-08 09:23:06,noise
credit,272.06,,BRANCH48,Mara Zhou,ACCT9765654,2025-09-07 19:22:37,noise
credit,886.03,,BRANCH99,Mara Zhou,ACCT9765654,2025-09-05 10:11:08,noise
debit,316.6,ACCT6437438,BRANCH48,Mara Zhou,ACCT9765654,2025-09-04 10:14:07,noise
debit,1343.36,,BRANCH48,Mara Zhou,ACCT9765654,2025-09-01 14:19:01,noise
credit,1674.17,,BRANCH48,Mara Zhou,ACCT9765654,2025-08-30 20:29:38,noise
credit,287.95,ACCT1602495,BRANCH48,Mara Zhou,ACCT9765654,2025-08-28 10:22:33,noise
debit,251.72,,BRANCH26,Mara Zhou,ACCT9765654,2025-08-25 20:37:51,noise
debit,3343.7,,BRANCH48,Mara Zhou,ACCT9765654,2025-08-24 15:04:09,noise
credit,981.43,,BRANCH87,Mara Zhou,ACCT9765654,2025-08-22 10:17:50,noise
debit,173.32,ACCT1553210,BRANCH48,Mara Zhou,ACCT9765654,2025-08-22 18:37:46,noise
credit,324.51,ACCT5976562,BRANCH25,Mara Zhou,ACCT9765654,2025-08-21 19:25:57,noise
credit,515.47,,BRANCH28,Mara Zhou,ACCT9765654,2025-08-20 14:39:16,noise
credit,287.22,,BRANCH48,Mara Zhou,ACCT9765654,2025-08-20 12:07:02,noise
debit,1124.54,,BRANCH48,Mara Zhou,ACCT9765654,2025-08-15 10:16:03,noise
debit,739.53,,BRANCH32,Mara Zhou,ACCT9765654,2025-08-14 12:37:37,noise
credit,1497.0,ACCT7953951,BRANCH48,Mara Zhou,ACCT9765654,2025-08-14 18:00:24,noise
credit,513.75,,BRANCH48,Mara Zhou,ACCT9765654,2025-08-12 11:07:43,noise
credit,689.65,,BRANCH47,Mara Zhou,ACCT9765654,2025-08-07 08:23:28,noise
credit,1060.07,,BRANCH48,Mara Zhou,ACCT9765654,2025-08-07 08:23:32,noise
credit,373.27,,BRANCH57,Mara Zhou,ACCT9765654,2025-08-06 14:30:27,noise
debit,1296.63,,BRANCH48,Mara Zhou,ACCT9765654,2025-08-06 12:27:36,noise
credit,129.13,,BRANCH87,Mara Zhou,ACCT9765654,2025-08-05 11:11:54,noise
credit,1002.51,,BRANCH57,Victor Alvarez,ACCT8555275,2025-09-29 18:23:29,noise
debit,120.2,,BRANCH57,Victor Alvarez,ACCT8555275,2025-09-28 09:10:57,noise
debit,2206.82,,BRANCH57,Victor Alvarez,ACCT8555275,2025-09-26 17:15:47,noise
debit,1243.67,,BRANCH57,Victor Alvarez,ACCT8555275,2025-09-26 14:22:38,noise
credit,1393.33,,BRANCH57,Victor Alvarez,ACCT8555275,2025-09-25 20:43:49,noise
credit,552.94,ACCT7151876,BRANCH75,Victor Alvarez,ACCT8555275,2025-09-23 10:38:19,noise
debit,3079.94,,BRANCH57,Victor Alvarez,ACCT8555275,2025-09-23 18:09:27,noise
debit,923.92,,BRANCH57,Victor Alvarez,ACCT8555275,2025-09-20 17:03:11,noise
credit,123.02,,BRANCH93,Victor Alvarez,ACCT8555275,2025-09-20 04:35:04,noise
credit,1190.98,,BRANCH80,Victor Alvarez,ACCT8555275,2025-09-18 18:41:58,noise
debit,836.46,ACCT4915026,BRANCH57,Victor Alvarez,ACCT8555275,2025-09-16 21:12:11,noise
debit,521.09,,BRANCH57,Victor Alvarez,ACCT8555275,2025-09-16 16:31:58,noise
credit,216.36,,BRANCH57,Victor Alvarez,ACCT8555275,2025-09-13 04:23:54,noise
credit,1267.78,,BRANCH57,Victor Alvarez,ACCT8555275,2025-09-08 13:30:34,noise
credit,417.41,ACCT1901782,BRANCH57,Victor Alvarez,ACCT8555275,2025-09-06 18:13:15,noise
debit,346.67,ACCT8715601,BRANCH57,Victor Alvarez,ACCT8555275,2025-09-05 15:29:24,noise
credit,605.45,ACCT6702027,BRANCH57,Victor Alvarez,ACCT8555275,2025-09-05 14:05:53,noise
credit,5274.81,,BRANCH45,Victor Alvarez,ACCT8555275,2025-09-01 15:21:16,noise
credit,792.58,,BRANCH47,Victor Alvarez,ACCT8555275,2025-09-01 10:09:19,noise
debit,119.07,,BRANCH57,Victor Alvarez,ACCT8555275,2025-08-30 21:05:07,noise
debit,2925.48,,BRANCH57,Victor Alvarez,ACCT8555275,2025-08-30 12:16:07,noise
credit,154.7,,BRANCH57,Victor Alvarez,ACCT8555275,2025-08-29 13:38:43,noise
credit,962.05,,BRANCH57,Victor Alvarez,ACCT8555275,2025-08-27 23:07:53,noise
credit,365.75,ACCT5849652,BRANCH57,Victor Alvarez,ACCT8555275,2025-08-27 00:41:00,noise
debit,3640.32,,BRANCH57,Victor Alvarez,ACCT8555275,2025-08-26 14:19:56,noise
debit,1398.37,,BRANCH57,Victor Alvarez,ACCT8555275,2025-08-22 22:15:31,noise
debit,438.95,,BRANCH57,Victor Alvarez,ACCT8555275,2025-08-20 21:06:48,noise
debit,432.57,ACCT7513123,BRANCH57,Victor Alvarez,ACCT8555275,2025-08-17 08:17:47,noise
credit,527.28,,BRANCH57,Victor Alvarez,ACCT8555275,2025-08-16 14:35:17,noise
credit,1211.78,ACCT1794602,BRANCH57,Victor Alvarez,ACCT8555275,2025-08-16 20:34:04,noise
debit,524.71,,BRANCH57,Victor Alvarez,ACCT8555275,2025-08-15 15:08:37,noise
credit,2978.69,,BRANCH57,Victor Alvarez,ACCT8555275,2025-08-12 08:40:48,noise
debit,501.67,,BRANCH57,Victor Alvarez,ACCT8555275,2025-08-12 18:37:25,noise
credit,564.66,,BRANCH67,Victor Alvarez,ACCT8555275,2025-08-10 10:33:00,noise
credit,150.02,,BRANCH23,Victor Alvarez,ACCT8555275,2025-08-08 13:06:59,noise
credit,780.67,,BRANCH57,Victor Alvarez,ACCT8555275,2025-08-08 08:44:12,noise
debit,1091.98,,BRANCH57,Victor Alvarez,ACCT8555275,2025-08-07 21:25:10,noise
debit,457.96,ACCT1786547,BRANCH57,Victor Alvarez,ACCT8555275,2025-08-07 18:10:15,noise
credit,321.42,ACCT6868634,BRANCH57,Victor Alvarez,ACCT8555275,2025-08-06 10:39:22,noise
debit,2420.84,,BRANCH57,Victor Alvarez,ACCT8555275,2025-08-06 08:43:36,noise
debit,580.94,,BRANCH57,Victor Alvarez,ACCT8555275,2025-08-05 12:10:39,noise
credit,1114.55,ACCT4828373,BRANCH33,Noah Novak,ACCT8508814,2025-10-03 03:39:27,noise
debit,2361.79,ACCT7279224,BRANCH33,Noah Novak,ACCT8508814,2025-10-01 17:38:29,noise
debit,411.06,,BRANCH74,Noah Novak,ACCT8508814,2025-09-29 16:28:24,noise
debit,561.67,,BRANCH33,Noah Novak,ACCT8508814,2025-09-29 11:08:53,noise
debit,477.43,,BRANCH33,Noah Novak,ACCT8508814,2025-09-27 18:19:57,noise
debit,603.2,,BRANCH33,Noah Novak,ACCT8508814,2025-09-24 08:14:59,noise
credit,577.27,,BRANCH33,Noah Novak,ACCT8508814,2025-09-20 21:05:49,noise
debit,232.09,,BRANCH33,Noah Novak,ACCT8508814,2025-09-19 13:45:59,noise
debit,456.37,,BRANCH43,Noah Novak,ACCT8508814,2025-09-18 23:22:32,noise
credit,560.96,ACCT3395659,BRANCH33,Noah Novak,ACCT8508814,2025-09-17 11:03:04,noise
debit,1116.81,,BRANCH33,Noah Novak,ACCT8508814,2025-09-13 10:21:17,noise
debit,712.15,,BRANCH33,Noah Novak,ACCT8508814,2025-09-07 10:42:52,noise
debit,518.5,,BRANCH33,Noah Novak,ACCT8508814,2025-09-03 11:27:45,noise
credit,1610.41,,BRANCH33,Noah Novak,ACCT8508814,2025-09-03 10:03:54,noise
debit,279.93,,BRANCH46,Noah Novak,ACCT8508814,2025-08-30 13:38:33,noise
debit,759.07,ACCT4828373,BRANCH33,Noah Novak,ACCT8508814,2025-08-29 08:43:59,noise
credit,603.17,,BRANCH33,Noah Novak,ACCT8508814,2025-08-28 18:22:40,noise
credit,591.42,ACCT8933205,BRANCH33,Noah Novak,ACCT8508814,2025-08-27 13:07:26,noise
credit,256.28,,BRANCH33,Noah Novak,ACCT8508814,2025-08-25 15:18:20,noise
credit,415.25,ACCT3074370,BRANCH83,Noah Novak,ACCT8508814,2025-08-23 16:35:16,noise
debit,903.85,,BRANCH33,Noah Novak,ACCT8508814,2025-08-22 19:31:46,noise
credit,1701.47,,BRANCH33,Noah Novak,ACCT8508814,2025-08-22 08:43:57,noise
debit,881.54,,BRANCH29,Noah Novak,ACCT8508814,2025-08-19 14:39:20,noise
credit,1214.23,ACCT7677606,BRANCH33,Noah Novak,ACCT8508814,2025-08-19 09:30:59,noise
debit,175.42,ACCT5309925,BRANCH57,Noah Novak,ACCT8508814,2025-08-18 08:12:22,noise
credit,326.1,,BRANCH73,Noah Novak,ACCT8508814,2025-08-14 14:27:13,noise
debit,806.86,ACCT5138284,BRANCH46,Noah Novak,ACCT8508814,2025-08-13 15:19:01,noise
credit,800.74,,BRANCH33,Noah Novak,ACCT8508814,2025-08-13 23:24:47,noise
debit,1028.42,,BRANCH29,Noah Novak,ACCT8508814,2025-08-12 22:43:08,noise
debit,1070.81,,BRANCH33,Noah Novak,ACCT8508814,2025-08-12 09:41:14,noise
debit,1476.74,,BRANCH13,Noah Novak,ACCT8508814,2025-08-09 17:19:20,noise
credit,236.56,,BRANCH33,Noah Novak,ACCT8508814,2025-08-08 15:12:47,noise
credit,1568.99,,BRANCH33,Noah Novak,ACCT8508814,2025-08-07 15:05:28,noise
credit,762.4,,BRANCH40,Lena Okafor,ACCT6144644,2025-10-03 14:00:19,noise
debit,344.99,,BRANCH40,Lena Okafor,ACCT6144644,2025-10-02 17:04:20,noise
debit,72.36,,BRANCH40,Lena Okafor,ACCT6144644,2025-09-28 13:28:34,noise
credit,1753.11,,BRANCH40,Lena Okafor,ACCT6144644,2025-09-24 14:42:43,noise
credit,867.38,,BRANCH28,Lena Okafor,ACCT6144644,2025-09-24 15:09:08,noise
credit,423.06,,BRANCH40,Lena Okafor,ACCT6144644,2025-09-23 14:44:35,noise
credit,233.32,,BRANCH85,Lena Okafor,ACCT6144644,2025-09-21 17:36:29,noise
credit,976.65,,BRANCH40,Lena Okafor,ACCT6144644,2025-09-21 19:08:41,noise
credit,489.39,,BRANCH40,Lena Okafor,ACCT6144644,2025-09-19 17:21:23,noise
credit,494.85,,BRANCH40,Lena Okafor,ACCT6144644,2025-09-14 02:32:04,noise
credit,112.57,,BRANCH40,Lena Okafor,ACCT6144644,2025-09-14 22:45:49,noise
debit,679.95,ACCT1102762,BRANCH40,Lena Okafor,ACCT6144644,2025-09-13 08:00:14,noise
debit,745.24,,BRANCH40,Lena Okafor,ACCT6144644,2025-09-10 13:36:00,noise
debit,827.62,ACCT6261945,BRANCH75,Lena Okafor,ACCT6144644,2025-09-08 21:16:53,noise
debit,320.45,ACCT7756718,BRANCH35,Lena Okafor,ACCT6144644,2025-09-08 12:03:53,noise
debit,198.03,,BRANCH14,Lena Okafor,ACCT6144644,2025-09-04 17:36:25,noise
debit,250.18,,BRANCH40,Lena Okafor,ACCT6144644,2025-09-01 20:05:11,noise
credit,873.68,ACCT5776409,BRANCH18,Lena Okafor,ACCT6144644,2025-08-31 22:05:10,noise
credit,375.01,,BRANCH40,Lena Okafor,ACCT6144644,2025-08-30 08:17:40,noise
debit,609.62,ACCT5849652,BRANCH17,Lena Okafor,ACCT6144644,2025-08-30 10:40:23,noise
credit,590.97,,BRANCH40,Lena Okafor,ACCT6144644,2025-08-28 16:14:40,noise
credit,476.57,,BRANCH40,Lena Okafor,ACCT6144644,2025-08-27 01:34:02,noise
credit,1013.51,,BRANCH40,Lena Okafor,ACCT6144644,2025-08-27 21:12:03,noise
debit,1009.15,ACCT1794602,BRANCH40,Lena Okafor,ACCT6144644,2025-08-26 13:00:26,noise
debit,2509.87,,BRANCH40,Lena Okafor,ACCT6144644,2025-08-24 10:37:26,noise
credit,1416.42,,BRANCH40,Lena Okafor,ACCT6144644,2025-08-21 08:17:35,noise
debit,856.97,,BRANCH40,Lena Okafor,ACCT6144644,2025-08-21 10:21:07,noise
credit,170.55,,BRANCH40,Lena Okafor,ACCT6144644,2025-08-19 17:43:48,noise
debit,268.0,,BRANCH40,Lena Okafor,ACCT6144644,2025-08-15 10:18:48,noise
debit,304.15,,BRANCH40,Lena Okafor,ACCT6144644,2025-08-15 13:05:56,noise
credit,344.54,,BRANCH35,Lena Okafor,ACCT6144644,2025-08-10 10:29:27,noise
credit,328.26,,BRANCH40,Lena Okafor,ACCT6144644,2025-08-10 19:18:47,noise
credit,284.16,ACCT2866782,BRANCH86,Lena Okafor,ACCT6144644,2025-08-09 16:45:39,noise
debit,1177.63,,BRANCH40,Lena Okafor,ACCT6144644,2025-08-09 09:05:05,noise
debit,764.28,ACCT5185554,BRANCH40,Lena Okafor,ACCT6144644,2025-08-08 15:27:12,noise
debit,1480.0,ACCT4915026,BRANCH40,Lena Okafor,ACCT6144644,2025-08-06 19:36:56,noise
debit,305.39,ACCT3214195,BRANCH40,Lena Okafor,ACCT6144644,2025-08-05 16:03:36,noise
debit,654.06,,BRANCH40,Lena Okafor,ACCT6144644,2025-08-04 16:03:25,noise
credit,1342.07,,BRANCH10,Jin Vargas,ACCT1285496,2025-10-02 05:13:56,noise
debit,347.15,,BRANCH10,Jin Vargas,ACCT1285496,2025-09-29 23:44:49,noise
debit,568.26,,BRANCH10,Jin Vargas,ACCT1285496,2025-09-28 16:43:46,noise
debit,1348.15,,BRANCH25,Jin Vargas,ACCT1285496,2025-09-26 18:05:25,noise
debit,406.81,,BRANCH60,Jin Vargas,ACCT1285496,2025-09-24 19:23:07,noise
debit,361.18,,BRANCH66,Jin Vargas,ACCT1285496,2025-09-24 21:26:09,noise
debit,366.75,,BRANCH10,Jin Vargas,ACCT1285496,2025-09-23 14:06:20,noise
credit,398.85,,BRANCH10,Jin Vargas,ACCT1285496,2025-09-21 18:12:02,noise
credit,1676.98,,BRANCH10,Jin Vargas,ACCT1285496,2025-09-21 09:36:18,noise
debit,166.9,ACCT2494777,BRANCH10,Jin Vargas,ACCT1285496,2025-09-20 03:29:36,noise
credit,2195.47,ACCT1496415,BRANCH10,Jin Vargas,ACCT1285496,2025-09-20 17:14:38,noise
debit,1473.15,,BRANCH10,Jin Vargas,ACCT1285496,2025-09-19 09:11:51,noise
credit,344.01,,BRANCH10,Jin Vargas,ACCT1285496,2025-09-19 09:03:25,noise
credit,398.0,,BRANCH10,Jin Vargas,ACCT1285496,2025-09-17 16:44:36,noise
credit,1222.43,,BRANCH37,Jin Vargas,ACCT1285496,2025-09-16 09:44:37,noise
debit,1056.22,,BRANCH10,Jin Vargas,ACCT1285496,2025-09-16 16:15:17,noise
debit,190.91,ACCT8715601,BRANCH10,Jin Vargas,ACCT1285496,2025-09-13 14:20:43,noise
debit,472.09,,BRANCH10,Jin Vargas,ACCT1285496,2025-09-12 08:31:33,noise
credit,790.62,ACCT2516181,BRANCH21,Jin Vargas,ACCT1285496,2025-09-12 12:02:04,noise
credit,923.16,,BRANCH10,Jin Vargas,ACCT1285496,2025-09-10 16:29:34,noise
credit,535.06,,BRANCH75,Jin Vargas,ACCT1285496,2025-09-09 15:00:27,noise
debit,87.87,,BRANCH10,Jin Vargas,ACCT1285496,2025-09-09 19:27:59,noise
debit,1865.93,,BRANCH10,Jin Vargas,ACCT1285496,2025-09-06 14:28:28,noise
credit,509.64,ACCT1496415,BRANCH10,Jin Vargas,ACCT1285496,2025-09-06 22:20:00,noise
credit,862.19,ACCT4198319,BRANCH10,Jin Vargas,ACCT1285496,2025-08-29 20:45:30,noise
credit,1064.93,,BRANCH10,Jin Vargas,ACCT1285496,2025-08-25 04:00:27,noise
debit,614.8,,BRANCH10,Jin Vargas,ACCT1285496,2025-08-24 20:40:24,noise
credit,1707.63,,BRANCH10,Jin Vargas,ACCT1285496,2025-08-24 20:08:05,noise
debit,2128.62,ACCT3711487,BRANCH10,Jin Vargas,ACCT1285496,2025-08-23 19:36:48,noise
credit,2034.16,ACCT1684538,BRANCH10,Jin Vargas,ACCT1285496,2025-08-18 11:37:21,noise
credit,347.75,ACCT4012887,BRANCH10,Jin Vargas,ACCT1285496,2025-08-18 13:04:17,noise
debit,286.86,,BRANCH10,Jin Vargas,ACCT1285496,2025-08-12 11:28:58,noise
debit,3000.0,ACCT5989977,BRANCH82,Jin Vargas,ACCT1285496,2025-08-11 15:18:49,noise
credit,824.3,,BRANCH25,Jin Vargas,ACCT1285496,2025-08-11 08:17:08,noise
debit,2195.03,,BRANCH10,Jin Vargas,ACCT1285496,2025-08-09 18:40:50,noise
credit,1328.61,,BRANCH10,Jin Vargas,ACCT1285496,2025-08-09 09:42:44,noise
credit,539.23,,BRANCH10,Jin Vargas,ACCT1285496,2025-08-07 19:15:21,noise
credit,985.0,,BRANCH10,Jin Vargas,ACCT1285496,2025-08-04 20:45:01,noise
debit,1907.74,,BRANCH96,Xin Gomes,ACCT6261945,2025-09-30 11:25:04,noise
debit,332.93,,BRANCH96,Xin Gomes,ACCT6261945,2025-09-29 17:26:18,noise
debit,1951.28,,BRANCH85,Xin Gomes,ACCT6261945,2025-09-27 12:19:53,noise
credit,333.2,ACCT8939826,BRANCH53,Xin Gomes,ACCT6261945,2025-09-26 10:20:50,noise
credit,400.75,,BRANCH96,Xin Gomes,ACCT6261945,2025-09-25 00:26:04,noise
credit,429.13,,BRANCH90,Xin Gomes,ACCT6261945,2025-09-25 13:18:25,noise
debit,1784.19,,BRANCH96,Xin Gomes,ACCT6261945,2025-09-24 15:35:26,noise
credit,1025.77,ACCT6868634,BRANCH19,Xin Gomes,ACCT6261945,2025-09-24 14:11:22,noise
credit,1067.8,,BRANCH96,Xin Gomes,ACCT6261945,2025-09-20 18:08:39,noise
debit,204.36,,BRANCH96,Xin Gomes,ACCT6261945,2025-09-20 19:39:46,noise
credit,2048.81,,BRANCH96,Xin Gomes,ACCT6261945,2025-09-18 12:28:07,noise
debit,514.39,ACCT1659398,BRANCH96,Xin Gomes,ACCT6261945,2025-09-17 05:24:55,noise
debit,630.21,,BRANCH96,Xin Gomes,ACCT6261945,2025-09-17 10:13:12,noise
credit,114.21,,BRANCH96,Xin Gomes,ACCT6261945,2025-09-14 12:32:26,noise
debit,649.93,ACCT3226059,BRANCH96,Xin Gomes,ACCT6261945,2025-09-13 20:29:59,noise
debit,868.55,,BRANCH96,Xin Gomes,ACCT6261945,2025-09-11 15:30:12,noise
debit,1230.98,,BRANCH61,Xin Gomes,ACCT6261945,2025-09-09 11:36:08,noise
debit,2229.7,,BRANCH96,Xin Gomes,ACCT6261945,2025-09-04 09:15:48,noise
credit,280.81,,BRANCH96,Xin Gomes,ACCT6261945,2025-09-04 08:06:04,noise
debit,380.44,ACCT9436186,BRANCH96,Xin Gomes,ACCT6261945,2025-09-03 10:28:54,noise
debit,518.33,,BRANCH96,Xin Gomes,ACCT6261945,2025-09-03 13:39:14,noise
debit,1422.18,ACCT7422802,BRANCH96,Xin Gomes,ACCT6261945,2025-09-02 22:03:25,noise
credit,909.56,,BRANCH96,Xin Gomes,ACCT6261945,2025-08-31 18:33:48,noise
credit,379.47,ACCT5989977,BRANCH83,Xin Gomes,ACCT6261945,2025-08-31 11:39:17,noise
credit,574.42,ACCT3214195,BRANCH96,Xin Gomes,ACCT6261945,2025-08-29 14:05:40,noise
debit,169.03,ACCT6144644,BRANCH18,Xin Gomes,ACCT6261945,2025-08-29 21:14:22,noise
debit,175.53,ACCT9709663,BRANCH96,Xin Gomes,ACCT6261945,2025-08-28 17:10:51,noise
credit,1342.43,,BRANCH96,Xin Gomes,ACCT6261945,2025-08-26 12:12:19,noise
debit,674.27,,BRANCH15,Xin Gomes,ACCT6261945,2025-08-25 21:04:50,noise
credit,1342.12,,BRANCH96,Xin Gomes,ACCT6261945,2025-08-25 08:15:11,noise
debit,145.08,,BRANCH99,Xin Gomes,ACCT6261945,2025-08-23 15:28:10,noise
debit,1434.95,,BRANCH96,Xin Gomes,ACCT6261945,2025-08-22 20:28:46,noise
debit,277.59,,BRANCH96,Xin Gomes,ACCT6261945,2025-08-10 20:30:54,noise
debit,1076.88,ACCT1786547,BRANCH96,Xin Gomes,ACCT6261945,2025-08-09 14:00:09,noise
debit,375.6,,BRANCH56,Xin Gomes,ACCT6261945,2025-08-09 18:43:36,noise
debit,444.51,,BRANCH96,Xin Gomes,ACCT6261945,2025-08-08 20:14:36,noise
credit,3444.18,,BRANCH38,Raj Duarte,ACCT9002526,2025-10-02 08:45:14,noise
debit,550.91,,BRANCH38,Raj Duarte,ACCT9002526,2025-10-01 11:09:51,noise
credit,495.85,,BRANCH38,Raj Duarte,ACCT9002526,2025-09-30 18:10:48,noise
debit,1191.09,ACCT4828373,BRANCH45,Raj Duarte,ACCT9002526,2025-09-29 15:44:16,noise
credit,1045.5,ACCT2884327,BRANCH38,Raj Duarte,ACCT9002526,2025-09-29 09:36:30,noise
debit,312.16,ACCT1588861,BRANCH38,Raj Duarte,ACCT9002526,2025-09-27 11:34:35,noise
debit,102.22,,BRANCH38,Raj Duarte,ACCT9002526,2025-09-26 16:02:56,noise
debit,207.92,,BRANCH38,Raj Duarte,ACCT9002526,2025-09-22 09:27:46,noise
credit,916.28,,BRANCH38,Raj Duarte,ACCT9002526,2025-09-22 10:36:16,noise
credit,2632.22,ACCT7151876,BRANCH62,Raj Duarte,ACCT9002526,2025-09-21 15:11:45,noise
debit,1310.16,,BRANCH38,Raj Duarte,ACCT9002526,2025-09-21 08:10:59,noise
credit,535.29,,BRANCH38,Raj Duarte,ACCT9002526,2025-09-19 18:24:50,noise
credit,2931.03,,BRANCH92,Raj Duarte,ACCT9002526,2025-09-19 23:08:35,noise
credit,650.17,,BRANCH38,Raj Duarte,ACCT9002526,2025-09-15 11:21:43,noise
debit,536.38,ACCT1553210,BRANCH38,Raj Duarte,ACCT9002526,2025-09-14 14:22:51,noise
debit,86.18,ACCT7677606,BRANCH38,Raj Duarte,ACCT9002526,2025-09-14 23:37:09,noise
debit,1928.52,ACCT9416017,BRANCH38,Raj Duarte,ACCT9002526,2025-09-12 18:37:58,noise
debit,2463.18,,BRANCH38,Raj Duarte,ACCT9002526,2025-09-09 22:39:14,noise
debit,2917.79,,BRANCH41,Raj Duarte,ACCT9002526,2025-09-09 12:41:29,noise
credit,864.78,,BRANCH38,Raj Duarte,ACCT9002526,2025-09-07 20:45:26,noise
debit,431.71,,BRANCH38,Raj Duarte,ACCT9002526,2025-09-05 11:45:54,noise
debit,3266.29,,BRANCH38,Raj Duarte,ACCT9002526,2025-09-05 04:14:19,noise
debit,947.81,,BRANCH39,Raj Duarte,ACCT9002526,2025-08-30 10:33:19,noise
credit,283.0,,BRANCH57,Raj Duarte,ACCT9002526,2025-08-26 20:05:42,noise
credit,694.04,ACCT5138284,BRANCH47,Raj Duarte,ACCT9002526,2025-08-23 15:07:09,noise
credit,1991.91,ACCT7481737,BRANCH38,Raj Duarte,ACCT9002526,2025-08-22 09:35:51,noise
credit,404.35,,BRANCH38,Raj Duarte,ACCT9002526,2025-08-20 23:26:01,noise
credit,1132.01,,BRANCH38,Raj Duarte,ACCT9002526,2025-08-15 19:28:04,noise
debit,517.08,ACCT8939826,BRANCH66,Raj Duarte,ACCT9002526,2025-08-14 08:17:32,noise
credit,204.77,,BRANCH38,Raj Duarte,ACCT9002526,2025-08-11 15:42:41,noise
credit,2435.05,ACCT3863728,BRANCH76,Raj Duarte,ACCT9002526,2025-08-05 23:26:58,noise
debit,270.38,ACCT9237554,BRANCH74,Lena Kim,ACCT9416017,2025-10-03 09:03:46,noise
debit,729.56,,BRANCH74,Lena Kim,ACCT9416017,2025-10-02 16:05:25,noise
debit,699.6,,BRANCH74,Lena Kim,ACCT9416017,2025-10-01 09:15:23,noise
credit,5546.43,,BRANCH85,Lena Kim,ACCT9416017,2025-10-01 17:18:57,noise
credit,328.64,,BRANCH74,Lena Kim,ACCT9416017,2025-09-26 18:22:23,noise
debit,1161.54,,BRANCH83,Lena Kim,ACCT9416017,2025-09-25 11:08:14,noise
credit,2776.75,ACCT1684538,BRANCH94,Lena Kim,ACCT9416017,2025-09-24 14:43:48,noise
debit,1444.96,,BRANCH77,Lena Kim,ACCT9416017,2025-09-22 22:36:15,noise
debit,147.31,,BRANCH74,Lena Kim,ACCT9416017,2025-09-20 18:12:22,noise
debit,707.51,,BRANCH41,Lena Kim,ACCT9416017,2025-09-19 09:03:12,noise
credit,4242.84,,BRANCH53,Lena Kim,ACCT9416017,2025-09-17 02:06:04,noise
credit,283.09,,BRANCH74,Lena Kim,ACCT9416017,2025-09-11 08:34:07,noise
credit,79.47,,BRANCH74,Lena Kim,ACCT9416017,2025-09-11 18:00:22,noise
debit,2647.14,ACCT6692462,BRANCH24,Lena Kim,ACCT9416017,2025-09-06 14:00:11,noise
credit,344.6,,BRANCH74,Lena Kim,ACCT9416017,2025-09-05 22:43:17,noise
debit,3000.0,ACCT9764673,BRANCH48,Lena Kim,ACCT9416017,2025-09-05 17:25:56,noise
debit,485.28,ACCT9551481,BRANCH74,Lena Kim,ACCT9416017,2025-09-04 10:34:03,noise
credit,723.02,,BRANCH74,Lena Kim,ACCT9416017,2025-09-04 04:07:31,noise
credit,307.88,,BRANCH74,Lena Kim,ACCT9416017,2025-09-03 09:41:52,noise
credit,473.46,,BRANCH74,Lena Kim,ACCT9416017,2025-09-03 15:10:23,noise
credit,237.58,,BRANCH74,Lena Kim,ACCT9416017,2025-09-01 09:00:19,noise
credit,501.83,ACCT2738301,BRANCH74,Lena Kim,ACCT9416017,2025-09-01 13:00:41,noise
credit,117.27,,BRANCH74,Lena Kim,ACCT9416017,2025-08-27 18:17:35,noise
credit,994.81,ACCT2884327,BRANCH74,Lena Kim,ACCT9416017,2025-08-26 19:12:01,noise
debit,242.7,,BRANCH74,Lena Kim,ACCT9416017,2025-08-24 16:24:35,noise
credit,416.68,,BRANCH74,Lena Kim,ACCT9416017,2025-08-23 12:19:55,noise
credit,592.85,,BRANCH52,Lena Kim,ACCT9416017,2025-08-23 11:25:52,noise
debit,278.92,,BRANCH74,Lena Kim,ACCT9416017,2025-08-21 15:25:32,noise
debit,3000.0,ACCT9144489,BRANCH38,Lena Kim,ACCT9416017,2025-08-21 21:02:38,noise
debit,102.81,ACCT1684538,BRANCH74,Lena Kim,ACCT9416017,2025-08-20 10:10:22,noise
debit,605.32,ACCT1588861,BRANCH74,Lena Kim,ACCT9416017,2025-08-20 21:16:09,noise
credit,753.5,ACCT8803035,BRANCH74,Lena Kim,ACCT9416017,2025-08-18 17:14:41,noise
credit,117.4,ACCT6437438,BRANCH39,Lena Kim,ACCT9416017,2025-08-18 19:40:26,noise
debit,1238.44,,BRANCH74,Lena Kim,ACCT9416017,2025-08-17 16:04:48,noise
credit,3856.46,,BRANCH74,Lena Kim,ACCT9416017,2025-08-17 18:35:21,noise
debit,984.29,,BRANCH74,Lena Kim,ACCT9416017,2025-08-16 16:01:58,noise
credit,1377.5,,BRANCH68,Lena Kim,ACCT9416017,2025-08-16 19:33:33,noise
debit,675.24,,BRANCH14,Lena Kim,ACCT9416017,2025-08-15 09:19:21,noise
debit,836.92,ACCT7151876,BRANCH74,Lena Kim,ACCT9416017,2025-08-14 03:30:04,noise
credit,1080.98,,BRANCH58,Lena Kim,ACCT9416017,2025-08-12 09:32:55,noise
credit,1283.03,ACCT4824583,BRANCH74,Lena Kim,ACCT9416017,2025-08-12 10:09:05,noise
credit,392.63,ACCT5976562,BRANCH18,Lena Kim,ACCT9416017,2025-08-08 19:23:02,noise
debit,885.93,ACCT3711487,BRANCH23,Lena Kim,ACCT9416017,2025-08-06 18:40:24,noise
debit,32210.44,ACCT7422802,BRANCH74,Lena Kim,ACCT9416017,2025-12-14 16:36:36,noise
debit,42791.64,ACCT7422802,BRANCH74,Lena Kim,ACCT9416017,2025-12-28 04:35:42,noise
debit,17499.97,ACCT7422802,BRANCH74,Lena Kim,ACCT9416017,2025-12-14 00:41:04,noise
debit,42832.65,ACCT7422802,BRANCH74,Lena Kim,ACCT9416017,2025-12-07 04:36:15,noise
debit,5033.38,ACCT7422802,BRANCH74,Lena Kim,ACCT9416017,2025-12-15 01:47:57,noise
debit,31478.13,ACCT7422802,BRANCH74,Lena Kim,ACCT9416017,2025-12-28 20:53:21,noise
credit,981.63,ACCT5185554,BRANCH59,Diego Duarte,ACCT1163686,2025-10-02 18:41:35,noise
debit,774.13,ACCT6054742,BRANCH80,Diego Duarte,ACCT1163686,2025-10-02 16:32:48,noise
debit,3000.0,ACCT3159661,BRANCH71,Diego Duarte,ACCT1163686,2025-10-01 14:21:20,noise
credit,919.91,,BRANCH80,Diego Duarte,ACCT1163686,2025-09-29 08:27:25,noise
credit,1247.94,,BRANCH80,Diego Duarte,ACCT1163686,2025-09-29 16:21:25,noise
credit,661.19,,BRANCH80,Diego Duarte,ACCT1163686,2025-09-26 22:17:40,noise
credit,543.8,,BRANCH29,Diego Duarte,ACCT1163686,2025-09-26 16:20:36,noise
debit,314.31,,BRANCH94,Diego Duarte,ACCT1163686,2025-09-22 02:38:30,noise
debit,572.21,,BRANCH20,Diego Duarte,ACCT1163686,2025-09-21 22:34:57,noise
debit,1614.53,,BRANCH80,Diego Duarte,ACCT1163686,2025-09-16 14:44:20,noise
debit,1361.19,ACCT6692462,BRANCH80,Diego Duarte,ACCT1163686,2025-09-16 11:34:39,noise
credit,1411.38,ACCT6774261,BRANCH80,Diego Duarte,ACCT1163686,2025-09-14 08:03:09,noise
credit,502.91,,BRANCH80,Diego Duarte,ACCT1163686,2025-09-11 15:13:20,noise
credit,410.96,,BRANCH80,Diego Duarte,ACCT1163686,2025-09-09 09:07:44,noise
debit,1005.38,,BRANCH34,Diego Duarte,ACCT1163686,2025-09-09 15:25:59,noise
debit,1180.11,ACCT3073444,BRANCH80,Diego Duarte,ACCT1163686,2025-09-05 16:16:46,noise
debit,631.68,ACCT3711487,BRANCH43,Diego Duarte,ACCT1163686,2025-09-01 16:11:22,noise
debit,1864.34,ACCT5818383,BRANCH80,Diego Duarte,ACCT1163686,2025-08-31 00:41:18,noise
credit,914.28,,BRANCH80,Diego Duarte,ACCT1163686,2025-08-31 23:16:41,noise
debit,817.01,,BRANCH80,Diego Duarte,ACCT1163686,2025-08-30 20:05:51,noise
debit,945.58,,BRANCH80,Diego Duarte,ACCT1163686,2025-08-30 13:13:21,noise
credit,173.57,,BRANCH16,Diego Duarte,ACCT1163686,2025-08-29 13:06:49,noise
debit,363.06,,BRANCH80,Diego Duarte,ACCT1163686,2025-08-26 09:30:48,noise
credit,401.16,,BRANCH80,Diego Duarte,ACCT1163686,2025-08-25 11:07:24,noise
debit,761.41,,BRANCH80,Diego Duarte,ACCT1163686,2025-08-23 13:35:01,noise
credit,1309.05,ACCT1684538,BRANCH80,Diego Duarte,ACCT1163686,2025-08-22 20:24:34,noise
debit,373.91,,BRANCH12,Diego Duarte,ACCT1163686,2025-08-21 19:10:38,noise
debit,619.25,,BRANCH80,Diego Duarte,ACCT1163686,2025-08-16 17:32:51,noise
debit,733.83,,BRANCH43,Diego Duarte,ACCT1163686,2025-08-15 18:03:20,noise
debit,1289.84,,BRANCH80,Diego Duarte,ACCT1163686,2025-08-14 18:05:56,noise
credit,136.31,,BRANCH44,Diego Duarte,ACCT1163686,2025-08-10 16:24:59,noise
debit,1964.24,,BRANCH80,Diego Duarte,ACCT1163686,2025-08-07 10:14:15,noise
debit,1252.84,,BRANCH89,Diego Duarte,ACCT1163686,2025-08-07 10:13:45,noise
debit,10643.13,ACCT6982186,BRANCH80,Diego Duarte,ACCT1163686,2025-12-28 13:36:07,noise
debit,26660.19,ACCT6982186,BRANCH80,Diego Duarte,ACCT1163686,2025-11-30 04:24:18,noise
debit,31212.14,ACCT6982186,BRANCH80,Diego Duarte,ACCT1163686,2025-12-11 10:38:17,noise
debit,32845.54,ACCT6982186,BRANCH80,Diego Duarte,ACCT1163686,2025-12-28 22:18:03,noise
debit,44199.97,ACCT6982186,BRANCH80,Diego Duarte,ACCT1163686,2025-12-11 04:21:31,noise
debit,23888.39,ACCT6982186,BRANCH80,Diego Duarte,ACCT1163686,2025-11-25 15:30:15,noise
credit,8692.81,ACCT1496415,BRANCH78,Priya Brooks,ACCT3395659,2025-12-14 19:27:24,noise
credit,9299.3,ACCT7374271,BRANCH78,Priya Brooks,ACCT3395659,2025-12-05 22:05:23,noise
credit,8149.42,ACCT1553287,BRANCH78,Priya Brooks,ACCT3395659,2025-12-20 17:20:50,noise
credit,5648.28,ACCT1553210,BRANCH78,Priya Brooks,ACCT3395659,2025-12-08 01:19:54,noise
credit,15002.89,ACCT2516181,BRANCH78,Priya Brooks,ACCT3395659,2025-11-28 00:10:16,noise
credit,5932.29,ACCT7279224,BRANCH78,Priya Brooks,ACCT3395659,2025-12-26 01:13:46,noise
credit,16087.32,ACCT1627794,BRANCH78,Priya Brooks,ACCT3395659,2025-11-24 17:07:20,noise
credit,768.81,,BRANCH98,Ana Okafor,ACCT8213767,2025-10-03 10:35:22,noise
credit,1489.22,,BRANCH98,Ana Okafor,ACCT8213767,2025-10-02 13:17:55,noise
credit,976.48,ACCT3074370,BRANCH98,Ana Okafor,ACCT8213767,2025-10-01 16:44:42,noise
credit,124.83,ACCT9551481,BRANCH65,Ana Okafor,ACCT8213767,2025-09-28 10:00:31,noise
debit,1504.01,,BRANCH82,Ana Okafor,ACCT8213767,2025-09-28 16:05:53,noise
credit,697.55,,BRANCH98,Ana Okafor,ACCT8213767,2025-09-25 10:45:13,noise
credit,712.77,ACCT4802115,BRANCH75,Ana Okafor,ACCT8213767,2025-09-20 05:26:53,noise
credit,1395.94,ACCT8799962,BRANCH98,Ana Okafor,ACCT8213767,2025-09-15 12:12:16,noise
debit,1124.64,,BRANCH98,Ana Okafor,ACCT8213767,2025-09-14 18:32:43,noise
debit,1224.15,ACCT7677606,BRANCH98,Ana Okafor,ACCT8213767,2025-09-11 10:22:56,noise
debit,1437.87,,BRANCH98,Ana Okafor,ACCT8213767,2025-09-09 23:36:22,noise
debit,131.71,,BRANCH98,Ana Okafor,ACCT8213767,2025-09-08 09:01:06,noise
debit,472.59,,BRANCH98,Ana Okafor,ACCT8213767,2025-09-08 14:07:00,noise
debit,1039.68,,BRANCH98,Ana Okafor,ACCT8213767,2025-09-07 11:38:08,noise
debit,1223.7,ACCT5976562,BRANCH98,Ana Okafor,ACCT8213767,2025-09-07 08:20:34,noise
debit,191.11,ACCT6437438,BRANCH98,Ana Okafor,ACCT8213767,2025-09-06 22:40:11,noise
debit,880.28,,BRANCH98,Ana Okafor,ACCT8213767,2025-09-04 19:17:26,noise
credit,294.24,,BRANCH98,Ana Okafor,ACCT8213767,2025-09-02 19:32:06,noise
credit,686.87,,BRANCH98,Ana Okafor,ACCT8213767,2025-08-31 20:17:39,noise
credit,429.6,,BRANCH98,Ana Okafor,ACCT8213767,2025-08-27 10:18:04,noise
debit,222.95,ACCT6437438,BRANCH98,Ana Okafor,ACCT8213767,2025-08-18 17:07:05,noise
debit,5061.2,,BRANCH98,Ana Okafor,ACCT8213767,2025-08-15 08:28:28,noise
credit,875.18,ACCT6774261,BRANCH98,Ana Okafor,ACCT8213767,2025-08-12 16:03:07,noise
debit,386.27,,BRANCH98,Ana Okafor,ACCT8213767,2025-08-10 16:31:33,noise
debit,1241.92,ACCT6982186,BRANCH77,Ana Okafor,ACCT8213767,2025-08-09 04:20:04,noise
credit,133.76,,BRANCH98,Ana Okafor,ACCT8213767,2025-08-07 19:45:59,noise
credit,9687.92,ACCT1786547,BRANCH98,Ana Okafor,ACCT8213767,2025-12-20 05:19:18,noise
credit,9381.11,ACCT7412429,BRANCH98,Ana Okafor,ACCT8213767,2025-12-10 23:05:41,noise
credit,9632.66,ACCT9416017,BRANCH98,Ana Okafor,ACCT8213767,2025-12-10 07:26:41,noise
credit,9094.09,ACCT2866782,BRANCH98,Ana Okafor,ACCT8213767,2025-12-12 07:06:39,noise
credit,9041.81,ACCT5185554,BRANCH98,Ana Okafor,ACCT8213767,2025-12-15 10:15:05,noise
credit,9235.17,ACCT3073444,BRANCH98,Ana Okafor,ACCT8213767,2025-12-21 20:16:55,noise
credit,9265.86,ACCT7723725,BRANCH98,Ana Okafor,ACCT8213767,2025-11-25 07:19:51,noise
credit,9534.07,ACCT7723725,BRANCH98,Ana Okafor,ACCT8213767,2025-12-28 23:02:16,noise
credit,9538.75,ACCT9416017,BRANCH98,Ana Okafor,ACCT8213767,2025-12-22 02:18:47,noise
credit,9207.07,ACCT7953951,BRANCH98,Ana Okafor,ACCT8213767,2025-12-30 01:22:52,noise
credit,8927.14,ACCT6144644,BRANCH98,Ana Okafor,ACCT8213767,2025-12-07 01:14:13,noise
credit,9224.31,ACCT3865336,BRANCH98,Ana Okafor,ACCT8213767,2025-11-25 20:26:47,noise
credit,9570.52,ACCT7756718,BRANCH98,Ana Okafor,ACCT8213767,2025-11-20 22:05:21,noise
credit,8811.51,ACCT4828373,BRANCH98,Ana Okafor,ACCT8213767,2025-12-15 20:07:31,noise
credit,9509.99,ACCT2364189,BRANCH98,Ana Okafor,ACCT8213767,2025-12-16 00:20:35,noise
credit,280.03,,BRANCH73,Leo Alvarez,ACCT7481737,2025-10-02 13:26:49,noise
credit,38.58,ACCT6144644,BRANCH85,Leo Alvarez,ACCT7481737,2025-10-02 08:11:58,noise
debit,223.98,ACCT2737417,BRANCH32,Leo Alvarez,ACCT7481737,2025-09-26 13:38:32,noise
debit,3538.98,,BRANCH32,Leo Alvarez,ACCT7481737,2025-09-26 10:43:28,noise
credit,1513.22,ACCT3159661,BRANCH32,Leo Alvarez,ACCT7481737,2025-09-25 14:21:50,noise
credit,403.7,,BRANCH87,Leo Alvarez,ACCT7481737,2025-09-24 15:36:49,noise
debit,769.54,,BRANCH67,Leo Alvarez,ACCT7481737,2025-09-23 02:00:59,noise
debit,1034.26,ACCT5577360,BRANCH32,Leo Alvarez,ACCT7481737,2025-09-23 16:16:57,noise
credit,152.3,,BRANCH32,Leo Alvarez,ACCT7481737,2025-09-21 05:38:53,noise
credit,476.79,ACCT2866782,BRANCH32,Leo Alvarez,ACCT7481737,2025-09-18 22:31:17,noise
debit,1468.47,ACCT8052596,BRANCH64,Leo Alvarez,ACCT7481737,2025-09-18 20:35:27,noise
credit,332.85,,BRANCH42,Leo Alvarez,ACCT7481737,2025-09-17 21:20:10,noise
debit,830.85,,BRANCH42,Leo Alvarez,ACCT7481737,2025-09-16 19:41:11,noise
credit,619.39,,BRANCH32,Leo Alvarez,ACCT7481737,2025-09-15 17:39:56,noise
debit,5138.9,,BRANCH61,Leo Alvarez,ACCT7481737,2025-09-10 23:35:17,noise
credit,551.62,ACCT6982186,BRANCH56,Leo Alvarez,ACCT7481737,2025-09-08 18:04:10,noise
debit,209.01,,BRANCH24,Leo Alvarez,ACCT7481737,2025-09-06 16:40:46,noise
debit,503.03,ACCT7955969,BRANCH32,Leo Alvarez,ACCT7481737,2025-09-03 10:01:58,noise
debit,505.47,,BRANCH32,Leo Alvarez,ACCT7481737,2025-09-03 01:30:20,noise
credit,900.77,,BRANCH32,Leo Alvarez,ACCT7481737,2025-08-29 08:16:53,noise
credit,2290.24,ACCT3839640,BRANCH62,Leo Alvarez,ACCT7481737,2025-08-28 08:36:44,noise
credit,415.01,,BRANCH34,Leo Alvarez,ACCT7481737,2025-08-24 08:02:35,noise
credit,228.74,,BRANCH32,Leo Alvarez,ACCT7481737,2025-08-23 10:16:10,noise
debit,514.41,,BRANCH64,Leo Alvarez,ACCT7481737,2025-08-23 15:24:30,noise
credit,1199.0,ACCT5138284,BRANCH32,Leo Alvarez,ACCT7481737,2025-08-22 12:21:40,noise
debit,1147.35,,BRANCH11,Leo Alvarez,ACCT7481737,2025-08-21 12:06:46,noise
credit,1393.17,,BRANCH35,Leo Alvarez,ACCT7481737,2025-08-20 13:29:31,noise
debit,550.29,ACCT9259450,BRANCH32,Leo Alvarez,ACCT7481737,2025-08-17 18:20:57,noise
debit,218.51,ACCT4824583,BRANCH32,Leo Alvarez,ACCT7481737,2025-08-17 09:41:20,noise
credit,226.78,ACCT5849652,BRANCH32,Leo Alvarez,ACCT7481737,2025-08-15 08:26:17,noise
credit,872.85,ACCT3865336,BRANCH41,Leo Alvarez,ACCT7481737,2025-08-15 12:45:31,noise
credit,162.41,,BRANCH32,Leo Alvarez,ACCT7481737,2025-08-14 18:15:16,noise
debit,639.56,,BRANCH37,Leo Alvarez,ACCT7481737,2025-08-14 18:08:31,noise
debit,547.38,,BRANCH32,Leo Alvarez,ACCT7481737,2025-08-10 20:31:38,noise
credit,495.72,,BRANCH32,Leo Alvarez,ACCT7481737,2025-08-10 19:15:02,noise
debit,735.4,,BRANCH80,Leo Alvarez,ACCT7481737,2025-08-06 13:30:36,noise
debit,870.3,,BRANCH32,Leo Alvarez,ACCT7481737,2025-08-05 20:24:55,noise
credit,1385.05,ACCT5976562,BRANCH32,Leo Alvarez,ACCT7481737,2025-12-18 00:07:51,noise
credit,2228.13,ACCT8052596,BRANCH32,Leo Alvarez,ACCT7481737,2025-12-18 09:25:02,noise
credit,2070.6,ACCT2516181,BRANCH32,Leo Alvarez,ACCT7481737,2025-12-18 02:12:15,noise
credit,1805.16,ACCT4828373,BRANCH32,Leo Alvarez,ACCT7481737,2025-12-18 18:17:02,noise
credit,2100.97,ACCT7374271,BRANCH32,Leo Alvarez,ACCT7481737,2025-12-18 04:21:13,noise
credit,1986.21,ACCT7422802,BRANCH32,Leo Alvarez,ACCT7481737,2025-12-18 02:12:33,noise
credit,2238.43,ACCT7756718,BRANCH32,Leo Alvarez,ACCT7481737,2025-12-18 08:18:45,noise
credit,1770.55,ACCT5823934,BRANCH32,Leo Alvarez,ACCT7481737,2025-12-18 22:21:16,noise
credit,1940.73,ACCT2452653,BRANCH32,Leo Alvarez,ACCT7481737,2025-12-18 18:20:03,noise
credit,2024.38,ACCT2738301,BRANCH32,Leo Alvarez,ACCT7481737,2025-12-18 01:27:10,noise
credit,2330.42,ACCT3074370,BRANCH32,Leo Alvarez,ACCT7481737,2025-12-18 19:26:59,noise
credit,1450.58,ACCT3395659,BRANCH32,Leo Alvarez,ACCT7481737,2025-12-18 03:22:52,noise
credit,818.8,ACCT5713328,BRANCH32,Leo Alvarez,ACCT7481737,2025-12-18 05:17:36,noise
debit,840.05,ACCT7412429,BRANCH32,Leo Alvarez,ACCT7481737,2025-12-21 04:04:42,noise
debit,956.71,ACCT1496415,BRANCH32,Leo Alvarez,ACCT7481737,2025-12-21 02:12:27,noise
debit,1283.83,ACCT1333980,BRANCH32,Leo Alvarez,ACCT7481737,2025-12-21 02:19:01,noise
debit,1172.25,ACCT9659712,BRANCH32,Leo Alvarez,ACCT7481737,2025-12-21 05:14:52,noise
debit,963.06,ACCT5849652,BRANCH32,Leo Alvarez,ACCT7481737,2025-12-21 02:03:16,noise
debit,1012.07,ACCT3073444,BRANCH32,Leo Alvarez,ACCT7481737,2025-12-21 03:26:50,noise
debit,1141.4,ACCT5185554,BRANCH32,Leo Alvarez,ACCT7481737,2025-12-21 00:17:59,noise
debit,1548.46,ACCT2738301,BRANCH32,Leo Alvarez,ACCT7481737,2025-12-21 09:28:41,noise
debit,507.27,ACCT4824583,BRANCH32,Leo Alvarez,ACCT7481737,2025-12-21 10:10:12,noise
debit,1280.12,ACCT1659398,BRANCH32,Leo Alvarez,ACCT7481737,2025-12-21 07:18:48,noise
debit,1264.22,ACCT9764673,BRANCH32,Leo Alvarez,ACCT7481737,2025-12-21 09:21:32,noise
debit,751.39,ACCT4828373,BRANCH32,Leo Alvarez,ACCT7481737,2025-12-21 08:18:50,noise
debit,434.02,ACCT6261945,BRANCH44,Wes Kim,ACCT8803035,2025-10-01 20:10:28,noise
credit,806.64,,BRANCH27,Wes Kim,ACCT8803035,2025-10-01 01:22:32,noise
debit,1670.01,,BRANCH68,Wes Kim,ACCT8803035,2025-09-27 14:34:49,noise
credit,517.92,,BRANCH44,Wes Kim,ACCT8803035,2025-09-26 19:31:10,noise
debit,1212.28,,BRANCH44,Wes Kim,ACCT8803035,2025-09-18 18:42:31,noise
debit,183.52,ACCT7412429,BRANCH44,Wes Kim,ACCT8803035,2025-09-18 23:27:39,noise
credit,383.75,,BRANCH44,Wes Kim,ACCT8803035,2025-09-15 10:35:59,noise
debit,1149.85,,BRANCH44,Wes Kim,ACCT8803035,2025-09-15 04:04:39,noise
credit,363.62,,BRANCH73,Wes Kim,ACCT8803035,2025-09-14 13:42:14,noise
debit,622.22,,BRANCH44,Wes Kim,ACCT8803035,2025-09-13 16:34:42,noise
debit,1164.54,ACCT2452653,BRANCH26,Wes Kim,ACCT8803035,2025-09-13 13:13:34,noise
credit,691.96,,BRANCH44,Wes Kim,ACCT8803035,2025-09-11 15:32:25,noise
debit,168.91,,BRANCH27,Wes Kim,ACCT8803035,2025-09-11 23:39:54,noise
debit,952.25,,BRANCH54,Wes Kim,ACCT8803035,2025-09-08 03:37:35,noise
credit,316.4,,BRANCH37,Wes Kim,ACCT8803035,2025-09-08 03:30:00,noise
credit,733.3,,BRANCH44,Wes Kim,ACCT8803035,2025-09-07 22:30:19,noise
debit,776.15,,BRANCH44,Wes Kim,ACCT8803035,2025-09-07 13:01:34,noise
credit,434.67,,BRANCH40,Wes Kim,ACCT8803035,2025-09-05 13:07:48,noise
debit,1895.98,,BRANCH44,Wes Kim,ACCT8803035,2025-09-04 14:29:07,noise
debit,1917.14,ACCT3214195,BRANCH44,Wes Kim,ACCT8803035,2025-09-01 12:15:15,noise
credit,1793.73,,BRANCH78,Wes Kim,ACCT8803035,2025-08-31 13:25:49,noise
credit,248.3,ACCT8213767,BRANCH92,Wes Kim,ACCT8803035,2025-08-31 08:25:18,noise
credit,1067.32,,BRANCH44,Wes Kim,ACCT8803035,2025-08-29 22:27:24,noise
debit,198.38,ACCT8799962,BRANCH64,Wes Kim,ACCT8803035,2025-08-27 19:14:47,noise
debit,2084.77,,BRANCH44,Wes Kim,ACCT8803035,2025-08-24 11:24:01,noise
debit,213.15,,BRANCH44,Wes Kim,ACCT8803035,2025-08-22 12:29:45,noise
credit,1104.42,,BRANCH44,Wes Kim,ACCT8803035,2025-08-17 12:37:06,noise
debit,786.03,ACCT5891732,BRANCH44,Wes Kim,ACCT8803035,2025-08-17 11:00:18,noise
debit,1484.67,,BRANCH44,Wes Kim,ACCT8803035,2025-08-15 13:35:51,noise
debit,625.21,,BRANCH44,Wes Kim,ACCT8803035,2025-08-15 11:10:18,noise
debit,862.83,,BRANCH44,Wes Kim,ACCT8803035,2025-08-14 12:26:56,noise
credit,2217.73,ACCT3074370,BRANCH58,Wes Kim,ACCT8803035,2025-08-14 17:35:27,noise
debit,310.36,ACCT4915026,BRANCH44,Wes Kim,ACCT8803035,2025-08-11 01:40:03,noise
debit,1136.02,ACCT7374271,BRANCH50,Wes Kim,ACCT8803035,2025-08-10 09:15:13,noise
credit,41.11,,BRANCH44,Wes Kim,ACCT8803035,2025-08-09 10:23:25,noise
debit,771.79,ACCT6144644,BRANCH44,Wes Kim,ACCT8803035,2025-08-09 20:14:19,noise
credit,2591.85,,BRANCH44,Wes Kim,ACCT8803035,2025-08-04 08:32:48,noise
debit,1683.83,,BRANCH44,Wes Kim,ACCT8803035,2025-08-04 20:12:44,noise
credit,1419.02,ACCT8508814,BRANCH44,Wes Kim,ACCT8803035,2025-12-23 02:21:47,noise
credit,2089.69,ACCT3719831,BRANCH44,Wes Kim,ACCT8803035,2025-12-23 13:25:15,noise
credit,2048.62,ACCT2737417,BRANCH44,Wes Kim,ACCT8803035,2025-12-23 01:20:43,noise
credit,2178.62,ACCT3074370,BRANCH44,Wes Kim,ACCT8803035,2025-12-23 09:25:17,noise
credit,1668.22,ACCT3711487,BRANCH44,Wes Kim,ACCT8803035,2025-12-23 06:17:56,noise
credit,1629.67,ACCT4012887,BRANCH44,Wes Kim,ACCT8803035,2025-12-23 04:24:39,noise
credit,1572.41,ACCT1163686,BRANCH44,Wes Kim,ACCT8803035,2025-12-23 18:23:24,noise
credit,1634.44,ACCT7422802,BRANCH44,Wes Kim,ACCT8803035,2025-12-23 20:02:55,noise
credit,1665.45,ACCT7279224,BRANCH44,Wes Kim,ACCT8803035,2025-12-23 19:00:26,noise
debit,720.44,ACCT2866782,BRANCH44,Wes Kim,ACCT8803035,2025-12-24 00:18:06,noise
debit,1646.18,ACCT2508781,BRANCH44,Wes Kim,ACCT8803035,2025-12-24 10:23:29,noise
debit,1123.19,ACCT1553287,BRANCH44,Wes Kim,ACCT8803035,2025-12-24 03:17:16,noise
debit,544.36,ACCT3159661,BRANCH44,Wes Kim,ACCT8803035,2025-12-24 14:30:57,noise
debit,995.09,ACCT1684538,BRANCH44,Wes Kim,ACCT8803035,2025-12-24 13:04:23,noise
debit,1799.98,ACCT1602495,BRANCH44,Wes Kim,ACCT8803035,2025-12-24 07:22:48,noise
debit,1025.2,ACCT1602495,BRANCH44,Wes Kim,ACCT8803035,2025-12-24 23:12:52,noise
debit,1634.62,ACCT1602495,BRANCH44,Wes Kim,ACCT8803035,2025-12-24 04:19:55,noise
debit,821.48,ACCT9002526,BRANCH44,Wes Kim,ACCT8803035,2025-12-24 05:16:08,noise
debit,1760.86,ACCT9259450,BRANCH44,Wes Kim,ACCT8803035,2025-12-24 23:02:43,noise
debit,756.8,ACCT8555275,BRANCH44,Wes Kim,ACCT8803035,2025-12-24 22:22:27,noise
debit,1592.29,ACCT3711487,BRANCH44,Wes Kim,ACCT8803035,2025-12-24 05:20:07,noise
debit,1605.59,ACCT7513123,BRANCH44,Wes Kim,ACCT8803035,2025-12-24 04:00:43,noise
debit,918.09,ACCT9709663,BRANCH44,Wes Kim,ACCT8803035,2025-12-24 05:15:52,noise
credit,460.91,ACCT2452653,BRANCH96,Noah Vargas,ACCT1102762,2025-10-02 05:40:58,noise
debit,745.96,,BRANCH73,Noah Vargas,ACCT1102762,2025-10-01 15:22:37,noise
debit,415.34,ACCT1219509,BRANCH92,Noah Vargas,ACCT1102762,2025-09-30 15:06:23,noise
credit,1515.24,,BRANCH94,Noah Vargas,ACCT1102762,2025-09-30 17:07:58,noise
credit,363.93,,BRANCH73,Noah Vargas,ACCT1102762,2025-09-29 22:03:34,noise
credit,232.04,,BRANCH73,Noah Vargas,ACCT1102762,2025-09-26 20:28:10,noise
credit,273.19,,BRANCH96,Noah Vargas,ACCT1102762,2025-09-26 18:03:10,noise
credit,319.88,ACCT7513123,BRANCH73,Noah Vargas,ACCT1102762,2025-09-23 12:40:41,noise
credit,284.07,,BRANCH73,Noah Vargas,ACCT1102762,2025-09-21 11:20:14,noise
credit,338.46,,BRANCH28,Noah Vargas,ACCT1102762,2025-09-18 15:12:15,noise
debit,529.31,ACCT6982186,BRANCH73,Noah Vargas,ACCT1102762,2025-09-17 12:28:40,noise
debit,611.19,,BRANCH26,Noah Vargas,ACCT1102762,2025-09-17 11:16:06,noise
credit,397.57,ACCT7151876,BRANCH73,Noah Vargas,ACCT1102762,2025-09-15 19:09:14,noise
debit,614.78,,BRANCH73,Noah Vargas,ACCT1102762,2025-09-11 14:01:21,noise
debit,2850.75,ACCT1659398,BRANCH16,Noah Vargas,ACCT1102762,2025-09-09 11:37:42,noise
credit,831.99,ACCT1971092,BRANCH73,Noah Vargas,ACCT1102762,2025-09-07 14:18:32,noise
debit,415.46,,BRANCH71,Noah Vargas,ACCT1102762,2025-09-07 16:38:19,noise
debit,766.47,,BRANCH48,Noah Vargas,ACCT1102762,2025-09-06 14:02:12,noise
debit,284.47,,BRANCH73,Noah Vargas,ACCT1102762,2025-09-06 18:27:16,noise
credit,1475.29,,BRANCH73,Noah Vargas,ACCT1102762,2025-09-04 19:23:28,noise
debit,266.84,,BRANCH73,Noah Vargas,ACCT1102762,2025-09-03 10:27:20,noise
credit,296.54,,BRANCH73,Noah Vargas,ACCT1102762,2025-09-02 14:08:38,noise
credit,877.58,,BRANCH73,Noah Vargas,ACCT1102762,2025-08-28 11:02:17,noise
debit,1400.41,,BRANCH73,Noah Vargas,ACCT1102762,2025-08-25 08:06:49,noise
debit,1433.77,,BRANCH11,Noah Vargas,ACCT1102762,2025-08-22 09:05:09,noise
debit,247.44,ACCT7756718,BRANCH73,Noah Vargas,ACCT1102762,2025-08-17 10:29:35,noise
debit,753.86,,BRANCH73,Noah Vargas,ACCT1102762,2025-08-16 10:15:20,noise
credit,237.94,,BRANCH24,Noah Vargas,ACCT1102762,2025-08-15 20:39:14,noise
debit,1721.93,ACCT7756718,BRANCH73,Noah Vargas,ACCT1102762,2025-08-13 17:03:09,noise
credit,812.05,,BRANCH73,Noah Vargas,ACCT1102762,2025-08-13 11:43:41,noise
credit,972.6,,BRANCH73,Noah Vargas,ACCT1102762,2025-08-11 21:31:43,noise
credit,973.7,ACCT1901782,BRANCH73,Noah Vargas,ACCT1102762,2025-08-11 02:33:52,noise
debit,877.41,,BRANCH73,Noah Vargas,ACCT1102762,2025-08-08 08:26:26,noise
credit,746.52,ACCT7412429,BRANCH73,Noah Vargas,ACCT1102762,2025-08-08 08:25:39,noise
debit,1982.71,,BRANCH73,Noah Vargas,ACCT1102762,2025-08-06 02:08:17,noise
credit,1238.39,,BRANCH83,Noah Vargas,ACCT1102762,2025-08-05 15:14:15,noise
credit,1005.46,,BRANCH62,Noah Vargas,ACCT1102762,2025-08-04 00:01:07,noise
credit,1779.59,ACCT1901782,BRANCH73,Noah Vargas,ACCT1102762,2025-08-04 11:12:52,noise
credit,460.91,ACCT2452653,BRANCH96,Noah Vargas,ACCT1102762,2025-10-02 05:40:58,noise
debit,745.96,,BRANCH73,Noah Vargas,ACCT1102762,2025-10-01 15:22:37,noise
debit,415.34,ACCT1219509,BRANCH92,Noah Vargas,ACCT1102762,2025-09-30 15:06:23,noise
credit,1515.24,,BRANCH94,Noah Vargas,ACCT1102762,2025-09-30 17:07:58,noise
credit,363.93,,BRANCH73,Noah Vargas,ACCT1102762,2025-09-29 22:03:34,noise
credit,232.04,,BRANCH73,Noah Vargas,ACCT1102762,2025-09-26 20:28:10,noise
credit,273.19,,BRANCH96,Noah Vargas,ACCT1102762,2025-09-26 18:03:10,noise
credit,319.88,ACCT7513123,BRANCH73,Noah Vargas,ACCT1102762,2025-09-23 12:40:41,noise
credit,284.07,,BRANCH73,Noah Vargas,ACCT1102762,2025-09-21 11:20:14,noise
credit,338.46,,BRANCH28,Noah Vargas,ACCT1102762,2025-09-18 15:12:15,noise
debit,529.31,ACCT6982186,BRANCH73,Noah Vargas,ACCT1102762,2025-09-17 12:28:40,noise
debit,611.19,,BRANCH26,Noah Vargas,ACCT1102762,2025-09-17 11:16:06,noise
credit,397.57,ACCT7151876,BRANCH73,Noah Vargas,ACCT1102762,2025-09-15 19:09:14,noise
debit,614.78,,BRANCH73,Noah Vargas,ACCT1102762,2025-09-11 14:01:21,noise
debit,2850.75,ACCT1659398,BRANCH16,Noah Vargas,ACCT1102762,2025-09-09 11:37:42,noise
credit,831.99,ACCT1971092,BRANCH73,Noah Vargas,ACCT1102762,2025-09-07 14:18:32,noise
debit,415.46,,BRANCH71,Noah Vargas,ACCT1102762,2025-09-07 16:38:19,noise
debit,766.47,,BRANCH48,Noah Vargas,ACCT1102762,2025-09-06 14:02:12,noise
debit,284.47,,BRANCH73,Noah Vargas,ACCT1102762,2025-09-06 18:27:16,noise
credit,1475.29,,BRANCH73,Noah Vargas,ACCT1102762,2025-09-04 19:23:28,noise
debit,266.84,,BRANCH73,Noah Vargas,ACCT1102762,2025-09-03 10:27:20,noise
credit,296.54,,BRANCH73,Noah Vargas,ACCT1102762,2025-09-02 14:08:38,noise
credit,877.58,,BRANCH73,Noah Vargas,ACCT1102762,2025-08-28 11:02:17,noise
debit,1400.41,,BRANCH73,Noah Vargas,ACCT1102762,2025-08-25 08:06:49,noise
debit,1433.77,,BRANCH11,Noah Vargas,ACCT1102762,2025-08-22 09:05:09,noise
debit,247.44,ACCT7756718,BRANCH73,Noah Vargas,ACCT1102762,2025-08-17 10:29:35,noise
debit,753.86,,BRANCH73,Noah Vargas,ACCT1102762,2025-08-16 10:15:20,noise
credit,237.94,,BRANCH24,Noah Vargas,ACCT1102762,2025-08-15 20:39:14,noise
debit,1721.93,ACCT7756718,BRANCH73,Noah Vargas,ACCT1102762,2025-08-13 17:03:09,noise
credit,812.05,,BRANCH73,Noah Vargas,ACCT1102762,2025-08-13 11:43:41,noise
credit,972.6,,BRANCH73,Noah Vargas,ACCT1102762,2025-08-11 21:31:43,noise
credit,973.7,ACCT1901782,BRANCH73,Noah Vargas,ACCT1102762,2025-08-11 02:33:52,noise
debit,877.41,,BRANCH73,Noah Vargas,ACCT1102762,2025-08-08 08:26:26,noise
credit,746.52,ACCT7412429,BRANCH73,Noah Vargas,ACCT1102762,2025-08-08 08:25:39,noise
debit,1982.71,,BRANCH73,Noah Vargas,ACCT1102762,2025-08-06 02:08:17,noise
credit,1238.39,,BRANCH83,Noah Vargas,ACCT1102762,2025-08-05 15:14:15,noise
credit,1005.46,,BRANCH62,Noah Vargas,ACCT1102762,2025-08-04 00:01:07,noise
credit,1779.59,ACCT1901782,BRANCH73,Noah Vargas,ACCT1102762,2025-08-04 11:12:52,noise
debit,307388.32,ACCT5976562,BRANCH73,Noah Vargas,ACCT1102762,2025-12-03 20:27:38,noise
debit,227.84,,BRANCH46,Fahad Chen,ACCT3863728,2025-10-03 20:32:05,noise
debit,369.47,,BRANCH11,Fahad Chen,ACCT3863728,2025-10-02 08:29:34,noise
debit,695.55,,BRANCH11,Fahad Chen,ACCT3863728,2025-09-28 16:44:38,noise
credit,774.19,,BRANCH11,Fahad Chen,ACCT3863728,2025-09-27 15:35:07,noise
credit,223.31,,BRANCH71,Fahad Chen,ACCT3863728,2025-09-23 18:10:16,noise
credit,162.0,,BRANCH11,Fahad Chen,ACCT3863728,2025-09-21 19:22:44,noise
debit,342.7,ACCT9709663,BRANCH68,Fahad Chen,ACCT3863728,2025-09-20 13:28:43,noise
debit,275.74,,BRANCH11,Fahad Chen,ACCT3863728,2025-09-18 13:02:11,noise
debit,470.95,,BRANCH11,Fahad Chen,ACCT3863728,2025-09-15 11:35:24,noise
credit,739.97,,BRANCH16,Fahad Chen,ACCT3863728,2025-09-14 13:02:26,noise
debit,700.87,,BRANCH39,Fahad Chen,ACCT3863728,2025-09-10 20:05:01,noise
credit,1895.96,,BRANCH11,Fahad Chen,ACCT3863728,2025-09-10 09:33:50,noise
debit,601.21,,BRANCH96,Fahad Chen,ACCT3863728,2025-09-06 23:20:44,noise
debit,1157.35,,BRANCH11,Fahad Chen,ACCT3863728,2025-09-05 08:00:03,noise
debit,646.1,ACCT6702027,BRANCH89,Fahad Chen,ACCT3863728,2025-09-05 11:19:40,noise
credit,804.99,ACCT8715601,BRANCH11,Fahad Chen,ACCT3863728,2025-09-04 19:11:32,noise
debit,1086.06,,BRANCH11,Fahad Chen,ACCT3863728,2025-09-04 13:28:31,noise
debit,224.8,,BRANCH11,Fahad Chen,ACCT3863728,2025-09-03 13:26:18,noise
credit,2311.64,,BRANCH81,Fahad Chen,ACCT3863728,2025-09-02 12:19:34,noise
credit,1258.92,,BRANCH11,Fahad Chen,ACCT3863728,2025-09-01 09:30:08,noise
debit,588.43,,BRANCH11,Fahad Chen,ACCT3863728,2025-08-17 11:12:10,noise
debit,3529.71,,BRANCH11,Fahad Chen,ACCT3863728,2025-08-14 15:14:50,noise
debit,144.55,,BRANCH11,Fahad Chen,ACCT3863728,2025-08-13 13:29:20,noise
credit,361.0,,BRANCH11,Fahad Chen,ACCT3863728,2025-08-13 19:20:26,noise
debit,1923.13,,BRANCH11,Fahad Chen,ACCT3863728,2025-08-10 13:30:46,noise
credit,4131.88,,BRANCH11,Fahad Chen,ACCT3863728,2025-08-09 08:25:42,noise
credit,1381.36,,BRANCH11,Fahad Chen,ACCT3863728,2025-08-06 22:41:39,noise
debit,48243.87,ACCT2516181,BRANCH11,Fahad Chen,ACCT3863728,2025-12-24 05:08:39,noise
debit,44451.17,ACCT6702027,BRANCH51,Fahad Novak,ACCT2516181,2025-12-28 06:22:15,noise
debit,68750.31,ACCT6054742,BRANCH20,Ava Iqbal,ACCT6702027,2025-12-24 21:24:32,noise
credit,15996.11,ACCT3865336,BRANCH20,Fahad Alvarez,ACCT5577360,2025-12-15 00:28:48,noise
credit,10000.0,ACCT8803035,BRANCH20,Fahad Alvarez,ACCT5577360,2025-12-23 00:14:45,noise
credit,10872.54,ACCT3395659,BRANCH20,Fahad Alvarez,ACCT5577360,2025-11-26 22:04:18,noise
credit,10818.71,ACCT3839640,BRANCH20,Fahad Alvarez,ACCT5577360,2025-12-18 05:20:54,noise
credit,7832.29,ACCT3074370,BRANCH20,Fahad Alvarez,ACCT5577360,2025-11-21 19:12:13,noise
credit,12325.45,ACCT1285496,BRANCH20,Fahad Alvarez,ACCT5577360,2025-12-16 21:02:35,noise
