txn_type,amount,recipient_account,branch_code,account_name,account_no,timestamp,device
debit,1785.02,,BRANCH73,Fahad Iqbal,ACCT7808547,2025-10-01 20:21:28,noise
credit,324.11,,BRANCH73,Fahad Iqbal,ACCT7808547,2025-09-27 13:34:21,noise
debit,622.6,ACCT4249179,BRANCH73,Fahad Iqbal,ACCT7808547,2025-09-27 08:29:21,noise
credit,1594.33,,BRANCH73,Fahad Iqbal,ACCT7808547,2025-09-25 18:04:54,noise
credit,243.76,ACCT6234336,BRANCH87,Fahad Iqbal,ACCT7808547,2025-09-25 21:26:54,noise
credit,884.54,,BRANCH49,Fahad Iqbal,ACCT7808547,2025-09-23 04:18:45,noise
credit,504.05,,BRANCH73,Fahad Iqbal,ACCT7808547,2025-09-22 14:21:51,noise
credit,781.66,,BRANCH53,Fahad Iqbal,ACCT7808547,2025-09-21 19:27:54,noise
credit,4073.13,,BRANCH73,Fahad Iqbal,ACCT7808547,2025-09-19 18:12:54,noise
debit,396.36,ACCT4624349,BRANCH73,Fahad Iqbal,ACCT7808547,2025-09-19 21:04:57,noise
credit,2992.28,ACCT2286500,BRANCH84,Fahad Iqbal,ACCT7808547,2025-09-18 08:35:28,noise
credit,602.78,ACCT3708096,BRANCH73,Fahad Iqbal,ACCT7808547,2025-09-18 08:09:45,noise
debit,179.43,ACCT1204317,BRANCH73,Fahad Iqbal,ACCT7808547,2025-09-17 11:45:17,noise
debit,1716.31,ACCT4915903,BRANCH73,Fahad Iqbal,ACCT7808547,2025-09-15 20:42:04,noise
credit,171.43,,BRANCH73,Fahad Iqbal,ACCT7808547,2025-09-14 10:28:25,noise
debit,1833.61,,BRANCH80,Fahad Iqbal,ACCT7808547,2025-09-13 14:34:46,noise
credit,1130.46,,BRANCH90,Fahad Iqbal,ACCT7808547,2025-09-11 11:03:08,noise
debit,151.15,,BRANCH73,Fahad Iqbal,ACCT7808547,2025-09-10 08:19:47,noise
debit,1948.65,,BRANCH73,Fahad Iqbal,ACCT7808547,2025-09-08 01:37:45,noise
debit,323.31,ACCT6083922,BRANCH82,Fahad Iqbal,ACCT7808547,2025-09-06 09:17:36,noise
debit,178.06,,BRANCH73,Fahad Iqbal,ACCT7808547,2025-09-02 02:26:57,noise
credit,1057.51,,BRANCH73,Fahad Iqbal,ACCT7808547,2025-09-02 16:38:38,noise
credit,312.22,,BRANCH73,Fahad Iqbal,ACCT7808547,2025-08-31 18:04:20,noise
debit,312.71,ACCT6037115,BRANCH73,Fahad Iqbal,ACCT7808547,2025-08-28 18:44:26,noise
debit,1061.47,,BRANCH73,Fahad Iqbal,ACCT7808547,2025-08-24 16:41:23,noise
debit,2083.26,,BRANCH39,Fahad Iqbal,ACCT7808547,2025-08-24 10:01:37,noise
credit,1197.09,ACCT8422936,BRANCH73,Fahad Iqbal,ACCT7808547,2025-08-20 08:45:27,noise
credit,269.58,,BRANCH46,Fahad Iqbal,ACCT7808547,2025-08-19 08:23:10,noise
debit,135.27,,BRANCH50,Fahad Iqbal,ACCT7808547,2025-08-18 16:28:39,noise
credit,459.43,,BRANCH20,Fahad Iqbal,ACCT7808547,2025-08-17 15:09:57,noise
debit,885.58,,BRANCH73,Fahad Iqbal,ACCT7808547,2025-08-17 05:07:09,noise
debit,1192.06,,BRANCH20,Fahad Iqbal,ACCT7808547,2025-08-16 20:27:05,noise
debit,728.38,,BRANCH73,Fahad Iqbal,ACCT7808547,2025-08-13 19:03:20,noise
credit,2373.77,ACCT6037115,BRANCH73,Fahad Iqbal,ACCT7808547,2025-08-11 18:06:33,noise
credit,2646.69,,BRANCH77,Fahad Iqbal,ACCT7808547,2025-08-10 23:24:26,noise
credit,247.8,ACCT3528995,BRANCH40,Fahad Iqbal,ACCT7808547,2025-08-09 16:36:50,noise
credit,881.87,,BRANCH99,Xin Anderson,ACCT8982913,2025-09-26 17:30:17,noise
credit,257.17,,BRANCH99,Xin Anderson,ACCT8982913,2025-09-26 09:04:08,noise
credit,2823.41,,BRANCH92,Xin Anderson,ACCT8982913,2025-09-24 04:39:09,noise
credit,201.68,,BRANCH99,Xin Anderson,ACCT8982913,2025-09-24 15:09:25,noise
credit,662.08,ACCT2371050,BRANCH99,Xin Anderson,ACCT8982913,2025-09-23 14:00:45,noise
debit,139.39,,BRANCH99,Xin Anderson,ACCT8982913,2025-09-23 13:20:34,noise
credit,958.24,ACCT8791433,BRANCH99,Xin Anderson,ACCT8982913,2025-09-22 09:24:01,noise
credit,752.71,ACCT4281720,BRANCH99,Xin Anderson,ACCT8982913,2025-09-22 08:12:44,noise
credit,326.44,,BRANCH99,Xin Anderson,ACCT8982913,2025-09-21 12:20:52,noise
credit,515.28,,BRANCH99,Xin Anderson,ACCT8982913,2025-09-21 11:37:47,noise
debit,2158.54,,BRANCH99,Xin Anderson,ACCT8982913,2025-09-20 19:27:15,noise
credit,549.48,,BRANCH40,Xin Anderson,ACCT8982913,2025-09-19 11:33:19,noise
debit,323.94,,BRANCH84,Xin Anderson,ACCT8982913,2025-09-17 08:26:18,noise
credit,529.27,,BRANCH99,Xin Anderson,ACCT8982913,2025-09-13 18:24:43,noise
credit,400.76,,BRANCH99,Xin Anderson,ACCT8982913,2025-09-12 11:22:59,noise
debit,358.34,,BRANCH99,Xin Anderson,ACCT8982913,2025-09-11 15:33:00,noise
credit,779.15,,BRANCH99,Xin Anderson,ACCT8982913,2025-09-11 18:22:53,noise
credit,99.62,ACCT7808547,BRANCH99,Xin Anderson,ACCT8982913,2025-09-09 12:20:20,noise
credit,1123.39,,BRANCH99,Xin Anderson,ACCT8982913,2025-09-07 18:38:11,noise
debit,366.66,ACCT4491659,BRANCH99,Xin Anderson,ACCT8982913,2025-09-07 21:08:19,noise
credit,348.76,,BRANCH99,Xin Anderson,ACCT8982913,2025-09-01 17:37:23,noise
debit,3000.0,ACCT1128112,BRANCH99,Xin Anderson,ACCT8982913,2025-08-25 00:26:02,noise
debit,1294.88,,BRANCH64,Xin Anderson,ACCT8982913,2025-08-22 10:44:51,noise
credit,3168.69,ACCT5316898,BRANCH99,Xin Anderson,ACCT8982913,2025-08-22 22:19:59,noise
credit,300.24,,BRANCH34,Xin Anderson,ACCT8982913,2025-08-21 00:44:46,noise
credit,456.09,,BRANCH19,Xin Anderson,ACCT8982913,2025-08-18 13:13:24,noise
debit,143.42,ACCT2843039,BRANCH99,Xin Anderson,ACCT8982913,2025-08-15 17:34:14,noise
credit,106.63,ACCT8465072,BRANCH99,Xin Anderson,ACCT8982913,2025-08-12 16:39:34,noise
debit,242.95,,BRANCH99,Xin Anderson,ACCT8982913,2025-08-11 11:27:47,noise
credit,1556.04,ACCT3528995,BRANCH99,Xin Anderson,ACCT8982913,2025-08-09 05:21:10,noise
credit,555.01,,BRANCH74,Xin Anderson,ACCT8982913,2025-08-07 18:37:04,noise
credit,667.49,,BRANCH99,Xin Anderson,ACCT8982913,2025-08-06 15:36:05,noise
credit,1958.35,,BRANCH36,Diego Brooks,ACCT1365831,2025-10-03 16:05:45,noise
credit,405.71,ACCT2778698,BRANCH36,Diego Brooks,ACCT1365831,2025-10-01 22:00:41,noise
credit,686.91,,BRANCH36,Diego Brooks,ACCT1365831,2025-10-01 12:12:34,noise
credit,1501.97,ACCT4386981,BRANCH36,Diego Brooks,ACCT1365831,2025-09-29 10:02:29,noise
credit,1021.73,ACCT6542581,BRANCH36,Diego Brooks,ACCT1365831,2025-09-26 10:11:42,noise
credit,523.0,,BRANCH36,Diego Brooks,ACCT1365831,2025-09-25 08:11:05,noise
debit,293.95,,BRANCH36,Diego Brooks,ACCT1365831,2025-09-15 20:14:58,noise
debit,1083.55,,BRANCH36,Diego Brooks,ACCT1365831,2025-09-14 17:38:34,noise
debit,478.6,ACCT5971196,BRANCH36,Diego Brooks,ACCT1365831,2025-09-14 20:02:29,noise
debit,1473.99,,BRANCH14,Diego Brooks,ACCT1365831,2025-09-10 12:45:06,noise
debit,697.45,,BRANCH36,Diego Brooks,ACCT1365831,2025-09-10 12:39:43,noise
debit,219.52,,BRANCH36,Diego Brooks,ACCT1365831,2025-09-08 12:37:21,noise
debit,712.21,,BRANCH97,Diego Brooks,ACCT1365831,2025-09-07 16:27:34,noise
credit,444.4,,BRANCH90,Diego Brooks,ACCT1365831,2025-09-07 20:44:21,noise
credit,546.96,,BRANCH40,Diego Brooks,ACCT1365831,2025-09-05 20:16:02,noise
credit,257.96,,BRANCH36,Diego Brooks,ACCT1365831,2025-09-05 03:02:00,noise
credit,180.72,ACCT9483782,BRANCH36,Diego Brooks,ACCT1365831,2025-08-31 15:39:00,noise
debit,842.61,,BRANCH36,Diego Brooks,ACCT1365831,2025-08-31 20:44:19,noise
debit,841.44,ACCT9768728,BRANCH16,Diego Brooks,ACCT1365831,2025-08-28 21:20:25,noise
debit,803.19,,BRANCH36,Diego Brooks,ACCT1365831,2025-08-28 12:19:00,noise
credit,669.82,,BRANCH36,Diego Brooks,ACCT1365831,2025-08-27 20:25:19,noise
credit,921.79,,BRANCH36,Diego Brooks,ACCT1365831,2025-08-26 13:35:58,noise
credit,6937.92,,BRANCH36,Diego Brooks,ACCT1365831,2025-08-26 16:41:38,noise
credit,494.43,,BRANCH70,Diego Brooks,ACCT1365831,2025-08-24 01:12:35,noise
credit,759.42,ACCT8982913,BRANCH36,Diego Brooks,ACCT1365831,2025-08-24 08:43:21,noise
debit,205.13,,BRANCH36,Diego Brooks,ACCT1365831,2025-08-22 09:40:01,noise
debit,211.64,,BRANCH36,Diego Brooks,ACCT1365831,2025-08-21 00:02:11,noise
debit,1125.48,,BRANCH36,Diego Brooks,ACCT1365831,2025-08-20 22:10:56,noise
debit,1109.85,ACCT6542581,BRANCH28,Diego Brooks,ACCT1365831,2025-08-19 09:45:26,noise
credit,569.22,,BRANCH68,Diego Brooks,ACCT1365831,2025-08-15 01:42:32,noise
credit,594.23,,BRANCH36,Diego Brooks,ACCT1365831,2025-08-15 21:42:45,noise
debit,1667.91,,BRANCH36,Diego Brooks,ACCT1365831,2025-08-14 09:16:29,noise
debit,1011.9,,BRANCH36,Diego Brooks,ACCT1365831,2025-08-13 17:22:14,noise
debit,1853.96,,BRANCH36,Diego Brooks,ACCT1365831,2025-08-11 20:15:25,noise
credit,320.46,ACCT4184965,BRANCH36,Diego Brooks,ACCT1365831,2025-08-07 09:44:12,noise
debit,1236.97,ACCT6209543,BRANCH36,Diego Brooks,ACCT1365831,2025-08-06 20:24:23,noise
debit,2113.34,ACCT7881766,BRANCH36,Diego Brooks,ACCT1365831,2025-08-06 20:24:13,noise
debit,782.72,,BRANCH36,Diego Brooks,ACCT1365831,2025-08-04 16:14:16,noise
credit,381.18,ACCT1546577,BRANCH72,Diego Brooks,ACCT1365831,2025-08-04 10:44:43,noise
credit,378.7,ACCT3708096,BRANCH79,Ava Novak,ACCT6037115,2025-10-03 13:10:10,noise
debit,2883.83,,BRANCH79,Ava Novak,ACCT6037115,2025-10-02 03:00:44,noise
credit,292.81,ACCT1269653,BRANCH79,Ava Novak,ACCT6037115,2025-10-02 23:08:51,noise
credit,1544.49,,BRANCH90,Ava Novak,ACCT6037115,2025-09-30 11:05:08,noise
debit,86.58,,BRANCH55,Ava Novak,ACCT6037115,2025-09-28 10:01:59,noise
credit,1461.72,,BRANCH79,Ava Novak,ACCT6037115,2025-09-27 13:20:25,noise
debit,1109.12,,BRANCH79,Ava Novak,ACCT6037115,2025-09-25 11:43:40,noise
credit,372.79,ACCT5725141,BRANCH79,Ava Novak,ACCT6037115,2025-09-23 10:11:40,noise
debit,3000.0,ACCT8528071,BRANCH29,Ava Novak,ACCT6037115,2025-09-22 15:19:04,noise
debit,1764.58,,BRANCH79,Ava Novak,ACCT6037115,2025-09-21 04:37:32,noise
credit,306.97,,BRANCH25,Ava Novak,ACCT6037115,2025-09-20 18:21:51,noise
credit,1989.8,ACCT4624349,BRANCH79,Ava Novak,ACCT6037115,2025-09-19 05:34:32,noise
credit,207.3,,BRANCH91,Ava Novak,ACCT6037115,2025-09-19 10:06:32,noise
credit,1293.71,,BRANCH12,Ava Novak,ACCT6037115,2025-09-16 12:12:45,noise
debit,1303.71,,BRANCH79,Ava Novak,ACCT6037115,2025-09-16 23:06:51,noise
credit,474.73,ACCT5265659,BRANCH79,Ava Novak,ACCT6037115,2025-09-13 13:45:51,noise
debit,1937.35,,BRANCH58,Ava Novak,ACCT6037115,2025-09-12 02:22:14,noise
debit,1924.08,ACCT8265355,BRANCH21,Ava Novak,ACCT6037115,2025-09-12 17:44:27,noise
credit,759.3,ACCT8465072,BRANCH26,Ava Novak,ACCT6037115,2025-09-10 14:39:04,noise
debit,1664.03,,BRANCH81,Ava Novak,ACCT6037115,2025-09-08 20:41:06,noise
credit,1341.38,,BRANCH41,Ava Novak,ACCT6037115,2025-09-08 15:45:34,noise
debit,1152.08,,BRANCH79,Ava Novak,ACCT6037115,2025-09-07 08:31:51,noise
credit,502.44,ACCT7881766,BRANCH80,Ava Novak,ACCT6037115,2025-09-06 10:12:36,noise
debit,3000.0,ACCT6896382,BRANCH79,Ava Novak,ACCT6037115,2025-09-06 20:12:53,noise
credit,159.79,,BRANCH26,Ava Novak,ACCT6037115,2025-09-04 14:18:59,noise
debit,1517.16,,BRANCH79,Ava Novak,ACCT6037115,2025-09-03 19:06:46,noise
debit,509.01,ACCT5725141,BRANCH61,Ava Novak,ACCT6037115,2025-09-01 04:07:30,noise
credit,358.78,,BRANCH77,Ava Novak,ACCT6037115,2025-08-30 02:08:00,noise
credit,1017.74,,BRANCH79,Ava Novak,ACCT6037115,2025-08-30 18:42:04,noise
credit,971.95,ACCT1549851,BRANCH79,Ava Novak,ACCT6037115,2025-08-29 16:22:46,noise
credit,461.05,ACCT9137087,BRANCH79,Ava Novak,ACCT6037115,2025-08-28 09:02:00,noise
credit,1846.9,,BRANCH45,Ava Novak,ACCT6037115,2025-08-25 00:36:33,noise
debit,1336.49,,BRANCH79,Ava Novak,ACCT6037115,2025-08-23 17:27:28,noise
debit,1963.3,,BRANCH90,Ava Novak,ACCT6037115,2025-08-17 04:41:36,noise
debit,1070.05,,BRANCH79,Ava Novak,ACCT6037115,2025-08-14 13:18:05,noise
credit,517.92,,BRANCH79,Ava Novak,ACCT6037115,2025-08-14 11:44:26,noise
credit,274.88,ACCT6542581,BRANCH79,Ava Novak,ACCT6037115,2025-08-12 05:45:15,noise
debit,1375.15,,BRANCH79,Ava Novak,ACCT6037115,2025-08-09 15:23:55,noise
debit,2105.68,ACCT8528071,BRANCH79,Ava Novak,ACCT6037115,2025-08-09 17:04:10,noise
credit,3419.32,,BRANCH14,Diego Diaz,ACCT9103551,2025-10-01 05:09:17,noise
credit,1763.08,,BRANCH14,Diego Diaz,ACCT9103551,2025-09-30 18:45:33,noise
debit,1881.6,,BRANCH44,Diego Diaz,ACCT9103551,2025-09-28 19:12:15,noise
debit,1145.4,ACCT4249035,BRANCH14,Diego Diaz,ACCT9103551,2025-09-25 14:08:01,noise
credit,2098.31,,BRANCH66,Diego Diaz,ACCT9103551,2025-09-25 15:12:34,noise
credit,1312.14,,BRANCH14,Diego Diaz,ACCT9103551,2025-09-24 19:24:38,noise
debit,2172.19,,BRANCH14,Diego Diaz,ACCT9103551,2025-09-22 17:18:49,noise
debit,693.78,,BRANCH14,Diego Diaz,ACCT9103551,2025-09-19 20:40:35,noise
credit,276.32,,BRANCH80,Diego Diaz,ACCT9103551,2025-09-18 08:34:58,noise
debit,230.42,,BRANCH14,Diego Diaz,ACCT9103551,2025-09-16 15:03:08,noise
debit,440.03,ACCT6542581,BRANCH14,Diego Diaz,ACCT9103551,2025-09-16 15:07:51,noise
credit,358.88,ACCT6209543,BRANCH74,Diego Diaz,ACCT9103551,2025-09-15 19:34:06,noise
credit,1055.01,ACCT3272721,BRANCH14,Diego Diaz,ACCT9103551,2025-09-14 21:25:12,noise
debit,683.59,,BRANCH66,Diego Diaz,ACCT9103551,2025-09-13 23:38:34,noise
debit,563.96,,BRANCH14,Diego Diaz,ACCT9103551,2025-09-11 22:36:48,noise
debit,154.13,,BRANCH14,Diego Diaz,ACCT9103551,2025-09-10 20:35:08,noise
credit,1154.73,,BRANCH14,Diego Diaz,ACCT9103551,2025-09-08 05:20:46,noise
credit,362.04,,BRANCH14,Diego Diaz,ACCT9103551,2025-09-07 16:03:26,noise
credit,168.44,,BRANCH14,Diego Diaz,ACCT9103551,2025-09-06 12:01:57,noise
credit,751.94,ACCT4151250,BRANCH14,Diego Diaz,ACCT9103551,2025-09-06 23:21:46,noise
debit,242.6,,BRANCH58,Diego Diaz,ACCT9103551,2025-09-05 08:06:29,noise
debit,986.64,,BRANCH80,Diego Diaz,ACCT9103551,2025-09-04 19:24:07,noise
credit,1515.55,,BRANCH14,Diego Diaz,ACCT9103551,2025-09-04 13:33:54,noise
debit,1290.76,,BRANCH48,Diego Diaz,ACCT9103551,2025-09-02 13:04:11,noise
debit,1092.87,,BRANCH14,Diego Diaz,ACCT9103551,2025-09-01 02:00:01,noise
debit,219.01,,BRANCH14,Diego Diaz,ACCT9103551,2025-08-31 23:42:35,noise
debit,1394.58,,BRANCH14,Diego Diaz,ACCT9103551,2025-08-31 05:29:06,noise
debit,282.6,,BRANCH14,Diego Diaz,ACCT9103551,2025-08-29 15:03:54,noise
debit,330.93,,BRANCH14,Diego Diaz,ACCT9103551,2025-08-26 20:12:27,noise
debit,485.52,ACCT6892604,BRANCH91,Diego Diaz,ACCT9103551,2025-08-26 11:09:42,noise
credit,1480.9,,BRANCH58,Diego Diaz,ACCT9103551,2025-08-25 21:32:07,noise
debit,166.05,,BRANCH14,Diego Diaz,ACCT9103551,2025-08-25 18:01:50,noise
credit,295.27,ACCT9119768,BRANCH14,Diego Diaz,ACCT9103551,2025-08-24 19:22:59,noise
debit,937.51,ACCT6724761,BRANCH14,Diego Diaz,ACCT9103551,2025-08-24 23:11:49,noise
debit,560.39,,BRANCH14,Diego Diaz,ACCT9103551,2025-08-22 10:09:04,noise
debit,311.94,ACCT2733926,BRANCH67,Diego Diaz,ACCT9103551,2025-08-22 03:08:19,noise
debit,386.58,,BRANCH14,Diego Diaz,ACCT9103551,2025-08-20 19:10:34,noise
credit,1265.16,,BRANCH14,Diego Diaz,ACCT9103551,2025-08-19 01:26:03,noise
debit,2963.75,ACCT8422936,BRANCH14,Diego Diaz,ACCT9103551,2025-08-14 11:41:47,noise
debit,250.42,,BRANCH14,Diego Diaz,ACCT9103551,2025-08-10 16:32:22,noise
credit,566.49,ACCT9545640,BRANCH14,Diego Diaz,ACCT9103551,2025-08-08 13:16:13,noise
credit,492.85,,BRANCH14,Diego Diaz,ACCT9103551,2025-08-07 08:45:05,noise
debit,849.99,,BRANCH67,Diego Diaz,ACCT9103551,2025-08-04 19:44:02,noise
credit,1332.26,,BRANCH75,Jin Zhou,ACCT6516709,2025-10-01 05:16:42,noise
credit,1310.7,,BRANCH75,Jin Zhou,ACCT6516709,2025-09-28 17:25:06,noise
credit,5247.61,ACCT5622927,BRANCH75,Jin Zhou,ACCT6516709,2025-09-28 17:41:54,noise
credit,3277.95,,BRANCH75,Jin Zhou,ACCT6516709,2025-09-23 19:31:58,noise
debit,310.77,,BRANCH59,Jin Zhou,ACCT6516709,2025-09-22 17:38:10,noise
debit,674.2,,BRANCH42,Jin Zhou,ACCT6516709,2025-09-21 08:35:30,noise
credit,404.59,,BRANCH49,Jin Zhou,ACCT6516709,2025-09-19 12:44:44,noise
debit,551.35,,BRANCH75,Jin Zhou,ACCT6516709,2025-09-17 12:26:18,noise
credit,376.33,ACCT7774750,BRANCH75,Jin Zhou,ACCT6516709,2025-09-16 19:35:15,noise
debit,3000.0,ACCT5061927,BRANCH75,Jin Zhou,ACCT6516709,2025-09-16 23:01:13,noise
credit,282.15,,BRANCH75,Jin Zhou,ACCT6516709,2025-09-15 19:10:33,noise
credit,1956.5,,BRANCH57,Jin Zhou,ACCT6516709,2025-09-13 18:27:04,noise
credit,670.71,ACCT6209543,BRANCH75,Jin Zhou,ACCT6516709,2025-09-09 14:33:10,noise
debit,287.9,ACCT1587661,BRANCH75,Jin Zhou,ACCT6516709,2025-09-05 08:31:57,noise
debit,416.96,ACCT6724761,BRANCH95,Jin Zhou,ACCT6516709,2025-09-04 13:32:43,noise
credit,847.94,,BRANCH52,Jin Zhou,ACCT6516709,2025-09-02 12:25:30,noise
credit,486.08,,BRANCH75,Jin Zhou,ACCT6516709,2025-08-31 08:37:58,noise
debit,485.31,,BRANCH75,Jin Zhou,ACCT6516709,2025-08-28 11:29:01,noise
debit,182.76,,BRANCH75,Jin Zhou,ACCT6516709,2025-08-27 20:28:34,noise
credit,774.01,,BRANCH16,Jin Zhou,ACCT6516709,2025-08-26 19:27:25,noise
credit,100.27,ACCT8528071,BRANCH39,Jin Zhou,ACCT6516709,2025-08-25 11:41:49,noise
debit,158.98,,BRANCH75,Jin Zhou,ACCT6516709,2025-08-22 01:37:35,noise
credit,1764.32,,BRANCH75,Jin Zhou,ACCT6516709,2025-08-22 01:24:05,noise
debit,759.25,,BRANCH75,Jin Zhou,ACCT6516709,2025-08-17 17:29:12,noise
credit,1348.84,,BRANCH92,Jin Zhou,ACCT6516709,2025-08-14 12:25:33,noise
credit,332.06,,BRANCH68,Jin Zhou,ACCT6516709,2025-08-13 18:02:20,noise
credit,491.66,,BRANCH76,Jin Zhou,ACCT6516709,2025-08-12 08:13:16,noise
debit,1383.31,,BRANCH75,Jin Zhou,ACCT6516709,2025-08-08 18:38:26,noise
credit,641.61,,BRANCH86,Jin Zhou,ACCT6516709,2025-08-04 12:36:32,noise
debit,1384.82,ACCT1122483,BRANCH46,Leo Gomes,ACCT2371050,2025-09-28 20:41:59,noise
credit,143.33,,BRANCH46,Leo Gomes,ACCT2371050,2025-09-27 16:43:29,noise
debit,296.2,,BRANCH46,Leo Gomes,ACCT2371050,2025-09-27 15:25:00,noise
debit,1657.46,,BRANCH46,Leo Gomes,ACCT2371050,2025-09-25 20:13:54,noise
credit,1035.69,,BRANCH43,Leo Gomes,ACCT2371050,2025-09-24 03:08:29,noise
credit,117.82,ACCT5091816,BRANCH46,Leo Gomes,ACCT2371050,2025-09-22 15:30:30,noise
credit,400.4,ACCT4234895,BRANCH57,Leo Gomes,ACCT2371050,2025-09-22 11:36:28,noise
credit,161.94,ACCT8424635,BRANCH45,Leo Gomes,ACCT2371050,2025-09-17 02:28:47,noise
credit,286.79,,BRANCH26,Leo Gomes,ACCT2371050,2025-09-16 09:08:03,noise
credit,243.9,ACCT5981644,BRANCH23,Leo Gomes,ACCT2371050,2025-09-15 12:13:28,noise
debit,916.26,ACCT8528071,BRANCH46,Leo Gomes,ACCT2371050,2025-09-11 01:21:40,noise
credit,612.57,,BRANCH46,Leo Gomes,ACCT2371050,2025-09-11 19:10:36,noise
debit,218.61,,BRANCH46,Leo Gomes,ACCT2371050,2025-09-07 09:08:09,noise
credit,2434.29,,BRANCH46,Leo Gomes,ACCT2371050,2025-09-06 09:31:43,noise
debit,386.54,,BRANCH46,Leo Gomes,ACCT2371050,2025-09-06 21:16:48,noise
credit,1195.91,,BRANCH33,Leo Gomes,ACCT2371050,2025-09-05 15:23:04,noise
credit,4397.97,,BRANCH46,Leo Gomes,ACCT2371050,2025-09-02 11:13:38,noise
credit,500.22,ACCT4151250,BRANCH46,Leo Gomes,ACCT2371050,2025-09-02 18:04:12,noise
debit,944.31,ACCT5427695,BRANCH46,Leo Gomes,ACCT2371050,2025-09-01 16:36:23,noise
credit,331.79,ACCT5725141,BRANCH46,Leo Gomes,ACCT2371050,2025-08-30 19:34:57,noise
credit,565.21,,BRANCH46,Leo Gomes,ACCT2371050,2025-08-22 03:29:15,noise
debit,1591.34,,BRANCH46,Leo Gomes,ACCT2371050,2025-08-22 11:33:42,noise
debit,841.03,,BRANCH11,Leo Gomes,ACCT2371050,2025-08-21 05:11:27,noise
debit,570.81,,BRANCH46,Leo Gomes,ACCT2371050,2025-08-20 14:24:41,noise
credit,2349.58,,BRANCH38,Leo Gomes,ACCT2371050,2025-08-16 10:01:26,noise
debit,776.47,,BRANCH76,Leo Gomes,ACCT2371050,2025-08-15 11:06:01,noise
debit,1396.4,,BRANCH46,Leo Gomes,ACCT2371050,2025-08-12 19:14:17,noise
credit,1027.78,,BRANCH46,Leo Gomes,ACCT2371050,2025-08-12 19:01:34,noise
debit,1030.45,,BRANCH46,Leo Gomes,ACCT2371050,2025-08-05 12:23:50,noise
credit,1483.57,,BRANCH93,Leo Gomes,ACCT2371050,2025-08-05 18:01:12,noise
credit,6658.69,,BRANCH46,Leo Gomes,ACCT2371050,2025-08-04 05:28:54,noise
credit,321.46,,BRANCH68,Zane Jansen,ACCT1128112,2025-10-03 08:29:47,noise
credit,2711.86,,BRANCH64,Zane Jansen,ACCT1128112,2025-10-03 18:08:33,noise
debit,805.29,,BRANCH59,Zane Jansen,ACCT1128112,2025-10-02 14:40:10,noise
credit,1879.48,ACCT7401684,BRANCH64,Zane Jansen,ACCT1128112,2025-10-01 15:27:44,noise
debit,657.87,ACCT2733926,BRANCH31,Zane Jansen,ACCT1128112,2025-10-01 19:22:26,noise
credit,1139.81,,BRANCH50,Zane Jansen,ACCT1128112,2025-09-30 09:21:54,noise
debit,376.28,,BRANCH58,Zane Jansen,ACCT1128112,2025-09-30 17:28:35,noise
credit,1155.24,ACCT6724761,BRANCH64,Zane Jansen,ACCT1128112,2025-09-29 13:18:05,noise
credit,137.83,ACCT5316898,BRANCH71,Zane Jansen,ACCT1128112,2025-09-29 10:18:13,noise
debit,3349.68,,BRANCH64,Zane Jansen,ACCT1128112,2025-09-17 11:27:55,noise
credit,551.89,,BRANCH64,Zane Jansen,ACCT1128112,2025-09-11 03:03:03,noise
debit,1341.95,ACCT3101582,BRANCH64,Zane Jansen,ACCT1128112,2025-09-10 10:16:49,noise
credit,485.61,,BRANCH13,Zane Jansen,ACCT1128112,2025-09-08 12:29:52,noise
debit,401.32,ACCT6516709,BRANCH97,Zane Jansen,ACCT1128112,2025-09-06 15:07:55,noise
debit,144.69,,BRANCH64,Zane Jansen,ACCT1128112,2025-09-05 00:02:12,noise
credit,1014.42,,BRANCH64,Zane Jansen,ACCT1128112,2025-09-05 01:40:46,noise
debit,1099.84,,BRANCH34,Zane Jansen,ACCT1128112,2025-09-03 18:15:41,noise
debit,141.92,,BRANCH64,Zane Jansen,ACCT1128112,2025-09-03 14:28:53,noise
debit,211.11,,BRANCH64,Zane Jansen,ACCT1128112,2025-09-02 16:14:09,noise
debit,2298.43,,BRANCH64,Zane Jansen,ACCT1128112,2025-08-31 08:26:12,noise
credit,1063.75,,BRANCH90,Zane Jansen,ACCT1128112,2025-08-31 16:26:53,noise
debit,212.94,,BRANCH64,Zane Jansen,ACCT1128112,2025-08-30 15:37:33,noise
credit,8109.05,ACCT5235640,BRANCH64,Zane Jansen,ACCT1128112,2025-08-29 22:04:21,noise
credit,829.42,ACCT7808547,BRANCH64,Zane Jansen,ACCT1128112,2025-08-27 13:01:14,noise
credit,1032.02,,BRANCH64,Zane Jansen,ACCT1128112,2025-08-27 04:09:33,noise
debit,1452.77,,BRANCH64,Zane Jansen,ACCT1128112,2025-08-26 16:34:28,noise
debit,484.65,ACCT9483782,BRANCH64,Zane Jansen,ACCT1128112,2025-08-24 11:25:25,noise
debit,1320.02,,BRANCH79,Zane Jansen,ACCT1128112,2025-08-24 20:18:28,noise
debit,397.21,,BRANCH64,Zane Jansen,ACCT1128112,2025-08-22 08:29:58,noise
credit,645.94,,BRANCH34,Zane Jansen,ACCT1128112,2025-08-18 16:15:11,noise
debit,593.8,ACCT9211559,BRANCH20,Zane Jansen,ACCT1128112,2025-08-14 20:13:02,noise
credit,142.85,,BRANCH64,Zane Jansen,ACCT1128112,2025-08-14 13:00:55,noise
credit,337.17,,BRANCH64,Zane Jansen,ACCT1128112,2025-08-13 15:37:55,noise
debit,228.83,ACCT6542581,BRANCH64,Zane Jansen,ACCT1128112,2025-08-13 20:19:34,noise
debit,550.92,,BRANCH64,Zane Jansen,ACCT1128112,2025-08-12 12:04:23,noise
credit,784.46,,BRANCH64,Zane Jansen,ACCT1128112,2025-08-12 09:30:21,noise
credit,525.5,,BRANCH64,Zane Jansen,ACCT1128112,2025-08-10 14:15:18,noise
debit,2822.77,ACCT4915903,BRANCH64,Zane Jansen,ACCT1128112,2025-08-09 09:39:28,noise
credit,1802.47,,BRANCH50,Zane Jansen,ACCT1128112,2025-08-06 17:44:04,noise
credit,481.29,ACCT2621872,BRANCH68,Zane Jansen,ACCT1128112,2025-08-06 15:29:29,noise
debit,375.7,,BRANCH94,Wes ElSayed,ACCT5091816,2025-10-03 10:30:59,noise
debit,1453.62,,BRANCH94,Wes ElSayed,ACCT5091816,2025-09-26 17:10:52,noise
debit,762.26,,BRANCH94,Wes ElSayed,ACCT5091816,2025-09-25 17:19:16,noise
credit,1002.41,ACCT4151250,BRANCH94,Wes ElSayed,ACCT5091816,2025-09-25 15:24:38,noise
debit,1032.44,,BRANCH94,Wes ElSayed,ACCT5091816,2025-09-23 09:25:56,noise
debit,217.67,,BRANCH94,Wes ElSayed,ACCT5091816,2025-09-23 15:42:36,noise
credit,884.17,,BRANCH94,Wes ElSayed,ACCT5091816,2025-09-21 16:14:37,noise
credit,122.83,,BRANCH94,Wes ElSayed,ACCT5091816,2025-09-20 04:33:50,noise
credit,757.96,,BRANCH68,Wes ElSayed,ACCT5091816,2025-09-19 05:32:09,noise
debit,1340.51,ACCT6083922,BRANCH94,Wes ElSayed,ACCT5091816,2025-09-15 17:36:10,noise
credit,177.06,ACCT4386981,BRANCH94,Wes ElSayed,ACCT5091816,2025-09-14 10:42:21,noise
credit,525.2,ACCT8422936,BRANCH83,Wes ElSayed,ACCT5091816,2025-09-13 19:04:31,noise
credit,1058.82,,BRANCH25,Wes ElSayed,ACCT5091816,2025-09-08 18:28:36,noise
debit,310.06,,BRANCH94,Wes ElSayed,ACCT5091816,2025-09-08 18:05:05,noise
debit,521.33,,BRANCH94,Wes ElSayed,ACCT5091816,2025-09-06 10:24:43,noise
debit,2062.81,,BRANCH94,Wes ElSayed,ACCT5091816,2025-09-06 13:45:19,noise
credit,253.68,,BRANCH94,Wes ElSayed,ACCT5091816,2025-09-04 13:32:53,noise
debit,765.64,,BRANCH94,Wes ElSayed,ACCT5091816,2025-08-31 16:26:30,noise
debit,438.33,ACCT6209543,BRANCH94,Wes ElSayed,ACCT5091816,2025-08-31 13:23:17,noise
debit,175.03,,BRANCH94,Wes ElSayed,ACCT5091816,2025-08-24 14:12:44,noise
credit,687.56,,BRANCH94,Wes ElSayed,ACCT5091816,2025-08-21 18:20:59,noise
debit,193.91,,BRANCH94,Wes ElSayed,ACCT5091816,2025-08-21 21:33:41,noise
debit,516.2,,BRANCH62,Wes ElSayed,ACCT5091816,2025-08-19 09:41:57,noise
credit,1105.31,,BRANCH94,Wes ElSayed,ACCT5091816,2025-08-18 13:22:48,noise
credit,836.84,ACCT5426495,BRANCH94,Wes ElSayed,ACCT5091816,2025-08-17 18:13:14,noise
debit,902.49,,BRANCH94,Wes ElSayed,ACCT5091816,2025-08-13 11:34:22,noise
credit,1038.93,,BRANCH94,Wes ElSayed,ACCT5091816,2025-08-13 09:29:14,noise
credit,632.09,,BRANCH94,Wes ElSayed,ACCT5091816,2025-08-12 17:21:27,noise
credit,1071.73,,BRANCH47,Wes ElSayed,ACCT5091816,2025-08-11 12:32:46,noise
debit,421.38,,BRANCH94,Wes ElSayed,ACCT5091816,2025-08-11 21:33:43,noise
credit,356.71,ACCT3272721,BRANCH94,Wes ElSayed,ACCT5091816,2025-08-08 15:31:20,noise
credit,466.46,,BRANCH94,Wes ElSayed,ACCT5091816,2025-08-08 10:06:48,noise
debit,784.0,,BRANCH15,Wes ElSayed,ACCT5091816,2025-08-07 21:24:45,noise
debit,404.87,ACCT2309188,BRANCH64,Wes ElSayed,ACCT5091816,2025-08-06 13:02:03,noise
credit,494.38,,BRANCH94,Wes ElSayed,ACCT5091816,2025-08-06 14:16:08,noise
credit,143.53,ACCT8229744,BRANCH69,Wes ElSayed,ACCT5091816,2025-08-05 13:41:48,noise
credit,275.7,,BRANCH94,Wes ElSayed,ACCT5091816,2025-08-04 19:19:21,noise
debit,2637.03,,BRANCH94,Wes ElSayed,ACCT5091816,2025-08-04 20:42:28,noise
debit,49981.05,ACCT3017433,BRANCH94,Wes ElSayed,ACCT5091816,2025-12-28 02:16:01,noise
debit,80376.64,ACCT5981644,BRANCH40,Sara Patida,ACCT3017433,2025-12-27 08:19:16,noise
debit,46151.0,ACCT9867074,BRANCH49,Priya Duarte,ACCT5981644,2025-12-28 00:04:13,noise
credit,1244.1,,BRANCH25,Uma Yamamoto,ACCT6542581,2025-10-02 08:28:55,noise
credit,474.8,ACCT4915903,BRANCH84,Uma Yamamoto,ACCT6542581,2025-09-29 16:06:43,noise
credit,2258.33,,BRANCH84,Uma Yamamoto,ACCT6542581,2025-09-29 18:18:47,noise
debit,537.0,ACCT5235640,BRANCH84,Uma Yamamoto,ACCT6542581,2025-09-28 13:40:50,noise
credit,2086.09,,BRANCH84,Uma Yamamoto,ACCT6542581,2025-09-28 17:31:32,noise
credit,382.19,ACCT4209332,BRANCH84,Uma Yamamoto,ACCT6542581,2025-09-27 14:04:27,noise
debit,256.14,ACCT2357788,BRANCH84,Uma Yamamoto,ACCT6542581,2025-09-26 13:33:51,noise
credit,895.55,,BRANCH32,Uma Yamamoto,ACCT6542581,2025-09-25 08:34:27,noise
debit,911.99,,BRANCH84,Uma Yamamoto,ACCT6542581,2025-09-24 16:35:07,noise
debit,326.48,,BRANCH32,Uma Yamamoto,ACCT6542581,2025-09-22 08:09:53,noise
credit,1341.41,ACCT3708096,BRANCH84,Uma Yamamoto,ACCT6542581,2025-09-20 09:15:30,noise
debit,288.11,ACCT4203708,BRANCH84,Uma Yamamoto,ACCT6542581,2025-09-19 00:13:18,noise
debit,835.8,,BRANCH16,Uma Yamamoto,ACCT6542581,2025-09-19 04:44:04,noise
credit,823.24,,BRANCH84,Uma Yamamoto,ACCT6542581,2025-09-16 16:41:22,noise
debit,101.03,ACCT5981644,BRANCH84,Uma Yamamoto,ACCT6542581,2025-09-07 15:10:33,noise
credit,529.28,,BRANCH84,Uma Yamamoto,ACCT6542581,2025-09-06 18:12:49,noise
credit,66.84,,BRANCH21,Uma Yamamoto,ACCT6542581,2025-09-06 09:23:55,noise
debit,876.85,ACCT3722972,BRANCH21,Uma Yamamoto,ACCT6542581,2025-09-05 14:32:10,noise
credit,1756.89,ACCT6775976,BRANCH84,Uma Yamamoto,ACCT6542581,2025-09-05 03:25:29,noise
credit,2194.93,ACCT4203708,BRANCH84,Uma Yamamoto,ACCT6542581,2025-09-04 18:26:11,noise
credit,212.48,,BRANCH84,Uma Yamamoto,ACCT6542581,2025-08-30 17:15:32,noise
debit,177.76,ACCT8422936,BRANCH84,Uma Yamamoto,ACCT6542581,2025-08-23 08:02:57,noise
credit,1241.2,,BRANCH84,Uma Yamamoto,ACCT6542581,2025-08-22 13:28:48,noise
credit,2408.17,,BRANCH58,Uma Yamamoto,ACCT6542581,2025-08-20 14:12:47,noise
debit,858.68,,BRANCH84,Uma Yamamoto,ACCT6542581,2025-08-17 12:12:57,noise
credit,1403.72,ACCT4386981,BRANCH84,Uma Yamamoto,ACCT6542581,2025-08-16 10:43:19,noise
debit,818.33,,BRANCH84,Uma Yamamoto,ACCT6542581,2025-08-09 13:26:02,noise
credit,741.92,,BRANCH84,Uma Yamamoto,ACCT6542581,2025-08-09 16:06:44,noise
credit,1771.33,,BRANCH84,Uma Yamamoto,ACCT6542581,2025-08-06 14:11:33,noise
debit,998.64,ACCT9894634,BRANCH84,Uma Yamamoto,ACCT6542581,2025-08-05 19:00:54,noise
debit,1326.0,,BRANCH84,Uma Yamamoto,ACCT6542581,2025-08-05 18:05:49,noise
credit,329.53,,BRANCH18,Ben Diaz,ACCT3421734,2025-10-03 11:00:14,noise
credit,1205.02,,BRANCH18,Ben Diaz,ACCT3421734,2025-10-03 23:08:55,noise
credit,787.81,,BRANCH18,Ben Diaz,ACCT3421734,2025-09-30 13:28:20,noise
debit,2750.49,,BRANCH18,Ben Diaz,ACCT3421734,2025-09-27 14:03:12,noise
credit,866.88,,BRANCH18,Ben Diaz,ACCT3421734,2025-09-27 19:01:27,noise
credit,956.83,,BRANCH18,Ben Diaz,ACCT3421734,2025-09-23 09:35:45,noise
credit,3577.25,ACCT5227376,BRANCH72,Ben Diaz,ACCT3421734,2025-09-21 08:23:40,noise
debit,4326.87,,BRANCH18,Ben Diaz,ACCT3421734,2025-09-21 08:02:50,noise
debit,242.63,,BRANCH51,Ben Diaz,ACCT3421734,2025-09-20 20:33:19,noise
credit,605.54,ACCT4605506,BRANCH63,Ben Diaz,ACCT3421734,2025-09-18 12:19:39,noise
debit,1333.9,,BRANCH18,Ben Diaz,ACCT3421734,2025-09-16 16:45:15,noise
credit,2157.86,ACCT8528071,BRANCH78,Ben Diaz,ACCT3421734,2025-09-15 01:28:05,noise
debit,187.8,,BRANCH38,Ben Diaz,ACCT3421734,2025-09-14 12:03:40,noise
debit,427.45,,BRANCH60,Ben Diaz,ACCT3421734,2025-09-12 10:11:20,noise
debit,1041.46,,BRANCH44,Ben Diaz,ACCT3421734,2025-09-12 09:23:27,noise
debit,1044.34,,BRANCH18,Ben Diaz,ACCT3421734,2025-09-11 04:34:48,noise
credit,1593.12,,BRANCH18,Ben Diaz,ACCT3421734,2025-09-10 15:45:54,noise
debit,302.25,,BRANCH99,Ben Diaz,ACCT3421734,2025-09-09 16:09:31,noise
debit,264.15,ACCT9483782,BRANCH18,Ben Diaz,ACCT3421734,2025-09-08 12:07:02,noise
debit,661.04,,BRANCH50,Ben Diaz,ACCT3421734,2025-09-07 14:31:38,noise
credit,477.78,,BRANCH16,Ben Diaz,ACCT3421734,2025-09-07 14:15:18,noise
credit,369.51,ACCT1756043,BRANCH18,Ben Diaz,ACCT3421734,2025-09-01 19:04:24,noise
debit,313.79,,BRANCH18,Ben Diaz,ACCT3421734,2025-08-28 16:15:36,noise
credit,1140.29,,BRANCH18,Ben Diaz,ACCT3421734,2025-08-27 12:16:00,noise
debit,136.79,,BRANCH18,Ben Diaz,ACCT3421734,2025-08-27 20:36:55,noise
credit,445.59,,BRANCH13,Ben Diaz,ACCT3421734,2025-08-26 12:06:31,noise
credit,1485.02,,BRANCH18,Ben Diaz,ACCT3421734,2025-08-24 18:13:13,noise
debit,530.65,ACCT1365831,BRANCH18,Ben Diaz,ACCT3421734,2025-08-21 17:42:33,noise
debit,779.92,,BRANCH18,Ben Diaz,ACCT3421734,2025-08-21 18:16:11,noise
debit,1690.32,,BRANCH18,Ben Diaz,ACCT3421734,2025-08-20 10:42:38,noise
debit,181.73,,BRANCH18,Ben Diaz,ACCT3421734,2025-08-19 18:41:56,noise
credit,547.17,,BRANCH18,Ben Diaz,ACCT3421734,2025-08-18 13:43:46,noise
debit,981.75,ACCT3509069,BRANCH84,Ben Diaz,ACCT3421734,2025-08-15 19:28:57,noise
credit,502.41,,BRANCH18,Ben Diaz,ACCT3421734,2025-08-15 17:21:28,noise
debit,467.51,,BRANCH18,Ben Diaz,ACCT3421734,2025-08-14 03:38:36,noise
credit,721.93,,BRANCH18,Ben Diaz,ACCT3421734,2025-08-10 17:36:42,noise
credit,880.19,,BRANCH85,Ben Diaz,ACCT3421734,2025-08-09 09:29:50,noise
credit,2612.06,,BRANCH18,Ben Diaz,ACCT3421734,2025-08-06 09:32:53,noise
credit,641.62,ACCT3509069,BRANCH18,Ben Diaz,ACCT3421734,2025-08-06 20:33:25,noise
debit,1101.15,,BRANCH18,Ben Diaz,ACCT3421734,2025-08-04 13:36:58,noise
debit,653.0,,BRANCH21,Ben Diaz,ACCT3421734,2025-08-04 15:32:38,noise
debit,1064.36,,BRANCH56,Yara Kim,ACCT1361805,2025-10-02 17:32:27,noise
credit,261.43,ACCT7743166,BRANCH81,Yara Kim,ACCT1361805,2025-10-01 12:40:45,noise
debit,648.07,,BRANCH54,Yara Kim,ACCT1361805,2025-10-01 15:10:07,noise
credit,245.59,,BRANCH29,Yara Kim,ACCT1361805,2025-09-29 12:23:08,noise
debit,281.58,ACCT8749915,BRANCH53,Yara Kim,ACCT1361805,2025-09-29 11:18:18,noise
credit,969.28,,BRANCH67,Yara Kim,ACCT1361805,2025-09-28 13:38:51,noise
credit,1041.34,,BRANCH81,Yara Kim,ACCT1361805,2025-09-27 18:32:08,noise
credit,684.59,ACCT5227376,BRANCH81,Yara Kim,ACCT1361805,2025-09-27 20:11:39,noise
debit,563.02,ACCT6724761,BRANCH81,Yara Kim,ACCT1361805,2025-09-23 13:19:07,noise
debit,1202.93,,BRANCH81,Yara Kim,ACCT1361805,2025-09-23 13:06:03,noise
credit,80.12,ACCT5246588,BRANCH81,Yara Kim,ACCT1361805,2025-09-20 01:37:25,noise
debit,1283.83,,BRANCH37,Yara Kim,ACCT1361805,2025-09-19 17:28:50,noise
debit,576.03,,BRANCH12,Yara Kim,ACCT1361805,2025-09-19 09:15:10,noise
credit,557.69,ACCT2309188,BRANCH81,Yara Kim,ACCT1361805,2025-09-17 09:24:26,noise
debit,680.4,,BRANCH81,Yara Kim,ACCT1361805,2025-09-14 18:01:24,noise
credit,1652.88,,BRANCH89,Yara Kim,ACCT1361805,2025-09-12 22:28:00,noise
credit,263.22,,BRANCH92,Yara Kim,ACCT1361805,2025-09-12 04:28:47,noise
debit,540.6,,BRANCH96,Yara Kim,ACCT1361805,2025-09-09 19:42:03,noise
debit,324.14,,BRANCH81,Yara Kim,ACCT1361805,2025-09-09 15:39:07,noise
debit,2741.5,ACCT5915579,BRANCH51,Yara Kim,ACCT1361805,2025-09-06 15:09:48,noise
debit,3622.53,,BRANCH86,Yara Kim,ACCT1361805,2025-09-06 10:37:32,noise
credit,343.67,ACCT5426495,BRANCH57,Yara Kim,ACCT1361805,2025-08-30 14:34:01,noise
credit,145.51,,BRANCH81,Yara Kim,ACCT1361805,2025-08-30 23:04:31,noise
credit,344.26,ACCT3101582,BRANCH81,Yara Kim,ACCT1361805,2025-08-29 21:27:19,noise
credit,600.14,,BRANCH81,Yara Kim,ACCT1361805,2025-08-29 20:23:57,noise
credit,572.74,ACCT5227376,BRANCH81,Yara Kim,ACCT1361805,2025-08-27 20:17:56,noise
debit,248.15,ACCT8749915,BRANCH81,Yara Kim,ACCT1361805,2025-08-19 12:09:53,noise
credit,106.94,,BRANCH83,Yara Kim,ACCT1361805,2025-08-18 16:39:49,noise
debit,478.66,ACCT2432434,BRANCH81,Yara Kim,ACCT1361805,2025-08-18 23:45:50,noise
debit,372.22,,BRANCH81,Yara Kim,ACCT1361805,2025-08-17 17:40:06,noise
credit,2850.35,,BRANCH81,Yara Kim,ACCT1361805,2025-08-16 10:13:25,noise
debit,956.28,ACCT3101582,BRANCH81,Yara Kim,ACCT1361805,2025-08-15 15:09:05,noise
credit,3472.62,ACCT6209543,BRANCH81,Yara Kim,ACCT1361805,2025-08-15 23:11:36,noise
credit,1742.98,,BRANCH81,Yara Kim,ACCT1361805,2025-08-14 16:44:39,noise
debit,218.94,,BRANCH81,Yara Kim,ACCT1361805,2025-08-13 09:40:52,noise
credit,596.65,,BRANCH81,Yara Kim,ACCT1361805,2025-08-12 15:11:15,noise
debit,371.96,ACCT4234895,BRANCH81,Yara Kim,ACCT1361805,2025-08-10 18:04:31,noise
credit,1972.04,,BRANCH79,Yara Kim,ACCT1361805,2025-08-09 15:18:44,noise
debit,1516.92,ACCT1122483,BRANCH81,Yara Kim,ACCT1361805,2025-08-09 14:40:26,noise
credit,273.9,,BRANCH81,Yara Kim,ACCT1361805,2025-08-06 08:09:34,noise
debit,2371.15,,BRANCH81,Yara Kim,ACCT1361805,2025-08-06 03:28:24,noise
credit,130.98,,BRANCH81,Yara Kim,ACCT1361805,2025-08-05 17:07:41,noise
debit,10101.82,ACCT5316898,BRANCH81,Yara Kim,ACCT1361805,2025-11-23 00:48:22,noise
debit,23564.17,ACCT5316898,BRANCH81,Yara Kim,ACCT1361805,2025-11-30 07:30:16,noise
debit,28694.21,ACCT5316898,BRANCH81,Yara Kim,ACCT1361805,2025-12-17 09:13:27,noise
debit,21842.86,ACCT5316898,BRANCH81,Yara Kim,ACCT1361805,2025-11-23 04:56:10,noise
debit,34105.5,ACCT5316898,BRANCH81,Yara Kim,ACCT1361805,2025-12-20 17:27:29,noise
debit,12998.31,ACCT5316898,BRANCH81,Yara Kim,ACCT1361805,2025-12-10 03:51:20,noise
credit,527.37,ACCT5246588,BRANCH54,Ivy ElSayed,ACCT6775976,2025-10-01 08:26:13,noise
debit,798.07,,BRANCH54,Ivy ElSayed,ACCT6775976,2025-09-29 20:01:38,noise
credit,2154.87,ACCT7774750,BRANCH60,Ivy ElSayed,ACCT6775976,2025-09-27 13:21:09,noise
debit,405.69,,BRANCH43,Ivy ElSayed,ACCT6775976,2025-09-26 22:03:57,noise
credit,600.66,,BRANCH54,Ivy ElSayed,ACCT6775976,2025-09-24 11:38:58,noise
credit,500.89,,BRANCH54,Ivy ElSayed,ACCT6775976,2025-09-22 13:32:02,noise
debit,2593.9,,BRANCH54,Ivy ElSayed,ACCT6775976,2025-09-22 16:04:25,noise
credit,455.33,,BRANCH17,Ivy ElSayed,ACCT6775976,2025-09-20 15:12:58,noise
credit,1296.21,,BRANCH54,Ivy ElSayed,ACCT6775976,2025-09-19 18:12:22,noise
credit,589.21,ACCT5235640,BRANCH54,Ivy ElSayed,ACCT6775976,2025-09-19 12:16:14,noise
debit,1438.02,ACCT1546577,BRANCH54,Ivy ElSayed,ACCT6775976,2025-09-18 21:43:26,noise
debit,182.21,,BRANCH89,Ivy ElSayed,ACCT6775976,2025-09-18 03:13:52,noise
credit,276.18,,BRANCH54,Ivy ElSayed,ACCT6775976,2025-09-17 05:35:59,noise
credit,5484.91,,BRANCH54,Ivy ElSayed,ACCT6775976,2025-09-16 16:37:10,noise
debit,1513.08,ACCT9119768,BRANCH46,Ivy ElSayed,ACCT6775976,2025-09-15 18:10:33,noise
debit,466.73,ACCT6234336,BRANCH54,Ivy ElSayed,ACCT6775976,2025-09-14 20:04:19,noise
credit,148.0,,BRANCH54,Ivy ElSayed,ACCT6775976,2025-09-14 19:09:46,noise
debit,235.71,,BRANCH54,Ivy ElSayed,ACCT6775976,2025-09-11 11:30:00,noise
credit,330.24,ACCT6234336,BRANCH54,Ivy ElSayed,ACCT6775976,2025-09-09 16:44:58,noise
debit,2387.14,ACCT5971196,BRANCH54,Ivy ElSayed,ACCT6775976,2025-09-07 15:30:23,noise
debit,929.75,,BRANCH54,Ivy ElSayed,ACCT6775976,2025-09-03 17:21:31,noise
debit,323.42,,BRANCH54,Ivy ElSayed,ACCT6775976,2025-08-30 15:37:46,noise
debit,1926.36,,BRANCH65,Ivy ElSayed,ACCT6775976,2025-08-26 16:04:56,noise
debit,299.6,ACCT6724761,BRANCH54,Ivy ElSayed,ACCT6775976,2025-08-23 17:16:35,noise
debit,774.68,,BRANCH30,Ivy ElSayed,ACCT6775976,2025-08-21 16:25:35,noise
debit,263.92,,BRANCH69,Ivy ElSayed,ACCT6775976,2025-08-20 09:13:53,noise
credit,758.34,,BRANCH44,Ivy ElSayed,ACCT6775976,2025-08-18 20:20:27,noise
credit,2528.01,,BRANCH54,Ivy ElSayed,ACCT6775976,2025-08-15 10:20:58,noise
debit,895.51,,BRANCH54,Ivy ElSayed,ACCT6775976,2025-08-14 17:08:18,noise
debit,1479.4,,BRANCH54,Ivy ElSayed,ACCT6775976,2025-08-14 09:15:48,noise
credit,282.64,,BRANCH54,Ivy ElSayed,ACCT6775976,2025-08-11 20:43:16,noise
debit,442.56,ACCT7808547,BRANCH67,Ivy ElSayed,ACCT6775976,2025-08-11 10:34:22,noise
debit,1941.67,,BRANCH54,Ivy ElSayed,ACCT6775976,2025-08-09 15:38:43,noise
debit,1241.77,,BRANCH22,Ivy ElSayed,ACCT6775976,2025-08-08 04:36:11,noise
credit,1604.68,,BRANCH54,Ivy ElSayed,ACCT6775976,2025-08-08 16:21:21,noise
credit,1160.55,ACCT1733313,BRANCH54,Ivy ElSayed,ACCT6775976,2025-08-07 10:06:10,noise
debit,1205.6,,BRANCH62,Ivy ElSayed,ACCT6775976,2025-08-07 17:34:30,noise
credit,128.47,ACCT4151250,BRANCH54,Ivy ElSayed,ACCT6775976,2025-08-06 23:02:26,noise
debit,2834.52,ACCT6896382,BRANCH53,Ivy ElSayed,ACCT6775976,2025-08-05 15:26:30,noise
credit,282.13,,BRANCH78,Ivy Patida,ACCT1543054,2025-10-03 18:02:38,noise
credit,1532.16,,BRANCH30,Ivy Patida,ACCT1543054,2025-09-29 19:32:27,noise
credit,399.6,,BRANCH51,Ivy Patida,ACCT1543054,2025-09-27 09:22:14,noise
debit,2067.46,ACCT3421734,BRANCH78,Ivy Patida,ACCT1543054,2025-09-19 00:42:54,noise
credit,1947.08,ACCT2357788,BRANCH78,Ivy Patida,ACCT1543054,2025-09-17 13:21:54,noise
credit,537.96,,BRANCH78,Ivy Patida,ACCT1543054,2025-09-17 09:33:44,noise
credit,199.33,,BRANCH78,Ivy Patida,ACCT1543054,2025-09-16 11:01:04,noise
debit,1958.09,,BRANCH78,Ivy Patida,ACCT1543054,2025-09-11 23:34:52,noise
credit,1090.43,,BRANCH78,Ivy Patida,ACCT1543054,2025-09-10 19:27:17,noise
debit,736.88,,BRANCH78,Ivy Patida,ACCT1543054,2025-09-08 08:16:09,noise
credit,794.95,,BRANCH78,Ivy Patida,ACCT1543054,2025-09-08 02:32:29,noise
debit,1368.08,ACCT6775976,BRANCH78,Ivy Patida,ACCT1543054,2025-09-06 23:14:00,noise
debit,658.48,,BRANCH78,Ivy Patida,ACCT1543054,2025-09-06 14:21:12,noise
credit,179.15,,BRANCH78,Ivy Patida,ACCT1543054,2025-09-03 11:15:33,noise
credit,1592.91,,BRANCH78,Ivy Patida,ACCT1543054,2025-09-03 16:45:13,noise
credit,188.66,,BRANCH78,Ivy Patida,ACCT1543054,2025-08-30 15:42:19,noise
debit,258.12,,BRANCH78,Ivy Patida,ACCT1543054,2025-08-27 14:40:29,noise
debit,1175.9,,BRANCH78,Ivy Patida,ACCT1543054,2025-08-27 10:25:25,noise
credit,2318.72,,BRANCH78,Ivy Patida,ACCT1543054,2025-08-26 13:12:18,noise
debit,385.01,,BRANCH78,Ivy Patida,ACCT1543054,2025-08-25 19:19:02,noise
debit,2009.29,,BRANCH78,Ivy Patida,ACCT1543054,2025-08-24 00:01:28,noise
debit,1214.74,,BRANCH78,Ivy Patida,ACCT1543054,2025-08-23 09:40:52,noise
credit,343.51,ACCT1361805,BRANCH78,Ivy Patida,ACCT1543054,2025-08-21 19:38:06,noise
debit,2304.03,ACCT3421734,BRANCH78,Ivy Patida,ACCT1543054,2025-08-19 16:16:31,noise
credit,943.86,ACCT9103551,BRANCH78,Ivy Patida,ACCT1543054,2025-08-14 23:19:31,noise
credit,122.1,,BRANCH84,Ivy Patida,ACCT1543054,2025-08-13 22:35:01,noise
credit,392.11,ACCT8701268,BRANCH78,Ivy Patida,ACCT1543054,2025-08-12 13:03:32,noise
credit,384.0,ACCT9119768,BRANCH78,Ivy Patida,ACCT1543054,2025-08-11 19:15:22,noise
debit,1518.3,,BRANCH78,Ivy Patida,ACCT1543054,2025-08-07 03:09:52,noise
credit,717.81,ACCT2733926,BRANCH11,Ivy Patida,ACCT1543054,2025-08-07 15:20:34,noise
debit,1234.95,,BRANCH36,Ivy Patida,ACCT1543054,2025-08-06 10:11:56,noise
credit,330.55,ACCT1587661,BRANCH78,Ivy Patida,ACCT1543054,2025-08-06 15:42:06,noise
debit,389.47,,BRANCH78,Ivy Patida,ACCT1543054,2025-08-04 11:12:44,noise
debit,1463.18,ACCT9768728,BRANCH52,Ivy Patida,ACCT1543054,2025-08-04 08:40:20,noise
debit,1089.78,ACCT4209332,BRANCH55,Kai Iqbal,ACCT3243346,2025-10-03 12:18:30,noise
credit,659.16,,BRANCH94,Kai Iqbal,ACCT3243346,2025-10-01 11:00:17,noise
credit,620.81,ACCT2309188,BRANCH94,Kai Iqbal,ACCT3243346,2025-09-30 20:22:01,noise
credit,545.96,,BRANCH94,Kai Iqbal,ACCT3243346,2025-09-26 23:41:15,noise
debit,249.54,,BRANCH17,Kai Iqbal,ACCT3243346,2025-09-23 15:40:52,noise
debit,443.29,,BRANCH14,Kai Iqbal,ACCT3243346,2025-09-20 09:40:09,noise
debit,986.88,,BRANCH94,Kai Iqbal,ACCT3243346,2025-09-17 09:19:15,noise
debit,2962.03,ACCT1128112,BRANCH94,Kai Iqbal,ACCT3243346,2025-09-15 11:13:30,noise
debit,3163.5,,BRANCH94,Kai Iqbal,ACCT3243346,2025-09-15 14:40:25,noise
debit,2882.07,,BRANCH94,Kai Iqbal,ACCT3243346,2025-09-14 17:38:01,noise
credit,184.35,,BRANCH97,Kai Iqbal,ACCT3243346,2025-09-14 15:28:29,noise
credit,1184.5,,BRANCH87,Kai Iqbal,ACCT3243346,2025-09-12 22:14:35,noise
credit,1326.04,,BRANCH74,Kai Iqbal,ACCT3243346,2025-09-12 19:32:59,noise
debit,436.92,,BRANCH94,Kai Iqbal,ACCT3243346,2025-09-10 10:16:55,noise
credit,1721.32,,BRANCH94,Kai Iqbal,ACCT3243346,2025-09-09 18:10:12,noise
credit,1237.05,,BRANCH40,Kai Iqbal,ACCT3243346,2025-09-07 15:33:48,noise
credit,863.36,,BRANCH94,Kai Iqbal,ACCT3243346,2025-09-05 18:09:35,noise
debit,1981.55,,BRANCH46,Kai Iqbal,ACCT3243346,2025-09-05 13:45:30,noise
debit,209.48,,BRANCH94,Kai Iqbal,ACCT3243346,2025-09-04 12:43:00,noise
credit,1483.11,,BRANCH94,Kai Iqbal,ACCT3243346,2025-09-03 08:37:36,noise
credit,685.12,,BRANCH74,Kai Iqbal,ACCT3243346,2025-08-30 13:06:27,noise
credit,399.48,,BRANCH94,Kai Iqbal,ACCT3243346,2025-08-30 15:31:10,noise
credit,1788.68,,BRANCH94,Kai Iqbal,ACCT3243346,2025-08-26 12:14:20,noise
debit,147.95,,BRANCH94,Kai Iqbal,ACCT3243346,2025-08-25 16:36:54,noise
debit,232.88,ACCT5227376,BRANCH15,Kai Iqbal,ACCT3243346,2025-08-25 15:07:17,noise
credit,487.19,,BRANCH94,Kai Iqbal,ACCT3243346,2025-08-24 18:03:34,noise
credit,184.99,,BRANCH94,Kai Iqbal,ACCT3243346,2025-08-23 23:02:35,noise
credit,354.7,,BRANCH94,Kai Iqbal,ACCT3243346,2025-08-22 23:44:14,noise
debit,393.53,ACCT1269653,BRANCH17,Kai Iqbal,ACCT3243346,2025-08-20 08:18:44,noise
credit,1018.6,,BRANCH94,Kai Iqbal,ACCT3243346,2025-08-19 16:18:44,noise
debit,648.08,,BRANCH94,Kai Iqbal,ACCT3243346,2025-08-16 10:37:13,noise
debit,1119.43,,BRANCH94,Kai Iqbal,ACCT3243346,2025-08-16 19:10:58,noise
credit,889.59,,BRANCH94,Kai Iqbal,ACCT3243346,2025-08-15 16:23:56,noise
debit,350.83,,BRANCH94,Kai Iqbal,ACCT3243346,2025-08-15 08:06:18,noise
debit,3462.18,,BRANCH94,Kai Iqbal,ACCT3243346,2025-08-14 21:40:09,noise
debit,202.29,,BRANCH94,Kai Iqbal,ACCT3243346,2025-08-12 13:11:55,noise
credit,899.82,ACCT6037115,BRANCH94,Kai Iqbal,ACCT3243346,2025-08-11 18:23:23,noise
credit,975.04,,BRANCH16,Kai Iqbal,ACCT3243346,2025-08-09 08:04:06,noise
debit,355.42,,BRANCH94,Kai Iqbal,ACCT3243346,2025-08-09 23:31:18,noise
credit,1515.38,ACCT3101582,BRANCH94,Kai Iqbal,ACCT3243346,2025-08-06 03:16:27,noise
debit,3094.85,,BRANCH51,Kai Iqbal,ACCT3243346,2025-08-06 16:27:22,noise
debit,479.83,ACCT9483782,BRANCH94,Kai Iqbal,ACCT3243346,2025-08-05 19:05:35,noise
debit,245.67,,BRANCH32,Kai Iqbal,ACCT3243346,2025-08-05 11:02:11,noise
debit,776.49,ACCT4281720,BRANCH61,Jin Jansen,ACCT3509069,2025-10-03 14:37:01,noise
credit,1716.85,ACCT3421734,BRANCH61,Jin Jansen,ACCT3509069,2025-10-02 11:05:51,noise
credit,337.42,ACCT9103551,BRANCH61,Jin Jansen,ACCT3509069,2025-10-01 20:20:56,noise
credit,1511.45,,BRANCH61,Jin Jansen,ACCT3509069,2025-10-01 15:08:43,noise
debit,735.34,ACCT5061927,BRANCH87,Jin Jansen,ACCT3509069,2025-09-30 18:20:04,noise
credit,2764.49,ACCT1122483,BRANCH96,Jin Jansen,ACCT3509069,2025-09-29 14:45:00,noise
debit,2444.35,,BRANCH61,Jin Jansen,ACCT3509069,2025-09-27 19:33:24,noise
debit,543.75,,BRANCH61,Jin Jansen,ACCT3509069,2025-09-24 20:38:32,noise
credit,436.05,,BRANCH61,Jin Jansen,ACCT3509069,2025-09-24 12:42:19,noise
debit,804.56,,BRANCH61,Jin Jansen,ACCT3509069,2025-09-23 09:27:42,noise
credit,424.71,,BRANCH61,Jin Jansen,ACCT3509069,2025-09-23 14:04:36,noise
debit,2385.82,,BRANCH61,Jin Jansen,ACCT3509069,2025-09-22 20:19:35,noise
debit,1616.48,,BRANCH61,Jin Jansen,ACCT3509069,2025-09-19 23:01:37,noise
credit,147.66,,BRANCH31,Jin Jansen,ACCT3509069,2025-09-13 14:11:41,noise
credit,497.6,,BRANCH61,Jin Jansen,ACCT3509069,2025-09-13 08:06:48,noise
debit,2163.13,ACCT4506771,BRANCH83,Jin Jansen,ACCT3509069,2025-09-09 14:30:54,noise
credit,461.1,,BRANCH61,Jin Jansen,ACCT3509069,2025-09-09 04:40:10,noise
debit,398.34,ACCT6234336,BRANCH61,Jin Jansen,ACCT3509069,2025-09-07 22:24:48,noise
debit,241.15,,BRANCH44,Jin Jansen,ACCT3509069,2025-09-07 10:03:49,noise
debit,1029.04,ACCT2432434,BRANCH61,Jin Jansen,ACCT3509069,2025-09-05 08:30:54,noise
debit,684.83,,BRANCH63,Jin Jansen,ACCT3509069,2025-09-04 14:38:35,noise
credit,1019.48,ACCT8749915,BRANCH61,Jin Jansen,ACCT3509069,2025-09-04 20:36:24,noise
debit,1269.24,ACCT4234895,BRANCH61,Jin Jansen,ACCT3509069,2025-09-02 13:25:41,noise
credit,626.82,,BRANCH13,Jin Jansen,ACCT3509069,2025-09-02 11:10:58,noise
credit,956.78,ACCT6234336,BRANCH61,Jin Jansen,ACCT3509069,2025-09-01 10:07:27,noise
credit,674.59,,BRANCH61,Jin Jansen,ACCT3509069,2025-09-01 12:12:43,noise
debit,445.4,,BRANCH19,Jin Jansen,ACCT3509069,2025-08-30 13:44:30,noise
credit,4342.23,,BRANCH61,Jin Jansen,ACCT3509069,2025-08-29 10:21:46,noise
credit,403.32,ACCT7456023,BRANCH61,Jin Jansen,ACCT3509069,2025-08-28 11:01:59,noise
debit,231.05,ACCT9211559,BRANCH61,Jin Jansen,ACCT3509069,2025-08-28 12:16:15,noise
debit,222.19,,BRANCH61,Jin Jansen,ACCT3509069,2025-08-27 16:23:16,noise
credit,3088.07,ACCT4249035,BRANCH61,Jin Jansen,ACCT3509069,2025-08-26 13:09:53,noise
debit,341.63,,BRANCH61,Jin Jansen,ACCT3509069,2025-08-23 05:29:23,noise
credit,180.39,ACCT7016433,BRANCH70,Jin Jansen,ACCT3509069,2025-08-23 16:06:50,noise
credit,396.39,,BRANCH53,Jin Jansen,ACCT3509069,2025-08-16 11:18:23,noise
debit,1980.24,,BRANCH61,Jin Jansen,ACCT3509069,2025-08-14 11:22:41,noise
debit,1293.04,,BRANCH61,Jin Jansen,ACCT3509069,2025-08-13 10:32:28,noise
credit,1164.79,,BRANCH61,Jin Jansen,ACCT3509069,2025-08-13 16:00:56,noise
debit,308.14,,BRANCH69,Jin Jansen,ACCT3509069,2025-08-11 05:05:50,noise
credit,809.8,ACCT4386981,BRANCH50,Jin Jansen,ACCT3509069,2025-08-11 16:31:09,noise
debit,550.08,,BRANCH61,Jin Jansen,ACCT3509069,2025-08-07 14:21:11,noise
debit,1214.21,,BRANCH61,Jin Jansen,ACCT3509069,2025-08-06 14:18:30,noise
credit,158.16,,BRANCH66,Jin Jansen,ACCT3509069,2025-08-06 14:39:27,noise
debit,3000.0,ACCT5427695,BRANCH43,Jin Jansen,ACCT3509069,2025-08-04 18:40:02,noise
credit,1396.25,,BRANCH90,Cara Patida,ACCT3487212,2025-09-27 15:06:37,noise
credit,281.49,ACCT1133454,BRANCH87,Cara Patida,ACCT3487212,2025-09-25 19:24:23,noise
debit,244.11,,BRANCH87,Cara Patida,ACCT3487212,2025-09-24 17:04:07,noise
credit,371.35,,BRANCH87,Cara Patida,ACCT3487212,2025-09-23 15:03:57,noise
credit,1239.48,,BRANCH87,Cara Patida,ACCT3487212,2025-09-22 18:01:28,noise
debit,293.64,,BRANCH87,Cara Patida,ACCT3487212,2025-09-22 13:38:23,noise
credit,501.33,ACCT3432695,BRANCH87,Cara Patida,ACCT3487212,2025-09-17 19:28:15,noise
credit,608.43,ACCT3743757,BRANCH87,Cara Patida,ACCT3487212,2025-09-17 12:32:37,noise
credit,2197.38,,BRANCH83,Cara Patida,ACCT3487212,2025-09-16 16:01:11,noise
credit,772.95,ACCT6083922,BRANCH87,Cara Patida,ACCT3487212,2025-09-14 19:15:40,noise
debit,788.37,,BRANCH87,Cara Patida,ACCT3487212,2025-09-12 18:04:29,noise
debit,687.96,ACCT1627082,BRANCH69,Cara Patida,ACCT3487212,2025-09-11 17:05:21,noise
credit,526.89,,BRANCH87,Cara Patida,ACCT3487212,2025-09-09 19:04:02,noise
debit,283.34,,BRANCH87,Cara Patida,ACCT3487212,2025-09-08 10:02:12,noise
debit,964.95,,BRANCH19,Cara Patida,ACCT3487212,2025-09-08 15:41:23,noise
debit,754.59,ACCT1158205,BRANCH39,Cara Patida,ACCT3487212,2025-09-07 18:22:52,noise
debit,633.73,,BRANCH87,Cara Patida,ACCT3487212,2025-09-07 13:24:56,noise
debit,126.5,ACCT4249179,BRANCH39,Cara Patida,ACCT3487212,2025-09-03 14:13:07,noise
credit,582.25,,BRANCH87,Cara Patida,ACCT3487212,2025-09-03 12:04:18,noise
debit,535.02,,BRANCH84,Cara Patida,ACCT3487212,2025-09-02 17:03:27,noise
debit,593.56,,BRANCH89,Cara Patida,ACCT3487212,2025-09-01 20:24:55,noise
credit,210.29,ACCT4151250,BRANCH87,Cara Patida,ACCT3487212,2025-08-31 13:06:19,noise
credit,1032.24,ACCT1361805,BRANCH87,Cara Patida,ACCT3487212,2025-08-29 10:24:32,noise
credit,469.44,,BRANCH98,Cara Patida,ACCT3487212,2025-08-28 17:26:27,noise
debit,818.1,,BRANCH87,Cara Patida,ACCT3487212,2025-08-27 18:14:27,noise
debit,1125.69,,BRANCH87,Cara Patida,ACCT3487212,2025-08-25 09:43:54,noise
debit,381.11,,BRANCH87,Cara Patida,ACCT3487212,2025-08-23 09:08:02,noise
credit,519.69,ACCT6234336,BRANCH87,Cara Patida,ACCT3487212,2025-08-23 15:23:14,noise
credit,1974.88,,BRANCH48,Cara Patida,ACCT3487212,2025-08-19 03:33:55,noise
credit,3241.99,ACCT5426495,BRANCH87,Cara Patida,ACCT3487212,2025-08-19 12:10:17,noise
credit,499.62,ACCT7763076,BRANCH87,Cara Patida,ACCT3487212,2025-08-18 11:03:17,noise
credit,220.31,ACCT7881766,BRANCH87,Cara Patida,ACCT3487212,2025-08-17 12:40:31,noise
credit,1696.67,,BRANCH46,Cara Patida,ACCT3487212,2025-08-13 20:31:46,noise
credit,2254.12,ACCT6892604,BRANCH87,Cara Patida,ACCT3487212,2025-08-11 18:37:38,noise
debit,485.31,,BRANCH14,Cara Patida,ACCT3487212,2025-08-10 18:41:44,noise
credit,3504.78,,BRANCH87,Cara Patida,ACCT3487212,2025-08-05 21:38:48,noise
credit,1396.25,,BRANCH90,Cara Patida,ACCT3487212,2025-09-27 15:06:37,noise
credit,281.49,ACCT1133454,BRANCH87,Cara Patida,ACCT3487212,2025-09-25 19:24:23,noise
debit,244.11,,BRANCH87,Cara Patida,ACCT3487212,2025-09-24 17:04:07,noise
credit,371.35,,BRANCH87,Cara Patida,ACCT3487212,2025-09-23 15:03:57,noise
credit,1239.48,,BRANCH87,Cara Patida,ACCT3487212,2025-09-22 18:01:28,noise
debit,293.64,,BRANCH87,Cara Patida,ACCT3487212,2025-09-22 13:38:23,noise
credit,501.33,ACCT3432695,BRANCH87,Cara Patida,ACCT3487212,2025-09-17 19:28:15,noise
credit,608.43,ACCT3743757,BRANCH87,Cara Patida,ACCT3487212,2025-09-17 12:32:37,noise
credit,2197.38,,BRANCH83,Cara Patida,ACCT3487212,2025-09-16 16:01:11,noise
credit,772.95,ACCT6083922,BRANCH87,Cara Patida,ACCT3487212,2025-09-14 19:15:40,noise
debit,788.37,,BRANCH87,Cara Patida,ACCT3487212,2025-09-12 18:04:29,noise
debit,687.96,ACCT1627082,BRANCH69,Cara Patida,ACCT3487212,2025-09-11 17:05:21,noise
credit,526.89,,BRANCH87,Cara Patida,ACCT3487212,2025-09-09 19:04:02,noise
debit,283.34,,BRANCH87,Cara Patida,ACCT3487212,2025-09-08 10:02:12,noise
debit,964.95,,BRANCH19,Cara Patida,ACCT3487212,2025-09-08 15:41:23,noise
debit,754.59,ACCT1158205,BRANCH39,Cara Patida,ACCT3487212,2025-09-07 18:22:52,noise
debit,633.73,,BRANCH87,Cara Patida,ACCT3487212,2025-09-07 13:24:56,noise
debit,126.5,ACCT4249179,BRANCH39,Cara Patida,ACCT3487212,2025-09-03 14:13:07,noise
credit,582.25,,BRANCH87,Cara Patida,ACCT3487212,2025-09-03 12:04:18,noise
debit,535.02,,BRANCH84,Cara Patida,ACCT3487212,2025-09-02 17:03:27,noise
debit,593.56,,BRANCH89,Cara Patida,ACCT3487212,2025-09-01 20:24:55,noise
credit,210.29,ACCT4151250,BRANCH87,Cara Patida,ACCT3487212,2025-08-31 13:06:19,noise
credit,1032.24,ACCT1361805,BRANCH87,Cara Patida,ACCT3487212,2025-08-29 10:24:32,noise
credit,469.44,,BRANCH98,Cara Patida,ACCT3487212,2025-08-28 17:26:27,noise
debit,818.1,,BRANCH87,Cara Patida,ACCT3487212,2025-08-27 18:14:27,noise
debit,1125.69,,BRANCH87,Cara Patida,ACCT3487212,2025-08-25 09:43:54,noise
debit,381.11,,BRANCH87,Cara Patida,ACCT3487212,2025-08-23 09:08:02,noise
credit,519.69,ACCT6234336,BRANCH87,Cara Patida,ACCT3487212,2025-08-23 15:23:14,noise
credit,1974.88,,BRANCH48,Cara Patida,ACCT3487212,2025-08-19 03:33:55,noise
credit,3241.99,ACCT5426495,BRANCH87,Cara Patida,ACCT3487212,2025-08-19 12:10:17,noise
credit,499.62,ACCT7763076,BRANCH87,Cara Patida,ACCT3487212,2025-08-18 11:03:17,noise
credit,220.31,ACCT7881766,BRANCH87,Cara Patida,ACCT3487212,2025-08-17 12:40:31,noise
credit,1696.67,,BRANCH46,Cara Patida,ACCT3487212,2025-08-13 20:31:46,noise
credit,2254.12,ACCT6892604,BRANCH87,Cara Patida,ACCT3487212,2025-08-11 18:37:38,noise
debit,485.31,,BRANCH14,Cara Patida,ACCT3487212,2025-08-10 18:41:44,noise
credit,3504.78,,BRANCH87,Cara Patida,ACCT3487212,2025-08-05 21:38:48,noise
debit,385976.91,ACCT7763076,BRANCH87,Cara Patida,ACCT3487212,2025-12-03 05:05:32,noise
debit,201.73,ACCT5227376,BRANCH76,Ava Kim,ACCT4234895,2025-10-03 11:03:16,noise
debit,2558.32,,BRANCH43,Ava Kim,ACCT4234895,2025-10-03 14:28:50,noise
credit,264.07,,BRANCH76,Ava Kim,ACCT4234895,2025-10-02 01:32:54,noise
credit,1961.46,ACCT4386981,BRANCH43,Ava Kim,ACCT4234895,2025-09-29 13:04:36,noise
credit,292.05,,BRANCH76,Ava Kim,ACCT4234895,2025-09-28 16:10:01,noise
debit,1040.43,,BRANCH82,Ava Kim,ACCT4234895,2025-09-27 11:35:14,noise
credit,1646.77,,BRANCH76,Ava Kim,ACCT4234895,2025-09-26 08:09:56,noise
credit,1253.4,,BRANCH97,Ava Kim,ACCT4234895,2025-09-26 10:43:42,noise
debit,1071.82,,BRANCH76,Ava Kim,ACCT4234895,2025-09-25 17:28:23,noise
credit,775.9,,BRANCH76,Ava Kim,ACCT4234895,2025-09-25 14:07:53,noise
credit,1641.91,,BRANCH76,Ava Kim,ACCT4234895,2025-09-24 17:39:54,noise
debit,2287.97,,BRANCH38,Ava Kim,ACCT4234895,2025-09-23 16:34:13,noise
credit,301.26,,BRANCH76,Ava Kim,ACCT4234895,2025-09-23 14:37:11,noise
credit,1389.34,,BRANCH68,Ava Kim,ACCT4234895,2025-09-18 16:25:22,noise
debit,435.82,,BRANCH78,Ava Kim,ACCT4234895,2025-09-17 08:41:09,noise
credit,3695.42,ACCT9483782,BRANCH46,Ava Kim,ACCT4234895,2025-09-16 16:05:15,noise
debit,790.48,,BRANCH68,Ava Kim,ACCT4234895,2025-09-14 13:35:34,noise
debit,730.44,ACCT9137087,BRANCH76,Ava Kim,ACCT4234895,2025-09-13 20:00:02,noise
debit,161.2,ACCT6542581,BRANCH76,Ava Kim,ACCT4234895,2025-09-13 12:20:12,noise
debit,837.36,ACCT1128112,BRANCH76,Ava Kim,ACCT4234895,2025-09-07 05:01:29,noise
credit,375.74,ACCT4794410,BRANCH76,Ava Kim,ACCT4234895,2025-09-07 16:31:21,noise
debit,319.18,,BRANCH76,Ava Kim,ACCT4234895,2025-09-06 08:39:14,noise
credit,808.26,,BRANCH76,Ava Kim,ACCT4234895,2025-09-05 18:05:09,noise
credit,1500.44,,BRANCH76,Ava Kim,ACCT4234895,2025-09-05 13:03:16,noise
debit,604.2,,BRANCH76,Ava Kim,ACCT4234895,2025-08-24 20:00:52,noise
credit,385.4,,BRANCH76,Ava Kim,ACCT4234895,2025-08-24 14:38:18,noise
credit,290.91,ACCT5915579,BRANCH98,Ava Kim,ACCT4234895,2025-08-23 14:32:51,noise
debit,317.81,,BRANCH61,Ava Kim,ACCT4234895,2025-08-20 14:31:37,noise
debit,2357.5,,BRANCH76,Ava Kim,ACCT4234895,2025-08-19 09:10:13,noise
debit,277.93,,BRANCH76,Ava Kim,ACCT4234895,2025-08-18 20:17:18,noise
debit,1130.84,,BRANCH76,Ava Kim,ACCT4234895,2025-08-17 21:38:20,noise
credit,722.07,,BRANCH76,Ava Kim,ACCT4234895,2025-08-16 14:01:12,noise
credit,595.98,,BRANCH30,Ava Kim,ACCT4234895,2025-08-16 11:40:14,noise
debit,620.83,,BRANCH76,Ava Kim,ACCT4234895,2025-08-15 20:33:07,noise
debit,507.05,ACCT1327290,BRANCH76,Ava Kim,ACCT4234895,2025-08-15 20:03:38,noise
debit,586.58,,BRANCH76,Ava Kim,ACCT4234895,2025-08-14 14:28:17,noise
debit,604.59,ACCT5091816,BRANCH76,Ava Kim,ACCT4234895,2025-08-14 10:30:48,noise
debit,979.0,ACCT5725141,BRANCH76,Ava Kim,ACCT4234895,2025-08-13 04:06:12,noise
credit,703.63,,BRANCH67,Ava Kim,ACCT4234895,2025-08-12 08:37:59,noise
debit,674.92,,BRANCH76,Ava Kim,ACCT4234895,2025-08-12 11:04:18,noise
debit,866.57,ACCT9483782,BRANCH76,Ava Kim,ACCT4234895,2025-08-11 17:02:04,noise
credit,454.74,ACCT2778698,BRANCH76,Ava Kim,ACCT4234895,2025-08-11 08:27:20,noise
debit,255.88,,BRANCH76,Ava Kim,ACCT4234895,2025-08-09 22:28:29,noise
debit,375.43,,BRANCH90,Sara Haddad,ACCT1158205,2025-10-03 12:33:46,noise
credit,2236.32,,BRANCH17,Sara Haddad,ACCT1158205,2025-10-02 21:28:44,noise
debit,329.81,,BRANCH90,Sara Haddad,ACCT1158205,2025-10-02 05:22:55,noise
credit,313.13,ACCT9867074,BRANCH90,Sara Haddad,ACCT1158205,2025-09-30 08:37:10,noise
credit,659.75,,BRANCH90,Sara Haddad,ACCT1158205,2025-09-26 13:03:12,noise
debit,81.41,ACCT6516709,BRANCH90,Sara Haddad,ACCT1158205,2025-09-25 08:14:19,noise
credit,1067.57,ACCT1128112,BRANCH90,Sara Haddad,ACCT1158205,2025-09-20 20:40:31,noise
credit,674.46,,BRANCH28,Sara Haddad,ACCT1158205,2025-09-19 10:03:50,noise
debit,417.15,,BRANCH97,Sara Haddad,ACCT1158205,2025-09-19 16:18:32,noise
debit,387.35,,BRANCH90,Sara Haddad,ACCT1158205,2025-09-18 05:37:11,noise
credit,1108.49,ACCT1122483,BRANCH90,Sara Haddad,ACCT1158205,2025-09-13 15:24:39,noise
debit,82.36,,BRANCH90,Sara Haddad,ACCT1158205,2025-09-13 15:17:40,noise
credit,1281.94,,BRANCH90,Sara Haddad,ACCT1158205,2025-09-12 15:41:47,noise
debit,675.4,,BRANCH90,Sara Haddad,ACCT1158205,2025-09-12 20:28:02,noise
credit,317.88,,BRANCH90,Sara Haddad,ACCT1158205,2025-09-11 22:42:17,noise
debit,158.06,,BRANCH90,Sara Haddad,ACCT1158205,2025-09-06 21:02:48,noise
debit,200.76,ACCT2778698,BRANCH20,Sara Haddad,ACCT1158205,2025-09-02 23:38:16,noise
debit,280.81,,BRANCH90,Sara Haddad,ACCT1158205,2025-08-31 15:12:37,noise
credit,318.02,,BRANCH90,Sara Haddad,ACCT1158205,2025-08-29 23:11:59,noise
debit,793.56,,BRANCH90,Sara Haddad,ACCT1158205,2025-08-28 12:09:34,noise
debit,707.05,,BRANCH90,Sara Haddad,ACCT1158205,2025-08-27 00:26:44,noise
debit,373.35,,BRANCH90,Sara Haddad,ACCT1158205,2025-08-25 04:02:11,noise
debit,643.27,,BRANCH90,Sara Haddad,ACCT1158205,2025-08-24 23:08:53,noise
debit,323.75,,BRANCH43,Sara Haddad,ACCT1158205,2025-08-24 15:15:45,noise
debit,415.14,ACCT3017433,BRANCH90,Sara Haddad,ACCT1158205,2025-08-19 17:12:00,noise
credit,426.59,ACCT3722972,BRANCH90,Sara Haddad,ACCT1158205,2025-08-17 00:04:51,noise
credit,733.51,,BRANCH90,Sara Haddad,ACCT1158205,2025-08-13 12:34:32,noise
debit,193.06,,BRANCH96,Sara Haddad,ACCT1158205,2025-08-09 15:03:09,noise
credit,393.7,,BRANCH90,Sara Haddad,ACCT1158205,2025-08-08 17:41:13,noise
debit,284.08,,BRANCH46,Sara Haddad,ACCT1158205,2025-08-07 15:00:46,noise
debit,387.2,,BRANCH50,Sara Haddad,ACCT1158205,2025-08-06 09:45:01,noise
credit,965.1,,BRANCH90,Sara Haddad,ACCT1158205,2025-08-05 20:18:18,noise
debit,972.29,,BRANCH27,Mara Fischer,ACCT2286500,2025-10-03 21:45:24,noise
credit,301.75,ACCT4151250,BRANCH27,Mara Fischer,ACCT2286500,2025-09-28 11:41:35,noise
credit,646.19,,BRANCH27,Mara Fischer,ACCT2286500,2025-09-28 08:15:43,noise
debit,960.06,,BRANCH27,Mara Fischer,ACCT2286500,2025-09-27 19:15:31,noise
debit,139.21,ACCT1158205,BRANCH27,Mara Fischer,ACCT2286500,2025-09-26 11:09:55,noise
debit,629.49,,BRANCH27,Mara Fischer,ACCT2286500,2025-09-26 22:09:10,noise
debit,707.97,ACCT8422936,BRANCH27,Mara Fischer,ACCT2286500,2025-09-23 12:14:43,noise
credit,618.72,,BRANCH27,Mara Fischer,ACCT2286500,2025-09-23 14:25:46,noise
credit,1868.85,,BRANCH73,Mara Fischer,ACCT2286500,2025-09-22 12:01:33,noise
credit,358.07,,BRANCH27,Mara Fischer,ACCT2286500,2025-09-22 14:17:12,noise
debit,1065.75,ACCT7401684,BRANCH27,Mara Fischer,ACCT2286500,2025-09-18 17:14:11,noise
credit,2218.95,ACCT8229744,BRANCH26,Mara Fischer,ACCT2286500,2025-09-16 11:44:24,noise
credit,800.88,,BRANCH27,Mara Fischer,ACCT2286500,2025-09-16 20:25:55,noise
debit,1805.46,,BRANCH27,Mara Fischer,ACCT2286500,2025-09-14 17:32:14,noise
credit,324.33,,BRANCH27,Mara Fischer,ACCT2286500,2025-09-13 20:10:35,noise
debit,488.98,ACCT5427695,BRANCH46,Mara Fischer,ACCT2286500,2025-09-11 11:42:12,noise
debit,1097.1,,BRANCH27,Mara Fischer,ACCT2286500,2025-09-10 11:29:18,noise
credit,893.31,,BRANCH27,Mara Fischer,ACCT2286500,2025-09-10 03:27:47,noise
debit,2659.97,,BRANCH27,Mara Fischer,ACCT2286500,2025-09-09 08:28:22,noise
credit,304.31,,BRANCH27,Mara Fischer,ACCT2286500,2025-09-09 13:25:13,noise
debit,1166.92,ACCT7774750,BRANCH27,Mara Fischer,ACCT2286500,2025-09-07 19:24:27,noise
debit,1588.45,,BRANCH54,Mara Fischer,ACCT2286500,2025-09-05 19:01:35,noise
debit,344.77,,BRANCH41,Mara Fischer,ACCT2286500,2025-09-05 20:29:12,noise
credit,525.59,,BRANCH27,Mara Fischer,ACCT2286500,2025-09-02 02:14:42,noise
debit,901.69,,BRANCH71,Mara Fischer,ACCT2286500,2025-09-01 20:00:15,noise
debit,565.12,ACCT4605506,BRANCH27,Mara Fischer,ACCT2286500,2025-09-01 13:26:57,noise
credit,1337.9,ACCT2513942,BRANCH27,Mara Fischer,ACCT2286500,2025-08-25 13:42:16,noise
credit,563.08,,BRANCH27,Mara Fischer,ACCT2286500,2025-08-23 20:23:38,noise
credit,1694.46,,BRANCH91,Mara Fischer,ACCT2286500,2025-08-23 08:10:52,noise
debit,1193.29,,BRANCH27,Mara Fischer,ACCT2286500,2025-08-22 20:08:49,noise
credit,1198.36,,BRANCH27,Mara Fischer,ACCT2286500,2025-08-22 12:19:13,noise
debit,1483.53,ACCT5427695,BRANCH92,Mara Fischer,ACCT2286500,2025-08-21 11:02:54,noise
credit,1994.61,,BRANCH94,Mara Fischer,ACCT2286500,2025-08-20 11:40:53,noise
debit,812.02,,BRANCH27,Mara Fischer,ACCT2286500,2025-08-20 18:03:19,noise
credit,224.12,,BRANCH27,Mara Fischer,ACCT2286500,2025-08-18 10:22:01,noise
debit,1325.49,,BRANCH27,Mara Fischer,ACCT2286500,2025-08-18 14:45:21,noise
credit,1819.23,,BRANCH27,Mara Fischer,ACCT2286500,2025-08-17 19:06:18,noise
debit,456.73,ACCT6083922,BRANCH35,Mara Fischer,ACCT2286500,2025-08-17 09:45:55,noise
debit,828.34,,BRANCH57,Mara Fischer,ACCT2286500,2025-08-15 19:30:02,noise
credit,257.93,,BRANCH27,Mara Fischer,ACCT2286500,2025-08-14 13:01:37,noise
debit,1757.31,,BRANCH39,Mara Fischer,ACCT2286500,2025-08-12 18:17:07,noise
debit,760.72,ACCT3708096,BRANCH71,Mara Fischer,ACCT2286500,2025-08-11 12:28:29,noise
credit,2707.49,,BRANCH27,Mara Fischer,ACCT2286500,2025-08-09 14:37:44,noise
debit,147.1,ACCT7774750,BRANCH67,Mara Fischer,ACCT2286500,2025-08-09 08:30:07,noise
credit,1596.53,ACCT2843039,BRANCH18,Mara Fischer,ACCT2286500,2025-08-06 09:16:23,noise
credit,646.78,,BRANCH27,Mara Fischer,ACCT2286500,2025-08-06 15:37:55,noise
credit,171.94,,BRANCH27,Mara Fischer,ACCT2286500,2025-08-05 18:22:38,noise
debit,760.63,,BRANCH11,Victor Fischer,ACCT7016433,2025-10-03 14:34:49,noise
credit,100.15,,BRANCH11,Victor Fischer,ACCT7016433,2025-09-28 18:42:34,noise
credit,413.75,ACCT5971196,BRANCH11,Victor Fischer,ACCT7016433,2025-09-27 02:38:41,noise
credit,915.16,,BRANCH57,Victor Fischer,ACCT7016433,2025-09-27 15:12:49,noise
credit,503.17,ACCT4249035,BRANCH70,Victor Fischer,ACCT7016433,2025-09-26 13:13:58,noise
debit,190.64,,BRANCH39,Victor Fischer,ACCT7016433,2025-09-24 18:31:25,noise
debit,606.51,,BRANCH11,Victor Fischer,ACCT7016433,2025-09-24 19:12:30,noise
debit,347.03,,BRANCH11,Victor Fischer,ACCT7016433,2025-09-19 23:22:25,noise
credit,105.78,ACCT1122483,BRANCH11,Victor Fischer,ACCT7016433,2025-09-19 19:09:05,noise
credit,567.49,,BRANCH11,Victor Fischer,ACCT7016433,2025-09-15 13:28:46,noise
debit,3000.0,ACCT1361805,BRANCH35,Victor Fischer,ACCT7016433,2025-09-14 11:40:43,noise
credit,954.54,,BRANCH11,Victor Fischer,ACCT7016433,2025-09-14 11:25:56,noise
debit,317.51,ACCT7881766,BRANCH11,Victor Fischer,ACCT7016433,2025-09-11 23:25:51,noise
credit,545.49,ACCT3743757,BRANCH11,Victor Fischer,ACCT7016433,2025-09-09 09:40:13,noise
credit,360.53,ACCT5622927,BRANCH11,Victor Fischer,ACCT7016433,2025-09-08 14:04:30,noise
debit,670.94,ACCT5091816,BRANCH10,Victor Fischer,ACCT7016433,2025-09-08 21:13:03,noise
credit,156.43,,BRANCH11,Victor Fischer,ACCT7016433,2025-09-04 17:15:23,noise
credit,692.14,,BRANCH11,Victor Fischer,ACCT7016433,2025-09-03 23:06:15,noise
debit,619.14,,BRANCH11,Victor Fischer,ACCT7016433,2025-08-31 04:27:03,noise
debit,928.27,,BRANCH79,Victor Fischer,ACCT7016433,2025-08-30 05:10:10,noise
debit,1327.8,,BRANCH11,Victor Fischer,ACCT7016433,2025-08-28 09:34:10,noise
debit,375.17,ACCT3017433,BRANCH11,Victor Fischer,ACCT7016433,2025-08-26 11:09:59,noise
credit,1731.47,ACCT9483782,BRANCH11,Victor Fischer,ACCT7016433,2025-08-17 13:31:43,noise
debit,1242.96,ACCT9867074,BRANCH87,Victor Fischer,ACCT7016433,2025-08-16 09:21:16,noise
credit,838.43,,BRANCH11,Victor Fischer,ACCT7016433,2025-08-13 12:34:11,noise
debit,698.92,,BRANCH11,Victor Fischer,ACCT7016433,2025-08-12 04:07:24,noise
credit,772.86,,BRANCH11,Victor Fischer,ACCT7016433,2025-08-11 15:10:38,noise
debit,1593.14,,BRANCH11,Victor Fischer,ACCT7016433,2025-08-09 21:40:48,noise
debit,638.27,,BRANCH21,Victor Fischer,ACCT7016433,2025-08-09 13:25:12,noise
credit,393.7,,BRANCH64,Victor Fischer,ACCT7016433,2025-08-04 14:30:04,noise
debit,478.25,ACCT1627082,BRANCH33,Ravi Novak,ACCT1549851,2025-10-03 10:15:46,noise
debit,214.57,,BRANCH33,Ravi Novak,ACCT1549851,2025-10-03 08:31:24,noise
credit,315.07,,BRANCH33,Ravi Novak,ACCT1549851,2025-10-02 12:39:29,noise
debit,461.26,,BRANCH33,Ravi Novak,ACCT1549851,2025-09-30 19:40:05,noise
debit,981.49,,BRANCH74,Ravi Novak,ACCT1549851,2025-09-28 19:22:00,noise
credit,2420.27,,BRANCH33,Ravi Novak,ACCT1549851,2025-09-28 12:08:06,noise
credit,1128.11,ACCT6282119,BRANCH48,Ravi Novak,ACCT1549851,2025-09-27 12:14:50,noise
debit,794.1,,BRANCH33,Ravi Novak,ACCT1549851,2025-09-26 12:18:15,noise
credit,1641.38,,BRANCH33,Ravi Novak,ACCT1549851,2025-09-26 17:20:00,noise
credit,63.41,ACCT6775976,BRANCH33,Ravi Novak,ACCT1549851,2025-09-23 20:44:56,noise
credit,689.79,ACCT3243346,BRANCH33,Ravi Novak,ACCT1549851,2025-09-21 15:01:47,noise
credit,934.73,ACCT5316898,BRANCH33,Ravi Novak,ACCT1549851,2025-09-21 15:00:36,noise
credit,7605.65,,BRANCH33,Ravi Novak,ACCT1549851,2025-09-20 23:36:02,noise
debit,800.7,ACCT5227376,BRANCH85,Ravi Novak,ACCT1549851,2025-09-19 12:19:36,noise
debit,279.32,,BRANCH41,Ravi Novak,ACCT1549851,2025-09-17 23:02:56,noise
debit,711.83,ACCT9894634,BRANCH33,Ravi Novak,ACCT1549851,2025-09-16 09:04:34,noise
credit,567.42,ACCT5981644,BRANCH33,Ravi Novak,ACCT1549851,2025-09-16 16:28:21,noise
credit,215.29,,BRANCH33,Ravi Novak,ACCT1549851,2025-09-15 12:45:13,noise
credit,784.17,,BRANCH33,Ravi Novak,ACCT1549851,2025-09-15 23:39:09,noise
credit,1784.79,,BRANCH89,Ravi Novak,ACCT1549851,2025-09-13 15:25:57,noise
debit,1109.12,,BRANCH37,Ravi Novak,ACCT1549851,2025-09-10 09:18:21,noise
credit,315.03,ACCT1627082,BRANCH33,Ravi Novak,ACCT1549851,2025-09-09 23:14:02,noise
debit,598.73,,BRANCH33,Ravi Novak,ACCT1549851,2025-09-09 13:10:46,noise
credit,1212.86,ACCT1756043,BRANCH90,Ravi Novak,ACCT1549851,2025-09-08 17:30:47,noise
debit,508.63,,BRANCH33,Ravi Novak,ACCT1549851,2025-09-08 17:20:32,noise
credit,412.06,,BRANCH33,Ravi Novak,ACCT1549851,2025-09-06 08:31:53,noise
credit,101.79,ACCT2371050,BRANCH33,Ravi Novak,ACCT1549851,2025-09-01 20:30:50,noise
debit,4206.77,,BRANCH89,Ravi Novak,ACCT1549851,2025-08-31 19:03:30,noise
credit,792.14,,BRANCH33,Ravi Novak,ACCT1549851,2025-08-25 19:02:42,noise
credit,1137.28,ACCT1122483,BRANCH94,Ravi Novak,ACCT1549851,2025-08-24 20:13:04,noise
credit,174.27,,BRANCH33,Ravi Novak,ACCT1549851,2025-08-24 13:06:30,noise
credit,751.79,,BRANCH33,Ravi Novak,ACCT1549851,2025-08-22 00:09:42,noise
debit,421.71,ACCT4624349,BRANCH33,Ravi Novak,ACCT1549851,2025-08-20 19:33:59,noise
debit,2447.1,,BRANCH33,Ravi Novak,ACCT1549851,2025-08-20 11:19:22,noise
debit,595.32,ACCT4209332,BRANCH33,Ravi Novak,ACCT1549851,2025-08-17 11:19:47,noise
credit,586.17,,BRANCH55,Ravi Novak,ACCT1549851,2025-08-16 10:10:47,noise
credit,2093.3,,BRANCH81,Ravi Novak,ACCT1549851,2025-08-15 03:28:19,noise
credit,5435.15,,BRANCH39,Ravi Novak,ACCT1549851,2025-08-12 00:03:49,noise
debit,146.3,,BRANCH33,Ravi Novak,ACCT1549851,2025-08-11 08:13:30,noise
credit,818.65,,BRANCH33,Ravi Novak,ACCT1549851,2025-08-05 13:26:28,noise
debit,1139.03,,BRANCH33,Ravi Novak,ACCT1549851,2025-08-04 09:09:13,noise
debit,96597.49,ACCT3528995,BRANCH33,Ravi Novak,ACCT1549851,2025-12-22 14:01:18,noise
debit,31207.05,ACCT4209332,BRANCH84,Wes ElSayed,ACCT3528995,2025-12-30 20:21:37,noise
debit,21342.03,ACCT5971196,BRANCH38,Hugo Tanaka,ACCT4209332,2025-12-24 14:18:48,noise
debit,768.68,,BRANCH23,Victor Jansen,ACCT3101582,2025-09-30 00:35:13,noise
credit,999.89,,BRANCH20,Victor Jansen,ACCT3101582,2025-09-29 00:44:23,noise
debit,293.5,,BRANCH68,Victor Jansen,ACCT3101582,2025-09-28 13:00:09,noise
credit,540.65,,BRANCH39,Victor Jansen,ACCT3101582,2025-09-26 16:15:33,noise
credit,721.78,,BRANCH23,Victor Jansen,ACCT3101582,2025-09-24 12:08:59,noise
debit,1770.14,,BRANCH23,Victor Jansen,ACCT3101582,2025-09-23 12:21:33,noise
credit,1430.37,,BRANCH47,Victor Jansen,ACCT3101582,2025-09-23 19:07:50,noise
credit,549.12,,BRANCH29,Victor Jansen,ACCT3101582,2025-09-22 11:08:38,noise
debit,674.6,,BRANCH23,Victor Jansen,ACCT3101582,2025-09-17 17:08:01,noise
debit,1061.59,,BRANCH23,Victor Jansen,ACCT3101582,2025-09-14 15:20:43,noise
debit,789.19,ACCT2286500,BRANCH23,Victor Jansen,ACCT3101582,2025-09-13 15:32:59,noise
credit,355.9,,BRANCH90,Victor Jansen,ACCT3101582,2025-09-12 13:07:56,noise
debit,335.29,,BRANCH23,Victor Jansen,ACCT3101582,2025-09-10 09:31:52,noise
credit,299.55,ACCT1365831,BRANCH28,Victor Jansen,ACCT3101582,2025-09-08 20:07:55,noise
debit,788.39,,BRANCH23,Victor Jansen,ACCT3101582,2025-09-08 08:16:33,noise
credit,2546.82,,BRANCH23,Victor Jansen,ACCT3101582,2025-09-06 15:27:33,noise
credit,296.3,,BRANCH23,Victor Jansen,ACCT3101582,2025-09-06 16:42:55,noise
credit,1462.76,,BRANCH23,Victor Jansen,ACCT3101582,2025-09-05 13:22:47,noise
credit,546.65,ACCT8422936,BRANCH23,Victor Jansen,ACCT3101582,2025-09-04 10:17:36,noise
credit,73.52,,BRANCH71,Victor Jansen,ACCT3101582,2025-09-04 12:23:41,noise
debit,255.4,,BRANCH24,Victor Jansen,ACCT3101582,2025-09-02 11:00:10,noise
credit,180.4,,BRANCH23,Victor Jansen,ACCT3101582,2025-09-02 13:18:42,noise
credit,235.38,ACCT5235640,BRANCH56,Victor Jansen,ACCT3101582,2025-09-01 11:00:48,noise
debit,1399.11,ACCT4605506,BRANCH23,Victor Jansen,ACCT3101582,2025-08-29 16:45:59,noise
credit,248.32,ACCT4234895,BRANCH38,Victor Jansen,ACCT3101582,2025-08-29 11:43:38,noise
debit,165.46,,BRANCH41,Victor Jansen,ACCT3101582,2025-08-28 11:27:05,noise
debit,1347.13,ACCT1365831,BRANCH23,Victor Jansen,ACCT3101582,2025-08-27 08:20:39,noise
credit,228.47,ACCT2357788,BRANCH23,Victor Jansen,ACCT3101582,2025-08-25 17:34:15,noise
credit,1111.97,,BRANCH23,Victor Jansen,ACCT3101582,2025-08-23 16:44:45,noise
credit,5129.05,,BRANCH23,Victor Jansen,ACCT3101582,2025-08-20 01:13:00,noise
debit,1285.96,,BRANCH23,Victor Jansen,ACCT3101582,2025-08-20 08:25:45,noise
debit,472.71,,BRANCH23,Victor Jansen,ACCT3101582,2025-08-13 04:06:05,noise
debit,232.02,ACCT6892604,BRANCH23,Victor Jansen,ACCT3101582,2025-08-09 09:40:16,noise
debit,811.18,,BRANCH88,Victor Jansen,ACCT3101582,2025-08-08 15:05:45,noise
credit,496.37,,BRANCH23,Victor Jansen,ACCT3101582,2025-08-07 09:33:14,noise
debit,3087.11,,BRANCH23,Victor Jansen,ACCT3101582,2025-08-06 03:11:02,noise
credit,802.48,ACCT9103551,BRANCH23,Victor Jansen,ACCT3101582,2025-08-06 12:42:11,noise
debit,999.55,,BRANCH23,Victor Jansen,ACCT3101582,2025-08-04 15:33:46,noise
debit,1369.59,,BRANCH73,Xin Mehta,ACCT2778698,2025-10-03 21:44:47,noise
debit,1121.37,,BRANCH18,Xin Mehta,ACCT2778698,2025-09-28 12:44:13,noise
credit,270.42,,BRANCH21,Xin Mehta,ACCT2778698,2025-09-28 17:06:05,noise
debit,463.58,,BRANCH35,Xin Mehta,ACCT2778698,2025-09-27 13:35:45,noise
credit,287.8,,BRANCH21,Xin Mehta,ACCT2778698,2025-09-23 15:13:11,noise
credit,1556.43,,BRANCH25,Xin Mehta,ACCT2778698,2025-09-22 19:05:05,noise
debit,747.11,,BRANCH21,Xin Mehta,ACCT2778698,2025-09-20 20:25:29,noise
debit,990.93,,BRANCH82,Xin Mehta,ACCT2778698,2025-09-18 20:04:32,noise
debit,608.64,,BRANCH21,Xin Mehta,ACCT2778698,2025-09-15 14:13:56,noise
credit,142.96,,BRANCH21,Xin Mehta,ACCT2778698,2025-09-10 11:39:58,noise
credit,1530.61,,BRANCH21,Xin Mehta,ACCT2778698,2025-09-07 09:15:39,noise
credit,191.23,,BRANCH43,Xin Mehta,ACCT2778698,2025-09-07 17:13:59,noise
debit,3859.57,,BRANCH21,Xin Mehta,ACCT2778698,2025-09-04 23:14:59,noise
credit,961.26,,BRANCH21,Xin Mehta,ACCT2778698,2025-09-02 08:09:59,noise
credit,904.25,,BRANCH21,Xin Mehta,ACCT2778698,2025-08-31 14:06:51,noise
credit,295.77,,BRANCH21,Xin Mehta,ACCT2778698,2025-08-29 21:02:00,noise
credit,4023.58,ACCT5725141,BRANCH21,Xin Mehta,ACCT2778698,2025-08-29 14:37:24,noise
credit,608.19,,BRANCH21,Xin Mehta,ACCT2778698,2025-08-28 12:02:35,noise
credit,1403.09,,BRANCH21,Xin Mehta,ACCT2778698,2025-08-26 12:34:10,noise
debit,214.71,,BRANCH79,Xin Mehta,ACCT2778698,2025-08-25 09:34:21,noise
credit,663.43,,BRANCH13,Xin Mehta,ACCT2778698,2025-08-24 22:45:13,noise
credit,515.82,,BRANCH21,Xin Mehta,ACCT2778698,2025-08-22 13:09:13,noise
credit,282.51,,BRANCH21,Xin Mehta,ACCT2778698,2025-08-21 09:02:33,noise
credit,1285.78,,BRANCH21,Xin Mehta,ACCT2778698,2025-08-19 08:13:53,noise
credit,1115.08,,BRANCH59,Xin Mehta,ACCT2778698,2025-08-16 15:22:51,noise
debit,1716.94,,BRANCH21,Xin Mehta,ACCT2778698,2025-08-15 15:10:02,noise
credit,426.63,ACCT1756043,BRANCH21,Xin Mehta,ACCT2778698,2025-08-15 02:23:16,noise
debit,5051.69,,BRANCH21,Xin Mehta,ACCT2778698,2025-08-14 22:21:52,noise
debit,1371.11,,BRANCH60,Xin Mehta,ACCT2778698,2025-08-14 13:00:06,noise
debit,86.07,,BRANCH84,Xin Mehta,ACCT2778698,2025-08-13 12:03:33,noise
debit,549.81,ACCT3743757,BRANCH21,Xin Mehta,ACCT2778698,2025-08-06 22:16:24,noise
debit,953.68,ACCT4506771,BRANCH11,Xin Mehta,ACCT2778698,2025-08-06 09:27:55,noise
credit,837.96,,BRANCH21,Xin Mehta,ACCT2778698,2025-08-05 09:25:31,noise
debit,276.43,,BRANCH21,Xin Mehta,ACCT2778698,2025-08-04 21:11:08,noise
debit,795.45,,BRANCH19,Tomas Tanaka,ACCT6083922,2025-10-03 12:41:00,noise
credit,308.87,,BRANCH60,Tomas Tanaka,ACCT6083922,2025-10-01 16:41:12,noise
debit,550.85,,BRANCH19,Tomas Tanaka,ACCT6083922,2025-09-28 18:30:16,noise
credit,855.94,,BRANCH19,Tomas Tanaka,ACCT6083922,2025-09-27 10:08:31,noise
debit,946.07,,BRANCH19,Tomas Tanaka,ACCT6083922,2025-09-25 08:36:07,noise
debit,837.74,,BRANCH84,Tomas Tanaka,ACCT6083922,2025-09-21 17:05:27,noise
debit,141.55,,BRANCH19,Tomas Tanaka,ACCT6083922,2025-09-20 13:22:23,noise
debit,770.69,,BRANCH19,Tomas Tanaka,ACCT6083922,2025-09-20 16:25:06,noise
debit,1530.87,,BRANCH19,Tomas Tanaka,ACCT6083922,2025-09-19 09:02:29,noise
credit,2217.51,,BRANCH19,Tomas Tanaka,ACCT6083922,2025-09-19 13:12:37,noise
debit,1273.26,,BRANCH19,Tomas Tanaka,ACCT6083922,2025-09-17 14:00:27,noise
debit,1130.99,ACCT7456023,BRANCH19,Tomas Tanaka,ACCT6083922,2025-09-16 12:13:08,noise
credit,273.94,,BRANCH19,Tomas Tanaka,ACCT6083922,2025-09-15 10:25:51,noise
debit,2785.11,ACCT3243346,BRANCH69,Tomas Tanaka,ACCT6083922,2025-09-12 15:09:34,noise
credit,608.01,,BRANCH19,Tomas Tanaka,ACCT6083922,2025-09-12 02:26:49,noise
credit,5069.74,,BRANCH19,Tomas Tanaka,ACCT6083922,2025-09-10 13:08:02,noise
credit,1012.0,,BRANCH16,Tomas Tanaka,ACCT6083922,2025-09-10 14:05:54,noise
credit,1649.02,,BRANCH58,Tomas Tanaka,ACCT6083922,2025-09-09 10:12:06,noise
debit,256.5,,BRANCH25,Tomas Tanaka,ACCT6083922,2025-09-09 21:25:21,noise
credit,559.92,,BRANCH19,Tomas Tanaka,ACCT6083922,2025-09-08 16:17:24,noise
debit,3000.0,ACCT5971196,BRANCH27,Tomas Tanaka,ACCT6083922,2025-09-08 12:15:55,noise
debit,441.26,ACCT3708096,BRANCH19,Tomas Tanaka,ACCT6083922,2025-09-06 04:00:40,noise
credit,839.63,,BRANCH89,Tomas Tanaka,ACCT6083922,2025-09-02 20:04:15,noise
debit,250.32,ACCT5235640,BRANCH97,Tomas Tanaka,ACCT6083922,2025-09-01 20:30:15,noise
debit,198.72,,BRANCH96,Tomas Tanaka,ACCT6083922,2025-08-27 14:04:45,noise
credit,1221.11,ACCT3272721,BRANCH52,Tomas Tanaka,ACCT6083922,2025-08-27 12:15:09,noise
debit,3000.0,ACCT1128112,BRANCH19,Tomas Tanaka,ACCT6083922,2025-08-25 13:33:12,noise
debit,1917.28,,BRANCH61,Tomas Tanaka,ACCT6083922,2025-08-25 16:26:04,noise
credit,1796.17,,BRANCH67,Tomas Tanaka,ACCT6083922,2025-08-21 10:22:28,noise
debit,1012.56,,BRANCH47,Tomas Tanaka,ACCT6083922,2025-08-21 18:44:42,noise
debit,884.3,ACCT3421734,BRANCH19,Tomas Tanaka,ACCT6083922,2025-08-18 22:36:45,noise
debit,967.21,ACCT4915903,BRANCH96,Tomas Tanaka,ACCT6083922,2025-08-17 17:05:31,noise
credit,660.55,ACCT1587661,BRANCH79,Tomas Tanaka,ACCT6083922,2025-08-17 12:36:10,noise
credit,318.78,,BRANCH19,Tomas Tanaka,ACCT6083922,2025-08-16 12:33:22,noise
credit,1157.44,,BRANCH19,Tomas Tanaka,ACCT6083922,2025-08-14 14:01:15,noise
debit,3759.96,,BRANCH19,Tomas Tanaka,ACCT6083922,2025-08-13 08:36:16,noise
credit,790.23,,BRANCH19,Tomas Tanaka,ACCT6083922,2025-08-12 23:23:07,noise
debit,417.85,,BRANCH19,Tomas Tanaka,ACCT6083922,2025-08-12 09:37:30,noise
debit,159.91,,BRANCH39,Tomas Tanaka,ACCT6083922,2025-08-10 14:37:48,noise
credit,400.35,ACCT2621872,BRANCH19,Tomas Tanaka,ACCT6083922,2025-08-09 13:24:41,noise
debit,915.58,ACCT9103551,BRANCH19,Tomas Tanaka,ACCT6083922,2025-08-09 14:27:47,noise
credit,120.73,,BRANCH19,Tomas Tanaka,ACCT6083922,2025-08-08 12:40:37,noise
debit,509.47,,BRANCH19,Tomas Tanaka,ACCT6083922,2025-08-08 00:22:43,noise
debit,233.11,,BRANCH54,Tomas Tanaka,ACCT6083922,2025-08-06 20:28:00,noise
credit,1149.86,,BRANCH80,Leo Zhou,ACCT2733926,2025-09-29 19:40:00,noise
credit,3260.95,ACCT2309188,BRANCH80,Leo Zhou,ACCT2733926,2025-09-29 01:14:35,noise
debit,574.79,ACCT8791433,BRANCH80,Leo Zhou,ACCT2733926,2025-09-28 05:27:19,noise
credit,330.71,,BRANCH88,Leo Zhou,ACCT2733926,2025-09-28 16:10:55,noise
credit,139.51,,BRANCH80,Leo Zhou,ACCT2733926,2025-09-25 01:13:01,noise
debit,1636.41,ACCT1204317,BRANCH80,Leo Zhou,ACCT2733926,2025-09-23 23:17:30,noise
credit,252.09,ACCT9483782,BRANCH80,Leo Zhou,ACCT2733926,2025-09-21 12:30:48,noise
credit,177.21,,BRANCH42,Leo Zhou,ACCT2733926,2025-09-17 03:13:54,noise
credit,1346.65,,BRANCH14,Leo Zhou,ACCT2733926,2025-09-17 14:24:26,noise
credit,1476.85,,BRANCH87,Leo Zhou,ACCT2733926,2025-09-15 10:15:52,noise
debit,438.87,,BRANCH80,Leo Zhou,ACCT2733926,2025-09-15 18:08:42,noise
credit,733.29,,BRANCH80,Leo Zhou,ACCT2733926,2025-09-10 00:10:52,noise
debit,403.52,ACCT3017433,BRANCH80,Leo Zhou,ACCT2733926,2025-09-09 11:17:28,noise
debit,1144.95,ACCT3101582,BRANCH80,Leo Zhou,ACCT2733926,2025-09-09 10:06:41,noise
credit,1402.19,,BRANCH80,Leo Zhou,ACCT2733926,2025-09-05 11:02:28,noise
debit,471.83,,BRANCH39,Leo Zhou,ACCT2733926,2025-08-30 11:13:34,noise
debit,586.4,ACCT3243346,BRANCH80,Leo Zhou,ACCT2733926,2025-08-29 12:26:08,noise
credit,167.78,,BRANCH12,Leo Zhou,ACCT2733926,2025-08-27 17:38:27,noise
debit,518.69,,BRANCH80,Leo Zhou,ACCT2733926,2025-08-21 11:35:40,noise
debit,187.05,,BRANCH80,Leo Zhou,ACCT2733926,2025-08-20 14:00:49,noise
credit,3784.34,ACCT5981644,BRANCH84,Leo Zhou,ACCT2733926,2025-08-20 18:30:15,noise
credit,738.57,ACCT4151250,BRANCH93,Leo Zhou,ACCT2733926,2025-08-17 10:00:06,noise
credit,1085.83,,BRANCH80,Leo Zhou,ACCT2733926,2025-08-16 13:01:17,noise
debit,418.02,ACCT8422936,BRANCH80,Leo Zhou,ACCT2733926,2025-08-13 20:18:35,noise
debit,1090.1,,BRANCH80,Leo Zhou,ACCT2733926,2025-08-12 13:01:21,noise
debit,156.09,,BRANCH80,Leo Zhou,ACCT2733926,2025-08-09 13:43:02,noise
debit,905.99,,BRANCH80,Leo Zhou,ACCT2733926,2025-08-08 20:33:12,noise
debit,118.59,,BRANCH91,Leo Zhou,ACCT2733926,2025-08-08 19:10:32,noise
credit,515.71,ACCT5725141,BRANCH95,Leo Zhou,ACCT2733926,2025-08-06 20:26:41,noise
credit,622.9,ACCT2309188,BRANCH80,Leo Zhou,ACCT2733926,2025-08-04 03:05:42,noise
credit,1170.29,,BRANCH56,Leo Zhou,ACCT2733926,2025-08-04 12:26:20,noise
credit,264.87,ACCT3708096,BRANCH78,Omar Fischer,ACCT7456023,2025-10-02 19:40:33,noise
debit,573.73,,BRANCH26,Omar Fischer,ACCT7456023,2025-10-02 18:33:45,noise
debit,304.44,,BRANCH16,Omar Fischer,ACCT7456023,2025-09-30 20:04:45,noise
credit,1426.99,,BRANCH16,Omar Fischer,ACCT7456023,2025-09-28 15:32:02,noise
debit,403.57,,BRANCH16,Omar Fischer,ACCT7456023,2025-09-25 14:26:30,noise
debit,751.01,,BRANCH54,Omar Fischer,ACCT7456023,2025-09-24 23:07:05,noise
credit,91.74,,BRANCH16,Omar Fischer,ACCT7456023,2025-09-24 11:20:36,noise
credit,212.83,,BRANCH81,Omar Fischer,ACCT7456023,2025-09-23 12:41:00,noise
debit,667.12,,BRANCH16,Omar Fischer,ACCT7456023,2025-09-21 09:11:25,noise
credit,522.42,,BRANCH16,Omar Fischer,ACCT7456023,2025-09-21 15:38:50,noise
credit,361.05,,BRANCH22,Omar Fischer,ACCT7456023,2025-09-20 13:16:58,noise
debit,3000.0,ACCT4281720,BRANCH16,Omar Fischer,ACCT7456023,2025-09-20 16:17:10,noise
credit,739.97,ACCT6724761,BRANCH59,Omar Fischer,ACCT7456023,2025-09-17 09:11:30,noise
debit,574.38,,BRANCH16,Omar Fischer,ACCT7456023,2025-09-16 14:34:26,noise
debit,1200.63,,BRANCH16,Omar Fischer,ACCT7456023,2025-09-14 18:22:15,noise
credit,586.88,,BRANCH16,Omar Fischer,ACCT7456023,2025-09-10 13:18:39,noise
credit,2285.34,,BRANCH61,Omar Fischer,ACCT7456023,2025-09-09 12:25:46,noise
credit,487.11,,BRANCH16,Omar Fischer,ACCT7456023,2025-09-07 21:19:36,noise
debit,188.13,,BRANCH16,Omar Fischer,ACCT7456023,2025-09-04 14:21:12,noise
debit,254.99,ACCT6896382,BRANCH16,Omar Fischer,ACCT7456023,2025-09-04 22:11:53,noise
debit,304.24,ACCT7774750,BRANCH16,Omar Fischer,ACCT7456023,2025-09-03 04:26:48,noise
credit,246.05,,BRANCH57,Omar Fischer,ACCT7456023,2025-08-28 14:44:26,noise
debit,430.21,,BRANCH88,Omar Fischer,ACCT7456023,2025-08-27 11:20:06,noise
debit,96.91,ACCT5235640,BRANCH51,Omar Fischer,ACCT7456023,2025-08-23 19:23:37,noise
debit,1689.68,,BRANCH84,Omar Fischer,ACCT7456023,2025-08-22 09:04:16,noise
debit,205.37,,BRANCH16,Omar Fischer,ACCT7456023,2025-08-20 15:36:46,noise
debit,2246.68,,BRANCH16,Omar Fischer,ACCT7456023,2025-08-18 08:36:31,noise
credit,652.54,ACCT7881766,BRANCH16,Omar Fischer,ACCT7456023,2025-08-18 17:38:55,noise
credit,654.55,,BRANCH16,Omar Fischer,ACCT7456023,2025-08-15 08:39:28,noise
debit,1093.6,,BRANCH16,Omar Fischer,ACCT7456023,2025-08-13 23:08:29,noise
debit,374.95,,BRANCH10,Omar Fischer,ACCT7456023,2025-08-13 08:30:04,noise
credit,2920.92,,BRANCH16,Omar Fischer,ACCT7456023,2025-08-12 17:41:40,noise
debit,868.35,ACCT6516709,BRANCH16,Omar Fischer,ACCT7456023,2025-08-12 10:39:08,noise
credit,176.99,,BRANCH16,Omar Fischer,ACCT7456023,2025-08-10 19:13:43,noise
credit,908.73,ACCT3243346,BRANCH76,Omar Fischer,ACCT7456023,2025-08-10 08:07:26,noise
debit,467.0,,BRANCH16,Omar Fischer,ACCT7456023,2025-08-09 16:04:37,noise
debit,187.25,,BRANCH16,Omar Fischer,ACCT7456023,2025-08-07 14:28:16,noise
debit,304.0,,BRANCH65,Omar Fischer,ACCT7456023,2025-08-07 10:08:19,noise
debit,2614.77,,BRANCH16,Omar Fischer,ACCT7456023,2025-08-06 23:28:21,noise
credit,187.75,,BRANCH87,Omar Fischer,ACCT7456023,2025-08-05 16:14:34,noise
credit,120.96,,BRANCH16,Omar Fischer,ACCT7456023,2025-08-05 15:42:12,noise
credit,1716.1,,BRANCH16,Omar Fischer,ACCT7456023,2025-08-04 13:29:52,noise
credit,894.74,,BRANCH46,Tomas Brooks,ACCT4249035,2025-10-01 22:06:15,noise
credit,1858.03,ACCT5246588,BRANCH88,Tomas Brooks,ACCT4249035,2025-09-27 17:36:24,noise
debit,1080.09,,BRANCH46,Tomas Brooks,ACCT4249035,2025-09-26 18:32:58,noise
credit,1965.38,,BRANCH46,Tomas Brooks,ACCT4249035,2025-09-23 19:18:34,noise
debit,373.72,ACCT2513942,BRANCH46,Tomas Brooks,ACCT4249035,2025-09-23 15:11:03,noise
debit,670.81,,BRANCH46,Tomas Brooks,ACCT4249035,2025-09-21 19:07:14,noise
debit,468.96,,BRANCH46,Tomas Brooks,ACCT4249035,2025-09-21 13:11:27,noise
credit,615.85,,BRANCH46,Tomas Brooks,ACCT4249035,2025-09-20 09:25:30,noise
debit,1919.59,ACCT1543054,BRANCH61,Tomas Brooks,ACCT4249035,2025-09-18 11:42:57,noise
credit,2297.3,,BRANCH46,Tomas Brooks,ACCT4249035,2025-09-18 12:05:01,noise
credit,1124.04,ACCT9894634,BRANCH46,Tomas Brooks,ACCT4249035,2025-09-17 12:21:50,noise
debit,1236.15,,BRANCH46,Tomas Brooks,ACCT4249035,2025-09-16 05:20:18,noise
debit,3847.22,,BRANCH46,Tomas Brooks,ACCT4249035,2025-09-15 08:27:15,noise
debit,86.12,,BRANCH46,Tomas Brooks,ACCT4249035,2025-09-14 19:25:26,noise
debit,503.34,,BRANCH46,Tomas Brooks,ACCT4249035,2025-09-11 08:02:38,noise
debit,273.92,,BRANCH22,Tomas Brooks,ACCT4249035,2025-09-07 23:08:10,noise
debit,298.38,,BRANCH70,Tomas Brooks,ACCT4249035,2025-09-07 17:35:40,noise
credit,639.54,,BRANCH46,Tomas Brooks,ACCT4249035,2025-09-06 17:10:39,noise
debit,1440.47,,BRANCH30,Tomas Brooks,ACCT4249035,2025-09-03 10:32:52,noise
debit,619.7,,BRANCH46,Tomas Brooks,ACCT4249035,2025-09-02 00:34:22,noise
debit,1454.29,,BRANCH46,Tomas Brooks,ACCT4249035,2025-09-02 22:25:02,noise
credit,3349.94,,BRANCH46,Tomas Brooks,ACCT4249035,2025-09-01 10:24:22,noise
credit,373.19,,BRANCH24,Tomas Brooks,ACCT4249035,2025-08-29 11:26:04,noise
credit,500.05,,BRANCH16,Tomas Brooks,ACCT4249035,2025-08-28 17:14:49,noise
debit,166.61,,BRANCH68,Tomas Brooks,ACCT4249035,2025-08-27 23:09:03,noise
credit,1284.07,,BRANCH46,Tomas Brooks,ACCT4249035,2025-08-26 03:17:33,noise
credit,610.45,,BRANCH26,Tomas Brooks,ACCT4249035,2025-08-26 18:39:30,noise
credit,236.47,,BRANCH46,Tomas Brooks,ACCT4249035,2025-08-23 21:19:50,noise
credit,356.6,,BRANCH46,Tomas Brooks,ACCT4249035,2025-08-21 00:24:55,noise
debit,802.49,,BRANCH46,Tomas Brooks,ACCT4249035,2025-08-11 23:40:25,noise
credit,6227.58,ACCT1204317,BRANCH21,Tomas Brooks,ACCT4249035,2025-08-11 10:04:39,noise
debit,497.59,ACCT3722972,BRANCH85,Tomas Brooks,ACCT4249035,2025-08-09 11:05:43,noise
debit,705.93,ACCT9137087,BRANCH46,Tomas Brooks,ACCT4249035,2025-08-08 01:10:03,noise
debit,73.57,ACCT9768728,BRANCH95,Ivy Quinn,ACCT1627082,2025-10-02 19:11:43,noise
debit,314.27,ACCT6896382,BRANCH95,Ivy Quinn,ACCT1627082,2025-10-02 16:06:19,noise
credit,2139.51,,BRANCH37,Ivy Quinn,ACCT1627082,2025-09-30 13:33:09,noise
debit,866.43,,BRANCH95,Ivy Quinn,ACCT1627082,2025-09-28 08:23:29,noise
debit,337.5,,BRANCH95,Ivy Quinn,ACCT1627082,2025-09-26 20:09:00,noise
debit,1238.75,,BRANCH15,Ivy Quinn,ACCT1627082,2025-09-26 12:14:48,noise
debit,589.09,,BRANCH95,Ivy Quinn,ACCT1627082,2025-09-25 20:23:30,noise
credit,862.83,,BRANCH95,Ivy Quinn,ACCT1627082,2025-09-10 20:15:52,noise
credit,144.7,,BRANCH12,Ivy Quinn,ACCT1627082,2025-09-10 21:32:00,noise
debit,2627.29,ACCT5091816,BRANCH95,Ivy Quinn,ACCT1627082,2025-09-09 05:17:43,noise
credit,651.37,ACCT2286500,BRANCH95,Ivy Quinn,ACCT1627082,2025-09-07 14:17:47,noise
credit,95.56,,BRANCH55,Ivy Quinn,ACCT1627082,2025-09-07 21:32:31,noise
credit,3265.72,,BRANCH95,Ivy Quinn,ACCT1627082,2025-09-06 05:04:20,noise
debit,229.65,,BRANCH95,Ivy Quinn,ACCT1627082,2025-09-05 19:45:46,noise
credit,188.31,ACCT2843039,BRANCH66,Ivy Quinn,ACCT1627082,2025-09-04 18:42:01,noise
debit,1375.36,ACCT5155574,BRANCH95,Ivy Quinn,ACCT1627082,2025-09-01 09:41:40,noise
credit,377.87,,BRANCH95,Ivy Quinn,ACCT1627082,2025-09-01 13:14:07,noise
debit,476.05,,BRANCH95,Ivy Quinn,ACCT1627082,2025-08-30 05:11:28,noise
debit,172.32,,BRANCH95,Ivy Quinn,ACCT1627082,2025-08-29 01:14:31,noise
debit,491.87,ACCT2843039,BRANCH39,Ivy Quinn,ACCT1627082,2025-08-29 08:41:18,noise
credit,2153.08,,BRANCH95,Ivy Quinn,ACCT1627082,2025-08-28 15:40:43,noise
debit,3000.0,ACCT5981644,BRANCH95,Ivy Quinn,ACCT1627082,2025-08-26 11:20:39,noise
debit,917.67,,BRANCH34,Ivy Quinn,ACCT1627082,2025-08-25 12:21:26,noise
debit,737.33,ACCT6234336,BRANCH34,Ivy Quinn,ACCT1627082,2025-08-25 08:37:05,noise
credit,772.13,,BRANCH56,Ivy Quinn,ACCT1627082,2025-08-24 13:27:06,noise
debit,589.27,,BRANCH22,Ivy Quinn,ACCT1627082,2025-08-24 03:15:36,noise
credit,579.54,ACCT2733926,BRANCH95,Ivy Quinn,ACCT1627082,2025-08-22 17:40:32,noise
credit,674.2,,BRANCH95,Ivy Quinn,ACCT1627082,2025-08-22 16:14:04,noise
credit,769.16,,BRANCH53,Ivy Quinn,ACCT1627082,2025-08-21 23:09:18,noise
credit,709.92,,BRANCH95,Ivy Quinn,ACCT1627082,2025-08-21 09:28:50,noise
credit,424.12,,BRANCH95,Ivy Quinn,ACCT1627082,2025-08-20 23:04:10,noise
debit,1012.01,,BRANCH95,Ivy Quinn,ACCT1627082,2025-08-20 17:20:58,noise
credit,946.05,ACCT2733926,BRANCH95,Ivy Quinn,ACCT1627082,2025-08-19 12:10:51,noise
debit,336.24,,BRANCH95,Ivy Quinn,ACCT1627082,2025-08-18 09:29:57,noise
credit,552.98,,BRANCH97,Ivy Quinn,ACCT1627082,2025-08-15 16:01:44,noise
debit,83.5,,BRANCH37,Ivy Quinn,ACCT1627082,2025-08-10 00:42:37,noise
debit,686.6,,BRANCH95,Ivy Quinn,ACCT1627082,2025-08-10 09:25:18,noise
debit,4047.99,,BRANCH54,Ivy Quinn,ACCT1627082,2025-08-05 08:40:22,noise
debit,322.66,,BRANCH95,Ivy Quinn,ACCT1627082,2025-08-05 01:43:50,noise
debit,2432.99,,BRANCH15,Ravi Diaz,ACCT3272721,2025-10-03 14:25:17,noise
debit,1919.14,,BRANCH15,Ravi Diaz,ACCT3272721,2025-09-30 15:30:22,noise
credit,1046.68,,BRANCH15,Ravi Diaz,ACCT3272721,2025-09-29 08:15:57,noise
credit,600.1,ACCT5316898,BRANCH15,Ravi Diaz,ACCT3272721,2025-09-27 09:30:24,noise
credit,515.57,,BRANCH15,Ravi Diaz,ACCT3272721,2025-09-26 19:28:30,noise
debit,1162.15,ACCT9483782,BRANCH15,Ravi Diaz,ACCT3272721,2025-09-23 10:02:18,noise
credit,183.58,,BRANCH15,Ravi Diaz,ACCT3272721,2025-09-22 14:37:31,noise
credit,567.74,ACCT1204317,BRANCH15,Ravi Diaz,ACCT3272721,2025-09-20 14:13:48,noise
credit,211.35,,BRANCH70,Ravi Diaz,ACCT3272721,2025-09-20 13:43:43,noise
credit,1055.88,ACCT1122483,BRANCH15,Ravi Diaz,ACCT3272721,2025-09-19 15:34:43,noise
debit,852.94,,BRANCH15,Ravi Diaz,ACCT3272721,2025-09-16 15:45:16,noise
credit,745.79,,BRANCH15,Ravi Diaz,ACCT3272721,2025-09-15 19:17:03,noise
debit,5138.41,,BRANCH15,Ravi Diaz,ACCT3272721,2025-09-10 09:11:23,noise
credit,706.7,,BRANCH47,Ravi Diaz,ACCT3272721,2025-09-07 23:18:46,noise
debit,725.41,,BRANCH66,Ravi Diaz,ACCT3272721,2025-09-05 12:13:47,noise
credit,372.21,,BRANCH15,Ravi Diaz,ACCT3272721,2025-09-01 15:11:02,noise
debit,199.27,,BRANCH27,Ravi Diaz,ACCT3272721,2025-09-01 00:34:16,noise
credit,166.78,,BRANCH15,Ravi Diaz,ACCT3272721,2025-08-29 13:16:59,noise
credit,1366.56,,BRANCH15,Ravi Diaz,ACCT3272721,2025-08-26 10:37:42,noise
debit,163.36,,BRANCH15,Ravi Diaz,ACCT3272721,2025-08-26 15:29:12,noise
credit,231.07,,BRANCH15,Ravi Diaz,ACCT3272721,2025-08-24 20:18:02,noise
debit,182.97,,BRANCH15,Ravi Diaz,ACCT3272721,2025-08-23 11:45:07,noise
debit,343.03,,BRANCH94,Ravi Diaz,ACCT3272721,2025-08-23 03:25:46,noise
credit,273.72,,BRANCH15,Ravi Diaz,ACCT3272721,2025-08-22 21:13:56,noise
credit,218.69,,BRANCH15,Ravi Diaz,ACCT3272721,2025-08-21 08:31:28,noise
debit,1295.17,,BRANCH15,Ravi Diaz,ACCT3272721,2025-08-21 14:29:14,noise
credit,361.07,,BRANCH55,Ravi Diaz,ACCT3272721,2025-08-20 22:03:01,noise
debit,521.55,,BRANCH15,Ravi Diaz,ACCT3272721,2025-08-20 14:14:48,noise
credit,1479.6,ACCT8749915,BRANCH15,Ravi Diaz,ACCT3272721,2025-08-19 14:22:53,noise
credit,330.82,,BRANCH15,Ravi Diaz,ACCT3272721,2025-08-16 21:34:55,noise
credit,1677.5,ACCT9137087,BRANCH15,Ravi Diaz,ACCT3272721,2025-08-12 20:02:21,noise
debit,1812.15,,BRANCH15,Ravi Diaz,ACCT3272721,2025-08-06 19:08:33,noise
debit,199.74,,BRANCH78,Ravi Diaz,ACCT3272721,2025-08-06 08:17:29,noise
credit,587.12,,BRANCH45,Ravi Diaz,ACCT3272721,2025-08-04 17:34:50,noise
credit,2005.73,ACCT6209543,BRANCH91,Priya Chen,ACCT4281720,2025-10-03 17:35:14,noise
debit,189.82,,BRANCH39,Priya Chen,ACCT4281720,2025-10-01 22:26:55,noise
credit,1473.86,,BRANCH91,Priya Chen,ACCT4281720,2025-09-30 03:30:29,noise
credit,790.29,ACCT2733926,BRANCH42,Priya Chen,ACCT4281720,2025-09-27 11:02:50,noise
credit,510.9,,BRANCH91,Priya Chen,ACCT4281720,2025-09-27 08:45:47,noise
debit,511.06,,BRANCH91,Priya Chen,ACCT4281720,2025-09-23 19:33:40,noise
credit,628.76,,BRANCH26,Priya Chen,ACCT4281720,2025-09-22 10:07:34,noise
credit,271.15,,BRANCH43,Priya Chen,ACCT4281720,2025-09-19 13:18:07,noise
credit,430.05,,BRANCH91,Priya Chen,ACCT4281720,2025-09-18 08:08:32,noise
debit,2911.62,,BRANCH91,Priya Chen,ACCT4281720,2025-09-15 19:18:30,noise
credit,1912.47,,BRANCH91,Priya Chen,ACCT4281720,2025-09-13 11:39:49,noise
debit,1142.85,,BRANCH50,Priya Chen,ACCT4281720,2025-09-13 10:45:26,noise
credit,739.0,,BRANCH91,Priya Chen,ACCT4281720,2025-09-12 16:04:19,noise
credit,1401.88,,BRANCH91,Priya Chen,ACCT4281720,2025-09-10 21:17:00,noise
credit,861.42,,BRANCH91,Priya Chen,ACCT4281720,2025-09-08 09:37:59,noise
credit,1098.24,ACCT1587661,BRANCH91,Priya Chen,ACCT4281720,2025-09-06 20:16:05,noise
debit,196.16,,BRANCH91,Priya Chen,ACCT4281720,2025-09-04 14:29:01,noise
debit,352.32,,BRANCH91,Priya Chen,ACCT4281720,2025-09-04 11:09:07,noise
debit,139.96,,BRANCH21,Priya Chen,ACCT4281720,2025-09-03 17:33:16,noise
credit,280.03,,BRANCH18,Priya Chen,ACCT4281720,2025-09-01 09:41:10,noise
credit,334.11,,BRANCH91,Priya Chen,ACCT4281720,2025-08-31 09:01:30,noise
debit,794.81,,BRANCH91,Priya Chen,ACCT4281720,2025-08-31 09:32:15,noise
debit,1009.4,,BRANCH91,Priya Chen,ACCT4281720,2025-08-27 08:27:06,noise
debit,946.16,,BRANCH91,Priya Chen,ACCT4281720,2025-08-25 14:36:47,noise
credit,1469.05,ACCT8422936,BRANCH91,Priya Chen,ACCT4281720,2025-08-25 08:45:32,noise
debit,286.46,,BRANCH97,Priya Chen,ACCT4281720,2025-08-21 03:00:27,noise
debit,133.34,,BRANCH23,Priya Chen,ACCT4281720,2025-08-20 09:44:36,noise
debit,1348.54,ACCT9768728,BRANCH91,Priya Chen,ACCT4281720,2025-08-18 16:45:23,noise
credit,459.25,,BRANCH91,Priya Chen,ACCT4281720,2025-08-18 15:21:08,noise
credit,1018.33,ACCT5316898,BRANCH91,Priya Chen,ACCT4281720,2025-08-14 13:33:33,noise
credit,1258.01,,BRANCH18,Priya Chen,ACCT4281720,2025-08-12 18:39:57,noise
credit,1124.4,ACCT2621872,BRANCH91,Priya Chen,ACCT4281720,2025-08-11 16:20:01,noise
credit,858.93,,BRANCH91,Priya Chen,ACCT4281720,2025-08-11 17:40:18,noise
debit,93.84,,BRANCH91,Priya Chen,ACCT4281720,2025-08-10 02:36:15,noise
debit,89.84,,BRANCH91,Priya Chen,ACCT4281720,2025-08-10 15:20:09,noise
credit,521.03,,BRANCH91,Priya Chen,ACCT4281720,2025-08-08 13:22:34,noise
credit,1834.48,,BRANCH72,Priya Chen,ACCT4281720,2025-08-08 17:15:46,noise
credit,1155.7,,BRANCH91,Priya Chen,ACCT4281720,2025-08-06 15:32:40,noise
credit,103.48,,BRANCH91,Priya Chen,ACCT4281720,2025-08-06 18:00:34,noise
credit,325.69,ACCT5981644,BRANCH91,Priya Chen,ACCT4281720,2025-08-05 20:29:42,noise
credit,9613.52,ACCT2286500,BRANCH91,Priya Chen,ACCT4281720,2025-12-28 20:15:15,noise
credit,8806.19,ACCT1756043,BRANCH91,Priya Chen,ACCT4281720,2025-12-17 04:05:32,noise
credit,8930.08,ACCT8238482,BRANCH91,Priya Chen,ACCT4281720,2025-12-15 01:27:52,noise
credit,9491.6,ACCT1361805,BRANCH91,Priya Chen,ACCT4281720,2025-12-10 21:01:32,noise
credit,8991.53,ACCT6542581,BRANCH91,Priya Chen,ACCT4281720,2025-11-25 02:27:51,noise
credit,8973.77,ACCT3487212,BRANCH91,Priya Chen,ACCT4281720,2025-11-29 19:16:32,noise
credit,8984.45,ACCT5265659,BRANCH91,Priya Chen,ACCT4281720,2025-11-27 10:18:17,noise
credit,9352.8,ACCT3243346,BRANCH91,Priya Chen,ACCT4281720,2025-12-12 00:13:43,noise
credit,9034.69,ACCT8982913,BRANCH91,Priya Chen,ACCT4281720,2025-12-27 07:16:32,noise
credit,9107.07,ACCT1543054,BRANCH91,Priya Chen,ACCT4281720,2025-12-22 02:09:40,noise
credit,8986.96,ACCT8265355,BRANCH91,Priya Chen,ACCT4281720,2025-12-06 05:21:55,noise
credit,9549.71,ACCT3722972,BRANCH91,Priya Chen,ACCT4281720,2025-11-22 20:18:13,noise
credit,9022.21,ACCT6775976,BRANCH91,Priya Chen,ACCT4281720,2025-12-20 22:27:48,noise
credit,8892.45,ACCT5622927,BRANCH91,Priya Chen,ACCT4281720,2025-12-15 21:22:05,noise
credit,9026.79,ACCT5981644,BRANCH91,Priya Chen,ACCT4281720,2025-11-23 02:02:40,noise
credit,9289.47,ACCT1204317,BRANCH91,Priya Chen,ACCT4281720,2025-12-15 11:14:42,noise
credit,9573.45,ACCT5246588,BRANCH91,Priya Chen,ACCT4281720,2025-11-28 21:15:22,noise
debit,709.39,ACCT1546577,BRANCH49,Raj Alvarez,ACCT5227376,2025-10-03 08:06:44,noise
credit,579.51,ACCT2357788,BRANCH95,Raj Alvarez,ACCT5227376,2025-09-28 12:17:28,noise
credit,49.49,,BRANCH61,Raj Alvarez,ACCT5227376,2025-09-28 18:45:01,noise
credit,2941.55,ACCT3528995,BRANCH61,Raj Alvarez,ACCT5227376,2025-09-27 00:36:44,noise
debit,425.56,,BRANCH61,Raj Alvarez,ACCT5227376,2025-09-26 20:22:54,noise
debit,481.72,,BRANCH61,Raj Alvarez,ACCT5227376,2025-09-25 20:37:48,noise
credit,586.77,,BRANCH61,Raj Alvarez,ACCT5227376,2025-09-24 17:37:00,noise
debit,2060.6,,BRANCH61,Raj Alvarez,ACCT5227376,2025-09-24 16:03:31,noise
credit,997.71,ACCT9211559,BRANCH61,Raj Alvarez,ACCT5227376,2025-09-23 16:43:48,noise
credit,386.59,,BRANCH14,Raj Alvarez,ACCT5227376,2025-09-23 15:14:57,noise
credit,415.25,,BRANCH20,Raj Alvarez,ACCT5227376,2025-09-18 22:31:07,noise
debit,291.52,,BRANCH61,Raj Alvarez,ACCT5227376,2025-09-15 23:34:35,noise
credit,764.24,,BRANCH38,Raj Alvarez,ACCT5227376,2025-09-12 12:33:02,noise
credit,949.52,ACCT7743166,BRANCH61,Raj Alvarez,ACCT5227376,2025-09-12 09:12:23,noise
credit,159.46,,BRANCH82,Raj Alvarez,ACCT5227376,2025-09-09 14:02:09,noise
debit,2550.37,,BRANCH61,Raj Alvarez,ACCT5227376,2025-09-09 08:21:07,noise
debit,1313.96,,BRANCH61,Raj Alvarez,ACCT5227376,2025-09-06 12:21:18,noise
debit,384.05,,BRANCH61,Raj Alvarez,ACCT5227376,2025-09-06 10:15:16,noise
debit,2320.49,,BRANCH61,Raj Alvarez,ACCT5227376,2025-09-05 18:19:39,noise
credit,1175.56,ACCT1361805,BRANCH61,Raj Alvarez,ACCT5227376,2025-09-01 10:05:02,noise
debit,444.29,,BRANCH48,Raj Alvarez,ACCT5227376,2025-08-30 15:23:45,noise
credit,108.38,,BRANCH86,Raj Alvarez,ACCT5227376,2025-08-30 22:41:56,noise
debit,112.46,,BRANCH61,Raj Alvarez,ACCT5227376,2025-08-27 18:09:10,noise
debit,417.52,,BRANCH61,Raj Alvarez,ACCT5227376,2025-08-27 12:08:59,noise
debit,201.4,,BRANCH61,Raj Alvarez,ACCT5227376,2025-08-26 08:38:47,noise
debit,174.79,,BRANCH73,Raj Alvarez,ACCT5227376,2025-08-26 20:21:19,noise
credit,1926.95,ACCT6209543,BRANCH18,Raj Alvarez,ACCT5227376,2025-08-24 20:12:53,noise
debit,473.07,ACCT3708096,BRANCH61,Raj Alvarez,ACCT5227376,2025-08-24 11:42:02,noise
debit,1421.33,ACCT5155574,BRANCH70,Raj Alvarez,ACCT5227376,2025-08-21 11:07:26,noise
debit,1586.35,,BRANCH61,Raj Alvarez,ACCT5227376,2025-08-19 11:39:09,noise
debit,1208.99,ACCT6209543,BRANCH61,Raj Alvarez,ACCT5227376,2025-08-18 23:19:27,noise
debit,740.62,,BRANCH54,Raj Alvarez,ACCT5227376,2025-08-15 13:21:04,noise
debit,638.21,,BRANCH61,Raj Alvarez,ACCT5227376,2025-08-15 22:03:47,noise
credit,2163.38,,BRANCH79,Raj Alvarez,ACCT5227376,2025-08-13 09:07:00,noise
debit,97.79,ACCT5265659,BRANCH61,Raj Alvarez,ACCT5227376,2025-08-12 21:40:40,noise
credit,5652.58,ACCT8265355,BRANCH81,Raj Alvarez,ACCT5227376,2025-08-12 20:02:51,noise
credit,610.49,ACCT2371050,BRANCH56,Raj Alvarez,ACCT5227376,2025-08-11 15:19:21,noise
credit,173.92,,BRANCH61,Raj Alvarez,ACCT5227376,2025-08-06 03:44:18,noise
debit,1816.67,,BRANCH61,Raj Alvarez,ACCT5227376,2025-08-06 18:21:17,noise
debit,821.63,,BRANCH96,Xin Quinn,ACCT5397251,2025-09-24 20:43:28,noise
debit,525.02,,BRANCH53,Xin Quinn,ACCT5397251,2025-09-24 23:33:27,noise
credit,547.38,,BRANCH55,Xin Quinn,ACCT5397251,2025-09-20 23:14:16,noise
credit,192.62,ACCT5061927,BRANCH96,Xin Quinn,ACCT5397251,2025-09-20 15:40:45,noise
credit,451.9,,BRANCH96,Xin Quinn,ACCT5397251,2025-09-18 01:34:51,noise
credit,201.39,,BRANCH43,Xin Quinn,ACCT5397251,2025-09-18 14:31:52,noise
credit,297.86,,BRANCH22,Xin Quinn,ACCT5397251,2025-09-17 15:34:11,noise
debit,816.69,,BRANCH96,Xin Quinn,ACCT5397251,2025-09-16 16:05:36,noise
debit,3648.71,,BRANCH96,Xin Quinn,ACCT5397251,2025-09-16 22:21:07,noise
debit,395.89,,BRANCH96,Xin Quinn,ACCT5397251,2025-09-13 11:25:16,noise
credit,259.03,,BRANCH96,Xin Quinn,ACCT5397251,2025-09-11 13:07:10,noise
debit,669.61,,BRANCH96,Xin Quinn,ACCT5397251,2025-09-11 09:37:32,noise
debit,1183.01,,BRANCH96,Xin Quinn,ACCT5397251,2025-09-08 10:17:57,noise
debit,332.98,,BRANCH32,Xin Quinn,ACCT5397251,2025-09-08 18:16:56,noise
credit,307.82,,BRANCH96,Xin Quinn,ACCT5397251,2025-09-05 09:23:34,noise
debit,687.84,ACCT9768728,BRANCH96,Xin Quinn,ACCT5397251,2025-09-04 17:37:40,noise
credit,1009.82,ACCT5971196,BRANCH21,Xin Quinn,ACCT5397251,2025-09-04 16:01:45,noise
credit,336.23,,BRANCH96,Xin Quinn,ACCT5397251,2025-09-03 08:42:35,noise
credit,588.27,,BRANCH96,Xin Quinn,ACCT5397251,2025-09-01 10:24:10,noise
credit,425.78,,BRANCH96,Xin Quinn,ACCT5397251,2025-08-29 20:25:47,noise
credit,359.23,ACCT5155574,BRANCH96,Xin Quinn,ACCT5397251,2025-08-29 11:25:23,noise
debit,529.78,ACCT7401684,BRANCH96,Xin Quinn,ACCT5397251,2025-08-26 12:43:53,noise
credit,1864.68,,BRANCH96,Xin Quinn,ACCT5397251,2025-08-25 21:09:26,noise
credit,2214.2,ACCT6083922,BRANCH96,Xin Quinn,ACCT5397251,2025-08-25 10:22:15,noise
credit,34.7,,BRANCH96,Xin Quinn,ACCT5397251,2025-08-23 10:12:54,noise
credit,2759.75,,BRANCH96,Xin Quinn,ACCT5397251,2025-08-18 09:27:14,noise
credit,727.04,,BRANCH96,Xin Quinn,ACCT5397251,2025-08-18 16:12:43,noise
debit,1307.48,,BRANCH96,Xin Quinn,ACCT5397251,2025-08-16 23:27:47,noise
credit,243.7,,BRANCH96,Xin Quinn,ACCT5397251,2025-08-15 09:13:24,noise
debit,193.27,,BRANCH52,Xin Quinn,ACCT5397251,2025-08-15 17:44:44,noise
debit,803.95,ACCT1158205,BRANCH27,Xin Quinn,ACCT5397251,2025-08-14 15:38:33,noise
debit,1075.89,,BRANCH96,Xin Quinn,ACCT5397251,2025-08-12 13:03:02,noise
credit,313.02,,BRANCH95,Xin Quinn,ACCT5397251,2025-08-11 21:35:38,noise
debit,398.79,,BRANCH96,Xin Quinn,ACCT5397251,2025-08-11 12:02:28,noise
debit,1289.94,,BRANCH72,Xin Quinn,ACCT5397251,2025-08-10 10:06:05,noise
credit,1077.9,,BRANCH96,Xin Quinn,ACCT5397251,2025-08-10 10:17:03,noise
debit,262.7,,BRANCH57,Xin Quinn,ACCT5397251,2025-08-09 11:14:48,noise
credit,831.09,,BRANCH61,Xin Quinn,ACCT5397251,2025-08-08 09:17:53,noise
credit,951.56,,BRANCH96,Xin Quinn,ACCT5397251,2025-08-06 12:02:10,noise
credit,128.17,ACCT5316898,BRANCH26,Ava Gomes,ACCT5725141,2025-10-01 10:11:14,noise
debit,1113.99,,BRANCH72,Ava Gomes,ACCT5725141,2025-10-01 20:18:45,noise
credit,5453.88,,BRANCH26,Ava Gomes,ACCT5725141,2025-09-29 23:03:06,noise
debit,762.18,,BRANCH60,Ava Gomes,ACCT5725141,2025-09-28 20:41:17,noise
credit,493.95,,BRANCH26,Ava Gomes,ACCT5725141,2025-09-27 20:44:20,noise
debit,2277.54,ACCT3101582,BRANCH26,Ava Gomes,ACCT5725141,2025-09-27 16:21:30,noise
credit,183.82,ACCT7743166,BRANCH26,Ava Gomes,ACCT5725141,2025-09-26 12:14:35,noise
credit,931.12,,BRANCH26,Ava Gomes,ACCT5725141,2025-09-26 16:41:14,noise
credit,288.5,,BRANCH26,Ava Gomes,ACCT5725141,2025-09-25 09:02:43,noise
credit,364.45,,BRANCH90,Ava Gomes,ACCT5725141,2025-09-25 10:39:01,noise
debit,1085.05,ACCT1269653,BRANCH26,Ava Gomes,ACCT5725141,2025-09-24 10:44:36,noise
debit,1848.04,,BRANCH26,Ava Gomes,ACCT5725141,2025-09-23 09:20:46,noise
credit,1125.75,,BRANCH26,Ava Gomes,ACCT5725141,2025-09-21 00:19:37,noise
credit,2243.71,,BRANCH26,Ava Gomes,ACCT5725141,2025-09-21 18:34:38,noise
debit,652.73,,BRANCH28,Ava Gomes,ACCT5725141,2025-09-17 14:06:01,noise
credit,595.29,,BRANCH26,Ava Gomes,ACCT5725141,2025-09-16 17:27:19,noise
credit,92.45,,BRANCH26,Ava Gomes,ACCT5725141,2025-09-15 09:29:15,noise
debit,528.04,,BRANCH26,Ava Gomes,ACCT5725141,2025-09-12 15:19:52,noise
credit,2410.66,,BRANCH26,Ava Gomes,ACCT5725141,2025-09-10 10:39:09,noise
debit,660.59,ACCT5227376,BRANCH26,Ava Gomes,ACCT5725141,2025-09-10 10:26:41,noise
credit,607.31,ACCT7743166,BRANCH26,Ava Gomes,ACCT5725141,2025-09-09 14:13:38,noise
debit,795.07,ACCT6516709,BRANCH35,Ava Gomes,ACCT5725141,2025-09-07 16:10:29,noise
debit,1815.21,,BRANCH26,Ava Gomes,ACCT5725141,2025-09-05 10:42:45,noise
debit,535.38,,BRANCH26,Ava Gomes,ACCT5725141,2025-09-02 17:12:34,noise
debit,3000.0,ACCT4234895,BRANCH58,Ava Gomes,ACCT5725141,2025-08-31 17:38:15,noise
debit,249.23,,BRANCH26,Ava Gomes,ACCT5725141,2025-08-29 12:17:22,noise
credit,637.05,,BRANCH26,Ava Gomes,ACCT5725141,2025-08-26 15:09:28,noise
debit,187.86,,BRANCH26,Ava Gomes,ACCT5725141,2025-08-25 14:30:41,noise
credit,150.58,,BRANCH26,Ava Gomes,ACCT5725141,2025-08-25 13:01:00,noise
debit,268.65,,BRANCH26,Ava Gomes,ACCT5725141,2025-08-20 16:26:28,noise
debit,438.58,,BRANCH60,Ava Gomes,ACCT5725141,2025-08-18 23:20:42,noise
credit,760.41,,BRANCH34,Ava Gomes,ACCT5725141,2025-08-17 10:40:53,noise
credit,3701.54,,BRANCH26,Ava Gomes,ACCT5725141,2025-08-07 12:24:33,noise
credit,823.16,,BRANCH26,Ava Gomes,ACCT5725141,2025-08-05 17:11:44,noise
credit,234.64,,BRANCH26,Ava Gomes,ACCT5725141,2025-08-05 09:14:30,noise
credit,260.27,,BRANCH90,Ava Gomes,ACCT5725141,2025-08-04 19:27:19,noise
debit,621.61,ACCT3421734,BRANCH44,Tomas Novak,ACCT4151250,2025-10-01 08:16:19,noise
debit,2203.64,,BRANCH26,Tomas Novak,ACCT4151250,2025-09-28 13:10:20,noise
credit,583.77,,BRANCH10,Tomas Novak,ACCT4151250,2025-09-25 19:14:24,noise
credit,3190.75,,BRANCH91,Tomas Novak,ACCT4151250,2025-09-23 12:10:30,noise
credit,2265.82,,BRANCH36,Tomas Novak,ACCT4151250,2025-09-22 17:19:55,noise
debit,1030.42,,BRANCH95,Tomas Novak,ACCT4151250,2025-09-20 18:38:29,noise
credit,3203.78,ACCT8465072,BRANCH91,Tomas Novak,ACCT4151250,2025-09-20 13:17:52,noise
credit,475.6,ACCT3272721,BRANCH91,Tomas Novak,ACCT4151250,2025-09-17 22:24:44,noise
debit,429.84,,BRANCH91,Tomas Novak,ACCT4151250,2025-09-13 19:15:11,noise
debit,68.18,,BRANCH91,Tomas Novak,ACCT4151250,2025-09-11 09:29:06,noise
debit,1681.44,ACCT4794410,BRANCH91,Tomas Novak,ACCT4151250,2025-09-08 18:07:58,noise
debit,1474.78,,BRANCH56,Tomas Novak,ACCT4151250,2025-09-06 18:36:56,noise
credit,171.58,,BRANCH91,Tomas Novak,ACCT4151250,2025-09-03 10:13:32,noise
credit,894.18,,BRANCH91,Tomas Novak,ACCT4151250,2025-09-01 21:06:04,noise
debit,389.63,ACCT7743166,BRANCH38,Tomas Novak,ACCT4151250,2025-08-31 03:12:23,noise
credit,191.2,,BRANCH91,Tomas Novak,ACCT4151250,2025-08-30 08:31:19,noise
debit,219.95,ACCT1361805,BRANCH67,Tomas Novak,ACCT4151250,2025-08-27 11:19:35,noise
debit,718.85,ACCT4386981,BRANCH91,Tomas Novak,ACCT4151250,2025-08-26 08:15:06,noise
debit,729.1,,BRANCH91,Tomas Novak,ACCT4151250,2025-08-21 17:01:13,noise
credit,2643.1,,BRANCH91,Tomas Novak,ACCT4151250,2025-08-19 10:42:10,noise
credit,1508.19,,BRANCH91,Tomas Novak,ACCT4151250,2025-08-18 09:37:03,noise
debit,273.27,,BRANCH91,Tomas Novak,ACCT4151250,2025-08-18 09:31:37,noise
credit,620.82,ACCT4605506,BRANCH91,Tomas Novak,ACCT4151250,2025-08-15 18:16:05,noise
credit,1471.46,,BRANCH91,Tomas Novak,ACCT4151250,2025-08-14 21:23:40,noise
credit,209.61,,BRANCH91,Tomas Novak,ACCT4151250,2025-08-14 15:38:41,noise
credit,127.17,,BRANCH91,Tomas Novak,ACCT4151250,2025-08-09 15:32:41,noise
credit,327.23,ACCT7763076,BRANCH47,Tomas Novak,ACCT4151250,2025-08-08 11:01:27,noise
debit,109.85,,BRANCH91,Tomas Novak,ACCT4151250,2025-08-07 05:36:11,noise
credit,144.17,ACCT9768728,BRANCH91,Tomas Novak,ACCT4151250,2025-08-05 17:19:44,noise
credit,497.81,,BRANCH23,Victor Zhou,ACCT7401684,2025-10-02 16:13:30,noise
credit,332.57,,BRANCH41,Victor Zhou,ACCT7401684,2025-10-02 11:31:36,noise
debit,2465.97,ACCT8422936,BRANCH41,Victor Zhou,ACCT7401684,2025-10-01 12:43:35,noise
credit,118.94,,BRANCH41,Victor Zhou,ACCT7401684,2025-10-01 14:13:00,noise
credit,1438.82,ACCT6234336,BRANCH41,Victor Zhou,ACCT7401684,2025-09-28 17:38:15,noise
credit,2973.5,,BRANCH41,Victor Zhou,ACCT7401684,2025-09-28 20:28:29,noise
credit,2953.53,,BRANCH47,Victor Zhou,ACCT7401684,2025-09-25 12:34:04,noise
credit,425.24,ACCT4184965,BRANCH98,Victor Zhou,ACCT7401684,2025-09-23 08:26:39,noise
credit,601.69,,BRANCH41,Victor Zhou,ACCT7401684,2025-09-21 02:23:48,noise
debit,777.98,,BRANCH52,Victor Zhou,ACCT7401684,2025-09-19 13:01:57,noise
debit,140.17,ACCT6209543,BRANCH41,Victor Zhou,ACCT7401684,2025-09-15 16:20:21,noise
credit,2123.23,ACCT9545640,BRANCH46,Victor Zhou,ACCT7401684,2025-09-15 12:37:06,noise
credit,1390.07,,BRANCH69,Victor Zhou,ACCT7401684,2025-09-11 16:44:31,noise
credit,628.8,ACCT9137087,BRANCH41,Victor Zhou,ACCT7401684,2025-09-10 19:08:14,noise
credit,626.69,ACCT3743757,BRANCH41,Victor Zhou,ACCT7401684,2025-09-08 05:09:51,noise
credit,262.47,,BRANCH41,Victor Zhou,ACCT7401684,2025-09-08 09:25:01,noise
debit,525.71,ACCT6209543,BRANCH41,Victor Zhou,ACCT7401684,2025-09-07 22:34:11,noise
credit,494.44,ACCT4151250,BRANCH40,Victor Zhou,ACCT7401684,2025-09-07 08:43:06,noise
credit,786.21,,BRANCH30,Victor Zhou,ACCT7401684,2025-09-05 05:24:00,noise
debit,434.41,,BRANCH41,Victor Zhou,ACCT7401684,2025-09-04 09:44:58,noise
credit,91.43,,BRANCH41,Victor Zhou,ACCT7401684,2025-09-04 18:14:04,noise
credit,501.48,ACCT8982913,BRANCH41,Victor Zhou,ACCT7401684,2025-09-01 17:41:04,noise
credit,228.64,,BRANCH47,Victor Zhou,ACCT7401684,2025-09-01 09:23:56,noise
credit,1084.85,,BRANCH41,Victor Zhou,ACCT7401684,2025-08-30 17:25:10,noise
debit,492.98,ACCT3101582,BRANCH16,Victor Zhou,ACCT7401684,2025-08-29 20:18:23,noise
debit,580.03,,BRANCH41,Victor Zhou,ACCT7401684,2025-08-29 10:35:49,noise
credit,382.44,,BRANCH11,Victor Zhou,ACCT7401684,2025-08-20 08:42:48,noise
debit,359.72,ACCT1546577,BRANCH41,Victor Zhou,ACCT7401684,2025-08-17 18:33:06,noise
credit,1035.0,,BRANCH94,Victor Zhou,ACCT7401684,2025-08-17 20:41:46,noise
debit,302.95,,BRANCH87,Victor Zhou,ACCT7401684,2025-08-16 20:17:21,noise
debit,769.81,,BRANCH41,Victor Zhou,ACCT7401684,2025-08-14 23:08:37,noise
credit,627.84,,BRANCH41,Victor Zhou,ACCT7401684,2025-08-12 15:01:22,noise
debit,181.49,,BRANCH41,Victor Zhou,ACCT7401684,2025-08-11 11:41:41,noise
credit,792.49,,BRANCH28,Victor Zhou,ACCT7401684,2025-08-08 16:35:01,noise
credit,316.87,,BRANCH41,Victor Zhou,ACCT7401684,2025-08-07 09:22:00,noise
credit,209.9,,BRANCH41,Victor Zhou,ACCT7401684,2025-08-07 19:42:41,noise
debit,218.23,,BRANCH60,Victor Zhou,ACCT7401684,2025-08-04 08:30:50,noise
debit,311.99,,BRANCH29,Elena Duarte,ACCT7881766,2025-10-02 16:35:56,noise
credit,2471.64,,BRANCH29,Elena Duarte,ACCT7881766,2025-09-30 17:17:35,noise
credit,986.14,,BRANCH29,Elena Duarte,ACCT7881766,2025-09-30 12:13:02,noise
credit,670.99,,BRANCH19,Elena Duarte,ACCT7881766,2025-09-29 11:29:35,noise
credit,954.59,,BRANCH29,Elena Duarte,ACCT7881766,2025-09-29 09:16:47,noise
credit,1283.75,ACCT5622927,BRANCH29,Elena Duarte,ACCT7881766,2025-09-27 14:36:25,noise
credit,1399.39,ACCT4249035,BRANCH29,Elena Duarte,ACCT7881766,2025-09-26 17:39:55,noise
credit,1191.31,ACCT3743757,BRANCH29,Elena Duarte,ACCT7881766,2025-09-23 04:44:55,noise
debit,196.42,,BRANCH29,Elena Duarte,ACCT7881766,2025-09-21 18:27:44,noise
credit,392.7,,BRANCH29,Elena Duarte,ACCT7881766,2025-09-21 09:44:34,noise
credit,408.72,ACCT7763076,BRANCH56,Elena Duarte,ACCT7881766,2025-09-20 22:20:07,noise
credit,1055.51,,BRANCH29,Elena Duarte,ACCT7881766,2025-09-18 09:36:23,noise
debit,393.87,,BRANCH11,Elena Duarte,ACCT7881766,2025-09-15 19:14:51,noise
debit,6562.43,,BRANCH29,Elena Duarte,ACCT7881766,2025-09-15 12:11:28,noise
debit,801.13,,BRANCH29,Elena Duarte,ACCT7881766,2025-09-13 19:35:02,noise
credit,571.36,ACCT6775976,BRANCH42,Elena Duarte,ACCT7881766,2025-09-13 15:41:55,noise
credit,419.15,,BRANCH84,Elena Duarte,ACCT7881766,2025-09-12 14:04:02,noise
credit,1118.11,,BRANCH74,Elena Duarte,ACCT7881766,2025-09-11 12:11:58,noise
credit,137.41,,BRANCH29,Elena Duarte,ACCT7881766,2025-09-11 13:20:36,noise
credit,1401.98,,BRANCH29,Elena Duarte,ACCT7881766,2025-09-05 16:36:13,noise
debit,1029.06,,BRANCH29,Elena Duarte,ACCT7881766,2025-09-03 19:02:50,noise
debit,611.44,ACCT6234336,BRANCH29,Elena Duarte,ACCT7881766,2025-09-01 08:01:58,noise
credit,1021.47,,BRANCH29,Elena Duarte,ACCT7881766,2025-09-01 16:05:28,noise
debit,369.24,,BRANCH43,Elena Duarte,ACCT7881766,2025-08-27 21:38:56,noise
debit,3854.6,,BRANCH29,Elena Duarte,ACCT7881766,2025-08-25 16:18:40,noise
debit,3000.0,ACCT1756043,BRANCH52,Elena Duarte,ACCT7881766,2025-08-23 23:13:16,noise
debit,861.4,,BRANCH29,Elena Duarte,ACCT7881766,2025-08-23 21:31:03,noise
credit,1437.18,ACCT6037115,BRANCH73,Elena Duarte,ACCT7881766,2025-08-22 18:32:02,noise
credit,545.14,ACCT4386981,BRANCH29,Elena Duarte,ACCT7881766,2025-08-19 08:18:02,noise
debit,1008.84,,BRANCH24,Elena Duarte,ACCT7881766,2025-08-18 21:39:02,noise
credit,597.47,,BRANCH14,Elena Duarte,ACCT7881766,2025-08-17 16:25:33,noise
debit,1224.64,,BRANCH29,Elena Duarte,ACCT7881766,2025-08-15 11:35:06,noise
credit,542.65,,BRANCH29,Elena Duarte,ACCT7881766,2025-08-15 20:34:04,noise
debit,1034.29,,BRANCH65,Elena Duarte,ACCT7881766,2025-08-12 16:17:06,noise
credit,7920.6,ACCT3272721,BRANCH29,Elena Duarte,ACCT7881766,2025-08-10 10:43:07,noise
credit,1297.4,,BRANCH29,Elena Duarte,ACCT7881766,2025-08-09 18:08:34,noise
credit,357.74,,BRANCH70,Elena Duarte,ACCT7881766,2025-08-09 09:04:48,noise
credit,1722.41,,BRANCH29,Elena Duarte,ACCT7881766,2025-08-05 04:45:29,noise
credit,198.62,,BRANCH73,Noah Vargas,ACCT4605506,2025-10-01 00:06:28,noise
debit,1018.02,ACCT2211847,BRANCH21,Noah Vargas,ACCT4605506,2025-09-29 08:21:33,noise
debit,1197.59,,BRANCH11,Noah Vargas,ACCT4605506,2025-09-29 11:07:48,noise
debit,280.43,ACCT2513942,BRANCH21,Noah Vargas,ACCT4605506,2025-09-28 19:33:55,noise
credit,1467.05,,BRANCH76,Noah Vargas,ACCT4605506,2025-09-28 09:15:04,noise
debit,321.3,ACCT8791433,BRANCH31,Noah Vargas,ACCT4605506,2025-09-27 15:27:22,noise
debit,2767.29,,BRANCH21,Noah Vargas,ACCT4605506,2025-09-26 09:00:06,noise
debit,1715.59,ACCT3743757,BRANCH21,Noah Vargas,ACCT4605506,2025-09-24 04:01:54,noise
credit,269.83,ACCT8791433,BRANCH21,Noah Vargas,ACCT4605506,2025-09-22 08:24:30,noise
debit,3767.91,,BRANCH21,Noah Vargas,ACCT4605506,2025-09-22 08:36:51,noise
credit,2086.44,ACCT1361805,BRANCH27,Noah Vargas,ACCT4605506,2025-09-18 22:45:28,noise
credit,1895.67,,BRANCH21,Noah Vargas,ACCT4605506,2025-09-17 13:15:47,noise
credit,399.73,ACCT3101582,BRANCH57,Noah Vargas,ACCT4605506,2025-09-16 20:18:26,noise
debit,5624.55,,BRANCH21,Noah Vargas,ACCT4605506,2025-09-16 08:39:12,noise
debit,226.71,,BRANCH97,Noah Vargas,ACCT4605506,2025-09-09 01:35:33,noise
debit,257.83,,BRANCH21,Noah Vargas,ACCT4605506,2025-09-08 19:17:21,noise
credit,394.02,,BRANCH21,Noah Vargas,ACCT4605506,2025-09-08 12:41:16,noise
credit,423.08,ACCT4794410,BRANCH92,Noah Vargas,ACCT4605506,2025-09-06 18:25:39,noise
credit,2145.04,ACCT5725141,BRANCH95,Noah Vargas,ACCT4605506,2025-09-06 11:09:04,noise
debit,2599.28,ACCT2357788,BRANCH21,Noah Vargas,ACCT4605506,2025-09-05 16:37:44,noise
debit,773.09,,BRANCH21,Noah Vargas,ACCT4605506,2025-09-05 14:43:07,noise
credit,275.98,,BRANCH21,Noah Vargas,ACCT4605506,2025-09-04 16:38:41,noise
debit,294.56,,BRANCH21,Noah Vargas,ACCT4605506,2025-09-04 08:22:50,noise
credit,1469.91,ACCT5061927,BRANCH21,Noah Vargas,ACCT4605506,2025-09-02 14:32:18,noise
debit,1353.33,,BRANCH21,Noah Vargas,ACCT4605506,2025-09-02 19:35:06,noise
debit,854.01,,BRANCH26,Noah Vargas,ACCT4605506,2025-08-31 16:45:58,noise
debit,205.05,ACCT2843039,BRANCH21,Noah Vargas,ACCT4605506,2025-08-28 23:22:09,noise
credit,233.73,,BRANCH21,Noah Vargas,ACCT4605506,2025-08-27 15:14:20,noise
credit,1060.52,,BRANCH21,Noah Vargas,ACCT4605506,2025-08-25 04:40:13,noise
credit,2378.86,,BRANCH21,Noah Vargas,ACCT4605506,2025-08-25 03:19:33,noise
credit,999.38,,BRANCH21,Noah Vargas,ACCT4605506,2025-08-24 21:23:23,noise
debit,1448.79,,BRANCH21,Noah Vargas,ACCT4605506,2025-08-21 19:07:00,noise
credit,1049.13,,BRANCH21,Noah Vargas,ACCT4605506,2025-08-19 16:09:48,noise
credit,904.25,,BRANCH21,Noah Vargas,ACCT4605506,2025-08-17 19:25:30,noise
credit,659.04,ACCT4386981,BRANCH21,Noah Vargas,ACCT4605506,2025-08-17 11:17:31,noise
credit,1246.53,,BRANCH16,Noah Vargas,ACCT4605506,2025-08-16 17:18:35,noise
credit,152.18,,BRANCH15,Noah Vargas,ACCT4605506,2025-08-15 13:25:45,noise
debit,510.92,,BRANCH21,Noah Vargas,ACCT4605506,2025-08-14 11:17:30,noise
credit,2815.57,,BRANCH21,Noah Vargas,ACCT4605506,2025-08-08 11:26:08,noise
credit,1028.36,,BRANCH21,Noah Vargas,ACCT4605506,2025-08-08 20:08:41,noise
debit,718.2,,BRANCH21,Noah Vargas,ACCT4605506,2025-08-06 09:19:03,noise
credit,308.24,,BRANCH52,Lena Anderson,ACCT4203708,2025-10-03 10:12:11,noise
debit,121.66,,BRANCH73,Lena Anderson,ACCT4203708,2025-10-03 18:19:08,noise
credit,798.68,,BRANCH27,Lena Anderson,ACCT4203708,2025-10-02 18:06:31,noise
credit,345.17,,BRANCH83,Lena Anderson,ACCT4203708,2025-10-02 23:19:52,noise
debit,1124.86,ACCT4184965,BRANCH73,Lena Anderson,ACCT4203708,2025-09-26 18:05:06,noise
debit,4552.88,,BRANCH73,Lena Anderson,ACCT4203708,2025-09-25 14:33:19,noise
debit,407.49,ACCT8422936,BRANCH18,Lena Anderson,ACCT4203708,2025-09-22 17:17:24,noise
credit,389.34,,BRANCH99,Lena Anderson,ACCT4203708,2025-09-21 09:32:06,noise
credit,169.59,,BRANCH73,Lena Anderson,ACCT4203708,2025-09-20 08:41:14,noise
credit,375.49,,BRANCH73,Lena Anderson,ACCT4203708,2025-09-20 20:02:16,noise
debit,3000.0,ACCT2357788,BRANCH73,Lena Anderson,ACCT4203708,2025-09-17 15:01:57,noise
credit,630.01,ACCT1128112,BRANCH70,Lena Anderson,ACCT4203708,2025-09-16 18:27:56,noise
debit,286.3,,BRANCH73,Lena Anderson,ACCT4203708,2025-09-11 01:05:06,noise
credit,1258.7,ACCT9768728,BRANCH73,Lena Anderson,ACCT4203708,2025-09-10 10:20:35,noise
credit,202.3,,BRANCH73,Lena Anderson,ACCT4203708,2025-09-10 18:06:24,noise
debit,1026.67,,BRANCH73,Lena Anderson,ACCT4203708,2025-09-09 18:28:09,noise
debit,1741.03,,BRANCH73,Lena Anderson,ACCT4203708,2025-09-08 08:12:43,noise
credit,966.87,,BRANCH89,Lena Anderson,ACCT4203708,2025-09-06 02:37:26,noise
debit,1969.34,,BRANCH73,Lena Anderson,ACCT4203708,2025-09-06 02:12:23,noise
credit,2416.79,ACCT4184965,BRANCH97,Lena Anderson,ACCT4203708,2025-09-05 19:05:11,noise
credit,110.4,,BRANCH73,Lena Anderson,ACCT4203708,2025-09-05 17:08:06,noise
credit,670.72,,BRANCH73,Lena Anderson,ACCT4203708,2025-09-03 12:17:58,noise
debit,1199.21,,BRANCH73,Lena Anderson,ACCT4203708,2025-09-02 16:33:48,noise
debit,1677.54,ACCT9483782,BRANCH73,Lena Anderson,ACCT4203708,2025-08-27 17:32:37,noise
debit,895.7,,BRANCH73,Lena Anderson,ACCT4203708,2025-08-25 16:38:52,noise
debit,183.45,,BRANCH73,Lena Anderson,ACCT4203708,2025-08-23 19:13:50,noise
credit,4561.15,ACCT1327290,BRANCH73,Lena Anderson,ACCT4203708,2025-08-20 19:21:17,noise
debit,1836.54,,BRANCH73,Lena Anderson,ACCT4203708,2025-08-19 12:34:37,noise
debit,820.41,,BRANCH73,Lena Anderson,ACCT4203708,2025-08-19 09:03:37,noise
credit,417.33,,BRANCH53,Lena Anderson,ACCT4203708,2025-08-15 13:44:49,noise
debit,184.44,ACCT6516709,BRANCH17,Lena Anderson,ACCT4203708,2025-08-13 21:11:54,noise
debit,1252.26,,BRANCH73,Lena Anderson,ACCT4203708,2025-08-13 17:14:27,noise
debit,452.8,ACCT1122483,BRANCH73,Lena Anderson,ACCT4203708,2025-08-12 18:39:11,noise
credit,842.48,ACCT5725141,BRANCH24,Lena Anderson,ACCT4203708,2025-08-11 12:30:25,noise
credit,1593.26,,BRANCH73,Lena Anderson,ACCT4203708,2025-08-11 18:27:27,noise
debit,350.06,,BRANCH73,Lena Anderson,ACCT4203708,2025-08-09 16:28:21,noise
credit,92.54,,BRANCH73,Lena Anderson,ACCT4203708,2025-08-08 11:16:06,noise
debit,330.26,ACCT5426495,BRANCH73,Lena Anderson,ACCT4203708,2025-08-07 11:00:21,noise
credit,269.85,,BRANCH73,Lena Anderson,ACCT4203708,2025-08-05 17:03:19,noise
credit,845.68,,BRANCH73,Lena Anderson,ACCT4203708,2025-08-05 12:08:49,noise
credit,435.32,,BRANCH73,Lena Anderson,ACCT4203708,2025-08-04 14:37:28,noise
debit,929.48,ACCT7456023,BRANCH20,Victor Carlos,ACCT8422936,2025-09-30 18:30:37,noise
credit,400.44,,BRANCH86,Victor Carlos,ACCT8422936,2025-09-30 11:44:24,noise
credit,948.67,,BRANCH73,Victor Carlos,ACCT8422936,2025-09-27 08:41:23,noise
credit,497.37,,BRANCH84,Victor Carlos,ACCT8422936,2025-09-25 05:07:42,noise
credit,196.8,,BRANCH16,Victor Carlos,ACCT8422936,2025-09-24 13:24:29,noise
credit,1854.1,,BRANCH80,Victor Carlos,ACCT8422936,2025-09-24 19:14:33,noise
credit,364.13,,BRANCH25,Victor Carlos,ACCT8422936,2025-09-23 15:05:12,noise
credit,4410.43,,BRANCH25,Victor Carlos,ACCT8422936,2025-09-22 22:16:55,noise
credit,457.07,,BRANCH25,Victor Carlos,ACCT8422936,2025-09-21 18:14:50,noise
credit,726.52,,BRANCH25,Victor Carlos,ACCT8422936,2025-09-19 23:27:09,noise
credit,467.72,ACCT3487212,BRANCH25,Victor Carlos,ACCT8422936,2025-09-16 21:14:43,noise
credit,353.84,ACCT3243346,BRANCH96,Victor Carlos,ACCT8422936,2025-09-14 15:25:02,noise
credit,553.1,ACCT1327290,BRANCH25,Victor Carlos,ACCT8422936,2025-09-13 21:19:53,noise
debit,943.78,,BRANCH25,Victor Carlos,ACCT8422936,2025-09-12 18:16:16,noise
credit,308.4,,BRANCH25,Victor Carlos,ACCT8422936,2025-09-12 19:10:31,noise
credit,118.98,,BRANCH25,Victor Carlos,ACCT8422936,2025-09-11 18:02:24,noise
debit,226.45,,BRANCH59,Victor Carlos,ACCT8422936,2025-09-08 09:33:29,noise
credit,515.27,,BRANCH25,Victor Carlos,ACCT8422936,2025-09-06 15:36:35,noise
debit,3344.64,,BRANCH25,Victor Carlos,ACCT8422936,2025-09-05 15:18:29,noise
debit,231.97,,BRANCH25,Victor Carlos,ACCT8422936,2025-09-04 13:26:15,noise
credit,3176.93,ACCT2778698,BRANCH25,Victor Carlos,ACCT8422936,2025-09-02 11:42:06,noise
credit,147.38,,BRANCH50,Victor Carlos,ACCT8422936,2025-08-31 13:37:19,noise
debit,592.44,,BRANCH25,Victor Carlos,ACCT8422936,2025-08-30 14:12:58,noise
credit,3511.58,,BRANCH25,Victor Carlos,ACCT8422936,2025-08-27 09:08:55,noise
credit,425.44,ACCT5265659,BRANCH25,Victor Carlos,ACCT8422936,2025-08-26 16:12:19,noise
credit,2303.88,ACCT5091816,BRANCH25,Victor Carlos,ACCT8422936,2025-08-24 13:40:01,noise
credit,894.42,,BRANCH25,Victor Carlos,ACCT8422936,2025-08-24 15:42:24,noise
debit,147.74,,BRANCH25,Victor Carlos,ACCT8422936,2025-08-22 11:23:45,noise
debit,603.14,ACCT4234895,BRANCH25,Victor Carlos,ACCT8422936,2025-08-22 01:36:29,noise
debit,564.6,,BRANCH25,Victor Carlos,ACCT8422936,2025-08-21 15:25:46,noise
credit,302.91,,BRANCH25,Victor Carlos,ACCT8422936,2025-08-20 08:19:04,noise
credit,1113.87,,BRANCH25,Victor Carlos,ACCT8422936,2025-08-19 16:24:24,noise
debit,752.18,ACCT8982913,BRANCH25,Victor Carlos,ACCT8422936,2025-08-17 22:30:44,noise
credit,284.49,,BRANCH22,Victor Carlos,ACCT8422936,2025-08-16 08:13:21,noise
credit,500.39,,BRANCH38,Victor Carlos,ACCT8422936,2025-08-16 16:35:15,noise
debit,1111.27,ACCT3708096,BRANCH25,Victor Carlos,ACCT8422936,2025-08-15 11:44:46,noise
credit,545.69,,BRANCH25,Victor Carlos,ACCT8422936,2025-08-14 15:15:33,noise
debit,532.95,ACCT5246588,BRANCH25,Victor Carlos,ACCT8422936,2025-08-14 18:04:51,noise
debit,585.3,,BRANCH25,Victor Carlos,ACCT8422936,2025-08-12 18:08:07,noise
credit,541.08,,BRANCH25,Victor Carlos,ACCT8422936,2025-08-12 09:25:58,noise
debit,455.03,,BRANCH25,Victor Carlos,ACCT8422936,2025-08-10 17:21:56,noise
credit,848.04,ACCT4624349,BRANCH25,Victor Carlos,ACCT8422936,2025-08-06 20:41:36,noise
debit,333.99,,BRANCH25,Victor Carlos,ACCT8422936,2025-08-05 05:14:05,noise
debit,206.81,,BRANCH38,Hugo Tanaka,ACCT4209332,2025-10-01 09:08:30,noise
debit,825.05,,BRANCH27,Hugo Tanaka,ACCT4209332,2025-09-28 12:29:05,noise
credit,540.18,ACCT1204317,BRANCH38,Hugo Tanaka,ACCT4209332,2025-09-26 17:12:38,noise
credit,1180.32,ACCT3509069,BRANCH98,Hugo Tanaka,ACCT4209332,2025-09-26 19:41:14,noise
credit,1399.22,ACCT4915903,BRANCH38,Hugo Tanaka,ACCT4209332,2025-09-24 12:13:19,noise
debit,679.2,ACCT5915579,BRANCH38,Hugo Tanaka,ACCT4209332,2025-09-22 12:26:57,noise
credit,1858.38,,BRANCH28,Hugo Tanaka,ACCT4209332,2025-09-22 09:19:58,noise
credit,702.56,,BRANCH38,Hugo Tanaka,ACCT4209332,2025-09-21 13:38:36,noise
credit,403.47,,BRANCH38,Hugo Tanaka,ACCT4209332,2025-09-20 19:27:31,noise
debit,184.97,ACCT8422936,BRANCH38,Hugo Tanaka,ACCT4209332,2025-09-20 10:15:08,noise
debit,407.01,,BRANCH38,Hugo Tanaka,ACCT4209332,2025-09-19 17:20:16,noise
credit,1354.9,,BRANCH84,Hugo Tanaka,ACCT4209332,2025-09-15 15:13:24,noise
debit,709.03,,BRANCH84,Hugo Tanaka,ACCT4209332,2025-09-13 12:15:23,noise
credit,587.04,,BRANCH38,Hugo Tanaka,ACCT4209332,2025-09-13 16:03:35,noise
credit,1411.44,,BRANCH38,Hugo Tanaka,ACCT4209332,2025-09-12 19:35:13,noise
debit,1417.97,,BRANCH38,Hugo Tanaka,ACCT4209332,2025-09-11 20:01:17,noise
debit,626.52,,BRANCH38,Hugo Tanaka,ACCT4209332,2025-09-08 14:36:42,noise
credit,2545.3,,BRANCH24,Hugo Tanaka,ACCT4209332,2025-09-08 10:31:27,noise
credit,109.7,,BRANCH38,Hugo Tanaka,ACCT4209332,2025-09-04 22:01:44,noise
credit,537.75,,BRANCH38,Hugo Tanaka,ACCT4209332,2025-09-04 09:44:00,noise
debit,2565.68,,BRANCH38,Hugo Tanaka,ACCT4209332,2025-09-03 19:26:48,noise
credit,1377.95,ACCT4234895,BRANCH55,Hugo Tanaka,ACCT4209332,2025-09-02 20:10:15,noise
credit,616.67,,BRANCH38,Hugo Tanaka,ACCT4209332,2025-09-02 14:28:50,noise
debit,282.89,,BRANCH38,Hugo Tanaka,ACCT4209332,2025-09-01 19:28:47,noise
credit,810.86,ACCT1733313,BRANCH38,Hugo Tanaka,ACCT4209332,2025-08-31 13:05:41,noise
debit,282.95,,BRANCH38,Hugo Tanaka,ACCT4209332,2025-08-27 18:15:02,noise
credit,390.62,,BRANCH38,Hugo Tanaka,ACCT4209332,2025-08-26 14:05:11,noise
credit,340.01,ACCT1543054,BRANCH38,Hugo Tanaka,ACCT4209332,2025-08-26 02:08:47,noise
debit,704.65,,BRANCH38,Hugo Tanaka,ACCT4209332,2025-08-25 17:15:12,noise
credit,209.55,,BRANCH38,Hugo Tanaka,ACCT4209332,2025-08-25 23:14:18,noise
debit,542.18,ACCT5316898,BRANCH38,Hugo Tanaka,ACCT4209332,2025-08-23 16:43:29,noise
credit,903.43,,BRANCH38,Hugo Tanaka,ACCT4209332,2025-08-22 10:17:17,noise
debit,65.97,,BRANCH38,Hugo Tanaka,ACCT4209332,2025-08-19 13:13:49,noise
debit,1888.85,,BRANCH38,Hugo Tanaka,ACCT4209332,2025-08-17 08:31:00,noise
debit,253.63,,BRANCH38,Hugo Tanaka,ACCT4209332,2025-08-14 10:11:46,noise
debit,533.93,,BRANCH40,Hugo Tanaka,ACCT4209332,2025-08-13 19:16:52,noise
credit,285.44,ACCT1133454,BRANCH38,Hugo Tanaka,ACCT4209332,2025-08-13 03:13:32,noise
debit,764.68,,BRANCH77,Hugo Tanaka,ACCT4209332,2025-08-11 15:07:00,noise
credit,316.66,ACCT3722972,BRANCH38,Hugo Tanaka,ACCT4209332,2025-08-10 12:28:13,noise
debit,1344.35,,BRANCH42,Hugo Tanaka,ACCT4209332,2025-08-05 04:20:41,noise
debit,416.21,,BRANCH38,Hugo Tanaka,ACCT4209332,2025-08-04 14:37:05,noise
debit,758.23,ACCT3722972,BRANCH34,Cara Gomes,ACCT9545640,2025-10-02 04:40:54,noise
credit,3395.56,,BRANCH57,Cara Gomes,ACCT9545640,2025-10-02 08:04:09,noise
debit,149.85,ACCT8465072,BRANCH81,Cara Gomes,ACCT9545640,2025-09-28 05:27:42,noise
debit,2212.5,ACCT6724761,BRANCH57,Cara Gomes,ACCT9545640,2025-09-27 01:02:25,noise
debit,3070.81,,BRANCH57,Cara Gomes,ACCT9545640,2025-09-26 15:20:01,noise
credit,3480.04,,BRANCH57,Cara Gomes,ACCT9545640,2025-09-20 01:09:07,noise
credit,1766.87,,BRANCH57,Cara Gomes,ACCT9545640,2025-09-17 11:18:28,noise
credit,760.75,,BRANCH57,Cara Gomes,ACCT9545640,2025-09-16 15:41:00,noise
credit,2599.47,,BRANCH57,Cara Gomes,ACCT9545640,2025-09-14 09:04:44,noise
credit,84.03,,BRANCH20,Cara Gomes,ACCT9545640,2025-09-13 14:21:21,noise
debit,992.75,ACCT7456023,BRANCH57,Cara Gomes,ACCT9545640,2025-09-12 15:15:08,noise
debit,257.2,ACCT1365831,BRANCH13,Cara Gomes,ACCT9545640,2025-09-12 13:37:47,noise
credit,1781.62,,BRANCH57,Cara Gomes,ACCT9545640,2025-09-11 20:31:27,noise
debit,673.49,,BRANCH57,Cara Gomes,ACCT9545640,2025-09-10 12:38:33,noise
debit,279.27,ACCT4184965,BRANCH61,Cara Gomes,ACCT9545640,2025-09-10 08:17:46,noise
credit,380.09,,BRANCH57,Cara Gomes,ACCT9545640,2025-09-08 11:08:30,noise
credit,135.01,ACCT1587661,BRANCH57,Cara Gomes,ACCT9545640,2025-09-06 10:14:39,noise
credit,1626.74,,BRANCH57,Cara Gomes,ACCT9545640,2025-08-30 08:10:20,noise
debit,2597.43,,BRANCH37,Cara Gomes,ACCT9545640,2025-08-28 08:22:40,noise
debit,234.35,ACCT5091816,BRANCH57,Cara Gomes,ACCT9545640,2025-08-28 16:15:04,noise
debit,767.33,,BRANCH57,Cara Gomes,ACCT9545640,2025-08-27 03:18:06,noise
debit,730.51,,BRANCH47,Cara Gomes,ACCT9545640,2025-08-27 20:32:26,noise
credit,998.63,ACCT7401684,BRANCH57,Cara Gomes,ACCT9545640,2025-08-24 12:02:28,noise
debit,583.2,,BRANCH57,Cara Gomes,ACCT9545640,2025-08-20 10:27:48,noise
debit,897.61,,BRANCH57,Cara Gomes,ACCT9545640,2025-08-19 23:34:55,noise
debit,3000.0,ACCT7774750,BRANCH65,Cara Gomes,ACCT9545640,2025-08-19 19:09:09,noise
debit,1865.08,ACCT5427695,BRANCH57,Cara Gomes,ACCT9545640,2025-08-17 14:42:16,noise
debit,622.26,,BRANCH57,Cara Gomes,ACCT9545640,2025-08-17 02:18:46,noise
debit,220.91,,BRANCH57,Cara Gomes,ACCT9545640,2025-08-16 20:31:51,noise
debit,1136.55,,BRANCH57,Cara Gomes,ACCT9545640,2025-08-13 09:11:38,noise
debit,175.52,,BRANCH24,Cara Gomes,ACCT9545640,2025-08-12 15:44:02,noise
credit,1588.46,ACCT9211559,BRANCH57,Cara Gomes,ACCT9545640,2025-08-05 19:17:06,noise
debit,200.88,,BRANCH75,Noah Patida,ACCT8265355,2025-10-03 00:11:10,noise
debit,1628.23,,BRANCH22,Noah Patida,ACCT8265355,2025-10-01 11:03:35,noise
debit,502.54,ACCT5061927,BRANCH75,Noah Patida,ACCT8265355,2025-09-30 21:04:49,noise
debit,1251.72,,BRANCH75,Noah Patida,ACCT8265355,2025-09-26 09:33:20,noise
credit,1283.32,ACCT8424635,BRANCH75,Noah Patida,ACCT8265355,2025-09-26 20:41:15,noise
credit,1295.69,,BRANCH75,Noah Patida,ACCT8265355,2025-09-25 09:00:08,noise
credit,183.53,ACCT8982913,BRANCH75,Noah Patida,ACCT8265355,2025-09-24 11:18:12,noise
debit,630.31,,BRANCH75,Noah Patida,ACCT8265355,2025-09-23 15:18:31,noise
credit,2087.56,,BRANCH75,Noah Patida,ACCT8265355,2025-09-22 19:01:16,noise
debit,286.37,,BRANCH75,Noah Patida,ACCT8265355,2025-09-21 10:14:09,noise
credit,144.49,ACCT2513942,BRANCH75,Noah Patida,ACCT8265355,2025-09-20 18:02:31,noise
debit,3686.5,,BRANCH80,Noah Patida,ACCT8265355,2025-09-16 16:40:16,noise
debit,542.9,,BRANCH94,Noah Patida,ACCT8265355,2025-09-16 19:10:02,noise
debit,255.68,ACCT2286500,BRANCH75,Noah Patida,ACCT8265355,2025-09-15 09:15:12,noise
credit,307.51,,BRANCH75,Noah Patida,ACCT8265355,2025-09-15 08:17:19,noise
debit,794.21,ACCT8238482,BRANCH75,Noah Patida,ACCT8265355,2025-09-11 19:25:35,noise
credit,662.23,,BRANCH75,Noah Patida,ACCT8265355,2025-09-10 23:36:14,noise
credit,292.69,,BRANCH75,Noah Patida,ACCT8265355,2025-09-09 02:23:27,noise
credit,102.71,,BRANCH65,Noah Patida,ACCT8265355,2025-09-07 15:14:18,noise
credit,100.7,,BRANCH75,Noah Patida,ACCT8265355,2025-09-05 12:17:29,noise
debit,1724.98,ACCT1733313,BRANCH75,Noah Patida,ACCT8265355,2025-09-05 23:13:27,noise
debit,1302.38,ACCT3708096,BRANCH75,Noah Patida,ACCT8265355,2025-09-04 16:43:17,noise
debit,263.69,ACCT6724761,BRANCH83,Noah Patida,ACCT8265355,2025-09-04 16:18:42,noise
credit,253.77,,BRANCH75,Noah Patida,ACCT8265355,2025-08-28 20:30:11,noise
credit,474.81,,BRANCH37,Noah Patida,ACCT8265355,2025-08-27 10:37:13,noise
credit,137.41,,BRANCH75,Noah Patida,ACCT8265355,2025-08-26 15:24:33,noise
debit,880.57,,BRANCH88,Noah Patida,ACCT8265355,2025-08-26 11:32:40,noise
debit,359.59,,BRANCH86,Noah Patida,ACCT8265355,2025-08-22 04:06:47,noise
credit,729.23,,BRANCH50,Noah Patida,ACCT8265355,2025-08-22 18:19:10,noise
credit,74.56,,BRANCH75,Noah Patida,ACCT8265355,2025-08-21 13:22:10,noise
credit,611.08,,BRANCH68,Noah Patida,ACCT8265355,2025-08-18 11:19:36,noise
credit,3207.8,,BRANCH75,Noah Patida,ACCT8265355,2025-08-16 16:15:32,noise
credit,96.55,,BRANCH75,Noah Patida,ACCT8265355,2025-08-16 10:37:10,noise
credit,120.47,,BRANCH43,Noah Patida,ACCT8265355,2025-08-13 20:05:40,noise
debit,1945.29,,BRANCH74,Noah Patida,ACCT8265355,2025-08-12 19:01:04,noise
credit,744.56,,BRANCH75,Noah Patida,ACCT8265355,2025-08-10 14:14:01,noise
credit,384.1,,BRANCH75,Noah Patida,ACCT8265355,2025-08-09 10:36:20,noise
debit,611.24,,BRANCH75,Noah Patida,ACCT8265355,2025-08-06 12:06:12,noise
credit,835.75,ACCT6516709,BRANCH75,Noah Patida,ACCT8265355,2025-08-04 09:06:57,noise
debit,4708.82,,BRANCH77,Nia Rossi,ACCT8238482,2025-09-29 13:15:48,noise
credit,2842.81,,BRANCH77,Nia Rossi,ACCT8238482,2025-09-28 12:35:34,noise
debit,3475.95,,BRANCH77,Nia Rossi,ACCT8238482,2025-09-28 20:07:23,noise
debit,277.26,ACCT5091816,BRANCH77,Nia Rossi,ACCT8238482,2025-09-25 21:00:28,noise
debit,1165.95,,BRANCH77,Nia Rossi,ACCT8238482,2025-09-24 10:20:34,noise
credit,272.0,ACCT4794410,BRANCH90,Nia Rossi,ACCT8238482,2025-09-21 04:43:22,noise
credit,684.34,,BRANCH12,Nia Rossi,ACCT8238482,2025-09-21 12:39:20,noise
debit,719.85,,BRANCH77,Nia Rossi,ACCT8238482,2025-09-19 20:16:20,noise
debit,289.73,,BRANCH77,Nia Rossi,ACCT8238482,2025-09-18 09:35:03,noise
credit,144.99,,BRANCH77,Nia Rossi,ACCT8238482,2025-09-17 14:36:21,noise
debit,731.89,ACCT3722972,BRANCH77,Nia Rossi,ACCT8238482,2025-09-15 23:39:05,noise
debit,197.49,,BRANCH77,Nia Rossi,ACCT8238482,2025-09-12 10:42:02,noise
debit,2699.33,ACCT5246588,BRANCH22,Nia Rossi,ACCT8238482,2025-09-12 19:04:53,noise
debit,1321.41,ACCT5227376,BRANCH77,Nia Rossi,ACCT8238482,2025-09-10 11:31:56,noise
credit,1249.05,,BRANCH15,Nia Rossi,ACCT8238482,2025-09-09 20:08:57,noise
debit,582.43,ACCT3528995,BRANCH73,Nia Rossi,ACCT8238482,2025-09-07 11:39:57,noise
debit,281.13,,BRANCH77,Nia Rossi,ACCT8238482,2025-09-05 23:24:01,noise
credit,634.33,ACCT2843039,BRANCH77,Nia Rossi,ACCT8238482,2025-09-04 09:26:59,noise
credit,98.31,,BRANCH77,Nia Rossi,ACCT8238482,2025-09-02 11:24:47,noise
credit,1970.79,,BRANCH77,Nia Rossi,ACCT8238482,2025-09-02 16:06:51,noise
debit,448.29,,BRANCH93,Nia Rossi,ACCT8238482,2025-09-01 19:33:43,noise
debit,1340.4,,BRANCH77,Nia Rossi,ACCT8238482,2025-08-27 10:15:23,noise
debit,2396.58,,BRANCH93,Nia Rossi,ACCT8238482,2025-08-25 12:37:21,noise
credit,441.95,,BRANCH77,Nia Rossi,ACCT8238482,2025-08-24 13:02:39,noise
credit,363.33,,BRANCH96,Nia Rossi,ACCT8238482,2025-08-22 14:01:30,noise
debit,187.36,,BRANCH77,Nia Rossi,ACCT8238482,2025-08-22 12:44:19,noise
credit,573.19,,BRANCH77,Nia Rossi,ACCT8238482,2025-08-21 14:01:00,noise
debit,1532.2,,BRANCH77,Nia Rossi,ACCT8238482,2025-08-21 14:24:58,noise
credit,238.7,,BRANCH77,Nia Rossi,ACCT8238482,2025-08-20 13:02:40,noise
credit,923.97,,BRANCH11,Nia Rossi,ACCT8238482,2025-08-12 20:24:44,noise
debit,273.66,,BRANCH77,Nia Rossi,ACCT8238482,2025-08-11 22:23:00,noise
debit,3000.0,ACCT5246588,BRANCH68,Nia Rossi,ACCT8238482,2025-08-11 17:06:47,noise
debit,702.25,,BRANCH33,Nia Rossi,ACCT8238482,2025-08-09 20:20:47,noise
debit,121.44,,BRANCH57,Nia Rossi,ACCT8238482,2025-08-07 18:23:58,noise
credit,9496.26,ACCT6234336,BRANCH77,Nia Rossi,ACCT8238482,2025-12-25 20:09:40,noise
credit,9347.56,ACCT7016433,BRANCH77,Nia Rossi,ACCT8238482,2025-12-31 22:28:58,noise
credit,8901.41,ACCT1627082,BRANCH77,Nia Rossi,ACCT8238482,2025-12-01 01:10:51,noise
credit,9545.61,ACCT3528995,BRANCH77,Nia Rossi,ACCT8238482,2025-12-12 05:06:36,noise
credit,9146.29,ACCT1466449,BRANCH77,Nia Rossi,ACCT8238482,2025-12-22 11:17:59,noise
credit,8933.35,ACCT5091816,BRANCH77,Nia Rossi,ACCT8238482,2025-12-17 00:00:51,noise
credit,9502.6,ACCT4491659,BRANCH77,Nia Rossi,ACCT8238482,2025-12-06 23:27:55,noise
credit,9461.11,ACCT2733926,BRANCH77,Nia Rossi,ACCT8238482,2025-12-09 22:27:21,noise
credit,9649.07,ACCT1587661,BRANCH77,Nia Rossi,ACCT8238482,2025-12-07 02:17:16,noise
credit,9096.24,ACCT3432695,BRANCH77,Nia Rossi,ACCT8238482,2025-12-08 08:20:22,noise
credit,9663.58,ACCT1327290,BRANCH77,Nia Rossi,ACCT8238482,2025-12-02 21:13:17,noise
credit,9655.65,ACCT3101582,BRANCH77,Nia Rossi,ACCT8238482,2025-12-25 23:22:49,noise
credit,9222.33,ACCT8701268,BRANCH77,Nia Rossi,ACCT8238482,2025-11-20 19:05:49,noise
credit,9183.9,ACCT5725141,BRANCH77,Nia Rossi,ACCT8238482,2025-12-20 22:12:02,noise
credit,393.17,ACCT5316898,BRANCH98,Yara Patida,ACCT3743757,2025-10-03 10:44:23,noise
debit,1237.02,,BRANCH98,Yara Patida,ACCT3743757,2025-10-01 02:10:51,noise
debit,1145.57,ACCT3421734,BRANCH98,Yara Patida,ACCT3743757,2025-09-24 13:16:08,noise
debit,618.62,ACCT5061927,BRANCH98,Yara Patida,ACCT3743757,2025-09-23 16:18:42,noise
credit,255.02,,BRANCH98,Yara Patida,ACCT3743757,2025-09-23 15:10:09,noise
credit,731.78,,BRANCH42,Yara Patida,ACCT3743757,2025-09-20 17:26:25,noise
credit,257.95,,BRANCH98,Yara Patida,ACCT3743757,2025-09-15 16:39:36,noise
debit,493.14,ACCT4249035,BRANCH10,Yara Patida,ACCT3743757,2025-09-14 12:33:09,noise
credit,320.76,,BRANCH17,Yara Patida,ACCT3743757,2025-09-12 01:25:07,noise
credit,1920.55,,BRANCH97,Yara Patida,ACCT3743757,2025-09-12 17:02:16,noise
debit,6709.53,,BRANCH98,Yara Patida,ACCT3743757,2025-09-09 10:43:20,noise
credit,166.45,,BRANCH38,Yara Patida,ACCT3743757,2025-09-08 11:30:55,noise
debit,250.45,,BRANCH98,Yara Patida,ACCT3743757,2025-09-08 20:19:48,noise
debit,214.43,,BRANCH98,Yara Patida,ACCT3743757,2025-09-06 05:17:42,noise
debit,359.32,,BRANCH98,Yara Patida,ACCT3743757,2025-09-06 08:09:39,noise
credit,787.58,ACCT8528071,BRANCH98,Yara Patida,ACCT3743757,2025-09-04 23:11:38,noise
debit,2967.82,ACCT4209332,BRANCH98,Yara Patida,ACCT3743757,2025-09-03 11:41:34,noise
credit,1193.79,,BRANCH52,Yara Patida,ACCT3743757,2025-09-02 08:34:16,noise
debit,217.17,ACCT5971196,BRANCH98,Yara Patida,ACCT3743757,2025-09-02 22:03:39,noise
credit,1054.18,,BRANCH98,Yara Patida,ACCT3743757,2025-08-31 09:30:58,noise
credit,591.14,,BRANCH98,Yara Patida,ACCT3743757,2025-08-30 15:29:52,noise
debit,679.67,,BRANCH98,Yara Patida,ACCT3743757,2025-08-30 17:18:13,noise
debit,336.2,,BRANCH98,Yara Patida,ACCT3743757,2025-08-25 18:28:54,noise
credit,1594.41,,BRANCH22,Yara Patida,ACCT3743757,2025-08-24 16:17:33,noise
credit,1412.92,ACCT3708096,BRANCH98,Yara Patida,ACCT3743757,2025-08-24 17:16:15,noise
debit,627.05,,BRANCH67,Yara Patida,ACCT3743757,2025-08-23 08:14:47,noise
debit,357.48,,BRANCH98,Yara Patida,ACCT3743757,2025-08-23 12:37:16,noise
credit,720.29,,BRANCH98,Yara Patida,ACCT3743757,2025-08-22 08:11:09,noise
debit,2247.44,,BRANCH59,Yara Patida,ACCT3743757,2025-08-21 19:32:47,noise
credit,2423.19,ACCT3101582,BRANCH22,Yara Patida,ACCT3743757,2025-08-20 11:22:00,noise
debit,1263.8,ACCT9119768,BRANCH64,Yara Patida,ACCT3743757,2025-08-20 13:17:26,noise
debit,2696.3,,BRANCH34,Yara Patida,ACCT3743757,2025-08-19 08:26:07,noise
credit,664.83,,BRANCH98,Yara Patida,ACCT3743757,2025-08-18 01:16:09,noise
debit,2423.34,,BRANCH98,Yara Patida,ACCT3743757,2025-08-16 16:22:42,noise
credit,1053.59,ACCT4249035,BRANCH98,Yara Patida,ACCT3743757,2025-08-15 19:10:05,noise
credit,1205.72,,BRANCH42,Yara Patida,ACCT3743757,2025-08-14 12:18:57,noise
debit,1813.04,ACCT7808547,BRANCH69,Yara Patida,ACCT3743757,2025-08-14 13:10:58,noise
credit,710.73,,BRANCH94,Yara Patida,ACCT3743757,2025-08-13 22:11:24,noise
credit,343.55,,BRANCH98,Yara Patida,ACCT3743757,2025-08-12 00:32:19,noise
credit,532.38,,BRANCH98,Yara Patida,ACCT3743757,2025-08-07 13:05:33,noise
debit,558.82,ACCT5971196,BRANCH98,Yara Patida,ACCT3743757,2025-08-07 12:18:30,noise
debit,198.79,,BRANCH30,Nia ElSayed,ACCT5246588,2025-10-03 22:14:13,noise
debit,998.61,,BRANCH30,Nia ElSayed,ACCT5246588,2025-10-02 09:05:59,noise
credit,287.17,ACCT2843039,BRANCH67,Nia ElSayed,ACCT5246588,2025-10-02 16:00:45,noise
debit,612.3,,BRANCH30,Nia ElSayed,ACCT5246588,2025-10-01 17:38:11,noise
debit,3254.71,,BRANCH30,Nia ElSayed,ACCT5246588,2025-09-28 08:38:52,noise
credit,241.29,ACCT5316898,BRANCH30,Nia ElSayed,ACCT5246588,2025-09-28 16:09:01,noise
debit,564.5,,BRANCH30,Nia ElSayed,ACCT5246588,2025-09-26 14:22:35,noise
debit,451.04,,BRANCH30,Nia ElSayed,ACCT5246588,2025-09-24 08:13:58,noise
credit,702.96,ACCT6892604,BRANCH63,Nia ElSayed,ACCT5246588,2025-09-24 23:00:41,noise
credit,265.65,,BRANCH92,Nia ElSayed,ACCT5246588,2025-09-23 08:05:04,noise
debit,2024.58,ACCT4203708,BRANCH30,Nia ElSayed,ACCT5246588,2025-09-23 17:19:07,noise
credit,1734.28,,BRANCH30,Nia ElSayed,ACCT5246588,2025-09-22 14:04:49,noise
credit,661.08,,BRANCH30,Nia ElSayed,ACCT5246588,2025-09-22 16:43:10,noise
debit,1037.92,ACCT5061927,BRANCH30,Nia ElSayed,ACCT5246588,2025-09-21 08:05:19,noise
credit,109.84,ACCT2513942,BRANCH30,Nia ElSayed,ACCT5246588,2025-09-20 18:05:30,noise
credit,1089.64,,BRANCH30,Nia ElSayed,ACCT5246588,2025-09-17 11:31:35,noise
credit,1006.22,,BRANCH44,Nia ElSayed,ACCT5246588,2025-09-16 12:27:56,noise
debit,660.32,,BRANCH35,Nia ElSayed,ACCT5246588,2025-09-16 15:16:20,noise
debit,1779.53,,BRANCH30,Nia ElSayed,ACCT5246588,2025-09-15 14:15:47,noise
credit,1195.8,ACCT6896382,BRANCH14,Nia ElSayed,ACCT5246588,2025-09-10 16:23:03,noise
debit,868.95,,BRANCH58,Nia ElSayed,ACCT5246588,2025-09-09 16:03:18,noise
debit,2153.26,,BRANCH30,Nia ElSayed,ACCT5246588,2025-09-08 04:26:32,noise
credit,746.73,ACCT3101582,BRANCH69,Nia ElSayed,ACCT5246588,2025-09-08 20:41:04,noise
debit,1061.17,ACCT3487212,BRANCH31,Nia ElSayed,ACCT5246588,2025-09-07 18:33:26,noise
debit,557.81,ACCT5725141,BRANCH44,Nia ElSayed,ACCT5246588,2025-09-07 12:41:08,noise
credit,441.56,,BRANCH30,Nia ElSayed,ACCT5246588,2025-08-22 15:02:24,noise
debit,156.07,,BRANCH30,Nia ElSayed,ACCT5246588,2025-08-22 12:02:41,noise
credit,147.6,ACCT1627082,BRANCH30,Nia ElSayed,ACCT5246588,2025-08-21 11:40:39,noise
credit,269.18,ACCT4203708,BRANCH30,Nia ElSayed,ACCT5246588,2025-08-20 05:00:41,noise
debit,720.52,,BRANCH30,Nia ElSayed,ACCT5246588,2025-08-19 01:14:59,noise
debit,646.82,,BRANCH30,Nia ElSayed,ACCT5246588,2025-08-15 14:41:34,noise
credit,879.74,,BRANCH30,Nia ElSayed,ACCT5246588,2025-08-12 14:13:29,noise
debit,461.34,,BRANCH30,Nia ElSayed,ACCT5246588,2025-08-12 17:14:13,noise
debit,906.34,,BRANCH48,Nia ElSayed,ACCT5246588,2025-08-10 03:00:33,noise
credit,1353.76,,BRANCH30,Nia ElSayed,ACCT5246588,2025-08-10 17:44:44,noise
credit,822.69,,BRANCH30,Nia ElSayed,ACCT5246588,2025-08-09 13:23:05,noise
debit,287.19,,BRANCH90,Nia ElSayed,ACCT5246588,2025-08-07 08:13:20,noise
credit,1897.39,,BRANCH30,Nia ElSayed,ACCT5246588,2025-08-06 15:19:17,noise
credit,759.79,,BRANCH30,Nia ElSayed,ACCT5246588,2025-08-06 17:07:25,noise
credit,513.55,ACCT3432695,BRANCH75,Nia ElSayed,ACCT5246588,2025-08-05 20:11:02,noise
debit,1323.47,,BRANCH30,Nia ElSayed,ACCT5246588,2025-08-05 10:06:45,noise
debit,533.69,ACCT9119768,BRANCH30,Nia ElSayed,ACCT5246588,2025-08-04 14:34:35,noise
credit,818.39,,BRANCH42,Hugo Mehta,ACCT4249179,2025-10-01 22:33:49,noise
debit,1209.95,,BRANCH31,Hugo Mehta,ACCT4249179,2025-10-01 17:19:27,noise
credit,1149.8,,BRANCH42,Hugo Mehta,ACCT4249179,2025-09-29 12:07:17,noise
credit,279.57,ACCT7808547,BRANCH42,Hugo Mehta,ACCT4249179,2025-09-29 23:07:33,noise
credit,681.33,ACCT1269653,BRANCH56,Hugo Mehta,ACCT4249179,2025-09-28 16:21:54,noise
debit,1188.96,ACCT6083922,BRANCH42,Hugo Mehta,ACCT4249179,2025-09-25 10:06:49,noise
debit,309.18,ACCT6892604,BRANCH42,Hugo Mehta,ACCT4249179,2025-09-17 13:02:59,noise
credit,587.29,,BRANCH42,Hugo Mehta,ACCT4249179,2025-09-15 13:39:21,noise
debit,599.86,,BRANCH42,Hugo Mehta,ACCT4249179,2025-09-15 08:41:41,noise
credit,1665.99,,BRANCH84,Hugo Mehta,ACCT4249179,2025-09-12 16:09:32,noise
debit,1475.6,,BRANCH42,Hugo Mehta,ACCT4249179,2025-09-12 17:00:32,noise
credit,384.84,,BRANCH42,Hugo Mehta,ACCT4249179,2025-09-11 22:13:06,noise
debit,2890.1,,BRANCH34,Hugo Mehta,ACCT4249179,2025-09-11 20:17:04,noise
debit,256.72,,BRANCH42,Hugo Mehta,ACCT4249179,2025-09-10 16:35:32,noise
debit,506.2,ACCT9894634,BRANCH44,Hugo Mehta,ACCT4249179,2025-09-07 09:24:38,noise
credit,993.33,,BRANCH42,Hugo Mehta,ACCT4249179,2025-08-28 14:31:25,noise
credit,354.21,,BRANCH42,Hugo Mehta,ACCT4249179,2025-08-27 17:14:42,noise
credit,1288.77,,BRANCH42,Hugo Mehta,ACCT4249179,2025-08-25 20:06:11,noise
credit,583.39,ACCT1327290,BRANCH42,Hugo Mehta,ACCT4249179,2025-08-25 17:03:29,noise
credit,347.66,,BRANCH73,Hugo Mehta,ACCT4249179,2025-08-23 08:12:01,noise
credit,324.27,,BRANCH42,Hugo Mehta,ACCT4249179,2025-08-23 10:04:21,noise
debit,3000.0,ACCT3722972,BRANCH72,Hugo Mehta,ACCT4249179,2025-08-22 05:08:01,noise
credit,339.84,,BRANCH42,Hugo Mehta,ACCT4249179,2025-08-20 12:26:06,noise
debit,622.62,ACCT1158205,BRANCH57,Hugo Mehta,ACCT4249179,2025-08-18 04:13:52,noise
credit,340.07,ACCT1587661,BRANCH42,Hugo Mehta,ACCT4249179,2025-08-18 09:28:14,noise
debit,3000.0,ACCT5622927,BRANCH42,Hugo Mehta,ACCT4249179,2025-08-15 14:06:20,noise
credit,672.67,,BRANCH42,Hugo Mehta,ACCT4249179,2025-08-15 08:35:32,noise
credit,703.77,,BRANCH90,Hugo Mehta,ACCT4249179,2025-08-14 16:08:09,noise
credit,1810.83,,BRANCH42,Hugo Mehta,ACCT4249179,2025-08-13 09:06:32,noise
debit,859.08,,BRANCH42,Hugo Mehta,ACCT4249179,2025-08-12 22:34:13,noise
debit,608.77,ACCT8238482,BRANCH11,Hugo Mehta,ACCT4249179,2025-08-12 08:05:05,noise
debit,723.7,,BRANCH42,Hugo Mehta,ACCT4249179,2025-08-08 08:14:48,noise
debit,972.69,ACCT2513942,BRANCH45,Hugo Mehta,ACCT4249179,2025-08-08 12:14:32,noise
credit,157.96,,BRANCH42,Hugo Mehta,ACCT4249179,2025-08-07 22:01:41,noise
debit,2425.51,,BRANCH65,Hugo Mehta,ACCT4249179,2025-08-07 18:33:27,noise
debit,226.51,,BRANCH42,Hugo Mehta,ACCT4249179,2025-08-04 08:09:14,noise
credit,3743.26,ACCT7743166,BRANCH65,Jin Duarte,ACCT2843039,2025-10-01 16:37:19,noise
debit,1081.91,,BRANCH74,Jin Duarte,ACCT2843039,2025-09-30 15:04:51,noise
credit,443.01,ACCT2211847,BRANCH90,Jin Duarte,ACCT2843039,2025-09-29 12:20:12,noise
credit,698.6,ACCT7808547,BRANCH90,Jin Duarte,ACCT2843039,2025-09-27 12:30:27,noise
debit,1751.17,,BRANCH55,Jin Duarte,ACCT2843039,2025-09-22 19:27:21,noise
credit,3674.46,,BRANCH90,Jin Duarte,ACCT2843039,2025-09-22 11:08:25,noise
credit,1692.34,,BRANCH57,Jin Duarte,ACCT2843039,2025-09-20 12:03:58,noise
credit,951.53,,BRANCH94,Jin Duarte,ACCT2843039,2025-09-19 08:14:49,noise
credit,426.31,,BRANCH90,Jin Duarte,ACCT2843039,2025-09-19 08:10:34,noise
credit,1262.52,,BRANCH90,Jin Duarte,ACCT2843039,2025-09-18 13:06:51,noise
debit,2225.55,,BRANCH23,Jin Duarte,ACCT2843039,2025-09-16 16:09:54,noise
credit,1530.87,,BRANCH90,Jin Duarte,ACCT2843039,2025-09-13 22:19:46,noise
debit,858.16,,BRANCH90,Jin Duarte,ACCT2843039,2025-09-13 11:02:56,noise
debit,568.75,,BRANCH85,Jin Duarte,ACCT2843039,2025-09-10 12:10:16,noise
credit,120.44,,BRANCH22,Jin Duarte,ACCT2843039,2025-09-10 16:23:33,noise
credit,297.11,,BRANCH90,Jin Duarte,ACCT2843039,2025-09-08 23:08:26,noise
credit,940.52,,BRANCH90,Jin Duarte,ACCT2843039,2025-09-07 10:41:03,noise
credit,308.67,,BRANCH86,Jin Duarte,ACCT2843039,2025-09-05 19:27:50,noise
debit,524.21,,BRANCH48,Jin Duarte,ACCT2843039,2025-09-05 22:11:06,noise
debit,1174.48,ACCT2211847,BRANCH90,Jin Duarte,ACCT2843039,2025-09-03 12:03:11,noise
debit,831.29,,BRANCH51,Jin Duarte,ACCT2843039,2025-09-03 12:26:26,noise
debit,1194.66,ACCT9894634,BRANCH90,Jin Duarte,ACCT2843039,2025-09-02 18:17:50,noise
credit,39.14,,BRANCH90,Jin Duarte,ACCT2843039,2025-09-01 23:04:21,noise
debit,609.48,ACCT3708096,BRANCH63,Jin Duarte,ACCT2843039,2025-08-30 13:23:08,noise
debit,577.51,,BRANCH90,Jin Duarte,ACCT2843039,2025-08-29 18:38:09,noise
credit,652.71,,BRANCH39,Jin Duarte,ACCT2843039,2025-08-29 10:26:37,noise
debit,383.3,,BRANCH90,Jin Duarte,ACCT2843039,2025-08-27 16:01:22,noise
debit,478.28,,BRANCH90,Jin Duarte,ACCT2843039,2025-08-26 17:03:16,noise
credit,289.16,ACCT4915903,BRANCH90,Jin Duarte,ACCT2843039,2025-08-26 18:38:48,noise
credit,3864.78,,BRANCH21,Jin Duarte,ACCT2843039,2025-08-23 17:45:03,noise
debit,1111.55,,BRANCH90,Jin Duarte,ACCT2843039,2025-08-22 11:17:25,noise
credit,796.74,,BRANCH90,Jin Duarte,ACCT2843039,2025-08-20 20:43:35,noise
credit,332.63,,BRANCH76,Jin Duarte,ACCT2843039,2025-08-20 13:05:57,noise
credit,3662.53,,BRANCH29,Jin Duarte,ACCT2843039,2025-08-19 18:22:53,noise
debit,1351.07,,BRANCH90,Jin Duarte,ACCT2843039,2025-08-18 11:31:05,noise
credit,822.65,,BRANCH90,Jin Duarte,ACCT2843039,2025-08-18 13:25:09,noise
credit,3040.67,ACCT3708096,BRANCH61,Jin Duarte,ACCT2843039,2025-08-17 13:01:32,noise
debit,982.18,,BRANCH90,Jin Duarte,ACCT2843039,2025-08-15 12:26:24,noise
credit,465.59,,BRANCH90,Jin Duarte,ACCT2843039,2025-08-15 19:19:01,noise
debit,377.15,ACCT1627082,BRANCH90,Jin Duarte,ACCT2843039,2025-08-14 16:40:14,noise
debit,300.94,,BRANCH90,Jin Duarte,ACCT2843039,2025-08-12 16:44:04,noise
credit,1218.93,,BRANCH59,Jin Duarte,ACCT2843039,2025-08-11 01:21:18,noise
debit,510.64,,BRANCH90,Jin Duarte,ACCT2843039,2025-08-08 20:17:58,noise
credit,1723.44,,BRANCH90,Jin Duarte,ACCT2843039,2025-08-07 14:42:06,noise
credit,684.8,ACCT3101582,BRANCH90,Jin Duarte,ACCT2843039,2025-08-04 08:43:11,noise
credit,477.66,,BRANCH84,Grace Patida,ACCT9137087,2025-10-03 11:31:48,noise
debit,1805.96,,BRANCH84,Grace Patida,ACCT9137087,2025-09-25 12:27:29,noise
credit,312.13,,BRANCH82,Grace Patida,ACCT9137087,2025-09-21 19:43:08,noise
credit,5332.95,ACCT3432695,BRANCH84,Grace Patida,ACCT9137087,2025-09-18 18:25:57,noise
credit,767.09,ACCT1122483,BRANCH84,Grace Patida,ACCT9137087,2025-09-13 09:28:32,noise
credit,570.25,,BRANCH84,Grace Patida,ACCT9137087,2025-09-13 09:03:14,noise
credit,371.27,,BRANCH84,Grace Patida,ACCT9137087,2025-09-12 21:20:49,noise
debit,1526.32,,BRANCH74,Grace Patida,ACCT9137087,2025-09-11 08:21:25,noise
credit,90.97,ACCT4249035,BRANCH60,Grace Patida,ACCT9137087,2025-08-31 09:03:53,noise
debit,461.18,,BRANCH84,Grace Patida,ACCT9137087,2025-08-31 16:30:14,noise
debit,3000.0,ACCT5725141,BRANCH84,Grace Patida,ACCT9137087,2025-08-29 22:36:34,noise
debit,1249.51,,BRANCH84,Grace Patida,ACCT9137087,2025-08-24 21:19:36,noise
debit,527.46,ACCT8229744,BRANCH84,Grace Patida,ACCT9137087,2025-08-24 01:10:58,noise
debit,437.18,,BRANCH84,Grace Patida,ACCT9137087,2025-08-23 15:25:06,noise
credit,765.93,ACCT2513942,BRANCH84,Grace Patida,ACCT9137087,2025-08-23 04:15:04,noise
debit,443.59,,BRANCH61,Grace Patida,ACCT9137087,2025-08-18 15:34:01,noise
debit,147.08,,BRANCH47,Grace Patida,ACCT9137087,2025-08-17 03:08:50,noise
credit,321.01,,BRANCH84,Grace Patida,ACCT9137087,2025-08-17 09:22:05,noise
debit,1900.42,,BRANCH84,Grace Patida,ACCT9137087,2025-08-16 18:33:57,noise
debit,281.49,ACCT3509069,BRANCH84,Grace Patida,ACCT9137087,2025-08-14 13:32:36,noise
debit,500.72,,BRANCH84,Grace Patida,ACCT9137087,2025-08-13 12:06:47,noise
debit,594.96,,BRANCH53,Grace Patida,ACCT9137087,2025-08-12 10:09:22,noise
debit,1602.32,,BRANCH94,Grace Patida,ACCT9137087,2025-08-12 22:32:01,noise
debit,549.81,ACCT8238482,BRANCH25,Grace Patida,ACCT9137087,2025-08-11 17:07:50,noise
debit,372.2,,BRANCH84,Grace Patida,ACCT9137087,2025-08-11 20:04:18,noise
credit,250.7,,BRANCH34,Grace Patida,ACCT9137087,2025-08-10 16:13:59,noise
debit,564.96,,BRANCH40,Grace Patida,ACCT9137087,2025-08-09 09:00:05,noise
credit,787.93,ACCT3017433,BRANCH81,Grace Patida,ACCT9137087,2025-08-06 11:16:27,noise
debit,359.45,ACCT3243346,BRANCH84,Grace Patida,ACCT9137087,2025-08-04 22:35:42,noise
credit,716.68,,BRANCH42,Tomas ElSayed,ACCT6234336,2025-10-03 18:14:34,noise
credit,1117.73,,BRANCH42,Tomas ElSayed,ACCT6234336,2025-10-01 00:12:43,noise
credit,795.36,,BRANCH42,Tomas ElSayed,ACCT6234336,2025-09-30 16:28:27,noise
debit,981.1,ACCT6892604,BRANCH42,Tomas ElSayed,ACCT6234336,2025-09-28 04:24:35,noise
debit,198.84,,BRANCH42,Tomas ElSayed,ACCT6234336,2025-09-27 12:35:07,noise
credit,262.59,,BRANCH42,Tomas ElSayed,ACCT6234336,2025-09-26 11:27:37,noise
debit,350.0,,BRANCH42,Tomas ElSayed,ACCT6234336,2025-09-25 12:02:05,noise
debit,772.45,,BRANCH42,Tomas ElSayed,ACCT6234336,2025-09-25 19:10:57,noise
debit,1665.14,ACCT1587661,BRANCH42,Tomas ElSayed,ACCT6234336,2025-09-23 19:32:28,noise
credit,1075.02,,BRANCH42,Tomas ElSayed,ACCT6234336,2025-09-13 16:28:54,noise
debit,263.13,,BRANCH42,Tomas ElSayed,ACCT6234336,2025-09-12 19:09:20,noise
credit,754.18,,BRANCH42,Tomas ElSayed,ACCT6234336,2025-09-11 15:22:47,noise
debit,466.74,,BRANCH37,Tomas ElSayed,ACCT6234336,2025-09-11 13:01:58,noise
debit,239.9,ACCT1365831,BRANCH42,Tomas ElSayed,ACCT6234336,2025-09-07 17:06:12,noise
credit,1766.07,,BRANCH35,Tomas ElSayed,ACCT6234336,2025-09-06 11:36:09,noise
debit,132.26,,BRANCH42,Tomas ElSayed,ACCT6234336,2025-09-05 19:42:02,noise
credit,6130.54,,BRANCH53,Tomas ElSayed,ACCT6234336,2025-09-04 12:43:20,noise
debit,598.49,,BRANCH42,Tomas ElSayed,ACCT6234336,2025-09-02 14:16:11,noise
credit,682.5,,BRANCH42,Tomas ElSayed,ACCT6234336,2025-08-24 13:27:23,noise
debit,99.9,,BRANCH42,Tomas ElSayed,ACCT6234336,2025-08-23 09:42:47,noise
debit,621.47,,BRANCH77,Tomas ElSayed,ACCT6234336,2025-08-23 11:06:15,noise
credit,51.09,,BRANCH47,Tomas ElSayed,ACCT6234336,2025-08-20 10:40:45,noise
debit,669.48,,BRANCH42,Tomas ElSayed,ACCT6234336,2025-08-12 14:19:27,noise
credit,2224.72,,BRANCH42,Tomas ElSayed,ACCT6234336,2025-08-12 10:03:16,noise
credit,375.64,,BRANCH18,Tomas ElSayed,ACCT6234336,2025-08-11 13:11:03,noise
credit,586.59,,BRANCH67,Victor Meyer,ACCT3432695,2025-10-03 12:20:12,noise
debit,1599.77,,BRANCH67,Victor Meyer,ACCT3432695,2025-10-03 19:27:49,noise
credit,763.47,,BRANCH67,Victor Meyer,ACCT3432695,2025-09-26 17:05:42,noise
debit,313.16,,BRANCH67,Victor Meyer,ACCT3432695,2025-09-25 14:25:46,noise
debit,1252.24,ACCT6516709,BRANCH67,Victor Meyer,ACCT3432695,2025-09-23 17:19:32,noise
credit,1914.83,,BRANCH67,Victor Meyer,ACCT3432695,2025-09-23 03:03:44,noise
debit,1037.26,ACCT4249035,BRANCH62,Victor Meyer,ACCT3432695,2025-09-22 11:20:21,noise
debit,508.09,,BRANCH67,Victor Meyer,ACCT3432695,2025-09-21 13:13:09,noise
credit,249.02,,BRANCH67,Victor Meyer,ACCT3432695,2025-09-20 08:42:07,noise
credit,84.66,,BRANCH65,Victor Meyer,ACCT3432695,2025-09-16 12:02:02,noise
credit,365.96,,BRANCH67,Victor Meyer,ACCT3432695,2025-09-13 23:27:03,noise
credit,1303.78,,BRANCH67,Victor Meyer,ACCT3432695,2025-09-13 20:10:59,noise
debit,2409.69,,BRANCH67,Victor Meyer,ACCT3432695,2025-09-09 02:02:44,noise
credit,220.69,ACCT7774750,BRANCH94,Victor Meyer,ACCT3432695,2025-09-09 20:25:13,noise
debit,962.18,,BRANCH78,Victor Meyer,ACCT3432695,2025-09-05 17:13:40,noise
credit,347.11,ACCT1365831,BRANCH67,Victor Meyer,ACCT3432695,2025-09-03 11:14:43,noise
credit,252.02,,BRANCH67,Victor Meyer,ACCT3432695,2025-09-01 14:24:31,noise
credit,727.26,,BRANCH67,Victor Meyer,ACCT3432695,2025-09-01 02:12:01,noise
debit,632.47,,BRANCH69,Victor Meyer,ACCT3432695,2025-08-28 13:06:31,noise
debit,411.98,,BRANCH65,Victor Meyer,ACCT3432695,2025-08-27 13:13:10,noise
credit,515.19,,BRANCH67,Victor Meyer,ACCT3432695,2025-08-27 16:17:56,noise
debit,3930.79,,BRANCH60,Victor Meyer,ACCT3432695,2025-08-17 13:26:24,noise
debit,903.99,,BRANCH67,Victor Meyer,ACCT3432695,2025-08-17 09:11:51,noise
credit,178.9,,BRANCH67,Victor Meyer,ACCT3432695,2025-08-16 11:13:50,noise
debit,316.65,,BRANCH67,Victor Meyer,ACCT3432695,2025-08-16 10:29:56,noise
credit,336.24,,BRANCH67,Victor Meyer,ACCT3432695,2025-08-12 01:38:36,noise
credit,309.51,,BRANCH67,Victor Meyer,ACCT3432695,2025-08-12 19:14:34,noise
debit,2378.0,,BRANCH67,Victor Meyer,ACCT3432695,2025-08-11 08:19:18,noise
credit,148.83,,BRANCH73,Victor Meyer,ACCT3432695,2025-08-10 11:43:57,noise
debit,480.91,,BRANCH93,Victor Meyer,ACCT3432695,2025-08-10 17:34:58,noise
debit,108.4,,BRANCH67,Victor Meyer,ACCT3432695,2025-08-08 17:13:11,noise
debit,1880.23,,BRANCH29,Victor Meyer,ACCT3432695,2025-08-08 17:12:43,noise
credit,633.93,ACCT5061927,BRANCH65,Victor Meyer,ACCT3432695,2025-08-07 04:25:17,noise
debit,135.77,,BRANCH67,Victor Meyer,ACCT3432695,2025-08-05 16:40:36,noise
credit,3071.56,,BRANCH67,Victor Meyer,ACCT3432695,2025-08-05 10:10:07,noise
credit,649.31,,BRANCH14,Zane Brooks,ACCT1587661,2025-10-02 15:20:41,noise
debit,544.45,,BRANCH32,Zane Brooks,ACCT1587661,2025-09-19 15:25:11,noise
debit,279.41,,BRANCH76,Zane Brooks,ACCT1587661,2025-09-17 19:11:11,noise
debit,801.23,,BRANCH76,Zane Brooks,ACCT1587661,2025-09-16 14:16:19,noise
credit,848.25,ACCT7743166,BRANCH76,Zane Brooks,ACCT1587661,2025-09-15 22:44:03,noise
credit,2914.32,,BRANCH77,Zane Brooks,ACCT1587661,2025-09-14 19:41:26,noise
credit,261.1,,BRANCH97,Zane Brooks,ACCT1587661,2025-09-11 19:39:42,noise
debit,3644.88,,BRANCH76,Zane Brooks,ACCT1587661,2025-09-10 09:10:30,noise
debit,1074.61,ACCT6083922,BRANCH26,Zane Brooks,ACCT1587661,2025-09-10 14:21:40,noise
credit,753.19,ACCT2621872,BRANCH76,Zane Brooks,ACCT1587661,2025-09-06 19:38:52,noise
debit,427.42,,BRANCH76,Zane Brooks,ACCT1587661,2025-09-05 08:33:26,noise
credit,651.71,,BRANCH76,Zane Brooks,ACCT1587661,2025-09-05 09:44:41,noise
credit,3542.81,ACCT5915579,BRANCH76,Zane Brooks,ACCT1587661,2025-09-03 04:39:36,noise
credit,253.18,,BRANCH76,Zane Brooks,ACCT1587661,2025-09-02 14:08:56,noise
debit,764.37,,BRANCH76,Zane Brooks,ACCT1587661,2025-08-26 18:20:03,noise
debit,1213.89,,BRANCH76,Zane Brooks,ACCT1587661,2025-08-26 08:05:07,noise
credit,333.0,,BRANCH76,Zane Brooks,ACCT1587661,2025-08-24 22:23:01,noise
debit,290.15,ACCT4209332,BRANCH76,Zane Brooks,ACCT1587661,2025-08-24 12:01:42,noise
credit,530.82,,BRANCH67,Zane Brooks,ACCT1587661,2025-08-19 10:39:58,noise
debit,947.93,,BRANCH76,Zane Brooks,ACCT1587661,2025-08-19 09:09:54,noise
debit,393.43,,BRANCH76,Zane Brooks,ACCT1587661,2025-08-16 05:21:03,noise
credit,526.99,ACCT1627082,BRANCH76,Zane Brooks,ACCT1587661,2025-08-12 19:18:41,noise
debit,417.62,,BRANCH76,Zane Brooks,ACCT1587661,2025-08-10 21:36:47,noise
debit,1762.25,,BRANCH77,Zane Brooks,ACCT1587661,2025-08-10 10:43:28,noise
credit,787.33,,BRANCH76,Zane Brooks,ACCT1587661,2025-08-09 10:25:45,noise
credit,44.54,,BRANCH76,Zane Brooks,ACCT1587661,2025-08-05 18:40:11,noise
credit,993.71,,BRANCH45,Noah Wei,ACCT8791433,2025-09-30 23:10:25,noise
debit,949.23,,BRANCH45,Noah Wei,ACCT8791433,2025-09-29 16:34:01,noise
credit,368.69,,BRANCH34,Noah Wei,ACCT8791433,2025-09-26 16:02:38,noise
debit,2880.87,ACCT6037115,BRANCH83,Noah Wei,ACCT8791433,2025-09-24 09:04:36,noise
debit,413.6,,BRANCH45,Noah Wei,ACCT8791433,2025-09-23 19:28:11,noise
debit,871.73,ACCT6775976,BRANCH45,Noah Wei,ACCT8791433,2025-09-22 08:13:03,noise
debit,1425.08,ACCT3487212,BRANCH67,Noah Wei,ACCT8791433,2025-09-21 14:00:45,noise
credit,456.81,,BRANCH45,Noah Wei,ACCT8791433,2025-09-18 19:23:45,noise
credit,367.37,ACCT7016433,BRANCH45,Noah Wei,ACCT8791433,2025-09-17 23:17:46,noise
debit,1069.35,,BRANCH45,Noah Wei,ACCT8791433,2025-09-17 05:07:18,noise
debit,410.68,ACCT2286500,BRANCH45,Noah Wei,ACCT8791433,2025-09-16 15:30:37,noise
debit,1788.77,,BRANCH45,Noah Wei,ACCT8791433,2025-09-15 22:45:16,noise
credit,2148.56,,BRANCH45,Noah Wei,ACCT8791433,2025-09-15 03:10:47,noise
credit,388.41,,BRANCH93,Noah Wei,ACCT8791433,2025-09-14 16:16:19,noise
credit,1015.38,,BRANCH45,Noah Wei,ACCT8791433,2025-09-14 13:45:25,noise
debit,404.75,,BRANCH45,Noah Wei,ACCT8791433,2025-09-13 10:17:19,noise
credit,543.81,,BRANCH45,Noah Wei,ACCT8791433,2025-09-12 18:13:29,noise
debit,492.61,,BRANCH45,Noah Wei,ACCT8791433,2025-09-12 05:11:08,noise
debit,1763.14,,BRANCH45,Noah Wei,ACCT8791433,2025-09-11 21:18:01,noise
debit,146.15,,BRANCH45,Noah Wei,ACCT8791433,2025-09-11 23:23:21,noise
credit,182.48,ACCT9894634,BRANCH45,Noah Wei,ACCT8791433,2025-09-09 23:10:08,noise
credit,373.18,,BRANCH45,Noah Wei,ACCT8791433,2025-09-06 17:41:33,noise
credit,967.96,ACCT5622927,BRANCH45,Noah Wei,ACCT8791433,2025-09-04 22:30:33,noise
debit,350.76,ACCT3708096,BRANCH45,Noah Wei,ACCT8791433,2025-09-03 22:29:36,noise
credit,649.13,,BRANCH45,Noah Wei,ACCT8791433,2025-09-02 14:15:30,noise
credit,1464.0,,BRANCH45,Noah Wei,ACCT8791433,2025-08-31 20:17:59,noise
credit,641.73,,BRANCH45,Noah Wei,ACCT8791433,2025-08-30 14:21:12,noise
credit,485.56,ACCT1204317,BRANCH45,Noah Wei,ACCT8791433,2025-08-29 09:07:11,noise
debit,772.02,,BRANCH45,Noah Wei,ACCT8791433,2025-08-28 18:15:51,noise
debit,247.54,,BRANCH45,Noah Wei,ACCT8791433,2025-08-28 22:24:52,noise
debit,474.39,,BRANCH45,Noah Wei,ACCT8791433,2025-08-25 15:18:16,noise
debit,340.73,ACCT3509069,BRANCH45,Noah Wei,ACCT8791433,2025-08-25 11:14:21,noise
credit,669.26,,BRANCH45,Noah Wei,ACCT8791433,2025-08-18 13:33:23,noise
credit,183.22,ACCT1365831,BRANCH45,Noah Wei,ACCT8791433,2025-08-18 01:10:59,noise
debit,701.53,ACCT5427695,BRANCH45,Noah Wei,ACCT8791433,2025-08-17 14:12:00,noise
debit,3525.94,,BRANCH45,Noah Wei,ACCT8791433,2025-08-16 16:09:36,noise
debit,1168.27,ACCT4605506,BRANCH45,Noah Wei,ACCT8791433,2025-08-15 04:37:11,noise
credit,3989.85,,BRANCH57,Noah Wei,ACCT8791433,2025-08-15 08:42:17,noise
debit,1238.91,,BRANCH45,Noah Wei,ACCT8791433,2025-08-14 21:28:22,noise
credit,2689.73,ACCT3243346,BRANCH45,Noah Wei,ACCT8791433,2025-08-13 21:40:33,noise
credit,928.97,,BRANCH94,Noah Wei,ACCT8791433,2025-08-10 14:33:12,noise
debit,274.73,,BRANCH45,Noah Wei,ACCT8791433,2025-08-07 20:02:20,noise
debit,569.99,ACCT8229744,BRANCH89,Noah Wei,ACCT8791433,2025-08-07 13:24:54,noise
debit,227.25,,BRANCH60,Noah Wei,ACCT8791433,2025-08-06 16:10:42,noise
debit,6198.86,,BRANCH50,Ava Carlos,ACCT3722972,2025-09-29 16:24:23,noise
debit,1106.19,,BRANCH50,Ava Carlos,ACCT3722972,2025-09-28 19:14:51,noise
debit,604.46,,BRANCH39,Ava Carlos,ACCT3722972,2025-09-27 13:02:17,noise
debit,415.78,,BRANCH50,Ava Carlos,ACCT3722972,2025-09-25 17:01:54,noise
credit,1044.69,,BRANCH50,Ava Carlos,ACCT3722972,2025-09-23 19:36:05,noise
debit,1403.83,,BRANCH50,Ava Carlos,ACCT3722972,2025-09-22 10:37:59,noise
credit,1753.38,,BRANCH50,Ava Carlos,ACCT3722972,2025-09-20 03:42:14,noise
credit,320.43,,BRANCH50,Ava Carlos,ACCT3722972,2025-09-19 13:45:00,noise
credit,186.15,,BRANCH18,Ava Carlos,ACCT3722972,2025-09-16 23:27:00,noise
debit,364.65,,BRANCH50,Ava Carlos,ACCT3722972,2025-09-14 15:09:31,noise
credit,425.86,,BRANCH30,Ava Carlos,ACCT3722972,2025-09-14 22:03:26,noise
credit,307.39,,BRANCH50,Ava Carlos,ACCT3722972,2025-09-12 23:07:11,noise
debit,489.16,,BRANCH50,Ava Carlos,ACCT3722972,2025-09-09 22:18:14,noise
credit,412.89,,BRANCH62,Ava Carlos,ACCT3722972,2025-09-03 13:06:27,noise
debit,700.48,ACCT7808547,BRANCH50,Ava Carlos,ACCT3722972,2025-09-01 15:12:43,noise
debit,118.17,,BRANCH50,Ava Carlos,ACCT3722972,2025-08-31 23:26:56,noise
debit,292.83,,BRANCH50,Ava Carlos,ACCT3722972,2025-08-30 16:32:01,noise
credit,270.15,,BRANCH43,Ava Carlos,ACCT3722972,2025-08-30 20:02:14,noise
debit,129.22,,BRANCH34,Ava Carlos,ACCT3722972,2025-08-28 21:15:00,noise
debit,1578.68,ACCT5981644,BRANCH78,Ava Carlos,ACCT3722972,2025-08-28 14:33:46,noise
debit,2878.47,,BRANCH50,Ava Carlos,ACCT3722972,2025-08-27 17:15:13,noise
credit,323.19,,BRANCH60,Ava Carlos,ACCT3722972,2025-08-26 11:14:33,noise
debit,150.98,,BRANCH37,Ava Carlos,ACCT3722972,2025-08-26 19:39:17,noise
credit,1516.12,,BRANCH11,Ava Carlos,ACCT3722972,2025-08-25 14:00:56,noise
debit,3455.28,,BRANCH50,Ava Carlos,ACCT3722972,2025-08-25 08:43:46,noise
debit,1555.66,,BRANCH50,Ava Carlos,ACCT3722972,2025-08-24 16:16:08,noise
credit,1094.62,,BRANCH50,Ava Carlos,ACCT3722972,2025-08-21 16:25:29,noise
credit,139.99,,BRANCH50,Ava Carlos,ACCT3722972,2025-08-21 17:06:49,noise
debit,600.88,ACCT6892604,BRANCH33,Ava Carlos,ACCT3722972,2025-08-19 15:23:17,noise
debit,1599.03,,BRANCH89,Ava Carlos,ACCT3722972,2025-08-12 01:24:07,noise
debit,1813.47,,BRANCH50,Ava Carlos,ACCT3722972,2025-08-12 03:30:37,noise
debit,342.93,ACCT3708096,BRANCH53,Ava Carlos,ACCT3722972,2025-08-07 16:19:22,noise
credit,333.92,ACCT2778698,BRANCH55,Ava Carlos,ACCT3722972,2025-08-04 14:40:00,noise
credit,3321.46,,BRANCH72,Sara Diaz,ACCT2432434,2025-10-01 11:42:33,noise
debit,808.3,,BRANCH72,Sara Diaz,ACCT2432434,2025-09-30 17:03:11,noise
debit,2236.54,ACCT3243346,BRANCH72,Sara Diaz,ACCT2432434,2025-09-29 10:21:20,noise
credit,691.69,ACCT5246588,BRANCH72,Sara Diaz,ACCT2432434,2025-09-29 09:14:59,noise
debit,641.53,ACCT8238482,BRANCH72,Sara Diaz,ACCT2432434,2025-09-28 00:35:43,noise
debit,1531.12,,BRANCH72,Sara Diaz,ACCT2432434,2025-09-25 12:22:58,noise
credit,110.17,,BRANCH35,Sara Diaz,ACCT2432434,2025-09-25 08:06:00,noise
debit,633.38,ACCT4209332,BRANCH72,Sara Diaz,ACCT2432434,2025-09-24 13:37:45,noise
debit,454.83,,BRANCH72,Sara Diaz,ACCT2432434,2025-09-20 15:41:30,noise
debit,424.92,,BRANCH72,Sara Diaz,ACCT2432434,2025-09-17 10:33:55,noise
credit,595.22,,BRANCH72,Sara Diaz,ACCT2432434,2025-09-17 14:02:47,noise
credit,149.74,ACCT1733313,BRANCH23,Sara Diaz,ACCT2432434,2025-09-16 18:07:02,noise
debit,300.34,ACCT2621872,BRANCH72,Sara Diaz,ACCT2432434,2025-09-14 03:07:50,noise
debit,1319.42,ACCT2286500,BRANCH72,Sara Diaz,ACCT2432434,2025-09-12 17:33:43,noise
credit,272.76,,BRANCH72,Sara Diaz,ACCT2432434,2025-09-11 20:38:13,noise
credit,602.99,ACCT1361805,BRANCH72,Sara Diaz,ACCT2432434,2025-09-07 09:13:42,noise
debit,484.96,,BRANCH72,Sara Diaz,ACCT2432434,2025-09-07 17:38:40,noise
debit,128.99,ACCT5316898,BRANCH72,Sara Diaz,ACCT2432434,2025-09-06 11:02:43,noise
debit,47.73,,BRANCH73,Sara Diaz,ACCT2432434,2025-09-05 19:44:58,noise
credit,178.16,,BRANCH72,Sara Diaz,ACCT2432434,2025-09-03 10:20:43,noise
debit,2499.41,,BRANCH72,Sara Diaz,ACCT2432434,2025-09-01 22:23:33,noise
credit,82.9,,BRANCH72,Sara Diaz,ACCT2432434,2025-09-01 19:29:41,noise
debit,1866.9,,BRANCH72,Sara Diaz,ACCT2432434,2025-08-30 15:07:18,noise
credit,715.62,,BRANCH93,Sara Diaz,ACCT2432434,2025-08-29 03:07:36,noise
debit,548.27,,BRANCH72,Sara Diaz,ACCT2432434,2025-08-27 15:29:34,noise
debit,2497.62,,BRANCH20,Sara Diaz,ACCT2432434,2025-08-27 10:09:56,noise
credit,1035.9,,BRANCH72,Sara Diaz,ACCT2432434,2025-08-25 14:05:10,noise
debit,273.48,,BRANCH72,Sara Diaz,ACCT2432434,2025-08-23 15:12:23,noise
debit,413.49,,BRANCH14,Sara Diaz,ACCT2432434,2025-08-20 20:03:13,noise
debit,857.97,,BRANCH72,Sara Diaz,ACCT2432434,2025-08-20 22:34:12,noise
debit,730.2,ACCT2286500,BRANCH10,Sara Diaz,ACCT2432434,2025-08-19 10:28:32,noise
debit,596.18,,BRANCH72,Sara Diaz,ACCT2432434,2025-08-17 21:14:08,noise
debit,596.88,ACCT1158205,BRANCH72,Sara Diaz,ACCT2432434,2025-08-17 12:10:06,noise
credit,663.6,,BRANCH72,Sara Diaz,ACCT2432434,2025-08-15 20:08:37,noise
credit,522.4,,BRANCH72,Sara Diaz,ACCT2432434,2025-08-14 12:09:30,noise
credit,1392.43,ACCT3487212,BRANCH50,Sara Diaz,ACCT2432434,2025-08-14 18:26:27,noise
debit,293.09,ACCT1327290,BRANCH72,Sara Diaz,ACCT2432434,2025-08-13 08:41:56,noise
debit,137.3,,BRANCH85,Sara Diaz,ACCT2432434,2025-08-11 12:39:29,noise
debit,493.23,,BRANCH89,Sara Diaz,ACCT2432434,2025-08-11 15:22:54,noise
credit,1693.34,,BRANCH42,Priya Meyer,ACCT1466449,2025-10-02 09:09:08,noise
debit,396.18,,BRANCH47,Priya Meyer,ACCT1466449,2025-09-27 20:22:28,noise
debit,299.52,,BRANCH61,Priya Meyer,ACCT1466449,2025-09-26 21:06:02,noise
credit,385.37,ACCT9103551,BRANCH38,Priya Meyer,ACCT1466449,2025-09-23 09:05:58,noise
credit,550.35,,BRANCH38,Priya Meyer,ACCT1466449,2025-09-22 17:44:12,noise
debit,778.54,,BRANCH35,Priya Meyer,ACCT1466449,2025-09-22 11:07:39,noise
debit,726.1,ACCT6896382,BRANCH38,Priya Meyer,ACCT1466449,2025-09-20 10:23:49,noise
debit,1223.55,,BRANCH38,Priya Meyer,ACCT1466449,2025-09-18 15:13:53,noise
credit,494.81,,BRANCH38,Priya Meyer,ACCT1466449,2025-09-15 19:15:51,noise
credit,1379.27,,BRANCH38,Priya Meyer,ACCT1466449,2025-09-14 09:27:54,noise
debit,487.87,,BRANCH79,Priya Meyer,ACCT1466449,2025-09-13 13:12:03,noise
credit,1002.99,,BRANCH11,Priya Meyer,ACCT1466449,2025-09-12 13:17:55,noise
credit,1019.31,,BRANCH38,Priya Meyer,ACCT1466449,2025-09-12 08:41:45,noise
credit,684.09,,BRANCH38,Priya Meyer,ACCT1466449,2025-09-11 12:15:45,noise
debit,1546.7,,BRANCH38,Priya Meyer,ACCT1466449,2025-09-09 17:16:23,noise
credit,1399.16,,BRANCH40,Priya Meyer,ACCT1466449,2025-09-09 08:06:23,noise
debit,2504.17,,BRANCH14,Priya Meyer,ACCT1466449,2025-09-08 15:38:48,noise
debit,462.19,,BRANCH38,Priya Meyer,ACCT1466449,2025-09-07 16:04:48,noise
credit,249.86,,BRANCH38,Priya Meyer,ACCT1466449,2025-09-06 05:22:20,noise
credit,545.5,,BRANCH38,Priya Meyer,ACCT1466449,2025-09-06 17:38:42,noise
credit,1955.92,,BRANCH38,Priya Meyer,ACCT1466449,2025-09-02 11:38:11,noise
debit,2331.49,,BRANCH38,Priya Meyer,ACCT1466449,2025-09-02 18:24:04,noise
credit,158.54,ACCT5265659,BRANCH38,Priya Meyer,ACCT1466449,2025-08-30 09:18:42,noise
debit,773.49,ACCT7774750,BRANCH38,Priya Meyer,ACCT1466449,2025-08-30 04:30:42,noise
credit,303.89,,BRANCH38,Priya Meyer,ACCT1466449,2025-08-29 15:20:19,noise
debit,562.74,,BRANCH38,Priya Meyer,ACCT1466449,2025-08-28 12:30:48,noise
credit,381.55,ACCT1269653,BRANCH38,Priya Meyer,ACCT1466449,2025-08-27 12:19:52,noise
debit,169.36,,BRANCH38,Priya Meyer,ACCT1466449,2025-08-22 23:25:55,noise
debit,601.97,ACCT9768728,BRANCH38,Priya Meyer,ACCT1466449,2025-08-20 20:33:00,noise
credit,2993.62,,BRANCH21,Priya Meyer,ACCT1466449,2025-08-19 08:21:11,noise
debit,1165.99,ACCT1327290,BRANCH38,Priya Meyer,ACCT1466449,2025-08-15 10:00:51,noise
debit,878.12,,BRANCH38,Priya Meyer,ACCT1466449,2025-08-13 13:10:57,noise
debit,933.21,,BRANCH38,Priya Meyer,ACCT1466449,2025-08-12 09:28:36,noise
credit,236.89,,BRANCH38,Priya Meyer,ACCT1466449,2025-08-10 13:26:34,noise
credit,412.65,,BRANCH38,Priya Meyer,ACCT1466449,2025-08-09 12:16:19,noise
debit,537.82,,BRANCH46,Priya Meyer,ACCT1466449,2025-08-09 12:00:51,noise
credit,1619.3,,BRANCH38,Priya Meyer,ACCT1466449,2025-08-08 09:15:06,noise
credit,1210.71,,BRANCH38,Priya Meyer,ACCT1466449,2025-08-06 18:37:20,noise
debit,560.17,,BRANCH46,Priya Meyer,ACCT1466449,2025-08-06 14:43:01,noise
credit,987.94,ACCT6282119,BRANCH38,Priya Meyer,ACCT1466449,2025-08-04 23:03:35,noise
credit,14818.64,ACCT9211559,BRANCH92,Ben Chen,ACCT9894634,2025-12-24 14:07:50,noise
credit,9300.78,ACCT5397251,BRANCH92,Ben Chen,ACCT9894634,2025-11-18 17:26:34,noise
credit,9460.05,ACCT5971196,BRANCH92,Ben Chen,ACCT9894634,2025-12-02 04:19:30,noise
credit,6519.67,ACCT1128112,BRANCH92,Ben Chen,ACCT9894634,2025-12-05 18:30:14,noise
credit,9195.57,ACCT2355749,BRANCH92,Ben Chen,ACCT9894634,2025-12-09 20:23:38,noise
credit,12630.67,ACCT9867074,BRANCH92,Ben Chen,ACCT9894634,2025-11-22 22:09:47,noise
credit,10837.51,ACCT3487212,BRANCH92,Ben Chen,ACCT9894634,2025-11-24 17:23:10,noise
debit,138.63,,BRANCH24,Victor ElSayed,ACCT4624349,2025-10-03 19:32:27,noise
debit,379.01,ACCT9137087,BRANCH57,Victor ElSayed,ACCT4624349,2025-10-03 03:07:33,noise
debit,366.51,,BRANCH21,Victor ElSayed,ACCT4624349,2025-10-02 20:18:03,noise
debit,898.1,,BRANCH46,Victor ElSayed,ACCT4624349,2025-10-01 15:30:01,noise
debit,1177.58,,BRANCH37,Victor ElSayed,ACCT4624349,2025-10-01 10:35:53,noise
debit,896.98,ACCT5426495,BRANCH24,Victor ElSayed,ACCT4624349,2025-09-28 12:03:40,noise
credit,438.53,,BRANCH24,Victor ElSayed,ACCT4624349,2025-09-28 18:14:02,noise
debit,2153.25,,BRANCH30,Victor ElSayed,ACCT4624349,2025-09-26 20:27:20,noise
credit,519.89,,BRANCH24,Victor ElSayed,ACCT4624349,2025-09-26 09:35:37,noise
credit,1253.56,,BRANCH24,Victor ElSayed,ACCT4624349,2025-09-22 21:16:02,noise
debit,365.42,ACCT7401684,BRANCH71,Victor ElSayed,ACCT4624349,2025-09-21 15:42:56,noise
credit,426.21,,BRANCH68,Victor ElSayed,ACCT4624349,2025-09-19 08:11:23,noise
debit,864.04,,BRANCH24,Victor ElSayed,ACCT4624349,2025-09-17 11:37:58,noise
debit,331.83,,BRANCH13,Victor ElSayed,ACCT4624349,2025-09-15 08:07:07,noise
credit,323.92,,BRANCH24,Victor ElSayed,ACCT4624349,2025-09-15 18:17:46,noise
credit,371.59,,BRANCH24,Victor ElSayed,ACCT4624349,2025-09-13 05:07:10,noise
debit,829.34,,BRANCH27,Victor ElSayed,ACCT4624349,2025-09-12 20:17:17,noise
debit,402.16,,BRANCH24,Victor ElSayed,ACCT4624349,2025-09-11 15:28:11,noise
credit,751.05,ACCT6775976,BRANCH24,Victor ElSayed,ACCT4624349,2025-09-08 22:32:00,noise
debit,307.32,,BRANCH73,Victor ElSayed,ACCT4624349,2025-09-08 17:44:42,noise
debit,1408.13,,BRANCH24,Victor ElSayed,ACCT4624349,2025-09-06 12:36:33,noise
credit,371.9,,BRANCH24,Victor ElSayed,ACCT4624349,2025-09-05 18:39:14,noise
credit,520.64,,BRANCH52,Victor ElSayed,ACCT4624349,2025-09-03 13:30:39,noise
credit,478.1,,BRANCH24,Victor ElSayed,ACCT4624349,2025-09-02 09:02:46,noise
credit,581.43,ACCT2211847,BRANCH24,Victor ElSayed,ACCT4624349,2025-09-02 05:17:29,noise
debit,629.63,,BRANCH60,Victor ElSayed,ACCT4624349,2025-08-31 12:13:26,noise
credit,693.11,ACCT1466449,BRANCH74,Victor ElSayed,ACCT4624349,2025-08-30 13:38:47,noise
debit,503.26,,BRANCH55,Victor ElSayed,ACCT4624349,2025-08-30 19:28:05,noise
credit,688.2,,BRANCH24,Victor ElSayed,ACCT4624349,2025-08-24 15:05:40,noise
debit,1113.51,ACCT7401684,BRANCH24,Victor ElSayed,ACCT4624349,2025-08-24 11:03:49,noise
credit,377.95,,BRANCH24,Victor ElSayed,ACCT4624349,2025-08-22 19:18:39,noise
credit,1442.71,ACCT4249035,BRANCH24,Victor ElSayed,ACCT4624349,2025-08-21 12:11:42,noise
debit,606.81,,BRANCH24,Victor ElSayed,ACCT4624349,2025-08-20 08:40:17,noise
credit,1218.32,ACCT9483782,BRANCH24,Victor ElSayed,ACCT4624349,2025-08-20 12:30:27,noise
debit,747.88,ACCT3421734,BRANCH24,Victor ElSayed,ACCT4624349,2025-08-19 19:17:07,noise
debit,3781.86,,BRANCH24,Victor ElSayed,ACCT4624349,2025-08-19 09:03:32,noise
credit,3300.61,ACCT4605506,BRANCH24,Victor ElSayed,ACCT4624349,2025-08-18 10:10:00,noise
credit,880.18,,BRANCH24,Victor ElSayed,ACCT4624349,2025-08-17 11:04:47,noise
credit,664.14,ACCT5426495,BRANCH24,Victor ElSayed,ACCT4624349,2025-08-17 10:08:24,noise
credit,1466.18,,BRANCH24,Victor ElSayed,ACCT4624349,2025-08-13 13:09:50,noise
debit,860.11,ACCT7774750,BRANCH24,Victor ElSayed,ACCT4624349,2025-08-12 12:35:24,noise
credit,1894.37,,BRANCH24,Victor ElSayed,ACCT4624349,2025-08-10 10:03:50,noise
credit,1113.68,,BRANCH24,Victor ElSayed,ACCT4624349,2025-08-10 18:45:13,noise
debit,292.53,,BRANCH24,Victor ElSayed,ACCT4624349,2025-08-09 08:44:13,noise
credit,8064.1,,BRANCH24,Victor ElSayed,ACCT4624349,2025-08-08 09:29:37,noise
debit,2332.45,,BRANCH24,Victor ElSayed,ACCT4624349,2025-08-06 09:45:48,noise
credit,157.72,,BRANCH65,Victor ElSayed,ACCT4624349,2025-08-04 22:36:53,noise
credit,170.91,,BRANCH50,Ana Jansen,ACCT6724761,2025-10-02 18:37:48,noise
debit,95.49,,BRANCH50,Ana Jansen,ACCT6724761,2025-09-30 17:35:52,noise
debit,1163.81,ACCT3708096,BRANCH19,Ana Jansen,ACCT6724761,2025-09-28 13:16:14,noise
debit,999.54,,BRANCH50,Ana Jansen,ACCT6724761,2025-09-28 02:44:57,noise
credit,983.24,,BRANCH50,Ana Jansen,ACCT6724761,2025-09-25 09:35:14,noise
credit,138.7,,BRANCH50,Ana Jansen,ACCT6724761,2025-09-25 20:32:15,noise
credit,485.01,,BRANCH59,Ana Jansen,ACCT6724761,2025-09-24 20:15:21,noise
debit,383.68,,BRANCH50,Ana Jansen,ACCT6724761,2025-09-24 18:35:37,noise
credit,3855.11,,BRANCH50,Ana Jansen,ACCT6724761,2025-09-20 23:35:33,noise
credit,416.04,,BRANCH69,Ana Jansen,ACCT6724761,2025-09-18 16:10:32,noise
credit,424.17,ACCT3708096,BRANCH10,Ana Jansen,ACCT6724761,2025-09-18 14:40:34,noise
credit,1484.38,,BRANCH51,Ana Jansen,ACCT6724761,2025-09-17 09:29:04,noise
credit,607.75,,BRANCH50,Ana Jansen,ACCT6724761,2025-09-16 09:06:28,noise
debit,2706.77,ACCT6892604,BRANCH50,Ana Jansen,ACCT6724761,2025-09-16 15:10:44,noise
debit,2560.43,,BRANCH19,Ana Jansen,ACCT6724761,2025-09-15 23:31:43,noise
credit,327.68,ACCT5235640,BRANCH50,Ana Jansen,ACCT6724761,2025-09-14 14:32:46,noise
credit,448.7,ACCT2733926,BRANCH53,Ana Jansen,ACCT6724761,2025-09-12 23:26:56,noise
debit,1259.12,,BRANCH50,Ana Jansen,ACCT6724761,2025-09-11 09:27:31,noise
credit,267.02,ACCT3432695,BRANCH50,Ana Jansen,ACCT6724761,2025-09-04 14:40:11,noise
credit,151.27,,BRANCH34,Ana Jansen,ACCT6724761,2025-09-03 22:01:41,noise
debit,1523.78,,BRANCH50,Ana Jansen,ACCT6724761,2025-09-01 18:29:10,noise
debit,808.17,ACCT7881766,BRANCH31,Ana Jansen,ACCT6724761,2025-09-01 17:32:56,noise
debit,1153.43,,BRANCH50,Ana Jansen,ACCT6724761,2025-08-24 13:01:25,noise
debit,1245.94,ACCT4203708,BRANCH50,Ana Jansen,ACCT6724761,2025-08-23 13:10:54,noise
debit,298.53,ACCT2843039,BRANCH50,Ana Jansen,ACCT6724761,2025-08-18 09:20:22,noise
debit,345.08,ACCT1543054,BRANCH50,Ana Jansen,ACCT6724761,2025-08-16 23:24:09,noise
credit,2099.84,,BRANCH50,Ana Jansen,ACCT6724761,2025-08-15 09:31:23,noise
debit,109.19,ACCT1158205,BRANCH50,Ana Jansen,ACCT6724761,2025-08-13 13:10:36,noise
credit,444.52,,BRANCH50,Ana Jansen,ACCT6724761,2025-08-10 10:39:04,noise
credit,255.4,,BRANCH50,Ana Jansen,ACCT6724761,2025-08-09 20:24:11,noise
debit,955.28,,BRANCH50,Ana Jansen,ACCT6724761,2025-08-07 15:16:48,noise
credit,333.61,,BRANCH50,Ana Jansen,ACCT6724761,2025-08-05 21:08:01,noise
credit,720.7,ACCT8791433,BRANCH38,Raj Chen,ACCT3708096,2025-10-03 18:06:01,noise
credit,402.33,,BRANCH87,Raj Chen,ACCT3708096,2025-09-25 18:36:35,noise
debit,751.53,,BRANCH74,Raj Chen,ACCT3708096,2025-09-23 14:21:03,noise
debit,252.82,ACCT3272721,BRANCH87,Raj Chen,ACCT3708096,2025-09-12 21:17:04,noise
credit,369.47,ACCT1543054,BRANCH87,Raj Chen,ACCT3708096,2025-09-11 01:30:23,noise
credit,559.48,,BRANCH87,Raj Chen,ACCT3708096,2025-09-10 14:44:15,noise
credit,567.7,,BRANCH87,Raj Chen,ACCT3708096,2025-09-10 10:24:13,noise
debit,885.72,,BRANCH87,Raj Chen,ACCT3708096,2025-09-09 17:40:03,noise
debit,1113.85,,BRANCH87,Raj Chen,ACCT3708096,2025-09-04 22:42:24,noise
credit,876.93,,BRANCH87,Raj Chen,ACCT3708096,2025-09-03 10:36:30,noise
debit,108.26,,BRANCH87,Raj Chen,ACCT3708096,2025-09-01 20:29:57,noise
debit,369.75,,BRANCH17,Raj Chen,ACCT3708096,2025-08-29 22:09:50,noise
debit,1060.49,,BRANCH87,Raj Chen,ACCT3708096,2025-08-29 23:32:42,noise
debit,1076.53,,BRANCH87,Raj Chen,ACCT3708096,2025-08-27 19:30:52,noise
debit,910.66,,BRANCH87,Raj Chen,ACCT3708096,2025-08-26 17:03:38,noise
credit,809.6,,BRANCH87,Raj Chen,ACCT3708096,2025-08-26 15:09:15,noise
credit,979.37,,BRANCH87,Raj Chen,ACCT3708096,2025-08-25 17:45:54,noise
debit,690.36,,BRANCH87,Raj Chen,ACCT3708096,2025-08-22 17:14:09,noise
debit,557.46,,BRANCH87,Raj Chen,ACCT3708096,2025-08-19 12:16:04,noise
debit,624.71,,BRANCH87,Raj Chen,ACCT3708096,2025-08-18 11:23:19,noise
debit,571.24,ACCT6516709,BRANCH87,Raj Chen,ACCT3708096,2025-08-16 08:03:57,noise
debit,1578.57,,BRANCH91,Raj Chen,ACCT3708096,2025-08-14 15:15:34,noise
credit,715.92,,BRANCH87,Raj Chen,ACCT3708096,2025-08-14 17:06:52,noise
debit,913.61,,BRANCH87,Raj Chen,ACCT3708096,2025-08-13 11:35:23,noise
credit,1492.31,,BRANCH87,Raj Chen,ACCT3708096,2025-08-11 20:34:40,noise
credit,1402.96,,BRANCH87,Raj Chen,ACCT3708096,2025-08-11 18:34:45,noise
debit,3000.0,ACCT5725141,BRANCH23,Raj Chen,ACCT3708096,2025-08-10 09:23:16,noise
credit,968.08,ACCT8424635,BRANCH87,Raj Chen,ACCT3708096,2025-08-09 08:38:37,noise
debit,1851.17,,BRANCH87,Raj Chen,ACCT3708096,2025-08-08 21:29:32,noise
credit,480.34,,BRANCH87,Raj Chen,ACCT3708096,2025-08-08 19:17:22,noise
debit,992.46,ACCT3722972,BRANCH87,Raj Chen,ACCT3708096,2025-08-06 15:00:44,noise
credit,147.21,,BRANCH87,Raj Chen,ACCT3708096,2025-08-06 16:13:06,noise
debit,2463.32,,BRANCH87,Raj Chen,ACCT3708096,2025-08-05 15:18:50,noise
debit,274.75,,BRANCH87,Raj Chen,ACCT3708096,2025-08-05 19:33:49,noise
debit,187.68,,BRANCH68,Lena Haddad,ACCT2211847,2025-10-02 10:05:38,noise
debit,400.34,,BRANCH68,Lena Haddad,ACCT2211847,2025-09-26 11:35:30,noise
debit,3139.88,,BRANCH68,Lena Haddad,ACCT2211847,2025-09-26 13:34:53,noise
debit,226.91,ACCT4506771,BRANCH35,Lena Haddad,ACCT2211847,2025-09-25 20:17:27,noise
credit,1013.85,,BRANCH68,Lena Haddad,ACCT2211847,2025-09-25 16:15:34,noise
credit,240.28,,BRANCH68,Lena Haddad,ACCT2211847,2025-09-23 20:21:50,noise
credit,244.57,,BRANCH68,Lena Haddad,ACCT2211847,2025-09-21 08:35:23,noise
debit,3000.0,ACCT6724761,BRANCH44,Lena Haddad,ACCT2211847,2025-09-21 10:39:32,noise
credit,294.23,,BRANCH69,Lena Haddad,ACCT2211847,2025-09-20 15:45:11,noise
credit,225.01,,BRANCH68,Lena Haddad,ACCT2211847,2025-09-18 15:31:41,noise
debit,3000.0,ACCT5426495,BRANCH32,Lena Haddad,ACCT2211847,2025-09-17 19:43:56,noise
debit,1856.91,,BRANCH86,Lena Haddad,ACCT2211847,2025-09-16 18:30:42,noise
credit,592.01,,BRANCH68,Lena Haddad,ACCT2211847,2025-09-16 20:33:43,noise
credit,838.83,,BRANCH67,Lena Haddad,ACCT2211847,2025-09-15 11:05:56,noise
debit,472.42,,BRANCH68,Lena Haddad,ACCT2211847,2025-09-10 13:01:40,noise
debit,3006.2,,BRANCH68,Lena Haddad,ACCT2211847,2025-09-09 08:41:08,noise
debit,591.26,ACCT4249035,BRANCH68,Lena Haddad,ACCT2211847,2025-09-08 17:27:33,noise
credit,1469.55,ACCT6037115,BRANCH33,Lena Haddad,ACCT2211847,2025-09-08 17:34:47,noise
debit,404.57,,BRANCH68,Lena Haddad,ACCT2211847,2025-09-07 10:34:00,noise
debit,133.3,,BRANCH68,Lena Haddad,ACCT2211847,2025-09-03 00:00:46,noise
credit,497.73,,BRANCH68,Lena Haddad,ACCT2211847,2025-09-02 17:13:04,noise
credit,488.91,,BRANCH35,Lena Haddad,ACCT2211847,2025-09-01 11:07:59,noise
credit,222.73,,BRANCH68,Lena Haddad,ACCT2211847,2025-08-30 12:06:41,noise
credit,163.76,,BRANCH68,Lena Haddad,ACCT2211847,2025-08-30 18:08:39,noise
debit,384.34,,BRANCH68,Lena Haddad,ACCT2211847,2025-08-29 19:25:10,noise
credit,488.99,ACCT5981644,BRANCH68,Lena Haddad,ACCT2211847,2025-08-23 23:00:55,noise
credit,216.25,,BRANCH68,Lena Haddad,ACCT2211847,2025-08-23 08:42:19,noise
debit,532.1,,BRANCH68,Lena Haddad,ACCT2211847,2025-08-22 11:06:58,noise
credit,691.91,ACCT4605506,BRANCH68,Lena Haddad,ACCT2211847,2025-08-21 20:20:27,noise
credit,382.4,ACCT2513942,BRANCH68,Lena Haddad,ACCT2211847,2025-08-21 08:31:14,noise
credit,2180.18,,BRANCH93,Lena Haddad,ACCT2211847,2025-08-20 13:36:20,noise
debit,1606.97,ACCT1361805,BRANCH68,Lena Haddad,ACCT2211847,2025-08-19 09:21:36,noise
debit,319.99,,BRANCH68,Lena Haddad,ACCT2211847,2025-08-19 04:00:39,noise
credit,4922.17,,BRANCH58,Lena Haddad,ACCT2211847,2025-08-16 15:25:23,noise
credit,437.22,,BRANCH68,Lena Haddad,ACCT2211847,2025-08-15 13:44:08,noise
credit,633.71,ACCT8749915,BRANCH39,Lena Haddad,ACCT2211847,2025-08-14 11:34:21,noise
credit,1482.29,,BRANCH26,Lena Haddad,ACCT2211847,2025-08-12 23:22:39,noise
credit,1162.89,,BRANCH45,Lena Haddad,ACCT2211847,2025-08-12 14:08:28,noise
credit,506.84,,BRANCH68,Lena Haddad,ACCT2211847,2025-08-11 14:04:42,noise
credit,770.88,,BRANCH38,Lena Haddad,ACCT2211847,2025-08-11 19:19:16,noise
credit,1181.97,ACCT3528995,BRANCH68,Lena Haddad,ACCT2211847,2025-08-06 21:17:03,noise
credit,437.43,ACCT5725141,BRANCH68,Uma Anderson,ACCT5265659,2025-10-02 11:34:30,noise
credit,1205.41,ACCT4249035,BRANCH41,Uma Anderson,ACCT5265659,2025-09-30 12:45:58,noise
debit,216.26,,BRANCH68,Uma Anderson,ACCT5265659,2025-09-29 19:32:52,noise
debit,1786.57,,BRANCH68,Uma Anderson,ACCT5265659,2025-09-27 15:00:18,noise
debit,485.97,,BRANCH68,Uma Anderson,ACCT5265659,2025-09-25 08:35:29,noise
credit,523.95,ACCT1361805,BRANCH68,Uma Anderson,ACCT5265659,2025-09-23 11:01:09,noise
credit,1206.11,,BRANCH52,Uma Anderson,ACCT5265659,2025-09-23 12:34:37,noise
debit,258.34,ACCT8528071,BRANCH68,Uma Anderson,ACCT5265659,2025-09-22 23:35:57,noise
debit,245.99,,BRANCH68,Uma Anderson,ACCT5265659,2025-09-22 14:14:55,noise
debit,1224.62,,BRANCH41,Uma Anderson,ACCT5265659,2025-09-20 08:14:18,noise
credit,268.45,,BRANCH68,Uma Anderson,ACCT5265659,2025-09-20 12:10:22,noise
debit,930.05,,BRANCH68,Uma Anderson,ACCT5265659,2025-09-19 20:32:42,noise
debit,913.37,,BRANCH68,Uma Anderson,ACCT5265659,2025-09-17 20:07:18,noise
debit,675.19,ACCT5316898,BRANCH68,Uma Anderson,ACCT5265659,2025-09-15 10:23:06,noise
credit,477.3,,BRANCH68,Uma Anderson,ACCT5265659,2025-09-14 14:00:17,noise
debit,298.07,ACCT8749915,BRANCH12,Uma Anderson,ACCT5265659,2025-09-11 00:25:57,noise
debit,519.21,ACCT6037115,BRANCH68,Uma Anderson,ACCT5265659,2025-09-10 21:06:38,noise
debit,223.74,,BRANCH88,Uma Anderson,ACCT5265659,2025-09-10 13:13:13,noise
credit,2319.81,,BRANCH67,Uma Anderson,ACCT5265659,2025-09-09 08:17:26,noise
credit,502.71,,BRANCH68,Uma Anderson,ACCT5265659,2025-09-08 09:32:31,noise
debit,1680.22,ACCT1627082,BRANCH68,Uma Anderson,ACCT5265659,2025-09-07 13:41:37,noise
debit,410.45,,BRANCH71,Uma Anderson,ACCT5265659,2025-09-06 12:20:28,noise
credit,1073.95,,BRANCH89,Uma Anderson,ACCT5265659,2025-09-05 17:32:24,noise
credit,191.44,,BRANCH68,Uma Anderson,ACCT5265659,2025-09-04 11:33:39,noise
credit,700.42,ACCT4386981,BRANCH68,Uma Anderson,ACCT5265659,2025-09-03 15:42:36,noise
debit,402.59,,BRANCH68,Uma Anderson,ACCT5265659,2025-08-31 12:30:59,noise
debit,309.05,,BRANCH68,Uma Anderson,ACCT5265659,2025-08-27 10:29:58,noise
credit,1142.9,ACCT2432434,BRANCH51,Uma Anderson,ACCT5265659,2025-08-25 00:01:56,noise
debit,125.16,,BRANCH59,Uma Anderson,ACCT5265659,2025-08-24 22:35:01,noise
debit,503.46,,BRANCH68,Uma Anderson,ACCT5265659,2025-08-24 15:15:48,noise
debit,830.58,,BRANCH68,Uma Anderson,ACCT5265659,2025-08-23 14:44:00,noise
credit,595.82,ACCT1466449,BRANCH68,Uma Anderson,ACCT5265659,2025-08-19 08:06:15,noise
debit,1284.25,ACCT2355749,BRANCH68,Uma Anderson,ACCT5265659,2025-08-18 23:44:53,noise
credit,398.49,,BRANCH17,Uma Anderson,ACCT5265659,2025-08-17 17:33:34,noise
debit,2897.65,,BRANCH68,Uma Anderson,ACCT5265659,2025-08-17 20:18:03,noise
credit,392.26,,BRANCH73,Uma Anderson,ACCT5265659,2025-08-13 13:38:47,noise
debit,5399.01,,BRANCH68,Uma Anderson,ACCT5265659,2025-08-09 00:36:37,noise
credit,140.1,,BRANCH68,Uma Anderson,ACCT5265659,2025-08-09 09:14:05,noise
debit,2483.4,,BRANCH68,Uma Anderson,ACCT5265659,2025-08-08 13:34:54,noise
credit,383.71,,BRANCH68,Uma Anderson,ACCT5265659,2025-08-07 10:35:31,noise
debit,1486.96,ACCT3017433,BRANCH68,Uma Anderson,ACCT5265659,2025-08-05 08:09:59,noise
debit,953.0,,BRANCH68,Uma Anderson,ACCT5265659,2025-08-05 17:25:35,noise
debit,36086.94,ACCT1466449,BRANCH68,Uma Anderson,ACCT5265659,2025-12-08 22:50:16,noise
debit,12202.81,ACCT1466449,BRANCH68,Uma Anderson,ACCT5265659,2025-12-28 23:24:19,noise
debit,10968.77,ACCT1466449,BRANCH68,Uma Anderson,ACCT5265659,2025-12-13 03:44:57,noise
debit,43145.33,ACCT1466449,BRANCH68,Uma Anderson,ACCT5265659,2025-12-21 06:18:37,noise
debit,9220.77,ACCT1466449,BRANCH68,Uma Anderson,ACCT5265659,2025-12-30 05:14:01,noise
debit,25243.72,ACCT1466449,BRANCH68,Uma Anderson,ACCT5265659,2025-12-30 01:28:48,noise
debit,1290.19,,BRANCH64,Tomas Silva,ACCT9867074,2025-10-02 11:11:27,noise
credit,1348.85,ACCT3743757,BRANCH32,Tomas Silva,ACCT9867074,2025-09-29 17:43:50,noise
debit,114.43,ACCT4491659,BRANCH64,Tomas Silva,ACCT9867074,2025-09-26 02:20:44,noise
debit,306.97,,BRANCH64,Tomas Silva,ACCT9867074,2025-09-26 15:01:45,noise
debit,203.33,,BRANCH64,Tomas Silva,ACCT9867074,2025-09-25 10:27:45,noise
credit,235.4,,BRANCH64,Tomas Silva,ACCT9867074,2025-09-25 10:38:00,noise
credit,727.56,,BRANCH41,Tomas Silva,ACCT9867074,2025-09-23 12:45:57,noise
credit,1501.0,,BRANCH73,Tomas Silva,ACCT9867074,2025-09-23 16:13:19,noise
credit,68.56,,BRANCH64,Tomas Silva,ACCT9867074,2025-09-19 11:17:45,noise
debit,2259.64,ACCT3743757,BRANCH87,Tomas Silva,ACCT9867074,2025-09-15 22:09:27,noise
credit,328.33,,BRANCH64,Tomas Silva,ACCT9867074,2025-09-12 08:12:16,noise
debit,864.96,ACCT1128112,BRANCH64,Tomas Silva,ACCT9867074,2025-09-12 18:18:43,noise
credit,643.25,,BRANCH64,Tomas Silva,ACCT9867074,2025-09-11 15:25:07,noise
credit,441.1,,BRANCH64,Tomas Silva,ACCT9867074,2025-09-10 17:26:16,noise
credit,1635.08,,BRANCH64,Tomas Silva,ACCT9867074,2025-09-09 17:16:58,noise
credit,921.69,,BRANCH64,Tomas Silva,ACCT9867074,2025-09-07 10:12:43,noise
credit,2302.01,,BRANCH64,Tomas Silva,ACCT9867074,2025-09-07 19:32:47,noise
debit,503.69,,BRANCH79,Tomas Silva,ACCT9867074,2025-08-30 17:00:05,noise
credit,203.05,,BRANCH64,Tomas Silva,ACCT9867074,2025-08-28 18:19:50,noise
credit,225.56,,BRANCH64,Tomas Silva,ACCT9867074,2025-08-25 09:02:13,noise
debit,3649.73,,BRANCH64,Tomas Silva,ACCT9867074,2025-08-24 14:25:58,noise
debit,497.07,,BRANCH64,Tomas Silva,ACCT9867074,2025-08-23 08:41:45,noise
debit,946.81,,BRANCH71,Tomas Silva,ACCT9867074,2025-08-22 05:35:01,noise
credit,820.91,ACCT4249035,BRANCH64,Tomas Silva,ACCT9867074,2025-08-20 13:39:39,noise
credit,798.87,ACCT1733313,BRANCH64,Tomas Silva,ACCT9867074,2025-08-19 20:14:13,noise
credit,2952.33,,BRANCH64,Tomas Silva,ACCT9867074,2025-08-18 15:36:02,noise
credit,1340.52,,BRANCH64,Tomas Silva,ACCT9867074,2025-08-17 09:07:40,noise
debit,1855.09,,BRANCH14,Tomas Silva,ACCT9867074,2025-08-15 14:13:28,noise
credit,234.3,ACCT5265659,BRANCH64,Tomas Silva,ACCT9867074,2025-08-12 10:02:48,noise
credit,285.12,ACCT6542581,BRANCH64,Tomas Silva,ACCT9867074,2025-08-10 17:14:41,noise
credit,239.14,,BRANCH29,Tomas Silva,ACCT9867074,2025-08-07 12:39:30,noise
debit,535.52,,BRANCH64,Tomas Silva,ACCT9867074,2025-08-04 17:22:21,noise
debit,42219.1,ACCT1587661,BRANCH64,Tomas Silva,ACCT9867074,2025-12-13 20:30:13,noise
debit,46110.45,ACCT1587661,BRANCH64,Tomas Silva,ACCT9867074,2025-12-20 05:29:30,noise
debit,39972.65,ACCT1587661,BRANCH64,Tomas Silva,ACCT9867074,2025-12-13 04:20:24,noise
debit,21861.03,ACCT1587661,BRANCH64,Tomas Silva,ACCT9867074,2025-12-21 11:31:43,noise
debit,18202.43,ACCT1587661,BRANCH64,Tomas Silva,ACCT9867074,2025-12-06 14:33:29,noise
debit,12849.7,ACCT1587661,BRANCH64,Tomas Silva,ACCT9867074,2025-12-24 23:23:43,noise
debit,856.79,,BRANCH56,Ana Zhou,ACCT4794410,2025-10-01 20:19:02,noise
credit,1977.81,,BRANCH56,Ana Zhou,ACCT4794410,2025-09-30 20:08:39,noise
credit,923.24,,BRANCH56,Ana Zhou,ACCT4794410,2025-09-30 14:38:42,noise
credit,3621.53,,BRANCH76,Ana Zhou,ACCT4794410,2025-09-29 18:36:51,noise
debit,258.31,,BRANCH56,Ana Zhou,ACCT4794410,2025-09-28 12:10:48,noise
debit,2547.71,,BRANCH56,Ana Zhou,ACCT4794410,2025-09-28 16:36:58,noise
credit,1037.33,,BRANCH56,Ana Zhou,ACCT4794410,2025-09-24 13:10:57,noise
debit,549.58,ACCT6516709,BRANCH56,Ana Zhou,ACCT4794410,2025-09-24 16:30:51,noise
credit,2883.34,ACCT3487212,BRANCH56,Ana Zhou,ACCT4794410,2025-09-22 17:08:02,noise
debit,607.13,ACCT5155574,BRANCH59,Ana Zhou,ACCT4794410,2025-09-21 12:31:18,noise
debit,243.45,,BRANCH26,Ana Zhou,ACCT4794410,2025-09-21 00:30:30,noise
credit,189.83,,BRANCH56,Ana Zhou,ACCT4794410,2025-09-19 14:42:10,noise
credit,845.89,ACCT8265355,BRANCH56,Ana Zhou,ACCT4794410,2025-09-17 11:41:31,noise
debit,839.05,,BRANCH56,Ana Zhou,ACCT4794410,2025-09-16 16:31:06,noise
credit,533.97,ACCT9211559,BRANCH56,Ana Zhou,ACCT4794410,2025-09-15 17:00:30,noise
credit,1098.94,,BRANCH54,Ana Zhou,ACCT4794410,2025-09-15 15:31:45,noise
debit,742.78,,BRANCH23,Ana Zhou,ACCT4794410,2025-09-14 17:29:01,noise
debit,290.57,,BRANCH56,Ana Zhou,ACCT4794410,2025-09-13 09:11:25,noise
debit,584.7,,BRANCH56,Ana Zhou,ACCT4794410,2025-09-12 19:01:01,noise
credit,295.94,,BRANCH56,Ana Zhou,ACCT4794410,2025-09-11 10:26:40,noise
debit,322.9,,BRANCH56,Ana Zhou,ACCT4794410,2025-09-11 18:10:11,noise
debit,613.41,ACCT6037115,BRANCH56,Ana Zhou,ACCT4794410,2025-09-10 15:25:04,noise
debit,1415.56,,BRANCH56,Ana Zhou,ACCT4794410,2025-09-09 19:03:09,noise
credit,494.14,,BRANCH56,Ana Zhou,ACCT4794410,2025-09-09 16:11:24,noise
debit,148.35,,BRANCH56,Ana Zhou,ACCT4794410,2025-09-07 17:19:31,noise
debit,3000.0,ACCT5622927,BRANCH96,Ana Zhou,ACCT4794410,2025-09-06 11:43:13,noise
debit,2641.51,,BRANCH56,Ana Zhou,ACCT4794410,2025-09-06 13:24:02,noise
debit,1898.02,,BRANCH56,Ana Zhou,ACCT4794410,2025-09-05 14:31:37,noise
debit,1896.71,,BRANCH56,Ana Zhou,ACCT4794410,2025-09-02 13:36:39,noise
debit,618.52,,BRANCH56,Ana Zhou,ACCT4794410,2025-08-30 10:04:30,noise
credit,81.52,,BRANCH56,Ana Zhou,ACCT4794410,2025-08-28 18:20:04,noise
debit,299.16,,BRANCH56,Ana Zhou,ACCT4794410,2025-08-25 13:17:52,noise
credit,473.4,,BRANCH56,Ana Zhou,ACCT4794410,2025-08-24 12:33:36,noise
debit,1121.73,,BRANCH56,Ana Zhou,ACCT4794410,2025-08-20 04:14:26,noise
credit,803.1,ACCT1549851,BRANCH56,Ana Zhou,ACCT4794410,2025-08-20 12:30:51,noise
credit,686.55,,BRANCH56,Ana Zhou,ACCT4794410,2025-08-12 18:10:30,noise
debit,729.87,,BRANCH56,Ana Zhou,ACCT4794410,2025-08-10 01:36:19,noise
credit,1428.83,ACCT2355749,BRANCH56,Ana Zhou,ACCT4794410,2025-08-08 15:22:30,noise
credit,436.47,,BRANCH88,Ana Zhou,ACCT4794410,2025-08-05 20:36:43,noise
debit,34306.47,ACCT1361805,BRANCH56,Ana Zhou,ACCT4794410,2025-12-15 22:45:43,noise
debit,38879.95,ACCT1361805,BRANCH56,Ana Zhou,ACCT4794410,2025-12-12 20:48:09,noise
debit,16360.23,ACCT1361805,BRANCH56,Ana Zhou,ACCT4794410,2025-11-28 13:39:45,noise
debit,15195.95,ACCT1361805,BRANCH56,Ana Zhou,ACCT4794410,2025-12-26 12:42:30,noise
debit,16560.26,ACCT1361805,BRANCH56,Ana Zhou,ACCT4794410,2025-12-25 07:44:56,noise
debit,5355.65,ACCT1361805,BRANCH56,Ana Zhou,ACCT4794410,2025-12-24 01:23:35,noise
credit,9144.69,ACCT3017433,BRANCH56,Raj Patida,ACCT4386981,2025-12-07 00:11:55,noise
credit,6522.21,ACCT8422936,BRANCH56,Raj Patida,ACCT4386981,2025-11-23 05:21:47,noise
credit,18871.24,ACCT3708096,BRANCH56,Raj Patida,ACCT4386981,2025-12-27 02:15:14,noise
credit,9664.36,ACCT3432695,BRANCH56,Raj Patida,ACCT4386981,2025-12-10 02:05:13,noise
credit,15146.81,ACCT3487212,BRANCH56,Raj Patida,ACCT4386981,2025-11-18 01:16:08,noise
credit,7992.83,ACCT8982913,BRANCH56,Raj Patida,ACCT4386981,2025-12-14 22:22:44,noise
credit,6571.8,ACCT3017433,BRANCH56,Raj Patida,ACCT4386981,2025-12-21 00:30:32,noise
credit,18089.46,ACCT8265355,BRANCH56,Raj Patida,ACCT4386981,2025-11-18 19:00:04,noise
credit,13248.28,ACCT5061927,BRANCH59,Leo Carlos,ACCT5316898,2025-12-15 20:14:52,noise
credit,14479.74,ACCT4605506,BRANCH59,Leo Carlos,ACCT5316898,2025-11-24 19:03:56,noise
credit,7740.79,ACCT1627082,BRANCH59,Leo Carlos,ACCT5316898,2025-11-19 23:24:38,noise
credit,8326.4,ACCT4184965,BRANCH59,Leo Carlos,ACCT5316898,2025-12-09 01:05:06,noise
credit,515.97,ACCT3528995,BRANCH40,Sara Patida,ACCT3017433,2025-09-30 14:08:46,noise
credit,668.47,,BRANCH40,Sara Patida,ACCT3017433,2025-09-30 15:22:00,noise
debit,1443.82,,BRANCH46,Sara Patida,ACCT3017433,2025-09-29 18:05:05,noise
debit,238.39,ACCT3243346,BRANCH91,Sara Patida,ACCT3017433,2025-09-29 13:23:46,noise
credit,980.22,,BRANCH40,Sara Patida,ACCT3017433,2025-09-28 19:26:50,noise
debit,567.77,,BRANCH40,Sara Patida,ACCT3017433,2025-09-25 16:18:21,noise
credit,889.36,ACCT4184965,BRANCH51,Sara Patida,ACCT3017433,2025-09-25 20:09:28,noise
credit,606.83,ACCT2778698,BRANCH40,Sara Patida,ACCT3017433,2025-09-24 18:32:11,noise
credit,354.5,ACCT1365831,BRANCH27,Sara Patida,ACCT3017433,2025-09-23 12:29:15,noise
credit,3520.59,,BRANCH40,Sara Patida,ACCT3017433,2025-09-20 16:39:36,noise
credit,731.17,,BRANCH40,Sara Patida,ACCT3017433,2025-09-20 13:28:48,noise
debit,175.59,,BRANCH43,Sara Patida,ACCT3017433,2025-09-17 13:12:19,noise
debit,187.68,,BRANCH40,Sara Patida,ACCT3017433,2025-09-17 14:22:40,noise
credit,694.86,,BRANCH40,Sara Patida,ACCT3017433,2025-09-15 20:19:06,noise
debit,813.15,,BRANCH40,Sara Patida,ACCT3017433,2025-09-13 22:29:09,noise
debit,333.75,,BRANCH40,Sara Patida,ACCT3017433,2025-09-12 20:08:34,noise
credit,600.96,ACCT8238482,BRANCH40,Sara Patida,ACCT3017433,2025-09-10 13:29:44,noise
debit,707.8,,BRANCH40,Sara Patida,ACCT3017433,2025-09-08 12:24:31,noise
credit,165.79,,BRANCH40,Sara Patida,ACCT3017433,2025-09-07 13:32:45,noise
credit,1264.84,,BRANCH40,Sara Patida,ACCT3017433,2025-09-07 11:00:51,noise
debit,1563.88,,BRANCH56,Sara Patida,ACCT3017433,2025-09-06 09:35:06,noise
credit,498.93,,BRANCH61,Sara Patida,ACCT3017433,2025-09-06 12:05:37,noise
debit,569.07,ACCT4915903,BRANCH40,Sara Patida,ACCT3017433,2025-09-04 18:20:22,noise
debit,4027.02,,BRANCH20,Sara Patida,ACCT3017433,2025-09-03 11:24:55,noise
credit,937.67,,BRANCH66,Sara Patida,ACCT3017433,2025-09-01 09:32:02,noise
credit,5559.72,,BRANCH40,Sara Patida,ACCT3017433,2025-08-31 17:14:52,noise
debit,718.34,ACCT3509069,BRANCH76,Sara Patida,ACCT3017433,2025-08-31 10:27:22,noise
debit,614.2,,BRANCH89,Sara Patida,ACCT3017433,2025-08-28 16:24:06,noise
credit,1987.3,,BRANCH40,Sara Patida,ACCT3017433,2025-08-26 16:08:12,noise
debit,83.81,ACCT3722972,BRANCH40,Sara Patida,ACCT3017433,2025-08-26 11:25:30,noise
debit,2586.17,,BRANCH40,Sara Patida,ACCT3017433,2025-08-23 20:19:15,noise
credit,397.64,,BRANCH40,Sara Patida,ACCT3017433,2025-08-19 15:42:27,noise
credit,542.73,,BRANCH40,Sara Patida,ACCT3017433,2025-08-17 01:02:51,noise
credit,166.04,,BRANCH40,Sara Patida,ACCT3017433,2025-08-17 13:21:23,noise
credit,956.85,,BRANCH40,Sara Patida,ACCT3017433,2025-08-14 18:32:29,noise
credit,803.49,,BRANCH86,Sara Patida,ACCT3017433,2025-08-14 14:36:50,noise
debit,623.87,ACCT9545640,BRANCH40,Sara Patida,ACCT3017433,2025-08-11 23:08:46,noise
debit,366.42,,BRANCH40,Sara Patida,ACCT3017433,2025-08-10 01:40:31,noise
debit,840.05,ACCT4184965,BRANCH40,Sara Patida,ACCT3017433,2025-08-08 17:29:24,noise
debit,314.67,ACCT7774750,BRANCH40,Sara Patida,ACCT3017433,2025-08-08 11:10:32,noise
debit,293.16,,BRANCH44,Sara Patida,ACCT3017433,2025-08-07 18:25:58,noise
debit,701.71,,BRANCH40,Sara Patida,ACCT3017433,2025-08-06 22:21:41,noise
debit,922.86,,BRANCH40,Sara Patida,ACCT3017433,2025-08-05 11:07:57,noise
credit,842.35,ACCT6209543,BRANCH40,Sara Patida,ACCT3017433,2025-12-12 19:03:37,noise
credit,862.66,ACCT5265659,BRANCH40,Sara Patida,ACCT3017433,2025-12-12 18:24:29,noise
credit,1649.39,ACCT3743757,BRANCH40,Sara Patida,ACCT3017433,2025-12-12 05:02:49,noise
credit,2134.19,ACCT6234336,BRANCH40,Sara Patida,ACCT3017433,2025-12-12 21:25:27,noise
credit,1331.67,ACCT1733313,BRANCH40,Sara Patida,ACCT3017433,2025-12-12 01:16:35,noise
credit,992.36,ACCT2513942,BRANCH40,Sara Patida,ACCT3017433,2025-12-12 20:11:13,noise
credit,1693.51,ACCT4281720,BRANCH40,Sara Patida,ACCT3017433,2025-12-12 00:19:00,noise
credit,898.23,ACCT8422936,BRANCH40,Sara Patida,ACCT3017433,2025-12-12 06:25:18,noise
credit,1991.25,ACCT1365831,BRANCH40,Sara Patida,ACCT3017433,2025-12-12 03:05:16,noise
credit,2451.79,ACCT7808547,BRANCH40,Sara Patida,ACCT3017433,2025-12-12 05:01:45,noise
credit,2048.13,ACCT9211559,BRANCH40,Sara Patida,ACCT3017433,2025-12-12 00:09:44,noise
credit,884.71,ACCT2357788,BRANCH40,Sara Patida,ACCT3017433,2025-12-12 04:00:02,noise
credit,1949.23,ACCT2286500,BRANCH40,Sara Patida,ACCT3017433,2025-12-12 00:28:20,noise
debit,938.14,ACCT8701268,BRANCH40,Sara Patida,ACCT3017433,2025-12-14 08:02:52,noise
debit,1149.8,ACCT7881766,BRANCH40,Sara Patida,ACCT3017433,2025-12-14 08:15:48,noise
debit,777.15,ACCT7881766,BRANCH40,Sara Patida,ACCT3017433,2025-12-14 11:04:06,noise
debit,1104.63,ACCT2843039,BRANCH40,Sara Patida,ACCT3017433,2025-12-14 17:02:14,noise
debit,1154.22,ACCT4151250,BRANCH40,Sara Patida,ACCT3017433,2025-12-14 12:12:05,noise
debit,1509.37,ACCT3421734,BRANCH40,Sara Patida,ACCT3017433,2025-12-14 06:22:36,noise
debit,1580.65,ACCT6282119,BRANCH40,Sara Patida,ACCT3017433,2025-12-14 04:01:50,noise
debit,1128.33,ACCT9103551,BRANCH40,Sara Patida,ACCT3017433,2025-12-14 15:08:39,noise
debit,1526.48,ACCT9103551,BRANCH40,Sara Patida,ACCT3017433,2025-12-14 11:18:54,noise
debit,1113.79,ACCT3272721,BRANCH40,Sara Patida,ACCT3017433,2025-12-14 00:14:52,noise
debit,1309.78,ACCT3421734,BRANCH40,Sara Patida,ACCT3017433,2025-12-14 06:13:13,noise
debit,1588.7,ACCT9137087,BRANCH40,Sara Patida,ACCT3017433,2025-12-14 08:11:45,noise
debit,1454.71,ACCT8791433,BRANCH40,Sara Patida,ACCT3017433,2025-12-14 07:21:57,noise
credit,518.67,ACCT8238482,BRANCH88,Grace Duarte,ACCT2355749,2025-10-03 20:09:06,noise
debit,291.78,,BRANCH88,Grace Duarte,ACCT2355749,2025-10-03 09:35:13,noise
credit,873.11,,BRANCH88,Grace Duarte,ACCT2355749,2025-10-01 22:19:55,noise
credit,538.37,ACCT1122483,BRANCH10,Grace Duarte,ACCT2355749,2025-10-01 09:45:28,noise
credit,1668.2,ACCT3243346,BRANCH88,Grace Duarte,ACCT2355749,2025-09-28 08:26:50,noise
debit,229.47,,BRANCH71,Grace Duarte,ACCT2355749,2025-09-27 16:12:35,noise
credit,1151.64,ACCT9867074,BRANCH88,Grace Duarte,ACCT2355749,2025-09-27 13:06:50,noise
debit,374.22,,BRANCH88,Grace Duarte,ACCT2355749,2025-09-26 10:00:57,noise
credit,3561.32,,BRANCH88,Grace Duarte,ACCT2355749,2025-09-25 13:28:23,noise
credit,1014.24,ACCT7808547,BRANCH52,Grace Duarte,ACCT2355749,2025-09-23 09:18:56,noise
credit,353.64,,BRANCH88,Grace Duarte,ACCT2355749,2025-09-17 12:08:38,noise
credit,2234.37,,BRANCH88,Grace Duarte,ACCT2355749,2025-09-15 18:03:47,noise
credit,1123.31,ACCT1365831,BRANCH88,Grace Duarte,ACCT2355749,2025-09-14 20:19:18,noise
credit,320.7,,BRANCH54,Grace Duarte,ACCT2355749,2025-09-14 17:34:03,noise
credit,327.97,,BRANCH88,Grace Duarte,ACCT2355749,2025-09-13 19:07:42,noise
credit,1605.1,,BRANCH88,Grace Duarte,ACCT2355749,2025-09-12 13:31:08,noise
debit,847.8,,BRANCH18,Grace Duarte,ACCT2355749,2025-09-10 20:35:08,noise
credit,1292.38,,BRANCH88,Grace Duarte,ACCT2355749,2025-09-10 08:39:26,noise
credit,65.35,,BRANCH88,Grace Duarte,ACCT2355749,2025-09-04 22:20:24,noise
credit,384.21,,BRANCH88,Grace Duarte,ACCT2355749,2025-09-03 13:29:41,noise
debit,458.3,ACCT1733313,BRANCH88,Grace Duarte,ACCT2355749,2025-08-30 15:07:16,noise
debit,310.32,,BRANCH88,Grace Duarte,ACCT2355749,2025-08-30 20:13:12,noise
credit,807.0,,BRANCH88,Grace Duarte,ACCT2355749,2025-08-29 13:08:16,noise
debit,1254.53,,BRANCH88,Grace Duarte,ACCT2355749,2025-08-28 22:19:23,noise
credit,677.69,ACCT8422936,BRANCH88,Grace Duarte,ACCT2355749,2025-08-28 14:37:44,noise
credit,1639.62,,BRANCH88,Grace Duarte,ACCT2355749,2025-08-26 23:22:34,noise
credit,831.4,,BRANCH88,Grace Duarte,ACCT2355749,2025-08-23 03:04:23,noise
credit,2397.77,,BRANCH87,Grace Duarte,ACCT2355749,2025-08-21 10:04:35,noise
debit,1623.38,ACCT9119768,BRANCH41,Grace Duarte,ACCT2355749,2025-08-21 18:13:58,noise
credit,524.2,,BRANCH88,Grace Duarte,ACCT2355749,2025-08-20 14:06:54,noise
credit,335.15,,BRANCH73,Grace Duarte,ACCT2355749,2025-08-17 11:09:36,noise
credit,676.76,,BRANCH76,Grace Duarte,ACCT2355749,2025-08-16 13:24:57,noise
debit,306.93,,BRANCH88,Grace Duarte,ACCT2355749,2025-08-13 15:20:26,noise
debit,728.1,ACCT5316898,BRANCH88,Grace Duarte,ACCT2355749,2025-08-12 21:13:09,noise
credit,1050.2,,BRANCH88,Grace Duarte,ACCT2355749,2025-08-07 11:08:14,noise
credit,200.73,,BRANCH48,Grace Duarte,ACCT2355749,2025-08-05 12:42:35,noise
credit,2535.56,,BRANCH59,Grace Duarte,ACCT2355749,2025-08-05 18:34:34,noise
debit,1579.2,ACCT9103551,BRANCH15,Grace Duarte,ACCT2355749,2025-08-04 10:14:20,noise
credit,1103.95,ACCT1204317,BRANCH88,Grace Duarte,ACCT2355749,2025-12-27 06:19:28,noise
credit,1637.55,ACCT4915903,BRANCH88,Grace Duarte,ACCT2355749,2025-12-27 22:29:34,noise
credit,1106.65,ACCT2843039,BRANCH88,Grace Duarte,ACCT2355749,2025-12-27 09:27:23,noise
credit,891.33,ACCT3421734,BRANCH88,Grace Duarte,ACCT2355749,2025-12-27 21:15:57,noise
credit,1273.45,ACCT5915579,BRANCH88,Grace Duarte,ACCT2355749,2025-12-27 18:30:36,noise
credit,2444.32,ACCT5316898,BRANCH88,Grace Duarte,ACCT2355749,2025-12-27 22:20:09,noise
credit,1876.09,ACCT5246588,BRANCH88,Grace Duarte,ACCT2355749,2025-12-27 19:21:05,noise
credit,1365.3,ACCT1128112,BRANCH88,Grace Duarte,ACCT2355749,2025-12-27 21:21:04,noise
credit,1544.31,ACCT1466449,BRANCH88,Grace Duarte,ACCT2355749,2025-12-27 00:07:33,noise
credit,2359.23,ACCT4234895,BRANCH88,Grace Duarte,ACCT2355749,2025-12-27 12:14:06,noise
credit,1756.24,ACCT1587661,BRANCH88,Grace Duarte,ACCT2355749,2025-12-27 04:24:52,noise
credit,2410.5,ACCT8749915,BRANCH88,Grace Duarte,ACCT2355749,2025-12-27 19:22:15,noise
credit,2032.73,ACCT9137087,BRANCH88,Grace Duarte,ACCT2355749,2025-12-27 20:15:46,noise
debit,873.21,ACCT3708096,BRANCH88,Grace Duarte,ACCT2355749,2025-12-30 23:06:51,noise
debit,1662.16,ACCT1587661,BRANCH88,Grace Duarte,ACCT2355749,2025-12-30 00:16:46,noise
debit,788.03,ACCT3743757,BRANCH88,Grace Duarte,ACCT2355749,2025-12-30 03:07:53,noise
debit,655.57,ACCT5316898,BRANCH88,Grace Duarte,ACCT2355749,2025-12-30 03:15:39,noise
debit,1306.14,ACCT5235640,BRANCH88,Grace Duarte,ACCT2355749,2025-12-30 06:18:39,noise
debit,1471.03,ACCT2733926,BRANCH88,Grace Duarte,ACCT2355749,2025-12-30 17:11:34,noise
debit,671.55,ACCT5235640,BRANCH88,Grace Duarte,ACCT2355749,2025-12-30 02:00:13,noise
debit,854.68,ACCT8528071,BRANCH88,Grace Duarte,ACCT2355749,2025-12-30 05:26:07,noise
debit,1111.53,ACCT2778698,BRANCH88,Grace Duarte,ACCT2355749,2025-12-30 10:17:35,noise
debit,514.36,ACCT6542581,BRANCH88,Grace Duarte,ACCT2355749,2025-12-30 07:16:16,noise
debit,1096.81,ACCT6209543,BRANCH88,Grace Duarte,ACCT2355749,2025-12-30 06:25:46,noise
debit,1199.68,ACCT5316898,BRANCH88,Grace Duarte,ACCT2355749,2025-12-30 11:07:10,noise
debit,413.73,,BRANCH77,Jin Chen,ACCT5915579,2025-10-03 17:17:57,noise
credit,261.94,ACCT8749915,BRANCH77,Jin Chen,ACCT5915579,2025-09-27 09:15:57,noise
debit,734.74,,BRANCH29,Jin Chen,ACCT5915579,2025-09-25 14:32:15,noise
credit,474.01,ACCT4234895,BRANCH77,Jin Chen,ACCT5915579,2025-09-23 10:04:59,noise
debit,114.42,,BRANCH66,Jin Chen,ACCT5915579,2025-09-21 14:02:46,noise
debit,401.17,,BRANCH77,Jin Chen,ACCT5915579,2025-09-20 09:04:49,noise
debit,1140.6,,BRANCH77,Jin Chen,ACCT5915579,2025-09-18 14:09:36,noise
credit,1336.8,,BRANCH77,Jin Chen,ACCT5915579,2025-09-18 14:23:01,noise
credit,339.41,,BRANCH77,Jin Chen,ACCT5915579,2025-09-15 10:15:22,noise
credit,1353.31,,BRANCH20,Jin Chen,ACCT5915579,2025-09-14 23:29:42,noise
credit,1251.71,,BRANCH77,Jin Chen,ACCT5915579,2025-09-14 16:19:53,noise
credit,202.8,,BRANCH77,Jin Chen,ACCT5915579,2025-09-13 20:30:54,noise
credit,2204.37,ACCT9211559,BRANCH92,Jin Chen,ACCT5915579,2025-09-12 15:01:09,noise
credit,894.26,ACCT1361805,BRANCH77,Jin Chen,ACCT5915579,2025-09-11 04:04:23,noise
debit,676.92,,BRANCH77,Jin Chen,ACCT5915579,2025-09-11 11:38:01,noise
credit,457.32,,BRANCH77,Jin Chen,ACCT5915579,2025-09-09 03:45:55,noise
debit,3633.78,,BRANCH77,Jin Chen,ACCT5915579,2025-09-09 09:43:18,noise
debit,1033.36,,BRANCH77,Jin Chen,ACCT5915579,2025-09-08 14:06:55,noise
credit,232.51,,BRANCH77,Jin Chen,ACCT5915579,2025-09-07 01:13:50,noise
debit,1451.65,ACCT2371050,BRANCH77,Jin Chen,ACCT5915579,2025-09-05 13:31:22,noise
credit,4507.0,,BRANCH77,Jin Chen,ACCT5915579,2025-09-04 08:33:10,noise
debit,5165.81,,BRANCH85,Jin Chen,ACCT5915579,2025-09-04 19:44:42,noise
debit,591.58,,BRANCH77,Jin Chen,ACCT5915579,2025-09-01 17:05:12,noise
credit,420.76,ACCT1361805,BRANCH64,Jin Chen,ACCT5915579,2025-08-31 15:29:07,noise
credit,591.81,,BRANCH77,Jin Chen,ACCT5915579,2025-08-30 18:35:26,noise
credit,411.48,,BRANCH77,Jin Chen,ACCT5915579,2025-08-30 13:06:57,noise
debit,2218.21,,BRANCH98,Jin Chen,ACCT5915579,2025-08-29 15:02:09,noise
credit,447.69,ACCT7881766,BRANCH77,Jin Chen,ACCT5915579,2025-08-20 08:39:36,noise
credit,1339.58,,BRANCH77,Jin Chen,ACCT5915579,2025-08-14 05:36:11,noise
credit,271.92,ACCT1466449,BRANCH23,Jin Chen,ACCT5915579,2025-08-14 16:44:37,noise
credit,128.23,,BRANCH67,Jin Chen,ACCT5915579,2025-08-13 14:03:21,noise
credit,467.13,,BRANCH77,Jin Chen,ACCT5915579,2025-08-12 09:26:07,noise
debit,579.71,,BRANCH69,Jin Chen,ACCT5915579,2025-08-12 08:03:44,noise
debit,154.34,,BRANCH69,Jin Chen,ACCT5915579,2025-08-11 14:43:11,noise
credit,1208.29,,BRANCH77,Jin Chen,ACCT5915579,2025-08-11 08:11:25,noise
credit,1254.93,,BRANCH77,Jin Chen,ACCT5915579,2025-08-10 14:45:56,noise
debit,638.55,,BRANCH44,Jin Chen,ACCT5915579,2025-08-10 15:04:52,noise
debit,2631.73,ACCT9211559,BRANCH99,Jin Chen,ACCT5915579,2025-08-09 20:11:04,noise
credit,4118.15,,BRANCH54,Jin Chen,ACCT5915579,2025-08-08 13:11:13,noise
credit,508.0,ACCT7016433,BRANCH77,Jin Chen,ACCT5915579,2025-08-08 17:22:54,noise
debit,1050.32,ACCT2355749,BRANCH77,Jin Chen,ACCT5915579,2025-08-07 16:19:25,noise
credit,450.59,,BRANCH77,Jin Chen,ACCT5915579,2025-08-05 09:44:13,noise
credit,637.33,,BRANCH77,Jin Chen,ACCT5915579,2025-08-04 08:38:30,noise
credit,1686.45,ACCT4203708,BRANCH77,Jin Chen,ACCT5915579,2025-12-22 03:28:45,noise
credit,1496.94,ACCT8701268,BRANCH77,Jin Chen,ACCT5915579,2025-12-22 02:17:13,noise
credit,1660.11,ACCT3487212,BRANCH77,Jin Chen,ACCT5915579,2025-12-22 21:27:19,noise
credit,1576.74,ACCT4506771,BRANCH77,Jin Chen,ACCT5915579,2025-12-22 23:10:33,noise
credit,1635.41,ACCT3017433,BRANCH77,Jin Chen,ACCT5915579,2025-12-22 02:05:50,noise
credit,1806.66,ACCT4506771,BRANCH77,Jin Chen,ACCT5915579,2025-12-22 15:15:19,noise
credit,1511.73,ACCT6724761,BRANCH77,Jin Chen,ACCT5915579,2025-12-22 01:08:59,noise
credit,2027.38,ACCT4605506,BRANCH77,Jin Chen,ACCT5915579,2025-12-22 03:24:17,noise
debit,1771.55,ACCT4506771,BRANCH77,Jin Chen,ACCT5915579,2025-12-23 03:11:24,noise
debit,1764.48,ACCT9211559,BRANCH77,Jin Chen,ACCT5915579,2025-12-23 00:10:48,noise
debit,1758.05,ACCT1122483,BRANCH77,Jin Chen,ACCT5915579,2025-12-23 11:07:38,noise
debit,765.24,ACCT2211847,BRANCH77,Jin Chen,ACCT5915579,2025-12-23 03:11:31,noise
debit,829.51,ACCT6516709,BRANCH77,Jin Chen,ACCT5915579,2025-12-23 02:17:38,noise
debit,1558.14,ACCT3432695,BRANCH77,Jin Chen,ACCT5915579,2025-12-23 02:22:56,noise
debit,510.68,ACCT6516709,BRANCH77,Jin Chen,ACCT5915579,2025-12-23 05:29:09,noise
debit,1368.17,ACCT3101582,BRANCH77,Jin Chen,ACCT5915579,2025-12-23 00:28:34,noise
debit,506.53,ACCT2355749,BRANCH77,Jin Chen,ACCT5915579,2025-12-23 05:06:10,noise
debit,541.35,ACCT5622927,BRANCH77,Jin Chen,ACCT5915579,2025-12-23 22:30:43,noise
debit,614.21,ACCT3487212,BRANCH77,Jin Chen,ACCT5915579,2025-12-23 02:17:47,noise
debit,639.77,ACCT8265355,BRANCH77,Jin Chen,ACCT5915579,2025-12-23 10:11:19,noise
debit,1686.27,ACCT1133454,BRANCH77,Jin Chen,ACCT5915579,2025-12-23 14:16:15,noise
debit,759.48,ACCT2843039,BRANCH77,Jin Chen,ACCT5915579,2025-12-23 10:06:44,noise
credit,604.4,,BRANCH44,Fahad Tanaka,ACCT8749915,2025-09-29 15:44:29,noise
debit,518.66,,BRANCH67,Fahad Tanaka,ACCT8749915,2025-09-29 12:43:05,noise
credit,1266.22,,BRANCH67,Fahad Tanaka,ACCT8749915,2025-09-28 11:25:33,noise
debit,705.55,,BRANCH67,Fahad Tanaka,ACCT8749915,2025-09-26 18:45:44,noise
credit,1783.75,,BRANCH52,Fahad Tanaka,ACCT8749915,2025-09-26 15:32:44,noise
debit,1114.68,,BRANCH67,Fahad Tanaka,ACCT8749915,2025-09-24 15:19:49,noise
credit,247.3,ACCT3421734,BRANCH58,Fahad Tanaka,ACCT8749915,2025-09-22 20:26:26,noise
debit,155.85,,BRANCH95,Fahad Tanaka,ACCT8749915,2025-09-22 04:45:40,noise
debit,2285.58,,BRANCH67,Fahad Tanaka,ACCT8749915,2025-09-18 17:05:25,noise
credit,1599.81,,BRANCH21,Fahad Tanaka,ACCT8749915,2025-09-18 00:21:39,noise
credit,322.95,,BRANCH67,Fahad Tanaka,ACCT8749915,2025-09-15 08:05:16,noise
debit,1644.94,,BRANCH67,Fahad Tanaka,ACCT8749915,2025-09-14 18:02:57,noise
credit,907.54,,BRANCH67,Fahad Tanaka,ACCT8749915,2025-09-11 18:22:45,noise
debit,112.64,,BRANCH67,Fahad Tanaka,ACCT8749915,2025-09-10 09:37:48,noise
debit,672.15,,BRANCH67,Fahad Tanaka,ACCT8749915,2025-09-10 11:25:50,noise
debit,1376.87,,BRANCH67,Fahad Tanaka,ACCT8749915,2025-09-09 03:43:24,noise
credit,1561.94,ACCT9119768,BRANCH67,Fahad Tanaka,ACCT8749915,2025-09-08 14:18:55,noise
credit,881.08,,BRANCH67,Fahad Tanaka,ACCT8749915,2025-09-08 17:42:49,noise
debit,1461.31,,BRANCH67,Fahad Tanaka,ACCT8749915,2025-09-02 19:08:08,noise
debit,4988.86,,BRANCH67,Fahad Tanaka,ACCT8749915,2025-09-02 10:10:28,noise
debit,582.0,,BRANCH67,Fahad Tanaka,ACCT8749915,2025-09-01 00:14:05,noise
debit,200.78,,BRANCH32,Fahad Tanaka,ACCT8749915,2025-08-30 12:35:45,noise
credit,618.18,,BRANCH67,Fahad Tanaka,ACCT8749915,2025-08-29 20:39:50,noise
debit,222.56,ACCT7881766,BRANCH67,Fahad Tanaka,ACCT8749915,2025-08-29 21:38:40,noise
credit,398.87,,BRANCH67,Fahad Tanaka,ACCT8749915,2025-08-25 10:21:31,noise
debit,622.39,,BRANCH56,Fahad Tanaka,ACCT8749915,2025-08-22 21:38:24,noise
credit,560.92,,BRANCH67,Fahad Tanaka,ACCT8749915,2025-08-21 00:39:44,noise
credit,594.06,,BRANCH67,Fahad Tanaka,ACCT8749915,2025-08-16 09:04:23,noise
debit,568.68,ACCT2778698,BRANCH90,Fahad Tanaka,ACCT8749915,2025-08-16 19:08:57,noise
debit,572.65,,BRANCH67,Fahad Tanaka,ACCT8749915,2025-08-14 15:21:54,noise
debit,48.2,,BRANCH67,Fahad Tanaka,ACCT8749915,2025-08-14 20:29:11,noise
debit,486.56,,BRANCH67,Fahad Tanaka,ACCT8749915,2025-08-11 15:25:38,noise
debit,3000.0,ACCT9545640,BRANCH67,Fahad Tanaka,ACCT8749915,2025-08-08 17:20:39,noise
debit,1185.4,,BRANCH10,Fahad Tanaka,ACCT8749915,2025-08-05 14:04:21,noise
credit,1645.09,,BRANCH59,Fahad Tanaka,ACCT8749915,2025-08-04 08:34:02,noise
credit,604.4,,BRANCH44,Fahad Tanaka,ACCT8749915,2025-09-29 15:44:29,noise
debit,518.66,,BRANCH67,Fahad Tanaka,ACCT8749915,2025-09-29 12:43:05,noise
credit,1266.22,,BRANCH67,Fahad Tanaka,ACCT8749915,2025-09-28 11:25:33,noise
debit,705.55,,BRANCH67,Fahad Tanaka,ACCT8749915,2025-09-26 18:45:44,noise
credit,1783.75,,BRANCH52,Fahad Tanaka,ACCT8749915,2025-09-26 15:32:44,noise
debit,1114.68,,BRANCH67,Fahad Tanaka,ACCT8749915,2025-09-24 15:19:49,noise
credit,247.3,ACCT3421734,BRANCH58,Fahad Tanaka,ACCT8749915,2025-09-22 20:26:26,noise
debit,155.85,,BRANCH95,Fahad Tanaka,ACCT8749915,2025-09-22 04:45:40,noise
debit,2285.58,,BRANCH67,Fahad Tanaka,ACCT8749915,2025-09-18 17:05:25,noise
credit,1599.81,,BRANCH21,Fahad Tanaka,ACCT8749915,2025-09-18 00:21:39,noise
credit,322.95,,BRANCH67,Fahad Tanaka,ACCT8749915,2025-09-15 08:05:16,noise
debit,1644.94,,BRANCH67,Fahad Tanaka,ACCT8749915,2025-09-14 18:02:57,noise
credit,907.54,,BRANCH67,Fahad Tanaka,ACCT8749915,2025-09-11 18:22:45,noise
debit,112.64,,BRANCH67,Fahad Tanaka,ACCT8749915,2025-09-10 09:37:48,noise
debit,672.15,,BRANCH67,Fahad Tanaka,ACCT8749915,2025-09-10 11:25:50,noise
debit,1376.87,,BRANCH67,Fahad Tanaka,ACCT8749915,2025-09-09 03:43:24,noise
credit,1561.94,ACCT9119768,BRANCH67,Fahad Tanaka,ACCT8749915,2025-09-08 14:18:55,noise
credit,881.08,,BRANCH67,Fahad Tanaka,ACCT8749915,2025-09-08 17:42:49,noise
debit,1461.31,,BRANCH67,Fahad Tanaka,ACCT8749915,2025-09-02 19:08:08,noise
debit,4988.86,,BRANCH67,Fahad Tanaka,ACCT8749915,2025-09-02 10:10:28,noise
debit,582.0,,BRANCH67,Fahad Tanaka,ACCT8749915,2025-09-01 00:14:05,noise
debit,200.78,,BRANCH32,Fahad Tanaka,ACCT8749915,2025-08-30 12:35:45,noise
credit,618.18,,BRANCH67,Fahad Tanaka,ACCT8749915,2025-08-29 20:39:50,noise
debit,222.56,ACCT7881766,BRANCH67,Fahad Tanaka,ACCT8749915,2025-08-29 21:38:40,noise
credit,398.87,,BRANCH67,Fahad Tanaka,ACCT8749915,2025-08-25 10:21:31,noise
debit,622.39,,BRANCH56,Fahad Tanaka,ACCT8749915,2025-08-22 21:38:24,noise
credit,560.92,,BRANCH67,Fahad Tanaka,ACCT8749915,2025-08-21 00:39:44,noise
credit,594.06,,BRANCH67,Fahad Tanaka,ACCT8749915,2025-08-16 09:04:23,noise
debit,568.68,ACCT2778698,BRANCH90,Fahad Tanaka,ACCT8749915,2025-08-16 19:08:57,noise
debit,572.65,,BRANCH67,Fahad Tanaka,ACCT8749915,2025-08-14 15:21:54,noise
debit,48.2,,BRANCH67,Fahad Tanaka,ACCT8749915,2025-08-14 20:29:11,noise
debit,486.56,,BRANCH67,Fahad Tanaka,ACCT8749915,2025-08-11 15:25:38,noise
debit,3000.0,ACCT9545640,BRANCH67,Fahad Tanaka,ACCT8749915,2025-08-08 17:20:39,noise
debit,1185.4,,BRANCH10,Fahad Tanaka,ACCT8749915,2025-08-05 14:04:21,noise
credit,1645.09,,BRANCH59,Fahad Tanaka,ACCT8749915,2025-08-04 08:34:02,noise
debit,436868.81,ACCT8982913,BRANCH67,Fahad Tanaka,ACCT8749915,2025-12-03 06:05:38,noise
debit,273.35,,BRANCH32,Tomas Novak,ACCT6892604,2025-10-03 02:12:13,noise
credit,819.55,,BRANCH32,Tomas Novak,ACCT6892604,2025-10-01 03:23:31,noise
debit,366.84,ACCT8749915,BRANCH14,Tomas Novak,ACCT6892604,2025-09-30 12:44:50,noise
credit,206.95,ACCT4234895,BRANCH32,Tomas Novak,ACCT6892604,2025-09-28 09:45:31,noise
debit,440.81,,BRANCH32,Tomas Novak,ACCT6892604,2025-09-27 19:30:35,noise
debit,2041.95,,BRANCH32,Tomas Novak,ACCT6892604,2025-09-27 14:17:34,noise
credit,2122.14,ACCT3743757,BRANCH23,Tomas Novak,ACCT6892604,2025-09-26 04:21:47,noise
debit,578.79,,BRANCH32,Tomas Novak,ACCT6892604,2025-09-25 20:12:39,noise
credit,1871.26,ACCT5981644,BRANCH42,Tomas Novak,ACCT6892604,2025-09-25 15:43:47,noise
debit,189.64,,BRANCH32,Tomas Novak,ACCT6892604,2025-09-24 19:24:36,noise
credit,216.25,,BRANCH23,Tomas Novak,ACCT6892604,2025-09-23 10:16:28,noise
credit,908.46,ACCT8465072,BRANCH32,Tomas Novak,ACCT6892604,2025-09-19 09:02:50,noise
credit,274.32,ACCT5061927,BRANCH32,Tomas Novak,ACCT6892604,2025-09-17 09:13:08,noise
credit,191.15,,BRANCH19,Tomas Novak,ACCT6892604,2025-09-16 08:12:40,noise
debit,830.5,,BRANCH32,Tomas Novak,ACCT6892604,2025-09-16 08:39:38,noise
debit,965.0,,BRANCH32,Tomas Novak,ACCT6892604,2025-09-13 20:41:32,noise
credit,295.99,,BRANCH24,Tomas Novak,ACCT6892604,2025-09-13 15:43:51,noise
credit,167.23,,BRANCH71,Tomas Novak,ACCT6892604,2025-09-12 09:18:23,noise
debit,1472.32,,BRANCH32,Tomas Novak,ACCT6892604,2025-09-09 19:11:15,noise
credit,1501.91,,BRANCH32,Tomas Novak,ACCT6892604,2025-09-09 19:05:38,noise
debit,263.67,,BRANCH53,Tomas Novak,ACCT6892604,2025-09-07 16:22:26,noise
credit,302.19,ACCT4209332,BRANCH32,Tomas Novak,ACCT6892604,2025-09-07 15:00:43,noise
debit,812.53,,BRANCH32,Tomas Novak,ACCT6892604,2025-09-06 19:31:59,noise
credit,198.33,ACCT8528071,BRANCH32,Tomas Novak,ACCT6892604,2025-09-03 16:06:41,noise
credit,437.08,,BRANCH32,Tomas Novak,ACCT6892604,2025-08-31 19:34:14,noise
credit,1252.8,,BRANCH26,Tomas Novak,ACCT6892604,2025-08-29 01:13:39,noise
debit,2077.9,ACCT9211559,BRANCH89,Tomas Novak,ACCT6892604,2025-08-29 13:27:54,noise
credit,1589.88,,BRANCH32,Tomas Novak,ACCT6892604,2025-08-28 18:18:23,noise
debit,653.57,ACCT7743166,BRANCH32,Tomas Novak,ACCT6892604,2025-08-27 17:25:55,noise
credit,603.86,,BRANCH32,Tomas Novak,ACCT6892604,2025-08-24 12:20:53,noise
debit,632.52,,BRANCH97,Tomas Novak,ACCT6892604,2025-08-22 14:06:16,noise
debit,258.88,,BRANCH32,Tomas Novak,ACCT6892604,2025-08-18 15:19:16,noise
credit,209.38,,BRANCH89,Tomas Novak,ACCT6892604,2025-08-16 23:40:14,noise
credit,718.01,,BRANCH32,Tomas Novak,ACCT6892604,2025-08-16 16:06:10,noise
credit,1140.08,,BRANCH40,Tomas Novak,ACCT6892604,2025-08-14 16:44:32,noise
debit,740.79,,BRANCH32,Tomas Novak,ACCT6892604,2025-08-12 05:18:21,noise
credit,756.73,,BRANCH32,Tomas Novak,ACCT6892604,2025-08-11 00:18:15,noise
debit,1307.39,ACCT6724761,BRANCH32,Tomas Novak,ACCT6892604,2025-08-07 16:04:01,noise
debit,414.46,,BRANCH32,Tomas Novak,ACCT6892604,2025-08-06 08:43:48,noise
debit,709.39,,BRANCH32,Tomas Novak,ACCT6892604,2025-08-06 12:17:16,noise
credit,389.97,,BRANCH90,Tomas Novak,ACCT6892604,2025-08-04 13:37:18,noise
debit,273.35,,BRANCH32,Tomas Novak,ACCT6892604,2025-10-03 02:12:13,noise
credit,819.55,,BRANCH32,Tomas Novak,ACCT6892604,2025-10-01 03:23:31,noise
debit,366.84,ACCT8749915,BRANCH14,Tomas Novak,ACCT6892604,2025-09-30 12:44:50,noise
credit,206.95,ACCT4234895,BRANCH32,Tomas Novak,ACCT6892604,2025-09-28 09:45:31,noise
debit,440.81,,BRANCH32,Tomas Novak,ACCT6892604,2025-09-27 19:30:35,noise
debit,2041.95,,BRANCH32,Tomas Novak,ACCT6892604,2025-09-27 14:17:34,noise
credit,2122.14,ACCT3743757,BRANCH23,Tomas Novak,ACCT6892604,2025-09-26 04:21:47,noise
debit,578.79,,BRANCH32,Tomas Novak,ACCT6892604,2025-09-25 20:12:39,noise
credit,1871.26,ACCT5981644,BRANCH42,Tomas Novak,ACCT6892604,2025-09-25 15:43:47,noise
debit,189.64,,BRANCH32,Tomas Novak,ACCT6892604,2025-09-24 19:24:36,noise
credit,216.25,,BRANCH23,Tomas Novak,ACCT6892604,2025-09-23 10:16:28,noise
credit,908.46,ACCT8465072,BRANCH32,Tomas Novak,ACCT6892604,2025-09-19 09:02:50,noise
credit,274.32,ACCT5061927,BRANCH32,Tomas Novak,ACCT6892604,2025-09-17 09:13:08,noise
credit,191.15,,BRANCH19,Tomas Novak,ACCT6892604,2025-09-16 08:12:40,noise
debit,830.5,,BRANCH32,Tomas Novak,ACCT6892604,2025-09-16 08:39:38,noise
debit,965.0,,BRANCH32,Tomas Novak,ACCT6892604,2025-09-13 20:41:32,noise
credit,295.99,,BRANCH24,Tomas Novak,ACCT6892604,2025-09-13 15:43:51,noise
credit,167.23,,BRANCH71,Tomas Novak,ACCT6892604,2025-09-12 09:18:23,noise
debit,1472.32,,BRANCH32,Tomas Novak,ACCT6892604,2025-09-09 19:11:15,noise
credit,1501.91,,BRANCH32,Tomas Novak,ACCT6892604,2025-09-09 19:05:38,noise
debit,263.67,,BRANCH53,Tomas Novak,ACCT6892604,2025-09-07 16:22:26,noise
credit,302.19,ACCT4209332,BRANCH32,Tomas Novak,ACCT6892604,2025-09-07 15:00:43,noise
debit,812.53,,BRANCH32,Tomas Novak,ACCT6892604,2025-09-06 19:31:59,noise
credit,198.33,ACCT8528071,BRANCH32,Tomas Novak,ACCT6892604,2025-09-03 16:06:41,noise
credit,437.08,,BRANCH32,Tomas Novak,ACCT6892604,2025-08-31 19:34:14,noise
credit,1252.8,,BRANCH26,Tomas Novak,ACCT6892604,2025-08-29 01:13:39,noise
debit,2077.9,ACCT9211559,BRANCH89,Tomas Novak,ACCT6892604,2025-08-29 13:27:54,noise
credit,1589.88,,BRANCH32,Tomas Novak,ACCT6892604,2025-08-28 18:18:23,noise
debit,653.57,ACCT7743166,BRANCH32,Tomas Novak,ACCT6892604,2025-08-27 17:25:55,noise
credit,603.86,,BRANCH32,Tomas Novak,ACCT6892604,2025-08-24 12:20:53,noise
debit,632.52,,BRANCH97,Tomas Novak,ACCT6892604,2025-08-22 14:06:16,noise
debit,258.88,,BRANCH32,Tomas Novak,ACCT6892604,2025-08-18 15:19:16,noise
credit,209.38,,BRANCH89,Tomas Novak,ACCT6892604,2025-08-16 23:40:14,noise
credit,718.01,,BRANCH32,Tomas Novak,ACCT6892604,2025-08-16 16:06:10,noise
credit,1140.08,,BRANCH40,Tomas Novak,ACCT6892604,2025-08-14 16:44:32,noise
debit,740.79,,BRANCH32,Tomas Novak,ACCT6892604,2025-08-12 05:18:21,noise
credit,756.73,,BRANCH32,Tomas Novak,ACCT6892604,2025-08-11 00:18:15,noise
debit,1307.39,ACCT6724761,BRANCH32,Tomas Novak,ACCT6892604,2025-08-07 16:04:01,noise
debit,414.46,,BRANCH32,Tomas Novak,ACCT6892604,2025-08-06 08:43:48,noise
debit,709.39,,BRANCH32,Tomas Novak,ACCT6892604,2025-08-06 12:17:16,noise
credit,389.97,,BRANCH90,Tomas Novak,ACCT6892604,2025-08-04 13:37:18,noise
debit,297248.76,ACCT2286500,BRANCH32,Tomas Novak,ACCT6892604,2025-12-03 12:30:30,noise
credit,412.09,,BRANCH91,Ravi Mehta,ACCT1546577,2025-10-01 23:40:14,noise
debit,1005.11,ACCT3528995,BRANCH91,Ravi Mehta,ACCT1546577,2025-09-30 14:29:39,noise
debit,187.36,,BRANCH91,Ravi Mehta,ACCT1546577,2025-09-30 17:24:29,noise
credit,284.25,ACCT5426495,BRANCH91,Ravi Mehta,ACCT1546577,2025-09-29 12:25:21,noise
debit,2505.46,,BRANCH91,Ravi Mehta,ACCT1546577,2025-09-27 08:20:21,noise
debit,1112.01,,BRANCH91,Ravi Mehta,ACCT1546577,2025-09-24 08:39:17,noise
credit,430.11,ACCT5265659,BRANCH91,Ravi Mehta,ACCT1546577,2025-09-21 16:33:52,noise
credit,2465.75,,BRANCH91,Ravi Mehta,ACCT1546577,2025-09-21 22:24:16,noise
credit,2216.06,,BRANCH91,Ravi Mehta,ACCT1546577,2025-09-20 21:00:38,noise
debit,1064.07,,BRANCH91,Ravi Mehta,ACCT1546577,2025-09-08 11:20:16,noise
debit,273.51,,BRANCH91,Ravi Mehta,ACCT1546577,2025-09-07 11:31:18,noise
debit,751.45,,BRANCH91,Ravi Mehta,ACCT1546577,2025-09-01 10:26:41,noise
credit,1194.82,,BRANCH91,Ravi Mehta,ACCT1546577,2025-08-30 15:00:05,noise
debit,318.83,,BRANCH42,Ravi Mehta,ACCT1546577,2025-08-27 12:17:12,noise
credit,104.17,,BRANCH91,Ravi Mehta,ACCT1546577,2025-08-26 09:18:43,noise
credit,545.53,,BRANCH91,Ravi Mehta,ACCT1546577,2025-08-22 08:12:44,noise
debit,577.0,,BRANCH91,Ravi Mehta,ACCT1546577,2025-08-20 15:09:58,noise
credit,419.74,,BRANCH10,Ravi Mehta,ACCT1546577,2025-08-20 12:07:03,noise
credit,548.23,ACCT5397251,BRANCH91,Ravi Mehta,ACCT1546577,2025-08-19 20:25:11,noise
credit,221.99,,BRANCH91,Ravi Mehta,ACCT1546577,2025-08-17 11:34:57,noise
debit,953.08,,BRANCH91,Ravi Mehta,ACCT1546577,2025-08-14 21:44:33,noise
credit,1100.85,,BRANCH56,Ravi Mehta,ACCT1546577,2025-08-14 11:21:06,noise
credit,614.28,,BRANCH37,Ravi Mehta,ACCT1546577,2025-08-11 10:08:24,noise
credit,7121.42,ACCT3528995,BRANCH91,Ravi Mehta,ACCT1546577,2025-08-09 16:31:34,noise
debit,1039.33,ACCT8528071,BRANCH91,Ravi Mehta,ACCT1546577,2025-08-09 09:11:04,noise
credit,369.91,,BRANCH77,Ravi Mehta,ACCT1546577,2025-08-08 13:02:03,noise
debit,628.51,ACCT6542581,BRANCH50,Ravi Mehta,ACCT1546577,2025-08-08 04:40:11,noise
debit,1461.18,ACCT6037115,BRANCH91,Ravi Mehta,ACCT1546577,2025-08-05 10:28:36,noise
debit,703.7,ACCT7763076,BRANCH50,Ravi Mehta,ACCT1546577,2025-08-05 13:09:33,noise
debit,406.01,ACCT8265355,BRANCH91,Ravi Mehta,ACCT1546577,2025-08-04 21:39:43,noise
debit,42713.25,ACCT7881766,BRANCH91,Ravi Mehta,ACCT1546577,2025-12-28 03:26:33,noise
debit,39257.65,ACCT3708096,BRANCH29,Elena Duarte,ACCT7881766,2025-12-31 04:02:57,noise
debit,53651.82,ACCT3509069,BRANCH87,Raj Chen,ACCT3708096,2025-12-24 08:23:48,noise
debit,1037.18,,BRANCH63,Elena Meyer,ACCT1756043,2025-10-02 08:19:14,noise
credit,2023.56,ACCT4386981,BRANCH20,Elena Meyer,ACCT1756043,2025-09-29 16:33:43,noise
credit,802.02,,BRANCH20,Elena Meyer,ACCT1756043,2025-09-29 23:12:54,noise
debit,2174.37,,BRANCH20,Elena Meyer,ACCT1756043,2025-09-28 00:14:26,noise
credit,276.71,,BRANCH20,Elena Meyer,ACCT1756043,2025-09-26 01:43:01,noise
credit,1160.83,,BRANCH20,Elena Meyer,ACCT1756043,2025-09-26 19:30:56,noise
debit,1073.21,,BRANCH35,Elena Meyer,ACCT1756043,2025-09-25 18:40:31,noise
debit,1190.3,,BRANCH20,Elena Meyer,ACCT1756043,2025-09-25 09:10:19,noise
credit,1760.26,,BRANCH20,Elena Meyer,ACCT1756043,2025-09-23 12:00:03,noise
debit,525.37,,BRANCH20,Elena Meyer,ACCT1756043,2025-09-23 17:33:49,noise
credit,562.41,,BRANCH39,Elena Meyer,ACCT1756043,2025-09-22 11:44:34,noise
debit,132.92,,BRANCH20,Elena Meyer,ACCT1756043,2025-09-22 09:09:59,noise
credit,484.99,,BRANCH84,Elena Meyer,ACCT1756043,2025-09-18 01:34:18,noise
debit,109.16,ACCT9894634,BRANCH20,Elena Meyer,ACCT1756043,2025-09-18 11:01:05,noise
credit,789.83,,BRANCH52,Elena Meyer,ACCT1756043,2025-09-17 22:40:44,noise
debit,1088.29,,BRANCH20,Elena Meyer,ACCT1756043,2025-09-16 18:01:29,noise
credit,1213.1,,BRANCH20,Elena Meyer,ACCT1756043,2025-09-13 16:09:07,noise
credit,831.52,ACCT1546577,BRANCH20,Elena Meyer,ACCT1756043,2025-09-13 09:05:47,noise
credit,215.84,,BRANCH20,Elena Meyer,ACCT1756043,2025-09-10 15:45:02,noise
debit,2691.03,,BRANCH20,Elena Meyer,ACCT1756043,2025-09-10 11:28:52,noise
debit,990.0,,BRANCH20,Elena Meyer,ACCT1756043,2025-09-04 12:01:14,noise
credit,1160.68,,BRANCH20,Elena Meyer,ACCT1756043,2025-08-31 15:04:23,noise
debit,265.75,,BRANCH20,Elena Meyer,ACCT1756043,2025-08-31 19:43:51,noise
credit,778.22,,BRANCH20,Elena Meyer,ACCT1756043,2025-08-30 18:45:16,noise
credit,823.5,,BRANCH20,Elena Meyer,ACCT1756043,2025-08-29 11:02:30,noise
credit,239.72,ACCT5915579,BRANCH20,Elena Meyer,ACCT1756043,2025-08-28 16:31:17,noise
credit,1258.91,,BRANCH86,Elena Meyer,ACCT1756043,2025-08-25 16:07:18,noise
credit,698.04,,BRANCH20,Elena Meyer,ACCT1756043,2025-08-21 10:18:34,noise
credit,724.53,,BRANCH74,Elena Meyer,ACCT1756043,2025-08-17 20:14:23,noise
credit,256.55,ACCT7763076,BRANCH29,Elena Meyer,ACCT1756043,2025-08-13 18:41:49,noise
credit,296.16,,BRANCH64,Elena Meyer,ACCT1756043,2025-08-13 14:43:47,noise
debit,1017.65,,BRANCH85,Elena Meyer,ACCT1756043,2025-08-12 19:03:32,noise
debit,2434.4,,BRANCH14,Elena Meyer,ACCT1756043,2025-08-11 19:06:08,noise
debit,158.7,,BRANCH20,Elena Meyer,ACCT1756043,2025-08-11 15:39:29,noise
credit,374.5,,BRANCH87,Elena Meyer,ACCT1756043,2025-08-08 16:12:18,noise
debit,313.21,,BRANCH20,Elena Meyer,ACCT1756043,2025-08-06 19:15:21,noise
debit,65926.44,ACCT8424635,BRANCH20,Elena Meyer,ACCT1756043,2025-12-24 01:20:56,noise
debit,74481.38,ACCT6724761,BRANCH37,Cara Meyer,ACCT8424635,2025-12-25 06:29:47,noise
debit,40434.71,ACCT7456023,BRANCH50,Ana Jansen,ACCT6724761,2025-12-27 04:29:30,noise
debit,1184.79,,BRANCH67,Elena Haddad,ACCT4506771,2025-10-03 10:09:47,noise
credit,468.89,,BRANCH91,Elena Haddad,ACCT4506771,2025-09-29 17:05:26,noise
credit,1486.51,,BRANCH91,Elena Haddad,ACCT4506771,2025-09-27 11:09:48,noise
credit,639.85,ACCT2355749,BRANCH91,Elena Haddad,ACCT4506771,2025-09-25 14:34:10,noise
debit,1068.56,,BRANCH91,Elena Haddad,ACCT4506771,2025-09-25 22:13:07,noise
debit,630.6,,BRANCH87,Elena Haddad,ACCT4506771,2025-09-24 11:18:38,noise
credit,309.75,,BRANCH91,Elena Haddad,ACCT4506771,2025-09-24 19:09:32,noise
credit,176.24,ACCT6234336,BRANCH75,Elena Haddad,ACCT4506771,2025-09-22 14:10:56,noise
credit,2669.85,,BRANCH23,Elena Haddad,ACCT4506771,2025-09-22 21:44:59,noise
credit,702.9,,BRANCH91,Elena Haddad,ACCT4506771,2025-09-21 12:15:55,noise
credit,1666.69,ACCT3487212,BRANCH91,Elena Haddad,ACCT4506771,2025-09-20 23:24:19,noise
debit,887.96,ACCT3743757,BRANCH91,Elena Haddad,ACCT4506771,2025-09-17 02:08:09,noise
credit,453.77,,BRANCH91,Elena Haddad,ACCT4506771,2025-09-16 20:24:46,noise
debit,3174.55,,BRANCH56,Elena Haddad,ACCT4506771,2025-09-15 22:43:56,noise
debit,870.24,ACCT5265659,BRANCH83,Elena Haddad,ACCT4506771,2025-09-13 10:04:24,noise
credit,754.59,ACCT9483782,BRANCH91,Elena Haddad,ACCT4506771,2025-09-12 17:45:51,noise
credit,530.05,,BRANCH64,Elena Haddad,ACCT4506771,2025-09-09 19:08:06,noise
debit,371.74,,BRANCH91,Elena Haddad,ACCT4506771,2025-09-06 11:04:34,noise
debit,1683.28,ACCT5235640,BRANCH91,Elena Haddad,ACCT4506771,2025-09-04 18:21:25,noise
debit,1210.63,,BRANCH91,Elena Haddad,ACCT4506771,2025-09-04 19:34:02,noise
credit,327.04,,BRANCH78,Elena Haddad,ACCT4506771,2025-09-01 09:10:34,noise
credit,320.44,,BRANCH70,Elena Haddad,ACCT4506771,2025-08-31 05:06:18,noise
credit,621.36,,BRANCH91,Elena Haddad,ACCT4506771,2025-08-24 13:21:34,noise
debit,136.59,,BRANCH91,Elena Haddad,ACCT4506771,2025-08-20 10:15:38,noise
debit,5449.37,,BRANCH91,Elena Haddad,ACCT4506771,2025-08-20 17:36:52,noise
debit,568.9,,BRANCH45,Elena Haddad,ACCT4506771,2025-08-18 20:41:52,noise
credit,186.59,ACCT2778698,BRANCH91,Elena Haddad,ACCT4506771,2025-08-18 18:08:56,noise
debit,234.94,,BRANCH90,Elena Haddad,ACCT4506771,2025-08-15 13:24:05,noise
debit,334.03,ACCT8982913,BRANCH91,Elena Haddad,ACCT4506771,2025-08-15 18:25:32,noise
debit,520.12,,BRANCH91,Elena Haddad,ACCT4506771,2025-08-14 20:28:35,noise
debit,275.07,,BRANCH91,Elena Haddad,ACCT4506771,2025-08-14 20:41:46,noise
debit,149.29,,BRANCH91,Elena Haddad,ACCT4506771,2025-08-13 11:06:45,noise
debit,2019.53,,BRANCH91,Elena Haddad,ACCT4506771,2025-08-10 23:27:39,noise
credit,166.02,ACCT4605506,BRANCH91,Elena Haddad,ACCT4506771,2025-08-09 16:21:48,noise
debit,101.96,,BRANCH86,Elena Haddad,ACCT4506771,2025-08-09 02:00:12,noise
debit,44.49,ACCT6083922,BRANCH44,Elena Haddad,ACCT4506771,2025-08-07 15:35:08,noise
debit,100.1,ACCT3708096,BRANCH91,Elena Haddad,ACCT4506771,2025-08-06 18:29:04,noise
debit,1528.3,,BRANCH91,Elena Haddad,ACCT4506771,2025-08-06 14:43:52,noise
credit,372.01,,BRANCH91,Elena Haddad,ACCT4506771,2025-08-04 17:02:59,noise
debit,1184.79,,BRANCH67,Elena Haddad,ACCT4506771,2025-10-03 10:09:47,noise
credit,468.89,,BRANCH91,Elena Haddad,ACCT4506771,2025-09-29 17:05:26,noise
credit,1486.51,,BRANCH91,Elena Haddad,ACCT4506771,2025-09-27 11:09:48,noise
credit,639.85,ACCT2355749,BRANCH91,Elena Haddad,ACCT4506771,2025-09-25 14:34:10,noise
debit,1068.56,,BRANCH91,Elena Haddad,ACCT4506771,2025-09-25 22:13:07,noise
debit,630.6,,BRANCH87,Elena Haddad,ACCT4506771,2025-09-24 11:18:38,noise
credit,309.75,,BRANCH91,Elena Haddad,ACCT4506771,2025-09-24 19:09:32,noise
credit,176.24,ACCT6234336,BRANCH75,Elena Haddad,ACCT4506771,2025-09-22 14:10:56,noise
credit,2669.85,,BRANCH23,Elena Haddad,ACCT4506771,2025-09-22 21:44:59,noise
credit,702.9,,BRANCH91,Elena Haddad,ACCT4506771,2025-09-21 12:15:55,noise
credit,1666.69,ACCT3487212,BRANCH91,Elena Haddad,ACCT4506771,2025-09-20 23:24:19,noise
debit,887.96,ACCT3743757,BRANCH91,Elena Haddad,ACCT4506771,2025-09-17 02:08:09,noise
credit,453.77,,BRANCH91,Elena Haddad,ACCT4506771,2025-09-16 20:24:46,noise
debit,3174.55,,BRANCH56,Elena Haddad,ACCT4506771,2025-09-15 22:43:56,noise
debit,870.24,ACCT5265659,BRANCH83,Elena Haddad,ACCT4506771,2025-09-13 10:04:24,noise
credit,754.59,ACCT9483782,BRANCH91,Elena Haddad,ACCT4506771,2025-09-12 17:45:51,noise
credit,530.05,,BRANCH64,Elena Haddad,ACCT4506771,2025-09-09 19:08:06,noise
debit,371.74,,BRANCH91,Elena Haddad,ACCT4506771,2025-09-06 11:04:34,noise
debit,1683.28,ACCT5235640,BRANCH91,Elena Haddad,ACCT4506771,2025-09-04 18:21:25,noise
debit,1210.63,,BRANCH91,Elena Haddad,ACCT4506771,2025-09-04 19:34:02,noise
credit,327.04,,BRANCH78,Elena Haddad,ACCT4506771,2025-09-01 09:10:34,noise
credit,320.44,,BRANCH70,Elena Haddad,ACCT4506771,2025-08-31 05:06:18,noise
credit,621.36,,BRANCH91,Elena Haddad,ACCT4506771,2025-08-24 13:21:34,noise
debit,136.59,,BRANCH91,Elena Haddad,ACCT4506771,2025-08-20 10:15:38,noise
debit,5449.37,,BRANCH91,Elena Haddad,ACCT4506771,2025-08-20 17:36:52,noise
debit,568.9,,BRANCH45,Elena Haddad,ACCT4506771,2025-08-18 20:41:52,noise
credit,186.59,ACCT2778698,BRANCH91,Elena Haddad,ACCT4506771,2025-08-18 18:08:56,noise
debit,234.94,,BRANCH90,Elena Haddad,ACCT4506771,2025-08-15 13:24:05,noise
debit,334.03,ACCT8982913,BRANCH91,Elena Haddad,ACCT4506771,2025-08-15 18:25:32,noise
debit,520.12,,BRANCH91,Elena Haddad,ACCT4506771,2025-08-14 20:28:35,noise
debit,275.07,,BRANCH91,Elena Haddad,ACCT4506771,2025-08-14 20:41:46,noise
debit,149.29,,BRANCH91,Elena Haddad,ACCT4506771,2025-08-13 11:06:45,noise
debit,2019.53,,BRANCH91,Elena Haddad,ACCT4506771,2025-08-10 23:27:39,noise
credit,166.02,ACCT4605506,BRANCH91,Elena Haddad,ACCT4506771,2025-08-09 16:21:48,noise
debit,101.96,,BRANCH86,Elena Haddad,ACCT4506771,2025-08-09 02:00:12,noise
debit,44.49,ACCT6083922,BRANCH44,Elena Haddad,ACCT4506771,2025-08-07 15:35:08,noise
debit,100.1,ACCT3708096,BRANCH91,Elena Haddad,ACCT4506771,2025-08-06 18:29:04,noise
debit,1528.3,,BRANCH91,Elena Haddad,ACCT4506771,2025-08-06 14:43:52,noise
credit,372.01,,BRANCH91,Elena Haddad,ACCT4506771,2025-08-04 17:02:59,noise
debit,493906.19,ACCT7774750,BRANCH91,Elena Haddad,ACCT4506771,2025-12-03 01:16:32,noise
debit,679.36,,BRANCH63,Sara Vargas,ACCT8528071,2025-10-03 13:40:29,noise
debit,330.97,,BRANCH87,Sara Vargas,ACCT8528071,2025-09-29 15:36:00,noise
credit,305.32,,BRANCH24,Sara Vargas,ACCT8528071,2025-09-27 18:11:53,noise
credit,65.32,,BRANCH63,Sara Vargas,ACCT8528071,2025-09-26 12:07:06,noise
credit,4309.44,,BRANCH63,Sara Vargas,ACCT8528071,2025-09-25 08:14:32,noise
debit,527.38,ACCT5155574,BRANCH78,Sara Vargas,ACCT8528071,2025-09-24 23:42:29,noise
credit,2209.68,,BRANCH63,Sara Vargas,ACCT8528071,2025-09-24 10:32:57,noise
debit,1517.41,,BRANCH71,Sara Vargas,ACCT8528071,2025-09-20 02:28:52,noise
debit,312.98,,BRANCH63,Sara Vargas,ACCT8528071,2025-09-18 05:32:45,noise
debit,1933.87,ACCT8424635,BRANCH63,Sara Vargas,ACCT8528071,2025-09-18 09:16:15,noise
credit,260.95,ACCT5227376,BRANCH63,Sara Vargas,ACCT8528071,2025-09-15 09:12:03,noise
debit,2420.26,,BRANCH63,Sara Vargas,ACCT8528071,2025-09-15 03:35:25,noise
credit,1103.68,,BRANCH65,Sara Vargas,ACCT8528071,2025-09-12 14:13:44,noise
debit,507.06,,BRANCH63,Sara Vargas,ACCT8528071,2025-09-07 18:30:07,noise
debit,1271.32,,BRANCH63,Sara Vargas,ACCT8528071,2025-09-07 02:28:36,noise
credit,782.42,,BRANCH39,Sara Vargas,ACCT8528071,2025-09-05 16:26:57,noise
debit,550.93,,BRANCH74,Sara Vargas,ACCT8528071,2025-09-02 13:33:32,noise
debit,549.06,,BRANCH16,Sara Vargas,ACCT8528071,2025-08-30 12:01:59,noise
debit,634.57,,BRANCH41,Sara Vargas,ACCT8528071,2025-08-29 00:06:13,noise
credit,1255.91,ACCT4915903,BRANCH63,Sara Vargas,ACCT8528071,2025-08-29 15:06:22,noise
debit,385.85,,BRANCH58,Sara Vargas,ACCT8528071,2025-08-28 13:07:15,noise
debit,263.26,ACCT1128112,BRANCH63,Sara Vargas,ACCT8528071,2025-08-27 17:36:10,noise
credit,104.19,,BRANCH89,Sara Vargas,ACCT8528071,2025-08-22 12:06:24,noise
debit,1411.68,ACCT3509069,BRANCH20,Sara Vargas,ACCT8528071,2025-08-21 14:02:26,noise
credit,103.52,,BRANCH63,Sara Vargas,ACCT8528071,2025-08-19 16:28:46,noise
credit,1377.0,,BRANCH94,Sara Vargas,ACCT8528071,2025-08-19 23:26:14,noise
debit,416.32,ACCT9137087,BRANCH63,Sara Vargas,ACCT8528071,2025-08-18 09:44:12,noise
debit,1100.89,,BRANCH63,Sara Vargas,ACCT8528071,2025-08-18 09:31:21,noise
debit,226.37,,BRANCH70,Sara Vargas,ACCT8528071,2025-08-17 13:17:30,noise
debit,974.95,,BRANCH31,Sara Vargas,ACCT8528071,2025-08-15 14:30:38,noise
debit,556.86,,BRANCH63,Sara Vargas,ACCT8528071,2025-08-15 09:36:57,noise
credit,1225.07,,BRANCH11,Sara Vargas,ACCT8528071,2025-08-10 16:42:44,noise
credit,1707.09,,BRANCH63,Sara Vargas,ACCT8528071,2025-08-08 14:24:46,noise
credit,389.21,,BRANCH81,Sara Vargas,ACCT8528071,2025-08-04 13:02:26,noise
debit,69193.22,ACCT3743757,BRANCH63,Sara Vargas,ACCT8528071,2025-12-30 02:28:36,noise
debit,72839.99,ACCT8265355,BRANCH98,Yara Patida,ACCT3743757,2025-12-25 04:25:02,noise
debit,56460.35,ACCT5265659,BRANCH75,Noah Patida,ACCT8265355,2025-12-29 21:19:24,noise
