msisdn,remote_number,tower_id,duration_seconds,subscriber_name,timestamp,notes
6394372750872,6393608254537,T173,4.6,Ivy Jansen,2025-10-18 19:10:41,noise
6394372750872,6399085717386,T425,28.3,Ivy Jansen,2025-10-17 18:29:00,noise
6394372750872,6393332370721,T173,16.8,Ivy Jansen,2025-10-17 11:07:30,noise
6394372750872,6399085717386,T425,7.9,Ivy Jansen,2025-10-17 12:03:43,noise
6394372750872,6393608254537,T173,18.3,Ivy Jansen,2025-10-16 04:30:28,noise
6394372750872,6393608254537,T425,42.2,Ivy Jansen,2025-10-16 20:26:28,noise
6394372750872,6391494838799,T425,4.7,Ivy Jansen,2025-10-16 16:16:20,noise
6394372750872,6397052145323,T425,13.6,Ivy Jansen,2025-10-15 15:07:44,noise
6394372750872,6393608254537,T173,28.8,Ivy Jansen,2025-10-15 01:27:37,noise
6394372750872,6397052145323,T425,16.8,Ivy Jansen,2025-10-14 17:05:08,noise
6394372750872,6397052145323,T425,23.0,Ivy Jansen,2025-10-14 10:25:31,noise
6394372750872,6393608254537,T173,3.0,Ivy Jansen,2025-10-13 12:22:13,noise
6394372750872,6392375347403,T173,9.5,Ivy Jansen,2025-10-13 12:27:04,noise
6394372750872,6398085325274,T173,11.9,Ivy Jansen,2025-10-13 13:30:18,noise
6394372750872,6399085717386,T425,5.0,Ivy Jansen,2025-10-12 23:23:03,noise
6394372750872,6393608254537,T425,24.1,Ivy Jansen,2025-10-12 11:29:07,noise
6394372750872,6391051330112,T173,8.4,Ivy Jansen,2025-10-12 19:12:04,noise
6394372750872,6397052145323,T425,28.1,Ivy Jansen,2025-10-11 10:16:53,noise
6394372750872,6397052145323,T173,15.0,Ivy Jansen,2025-10-10 23:23:23,noise
6394372750872,6393549070850,T425,13.7,Ivy Jansen,2025-10-10 01:19:48,noise
6394372750872,6399085717386,T425,7.5,Ivy Jansen,2025-10-09 19:29:47,noise
6394372750872,6393608254537,T425,4.4,Ivy Jansen,2025-10-08 11:10:41,noise
6394372750872,6393608254537,T173,14.0,Ivy Jansen,2025-10-08 02:10:37,noise
6394372750872,6396393488216,T425,9.5,Ivy Jansen,2025-10-07 23:11:19,noise
6394372750872,6398673272758,T425,27.2,Ivy Jansen,2025-10-07 11:04:28,noise
6394372750872,6397052145323,T173,44.5,Ivy Jansen,2025-10-06 09:04:44,noise
6394372750872,6392953177733,T173,12.9,Ivy Jansen,2025-10-06 10:01:02,noise
6394372750872,6399085717386,T425,52.7,Ivy Jansen,2025-10-05 13:19:38,noise
6394372750872,6393694731514,T425,11.8,Ivy Jansen,2025-10-05 13:23:10,noise
6394372750872,6399085717386,T425,15.5,Ivy Jansen,2025-10-04 02:25:42,noise
6394372750872,6393694731514,T425,7.8,Ivy Jansen,2025-10-04 02:14:49,noise
6394372750872,6399085717386,T173,9.0,Ivy Jansen,2025-10-03 11:21:20,noise
6394372750872,6395534105475,T425,28.8,Ivy Jansen,2025-10-02 16:09:17,noise
6394372750872,6393549070850,T425,26.2,Ivy Jansen,2025-10-02 11:15:44,noise
6394372750872,6393625636545,T425,18.3,Ivy Jansen,2025-10-01 08:14:05,noise
6394372750872,6399085717386,T425,8.4,Ivy Jansen,2025-09-30 03:05:27,noise
6394372750872,6397326243787,T425,23.4,Ivy Jansen,2025-09-30 20:11:22,noise
6394372750872,6393608254537,T173,22.5,Ivy Jansen,2025-09-29 16:20:24,noise
6394372750872,6393608254537,T173,39.5,Ivy Jansen,2025-09-29 13:00:36,noise
6394372750872,6397052145323,T173,11.3,Ivy Jansen,2025-09-29 12:21:51,noise
6394372750872,6393736660443,T173,10.4,Ivy Jansen,2025-09-28 01:23:46,noise
6394372750872,6397052145323,T173,15.3,Ivy Jansen,2025-09-28 14:27:07,noise
6394372750872,6399085717386,T425,13.3,Ivy Jansen,2025-09-27 09:19:03,noise
6394372750872,6397052145323,T425,15.5,Ivy Jansen,2025-09-27 01:29:59,noise
6394372750872,6394247662559,T425,10.4,Ivy Jansen,2025-09-27 12:10:55,noise
6394372750872,6399085717386,T425,24.2,Ivy Jansen,2025-09-26 14:18:33,noise
6394372750872,6393608254537,T425,61.1,Ivy Jansen,2025-09-26 23:18:25,noise
6394372750872,6399085717386,T173,13.9,Ivy Jansen,2025-09-25 18:10:59,noise
6394372750872,6397052145323,T173,15.3,Ivy Jansen,2025-09-25 19:09:23,noise
6394372750872,6397982198732,T173,16.1,Ivy Jansen,2025-09-25 04:16:55,noise
6394372750872,6399085717386,T425,37.6,Ivy Jansen,2025-09-24 19:00:27,noise
6394372750872,6393608254537,T425,21.1,Ivy Jansen,2025-09-24 14:01:04,noise
6394372750872,6399085717386,T425,21.5,Ivy Jansen,2025-09-23 13:08:49,noise
6394372750872,6397052145323,T425,19.0,Ivy Jansen,2025-09-23 10:15:30,noise
6394372750872,6398087251603,T425,6.5,Ivy Jansen,2025-09-23 09:06:37,noise
6394372750872,6392788177179,T425,12.5,Ivy Jansen,2025-09-22 12:25:10,noise
6394372750872,6397052145323,T173,15.2,Ivy Jansen,2025-09-21 00:30:18,noise
6394372750872,6397052145323,T173,27.2,Ivy Jansen,2025-09-21 09:17:07,noise
6394372750872,6397052145323,T425,11.6,Ivy Jansen,2025-09-20 11:21:23,noise
6394372750872,6397052145323,T425,35.8,Ivy Jansen,2025-09-20 03:03:27,noise
6394372750872,6399085717386,T425,10.6,Ivy Jansen,2025-09-20 17:15:18,noise
6394372750872,6399604910822,T173,52.5,Ivy Jansen,2025-09-19 16:11:12,noise
6394372750872,6393825956914,T173,26.2,Ivy Jansen,2025-09-18 17:16:00,noise
6394372750872,6397052145323,T173,15.3,Ivy Jansen,2025-09-18 18:07:03,noise
6394372750872,6397052145323,T425,34.0,Ivy Jansen,2025-09-17 01:05:26,noise
6394372750872,6399085717386,T425,33.6,Ivy Jansen,2025-09-17 08:08:54,noise
6394372750872,6397052145323,T425,34.0,Ivy Jansen,2025-09-16 12:17:11,noise
6394372750872,6397052145323,T425,23.8,Ivy Jansen,2025-09-16 13:14:38,noise
6394372750872,6393608254537,T173,92.8,Ivy Jansen,2025-09-16 19:02:38,noise
6394372750872,6397052145323,T425,36.2,Ivy Jansen,2025-09-15 20:09:53,noise
6394372750872,6397052145323,T173,16.4,Ivy Jansen,2025-09-15 14:25:11,noise
6394372750872,6397052145323,T425,71.5,Ivy Jansen,2025-09-15 10:05:51,noise
6394372750872,6393608254537,T173,53.3,Ivy Jansen,2025-09-14 16:02:45,noise
6394372750872,6391319542424,T425,4.8,Ivy Jansen,2025-09-13 12:03:47,noise
6394372750872,6395136375863,T173,10.5,Ivy Jansen,2025-09-13 23:00:46,noise
6394372750872,6393608254537,T173,11.5,Ivy Jansen,2025-09-12 17:16:45,noise
6394372750872,6393004154125,T425,34.9,Ivy Jansen,2025-09-11 20:20:52,noise
6394372750872,6397052145323,T425,31.5,Ivy Jansen,2025-09-11 23:00:29,noise
6394372750872,6399085717386,T425,22.3,Ivy Jansen,2025-09-10 08:01:35,noise
6394372750872,6397479516078,T173,15.1,Ivy Jansen,2025-09-10 19:07:46,noise
6394372750872,6393608254537,T173,9.8,Ivy Jansen,2025-09-09 21:27:50,noise
6394372750872,6395535962322,T425,12.0,Ivy Jansen,2025-09-09 03:20:39,noise
6394372750872,6397052145323,T425,9.5,Ivy Jansen,2025-09-08 14:23:07,noise
6394372750872,6393608254537,T173,5.8,Ivy Jansen,2025-09-08 16:08:38,noise
6394372750872,6394856722505,T425,13.7,Ivy Jansen,2025-09-07 15:10:21,noise
6394372750872,6395958977897,T425,7.1,Ivy Jansen,2025-09-07 23:11:44,noise
6394372750872,6396688935939,T425,26.4,Ivy Jansen,2025-09-06 21:25:59,noise
6394372750872,6391663645516,T425,27.9,Ivy Jansen,2025-09-06 14:26:20,noise
6394372750872,6393608254537,T425,40.3,Ivy Jansen,2025-09-05 09:10:17,noise
6394372750872,6392375347403,T425,52.5,Ivy Jansen,2025-09-05 13:16:05,noise
6394372750872,6397052145323,T425,10.8,Ivy Jansen,2025-09-04 21:21:39,noise
6394372750872,6399085717386,T173,19.3,Ivy Jansen,2025-09-04 20:13:47,noise
6394372750872,6391787733401,T173,125.1,Ivy Jansen,2025-09-03 08:20:57,noise
6394372750872,6394508672370,T173,9.2,Ivy Jansen,2025-09-03 03:22:09,noise
6394372750872,6396198739962,T173,27.9,Ivy Jansen,2025-09-02 14:10:07,noise
6394372750872,6396198739962,T173,46.2,Ivy Jansen,2025-09-01 19:28:22,noise
6394372750872,6399085717386,T425,13.9,Ivy Jansen,2025-09-01 03:01:45,noise
6394372750872,6395958977897,T173,6.5,Ivy Jansen,2025-09-01 17:19:12,noise
6394372750872,6397156535284,T173,31.2,Ivy Jansen,2025-08-31 20:11:51,noise
6394372750872,6393608254537,T173,22.0,Ivy Jansen,2025-08-31 15:12:06,noise
6394372750872,6393608254537,T173,20.0,Ivy Jansen,2025-08-30 08:24:31,noise
6394372750872,6394856722505,T425,19.2,Ivy Jansen,2025-08-30 20:23:46,noise
6394372750872,6399085717386,T425,18.4,Ivy Jansen,2025-08-30 12:04:51,noise
6394372750872,6394711330962,T425,13.0,Ivy Jansen,2025-08-29 00:10:52,noise
6394372750872,6399085717386,T173,25.9,Ivy Jansen,2025-08-29 08:21:44,noise
6394372750872,6393608254537,T425,21.8,Ivy Jansen,2025-08-28 11:03:19,noise
6394372750872,6397052145323,T173,18.4,Ivy Jansen,2025-08-27 17:12:25,noise
6394372750872,6399085717386,T173,9.8,Ivy Jansen,2025-08-27 09:19:09,noise
6394372750872,6399085717386,T425,16.2,Ivy Jansen,2025-08-26 03:06:19,noise
6394372750872,6393869319540,T173,22.3,Ivy Jansen,2025-08-26 20:20:05,noise
6394372750872,6393608254537,T425,65.4,Ivy Jansen,2025-08-25 13:12:03,noise
6394372750872,6392175203535,T425,16.7,Ivy Jansen,2025-08-25 02:26:34,noise
6394372750872,6399085717386,T425,11.6,Ivy Jansen,2025-08-24 19:25:08,noise
6394372750872,6397761210582,T425,51.5,Ivy Jansen,2025-08-24 12:16:24,noise
6394372750872,6399085717386,T173,20.5,Ivy Jansen,2025-08-23 18:04:45,noise
6394372750872,6399085717386,T425,18.0,Ivy Jansen,2025-08-22 19:00:37,noise
6394372750872,6398085325274,T173,19.1,Ivy Jansen,2025-08-22 15:10:34,noise
6394372750872,6397052145323,T425,10.5,Ivy Jansen,2025-08-21 17:24:32,noise
6394372750872,6399085717386,T425,93.1,Ivy Jansen,2025-08-21 23:15:26,noise
6394372750872,6397052145323,T425,17.7,Ivy Jansen,2025-08-20 11:10:50,noise
6394372750872,6395933083562,T425,41.8,Ivy Jansen,2025-08-19 02:11:43,noise
6394372750872,6397052145323,T425,2.9,Ivy Jansen,2025-08-19 10:03:46,noise
6394372750872,6399085717386,T173,18.7,Ivy Jansen,2025-08-18 13:15:28,noise
6394372750872,6397052145323,T173,2.7,Ivy Jansen,2025-08-18 10:09:14,noise
6394372750872,6393608254537,T173,7.4,Ivy Jansen,2025-08-17 21:10:49,noise
6394372750872,6391787733401,T425,37.9,Ivy Jansen,2025-08-17 14:16:29,noise
6394372750872,6391051330112,T425,8.9,Ivy Jansen,2025-08-16 18:28:13,noise
6394372750872,6391877128212,T173,6.2,Ivy Jansen,2025-08-15 20:09:02,noise
6394372750872,6399085717386,T173,10.0,Ivy Jansen,2025-08-15 20:04:02,noise
6394372750872,6397052145323,T173,12.2,Ivy Jansen,2025-08-14 16:23:06,noise
6394372750872,6396393488216,T425,18.7,Ivy Jansen,2025-08-14 03:13:53,noise
6394372750872,6399085717386,T425,74.0,Ivy Jansen,2025-08-14 20:27:11,noise
6394372750872,6393608254537,T173,11.9,Ivy Jansen,2025-08-13 11:21:57,noise
6394372750872,6399085717386,T173,30.2,Ivy Jansen,2025-08-13 10:05:05,noise
6394372750872,6397052145323,T425,34.1,Ivy Jansen,2025-08-12 15:08:25,noise
6394372750872,6397052145323,T173,14.4,Ivy Jansen,2025-08-12 23:08:25,noise
6394372750872,6393608254537,T425,18.1,Ivy Jansen,2025-08-11 20:02:31,noise
6394372750872,6399085717386,T173,9.4,Ivy Jansen,2025-08-11 14:02:02,noise
6394372750872,6399085717386,T173,23.9,Ivy Jansen,2025-08-10 12:00:05,noise
6394372750872,6393608254537,T425,10.7,Ivy Jansen,2025-08-09 19:11:08,noise
6394372750872,6399085717386,T425,47.8,Ivy Jansen,2025-08-08 09:30:07,noise
6394372750872,6399696031872,T173,6.7,Ivy Jansen,2025-08-08 11:17:51,noise
6394372750872,6399085717386,T173,8.0,Ivy Jansen,2025-08-07 13:08:05,noise
6394372750872,6397695360968,T425,14.7,Ivy Jansen,2025-08-07 10:26:04,noise
6394372750872,6393608254537,T425,33.6,Ivy Jansen,2025-08-07 00:22:52,noise
6394372750872,6391494838799,T425,70.5,Ivy Jansen,2025-08-06 17:10:55,noise
6394372750872,6399836144770,T173,40.1,Ivy Jansen,2025-08-06 21:00:04,noise
6394372750872,6399604910822,T425,10.3,Ivy Jansen,2025-08-05 10:10:08,noise
6394372750872,6397052145323,T173,29.4,Ivy Jansen,2025-08-05 22:09:45,noise
6394372750872,6396109116629,T425,20.7,Ivy Jansen,2025-08-04 17:19:05,noise
6394372750872,6396447956284,T425,47.5,Ivy Jansen,2025-08-04 05:28:42,noise
6395534105475,6399877395358,T398,11.0,Tomas Kim,2025-10-18 17:18:15,noise
6395534105475,6397775259023,T398,45.7,Tomas Kim,2025-10-17 20:03:18,noise
6395534105475,6397326243787,T433,4.6,Tomas Kim,2025-10-17 18:29:36,noise
6395534105475,6397775259023,T433,18.5,Tomas Kim,2025-10-16 02:12:05,noise
6395534105475,6397775259023,T398,24.0,Tomas Kim,2025-10-16 03:18:38,noise
6395534105475,6392951962632,T398,98.4,Tomas Kim,2025-10-16 15:11:32,noise
6395534105475,6397775259023,T433,20.9,Tomas Kim,2025-10-15 03:06:34,noise
6395534105475,6399141407059,T433,16.3,Tomas Kim,2025-10-14 14:13:51,noise
6395534105475,6397775259023,T433,17.3,Tomas Kim,2025-10-14 14:18:34,noise
6395534105475,6391051330112,T433,33.6,Tomas Kim,2025-10-13 18:18:08,noise
6395534105475,6394711330962,T398,33.6,Tomas Kim,2025-10-13 12:28:18,noise
6395534105475,6393549070850,T433,10.5,Tomas Kim,2025-10-12 09:07:35,noise
6395534105475,6392175203535,T433,29.1,Tomas Kim,2025-10-12 22:24:19,noise
6395534105475,6397326243787,T433,5.1,Tomas Kim,2025-10-11 19:12:20,noise
6395534105475,6392175203535,T433,28.6,Tomas Kim,2025-10-10 17:19:01,noise
6395534105475,6397326243787,T398,8.1,Tomas Kim,2025-10-10 13:19:46,noise
6395534105475,6392761010721,T433,12.3,Tomas Kim,2025-10-09 19:25:57,noise
6395534105475,6397775259023,T433,35.2,Tomas Kim,2025-10-09 11:30:17,noise
6395534105475,6397326243787,T398,7.1,Tomas Kim,2025-10-08 20:07:29,noise
6395534105475,6391319542424,T398,12.0,Tomas Kim,2025-10-08 16:15:34,noise
6395534105475,6392175203535,T433,10.9,Tomas Kim,2025-10-07 16:17:28,noise
6395534105475,6392175203535,T398,8.1,Tomas Kim,2025-10-07 21:24:01,noise
6395534105475,6397326243787,T433,71.9,Tomas Kim,2025-10-06 10:16:36,noise
6395534105475,6397775259023,T433,23.1,Tomas Kim,2025-10-05 15:01:54,noise
6395534105475,6392175203535,T398,34.9,Tomas Kim,2025-10-04 09:26:58,noise
6395534105475,6393332370721,T398,17.2,Tomas Kim,2025-10-04 12:16:33,noise
6395534105475,6392175203535,T398,21.2,Tomas Kim,2025-10-03 00:04:18,noise
6395534105475,6392175203535,T433,5.7,Tomas Kim,2025-10-03 11:28:49,noise
6395534105475,6392175203535,T433,25.6,Tomas Kim,2025-10-03 11:21:22,noise
6395534105475,6392175203535,T398,9.5,Tomas Kim,2025-10-02 12:07:56,noise
6395534105475,6397775259023,T433,18.1,Tomas Kim,2025-10-01 13:02:13,noise
6395534105475,6391392356697,T398,19.7,Tomas Kim,2025-09-30 10:25:05,noise
6395534105475,6397775259023,T398,38.0,Tomas Kim,2025-09-30 17:19:46,noise
6395534105475,6396121190710,T433,17.5,Tomas Kim,2025-09-30 20:28:12,noise
6395534105475,6397326243787,T398,18.0,Tomas Kim,2025-09-29 20:01:43,noise
6395534105475,6392175203535,T433,10.1,Tomas Kim,2025-09-29 22:25:28,noise
6395534105475,6397775259023,T433,57.9,Tomas Kim,2025-09-28 11:10:32,noise
6395534105475,6397775259023,T433,8.9,Tomas Kim,2025-09-28 11:20:18,noise
6395534105475,6392175203535,T433,9.2,Tomas Kim,2025-09-27 17:10:42,noise
6395534105475,6394372750872,T398,20.0,Tomas Kim,2025-09-27 02:30:26,noise
6395534105475,6397775259023,T433,10.9,Tomas Kim,2025-09-26 12:25:37,noise
6395534105475,6396688935939,T433,16.7,Tomas Kim,2025-09-25 23:11:45,noise
6395534105475,6392761010721,T398,12.6,Tomas Kim,2025-09-25 15:19:55,noise
6395534105475,6397775259023,T398,13.5,Tomas Kim,2025-09-24 08:09:13,noise
6395534105475,6397775259023,T398,31.8,Tomas Kim,2025-09-24 18:16:09,noise
6395534105475,6392175203535,T433,14.2,Tomas Kim,2025-09-23 08:02:02,noise
6395534105475,6392175203535,T398,33.6,Tomas Kim,2025-09-23 10:02:39,noise
6395534105475,6396393488216,T398,14.9,Tomas Kim,2025-09-23 03:28:52,noise
6395534105475,6394372750872,T398,14.6,Tomas Kim,2025-09-22 18:28:55,noise
6395534105475,6399604910822,T433,14.8,Tomas Kim,2025-09-22 23:28:10,noise
6395534105475,6397326243787,T398,14.7,Tomas Kim,2025-09-21 20:22:53,noise
6395534105475,6397277321210,T433,10.2,Tomas Kim,2025-09-21 13:24:56,noise
6395534105475,6397326243787,T433,21.7,Tomas Kim,2025-09-20 23:03:03,noise
6395534105475,6392175203535,T433,24.9,Tomas Kim,2025-09-20 20:28:36,noise
6395534105475,6398186138815,T398,19.7,Tomas Kim,2025-09-20 01:23:04,noise
6395534105475,6393825956914,T433,38.0,Tomas Kim,2025-09-19 18:09:32,noise
6395534105475,6398595696705,T398,5.9,Tomas Kim,2025-09-19 20:14:59,noise
6395534105475,6391171674512,T433,2.3,Tomas Kim,2025-09-19 23:01:00,noise
6395534105475,6397326243787,T398,15.0,Tomas Kim,2025-09-18 01:17:17,noise
6395534105475,6392175203535,T433,7.4,Tomas Kim,2025-09-18 13:25:35,noise
6395534105475,6393825956914,T433,25.2,Tomas Kim,2025-09-18 22:02:14,noise
6395534105475,6394508672370,T433,13.2,Tomas Kim,2025-09-17 15:14:49,noise
6395534105475,6398097172985,T398,4.0,Tomas Kim,2025-09-17 09:01:56,noise
6395534105475,6399096359352,T398,25.9,Tomas Kim,2025-09-16 12:16:46,noise
6395534105475,6395682267963,T433,37.0,Tomas Kim,2025-09-15 17:20:20,noise
6395534105475,6397326243787,T398,36.4,Tomas Kim,2025-09-15 17:21:38,noise
6395534105475,6392517116618,T433,30.4,Tomas Kim,2025-09-14 20:14:28,noise
6395534105475,6392175203535,T398,14.6,Tomas Kim,2025-09-14 18:08:18,noise
6395534105475,6393869319540,T433,16.0,Tomas Kim,2025-09-13 10:02:50,noise
6395534105475,6397326243787,T433,13.6,Tomas Kim,2025-09-13 20:24:38,noise
6395534105475,6392175203535,T433,33.2,Tomas Kim,2025-09-13 21:15:31,noise
6395534105475,6397761210582,T398,11.9,Tomas Kim,2025-09-12 11:24:26,noise
6395534105475,6397326243787,T433,18.3,Tomas Kim,2025-09-11 14:00:53,noise
6395534105475,6392175203535,T398,14.9,Tomas Kim,2025-09-11 02:15:13,noise
6395534105475,6392175203535,T433,8.6,Tomas Kim,2025-09-11 19:08:14,noise
6395534105475,6392175203535,T398,11.6,Tomas Kim,2025-09-10 19:02:51,noise
6395534105475,6398069375909,T398,50.4,Tomas Kim,2025-09-10 10:13:51,noise
6395534105475,6398097172985,T433,7.6,Tomas Kim,2025-09-10 15:03:56,noise
6395534105475,6392175203535,T433,20.3,Tomas Kim,2025-09-09 18:06:40,noise
6395534105475,6398595696705,T433,22.3,Tomas Kim,2025-09-08 17:07:37,noise
6395534105475,6397326243787,T433,13.2,Tomas Kim,2025-09-08 18:29:29,noise
6395534105475,6395588239969,T433,14.8,Tomas Kim,2025-09-07 09:09:41,noise
6395534105475,6397775259023,T433,33.0,Tomas Kim,2025-09-07 13:11:48,noise
6395534105475,6397775259023,T433,4.2,Tomas Kim,2025-09-06 10:00:31,noise
6395534105475,6397473500175,T433,6.7,Tomas Kim,2025-09-06 15:27:30,noise
6395534105475,6397326243787,T398,53.0,Tomas Kim,2025-09-06 14:16:57,noise
6395534105475,6392175203535,T433,5.4,Tomas Kim,2025-09-05 19:04:01,noise
6395534105475,6392175203535,T433,11.4,Tomas Kim,2025-09-05 08:30:03,noise
6395534105475,6391877128212,T398,10.2,Tomas Kim,2025-09-05 22:03:28,noise
6395534105475,6397326243787,T398,32.3,Tomas Kim,2025-09-04 00:30:30,noise
6395534105475,6392175203535,T398,15.6,Tomas Kim,2025-09-04 10:20:50,noise
6395534105475,6397326243787,T433,14.5,Tomas Kim,2025-09-04 11:16:37,noise
6395534105475,6397326243787,T433,12.8,Tomas Kim,2025-09-03 08:17:57,noise
6395534105475,6392175203535,T398,10.6,Tomas Kim,2025-09-02 18:22:11,noise
6395534105475,6392237426063,T398,10.9,Tomas Kim,2025-09-02 16:03:14,noise
6395534105475,6392175203535,T433,4.8,Tomas Kim,2025-09-01 18:03:30,noise
6395534105475,6392175203535,T433,3.5,Tomas Kim,2025-09-01 08:03:24,noise
6395534105475,6397775259023,T398,28.7,Tomas Kim,2025-08-31 17:23:25,noise
6395534105475,6397982198732,T433,30.3,Tomas Kim,2025-08-30 10:12:10,noise
6395534105475,6397922188789,T433,19.1,Tomas Kim,2025-08-30 11:29:02,noise
6395534105475,6399096359352,T433,13.5,Tomas Kim,2025-08-30 18:13:01,noise
6395534105475,6392322072341,T433,24.0,Tomas Kim,2025-08-29 08:10:43,noise
6395534105475,6397775259023,T433,9.8,Tomas Kim,2025-08-29 04:11:52,noise
6395534105475,6397326243787,T433,7.2,Tomas Kim,2025-08-28 08:18:42,noise
6395534105475,6393329653115,T398,7.2,Tomas Kim,2025-08-28 05:06:15,noise
6395534105475,6397326243787,T433,12.4,Tomas Kim,2025-08-28 00:22:55,noise
6395534105475,6399487367347,T433,28.3,Tomas Kim,2025-08-27 13:10:02,noise
6395534105475,6397775259023,T433,42.9,Tomas Kim,2025-08-27 08:28:50,noise
6395534105475,6392375347403,T398,60.2,Tomas Kim,2025-08-26 18:27:42,noise
6395534105475,6399096359352,T433,11.0,Tomas Kim,2025-08-26 01:27:21,noise
6395534105475,6397775259023,T433,51.4,Tomas Kim,2025-08-25 15:10:34,noise
6395534105475,6392175203535,T398,15.6,Tomas Kim,2025-08-25 14:24:41,noise
6395534105475,6395535962322,T433,12.4,Tomas Kim,2025-08-24 14:21:06,noise
6395534105475,6393062613059,T398,15.3,Tomas Kim,2025-08-24 09:25:27,noise
6395534105475,6397326243787,T433,12.2,Tomas Kim,2025-08-24 19:22:34,noise
6395534105475,6399096359352,T433,11.0,Tomas Kim,2025-08-23 17:14:57,noise
6395534105475,6397775259023,T433,10.5,Tomas Kim,2025-08-23 12:04:42,noise
6395534105475,6392175203535,T433,18.4,Tomas Kim,2025-08-23 16:12:48,noise
6395534105475,6397326243787,T433,18.5,Tomas Kim,2025-08-22 19:13:10,noise
6395534105475,6397326243787,T398,15.4,Tomas Kim,2025-08-21 16:01:32,noise
6395534105475,6397326243787,T398,10.2,Tomas Kim,2025-08-20 09:03:17,noise
6395534105475,6397326243787,T398,10.0,Tomas Kim,2025-08-19 19:27:21,noise
6395534105475,6392175203535,T433,17.7,Tomas Kim,2025-08-19 08:19:25,noise
6395534105475,6397326243787,T433,22.4,Tomas Kim,2025-08-18 20:00:10,noise
6395534105475,6398095030730,T433,8.2,Tomas Kim,2025-08-18 02:00:05,noise
6395534105475,6392175203535,T398,7.0,Tomas Kim,2025-08-17 18:10:38,noise
6395534105475,6397775259023,T433,27.4,Tomas Kim,2025-08-17 16:02:27,noise
6395534105475,6397156535284,T433,17.7,Tomas Kim,2025-08-16 09:03:32,noise
6395534105475,6397775259023,T398,9.6,Tomas Kim,2025-08-16 18:22:13,noise
6395534105475,6397326243787,T433,31.9,Tomas Kim,2025-08-15 23:20:05,noise
6395534105475,6392175203535,T433,25.7,Tomas Kim,2025-08-15 11:24:05,noise
6395534105475,6397326243787,T398,32.4,Tomas Kim,2025-08-15 18:03:05,noise
6395534105475,6397775259023,T398,9.8,Tomas Kim,2025-08-14 14:06:28,noise
6395534105475,6397326243787,T433,15.2,Tomas Kim,2025-08-14 10:12:31,noise
6395534105475,6397775259023,T398,3.3,Tomas Kim,2025-08-13 11:17:25,noise
6395534105475,6391167752063,T433,7.8,Tomas Kim,2025-08-13 12:19:38,noise
6395534105475,6397775259023,T398,13.5,Tomas Kim,2025-08-12 12:21:48,noise
6395534105475,6396688935939,T433,8.8,Tomas Kim,2025-08-12 21:04:59,noise
6395534105475,6397326243787,T398,33.1,Tomas Kim,2025-08-11 18:07:10,noise
6395534105475,6397775259023,T433,12.6,Tomas Kim,2025-08-11 11:26:30,noise
6395534105475,6397326243787,T433,18.4,Tomas Kim,2025-08-11 13:21:10,noise
6395534105475,6392175203535,T433,19.9,Tomas Kim,2025-08-10 10:12:39,noise
6395534105475,6397775259023,T433,28.7,Tomas Kim,2025-08-10 20:21:28,noise
6395534105475,6397645850299,T433,34.1,Tomas Kim,2025-08-09 14:21:34,noise
6395534105475,6399096359352,T433,33.2,Tomas Kim,2025-08-09 04:18:45,noise
6395534105475,6398097172985,T433,8.6,Tomas Kim,2025-08-09 16:07:07,noise
6395534105475,6392175203535,T398,12.9,Tomas Kim,2025-08-08 12:04:38,noise
6395534105475,6397775259023,T433,13.4,Tomas Kim,2025-08-08 14:13:03,noise
6395534105475,6397775259023,T398,14.0,Tomas Kim,2025-08-07 13:24:16,noise
6395534105475,6392175203535,T433,18.9,Tomas Kim,2025-08-07 15:22:31,noise
6395534105475,6392175203535,T398,11.9,Tomas Kim,2025-08-06 11:29:17,noise
6395534105475,6396198739962,T433,20.9,Tomas Kim,2025-08-06 12:28:32,noise
6395534105475,6397326243787,T433,28.0,Tomas Kim,2025-08-05 19:20:17,noise
6395534105475,6396121190710,T433,6.7,Tomas Kim,2025-08-05 16:15:12,noise
6395534105475,6397775259023,T433,12.5,Tomas Kim,2025-08-04 10:03:22,noise
6395534105475,6397326243787,T433,37.3,Tomas Kim,2025-08-04 21:30:31,noise
6393825956914,6396116554141,T583,30.7,Lena Brooks,2025-10-18 13:26:27,noise
6393825956914,6396116554141,T836,12.4,Lena Brooks,2025-10-18 13:24:16,noise
6393825956914,6396625936508,T836,42.6,Lena Brooks,2025-10-17 12:04:57,noise
6393825956914,6396042155722,T583,10.0,Lena Brooks,2025-10-17 11:22:52,noise
6393825956914,6399965853740,T836,40.6,Lena Brooks,2025-10-17 18:11:53,noise
6393825956914,6396109116629,T583,9.7,Lena Brooks,2025-10-16 10:01:17,noise
6393825956914,6396447956284,T836,38.0,Lena Brooks,2025-10-16 19:11:48,noise
6393825956914,6396447956284,T836,12.2,Lena Brooks,2025-10-15 11:10:11,noise
6393825956914,6396042155722,T583,31.7,Lena Brooks,2025-10-15 00:18:48,noise
6393825956914,6396447956284,T583,5.6,Lena Brooks,2025-10-15 08:07:43,noise
6393825956914,6396042155722,T836,22.1,Lena Brooks,2025-10-14 02:03:30,noise
6393825956914,6396042155722,T583,20.1,Lena Brooks,2025-10-14 19:24:39,noise
6393825956914,6399877395358,T583,13.2,Lena Brooks,2025-10-14 18:14:47,noise
6393825956914,6396447956284,T583,23.6,Lena Brooks,2025-10-13 19:25:28,noise
6393825956914,6396116554141,T583,28.2,Lena Brooks,2025-10-13 08:23:07,noise
6393825956914,6396042155722,T836,61.0,Lena Brooks,2025-10-12 16:27:25,noise
6393825956914,6396116554141,T836,15.8,Lena Brooks,2025-10-12 11:22:14,noise
6393825956914,6399604910822,T836,10.5,Lena Brooks,2025-10-12 12:25:38,noise
6393825956914,6396042155722,T836,15.0,Lena Brooks,2025-10-11 03:19:42,noise
6393825956914,6391167752063,T583,3.6,Lena Brooks,2025-10-11 13:21:09,noise
6393825956914,6396116554141,T836,18.6,Lena Brooks,2025-10-11 05:07:02,noise
6393825956914,6397207416529,T583,6.8,Lena Brooks,2025-10-10 19:08:59,noise
6393825956914,6398186138815,T583,87.7,Lena Brooks,2025-10-10 19:27:18,noise
6393825956914,6396116554141,T836,32.9,Lena Brooks,2025-10-10 14:12:53,noise
6393825956914,6397959529190,T836,18.8,Lena Brooks,2025-10-09 13:10:04,noise
6393825956914,6396447956284,T836,4.6,Lena Brooks,2025-10-08 14:16:21,noise
6393825956914,6398087251603,T836,7.1,Lena Brooks,2025-10-08 15:03:17,noise
6393825956914,6396447956284,T836,22.1,Lena Brooks,2025-10-07 18:18:43,noise
6393825956914,6396042155722,T836,40.7,Lena Brooks,2025-10-07 09:12:44,noise
6393825956914,6396042155722,T583,75.5,Lena Brooks,2025-10-06 09:18:43,noise
6393825956914,6399141407059,T836,9.8,Lena Brooks,2025-10-06 03:28:59,noise
6393825956914,6395137959873,T583,19.1,Lena Brooks,2025-10-06 09:25:34,noise
6393825956914,6394247662559,T836,12.1,Lena Brooks,2025-10-05 11:23:34,noise
6393825956914,6399804243491,T836,22.1,Lena Brooks,2025-10-05 16:16:41,noise
6393825956914,6396116554141,T583,43.2,Lena Brooks,2025-10-04 19:17:04,noise
6393825956914,6396116554141,T583,11.0,Lena Brooks,2025-10-04 19:03:45,noise
6393825956914,6395588239969,T583,10.3,Lena Brooks,2025-10-03 11:11:41,noise
6393825956914,6396447956284,T836,7.7,Lena Brooks,2025-10-03 17:21:09,noise
6393825956914,6396116554141,T836,13.1,Lena Brooks,2025-10-02 03:04:31,noise
6393825956914,6397172010892,T836,15.4,Lena Brooks,2025-10-02 19:21:28,noise
6393825956914,6399085717386,T836,31.5,Lena Brooks,2025-10-01 12:23:54,noise
6393825956914,6396042155722,T836,33.8,Lena Brooks,2025-10-01 04:00:09,noise
6393825956914,6393332370721,T836,13.7,Lena Brooks,2025-09-30 08:15:18,noise
6393825956914,6396042155722,T836,51.4,Lena Brooks,2025-09-30 17:19:31,noise
6393825956914,6396116554141,T583,9.2,Lena Brooks,2025-09-29 19:04:08,noise
6393825956914,6396042155722,T583,18.4,Lena Brooks,2025-09-28 17:07:39,noise
6393825956914,6396116554141,T836,62.1,Lena Brooks,2025-09-27 13:10:55,noise
6393825956914,6396116554141,T836,152.4,Lena Brooks,2025-09-26 11:04:56,noise
6393825956914,6396447956284,T583,23.5,Lena Brooks,2025-09-26 17:05:54,noise
6393825956914,6394247662559,T583,63.4,Lena Brooks,2025-09-25 19:29:32,noise
6393825956914,6396042155722,T836,77.1,Lena Brooks,2025-09-25 15:07:55,noise
6393825956914,6396447956284,T836,5.7,Lena Brooks,2025-09-24 15:28:29,noise
6393825956914,6396526010278,T836,8.3,Lena Brooks,2025-09-23 14:28:05,noise
6393825956914,6396042155722,T836,29.1,Lena Brooks,2025-09-23 20:03:53,noise
6393825956914,6393694731514,T836,28.0,Lena Brooks,2025-09-22 12:29:20,noise
6393825956914,6398525827157,T583,19.6,Lena Brooks,2025-09-21 13:03:23,noise
6393825956914,6399965853740,T836,12.0,Lena Brooks,2025-09-21 17:15:53,noise
6393825956914,6392951962632,T836,9.8,Lena Brooks,2025-09-20 19:12:32,noise
6393825956914,6394055226921,T583,44.8,Lena Brooks,2025-09-20 18:07:47,noise
6393825956914,6396447956284,T836,11.5,Lena Brooks,2025-09-19 16:00:01,noise
6393825956914,6396447956284,T836,17.7,Lena Brooks,2025-09-18 00:18:58,noise
6393825956914,6396447956284,T836,20.7,Lena Brooks,2025-09-18 10:18:12,noise
6393825956914,6392464364634,T836,30.5,Lena Brooks,2025-09-18 12:22:40,noise
6393825956914,6392322072341,T583,12.9,Lena Brooks,2025-09-17 18:11:46,noise
6393825956914,6392517116618,T836,20.6,Lena Brooks,2025-09-17 20:14:15,noise
6393825956914,6391167752063,T836,35.7,Lena Brooks,2025-09-16 11:02:14,noise
6393825956914,6396042155722,T583,13.5,Lena Brooks,2025-09-16 13:18:29,noise
6393825956914,6396042155722,T583,14.8,Lena Brooks,2025-09-15 16:30:01,noise
6393825956914,6396042155722,T583,38.9,Lena Brooks,2025-09-15 09:08:48,noise
6393825956914,6396042155722,T583,21.0,Lena Brooks,2025-09-14 08:00:10,noise
6393825956914,6391319542424,T836,18.9,Lena Brooks,2025-09-14 08:28:25,noise
6393825956914,6396116554141,T836,16.7,Lena Brooks,2025-09-13 13:14:36,noise
6393825956914,6396447956284,T836,127.0,Lena Brooks,2025-09-13 11:08:07,noise
6393825956914,6391494838799,T836,29.5,Lena Brooks,2025-09-13 19:09:38,noise
6393825956914,6397959529190,T836,20.6,Lena Brooks,2025-09-12 00:03:54,noise
6393825956914,6396447956284,T836,16.9,Lena Brooks,2025-09-12 19:17:00,noise
6393825956914,6396116554141,T836,12.5,Lena Brooks,2025-09-12 15:07:07,noise
6393825956914,6392464364634,T836,4.9,Lena Brooks,2025-09-11 13:11:29,noise
6393825956914,6391282991519,T836,84.3,Lena Brooks,2025-09-11 10:24:49,noise
6393825956914,6396447956284,T836,20.3,Lena Brooks,2025-09-10 16:21:58,noise
6393825956914,6392375347403,T583,11.6,Lena Brooks,2025-09-10 17:08:53,noise
6393825956914,6396042155722,T583,13.2,Lena Brooks,2025-09-09 14:30:12,noise
6393825956914,6396447956284,T836,23.2,Lena Brooks,2025-09-08 16:15:00,noise
6393825956914,6399085717386,T836,29.2,Lena Brooks,2025-09-08 08:15:50,noise
6393825956914,6391877128212,T583,7.1,Lena Brooks,2025-09-07 23:19:33,noise
6393825956914,6396042155722,T583,26.1,Lena Brooks,2025-09-07 20:13:56,noise
6393825956914,6396042155722,T836,31.3,Lena Brooks,2025-09-07 17:11:29,noise
6393825956914,6396393488216,T836,36.6,Lena Brooks,2025-09-06 08:29:24,noise
6393825956914,6399003402039,T583,9.4,Lena Brooks,2025-09-06 20:07:16,noise
6393825956914,6393869319540,T583,7.7,Lena Brooks,2025-09-06 08:30:33,noise
6393825956914,6396042155722,T836,19.4,Lena Brooks,2025-09-05 22:24:16,noise
6393825956914,6396042155722,T836,19.3,Lena Brooks,2025-09-05 09:26:53,noise
6393825956914,6396447956284,T583,11.7,Lena Brooks,2025-09-04 09:15:28,noise
6393825956914,6398186138815,T836,5.5,Lena Brooks,2025-09-04 18:18:10,noise
6393825956914,6396042155722,T836,10.0,Lena Brooks,2025-09-04 15:26:19,noise
6393825956914,6396116554141,T836,15.5,Lena Brooks,2025-09-03 15:09:15,noise
6393825956914,6396447956284,T836,12.2,Lena Brooks,2025-09-02 18:04:27,noise
6393825956914,6396042155722,T583,15.5,Lena Brooks,2025-09-02 08:10:48,noise
6393825956914,6399804243491,T583,16.4,Lena Brooks,2025-09-02 13:23:14,noise
6393825956914,6396042155722,T583,48.0,Lena Brooks,2025-09-01 19:25:19,noise
6393825956914,6397922188789,T836,22.4,Lena Brooks,2025-09-01 09:10:49,noise
6393825956914,6396447956284,T583,7.3,Lena Brooks,2025-08-31 14:23:28,noise
6393825956914,6396447956284,T836,13.1,Lena Brooks,2025-08-31 09:12:45,noise
6393825956914,6393454415467,T836,11.8,Lena Brooks,2025-08-31 05:09:27,noise
6393825956914,6396393488216,T583,3.3,Lena Brooks,2025-08-30 09:08:53,noise
6393825956914,6395588265198,T836,21.4,Lena Brooks,2025-08-30 09:14:39,noise
6393825956914,6396042155722,T836,5.2,Lena Brooks,2025-08-29 20:02:30,noise
6393825956914,6399096359352,T836,67.6,Lena Brooks,2025-08-29 19:29:08,noise
6393825956914,6393736660443,T583,19.5,Lena Brooks,2025-08-28 20:13:03,noise
6393825956914,6396116554141,T836,25.0,Lena Brooks,2025-08-28 15:18:32,noise
6393825956914,6396116554141,T836,22.5,Lena Brooks,2025-08-28 16:21:01,noise
6393825956914,6396447956284,T836,9.9,Lena Brooks,2025-08-27 18:11:37,noise
6393825956914,6391877128212,T583,45.7,Lena Brooks,2025-08-27 18:00:24,noise
6393825956914,6393004154125,T836,32.6,Lena Brooks,2025-08-26 08:10:42,noise
6393825956914,6396042155722,T583,35.2,Lena Brooks,2025-08-26 13:30:13,noise
6393825956914,6399696031872,T583,15.8,Lena Brooks,2025-08-25 10:27:15,noise
6393825956914,6396447956284,T836,5.6,Lena Brooks,2025-08-25 14:30:34,noise
6393825956914,6399965853740,T836,31.3,Lena Brooks,2025-08-25 19:27:54,noise
6393825956914,6396042155722,T836,14.5,Lena Brooks,2025-08-24 13:04:50,noise
6393825956914,6397775259023,T836,9.7,Lena Brooks,2025-08-24 18:25:07,noise
6393825956914,6396447956284,T836,24.2,Lena Brooks,2025-08-23 20:17:31,noise
6393825956914,6398525827157,T583,1.5,Lena Brooks,2025-08-23 17:09:11,noise
6393825956914,6396447956284,T836,40.1,Lena Brooks,2025-08-22 16:30:02,noise
6393825956914,6396042155722,T583,13.2,Lena Brooks,2025-08-22 20:17:15,noise
6393825956914,6396116554141,T583,13.6,Lena Brooks,2025-08-21 09:20:59,noise
6393825956914,6396447956284,T836,17.9,Lena Brooks,2025-08-21 13:03:09,noise
6393825956914,6396116554141,T583,6.3,Lena Brooks,2025-08-20 13:09:59,noise
6393825956914,6396447956284,T836,65.5,Lena Brooks,2025-08-20 09:26:33,noise
6393825956914,6391051330112,T836,10.9,Lena Brooks,2025-08-19 20:05:38,noise
6393825956914,6394573060920,T836,31.3,Lena Brooks,2025-08-19 00:00:37,noise
6393825956914,6396042155722,T583,31.1,Lena Brooks,2025-08-19 11:14:59,noise
6393825956914,6396042155722,T583,16.4,Lena Brooks,2025-08-18 12:17:40,noise
6393825956914,6399085717386,T836,28.5,Lena Brooks,2025-08-18 22:09:17,noise
6393825956914,6397326243787,T836,27.9,Lena Brooks,2025-08-17 14:13:17,noise
6393825956914,6396042155722,T583,27.2,Lena Brooks,2025-08-17 08:27:34,noise
6393825956914,6399003402039,T583,11.6,Lena Brooks,2025-08-16 23:20:43,noise
6393825956914,6398097172985,T583,35.3,Lena Brooks,2025-08-16 17:23:15,noise
6393825956914,6396116554141,T583,9.1,Lena Brooks,2025-08-15 18:03:27,noise
6393825956914,6396116554141,T583,129.8,Lena Brooks,2025-08-14 18:15:46,noise
6393825956914,6396042155722,T583,11.8,Lena Brooks,2025-08-14 21:20:45,noise
6393825956914,6396447956284,T836,58.3,Lena Brooks,2025-08-14 09:11:31,noise
6393825956914,6397207416529,T583,17.0,Lena Brooks,2025-08-13 15:17:53,noise
6393825956914,6392375347403,T836,6.1,Lena Brooks,2025-08-12 17:27:25,noise
6393825956914,6396447956284,T836,62.8,Lena Brooks,2025-08-12 08:19:45,noise
6393825956914,6396447956284,T836,18.1,Lena Brooks,2025-08-11 13:28:23,noise
6393825956914,6396116554141,T836,51.8,Lena Brooks,2025-08-11 11:11:53,noise
6393825956914,6396042155722,T583,4.6,Lena Brooks,2025-08-10 13:19:53,noise
6393825956914,6395136375863,T836,5.0,Lena Brooks,2025-08-10 20:21:52,noise
6393825956914,6396447956284,T583,18.1,Lena Brooks,2025-08-09 17:20:20,noise
6393825956914,6398415249661,T583,13.2,Lena Brooks,2025-08-08 12:30:10,noise
6393825956914,6395682267963,T583,20.1,Lena Brooks,2025-08-08 15:21:26,noise
6393825956914,6396447956284,T583,21.4,Lena Brooks,2025-08-07 13:13:08,noise
6393825956914,6396447956284,T836,7.7,Lena Brooks,2025-08-07 18:29:36,noise
6393825956914,6399096359352,T583,13.8,Lena Brooks,2025-08-06 18:16:17,noise
6393825956914,6396116554141,T583,18.6,Lena Brooks,2025-08-06 09:26:34,noise
6393825956914,6396116554141,T836,21.8,Lena Brooks,2025-08-06 17:21:36,noise
6393825956914,6398186138815,T836,14.2,Lena Brooks,2025-08-05 10:06:35,noise
6393825956914,6399096359352,T583,13.8,Lena Brooks,2025-08-04 14:30:44,noise
6393825956914,6396447956284,T583,31.6,Lena Brooks,2025-08-04 19:08:59,noise
6398186138815,6396121190710,T298,14.7,Elena Alvarez,2025-10-18 10:30:36,noise
6398186138815,6393591747444,T298,11.6,Elena Alvarez,2025-10-17 09:09:02,noise
6398186138815,6395453540079,T179,10.7,Elena Alvarez,2025-10-17 21:01:43,noise
6398186138815,6395453540079,T179,22.2,Elena Alvarez,2025-10-16 12:01:29,noise
6398186138815,6398415249661,T298,40.3,Elena Alvarez,2025-10-16 12:04:57,noise
6398186138815,6395453540079,T179,12.2,Elena Alvarez,2025-10-16 15:26:52,noise
6398186138815,6398415249661,T179,8.0,Elena Alvarez,2025-10-15 14:20:12,noise
6398186138815,6396121190710,T179,8.8,Elena Alvarez,2025-10-15 13:22:56,noise
6398186138815,6392322072341,T179,4.0,Elena Alvarez,2025-10-14 18:24:21,noise
6398186138815,6392322072341,T179,30.1,Elena Alvarez,2025-10-13 03:15:21,noise
6398186138815,6392322072341,T179,15.6,Elena Alvarez,2025-10-13 23:15:46,noise
6398186138815,6392322072341,T298,16.9,Elena Alvarez,2025-10-12 03:19:09,noise
6398186138815,6392322072341,T298,92.5,Elena Alvarez,2025-10-12 21:11:17,noise
6398186138815,6393134974031,T298,26.0,Elena Alvarez,2025-10-12 15:07:51,noise
6398186138815,6398415249661,T179,28.1,Elena Alvarez,2025-10-11 09:15:18,noise
6398186138815,6392322072341,T298,15.8,Elena Alvarez,2025-10-10 18:30:34,noise
6398186138815,6398415249661,T298,35.1,Elena Alvarez,2025-10-10 18:13:06,noise
6398186138815,6398415249661,T179,10.0,Elena Alvarez,2025-10-09 08:05:41,noise
6398186138815,6395453540079,T179,24.5,Elena Alvarez,2025-10-09 22:21:32,noise
6398186138815,6395453540079,T179,90.4,Elena Alvarez,2025-10-08 09:19:34,noise
6398186138815,6398415249661,T179,37.5,Elena Alvarez,2025-10-08 08:21:15,noise
6398186138815,6395453540079,T179,13.8,Elena Alvarez,2025-10-07 17:30:03,noise
6398186138815,6399241777448,T179,21.3,Elena Alvarez,2025-10-07 16:09:16,noise
6398186138815,6392322072341,T179,18.6,Elena Alvarez,2025-10-06 14:11:05,noise
6398186138815,6392322072341,T179,20.0,Elena Alvarez,2025-10-06 22:27:31,noise
6398186138815,6395453540079,T179,9.3,Elena Alvarez,2025-10-05 16:13:59,noise
6398186138815,6398415249661,T179,23.2,Elena Alvarez,2025-10-05 17:05:14,noise
6398186138815,6395682267963,T298,19.0,Elena Alvarez,2025-10-05 14:11:03,noise
6398186138815,6395453540079,T179,57.3,Elena Alvarez,2025-10-04 23:14:02,noise
6398186138815,6393062613059,T298,23.2,Elena Alvarez,2025-10-04 15:17:06,noise
6398186138815,6398415249661,T298,23.4,Elena Alvarez,2025-10-04 10:24:49,noise
6398186138815,6398415249661,T179,20.3,Elena Alvarez,2025-10-03 20:21:21,noise
6398186138815,6398415249661,T179,11.7,Elena Alvarez,2025-10-03 09:19:22,noise
6398186138815,6395453540079,T179,30.3,Elena Alvarez,2025-10-02 11:02:18,noise
6398186138815,6394573060920,T298,9.8,Elena Alvarez,2025-10-02 12:22:37,noise
6398186138815,6392705348834,T179,12.4,Elena Alvarez,2025-10-01 09:12:10,noise
6398186138815,6392322072341,T298,15.2,Elena Alvarez,2025-10-01 19:21:30,noise
6398186138815,6395453540079,T179,2.9,Elena Alvarez,2025-09-30 11:05:53,noise
6398186138815,6398415249661,T298,13.0,Elena Alvarez,2025-09-30 10:16:09,noise
6398186138815,6398415249661,T179,6.6,Elena Alvarez,2025-09-29 16:26:37,noise
6398186138815,6395453540079,T298,9.7,Elena Alvarez,2025-09-29 12:27:27,noise
6398186138815,6395453540079,T179,12.7,Elena Alvarez,2025-09-28 15:13:21,noise
6398186138815,6392705348834,T179,15.0,Elena Alvarez,2025-09-27 14:15:14,noise
6398186138815,6392322072341,T179,20.2,Elena Alvarez,2025-09-26 18:09:57,noise
6398186138815,6395453540079,T298,24.1,Elena Alvarez,2025-09-26 15:01:51,noise
6398186138815,6392322072341,T179,23.7,Elena Alvarez,2025-09-25 13:14:29,noise
6398186138815,6398415249661,T179,6.0,Elena Alvarez,2025-09-25 00:23:32,noise
6398186138815,6395453540079,T298,13.4,Elena Alvarez,2025-09-24 19:27:24,noise
6398186138815,6394247662559,T298,22.4,Elena Alvarez,2025-09-24 19:03:06,noise
6398186138815,6398415249661,T179,30.0,Elena Alvarez,2025-09-24 09:07:03,noise
6398186138815,6398415249661,T298,10.7,Elena Alvarez,2025-09-23 12:11:49,noise
6398186138815,6393608254537,T179,45.6,Elena Alvarez,2025-09-23 12:18:23,noise
6398186138815,6398595696705,T179,14.3,Elena Alvarez,2025-09-22 08:15:57,noise
6398186138815,6399141407059,T179,17.5,Elena Alvarez,2025-09-22 22:22:35,noise
6398186138815,6395453540079,T179,10.7,Elena Alvarez,2025-09-21 17:05:09,noise
6398186138815,6396526010278,T298,32.6,Elena Alvarez,2025-09-21 15:24:03,noise
6398186138815,6398595696705,T179,14.4,Elena Alvarez,2025-09-21 03:27:21,noise
6398186138815,6392322072341,T298,11.8,Elena Alvarez,2025-09-20 23:19:55,noise
6398186138815,6393825956914,T179,8.3,Elena Alvarez,2025-09-20 11:03:06,noise
6398186138815,6395588265198,T179,35.9,Elena Alvarez,2025-09-19 22:18:08,noise
6398186138815,6399604910822,T179,39.4,Elena Alvarez,2025-09-19 22:02:18,noise
6398186138815,6395453540079,T298,21.5,Elena Alvarez,2025-09-19 12:00:53,noise
6398186138815,6398415249661,T179,60.7,Elena Alvarez,2025-09-18 23:01:59,noise
6398186138815,6398415249661,T298,13.4,Elena Alvarez,2025-09-18 08:07:10,noise
6398186138815,6392175203535,T179,38.2,Elena Alvarez,2025-09-18 13:26:43,noise
6398186138815,6398415249661,T179,50.8,Elena Alvarez,2025-09-17 05:26:31,noise
6398186138815,6393004154125,T298,16.2,Elena Alvarez,2025-09-17 15:03:20,noise
6398186138815,6395453540079,T179,33.8,Elena Alvarez,2025-09-16 18:02:46,noise
6398186138815,6392322072341,T179,14.0,Elena Alvarez,2025-09-15 17:04:11,noise
6398186138815,6395453540079,T298,19.1,Elena Alvarez,2025-09-15 22:27:05,noise
6398186138815,6395453540079,T298,47.6,Elena Alvarez,2025-09-15 09:12:36,noise
6398186138815,6398415249661,T298,9.1,Elena Alvarez,2025-09-14 08:21:06,noise
6398186138815,6399241777448,T179,12.0,Elena Alvarez,2025-09-14 19:11:17,noise
6398186138815,6393869319540,T298,20.6,Elena Alvarez,2025-09-13 18:07:31,noise
6398186138815,6392322072341,T179,7.6,Elena Alvarez,2025-09-13 17:16:22,noise
6398186138815,6398415249661,T179,33.7,Elena Alvarez,2025-09-13 12:11:13,noise
6398186138815,6392322072341,T179,11.1,Elena Alvarez,2025-09-12 17:24:45,noise
6398186138815,6398415249661,T179,35.5,Elena Alvarez,2025-09-12 01:20:09,noise
6398186138815,6392322072341,T179,12.2,Elena Alvarez,2025-09-11 23:17:24,noise
6398186138815,6397207416529,T179,17.9,Elena Alvarez,2025-09-10 08:05:32,noise
6398186138815,6398415249661,T179,35.0,Elena Alvarez,2025-09-10 01:24:34,noise
6398186138815,6395453540079,T179,16.8,Elena Alvarez,2025-09-09 01:08:35,noise
6398186138815,6396726642544,T179,14.6,Elena Alvarez,2025-09-08 23:25:16,noise
6398186138815,6392953177733,T179,14.0,Elena Alvarez,2025-09-07 19:29:24,noise
6398186138815,6398415249661,T298,18.4,Elena Alvarez,2025-09-06 14:01:01,noise
6398186138815,6395958977897,T179,19.4,Elena Alvarez,2025-09-06 09:00:14,noise
6398186138815,6398415249661,T179,40.5,Elena Alvarez,2025-09-05 15:03:24,noise
6398186138815,6397156535284,T298,28.1,Elena Alvarez,2025-09-04 13:06:52,noise
6398186138815,6391577055581,T179,28.7,Elena Alvarez,2025-09-03 23:29:19,noise
6398186138815,6399096359352,T179,22.4,Elena Alvarez,2025-09-03 15:23:28,noise
6398186138815,6395453540079,T179,44.9,Elena Alvarez,2025-09-02 15:16:45,noise
6398186138815,6393454415467,T179,22.7,Elena Alvarez,2025-09-01 21:13:06,noise
6398186138815,6391494838799,T179,4.9,Elena Alvarez,2025-09-01 18:23:15,noise
6398186138815,6396625936508,T179,39.4,Elena Alvarez,2025-09-01 08:01:46,noise
6398186138815,6397645850299,T179,37.0,Elena Alvarez,2025-08-31 10:24:00,noise
6398186138815,6399096359352,T298,12.6,Elena Alvarez,2025-08-31 08:06:12,noise
6398186138815,6398415249661,T179,24.9,Elena Alvarez,2025-08-31 20:09:29,noise
6398186138815,6392322072341,T298,12.1,Elena Alvarez,2025-08-30 17:14:35,noise
6398186138815,6395453540079,T179,10.9,Elena Alvarez,2025-08-30 20:20:53,noise
6398186138815,6399804243491,T298,22.1,Elena Alvarez,2025-08-30 22:03:38,noise
6398186138815,6396042155722,T179,13.4,Elena Alvarez,2025-08-29 10:24:15,noise
6398186138815,6393608254537,T179,20.3,Elena Alvarez,2025-08-29 09:22:34,noise
6398186138815,6392322072341,T298,5.5,Elena Alvarez,2025-08-28 17:29:26,noise
6398186138815,6392322072341,T179,16.5,Elena Alvarez,2025-08-28 20:08:03,noise
6398186138815,6395453540079,T179,12.5,Elena Alvarez,2025-08-28 14:15:02,noise
6398186138815,6398415249661,T179,16.9,Elena Alvarez,2025-08-27 22:27:32,noise
6398186138815,6396042155722,T298,12.4,Elena Alvarez,2025-08-27 11:18:42,noise
6398186138815,6398415249661,T179,12.3,Elena Alvarez,2025-08-27 18:03:43,noise
6398186138815,6395588265198,T179,7.5,Elena Alvarez,2025-08-26 15:28:47,noise
6398186138815,6393825956914,T298,24.6,Elena Alvarez,2025-08-25 16:05:41,noise
6398186138815,6391171674512,T298,45.1,Elena Alvarez,2025-08-24 11:19:58,noise
6398186138815,6392322072341,T298,13.3,Elena Alvarez,2025-08-24 14:22:27,noise
6398186138815,6391877128212,T179,8.0,Elena Alvarez,2025-08-24 17:10:05,noise
6398186138815,6397695360968,T179,24.0,Elena Alvarez,2025-08-23 21:26:42,noise
6398186138815,6392322072341,T298,13.6,Elena Alvarez,2025-08-23 15:05:38,noise
6398186138815,6397695360968,T298,34.3,Elena Alvarez,2025-08-22 12:11:00,noise
6398186138815,6397156535284,T298,27.6,Elena Alvarez,2025-08-22 09:20:14,noise
6398186138815,6395453540079,T298,63.5,Elena Alvarez,2025-08-21 17:19:19,noise
6398186138815,6397277321210,T179,6.8,Elena Alvarez,2025-08-21 09:20:59,noise
6398186138815,6398415249661,T298,13.0,Elena Alvarez,2025-08-21 09:30:18,noise
6398186138815,6396726642544,T298,17.5,Elena Alvarez,2025-08-20 15:18:19,noise
6398186138815,6392027898005,T179,10.5,Elena Alvarez,2025-08-20 16:21:08,noise
6398186138815,6397326243787,T298,25.3,Elena Alvarez,2025-08-19 17:16:20,noise
6398186138815,6392322072341,T179,6.0,Elena Alvarez,2025-08-19 10:02:26,noise
6398186138815,6398095030730,T179,3.7,Elena Alvarez,2025-08-18 16:11:31,noise
6398186138815,6392322072341,T298,15.9,Elena Alvarez,2025-08-18 14:08:39,noise
6398186138815,6395453540079,T179,18.2,Elena Alvarez,2025-08-17 10:29:48,noise
6398186138815,6395453540079,T179,11.3,Elena Alvarez,2025-08-17 10:13:57,noise
6398186138815,6395453540079,T298,15.3,Elena Alvarez,2025-08-16 03:24:51,noise
6398186138815,6399804243491,T298,11.9,Elena Alvarez,2025-08-15 14:24:05,noise
6398186138815,6398415249661,T179,13.6,Elena Alvarez,2025-08-15 18:22:42,noise
6398186138815,6392322072341,T179,10.6,Elena Alvarez,2025-08-14 12:09:06,noise
6398186138815,6392322072341,T179,31.9,Elena Alvarez,2025-08-14 10:08:27,noise
6398186138815,6399003402039,T298,17.3,Elena Alvarez,2025-08-13 11:09:23,noise
6398186138815,6395453540079,T179,7.8,Elena Alvarez,2025-08-13 22:29:56,noise
6398186138815,6398415249661,T298,17.7,Elena Alvarez,2025-08-12 10:04:50,noise
6398186138815,6392464364634,T179,1.8,Elena Alvarez,2025-08-11 09:19:22,noise
6398186138815,6397645850299,T179,16.8,Elena Alvarez,2025-08-11 10:20:31,noise
6398186138815,6396625936508,T298,28.6,Elena Alvarez,2025-08-10 09:17:27,noise
6398186138815,6392322072341,T298,45.7,Elena Alvarez,2025-08-10 11:07:33,noise
6398186138815,6398415249661,T179,38.6,Elena Alvarez,2025-08-09 09:17:04,noise
6398186138815,6392322072341,T298,21.6,Elena Alvarez,2025-08-08 09:06:34,noise
6398186138815,6392322072341,T179,21.9,Elena Alvarez,2025-08-08 04:24:05,noise
6398186138815,6398069375909,T179,25.8,Elena Alvarez,2025-08-08 19:01:05,noise
6398186138815,6397266186506,T298,9.3,Elena Alvarez,2025-08-07 03:16:05,noise
6398186138815,6397277321210,T298,14.1,Elena Alvarez,2025-08-07 15:24:59,noise
6398186138815,6395453540079,T179,25.8,Elena Alvarez,2025-08-07 03:00:50,noise
6398186138815,6398069375909,T179,14.3,Elena Alvarez,2025-08-06 22:13:04,noise
6398186138815,6392322072341,T179,26.5,Elena Alvarez,2025-08-06 15:19:42,noise
6398186138815,6395453540079,T179,21.0,Elena Alvarez,2025-08-06 11:17:10,noise
6398186138815,6395453540079,T298,9.4,Elena Alvarez,2025-08-05 05:16:36,noise
6398186138815,6392322072341,T298,33.1,Elena Alvarez,2025-08-05 10:26:18,noise
6398186138815,6396042155722,T298,20.3,Elena Alvarez,2025-08-05 19:00:57,noise
6398186138815,6398415249661,T179,43.5,Elena Alvarez,2025-08-04 20:08:01,noise
6398186138815,6398415249661,T179,10.0,Elena Alvarez,2025-08-04 08:09:34,noise
6398186138815,6395535962322,T298,8.8,Elena Alvarez,2025-08-04 14:22:02,noise
6393332370721,6398069375909,T686,26.5,Cara Quinn,2025-10-18 20:02:58,noise
6393332370721,6395534105475,T686,9.4,Cara Quinn,2025-10-17 11:29:07,noise
6393332370721,6399965853740,T229,4.2,Cara Quinn,2025-10-16 09:17:57,noise
6393332370721,6399141407059,T686,28.2,Cara Quinn,2025-10-15 08:21:52,noise
6393332370721,6395534105475,T229,19.1,Cara Quinn,2025-10-15 09:19:57,noise
6393332370721,6393736660443,T229,24.4,Cara Quinn,2025-10-15 16:08:11,noise
6393332370721,6394372750872,T229,3.6,Cara Quinn,2025-10-14 15:30:34,noise
6393332370721,6398085325274,T229,21.7,Cara Quinn,2025-10-14 11:29:25,noise
6393332370721,6395534105475,T229,4.9,Cara Quinn,2025-10-13 16:13:25,noise
6393332370721,6395534105475,T229,19.4,Cara Quinn,2025-10-12 18:10:59,noise
6393332370721,6395534105475,T686,17.4,Cara Quinn,2025-10-12 15:04:38,noise
6393332370721,6397172010892,T229,30.4,Cara Quinn,2025-10-11 09:25:48,noise
6393332370721,6391167752063,T229,6.5,Cara Quinn,2025-10-11 19:16:15,noise
6393332370721,6394513051861,T229,23.0,Cara Quinn,2025-10-10 03:03:57,noise
6393332370721,6398085325274,T229,7.7,Cara Quinn,2025-10-10 11:05:25,noise
6393332370721,6395534105475,T686,20.8,Cara Quinn,2025-10-09 18:17:44,noise
6393332370721,6397277321210,T229,8.5,Cara Quinn,2025-10-09 18:30:11,noise
6393332370721,6395534105475,T686,5.8,Cara Quinn,2025-10-08 17:22:05,noise
6393332370721,6392953177733,T229,24.5,Cara Quinn,2025-10-08 14:01:57,noise
6393332370721,6398085325274,T229,30.3,Cara Quinn,2025-10-08 16:14:25,noise
6393332370721,6397172010892,T229,19.5,Cara Quinn,2025-10-07 16:06:18,noise
6393332370721,6395534105475,T686,6.3,Cara Quinn,2025-10-07 15:18:51,noise
6393332370721,6397172010892,T229,9.5,Cara Quinn,2025-10-07 22:08:28,noise
6393332370721,6393549070850,T229,34.4,Cara Quinn,2025-10-06 18:02:14,noise
6393332370721,6395534105475,T686,4.7,Cara Quinn,2025-10-06 10:08:44,noise
6393332370721,6397172010892,T686,9.4,Cara Quinn,2025-10-05 11:19:16,noise
6393332370721,6392517116618,T229,24.3,Cara Quinn,2025-10-04 19:10:49,noise
6393332370721,6398085325274,T686,17.6,Cara Quinn,2025-10-04 23:30:38,noise
6393332370721,6391319542424,T229,17.2,Cara Quinn,2025-10-04 13:23:48,noise
6393332370721,6398595696705,T229,18.7,Cara Quinn,2025-10-03 13:13:16,noise
6393332370721,6391877128212,T686,9.3,Cara Quinn,2025-10-03 22:25:42,noise
6393332370721,6393869319540,T229,20.2,Cara Quinn,2025-10-03 18:01:51,noise
6393332370721,6391577055581,T229,66.0,Cara Quinn,2025-10-02 08:03:20,noise
6393332370721,6398085325274,T229,20.1,Cara Quinn,2025-10-02 10:22:44,noise
6393332370721,6395958977897,T229,13.9,Cara Quinn,2025-10-01 09:19:14,noise
6393332370721,6397172010892,T229,36.0,Cara Quinn,2025-09-30 12:04:15,noise
6393332370721,6397277321210,T686,25.0,Cara Quinn,2025-09-30 09:24:07,noise
6393332370721,6398085325274,T229,28.6,Cara Quinn,2025-09-29 13:05:19,noise
6393332370721,6395534105475,T229,22.6,Cara Quinn,2025-09-28 21:02:01,noise
6393332370721,6395534105475,T229,14.1,Cara Quinn,2025-09-28 19:20:54,noise
6393332370721,6398085325274,T229,65.5,Cara Quinn,2025-09-27 00:22:52,noise
6393332370721,6398085325274,T229,17.7,Cara Quinn,2025-09-27 16:17:58,noise
6393332370721,6391392356697,T229,4.3,Cara Quinn,2025-09-26 12:13:27,noise
6393332370721,6395534105475,T686,8.8,Cara Quinn,2025-09-26 15:26:12,noise
6393332370721,6395136375863,T229,6.2,Cara Quinn,2025-09-26 14:27:32,noise
6393332370721,6398085325274,T229,20.6,Cara Quinn,2025-09-25 14:04:29,noise
6393332370721,6399141407059,T229,35.6,Cara Quinn,2025-09-24 03:07:25,noise
6393332370721,6397172010892,T229,26.5,Cara Quinn,2025-09-24 21:26:44,noise
6393332370721,6397172010892,T686,8.0,Cara Quinn,2025-09-23 16:22:49,noise
6393332370721,6397172010892,T229,44.1,Cara Quinn,2025-09-23 11:17:45,noise
6393332370721,6398085325274,T686,8.8,Cara Quinn,2025-09-22 12:07:24,noise
6393332370721,6395137959873,T229,18.7,Cara Quinn,2025-09-22 11:25:38,noise
6393332370721,6395534105475,T686,8.8,Cara Quinn,2025-09-21 13:04:17,noise
6393332370721,6398085325274,T229,34.2,Cara Quinn,2025-09-21 12:26:35,noise
6393332370721,6398085325274,T229,51.8,Cara Quinn,2025-09-20 16:10:12,noise
6393332370721,6397172010892,T686,9.5,Cara Quinn,2025-09-20 19:06:39,noise
6393332370721,6398069375909,T686,17.0,Cara Quinn,2025-09-20 04:01:50,noise
6393332370721,6392705348834,T229,20.7,Cara Quinn,2025-09-19 00:05:53,noise
6393332370721,6398085325274,T686,13.6,Cara Quinn,2025-09-19 20:27:45,noise
6393332370721,6397277321210,T686,20.3,Cara Quinn,2025-09-18 11:01:56,noise
6393332370721,6394508672370,T229,6.7,Cara Quinn,2025-09-18 15:12:40,noise
6393332370721,6397172010892,T229,17.1,Cara Quinn,2025-09-18 20:20:02,noise
6393332370721,6395534105475,T229,35.5,Cara Quinn,2025-09-17 11:14:29,noise
6393332370721,6395534105475,T229,12.1,Cara Quinn,2025-09-16 18:28:24,noise
6393332370721,6398085325274,T229,6.7,Cara Quinn,2025-09-16 17:01:41,noise
6393332370721,6398095030730,T686,23.8,Cara Quinn,2025-09-15 02:24:55,noise
6393332370721,6395534105475,T686,21.2,Cara Quinn,2025-09-15 00:21:22,noise
6393332370721,6397172010892,T686,31.4,Cara Quinn,2025-09-14 20:16:09,noise
6393332370721,6397172010892,T229,25.8,Cara Quinn,2025-09-13 09:05:38,noise
6393332370721,6395534105475,T229,8.5,Cara Quinn,2025-09-13 02:15:13,noise
6393332370721,6395534105475,T229,31.6,Cara Quinn,2025-09-12 12:14:53,noise
6393332370721,6398087251603,T686,30.1,Cara Quinn,2025-09-12 05:13:17,noise
6393332370721,6398085325274,T686,12.0,Cara Quinn,2025-09-11 17:04:32,noise
6393332370721,6396625936508,T229,25.7,Cara Quinn,2025-09-10 11:23:47,noise
6393332370721,6392464364634,T229,22.7,Cara Quinn,2025-09-10 15:29:58,noise
6393332370721,6398085325274,T229,13.1,Cara Quinn,2025-09-09 13:16:53,noise
6393332370721,6391663645516,T229,27.7,Cara Quinn,2025-09-09 21:00:31,noise
6393332370721,6391577055581,T686,41.3,Cara Quinn,2025-09-08 12:08:49,noise
6393332370721,6393329653115,T229,44.1,Cara Quinn,2025-09-08 16:28:57,noise
6393332370721,6394508672370,T229,9.3,Cara Quinn,2025-09-07 11:30:09,noise
6393332370721,6395534105475,T686,29.1,Cara Quinn,2025-09-06 11:28:55,noise
6393332370721,6398085325274,T229,21.5,Cara Quinn,2025-09-06 10:26:28,noise
6393332370721,6398085325274,T686,10.6,Cara Quinn,2025-09-06 15:19:12,noise
6393332370721,6395958977897,T229,11.8,Cara Quinn,2025-09-05 10:21:59,noise
6393332370721,6398085325274,T229,5.3,Cara Quinn,2025-09-05 12:02:59,noise
6393332370721,6398085325274,T229,32.7,Cara Quinn,2025-09-04 12:05:11,noise
6393332370721,6392175203535,T686,17.4,Cara Quinn,2025-09-03 19:23:00,noise
6393332370721,6395534105475,T229,13.3,Cara Quinn,2025-09-03 21:09:48,noise
6393332370721,6396726642544,T229,7.7,Cara Quinn,2025-09-03 16:08:41,noise
6393332370721,6391319542424,T229,10.7,Cara Quinn,2025-09-02 16:08:05,noise
6393332370721,6397172010892,T229,17.3,Cara Quinn,2025-09-02 00:20:38,noise
6393332370721,6398085325274,T686,17.7,Cara Quinn,2025-09-01 12:24:21,noise
6393332370721,6397172010892,T229,6.8,Cara Quinn,2025-08-31 00:07:27,noise
6393332370721,6395534105475,T686,33.1,Cara Quinn,2025-08-31 16:07:49,noise
6393332370721,6398085325274,T229,19.9,Cara Quinn,2025-08-30 09:04:18,noise
6393332370721,6398085325274,T686,13.7,Cara Quinn,2025-08-29 16:24:17,noise
6393332370721,6398085325274,T686,9.1,Cara Quinn,2025-08-29 14:24:39,noise
6393332370721,6391051330112,T686,14.9,Cara Quinn,2025-08-28 16:13:31,noise
6393332370721,6397479516078,T229,12.4,Cara Quinn,2025-08-28 08:07:46,noise
6393332370721,6391877128212,T229,28.6,Cara Quinn,2025-08-27 15:10:52,noise
6393332370721,6395534105475,T686,14.8,Cara Quinn,2025-08-27 03:23:26,noise
6393332370721,6398085325274,T229,17.3,Cara Quinn,2025-08-26 08:07:23,noise
6393332370721,6391319542424,T229,35.3,Cara Quinn,2025-08-25 15:13:15,noise
6393332370721,6398085325274,T686,9.3,Cara Quinn,2025-08-25 22:21:31,noise
6393332370721,6396109116629,T229,5.1,Cara Quinn,2025-08-25 22:12:36,noise
6393332370721,6397172010892,T686,6.1,Cara Quinn,2025-08-24 15:23:33,noise
6393332370721,6397172010892,T686,15.6,Cara Quinn,2025-08-24 13:28:54,noise
6393332370721,6398085325274,T229,34.1,Cara Quinn,2025-08-23 17:08:48,noise
6393332370721,6398085325274,T686,28.4,Cara Quinn,2025-08-23 23:30:20,noise
6393332370721,6398085325274,T686,17.5,Cara Quinn,2025-08-22 20:18:58,noise
6393332370721,6398085325274,T229,17.6,Cara Quinn,2025-08-22 15:24:01,noise
6393332370721,6394573060920,T229,9.9,Cara Quinn,2025-08-21 12:28:15,noise
6393332370721,6393332370721,T686,31.9,Cara Quinn,2025-08-21 22:00:18,noise
6393332370721,6394711330962,T229,20.9,Cara Quinn,2025-08-20 16:19:00,noise
6393332370721,6397172010892,T686,7.6,Cara Quinn,2025-08-20 11:08:03,noise
6393332370721,6393062613059,T229,43.1,Cara Quinn,2025-08-20 19:03:02,noise
6393332370721,6398085325274,T229,32.7,Cara Quinn,2025-08-19 15:17:29,noise
6393332370721,6397761210582,T686,6.2,Cara Quinn,2025-08-19 10:18:03,noise
6393332370721,6393736660443,T229,7.7,Cara Quinn,2025-08-18 20:00:59,noise
6393332370721,6397172010892,T229,18.8,Cara Quinn,2025-08-18 11:09:18,noise
6393332370721,6395534105475,T686,6.2,Cara Quinn,2025-08-18 20:22:25,noise
6393332370721,6397172010892,T229,16.7,Cara Quinn,2025-08-17 12:08:45,noise
6393332370721,6395534105475,T229,15.9,Cara Quinn,2025-08-17 15:23:35,noise
6393332370721,6398085325274,T229,25.9,Cara Quinn,2025-08-16 13:25:27,noise
6393332370721,6397172010892,T229,3.5,Cara Quinn,2025-08-15 17:26:47,noise
6393332370721,6398085325274,T229,14.2,Cara Quinn,2025-08-15 02:17:20,noise
6393332370721,6398085325274,T229,43.8,Cara Quinn,2025-08-14 17:25:43,noise
6393332370721,6397172010892,T229,3.4,Cara Quinn,2025-08-14 16:22:06,noise
6393332370721,6397172010892,T229,36.4,Cara Quinn,2025-08-13 20:27:25,noise
6393332370721,6393694731514,T686,9.4,Cara Quinn,2025-08-13 08:19:06,noise
6393332370721,6399141407059,T686,14.3,Cara Quinn,2025-08-12 11:04:42,noise
6393332370721,6391167752063,T686,4.0,Cara Quinn,2025-08-12 15:19:33,noise
6393332370721,6395534105475,T229,16.6,Cara Quinn,2025-08-12 18:04:54,noise
6393332370721,6398085325274,T686,25.6,Cara Quinn,2025-08-11 15:01:39,noise
6393332370721,6391167752063,T686,9.3,Cara Quinn,2025-08-11 22:15:58,noise
6393332370721,6392953177733,T229,25.8,Cara Quinn,2025-08-11 16:00:01,noise
6393332370721,6398095030730,T686,43.6,Cara Quinn,2025-08-10 20:08:54,noise
6393332370721,6397172010892,T229,10.2,Cara Quinn,2025-08-10 17:05:36,noise
6393332370721,6397172010892,T229,8.9,Cara Quinn,2025-08-10 16:26:54,noise
6393332370721,6398085325274,T686,27.1,Cara Quinn,2025-08-09 20:30:18,noise
6393332370721,6398085325274,T686,45.6,Cara Quinn,2025-08-09 10:24:06,noise
6393332370721,6397172010892,T686,10.4,Cara Quinn,2025-08-09 15:05:43,noise
6393332370721,6394513051861,T686,12.8,Cara Quinn,2025-08-08 13:13:11,noise
6393332370721,6397473500175,T229,82.3,Cara Quinn,2025-08-08 14:20:50,noise
6393332370721,6395453540079,T686,13.4,Cara Quinn,2025-08-07 11:14:03,noise
6393332370721,6395534105475,T229,23.7,Cara Quinn,2025-08-07 02:05:51,noise
6393332370721,6399696031872,T229,26.5,Cara Quinn,2025-08-06 20:12:07,noise
6393332370721,6398085325274,T686,7.5,Cara Quinn,2025-08-06 19:28:48,noise
6393332370721,6395535962322,T229,15.4,Cara Quinn,2025-08-06 09:23:16,noise
6393332370721,6394247662559,T686,12.2,Cara Quinn,2025-08-05 18:08:06,noise
6393332370721,6395534105475,T686,24.7,Cara Quinn,2025-08-05 13:01:24,noise
6393332370721,6397775259023,T229,16.9,Cara Quinn,2025-08-05 20:28:24,noise
6393332370721,6395136375863,T229,59.6,Cara Quinn,2025-08-04 17:10:37,noise
6393332370721,6399141407059,T229,19.2,Cara Quinn,2025-08-04 19:14:07,noise
6395682267963,6393549070850,T705,25.2,Ava Lopes,2025-10-18 18:11:56,noise
6395682267963,6391319542424,T302,59.2,Ava Lopes,2025-10-17 11:06:37,noise
6395682267963,6396526010278,T302,10.4,Ava Lopes,2025-10-17 19:06:51,noise
6395682267963,6393004154125,T302,9.0,Ava Lopes,2025-10-16 10:09:41,noise
6395682267963,6397172010892,T302,9.5,Ava Lopes,2025-10-16 23:18:43,noise
6395682267963,6396526010278,T705,5.0,Ava Lopes,2025-10-16 14:07:27,noise
6395682267963,6397172010892,T302,11.0,Ava Lopes,2025-10-15 14:13:59,noise
6395682267963,6393549070850,T705,13.8,Ava Lopes,2025-10-15 16:14:07,noise
6395682267963,6393549070850,T302,28.5,Ava Lopes,2025-10-14 22:28:11,noise
6395682267963,6396526010278,T705,13.2,Ava Lopes,2025-10-13 10:07:44,noise
6395682267963,6393549070850,T302,12.4,Ava Lopes,2025-10-13 16:26:55,noise
6395682267963,6397172010892,T302,16.8,Ava Lopes,2025-10-13 12:30:50,noise
6395682267963,6397172010892,T302,14.9,Ava Lopes,2025-10-12 22:24:43,noise
6395682267963,6397172010892,T302,17.5,Ava Lopes,2025-10-12 18:06:30,noise
6395682267963,6393549070850,T705,5.3,Ava Lopes,2025-10-12 14:20:15,noise
6395682267963,6393549070850,T302,11.5,Ava Lopes,2025-10-11 20:29:39,noise
6395682267963,6399877395358,T302,21.7,Ava Lopes,2025-10-11 16:24:15,noise
6395682267963,6397172010892,T705,8.0,Ava Lopes,2025-10-10 15:24:16,noise
6395682267963,6397172010892,T302,29.8,Ava Lopes,2025-10-10 16:05:44,noise
6395682267963,6398525827157,T302,10.6,Ava Lopes,2025-10-09 11:18:15,noise
6395682267963,6393549070850,T705,17.4,Ava Lopes,2025-10-09 18:25:00,noise
6395682267963,6397172010892,T705,19.5,Ava Lopes,2025-10-09 19:18:06,noise
6395682267963,6393549070850,T705,13.5,Ava Lopes,2025-10-08 23:29:17,noise
6395682267963,6395933083562,T302,32.8,Ava Lopes,2025-10-08 09:05:54,noise
6395682267963,6397172010892,T302,23.1,Ava Lopes,2025-10-07 23:08:40,noise
6395682267963,6395137959873,T302,12.6,Ava Lopes,2025-10-07 16:28:32,noise
6395682267963,6397172010892,T705,19.0,Ava Lopes,2025-10-06 10:12:21,noise
6395682267963,6397172010892,T302,44.7,Ava Lopes,2025-10-06 10:01:55,noise
6395682267963,6396526010278,T302,36.2,Ava Lopes,2025-10-05 11:30:59,noise
6395682267963,6393549070850,T302,9.5,Ava Lopes,2025-10-05 19:17:39,noise
6395682267963,6391663645516,T302,50.3,Ava Lopes,2025-10-04 12:05:34,noise
6395682267963,6391167752063,T705,14.3,Ava Lopes,2025-10-04 16:10:29,noise
6395682267963,6397695360968,T302,16.0,Ava Lopes,2025-10-04 23:11:16,noise
6395682267963,6396526010278,T705,58.6,Ava Lopes,2025-10-03 18:01:25,noise
6395682267963,6396526010278,T302,21.3,Ava Lopes,2025-10-02 18:08:46,noise
6395682267963,6393549070850,T705,28.1,Ava Lopes,2025-10-01 15:15:35,noise
6395682267963,6396526010278,T705,19.2,Ava Lopes,2025-10-01 18:01:24,noise
6395682267963,6398087251603,T705,16.1,Ava Lopes,2025-09-30 10:28:28,noise
6395682267963,6396447956284,T705,3.8,Ava Lopes,2025-09-30 17:18:21,noise
6395682267963,6396526010278,T302,15.0,Ava Lopes,2025-09-29 02:19:11,noise
6395682267963,6397207416529,T302,6.1,Ava Lopes,2025-09-29 16:11:54,noise
6395682267963,6399487367347,T302,37.0,Ava Lopes,2025-09-28 22:19:11,noise
6395682267963,6393549070850,T302,10.8,Ava Lopes,2025-09-28 19:02:20,noise
6395682267963,6391787733401,T705,12.7,Ava Lopes,2025-09-28 09:13:15,noise
6395682267963,6393549070850,T302,13.0,Ava Lopes,2025-09-27 18:00:53,noise
6395682267963,6394573060920,T302,27.7,Ava Lopes,2025-09-26 16:03:30,noise
6395682267963,6397172010892,T705,12.9,Ava Lopes,2025-09-25 11:06:12,noise
6395682267963,6397172010892,T302,31.4,Ava Lopes,2025-09-25 09:03:48,noise
6395682267963,6393549070850,T302,20.7,Ava Lopes,2025-09-25 23:16:37,noise
6395682267963,6397172010892,T302,16.4,Ava Lopes,2025-09-24 14:08:41,noise
6395682267963,6398085325274,T302,9.8,Ava Lopes,2025-09-24 22:22:36,noise
6395682267963,6396447956284,T705,8.9,Ava Lopes,2025-09-23 09:02:53,noise
6395682267963,6397172010892,T705,7.8,Ava Lopes,2025-09-22 15:25:12,noise
6395682267963,6397172010892,T705,20.5,Ava Lopes,2025-09-22 10:23:57,noise
6395682267963,6397156535284,T705,16.2,Ava Lopes,2025-09-21 12:14:22,noise
6395682267963,6392322072341,T705,12.1,Ava Lopes,2025-09-21 23:16:15,noise
6395682267963,6392237426063,T302,45.0,Ava Lopes,2025-09-21 12:23:39,noise
6395682267963,6393549070850,T302,17.2,Ava Lopes,2025-09-20 19:23:12,noise
6395682267963,6398186138815,T302,9.9,Ava Lopes,2025-09-20 14:00:25,noise
6395682267963,6396526010278,T302,3.5,Ava Lopes,2025-09-19 12:18:07,noise
6395682267963,6395958977897,T302,14.8,Ava Lopes,2025-09-19 17:11:59,noise
6395682267963,6398673272758,T302,21.1,Ava Lopes,2025-09-18 08:07:32,noise
6395682267963,6396526010278,T302,12.7,Ava Lopes,2025-09-18 20:13:19,noise
6395682267963,6396526010278,T302,16.1,Ava Lopes,2025-09-17 20:28:52,noise
6395682267963,6396447956284,T302,67.7,Ava Lopes,2025-09-17 20:27:06,noise
6395682267963,6397172010892,T302,20.4,Ava Lopes,2025-09-17 08:07:17,noise
6395682267963,6395136375863,T705,6.1,Ava Lopes,2025-09-16 10:03:24,noise
6395682267963,6394372750872,T302,18.7,Ava Lopes,2025-09-16 14:05:56,noise
6395682267963,6396526010278,T705,21.3,Ava Lopes,2025-09-15 13:21:30,noise
6395682267963,6396526010278,T705,16.0,Ava Lopes,2025-09-15 08:13:02,noise
6395682267963,6397172010892,T302,32.0,Ava Lopes,2025-09-14 23:24:53,noise
6395682267963,6397172010892,T705,20.7,Ava Lopes,2025-09-14 17:00:55,noise
6395682267963,6392027898005,T705,39.9,Ava Lopes,2025-09-13 14:12:01,noise
6395682267963,6397172010892,T705,20.8,Ava Lopes,2025-09-13 00:17:42,noise
6395682267963,6397172010892,T302,7.7,Ava Lopes,2025-09-13 13:24:35,noise
6395682267963,6399085717386,T302,10.4,Ava Lopes,2025-09-12 11:11:19,noise
6395682267963,6399487367347,T302,20.8,Ava Lopes,2025-09-12 19:26:24,noise
6395682267963,6396526010278,T705,7.5,Ava Lopes,2025-09-11 20:09:59,noise
6395682267963,6393549070850,T302,32.8,Ava Lopes,2025-09-10 23:28:05,noise
6395682267963,6393869319540,T705,7.0,Ava Lopes,2025-09-09 09:30:19,noise
6395682267963,6396526010278,T705,12.7,Ava Lopes,2025-09-09 18:12:45,noise
6395682267963,6395588239969,T705,15.4,Ava Lopes,2025-09-09 05:24:59,noise
6395682267963,6399141407059,T302,97.8,Ava Lopes,2025-09-08 11:15:15,noise
6395682267963,6396526010278,T302,12.0,Ava Lopes,2025-09-08 20:05:47,noise
6395682267963,6396526010278,T705,13.2,Ava Lopes,2025-09-07 11:11:29,noise
6395682267963,6397172010892,T302,4.5,Ava Lopes,2025-09-07 23:07:08,noise
6395682267963,6392322072341,T705,10.9,Ava Lopes,2025-09-06 13:07:09,noise
6395682267963,6397172010892,T705,12.9,Ava Lopes,2025-09-06 13:28:47,noise
6395682267963,6397172010892,T705,19.7,Ava Lopes,2025-09-06 16:03:43,noise
6395682267963,6396526010278,T705,25.4,Ava Lopes,2025-09-05 20:12:18,noise
6395682267963,6396526010278,T705,18.5,Ava Lopes,2025-09-05 11:04:22,noise
6395682267963,6393134974031,T705,19.5,Ava Lopes,2025-09-05 13:04:50,noise
6395682267963,6393549070850,T705,19.5,Ava Lopes,2025-09-04 08:10:46,noise
6395682267963,6391167752063,T302,16.9,Ava Lopes,2025-09-04 03:17:53,noise
6395682267963,6395136375863,T302,26.1,Ava Lopes,2025-09-03 11:30:53,noise
6395682267963,6397172010892,T302,31.9,Ava Lopes,2025-09-03 09:16:13,noise
6395682267963,6391663645516,T705,7.5,Ava Lopes,2025-09-03 14:03:38,noise
6395682267963,6393549070850,T705,7.9,Ava Lopes,2025-09-02 14:02:18,noise
6395682267963,6391282991519,T705,31.4,Ava Lopes,2025-09-02 17:04:39,noise
6395682267963,6391392356697,T302,44.8,Ava Lopes,2025-09-01 20:12:25,noise
6395682267963,6396042155722,T302,52.7,Ava Lopes,2025-08-31 18:07:56,noise
6395682267963,6399604910822,T302,22.7,Ava Lopes,2025-08-31 15:03:02,noise
6395682267963,6396526010278,T302,12.4,Ava Lopes,2025-08-30 15:17:32,noise
6395682267963,6397695360968,T302,21.7,Ava Lopes,2025-08-30 10:28:40,noise
6395682267963,6397172010892,T705,24.1,Ava Lopes,2025-08-30 08:30:40,noise
6395682267963,6392951962632,T302,21.1,Ava Lopes,2025-08-29 13:24:21,noise
6395682267963,6391494838799,T302,28.3,Ava Lopes,2025-08-29 20:23:03,noise
6395682267963,6393549070850,T705,18.2,Ava Lopes,2025-08-28 13:17:27,noise
6395682267963,6393549070850,T302,6.1,Ava Lopes,2025-08-27 17:10:27,noise
6395682267963,6393549070850,T302,5.8,Ava Lopes,2025-08-27 04:22:04,noise
6395682267963,6393694731514,T302,23.4,Ava Lopes,2025-08-27 08:30:53,noise
6395682267963,6396625936508,T302,47.6,Ava Lopes,2025-08-26 11:26:57,noise
6395682267963,6398097172985,T302,19.3,Ava Lopes,2025-08-26 09:07:28,noise
6395682267963,6396526010278,T705,13.3,Ava Lopes,2025-08-25 05:20:37,noise
6395682267963,6393549070850,T705,22.0,Ava Lopes,2025-08-24 04:18:19,noise
6395682267963,6393332370721,T705,16.9,Ava Lopes,2025-08-24 03:27:54,noise
6395682267963,6396526010278,T705,27.3,Ava Lopes,2025-08-23 08:20:01,noise
6395682267963,6395958977897,T302,11.6,Ava Lopes,2025-08-23 19:04:04,noise
6395682267963,6396526010278,T302,18.8,Ava Lopes,2025-08-22 02:09:50,noise
6395682267963,6396688935939,T302,4.0,Ava Lopes,2025-08-21 19:09:30,noise
6395682267963,6392788177179,T705,15.1,Ava Lopes,2025-08-21 22:15:52,noise
6395682267963,6393549070850,T302,6.5,Ava Lopes,2025-08-20 12:08:29,noise
6395682267963,6396526010278,T705,9.4,Ava Lopes,2025-08-20 23:04:17,noise
6395682267963,6393549070850,T302,5.5,Ava Lopes,2025-08-19 15:05:44,noise
6395682267963,6397172010892,T705,35.2,Ava Lopes,2025-08-19 16:01:12,noise
6395682267963,6398186138815,T302,19.3,Ava Lopes,2025-08-18 15:14:28,noise
6395682267963,6395799070967,T302,30.3,Ava Lopes,2025-08-18 19:25:46,noise
6395682267963,6397172010892,T705,20.5,Ava Lopes,2025-08-18 22:17:14,noise
6395682267963,6397172010892,T705,6.9,Ava Lopes,2025-08-17 17:12:09,noise
6395682267963,6396526010278,T302,6.5,Ava Lopes,2025-08-17 19:00:34,noise
6395682267963,6393591747444,T705,25.3,Ava Lopes,2025-08-16 10:13:37,noise
6395682267963,6397172010892,T302,127.1,Ava Lopes,2025-08-15 02:21:36,noise
6395682267963,6399003402039,T302,21.2,Ava Lopes,2025-08-15 14:24:47,noise
6395682267963,6397172010892,T302,4.3,Ava Lopes,2025-08-14 19:26:08,noise
6395682267963,6395682267963,T705,10.7,Ava Lopes,2025-08-14 11:07:17,noise
6395682267963,6393549070850,T302,29.8,Ava Lopes,2025-08-14 12:03:08,noise
6395682267963,6393549070850,T302,17.7,Ava Lopes,2025-08-13 18:29:15,noise
6395682267963,6392951962632,T705,29.7,Ava Lopes,2025-08-13 03:12:02,noise
6395682267963,6396526010278,T302,27.7,Ava Lopes,2025-08-13 13:22:14,noise
6395682267963,6397172010892,T302,54.4,Ava Lopes,2025-08-12 14:01:28,noise
6395682267963,6397172010892,T705,6.8,Ava Lopes,2025-08-12 09:21:47,noise
6395682267963,6397172010892,T705,25.8,Ava Lopes,2025-08-12 17:21:32,noise
6395682267963,6397277321210,T705,21.9,Ava Lopes,2025-08-11 19:29:49,noise
6395682267963,6393549070850,T302,20.4,Ava Lopes,2025-08-10 19:17:14,noise
6395682267963,6396526010278,T302,22.4,Ava Lopes,2025-08-10 01:26:37,noise
6395682267963,6392517116618,T705,6.2,Ava Lopes,2025-08-10 22:19:14,noise
6395682267963,6393549070850,T705,28.4,Ava Lopes,2025-08-09 21:22:47,noise
6395682267963,6396726642544,T705,11.5,Ava Lopes,2025-08-08 20:09:30,noise
6395682267963,6399604910822,T705,8.8,Ava Lopes,2025-08-08 13:28:06,noise
6395682267963,6393549070850,T302,28.7,Ava Lopes,2025-08-08 12:12:02,noise
6395682267963,6397172010892,T302,51.6,Ava Lopes,2025-08-07 19:27:35,noise
6395682267963,6393004154125,T705,14.0,Ava Lopes,2025-08-06 09:23:59,noise
6395682267963,6393549070850,T705,19.6,Ava Lopes,2025-08-05 20:15:57,noise
6395682267963,6397172010892,T705,35.1,Ava Lopes,2025-08-05 10:15:10,noise
6395682267963,6396526010278,T302,42.0,Ava Lopes,2025-08-05 11:20:56,noise
6395682267963,6397172010892,T705,63.3,Ava Lopes,2025-08-04 20:14:18,noise
6395137959873,6397645850299,T329,11.5,Elena Duarte,2025-10-18 16:14:48,noise
6395137959873,6397959529190,T329,17.8,Elena Duarte,2025-10-18 19:23:08,noise
6395137959873,6397473530031,T329,49.6,Elena Duarte,2025-10-17 16:21:04,noise
6395137959873,6393329653115,T329,18.4,Elena Duarte,2025-10-17 11:14:45,noise
6395137959873,6397473530031,T276,16.9,Elena Duarte,2025-10-16 20:08:42,noise
6395137959873,6397645850299,T329,17.0,Elena Duarte,2025-10-16 09:29:31,noise
6395137959873,6399604910822,T329,14.2,Elena Duarte,2025-10-15 08:04:16,noise
6395137959873,6397473530031,T329,27.4,Elena Duarte,2025-10-14 19:08:43,noise
6395137959873,6397959529190,T276,5.9,Elena Duarte,2025-10-14 20:00:57,noise
6395137959873,6392517116618,T276,28.0,Elena Duarte,2025-10-14 22:15:21,noise
6395137959873,6397473530031,T329,14.9,Elena Duarte,2025-10-13 18:18:21,noise
6395137959873,6397959529190,T276,12.8,Elena Duarte,2025-10-13 23:04:46,noise
6395137959873,6397645850299,T329,46.5,Elena Duarte,2025-10-13 10:07:00,noise
6395137959873,6395324391443,T329,12.2,Elena Duarte,2025-10-12 09:09:00,noise
6395137959873,6397959529190,T329,7.8,Elena Duarte,2025-10-12 04:19:18,noise
6395137959873,6397959529190,T276,8.4,Elena Duarte,2025-10-11 20:25:16,noise
6395137959873,6393625636545,T329,15.4,Elena Duarte,2025-10-11 15:18:02,noise
6395137959873,6397473530031,T276,12.9,Elena Duarte,2025-10-11 15:07:55,noise
6395137959873,6397695360968,T329,7.8,Elena Duarte,2025-10-10 20:04:25,noise
6395137959873,6397645850299,T276,3.5,Elena Duarte,2025-10-09 20:13:22,noise
6395137959873,6397645850299,T329,7.5,Elena Duarte,2025-10-09 12:25:26,noise
6395137959873,6397473530031,T276,17.3,Elena Duarte,2025-10-08 16:28:48,noise
6395137959873,6399696031872,T329,5.7,Elena Duarte,2025-10-08 14:08:17,noise
6395137959873,6395682267963,T276,18.1,Elena Duarte,2025-10-07 05:11:02,noise
6395137959873,6398595696705,T329,13.1,Elena Duarte,2025-10-06 12:25:40,noise
6395137959873,6397473530031,T329,65.4,Elena Duarte,2025-10-06 19:14:35,noise
6395137959873,6396116554141,T276,4.4,Elena Duarte,2025-10-05 17:16:38,noise
6395137959873,6397959529190,T276,1.8,Elena Duarte,2025-10-05 09:15:38,noise
6395137959873,6397473530031,T276,13.0,Elena Duarte,2025-10-04 19:26:26,noise
6395137959873,6397473530031,T276,4.6,Elena Duarte,2025-10-04 01:11:42,noise
6395137959873,6397645850299,T329,25.6,Elena Duarte,2025-10-03 13:16:12,noise
6395137959873,6397761210582,T329,11.6,Elena Duarte,2025-10-02 21:05:34,noise
6395137959873,6397645850299,T276,54.4,Elena Duarte,2025-10-02 12:24:30,noise
6395137959873,6391494838799,T276,15.2,Elena Duarte,2025-10-01 04:12:18,noise
6395137959873,6395588239969,T329,17.5,Elena Duarte,2025-09-30 18:22:15,noise
6395137959873,6397645850299,T329,102.1,Elena Duarte,2025-09-30 23:08:44,noise
6395137959873,6396109116629,T329,11.8,Elena Duarte,2025-09-29 20:08:52,noise
6395137959873,6394247662559,T329,18.4,Elena Duarte,2025-09-29 10:29:25,noise
6395137959873,6397645850299,T276,15.2,Elena Duarte,2025-09-28 05:08:29,noise
6395137959873,6399003402039,T276,7.6,Elena Duarte,2025-09-27 15:04:38,noise
6395137959873,6397645850299,T276,44.6,Elena Duarte,2025-09-26 20:10:25,noise
6395137959873,6397645850299,T329,5.4,Elena Duarte,2025-09-26 03:21:12,noise
6395137959873,6398525827157,T329,21.8,Elena Duarte,2025-09-25 20:18:56,noise
6395137959873,6397959529190,T329,22.9,Elena Duarte,2025-09-25 22:17:39,noise
6395137959873,6397473530031,T329,1.5,Elena Duarte,2025-09-24 14:00:04,noise
6395137959873,6397959529190,T276,9.4,Elena Duarte,2025-09-24 09:05:13,noise
6395137959873,6397959529190,T329,19.5,Elena Duarte,2025-09-24 10:20:25,noise
6395137959873,6397695360968,T329,9.4,Elena Duarte,2025-09-23 10:06:51,noise
6395137959873,6397645850299,T276,87.5,Elena Duarte,2025-09-23 20:10:52,noise
6395137959873,6397959529190,T276,3.6,Elena Duarte,2025-09-22 09:20:29,noise
6395137959873,6397645850299,T276,49.8,Elena Duarte,2025-09-22 23:22:36,noise
6395137959873,6397645850299,T276,7.9,Elena Duarte,2025-09-22 23:21:51,noise
6395137959873,6397959529190,T276,8.2,Elena Duarte,2025-09-21 09:19:56,noise
6395137959873,6393869319540,T329,13.0,Elena Duarte,2025-09-21 10:22:27,noise
6395137959873,6399965853740,T329,36.6,Elena Duarte,2025-09-21 13:09:59,noise
6395137959873,6398085325274,T329,16.4,Elena Duarte,2025-09-20 03:20:17,noise
6395137959873,6397959529190,T276,7.9,Elena Duarte,2025-09-20 12:18:18,noise
6395137959873,6396393488216,T276,6.1,Elena Duarte,2025-09-19 13:20:43,noise
6395137959873,6397959529190,T329,7.2,Elena Duarte,2025-09-19 20:06:48,noise
6395137959873,6391663645516,T276,6.2,Elena Duarte,2025-09-18 17:19:55,noise
6395137959873,6397959529190,T276,14.0,Elena Duarte,2025-09-18 14:02:46,noise
6395137959873,6395535962322,T329,47.7,Elena Duarte,2025-09-17 20:14:42,noise
6395137959873,6397473530031,T329,24.5,Elena Duarte,2025-09-17 11:22:20,noise
6395137959873,6397645850299,T329,7.2,Elena Duarte,2025-09-16 14:02:01,noise
6395137959873,6397959529190,T329,10.1,Elena Duarte,2025-09-16 15:03:21,noise
6395137959873,6397645850299,T329,35.8,Elena Duarte,2025-09-15 13:14:20,noise
6395137959873,6397645850299,T329,16.8,Elena Duarte,2025-09-15 17:00:31,noise
6395137959873,6397473530031,T329,18.2,Elena Duarte,2025-09-15 15:14:08,noise
6395137959873,6397473530031,T329,22.9,Elena Duarte,2025-09-14 04:24:24,noise
6395137959873,6391319542424,T329,9.6,Elena Duarte,2025-09-14 09:21:28,noise
6395137959873,6397473530031,T329,13.2,Elena Duarte,2025-09-13 16:08:27,noise
6395137959873,6398186138815,T329,41.9,Elena Duarte,2025-09-12 10:03:28,noise
6395137959873,6397473530031,T329,5.1,Elena Duarte,2025-09-11 16:22:16,noise
6395137959873,6399487367347,T329,5.0,Elena Duarte,2025-09-11 10:28:32,noise
6395137959873,6397645850299,T276,35.4,Elena Duarte,2025-09-11 16:24:51,noise
6395137959873,6394055226921,T276,4.7,Elena Duarte,2025-09-10 18:15:01,noise
6395137959873,6392237426063,T276,31.4,Elena Duarte,2025-09-10 20:18:02,noise
6395137959873,6397645850299,T276,28.2,Elena Duarte,2025-09-09 10:06:13,noise
6395137959873,6392375347403,T276,29.3,Elena Duarte,2025-09-09 08:05:56,noise
6395137959873,6394372750872,T276,17.6,Elena Duarte,2025-09-08 11:03:11,noise
6395137959873,6397473530031,T276,8.5,Elena Duarte,2025-09-08 10:26:26,noise
6395137959873,6392788177179,T329,22.4,Elena Duarte,2025-09-07 17:28:32,noise
6395137959873,6398186138815,T276,18.8,Elena Duarte,2025-09-06 10:23:31,noise
6395137959873,6397959529190,T276,31.4,Elena Duarte,2025-09-06 12:18:08,noise
6395137959873,6399085717386,T276,26.2,Elena Duarte,2025-09-05 10:00:47,noise
6395137959873,6397326243787,T276,7.7,Elena Duarte,2025-09-04 14:17:56,noise
6395137959873,6395137959873,T329,4.7,Elena Duarte,2025-09-04 19:17:37,noise
6395137959873,6397645850299,T329,48.3,Elena Duarte,2025-09-03 16:12:44,noise
6395137959873,6397645850299,T329,15.4,Elena Duarte,2025-09-03 12:15:03,noise
6395137959873,6391171674512,T276,5.4,Elena Duarte,2025-09-02 17:01:14,noise
6395137959873,6397473530031,T276,26.5,Elena Duarte,2025-09-02 17:05:09,noise
6395137959873,6397959529190,T276,4.3,Elena Duarte,2025-09-02 13:10:26,noise
6395137959873,6397473530031,T276,14.8,Elena Duarte,2025-09-01 08:09:55,noise
6395137959873,6397473530031,T329,35.9,Elena Duarte,2025-09-01 12:12:32,noise
6395137959873,6398069375909,T329,16.7,Elena Duarte,2025-09-01 16:12:58,noise
6395137959873,6397959529190,T276,54.2,Elena Duarte,2025-08-31 14:05:59,noise
6395137959873,6397645850299,T329,25.2,Elena Duarte,2025-08-31 01:06:07,noise
6395137959873,6397959529190,T276,33.0,Elena Duarte,2025-08-30 18:04:04,noise
6395137959873,6397645850299,T329,16.3,Elena Duarte,2025-08-30 10:00:09,noise
6395137959873,6397645850299,T276,22.9,Elena Duarte,2025-08-29 09:05:41,noise
6395137959873,6397473530031,T329,79.0,Elena Duarte,2025-08-29 20:21:13,noise
6395137959873,6395535962322,T329,8.3,Elena Duarte,2025-08-28 11:02:38,noise
6395137959873,6397479516078,T276,8.9,Elena Duarte,2025-08-28 18:20:44,noise
6395137959873,6396447956284,T276,17.2,Elena Duarte,2025-08-27 20:00:03,noise
6395137959873,6397645850299,T329,17.9,Elena Duarte,2025-08-27 21:07:36,noise
6395137959873,6397645850299,T276,128.8,Elena Duarte,2025-08-26 19:05:40,noise
6395137959873,6399141407059,T276,21.3,Elena Duarte,2025-08-25 12:15:20,noise
6395137959873,6397473530031,T276,20.3,Elena Duarte,2025-08-25 23:18:30,noise
6395137959873,6397473530031,T276,8.9,Elena Duarte,2025-08-24 11:20:44,noise
6395137959873,6397473530031,T329,39.1,Elena Duarte,2025-08-24 13:24:23,noise
6395137959873,6396688935939,T276,47.5,Elena Duarte,2025-08-23 17:30:32,noise
6395137959873,6397052145323,T329,12.0,Elena Duarte,2025-08-23 11:17:25,noise
6395137959873,6393608254537,T329,5.8,Elena Duarte,2025-08-23 16:10:30,noise
6395137959873,6397959529190,T276,38.3,Elena Duarte,2025-08-22 09:28:20,noise
6395137959873,6395453540079,T276,26.5,Elena Duarte,2025-08-21 19:11:04,noise
6395137959873,6397645850299,T276,10.0,Elena Duarte,2025-08-21 10:01:22,noise
6395137959873,6397473530031,T276,22.0,Elena Duarte,2025-08-21 21:12:25,noise
6395137959873,6397959529190,T329,13.6,Elena Duarte,2025-08-20 09:07:33,noise
6395137959873,6391663645516,T276,5.9,Elena Duarte,2025-08-19 14:19:14,noise
6395137959873,6398673272758,T329,5.1,Elena Duarte,2025-08-19 09:27:09,noise
6395137959873,6397207416529,T329,12.6,Elena Duarte,2025-08-19 12:22:21,noise
6395137959873,6397645850299,T276,27.9,Elena Duarte,2025-08-18 17:16:51,noise
6395137959873,6393062613059,T329,25.6,Elena Duarte,2025-08-17 10:10:59,noise
6395137959873,6397645850299,T276,14.7,Elena Duarte,2025-08-16 18:04:31,noise
6395137959873,6397959529190,T276,26.2,Elena Duarte,2025-08-15 19:02:18,noise
6395137959873,6397645850299,T276,13.8,Elena Duarte,2025-08-15 18:13:43,noise
6395137959873,6395535962322,T276,10.0,Elena Duarte,2025-08-14 19:30:24,noise
6395137959873,6396198739962,T329,26.8,Elena Duarte,2025-08-14 08:30:44,noise
6395137959873,6397207416529,T329,25.4,Elena Duarte,2025-08-13 10:06:11,noise
6395137959873,6397959529190,T329,17.3,Elena Duarte,2025-08-13 19:22:32,noise
6395137959873,6397645850299,T276,26.0,Elena Duarte,2025-08-12 20:20:03,noise
6395137959873,6397645850299,T276,9.7,Elena Duarte,2025-08-12 12:25:11,noise
6395137959873,6397959529190,T276,31.9,Elena Duarte,2025-08-12 18:14:45,noise
6395137959873,6393004154125,T329,9.4,Elena Duarte,2025-08-11 21:28:08,noise
6395137959873,6393329653115,T329,18.8,Elena Duarte,2025-08-11 11:26:15,noise
6395137959873,6395958977897,T276,16.9,Elena Duarte,2025-08-10 00:20:28,noise
6395137959873,6397645850299,T276,13.9,Elena Duarte,2025-08-10 08:07:34,noise
6395137959873,6393736660443,T276,4.7,Elena Duarte,2025-08-09 05:18:23,noise
6395137959873,6391494838799,T329,15.6,Elena Duarte,2025-08-09 17:03:14,noise
6395137959873,6397645850299,T329,24.1,Elena Duarte,2025-08-09 21:12:04,noise
6395137959873,6397645850299,T329,11.7,Elena Duarte,2025-08-08 17:04:46,noise
6395137959873,6397645850299,T329,19.4,Elena Duarte,2025-08-08 09:27:55,noise
6395137959873,6397959529190,T329,59.9,Elena Duarte,2025-08-07 19:28:26,noise
6395137959873,6397959529190,T276,3.1,Elena Duarte,2025-08-07 14:03:27,noise
6395137959873,6397959529190,T329,10.1,Elena Duarte,2025-08-07 11:17:32,noise
6395137959873,6397473530031,T276,40.5,Elena Duarte,2025-08-06 09:18:47,noise
6395137959873,6397645850299,T329,6.3,Elena Duarte,2025-08-06 08:07:11,noise
6395137959873,6397645850299,T329,12.9,Elena Duarte,2025-08-05 17:28:42,noise
6395137959873,6397959529190,T329,21.6,Elena Duarte,2025-08-04 15:15:10,noise
6393608254537,6399877395358,T165,18.0,Ivy Okafor,2025-10-18 20:07:32,noise
6393608254537,6399965853740,T720,11.7,Ivy Okafor,2025-10-18 13:19:37,noise
6393608254537,6399877395358,T720,17.8,Ivy Okafor,2025-10-17 04:28:50,noise
6393608254537,6397479516078,T720,6.5,Ivy Okafor,2025-10-17 17:08:05,noise
6393608254537,6393332370721,T165,29.5,Ivy Okafor,2025-10-16 13:21:53,noise
6393608254537,6393736660443,T720,16.9,Ivy Okafor,2025-10-15 17:22:35,noise
6393608254537,6398525827157,T720,4.2,Ivy Okafor,2025-10-14 09:26:10,noise
6393608254537,6394055226921,T720,13.5,Ivy Okafor,2025-10-14 04:24:03,noise
6393608254537,6396109116629,T165,6.0,Ivy Okafor,2025-10-14 17:23:24,noise
6393608254537,6397479516078,T720,21.7,Ivy Okafor,2025-10-13 18:11:03,noise
6393608254537,6397479516078,T720,6.7,Ivy Okafor,2025-10-13 18:16:33,noise
6393608254537,6399877395358,T165,19.9,Ivy Okafor,2025-10-12 12:17:20,noise
6393608254537,6394055226921,T720,4.2,Ivy Okafor,2025-10-11 02:13:03,noise
6393608254537,6393608254537,T165,15.2,Ivy Okafor,2025-10-11 19:07:40,noise
6393608254537,6399877395358,T720,17.0,Ivy Okafor,2025-10-10 08:21:06,noise
6393608254537,6394055226921,T720,17.8,Ivy Okafor,2025-10-10 13:20:19,noise
6393608254537,6397479516078,T720,24.2,Ivy Okafor,2025-10-09 02:11:14,noise
6393608254537,6399085717386,T165,39.6,Ivy Okafor,2025-10-09 13:28:00,noise
6393608254537,6399877395358,T165,7.4,Ivy Okafor,2025-10-09 14:25:01,noise
6393608254537,6394513051861,T165,5.7,Ivy Okafor,2025-10-08 18:10:12,noise
6393608254537,6397479516078,T165,17.0,Ivy Okafor,2025-10-07 13:30:27,noise
6393608254537,6397479516078,T720,8.0,Ivy Okafor,2025-10-07 04:18:34,noise
6393608254537,6399804243491,T720,13.9,Ivy Okafor,2025-10-06 17:14:41,noise
6393608254537,6399965853740,T165,15.3,Ivy Okafor,2025-10-06 08:28:39,noise
6393608254537,6394055226921,T165,13.1,Ivy Okafor,2025-10-06 17:30:32,noise
6393608254537,6394055226921,T720,21.8,Ivy Okafor,2025-10-05 09:30:01,noise
6393608254537,6397479516078,T720,26.7,Ivy Okafor,2025-10-05 19:08:43,noise
6393608254537,6399877395358,T165,14.5,Ivy Okafor,2025-10-04 19:26:13,noise
6393608254537,6399877395358,T720,16.1,Ivy Okafor,2025-10-03 10:06:47,noise
6393608254537,6397172010892,T720,6.7,Ivy Okafor,2025-10-03 15:06:57,noise
6393608254537,6394055226921,T165,11.0,Ivy Okafor,2025-10-02 08:14:45,noise
6393608254537,6399085717386,T720,35.3,Ivy Okafor,2025-10-01 11:17:00,noise
6393608254537,6397479516078,T720,7.4,Ivy Okafor,2025-10-01 13:28:52,noise
6393608254537,6394711330962,T720,16.7,Ivy Okafor,2025-10-01 22:01:28,noise
6393608254537,6399877395358,T720,27.5,Ivy Okafor,2025-09-30 08:06:37,noise
6393608254537,6391302712293,T720,8.0,Ivy Okafor,2025-09-30 09:02:36,noise
6393608254537,6393608254537,T720,7.4,Ivy Okafor,2025-09-29 23:16:55,noise
6393608254537,6395799070967,T720,33.2,Ivy Okafor,2025-09-29 08:08:31,noise
6393608254537,6394055226921,T165,11.9,Ivy Okafor,2025-09-28 19:01:16,noise
6393608254537,6394055226921,T165,94.3,Ivy Okafor,2025-09-28 05:01:10,noise
6393608254537,6399877395358,T720,8.3,Ivy Okafor,2025-09-27 22:22:46,noise
6393608254537,6396198739962,T165,10.0,Ivy Okafor,2025-09-26 19:19:49,noise
6393608254537,6394137438800,T720,7.7,Ivy Okafor,2025-09-25 16:17:57,noise
6393608254537,6394055226921,T720,51.5,Ivy Okafor,2025-09-25 15:17:23,noise
6393608254537,6399877395358,T720,25.0,Ivy Okafor,2025-09-24 13:19:30,noise
6393608254537,6399877395358,T720,16.8,Ivy Okafor,2025-09-23 08:10:39,noise
6393608254537,6396393488216,T165,4.8,Ivy Okafor,2025-09-23 18:04:08,noise
6393608254537,6399877395358,T720,16.5,Ivy Okafor,2025-09-22 15:17:13,noise
6393608254537,6397479516078,T720,8.0,Ivy Okafor,2025-09-22 15:30:13,noise
6393608254537,6394055226921,T165,15.7,Ivy Okafor,2025-09-21 09:11:32,noise
6393608254537,6399877395358,T720,48.0,Ivy Okafor,2025-09-21 13:12:26,noise
6393608254537,6394055226921,T165,55.7,Ivy Okafor,2025-09-21 17:28:58,noise
6393608254537,6394055226921,T165,9.3,Ivy Okafor,2025-09-20 14:04:49,noise
6393608254537,6396042155722,T720,5.8,Ivy Okafor,2025-09-19 08:23:40,noise
6393608254537,6391282991519,T165,20.7,Ivy Okafor,2025-09-19 04:14:15,noise
6393608254537,6391787733401,T720,17.0,Ivy Okafor,2025-09-19 18:18:08,noise
6393608254537,6394055226921,T720,19.7,Ivy Okafor,2025-09-18 17:11:48,noise
6393608254537,6395588265198,T165,15.6,Ivy Okafor,2025-09-17 10:16:58,noise
6393608254537,6399141407059,T165,15.0,Ivy Okafor,2025-09-17 18:02:49,noise
6393608254537,6399877395358,T720,8.3,Ivy Okafor,2025-09-16 12:16:45,noise
6393608254537,6398595696705,T720,5.9,Ivy Okafor,2025-09-15 09:00:55,noise
6393608254537,6391392356697,T720,37.0,Ivy Okafor,2025-09-15 17:01:04,noise
6393608254537,6399877395358,T165,58.6,Ivy Okafor,2025-09-14 18:30:46,noise
6393608254537,6399877395358,T720,12.3,Ivy Okafor,2025-09-14 17:02:38,noise
6393608254537,6397479516078,T720,15.1,Ivy Okafor,2025-09-13 14:27:16,noise
6393608254537,6391051330112,T165,4.0,Ivy Okafor,2025-09-13 04:04:00,noise
6393608254537,6397479516078,T720,46.0,Ivy Okafor,2025-09-12 12:12:43,noise
6393608254537,6394055226921,T165,75.7,Ivy Okafor,2025-09-11 17:00:19,noise
6393608254537,6394508672370,T165,7.7,Ivy Okafor,2025-09-11 17:04:06,noise
6393608254537,6397479516078,T720,4.5,Ivy Okafor,2025-09-10 14:03:41,noise
6393608254537,6399877395358,T720,7.0,Ivy Okafor,2025-09-10 21:05:50,noise
6393608254537,6398673272758,T165,35.9,Ivy Okafor,2025-09-09 09:17:31,noise
6393608254537,6394055226921,T720,6.5,Ivy Okafor,2025-09-09 19:02:59,noise
6393608254537,6392464364634,T720,11.6,Ivy Okafor,2025-09-08 19:07:16,noise
6393608254537,6392027898005,T720,12.7,Ivy Okafor,2025-09-08 13:16:11,noise
6393608254537,6397479516078,T720,16.5,Ivy Okafor,2025-09-08 21:15:51,noise
6393608254537,6397052145323,T720,43.3,Ivy Okafor,2025-09-07 11:15:38,noise
6393608254537,6395535962322,T165,23.6,Ivy Okafor,2025-09-07 16:00:11,noise
6393608254537,6399877395358,T720,5.7,Ivy Okafor,2025-09-06 09:26:50,noise
6393608254537,6394055226921,T720,20.0,Ivy Okafor,2025-09-06 13:16:04,noise
6393608254537,6397479516078,T165,19.0,Ivy Okafor,2025-09-05 19:15:30,noise
6393608254537,6397479516078,T720,82.8,Ivy Okafor,2025-09-05 13:28:16,noise
6393608254537,6398085325274,T165,21.8,Ivy Okafor,2025-09-05 00:10:50,noise
6393608254537,6399877395358,T720,18.2,Ivy Okafor,2025-09-04 14:20:55,noise
6393608254537,6394055226921,T165,31.0,Ivy Okafor,2025-09-04 21:15:03,noise
6393608254537,6394055226921,T165,11.3,Ivy Okafor,2025-09-04 09:19:25,noise
6393608254537,6394055226921,T165,17.4,Ivy Okafor,2025-09-03 16:10:16,noise
6393608254537,6394055226921,T720,47.0,Ivy Okafor,2025-09-02 18:11:47,noise
6393608254537,6397479516078,T720,20.0,Ivy Okafor,2025-09-02 02:09:31,noise
6393608254537,6397207416529,T720,10.8,Ivy Okafor,2025-09-01 09:28:10,noise
6393608254537,6396116554141,T720,89.0,Ivy Okafor,2025-09-01 18:22:00,noise
6393608254537,6399241777448,T720,15.3,Ivy Okafor,2025-08-31 20:08:20,noise
6393608254537,6397479516078,T165,119.4,Ivy Okafor,2025-08-31 12:09:23,noise
6393608254537,6395137959873,T165,33.1,Ivy Okafor,2025-08-31 13:21:31,noise
6393608254537,6394513051861,T165,24.0,Ivy Okafor,2025-08-30 05:14:13,noise
6393608254537,6392322072341,T720,25.4,Ivy Okafor,2025-08-29 13:12:30,noise
6393608254537,6393694731514,T720,6.8,Ivy Okafor,2025-08-28 14:06:03,noise
6393608254537,6397479516078,T165,26.5,Ivy Okafor,2025-08-27 10:13:39,noise
6393608254537,6397473500175,T165,21.6,Ivy Okafor,2025-08-27 22:11:42,noise
6393608254537,6399877395358,T165,31.2,Ivy Okafor,2025-08-26 16:23:07,noise
6393608254537,6396042155722,T165,22.8,Ivy Okafor,2025-08-26 03:18:46,noise
6393608254537,6399877395358,T165,33.1,Ivy Okafor,2025-08-25 10:08:16,noise
6393608254537,6394055226921,T720,4.5,Ivy Okafor,2025-08-24 15:20:35,noise
6393608254537,6397479516078,T165,9.6,Ivy Okafor,2025-08-23 15:00:32,noise
6393608254537,6394055226921,T165,4.4,Ivy Okafor,2025-08-23 18:26:27,noise
6393608254537,6397479516078,T720,3.3,Ivy Okafor,2025-08-22 09:18:08,noise
6393608254537,6397479516078,T165,4.0,Ivy Okafor,2025-08-22 13:19:12,noise
6393608254537,6399877395358,T165,6.6,Ivy Okafor,2025-08-22 21:27:11,noise
6393608254537,6397479516078,T720,17.7,Ivy Okafor,2025-08-21 10:26:46,noise
6393608254537,6395534105475,T720,12.5,Ivy Okafor,2025-08-21 19:21:16,noise
6393608254537,6399241777448,T720,23.8,Ivy Okafor,2025-08-20 15:10:04,noise
6393608254537,6397479516078,T720,77.4,Ivy Okafor,2025-08-20 17:07:54,noise
6393608254537,6392375347403,T720,9.2,Ivy Okafor,2025-08-20 20:04:02,noise
6393608254537,6397473530031,T165,25.1,Ivy Okafor,2025-08-19 16:23:25,noise
6393608254537,6399877395358,T720,22.0,Ivy Okafor,2025-08-19 09:08:57,noise
6393608254537,6397479516078,T165,21.8,Ivy Okafor,2025-08-18 15:01:50,noise
6393608254537,6398525827157,T165,18.3,Ivy Okafor,2025-08-18 18:01:03,noise
6393608254537,6393004154125,T165,14.6,Ivy Okafor,2025-08-17 18:25:10,noise
6393608254537,6395799070967,T720,17.2,Ivy Okafor,2025-08-17 14:30:49,noise
6393608254537,6391282991519,T720,18.8,Ivy Okafor,2025-08-17 15:00:50,noise
6393608254537,6399877395358,T720,8.0,Ivy Okafor,2025-08-16 08:16:52,noise
6393608254537,6398069375909,T720,5.1,Ivy Okafor,2025-08-15 20:20:15,noise
6393608254537,6393694731514,T165,9.6,Ivy Okafor,2025-08-15 14:19:23,noise
6393608254537,6394055226921,T165,14.0,Ivy Okafor,2025-08-14 09:00:16,noise
6393608254537,6394055226921,T165,209.5,Ivy Okafor,2025-08-14 12:08:51,noise
6393608254537,6399877395358,T165,7.9,Ivy Okafor,2025-08-14 13:22:34,noise
6393608254537,6391787733401,T720,13.5,Ivy Okafor,2025-08-13 08:20:07,noise
6393608254537,6397479516078,T165,124.8,Ivy Okafor,2025-08-12 09:24:16,noise
6393608254537,6394055226921,T720,58.5,Ivy Okafor,2025-08-12 16:02:21,noise
6393608254537,6397479516078,T165,34.2,Ivy Okafor,2025-08-11 15:01:29,noise
6393608254537,6397479516078,T720,28.7,Ivy Okafor,2025-08-11 20:20:31,noise
6393608254537,6397473530031,T165,11.0,Ivy Okafor,2025-08-10 00:19:32,noise
6393608254537,6397479516078,T165,20.3,Ivy Okafor,2025-08-09 15:30:13,noise
6393608254537,6399877395358,T720,13.9,Ivy Okafor,2025-08-08 12:25:46,noise
6393608254537,6399877395358,T165,48.8,Ivy Okafor,2025-08-08 16:01:09,noise
6393608254537,6397156535284,T165,21.5,Ivy Okafor,2025-08-08 04:19:08,noise
6393608254537,6394055226921,T165,18.7,Ivy Okafor,2025-08-07 10:13:06,noise
6393608254537,6393694731514,T720,14.5,Ivy Okafor,2025-08-07 23:30:04,noise
6393608254537,6397207416529,T720,35.7,Ivy Okafor,2025-08-07 13:07:48,noise
6393608254537,6397479516078,T165,21.7,Ivy Okafor,2025-08-06 10:23:22,noise
6393608254537,6392705348834,T720,27.8,Ivy Okafor,2025-08-06 11:16:20,noise
6393608254537,6394055226921,T720,8.6,Ivy Okafor,2025-08-06 17:15:59,noise
6393608254537,6397479516078,T720,31.3,Ivy Okafor,2025-08-05 14:09:42,noise
6393608254537,6399877395358,T165,27.3,Ivy Okafor,2025-08-04 08:15:08,noise
6395535962322,6391877128212,T567,11.3,Diego Diaz,2025-10-18 14:28:45,noise
6395535962322,6398186138815,T779,14.7,Diego Diaz,2025-10-18 04:25:39,noise
6395535962322,6392375347403,T779,34.3,Diego Diaz,2025-10-17 21:15:27,noise
6395535962322,6393825956914,T567,15.6,Diego Diaz,2025-10-17 11:27:22,noise
6395535962322,6391877128212,T779,21.2,Diego Diaz,2025-10-16 15:01:55,noise
6395535962322,6397172010892,T567,10.4,Diego Diaz,2025-10-16 14:24:20,noise
6395535962322,6397473530031,T779,16.2,Diego Diaz,2025-10-15 23:20:56,noise
6395535962322,6397473530031,T779,27.3,Diego Diaz,2025-10-15 20:26:01,noise
6395535962322,6398097172985,T567,29.1,Diego Diaz,2025-10-14 14:26:26,noise
6395535962322,6399696031872,T567,8.0,Diego Diaz,2025-10-13 20:02:55,noise
6395535962322,6399804243491,T779,11.7,Diego Diaz,2025-10-13 18:09:41,noise
6395535962322,6391877128212,T779,25.8,Diego Diaz,2025-10-13 02:00:12,noise
6395535962322,6397172010892,T567,24.9,Diego Diaz,2025-10-12 20:07:13,noise
6395535962322,6397102194949,T779,33.1,Diego Diaz,2025-10-12 08:08:49,noise
6395535962322,6395799070967,T779,12.0,Diego Diaz,2025-10-11 09:26:57,noise
6395535962322,6391877128212,T779,15.1,Diego Diaz,2025-10-11 17:11:24,noise
6395535962322,6397172010892,T779,12.9,Diego Diaz,2025-10-11 21:21:53,noise
6395535962322,6391877128212,T567,12.9,Diego Diaz,2025-10-10 09:07:55,noise
6395535962322,6397172010892,T779,44.5,Diego Diaz,2025-10-10 11:29:00,noise
6395535962322,6392953177733,T779,19.7,Diego Diaz,2025-10-10 18:22:53,noise
6395535962322,6397172010892,T567,16.3,Diego Diaz,2025-10-09 14:29:52,noise
6395535962322,6397473530031,T779,49.6,Diego Diaz,2025-10-09 18:26:13,noise
6395535962322,6397172010892,T779,22.1,Diego Diaz,2025-10-09 16:09:11,noise
6395535962322,6393454415467,T779,25.9,Diego Diaz,2025-10-08 15:23:42,noise
6395535962322,6397172010892,T779,66.7,Diego Diaz,2025-10-08 11:05:00,noise
6395535962322,6395453540079,T567,13.5,Diego Diaz,2025-10-08 13:15:22,noise
6395535962322,6397473530031,T567,20.4,Diego Diaz,2025-10-07 14:13:24,noise
6395535962322,6397172010892,T779,36.4,Diego Diaz,2025-10-07 10:27:25,noise
6395535962322,6395324391443,T779,26.3,Diego Diaz,2025-10-07 20:11:08,noise
6395535962322,6391877128212,T567,51.0,Diego Diaz,2025-10-06 15:04:24,noise
6395535962322,6397473530031,T567,8.5,Diego Diaz,2025-10-06 15:16:07,noise
6395535962322,6396109116629,T779,13.4,Diego Diaz,2025-10-06 22:19:11,noise
6395535962322,6398673272758,T567,11.5,Diego Diaz,2025-10-05 20:23:27,noise
6395535962322,6397473530031,T779,17.5,Diego Diaz,2025-10-04 21:22:39,noise
6395535962322,6391877128212,T779,8.1,Diego Diaz,2025-10-03 05:09:55,noise
6395535962322,6397473530031,T779,24.0,Diego Diaz,2025-10-02 13:06:40,noise
6395535962322,6393869319540,T779,20.6,Diego Diaz,2025-10-02 23:01:52,noise
6395535962322,6393134974031,T779,44.3,Diego Diaz,2025-10-02 20:30:29,noise
6395535962322,6397473530031,T779,11.6,Diego Diaz,2025-10-01 13:05:15,noise
6395535962322,6399877395358,T567,18.7,Diego Diaz,2025-09-30 16:13:20,noise
6395535962322,6397473530031,T779,27.9,Diego Diaz,2025-09-30 18:25:14,noise
6395535962322,6394711330962,T567,24.8,Diego Diaz,2025-09-29 05:16:36,noise
6395535962322,6393062613059,T567,50.1,Diego Diaz,2025-09-29 16:03:18,noise
6395535962322,6397473530031,T567,31.9,Diego Diaz,2025-09-28 04:23:01,noise
6395535962322,6397172010892,T567,5.6,Diego Diaz,2025-09-28 11:25:15,noise
6395535962322,6391877128212,T567,25.0,Diego Diaz,2025-09-27 09:11:39,noise
6395535962322,6395136375863,T779,10.5,Diego Diaz,2025-09-27 14:24:41,noise
6395535962322,6391877128212,T779,21.8,Diego Diaz,2025-09-26 17:05:50,noise
6395535962322,6392953177733,T779,7.4,Diego Diaz,2025-09-26 09:10:07,noise
6395535962322,6397473530031,T779,5.3,Diego Diaz,2025-09-25 11:04:51,noise
6395535962322,6398673272758,T567,32.0,Diego Diaz,2025-09-25 19:11:34,noise
6395535962322,6391877128212,T779,61.1,Diego Diaz,2025-09-24 08:27:35,noise
6395535962322,6393625636545,T779,18.0,Diego Diaz,2025-09-23 21:14:54,noise
6395535962322,6391051330112,T779,6.8,Diego Diaz,2025-09-23 18:03:07,noise
6395535962322,6397479516078,T779,39.2,Diego Diaz,2025-09-23 16:28:47,noise
6395535962322,6391877128212,T567,6.4,Diego Diaz,2025-09-22 16:01:06,noise
6395535962322,6397172010892,T779,23.0,Diego Diaz,2025-09-21 09:03:44,noise
6395535962322,6397473530031,T567,13.9,Diego Diaz,2025-09-21 16:01:31,noise
6395535962322,6395588265198,T567,63.5,Diego Diaz,2025-09-20 13:26:47,noise
6395535962322,6397473530031,T567,14.0,Diego Diaz,2025-09-19 18:14:48,noise
6395535962322,6393549070850,T779,11.7,Diego Diaz,2025-09-19 19:28:02,noise
6395535962322,6397172010892,T779,10.4,Diego Diaz,2025-09-18 18:02:10,noise
6395535962322,6392375347403,T779,16.4,Diego Diaz,2025-09-18 19:27:43,noise
6395535962322,6391051330112,T567,30.6,Diego Diaz,2025-09-17 13:25:38,noise
6395535962322,6397473530031,T567,15.0,Diego Diaz,2025-09-17 14:30:41,noise
6395535962322,6397172010892,T779,65.0,Diego Diaz,2025-09-16 17:20:58,noise
6395535962322,6397172010892,T779,6.4,Diego Diaz,2025-09-16 17:20:37,noise
6395535962322,6397172010892,T779,8.2,Diego Diaz,2025-09-15 09:26:44,noise
6395535962322,6393608254537,T779,10.5,Diego Diaz,2025-09-15 13:04:48,noise
6395535962322,6391877128212,T779,40.9,Diego Diaz,2025-09-15 17:02:05,noise
6395535962322,6391877128212,T779,16.7,Diego Diaz,2025-09-14 08:24:59,noise
6395535962322,6397473530031,T779,33.7,Diego Diaz,2025-09-14 04:20:05,noise
6395535962322,6397172010892,T779,13.5,Diego Diaz,2025-09-13 15:17:59,noise
6395535962322,6397473530031,T567,8.2,Diego Diaz,2025-09-13 19:09:49,noise
6395535962322,6397922188789,T779,16.7,Diego Diaz,2025-09-12 20:30:07,noise
6395535962322,6397172010892,T779,40.2,Diego Diaz,2025-09-12 17:29:01,noise
6395535962322,6398095030730,T779,18.1,Diego Diaz,2025-09-11 20:04:17,noise
6395535962322,6391877128212,T779,12.6,Diego Diaz,2025-09-11 08:07:17,noise
6395535962322,6391877128212,T779,10.3,Diego Diaz,2025-09-11 19:16:15,noise
6395535962322,6397172010892,T779,7.9,Diego Diaz,2025-09-10 16:20:07,noise
6395535962322,6397172010892,T779,22.2,Diego Diaz,2025-09-10 22:11:44,noise
6395535962322,6399241777448,T779,20.9,Diego Diaz,2025-09-10 12:12:29,noise
6395535962322,6391877128212,T779,16.3,Diego Diaz,2025-09-09 21:26:04,noise
6395535962322,6397473530031,T779,39.3,Diego Diaz,2025-09-08 21:19:08,noise
6395535962322,6397473530031,T567,70.6,Diego Diaz,2025-09-08 18:28:36,noise
6395535962322,6397172010892,T567,19.3,Diego Diaz,2025-09-07 19:30:48,noise
6395535962322,6392953177733,T567,12.4,Diego Diaz,2025-09-06 18:21:31,noise
6395535962322,6397172010892,T779,28.1,Diego Diaz,2025-09-06 08:18:18,noise
6395535962322,6397473530031,T567,31.8,Diego Diaz,2025-09-06 08:18:45,noise
6395535962322,6399836144770,T567,5.9,Diego Diaz,2025-09-05 21:21:33,noise
6395535962322,6397473530031,T779,31.0,Diego Diaz,2025-09-04 21:23:44,noise
6395535962322,6397761210582,T779,6.1,Diego Diaz,2025-09-04 11:20:48,noise
6395535962322,6397473530031,T779,6.0,Diego Diaz,2025-09-03 20:12:38,noise
6395535962322,6397207416529,T779,12.1,Diego Diaz,2025-09-03 23:11:57,noise
6395535962322,6397775259023,T779,10.1,Diego Diaz,2025-09-02 23:16:49,noise
6395535962322,6397172010892,T567,12.7,Diego Diaz,2025-09-02 20:18:46,noise
6395535962322,6397473530031,T567,87.9,Diego Diaz,2025-09-02 16:19:40,noise
6395535962322,6397473530031,T567,20.2,Diego Diaz,2025-09-01 23:21:31,noise
6395535962322,6391787733401,T567,10.6,Diego Diaz,2025-08-31 08:06:52,noise
6395535962322,6397473530031,T567,16.8,Diego Diaz,2025-08-31 08:08:34,noise
6395535962322,6397473530031,T779,11.5,Diego Diaz,2025-08-31 09:02:53,noise
6395535962322,6394856722505,T779,52.0,Diego Diaz,2025-08-30 12:23:32,noise
6395535962322,6397172010892,T779,22.6,Diego Diaz,2025-08-29 03:08:51,noise
6395535962322,6391877128212,T779,61.9,Diego Diaz,2025-08-28 21:25:23,noise
6395535962322,6396121190710,T779,30.4,Diego Diaz,2025-08-27 09:08:42,noise
6395535962322,6391877128212,T779,10.0,Diego Diaz,2025-08-27 10:05:36,noise
6395535962322,6391877128212,T567,27.2,Diego Diaz,2025-08-27 11:26:30,noise
6395535962322,6397172010892,T567,21.0,Diego Diaz,2025-08-26 21:24:52,noise
6395535962322,6394513051861,T779,4.3,Diego Diaz,2025-08-26 11:21:01,noise
6395535962322,6398087251603,T567,11.0,Diego Diaz,2025-08-26 13:27:37,noise
6395535962322,6393454415467,T567,8.2,Diego Diaz,2025-08-25 15:18:08,noise
6395535962322,6397473530031,T567,6.4,Diego Diaz,2025-08-25 12:01:15,noise
6395535962322,6397473530031,T779,8.4,Diego Diaz,2025-08-24 02:06:18,noise
6395535962322,6397172010892,T779,42.9,Diego Diaz,2025-08-24 17:03:15,noise
6395535962322,6397645850299,T567,26.4,Diego Diaz,2025-08-23 02:15:03,noise
6395535962322,6395137959873,T779,9.1,Diego Diaz,2025-08-23 18:13:50,noise
6395535962322,6397473530031,T779,11.5,Diego Diaz,2025-08-23 22:14:04,noise
6395535962322,6397266186506,T567,26.5,Diego Diaz,2025-08-22 08:30:17,noise
6395535962322,6394137438800,T567,12.4,Diego Diaz,2025-08-22 11:08:54,noise
6395535962322,6397172010892,T779,10.6,Diego Diaz,2025-08-21 17:17:13,noise
6395535962322,6397172010892,T567,26.1,Diego Diaz,2025-08-20 15:27:29,noise
6395535962322,6398085325274,T779,8.2,Diego Diaz,2025-08-20 11:27:20,noise
6395535962322,6397473530031,T567,15.6,Diego Diaz,2025-08-20 17:27:50,noise
6395535962322,6396116554141,T567,24.4,Diego Diaz,2025-08-19 21:08:38,noise
6395535962322,6397172010892,T567,17.3,Diego Diaz,2025-08-18 19:10:40,noise
6395535962322,6397172010892,T779,7.1,Diego Diaz,2025-08-17 10:06:30,noise
6395535962322,6397473530031,T779,171.5,Diego Diaz,2025-08-17 14:17:15,noise
6395535962322,6398595696705,T567,39.0,Diego Diaz,2025-08-16 12:27:58,noise
6395535962322,6392237426063,T567,20.7,Diego Diaz,2025-08-15 15:12:05,noise
6395535962322,6397473530031,T779,5.7,Diego Diaz,2025-08-14 16:07:27,noise
6395535962322,6391877128212,T567,35.4,Diego Diaz,2025-08-14 13:29:10,noise
6395535962322,6397156535284,T779,75.3,Diego Diaz,2025-08-13 20:10:21,noise
6395535962322,6397172010892,T779,6.7,Diego Diaz,2025-08-13 13:05:39,noise
6395535962322,6391877128212,T779,26.5,Diego Diaz,2025-08-12 14:27:47,noise
6395535962322,6397172010892,T779,87.2,Diego Diaz,2025-08-12 13:15:43,noise
6395535962322,6393736660443,T779,20.3,Diego Diaz,2025-08-11 04:10:28,noise
6395535962322,6397172010892,T567,19.2,Diego Diaz,2025-08-11 01:09:51,noise
6395535962322,6391877128212,T567,13.6,Diego Diaz,2025-08-11 03:10:45,noise
6395535962322,6391877128212,T567,9.2,Diego Diaz,2025-08-10 15:05:39,noise
6395535962322,6391877128212,T779,18.7,Diego Diaz,2025-08-10 13:22:48,noise
6395535962322,6393332370721,T779,7.3,Diego Diaz,2025-08-09 19:02:54,noise
6395535962322,6397172010892,T779,12.1,Diego Diaz,2025-08-09 12:17:51,noise
6395535962322,6391877128212,T779,55.1,Diego Diaz,2025-08-09 15:12:20,noise
6395535962322,6396625936508,T779,15.5,Diego Diaz,2025-08-08 12:23:31,noise
6395535962322,6391877128212,T779,11.7,Diego Diaz,2025-08-08 20:24:57,noise
6395535962322,6397473530031,T567,5.6,Diego Diaz,2025-08-08 11:17:21,noise
6395535962322,6397172010892,T779,14.7,Diego Diaz,2025-08-07 11:21:31,noise
6395535962322,6397959529190,T779,16.7,Diego Diaz,2025-08-06 08:22:42,noise
6395535962322,6395958977897,T567,28.4,Diego Diaz,2025-08-06 12:12:34,noise
6395535962322,6397326243787,T779,11.4,Diego Diaz,2025-08-05 15:28:42,noise
6395535962322,6391877128212,T779,16.4,Diego Diaz,2025-08-05 15:12:20,noise
6395535962322,6394711330962,T567,26.8,Diego Diaz,2025-08-04 18:03:06,noise
6393549070850,6392237426063,T168,60.5,Omar Haddad,2025-10-18 14:17:20,noise
6393549070850,6392464364634,T447,33.0,Omar Haddad,2025-10-18 13:02:26,noise
6393549070850,6396625936508,T447,31.5,Omar Haddad,2025-10-17 16:24:30,noise
6393549070850,6392464364634,T168,30.6,Omar Haddad,2025-10-17 17:13:06,noise
6393549070850,6397645850299,T447,29.8,Omar Haddad,2025-10-17 19:08:40,noise
6393549070850,6397645850299,T447,22.5,Omar Haddad,2025-10-16 18:15:21,noise
6393549070850,6392464364634,T447,21.2,Omar Haddad,2025-10-16 17:22:17,noise
6393549070850,6392464364634,T447,11.7,Omar Haddad,2025-10-16 19:09:49,noise
6393549070850,6392464364634,T168,18.1,Omar Haddad,2025-10-15 02:06:40,noise
6393549070850,6392464364634,T447,10.3,Omar Haddad,2025-10-15 18:21:05,noise
6393549070850,6394711330962,T447,19.0,Omar Haddad,2025-10-15 08:12:15,noise
6393549070850,6397645850299,T447,3.8,Omar Haddad,2025-10-14 09:07:55,noise
6393549070850,6393332370721,T168,15.1,Omar Haddad,2025-10-14 17:09:40,noise
6393549070850,6396526010278,T447,23.5,Omar Haddad,2025-10-14 17:03:33,noise
6393549070850,6394856722505,T168,11.4,Omar Haddad,2025-10-13 17:12:13,noise
6393549070850,6391282991519,T447,24.3,Omar Haddad,2025-10-13 08:16:01,noise
6393549070850,6392464364634,T447,7.0,Omar Haddad,2025-10-12 18:28:49,noise
6393549070850,6392464364634,T447,18.2,Omar Haddad,2025-10-11 23:10:52,noise
6393549070850,6394856722505,T168,6.7,Omar Haddad,2025-10-11 18:22:40,noise
6393549070850,6392464364634,T168,9.6,Omar Haddad,2025-10-11 10:08:05,noise
6393549070850,6392464364634,T168,17.1,Omar Haddad,2025-10-10 16:28:05,noise
6393549070850,6397645850299,T168,9.7,Omar Haddad,2025-10-10 08:28:35,noise
6393549070850,6392464364634,T447,7.9,Omar Haddad,2025-10-10 03:21:37,noise
6393549070850,6399487367347,T447,20.5,Omar Haddad,2025-10-09 18:03:58,noise
6393549070850,6397645850299,T168,18.0,Omar Haddad,2025-10-08 18:16:35,noise
6393549070850,6399487367347,T447,12.7,Omar Haddad,2025-10-07 19:20:47,noise
6393549070850,6397645850299,T447,27.0,Omar Haddad,2025-10-07 11:16:12,noise
6393549070850,6397645850299,T447,3.7,Omar Haddad,2025-10-06 12:09:48,noise
6393549070850,6392464364634,T168,20.1,Omar Haddad,2025-10-05 19:29:07,noise
6393549070850,6392027898005,T447,49.6,Omar Haddad,2025-10-05 14:26:27,noise
6393549070850,6396726642544,T447,14.2,Omar Haddad,2025-10-04 21:30:27,noise
6393549070850,6399804243491,T447,17.8,Omar Haddad,2025-10-04 14:16:16,noise
6393549070850,6397645850299,T447,16.3,Omar Haddad,2025-10-03 02:23:48,noise
6393549070850,6397645850299,T447,37.2,Omar Haddad,2025-10-03 10:04:29,noise
6393549070850,6396526010278,T447,18.5,Omar Haddad,2025-10-02 09:27:13,noise
6393549070850,6397645850299,T447,24.5,Omar Haddad,2025-10-02 14:17:38,noise
6393549070850,6397645850299,T447,10.6,Omar Haddad,2025-10-01 12:08:12,noise
6393549070850,6392464364634,T447,13.1,Omar Haddad,2025-10-01 18:17:04,noise
6393549070850,6395799070967,T447,5.6,Omar Haddad,2025-09-30 11:28:26,noise
6393549070850,6397645850299,T447,36.3,Omar Haddad,2025-09-29 15:16:30,noise
6393549070850,6391494838799,T168,10.6,Omar Haddad,2025-09-28 14:02:27,noise
6393549070850,6392464364634,T168,6.0,Omar Haddad,2025-09-27 08:15:38,noise
6393549070850,6392464364634,T168,35.1,Omar Haddad,2025-09-27 05:25:32,noise
6393549070850,6398673272758,T168,27.4,Omar Haddad,2025-09-26 09:23:39,noise
6393549070850,6398525827157,T168,7.0,Omar Haddad,2025-09-26 16:01:27,noise
6393549070850,6392464364634,T168,5.6,Omar Haddad,2025-09-25 21:11:23,noise
6393549070850,6396116554141,T447,17.4,Omar Haddad,2025-09-25 15:13:19,noise
6393549070850,6397052145323,T447,34.7,Omar Haddad,2025-09-24 11:27:08,noise
6393549070850,6392464364634,T447,6.3,Omar Haddad,2025-09-24 17:07:24,noise
6393549070850,6393825956914,T168,36.7,Omar Haddad,2025-09-24 15:05:58,noise
6393549070850,6397645850299,T168,25.8,Omar Haddad,2025-09-23 20:07:40,noise
6393549070850,6399696031872,T447,17.7,Omar Haddad,2025-09-23 20:06:46,noise
6393549070850,6397645850299,T447,19.1,Omar Haddad,2025-09-23 20:21:49,noise
6393549070850,6396042155722,T447,5.0,Omar Haddad,2025-09-22 11:05:18,noise
6393549070850,6392464364634,T447,32.4,Omar Haddad,2025-09-22 19:11:02,noise
6393549070850,6392464364634,T168,60.3,Omar Haddad,2025-09-21 02:24:05,noise
6393549070850,6392464364634,T447,7.4,Omar Haddad,2025-09-21 18:22:10,noise
6393549070850,6392464364634,T168,36.7,Omar Haddad,2025-09-20 15:11:21,noise
6393549070850,6397645850299,T447,14.0,Omar Haddad,2025-09-20 10:26:09,noise
6393549070850,6397645850299,T168,29.0,Omar Haddad,2025-09-19 09:20:29,noise
6393549070850,6393608254537,T168,17.6,Omar Haddad,2025-09-19 12:23:16,noise
6393549070850,6397645850299,T168,23.8,Omar Haddad,2025-09-18 18:21:01,noise
6393549070850,6392464364634,T447,15.3,Omar Haddad,2025-09-18 15:27:09,noise
6393549070850,6392464364634,T447,29.5,Omar Haddad,2025-09-17 08:25:59,noise
6393549070850,6393004154125,T168,7.2,Omar Haddad,2025-09-16 12:13:15,noise
6393549070850,6397645850299,T447,16.0,Omar Haddad,2025-09-16 22:23:15,noise
6393549070850,6392464364634,T447,14.0,Omar Haddad,2025-09-16 11:04:16,noise
6393549070850,6397645850299,T447,9.9,Omar Haddad,2025-09-15 10:23:59,noise
6393549070850,6392464364634,T447,9.8,Omar Haddad,2025-09-15 14:01:08,noise
6393549070850,6399241777448,T447,12.3,Omar Haddad,2025-09-14 21:28:45,noise
6393549070850,6397645850299,T447,10.2,Omar Haddad,2025-09-13 09:05:19,noise
6393549070850,6392464364634,T447,29.8,Omar Haddad,2025-09-13 19:13:28,noise
6393549070850,6392761010721,T447,21.8,Omar Haddad,2025-09-12 01:13:03,noise
6393549070850,6395588239969,T447,32.9,Omar Haddad,2025-09-12 18:03:45,noise
6393549070850,6397645850299,T447,5.9,Omar Haddad,2025-09-11 20:29:17,noise
6393549070850,6397645850299,T447,5.4,Omar Haddad,2025-09-10 10:11:17,noise
6393549070850,6397645850299,T447,11.3,Omar Haddad,2025-09-09 22:06:26,noise
6393549070850,6397645850299,T447,13.5,Omar Haddad,2025-09-09 17:05:56,noise
6393549070850,6397645850299,T168,21.0,Omar Haddad,2025-09-08 21:03:48,noise
6393549070850,6399604910822,T447,49.6,Omar Haddad,2025-09-08 11:03:31,noise
6393549070850,6392464364634,T168,24.2,Omar Haddad,2025-09-08 21:05:14,noise
6393549070850,6392464364634,T447,41.1,Omar Haddad,2025-09-07 09:15:24,noise
6393549070850,6392464364634,T447,16.3,Omar Haddad,2025-09-07 20:00:15,noise
6393549070850,6392464364634,T168,22.2,Omar Haddad,2025-09-06 14:21:21,noise
6393549070850,6397207416529,T168,61.5,Omar Haddad,2025-09-06 22:15:45,noise
6393549070850,6392464364634,T168,50.3,Omar Haddad,2025-09-06 15:06:48,noise
6393549070850,6397645850299,T168,11.5,Omar Haddad,2025-09-05 02:07:20,noise
6393549070850,6392464364634,T168,12.2,Omar Haddad,2025-09-05 23:30:08,noise
6393549070850,6392464364634,T168,11.4,Omar Haddad,2025-09-04 01:24:16,noise
6393549070850,6397645850299,T168,19.1,Omar Haddad,2025-09-04 15:19:11,noise
6393549070850,6397645850299,T168,5.1,Omar Haddad,2025-09-03 14:02:49,noise
6393549070850,6392464364634,T447,33.5,Omar Haddad,2025-09-03 17:04:06,noise
6393549070850,6392464364634,T168,16.9,Omar Haddad,2025-09-02 15:06:50,noise
6393549070850,6392464364634,T168,9.2,Omar Haddad,2025-09-02 17:04:05,noise
6393549070850,6399836144770,T168,17.9,Omar Haddad,2025-09-01 23:14:21,noise
6393549070850,6394137438800,T447,8.9,Omar Haddad,2025-09-01 12:16:30,noise
6393549070850,6392464364634,T447,11.8,Omar Haddad,2025-08-31 16:26:43,noise
6393549070850,6392464364634,T447,11.9,Omar Haddad,2025-08-31 19:19:20,noise
6393549070850,6392464364634,T168,9.0,Omar Haddad,2025-08-30 16:27:36,noise
6393549070850,6397645850299,T447,40.2,Omar Haddad,2025-08-29 03:21:41,noise
6393549070850,6397645850299,T447,32.2,Omar Haddad,2025-08-29 16:10:28,noise
6393549070850,6398415249661,T447,32.9,Omar Haddad,2025-08-29 12:07:12,noise
6393549070850,6397645850299,T447,24.3,Omar Haddad,2025-08-28 09:29:29,noise
6393549070850,6392464364634,T447,7.9,Omar Haddad,2025-08-28 01:04:18,noise
6393549070850,6397645850299,T168,7.1,Omar Haddad,2025-08-27 00:06:21,noise
6393549070850,6397473500175,T168,12.7,Omar Haddad,2025-08-27 17:02:07,noise
6393549070850,6397645850299,T447,19.0,Omar Haddad,2025-08-27 11:17:38,noise
6393549070850,6399487367347,T447,9.5,Omar Haddad,2025-08-26 14:00:27,noise
6393549070850,6397645850299,T447,31.4,Omar Haddad,2025-08-26 17:20:07,noise
6393549070850,6393329653115,T447,15.7,Omar Haddad,2025-08-25 19:30:40,noise
6393549070850,6392464364634,T447,28.4,Omar Haddad,2025-08-24 13:04:12,noise
6393549070850,6392517116618,T168,20.7,Omar Haddad,2025-08-24 15:24:34,noise
6393549070850,6392464364634,T447,18.1,Omar Haddad,2025-08-23 15:18:45,noise
6393549070850,6394372750872,T168,33.3,Omar Haddad,2025-08-23 15:15:48,noise
6393549070850,6397645850299,T447,14.6,Omar Haddad,2025-08-22 18:24:44,noise
6393549070850,6392464364634,T447,40.1,Omar Haddad,2025-08-22 10:06:23,noise
6393549070850,6396198739962,T168,13.8,Omar Haddad,2025-08-22 14:16:26,noise
6393549070850,6397326243787,T447,6.9,Omar Haddad,2025-08-21 17:20:49,noise
6393549070850,6392464364634,T447,20.5,Omar Haddad,2025-08-21 17:16:34,noise
6393549070850,6392761010721,T447,17.2,Omar Haddad,2025-08-20 14:20:43,noise
6393549070850,6394372750872,T447,28.8,Omar Haddad,2025-08-20 12:21:40,noise
6393549070850,6395799070967,T447,33.6,Omar Haddad,2025-08-19 08:17:49,noise
6393549070850,6397695360968,T447,23.3,Omar Haddad,2025-08-19 14:17:39,noise
6393549070850,6397645850299,T447,27.2,Omar Haddad,2025-08-18 00:23:42,noise
6393549070850,6396526010278,T447,13.7,Omar Haddad,2025-08-18 13:17:57,noise
6393549070850,6399003402039,T447,16.7,Omar Haddad,2025-08-17 12:18:40,noise
6393549070850,6398595696705,T168,9.3,Omar Haddad,2025-08-17 14:06:37,noise
6393549070850,6397645850299,T447,13.0,Omar Haddad,2025-08-16 16:27:00,noise
6393549070850,6397326243787,T447,15.0,Omar Haddad,2025-08-16 23:07:56,noise
6393549070850,6396726642544,T168,7.1,Omar Haddad,2025-08-15 18:22:39,noise
6393549070850,6392027898005,T447,21.5,Omar Haddad,2025-08-14 18:00:58,noise
6393549070850,6397645850299,T168,9.7,Omar Haddad,2025-08-13 00:28:37,noise
6393549070850,6393062613059,T168,29.2,Omar Haddad,2025-08-13 08:28:52,noise
6393549070850,6392175203535,T447,32.9,Omar Haddad,2025-08-13 14:10:08,noise
6393549070850,6397959529190,T447,28.0,Omar Haddad,2025-08-12 10:28:42,noise
6393549070850,6394055226921,T168,17.1,Omar Haddad,2025-08-12 23:04:41,noise
6393549070850,6397645850299,T447,11.7,Omar Haddad,2025-08-11 03:00:17,noise
6393549070850,6392464364634,T447,14.4,Omar Haddad,2025-08-11 19:16:52,noise
6393549070850,6397645850299,T168,9.6,Omar Haddad,2025-08-11 19:11:45,noise
6393549070850,6398095030730,T447,18.6,Omar Haddad,2025-08-10 11:17:43,noise
6393549070850,6394372750872,T447,10.9,Omar Haddad,2025-08-10 19:13:21,noise
6393549070850,6392464364634,T447,13.6,Omar Haddad,2025-08-09 10:03:27,noise
6393549070850,6392464364634,T447,114.1,Omar Haddad,2025-08-09 17:05:35,noise
6393549070850,6397645850299,T168,17.1,Omar Haddad,2025-08-08 15:18:22,noise
6393549070850,6397645850299,T168,14.1,Omar Haddad,2025-08-08 11:22:07,noise
6393549070850,6392464364634,T168,4.6,Omar Haddad,2025-08-08 01:16:31,noise
6393549070850,6397473500175,T168,7.6,Omar Haddad,2025-08-07 08:07:15,noise
6393549070850,6392464364634,T447,15.3,Omar Haddad,2025-08-07 18:19:57,noise
6393549070850,6393329653115,T447,18.8,Omar Haddad,2025-08-06 11:13:25,noise
6393549070850,6397645850299,T447,14.9,Omar Haddad,2025-08-06 14:07:59,noise
6393549070850,6398087251603,T168,13.2,Omar Haddad,2025-08-05 10:00:11,noise
6393549070850,6397695360968,T168,18.6,Omar Haddad,2025-08-05 15:09:22,noise
6393549070850,6397645850299,T447,7.7,Omar Haddad,2025-08-04 13:29:41,noise
6393549070850,6397645850299,T168,16.4,Omar Haddad,2025-08-04 13:14:27,noise
6396042155722,6392951962632,T754,30.8,Tomas Mehta,2025-10-18 14:13:17,noise
6396042155722,6392951962632,T754,16.1,Tomas Mehta,2025-10-18 13:16:21,noise
6396042155722,6396121190710,T754,28.6,Tomas Mehta,2025-10-18 05:21:11,noise
6396042155722,6392951962632,T336,56.1,Tomas Mehta,2025-10-17 15:16:37,noise
6396042155722,6399141407059,T336,21.4,Tomas Mehta,2025-10-16 13:18:58,noise
6396042155722,6399141407059,T754,19.0,Tomas Mehta,2025-10-16 19:02:36,noise
6396042155722,6399836144770,T754,5.0,Tomas Mehta,2025-10-16 17:28:12,noise
6396042155722,6399141407059,T754,24.7,Tomas Mehta,2025-10-15 15:15:27,noise
6396042155722,6396121190710,T754,17.1,Tomas Mehta,2025-10-14 20:20:41,noise
6396042155722,6396121190710,T754,23.7,Tomas Mehta,2025-10-14 20:12:19,noise
6396042155722,6396121190710,T336,68.0,Tomas Mehta,2025-10-13 13:02:39,noise
6396042155722,6396121190710,T336,9.5,Tomas Mehta,2025-10-13 11:19:36,noise
6396042155722,6396121190710,T336,10.5,Tomas Mehta,2025-10-13 15:05:25,noise
6396042155722,6399141407059,T754,8.9,Tomas Mehta,2025-10-12 11:28:40,noise
6396042155722,6393329653115,T754,18.0,Tomas Mehta,2025-10-12 05:26:51,noise
6396042155722,6392951962632,T754,8.9,Tomas Mehta,2025-10-12 14:25:56,noise
6396042155722,6392375347403,T754,13.0,Tomas Mehta,2025-10-11 17:16:01,noise
6396042155722,6392951962632,T754,11.1,Tomas Mehta,2025-10-11 14:14:36,noise
6396042155722,6399141407059,T336,30.6,Tomas Mehta,2025-10-10 18:12:06,noise
6396042155722,6395535962322,T336,25.7,Tomas Mehta,2025-10-09 13:02:50,noise
6396042155722,6397922188789,T336,60.7,Tomas Mehta,2025-10-09 09:20:37,noise
6396042155722,6393332370721,T336,26.8,Tomas Mehta,2025-10-08 10:02:34,noise
6396042155722,6393591747444,T336,11.3,Tomas Mehta,2025-10-07 18:28:34,noise
6396042155722,6398097172985,T336,54.3,Tomas Mehta,2025-10-07 16:23:10,noise
6396042155722,6399141407059,T754,45.5,Tomas Mehta,2025-10-06 08:17:47,noise
6396042155722,6396526010278,T336,14.8,Tomas Mehta,2025-10-06 10:03:18,noise
6396042155722,6399141407059,T754,6.5,Tomas Mehta,2025-10-05 11:06:58,noise
6396042155722,6399141407059,T336,6.2,Tomas Mehta,2025-10-05 09:11:00,noise
6396042155722,6399141407059,T754,18.9,Tomas Mehta,2025-10-05 19:20:09,noise
6396042155722,6396121190710,T336,3.1,Tomas Mehta,2025-10-04 02:27:04,noise
6396042155722,6395958977897,T336,58.3,Tomas Mehta,2025-10-03 15:20:43,noise
6396042155722,6399141407059,T336,22.5,Tomas Mehta,2025-10-03 16:17:48,noise
6396042155722,6399141407059,T754,9.4,Tomas Mehta,2025-10-03 05:30:06,noise
6396042155722,6399696031872,T336,19.2,Tomas Mehta,2025-10-02 17:21:25,noise
6396042155722,6397922188789,T754,6.5,Tomas Mehta,2025-10-02 20:30:04,noise
6396042155722,6394137438800,T336,17.2,Tomas Mehta,2025-10-02 12:05:24,noise
6396042155722,6398069375909,T336,13.7,Tomas Mehta,2025-10-01 12:15:17,noise
6396042155722,6392951962632,T754,32.3,Tomas Mehta,2025-09-30 08:01:12,noise
6396042155722,6398097172985,T336,4.8,Tomas Mehta,2025-09-29 03:23:59,noise
6396042155722,6392951962632,T336,15.9,Tomas Mehta,2025-09-29 12:25:01,noise
6396042155722,6393869319540,T754,30.1,Tomas Mehta,2025-09-28 16:15:13,noise
6396042155722,6399141407059,T754,16.0,Tomas Mehta,2025-09-28 22:30:05,noise
6396042155722,6399141407059,T336,26.3,Tomas Mehta,2025-09-27 20:01:43,noise
6396042155722,6399141407059,T754,11.7,Tomas Mehta,2025-09-26 05:23:47,noise
6396042155722,6399141407059,T754,17.9,Tomas Mehta,2025-09-26 15:24:00,noise
6396042155722,6399141407059,T754,6.1,Tomas Mehta,2025-09-25 19:09:44,noise
6396042155722,6394711330962,T754,26.2,Tomas Mehta,2025-09-25 00:02:20,noise
6396042155722,6396121190710,T336,6.3,Tomas Mehta,2025-09-24 10:21:06,noise
6396042155722,6399487367347,T754,33.6,Tomas Mehta,2025-09-24 19:15:32,noise
6396042155722,6399141407059,T336,22.6,Tomas Mehta,2025-09-24 10:10:06,noise
6396042155722,6398085325274,T754,41.5,Tomas Mehta,2025-09-23 14:11:00,noise
6396042155722,6399141407059,T754,28.2,Tomas Mehta,2025-09-23 12:05:22,noise
6396042155722,6399141407059,T754,12.2,Tomas Mehta,2025-09-23 11:21:36,noise
6396042155722,6396121190710,T754,67.6,Tomas Mehta,2025-09-22 15:04:35,noise
6396042155722,6396121190710,T754,14.6,Tomas Mehta,2025-09-22 14:13:35,noise
6396042155722,6396121190710,T336,16.6,Tomas Mehta,2025-09-21 16:03:05,noise
6396042155722,6396726642544,T754,15.1,Tomas Mehta,2025-09-21 14:07:19,noise
6396042155722,6392951962632,T336,7.0,Tomas Mehta,2025-09-20 13:19:08,noise
6396042155722,6396121190710,T754,9.9,Tomas Mehta,2025-09-20 14:01:54,noise
6396042155722,6399096359352,T754,19.9,Tomas Mehta,2025-09-20 09:13:23,noise
6396042155722,6398085325274,T336,9.2,Tomas Mehta,2025-09-19 01:22:20,noise
6396042155722,6398186138815,T754,10.4,Tomas Mehta,2025-09-19 19:25:20,noise
6396042155722,6396121190710,T754,9.3,Tomas Mehta,2025-09-19 11:02:40,noise
6396042155722,6394372750872,T754,10.5,Tomas Mehta,2025-09-18 00:00:10,noise
6396042155722,6392951962632,T336,11.1,Tomas Mehta,2025-09-17 12:20:56,noise
6396042155722,6399241777448,T754,12.1,Tomas Mehta,2025-09-17 16:12:14,noise
6396042155722,6397645850299,T754,28.1,Tomas Mehta,2025-09-16 12:22:04,noise
6396042155722,6393736660443,T754,40.7,Tomas Mehta,2025-09-16 18:15:06,noise
6396042155722,6393004154125,T754,20.5,Tomas Mehta,2025-09-15 23:22:16,noise
6396042155722,6399141407059,T754,5.3,Tomas Mehta,2025-09-14 20:24:31,noise
6396042155722,6396121190710,T336,16.4,Tomas Mehta,2025-09-14 16:01:45,noise
6396042155722,6399141407059,T754,8.8,Tomas Mehta,2025-09-13 00:21:44,noise
6396042155722,6396121190710,T754,9.4,Tomas Mehta,2025-09-12 09:28:20,noise
6396042155722,6392951962632,T336,14.8,Tomas Mehta,2025-09-12 13:09:37,noise
6396042155722,6396447956284,T336,20.4,Tomas Mehta,2025-09-12 20:11:23,noise
6396042155722,6396121190710,T336,3.6,Tomas Mehta,2025-09-11 09:06:19,noise
6396042155722,6392951962632,T754,57.0,Tomas Mehta,2025-09-11 08:13:58,noise
6396042155722,6399141407059,T336,18.9,Tomas Mehta,2025-09-10 16:11:02,noise
6396042155722,6399141407059,T754,12.4,Tomas Mehta,2025-09-10 20:24:23,noise
6396042155722,6392951962632,T754,20.5,Tomas Mehta,2025-09-09 13:17:09,noise
6396042155722,6399141407059,T754,20.0,Tomas Mehta,2025-09-09 02:25:41,noise
6396042155722,6391663645516,T336,9.8,Tomas Mehta,2025-09-08 08:17:38,noise
6396042155722,6397695360968,T754,33.2,Tomas Mehta,2025-09-08 19:12:18,noise
6396042155722,6399141407059,T336,13.5,Tomas Mehta,2025-09-08 19:05:01,noise
6396042155722,6395799070967,T754,17.0,Tomas Mehta,2025-09-07 19:25:45,noise
6396042155722,6393332370721,T754,26.3,Tomas Mehta,2025-09-07 10:02:19,noise
6396042155722,6396116554141,T754,79.0,Tomas Mehta,2025-09-06 23:16:14,noise
6396042155722,6399141407059,T754,16.2,Tomas Mehta,2025-09-06 12:26:52,noise
6396042155722,6397326243787,T754,32.4,Tomas Mehta,2025-09-05 01:11:14,noise
6396042155722,6399141407059,T336,25.9,Tomas Mehta,2025-09-05 11:30:35,noise
6396042155722,6392951962632,T336,30.2,Tomas Mehta,2025-09-04 09:22:00,noise
6396042155722,6399141407059,T336,31.6,Tomas Mehta,2025-09-04 10:30:26,noise
6396042155722,6396121190710,T336,32.1,Tomas Mehta,2025-09-03 12:28:07,noise
6396042155722,6396121190710,T754,7.0,Tomas Mehta,2025-09-03 17:24:49,noise
6396042155722,6397761210582,T754,41.1,Tomas Mehta,2025-09-03 19:05:12,noise
6396042155722,6397473530031,T336,56.2,Tomas Mehta,2025-09-02 13:16:03,noise
6396042155722,6396121190710,T754,22.6,Tomas Mehta,2025-09-01 01:26:45,noise
6396042155722,6392951962632,T336,9.0,Tomas Mehta,2025-09-01 11:16:19,noise
6396042155722,6399141407059,T754,13.3,Tomas Mehta,2025-08-31 18:06:22,noise
6396042155722,6399141407059,T754,10.8,Tomas Mehta,2025-08-30 11:21:42,noise
6396042155722,6392951962632,T336,37.4,Tomas Mehta,2025-08-29 17:00:15,noise
6396042155722,6396121190710,T754,9.9,Tomas Mehta,2025-08-28 14:20:25,noise
6396042155722,6392951962632,T754,15.7,Tomas Mehta,2025-08-28 04:24:52,noise
6396042155722,6396121190710,T754,6.1,Tomas Mehta,2025-08-27 11:30:09,noise
6396042155722,6396121190710,T754,16.2,Tomas Mehta,2025-08-26 01:05:33,noise
6396042155722,6392951962632,T754,9.2,Tomas Mehta,2025-08-25 01:23:57,noise
6396042155722,6396121190710,T754,12.4,Tomas Mehta,2025-08-25 11:14:52,noise
6396042155722,6396121190710,T754,8.7,Tomas Mehta,2025-08-24 18:16:48,noise
6396042155722,6392951962632,T754,11.8,Tomas Mehta,2025-08-23 03:03:57,noise
6396042155722,6396121190710,T754,22.9,Tomas Mehta,2025-08-23 22:19:21,noise
6396042155722,6394247662559,T336,11.1,Tomas Mehta,2025-08-22 18:05:53,noise
6396042155722,6397922188789,T336,11.9,Tomas Mehta,2025-08-22 20:23:21,noise
6396042155722,6395799070967,T754,24.4,Tomas Mehta,2025-08-22 17:21:22,noise
6396042155722,6399141407059,T754,63.6,Tomas Mehta,2025-08-21 13:01:49,noise
6396042155722,6392951962632,T336,14.3,Tomas Mehta,2025-08-21 21:22:52,noise
6396042155722,6396121190710,T336,8.1,Tomas Mehta,2025-08-20 15:18:30,noise
6396042155722,6392951962632,T336,9.9,Tomas Mehta,2025-08-20 12:27:16,noise
6396042155722,6392951962632,T336,7.5,Tomas Mehta,2025-08-19 16:29:39,noise
6396042155722,6399141407059,T336,25.2,Tomas Mehta,2025-08-19 12:19:05,noise
6396042155722,6396121190710,T336,25.9,Tomas Mehta,2025-08-18 18:05:54,noise
6396042155722,6399141407059,T336,14.9,Tomas Mehta,2025-08-18 22:20:58,noise
6396042155722,6395958977897,T754,46.9,Tomas Mehta,2025-08-17 09:16:25,noise
6396042155722,6396121190710,T754,34.9,Tomas Mehta,2025-08-16 16:29:02,noise
6396042155722,6396121190710,T754,17.0,Tomas Mehta,2025-08-16 13:04:36,noise
6396042155722,6396121190710,T754,14.5,Tomas Mehta,2025-08-16 14:03:48,noise
6396042155722,6395588265198,T754,38.7,Tomas Mehta,2025-08-15 10:03:51,noise
6396042155722,6399487367347,T754,7.4,Tomas Mehta,2025-08-15 11:04:24,noise
6396042155722,6396121190710,T754,24.8,Tomas Mehta,2025-08-14 18:25:58,noise
6396042155722,6396121190710,T336,7.8,Tomas Mehta,2025-08-14 19:30:44,noise
6396042155722,6396109116629,T336,12.5,Tomas Mehta,2025-08-13 18:16:14,noise
6396042155722,6396121190710,T754,10.5,Tomas Mehta,2025-08-13 11:10:53,noise
6396042155722,6392951962632,T336,6.7,Tomas Mehta,2025-08-12 16:22:30,noise
6396042155722,6392951962632,T336,22.6,Tomas Mehta,2025-08-12 11:20:49,noise
6396042155722,6399141407059,T754,20.5,Tomas Mehta,2025-08-11 13:12:08,noise
6396042155722,6396121190710,T336,12.7,Tomas Mehta,2025-08-11 13:13:00,noise
6396042155722,6396121190710,T336,38.5,Tomas Mehta,2025-08-11 09:02:17,noise
6396042155722,6394247662559,T754,13.8,Tomas Mehta,2025-08-10 16:00:05,noise
6396042155722,6397156535284,T754,11.5,Tomas Mehta,2025-08-10 14:04:56,noise
6396042155722,6392951962632,T754,13.3,Tomas Mehta,2025-08-10 14:01:23,noise
6396042155722,6394055226921,T336,6.6,Tomas Mehta,2025-08-09 11:06:49,noise
6396042155722,6399141407059,T754,21.7,Tomas Mehta,2025-08-09 15:01:59,noise
6396042155722,6399141407059,T754,7.2,Tomas Mehta,2025-08-09 13:30:02,noise
6396042155722,6391877128212,T336,16.4,Tomas Mehta,2025-08-08 12:01:36,noise
6396042155722,6392322072341,T754,26.4,Tomas Mehta,2025-08-07 21:27:42,noise
6396042155722,6396121190710,T336,14.3,Tomas Mehta,2025-08-06 17:15:37,noise
6396042155722,6399141407059,T754,18.0,Tomas Mehta,2025-08-05 20:11:53,noise
6396042155722,6392951962632,T754,4.2,Tomas Mehta,2025-08-05 16:15:23,noise
6396042155722,6392951962632,T336,7.9,Tomas Mehta,2025-08-04 08:24:04,noise
6396625936508,6397645850299,T452,3.4,Yara Jansen,2025-10-18 23:08:16,noise
6396625936508,6393134974031,T452,43.9,Yara Jansen,2025-10-18 01:22:38,noise
6396625936508,6397775259023,T452,11.7,Yara Jansen,2025-10-18 03:09:09,noise
6396625936508,6397775259023,T823,20.0,Yara Jansen,2025-10-17 19:03:20,noise
6396625936508,6394508672370,T823,17.4,Yara Jansen,2025-10-17 09:21:58,noise
6396625936508,6397775259023,T452,7.2,Yara Jansen,2025-10-17 09:10:35,noise
6396625936508,6395682267963,T823,10.1,Yara Jansen,2025-10-16 22:18:22,noise
6396625936508,6393134974031,T452,27.0,Yara Jansen,2025-10-15 18:06:51,noise
6396625936508,6397775259023,T823,26.5,Yara Jansen,2025-10-15 14:23:53,noise
6396625936508,6398595696705,T823,10.3,Yara Jansen,2025-10-14 12:00:04,noise
6396625936508,6397775259023,T452,63.9,Yara Jansen,2025-10-14 18:15:42,noise
6396625936508,6398595696705,T823,6.1,Yara Jansen,2025-10-13 14:16:24,noise
6396625936508,6392464364634,T452,22.8,Yara Jansen,2025-10-13 19:07:59,noise
6396625936508,6395958977897,T823,19.9,Yara Jansen,2025-10-13 09:07:17,noise
6396625936508,6396198739962,T823,20.1,Yara Jansen,2025-10-12 09:06:13,noise
6396625936508,6397775259023,T823,3.9,Yara Jansen,2025-10-12 13:05:28,noise
6396625936508,6393869319540,T823,6.7,Yara Jansen,2025-10-12 19:12:02,noise
6396625936508,6392375347403,T452,7.1,Yara Jansen,2025-10-11 10:00:33,noise
6396625936508,6397775259023,T823,24.7,Yara Jansen,2025-10-11 10:16:04,noise
6396625936508,6392464364634,T823,12.9,Yara Jansen,2025-10-10 11:10:31,noise
6396625936508,6397775259023,T452,8.6,Yara Jansen,2025-10-09 20:15:53,noise
6396625936508,6393134974031,T823,4.6,Yara Jansen,2025-10-09 19:17:29,noise
6396625936508,6395137959873,T452,17.8,Yara Jansen,2025-10-08 10:28:42,noise
6396625936508,6393134974031,T452,24.1,Yara Jansen,2025-10-08 14:15:36,noise
6396625936508,6398595696705,T452,28.3,Yara Jansen,2025-10-08 17:19:00,noise
6396625936508,6398595696705,T823,15.9,Yara Jansen,2025-10-07 12:18:42,noise
6396625936508,6393134974031,T452,20.0,Yara Jansen,2025-10-07 05:12:15,noise
6396625936508,6397775259023,T823,15.8,Yara Jansen,2025-10-06 18:02:46,noise
6396625936508,6397775259023,T823,20.3,Yara Jansen,2025-10-06 19:22:25,noise
6396625936508,6393134974031,T452,19.1,Yara Jansen,2025-10-05 13:04:54,noise
6396625936508,6399096359352,T452,17.4,Yara Jansen,2025-10-05 14:17:17,noise
6396625936508,6398595696705,T823,96.5,Yara Jansen,2025-10-04 01:21:46,noise
6396625936508,6396109116629,T452,14.0,Yara Jansen,2025-10-04 14:20:23,noise
6396625936508,6398595696705,T823,18.8,Yara Jansen,2025-10-03 19:30:24,noise
6396625936508,6391282991519,T823,34.8,Yara Jansen,2025-10-03 12:12:00,noise
6396625936508,6393134974031,T452,12.8,Yara Jansen,2025-10-02 17:22:33,noise
6396625936508,6394856722505,T452,16.7,Yara Jansen,2025-10-02 14:25:47,noise
6396625936508,6397775259023,T452,7.1,Yara Jansen,2025-10-02 13:00:37,noise
6396625936508,6398595696705,T823,9.0,Yara Jansen,2025-10-01 10:03:49,noise
6396625936508,6398095030730,T452,22.0,Yara Jansen,2025-10-01 13:20:59,noise
6396625936508,6396121190710,T452,6.0,Yara Jansen,2025-10-01 15:00:11,noise
6396625936508,6393134974031,T452,11.5,Yara Jansen,2025-09-30 00:30:17,noise
6396625936508,6393134974031,T452,37.3,Yara Jansen,2025-09-30 20:26:06,noise
6396625936508,6393134974031,T452,13.6,Yara Jansen,2025-09-30 11:04:38,noise
6396625936508,6398595696705,T452,33.9,Yara Jansen,2025-09-29 12:07:17,noise
6396625936508,6391319542424,T452,11.8,Yara Jansen,2025-09-28 11:13:27,noise
6396625936508,6397775259023,T452,27.5,Yara Jansen,2025-09-28 19:11:30,noise
6396625936508,6397775259023,T452,21.9,Yara Jansen,2025-09-27 09:30:59,noise
6396625936508,6397775259023,T452,39.1,Yara Jansen,2025-09-26 14:16:00,noise
6396625936508,6398595696705,T452,25.9,Yara Jansen,2025-09-25 14:12:17,noise
6396625936508,6398595696705,T823,25.4,Yara Jansen,2025-09-25 16:01:59,noise
6396625936508,6399836144770,T452,10.9,Yara Jansen,2025-09-24 10:01:11,noise
6396625936508,6397775259023,T823,5.1,Yara Jansen,2025-09-24 09:09:23,noise
6396625936508,6398595696705,T452,21.9,Yara Jansen,2025-09-24 08:27:53,noise
6396625936508,6393134974031,T823,12.4,Yara Jansen,2025-09-23 14:27:24,noise
6396625936508,6397102194949,T452,11.8,Yara Jansen,2025-09-23 02:28:18,noise
6396625936508,6398595696705,T823,21.4,Yara Jansen,2025-09-22 13:26:10,noise
6396625936508,6393134974031,T823,36.0,Yara Jansen,2025-09-22 17:18:39,noise
6396625936508,6393134974031,T823,7.8,Yara Jansen,2025-09-22 13:29:50,noise
6396625936508,6393134974031,T823,16.2,Yara Jansen,2025-09-21 19:12:42,noise
6396625936508,6398595696705,T452,16.1,Yara Jansen,2025-09-21 19:29:17,noise
6396625936508,6393062613059,T823,10.6,Yara Jansen,2025-09-21 20:06:19,noise
6396625936508,6393134974031,T823,18.7,Yara Jansen,2025-09-20 08:09:28,noise
6396625936508,6398595696705,T823,16.2,Yara Jansen,2025-09-20 15:28:26,noise
6396625936508,6397775259023,T823,26.6,Yara Jansen,2025-09-20 12:29:54,noise
6396625936508,6393608254537,T823,10.1,Yara Jansen,2025-09-19 18:24:46,noise
6396625936508,6397695360968,T452,19.5,Yara Jansen,2025-09-19 15:06:21,noise
6396625936508,6397207416529,T823,10.2,Yara Jansen,2025-09-19 03:24:44,noise
6396625936508,6397775259023,T823,13.4,Yara Jansen,2025-09-18 10:25:38,noise
6396625936508,6397775259023,T452,13.5,Yara Jansen,2025-09-18 08:28:53,noise
6396625936508,6398595696705,T452,22.9,Yara Jansen,2025-09-18 13:08:53,noise
6396625936508,6393134974031,T823,22.6,Yara Jansen,2025-09-17 13:22:55,noise
6396625936508,6395958977897,T823,7.7,Yara Jansen,2025-09-16 08:09:19,noise
6396625936508,6394856722505,T823,42.6,Yara Jansen,2025-09-16 09:03:10,noise
6396625936508,6391282991519,T823,9.4,Yara Jansen,2025-09-15 20:29:13,noise
6396625936508,6393134974031,T452,82.6,Yara Jansen,2025-09-15 17:01:29,noise
6396625936508,6391663645516,T452,11.5,Yara Jansen,2025-09-14 11:28:46,noise
6396625936508,6393134974031,T452,46.8,Yara Jansen,2025-09-14 10:09:57,noise
6396625936508,6395588265198,T823,36.3,Yara Jansen,2025-09-13 23:02:47,noise
6396625936508,6398595696705,T452,40.3,Yara Jansen,2025-09-12 20:07:26,noise
6396625936508,6393134974031,T452,13.0,Yara Jansen,2025-09-11 14:21:43,noise
6396625936508,6398595696705,T823,46.7,Yara Jansen,2025-09-11 11:16:26,noise
6396625936508,6398595696705,T823,12.4,Yara Jansen,2025-09-10 14:06:21,noise
6396625936508,6393332370721,T823,92.1,Yara Jansen,2025-09-09 09:22:33,noise
6396625936508,6397775259023,T823,5.8,Yara Jansen,2025-09-09 18:13:25,noise
6396625936508,6397775259023,T823,5.7,Yara Jansen,2025-09-09 18:10:50,noise
6396625936508,6398595696705,T452,12.0,Yara Jansen,2025-09-08 22:00:38,noise
6396625936508,6398595696705,T452,33.2,Yara Jansen,2025-09-08 22:15:22,noise
6396625936508,6397775259023,T823,7.4,Yara Jansen,2025-09-07 18:12:42,noise
6396625936508,6397326243787,T452,27.0,Yara Jansen,2025-09-07 14:00:31,noise
6396625936508,6398595696705,T823,7.5,Yara Jansen,2025-09-07 23:09:40,noise
6396625936508,6398595696705,T823,17.8,Yara Jansen,2025-09-06 21:18:58,noise
6396625936508,6397775259023,T452,15.2,Yara Jansen,2025-09-06 17:04:38,noise
6396625936508,6397473530031,T823,20.3,Yara Jansen,2025-09-06 16:09:48,noise
6396625936508,6393134974031,T452,16.7,Yara Jansen,2025-09-05 14:00:52,noise
6396625936508,6398595696705,T823,42.8,Yara Jansen,2025-09-05 14:07:11,noise
6396625936508,6398595696705,T823,11.5,Yara Jansen,2025-09-05 08:23:03,noise
6396625936508,6393134974031,T452,62.8,Yara Jansen,2025-09-04 13:17:26,noise
6396625936508,6398595696705,T823,3.4,Yara Jansen,2025-09-04 12:23:14,noise
6396625936508,6393134974031,T452,18.3,Yara Jansen,2025-09-03 19:21:16,noise
6396625936508,6397473530031,T452,14.6,Yara Jansen,2025-09-03 12:26:42,noise
6396625936508,6393134974031,T452,6.9,Yara Jansen,2025-09-02 11:15:34,noise
6396625936508,6398595696705,T823,29.6,Yara Jansen,2025-09-02 18:23:25,noise
6396625936508,6392322072341,T823,6.4,Yara Jansen,2025-09-02 10:20:02,noise
6396625936508,6397775259023,T823,7.8,Yara Jansen,2025-09-01 17:11:51,noise
6396625936508,6398595696705,T452,15.2,Yara Jansen,2025-09-01 21:29:44,noise
6396625936508,6399003402039,T452,25.2,Yara Jansen,2025-08-31 08:21:00,noise
6396625936508,6393134974031,T452,4.4,Yara Jansen,2025-08-31 08:22:03,noise
6396625936508,6397775259023,T452,7.6,Yara Jansen,2025-08-30 17:04:57,noise
6396625936508,6393608254537,T452,14.9,Yara Jansen,2025-08-29 03:23:04,noise
6396625936508,6398595696705,T452,8.3,Yara Jansen,2025-08-28 22:18:54,noise
6396625936508,6398595696705,T452,22.1,Yara Jansen,2025-08-27 10:01:20,noise
6396625936508,6391494838799,T823,40.3,Yara Jansen,2025-08-26 05:06:02,noise
6396625936508,6394711330962,T823,5.7,Yara Jansen,2025-08-26 11:00:32,noise
6396625936508,6399696031872,T452,30.2,Yara Jansen,2025-08-26 17:12:16,noise
6396625936508,6395324391443,T452,27.3,Yara Jansen,2025-08-25 19:15:29,noise
6396625936508,6396042155722,T452,22.7,Yara Jansen,2025-08-25 19:28:21,noise
6396625936508,6398595696705,T452,5.9,Yara Jansen,2025-08-24 04:14:13,noise
6396625936508,6393134974031,T823,4.7,Yara Jansen,2025-08-24 12:10:57,noise
6396625936508,6397775259023,T823,34.4,Yara Jansen,2025-08-23 15:03:13,noise
6396625936508,6393134974031,T452,33.1,Yara Jansen,2025-08-23 19:26:15,noise
6396625936508,6393134974031,T452,22.4,Yara Jansen,2025-08-22 09:10:41,noise
6396625936508,6393134974031,T823,7.3,Yara Jansen,2025-08-22 19:06:09,noise
6396625936508,6393134974031,T823,3.2,Yara Jansen,2025-08-21 18:26:59,noise
6396625936508,6395933083562,T452,34.4,Yara Jansen,2025-08-21 19:06:11,noise
6396625936508,6397775259023,T452,2.4,Yara Jansen,2025-08-20 12:19:23,noise
6396625936508,6395588239969,T452,23.1,Yara Jansen,2025-08-19 11:16:18,noise
6396625936508,6393134974031,T823,25.7,Yara Jansen,2025-08-19 09:25:12,noise
6396625936508,6393134974031,T823,10.4,Yara Jansen,2025-08-19 16:03:40,noise
6396625936508,6397266186506,T823,8.1,Yara Jansen,2025-08-18 20:11:01,noise
6396625936508,6397775259023,T452,17.3,Yara Jansen,2025-08-18 19:14:53,noise
6396625936508,6394513051861,T452,26.7,Yara Jansen,2025-08-17 14:23:30,noise
6396625936508,6392761010721,T452,13.3,Yara Jansen,2025-08-16 17:18:41,noise
6396625936508,6394508672370,T823,63.2,Yara Jansen,2025-08-15 18:29:40,noise
6396625936508,6393134974031,T452,39.6,Yara Jansen,2025-08-15 17:06:30,noise
6396625936508,6396042155722,T823,10.0,Yara Jansen,2025-08-15 00:27:22,noise
6396625936508,6393134974031,T823,9.9,Yara Jansen,2025-08-14 16:05:32,noise
6396625936508,6397326243787,T823,14.4,Yara Jansen,2025-08-14 09:30:47,noise
6396625936508,6393134974031,T452,12.9,Yara Jansen,2025-08-14 22:22:58,noise
6396625936508,6392237426063,T452,54.9,Yara Jansen,2025-08-13 13:02:35,noise
6396625936508,6398595696705,T823,9.4,Yara Jansen,2025-08-12 20:24:11,noise
6396625936508,6393869319540,T823,14.9,Yara Jansen,2025-08-12 17:21:53,noise
6396625936508,6397775259023,T823,29.1,Yara Jansen,2025-08-12 17:15:10,noise
6396625936508,6398595696705,T452,12.4,Yara Jansen,2025-08-11 08:22:44,noise
6396625936508,6391494838799,T452,18.3,Yara Jansen,2025-08-11 09:29:34,noise
6396625936508,6397775259023,T452,7.9,Yara Jansen,2025-08-10 17:26:54,noise
6396625936508,6393694731514,T823,16.5,Yara Jansen,2025-08-10 19:21:58,noise
6396625936508,6397207416529,T452,7.9,Yara Jansen,2025-08-09 02:09:42,noise
6396625936508,6399085717386,T823,13.0,Yara Jansen,2025-08-09 15:11:06,noise
6396625936508,6393329653115,T452,23.7,Yara Jansen,2025-08-08 12:00:32,noise
6396625936508,6398085325274,T452,66.7,Yara Jansen,2025-08-08 10:28:20,noise
6396625936508,6392464364634,T823,33.5,Yara Jansen,2025-08-07 14:29:06,noise
6396625936508,6397775259023,T823,7.8,Yara Jansen,2025-08-07 12:08:01,noise
6396625936508,6394856722505,T823,9.8,Yara Jansen,2025-08-07 23:19:33,noise
6396625936508,6397052145323,T823,16.4,Yara Jansen,2025-08-06 08:18:36,noise
6396625936508,6393134974031,T452,26.9,Yara Jansen,2025-08-06 14:22:58,noise
6396625936508,6398595696705,T452,11.3,Yara Jansen,2025-08-05 11:15:35,noise
6396625936508,6398186138815,T823,14.7,Yara Jansen,2025-08-04 10:24:05,noise
6397052145323,6394137438800,T631,12.4,Xin Alvarez,2025-10-18 10:19:07,noise
6397052145323,6393004154125,T762,21.7,Xin Alvarez,2025-10-18 02:30:22,noise
6397052145323,6398097172985,T762,7.4,Xin Alvarez,2025-10-17 09:03:00,noise
6397052145323,6397277321210,T631,16.6,Xin Alvarez,2025-10-17 08:06:31,noise
6397052145323,6395588239969,T762,6.5,Xin Alvarez,2025-10-16 11:04:29,noise
6397052145323,6392517116618,T631,4.3,Xin Alvarez,2025-10-15 17:28:08,noise
6397052145323,6392517116618,T762,7.4,Xin Alvarez,2025-10-15 20:11:35,noise
6397052145323,6395588239969,T762,28.4,Xin Alvarez,2025-10-14 19:23:06,noise
6397052145323,6395588239969,T631,14.8,Xin Alvarez,2025-10-13 08:26:13,noise
6397052145323,6394137438800,T762,47.5,Xin Alvarez,2025-10-13 16:13:32,noise
6397052145323,6399836144770,T762,12.1,Xin Alvarez,2025-10-12 03:17:51,noise
6397052145323,6392953177733,T631,11.3,Xin Alvarez,2025-10-12 15:26:43,noise
6397052145323,6397172010892,T631,18.2,Xin Alvarez,2025-10-11 10:30:34,noise
6397052145323,6395588239969,T631,22.6,Xin Alvarez,2025-10-11 01:25:32,noise
6397052145323,6393608254537,T762,66.4,Xin Alvarez,2025-10-10 14:13:51,noise
6397052145323,6392375347403,T631,18.8,Xin Alvarez,2025-10-10 18:19:22,noise
6397052145323,6394137438800,T631,13.8,Xin Alvarez,2025-10-10 22:30:44,noise
6397052145323,6397172010892,T631,21.4,Xin Alvarez,2025-10-09 13:04:35,noise
6397052145323,6397102194949,T762,8.9,Xin Alvarez,2025-10-09 10:06:27,noise
6397052145323,6393694731514,T762,4.1,Xin Alvarez,2025-10-09 11:26:32,noise
6397052145323,6392517116618,T631,36.5,Xin Alvarez,2025-10-08 15:09:52,noise
6397052145323,6395657768886,T762,14.2,Xin Alvarez,2025-10-07 01:24:59,noise
6397052145323,6395324391443,T631,23.8,Xin Alvarez,2025-10-07 22:08:57,noise
6397052145323,6394137438800,T762,24.2,Xin Alvarez,2025-10-07 02:12:43,noise
6397052145323,6399836144770,T631,8.4,Xin Alvarez,2025-10-06 13:12:15,noise
6397052145323,6397266186506,T631,8.1,Xin Alvarez,2025-10-06 08:25:05,noise
6397052145323,6395588239969,T631,10.3,Xin Alvarez,2025-10-05 20:01:21,noise
6397052145323,6399085717386,T631,7.0,Xin Alvarez,2025-10-05 16:24:07,noise
6397052145323,6394137438800,T631,9.6,Xin Alvarez,2025-10-05 16:07:38,noise
6397052145323,6396726642544,T631,31.0,Xin Alvarez,2025-10-04 17:28:41,noise
6397052145323,6395588239969,T631,51.3,Xin Alvarez,2025-10-03 14:03:35,noise
6397052145323,6395682267963,T631,13.1,Xin Alvarez,2025-10-03 12:12:28,noise
6397052145323,6397473530031,T631,18.0,Xin Alvarez,2025-10-02 11:11:33,noise
6397052145323,6395588239969,T631,10.0,Xin Alvarez,2025-10-02 18:05:11,noise
6397052145323,6394137438800,T762,11.4,Xin Alvarez,2025-10-01 09:28:33,noise
6397052145323,6395588239969,T762,23.9,Xin Alvarez,2025-09-30 23:27:38,noise
6397052145323,6392517116618,T762,2.4,Xin Alvarez,2025-09-30 18:22:28,noise
6397052145323,6395588239969,T631,15.9,Xin Alvarez,2025-09-29 20:00:45,noise
6397052145323,6395799070967,T631,49.2,Xin Alvarez,2025-09-28 18:14:17,noise
6397052145323,6394137438800,T631,4.0,Xin Alvarez,2025-09-28 20:28:12,noise
6397052145323,6395588239969,T631,13.1,Xin Alvarez,2025-09-27 08:04:00,noise
6397052145323,6395588239969,T762,27.8,Xin Alvarez,2025-09-26 13:07:48,noise
6397052145323,6395588239969,T631,4.8,Xin Alvarez,2025-09-25 18:24:32,noise
6397052145323,6395588239969,T631,21.6,Xin Alvarez,2025-09-25 14:05:28,noise
6397052145323,6394137438800,T762,15.9,Xin Alvarez,2025-09-24 00:24:49,noise
6397052145323,6394137438800,T631,11.5,Xin Alvarez,2025-09-23 20:20:26,noise
6397052145323,6392517116618,T631,27.2,Xin Alvarez,2025-09-23 18:16:03,noise
6397052145323,6394137438800,T631,21.2,Xin Alvarez,2025-09-22 04:05:25,noise
6397052145323,6392517116618,T631,13.8,Xin Alvarez,2025-09-21 09:13:53,noise
6397052145323,6394513051861,T631,11.3,Xin Alvarez,2025-09-20 14:20:07,noise
6397052145323,6392517116618,T631,35.1,Xin Alvarez,2025-09-20 02:09:45,noise
6397052145323,6396393488216,T631,10.9,Xin Alvarez,2025-09-20 03:30:50,noise
6397052145323,6392517116618,T631,13.1,Xin Alvarez,2025-09-19 19:23:59,noise
6397052145323,6392517116618,T631,27.2,Xin Alvarez,2025-09-18 08:19:54,noise
6397052145323,6394137438800,T631,44.9,Xin Alvarez,2025-09-18 11:14:15,noise
6397052145323,6395588239969,T762,22.9,Xin Alvarez,2025-09-17 04:01:29,noise
6397052145323,6392517116618,T762,9.3,Xin Alvarez,2025-09-17 19:06:29,noise
6397052145323,6394137438800,T631,14.4,Xin Alvarez,2025-09-16 18:18:07,noise
6397052145323,6394137438800,T631,15.8,Xin Alvarez,2025-09-16 20:10:16,noise
6397052145323,6394137438800,T631,31.5,Xin Alvarez,2025-09-15 08:22:14,noise
6397052145323,6395534105475,T762,12.3,Xin Alvarez,2025-09-15 03:18:15,noise
6397052145323,6395588239969,T631,4.8,Xin Alvarez,2025-09-15 02:29:02,noise
6397052145323,6394137438800,T762,20.5,Xin Alvarez,2025-09-14 17:28:25,noise
6397052145323,6395588239969,T631,7.2,Xin Alvarez,2025-09-14 15:17:19,noise
6397052145323,6395588239969,T762,17.8,Xin Alvarez,2025-09-13 20:27:16,noise
6397052145323,6395588239969,T631,8.8,Xin Alvarez,2025-09-13 14:18:53,noise
6397052145323,6393549070850,T631,12.0,Xin Alvarez,2025-09-12 14:04:35,noise
6397052145323,6395324391443,T762,19.8,Xin Alvarez,2025-09-12 09:00:57,noise
6397052145323,6392517116618,T762,10.2,Xin Alvarez,2025-09-11 11:15:07,noise
6397052145323,6392517116618,T762,11.8,Xin Alvarez,2025-09-11 04:25:55,noise
6397052145323,6394137438800,T631,3.7,Xin Alvarez,2025-09-11 15:14:46,noise
6397052145323,6394137438800,T762,33.1,Xin Alvarez,2025-09-10 05:09:29,noise
6397052145323,6395588239969,T762,26.1,Xin Alvarez,2025-09-09 08:10:45,noise
6397052145323,6395588239969,T631,8.8,Xin Alvarez,2025-09-09 19:01:40,noise
6397052145323,6394137438800,T631,18.5,Xin Alvarez,2025-09-08 18:29:33,noise
6397052145323,6395588239969,T631,33.9,Xin Alvarez,2025-09-08 17:11:25,noise
6397052145323,6392517116618,T762,10.6,Xin Alvarez,2025-09-08 15:03:46,noise
6397052145323,6392517116618,T762,6.8,Xin Alvarez,2025-09-07 08:20:08,noise
6397052145323,6397922188789,T631,17.9,Xin Alvarez,2025-09-07 19:15:35,noise
6397052145323,6394137438800,T762,9.4,Xin Alvarez,2025-09-07 09:13:17,noise
6397052145323,6395588239969,T762,16.2,Xin Alvarez,2025-09-06 20:01:03,noise
6397052145323,6395136375863,T631,12.4,Xin Alvarez,2025-09-06 10:28:35,noise
6397052145323,6394137438800,T631,19.8,Xin Alvarez,2025-09-06 14:24:27,noise
6397052145323,6392517116618,T631,16.8,Xin Alvarez,2025-09-05 14:25:37,noise
6397052145323,6396447956284,T762,8.2,Xin Alvarez,2025-09-05 08:16:30,noise
6397052145323,6399241777448,T631,23.4,Xin Alvarez,2025-09-04 23:15:59,noise
6397052145323,6397922188789,T762,13.4,Xin Alvarez,2025-09-03 22:21:19,noise
6397052145323,6393591747444,T631,6.1,Xin Alvarez,2025-09-03 12:13:19,noise
6397052145323,6395588239969,T762,7.0,Xin Alvarez,2025-09-02 11:18:26,noise
6397052145323,6393332370721,T762,43.4,Xin Alvarez,2025-09-02 04:15:19,noise
6397052145323,6393004154125,T762,5.7,Xin Alvarez,2025-09-01 14:21:02,noise
6397052145323,6395799070967,T631,12.4,Xin Alvarez,2025-09-01 13:24:04,noise
6397052145323,6397473530031,T631,19.4,Xin Alvarez,2025-08-31 11:00:55,noise
6397052145323,6395588239969,T762,27.7,Xin Alvarez,2025-08-31 16:24:55,noise
6397052145323,6394137438800,T762,67.8,Xin Alvarez,2025-08-30 18:23:47,noise
6397052145323,6395324391443,T762,13.2,Xin Alvarez,2025-08-30 13:24:00,noise
6397052145323,6394137438800,T631,7.3,Xin Alvarez,2025-08-29 20:22:25,noise
6397052145323,6396726642544,T631,7.1,Xin Alvarez,2025-08-29 10:22:37,noise
6397052145323,6395588239969,T762,34.7,Xin Alvarez,2025-08-28 12:23:54,noise
6397052145323,6396726642544,T631,7.1,Xin Alvarez,2025-08-28 14:09:54,noise
6397052145323,6392517116618,T631,24.7,Xin Alvarez,2025-08-27 11:04:56,noise
6397052145323,6392517116618,T631,30.2,Xin Alvarez,2025-08-27 19:03:25,noise
6397052145323,6399965853740,T631,75.0,Xin Alvarez,2025-08-26 16:09:23,noise
6397052145323,6393825956914,T762,18.8,Xin Alvarez,2025-08-25 03:15:37,noise
6397052145323,6394137438800,T631,18.4,Xin Alvarez,2025-08-25 18:27:58,noise
6397052145323,6391282991519,T631,9.5,Xin Alvarez,2025-08-24 12:22:42,noise
6397052145323,6394137438800,T631,22.9,Xin Alvarez,2025-08-24 05:18:58,noise
6397052145323,6391302712293,T631,20.1,Xin Alvarez,2025-08-24 14:12:44,noise
6397052145323,6394137438800,T762,7.7,Xin Alvarez,2025-08-23 11:27:23,noise
6397052145323,6395588239969,T762,17.3,Xin Alvarez,2025-08-23 20:01:20,noise
6397052145323,6394137438800,T762,16.7,Xin Alvarez,2025-08-22 14:28:30,noise
6397052145323,6394137438800,T631,7.2,Xin Alvarez,2025-08-22 11:07:01,noise
6397052145323,6392517116618,T631,23.5,Xin Alvarez,2025-08-21 04:03:57,noise
6397052145323,6397761210582,T631,10.5,Xin Alvarez,2025-08-21 11:00:43,noise
6397052145323,6394137438800,T631,20.1,Xin Alvarez,2025-08-20 20:24:23,noise
6397052145323,6395588239969,T762,7.6,Xin Alvarez,2025-08-19 16:20:16,noise
6397052145323,6395588239969,T631,23.0,Xin Alvarez,2025-08-18 22:15:19,noise
6397052145323,6399804243491,T631,54.2,Xin Alvarez,2025-08-18 15:27:24,noise
6397052145323,6395588239969,T631,10.4,Xin Alvarez,2025-08-18 11:30:02,noise
6397052145323,6394137438800,T631,16.1,Xin Alvarez,2025-08-17 17:22:01,noise
6397052145323,6395657768886,T631,7.5,Xin Alvarez,2025-08-17 09:19:53,noise
6397052145323,6394137438800,T631,9.2,Xin Alvarez,2025-08-16 15:09:00,noise
6397052145323,6395588239969,T631,10.1,Xin Alvarez,2025-08-16 09:23:18,noise
6397052145323,6394137438800,T762,8.2,Xin Alvarez,2025-08-15 16:21:17,noise
6397052145323,6395588239969,T762,17.1,Xin Alvarez,2025-08-15 20:19:00,noise
6397052145323,6392517116618,T631,22.5,Xin Alvarez,2025-08-15 20:07:26,noise
6397052145323,6395588239969,T631,19.7,Xin Alvarez,2025-08-14 21:23:27,noise
6397052145323,6394137438800,T631,25.4,Xin Alvarez,2025-08-13 01:16:27,noise
6397052145323,6395588239969,T762,36.9,Xin Alvarez,2025-08-13 15:29:05,noise
6397052145323,6395588239969,T762,34.1,Xin Alvarez,2025-08-12 14:03:56,noise
6397052145323,6394137438800,T762,20.8,Xin Alvarez,2025-08-12 13:05:13,noise
6397052145323,6392517116618,T631,10.7,Xin Alvarez,2025-08-11 09:24:31,noise
6397052145323,6398095030730,T762,8.2,Xin Alvarez,2025-08-11 13:05:34,noise
6397052145323,6391787733401,T631,28.0,Xin Alvarez,2025-08-10 02:22:50,noise
6397052145323,6394137438800,T631,60.1,Xin Alvarez,2025-08-10 20:19:14,noise
6397052145323,6391167752063,T631,6.6,Xin Alvarez,2025-08-10 08:16:04,noise
6397052145323,6391787733401,T631,39.3,Xin Alvarez,2025-08-09 14:08:04,noise
6397052145323,6397695360968,T631,11.4,Xin Alvarez,2025-08-09 13:12:55,noise
6397052145323,6395588239969,T631,12.5,Xin Alvarez,2025-08-09 10:05:40,noise
6397052145323,6392517116618,T762,14.2,Xin Alvarez,2025-08-08 10:13:58,noise
6397052145323,6394137438800,T631,19.2,Xin Alvarez,2025-08-08 08:02:00,noise
6397052145323,6397326243787,T762,14.8,Xin Alvarez,2025-08-07 12:12:33,noise
6397052145323,6396121190710,T762,64.4,Xin Alvarez,2025-08-07 13:08:27,noise
6397052145323,6392705348834,T631,14.9,Xin Alvarez,2025-08-06 18:22:37,noise
6397052145323,6395657768886,T631,20.1,Xin Alvarez,2025-08-05 18:00:28,noise
6397052145323,6394137438800,T631,11.3,Xin Alvarez,2025-08-04 19:25:41,noise
6397052145323,6398595696705,T762,24.3,Xin Alvarez,2025-08-04 19:30:06,noise
6393736660443,6392517116618,T615,13.6,Hugo Silva,2025-10-18 10:11:20,noise
6393736660443,6397266186506,T261,9.3,Hugo Silva,2025-10-17 13:04:01,noise
6393736660443,6396042155722,T261,6.6,Hugo Silva,2025-10-17 02:23:31,noise
6393736660443,6396042155722,T615,7.0,Hugo Silva,2025-10-16 10:13:39,noise
6393736660443,6394247662559,T261,7.7,Hugo Silva,2025-10-15 21:22:45,noise
6393736660443,6396042155722,T261,8.2,Hugo Silva,2025-10-15 08:14:15,noise
6393736660443,6397645850299,T261,22.5,Hugo Silva,2025-10-14 17:25:20,noise
6393736660443,6391051330112,T261,33.0,Hugo Silva,2025-10-14 11:14:26,noise
6393736660443,6392517116618,T615,10.5,Hugo Silva,2025-10-13 14:21:39,noise
6393736660443,6393625636545,T261,92.1,Hugo Silva,2025-10-13 15:17:02,noise
6393736660443,6393625636545,T261,19.9,Hugo Silva,2025-10-13 18:27:38,noise
6393736660443,6393625636545,T261,17.1,Hugo Silva,2025-10-12 16:00:49,noise
6393736660443,6397645850299,T261,9.2,Hugo Silva,2025-10-11 10:27:22,noise
6393736660443,6393625636545,T261,11.5,Hugo Silva,2025-10-11 14:23:28,noise
6393736660443,6391392356697,T261,9.8,Hugo Silva,2025-10-10 10:24:29,noise
6393736660443,6396042155722,T261,38.6,Hugo Silva,2025-10-09 19:15:14,noise
6393736660443,6398673272758,T261,25.4,Hugo Silva,2025-10-08 13:15:13,noise
6393736660443,6393134974031,T261,12.6,Hugo Silva,2025-10-08 08:27:16,noise
6393736660443,6397645850299,T261,36.6,Hugo Silva,2025-10-07 19:10:28,noise
6393736660443,6397645850299,T261,16.7,Hugo Silva,2025-10-07 16:13:11,noise
6393736660443,6397645850299,T615,18.7,Hugo Silva,2025-10-06 08:09:24,noise
6393736660443,6396042155722,T261,4.7,Hugo Silva,2025-10-05 05:26:51,noise
6393736660443,6393332370721,T615,40.9,Hugo Silva,2025-10-05 18:04:16,noise
6393736660443,6396042155722,T615,6.6,Hugo Silva,2025-10-04 10:03:30,noise
6393736660443,6397775259023,T615,44.8,Hugo Silva,2025-10-03 03:01:24,noise
6393736660443,6393625636545,T615,15.7,Hugo Silva,2025-10-03 16:22:01,noise
6393736660443,6397172010892,T615,22.0,Hugo Silva,2025-10-02 05:27:08,noise
6393736660443,6397645850299,T261,7.2,Hugo Silva,2025-10-02 01:13:13,noise
6393736660443,6396042155722,T615,10.6,Hugo Silva,2025-10-01 12:19:40,noise
6393736660443,6392953177733,T615,12.8,Hugo Silva,2025-10-01 09:08:37,noise
6393736660443,6393625636545,T615,103.4,Hugo Silva,2025-10-01 11:02:23,noise
6393736660443,6396042155722,T261,22.7,Hugo Silva,2025-09-30 16:29:08,noise
6393736660443,6396042155722,T261,20.1,Hugo Silva,2025-09-30 11:05:21,noise
6393736660443,6393625636545,T261,17.5,Hugo Silva,2025-09-30 22:24:50,noise
6393736660443,6396042155722,T261,29.8,Hugo Silva,2025-09-29 11:08:09,noise
6393736660443,6397207416529,T261,3.3,Hugo Silva,2025-09-29 21:02:46,noise
6393736660443,6397645850299,T615,32.5,Hugo Silva,2025-09-28 20:12:22,noise
6393736660443,6393625636545,T615,9.2,Hugo Silva,2025-09-27 23:06:28,noise
6393736660443,6396042155722,T615,21.4,Hugo Silva,2025-09-27 09:30:03,noise
6393736660443,6396042155722,T615,6.5,Hugo Silva,2025-09-26 18:25:51,noise
6393736660443,6395535962322,T261,12.0,Hugo Silva,2025-09-26 17:09:23,noise
6393736660443,6397959529190,T615,3.6,Hugo Silva,2025-09-25 17:22:03,noise
6393736660443,6396198739962,T261,22.2,Hugo Silva,2025-09-24 15:23:48,noise
6393736660443,6394711330962,T261,22.1,Hugo Silva,2025-09-24 18:28:09,noise
6393736660443,6396198739962,T261,23.1,Hugo Silva,2025-09-23 14:24:15,noise
6393736660443,6396042155722,T261,8.6,Hugo Silva,2025-09-23 10:10:05,noise
6393736660443,6393625636545,T615,4.6,Hugo Silva,2025-09-22 16:12:09,noise
6393736660443,6393625636545,T261,19.9,Hugo Silva,2025-09-22 20:11:29,noise
6393736660443,6397326243787,T615,18.2,Hugo Silva,2025-09-21 16:19:10,noise
6393736660443,6396042155722,T615,33.3,Hugo Silva,2025-09-20 12:23:25,noise
6393736660443,6397645850299,T615,11.1,Hugo Silva,2025-09-20 05:14:08,noise
6393736660443,6393549070850,T261,14.7,Hugo Silva,2025-09-19 13:06:30,noise
6393736660443,6393625636545,T261,11.7,Hugo Silva,2025-09-19 13:12:24,noise
6393736660443,6397645850299,T615,17.2,Hugo Silva,2025-09-18 15:28:18,noise
6393736660443,6393625636545,T261,15.3,Hugo Silva,2025-09-17 22:20:05,noise
6393736660443,6392705348834,T261,12.4,Hugo Silva,2025-09-17 19:17:24,noise
6393736660443,6396042155722,T261,7.5,Hugo Silva,2025-09-16 14:29:26,noise
6393736660443,6397645850299,T261,21.2,Hugo Silva,2025-09-16 17:10:10,noise
6393736660443,6393591747444,T261,8.9,Hugo Silva,2025-09-16 01:25:46,noise
6393736660443,6397645850299,T261,36.9,Hugo Silva,2025-09-15 12:03:52,noise
6393736660443,6396042155722,T615,24.4,Hugo Silva,2025-09-14 14:06:22,noise
6393736660443,6396042155722,T261,20.7,Hugo Silva,2025-09-14 20:24:32,noise
6393736660443,6396042155722,T261,112.3,Hugo Silva,2025-09-14 19:19:01,noise
6393736660443,6393625636545,T261,12.2,Hugo Silva,2025-09-13 16:01:19,noise
6393736660443,6396042155722,T615,17.8,Hugo Silva,2025-09-13 19:10:37,noise
6393736660443,6395933083562,T261,20.4,Hugo Silva,2025-09-12 23:20:04,noise
6393736660443,6393625636545,T261,18.5,Hugo Silva,2025-09-11 10:14:37,noise
6393736660443,6397645850299,T261,12.5,Hugo Silva,2025-09-10 23:23:06,noise
6393736660443,6392027898005,T615,18.7,Hugo Silva,2025-09-10 12:02:11,noise
6393736660443,6396042155722,T615,6.6,Hugo Silva,2025-09-10 05:20:49,noise
6393736660443,6399487367347,T615,19.8,Hugo Silva,2025-09-09 13:01:51,noise
6393736660443,6393625636545,T261,32.7,Hugo Silva,2025-09-09 05:02:07,noise
6393736660443,6397645850299,T261,6.9,Hugo Silva,2025-09-08 19:21:27,noise
6393736660443,6397645850299,T261,8.2,Hugo Silva,2025-09-08 15:29:13,noise
6393736660443,6398085325274,T261,13.9,Hugo Silva,2025-09-08 11:06:13,noise
6393736660443,6397645850299,T261,14.7,Hugo Silva,2025-09-07 14:05:40,noise
6393736660443,6397326243787,T261,13.1,Hugo Silva,2025-09-07 13:23:40,noise
6393736660443,6391877128212,T261,22.2,Hugo Silva,2025-09-06 09:22:15,noise
6393736660443,6397277321210,T615,13.1,Hugo Silva,2025-09-06 08:13:22,noise
6393736660443,6393625636545,T261,11.9,Hugo Silva,2025-09-06 20:25:56,noise
6393736660443,6395958977897,T261,35.9,Hugo Silva,2025-09-05 21:09:06,noise
6393736660443,6396042155722,T261,25.8,Hugo Silva,2025-09-05 11:01:31,noise
6393736660443,6399487367347,T615,24.1,Hugo Silva,2025-09-04 17:07:45,noise
6393736660443,6397645850299,T261,12.8,Hugo Silva,2025-09-04 23:00:21,noise
6393736660443,6396688935939,T261,15.1,Hugo Silva,2025-09-03 18:18:13,noise
6393736660443,6399696031872,T261,6.6,Hugo Silva,2025-09-03 13:07:34,noise
6393736660443,6392517116618,T261,7.8,Hugo Silva,2025-09-02 14:13:53,noise
6393736660443,6393625636545,T261,24.0,Hugo Silva,2025-09-02 12:23:46,noise
6393736660443,6395933083562,T261,17.4,Hugo Silva,2025-09-01 09:20:03,noise
6393736660443,6391282991519,T615,14.6,Hugo Silva,2025-09-01 05:21:41,noise
6393736660443,6396042155722,T261,133.5,Hugo Silva,2025-08-31 13:00:39,noise
6393736660443,6397645850299,T261,47.1,Hugo Silva,2025-08-31 16:00:26,noise
6393736660443,6393454415467,T615,8.2,Hugo Silva,2025-08-31 18:19:13,noise
6393736660443,6398415249661,T615,13.6,Hugo Silva,2025-08-30 09:01:37,noise
6393736660443,6393625636545,T615,5.9,Hugo Silva,2025-08-29 13:10:19,noise
6393736660443,6394055226921,T615,8.2,Hugo Silva,2025-08-29 17:15:35,noise
6393736660443,6391663645516,T261,7.0,Hugo Silva,2025-08-28 02:14:38,noise
6393736660443,6393625636545,T615,19.4,Hugo Silva,2025-08-27 23:04:04,noise
6393736660443,6398186138815,T615,7.9,Hugo Silva,2025-08-27 09:11:28,noise
6393736660443,6395535962322,T261,27.8,Hugo Silva,2025-08-26 12:13:59,noise
6393736660443,6393591747444,T261,16.3,Hugo Silva,2025-08-26 10:25:52,noise
6393736660443,6397645850299,T615,27.4,Hugo Silva,2025-08-25 16:05:55,noise
6393736660443,6397645850299,T615,18.0,Hugo Silva,2025-08-25 18:05:42,noise
6393736660443,6393625636545,T615,13.2,Hugo Silva,2025-08-24 22:12:38,noise
6393736660443,6394055226921,T261,9.7,Hugo Silva,2025-08-24 11:06:57,noise
6393736660443,6397645850299,T261,16.3,Hugo Silva,2025-08-23 22:18:18,noise
6393736660443,6393625636545,T261,11.8,Hugo Silva,2025-08-23 18:15:12,noise
6393736660443,6395588265198,T615,7.5,Hugo Silva,2025-08-22 18:21:36,noise
6393736660443,6393694731514,T261,36.6,Hugo Silva,2025-08-22 19:05:55,noise
6393736660443,6393625636545,T261,15.3,Hugo Silva,2025-08-21 00:18:26,noise
6393736660443,6396042155722,T261,60.5,Hugo Silva,2025-08-20 16:14:18,noise
6393736660443,6396042155722,T615,14.6,Hugo Silva,2025-08-19 13:07:45,noise
6393736660443,6397645850299,T261,53.1,Hugo Silva,2025-08-18 10:25:13,noise
6393736660443,6393625636545,T615,13.0,Hugo Silva,2025-08-18 13:02:22,noise
6393736660443,6396042155722,T261,27.9,Hugo Silva,2025-08-17 13:17:49,noise
6393736660443,6396042155722,T615,12.2,Hugo Silva,2025-08-16 22:01:33,noise
6393736660443,6396042155722,T261,32.5,Hugo Silva,2025-08-16 14:27:50,noise
6393736660443,6393625636545,T615,11.1,Hugo Silva,2025-08-15 02:06:15,noise
6393736660443,6396042155722,T261,48.3,Hugo Silva,2025-08-14 10:01:58,noise
6393736660443,6397645850299,T261,17.7,Hugo Silva,2025-08-14 11:09:14,noise
6393736660443,6396042155722,T261,10.0,Hugo Silva,2025-08-13 16:02:14,noise
6393736660443,6396042155722,T261,16.4,Hugo Silva,2025-08-12 19:17:05,noise
6393736660443,6397645850299,T261,17.1,Hugo Silva,2025-08-12 12:17:03,noise
6393736660443,6399141407059,T261,54.6,Hugo Silva,2025-08-11 00:24:01,noise
6393736660443,6392175203535,T261,44.3,Hugo Silva,2025-08-11 01:03:15,noise
6393736660443,6393625636545,T615,10.4,Hugo Silva,2025-08-10 19:27:28,noise
6393736660443,6392027898005,T615,29.9,Hugo Silva,2025-08-09 08:00:06,noise
6393736660443,6398085325274,T615,40.0,Hugo Silva,2025-08-09 13:02:19,noise
6393736660443,6393591747444,T261,24.9,Hugo Silva,2025-08-08 20:28:22,noise
6393736660443,6396042155722,T615,17.8,Hugo Silva,2025-08-08 14:24:34,noise
6393736660443,6391302712293,T261,10.9,Hugo Silva,2025-08-07 11:23:49,noise
6393736660443,6396447956284,T261,19.0,Hugo Silva,2025-08-06 10:03:11,noise
6393736660443,6392464364634,T261,14.5,Hugo Silva,2025-08-06 17:09:35,noise
6393736660443,6396042155722,T261,5.9,Hugo Silva,2025-08-05 11:24:21,noise
6393736660443,6396042155722,T261,21.9,Hugo Silva,2025-08-05 08:10:58,noise
6393736660443,6396042155722,T615,27.6,Hugo Silva,2025-08-04 04:14:35,noise
6393736660443,6397645850299,T615,9.2,Hugo Silva,2025-08-04 12:14:34,noise
6397473500175,6399241777448,T214,32.9,Elena Silva,2025-10-18 11:24:47,noise
6397473500175,6395136375863,T899,74.3,Elena Silva,2025-10-17 12:11:58,noise
6397473500175,6397959529190,T899,8.1,Elena Silva,2025-10-17 00:15:45,noise
6397473500175,6398095030730,T899,6.8,Elena Silva,2025-10-16 10:15:43,noise
6397473500175,6393332370721,T899,26.1,Elena Silva,2025-10-16 18:00:52,noise
6397473500175,6398095030730,T214,9.3,Elena Silva,2025-10-15 12:05:43,noise
6397473500175,6398595696705,T899,7.3,Elena Silva,2025-10-15 21:25:06,noise
6397473500175,6393329653115,T214,8.6,Elena Silva,2025-10-14 10:05:06,noise
6397473500175,6397959529190,T214,34.7,Elena Silva,2025-10-14 09:18:02,noise
6397473500175,6397959529190,T214,30.1,Elena Silva,2025-10-13 13:14:50,noise
6397473500175,6392953177733,T899,5.8,Elena Silva,2025-10-13 14:30:09,noise
6397473500175,6398095030730,T899,15.9,Elena Silva,2025-10-12 15:27:11,noise
6397473500175,6398069375909,T899,7.7,Elena Silva,2025-10-12 15:07:57,noise
6397473500175,6398095030730,T899,21.8,Elena Silva,2025-10-11 10:16:03,noise
6397473500175,6398095030730,T214,16.3,Elena Silva,2025-10-11 15:10:59,noise
6397473500175,6398095030730,T899,14.9,Elena Silva,2025-10-10 23:25:10,noise
6397473500175,6398095030730,T899,40.4,Elena Silva,2025-10-10 11:20:08,noise
6397473500175,6397645850299,T899,4.0,Elena Silva,2025-10-10 18:10:12,noise
6397473500175,6394372750872,T899,9.7,Elena Silva,2025-10-09 19:29:35,noise
6397473500175,6397959529190,T214,20.8,Elena Silva,2025-10-09 13:08:53,noise
6397473500175,6397326243787,T214,7.4,Elena Silva,2025-10-08 08:16:31,noise
6397473500175,6392322072341,T899,30.1,Elena Silva,2025-10-08 10:16:16,noise
6397473500175,6391302712293,T214,23.0,Elena Silva,2025-10-07 00:30:58,noise
6397473500175,6397277321210,T214,17.3,Elena Silva,2025-10-06 15:12:37,noise
6397473500175,6395136375863,T214,15.6,Elena Silva,2025-10-06 04:13:07,noise
6397473500175,6398095030730,T214,8.8,Elena Silva,2025-10-06 05:11:47,noise
6397473500175,6395136375863,T214,16.5,Elena Silva,2025-10-05 18:15:22,noise
6397473500175,6398095030730,T214,31.7,Elena Silva,2025-10-04 09:14:19,noise
6397473500175,6398095030730,T899,17.4,Elena Silva,2025-10-04 13:07:39,noise
6397473500175,6393004154125,T214,12.9,Elena Silva,2025-10-03 11:18:44,noise
6397473500175,6398095030730,T214,40.9,Elena Silva,2025-10-03 10:19:38,noise
6397473500175,6397959529190,T214,12.8,Elena Silva,2025-10-03 23:03:01,noise
6397473500175,6395136375863,T899,15.9,Elena Silva,2025-10-02 02:03:29,noise
6397473500175,6398186138815,T899,19.3,Elena Silva,2025-10-01 20:21:57,noise
6397473500175,6397959529190,T214,12.6,Elena Silva,2025-10-01 08:11:39,noise
6397473500175,6393332370721,T899,17.7,Elena Silva,2025-09-30 13:16:11,noise
6397473500175,6399965853740,T899,37.0,Elena Silva,2025-09-30 12:30:35,noise
6397473500175,6397695360968,T899,24.8,Elena Silva,2025-09-30 14:20:23,noise
6397473500175,6398095030730,T899,7.6,Elena Silva,2025-09-29 12:16:11,noise
6397473500175,6397982198732,T899,37.5,Elena Silva,2025-09-28 04:10:03,noise
6397473500175,6395136375863,T899,74.5,Elena Silva,2025-09-27 20:04:08,noise
6397473500175,6395136375863,T214,7.7,Elena Silva,2025-09-27 20:13:06,noise
6397473500175,6398095030730,T214,6.8,Elena Silva,2025-09-26 18:21:44,noise
6397473500175,6393004154125,T899,11.4,Elena Silva,2025-09-26 18:03:21,noise
6397473500175,6394055226921,T899,4.5,Elena Silva,2025-09-26 09:19:49,noise
6397473500175,6393329653115,T899,43.2,Elena Silva,2025-09-25 16:24:23,noise
6397473500175,6395136375863,T899,6.8,Elena Silva,2025-09-25 08:21:17,noise
6397473500175,6397959529190,T899,25.8,Elena Silva,2025-09-25 09:18:55,noise
6397473500175,6398095030730,T214,21.9,Elena Silva,2025-09-24 20:22:58,noise
6397473500175,6398095030730,T899,38.5,Elena Silva,2025-09-24 02:20:30,noise
6397473500175,6397959529190,T899,16.8,Elena Silva,2025-09-24 17:07:36,noise
6397473500175,6398095030730,T899,22.9,Elena Silva,2025-09-23 17:16:05,noise
6397473500175,6397959529190,T899,7.2,Elena Silva,2025-09-23 19:29:45,noise
6397473500175,6397959529190,T214,24.2,Elena Silva,2025-09-22 12:10:56,noise
6397473500175,6397959529190,T899,16.5,Elena Silva,2025-09-22 19:00:52,noise
6397473500175,6395136375863,T214,20.4,Elena Silva,2025-09-21 15:13:11,noise
6397473500175,6398095030730,T899,7.0,Elena Silva,2025-09-21 13:27:50,noise
6397473500175,6393736660443,T214,4.2,Elena Silva,2025-09-20 09:02:58,noise
6397473500175,6398095030730,T214,15.8,Elena Silva,2025-09-19 14:01:39,noise
6397473500175,6398095030730,T899,56.3,Elena Silva,2025-09-19 11:14:09,noise
6397473500175,6395136375863,T899,14.1,Elena Silva,2025-09-18 19:00:22,noise
6397473500175,6393062613059,T899,11.7,Elena Silva,2025-09-18 08:05:11,noise
6397473500175,6398087251603,T214,45.4,Elena Silva,2025-09-17 08:23:19,noise
6397473500175,6398069375909,T214,33.7,Elena Silva,2025-09-17 22:26:47,noise
6397473500175,6398095030730,T214,11.3,Elena Silva,2025-09-16 15:25:16,noise
6397473500175,6397959529190,T899,40.8,Elena Silva,2025-09-16 09:00:22,noise
6397473500175,6399604910822,T214,18.2,Elena Silva,2025-09-15 02:08:38,noise
6397473500175,6397207416529,T214,17.3,Elena Silva,2025-09-15 15:07:36,noise
6397473500175,6397156535284,T899,13.0,Elena Silva,2025-09-14 17:29:25,noise
6397473500175,6391877128212,T899,1.7,Elena Silva,2025-09-14 17:20:41,noise
6397473500175,6395136375863,T214,5.3,Elena Silva,2025-09-14 18:12:26,noise
6397473500175,6395136375863,T899,20.7,Elena Silva,2025-09-13 20:27:23,noise
6397473500175,6398095030730,T214,49.7,Elena Silva,2025-09-13 11:19:06,noise
6397473500175,6398095030730,T214,43.9,Elena Silva,2025-09-13 15:08:06,noise
6397473500175,6395136375863,T899,14.3,Elena Silva,2025-09-12 15:15:19,noise
6397473500175,6393549070850,T899,30.0,Elena Silva,2025-09-11 14:19:52,noise
6397473500175,6395535962322,T214,24.4,Elena Silva,2025-09-11 19:05:40,noise
6397473500175,6395136375863,T214,27.8,Elena Silva,2025-09-11 16:26:36,noise
6397473500175,6397959529190,T214,11.6,Elena Silva,2025-09-10 23:21:09,noise
6397473500175,6398095030730,T899,18.2,Elena Silva,2025-09-10 14:07:32,noise
6397473500175,6397959529190,T899,9.9,Elena Silva,2025-09-09 10:24:03,noise
6397473500175,6399241777448,T214,11.0,Elena Silva,2025-09-09 01:29:57,noise
6397473500175,6399096359352,T899,20.4,Elena Silva,2025-09-08 11:21:07,noise
6397473500175,6398087251603,T899,37.9,Elena Silva,2025-09-08 21:09:33,noise
6397473500175,6399877395358,T899,32.8,Elena Silva,2025-09-07 10:10:49,noise
6397473500175,6397959529190,T899,10.4,Elena Silva,2025-09-07 13:06:40,noise
6397473500175,6398095030730,T214,33.3,Elena Silva,2025-09-06 12:12:07,noise
6397473500175,6397959529190,T899,16.5,Elena Silva,2025-09-06 12:29:47,noise
6397473500175,6394513051861,T899,5.1,Elena Silva,2025-09-05 10:22:35,noise
6397473500175,6397959529190,T214,20.2,Elena Silva,2025-09-05 19:09:31,noise
6397473500175,6398673272758,T214,25.7,Elena Silva,2025-09-04 23:01:47,noise
6397473500175,6395324391443,T214,42.6,Elena Silva,2025-09-04 09:05:56,noise
6397473500175,6398095030730,T214,10.2,Elena Silva,2025-09-03 15:13:44,noise
6397473500175,6398595696705,T899,11.4,Elena Silva,2025-09-03 16:24:00,noise
6397473500175,6399836144770,T899,7.7,Elena Silva,2025-09-02 15:23:25,noise
6397473500175,6397959529190,T899,59.6,Elena Silva,2025-09-01 12:15:32,noise
6397473500175,6393062613059,T899,111.4,Elena Silva,2025-09-01 12:01:05,noise
6397473500175,6399804243491,T899,24.6,Elena Silva,2025-09-01 20:10:57,noise
6397473500175,6395534105475,T214,67.5,Elena Silva,2025-08-31 13:13:46,noise
6397473500175,6393869319540,T214,31.6,Elena Silva,2025-08-31 23:09:56,noise
6397473500175,6396526010278,T899,31.5,Elena Silva,2025-08-31 08:29:11,noise
6397473500175,6397959529190,T214,19.0,Elena Silva,2025-08-30 08:13:35,noise
6397473500175,6395136375863,T214,3.1,Elena Silva,2025-08-30 01:05:07,noise
6397473500175,6391302712293,T899,13.5,Elena Silva,2025-08-30 04:24:59,noise
6397473500175,6397775259023,T899,6.3,Elena Silva,2025-08-29 14:27:41,noise
6397473500175,6399877395358,T214,26.9,Elena Silva,2025-08-28 01:19:59,noise
6397473500175,6398095030730,T899,32.2,Elena Silva,2025-08-28 18:26:38,noise
6397473500175,6395136375863,T214,7.3,Elena Silva,2025-08-27 21:10:20,noise
6397473500175,6395136375863,T899,17.9,Elena Silva,2025-08-26 16:00:39,noise
6397473500175,6393062613059,T899,14.0,Elena Silva,2025-08-26 08:04:36,noise
6397473500175,6395136375863,T899,22.8,Elena Silva,2025-08-25 13:05:06,noise
6397473500175,6391494838799,T899,11.1,Elena Silva,2025-08-25 12:15:11,noise
6397473500175,6398095030730,T899,3.5,Elena Silva,2025-08-25 20:04:00,noise
6397473500175,6398095030730,T899,23.1,Elena Silva,2025-08-24 16:21:10,noise
6397473500175,6397959529190,T899,17.4,Elena Silva,2025-08-24 13:23:51,noise
6397473500175,6393736660443,T899,20.5,Elena Silva,2025-08-23 09:12:50,noise
6397473500175,6394372750872,T899,16.0,Elena Silva,2025-08-23 10:24:38,noise
6397473500175,6398095030730,T899,7.8,Elena Silva,2025-08-23 19:11:15,noise
6397473500175,6395136375863,T214,82.7,Elena Silva,2025-08-22 00:30:13,noise
6397473500175,6397959529190,T899,31.2,Elena Silva,2025-08-22 19:02:43,noise
6397473500175,6399141407059,T899,10.0,Elena Silva,2025-08-21 17:05:55,noise
6397473500175,6395136375863,T899,23.2,Elena Silva,2025-08-21 20:21:24,noise
6397473500175,6391494838799,T899,10.7,Elena Silva,2025-08-20 17:21:43,noise
6397473500175,6392953177733,T899,16.3,Elena Silva,2025-08-19 18:22:53,noise
6397473500175,6399804243491,T899,22.3,Elena Silva,2025-08-19 15:19:40,noise
6397473500175,6394055226921,T899,4.4,Elena Silva,2025-08-19 17:30:52,noise
6397473500175,6397959529190,T899,30.8,Elena Silva,2025-08-18 12:13:42,noise
6397473500175,6398095030730,T214,14.2,Elena Silva,2025-08-17 21:12:35,noise
6397473500175,6399003402039,T214,20.2,Elena Silva,2025-08-16 15:00:32,noise
6397473500175,6397959529190,T214,24.3,Elena Silva,2025-08-16 18:30:59,noise
6397473500175,6399804243491,T899,18.8,Elena Silva,2025-08-15 08:00:26,noise
6397473500175,6393062613059,T899,11.8,Elena Silva,2025-08-15 15:25:21,noise
6397473500175,6395136375863,T899,22.4,Elena Silva,2025-08-14 12:26:50,noise
6397473500175,6395137959873,T899,14.1,Elena Silva,2025-08-13 09:17:08,noise
6397473500175,6398095030730,T899,12.8,Elena Silva,2025-08-13 14:23:52,noise
6397473500175,6398095030730,T899,34.4,Elena Silva,2025-08-13 02:14:53,noise
6397473500175,6394856722505,T214,15.0,Elena Silva,2025-08-12 18:28:05,noise
6397473500175,6394055226921,T214,10.2,Elena Silva,2025-08-12 09:26:36,noise
6397473500175,6398095030730,T214,30.4,Elena Silva,2025-08-11 10:00:37,noise
6397473500175,6395136375863,T899,7.5,Elena Silva,2025-08-11 17:20:58,noise
6397473500175,6399241777448,T899,70.6,Elena Silva,2025-08-10 19:17:51,noise
6397473500175,6396042155722,T214,11.5,Elena Silva,2025-08-10 09:07:25,noise
6397473500175,6395136375863,T214,8.2,Elena Silva,2025-08-09 09:04:54,noise
6397473500175,6395136375863,T899,24.2,Elena Silva,2025-08-09 17:04:42,noise
6397473500175,6395136375863,T214,21.8,Elena Silva,2025-08-08 22:02:05,noise
6397473500175,6398095030730,T899,23.7,Elena Silva,2025-08-08 20:27:49,noise
6397473500175,6391051330112,T214,7.1,Elena Silva,2025-08-07 09:24:57,noise
6397473500175,6398095030730,T899,18.9,Elena Silva,2025-08-06 20:24:42,noise
6397473500175,6397775259023,T214,11.6,Elena Silva,2025-08-06 10:19:20,noise
6397473500175,6391392356697,T899,24.1,Elena Silva,2025-08-05 20:13:11,noise
6397473500175,6392464364634,T214,6.7,Elena Silva,2025-08-05 15:27:12,noise
6397473500175,6397326243787,T899,65.3,Elena Silva,2025-08-04 10:05:27,noise
6397473500175,6398095030730,T899,26.7,Elena Silva,2025-08-04 23:27:11,noise
6397473500175,6399085717386,T899,128.3,Elena Silva,2025-12-20 02:21:30,noise
6397473500175,6399085717386,T899,61.9,Elena Silva,2025-12-19 08:08:43,noise
6397473500175,6399085717386,T899,81.5,Elena Silva,2025-12-26 18:23:22,noise
6397473500175,6399085717386,T899,85.4,Elena Silva,2025-11-22 11:08:56,noise
6397473500175,6399085717386,T899,43.1,Elena Silva,2025-11-25 18:22:13,noise
6397473500175,6399085717386,T899,126.2,Elena Silva,2025-12-05 11:28:50,noise
6395324391443,6392175203535,T131,31.8,Sara Iqbal,2025-10-18 08:19:03,noise
6395324391443,6395588265198,T926,16.9,Sara Iqbal,2025-10-18 14:10:52,noise
6395324391443,6395588265198,T131,11.4,Sara Iqbal,2025-10-18 17:10:39,noise
6395324391443,6393591747444,T131,19.1,Sara Iqbal,2025-10-17 11:00:55,noise
6395324391443,6392517116618,T131,23.5,Sara Iqbal,2025-10-17 19:00:41,noise
6395324391443,6392517116618,T131,55.1,Sara Iqbal,2025-10-16 08:28:04,noise
6395324391443,6397645850299,T926,5.7,Sara Iqbal,2025-10-16 22:24:23,noise
6395324391443,6393825956914,T926,8.4,Sara Iqbal,2025-10-15 14:15:14,noise
6395324391443,6392517116618,T926,29.1,Sara Iqbal,2025-10-14 19:22:45,noise
6395324391443,6393591747444,T131,20.3,Sara Iqbal,2025-10-14 10:02:21,noise
6395324391443,6398415249661,T926,42.8,Sara Iqbal,2025-10-13 18:08:37,noise
6395324391443,6392517116618,T926,8.6,Sara Iqbal,2025-10-13 14:11:46,noise
6395324391443,6393869319540,T131,23.4,Sara Iqbal,2025-10-12 01:01:16,noise
6395324391443,6395535962322,T926,19.3,Sara Iqbal,2025-10-11 19:06:57,noise
6395324391443,6393591747444,T131,12.8,Sara Iqbal,2025-10-11 22:11:26,noise
6395324391443,6393591747444,T926,20.9,Sara Iqbal,2025-10-10 21:29:26,noise
6395324391443,6395588265198,T131,9.1,Sara Iqbal,2025-10-10 13:20:44,noise
6395324391443,6393591747444,T131,36.8,Sara Iqbal,2025-10-10 19:29:44,noise
6395324391443,6393591747444,T131,6.2,Sara Iqbal,2025-10-09 17:12:11,noise
6395324391443,6397695360968,T926,24.6,Sara Iqbal,2025-10-09 05:15:01,noise
6395324391443,6392517116618,T131,8.8,Sara Iqbal,2025-10-09 18:20:23,noise
6395324391443,6392517116618,T131,23.4,Sara Iqbal,2025-10-08 13:27:24,noise
6395324391443,6394856722505,T131,19.7,Sara Iqbal,2025-10-07 17:12:39,noise
6395324391443,6399141407059,T926,6.0,Sara Iqbal,2025-10-07 20:13:48,noise
6395324391443,6392517116618,T131,11.2,Sara Iqbal,2025-10-06 15:01:08,noise
6395324391443,6398673272758,T131,15.9,Sara Iqbal,2025-10-06 18:23:37,noise
6395324391443,6395588265198,T926,20.4,Sara Iqbal,2025-10-05 23:19:00,noise
6395324391443,6399804243491,T131,17.8,Sara Iqbal,2025-10-05 09:22:04,noise
6395324391443,6392517116618,T131,6.7,Sara Iqbal,2025-10-04 11:10:31,noise
6395324391443,6394711330962,T131,8.0,Sara Iqbal,2025-10-04 10:16:22,noise
6395324391443,6393591747444,T926,7.6,Sara Iqbal,2025-10-04 17:24:26,noise
6395324391443,6399085717386,T131,13.9,Sara Iqbal,2025-10-03 14:18:26,noise
6395324391443,6395588265198,T131,9.2,Sara Iqbal,2025-10-03 04:28:26,noise
6395324391443,6393591747444,T926,13.4,Sara Iqbal,2025-10-03 23:21:44,noise
6395324391443,6394573060920,T926,14.0,Sara Iqbal,2025-10-02 15:30:01,noise
6395324391443,6393591747444,T926,26.3,Sara Iqbal,2025-10-02 13:21:17,noise
6395324391443,6392517116618,T131,34.3,Sara Iqbal,2025-10-01 09:04:46,noise
6395324391443,6396526010278,T926,27.2,Sara Iqbal,2025-10-01 08:05:06,noise
6395324391443,6392517116618,T926,16.5,Sara Iqbal,2025-09-30 15:09:44,noise
6395324391443,6393591747444,T926,17.1,Sara Iqbal,2025-09-30 12:02:03,noise
6395324391443,6393591747444,T926,7.5,Sara Iqbal,2025-09-29 13:19:13,noise
6395324391443,6395588265198,T131,65.9,Sara Iqbal,2025-09-29 10:23:35,noise
6395324391443,6393591747444,T131,9.8,Sara Iqbal,2025-09-28 18:29:01,noise
6395324391443,6394137438800,T926,26.7,Sara Iqbal,2025-09-28 15:20:01,noise
6395324391443,6395588265198,T926,32.0,Sara Iqbal,2025-09-27 19:02:28,noise
6395324391443,6393591747444,T926,4.1,Sara Iqbal,2025-09-27 18:04:14,noise
6395324391443,6392761010721,T926,115.4,Sara Iqbal,2025-09-26 10:07:27,noise
6395324391443,6393591747444,T926,24.4,Sara Iqbal,2025-09-26 15:13:00,noise
6395324391443,6393625636545,T131,136.9,Sara Iqbal,2025-09-26 20:20:34,noise
6395324391443,6393004154125,T926,13.6,Sara Iqbal,2025-09-25 12:17:36,noise
6395324391443,6391877128212,T926,16.4,Sara Iqbal,2025-09-25 16:24:37,noise
6395324391443,6392517116618,T131,31.2,Sara Iqbal,2025-09-24 21:16:27,noise
6395324391443,6393591747444,T926,11.3,Sara Iqbal,2025-09-24 18:00:19,noise
6395324391443,6393591747444,T131,14.9,Sara Iqbal,2025-09-23 10:27:57,noise
6395324391443,6393591747444,T131,11.5,Sara Iqbal,2025-09-23 13:29:39,noise
6395324391443,6392517116618,T131,21.9,Sara Iqbal,2025-09-23 02:30:41,noise
6395324391443,6397172010892,T926,11.5,Sara Iqbal,2025-09-22 05:07:16,noise
6395324391443,6392517116618,T131,32.5,Sara Iqbal,2025-09-22 01:05:08,noise
6395324391443,6391051330112,T131,25.8,Sara Iqbal,2025-09-21 18:00:53,noise
6395324391443,6393591747444,T131,78.4,Sara Iqbal,2025-09-21 14:25:08,noise
6395324391443,6396042155722,T131,10.1,Sara Iqbal,2025-09-21 20:06:15,noise
6395324391443,6395588265198,T131,15.0,Sara Iqbal,2025-09-20 10:20:03,noise
6395324391443,6393591747444,T926,14.8,Sara Iqbal,2025-09-20 11:08:52,noise
6395324391443,6393591747444,T131,14.6,Sara Iqbal,2025-09-20 09:29:06,noise
6395324391443,6395588265198,T131,23.1,Sara Iqbal,2025-09-19 14:11:00,noise
6395324391443,6399836144770,T926,48.9,Sara Iqbal,2025-09-18 23:17:51,noise
6395324391443,6395588265198,T131,38.2,Sara Iqbal,2025-09-18 03:22:38,noise
6395324391443,6395588265198,T131,63.6,Sara Iqbal,2025-09-17 10:12:56,noise
6395324391443,6393591747444,T131,27.1,Sara Iqbal,2025-09-17 20:19:15,noise
6395324391443,6393591747444,T131,5.1,Sara Iqbal,2025-09-17 11:13:34,noise
6395324391443,6393591747444,T926,23.5,Sara Iqbal,2025-09-16 21:16:44,noise
6395324391443,6395453540079,T131,6.5,Sara Iqbal,2025-09-16 18:04:10,noise
6395324391443,6395588265198,T926,15.4,Sara Iqbal,2025-09-15 19:29:29,noise
6395324391443,6397922188789,T926,13.5,Sara Iqbal,2025-09-14 13:28:59,noise
6395324391443,6392517116618,T926,12.9,Sara Iqbal,2025-09-14 19:11:42,noise
6395324391443,6399487367347,T131,8.9,Sara Iqbal,2025-09-14 19:18:22,noise
6395324391443,6395588265198,T926,13.8,Sara Iqbal,2025-09-13 20:12:21,noise
6395324391443,6392517116618,T131,13.3,Sara Iqbal,2025-09-13 21:21:25,noise
6395324391443,6395588265198,T131,5.5,Sara Iqbal,2025-09-12 14:04:45,noise
6395324391443,6393591747444,T926,10.3,Sara Iqbal,2025-09-11 10:08:31,noise
6395324391443,6397277321210,T131,9.0,Sara Iqbal,2025-09-11 20:07:21,noise
6395324391443,6395588265198,T131,8.2,Sara Iqbal,2025-09-11 11:14:17,noise
6395324391443,6393004154125,T926,9.3,Sara Iqbal,2025-09-10 15:00:38,noise
6395324391443,6395588265198,T131,26.2,Sara Iqbal,2025-09-10 11:20:12,noise
6395324391443,6393591747444,T926,12.7,Sara Iqbal,2025-09-10 20:26:55,noise
6395324391443,6393591747444,T131,37.4,Sara Iqbal,2025-09-09 03:21:14,noise
6395324391443,6393591747444,T131,21.4,Sara Iqbal,2025-09-09 16:14:35,noise
6395324391443,6399487367347,T926,26.5,Sara Iqbal,2025-09-08 13:10:25,noise
6395324391443,6392517116618,T131,31.7,Sara Iqbal,2025-09-07 12:23:22,noise
6395324391443,6395588239969,T131,1.9,Sara Iqbal,2025-09-07 00:08:35,noise
6395324391443,6392517116618,T926,11.6,Sara Iqbal,2025-09-06 00:16:40,noise
6395324391443,6395588265198,T131,13.4,Sara Iqbal,2025-09-06 20:23:18,noise
6395324391443,6393332370721,T131,17.4,Sara Iqbal,2025-09-05 23:10:00,noise
6395324391443,6395588265198,T926,13.7,Sara Iqbal,2025-09-05 13:18:02,noise
6395324391443,6393591747444,T131,9.3,Sara Iqbal,2025-09-04 09:26:07,noise
6395324391443,6392517116618,T131,6.3,Sara Iqbal,2025-09-04 08:16:46,noise
6395324391443,6394372750872,T131,24.9,Sara Iqbal,2025-09-03 11:02:52,noise
6395324391443,6399877395358,T926,15.0,Sara Iqbal,2025-09-03 17:23:59,noise
6395324391443,6392517116618,T131,10.6,Sara Iqbal,2025-09-02 08:04:03,noise
6395324391443,6394137438800,T131,7.0,Sara Iqbal,2025-09-02 08:05:17,noise
6395324391443,6397207416529,T926,14.4,Sara Iqbal,2025-09-01 08:08:44,noise
6395324391443,6395588265198,T926,9.9,Sara Iqbal,2025-09-01 23:08:16,noise
6395324391443,6395588265198,T926,24.7,Sara Iqbal,2025-08-31 18:30:11,noise
6395324391443,6392517116618,T131,9.5,Sara Iqbal,2025-08-30 18:12:21,noise
6395324391443,6395588265198,T131,28.9,Sara Iqbal,2025-08-30 20:21:38,noise
6395324391443,6392517116618,T926,12.4,Sara Iqbal,2025-08-30 09:17:22,noise
6395324391443,6395588265198,T926,38.7,Sara Iqbal,2025-08-29 16:02:38,noise
6395324391443,6396526010278,T131,8.8,Sara Iqbal,2025-08-29 15:14:30,noise
6395324391443,6399241777448,T926,19.4,Sara Iqbal,2025-08-28 08:26:42,noise
6395324391443,6395588265198,T131,27.2,Sara Iqbal,2025-08-28 02:01:14,noise
6395324391443,6393591747444,T131,15.3,Sara Iqbal,2025-08-27 18:10:03,noise
6395324391443,6391663645516,T131,32.1,Sara Iqbal,2025-08-27 10:22:23,noise
6395324391443,6398595696705,T131,5.5,Sara Iqbal,2025-08-26 20:13:44,noise
6395324391443,6393825956914,T926,10.1,Sara Iqbal,2025-08-26 12:10:26,noise
6395324391443,6396688935939,T131,13.4,Sara Iqbal,2025-08-26 15:02:25,noise
6395324391443,6397982198732,T926,51.3,Sara Iqbal,2025-08-25 09:23:45,noise
6395324391443,6395588265198,T926,12.6,Sara Iqbal,2025-08-24 17:19:53,noise
6395324391443,6392517116618,T131,18.7,Sara Iqbal,2025-08-23 19:02:33,noise
6395324391443,6396042155722,T926,21.9,Sara Iqbal,2025-08-22 23:24:21,noise
6395324391443,6395588239969,T131,47.0,Sara Iqbal,2025-08-22 16:09:56,noise
6395324391443,6392517116618,T131,17.0,Sara Iqbal,2025-08-22 00:19:23,noise
6395324391443,6399696031872,T926,57.8,Sara Iqbal,2025-08-21 12:22:51,noise
6395324391443,6393591747444,T131,12.3,Sara Iqbal,2025-08-21 19:02:39,noise
6395324391443,6395588265198,T131,6.3,Sara Iqbal,2025-08-20 17:05:15,noise
6395324391443,6395588265198,T926,43.7,Sara Iqbal,2025-08-19 11:26:23,noise
6395324391443,6392517116618,T926,5.9,Sara Iqbal,2025-08-19 23:30:09,noise
6395324391443,6392517116618,T131,9.8,Sara Iqbal,2025-08-18 12:30:09,noise
6395324391443,6392517116618,T131,44.7,Sara Iqbal,2025-08-18 05:26:09,noise
6395324391443,6392517116618,T131,5.5,Sara Iqbal,2025-08-18 09:03:36,noise
6395324391443,6391051330112,T926,15.4,Sara Iqbal,2025-08-17 12:16:37,noise
6395324391443,6399003402039,T131,25.4,Sara Iqbal,2025-08-17 20:21:28,noise
6395324391443,6392517116618,T926,34.8,Sara Iqbal,2025-08-17 10:11:31,noise
6395324391443,6392517116618,T926,10.3,Sara Iqbal,2025-08-16 16:08:43,noise
6395324391443,6393591747444,T131,17.3,Sara Iqbal,2025-08-16 18:04:16,noise
6395324391443,6392517116618,T131,52.8,Sara Iqbal,2025-08-15 15:15:54,noise
6395324391443,6398095030730,T131,9.0,Sara Iqbal,2025-08-14 09:20:53,noise
6395324391443,6399003402039,T926,8.4,Sara Iqbal,2025-08-14 16:18:58,noise
6395324391443,6395588265198,T926,10.6,Sara Iqbal,2025-08-13 16:00:42,noise
6395324391443,6393454415467,T131,19.8,Sara Iqbal,2025-08-13 08:18:07,noise
6395324391443,6392517116618,T926,24.2,Sara Iqbal,2025-08-12 16:11:37,noise
6395324391443,6392517116618,T131,12.2,Sara Iqbal,2025-08-12 09:27:10,noise
6395324391443,6392517116618,T131,6.6,Sara Iqbal,2025-08-11 11:15:03,noise
6395324391443,6393591747444,T131,38.3,Sara Iqbal,2025-08-11 19:06:20,noise
6395324391443,6392517116618,T131,30.6,Sara Iqbal,2025-08-10 23:23:22,noise
6395324391443,6395588265198,T926,12.1,Sara Iqbal,2025-08-10 19:03:47,noise
6395324391443,6394247662559,T131,83.8,Sara Iqbal,2025-08-09 15:17:43,noise
6395324391443,6393591747444,T131,21.5,Sara Iqbal,2025-08-09 13:00:04,noise
6395324391443,6393591747444,T131,13.3,Sara Iqbal,2025-08-08 19:30:27,noise
6395324391443,6392517116618,T926,28.4,Sara Iqbal,2025-08-08 14:14:21,noise
6395324391443,6393591747444,T926,10.1,Sara Iqbal,2025-08-07 05:14:39,noise
6395324391443,6393591747444,T926,29.2,Sara Iqbal,2025-08-07 23:16:58,noise
6395324391443,6392517116618,T926,16.3,Sara Iqbal,2025-08-06 20:12:11,noise
6395324391443,6393591747444,T131,39.6,Sara Iqbal,2025-08-06 12:02:37,noise
6395324391443,6393591747444,T926,47.5,Sara Iqbal,2025-08-05 11:11:44,noise
6395324391443,6393591747444,T131,27.9,Sara Iqbal,2025-08-05 19:21:34,noise
6395324391443,6392761010721,T131,6.7,Sara Iqbal,2025-08-04 00:10:17,noise
6395324391443,6393591747444,T926,7.6,Sara Iqbal,2025-08-04 10:09:25,noise
6395324391443,6392517116618,T926,58.7,Sara Iqbal,2025-08-04 13:16:20,noise
6397172010892,6396447956284,T768,42.5,Noah Diaz,2025-10-18 23:15:25,noise
6397172010892,6396447956284,T572,13.0,Noah Diaz,2025-10-18 14:18:59,noise
6397172010892,6395588265198,T572,75.7,Noah Diaz,2025-10-17 15:10:13,noise
6397172010892,6395136375863,T768,27.4,Noah Diaz,2025-10-17 17:20:58,noise
6397172010892,6391167752063,T572,47.4,Noah Diaz,2025-10-17 11:03:12,noise
6397172010892,6397207416529,T572,19.4,Noah Diaz,2025-10-16 08:19:06,noise
6397172010892,6395682267963,T572,14.4,Noah Diaz,2025-10-16 10:28:11,noise
6397172010892,6398186138815,T768,15.9,Noah Diaz,2025-10-15 15:16:20,noise
6397172010892,6395136375863,T572,8.1,Noah Diaz,2025-10-14 14:13:23,noise
6397172010892,6397761210582,T572,36.4,Noah Diaz,2025-10-14 05:30:46,noise
6397172010892,6398186138815,T572,10.3,Noah Diaz,2025-10-13 17:09:10,noise
6397172010892,6394137438800,T768,41.8,Noah Diaz,2025-10-13 09:10:39,noise
6397172010892,6395136375863,T768,11.2,Noah Diaz,2025-10-12 17:28:29,noise
6397172010892,6398186138815,T572,14.2,Noah Diaz,2025-10-12 15:12:36,noise
6397172010892,6395136375863,T768,9.8,Noah Diaz,2025-10-11 10:15:16,noise
6397172010892,6395136375863,T572,9.9,Noah Diaz,2025-10-11 10:08:32,noise
6397172010892,6398186138815,T572,30.2,Noah Diaz,2025-10-10 01:05:19,noise
6397172010892,6398186138815,T572,34.1,Noah Diaz,2025-10-10 10:14:01,noise
6397172010892,6394372750872,T768,54.0,Noah Diaz,2025-10-10 10:29:50,noise
6397172010892,6398186138815,T572,12.5,Noah Diaz,2025-10-09 17:16:49,noise
6397172010892,6393332370721,T572,8.5,Noah Diaz,2025-10-09 09:14:57,noise
6397172010892,6399696031872,T572,27.5,Noah Diaz,2025-10-08 13:24:21,noise
6397172010892,6396116554141,T572,16.6,Noah Diaz,2025-10-08 08:14:12,noise
6397172010892,6399604910822,T768,117.9,Noah Diaz,2025-10-08 17:20:27,noise
6397172010892,6392517116618,T768,5.5,Noah Diaz,2025-10-07 12:27:25,noise
6397172010892,6394137438800,T572,9.4,Noah Diaz,2025-10-07 20:02:09,noise
6397172010892,6396447956284,T572,16.6,Noah Diaz,2025-10-06 14:06:21,noise
6397172010892,6396447956284,T572,11.1,Noah Diaz,2025-10-05 13:19:18,noise
6397172010892,6392705348834,T572,8.9,Noah Diaz,2025-10-05 19:28:10,noise
6397172010892,6396447956284,T768,13.8,Noah Diaz,2025-10-05 16:25:58,noise
6397172010892,6397645850299,T572,26.0,Noah Diaz,2025-10-04 11:16:33,noise
6397172010892,6392237426063,T572,32.4,Noah Diaz,2025-10-04 11:23:02,noise
6397172010892,6392464364634,T572,56.7,Noah Diaz,2025-10-04 13:14:46,noise
6397172010892,6399085717386,T572,25.3,Noah Diaz,2025-10-03 08:28:31,noise
6397172010892,6395136375863,T768,7.2,Noah Diaz,2025-10-03 21:10:08,noise
6397172010892,6398186138815,T768,25.2,Noah Diaz,2025-10-02 14:06:10,noise
6397172010892,6398186138815,T768,19.7,Noah Diaz,2025-10-02 20:25:55,noise
6397172010892,6395136375863,T572,19.6,Noah Diaz,2025-10-01 03:23:03,noise
6397172010892,6397479516078,T572,16.6,Noah Diaz,2025-09-30 21:29:45,noise
6397172010892,6395136375863,T572,10.8,Noah Diaz,2025-09-30 10:03:54,noise
6397172010892,6396526010278,T768,4.9,Noah Diaz,2025-09-30 08:13:33,noise
6397172010892,6399241777448,T768,25.1,Noah Diaz,2025-09-29 19:27:34,noise
6397172010892,6391171674512,T572,23.6,Noah Diaz,2025-09-28 17:07:27,noise
6397172010892,6398186138815,T572,21.5,Noah Diaz,2025-09-28 19:10:30,noise
6397172010892,6398186138815,T768,18.9,Noah Diaz,2025-09-27 14:26:14,noise
6397172010892,6396526010278,T572,25.9,Noah Diaz,2025-09-26 22:12:37,noise
6397172010892,6397102194949,T572,11.7,Noah Diaz,2025-09-26 20:17:23,noise
6397172010892,6395136375863,T768,18.6,Noah Diaz,2025-09-26 08:13:16,noise
6397172010892,6399241777448,T768,18.7,Noah Diaz,2025-09-25 11:14:52,noise
6397172010892,6398186138815,T572,14.0,Noah Diaz,2025-09-24 14:20:48,noise
6397172010892,6392237426063,T572,22.5,Noah Diaz,2025-09-24 14:28:11,noise
6397172010892,6395136375863,T572,10.6,Noah Diaz,2025-09-24 04:18:05,noise
6397172010892,6395136375863,T768,18.5,Noah Diaz,2025-09-23 22:23:49,noise
6397172010892,6395136375863,T768,11.7,Noah Diaz,2025-09-23 10:03:38,noise
6397172010892,6394856722505,T572,18.1,Noah Diaz,2025-09-22 17:05:33,noise
6397172010892,6391787733401,T572,1.9,Noah Diaz,2025-09-22 08:18:20,noise
6397172010892,6396198739962,T572,36.7,Noah Diaz,2025-09-21 16:06:38,noise
6397172010892,6396447956284,T768,7.2,Noah Diaz,2025-09-20 17:30:10,noise
6397172010892,6396447956284,T768,40.5,Noah Diaz,2025-09-20 02:13:04,noise
6397172010892,6398186138815,T768,8.8,Noah Diaz,2025-09-19 11:29:11,noise
6397172010892,6395682267963,T572,24.3,Noah Diaz,2025-09-18 20:25:45,noise
6397172010892,6396447956284,T572,9.6,Noah Diaz,2025-09-18 14:26:28,noise
6397172010892,6395136375863,T572,32.7,Noah Diaz,2025-09-17 17:17:04,noise
6397172010892,6398186138815,T572,5.7,Noah Diaz,2025-09-17 13:23:28,noise
6397172010892,6395136375863,T572,23.4,Noah Diaz,2025-09-16 17:08:09,noise
6397172010892,6392705348834,T572,19.0,Noah Diaz,2025-09-16 08:30:45,noise
6397172010892,6396447956284,T768,16.6,Noah Diaz,2025-09-15 19:14:58,noise
6397172010892,6396447956284,T768,12.6,Noah Diaz,2025-09-15 19:25:50,noise
6397172010892,6392951962632,T572,19.6,Noah Diaz,2025-09-14 21:05:52,noise
6397172010892,6398186138815,T572,16.5,Noah Diaz,2025-09-14 15:03:38,noise
6397172010892,6396121190710,T768,21.7,Noah Diaz,2025-09-14 12:11:22,noise
6397172010892,6396447956284,T768,21.2,Noah Diaz,2025-09-13 14:04:38,noise
6397172010892,6398186138815,T572,26.2,Noah Diaz,2025-09-12 13:17:45,noise
6397172010892,6398186138815,T768,17.9,Noah Diaz,2025-09-12 09:28:37,noise
6397172010892,6395136375863,T768,13.5,Noah Diaz,2025-09-11 02:26:17,noise
6397172010892,6395136375863,T572,16.5,Noah Diaz,2025-09-10 13:14:58,noise
6397172010892,6396447956284,T768,20.2,Noah Diaz,2025-09-10 08:06:48,noise
6397172010892,6396447956284,T572,27.3,Noah Diaz,2025-09-09 22:21:31,noise
6397172010892,6398186138815,T572,10.9,Noah Diaz,2025-09-09 08:11:47,noise
6397172010892,6396447956284,T572,16.5,Noah Diaz,2025-09-08 12:19:07,noise
6397172010892,6398186138815,T768,15.2,Noah Diaz,2025-09-08 14:00:22,noise
6397172010892,6397266186506,T768,9.1,Noah Diaz,2025-09-08 18:25:33,noise
6397172010892,6397156535284,T768,33.7,Noah Diaz,2025-09-07 10:17:11,noise
6397172010892,6396447956284,T572,22.9,Noah Diaz,2025-09-06 10:16:21,noise
6397172010892,6399836144770,T572,34.0,Noah Diaz,2025-09-06 10:22:03,noise
6397172010892,6393332370721,T572,23.2,Noah Diaz,2025-09-05 08:16:35,noise
6397172010892,6394247662559,T768,9.2,Noah Diaz,2025-09-04 23:07:37,noise
6397172010892,6396447956284,T572,30.7,Noah Diaz,2025-09-04 16:19:49,noise
6397172010892,6393004154125,T572,20.7,Noah Diaz,2025-09-03 14:30:08,noise
6397172010892,6393329653115,T768,23.9,Noah Diaz,2025-09-03 09:05:55,noise
6397172010892,6394247662559,T768,10.2,Noah Diaz,2025-09-03 04:14:36,noise
6397172010892,6398095030730,T768,26.7,Noah Diaz,2025-09-02 08:00:44,noise
6397172010892,6396447956284,T768,8.0,Noah Diaz,2025-09-02 19:24:53,noise
6397172010892,6398186138815,T572,15.0,Noah Diaz,2025-09-02 03:03:59,noise
6397172010892,6398186138815,T768,24.0,Noah Diaz,2025-09-01 23:22:03,noise
6397172010892,6395136375863,T768,9.8,Noah Diaz,2025-08-31 17:23:33,noise
6397172010892,6398186138815,T768,20.5,Noah Diaz,2025-08-31 19:18:24,noise
6397172010892,6394711330962,T572,53.8,Noah Diaz,2025-08-30 08:05:14,noise
6397172010892,6396447956284,T768,6.6,Noah Diaz,2025-08-30 16:21:05,noise
6397172010892,6395136375863,T572,21.1,Noah Diaz,2025-08-29 13:19:49,noise
6397172010892,6395136375863,T572,39.6,Noah Diaz,2025-08-29 16:11:30,noise
6397172010892,6395136375863,T572,10.1,Noah Diaz,2025-08-28 14:07:01,noise
6397172010892,6398186138815,T572,9.3,Noah Diaz,2025-08-28 11:09:14,noise
6397172010892,6396447956284,T768,52.4,Noah Diaz,2025-08-27 23:02:15,noise
6397172010892,6395136375863,T572,33.3,Noah Diaz,2025-08-27 15:07:01,noise
6397172010892,6396447956284,T572,13.5,Noah Diaz,2025-08-26 19:04:37,noise
6397172010892,6392788177179,T572,12.8,Noah Diaz,2025-08-26 10:08:04,noise
6397172010892,6398186138815,T768,5.4,Noah Diaz,2025-08-25 19:29:24,noise
6397172010892,6399096359352,T572,9.5,Noah Diaz,2025-08-25 17:27:31,noise
6397172010892,6392322072341,T768,10.1,Noah Diaz,2025-08-24 09:23:07,noise
6397172010892,6398186138815,T572,12.8,Noah Diaz,2025-08-24 09:26:54,noise
6397172010892,6398186138815,T572,29.3,Noah Diaz,2025-08-23 01:03:52,noise
6397172010892,6395136375863,T572,10.1,Noah Diaz,2025-08-23 08:01:57,noise
6397172010892,6396447956284,T572,28.5,Noah Diaz,2025-08-23 16:12:51,noise
6397172010892,6396447956284,T572,31.4,Noah Diaz,2025-08-22 16:08:33,noise
6397172010892,6396393488216,T768,13.2,Noah Diaz,2025-08-22 13:11:12,noise
6397172010892,6395453540079,T572,47.6,Noah Diaz,2025-08-21 05:21:17,noise
6397172010892,6396447956284,T572,31.3,Noah Diaz,2025-08-21 13:20:54,noise
6397172010892,6398186138815,T768,11.3,Noah Diaz,2025-08-20 08:07:42,noise
6397172010892,6397761210582,T572,11.2,Noah Diaz,2025-08-19 16:11:04,noise
6397172010892,6399096359352,T572,5.7,Noah Diaz,2025-08-18 22:25:05,noise
6397172010892,6397922188789,T768,31.6,Noah Diaz,2025-08-18 22:18:44,noise
6397172010892,6399003402039,T572,47.7,Noah Diaz,2025-08-18 17:28:06,noise
6397172010892,6398186138815,T572,18.8,Noah Diaz,2025-08-17 12:00:57,noise
6397172010892,6397277321210,T572,15.0,Noah Diaz,2025-08-17 02:00:19,noise
6397172010892,6397277321210,T572,58.5,Noah Diaz,2025-08-17 22:24:09,noise
6397172010892,6396447956284,T572,14.4,Noah Diaz,2025-08-16 17:02:22,noise
6397172010892,6398186138815,T768,50.1,Noah Diaz,2025-08-15 10:26:59,noise
6397172010892,6396109116629,T572,13.0,Noah Diaz,2025-08-15 20:24:30,noise
6397172010892,6398069375909,T572,41.8,Noah Diaz,2025-08-14 19:01:34,noise
6397172010892,6395136375863,T572,22.8,Noah Diaz,2025-08-14 21:21:14,noise
6397172010892,6395682267963,T572,60.2,Noah Diaz,2025-08-14 12:27:42,noise
6397172010892,6397761210582,T572,34.1,Noah Diaz,2025-08-13 17:16:17,noise
6397172010892,6395136375863,T572,7.5,Noah Diaz,2025-08-12 13:30:11,noise
6397172010892,6394513051861,T572,3.4,Noah Diaz,2025-08-12 13:12:56,noise
6397172010892,6395136375863,T572,13.6,Noah Diaz,2025-08-11 08:15:17,noise
6397172010892,6395136375863,T572,4.2,Noah Diaz,2025-08-11 20:18:39,noise
6397172010892,6395136375863,T768,5.9,Noah Diaz,2025-08-10 11:16:57,noise
6397172010892,6398186138815,T572,11.3,Noah Diaz,2025-08-10 10:25:15,noise
6397172010892,6398186138815,T572,21.8,Noah Diaz,2025-08-09 04:12:14,noise
6397172010892,6398186138815,T572,13.4,Noah Diaz,2025-08-09 09:21:02,noise
6397172010892,6399096359352,T572,8.3,Noah Diaz,2025-08-08 17:21:33,noise
6397172010892,6396447956284,T572,13.7,Noah Diaz,2025-08-07 16:29:03,noise
6397172010892,6391787733401,T768,22.7,Noah Diaz,2025-08-07 18:20:32,noise
6397172010892,6395136375863,T572,18.0,Noah Diaz,2025-08-07 03:27:01,noise
6397172010892,6398186138815,T768,19.8,Noah Diaz,2025-08-06 17:23:10,noise
6397172010892,6396447956284,T572,3.1,Noah Diaz,2025-08-05 09:04:28,noise
6397172010892,6396447956284,T572,3.3,Noah Diaz,2025-08-04 23:04:08,noise
6397172010892,6396447956284,T572,32.5,Noah Diaz,2025-08-04 12:00:03,noise
6397172010892,6393736660443,T572,94.8,Noah Diaz,2025-12-18 00:17:51,noise
6397172010892,6393736660443,T572,32.6,Noah Diaz,2025-12-12 12:14:06,noise
6397172010892,6393736660443,T572,89.0,Noah Diaz,2025-12-07 00:30:11,noise
6397172010892,6393736660443,T572,123.4,Noah Diaz,2025-12-01 22:17:25,noise
6397172010892,6393736660443,T572,168.6,Noah Diaz,2025-12-13 05:21:19,noise
6397172010892,6393736660443,T572,53.4,Noah Diaz,2025-12-04 14:20:55,noise
6392951962632,6399085717386,T322,4.4,Diego Mehta,2025-10-18 05:03:48,noise
6392951962632,6392175203535,T322,12.3,Diego Mehta,2025-10-18 12:13:17,noise
6392951962632,6395657768886,T161,50.6,Diego Mehta,2025-10-18 11:01:14,noise
6392951962632,6397473500175,T322,18.2,Diego Mehta,2025-10-17 19:18:19,noise
6392951962632,6392951962632,T322,40.5,Diego Mehta,2025-10-17 20:02:25,noise
6392951962632,6399085717386,T322,11.2,Diego Mehta,2025-10-16 13:13:34,noise
6392951962632,6399836144770,T161,17.4,Diego Mehta,2025-10-16 08:27:22,noise
6392951962632,6399085717386,T322,15.1,Diego Mehta,2025-10-16 15:29:49,noise
6392951962632,6399085717386,T161,12.6,Diego Mehta,2025-10-15 01:28:40,noise
6392951962632,6397052145323,T161,12.0,Diego Mehta,2025-10-15 19:03:18,noise
6392951962632,6395588265198,T322,9.1,Diego Mehta,2025-10-14 21:26:53,noise
6392951962632,6391302712293,T322,34.6,Diego Mehta,2025-10-13 10:25:35,noise
6392951962632,6392175203535,T322,15.3,Diego Mehta,2025-10-13 17:20:42,noise
6392951962632,6392705348834,T322,15.7,Diego Mehta,2025-10-12 13:16:52,noise
6392951962632,6399085717386,T322,13.2,Diego Mehta,2025-10-12 22:03:33,noise
6392951962632,6397052145323,T322,10.5,Diego Mehta,2025-10-12 08:17:04,noise
6392951962632,6399085717386,T322,6.9,Diego Mehta,2025-10-11 09:23:07,noise
6392951962632,6397052145323,T322,10.7,Diego Mehta,2025-10-11 12:06:16,noise
6392951962632,6395588265198,T322,10.1,Diego Mehta,2025-10-11 10:09:05,noise
6392951962632,6399085717386,T322,7.9,Diego Mehta,2025-10-10 10:18:59,noise
6392951962632,6399804243491,T322,9.0,Diego Mehta,2025-10-10 18:10:21,noise
6392951962632,6395588265198,T322,18.5,Diego Mehta,2025-10-09 12:09:13,noise
6392951962632,6395588265198,T322,43.1,Diego Mehta,2025-10-08 12:09:35,noise
6392951962632,6397052145323,T322,35.4,Diego Mehta,2025-10-07 10:00:42,noise
6392951962632,6395588265198,T322,18.0,Diego Mehta,2025-10-06 17:14:23,noise
6392951962632,6397052145323,T322,24.4,Diego Mehta,2025-10-06 19:27:50,noise
6392951962632,6397982198732,T322,60.2,Diego Mehta,2025-10-05 09:03:40,noise
6392951962632,6391167752063,T161,13.6,Diego Mehta,2025-10-04 22:16:08,noise
6392951962632,6397052145323,T322,4.1,Diego Mehta,2025-10-04 16:02:58,noise
6392951962632,6395588265198,T161,19.5,Diego Mehta,2025-10-03 15:18:24,noise
6392951962632,6399085717386,T322,15.7,Diego Mehta,2025-10-03 13:06:16,noise
6392951962632,6399085717386,T322,31.1,Diego Mehta,2025-10-02 15:21:38,noise
6392951962632,6399085717386,T161,15.5,Diego Mehta,2025-10-02 08:10:06,noise
6392951962632,6393454415467,T161,14.5,Diego Mehta,2025-10-01 19:15:26,noise
6392951962632,6397052145323,T161,9.4,Diego Mehta,2025-10-01 16:01:44,noise
6392951962632,6395588265198,T161,21.9,Diego Mehta,2025-09-30 14:11:19,noise
6392951962632,6394856722505,T161,6.4,Diego Mehta,2025-09-30 16:08:03,noise
6392951962632,6399085717386,T161,16.3,Diego Mehta,2025-09-29 13:14:23,noise
6392951962632,6397052145323,T322,15.9,Diego Mehta,2025-09-29 01:22:16,noise
6392951962632,6395588265198,T322,15.8,Diego Mehta,2025-09-29 09:24:09,noise
6392951962632,6399085717386,T322,10.0,Diego Mehta,2025-09-28 13:22:54,noise
6392951962632,6397052145323,T161,15.9,Diego Mehta,2025-09-28 10:25:17,noise
6392951962632,6395588265198,T322,11.8,Diego Mehta,2025-09-27 16:00:43,noise
6392951962632,6397052145323,T161,26.8,Diego Mehta,2025-09-27 15:25:34,noise
6392951962632,6395588265198,T322,23.5,Diego Mehta,2025-09-27 00:15:35,noise
6392951962632,6395588265198,T322,10.9,Diego Mehta,2025-09-26 17:23:09,noise
6392951962632,6395588265198,T322,12.0,Diego Mehta,2025-09-25 14:13:36,noise
6392951962632,6396393488216,T322,5.2,Diego Mehta,2025-09-24 20:24:43,noise
6392951962632,6399085717386,T322,5.7,Diego Mehta,2025-09-24 10:11:01,noise
6392951962632,6399085717386,T161,3.0,Diego Mehta,2025-09-23 12:01:27,noise
6392951962632,6395136375863,T161,8.9,Diego Mehta,2025-09-23 21:28:41,noise
6392951962632,6395588265198,T322,20.3,Diego Mehta,2025-09-22 20:23:48,noise
6392951962632,6399696031872,T322,20.6,Diego Mehta,2025-09-22 05:07:48,noise
6392951962632,6397052145323,T322,23.8,Diego Mehta,2025-09-22 16:17:39,noise
6392951962632,6395588265198,T161,52.9,Diego Mehta,2025-09-21 14:01:23,noise
6392951962632,6395588265198,T161,19.0,Diego Mehta,2025-09-21 14:21:17,noise
6392951962632,6399085717386,T322,42.5,Diego Mehta,2025-09-20 09:02:22,noise
6392951962632,6397473530031,T322,10.2,Diego Mehta,2025-09-20 03:22:20,noise
6392951962632,6399003402039,T322,17.1,Diego Mehta,2025-09-19 09:23:47,noise
6392951962632,6399085717386,T161,4.7,Diego Mehta,2025-09-18 15:28:15,noise
6392951962632,6397052145323,T161,16.2,Diego Mehta,2025-09-18 19:29:47,noise
6392951962632,6397052145323,T322,5.3,Diego Mehta,2025-09-18 15:25:00,noise
6392951962632,6394055226921,T322,6.0,Diego Mehta,2025-09-17 23:05:48,noise
6392951962632,6399085717386,T322,30.1,Diego Mehta,2025-09-17 13:09:01,noise
6392951962632,6397052145323,T161,6.2,Diego Mehta,2025-09-16 09:25:03,noise
6392951962632,6392951962632,T161,19.9,Diego Mehta,2025-09-15 20:28:52,noise
6392951962632,6397052145323,T161,14.7,Diego Mehta,2025-09-15 02:27:45,noise
6392951962632,6394711330962,T322,9.8,Diego Mehta,2025-09-15 15:11:06,noise
6392951962632,6399085717386,T161,20.5,Diego Mehta,2025-09-14 11:13:22,noise
6392951962632,6395588265198,T161,9.8,Diego Mehta,2025-09-14 13:28:29,noise
6392951962632,6397266186506,T161,9.3,Diego Mehta,2025-09-13 10:08:54,noise
6392951962632,6399085717386,T161,14.3,Diego Mehta,2025-09-13 23:03:39,noise
6392951962632,6393549070850,T322,15.2,Diego Mehta,2025-09-12 08:14:58,noise
6392951962632,6397052145323,T161,10.1,Diego Mehta,2025-09-11 17:02:57,noise
6392951962632,6397326243787,T322,26.0,Diego Mehta,2025-09-11 20:07:07,noise
6392951962632,6399085717386,T161,17.0,Diego Mehta,2025-09-10 11:09:25,noise
6392951962632,6399085717386,T322,9.6,Diego Mehta,2025-09-10 08:14:37,noise
6392951962632,6397052145323,T322,24.9,Diego Mehta,2025-09-10 20:14:32,noise
6392951962632,6397052145323,T322,6.8,Diego Mehta,2025-09-09 09:23:42,noise
6392951962632,6395588265198,T322,18.5,Diego Mehta,2025-09-08 10:05:59,noise
6392951962632,6399085717386,T322,24.9,Diego Mehta,2025-09-07 01:15:32,noise
6392951962632,6395588265198,T322,18.8,Diego Mehta,2025-09-07 14:12:01,noise
6392951962632,6397052145323,T322,16.2,Diego Mehta,2025-09-07 13:10:52,noise
6392951962632,6395588265198,T322,19.6,Diego Mehta,2025-09-06 11:00:14,noise
6392951962632,6398415249661,T322,10.2,Diego Mehta,2025-09-06 08:25:22,noise
6392951962632,6399085717386,T161,27.3,Diego Mehta,2025-09-05 23:07:35,noise
6392951962632,6396625936508,T322,23.0,Diego Mehta,2025-09-05 13:24:59,noise
6392951962632,6397052145323,T322,17.8,Diego Mehta,2025-09-04 14:19:58,noise
6392951962632,6397052145323,T322,13.0,Diego Mehta,2025-09-04 08:04:00,noise
6392951962632,6392517116618,T322,17.7,Diego Mehta,2025-09-03 16:13:29,noise
6392951962632,6395588265198,T161,13.4,Diego Mehta,2025-09-02 17:02:03,noise
6392951962632,6397052145323,T161,8.3,Diego Mehta,2025-09-02 01:01:25,noise
6392951962632,6395588265198,T322,6.8,Diego Mehta,2025-09-01 16:24:34,noise
6392951962632,6395535962322,T322,20.8,Diego Mehta,2025-08-31 12:18:41,noise
6392951962632,6394513051861,T322,25.0,Diego Mehta,2025-08-31 08:16:41,noise
6392951962632,6397052145323,T161,16.6,Diego Mehta,2025-08-30 19:01:07,noise
6392951962632,6397473500175,T161,7.1,Diego Mehta,2025-08-30 19:27:21,noise
6392951962632,6395588265198,T322,17.6,Diego Mehta,2025-08-29 09:07:29,noise
6392951962632,6397052145323,T161,25.3,Diego Mehta,2025-08-28 09:01:48,noise
6392951962632,6397052145323,T322,15.8,Diego Mehta,2025-08-28 12:18:31,noise
6392951962632,6397645850299,T322,7.3,Diego Mehta,2025-08-28 20:13:52,noise
6392951962632,6395682267963,T161,4.4,Diego Mehta,2025-08-27 15:22:01,noise
6392951962632,6399085717386,T322,6.2,Diego Mehta,2025-08-27 20:30:10,noise
6392951962632,6397052145323,T161,8.2,Diego Mehta,2025-08-26 13:20:50,noise
6392951962632,6395588265198,T161,17.1,Diego Mehta,2025-08-26 20:25:38,noise
6392951962632,6395588265198,T322,53.0,Diego Mehta,2025-08-25 12:02:52,noise
6392951962632,6395588265198,T161,17.1,Diego Mehta,2025-08-25 15:29:58,noise
6392951962632,6399085717386,T161,16.8,Diego Mehta,2025-08-25 14:24:47,noise
6392951962632,6399085717386,T161,27.7,Diego Mehta,2025-08-24 12:14:42,noise
6392951962632,6399085717386,T161,4.9,Diego Mehta,2025-08-23 09:04:08,noise
6392951962632,6395588265198,T322,94.9,Diego Mehta,2025-08-23 22:21:49,noise
6392951962632,6399696031872,T161,8.3,Diego Mehta,2025-08-22 16:04:24,noise
6392951962632,6399085717386,T322,23.8,Diego Mehta,2025-08-22 15:14:44,noise
6392951962632,6399085717386,T161,21.8,Diego Mehta,2025-08-21 20:08:50,noise
6392951962632,6395588265198,T322,16.0,Diego Mehta,2025-08-21 21:28:09,noise
6392951962632,6395588265198,T322,7.4,Diego Mehta,2025-08-20 23:16:17,noise
6392951962632,6399085717386,T322,18.4,Diego Mehta,2025-08-20 22:24:26,noise
6392951962632,6395588265198,T161,41.4,Diego Mehta,2025-08-19 21:18:14,noise
6392951962632,6395588265198,T322,5.0,Diego Mehta,2025-08-19 05:04:54,noise
6392951962632,6397052145323,T161,13.4,Diego Mehta,2025-08-18 17:30:16,noise
6392951962632,6397052145323,T322,46.7,Diego Mehta,2025-08-18 19:11:39,noise
6392951962632,6399085717386,T322,7.7,Diego Mehta,2025-08-17 17:25:42,noise
6392951962632,6395588265198,T322,13.2,Diego Mehta,2025-08-17 16:30:27,noise
6392951962632,6395588265198,T322,31.0,Diego Mehta,2025-08-17 13:29:31,noise
6392951962632,6395588265198,T161,13.1,Diego Mehta,2025-08-16 04:21:26,noise
6392951962632,6395535962322,T161,9.8,Diego Mehta,2025-08-16 12:19:27,noise
6392951962632,6397052145323,T322,24.0,Diego Mehta,2025-08-15 22:03:13,noise
6392951962632,6395588265198,T161,37.5,Diego Mehta,2025-08-14 15:10:26,noise
6392951962632,6399487367347,T322,41.7,Diego Mehta,2025-08-14 16:22:36,noise
6392951962632,6395324391443,T322,13.6,Diego Mehta,2025-08-14 19:11:02,noise
6392951962632,6395324391443,T322,12.7,Diego Mehta,2025-08-13 11:11:48,noise
6392951962632,6395588265198,T161,16.4,Diego Mehta,2025-08-12 20:03:51,noise
6392951962632,6395588265198,T322,4.3,Diego Mehta,2025-08-11 05:19:06,noise
6392951962632,6391577055581,T322,19.2,Diego Mehta,2025-08-11 18:29:49,noise
6392951962632,6397052145323,T322,34.3,Diego Mehta,2025-08-10 10:19:53,noise
6392951962632,6397761210582,T322,12.5,Diego Mehta,2025-08-10 08:26:24,noise
6392951962632,6399085717386,T161,30.5,Diego Mehta,2025-08-09 10:01:55,noise
6392951962632,6399085717386,T322,44.5,Diego Mehta,2025-08-09 16:28:12,noise
6392951962632,6393454415467,T161,11.5,Diego Mehta,2025-08-08 13:09:00,noise
6392951962632,6397052145323,T161,8.2,Diego Mehta,2025-08-07 23:11:13,noise
6392951962632,6395588265198,T322,21.4,Diego Mehta,2025-08-07 11:02:33,noise
6392951962632,6395588265198,T322,13.4,Diego Mehta,2025-08-07 03:15:50,noise
6392951962632,6394055226921,T322,12.3,Diego Mehta,2025-08-06 05:25:21,noise
6392951962632,6397052145323,T161,18.0,Diego Mehta,2025-08-06 13:00:37,noise
6392951962632,6395588265198,T322,63.3,Diego Mehta,2025-08-05 19:08:12,noise
6392951962632,6399085717386,T161,107.3,Diego Mehta,2025-08-05 08:24:28,noise
6392951962632,6399487367347,T322,6.9,Diego Mehta,2025-08-04 08:23:57,noise
6397277321210,6395588265198,T328,6.6,Fahad Kim,2025-10-18 21:08:20,noise
6397277321210,6398087251603,T328,19.7,Fahad Kim,2025-10-18 22:13:33,noise
6397277321210,6399877395358,T328,20.3,Fahad Kim,2025-10-17 22:03:18,noise
6397277321210,6393329653115,T361,9.7,Fahad Kim,2025-10-17 15:27:34,noise
6397277321210,6397207416529,T328,5.7,Fahad Kim,2025-10-17 16:18:22,noise
6397277321210,6392175203535,T328,15.7,Fahad Kim,2025-10-16 11:08:38,noise
6397277321210,6392705348834,T328,60.8,Fahad Kim,2025-10-15 11:17:10,noise
6397277321210,6391051330112,T361,61.5,Fahad Kim,2025-10-14 01:19:49,noise
6397277321210,6391577055581,T328,12.4,Fahad Kim,2025-10-14 08:05:40,noise
6397277321210,6397479516078,T361,30.3,Fahad Kim,2025-10-14 10:09:46,noise
6397277321210,6392705348834,T328,58.8,Fahad Kim,2025-10-13 22:30:38,noise
6397277321210,6397207416529,T328,45.5,Fahad Kim,2025-10-13 13:01:58,noise
6397277321210,6392175203535,T361,27.5,Fahad Kim,2025-10-13 20:06:13,noise
6397277321210,6392175203535,T361,4.3,Fahad Kim,2025-10-12 11:24:45,noise
6397277321210,6397207416529,T328,15.8,Fahad Kim,2025-10-12 21:03:57,noise
6397277321210,6392175203535,T328,20.0,Fahad Kim,2025-10-11 12:12:33,noise
6397277321210,6392175203535,T328,5.7,Fahad Kim,2025-10-11 20:01:40,noise
6397277321210,6392705348834,T361,27.1,Fahad Kim,2025-10-10 18:08:59,noise
6397277321210,6397207416529,T328,33.5,Fahad Kim,2025-10-10 10:28:08,noise
6397277321210,6392175203535,T361,4.1,Fahad Kim,2025-10-09 11:24:39,noise
6397277321210,6392705348834,T328,16.4,Fahad Kim,2025-10-08 20:01:40,noise
6397277321210,6398415249661,T361,24.5,Fahad Kim,2025-10-08 15:22:20,noise
6397277321210,6394137438800,T328,24.1,Fahad Kim,2025-10-07 15:22:27,noise
6397277321210,6392705348834,T361,31.9,Fahad Kim,2025-10-07 10:07:46,noise
6397277321210,6392705348834,T328,23.9,Fahad Kim,2025-10-07 01:01:18,noise
6397277321210,6397207416529,T328,14.8,Fahad Kim,2025-10-06 13:02:37,noise
6397277321210,6392175203535,T328,26.2,Fahad Kim,2025-10-05 14:00:16,noise
6397277321210,6392705348834,T361,11.8,Fahad Kim,2025-10-04 23:16:26,noise
6397277321210,6399085717386,T328,21.0,Fahad Kim,2025-10-04 13:27:50,noise
6397277321210,6396726642544,T328,5.8,Fahad Kim,2025-10-04 17:14:01,noise
6397277321210,6397326243787,T328,15.0,Fahad Kim,2025-10-03 14:27:22,noise
6397277321210,6392175203535,T328,14.8,Fahad Kim,2025-10-02 12:16:06,noise
6397277321210,6393869319540,T361,28.6,Fahad Kim,2025-10-02 14:07:18,noise
6397277321210,6393694731514,T328,50.8,Fahad Kim,2025-10-01 18:15:01,noise
6397277321210,6397207416529,T328,28.1,Fahad Kim,2025-10-01 18:06:47,noise
6397277321210,6391877128212,T361,23.0,Fahad Kim,2025-10-01 19:02:48,noise
6397277321210,6397207416529,T361,3.6,Fahad Kim,2025-09-30 15:01:28,noise
6397277321210,6392705348834,T361,18.6,Fahad Kim,2025-09-30 17:15:40,noise
6397277321210,6394508672370,T328,7.0,Fahad Kim,2025-09-29 18:19:23,noise
6397277321210,6395453540079,T361,10.4,Fahad Kim,2025-09-29 22:25:57,noise
6397277321210,6399487367347,T361,44.6,Fahad Kim,2025-09-28 09:16:59,noise
6397277321210,6397207416529,T361,20.0,Fahad Kim,2025-09-28 03:21:09,noise
6397277321210,6395682267963,T361,10.8,Fahad Kim,2025-09-27 16:01:49,noise
6397277321210,6396726642544,T361,12.8,Fahad Kim,2025-09-27 03:25:36,noise
6397277321210,6392953177733,T361,39.1,Fahad Kim,2025-09-26 21:06:36,noise
6397277321210,6392175203535,T361,8.2,Fahad Kim,2025-09-26 18:05:57,noise
6397277321210,6397207416529,T328,6.1,Fahad Kim,2025-09-25 20:17:51,noise
6397277321210,6397207416529,T328,8.4,Fahad Kim,2025-09-25 12:09:08,noise
6397277321210,6392705348834,T328,21.4,Fahad Kim,2025-09-24 15:21:28,noise
6397277321210,6391282991519,T361,13.2,Fahad Kim,2025-09-24 19:15:35,noise
6397277321210,6392175203535,T328,9.3,Fahad Kim,2025-09-24 20:18:08,noise
6397277321210,6392705348834,T361,20.8,Fahad Kim,2025-09-23 05:05:03,noise
6397277321210,6391319542424,T328,33.8,Fahad Kim,2025-09-23 22:14:32,noise
6397277321210,6392237426063,T328,14.9,Fahad Kim,2025-09-22 18:21:28,noise
6397277321210,6392175203535,T328,20.0,Fahad Kim,2025-09-22 18:09:24,noise
6397277321210,6392175203535,T361,58.4,Fahad Kim,2025-09-21 10:17:27,noise
6397277321210,6392705348834,T328,25.4,Fahad Kim,2025-09-21 12:07:30,noise
6397277321210,6396116554141,T361,25.7,Fahad Kim,2025-09-20 08:22:58,noise
6397277321210,6398069375909,T361,23.9,Fahad Kim,2025-09-19 09:05:13,noise
6397277321210,6391494838799,T328,21.6,Fahad Kim,2025-09-19 10:25:33,noise
6397277321210,6397207416529,T361,34.1,Fahad Kim,2025-09-18 12:17:14,noise
6397277321210,6391787733401,T328,10.2,Fahad Kim,2025-09-18 12:10:35,noise
6397277321210,6397959529190,T328,11.2,Fahad Kim,2025-09-17 12:02:19,noise
6397277321210,6397959529190,T361,9.0,Fahad Kim,2025-09-16 16:08:04,noise
6397277321210,6398087251603,T328,10.3,Fahad Kim,2025-09-16 13:15:04,noise
6397277321210,6392175203535,T328,25.5,Fahad Kim,2025-09-16 03:28:28,noise
6397277321210,6392175203535,T328,11.6,Fahad Kim,2025-09-15 09:06:25,noise
6397277321210,6392175203535,T328,22.6,Fahad Kim,2025-09-14 19:01:22,noise
6397277321210,6392175203535,T361,21.8,Fahad Kim,2025-09-14 08:07:09,noise
6397277321210,6392705348834,T361,9.5,Fahad Kim,2025-09-14 18:07:09,noise
6397277321210,6392705348834,T361,11.0,Fahad Kim,2025-09-13 13:06:51,noise
6397277321210,6397473500175,T328,54.3,Fahad Kim,2025-09-13 18:23:13,noise
6397277321210,6397207416529,T361,26.2,Fahad Kim,2025-09-13 11:00:55,noise
6397277321210,6397052145323,T361,6.9,Fahad Kim,2025-09-12 15:11:21,noise
6397277321210,6392705348834,T361,93.7,Fahad Kim,2025-09-12 15:30:35,noise
6397277321210,6393549070850,T361,20.5,Fahad Kim,2025-09-12 09:11:09,noise
6397277321210,6392705348834,T328,6.5,Fahad Kim,2025-09-11 20:17:15,noise
6397277321210,6396726642544,T328,20.1,Fahad Kim,2025-09-11 04:29:36,noise
6397277321210,6392175203535,T361,26.0,Fahad Kim,2025-09-11 01:26:51,noise
6397277321210,6392175203535,T361,24.3,Fahad Kim,2025-09-10 10:24:30,noise
6397277321210,6392705348834,T361,11.2,Fahad Kim,2025-09-10 00:29:08,noise
6397277321210,6397761210582,T328,28.4,Fahad Kim,2025-09-09 12:09:15,noise
6397277321210,6394856722505,T361,14.5,Fahad Kim,2025-09-09 10:29:15,noise
6397277321210,6392175203535,T361,59.9,Fahad Kim,2025-09-08 19:22:53,noise
6397277321210,6392705348834,T361,15.0,Fahad Kim,2025-09-08 20:23:21,noise
6397277321210,6397207416529,T361,14.8,Fahad Kim,2025-09-07 15:06:05,noise
6397277321210,6397207416529,T361,23.0,Fahad Kim,2025-09-07 18:27:13,noise
6397277321210,6392705348834,T361,13.7,Fahad Kim,2025-09-07 12:10:36,noise
6397277321210,6394055226921,T328,28.8,Fahad Kim,2025-09-06 11:27:34,noise
6397277321210,6396393488216,T361,14.9,Fahad Kim,2025-09-06 10:14:01,noise
6397277321210,6397207416529,T328,14.6,Fahad Kim,2025-09-05 20:11:07,noise
6397277321210,6399696031872,T328,7.1,Fahad Kim,2025-09-05 20:21:02,noise
6397277321210,6394055226921,T361,23.1,Fahad Kim,2025-09-04 14:24:05,noise
6397277321210,6392705348834,T328,28.5,Fahad Kim,2025-09-04 09:25:54,noise
6397277321210,6397207416529,T361,30.7,Fahad Kim,2025-09-03 10:29:07,noise
6397277321210,6397761210582,T328,11.4,Fahad Kim,2025-09-02 11:30:20,noise
6397277321210,6396688935939,T328,15.9,Fahad Kim,2025-09-02 15:30:23,noise
6397277321210,6399141407059,T328,23.2,Fahad Kim,2025-09-01 12:09:40,noise
6397277321210,6392175203535,T328,48.8,Fahad Kim,2025-08-31 11:19:52,noise
6397277321210,6397102194949,T328,83.5,Fahad Kim,2025-08-31 10:23:34,noise
6397277321210,6392705348834,T361,23.9,Fahad Kim,2025-08-30 04:27:32,noise
6397277321210,6399003402039,T328,67.4,Fahad Kim,2025-08-30 21:15:47,noise
6397277321210,6399003402039,T328,17.2,Fahad Kim,2025-08-29 13:25:53,noise
6397277321210,6397207416529,T328,13.9,Fahad Kim,2025-08-28 17:20:04,noise
6397277321210,6392175203535,T361,5.2,Fahad Kim,2025-08-27 23:11:24,noise
6397277321210,6392175203535,T361,11.8,Fahad Kim,2025-08-27 12:01:02,noise
6397277321210,6393625636545,T361,54.3,Fahad Kim,2025-08-26 11:23:07,noise
6397277321210,6392175203535,T361,12.7,Fahad Kim,2025-08-26 11:11:55,noise
6397277321210,6396393488216,T361,17.6,Fahad Kim,2025-08-25 22:06:26,noise
6397277321210,6392175203535,T361,21.5,Fahad Kim,2025-08-24 10:04:19,noise
6397277321210,6397207416529,T328,12.1,Fahad Kim,2025-08-23 21:27:19,noise
6397277321210,6398097172985,T361,18.5,Fahad Kim,2025-08-23 13:15:12,noise
6397277321210,6392705348834,T328,20.3,Fahad Kim,2025-08-22 14:09:01,noise
6397277321210,6391577055581,T361,14.4,Fahad Kim,2025-08-22 10:13:20,noise
6397277321210,6392705348834,T361,14.7,Fahad Kim,2025-08-21 16:26:10,noise
6397277321210,6393549070850,T361,15.1,Fahad Kim,2025-08-21 15:04:02,noise
6397277321210,6399836144770,T361,25.4,Fahad Kim,2025-08-20 21:24:16,noise
6397277321210,6399141407059,T361,27.0,Fahad Kim,2025-08-19 13:20:26,noise
6397277321210,6392705348834,T361,21.1,Fahad Kim,2025-08-19 20:09:11,noise
6397277321210,6392705348834,T328,27.5,Fahad Kim,2025-08-18 18:21:15,noise
6397277321210,6396042155722,T328,25.6,Fahad Kim,2025-08-18 01:00:39,noise
6397277321210,6395958977897,T328,8.3,Fahad Kim,2025-08-18 10:21:34,noise
6397277321210,6397207416529,T328,9.1,Fahad Kim,2025-08-17 13:26:48,noise
6397277321210,6392175203535,T361,51.2,Fahad Kim,2025-08-16 18:05:49,noise
6397277321210,6394513051861,T361,3.7,Fahad Kim,2025-08-15 21:07:23,noise
6397277321210,6392705348834,T361,8.6,Fahad Kim,2025-08-14 12:23:52,noise
6397277321210,6397207416529,T328,8.4,Fahad Kim,2025-08-14 02:17:39,noise
6397277321210,6392175203535,T328,9.5,Fahad Kim,2025-08-13 20:13:48,noise
6397277321210,6392953177733,T328,14.7,Fahad Kim,2025-08-13 15:23:45,noise
6397277321210,6397207416529,T361,13.1,Fahad Kim,2025-08-12 16:17:05,noise
6397277321210,6397207416529,T328,22.3,Fahad Kim,2025-08-11 00:21:28,noise
6397277321210,6397207416529,T361,96.5,Fahad Kim,2025-08-11 11:13:56,noise
6397277321210,6392175203535,T361,17.1,Fahad Kim,2025-08-10 16:30:07,noise
6397277321210,6392953177733,T328,16.8,Fahad Kim,2025-08-10 16:22:59,noise
6397277321210,6393332370721,T328,7.8,Fahad Kim,2025-08-10 22:17:43,noise
6397277321210,6391051330112,T361,8.9,Fahad Kim,2025-08-09 09:11:19,noise
6397277321210,6392175203535,T361,7.9,Fahad Kim,2025-08-09 14:10:18,noise
6397277321210,6398085325274,T361,27.4,Fahad Kim,2025-08-09 19:17:04,noise
6397277321210,6392175203535,T328,20.3,Fahad Kim,2025-08-08 10:08:38,noise
6397277321210,6393454415467,T328,16.2,Fahad Kim,2025-08-08 14:17:24,noise
6397277321210,6395453540079,T361,13.9,Fahad Kim,2025-08-08 15:22:34,noise
6397277321210,6397959529190,T361,6.8,Fahad Kim,2025-08-07 19:08:12,noise
6397277321210,6392705348834,T361,21.3,Fahad Kim,2025-08-07 19:24:37,noise
6397277321210,6392175203535,T328,7.9,Fahad Kim,2025-08-06 19:28:59,noise
6397277321210,6396726642544,T361,13.4,Fahad Kim,2025-08-05 08:07:29,noise
6397277321210,6392788177179,T328,16.2,Fahad Kim,2025-08-04 23:14:56,noise
6397277321210,6392175203535,T328,21.4,Fahad Kim,2025-08-04 09:08:50,noise
6394055226921,6394508672370,T654,35.3,Grace Zhou,2025-10-18 15:05:54,noise
6394055226921,6391494838799,T623,18.1,Grace Zhou,2025-10-17 19:23:03,noise
6394055226921,6397473500175,T654,36.2,Grace Zhou,2025-10-16 13:28:24,noise
6394055226921,6399096359352,T623,15.4,Grace Zhou,2025-10-16 08:23:51,noise
6394055226921,6397207416529,T654,19.8,Grace Zhou,2025-10-15 15:12:03,noise
6394055226921,6393825956914,T623,14.2,Grace Zhou,2025-10-14 14:04:51,noise
6394055226921,6395453540079,T654,57.6,Grace Zhou,2025-10-14 09:24:09,noise
6394055226921,6397473500175,T654,15.2,Grace Zhou,2025-10-13 15:28:51,noise
6394055226921,6392322072341,T623,7.5,Grace Zhou,2025-10-13 20:14:19,noise
6394055226921,6395453540079,T623,7.6,Grace Zhou,2025-10-12 20:20:36,noise
6394055226921,6397761210582,T623,37.2,Grace Zhou,2025-10-11 09:28:06,noise
6394055226921,6397959529190,T623,21.6,Grace Zhou,2025-10-11 22:25:05,noise
6394055226921,6395453540079,T654,23.6,Grace Zhou,2025-10-10 23:22:19,noise
6394055226921,6395453540079,T654,13.0,Grace Zhou,2025-10-09 01:21:52,noise
6394055226921,6395453540079,T623,11.2,Grace Zhou,2025-10-09 08:29:37,noise
6394055226921,6395453540079,T623,9.5,Grace Zhou,2025-10-09 14:16:26,noise
6394055226921,6392517116618,T654,19.5,Grace Zhou,2025-10-08 08:19:47,noise
6394055226921,6392322072341,T654,7.7,Grace Zhou,2025-10-08 16:07:45,noise
6394055226921,6392322072341,T654,22.1,Grace Zhou,2025-10-07 11:01:57,noise
6394055226921,6397473500175,T623,15.8,Grace Zhou,2025-10-06 16:05:06,noise
6394055226921,6399141407059,T623,15.1,Grace Zhou,2025-10-06 17:00:25,noise
6394055226921,6397959529190,T623,12.8,Grace Zhou,2025-10-06 18:22:03,noise
6394055226921,6393869319540,T654,21.6,Grace Zhou,2025-10-05 14:29:13,noise
6394055226921,6395453540079,T623,4.2,Grace Zhou,2025-10-05 14:09:11,noise
6394055226921,6392322072341,T654,21.4,Grace Zhou,2025-10-05 08:02:01,noise
6394055226921,6391319542424,T623,21.4,Grace Zhou,2025-10-04 19:22:50,noise
6394055226921,6399696031872,T623,2.9,Grace Zhou,2025-10-04 09:29:47,noise
6394055226921,6396198739962,T623,7.5,Grace Zhou,2025-10-03 17:26:10,noise
6394055226921,6397473500175,T654,26.0,Grace Zhou,2025-10-02 08:17:36,noise
6394055226921,6392322072341,T623,40.2,Grace Zhou,2025-10-02 12:21:41,noise
6394055226921,6395453540079,T654,29.8,Grace Zhou,2025-10-01 04:16:45,noise
6394055226921,6395453540079,T623,9.9,Grace Zhou,2025-10-01 14:13:39,noise
6394055226921,6392322072341,T654,32.0,Grace Zhou,2025-09-30 18:10:21,noise
6394055226921,6392322072341,T623,14.8,Grace Zhou,2025-09-30 13:29:12,noise
6394055226921,6395453540079,T623,11.3,Grace Zhou,2025-09-29 16:05:14,noise
6394055226921,6397473500175,T623,11.4,Grace Zhou,2025-09-29 20:15:40,noise
6394055226921,6395453540079,T623,27.5,Grace Zhou,2025-09-28 08:12:59,noise
6394055226921,6392322072341,T623,4.5,Grace Zhou,2025-09-28 19:08:30,noise
6394055226921,6395453540079,T623,12.6,Grace Zhou,2025-09-27 09:03:52,noise
6394055226921,6395136375863,T623,9.4,Grace Zhou,2025-09-27 19:17:21,noise
6394055226921,6392322072341,T654,24.2,Grace Zhou,2025-09-27 19:10:18,noise
6394055226921,6397473500175,T623,5.6,Grace Zhou,2025-09-26 08:27:56,noise
6394055226921,6397473500175,T623,47.7,Grace Zhou,2025-09-26 03:26:02,noise
6394055226921,6397473530031,T654,18.9,Grace Zhou,2025-09-26 20:28:55,noise
6394055226921,6394508672370,T654,13.6,Grace Zhou,2025-09-25 11:11:19,noise
6394055226921,6397473500175,T623,12.0,Grace Zhou,2025-09-25 04:00:07,noise
6394055226921,6393454415467,T654,18.1,Grace Zhou,2025-09-24 13:23:31,noise
6394055226921,6392322072341,T623,20.1,Grace Zhou,2025-09-24 18:11:34,noise
6394055226921,6392322072341,T654,33.2,Grace Zhou,2025-09-24 16:03:58,noise
6394055226921,6392322072341,T623,24.8,Grace Zhou,2025-09-23 20:19:44,noise
6394055226921,6392322072341,T623,9.0,Grace Zhou,2025-09-22 17:09:53,noise
6394055226921,6395453540079,T623,15.1,Grace Zhou,2025-09-22 03:06:34,noise
6394055226921,6393454415467,T623,8.1,Grace Zhou,2025-09-22 23:15:50,noise
6394055226921,6392761010721,T623,17.4,Grace Zhou,2025-09-21 18:27:57,noise
6394055226921,6395453540079,T654,22.1,Grace Zhou,2025-09-21 23:00:33,noise
6394055226921,6397156535284,T623,21.4,Grace Zhou,2025-09-20 15:21:39,noise
6394055226921,6392322072341,T654,14.6,Grace Zhou,2025-09-20 09:25:11,noise
6394055226921,6395453540079,T623,36.6,Grace Zhou,2025-09-20 05:21:42,noise
6394055226921,6395453540079,T623,13.1,Grace Zhou,2025-09-19 19:24:22,noise
6394055226921,6392322072341,T623,17.9,Grace Zhou,2025-09-19 14:00:22,noise
6394055226921,6392761010721,T654,22.9,Grace Zhou,2025-09-18 20:08:57,noise
6394055226921,6397479516078,T654,21.7,Grace Zhou,2025-09-17 14:10:15,noise
6394055226921,6397473500175,T654,38.7,Grace Zhou,2025-09-16 09:00:46,noise
6394055226921,6397473500175,T623,25.9,Grace Zhou,2025-09-15 09:02:01,noise
6394055226921,6395453540079,T654,11.3,Grace Zhou,2025-09-14 12:17:06,noise
6394055226921,6392322072341,T623,14.8,Grace Zhou,2025-09-14 19:23:13,noise
6394055226921,6392322072341,T623,14.5,Grace Zhou,2025-09-13 18:09:39,noise
6394055226921,6391787733401,T623,7.2,Grace Zhou,2025-09-13 12:21:03,noise
6394055226921,6392322072341,T654,87.5,Grace Zhou,2025-09-12 09:14:53,noise
6394055226921,6395453540079,T623,10.8,Grace Zhou,2025-09-12 15:00:42,noise
6394055226921,6392322072341,T623,18.2,Grace Zhou,2025-09-11 15:26:59,noise
6394055226921,6395136375863,T623,32.2,Grace Zhou,2025-09-11 08:03:04,noise
6394055226921,6395453540079,T623,8.8,Grace Zhou,2025-09-10 11:18:29,noise
6394055226921,6392464364634,T654,12.7,Grace Zhou,2025-09-10 14:04:40,noise
6394055226921,6395453540079,T623,15.6,Grace Zhou,2025-09-10 14:30:05,noise
6394055226921,6394573060920,T623,11.1,Grace Zhou,2025-09-09 09:25:11,noise
6394055226921,6397473500175,T623,18.0,Grace Zhou,2025-09-08 08:06:14,noise
6394055226921,6394247662559,T623,9.0,Grace Zhou,2025-09-08 10:14:42,noise
6394055226921,6395453540079,T654,16.1,Grace Zhou,2025-09-07 19:07:02,noise
6394055226921,6397473500175,T654,7.3,Grace Zhou,2025-09-07 15:05:26,noise
6394055226921,6397473500175,T654,23.9,Grace Zhou,2025-09-07 17:22:48,noise
6394055226921,6395453540079,T654,13.7,Grace Zhou,2025-09-06 13:05:18,noise
6394055226921,6399836144770,T623,21.6,Grace Zhou,2025-09-05 15:26:03,noise
6394055226921,6395453540079,T623,22.0,Grace Zhou,2025-09-05 02:11:34,noise
6394055226921,6392322072341,T623,12.5,Grace Zhou,2025-09-05 20:07:00,noise
6394055226921,6392322072341,T623,17.4,Grace Zhou,2025-09-04 16:25:03,noise
6394055226921,6395453540079,T623,9.0,Grace Zhou,2025-09-04 20:22:30,noise
6394055226921,6395453540079,T623,23.6,Grace Zhou,2025-09-03 08:12:27,noise
6394055226921,6395453540079,T623,20.5,Grace Zhou,2025-09-02 12:01:47,noise
6394055226921,6392322072341,T623,14.0,Grace Zhou,2025-09-01 13:30:05,noise
6394055226921,6393869319540,T623,25.0,Grace Zhou,2025-09-01 19:19:18,noise
6394055226921,6392322072341,T623,41.0,Grace Zhou,2025-09-01 09:19:11,noise
6394055226921,6392322072341,T623,37.3,Grace Zhou,2025-08-31 08:26:42,noise
6394055226921,6397207416529,T654,26.5,Grace Zhou,2025-08-31 01:03:49,noise
6394055226921,6397473500175,T623,31.0,Grace Zhou,2025-08-30 11:06:14,noise
6394055226921,6395453540079,T623,7.5,Grace Zhou,2025-08-30 12:23:50,noise
6394055226921,6395453540079,T654,7.3,Grace Zhou,2025-08-30 16:21:29,noise
6394055226921,6392322072341,T654,18.2,Grace Zhou,2025-08-29 16:05:50,noise
6394055226921,6397473500175,T623,13.0,Grace Zhou,2025-08-29 15:03:25,noise
6394055226921,6395453540079,T654,11.3,Grace Zhou,2025-08-29 17:14:24,noise
6394055226921,6395453540079,T654,15.9,Grace Zhou,2025-08-28 17:14:39,noise
6394055226921,6399487367347,T623,25.8,Grace Zhou,2025-08-27 18:30:53,noise
6394055226921,6397473500175,T654,21.0,Grace Zhou,2025-08-27 11:02:28,noise
6394055226921,6397473500175,T654,7.8,Grace Zhou,2025-08-27 16:26:13,noise
6394055226921,6395453540079,T654,16.5,Grace Zhou,2025-08-26 17:29:09,noise
6394055226921,6397473500175,T654,4.4,Grace Zhou,2025-08-26 12:16:55,noise
6394055226921,6397207416529,T623,31.7,Grace Zhou,2025-08-25 12:06:25,noise
6394055226921,6395453540079,T623,17.1,Grace Zhou,2025-08-25 11:03:35,noise
6394055226921,6397473500175,T654,7.4,Grace Zhou,2025-08-25 12:09:01,noise
6394055226921,6397473500175,T623,12.4,Grace Zhou,2025-08-24 02:22:46,noise
6394055226921,6395588265198,T654,10.9,Grace Zhou,2025-08-24 21:03:14,noise
6394055226921,6399487367347,T654,57.6,Grace Zhou,2025-08-23 21:21:08,noise
6394055226921,6392322072341,T654,23.6,Grace Zhou,2025-08-23 21:21:10,noise
6394055226921,6392464364634,T623,11.6,Grace Zhou,2025-08-23 17:20:18,noise
6394055226921,6395453540079,T623,40.3,Grace Zhou,2025-08-22 17:20:18,noise
6394055226921,6395453540079,T623,8.7,Grace Zhou,2025-08-22 23:09:57,noise
6394055226921,6395453540079,T623,15.6,Grace Zhou,2025-08-21 16:28:52,noise
6394055226921,6393549070850,T623,33.9,Grace Zhou,2025-08-21 15:03:29,noise
6394055226921,6394372750872,T623,46.6,Grace Zhou,2025-08-20 11:15:41,noise
6394055226921,6397473500175,T654,32.6,Grace Zhou,2025-08-19 11:03:13,noise
6394055226921,6396688935939,T654,14.5,Grace Zhou,2025-08-19 14:15:24,noise
6394055226921,6397645850299,T654,28.0,Grace Zhou,2025-08-18 16:03:34,noise
6394055226921,6398673272758,T654,6.8,Grace Zhou,2025-08-18 19:20:11,noise
6394055226921,6392322072341,T654,14.5,Grace Zhou,2025-08-17 08:12:53,noise
6394055226921,6392322072341,T654,20.7,Grace Zhou,2025-08-17 08:02:42,noise
6394055226921,6397473500175,T623,7.9,Grace Zhou,2025-08-17 12:28:52,noise
6394055226921,6395453540079,T623,17.9,Grace Zhou,2025-08-16 13:01:19,noise
6394055226921,6397775259023,T623,35.0,Grace Zhou,2025-08-16 14:27:11,noise
6394055226921,6394247662559,T623,54.7,Grace Zhou,2025-08-16 09:21:03,noise
6394055226921,6395453540079,T654,14.3,Grace Zhou,2025-08-15 09:06:11,noise
6394055226921,6395453540079,T654,86.3,Grace Zhou,2025-08-15 09:11:36,noise
6394055226921,6392322072341,T623,16.5,Grace Zhou,2025-08-15 09:27:56,noise
6394055226921,6392322072341,T623,9.9,Grace Zhou,2025-08-14 13:26:25,noise
6394055226921,6392322072341,T623,9.9,Grace Zhou,2025-08-13 16:14:29,noise
6394055226921,6395453540079,T654,21.6,Grace Zhou,2025-08-13 22:29:29,noise
6394055226921,6396625936508,T654,32.8,Grace Zhou,2025-08-13 09:10:51,noise
6394055226921,6392322072341,T623,2.9,Grace Zhou,2025-08-12 20:02:21,noise
6394055226921,6395453540079,T623,5.9,Grace Zhou,2025-08-12 14:21:14,noise
6394055226921,6397473500175,T623,19.3,Grace Zhou,2025-08-11 10:13:27,noise
6394055226921,6397473500175,T654,15.0,Grace Zhou,2025-08-10 08:15:31,noise
6394055226921,6392322072341,T623,20.9,Grace Zhou,2025-08-10 08:28:52,noise
6394055226921,6397695360968,T623,12.8,Grace Zhou,2025-08-09 23:10:49,noise
6394055226921,6397473500175,T623,9.2,Grace Zhou,2025-08-09 21:21:26,noise
6394055226921,6398415249661,T623,13.2,Grace Zhou,2025-08-09 13:29:21,noise
6394055226921,6396393488216,T654,15.0,Grace Zhou,2025-08-08 13:26:32,noise
6394055226921,6393454415467,T654,19.6,Grace Zhou,2025-08-08 18:21:22,noise
6394055226921,6395453540079,T654,7.3,Grace Zhou,2025-08-07 13:05:53,noise
6394055226921,6397473500175,T623,20.4,Grace Zhou,2025-08-06 19:00:13,noise
6394055226921,6397473500175,T654,18.1,Grace Zhou,2025-08-06 18:23:00,noise
6394055226921,6397473500175,T623,21.2,Grace Zhou,2025-08-05 01:25:31,noise
6394055226921,6395453540079,T654,6.6,Grace Zhou,2025-08-05 09:01:25,noise
6394055226921,6392322072341,T623,49.0,Grace Zhou,2025-08-05 19:11:02,noise
6394055226921,6392322072341,T654,8.5,Grace Zhou,2025-08-04 13:17:12,noise
6397959529190,6397761210582,T275,12.1,Fahad Yamamoto,2025-10-18 01:08:14,noise
6397959529190,6393869319540,T275,86.8,Fahad Yamamoto,2025-10-18 05:15:39,noise
6397959529190,6395534105475,T470,15.6,Fahad Yamamoto,2025-10-17 08:27:53,noise
6397959529190,6394137438800,T275,19.4,Fahad Yamamoto,2025-10-17 08:09:18,noise
6397959529190,6399604910822,T470,20.6,Fahad Yamamoto,2025-10-17 19:00:33,noise
6397959529190,6397761210582,T275,11.8,Fahad Yamamoto,2025-10-16 00:18:47,noise
6397959529190,6394137438800,T275,29.9,Fahad Yamamoto,2025-10-16 20:01:46,noise
6397959529190,6394137438800,T275,13.0,Fahad Yamamoto,2025-10-15 19:12:00,noise
6397959529190,6394137438800,T275,8.7,Fahad Yamamoto,2025-10-15 09:26:06,noise
6397959529190,6394137438800,T275,23.4,Fahad Yamamoto,2025-10-15 12:13:37,noise
6397959529190,6394137438800,T275,14.4,Fahad Yamamoto,2025-10-14 23:06:51,noise
6397959529190,6397761210582,T275,10.9,Fahad Yamamoto,2025-10-14 16:03:17,noise
6397959529190,6393869319540,T470,10.4,Fahad Yamamoto,2025-10-13 18:20:55,noise
6397959529190,6397761210582,T470,17.5,Fahad Yamamoto,2025-10-13 11:00:51,noise
6397959529190,6393869319540,T275,19.4,Fahad Yamamoto,2025-10-12 08:17:24,noise
6397959529190,6391171674512,T275,34.4,Fahad Yamamoto,2025-10-12 15:01:01,noise
6397959529190,6397761210582,T275,20.1,Fahad Yamamoto,2025-10-11 15:21:38,noise
6397959529190,6393549070850,T275,9.3,Fahad Yamamoto,2025-10-11 15:06:18,noise
6397959529190,6397761210582,T470,17.5,Fahad Yamamoto,2025-10-10 12:28:31,noise
6397959529190,6397761210582,T275,34.3,Fahad Yamamoto,2025-10-10 12:04:11,noise
6397959529190,6397761210582,T275,22.6,Fahad Yamamoto,2025-10-09 10:01:28,noise
6397959529190,6393736660443,T275,10.6,Fahad Yamamoto,2025-10-09 02:29:09,noise
6397959529190,6394137438800,T275,7.2,Fahad Yamamoto,2025-10-09 21:28:26,noise
6397959529190,6397761210582,T275,10.6,Fahad Yamamoto,2025-10-08 00:06:41,noise
6397959529190,6397775259023,T470,8.4,Fahad Yamamoto,2025-10-07 13:30:42,noise
6397959529190,6393869319540,T470,14.1,Fahad Yamamoto,2025-10-07 11:30:15,noise
6397959529190,6394137438800,T470,27.2,Fahad Yamamoto,2025-10-06 20:28:03,noise
6397959529190,6397761210582,T275,39.3,Fahad Yamamoto,2025-10-06 15:04:56,noise
6397959529190,6397761210582,T275,11.2,Fahad Yamamoto,2025-10-05 18:26:41,noise
6397959529190,6397761210582,T470,6.2,Fahad Yamamoto,2025-10-04 14:22:54,noise
6397959529190,6397761210582,T275,8.9,Fahad Yamamoto,2025-10-04 05:03:09,noise
6397959529190,6394137438800,T470,6.9,Fahad Yamamoto,2025-10-03 14:06:57,noise
6397959529190,6393869319540,T275,8.0,Fahad Yamamoto,2025-10-03 16:28:14,noise
6397959529190,6397761210582,T470,23.7,Fahad Yamamoto,2025-10-02 19:10:35,noise
6397959529190,6393869319540,T470,3.2,Fahad Yamamoto,2025-10-02 12:25:51,noise
6397959529190,6395682267963,T470,35.9,Fahad Yamamoto,2025-10-01 17:15:20,noise
6397959529190,6393869319540,T275,6.9,Fahad Yamamoto,2025-10-01 08:27:11,noise
6397959529190,6399096359352,T470,9.5,Fahad Yamamoto,2025-09-30 15:02:28,noise
6397959529190,6399085717386,T275,9.0,Fahad Yamamoto,2025-09-29 14:17:37,noise
6397959529190,6394137438800,T470,18.4,Fahad Yamamoto,2025-09-29 14:03:28,noise
6397959529190,6393736660443,T275,27.2,Fahad Yamamoto,2025-09-28 12:20:19,noise
6397959529190,6393869319540,T275,22.2,Fahad Yamamoto,2025-09-28 09:02:18,noise
6397959529190,6395588265198,T470,10.3,Fahad Yamamoto,2025-09-27 18:07:32,noise
6397959529190,6397761210582,T470,26.4,Fahad Yamamoto,2025-09-27 22:08:26,noise
6397959529190,6394137438800,T275,24.4,Fahad Yamamoto,2025-09-26 13:07:02,noise
6397959529190,6396688935939,T275,14.3,Fahad Yamamoto,2025-09-26 17:22:55,noise
6397959529190,6395137959873,T470,32.5,Fahad Yamamoto,2025-09-25 12:19:36,noise
6397959529190,6393869319540,T470,9.6,Fahad Yamamoto,2025-09-24 19:30:12,noise
6397959529190,6399085717386,T470,4.4,Fahad Yamamoto,2025-09-24 22:20:51,noise
6397959529190,6397761210582,T275,14.9,Fahad Yamamoto,2025-09-23 17:17:12,noise
6397959529190,6394137438800,T470,9.6,Fahad Yamamoto,2025-09-23 15:27:44,noise
6397959529190,6396688935939,T470,29.5,Fahad Yamamoto,2025-09-22 15:01:56,noise
6397959529190,6397473500175,T470,31.6,Fahad Yamamoto,2025-09-21 21:06:20,noise
6397959529190,6395588239969,T275,21.1,Fahad Yamamoto,2025-09-21 11:26:34,noise
6397959529190,6397473530031,T275,12.1,Fahad Yamamoto,2025-09-20 15:25:40,noise
6397959529190,6397761210582,T275,36.8,Fahad Yamamoto,2025-09-19 21:16:13,noise
6397959529190,6393869319540,T275,8.8,Fahad Yamamoto,2025-09-19 20:12:46,noise
6397959529190,6394137438800,T470,9.8,Fahad Yamamoto,2025-09-18 14:14:24,noise
6397959529190,6394137438800,T275,11.3,Fahad Yamamoto,2025-09-18 19:11:56,noise
6397959529190,6393869319540,T275,18.7,Fahad Yamamoto,2025-09-17 08:24:49,noise
6397959529190,6394137438800,T275,17.1,Fahad Yamamoto,2025-09-17 08:02:42,noise
6397959529190,6393454415467,T470,20.1,Fahad Yamamoto,2025-09-16 10:07:53,noise
6397959529190,6398087251603,T275,18.6,Fahad Yamamoto,2025-09-16 22:21:59,noise
6397959529190,6393869319540,T275,30.1,Fahad Yamamoto,2025-09-15 18:29:39,noise
6397959529190,6395682267963,T470,24.8,Fahad Yamamoto,2025-09-15 09:28:54,noise
6397959529190,6399965853740,T275,54.5,Fahad Yamamoto,2025-09-15 17:28:02,noise
6397959529190,6394137438800,T275,23.9,Fahad Yamamoto,2025-09-14 08:30:11,noise
6397959529190,6397761210582,T470,7.9,Fahad Yamamoto,2025-09-13 09:17:40,noise
6397959529190,6394856722505,T470,5.0,Fahad Yamamoto,2025-09-13 16:21:47,noise
6397959529190,6397761210582,T275,6.5,Fahad Yamamoto,2025-09-13 10:03:53,noise
6397959529190,6398085325274,T275,22.3,Fahad Yamamoto,2025-09-12 12:16:11,noise
6397959529190,6398186138815,T470,5.0,Fahad Yamamoto,2025-09-12 03:07:47,noise
6397959529190,6397959529190,T275,22.0,Fahad Yamamoto,2025-09-12 09:28:47,noise
6397959529190,6394137438800,T470,10.1,Fahad Yamamoto,2025-09-11 10:02:53,noise
6397959529190,6397761210582,T275,4.7,Fahad Yamamoto,2025-09-11 14:02:52,noise
6397959529190,6397761210582,T470,8.9,Fahad Yamamoto,2025-09-10 23:23:30,noise
6397959529190,6397761210582,T470,18.9,Fahad Yamamoto,2025-09-09 04:27:24,noise
6397959529190,6397761210582,T275,7.0,Fahad Yamamoto,2025-09-08 13:29:01,noise
6397959529190,6393869319540,T470,6.4,Fahad Yamamoto,2025-09-08 20:02:50,noise
6397959529190,6391877128212,T275,2.8,Fahad Yamamoto,2025-09-08 18:13:24,noise
6397959529190,6394137438800,T275,15.9,Fahad Yamamoto,2025-09-07 17:02:15,noise
6397959529190,6399965853740,T275,14.3,Fahad Yamamoto,2025-09-06 15:12:04,noise
6397959529190,6397761210582,T470,21.5,Fahad Yamamoto,2025-09-06 03:08:15,noise
6397959529190,6393869319540,T275,24.6,Fahad Yamamoto,2025-09-05 16:21:52,noise
6397959529190,6391877128212,T275,9.6,Fahad Yamamoto,2025-09-05 17:29:06,noise
6397959529190,6393869319540,T470,7.6,Fahad Yamamoto,2025-09-04 13:24:35,noise
6397959529190,6394137438800,T470,9.8,Fahad Yamamoto,2025-09-03 19:03:09,noise
6397959529190,6397761210582,T275,52.4,Fahad Yamamoto,2025-09-03 13:07:40,noise
6397959529190,6397761210582,T275,13.3,Fahad Yamamoto,2025-09-03 01:20:59,noise
6397959529190,6393736660443,T275,9.5,Fahad Yamamoto,2025-09-02 17:16:40,noise
6397959529190,6393869319540,T470,12.6,Fahad Yamamoto,2025-09-02 15:18:15,noise
6397959529190,6397959529190,T470,9.8,Fahad Yamamoto,2025-09-01 11:01:15,noise
6397959529190,6393869319540,T275,14.9,Fahad Yamamoto,2025-08-31 20:12:53,noise
6397959529190,6393869319540,T275,6.3,Fahad Yamamoto,2025-08-31 11:03:50,noise
6397959529190,6393869319540,T470,14.6,Fahad Yamamoto,2025-08-31 02:07:07,noise
6397959529190,6391494838799,T275,18.5,Fahad Yamamoto,2025-08-30 18:29:36,noise
6397959529190,6394137438800,T470,65.0,Fahad Yamamoto,2025-08-30 08:28:06,noise
6397959529190,6396121190710,T275,9.1,Fahad Yamamoto,2025-08-29 16:18:56,noise
6397959529190,6393454415467,T470,7.5,Fahad Yamamoto,2025-08-29 09:10:49,noise
6397959529190,6397761210582,T470,58.1,Fahad Yamamoto,2025-08-29 09:15:40,noise
6397959529190,6393869319540,T470,31.5,Fahad Yamamoto,2025-08-28 01:23:03,noise
6397959529190,6397761210582,T275,10.3,Fahad Yamamoto,2025-08-28 20:25:51,noise
6397959529190,6394137438800,T275,42.6,Fahad Yamamoto,2025-08-27 16:00:03,noise
6397959529190,6393869319540,T275,2.3,Fahad Yamamoto,2025-08-27 20:06:45,noise
6397959529190,6395535962322,T470,2.1,Fahad Yamamoto,2025-08-26 20:25:06,noise
6397959529190,6394137438800,T470,12.4,Fahad Yamamoto,2025-08-25 09:14:59,noise
6397959529190,6395453540079,T275,7.3,Fahad Yamamoto,2025-08-25 11:24:32,noise
6397959529190,6397761210582,T275,15.6,Fahad Yamamoto,2025-08-24 15:24:27,noise
6397959529190,6396198739962,T275,20.4,Fahad Yamamoto,2025-08-24 13:00:17,noise
6397959529190,6393869319540,T470,23.6,Fahad Yamamoto,2025-08-24 14:09:59,noise
6397959529190,6397102194949,T275,11.1,Fahad Yamamoto,2025-08-23 00:20:13,noise
6397959529190,6397761210582,T275,16.4,Fahad Yamamoto,2025-08-23 14:23:18,noise
6397959529190,6398673272758,T275,25.5,Fahad Yamamoto,2025-08-23 00:16:39,noise
6397959529190,6395324391443,T275,23.1,Fahad Yamamoto,2025-08-22 17:26:09,noise
6397959529190,6397761210582,T470,43.9,Fahad Yamamoto,2025-08-21 04:00:23,noise
6397959529190,6393869319540,T275,25.1,Fahad Yamamoto,2025-08-21 01:28:24,noise
6397959529190,6394137438800,T275,3.8,Fahad Yamamoto,2025-08-21 11:08:28,noise
6397959529190,6391663645516,T470,78.3,Fahad Yamamoto,2025-08-20 17:17:24,noise
6397959529190,6397761210582,T275,4.1,Fahad Yamamoto,2025-08-20 12:30:46,noise
6397959529190,6394137438800,T275,1.7,Fahad Yamamoto,2025-08-20 16:08:21,noise
6397959529190,6393869319540,T470,10.6,Fahad Yamamoto,2025-08-19 14:15:36,noise
6397959529190,6398525827157,T275,12.7,Fahad Yamamoto,2025-08-19 09:11:04,noise
6397959529190,6397922188789,T470,20.8,Fahad Yamamoto,2025-08-18 17:29:39,noise
6397959529190,6393869319540,T275,10.2,Fahad Yamamoto,2025-08-18 04:11:53,noise
6397959529190,6393869319540,T470,9.4,Fahad Yamamoto,2025-08-17 12:05:39,noise
6397959529190,6397761210582,T470,42.1,Fahad Yamamoto,2025-08-16 10:13:39,noise
6397959529190,6397761210582,T275,14.1,Fahad Yamamoto,2025-08-16 17:26:55,noise
6397959529190,6393869319540,T275,4.0,Fahad Yamamoto,2025-08-16 08:24:36,noise
6397959529190,6396109116629,T275,20.9,Fahad Yamamoto,2025-08-15 14:01:58,noise
6397959529190,6393869319540,T275,28.6,Fahad Yamamoto,2025-08-15 11:06:13,noise
6397959529190,6393869319540,T275,21.5,Fahad Yamamoto,2025-08-14 10:02:43,noise
6397959529190,6393869319540,T470,7.6,Fahad Yamamoto,2025-08-14 14:22:45,noise
6397959529190,6393869319540,T470,30.8,Fahad Yamamoto,2025-08-13 18:22:24,noise
6397959529190,6394137438800,T275,46.6,Fahad Yamamoto,2025-08-13 17:19:24,noise
6397959529190,6397761210582,T275,25.7,Fahad Yamamoto,2025-08-12 08:27:43,noise
6397959529190,6393004154125,T275,11.3,Fahad Yamamoto,2025-08-11 15:27:43,noise
6397959529190,6397761210582,T275,14.9,Fahad Yamamoto,2025-08-11 23:15:59,noise
6397959529190,6397761210582,T275,10.5,Fahad Yamamoto,2025-08-10 15:19:11,noise
6397959529190,6397761210582,T470,40.0,Fahad Yamamoto,2025-08-10 17:09:09,noise
6397959529190,6394137438800,T470,23.9,Fahad Yamamoto,2025-08-10 13:20:40,noise
6397959529190,6397473500175,T470,18.3,Fahad Yamamoto,2025-08-09 20:16:32,noise
6397959529190,6397761210582,T275,19.7,Fahad Yamamoto,2025-08-09 11:25:21,noise
6397959529190,6395324391443,T470,5.2,Fahad Yamamoto,2025-08-08 09:11:32,noise
6397959529190,6397761210582,T470,6.4,Fahad Yamamoto,2025-08-08 17:06:13,noise
6397959529190,6393869319540,T275,15.4,Fahad Yamamoto,2025-08-08 19:25:24,noise
6397959529190,6399085717386,T470,30.9,Fahad Yamamoto,2025-08-07 12:03:26,noise
6397959529190,6393869319540,T275,9.6,Fahad Yamamoto,2025-08-07 08:12:08,noise
6397959529190,6397761210582,T470,51.4,Fahad Yamamoto,2025-08-06 10:17:21,noise
6397959529190,6394137438800,T275,6.2,Fahad Yamamoto,2025-08-06 08:09:31,noise
6397959529190,6399141407059,T470,20.7,Fahad Yamamoto,2025-08-05 11:24:40,noise
6397959529190,6399877395358,T470,15.6,Fahad Yamamoto,2025-08-05 18:06:54,noise
6397959529190,6397761210582,T275,3.1,Fahad Yamamoto,2025-08-04 02:01:03,noise
6397959529190,6397761210582,T275,50.7,Fahad Yamamoto,2025-08-04 14:28:07,noise
6396526010278,6395535962322,T196,7.9,Diego Meyer,2025-10-18 15:27:30,noise
6396526010278,6396042155722,T196,81.6,Diego Meyer,2025-10-18 12:00:12,noise
6396526010278,6391051330112,T196,67.7,Diego Meyer,2025-10-17 23:13:17,noise
6396526010278,6398087251603,T196,8.8,Diego Meyer,2025-10-17 14:06:36,noise
6396526010278,6391877128212,T157,24.2,Diego Meyer,2025-10-16 11:19:26,noise
6396526010278,6391877128212,T196,21.8,Diego Meyer,2025-10-16 11:11:44,noise
6396526010278,6391877128212,T196,14.7,Diego Meyer,2025-10-15 16:27:34,noise
6396526010278,6391877128212,T196,20.7,Diego Meyer,2025-10-15 17:27:26,noise
6396526010278,6392175203535,T196,8.7,Diego Meyer,2025-10-15 14:03:22,noise
6396526010278,6392175203535,T196,5.7,Diego Meyer,2025-10-14 20:14:25,noise
6396526010278,6391877128212,T196,14.2,Diego Meyer,2025-10-14 11:21:05,noise
6396526010278,6392788177179,T196,34.5,Diego Meyer,2025-10-13 20:01:26,noise
6396526010278,6392175203535,T196,24.8,Diego Meyer,2025-10-12 16:10:54,noise
6396526010278,6398087251603,T157,8.5,Diego Meyer,2025-10-12 12:09:42,noise
6396526010278,6391877128212,T196,12.6,Diego Meyer,2025-10-11 22:08:53,noise
6396526010278,6391877128212,T157,8.8,Diego Meyer,2025-10-10 10:06:45,noise
6396526010278,6398087251603,T157,18.7,Diego Meyer,2025-10-10 15:18:42,noise
6396526010278,6392175203535,T196,13.4,Diego Meyer,2025-10-09 08:25:05,noise
6396526010278,6398087251603,T157,3.9,Diego Meyer,2025-10-09 12:14:39,noise
6396526010278,6391877128212,T196,12.4,Diego Meyer,2025-10-09 08:26:14,noise
6396526010278,6391877128212,T196,3.7,Diego Meyer,2025-10-08 00:09:26,noise
6396526010278,6398087251603,T157,10.4,Diego Meyer,2025-10-08 15:01:00,noise
6396526010278,6392175203535,T157,52.5,Diego Meyer,2025-10-08 14:12:18,noise
6396526010278,6392175203535,T157,26.5,Diego Meyer,2025-10-07 18:03:18,noise
6396526010278,6395657768886,T196,4.6,Diego Meyer,2025-10-07 21:09:39,noise
6396526010278,6392175203535,T157,14.5,Diego Meyer,2025-10-06 23:16:07,noise
6396526010278,6397982198732,T196,17.5,Diego Meyer,2025-10-06 14:23:46,noise
6396526010278,6391877128212,T196,6.6,Diego Meyer,2025-10-05 12:13:18,noise
6396526010278,6391877128212,T157,10.6,Diego Meyer,2025-10-04 19:20:38,noise
6396526010278,6393608254537,T157,27.1,Diego Meyer,2025-10-04 16:14:53,noise
6396526010278,6396042155722,T196,33.4,Diego Meyer,2025-10-03 10:25:29,noise
6396526010278,6391877128212,T196,22.4,Diego Meyer,2025-10-02 15:22:11,noise
6396526010278,6398415249661,T196,17.3,Diego Meyer,2025-10-02 15:01:59,noise
6396526010278,6398595696705,T157,72.8,Diego Meyer,2025-10-02 19:29:35,noise
6396526010278,6397102194949,T196,18.2,Diego Meyer,2025-10-01 14:17:08,noise
6396526010278,6392175203535,T157,7.6,Diego Meyer,2025-09-30 19:08:35,noise
6396526010278,6392175203535,T157,63.1,Diego Meyer,2025-09-30 23:19:17,noise
6396526010278,6391877128212,T196,37.0,Diego Meyer,2025-09-30 19:13:40,noise
6396526010278,6398087251603,T157,26.6,Diego Meyer,2025-09-29 14:17:43,noise
6396526010278,6398087251603,T157,14.2,Diego Meyer,2025-09-29 13:23:04,noise
6396526010278,6398087251603,T196,14.2,Diego Meyer,2025-09-28 15:03:59,noise
6396526010278,6392175203535,T196,4.4,Diego Meyer,2025-09-27 01:12:30,noise
6396526010278,6395799070967,T157,26.7,Diego Meyer,2025-09-27 08:28:41,noise
6396526010278,6391877128212,T196,11.7,Diego Meyer,2025-09-26 15:25:27,noise
6396526010278,6398673272758,T157,16.1,Diego Meyer,2025-09-26 09:26:47,noise
6396526010278,6395136375863,T157,3.4,Diego Meyer,2025-09-26 23:16:26,noise
6396526010278,6395534105475,T196,70.8,Diego Meyer,2025-09-25 19:03:56,noise
6396526010278,6392175203535,T196,8.5,Diego Meyer,2025-09-25 20:09:47,noise
6396526010278,6395136375863,T157,4.0,Diego Meyer,2025-09-24 17:05:09,noise
6396526010278,6391051330112,T196,10.5,Diego Meyer,2025-09-24 03:27:37,noise
6396526010278,6392175203535,T196,12.1,Diego Meyer,2025-09-23 11:19:31,noise
6396526010278,6393625636545,T157,49.2,Diego Meyer,2025-09-23 21:07:12,noise
6396526010278,6392517116618,T196,11.8,Diego Meyer,2025-09-23 02:00:13,noise
6396526010278,6391877128212,T196,17.4,Diego Meyer,2025-09-22 13:23:17,noise
6396526010278,6392175203535,T196,34.7,Diego Meyer,2025-09-22 15:27:28,noise
6396526010278,6393591747444,T196,11.8,Diego Meyer,2025-09-21 00:04:51,noise
6396526010278,6391877128212,T196,6.0,Diego Meyer,2025-09-20 19:04:00,noise
6396526010278,6392175203535,T157,6.4,Diego Meyer,2025-09-19 11:29:33,noise
6396526010278,6391877128212,T196,34.4,Diego Meyer,2025-09-19 21:13:53,noise
6396526010278,6392175203535,T157,67.6,Diego Meyer,2025-09-18 10:01:02,noise
6396526010278,6399804243491,T196,7.8,Diego Meyer,2025-09-17 02:24:26,noise
6396526010278,6397959529190,T157,10.0,Diego Meyer,2025-09-17 12:01:13,noise
6396526010278,6392464364634,T196,35.9,Diego Meyer,2025-09-17 02:30:04,noise
6396526010278,6391877128212,T196,8.9,Diego Meyer,2025-09-16 10:01:13,noise
6396526010278,6393454415467,T157,12.4,Diego Meyer,2025-09-16 21:04:26,noise
6396526010278,6396042155722,T196,42.6,Diego Meyer,2025-09-15 23:21:53,noise
6396526010278,6391877128212,T157,39.1,Diego Meyer,2025-09-15 22:17:12,noise
6396526010278,6391877128212,T196,15.5,Diego Meyer,2025-09-14 19:18:07,noise
6396526010278,6392175203535,T196,4.3,Diego Meyer,2025-09-14 01:05:02,noise
6396526010278,6398087251603,T196,12.0,Diego Meyer,2025-09-13 15:15:22,noise
6396526010278,6391877128212,T157,22.7,Diego Meyer,2025-09-12 05:12:35,noise
6396526010278,6391282991519,T196,2.8,Diego Meyer,2025-09-12 20:04:25,noise
6396526010278,6395958977897,T196,12.3,Diego Meyer,2025-09-11 09:01:32,noise
6396526010278,6397102194949,T196,42.7,Diego Meyer,2025-09-11 02:04:54,noise
6396526010278,6392175203535,T157,17.7,Diego Meyer,2025-09-10 13:24:36,noise
6396526010278,6391877128212,T196,14.4,Diego Meyer,2025-09-10 16:05:53,noise
6396526010278,6392175203535,T196,7.2,Diego Meyer,2025-09-09 21:14:01,noise
6396526010278,6391877128212,T196,14.3,Diego Meyer,2025-09-09 15:05:23,noise
6396526010278,6398087251603,T157,14.5,Diego Meyer,2025-09-08 12:13:32,noise
6396526010278,6398087251603,T196,12.7,Diego Meyer,2025-09-08 09:13:59,noise
6396526010278,6392175203535,T196,176.2,Diego Meyer,2025-09-07 13:14:31,noise
6396526010278,6393134974031,T196,49.7,Diego Meyer,2025-09-07 08:10:38,noise
6396526010278,6391877128212,T157,19.9,Diego Meyer,2025-09-07 20:11:47,noise
6396526010278,6391877128212,T196,10.0,Diego Meyer,2025-09-06 05:06:16,noise
6396526010278,6397207416529,T196,16.9,Diego Meyer,2025-09-05 04:12:47,noise
6396526010278,6399085717386,T196,29.3,Diego Meyer,2025-09-05 12:03:57,noise
6396526010278,6391877128212,T157,4.2,Diego Meyer,2025-09-05 10:00:41,noise
6396526010278,6392175203535,T157,37.8,Diego Meyer,2025-09-04 12:11:55,noise
6396526010278,6391877128212,T196,46.7,Diego Meyer,2025-09-03 13:00:25,noise
6396526010278,6398087251603,T196,3.7,Diego Meyer,2025-09-02 14:01:06,noise
6396526010278,6392375347403,T157,11.8,Diego Meyer,2025-09-02 13:28:39,noise
6396526010278,6392175203535,T157,13.2,Diego Meyer,2025-09-02 22:16:29,noise
6396526010278,6398087251603,T196,40.7,Diego Meyer,2025-09-01 17:19:14,noise
6396526010278,6398087251603,T157,14.0,Diego Meyer,2025-08-31 20:16:56,noise
6396526010278,6392175203535,T157,13.2,Diego Meyer,2025-08-30 23:08:47,noise
6396526010278,6398525827157,T157,16.9,Diego Meyer,2025-08-29 20:08:35,noise
6396526010278,6392175203535,T196,12.6,Diego Meyer,2025-08-28 09:06:31,noise
6396526010278,6398087251603,T196,24.5,Diego Meyer,2025-08-28 09:27:03,noise
6396526010278,6392175203535,T196,23.5,Diego Meyer,2025-08-27 16:24:01,noise
6396526010278,6397922188789,T157,11.4,Diego Meyer,2025-08-27 13:04:16,noise
6396526010278,6395682267963,T196,35.4,Diego Meyer,2025-08-26 14:17:30,noise
6396526010278,6393062613059,T196,16.5,Diego Meyer,2025-08-26 17:16:20,noise
6396526010278,6395136375863,T196,5.8,Diego Meyer,2025-08-25 10:17:54,noise
6396526010278,6392175203535,T157,10.8,Diego Meyer,2025-08-25 19:16:38,noise
6396526010278,6393869319540,T196,13.9,Diego Meyer,2025-08-24 10:25:06,noise
6396526010278,6392175203535,T196,17.4,Diego Meyer,2025-08-24 22:22:00,noise
6396526010278,6392175203535,T196,7.3,Diego Meyer,2025-08-23 14:05:49,noise
6396526010278,6391577055581,T157,28.0,Diego Meyer,2025-08-23 18:13:24,noise
6396526010278,6398087251603,T196,20.5,Diego Meyer,2025-08-22 09:10:48,noise
6396526010278,6391877128212,T196,26.5,Diego Meyer,2025-08-22 19:27:30,noise
6396526010278,6391877128212,T196,7.1,Diego Meyer,2025-08-21 01:06:12,noise
6396526010278,6397645850299,T157,18.2,Diego Meyer,2025-08-21 00:23:24,noise
6396526010278,6392175203535,T196,23.4,Diego Meyer,2025-08-20 14:27:51,noise
6396526010278,6398087251603,T157,23.3,Diego Meyer,2025-08-19 03:09:30,noise
6396526010278,6395657768886,T157,49.0,Diego Meyer,2025-08-19 18:21:45,noise
6396526010278,6398087251603,T196,11.1,Diego Meyer,2025-08-18 21:21:56,noise
6396526010278,6392322072341,T196,16.4,Diego Meyer,2025-08-18 08:13:53,noise
6396526010278,6392788177179,T157,12.7,Diego Meyer,2025-08-17 15:16:25,noise
6396526010278,6398087251603,T196,24.6,Diego Meyer,2025-08-17 15:24:03,noise
6396526010278,6399696031872,T196,18.7,Diego Meyer,2025-08-17 11:02:41,noise
6396526010278,6398087251603,T196,15.3,Diego Meyer,2025-08-16 16:21:56,noise
6396526010278,6392175203535,T157,24.2,Diego Meyer,2025-08-15 00:15:36,noise
6396526010278,6398087251603,T157,66.6,Diego Meyer,2025-08-14 12:12:37,noise
6396526010278,6398087251603,T196,13.0,Diego Meyer,2025-08-14 12:15:50,noise
6396526010278,6395137959873,T196,5.8,Diego Meyer,2025-08-13 09:05:01,noise
6396526010278,6398087251603,T157,41.2,Diego Meyer,2025-08-13 08:08:18,noise
6396526010278,6398087251603,T157,44.4,Diego Meyer,2025-08-13 20:19:31,noise
6396526010278,6398087251603,T196,20.6,Diego Meyer,2025-08-12 11:23:31,noise
6396526010278,6394711330962,T196,14.3,Diego Meyer,2025-08-12 19:18:41,noise
6396526010278,6395324391443,T157,14.5,Diego Meyer,2025-08-12 08:13:08,noise
6396526010278,6397959529190,T157,39.0,Diego Meyer,2025-08-11 19:23:56,noise
6396526010278,6392175203535,T157,22.8,Diego Meyer,2025-08-11 03:06:18,noise
6396526010278,6391877128212,T196,19.0,Diego Meyer,2025-08-11 14:12:45,noise
6396526010278,6397479516078,T196,24.1,Diego Meyer,2025-08-10 08:29:51,noise
6396526010278,6395682267963,T157,24.4,Diego Meyer,2025-08-10 15:05:48,noise
6396526010278,6392175203535,T157,31.6,Diego Meyer,2025-08-09 19:00:05,noise
6396526010278,6399096359352,T157,17.2,Diego Meyer,2025-08-08 12:29:01,noise
6396526010278,6392175203535,T196,28.8,Diego Meyer,2025-08-07 11:26:49,noise
6396526010278,6398087251603,T157,14.2,Diego Meyer,2025-08-07 14:03:59,noise
6396526010278,6391877128212,T196,29.8,Diego Meyer,2025-08-06 20:03:55,noise
6396526010278,6395682267963,T196,31.7,Diego Meyer,2025-08-05 13:25:51,noise
6396526010278,6393549070850,T196,17.8,Diego Meyer,2025-08-04 17:17:56,noise
6396526010278,6391877128212,T157,18.8,Diego Meyer,2025-08-04 16:25:20,noise
6396526010278,6397052145323,T196,22.4,Diego Meyer,2025-08-04 04:15:55,noise
6393454415467,6397695360968,T506,11.1,Yara Meyer,2025-10-18 10:10:48,noise
6393454415467,6397761210582,T506,11.6,Yara Meyer,2025-10-18 23:07:08,noise
6393454415467,6392375347403,T506,15.1,Yara Meyer,2025-10-17 18:11:06,noise
6393454415467,6391577055581,T427,16.4,Yara Meyer,2025-10-17 02:21:34,noise
6393454415467,6393004154125,T506,14.0,Yara Meyer,2025-10-16 22:03:50,noise
6393454415467,6395535962322,T427,22.8,Yara Meyer,2025-10-16 08:13:53,noise
6393454415467,6393004154125,T506,8.2,Yara Meyer,2025-10-15 15:10:33,noise
6393454415467,6395535962322,T506,35.5,Yara Meyer,2025-10-15 17:17:19,noise
6393454415467,6398415249661,T427,9.3,Yara Meyer,2025-10-14 11:25:42,noise
6393454415467,6396121190710,T427,8.2,Yara Meyer,2025-10-14 14:03:33,noise
6393454415467,6391577055581,T506,27.2,Yara Meyer,2025-10-14 14:13:20,noise
6393454415467,6396042155722,T427,13.8,Yara Meyer,2025-10-13 16:03:58,noise
6393454415467,6394573060920,T427,21.2,Yara Meyer,2025-10-13 16:11:01,noise
6393454415467,6395535962322,T506,14.8,Yara Meyer,2025-10-12 01:29:32,noise
6393454415467,6395535962322,T427,43.1,Yara Meyer,2025-10-12 12:14:58,noise
6393454415467,6393004154125,T506,18.2,Yara Meyer,2025-10-11 12:09:28,noise
6393454415467,6393004154125,T506,11.3,Yara Meyer,2025-10-11 16:30:58,noise
6393454415467,6391577055581,T506,15.0,Yara Meyer,2025-10-10 16:20:35,noise
6393454415467,6395535962322,T427,41.9,Yara Meyer,2025-10-10 17:01:21,noise
6393454415467,6395535962322,T506,3.1,Yara Meyer,2025-10-09 15:10:45,noise
6393454415467,6393004154125,T506,15.8,Yara Meyer,2025-10-09 16:27:13,noise
6393454415467,6395535962322,T506,10.3,Yara Meyer,2025-10-09 18:15:23,noise
6393454415467,6397102194949,T506,22.0,Yara Meyer,2025-10-08 18:05:43,noise
6393454415467,6395535962322,T427,15.9,Yara Meyer,2025-10-08 20:15:00,noise
6393454415467,6397695360968,T427,15.5,Yara Meyer,2025-10-07 13:02:16,noise
6393454415467,6393004154125,T506,15.6,Yara Meyer,2025-10-07 15:03:33,noise
6393454415467,6393625636545,T427,12.6,Yara Meyer,2025-10-07 20:01:00,noise
6393454415467,6391392356697,T506,7.1,Yara Meyer,2025-10-06 09:16:50,noise
6393454415467,6395535962322,T427,11.0,Yara Meyer,2025-10-06 23:23:02,noise
6393454415467,6391577055581,T506,34.8,Yara Meyer,2025-10-06 15:27:35,noise
6393454415467,6393332370721,T427,13.1,Yara Meyer,2025-10-05 21:24:52,noise
6393454415467,6395535962322,T506,19.0,Yara Meyer,2025-10-05 18:11:37,noise
6393454415467,6398673272758,T506,7.9,Yara Meyer,2025-10-05 16:06:02,noise
6393454415467,6393004154125,T427,7.5,Yara Meyer,2025-10-04 21:21:12,noise
6393454415467,6395534105475,T506,27.5,Yara Meyer,2025-10-03 02:30:42,noise
6393454415467,6393004154125,T506,31.5,Yara Meyer,2025-10-03 17:30:11,noise
6393454415467,6395535962322,T427,7.3,Yara Meyer,2025-10-02 16:01:22,noise
6393454415467,6391577055581,T427,7.4,Yara Meyer,2025-10-02 14:01:06,noise
6393454415467,6391577055581,T427,8.6,Yara Meyer,2025-10-02 14:09:09,noise
6393454415467,6392027898005,T427,19.0,Yara Meyer,2025-10-01 14:14:45,noise
6393454415467,6395535962322,T506,16.0,Yara Meyer,2025-10-01 14:30:15,noise
6393454415467,6391577055581,T506,27.4,Yara Meyer,2025-10-01 17:22:14,noise
6393454415467,6393004154125,T427,30.5,Yara Meyer,2025-09-30 15:29:50,noise
6393454415467,6393004154125,T506,28.8,Yara Meyer,2025-09-30 17:03:02,noise
6393454415467,6391577055581,T427,18.7,Yara Meyer,2025-09-29 15:17:08,noise
6393454415467,6393004154125,T506,104.0,Yara Meyer,2025-09-29 20:18:56,noise
6393454415467,6395535962322,T506,33.5,Yara Meyer,2025-09-29 23:26:07,noise
6393454415467,6395535962322,T427,11.1,Yara Meyer,2025-09-28 17:14:19,noise
6393454415467,6393004154125,T506,33.8,Yara Meyer,2025-09-28 11:10:07,noise
6393454415467,6393004154125,T506,9.3,Yara Meyer,2025-09-28 12:06:46,noise
6393454415467,6395535962322,T506,23.4,Yara Meyer,2025-09-27 13:25:59,noise
6393454415467,6393004154125,T427,12.6,Yara Meyer,2025-09-27 18:00:31,noise
6393454415467,6391577055581,T427,13.0,Yara Meyer,2025-09-27 22:22:53,noise
6393454415467,6396121190710,T506,8.1,Yara Meyer,2025-09-26 01:19:22,noise
6393454415467,6393004154125,T506,8.7,Yara Meyer,2025-09-26 10:22:19,noise
6393454415467,6392951962632,T506,27.4,Yara Meyer,2025-09-25 19:14:07,noise
6393454415467,6392464364634,T427,55.6,Yara Meyer,2025-09-25 00:27:42,noise
6393454415467,6391577055581,T506,17.0,Yara Meyer,2025-09-24 19:15:42,noise
6393454415467,6391577055581,T506,43.4,Yara Meyer,2025-09-24 14:24:49,noise
6393454415467,6393004154125,T427,14.2,Yara Meyer,2025-09-23 22:28:09,noise
6393454415467,6399804243491,T506,8.3,Yara Meyer,2025-09-23 16:25:32,noise
6393454415467,6398087251603,T506,12.9,Yara Meyer,2025-09-22 12:12:55,noise
6393454415467,6399096359352,T506,6.0,Yara Meyer,2025-09-22 12:02:35,noise
6393454415467,6393004154125,T427,38.7,Yara Meyer,2025-09-21 16:05:59,noise
6393454415467,6393004154125,T427,17.4,Yara Meyer,2025-09-21 03:21:13,noise
6393454415467,6395535962322,T427,123.3,Yara Meyer,2025-09-20 13:28:42,noise
6393454415467,6397102194949,T427,9.0,Yara Meyer,2025-09-20 18:29:27,noise
6393454415467,6393454415467,T506,11.4,Yara Meyer,2025-09-19 21:14:25,noise
6393454415467,6395535962322,T506,9.0,Yara Meyer,2025-09-19 17:05:58,noise
6393454415467,6396121190710,T506,15.6,Yara Meyer,2025-09-19 10:11:09,noise
6393454415467,6394055226921,T427,20.7,Yara Meyer,2025-09-18 19:05:45,noise
6393454415467,6391577055581,T506,27.5,Yara Meyer,2025-09-18 19:12:14,noise
6393454415467,6391577055581,T427,19.9,Yara Meyer,2025-09-17 16:18:03,noise
6393454415467,6395588265198,T506,58.6,Yara Meyer,2025-09-16 13:16:31,noise
6393454415467,6395535962322,T506,16.1,Yara Meyer,2025-09-16 01:01:28,noise
6393454415467,6397775259023,T427,45.7,Yara Meyer,2025-09-15 09:00:46,noise
6393454415467,6395535962322,T427,7.6,Yara Meyer,2025-09-15 00:28:57,noise
6393454415467,6398097172985,T506,12.0,Yara Meyer,2025-09-15 13:05:26,noise
6393454415467,6395535962322,T427,21.2,Yara Meyer,2025-09-14 22:01:15,noise
6393454415467,6397102194949,T506,25.3,Yara Meyer,2025-09-14 22:02:29,noise
6393454415467,6395535962322,T427,9.5,Yara Meyer,2025-09-14 19:02:24,noise
6393454415467,6393004154125,T427,6.1,Yara Meyer,2025-09-13 12:04:29,noise
6393454415467,6399241777448,T427,56.1,Yara Meyer,2025-09-13 23:23:26,noise
6393454415467,6391577055581,T506,13.1,Yara Meyer,2025-09-13 14:13:07,noise
6393454415467,6393004154125,T506,6.4,Yara Meyer,2025-09-12 09:18:20,noise
6393454415467,6391577055581,T506,11.8,Yara Meyer,2025-09-12 23:29:21,noise
6393454415467,6393004154125,T506,14.3,Yara Meyer,2025-09-11 19:11:29,noise
6393454415467,6394055226921,T427,27.0,Yara Meyer,2025-09-11 14:17:12,noise
6393454415467,6398673272758,T427,8.6,Yara Meyer,2025-09-11 18:10:07,noise
6393454415467,6395534105475,T427,24.4,Yara Meyer,2025-09-10 10:11:17,noise
6393454415467,6395535962322,T506,26.9,Yara Meyer,2025-09-10 18:23:02,noise
6393454415467,6393004154125,T506,24.7,Yara Meyer,2025-09-09 13:26:25,noise
6393454415467,6391577055581,T506,8.7,Yara Meyer,2025-09-09 16:20:33,noise
6393454415467,6395535962322,T506,70.1,Yara Meyer,2025-09-09 14:02:44,noise
6393454415467,6392517116618,T506,30.9,Yara Meyer,2025-09-08 13:08:08,noise
6393454415467,6392237426063,T427,8.7,Yara Meyer,2025-09-07 12:26:41,noise
6393454415467,6397775259023,T427,12.4,Yara Meyer,2025-09-07 18:03:57,noise
6393454415467,6393004154125,T427,8.2,Yara Meyer,2025-09-07 20:02:39,noise
6393454415467,6395535962322,T506,28.1,Yara Meyer,2025-09-06 16:22:22,noise
6393454415467,6391577055581,T506,45.6,Yara Meyer,2025-09-05 13:16:42,noise
6393454415467,6391577055581,T427,13.6,Yara Meyer,2025-09-05 20:30:09,noise
6393454415467,6391577055581,T506,25.5,Yara Meyer,2025-09-05 21:16:37,noise
6393454415467,6399836144770,T506,24.8,Yara Meyer,2025-09-04 04:14:17,noise
6393454415467,6395535962322,T506,10.6,Yara Meyer,2025-09-04 09:18:20,noise
6393454415467,6395324391443,T427,11.4,Yara Meyer,2025-09-03 09:01:47,noise
6393454415467,6395657768886,T506,19.9,Yara Meyer,2025-09-02 11:23:49,noise
6393454415467,6391577055581,T506,33.4,Yara Meyer,2025-09-01 10:24:08,noise
6393454415467,6399965853740,T427,70.4,Yara Meyer,2025-09-01 13:11:14,noise
6393454415467,6397473500175,T427,9.5,Yara Meyer,2025-08-31 21:07:52,noise
6393454415467,6395535962322,T427,18.1,Yara Meyer,2025-08-31 08:24:30,noise
6393454415467,6393004154125,T427,55.0,Yara Meyer,2025-08-30 20:27:29,noise
6393454415467,6398085325274,T427,9.8,Yara Meyer,2025-08-30 13:19:46,noise
6393454415467,6395535962322,T506,13.7,Yara Meyer,2025-08-29 22:26:38,noise
6393454415467,6391577055581,T506,34.4,Yara Meyer,2025-08-28 20:07:42,noise
6393454415467,6395535962322,T506,24.3,Yara Meyer,2025-08-28 20:08:30,noise
6393454415467,6391577055581,T427,52.0,Yara Meyer,2025-08-28 23:25:48,noise
6393454415467,6395535962322,T427,10.2,Yara Meyer,2025-08-27 17:01:05,noise
6393454415467,6391577055581,T506,26.9,Yara Meyer,2025-08-27 20:12:39,noise
6393454415467,6398095030730,T506,13.9,Yara Meyer,2025-08-26 08:29:15,noise
6393454415467,6395535962322,T506,12.5,Yara Meyer,2025-08-26 09:30:57,noise
6393454415467,6393625636545,T506,35.8,Yara Meyer,2025-08-26 17:08:05,noise
6393454415467,6398525827157,T506,12.8,Yara Meyer,2025-08-25 15:14:15,noise
6393454415467,6398415249661,T427,8.4,Yara Meyer,2025-08-25 10:10:42,noise
6393454415467,6397775259023,T506,35.4,Yara Meyer,2025-08-25 17:29:39,noise
6393454415467,6395535962322,T506,7.3,Yara Meyer,2025-08-24 18:23:26,noise
6393454415467,6391577055581,T506,33.6,Yara Meyer,2025-08-24 09:19:27,noise
6393454415467,6397982198732,T506,11.8,Yara Meyer,2025-08-24 14:25:50,noise
6393454415467,6396688935939,T506,20.9,Yara Meyer,2025-08-23 15:08:52,noise
6393454415467,6391577055581,T506,24.9,Yara Meyer,2025-08-22 22:25:27,noise
6393454415467,6391663645516,T427,10.1,Yara Meyer,2025-08-22 08:05:08,noise
6393454415467,6397172010892,T427,25.0,Yara Meyer,2025-08-22 23:19:39,noise
6393454415467,6393004154125,T427,26.7,Yara Meyer,2025-08-21 12:05:16,noise
6393454415467,6393608254537,T427,17.0,Yara Meyer,2025-08-21 18:18:41,noise
6393454415467,6395535962322,T506,20.4,Yara Meyer,2025-08-20 16:17:20,noise
6393454415467,6393004154125,T427,5.7,Yara Meyer,2025-08-20 09:22:01,noise
6393454415467,6391787733401,T506,17.0,Yara Meyer,2025-08-19 10:09:10,noise
6393454415467,6397326243787,T427,11.2,Yara Meyer,2025-08-19 14:19:58,noise
6393454415467,6395535962322,T506,20.0,Yara Meyer,2025-08-18 02:23:04,noise
6393454415467,6391577055581,T506,50.6,Yara Meyer,2025-08-18 15:15:57,noise
6393454415467,6396109116629,T427,4.4,Yara Meyer,2025-08-17 13:06:54,noise
6393454415467,6391577055581,T506,11.3,Yara Meyer,2025-08-16 14:15:04,noise
6393454415467,6391319542424,T506,2.1,Yara Meyer,2025-08-16 11:21:10,noise
6393454415467,6391577055581,T506,11.0,Yara Meyer,2025-08-15 19:30:39,noise
6393454415467,6393004154125,T506,26.4,Yara Meyer,2025-08-14 15:22:05,noise
6393454415467,6391577055581,T427,15.0,Yara Meyer,2025-08-13 08:18:03,noise
6393454415467,6391577055581,T506,15.3,Yara Meyer,2025-08-13 15:24:47,noise
6393454415467,6395535962322,T506,8.6,Yara Meyer,2025-08-12 10:29:51,noise
6393454415467,6395535962322,T506,11.7,Yara Meyer,2025-08-11 14:28:28,noise
6393454415467,6391787733401,T506,6.0,Yara Meyer,2025-08-10 09:24:31,noise
6393454415467,6395535962322,T427,9.1,Yara Meyer,2025-08-09 17:16:52,noise
6393454415467,6392464364634,T506,16.2,Yara Meyer,2025-08-09 14:07:09,noise
6393454415467,6392464364634,T506,23.5,Yara Meyer,2025-08-09 18:05:54,noise
6393454415467,6393004154125,T427,16.3,Yara Meyer,2025-08-08 15:23:41,noise
6393454415467,6395535962322,T506,7.6,Yara Meyer,2025-08-07 15:09:28,noise
6393454415467,6395535962322,T427,26.2,Yara Meyer,2025-08-07 15:26:29,noise
6393454415467,6393004154125,T506,15.3,Yara Meyer,2025-08-06 08:11:11,noise
6393454415467,6393004154125,T506,15.8,Yara Meyer,2025-08-06 08:14:36,noise
6393454415467,6397207416529,T427,18.5,Yara Meyer,2025-08-05 20:19:25,noise
6393454415467,6393549070850,T506,8.2,Yara Meyer,2025-08-05 10:04:08,noise
6393454415467,6397922188789,T427,7.3,Yara Meyer,2025-08-04 08:22:55,noise
6393004154125,6395453540079,T415,46.8,Hugo Kim,2025-10-18 19:00:30,noise
6393004154125,6398069375909,T671,29.0,Hugo Kim,2025-10-18 11:21:07,noise
6393004154125,6398097172985,T415,2.3,Hugo Kim,2025-10-18 09:03:27,noise
6393004154125,6398097172985,T415,21.5,Hugo Kim,2025-10-17 15:06:25,noise
6393004154125,6398087251603,T671,14.1,Hugo Kim,2025-10-17 16:16:12,noise
6393004154125,6395453540079,T671,10.6,Hugo Kim,2025-10-17 12:25:39,noise
6393004154125,6395453540079,T415,13.2,Hugo Kim,2025-10-16 19:25:18,noise
6393004154125,6398069375909,T671,25.3,Hugo Kim,2025-10-16 11:21:49,noise
6393004154125,6398069375909,T671,11.6,Hugo Kim,2025-10-16 11:20:18,noise
6393004154125,6395453540079,T671,8.9,Hugo Kim,2025-10-15 22:30:01,noise
6393004154125,6398097172985,T415,12.3,Hugo Kim,2025-10-15 17:13:07,noise
6393004154125,6398097172985,T415,33.5,Hugo Kim,2025-10-15 12:27:36,noise
6393004154125,6398097172985,T415,35.8,Hugo Kim,2025-10-14 16:16:08,noise
6393004154125,6395453540079,T415,18.8,Hugo Kim,2025-10-14 20:30:41,noise
6393004154125,6398097172985,T415,20.3,Hugo Kim,2025-10-13 16:14:39,noise
6393004154125,6395453540079,T671,5.0,Hugo Kim,2025-10-13 13:13:34,noise
6393004154125,6396688935939,T671,12.7,Hugo Kim,2025-10-12 12:14:15,noise
6393004154125,6398525827157,T415,15.7,Hugo Kim,2025-10-12 12:22:31,noise
6393004154125,6398069375909,T415,19.2,Hugo Kim,2025-10-11 18:03:07,noise
6393004154125,6398069375909,T415,20.9,Hugo Kim,2025-10-11 02:19:40,noise
6393004154125,6395657768886,T671,29.9,Hugo Kim,2025-10-10 17:25:58,noise
6393004154125,6395453540079,T415,17.1,Hugo Kim,2025-10-09 08:08:40,noise
6393004154125,6395453540079,T671,37.5,Hugo Kim,2025-10-09 13:06:46,noise
6393004154125,6398069375909,T415,17.7,Hugo Kim,2025-10-09 17:25:27,noise
6393004154125,6398097172985,T415,35.4,Hugo Kim,2025-10-08 19:26:21,noise
6393004154125,6395453540079,T671,1.7,Hugo Kim,2025-10-08 22:03:07,noise
6393004154125,6395453540079,T415,8.9,Hugo Kim,2025-10-07 20:21:27,noise
6393004154125,6395453540079,T415,36.7,Hugo Kim,2025-10-06 23:18:18,noise
6393004154125,6398069375909,T415,18.0,Hugo Kim,2025-10-06 18:28:27,noise
6393004154125,6395453540079,T671,27.6,Hugo Kim,2025-10-05 01:30:41,noise
6393004154125,6398069375909,T415,25.8,Hugo Kim,2025-10-05 11:13:32,noise
6393004154125,6398069375909,T415,6.4,Hugo Kim,2025-10-04 08:06:18,noise
6393004154125,6395453540079,T671,34.9,Hugo Kim,2025-10-04 18:00:29,noise
6393004154125,6398069375909,T671,18.6,Hugo Kim,2025-10-03 22:13:57,noise
6393004154125,6397645850299,T415,30.3,Hugo Kim,2025-10-03 23:30:20,noise
6393004154125,6398097172985,T671,18.0,Hugo Kim,2025-10-03 22:14:51,noise
6393004154125,6396688935939,T671,6.8,Hugo Kim,2025-10-02 13:27:38,noise
6393004154125,6395453540079,T671,17.1,Hugo Kim,2025-10-02 13:12:14,noise
6393004154125,6395453540079,T415,12.7,Hugo Kim,2025-10-02 13:09:55,noise
6393004154125,6395453540079,T671,7.5,Hugo Kim,2025-10-01 05:01:49,noise
6393004154125,6396198739962,T671,13.7,Hugo Kim,2025-10-01 09:21:29,noise
6393004154125,6392705348834,T415,13.1,Hugo Kim,2025-10-01 02:15:07,noise
6393004154125,6397277321210,T415,24.9,Hugo Kim,2025-09-30 14:12:40,noise
6393004154125,6391319542424,T671,20.8,Hugo Kim,2025-09-29 09:29:46,noise
6393004154125,6394247662559,T671,14.6,Hugo Kim,2025-09-29 13:12:57,noise
6393004154125,6398069375909,T415,8.3,Hugo Kim,2025-09-28 14:28:36,noise
6393004154125,6398097172985,T671,22.1,Hugo Kim,2025-09-28 05:13:37,noise
6393004154125,6395324391443,T671,36.1,Hugo Kim,2025-09-28 16:18:22,noise
6393004154125,6395453540079,T671,32.0,Hugo Kim,2025-09-27 08:12:38,noise
6393004154125,6395453540079,T671,10.9,Hugo Kim,2025-09-27 19:18:55,noise
6393004154125,6396393488216,T671,36.6,Hugo Kim,2025-09-27 22:30:06,noise
6393004154125,6395453540079,T415,34.9,Hugo Kim,2025-09-26 12:17:15,noise
6393004154125,6395453540079,T671,29.4,Hugo Kim,2025-09-26 19:00:13,noise
6393004154125,6399836144770,T671,7.7,Hugo Kim,2025-09-25 14:09:12,noise
6393004154125,6398097172985,T415,5.5,Hugo Kim,2025-09-25 05:01:03,noise
6393004154125,6396116554141,T671,11.6,Hugo Kim,2025-09-25 17:26:54,noise
6393004154125,6397156535284,T671,15.7,Hugo Kim,2025-09-24 14:03:10,noise
6393004154125,6399604910822,T415,7.0,Hugo Kim,2025-09-24 14:20:38,noise
6393004154125,6398097172985,T671,28.6,Hugo Kim,2025-09-23 22:14:36,noise
6393004154125,6396116554141,T415,15.5,Hugo Kim,2025-09-22 12:20:31,noise
6393004154125,6398097172985,T415,3.4,Hugo Kim,2025-09-22 00:13:57,noise
6393004154125,6398069375909,T671,21.1,Hugo Kim,2025-09-22 18:03:33,noise
6393004154125,6398595696705,T415,28.2,Hugo Kim,2025-09-21 20:06:58,noise
6393004154125,6398097172985,T415,18.6,Hugo Kim,2025-09-21 10:28:48,noise
6393004154125,6398069375909,T415,19.1,Hugo Kim,2025-09-21 14:08:39,noise
6393004154125,6391167752063,T415,60.9,Hugo Kim,2025-09-20 17:00:01,noise
6393004154125,6395453540079,T415,6.2,Hugo Kim,2025-09-20 00:20:53,noise
6393004154125,6398085325274,T415,9.8,Hugo Kim,2025-09-19 17:10:52,noise
6393004154125,6399487367347,T671,17.7,Hugo Kim,2025-09-19 18:20:48,noise
6393004154125,6397959529190,T415,9.2,Hugo Kim,2025-09-18 08:22:50,noise
6393004154125,6398097172985,T415,5.6,Hugo Kim,2025-09-17 11:16:05,noise
6393004154125,6395453540079,T415,8.4,Hugo Kim,2025-09-17 08:09:13,noise
6393004154125,6395453540079,T415,21.7,Hugo Kim,2025-09-16 12:14:01,noise
6393004154125,6395324391443,T415,19.9,Hugo Kim,2025-09-16 10:28:26,noise
6393004154125,6395453540079,T415,19.5,Hugo Kim,2025-09-15 16:25:23,noise
6393004154125,6391392356697,T671,87.5,Hugo Kim,2025-09-14 10:07:59,noise
6393004154125,6398069375909,T415,40.8,Hugo Kim,2025-09-14 14:20:23,noise
6393004154125,6398069375909,T415,18.8,Hugo Kim,2025-09-14 15:25:32,noise
6393004154125,6394508672370,T415,11.4,Hugo Kim,2025-09-13 10:28:47,noise
6393004154125,6398069375909,T415,11.0,Hugo Kim,2025-09-13 16:24:46,noise
6393004154125,6398097172985,T415,5.2,Hugo Kim,2025-09-12 20:08:25,noise
6393004154125,6397156535284,T415,7.4,Hugo Kim,2025-09-12 19:25:29,noise
6393004154125,6395657768886,T415,42.4,Hugo Kim,2025-09-11 15:06:09,noise
6393004154125,6391302712293,T671,20.5,Hugo Kim,2025-09-11 09:20:02,noise
6393004154125,6398095030730,T671,24.1,Hugo Kim,2025-09-10 19:05:15,noise
6393004154125,6392237426063,T671,5.7,Hugo Kim,2025-09-09 21:30:08,noise
6393004154125,6391787733401,T671,15.5,Hugo Kim,2025-09-09 14:09:14,noise
6393004154125,6394856722505,T415,11.4,Hugo Kim,2025-09-08 04:29:24,noise
6393004154125,6395453540079,T671,16.7,Hugo Kim,2025-09-08 22:17:33,noise
6393004154125,6391494838799,T671,10.9,Hugo Kim,2025-09-07 12:20:44,noise
6393004154125,6398097172985,T671,11.5,Hugo Kim,2025-09-07 05:11:57,noise
6393004154125,6394513051861,T671,18.6,Hugo Kim,2025-09-06 13:21:56,noise
6393004154125,6395453540079,T415,12.0,Hugo Kim,2025-09-05 09:18:16,noise
6393004154125,6398097172985,T415,25.9,Hugo Kim,2025-09-05 18:02:15,noise
6393004154125,6398069375909,T671,29.5,Hugo Kim,2025-09-04 14:22:22,noise
6393004154125,6395453540079,T415,26.3,Hugo Kim,2025-09-04 21:23:18,noise
6393004154125,6398097172985,T671,26.8,Hugo Kim,2025-09-04 12:16:14,noise
6393004154125,6399141407059,T415,13.9,Hugo Kim,2025-09-03 12:11:40,noise
6393004154125,6391877128212,T415,17.6,Hugo Kim,2025-09-03 17:10:48,noise
6393004154125,6393591747444,T415,30.6,Hugo Kim,2025-09-03 08:08:23,noise
6393004154125,6398097172985,T671,6.1,Hugo Kim,2025-09-02 17:11:45,noise
6393004154125,6395136375863,T415,29.4,Hugo Kim,2025-09-02 09:17:35,noise
6393004154125,6398415249661,T671,18.2,Hugo Kim,2025-09-01 22:17:24,noise
6393004154125,6392761010721,T671,10.1,Hugo Kim,2025-08-31 10:21:02,noise
6393004154125,6393694731514,T415,36.8,Hugo Kim,2025-08-30 15:26:47,noise
6393004154125,6395453540079,T671,23.8,Hugo Kim,2025-08-30 19:12:49,noise
6393004154125,6397277321210,T415,9.4,Hugo Kim,2025-08-29 17:13:36,noise
6393004154125,6398069375909,T415,8.5,Hugo Kim,2025-08-29 05:12:36,noise
6393004154125,6398673272758,T415,11.2,Hugo Kim,2025-08-29 14:16:55,noise
6393004154125,6393736660443,T671,32.1,Hugo Kim,2025-08-28 11:30:31,noise
6393004154125,6398097172985,T415,8.0,Hugo Kim,2025-08-28 19:30:39,noise
6393004154125,6397982198732,T671,51.3,Hugo Kim,2025-08-28 21:17:36,noise
6393004154125,6397326243787,T671,10.4,Hugo Kim,2025-08-27 18:21:23,noise
6393004154125,6391663645516,T415,14.7,Hugo Kim,2025-08-26 09:17:46,noise
6393004154125,6395453540079,T415,16.7,Hugo Kim,2025-08-26 10:15:18,noise
6393004154125,6393694731514,T415,16.1,Hugo Kim,2025-08-26 12:29:12,noise
6393004154125,6393062613059,T415,23.2,Hugo Kim,2025-08-25 00:15:04,noise
6393004154125,6398097172985,T415,9.1,Hugo Kim,2025-08-25 21:09:40,noise
6393004154125,6398069375909,T415,40.9,Hugo Kim,2025-08-24 20:05:34,noise
6393004154125,6398069375909,T415,48.3,Hugo Kim,2025-08-24 14:20:34,noise
6393004154125,6395958977897,T671,12.4,Hugo Kim,2025-08-23 17:20:06,noise
6393004154125,6395453540079,T415,25.4,Hugo Kim,2025-08-23 15:10:59,noise
6393004154125,6398095030730,T415,10.5,Hugo Kim,2025-08-22 18:20:34,noise
6393004154125,6398069375909,T671,29.1,Hugo Kim,2025-08-22 11:08:01,noise
6393004154125,6395453540079,T415,30.9,Hugo Kim,2025-08-21 22:17:34,noise
6393004154125,6398069375909,T415,30.2,Hugo Kim,2025-08-20 19:16:43,noise
6393004154125,6395453540079,T671,12.0,Hugo Kim,2025-08-20 16:22:05,noise
6393004154125,6399141407059,T415,16.6,Hugo Kim,2025-08-20 14:03:12,noise
6393004154125,6398069375909,T415,60.0,Hugo Kim,2025-08-19 12:20:42,noise
6393004154125,6397102194949,T415,7.4,Hugo Kim,2025-08-19 12:30:30,noise
6393004154125,6397922188789,T671,19.1,Hugo Kim,2025-08-19 08:15:42,noise
6393004154125,6395137959873,T415,19.7,Hugo Kim,2025-08-18 09:19:45,noise
6393004154125,6398069375909,T415,32.4,Hugo Kim,2025-08-18 08:19:56,noise
6393004154125,6395453540079,T415,15.3,Hugo Kim,2025-08-18 16:18:02,noise
6393004154125,6393869319540,T415,12.3,Hugo Kim,2025-08-17 12:29:16,noise
6393004154125,6398069375909,T415,9.7,Hugo Kim,2025-08-17 20:12:13,noise
6393004154125,6395453540079,T415,8.5,Hugo Kim,2025-08-16 12:23:37,noise
6393004154125,6398069375909,T415,15.0,Hugo Kim,2025-08-16 18:03:58,noise
6393004154125,6398097172985,T671,7.4,Hugo Kim,2025-08-16 02:11:40,noise
6393004154125,6394573060920,T415,9.5,Hugo Kim,2025-08-15 11:25:48,noise
6393004154125,6395453540079,T415,74.2,Hugo Kim,2025-08-15 11:05:58,noise
6393004154125,6398069375909,T671,11.6,Hugo Kim,2025-08-14 01:22:35,noise
6393004154125,6395453540079,T415,5.2,Hugo Kim,2025-08-14 23:17:52,noise
6393004154125,6393869319540,T415,31.4,Hugo Kim,2025-08-14 10:14:30,noise
6393004154125,6398097172985,T671,15.1,Hugo Kim,2025-08-13 15:30:52,noise
6393004154125,6395453540079,T671,49.1,Hugo Kim,2025-08-13 15:10:50,noise
6393004154125,6395958977897,T415,4.8,Hugo Kim,2025-08-12 15:23:51,noise
6393004154125,6394711330962,T671,15.0,Hugo Kim,2025-08-11 00:26:22,noise
6393004154125,6396042155722,T415,17.1,Hugo Kim,2025-08-10 20:09:31,noise
6393004154125,6398673272758,T671,7.2,Hugo Kim,2025-08-10 13:09:45,noise
6393004154125,6393591747444,T415,35.5,Hugo Kim,2025-08-09 12:30:28,noise
6393004154125,6398069375909,T415,42.5,Hugo Kim,2025-08-09 12:18:15,noise
6393004154125,6395453540079,T671,16.0,Hugo Kim,2025-08-08 05:04:54,noise
6393004154125,6398097172985,T671,14.3,Hugo Kim,2025-08-07 14:25:15,noise
6393004154125,6395453540079,T671,8.7,Hugo Kim,2025-08-06 15:12:20,noise
6393004154125,6395453540079,T671,12.5,Hugo Kim,2025-08-05 08:24:48,noise
6393004154125,6398595696705,T415,29.7,Hugo Kim,2025-08-04 20:22:48,noise
6391787733401,6392951962632,T323,7.9,Noah Fischer,2025-10-18 22:21:07,noise
6391787733401,6393549070850,T323,14.6,Noah Fischer,2025-10-17 18:13:29,noise
6391787733401,6392237426063,T598,5.5,Noah Fischer,2025-10-17 14:01:18,noise
6391787733401,6393134974031,T598,19.7,Noah Fischer,2025-10-16 19:18:17,noise
6391787733401,6393134974031,T598,8.5,Noah Fischer,2025-10-16 20:26:43,noise
6391787733401,6393332370721,T598,14.6,Noah Fischer,2025-10-15 11:27:31,noise
6391787733401,6396625936508,T598,20.3,Noah Fischer,2025-10-15 15:03:34,noise
6391787733401,6396625936508,T323,17.6,Noah Fischer,2025-10-14 10:30:02,noise
6391787733401,6392951962632,T598,5.0,Noah Fischer,2025-10-14 23:28:48,noise
6391787733401,6396625936508,T323,26.4,Noah Fischer,2025-10-14 21:02:45,noise
6391787733401,6393134974031,T598,10.8,Noah Fischer,2025-10-13 09:22:46,noise
6391787733401,6392951962632,T598,11.8,Noah Fischer,2025-10-13 12:17:47,noise
6391787733401,6392951962632,T323,15.4,Noah Fischer,2025-10-12 15:11:07,noise
6391787733401,6396625936508,T323,9.5,Noah Fischer,2025-10-12 17:05:40,noise
6391787733401,6396625936508,T598,6.4,Noah Fischer,2025-10-11 19:27:25,noise
6391787733401,6392788177179,T323,8.1,Noah Fischer,2025-10-11 00:23:37,noise
6391787733401,6393134974031,T323,20.4,Noah Fischer,2025-10-10 21:15:04,noise
6391787733401,6393134974031,T598,11.0,Noah Fischer,2025-10-09 20:22:31,noise
6391787733401,6392951962632,T598,26.6,Noah Fischer,2025-10-09 21:07:30,noise
6391787733401,6392951962632,T598,7.0,Noah Fischer,2025-10-09 15:13:09,noise
6391787733401,6393134974031,T323,9.5,Noah Fischer,2025-10-08 16:02:05,noise
6391787733401,6396625936508,T598,8.7,Noah Fischer,2025-10-08 16:23:54,noise
6391787733401,6393134974031,T598,33.9,Noah Fischer,2025-10-07 20:23:46,noise
6391787733401,6396625936508,T598,51.2,Noah Fischer,2025-10-06 18:18:57,noise
6391787733401,6396625936508,T323,14.0,Noah Fischer,2025-10-06 01:11:24,noise
6391787733401,6391577055581,T323,29.8,Noah Fischer,2025-10-06 12:16:19,noise
6391787733401,6396625936508,T323,15.3,Noah Fischer,2025-10-05 18:08:31,noise
6391787733401,6392951962632,T598,15.6,Noah Fischer,2025-10-05 23:03:22,noise
6391787733401,6396625936508,T323,21.6,Noah Fischer,2025-10-04 16:01:03,noise
6391787733401,6392951962632,T323,7.9,Noah Fischer,2025-10-03 12:29:31,noise
6391787733401,6393134974031,T323,21.5,Noah Fischer,2025-10-03 11:13:25,noise
6391787733401,6391302712293,T323,50.3,Noah Fischer,2025-10-02 22:26:45,noise
6391787733401,6396393488216,T323,14.8,Noah Fischer,2025-10-02 11:29:55,noise
6391787733401,6396526010278,T323,12.6,Noah Fischer,2025-10-02 08:09:32,noise
6391787733401,6393134974031,T323,3.9,Noah Fischer,2025-10-01 19:15:19,noise
6391787733401,6397775259023,T598,11.4,Noah Fischer,2025-10-01 14:28:00,noise
6391787733401,6393134974031,T598,8.5,Noah Fischer,2025-09-30 15:04:36,noise
6391787733401,6396625936508,T323,11.4,Noah Fischer,2025-09-30 02:10:11,noise
6391787733401,6396625936508,T323,43.3,Noah Fischer,2025-09-29 16:17:40,noise
6391787733401,6393134974031,T598,12.3,Noah Fischer,2025-09-28 23:17:08,noise
6391787733401,6397982198732,T598,11.1,Noah Fischer,2025-09-28 20:26:07,noise
6391787733401,6393869319540,T323,19.2,Noah Fischer,2025-09-28 23:02:24,noise
6391787733401,6392951962632,T323,22.4,Noah Fischer,2025-09-27 12:27:14,noise
6391787733401,6393134974031,T598,35.4,Noah Fischer,2025-09-27 16:24:29,noise
6391787733401,6394573060920,T323,33.8,Noah Fischer,2025-09-26 12:05:54,noise
6391787733401,6392951962632,T323,17.1,Noah Fischer,2025-09-26 09:24:46,noise
6391787733401,6393134974031,T323,19.0,Noah Fischer,2025-09-26 21:20:46,noise
6391787733401,6392951962632,T323,21.8,Noah Fischer,2025-09-25 13:21:55,noise
6391787733401,6392951962632,T323,7.6,Noah Fischer,2025-09-25 16:13:49,noise
6391787733401,6393134974031,T598,53.7,Noah Fischer,2025-09-25 09:25:49,noise
6391787733401,6392951962632,T323,27.6,Noah Fischer,2025-09-24 00:01:15,noise
6391787733401,6396116554141,T323,4.1,Noah Fischer,2025-09-23 17:04:33,noise
6391787733401,6395588265198,T598,20.1,Noah Fischer,2025-09-22 20:18:39,noise
6391787733401,6396198739962,T598,12.9,Noah Fischer,2025-09-21 13:06:42,noise
6391787733401,6392951962632,T323,5.5,Noah Fischer,2025-09-20 12:00:57,noise
6391787733401,6396625936508,T598,21.8,Noah Fischer,2025-09-20 23:11:48,noise
6391787733401,6393134974031,T323,13.8,Noah Fischer,2025-09-19 16:04:58,noise
6391787733401,6392951962632,T323,52.7,Noah Fischer,2025-09-19 14:15:00,noise
6391787733401,6393134974031,T598,16.2,Noah Fischer,2025-09-18 18:30:55,noise
6391787733401,6393736660443,T598,16.5,Noah Fischer,2025-09-17 08:28:48,noise
6391787733401,6392951962632,T323,17.5,Noah Fischer,2025-09-16 08:29:15,noise
6391787733401,6393694731514,T323,7.7,Noah Fischer,2025-09-16 10:07:19,noise
6391787733401,6396625936508,T323,11.4,Noah Fischer,2025-09-15 14:26:40,noise
6391787733401,6393134974031,T323,34.2,Noah Fischer,2025-09-14 22:24:10,noise
6391787733401,6397207416529,T323,10.6,Noah Fischer,2025-09-14 19:22:40,noise
6391787733401,6398087251603,T323,28.3,Noah Fischer,2025-09-14 18:20:41,noise
6391787733401,6392951962632,T598,10.7,Noah Fischer,2025-09-13 14:05:01,noise
6391787733401,6395799070967,T323,17.4,Noah Fischer,2025-09-13 09:09:31,noise
6391787733401,6392951962632,T323,14.8,Noah Fischer,2025-09-12 16:20:19,noise
6391787733401,6395958977897,T598,16.0,Noah Fischer,2025-09-12 09:06:24,noise
6391787733401,6392951962632,T323,8.5,Noah Fischer,2025-09-12 12:13:59,noise
6391787733401,6392951962632,T323,11.3,Noah Fischer,2025-09-11 16:27:59,noise
6391787733401,6396526010278,T598,8.7,Noah Fischer,2025-09-10 11:08:22,noise
6391787733401,6396625936508,T323,41.5,Noah Fischer,2025-09-10 21:24:40,noise
6391787733401,6396625936508,T323,8.6,Noah Fischer,2025-09-10 13:07:50,noise
6391787733401,6397645850299,T598,21.5,Noah Fischer,2025-09-09 10:06:32,noise
6391787733401,6393591747444,T323,7.1,Noah Fischer,2025-09-08 18:30:34,noise
6391787733401,6393134974031,T323,24.1,Noah Fischer,2025-09-07 02:02:28,noise
6391787733401,6392951962632,T598,16.5,Noah Fischer,2025-09-07 09:00:32,noise
6391787733401,6396625936508,T598,22.5,Noah Fischer,2025-09-07 20:22:04,noise
6391787733401,6391392356697,T323,42.1,Noah Fischer,2025-09-06 08:27:52,noise
6391787733401,6396625936508,T598,16.8,Noah Fischer,2025-09-06 13:05:49,noise
6391787733401,6393004154125,T598,8.3,Noah Fischer,2025-09-05 16:07:53,noise
6391787733401,6393134974031,T323,37.1,Noah Fischer,2025-09-04 18:22:14,noise
6391787733401,6396447956284,T323,6.1,Noah Fischer,2025-09-04 14:26:07,noise
6391787733401,6396625936508,T323,32.9,Noah Fischer,2025-09-03 16:17:02,noise
6391787733401,6397473500175,T323,12.6,Noah Fischer,2025-09-03 08:07:29,noise
6391787733401,6396625936508,T598,11.8,Noah Fischer,2025-09-03 04:27:01,noise
6391787733401,6396109116629,T323,3.8,Noah Fischer,2025-09-02 18:15:41,noise
6391787733401,6392951962632,T323,12.9,Noah Fischer,2025-09-02 20:26:20,noise
6391787733401,6398087251603,T323,11.8,Noah Fischer,2025-09-02 10:15:01,noise
6391787733401,6396447956284,T598,11.4,Noah Fischer,2025-09-01 08:23:30,noise
6391787733401,6393134974031,T598,18.1,Noah Fischer,2025-09-01 16:22:29,noise
6391787733401,6391577055581,T598,28.5,Noah Fischer,2025-09-01 12:04:34,noise
6391787733401,6396625936508,T323,10.2,Noah Fischer,2025-08-31 21:23:48,noise
6391787733401,6398673272758,T598,4.0,Noah Fischer,2025-08-30 15:12:15,noise
6391787733401,6393736660443,T323,23.9,Noah Fischer,2025-08-30 15:09:59,noise
6391787733401,6393134974031,T323,17.3,Noah Fischer,2025-08-29 12:12:32,noise
6391787733401,6396625936508,T598,15.7,Noah Fischer,2025-08-29 08:00:43,noise
6391787733401,6397052145323,T323,33.9,Noah Fischer,2025-08-29 18:05:10,noise
6391787733401,6398415249661,T598,32.6,Noah Fischer,2025-08-28 17:05:12,noise
6391787733401,6392951962632,T598,12.2,Noah Fischer,2025-08-27 19:25:03,noise
6391787733401,6398095030730,T598,18.1,Noah Fischer,2025-08-27 18:25:23,noise
6391787733401,6393134974031,T598,13.9,Noah Fischer,2025-08-26 14:17:28,noise
6391787733401,6392951962632,T598,48.6,Noah Fischer,2025-08-26 23:21:54,noise
6391787733401,6393549070850,T598,4.1,Noah Fischer,2025-08-25 11:30:55,noise
6391787733401,6396625936508,T323,18.3,Noah Fischer,2025-08-25 01:25:00,noise
6391787733401,6392951962632,T598,18.7,Noah Fischer,2025-08-24 22:18:11,noise
6391787733401,6395324391443,T598,26.2,Noah Fischer,2025-08-24 14:06:43,noise
6391787733401,6396625936508,T598,103.8,Noah Fischer,2025-08-23 13:16:21,noise
6391787733401,6396625936508,T323,34.1,Noah Fischer,2025-08-23 22:16:05,noise
6391787733401,6396116554141,T598,10.8,Noah Fischer,2025-08-22 08:12:56,noise
6391787733401,6396625936508,T323,38.3,Noah Fischer,2025-08-22 18:17:02,noise
6391787733401,6397479516078,T323,8.9,Noah Fischer,2025-08-21 11:07:31,noise
6391787733401,6391494838799,T323,41.0,Noah Fischer,2025-08-21 19:13:55,noise
6391787733401,6392951962632,T598,33.3,Noah Fischer,2025-08-20 10:13:43,noise
6391787733401,6393134974031,T323,4.1,Noah Fischer,2025-08-20 14:04:04,noise
6391787733401,6396447956284,T323,14.9,Noah Fischer,2025-08-19 15:22:14,noise
6391787733401,6393134974031,T598,18.6,Noah Fischer,2025-08-19 21:18:46,noise
6391787733401,6393134974031,T323,5.3,Noah Fischer,2025-08-19 16:11:05,noise
6391787733401,6395588239969,T323,10.0,Noah Fischer,2025-08-18 18:29:38,noise
6391787733401,6393134974031,T323,10.2,Noah Fischer,2025-08-18 18:04:45,noise
6391787733401,6392951962632,T598,10.2,Noah Fischer,2025-08-17 17:05:54,noise
6391787733401,6397473530031,T323,5.5,Noah Fischer,2025-08-17 20:20:25,noise
6391787733401,6396625936508,T598,11.3,Noah Fischer,2025-08-16 15:07:20,noise
6391787733401,6393134974031,T323,15.0,Noah Fischer,2025-08-16 03:16:49,noise
6391787733401,6396042155722,T323,47.5,Noah Fischer,2025-08-16 16:19:26,noise
6391787733401,6396625936508,T598,33.8,Noah Fischer,2025-08-15 12:20:01,noise
6391787733401,6392951962632,T323,17.6,Noah Fischer,2025-08-14 19:30:52,noise
6391787733401,6393329653115,T598,28.5,Noah Fischer,2025-08-13 18:23:48,noise
6391787733401,6397959529190,T598,32.8,Noah Fischer,2025-08-13 15:25:43,noise
6391787733401,6393134974031,T323,45.3,Noah Fischer,2025-08-12 14:17:04,noise
6391787733401,6392951962632,T598,20.4,Noah Fischer,2025-08-12 19:27:29,noise
6391787733401,6394508672370,T323,6.2,Noah Fischer,2025-08-12 03:15:35,noise
6391787733401,6392951962632,T598,12.6,Noah Fischer,2025-08-11 14:04:56,noise
6391787733401,6393549070850,T323,61.2,Noah Fischer,2025-08-10 16:26:34,noise
6391787733401,6396042155722,T323,7.2,Noah Fischer,2025-08-10 10:26:56,noise
6391787733401,6399836144770,T323,6.7,Noah Fischer,2025-08-10 15:07:49,noise
6391787733401,6396625936508,T598,69.5,Noah Fischer,2025-08-09 14:00:58,noise
6391787733401,6392951962632,T323,16.8,Noah Fischer,2025-08-09 08:17:51,noise
6391787733401,6393329653115,T323,11.6,Noah Fischer,2025-08-08 11:07:20,noise
6391787733401,6397922188789,T323,6.9,Noah Fischer,2025-08-08 02:10:01,noise
6391787733401,6396625936508,T323,7.2,Noah Fischer,2025-08-07 17:06:41,noise
6391787733401,6391663645516,T323,14.8,Noah Fischer,2025-08-07 04:10:27,noise
6391787733401,6399836144770,T323,31.7,Noah Fischer,2025-08-06 10:00:09,noise
6391787733401,6392788177179,T323,11.4,Noah Fischer,2025-08-06 18:21:17,noise
6391787733401,6393134974031,T598,18.7,Noah Fischer,2025-08-05 10:03:26,noise
6391787733401,6391663645516,T323,67.1,Noah Fischer,2025-08-04 19:16:12,noise
6391787733401,6397473530031,T598,15.5,Noah Fischer,2025-08-04 03:26:40,noise
6395657768886,6395534105475,T453,6.3,Hugo Meyer,2025-10-18 15:09:18,noise
6395657768886,6398085325274,T453,14.8,Hugo Meyer,2025-10-17 12:10:15,noise
6395657768886,6393004154125,T306,15.4,Hugo Meyer,2025-10-17 09:05:38,noise
6395657768886,6398085325274,T453,20.9,Hugo Meyer,2025-10-17 20:11:40,noise
6395657768886,6398085325274,T453,37.9,Hugo Meyer,2025-10-16 08:26:45,noise
6395657768886,6394856722505,T306,14.9,Hugo Meyer,2025-10-16 15:07:56,noise
6395657768886,6399696031872,T306,7.7,Hugo Meyer,2025-10-16 08:22:07,noise
6395657768886,6395534105475,T453,25.6,Hugo Meyer,2025-10-15 16:00:40,noise
6395657768886,6398085325274,T306,6.8,Hugo Meyer,2025-10-14 08:05:03,noise
6395657768886,6395534105475,T306,24.6,Hugo Meyer,2025-10-13 13:22:23,noise
6395657768886,6393591747444,T306,34.3,Hugo Meyer,2025-10-13 11:27:56,noise
6395657768886,6394508672370,T453,11.1,Hugo Meyer,2025-10-12 17:25:37,noise
6395657768886,6395534105475,T306,14.2,Hugo Meyer,2025-10-12 08:24:12,noise
6395657768886,6393004154125,T453,17.3,Hugo Meyer,2025-10-11 21:25:24,noise
6395657768886,6392175203535,T306,34.8,Hugo Meyer,2025-10-10 14:19:39,noise
6395657768886,6393004154125,T453,14.6,Hugo Meyer,2025-10-10 20:26:25,noise
6395657768886,6391171674512,T306,13.3,Hugo Meyer,2025-10-09 10:07:30,noise
6395657768886,6398085325274,T306,5.8,Hugo Meyer,2025-10-08 05:11:23,noise
6395657768886,6397266186506,T306,17.5,Hugo Meyer,2025-10-08 10:04:57,noise
6395657768886,6398085325274,T306,6.3,Hugo Meyer,2025-10-07 05:10:25,noise
6395657768886,6395534105475,T306,6.3,Hugo Meyer,2025-10-07 12:26:29,noise
6395657768886,6393004154125,T306,11.5,Hugo Meyer,2025-10-06 09:06:42,noise
6395657768886,6398085325274,T306,21.1,Hugo Meyer,2025-10-06 16:08:58,noise
6395657768886,6393004154125,T453,21.0,Hugo Meyer,2025-10-05 21:09:28,noise
6395657768886,6393736660443,T453,11.6,Hugo Meyer,2025-10-04 20:17:46,noise
6395657768886,6395534105475,T306,33.7,Hugo Meyer,2025-10-04 03:01:17,noise
6395657768886,6393004154125,T306,76.8,Hugo Meyer,2025-10-04 23:10:52,noise
6395657768886,6391877128212,T306,16.8,Hugo Meyer,2025-10-03 05:04:39,noise
6395657768886,6393004154125,T306,10.9,Hugo Meyer,2025-10-03 12:14:17,noise
6395657768886,6398085325274,T306,32.3,Hugo Meyer,2025-10-02 14:03:44,noise
6395657768886,6398085325274,T306,5.5,Hugo Meyer,2025-10-01 18:13:12,noise
6395657768886,6395534105475,T306,40.7,Hugo Meyer,2025-10-01 12:26:13,noise
6395657768886,6397266186506,T453,28.8,Hugo Meyer,2025-09-30 19:22:20,noise
6395657768886,6393329653115,T306,24.6,Hugo Meyer,2025-09-29 01:24:27,noise
6395657768886,6395534105475,T306,73.7,Hugo Meyer,2025-09-28 12:15:06,noise
6395657768886,6395534105475,T306,9.6,Hugo Meyer,2025-09-27 10:19:16,noise
6395657768886,6398085325274,T306,11.5,Hugo Meyer,2025-09-26 11:06:11,noise
6395657768886,6395534105475,T306,11.5,Hugo Meyer,2025-09-26 12:04:03,noise
6395657768886,6393004154125,T453,34.1,Hugo Meyer,2025-09-25 18:20:59,noise
6395657768886,6395136375863,T306,41.5,Hugo Meyer,2025-09-25 14:09:50,noise
6395657768886,6393004154125,T306,7.3,Hugo Meyer,2025-09-25 15:26:30,noise
6395657768886,6395534105475,T453,13.4,Hugo Meyer,2025-09-24 14:00:58,noise
6395657768886,6397473530031,T306,58.1,Hugo Meyer,2025-09-24 09:26:18,noise
6395657768886,6398085325274,T306,34.3,Hugo Meyer,2025-09-24 19:14:23,noise
6395657768886,6395534105475,T306,22.4,Hugo Meyer,2025-09-23 03:09:59,noise
6395657768886,6396121190710,T306,8.6,Hugo Meyer,2025-09-23 14:03:25,noise
6395657768886,6395534105475,T306,29.9,Hugo Meyer,2025-09-23 04:29:13,noise
6395657768886,6395534105475,T453,6.1,Hugo Meyer,2025-09-22 15:14:52,noise
6395657768886,6395534105475,T453,62.9,Hugo Meyer,2025-09-22 03:30:01,noise
6395657768886,6398085325274,T306,7.4,Hugo Meyer,2025-09-21 16:16:58,noise
6395657768886,6399241777448,T453,7.7,Hugo Meyer,2025-09-20 21:02:36,noise
6395657768886,6393004154125,T306,9.8,Hugo Meyer,2025-09-20 14:13:07,noise
6395657768886,6398085325274,T453,14.8,Hugo Meyer,2025-09-19 22:18:30,noise
6395657768886,6394573060920,T453,25.9,Hugo Meyer,2025-09-18 23:14:12,noise
6395657768886,6398085325274,T453,28.5,Hugo Meyer,2025-09-18 15:21:53,noise
6395657768886,6393004154125,T453,23.6,Hugo Meyer,2025-09-18 13:04:18,noise
6395657768886,6395534105475,T306,14.8,Hugo Meyer,2025-09-17 19:01:40,noise
6395657768886,6391392356697,T306,19.2,Hugo Meyer,2025-09-16 20:01:15,noise
6395657768886,6395534105475,T306,15.7,Hugo Meyer,2025-09-16 08:25:18,noise
6395657768886,6394513051861,T453,18.2,Hugo Meyer,2025-09-16 14:19:49,noise
6395657768886,6393004154125,T306,17.4,Hugo Meyer,2025-09-15 19:30:28,noise
6395657768886,6395534105475,T453,5.9,Hugo Meyer,2025-09-15 12:05:59,noise
6395657768886,6393004154125,T453,14.5,Hugo Meyer,2025-09-15 17:23:12,noise
6395657768886,6392237426063,T306,19.3,Hugo Meyer,2025-09-14 19:19:05,noise
6395657768886,6394372750872,T306,50.5,Hugo Meyer,2025-09-14 20:07:53,noise
6395657768886,6394055226921,T306,9.5,Hugo Meyer,2025-09-13 16:30:27,noise
6395657768886,6393004154125,T306,13.9,Hugo Meyer,2025-09-13 11:30:16,noise
6395657768886,6398085325274,T306,19.6,Hugo Meyer,2025-09-13 17:13:41,noise
6395657768886,6398085325274,T306,22.6,Hugo Meyer,2025-09-12 08:26:23,noise
6395657768886,6393329653115,T306,30.5,Hugo Meyer,2025-09-11 12:22:03,noise
6395657768886,6393736660443,T306,17.0,Hugo Meyer,2025-09-11 20:11:12,noise
6395657768886,6393004154125,T453,18.1,Hugo Meyer,2025-09-10 23:08:13,noise
6395657768886,6395933083562,T306,7.4,Hugo Meyer,2025-09-10 12:15:27,noise
6395657768886,6393004154125,T306,31.9,Hugo Meyer,2025-09-09 10:24:12,noise
6395657768886,6398085325274,T306,12.8,Hugo Meyer,2025-09-09 21:04:00,noise
6395657768886,6393004154125,T306,10.4,Hugo Meyer,2025-09-08 09:00:30,noise
6395657768886,6395682267963,T306,39.3,Hugo Meyer,2025-09-08 14:06:42,noise
6395657768886,6394508672370,T306,18.1,Hugo Meyer,2025-09-07 20:23:37,noise
6395657768886,6391051330112,T306,16.4,Hugo Meyer,2025-09-07 10:16:50,noise
6395657768886,6398085325274,T306,72.1,Hugo Meyer,2025-09-06 12:22:18,noise
6395657768886,6399877395358,T306,14.5,Hugo Meyer,2025-09-06 15:07:28,noise
6395657768886,6398085325274,T306,17.5,Hugo Meyer,2025-09-05 08:23:09,noise
6395657768886,6398085325274,T453,4.7,Hugo Meyer,2025-09-05 10:15:22,noise
6395657768886,6394372750872,T306,117.9,Hugo Meyer,2025-09-04 17:12:57,noise
6395657768886,6398085325274,T453,17.1,Hugo Meyer,2025-09-04 09:02:02,noise
6395657768886,6394247662559,T306,10.2,Hugo Meyer,2025-09-03 22:10:04,noise
6395657768886,6393004154125,T453,4.6,Hugo Meyer,2025-09-03 11:09:47,noise
6395657768886,6398085325274,T306,4.3,Hugo Meyer,2025-09-02 14:18:06,noise
6395657768886,6395534105475,T306,7.4,Hugo Meyer,2025-09-01 22:04:50,noise
6395657768886,6397922188789,T453,40.2,Hugo Meyer,2025-09-01 11:19:26,noise
6395657768886,6395534105475,T306,33.4,Hugo Meyer,2025-08-31 11:04:02,noise
6395657768886,6396688935939,T453,11.3,Hugo Meyer,2025-08-31 11:13:26,noise
6395657768886,6393332370721,T306,18.4,Hugo Meyer,2025-08-30 16:08:38,noise
6395657768886,6397959529190,T453,10.2,Hugo Meyer,2025-08-30 13:04:38,noise
6395657768886,6392175203535,T453,14.8,Hugo Meyer,2025-08-29 15:10:21,noise
6395657768886,6397052145323,T306,3.1,Hugo Meyer,2025-08-28 10:00:32,noise
6395657768886,6393004154125,T453,25.3,Hugo Meyer,2025-08-28 04:08:58,noise
6395657768886,6393736660443,T453,81.2,Hugo Meyer,2025-08-27 15:13:52,noise
6395657768886,6395534105475,T453,21.5,Hugo Meyer,2025-08-26 10:26:15,noise
6395657768886,6392027898005,T306,6.4,Hugo Meyer,2025-08-26 09:17:24,noise
6395657768886,6395534105475,T453,19.4,Hugo Meyer,2025-08-25 09:06:02,noise
6395657768886,6397922188789,T306,9.7,Hugo Meyer,2025-08-25 17:22:02,noise
6395657768886,6395534105475,T453,15.8,Hugo Meyer,2025-08-24 16:23:34,noise
6395657768886,6394711330962,T306,5.9,Hugo Meyer,2025-08-24 15:06:46,noise
6395657768886,6395534105475,T306,35.4,Hugo Meyer,2025-08-24 18:09:59,noise
6395657768886,6393004154125,T306,12.3,Hugo Meyer,2025-08-23 11:03:02,noise
6395657768886,6397266186506,T453,47.0,Hugo Meyer,2025-08-23 17:28:50,noise
6395657768886,6399487367347,T453,4.6,Hugo Meyer,2025-08-22 09:28:59,noise
6395657768886,6395534105475,T306,26.2,Hugo Meyer,2025-08-22 13:03:33,noise
6395657768886,6391167752063,T453,10.4,Hugo Meyer,2025-08-22 14:13:31,noise
6395657768886,6395534105475,T306,23.7,Hugo Meyer,2025-08-21 17:04:49,noise
6395657768886,6398095030730,T306,6.4,Hugo Meyer,2025-08-21 14:21:53,noise
6395657768886,6393004154125,T306,20.8,Hugo Meyer,2025-08-20 23:28:00,noise
6395657768886,6398673272758,T306,29.0,Hugo Meyer,2025-08-20 23:24:01,noise
6395657768886,6398085325274,T306,34.6,Hugo Meyer,2025-08-19 15:30:17,noise
6395657768886,6393454415467,T306,13.2,Hugo Meyer,2025-08-18 13:02:03,noise
6395657768886,6399487367347,T306,16.4,Hugo Meyer,2025-08-18 00:05:03,noise
6395657768886,6395534105475,T306,6.3,Hugo Meyer,2025-08-18 18:13:35,noise
6395657768886,6393004154125,T453,27.4,Hugo Meyer,2025-08-17 12:00:23,noise
6395657768886,6398085325274,T306,18.5,Hugo Meyer,2025-08-17 17:29:18,noise
6395657768886,6391494838799,T306,20.8,Hugo Meyer,2025-08-16 15:20:12,noise
6395657768886,6395534105475,T306,6.6,Hugo Meyer,2025-08-16 17:05:49,noise
6395657768886,6395534105475,T453,29.5,Hugo Meyer,2025-08-15 16:05:47,noise
6395657768886,6394513051861,T453,91.2,Hugo Meyer,2025-08-15 17:27:44,noise
6395657768886,6395958977897,T306,16.9,Hugo Meyer,2025-08-15 15:29:21,noise
6395657768886,6398085325274,T453,33.7,Hugo Meyer,2025-08-14 15:27:13,noise
6395657768886,6393004154125,T306,16.4,Hugo Meyer,2025-08-14 16:06:16,noise
6395657768886,6398085325274,T453,9.3,Hugo Meyer,2025-08-13 21:29:49,noise
6395657768886,6395534105475,T306,19.8,Hugo Meyer,2025-08-13 17:27:45,noise
6395657768886,6394137438800,T306,12.6,Hugo Meyer,2025-08-12 23:22:13,noise
6395657768886,6397473500175,T453,6.3,Hugo Meyer,2025-08-11 20:08:48,noise
6395657768886,6396198739962,T453,5.6,Hugo Meyer,2025-08-11 17:05:35,noise
6395657768886,6393004154125,T306,30.5,Hugo Meyer,2025-08-10 18:16:42,noise
6395657768886,6398085325274,T306,34.8,Hugo Meyer,2025-08-10 11:22:09,noise
6395657768886,6398525827157,T306,31.4,Hugo Meyer,2025-08-10 03:13:02,noise
6395657768886,6393591747444,T306,45.8,Hugo Meyer,2025-08-09 23:05:07,noise
6395657768886,6392237426063,T306,58.1,Hugo Meyer,2025-08-08 14:13:13,noise
6395657768886,6396198739962,T306,5.1,Hugo Meyer,2025-08-08 18:04:55,noise
6395657768886,6395534105475,T306,12.2,Hugo Meyer,2025-08-08 08:19:06,noise
6395657768886,6395534105475,T453,7.6,Hugo Meyer,2025-08-07 19:21:26,noise
6395657768886,6395535962322,T306,23.6,Hugo Meyer,2025-08-07 19:25:44,noise
6395657768886,6398085325274,T306,19.8,Hugo Meyer,2025-08-06 15:29:51,noise
6395657768886,6394711330962,T306,35.5,Hugo Meyer,2025-08-05 04:22:51,noise
6395657768886,6397473500175,T306,13.5,Hugo Meyer,2025-08-05 18:23:56,noise
6395657768886,6398085325274,T453,11.3,Hugo Meyer,2025-08-05 22:27:03,noise
6395657768886,6395588265198,T306,7.5,Hugo Meyer,2025-08-04 20:21:57,noise
6395657768886,6395534105475,T453,57.0,Hugo Meyer,2025-08-04 15:02:50,noise
6397982198732,6397473500175,T184,5.1,Cara Duarte,2025-10-18 10:18:13,noise
6397982198732,6397982198732,T446,15.9,Cara Duarte,2025-10-18 23:30:31,noise
6397982198732,6392375347403,T446,7.0,Cara Duarte,2025-10-18 14:23:00,noise
6397982198732,6397473500175,T184,22.2,Cara Duarte,2025-10-17 16:29:17,noise
6397982198732,6397473500175,T446,9.6,Cara Duarte,2025-10-17 08:12:46,noise
6397982198732,6395453540079,T446,9.5,Cara Duarte,2025-10-17 23:00:03,noise
6397982198732,6393454415467,T446,49.7,Cara Duarte,2025-10-16 10:16:58,noise
6397982198732,6392375347403,T446,7.1,Cara Duarte,2025-10-16 23:18:46,noise
6397982198732,6392705348834,T446,15.0,Cara Duarte,2025-10-15 15:22:18,noise
6397982198732,6397473500175,T184,8.4,Cara Duarte,2025-10-15 16:17:11,noise
6397982198732,6392375347403,T184,8.9,Cara Duarte,2025-10-14 13:30:42,noise
6397982198732,6393454415467,T184,41.4,Cara Duarte,2025-10-14 08:10:03,noise
6397982198732,6392322072341,T446,7.0,Cara Duarte,2025-10-13 20:15:12,noise
6397982198732,6393454415467,T446,11.3,Cara Duarte,2025-10-13 17:22:54,noise
6397982198732,6397473500175,T446,107.9,Cara Duarte,2025-10-13 09:14:20,noise
6397982198732,6392375347403,T184,13.3,Cara Duarte,2025-10-12 22:19:46,noise
6397982198732,6392517116618,T446,28.0,Cara Duarte,2025-10-12 18:24:39,noise
6397982198732,6392375347403,T184,25.4,Cara Duarte,2025-10-11 09:04:51,noise
6397982198732,6397473500175,T446,13.8,Cara Duarte,2025-10-10 19:29:20,noise
6397982198732,6394573060920,T446,26.8,Cara Duarte,2025-10-10 04:11:23,noise
6397982198732,6396447956284,T184,15.6,Cara Duarte,2025-10-09 12:05:37,noise
6397982198732,6393454415467,T446,5.9,Cara Duarte,2025-10-09 22:22:18,noise
6397982198732,6393454415467,T184,12.5,Cara Duarte,2025-10-08 08:17:24,noise
6397982198732,6391787733401,T446,19.1,Cara Duarte,2025-10-07 10:01:42,noise
6397982198732,6396116554141,T446,24.1,Cara Duarte,2025-10-06 08:18:41,noise
6397982198732,6392705348834,T184,14.7,Cara Duarte,2025-10-05 22:10:00,noise
6397982198732,6398525827157,T184,18.9,Cara Duarte,2025-10-04 04:19:42,noise
6397982198732,6397473500175,T446,11.1,Cara Duarte,2025-10-04 17:12:24,noise
6397982198732,6393454415467,T446,28.1,Cara Duarte,2025-10-03 09:29:36,noise
6397982198732,6395324391443,T446,9.9,Cara Duarte,2025-10-03 09:16:34,noise
6397982198732,6397473500175,T446,7.9,Cara Duarte,2025-10-02 13:11:08,noise
6397982198732,6391051330112,T184,8.1,Cara Duarte,2025-10-02 17:14:02,noise
6397982198732,6391494838799,T446,16.7,Cara Duarte,2025-10-01 12:18:11,noise
6397982198732,6393454415467,T184,11.6,Cara Duarte,2025-10-01 22:25:21,noise
6397982198732,6392375347403,T446,13.0,Cara Duarte,2025-09-30 23:22:34,noise
6397982198732,6392375347403,T184,9.3,Cara Duarte,2025-09-30 15:27:30,noise
6397982198732,6392375347403,T184,23.3,Cara Duarte,2025-09-30 14:24:11,noise
6397982198732,6393062613059,T446,12.4,Cara Duarte,2025-09-29 19:17:18,noise
6397982198732,6397473500175,T446,24.4,Cara Duarte,2025-09-29 15:22:21,noise
6397982198732,6393454415467,T446,15.6,Cara Duarte,2025-09-29 09:01:31,noise
6397982198732,6392761010721,T184,8.4,Cara Duarte,2025-09-28 04:25:16,noise
6397982198732,6394372750872,T184,22.1,Cara Duarte,2025-09-28 09:17:53,noise
6397982198732,6397922188789,T446,16.1,Cara Duarte,2025-09-28 22:06:34,noise
6397982198732,6391392356697,T446,14.2,Cara Duarte,2025-09-27 22:07:27,noise
6397982198732,6399804243491,T446,22.7,Cara Duarte,2025-09-27 16:28:39,noise
6397982198732,6392375347403,T184,16.9,Cara Duarte,2025-09-26 18:18:52,noise
6397982198732,6393454415467,T446,21.1,Cara Duarte,2025-09-26 11:25:04,noise
6397982198732,6397473500175,T446,14.0,Cara Duarte,2025-09-25 21:21:23,noise
6397982198732,6396625936508,T184,12.6,Cara Duarte,2025-09-25 01:28:43,noise
6397982198732,6397473500175,T184,8.5,Cara Duarte,2025-09-24 09:22:07,noise
6397982198732,6396198739962,T184,33.3,Cara Duarte,2025-09-24 10:16:27,noise
6397982198732,6393454415467,T184,20.3,Cara Duarte,2025-09-24 23:27:45,noise
6397982198732,6397473500175,T184,42.3,Cara Duarte,2025-09-23 12:22:14,noise
6397982198732,6397473500175,T446,22.5,Cara Duarte,2025-09-23 08:08:29,noise
6397982198732,6393134974031,T184,19.7,Cara Duarte,2025-09-22 01:17:27,noise
6397982198732,6397473500175,T446,26.2,Cara Duarte,2025-09-22 20:01:38,noise
6397982198732,6397473500175,T446,23.3,Cara Duarte,2025-09-22 17:18:26,noise
6397982198732,6393454415467,T446,12.4,Cara Duarte,2025-09-21 20:19:05,noise
6397982198732,6397473500175,T446,16.1,Cara Duarte,2025-09-21 11:23:31,noise
6397982198732,6393694731514,T446,30.1,Cara Duarte,2025-09-21 22:07:40,noise
6397982198732,6391663645516,T184,2.9,Cara Duarte,2025-09-20 09:17:00,noise
6397982198732,6397207416529,T446,19.6,Cara Duarte,2025-09-20 13:13:57,noise
6397982198732,6397473500175,T184,12.9,Cara Duarte,2025-09-19 09:28:39,noise
6397982198732,6397645850299,T446,18.2,Cara Duarte,2025-09-19 16:27:48,noise
6397982198732,6392375347403,T446,19.7,Cara Duarte,2025-09-19 12:25:46,noise
6397982198732,6397473500175,T446,18.5,Cara Duarte,2025-09-18 14:24:23,noise
6397982198732,6392375347403,T446,26.1,Cara Duarte,2025-09-18 13:24:12,noise
6397982198732,6397473500175,T446,10.3,Cara Duarte,2025-09-17 02:12:42,noise
6397982198732,6393454415467,T446,32.4,Cara Duarte,2025-09-17 15:25:20,noise
6397982198732,6395136375863,T184,19.2,Cara Duarte,2025-09-16 09:05:34,noise
6397982198732,6397172010892,T446,6.5,Cara Duarte,2025-09-16 13:26:08,noise
6397982198732,6399604910822,T446,13.6,Cara Duarte,2025-09-15 10:14:26,noise
6397982198732,6392375347403,T184,20.9,Cara Duarte,2025-09-15 17:13:16,noise
6397982198732,6392375347403,T184,11.1,Cara Duarte,2025-09-14 12:10:01,noise
6397982198732,6397473500175,T446,34.6,Cara Duarte,2025-09-13 15:03:13,noise
6397982198732,6397473500175,T184,36.1,Cara Duarte,2025-09-12 20:02:42,noise
6397982198732,6397277321210,T184,16.3,Cara Duarte,2025-09-11 14:14:46,noise
6397982198732,6393062613059,T446,6.8,Cara Duarte,2025-09-10 01:28:05,noise
6397982198732,6392375347403,T446,7.8,Cara Duarte,2025-09-10 18:06:31,noise
6397982198732,6393004154125,T184,34.4,Cara Duarte,2025-09-09 19:11:06,noise
6397982198732,6394711330962,T446,31.8,Cara Duarte,2025-09-08 12:07:08,noise
6397982198732,6393454415467,T184,20.7,Cara Duarte,2025-09-08 21:21:14,noise
6397982198732,6393454415467,T446,14.1,Cara Duarte,2025-09-08 13:13:55,noise
6397982198732,6392375347403,T446,22.3,Cara Duarte,2025-09-07 15:09:10,noise
6397982198732,6393454415467,T446,6.3,Cara Duarte,2025-09-06 01:18:38,noise
6397982198732,6392375347403,T184,9.3,Cara Duarte,2025-09-06 14:10:52,noise
6397982198732,6393454415467,T184,21.4,Cara Duarte,2025-09-05 13:13:38,noise
6397982198732,6397473500175,T184,33.2,Cara Duarte,2025-09-05 16:08:07,noise
6397982198732,6397473500175,T184,6.3,Cara Duarte,2025-09-04 01:25:38,noise
6397982198732,6398595696705,T184,64.9,Cara Duarte,2025-09-03 16:11:13,noise
6397982198732,6392375347403,T446,19.4,Cara Duarte,2025-09-03 10:26:06,noise
6397982198732,6393454415467,T446,33.1,Cara Duarte,2025-09-02 11:10:38,noise
6397982198732,6393454415467,T184,17.4,Cara Duarte,2025-09-02 10:13:00,noise
6397982198732,6391577055581,T446,16.9,Cara Duarte,2025-09-01 12:05:54,noise
6397982198732,6397473500175,T446,12.4,Cara Duarte,2025-08-31 12:20:27,noise
6397982198732,6397266186506,T446,12.2,Cara Duarte,2025-08-30 15:30:39,noise
6397982198732,6392375347403,T184,13.3,Cara Duarte,2025-08-29 20:10:56,noise
6397982198732,6392175203535,T184,11.6,Cara Duarte,2025-08-28 21:04:00,noise
6397982198732,6398595696705,T446,10.4,Cara Duarte,2025-08-28 09:20:16,noise
6397982198732,6392375347403,T184,16.7,Cara Duarte,2025-08-27 19:28:36,noise
6397982198732,6392375347403,T446,14.1,Cara Duarte,2025-08-27 11:09:24,noise
6397982198732,6393454415467,T446,19.6,Cara Duarte,2025-08-27 17:26:09,noise
6397982198732,6397473500175,T446,27.0,Cara Duarte,2025-08-26 14:16:49,noise
6397982198732,6392375347403,T446,53.0,Cara Duarte,2025-08-26 12:29:37,noise
6397982198732,6397473500175,T446,3.6,Cara Duarte,2025-08-25 18:25:50,noise
6397982198732,6393454415467,T446,12.0,Cara Duarte,2025-08-25 04:13:22,noise
6397982198732,6397473530031,T184,13.6,Cara Duarte,2025-08-25 09:16:24,noise
6397982198732,6392375347403,T446,28.4,Cara Duarte,2025-08-24 14:05:46,noise
6397982198732,6393549070850,T184,44.1,Cara Duarte,2025-08-23 21:10:02,noise
6397982198732,6393454415467,T446,18.4,Cara Duarte,2025-08-22 18:18:38,noise
6397982198732,6391302712293,T446,12.7,Cara Duarte,2025-08-22 18:30:48,noise
6397982198732,6397473500175,T446,18.5,Cara Duarte,2025-08-21 08:02:59,noise
6397982198732,6396726642544,T184,6.3,Cara Duarte,2025-08-21 20:02:04,noise
6397982198732,6397473500175,T446,6.5,Cara Duarte,2025-08-20 09:15:32,noise
6397982198732,6392375347403,T446,53.1,Cara Duarte,2025-08-20 15:02:33,noise
6397982198732,6397473500175,T184,26.9,Cara Duarte,2025-08-19 18:18:00,noise
6397982198732,6393454415467,T446,5.0,Cara Duarte,2025-08-18 17:24:50,noise
6397982198732,6393454415467,T184,33.2,Cara Duarte,2025-08-18 17:01:31,noise
6397982198732,6392375347403,T184,77.0,Cara Duarte,2025-08-18 09:08:05,noise
6397982198732,6397473500175,T446,14.0,Cara Duarte,2025-08-17 13:28:36,noise
6397982198732,6392788177179,T446,19.0,Cara Duarte,2025-08-17 09:24:33,noise
6397982198732,6397473500175,T446,27.4,Cara Duarte,2025-08-17 23:22:40,noise
6397982198732,6396526010278,T446,55.1,Cara Duarte,2025-08-16 16:24:33,noise
6397982198732,6397473500175,T184,17.8,Cara Duarte,2025-08-16 08:18:21,noise
6397982198732,6393329653115,T446,29.0,Cara Duarte,2025-08-15 19:20:33,noise
6397982198732,6396625936508,T446,24.4,Cara Duarte,2025-08-15 14:10:29,noise
6397982198732,6398595696705,T446,73.0,Cara Duarte,2025-08-15 22:10:53,noise
6397982198732,6392375347403,T184,15.7,Cara Duarte,2025-08-14 13:06:28,noise
6397982198732,6399241777448,T446,10.5,Cara Duarte,2025-08-14 01:17:03,noise
6397982198732,6393454415467,T184,5.1,Cara Duarte,2025-08-13 20:02:34,noise
6397982198732,6399487367347,T446,10.3,Cara Duarte,2025-08-13 10:08:13,noise
6397982198732,6392375347403,T446,6.2,Cara Duarte,2025-08-13 18:17:05,noise
6397982198732,6393454415467,T446,15.9,Cara Duarte,2025-08-12 22:21:07,noise
6397982198732,6393454415467,T446,23.1,Cara Duarte,2025-08-11 12:16:14,noise
6397982198732,6392375347403,T446,11.7,Cara Duarte,2025-08-11 23:05:06,noise
6397982198732,6397473500175,T446,8.1,Cara Duarte,2025-08-11 09:02:56,noise
6397982198732,6393454415467,T446,12.4,Cara Duarte,2025-08-10 11:15:51,noise
6397982198732,6393454415467,T446,10.1,Cara Duarte,2025-08-10 08:24:35,noise
6397982198732,6398097172985,T446,16.9,Cara Duarte,2025-08-09 14:13:06,noise
6397982198732,6393454415467,T184,26.5,Cara Duarte,2025-08-09 23:14:13,noise
6397982198732,6397473500175,T184,19.6,Cara Duarte,2025-08-08 10:04:23,noise
6397982198732,6392375347403,T184,12.4,Cara Duarte,2025-08-08 05:28:36,noise
6397982198732,6392375347403,T184,12.4,Cara Duarte,2025-08-07 21:24:45,noise
6397982198732,6394573060920,T184,21.4,Cara Duarte,2025-08-06 08:10:52,noise
6397982198732,6393454415467,T446,9.0,Cara Duarte,2025-08-05 13:06:01,noise
6397982198732,6393736660443,T184,16.3,Cara Duarte,2025-08-04 15:07:39,noise
6397982198732,6392375347403,T446,32.4,Cara Duarte,2025-08-04 19:02:04,noise
6397266186506,6397982198732,T238,39.9,Ivy Quinn,2025-10-18 23:04:00,noise
6397266186506,6396393488216,T238,10.0,Ivy Quinn,2025-10-18 17:12:57,noise
6397266186506,6397982198732,T740,8.4,Ivy Quinn,2025-10-17 13:19:51,noise
6397266186506,6397473500175,T740,15.5,Ivy Quinn,2025-10-16 14:22:31,noise
6397266186506,6395657768886,T238,27.4,Ivy Quinn,2025-10-15 16:25:44,noise
6397266186506,6397473500175,T238,18.6,Ivy Quinn,2025-10-15 08:20:43,noise
6397266186506,6397473500175,T740,9.1,Ivy Quinn,2025-10-14 18:02:48,noise
6397266186506,6397982198732,T740,33.3,Ivy Quinn,2025-10-14 10:10:00,noise
6397266186506,6394055226921,T238,20.2,Ivy Quinn,2025-10-13 04:21:12,noise
6397266186506,6398085325274,T740,7.8,Ivy Quinn,2025-10-13 23:01:21,noise
6397266186506,6397473500175,T740,19.5,Ivy Quinn,2025-10-12 20:16:10,noise
6397266186506,6395657768886,T740,19.7,Ivy Quinn,2025-10-12 04:02:04,noise
6397266186506,6399141407059,T238,23.8,Ivy Quinn,2025-10-12 19:03:05,noise
6397266186506,6397982198732,T740,41.3,Ivy Quinn,2025-10-11 09:27:19,noise
6397266186506,6397473500175,T238,36.4,Ivy Quinn,2025-10-11 11:21:10,noise
6397266186506,6397761210582,T740,5.5,Ivy Quinn,2025-10-10 18:20:36,noise
6397266186506,6392027898005,T238,23.6,Ivy Quinn,2025-10-09 09:10:40,noise
6397266186506,6391167752063,T740,37.3,Ivy Quinn,2025-10-09 20:12:25,noise
6397266186506,6397982198732,T740,11.4,Ivy Quinn,2025-10-09 12:06:37,noise
6397266186506,6397982198732,T740,11.1,Ivy Quinn,2025-10-08 15:19:51,noise
6397266186506,6391787733401,T740,24.8,Ivy Quinn,2025-10-08 08:18:12,noise
6397266186506,6395657768886,T238,10.8,Ivy Quinn,2025-10-08 20:05:05,noise
6397266186506,6397473500175,T238,70.8,Ivy Quinn,2025-10-07 14:17:20,noise
6397266186506,6397982198732,T238,20.6,Ivy Quinn,2025-10-07 10:30:28,noise
6397266186506,6392951962632,T740,74.7,Ivy Quinn,2025-10-07 22:07:44,noise
6397266186506,6398525827157,T740,12.3,Ivy Quinn,2025-10-06 16:12:39,noise
6397266186506,6397775259023,T238,9.7,Ivy Quinn,2025-10-06 20:04:59,noise
6397266186506,6393869319540,T740,20.5,Ivy Quinn,2025-10-06 22:18:02,noise
6397266186506,6397982198732,T238,11.2,Ivy Quinn,2025-10-05 20:28:37,noise
6397266186506,6391787733401,T238,18.1,Ivy Quinn,2025-10-05 03:02:11,noise
6397266186506,6391051330112,T740,29.2,Ivy Quinn,2025-10-04 15:19:19,noise
6397266186506,6397982198732,T740,9.7,Ivy Quinn,2025-10-04 14:16:09,noise
6397266186506,6395657768886,T238,28.6,Ivy Quinn,2025-10-03 19:27:25,noise
6397266186506,6399604910822,T740,11.4,Ivy Quinn,2025-10-03 20:23:31,noise
6397266186506,6397982198732,T740,10.6,Ivy Quinn,2025-10-02 19:11:26,noise
6397266186506,6395657768886,T238,15.1,Ivy Quinn,2025-10-02 20:09:01,noise
6397266186506,6392953177733,T740,40.5,Ivy Quinn,2025-10-02 17:03:21,noise
6397266186506,6395657768886,T238,29.3,Ivy Quinn,2025-10-01 18:28:53,noise
6397266186506,6398525827157,T740,49.8,Ivy Quinn,2025-10-01 11:13:51,noise
6397266186506,6397695360968,T238,44.6,Ivy Quinn,2025-09-30 20:12:07,noise
6397266186506,6397982198732,T740,54.6,Ivy Quinn,2025-09-30 15:00:13,noise
6397266186506,6395657768886,T238,29.0,Ivy Quinn,2025-09-30 21:25:13,noise
6397266186506,6392175203535,T238,15.8,Ivy Quinn,2025-09-29 12:11:18,noise
6397266186506,6397982198732,T238,7.4,Ivy Quinn,2025-09-29 10:29:21,noise
6397266186506,6397473500175,T740,6.2,Ivy Quinn,2025-09-28 11:04:26,noise
6397266186506,6397473500175,T238,40.0,Ivy Quinn,2025-09-28 12:30:04,noise
6397266186506,6397326243787,T238,11.6,Ivy Quinn,2025-09-28 13:11:42,noise
6397266186506,6391051330112,T740,13.7,Ivy Quinn,2025-09-27 14:11:55,noise
6397266186506,6397775259023,T740,12.7,Ivy Quinn,2025-09-26 14:05:36,noise
6397266186506,6397473500175,T740,7.0,Ivy Quinn,2025-09-26 20:23:32,noise
6397266186506,6396393488216,T740,5.9,Ivy Quinn,2025-09-26 22:27:35,noise
6397266186506,6397473500175,T238,16.0,Ivy Quinn,2025-09-25 18:22:27,noise
6397266186506,6397982198732,T740,8.3,Ivy Quinn,2025-09-24 16:08:47,noise
6397266186506,6399096359352,T238,13.3,Ivy Quinn,2025-09-23 00:15:20,noise
6397266186506,6395657768886,T238,9.7,Ivy Quinn,2025-09-23 13:01:54,noise
6397266186506,6397982198732,T238,41.0,Ivy Quinn,2025-09-23 10:22:08,noise
6397266186506,6397473500175,T238,5.5,Ivy Quinn,2025-09-22 11:15:02,noise
6397266186506,6397473500175,T238,13.3,Ivy Quinn,2025-09-22 03:03:16,noise
6397266186506,6392788177179,T740,26.0,Ivy Quinn,2025-09-21 08:01:54,noise
6397266186506,6397172010892,T238,6.7,Ivy Quinn,2025-09-21 17:06:06,noise
6397266186506,6395657768886,T740,132.6,Ivy Quinn,2025-09-21 10:07:41,noise
6397266186506,6397982198732,T740,19.0,Ivy Quinn,2025-09-20 12:24:28,noise
6397266186506,6397982198732,T740,31.4,Ivy Quinn,2025-09-19 13:06:25,noise
6397266186506,6397982198732,T740,69.2,Ivy Quinn,2025-09-18 17:26:25,noise
6397266186506,6395657768886,T238,11.5,Ivy Quinn,2025-09-18 15:23:25,noise
6397266186506,6393591747444,T740,49.3,Ivy Quinn,2025-09-17 20:03:05,noise
6397266186506,6397982198732,T740,19.5,Ivy Quinn,2025-09-16 09:20:54,noise
6397266186506,6391167752063,T238,15.6,Ivy Quinn,2025-09-15 20:12:01,noise
6397266186506,6397982198732,T238,11.6,Ivy Quinn,2025-09-14 12:10:37,noise
6397266186506,6391663645516,T740,4.4,Ivy Quinn,2025-09-14 08:28:44,noise
6397266186506,6395657768886,T740,59.4,Ivy Quinn,2025-09-14 16:30:44,noise
6397266186506,6397473500175,T238,9.3,Ivy Quinn,2025-09-13 00:04:45,noise
6397266186506,6395534105475,T238,23.5,Ivy Quinn,2025-09-13 20:15:38,noise
6397266186506,6395657768886,T740,48.4,Ivy Quinn,2025-09-12 13:12:52,noise
6397266186506,6397775259023,T740,49.5,Ivy Quinn,2025-09-12 05:26:46,noise
6397266186506,6396688935939,T740,5.6,Ivy Quinn,2025-09-12 17:30:49,noise
6397266186506,6397473500175,T238,22.7,Ivy Quinn,2025-09-11 08:01:50,noise
6397266186506,6397473500175,T740,19.9,Ivy Quinn,2025-09-11 14:13:52,noise
6397266186506,6397473500175,T238,49.3,Ivy Quinn,2025-09-11 13:04:10,noise
6397266186506,6397473500175,T740,40.4,Ivy Quinn,2025-09-10 19:07:08,noise
6397266186506,6397982198732,T238,21.5,Ivy Quinn,2025-09-09 20:20:44,noise
6397266186506,6397959529190,T740,6.5,Ivy Quinn,2025-09-09 04:02:44,noise
6397266186506,6397473500175,T740,9.7,Ivy Quinn,2025-09-08 21:21:06,noise
6397266186506,6391319542424,T740,40.0,Ivy Quinn,2025-09-08 23:13:00,noise
6397266186506,6395657768886,T238,51.6,Ivy Quinn,2025-09-07 11:16:53,noise
6397266186506,6391577055581,T740,89.2,Ivy Quinn,2025-09-07 12:24:08,noise
6397266186506,6397982198732,T740,14.4,Ivy Quinn,2025-09-06 20:00:41,noise
6397266186506,6397982198732,T238,8.4,Ivy Quinn,2025-09-06 18:27:15,noise
6397266186506,6397473500175,T740,10.7,Ivy Quinn,2025-09-05 09:14:31,noise
6397266186506,6397473500175,T238,22.6,Ivy Quinn,2025-09-05 18:01:24,noise
6397266186506,6397473500175,T238,17.3,Ivy Quinn,2025-09-05 10:27:56,noise
6397266186506,6395657768886,T238,19.5,Ivy Quinn,2025-09-04 23:02:17,noise
6397266186506,6395657768886,T238,91.7,Ivy Quinn,2025-09-04 17:23:33,noise
6397266186506,6397473500175,T740,4.4,Ivy Quinn,2025-09-03 17:16:33,noise
6397266186506,6393062613059,T740,20.1,Ivy Quinn,2025-09-03 20:15:48,noise
6397266186506,6397982198732,T238,28.0,Ivy Quinn,2025-09-02 12:08:39,noise
6397266186506,6397473500175,T740,16.7,Ivy Quinn,2025-09-02 13:24:52,noise
6397266186506,6391302712293,T238,3.8,Ivy Quinn,2025-09-02 12:18:12,noise
6397266186506,6397473500175,T740,7.6,Ivy Quinn,2025-09-01 08:23:45,noise
6397266186506,6397473500175,T740,15.7,Ivy Quinn,2025-09-01 13:13:52,noise
6397266186506,6395657768886,T740,10.7,Ivy Quinn,2025-08-31 09:03:05,noise
6397266186506,6394372750872,T238,25.4,Ivy Quinn,2025-08-30 13:03:21,noise
6397266186506,6398069375909,T740,10.1,Ivy Quinn,2025-08-30 17:03:54,noise
6397266186506,6397473500175,T740,17.5,Ivy Quinn,2025-08-29 16:23:56,noise
6397266186506,6395657768886,T238,12.0,Ivy Quinn,2025-08-29 10:23:03,noise
6397266186506,6397473500175,T740,28.8,Ivy Quinn,2025-08-29 08:22:48,noise
6397266186506,6392517116618,T238,85.6,Ivy Quinn,2025-08-28 20:11:46,noise
6397266186506,6399096359352,T740,21.8,Ivy Quinn,2025-08-27 13:10:52,noise
6397266186506,6391663645516,T740,7.4,Ivy Quinn,2025-08-27 10:19:02,noise
6397266186506,6395657768886,T238,24.6,Ivy Quinn,2025-08-26 16:21:05,noise
6397266186506,6395657768886,T238,65.8,Ivy Quinn,2025-08-25 20:21:19,noise
6397266186506,6399965853740,T740,21.5,Ivy Quinn,2025-08-24 10:07:05,noise
6397266186506,6398095030730,T238,23.9,Ivy Quinn,2025-08-24 12:00:33,noise
6397266186506,6397473500175,T740,10.3,Ivy Quinn,2025-08-23 15:14:17,noise
6397266186506,6397479516078,T740,7.8,Ivy Quinn,2025-08-23 15:15:17,noise
6397266186506,6395657768886,T238,8.4,Ivy Quinn,2025-08-22 01:16:37,noise
6397266186506,6397473500175,T740,44.0,Ivy Quinn,2025-08-22 21:16:57,noise
6397266186506,6392517116618,T740,38.0,Ivy Quinn,2025-08-21 09:01:36,noise
6397266186506,6397172010892,T238,4.6,Ivy Quinn,2025-08-21 08:29:07,noise
6397266186506,6397473500175,T740,17.8,Ivy Quinn,2025-08-21 16:11:11,noise
6397266186506,6393625636545,T238,4.4,Ivy Quinn,2025-08-20 18:29:16,noise
6397266186506,6397982198732,T740,3.5,Ivy Quinn,2025-08-20 22:00:55,noise
6397266186506,6395657768886,T238,43.0,Ivy Quinn,2025-08-19 13:20:24,noise
6397266186506,6397959529190,T238,9.5,Ivy Quinn,2025-08-19 08:14:03,noise
6397266186506,6394508672370,T238,11.9,Ivy Quinn,2025-08-19 22:10:49,noise
6397266186506,6397982198732,T238,40.9,Ivy Quinn,2025-08-18 16:19:17,noise
6397266186506,6397473500175,T740,7.9,Ivy Quinn,2025-08-18 15:20:44,noise
6397266186506,6397982198732,T740,20.2,Ivy Quinn,2025-08-17 22:05:15,noise
6397266186506,6395136375863,T740,14.0,Ivy Quinn,2025-08-16 13:25:19,noise
6397266186506,6396393488216,T238,20.7,Ivy Quinn,2025-08-16 11:19:46,noise
6397266186506,6395534105475,T740,10.3,Ivy Quinn,2025-08-15 15:26:39,noise
6397266186506,6397473500175,T238,32.8,Ivy Quinn,2025-08-15 08:02:17,noise
6397266186506,6397266186506,T238,31.8,Ivy Quinn,2025-08-14 00:09:15,noise
6397266186506,6397982198732,T740,6.1,Ivy Quinn,2025-08-14 19:22:35,noise
6397266186506,6391877128212,T740,57.9,Ivy Quinn,2025-08-13 08:29:13,noise
6397266186506,6395657768886,T238,21.7,Ivy Quinn,2025-08-13 12:19:38,noise
6397266186506,6394573060920,T740,20.0,Ivy Quinn,2025-08-12 11:14:04,noise
6397266186506,6392237426063,T238,14.0,Ivy Quinn,2025-08-12 13:02:33,noise
6397266186506,6397473500175,T740,8.7,Ivy Quinn,2025-08-11 15:23:42,noise
6397266186506,6397982198732,T238,15.4,Ivy Quinn,2025-08-11 21:25:21,noise
6397266186506,6399804243491,T740,10.8,Ivy Quinn,2025-08-10 22:12:08,noise
6397266186506,6392705348834,T740,21.3,Ivy Quinn,2025-08-09 03:18:57,noise
6397266186506,6395657768886,T740,19.8,Ivy Quinn,2025-08-09 22:12:00,noise
6397266186506,6395657768886,T740,49.4,Ivy Quinn,2025-08-09 12:07:12,noise
6397266186506,6397982198732,T740,5.5,Ivy Quinn,2025-08-08 18:03:46,noise
6397266186506,6398069375909,T740,22.2,Ivy Quinn,2025-08-08 21:27:52,noise
6397266186506,6397473500175,T740,33.2,Ivy Quinn,2025-08-07 11:20:08,noise
6397266186506,6393332370721,T740,33.0,Ivy Quinn,2025-08-06 18:16:36,noise
6397266186506,6396625936508,T740,9.2,Ivy Quinn,2025-08-06 22:14:57,noise
6397266186506,6398595696705,T740,40.2,Ivy Quinn,2025-08-05 22:29:37,noise
6397266186506,6395657768886,T740,15.6,Ivy Quinn,2025-08-04 17:06:01,noise
6397266186506,6397982198732,T740,10.1,Ivy Quinn,2025-08-04 10:12:33,noise
6397266186506,6397982198732,T238,18.7,Ivy Quinn,2025-08-04 10:01:38,noise
6392237426063,6397473500175,T697,6.6,Lena Wei,2025-10-18 15:20:10,noise
6392237426063,6397473500175,T697,7.7,Lena Wei,2025-10-18 13:20:12,noise
6392237426063,6399965853740,T488,60.6,Lena Wei,2025-10-17 21:16:11,noise
6392237426063,6399965853740,T697,3.9,Lena Wei,2025-10-17 14:14:48,noise
6392237426063,6395958977897,T697,10.4,Lena Wei,2025-10-16 10:27:50,noise
6392237426063,6397982198732,T697,8.5,Lena Wei,2025-10-16 11:04:53,noise
6392237426063,6391787733401,T697,35.8,Lena Wei,2025-10-16 23:00:15,noise
6392237426063,6399965853740,T488,8.1,Lena Wei,2025-10-15 15:06:35,noise
6392237426063,6398087251603,T697,13.6,Lena Wei,2025-10-15 16:30:52,noise
6392237426063,6397473500175,T697,10.1,Lena Wei,2025-10-15 16:05:22,noise
6392237426063,6397172010892,T697,13.4,Lena Wei,2025-10-14 08:23:22,noise
6392237426063,6392464364634,T488,5.6,Lena Wei,2025-10-14 20:27:40,noise
6392237426063,6397982198732,T488,29.8,Lena Wei,2025-10-14 22:00:38,noise
6392237426063,6397473500175,T697,15.4,Lena Wei,2025-10-13 22:14:49,noise
6392237426063,6392953177733,T697,4.9,Lena Wei,2025-10-13 02:29:21,noise
6392237426063,6393869319540,T697,7.8,Lena Wei,2025-10-12 10:22:46,noise
6392237426063,6393004154125,T697,23.8,Lena Wei,2025-10-12 03:01:13,noise
6392237426063,6395324391443,T697,5.0,Lena Wei,2025-10-11 19:29:51,noise
6392237426063,6397479516078,T488,31.5,Lena Wei,2025-10-11 09:22:15,noise
6392237426063,6397982198732,T488,35.9,Lena Wei,2025-10-10 14:06:45,noise
6392237426063,6399965853740,T697,22.4,Lena Wei,2025-10-09 14:02:15,noise
6392237426063,6391663645516,T697,8.7,Lena Wei,2025-10-09 16:05:06,noise
6392237426063,6391319542424,T488,9.3,Lena Wei,2025-10-08 08:10:48,noise
6392237426063,6397982198732,T697,46.0,Lena Wei,2025-10-07 23:04:35,noise
6392237426063,6394711330962,T488,7.9,Lena Wei,2025-10-07 14:26:36,noise
6392237426063,6394247662559,T488,30.5,Lena Wei,2025-10-06 10:06:03,noise
6392237426063,6397473500175,T488,9.4,Lena Wei,2025-10-06 14:10:24,noise
6392237426063,6397982198732,T697,7.5,Lena Wei,2025-10-06 16:28:08,noise
6392237426063,6399965853740,T697,8.8,Lena Wei,2025-10-05 14:07:45,noise
6392237426063,6397982198732,T488,11.4,Lena Wei,2025-10-05 17:07:09,noise
6392237426063,6392788177179,T697,16.6,Lena Wei,2025-10-05 20:01:02,noise
6392237426063,6397982198732,T488,27.4,Lena Wei,2025-10-04 03:13:24,noise
6392237426063,6398673272758,T697,20.9,Lena Wei,2025-10-04 04:18:25,noise
6392237426063,6397982198732,T488,5.9,Lena Wei,2025-10-04 15:22:47,noise
6392237426063,6399965853740,T488,61.0,Lena Wei,2025-10-03 20:17:12,noise
6392237426063,6393332370721,T697,18.9,Lena Wei,2025-10-03 14:26:05,noise
6392237426063,6397982198732,T697,27.1,Lena Wei,2025-10-02 19:15:05,noise
6392237426063,6399965853740,T697,7.1,Lena Wei,2025-10-01 22:27:13,noise
6392237426063,6395958977897,T488,24.8,Lena Wei,2025-10-01 10:06:46,noise
6392237426063,6394247662559,T488,10.8,Lena Wei,2025-09-30 12:11:29,noise
6392237426063,6397473500175,T697,9.4,Lena Wei,2025-09-30 00:18:47,noise
6392237426063,6399965853740,T488,3.8,Lena Wei,2025-09-29 22:12:37,noise
6392237426063,6396198739962,T697,2.6,Lena Wei,2025-09-29 21:16:01,noise
6392237426063,6395799070967,T488,17.3,Lena Wei,2025-09-28 22:30:56,noise
6392237426063,6397473500175,T488,11.9,Lena Wei,2025-09-28 22:03:56,noise
6392237426063,6392464364634,T697,25.7,Lena Wei,2025-09-27 21:17:21,noise
6392237426063,6399965853740,T488,13.6,Lena Wei,2025-09-27 19:23:45,noise
6392237426063,6397982198732,T697,25.7,Lena Wei,2025-09-26 16:07:24,noise
6392237426063,6394247662559,T697,6.8,Lena Wei,2025-09-25 11:21:30,noise
6392237426063,6391787733401,T488,25.9,Lena Wei,2025-09-24 10:08:49,noise
6392237426063,6399965853740,T488,20.8,Lena Wei,2025-09-24 16:22:17,noise
6392237426063,6397982198732,T488,23.0,Lena Wei,2025-09-24 22:01:36,noise
6392237426063,6397156535284,T488,14.9,Lena Wei,2025-09-23 17:21:21,noise
6392237426063,6397473500175,T488,23.8,Lena Wei,2025-09-22 21:29:44,noise
6392237426063,6396447956284,T697,12.8,Lena Wei,2025-09-22 12:19:44,noise
6392237426063,6399965853740,T697,22.0,Lena Wei,2025-09-21 12:19:21,noise
6392237426063,6397982198732,T697,26.7,Lena Wei,2025-09-20 09:29:21,noise
6392237426063,6398095030730,T697,20.4,Lena Wei,2025-09-19 11:04:37,noise
6392237426063,6397473500175,T488,11.3,Lena Wei,2025-09-19 08:03:33,noise
6392237426063,6399965853740,T697,33.2,Lena Wei,2025-09-18 12:10:41,noise
6392237426063,6397982198732,T488,41.3,Lena Wei,2025-09-18 02:22:21,noise
6392237426063,6393625636545,T488,47.3,Lena Wei,2025-09-17 15:07:09,noise
6392237426063,6397982198732,T488,4.8,Lena Wei,2025-09-16 12:24:21,noise
6392237426063,6393134974031,T697,14.6,Lena Wei,2025-09-16 19:30:29,noise
6392237426063,6399836144770,T697,18.9,Lena Wei,2025-09-15 10:13:36,noise
6392237426063,6397473530031,T697,26.1,Lena Wei,2025-09-15 10:19:02,noise
6392237426063,6397982198732,T697,32.8,Lena Wei,2025-09-15 18:00:40,noise
6392237426063,6397959529190,T697,15.0,Lena Wei,2025-09-14 10:10:29,noise
6392237426063,6395588239969,T697,25.4,Lena Wei,2025-09-14 14:03:01,noise
6392237426063,6397982198732,T488,16.3,Lena Wei,2025-09-13 19:06:15,noise
6392237426063,6391319542424,T697,23.2,Lena Wei,2025-09-13 14:07:41,noise
6392237426063,6399965853740,T488,32.7,Lena Wei,2025-09-13 11:29:47,noise
6392237426063,6396526010278,T697,23.4,Lena Wei,2025-09-12 12:03:04,noise
6392237426063,6399965853740,T697,65.1,Lena Wei,2025-09-12 19:26:55,noise
6392237426063,6399965853740,T488,45.4,Lena Wei,2025-09-11 21:03:58,noise
6392237426063,6392375347403,T697,8.8,Lena Wei,2025-09-11 13:28:40,noise
6392237426063,6397982198732,T697,27.2,Lena Wei,2025-09-10 13:20:13,noise
6392237426063,6397473500175,T697,31.4,Lena Wei,2025-09-10 17:01:10,noise
6392237426063,6399965853740,T697,28.3,Lena Wei,2025-09-09 14:07:37,noise
6392237426063,6397052145323,T697,12.8,Lena Wei,2025-09-09 10:28:32,noise
6392237426063,6399604910822,T488,11.2,Lena Wei,2025-09-08 14:29:12,noise
6392237426063,6399965853740,T697,23.7,Lena Wei,2025-09-08 21:22:32,noise
6392237426063,6399965853740,T488,22.3,Lena Wei,2025-09-07 11:05:10,noise
6392237426063,6397052145323,T697,32.2,Lena Wei,2025-09-07 09:02:40,noise
6392237426063,6399487367347,T697,15.3,Lena Wei,2025-09-07 22:20:54,noise
6392237426063,6391494838799,T697,20.9,Lena Wei,2025-09-06 09:02:49,noise
6392237426063,6397473500175,T488,4.0,Lena Wei,2025-09-05 15:17:07,noise
6392237426063,6399241777448,T697,62.1,Lena Wei,2025-09-05 08:23:22,noise
6392237426063,6397473500175,T697,45.0,Lena Wei,2025-09-05 15:22:37,noise
6392237426063,6397473500175,T697,6.1,Lena Wei,2025-09-04 18:06:50,noise
6392237426063,6395535962322,T488,19.9,Lena Wei,2025-09-04 15:02:59,noise
6392237426063,6397982198732,T488,25.8,Lena Wei,2025-09-03 12:12:01,noise
6392237426063,6397982198732,T697,4.1,Lena Wei,2025-09-02 04:15:12,noise
6392237426063,6398097172985,T488,6.3,Lena Wei,2025-09-02 02:24:48,noise
6392237426063,6397982198732,T697,26.8,Lena Wei,2025-09-01 17:29:17,noise
6392237426063,6399804243491,T697,16.7,Lena Wei,2025-09-01 21:21:18,noise
6392237426063,6397982198732,T488,12.4,Lena Wei,2025-08-31 11:20:11,noise
6392237426063,6395799070967,T488,3.1,Lena Wei,2025-08-31 10:02:56,noise
6392237426063,6399965853740,T697,5.1,Lena Wei,2025-08-30 20:17:16,noise
6392237426063,6397473500175,T697,39.9,Lena Wei,2025-08-30 22:17:26,noise
6392237426063,6397982198732,T697,28.1,Lena Wei,2025-08-29 12:12:27,noise
6392237426063,6393694731514,T697,18.0,Lena Wei,2025-08-29 19:22:40,noise
6392237426063,6397473500175,T697,29.9,Lena Wei,2025-08-28 09:20:05,noise
6392237426063,6399965853740,T697,7.3,Lena Wei,2025-08-28 20:12:45,noise
6392237426063,6391302712293,T697,7.5,Lena Wei,2025-08-28 16:10:31,noise
6392237426063,6399965853740,T697,24.9,Lena Wei,2025-08-27 18:07:08,noise
6392237426063,6397982198732,T697,21.3,Lena Wei,2025-08-27 16:13:53,noise
6392237426063,6393549070850,T697,27.3,Lena Wei,2025-08-26 13:08:36,noise
6392237426063,6397473500175,T488,7.0,Lena Wei,2025-08-25 19:21:15,noise
6392237426063,6399965853740,T697,28.1,Lena Wei,2025-08-25 13:22:50,noise
6392237426063,6397982198732,T697,55.9,Lena Wei,2025-08-25 16:29:35,noise
6392237426063,6399965853740,T697,6.6,Lena Wei,2025-08-24 17:11:39,noise
6392237426063,6399003402039,T697,34.4,Lena Wei,2025-08-24 12:17:04,noise
6392237426063,6397695360968,T488,10.3,Lena Wei,2025-08-24 20:20:51,noise
6392237426063,6397982198732,T697,15.0,Lena Wei,2025-08-23 10:03:08,noise
6392237426063,6393825956914,T488,7.6,Lena Wei,2025-08-23 10:14:54,noise
6392237426063,6393736660443,T488,92.4,Lena Wei,2025-08-23 19:24:02,noise
6392237426063,6391302712293,T697,4.4,Lena Wei,2025-08-22 20:22:56,noise
6392237426063,6397473500175,T488,22.8,Lena Wei,2025-08-21 20:19:11,noise
6392237426063,6392517116618,T697,38.7,Lena Wei,2025-08-21 13:20:45,noise
6392237426063,6397982198732,T488,25.0,Lena Wei,2025-08-21 10:04:28,noise
6392237426063,6391167752063,T488,16.2,Lena Wei,2025-08-20 21:28:26,noise
6392237426063,6392175203535,T697,3.7,Lena Wei,2025-08-20 08:14:12,noise
6392237426063,6399965853740,T697,36.0,Lena Wei,2025-08-20 10:08:41,noise
6392237426063,6397982198732,T697,14.5,Lena Wei,2025-08-19 15:11:40,noise
6392237426063,6395534105475,T697,47.5,Lena Wei,2025-08-18 19:13:58,noise
6392237426063,6397473500175,T697,15.0,Lena Wei,2025-08-18 17:07:21,noise
6392237426063,6394856722505,T488,19.0,Lena Wei,2025-08-18 12:23:02,noise
6392237426063,6394513051861,T697,15.5,Lena Wei,2025-08-17 12:22:42,noise
6392237426063,6394247662559,T488,21.3,Lena Wei,2025-08-16 10:12:25,noise
6392237426063,6395534105475,T488,10.0,Lena Wei,2025-08-16 19:02:21,noise
6392237426063,6397473500175,T697,29.1,Lena Wei,2025-08-16 09:02:20,noise
6392237426063,6393329653115,T488,14.6,Lena Wei,2025-08-15 00:26:02,noise
6392237426063,6397473500175,T697,21.8,Lena Wei,2025-08-15 21:30:44,noise
6392237426063,6391167752063,T697,12.4,Lena Wei,2025-08-14 22:21:35,noise
6392237426063,6396625936508,T488,30.5,Lena Wei,2025-08-14 17:15:47,noise
6392237426063,6396121190710,T697,14.1,Lena Wei,2025-08-13 20:20:48,noise
6392237426063,6397473500175,T488,10.4,Lena Wei,2025-08-13 22:25:43,noise
6392237426063,6395588239969,T697,12.2,Lena Wei,2025-08-13 15:15:14,noise
6392237426063,6393329653115,T488,42.0,Lena Wei,2025-08-12 18:14:19,noise
6392237426063,6399877395358,T488,60.7,Lena Wei,2025-08-11 22:17:07,noise
6392237426063,6399096359352,T697,28.2,Lena Wei,2025-08-11 13:15:07,noise
6392237426063,6397982198732,T697,17.5,Lena Wei,2025-08-10 09:02:29,noise
6392237426063,6397982198732,T488,30.4,Lena Wei,2025-08-10 13:11:24,noise
6392237426063,6397982198732,T697,22.6,Lena Wei,2025-08-09 09:12:59,noise
6392237426063,6399965853740,T697,34.9,Lena Wei,2025-08-09 14:08:25,noise
6392237426063,6398673272758,T697,4.6,Lena Wei,2025-08-08 11:06:32,noise
6392237426063,6397473500175,T488,10.0,Lena Wei,2025-08-08 18:29:13,noise
6392237426063,6397473500175,T697,14.9,Lena Wei,2025-08-07 03:12:28,noise
6392237426063,6391051330112,T488,3.1,Lena Wei,2025-08-06 16:23:46,noise
6392237426063,6399965853740,T697,39.7,Lena Wei,2025-08-05 15:27:03,noise
6392237426063,6399836144770,T488,36.8,Lena Wei,2025-08-04 14:27:06,noise
6392237426063,6399141407059,T697,9.0,Lena Wei,2025-08-04 18:09:58,noise
6398087251603,6393625636545,T777,14.6,Zane Gomes,2025-10-18 15:15:05,noise
6398087251603,6393625636545,T777,48.4,Zane Gomes,2025-10-18 20:19:17,noise
6398087251603,6393454415467,T777,4.5,Zane Gomes,2025-10-17 09:22:32,noise
6398087251603,6393625636545,T777,22.3,Zane Gomes,2025-10-17 19:09:55,noise
6398087251603,6391494838799,T454,17.4,Zane Gomes,2025-10-16 08:30:12,noise
6398087251603,6399965853740,T777,17.8,Zane Gomes,2025-10-16 19:20:10,noise
6398087251603,6396109116629,T777,10.0,Zane Gomes,2025-10-15 11:08:32,noise
6398087251603,6396042155722,T777,8.0,Zane Gomes,2025-10-15 10:02:34,noise
6398087251603,6399965853740,T454,5.6,Zane Gomes,2025-10-14 18:06:32,noise
6398087251603,6391302712293,T777,22.5,Zane Gomes,2025-10-14 17:17:28,noise
6398087251603,6393625636545,T777,9.5,Zane Gomes,2025-10-13 19:04:10,noise
6398087251603,6399965853740,T777,36.2,Zane Gomes,2025-10-13 12:20:23,noise
6398087251603,6399965853740,T777,8.7,Zane Gomes,2025-10-12 21:14:04,noise
6398087251603,6399965853740,T777,19.9,Zane Gomes,2025-10-11 16:17:35,noise
6398087251603,6391494838799,T454,54.8,Zane Gomes,2025-10-11 16:19:20,noise
6398087251603,6391494838799,T777,1.6,Zane Gomes,2025-10-11 16:10:34,noise
6398087251603,6392027898005,T777,21.1,Zane Gomes,2025-10-10 09:29:23,noise
6398087251603,6394711330962,T454,22.3,Zane Gomes,2025-10-10 09:08:25,noise
6398087251603,6399965853740,T777,36.6,Zane Gomes,2025-10-09 20:18:44,noise
6398087251603,6391494838799,T777,14.6,Zane Gomes,2025-10-09 19:22:27,noise
6398087251603,6397102194949,T777,5.0,Zane Gomes,2025-10-09 20:17:27,noise
6398087251603,6391494838799,T454,6.6,Zane Gomes,2025-10-08 11:29:39,noise
6398087251603,6393869319540,T454,22.7,Zane Gomes,2025-10-08 04:10:10,noise
6398087251603,6397761210582,T777,15.7,Zane Gomes,2025-10-07 04:18:58,noise
6398087251603,6393625636545,T777,31.8,Zane Gomes,2025-10-07 09:22:33,noise
6398087251603,6399487367347,T454,51.4,Zane Gomes,2025-10-06 14:19:08,noise
6398087251603,6399965853740,T777,16.2,Zane Gomes,2025-10-05 17:18:42,noise
6398087251603,6399804243491,T777,11.3,Zane Gomes,2025-10-05 21:00:25,noise
6398087251603,6397645850299,T777,9.9,Zane Gomes,2025-10-05 01:27:57,noise
6398087251603,6393625636545,T454,7.8,Zane Gomes,2025-10-04 22:26:04,noise
6398087251603,6395535962322,T777,33.4,Zane Gomes,2025-10-03 20:25:40,noise
6398087251603,6396447956284,T777,22.9,Zane Gomes,2025-10-02 10:10:02,noise
6398087251603,6393625636545,T454,4.9,Zane Gomes,2025-10-02 13:30:13,noise
6398087251603,6391494838799,T777,16.6,Zane Gomes,2025-10-01 22:15:31,noise
6398087251603,6393329653115,T454,14.6,Zane Gomes,2025-09-30 14:06:48,noise
6398087251603,6391494838799,T454,11.8,Zane Gomes,2025-09-30 16:26:36,noise
6398087251603,6393625636545,T777,25.0,Zane Gomes,2025-09-30 05:22:30,noise
6398087251603,6391494838799,T777,18.4,Zane Gomes,2025-09-29 10:23:05,noise
6398087251603,6399604910822,T454,12.9,Zane Gomes,2025-09-29 10:07:47,noise
6398087251603,6398525827157,T777,49.9,Zane Gomes,2025-09-28 10:10:03,noise
6398087251603,6399965853740,T777,14.4,Zane Gomes,2025-09-28 11:27:24,noise
6398087251603,6391494838799,T777,8.2,Zane Gomes,2025-09-27 14:00:57,noise
6398087251603,6391494838799,T454,27.8,Zane Gomes,2025-09-26 09:29:23,noise
6398087251603,6399696031872,T777,13.4,Zane Gomes,2025-09-25 11:19:02,noise
6398087251603,6393625636545,T454,15.6,Zane Gomes,2025-09-25 11:04:48,noise
6398087251603,6393625636545,T777,26.4,Zane Gomes,2025-09-24 20:03:27,noise
6398087251603,6391051330112,T777,10.8,Zane Gomes,2025-09-23 08:13:32,noise
6398087251603,6391282991519,T777,63.1,Zane Gomes,2025-09-22 12:19:23,noise
6398087251603,6393625636545,T454,16.4,Zane Gomes,2025-09-22 09:01:23,noise
6398087251603,6393625636545,T454,12.5,Zane Gomes,2025-09-21 09:19:16,noise
6398087251603,6391494838799,T777,18.2,Zane Gomes,2025-09-21 00:01:20,noise
6398087251603,6395535962322,T454,20.5,Zane Gomes,2025-09-21 18:00:31,noise
6398087251603,6391494838799,T454,17.5,Zane Gomes,2025-09-20 11:08:44,noise
6398087251603,6399965853740,T454,21.7,Zane Gomes,2025-09-20 09:16:36,noise
6398087251603,6399965853740,T777,6.3,Zane Gomes,2025-09-19 17:04:34,noise
6398087251603,6398095030730,T777,95.2,Zane Gomes,2025-09-19 13:29:06,noise
6398087251603,6398095030730,T454,40.0,Zane Gomes,2025-09-18 13:22:53,noise
6398087251603,6399965853740,T777,12.5,Zane Gomes,2025-09-18 05:20:40,noise
6398087251603,6393625636545,T454,21.2,Zane Gomes,2025-09-17 15:30:42,noise
6398087251603,6396109116629,T454,110.5,Zane Gomes,2025-09-17 14:12:24,noise
6398087251603,6393625636545,T777,12.2,Zane Gomes,2025-09-16 14:10:25,noise
6398087251603,6399877395358,T454,12.9,Zane Gomes,2025-09-16 17:08:25,noise
6398087251603,6393625636545,T454,18.8,Zane Gomes,2025-09-16 20:27:19,noise
6398087251603,6397156535284,T454,6.7,Zane Gomes,2025-09-15 13:06:26,noise
6398087251603,6392705348834,T454,18.8,Zane Gomes,2025-09-15 10:04:02,noise
6398087251603,6399965853740,T777,15.8,Zane Gomes,2025-09-14 12:20:43,noise
6398087251603,6399085717386,T777,6.8,Zane Gomes,2025-09-14 11:00:19,noise
6398087251603,6393625636545,T454,36.2,Zane Gomes,2025-09-13 22:24:36,noise
6398087251603,6393625636545,T777,19.1,Zane Gomes,2025-09-12 08:02:17,noise
6398087251603,6391494838799,T454,13.0,Zane Gomes,2025-09-11 20:08:42,noise
6398087251603,6391051330112,T454,12.9,Zane Gomes,2025-09-11 21:17:24,noise
6398087251603,6399965853740,T777,19.2,Zane Gomes,2025-09-10 10:07:43,noise
6398087251603,6395535962322,T454,16.9,Zane Gomes,2025-09-10 17:13:37,noise
6398087251603,6393625636545,T777,17.2,Zane Gomes,2025-09-10 08:11:55,noise
6398087251603,6391494838799,T454,39.9,Zane Gomes,2025-09-09 15:08:17,noise
6398087251603,6397052145323,T454,24.7,Zane Gomes,2025-09-09 04:24:24,noise
6398087251603,6391877128212,T777,14.6,Zane Gomes,2025-09-09 19:04:15,noise
6398087251603,6396042155722,T777,14.3,Zane Gomes,2025-09-08 12:06:10,noise
6398087251603,6392322072341,T454,5.5,Zane Gomes,2025-09-08 11:19:48,noise
6398087251603,6393004154125,T454,11.2,Zane Gomes,2025-09-07 12:22:14,noise
6398087251603,6393625636545,T777,14.0,Zane Gomes,2025-09-07 21:06:41,noise
6398087251603,6397479516078,T777,46.4,Zane Gomes,2025-09-06 11:12:56,noise
6398087251603,6399965853740,T777,16.5,Zane Gomes,2025-09-06 11:22:35,noise
6398087251603,6395657768886,T454,18.3,Zane Gomes,2025-09-05 20:20:24,noise
6398087251603,6398186138815,T777,29.9,Zane Gomes,2025-09-05 11:24:27,noise
6398087251603,6394856722505,T777,53.0,Zane Gomes,2025-09-05 08:14:34,noise
6398087251603,6391494838799,T777,27.1,Zane Gomes,2025-09-04 18:04:02,noise
6398087251603,6391494838799,T777,28.1,Zane Gomes,2025-09-04 23:10:34,noise
6398087251603,6391787733401,T454,11.3,Zane Gomes,2025-09-04 04:06:46,noise
6398087251603,6398087251603,T777,8.7,Zane Gomes,2025-09-03 15:21:54,noise
6398087251603,6399965853740,T454,58.6,Zane Gomes,2025-09-03 02:27:48,noise
6398087251603,6393625636545,T454,46.4,Zane Gomes,2025-09-03 20:24:17,noise
6398087251603,6391494838799,T777,44.3,Zane Gomes,2025-09-02 16:28:42,noise
6398087251603,6397959529190,T777,22.7,Zane Gomes,2025-09-02 19:04:31,noise
6398087251603,6391494838799,T777,10.1,Zane Gomes,2025-09-01 16:18:29,noise
6398087251603,6394247662559,T777,15.9,Zane Gomes,2025-09-01 08:00:02,noise
6398087251603,6392705348834,T777,15.9,Zane Gomes,2025-08-31 12:19:50,noise
6398087251603,6395453540079,T454,1.7,Zane Gomes,2025-08-31 10:00:56,noise
6398087251603,6393625636545,T777,10.1,Zane Gomes,2025-08-30 09:24:07,noise
6398087251603,6394573060920,T454,23.9,Zane Gomes,2025-08-30 12:10:04,noise
6398087251603,6396121190710,T454,21.1,Zane Gomes,2025-08-29 14:30:07,noise
6398087251603,6399141407059,T454,47.9,Zane Gomes,2025-08-29 11:25:36,noise
6398087251603,6391494838799,T454,6.6,Zane Gomes,2025-08-28 11:03:32,noise
6398087251603,6393625636545,T454,10.5,Zane Gomes,2025-08-27 15:19:39,noise
6398087251603,6395535962322,T454,16.4,Zane Gomes,2025-08-26 17:16:01,noise
6398087251603,6395136375863,T777,23.9,Zane Gomes,2025-08-26 14:18:16,noise
6398087251603,6395136375863,T454,32.0,Zane Gomes,2025-08-26 17:22:50,noise
6398087251603,6399836144770,T777,19.5,Zane Gomes,2025-08-25 16:04:31,noise
6398087251603,6393134974031,T777,39.2,Zane Gomes,2025-08-24 09:18:27,noise
6398087251603,6394137438800,T777,14.2,Zane Gomes,2025-08-24 18:07:29,noise
6398087251603,6399965853740,T454,23.1,Zane Gomes,2025-08-24 12:16:26,noise
6398087251603,6399965853740,T777,15.7,Zane Gomes,2025-08-23 15:15:45,noise
6398087251603,6396116554141,T454,9.0,Zane Gomes,2025-08-23 20:23:09,noise
6398087251603,6393549070850,T454,5.9,Zane Gomes,2025-08-23 21:15:56,noise
6398087251603,6393694731514,T777,37.1,Zane Gomes,2025-08-22 18:13:43,noise
6398087251603,6399965853740,T777,13.2,Zane Gomes,2025-08-22 19:06:52,noise
6398087251603,6393134974031,T777,10.4,Zane Gomes,2025-08-21 08:03:57,noise
6398087251603,6393625636545,T777,31.3,Zane Gomes,2025-08-21 17:21:10,noise
6398087251603,6399965853740,T777,12.1,Zane Gomes,2025-08-20 18:18:35,noise
6398087251603,6399965853740,T777,127.4,Zane Gomes,2025-08-20 23:27:59,noise
6398087251603,6393625636545,T454,31.2,Zane Gomes,2025-08-19 16:22:37,noise
6398087251603,6399965853740,T777,16.5,Zane Gomes,2025-08-19 18:01:20,noise
6398087251603,6393004154125,T777,21.6,Zane Gomes,2025-08-19 02:12:22,noise
6398087251603,6399241777448,T777,1.9,Zane Gomes,2025-08-18 20:13:29,noise
6398087251603,6399965853740,T777,13.7,Zane Gomes,2025-08-18 12:24:32,noise
6398087251603,6399965853740,T777,4.4,Zane Gomes,2025-08-17 15:16:20,noise
6398087251603,6393625636545,T777,22.1,Zane Gomes,2025-08-17 19:22:32,noise
6398087251603,6391494838799,T777,41.8,Zane Gomes,2025-08-16 20:19:23,noise
6398087251603,6391494838799,T777,3.5,Zane Gomes,2025-08-16 09:15:46,noise
6398087251603,6393062613059,T777,33.3,Zane Gomes,2025-08-15 09:09:52,noise
6398087251603,6399965853740,T777,30.0,Zane Gomes,2025-08-15 15:15:30,noise
6398087251603,6393625636545,T454,13.9,Zane Gomes,2025-08-14 17:02:04,noise
6398087251603,6399965853740,T454,37.6,Zane Gomes,2025-08-14 01:09:08,noise
6398087251603,6391494838799,T777,18.7,Zane Gomes,2025-08-14 16:26:05,noise
6398087251603,6393625636545,T454,24.0,Zane Gomes,2025-08-13 09:10:02,noise
6398087251603,6391494838799,T777,9.0,Zane Gomes,2025-08-13 17:28:44,noise
6398087251603,6392237426063,T777,49.2,Zane Gomes,2025-08-13 15:25:34,noise
6398087251603,6393625636545,T454,26.0,Zane Gomes,2025-08-12 17:18:59,noise
6398087251603,6399965853740,T454,8.5,Zane Gomes,2025-08-11 22:04:25,noise
6398087251603,6391494838799,T777,4.9,Zane Gomes,2025-08-11 16:09:02,noise
6398087251603,6391494838799,T777,42.1,Zane Gomes,2025-08-10 08:00:03,noise
6398087251603,6391494838799,T777,18.9,Zane Gomes,2025-08-10 13:12:38,noise
6398087251603,6393625636545,T454,4.9,Zane Gomes,2025-08-09 20:03:57,noise
6398087251603,6399965853740,T777,15.8,Zane Gomes,2025-08-09 21:01:52,noise
6398087251603,6391494838799,T454,16.6,Zane Gomes,2025-08-08 20:12:31,noise
6398087251603,6391494838799,T454,14.2,Zane Gomes,2025-08-08 16:11:37,noise
6398087251603,6393625636545,T777,7.6,Zane Gomes,2025-08-07 08:24:08,noise
6398087251603,6391494838799,T777,33.0,Zane Gomes,2025-08-07 16:24:35,noise
6398087251603,6399877395358,T454,40.8,Zane Gomes,2025-08-07 10:28:15,noise
6398087251603,6391494838799,T454,35.6,Zane Gomes,2025-08-06 19:30:34,noise
6398087251603,6393454415467,T454,25.4,Zane Gomes,2025-08-05 23:02:50,noise
6398087251603,6393625636545,T777,9.3,Zane Gomes,2025-08-05 13:03:15,noise
6398087251603,6399965853740,T454,14.5,Zane Gomes,2025-08-04 01:17:02,noise
6398087251603,6391494838799,T777,44.7,Zane Gomes,2025-08-04 17:07:15,noise
6392322072341,6395534105475,T983,4.6,Uma Gomes,2025-10-18 16:29:56,noise
6392322072341,6391319542424,T983,7.5,Uma Gomes,2025-10-18 19:20:41,noise
6392322072341,6392237426063,T983,16.0,Uma Gomes,2025-10-17 13:28:18,noise
6392322072341,6393549070850,T983,15.0,Uma Gomes,2025-10-17 20:22:22,noise
6392322072341,6392761010721,T115,6.2,Uma Gomes,2025-10-16 18:05:32,noise
6392322072341,6398673272758,T983,16.6,Uma Gomes,2025-10-15 09:14:02,noise
6392322072341,6393549070850,T983,28.4,Uma Gomes,2025-10-15 19:11:59,noise
6392322072341,6391877128212,T115,121.6,Uma Gomes,2025-10-15 11:16:38,noise
6392322072341,6395535962322,T115,15.2,Uma Gomes,2025-10-14 10:11:55,noise
6392322072341,6394055226921,T115,11.8,Uma Gomes,2025-10-13 18:17:04,noise
6392322072341,6392464364634,T115,14.1,Uma Gomes,2025-10-12 23:21:51,noise
6392322072341,6393549070850,T115,10.0,Uma Gomes,2025-10-12 13:24:59,noise
6392322072341,6394573060920,T983,13.5,Uma Gomes,2025-10-11 21:02:27,noise
6392322072341,6395933083562,T115,4.9,Uma Gomes,2025-10-11 11:04:18,noise
6392322072341,6392705348834,T983,16.0,Uma Gomes,2025-10-11 15:08:17,noise
6392322072341,6397277321210,T115,9.5,Uma Gomes,2025-10-10 04:08:30,noise
6392322072341,6395453540079,T115,14.0,Uma Gomes,2025-10-10 17:26:10,noise
6392322072341,6393549070850,T983,12.0,Uma Gomes,2025-10-10 12:27:09,noise
6392322072341,6393549070850,T115,7.0,Uma Gomes,2025-10-09 23:02:18,noise
6392322072341,6394055226921,T983,21.8,Uma Gomes,2025-10-09 10:12:23,noise
6392322072341,6391494838799,T983,10.9,Uma Gomes,2025-10-09 13:15:58,noise
6392322072341,6399096359352,T115,19.2,Uma Gomes,2025-10-08 12:19:58,noise
6392322072341,6394055226921,T983,6.1,Uma Gomes,2025-10-08 14:20:44,noise
6392322072341,6394055226921,T983,11.2,Uma Gomes,2025-10-07 12:08:00,noise
6392322072341,6394055226921,T115,3.0,Uma Gomes,2025-10-07 16:16:48,noise
6392322072341,6394055226921,T115,23.2,Uma Gomes,2025-10-07 14:22:23,noise
6392322072341,6393549070850,T115,12.5,Uma Gomes,2025-10-06 19:09:36,noise
6392322072341,6392705348834,T115,19.8,Uma Gomes,2025-10-06 22:07:49,noise
6392322072341,6392705348834,T115,55.6,Uma Gomes,2025-10-06 23:04:33,noise
6392322072341,6394055226921,T983,17.6,Uma Gomes,2025-10-05 08:25:10,noise
6392322072341,6393549070850,T115,25.4,Uma Gomes,2025-10-04 12:22:23,noise
6392322072341,6392705348834,T115,4.3,Uma Gomes,2025-10-04 14:08:03,noise
6392322072341,6394055226921,T115,12.3,Uma Gomes,2025-10-03 18:08:50,noise
6392322072341,6392705348834,T983,4.6,Uma Gomes,2025-10-02 17:21:40,noise
6392322072341,6394055226921,T983,28.3,Uma Gomes,2025-10-02 10:02:20,noise
6392322072341,6394055226921,T115,37.3,Uma Gomes,2025-10-02 12:12:19,noise
6392322072341,6393549070850,T115,32.7,Uma Gomes,2025-10-01 10:13:37,noise
6392322072341,6399096359352,T115,13.3,Uma Gomes,2025-09-30 17:30:41,noise
6392322072341,6392705348834,T115,33.8,Uma Gomes,2025-09-30 14:00:57,noise
6392322072341,6394055226921,T983,9.9,Uma Gomes,2025-09-30 11:04:34,noise
6392322072341,6393549070850,T115,5.9,Uma Gomes,2025-09-29 19:23:18,noise
6392322072341,6394055226921,T115,37.2,Uma Gomes,2025-09-29 22:14:33,noise
6392322072341,6394055226921,T115,24.5,Uma Gomes,2025-09-28 11:30:11,noise
6392322072341,6392705348834,T115,12.7,Uma Gomes,2025-09-27 21:24:08,noise
6392322072341,6394513051861,T115,24.8,Uma Gomes,2025-09-26 04:28:00,noise
6392322072341,6393549070850,T115,26.9,Uma Gomes,2025-09-26 08:11:21,noise
6392322072341,6392705348834,T115,32.0,Uma Gomes,2025-09-25 13:15:06,noise
6392322072341,6394055226921,T115,27.4,Uma Gomes,2025-09-24 16:19:02,noise
6392322072341,6394055226921,T983,51.9,Uma Gomes,2025-09-24 08:13:38,noise
6392322072341,6393549070850,T115,11.7,Uma Gomes,2025-09-24 16:19:11,noise
6392322072341,6391392356697,T115,15.1,Uma Gomes,2025-09-23 21:20:25,noise
6392322072341,6392705348834,T115,6.6,Uma Gomes,2025-09-23 17:23:49,noise
6392322072341,6397156535284,T983,18.7,Uma Gomes,2025-09-22 16:25:34,noise
6392322072341,6394055226921,T115,20.1,Uma Gomes,2025-09-22 05:07:32,noise
6392322072341,6399241777448,T115,30.0,Uma Gomes,2025-09-22 09:04:34,noise
6392322072341,6392705348834,T115,58.3,Uma Gomes,2025-09-21 14:19:38,noise
6392322072341,6399604910822,T115,44.1,Uma Gomes,2025-09-21 16:24:14,noise
6392322072341,6392705348834,T983,27.6,Uma Gomes,2025-09-21 23:18:33,noise
6392322072341,6394055226921,T115,8.8,Uma Gomes,2025-09-20 04:16:54,noise
6392322072341,6392705348834,T983,19.1,Uma Gomes,2025-09-20 12:25:02,noise
6392322072341,6392705348834,T115,12.8,Uma Gomes,2025-09-19 10:14:22,noise
6392322072341,6392705348834,T115,12.1,Uma Gomes,2025-09-18 11:17:58,noise
6392322072341,6392705348834,T983,17.3,Uma Gomes,2025-09-18 12:24:25,noise
6392322072341,6391577055581,T115,8.7,Uma Gomes,2025-09-17 23:17:28,noise
6392322072341,6393549070850,T983,17.3,Uma Gomes,2025-09-17 17:16:26,noise
6392322072341,6392705348834,T115,8.9,Uma Gomes,2025-09-16 20:28:52,noise
6392322072341,6392705348834,T983,9.6,Uma Gomes,2025-09-16 16:10:10,noise
6392322072341,6392705348834,T115,8.1,Uma Gomes,2025-09-16 12:15:34,noise
6392322072341,6391392356697,T115,33.5,Uma Gomes,2025-09-15 23:18:16,noise
6392322072341,6391787733401,T115,13.6,Uma Gomes,2025-09-15 09:09:12,noise
6392322072341,6393549070850,T983,2.5,Uma Gomes,2025-09-14 08:04:18,noise
6392322072341,6397982198732,T115,25.6,Uma Gomes,2025-09-14 17:14:45,noise
6392322072341,6392322072341,T983,8.3,Uma Gomes,2025-09-14 12:15:21,noise
6392322072341,6392705348834,T983,30.7,Uma Gomes,2025-09-13 08:29:42,noise
6392322072341,6394055226921,T983,13.7,Uma Gomes,2025-09-13 09:23:03,noise
6392322072341,6394856722505,T983,18.0,Uma Gomes,2025-09-13 10:30:24,noise
6392322072341,6393608254537,T115,30.6,Uma Gomes,2025-09-12 15:20:56,noise
6392322072341,6396393488216,T115,15.6,Uma Gomes,2025-09-12 16:11:05,noise
6392322072341,6398673272758,T983,15.3,Uma Gomes,2025-09-12 17:14:35,noise
6392322072341,6399604910822,T115,38.8,Uma Gomes,2025-09-11 00:15:38,noise
6392322072341,6393549070850,T983,11.6,Uma Gomes,2025-09-11 05:18:24,noise
6392322072341,6397473500175,T983,10.9,Uma Gomes,2025-09-10 18:23:03,noise
6392322072341,6397479516078,T115,62.1,Uma Gomes,2025-09-10 18:13:13,noise
6392322072341,6393549070850,T115,11.9,Uma Gomes,2025-09-09 18:19:43,noise
6392322072341,6391282991519,T983,34.2,Uma Gomes,2025-09-09 17:05:10,noise
6392322072341,6393549070850,T983,7.6,Uma Gomes,2025-09-08 18:14:33,noise
6392322072341,6399877395358,T983,6.2,Uma Gomes,2025-09-08 14:08:29,noise
6392322072341,6394055226921,T983,11.7,Uma Gomes,2025-09-07 15:22:53,noise
6392322072341,6393329653115,T115,51.8,Uma Gomes,2025-09-07 21:19:34,noise
6392322072341,6399604910822,T983,12.2,Uma Gomes,2025-09-06 20:25:05,noise
6392322072341,6392464364634,T115,16.4,Uma Gomes,2025-09-06 17:27:46,noise
6392322072341,6393549070850,T983,17.3,Uma Gomes,2025-09-05 09:12:04,noise
6392322072341,6392705348834,T115,13.9,Uma Gomes,2025-09-05 20:19:37,noise
6392322072341,6393549070850,T983,25.1,Uma Gomes,2025-09-04 09:25:15,noise
6392322072341,6392705348834,T115,32.9,Uma Gomes,2025-09-03 21:23:35,noise
6392322072341,6393736660443,T115,25.4,Uma Gomes,2025-09-03 00:07:09,noise
6392322072341,6399836144770,T983,12.2,Uma Gomes,2025-09-02 18:00:08,noise
6392322072341,6392237426063,T115,7.6,Uma Gomes,2025-09-01 15:07:04,noise
6392322072341,6393454415467,T983,19.0,Uma Gomes,2025-09-01 12:14:46,noise
6392322072341,6395799070967,T115,7.8,Uma Gomes,2025-08-31 14:27:21,noise
6392322072341,6392705348834,T115,18.9,Uma Gomes,2025-08-31 19:07:47,noise
6392322072341,6392375347403,T983,6.9,Uma Gomes,2025-08-30 23:24:00,noise
6392322072341,6393549070850,T115,17.2,Uma Gomes,2025-08-29 09:06:13,noise
6392322072341,6394055226921,T115,22.5,Uma Gomes,2025-08-29 15:15:53,noise
6392322072341,6392705348834,T115,23.3,Uma Gomes,2025-08-29 11:03:46,noise
6392322072341,6399241777448,T115,27.1,Uma Gomes,2025-08-28 17:09:47,noise
6392322072341,6391787733401,T115,50.2,Uma Gomes,2025-08-28 14:08:30,noise
6392322072341,6392705348834,T115,25.2,Uma Gomes,2025-08-27 15:28:03,noise
6392322072341,6396447956284,T115,15.5,Uma Gomes,2025-08-27 16:02:23,noise
6392322072341,6393549070850,T983,17.6,Uma Gomes,2025-08-26 21:29:04,noise
6392322072341,6399604910822,T983,9.9,Uma Gomes,2025-08-26 13:24:54,noise
6392322072341,6393549070850,T983,27.5,Uma Gomes,2025-08-26 19:24:45,noise
6392322072341,6397326243787,T983,11.2,Uma Gomes,2025-08-25 16:11:56,noise
6392322072341,6394055226921,T115,86.9,Uma Gomes,2025-08-25 18:26:02,noise
6392322072341,6397277321210,T983,17.4,Uma Gomes,2025-08-24 19:12:38,noise
6392322072341,6392705348834,T983,5.3,Uma Gomes,2025-08-24 13:07:03,noise
6392322072341,6392705348834,T115,22.7,Uma Gomes,2025-08-23 12:03:41,noise
6392322072341,6393549070850,T983,18.2,Uma Gomes,2025-08-23 13:18:58,noise
6392322072341,6394856722505,T983,9.5,Uma Gomes,2025-08-22 11:03:11,noise
6392322072341,6393549070850,T115,10.9,Uma Gomes,2025-08-22 20:24:24,noise
6392322072341,6392705348834,T115,28.2,Uma Gomes,2025-08-21 17:17:34,noise
6392322072341,6394055226921,T115,12.7,Uma Gomes,2025-08-21 16:23:15,noise
6392322072341,6396116554141,T115,11.6,Uma Gomes,2025-08-20 17:00:35,noise
6392322072341,6391167752063,T115,10.3,Uma Gomes,2025-08-20 20:05:43,noise
6392322072341,6398186138815,T115,3.5,Uma Gomes,2025-08-19 16:12:00,noise
6392322072341,6396116554141,T983,18.7,Uma Gomes,2025-08-19 22:16:44,noise
6392322072341,6395535962322,T115,17.0,Uma Gomes,2025-08-19 10:20:31,noise
6392322072341,6392705348834,T115,35.5,Uma Gomes,2025-08-18 18:10:56,noise
6392322072341,6392705348834,T983,16.0,Uma Gomes,2025-08-18 09:01:41,noise
6392322072341,6394055226921,T115,19.9,Uma Gomes,2025-08-18 19:05:01,noise
6392322072341,6393549070850,T115,28.5,Uma Gomes,2025-08-17 13:27:33,noise
6392322072341,6393549070850,T983,6.4,Uma Gomes,2025-08-16 11:16:01,noise
6392322072341,6397156535284,T983,9.9,Uma Gomes,2025-08-16 15:28:08,noise
6392322072341,6392705348834,T115,49.1,Uma Gomes,2025-08-15 19:13:53,noise
6392322072341,6393062613059,T983,56.4,Uma Gomes,2025-08-15 13:25:29,noise
6392322072341,6394055226921,T983,36.2,Uma Gomes,2025-08-14 20:01:24,noise
6392322072341,6394055226921,T983,15.1,Uma Gomes,2025-08-13 11:15:16,noise
6392322072341,6392705348834,T115,5.2,Uma Gomes,2025-08-13 11:12:46,noise
6392322072341,6394055226921,T983,56.4,Uma Gomes,2025-08-13 20:14:54,noise
6392322072341,6392705348834,T115,17.1,Uma Gomes,2025-08-12 08:07:07,noise
6392322072341,6394055226921,T115,5.0,Uma Gomes,2025-08-12 08:10:49,noise
6392322072341,6394055226921,T983,10.8,Uma Gomes,2025-08-12 18:23:56,noise
6392322072341,6393549070850,T115,10.0,Uma Gomes,2025-08-11 01:05:06,noise
6392322072341,6393549070850,T115,24.6,Uma Gomes,2025-08-11 23:19:18,noise
6392322072341,6393549070850,T115,14.2,Uma Gomes,2025-08-10 03:04:11,noise
6392322072341,6395588265198,T115,12.0,Uma Gomes,2025-08-10 10:17:02,noise
6392322072341,6394055226921,T983,8.2,Uma Gomes,2025-08-09 17:14:36,noise
6392322072341,6392705348834,T983,8.7,Uma Gomes,2025-08-09 13:07:08,noise
6392322072341,6393549070850,T115,60.5,Uma Gomes,2025-08-09 15:09:22,noise
6392322072341,6391392356697,T115,17.2,Uma Gomes,2025-08-08 09:16:26,noise
6392322072341,6396526010278,T115,6.6,Uma Gomes,2025-08-07 18:21:11,noise
6392322072341,6392705348834,T983,29.0,Uma Gomes,2025-08-06 13:01:09,noise
6392322072341,6393549070850,T115,17.3,Uma Gomes,2025-08-06 11:27:53,noise
6392322072341,6397473500175,T983,6.2,Uma Gomes,2025-08-05 00:06:01,noise
6392322072341,6394055226921,T115,9.9,Uma Gomes,2025-08-05 08:02:29,noise
6392322072341,6393549070850,T983,27.1,Uma Gomes,2025-08-05 18:20:47,noise
6392322072341,6397156535284,T115,15.0,Uma Gomes,2025-08-04 11:02:12,noise
6392322072341,6392705348834,T115,8.4,Uma Gomes,2025-08-04 21:11:17,noise
6396121190710,6398595696705,T596,21.3,Kai Brooks,2025-10-18 13:14:23,noise
6396121190710,6391282991519,T665,9.6,Kai Brooks,2025-10-17 13:06:11,noise
6396121190710,6391282991519,T665,11.0,Kai Brooks,2025-10-17 18:18:43,noise
6396121190710,6391051330112,T596,31.0,Kai Brooks,2025-10-16 20:26:37,noise
6396121190710,6399804243491,T665,21.9,Kai Brooks,2025-10-16 16:23:08,noise
6396121190710,6398595696705,T665,11.1,Kai Brooks,2025-10-15 22:05:27,noise
6396121190710,6398095030730,T596,6.8,Kai Brooks,2025-10-15 08:27:05,noise
6396121190710,6398595696705,T665,10.8,Kai Brooks,2025-10-15 03:14:01,noise
6396121190710,6398595696705,T596,32.1,Kai Brooks,2025-10-14 11:16:05,noise
6396121190710,6398595696705,T665,11.7,Kai Brooks,2025-10-14 20:07:50,noise
6396121190710,6398595696705,T665,29.6,Kai Brooks,2025-10-13 13:18:07,noise
6396121190710,6397473500175,T665,25.1,Kai Brooks,2025-10-13 20:14:19,noise
6396121190710,6398595696705,T665,16.6,Kai Brooks,2025-10-12 19:12:27,noise
6396121190710,6391282991519,T665,6.3,Kai Brooks,2025-10-12 19:23:57,noise
6396121190710,6391282991519,T665,16.1,Kai Brooks,2025-10-11 12:22:21,noise
6396121190710,6399085717386,T665,6.6,Kai Brooks,2025-10-11 13:02:19,noise
6396121190710,6397277321210,T665,10.4,Kai Brooks,2025-10-10 20:28:02,noise
6396121190710,6392705348834,T596,9.7,Kai Brooks,2025-10-10 20:01:47,noise
6396121190710,6393694731514,T665,14.6,Kai Brooks,2025-10-09 09:19:31,noise
6396121190710,6391663645516,T596,13.1,Kai Brooks,2025-10-08 08:13:03,noise
6396121190710,6399804243491,T665,27.8,Kai Brooks,2025-10-08 13:03:28,noise
6396121190710,6391051330112,T596,18.9,Kai Brooks,2025-10-07 20:07:06,noise
6396121190710,6398595696705,T596,8.4,Kai Brooks,2025-10-07 10:14:54,noise
6396121190710,6393736660443,T665,6.7,Kai Brooks,2025-10-07 08:03:20,noise
6396121190710,6399085717386,T596,17.8,Kai Brooks,2025-10-06 23:26:24,noise
6396121190710,6398595696705,T665,20.1,Kai Brooks,2025-10-06 09:23:27,noise
6396121190710,6391282991519,T596,33.3,Kai Brooks,2025-10-06 11:16:15,noise
6396121190710,6395588239969,T665,4.4,Kai Brooks,2025-10-05 19:21:04,noise
6396121190710,6393454415467,T665,27.2,Kai Brooks,2025-10-05 22:20:56,noise
6396121190710,6397326243787,T596,11.8,Kai Brooks,2025-10-05 09:06:37,noise
6396121190710,6391282991519,T665,8.9,Kai Brooks,2025-10-04 11:22:56,noise
6396121190710,6391282991519,T665,8.5,Kai Brooks,2025-10-04 20:19:31,noise
6396121190710,6394711330962,T596,15.9,Kai Brooks,2025-10-03 01:01:05,noise
6396121190710,6396116554141,T596,42.8,Kai Brooks,2025-10-03 16:01:56,noise
6396121190710,6398595696705,T665,35.2,Kai Brooks,2025-10-02 08:22:52,noise
6396121190710,6391282991519,T665,3.2,Kai Brooks,2025-10-02 12:30:00,noise
6396121190710,6399085717386,T665,2.8,Kai Brooks,2025-10-02 22:19:33,noise
6396121190710,6394711330962,T665,18.2,Kai Brooks,2025-10-01 17:09:00,noise
6396121190710,6391282991519,T665,12.2,Kai Brooks,2025-10-01 11:01:56,noise
6396121190710,6391282991519,T596,41.0,Kai Brooks,2025-10-01 15:19:07,noise
6396121190710,6398595696705,T665,48.2,Kai Brooks,2025-09-30 19:25:50,noise
6396121190710,6398595696705,T665,18.7,Kai Brooks,2025-09-30 17:13:33,noise
6396121190710,6398595696705,T665,3.8,Kai Brooks,2025-09-30 01:22:00,noise
6396121190710,6391282991519,T665,24.4,Kai Brooks,2025-09-29 09:20:24,noise
6396121190710,6398095030730,T596,6.1,Kai Brooks,2025-09-29 18:01:07,noise
6396121190710,6397473530031,T596,33.1,Kai Brooks,2025-09-28 22:19:39,noise
6396121190710,6398595696705,T665,19.2,Kai Brooks,2025-09-28 13:28:36,noise
6396121190710,6398085325274,T596,5.8,Kai Brooks,2025-09-27 19:14:47,noise
6396121190710,6397695360968,T596,20.6,Kai Brooks,2025-09-27 15:23:37,noise
6396121190710,6398595696705,T665,9.7,Kai Brooks,2025-09-26 11:06:04,noise
6396121190710,6398595696705,T665,24.1,Kai Brooks,2025-09-26 09:17:51,noise
6396121190710,6398595696705,T596,19.5,Kai Brooks,2025-09-25 14:18:48,noise
6396121190710,6396726642544,T665,24.8,Kai Brooks,2025-09-25 14:04:27,noise
6396121190710,6399085717386,T665,10.4,Kai Brooks,2025-09-24 00:08:25,noise
6396121190710,6391282991519,T596,10.5,Kai Brooks,2025-09-24 20:25:08,noise
6396121190710,6396393488216,T665,9.1,Kai Brooks,2025-09-24 19:07:49,noise
6396121190710,6399085717386,T665,38.0,Kai Brooks,2025-09-23 10:11:26,noise
6396121190710,6391282991519,T596,33.0,Kai Brooks,2025-09-22 13:14:37,noise
6396121190710,6391282991519,T596,16.8,Kai Brooks,2025-09-22 10:15:49,noise
6396121190710,6391282991519,T665,46.9,Kai Brooks,2025-09-21 19:25:24,noise
6396121190710,6399085717386,T596,5.6,Kai Brooks,2025-09-20 05:03:39,noise
6396121190710,6393694731514,T596,19.7,Kai Brooks,2025-09-20 15:00:04,noise
6396121190710,6398595696705,T596,15.7,Kai Brooks,2025-09-19 13:28:43,noise
6396121190710,6392175203535,T665,18.0,Kai Brooks,2025-09-18 13:26:10,noise
6396121190710,6398595696705,T665,12.5,Kai Brooks,2025-09-18 11:19:16,noise
6396121190710,6398595696705,T665,19.5,Kai Brooks,2025-09-18 18:04:29,noise
6396121190710,6398595696705,T665,14.1,Kai Brooks,2025-09-17 12:23:09,noise
6396121190710,6399696031872,T665,26.0,Kai Brooks,2025-09-17 08:13:04,noise
6396121190710,6398595696705,T665,16.1,Kai Brooks,2025-09-17 18:28:03,noise
6396121190710,6393694731514,T665,15.8,Kai Brooks,2025-09-16 15:26:06,noise
6396121190710,6399085717386,T665,8.3,Kai Brooks,2025-09-16 21:04:32,noise
6396121190710,6399804243491,T665,64.0,Kai Brooks,2025-09-15 20:01:21,noise
6396121190710,6399836144770,T596,62.8,Kai Brooks,2025-09-15 12:14:55,noise
6396121190710,6391663645516,T596,14.4,Kai Brooks,2025-09-14 09:10:36,noise
6396121190710,6396726642544,T665,31.9,Kai Brooks,2025-09-13 09:10:36,noise
6396121190710,6398595696705,T596,11.3,Kai Brooks,2025-09-13 15:13:14,noise
6396121190710,6398525827157,T596,11.2,Kai Brooks,2025-09-12 19:26:32,noise
6396121190710,6398595696705,T596,11.5,Kai Brooks,2025-09-12 14:10:44,noise
6396121190710,6392788177179,T665,11.1,Kai Brooks,2025-09-12 18:10:07,noise
6396121190710,6398595696705,T665,16.5,Kai Brooks,2025-09-11 11:22:45,noise
6396121190710,6392175203535,T596,6.3,Kai Brooks,2025-09-11 14:27:27,noise
6396121190710,6391282991519,T665,7.8,Kai Brooks,2025-09-10 19:01:46,noise
6396121190710,6391282991519,T665,5.9,Kai Brooks,2025-09-10 12:17:05,noise
6396121190710,6399085717386,T665,5.8,Kai Brooks,2025-09-10 21:04:57,noise
6396121190710,6391663645516,T665,15.0,Kai Brooks,2025-09-09 05:15:57,noise
6396121190710,6398595696705,T596,24.5,Kai Brooks,2025-09-08 08:00:28,noise
6396121190710,6394247662559,T665,36.7,Kai Brooks,2025-09-08 10:06:06,noise
6396121190710,6399085717386,T665,56.4,Kai Brooks,2025-09-07 14:10:55,noise
6396121190710,6399085717386,T596,3.3,Kai Brooks,2025-09-06 02:07:31,noise
6396121190710,6393825956914,T596,18.3,Kai Brooks,2025-09-06 08:20:44,noise
6396121190710,6392175203535,T665,5.7,Kai Brooks,2025-09-06 05:06:45,noise
6396121190710,6397775259023,T665,11.6,Kai Brooks,2025-09-05 12:18:42,noise
6396121190710,6396121190710,T665,11.5,Kai Brooks,2025-09-05 05:29:12,noise
6396121190710,6393004154125,T665,22.7,Kai Brooks,2025-09-05 11:07:32,noise
6396121190710,6391282991519,T665,17.2,Kai Brooks,2025-09-04 21:28:51,noise
6396121190710,6398595696705,T596,5.5,Kai Brooks,2025-09-03 16:14:09,noise
6396121190710,6399085717386,T665,10.0,Kai Brooks,2025-09-03 19:27:53,noise
6396121190710,6398595696705,T665,41.5,Kai Brooks,2025-09-03 20:05:15,noise
6396121190710,6394513051861,T665,13.8,Kai Brooks,2025-09-02 20:11:57,noise
6396121190710,6391282991519,T665,11.5,Kai Brooks,2025-09-02 13:07:46,noise
6396121190710,6399487367347,T596,12.7,Kai Brooks,2025-09-02 04:19:20,noise
6396121190710,6399085717386,T665,32.4,Kai Brooks,2025-09-01 16:19:11,noise
6396121190710,6398595696705,T596,11.5,Kai Brooks,2025-09-01 12:22:19,noise
6396121190710,6392175203535,T596,4.8,Kai Brooks,2025-08-31 10:13:24,noise
6396121190710,6398595696705,T596,14.1,Kai Brooks,2025-08-31 19:19:40,noise
6396121190710,6398415249661,T665,9.9,Kai Brooks,2025-08-30 13:25:59,noise
6396121190710,6391392356697,T596,74.0,Kai Brooks,2025-08-30 11:30:20,noise
6396121190710,6391282991519,T665,26.7,Kai Brooks,2025-08-29 09:25:59,noise
6396121190710,6398595696705,T596,21.7,Kai Brooks,2025-08-29 09:17:01,noise
6396121190710,6392951962632,T596,21.3,Kai Brooks,2025-08-28 09:02:24,noise
6396121190710,6398186138815,T596,28.3,Kai Brooks,2025-08-27 10:24:22,noise
6396121190710,6398415249661,T665,85.7,Kai Brooks,2025-08-27 12:18:16,noise
6396121190710,6399085717386,T596,17.8,Kai Brooks,2025-08-27 11:15:25,noise
6396121190710,6399085717386,T665,24.9,Kai Brooks,2025-08-26 15:06:55,noise
6396121190710,6399085717386,T665,23.4,Kai Brooks,2025-08-26 23:13:56,noise
6396121190710,6395933083562,T596,10.2,Kai Brooks,2025-08-25 14:18:46,noise
6396121190710,6391282991519,T665,51.2,Kai Brooks,2025-08-25 13:19:40,noise
6396121190710,6399085717386,T665,14.9,Kai Brooks,2025-08-24 11:28:14,noise
6396121190710,6399085717386,T596,20.9,Kai Brooks,2025-08-24 22:22:45,noise
6396121190710,6392517116618,T596,13.9,Kai Brooks,2025-08-23 19:25:33,noise
6396121190710,6392705348834,T665,4.1,Kai Brooks,2025-08-22 00:11:19,noise
6396121190710,6398595696705,T596,9.4,Kai Brooks,2025-08-22 15:14:41,noise
6396121190710,6394137438800,T665,14.5,Kai Brooks,2025-08-21 11:22:39,noise
6396121190710,6399085717386,T665,11.3,Kai Brooks,2025-08-21 10:28:45,noise
6396121190710,6398595696705,T665,46.9,Kai Brooks,2025-08-20 11:24:42,noise
6396121190710,6399085717386,T665,30.3,Kai Brooks,2025-08-20 15:12:43,noise
6396121190710,6398595696705,T665,66.8,Kai Brooks,2025-08-19 02:29:29,noise
6396121190710,6398595696705,T596,31.3,Kai Brooks,2025-08-19 17:00:23,noise
6396121190710,6399487367347,T665,22.5,Kai Brooks,2025-08-19 21:06:34,noise
6396121190710,6398595696705,T596,8.4,Kai Brooks,2025-08-18 20:27:04,noise
6396121190710,6399003402039,T596,15.1,Kai Brooks,2025-08-17 08:21:34,noise
6396121190710,6399085717386,T596,16.0,Kai Brooks,2025-08-17 11:28:50,noise
6396121190710,6398595696705,T596,36.4,Kai Brooks,2025-08-16 16:29:44,noise
6396121190710,6398595696705,T665,29.8,Kai Brooks,2025-08-16 11:01:58,noise
6396121190710,6395588239969,T665,26.2,Kai Brooks,2025-08-15 11:19:34,noise
6396121190710,6397277321210,T596,15.2,Kai Brooks,2025-08-15 19:20:37,noise
6396121190710,6399003402039,T665,70.5,Kai Brooks,2025-08-14 12:06:31,noise
6396121190710,6397761210582,T665,12.1,Kai Brooks,2025-08-14 20:21:06,noise
6396121190710,6399085717386,T596,33.2,Kai Brooks,2025-08-13 03:19:36,noise
6396121190710,6391282991519,T665,13.3,Kai Brooks,2025-08-13 14:27:34,noise
6396121190710,6396526010278,T596,24.9,Kai Brooks,2025-08-13 17:06:36,noise
6396121190710,6391663645516,T665,10.5,Kai Brooks,2025-08-12 19:05:04,noise
6396121190710,6398415249661,T596,6.5,Kai Brooks,2025-08-12 22:10:27,noise
6396121190710,6399085717386,T665,19.4,Kai Brooks,2025-08-11 19:24:41,noise
6396121190710,6398595696705,T665,4.3,Kai Brooks,2025-08-11 09:13:09,noise
6396121190710,6391494838799,T665,42.5,Kai Brooks,2025-08-11 09:00:18,noise
6396121190710,6391282991519,T665,23.9,Kai Brooks,2025-08-10 17:27:07,noise
6396121190710,6398069375909,T596,23.9,Kai Brooks,2025-08-10 19:25:41,noise
6396121190710,6391302712293,T596,24.9,Kai Brooks,2025-08-10 13:21:17,noise
6396121190710,6399965853740,T596,31.2,Kai Brooks,2025-08-09 13:01:47,noise
6396121190710,6394055226921,T596,27.8,Kai Brooks,2025-08-09 15:02:51,noise
6396121190710,6391282991519,T596,33.7,Kai Brooks,2025-08-08 14:12:38,noise
6396121190710,6398595696705,T665,43.8,Kai Brooks,2025-08-08 13:03:05,noise
6396121190710,6399085717386,T665,24.2,Kai Brooks,2025-08-08 00:22:20,noise
6396121190710,6391282991519,T665,17.7,Kai Brooks,2025-08-07 21:05:37,noise
6396121190710,6392464364634,T665,17.2,Kai Brooks,2025-08-07 22:08:54,noise
6396121190710,6398595696705,T665,15.3,Kai Brooks,2025-08-06 18:17:28,noise
6396121190710,6399085717386,T665,12.2,Kai Brooks,2025-08-06 15:24:39,noise
6396121190710,6398595696705,T665,53.4,Kai Brooks,2025-08-05 17:27:30,noise
6396121190710,6399085717386,T665,4.5,Kai Brooks,2025-08-05 08:16:48,noise
6396121190710,6391282991519,T596,8.6,Kai Brooks,2025-08-04 10:16:10,noise
6396121190710,6398595696705,T665,11.1,Kai Brooks,2025-08-04 09:13:20,noise
6394573060920,6398415249661,T224,16.7,Jin Carlos,2025-10-18 12:15:31,noise
6394573060920,6399085717386,T224,16.8,Jin Carlos,2025-10-18 03:24:00,noise
6394573060920,6397052145323,T224,7.2,Jin Carlos,2025-10-18 19:25:43,noise
6394573060920,6391577055581,T224,12.2,Jin Carlos,2025-10-17 11:19:41,noise
6394573060920,6398069375909,T224,15.4,Jin Carlos,2025-10-17 22:20:12,noise
6394573060920,6398415249661,T224,23.1,Jin Carlos,2025-10-17 05:30:51,noise
6394573060920,6396625936508,T224,20.1,Jin Carlos,2025-10-16 14:17:42,noise
6394573060920,6398673272758,T117,21.2,Jin Carlos,2025-10-16 13:07:06,noise
6394573060920,6399085717386,T117,11.5,Jin Carlos,2025-10-16 13:12:10,noise
6394573060920,6399085717386,T117,11.0,Jin Carlos,2025-10-15 21:03:38,noise
6394573060920,6398069375909,T224,21.3,Jin Carlos,2025-10-15 12:04:57,noise
6394573060920,6395136375863,T117,5.9,Jin Carlos,2025-10-14 19:18:06,noise
6394573060920,6399085717386,T224,24.5,Jin Carlos,2025-10-14 01:02:25,noise
6394573060920,6399085717386,T224,43.9,Jin Carlos,2025-10-13 12:22:31,noise
6394573060920,6398069375909,T117,7.9,Jin Carlos,2025-10-13 18:16:24,noise
6394573060920,6398415249661,T224,5.3,Jin Carlos,2025-10-13 05:18:00,noise
6394573060920,6398087251603,T224,15.3,Jin Carlos,2025-10-12 15:14:11,noise
6394573060920,6398069375909,T224,3.3,Jin Carlos,2025-10-12 14:24:32,noise
6394573060920,6399085717386,T224,3.2,Jin Carlos,2025-10-11 12:25:02,noise
6394573060920,6398069375909,T117,6.5,Jin Carlos,2025-10-10 22:21:44,noise
6394573060920,6399085717386,T117,21.4,Jin Carlos,2025-10-09 08:09:21,noise
6394573060920,6396198739962,T224,12.1,Jin Carlos,2025-10-09 11:01:03,noise
6394573060920,6398415249661,T224,28.8,Jin Carlos,2025-10-08 22:28:35,noise
6394573060920,6392322072341,T224,20.3,Jin Carlos,2025-10-08 13:10:10,noise
6394573060920,6397052145323,T224,23.4,Jin Carlos,2025-10-07 18:04:49,noise
6394573060920,6396109116629,T224,13.2,Jin Carlos,2025-10-07 22:04:22,noise
6394573060920,6398415249661,T224,46.1,Jin Carlos,2025-10-06 12:14:49,noise
6394573060920,6398415249661,T224,13.3,Jin Carlos,2025-10-06 21:07:07,noise
6394573060920,6399085717386,T224,28.4,Jin Carlos,2025-10-05 10:00:49,noise
6394573060920,6399085717386,T224,6.7,Jin Carlos,2025-10-04 08:21:26,noise
6394573060920,6398069375909,T224,17.3,Jin Carlos,2025-10-04 15:30:44,noise
6394573060920,6394247662559,T117,11.8,Jin Carlos,2025-10-03 01:00:58,noise
6394573060920,6395588265198,T117,109.1,Jin Carlos,2025-10-03 11:17:58,noise
6394573060920,6399487367347,T224,11.3,Jin Carlos,2025-10-03 08:03:56,noise
6394573060920,6398415249661,T224,9.4,Jin Carlos,2025-10-02 13:26:08,noise
6394573060920,6398069375909,T224,21.1,Jin Carlos,2025-10-02 15:19:54,noise
6394573060920,6398415249661,T117,12.1,Jin Carlos,2025-10-01 08:15:12,noise
6394573060920,6398069375909,T117,21.8,Jin Carlos,2025-10-01 20:08:49,noise
6394573060920,6398069375909,T117,21.1,Jin Carlos,2025-09-30 22:22:32,noise
6394573060920,6398069375909,T224,37.2,Jin Carlos,2025-09-30 18:24:48,noise
6394573060920,6399085717386,T224,15.6,Jin Carlos,2025-09-29 23:28:33,noise
6394573060920,6398069375909,T224,17.3,Jin Carlos,2025-09-28 21:25:21,noise
6394573060920,6399085717386,T117,12.8,Jin Carlos,2025-09-28 13:05:58,noise
6394573060920,6398415249661,T224,6.6,Jin Carlos,2025-09-28 02:01:37,noise
6394573060920,6394137438800,T224,11.8,Jin Carlos,2025-09-27 15:09:54,noise
6394573060920,6392951962632,T117,109.4,Jin Carlos,2025-09-27 19:23:35,noise
6394573060920,6399085717386,T224,20.3,Jin Carlos,2025-09-27 13:14:19,noise
6394573060920,6398186138815,T224,45.4,Jin Carlos,2025-09-26 14:22:29,noise
6394573060920,6398415249661,T224,7.5,Jin Carlos,2025-09-26 17:06:30,noise
6394573060920,6398415249661,T224,17.7,Jin Carlos,2025-09-25 15:18:38,noise
6394573060920,6393549070850,T117,27.2,Jin Carlos,2025-09-25 13:20:02,noise
6394573060920,6398069375909,T117,28.6,Jin Carlos,2025-09-24 19:23:35,noise
6394573060920,6399877395358,T117,22.7,Jin Carlos,2025-09-24 20:19:18,noise
6394573060920,6398097172985,T224,9.1,Jin Carlos,2025-09-23 18:22:46,noise
6394573060920,6399487367347,T117,13.6,Jin Carlos,2025-09-23 18:25:22,noise
6394573060920,6397775259023,T117,8.0,Jin Carlos,2025-09-22 20:14:29,noise
6394573060920,6398415249661,T224,13.1,Jin Carlos,2025-09-22 18:08:27,noise
6394573060920,6398069375909,T117,15.1,Jin Carlos,2025-09-21 18:23:37,noise
6394573060920,6398415249661,T224,8.5,Jin Carlos,2025-09-21 05:27:38,noise
6394573060920,6398069375909,T224,7.6,Jin Carlos,2025-09-21 14:06:10,noise
6394573060920,6393625636545,T117,64.6,Jin Carlos,2025-09-20 11:27:58,noise
6394573060920,6399085717386,T224,15.9,Jin Carlos,2025-09-20 09:12:35,noise
6394573060920,6399604910822,T117,9.9,Jin Carlos,2025-09-19 12:17:18,noise
6394573060920,6391392356697,T224,8.1,Jin Carlos,2025-09-19 05:26:24,noise
6394573060920,6398069375909,T224,29.9,Jin Carlos,2025-09-19 18:04:40,noise
6394573060920,6393329653115,T117,22.2,Jin Carlos,2025-09-18 20:16:24,noise
6394573060920,6398069375909,T224,39.5,Jin Carlos,2025-09-18 19:30:05,noise
6394573060920,6399085717386,T224,22.4,Jin Carlos,2025-09-17 08:15:53,noise
6394573060920,6399085717386,T117,13.2,Jin Carlos,2025-09-17 20:18:29,noise
6394573060920,6395535962322,T224,15.3,Jin Carlos,2025-09-16 18:27:45,noise
6394573060920,6399085717386,T224,20.8,Jin Carlos,2025-09-15 01:28:06,noise
6394573060920,6398085325274,T117,6.3,Jin Carlos,2025-09-15 17:02:10,noise
6394573060920,6398069375909,T224,29.7,Jin Carlos,2025-09-14 18:02:23,noise
6394573060920,6399085717386,T224,4.9,Jin Carlos,2025-09-14 11:12:49,noise
6394573060920,6396688935939,T224,10.2,Jin Carlos,2025-09-13 20:23:39,noise
6394573060920,6398415249661,T224,10.1,Jin Carlos,2025-09-13 22:02:34,noise
6394573060920,6397479516078,T224,7.1,Jin Carlos,2025-09-12 20:01:49,noise
6394573060920,6399085717386,T224,21.4,Jin Carlos,2025-09-12 10:29:06,noise
6394573060920,6399085717386,T117,20.4,Jin Carlos,2025-09-12 09:05:47,noise
6394573060920,6399085717386,T117,63.7,Jin Carlos,2025-09-11 10:22:54,noise
6394573060920,6395958977897,T224,8.7,Jin Carlos,2025-09-11 08:18:23,noise
6394573060920,6393134974031,T224,135.5,Jin Carlos,2025-09-11 17:13:25,noise
6394573060920,6399085717386,T224,29.0,Jin Carlos,2025-09-10 00:14:36,noise
6394573060920,6398069375909,T224,3.7,Jin Carlos,2025-09-10 12:13:35,noise
6394573060920,6395535962322,T117,24.5,Jin Carlos,2025-09-09 09:18:52,noise
6394573060920,6399877395358,T224,16.4,Jin Carlos,2025-09-08 23:09:16,noise
6394573060920,6398069375909,T224,12.4,Jin Carlos,2025-09-08 09:26:17,noise
6394573060920,6398415249661,T224,10.3,Jin Carlos,2025-09-07 16:00:29,noise
6394573060920,6392517116618,T117,22.5,Jin Carlos,2025-09-07 08:13:18,noise
6394573060920,6392375347403,T117,38.4,Jin Carlos,2025-09-07 21:06:50,noise
6394573060920,6392237426063,T117,6.6,Jin Carlos,2025-09-06 12:05:11,noise
6394573060920,6399085717386,T117,6.4,Jin Carlos,2025-09-05 09:15:56,noise
6394573060920,6391787733401,T117,11.1,Jin Carlos,2025-09-05 22:00:15,noise
6394573060920,6399085717386,T224,31.7,Jin Carlos,2025-09-05 16:21:45,noise
6394573060920,6399085717386,T117,36.2,Jin Carlos,2025-09-04 17:20:35,noise
6394573060920,6398069375909,T224,24.8,Jin Carlos,2025-09-03 15:10:36,noise
6394573060920,6396726642544,T224,15.7,Jin Carlos,2025-09-02 20:30:38,noise
6394573060920,6398069375909,T117,14.8,Jin Carlos,2025-09-02 18:05:57,noise
6394573060920,6398069375909,T224,7.6,Jin Carlos,2025-09-02 20:08:33,noise
6394573060920,6398415249661,T224,18.5,Jin Carlos,2025-09-01 09:13:10,noise
6394573060920,6398069375909,T117,2.6,Jin Carlos,2025-09-01 17:08:55,noise
6394573060920,6397172010892,T224,63.1,Jin Carlos,2025-08-31 22:23:35,noise
6394573060920,6391282991519,T224,12.6,Jin Carlos,2025-08-30 16:11:33,noise
6394573060920,6398415249661,T224,63.0,Jin Carlos,2025-08-30 13:11:05,noise
6394573060920,6399085717386,T117,11.2,Jin Carlos,2025-08-30 08:22:45,noise
6394573060920,6398415249661,T117,18.3,Jin Carlos,2025-08-29 12:25:56,noise
6394573060920,6398415249661,T224,73.4,Jin Carlos,2025-08-28 18:02:44,noise
6394573060920,6399085717386,T117,14.1,Jin Carlos,2025-08-28 23:00:45,noise
6394573060920,6396121190710,T224,15.8,Jin Carlos,2025-08-27 17:11:16,noise
6394573060920,6399085717386,T224,20.6,Jin Carlos,2025-08-27 23:10:20,noise
6394573060920,6399085717386,T224,46.8,Jin Carlos,2025-08-27 17:01:33,noise
6394573060920,6399096359352,T117,9.6,Jin Carlos,2025-08-26 22:28:27,noise
6394573060920,6399085717386,T224,12.1,Jin Carlos,2025-08-26 15:27:41,noise
6394573060920,6396625936508,T117,39.9,Jin Carlos,2025-08-26 20:04:43,noise
6394573060920,6391787733401,T224,11.6,Jin Carlos,2025-08-25 22:08:58,noise
6394573060920,6398415249661,T117,10.1,Jin Carlos,2025-08-24 23:13:58,noise
6394573060920,6397102194949,T117,10.9,Jin Carlos,2025-08-24 17:29:36,noise
6394573060920,6396198739962,T224,22.5,Jin Carlos,2025-08-24 08:10:04,noise
6394573060920,6398415249661,T224,13.7,Jin Carlos,2025-08-23 14:18:45,noise
6394573060920,6397479516078,T224,5.2,Jin Carlos,2025-08-22 20:10:43,noise
6394573060920,6398415249661,T224,23.0,Jin Carlos,2025-08-22 16:30:14,noise
6394573060920,6394508672370,T224,79.3,Jin Carlos,2025-08-22 16:15:15,noise
6394573060920,6399085717386,T117,13.3,Jin Carlos,2025-08-21 09:22:42,noise
6394573060920,6394573060920,T117,31.6,Jin Carlos,2025-08-20 02:06:55,noise
6394573060920,6393062613059,T117,12.7,Jin Carlos,2025-08-19 18:11:50,noise
6394573060920,6399003402039,T224,4.2,Jin Carlos,2025-08-18 16:29:31,noise
6394573060920,6397473500175,T117,20.8,Jin Carlos,2025-08-17 03:15:31,noise
6394573060920,6399085717386,T224,17.4,Jin Carlos,2025-08-16 16:19:59,noise
6394573060920,6399085717386,T117,15.2,Jin Carlos,2025-08-16 15:07:14,noise
6394573060920,6399085717386,T117,11.8,Jin Carlos,2025-08-16 15:17:23,noise
6394573060920,6396042155722,T117,35.7,Jin Carlos,2025-08-15 23:11:29,noise
6394573060920,6393591747444,T224,13.9,Jin Carlos,2025-08-15 22:01:44,noise
6394573060920,6399085717386,T224,13.8,Jin Carlos,2025-08-15 20:17:43,noise
6394573060920,6398415249661,T117,21.8,Jin Carlos,2025-08-14 15:02:36,noise
6394573060920,6399085717386,T117,26.6,Jin Carlos,2025-08-13 16:11:29,noise
6394573060920,6399085717386,T224,57.3,Jin Carlos,2025-08-13 19:07:14,noise
6394573060920,6399085717386,T224,25.2,Jin Carlos,2025-08-12 12:14:10,noise
6394573060920,6395657768886,T117,5.0,Jin Carlos,2025-08-12 02:06:47,noise
6394573060920,6398069375909,T224,14.0,Jin Carlos,2025-08-11 13:06:21,noise
6394573060920,6399085717386,T224,4.6,Jin Carlos,2025-08-11 15:13:48,noise
6394573060920,6397266186506,T224,7.4,Jin Carlos,2025-08-10 15:03:38,noise
6394573060920,6397695360968,T224,5.5,Jin Carlos,2025-08-09 10:05:12,noise
6394573060920,6398069375909,T117,31.3,Jin Carlos,2025-08-09 13:14:45,noise
6394573060920,6391577055581,T224,16.9,Jin Carlos,2025-08-08 13:09:06,noise
6394573060920,6395137959873,T117,12.5,Jin Carlos,2025-08-08 03:03:49,noise
6394573060920,6398069375909,T224,10.6,Jin Carlos,2025-08-08 15:17:09,noise
6394573060920,6398415249661,T224,5.8,Jin Carlos,2025-08-07 09:08:32,noise
6394573060920,6399085717386,T224,6.3,Jin Carlos,2025-08-07 13:10:20,noise
6394573060920,6391663645516,T117,37.5,Jin Carlos,2025-08-06 17:23:33,noise
6394573060920,6393454415467,T117,23.5,Jin Carlos,2025-08-05 18:06:20,noise
6394573060920,6399085717386,T117,17.8,Jin Carlos,2025-08-04 17:02:54,noise
6394573060920,6392464364634,T224,19.7,Jin Carlos,2025-08-04 20:22:21,noise
6394573060920,6396116554141,T224,121.5,Jin Carlos,2025-11-29 05:27:08,noise
6394573060920,6396116554141,T224,69.3,Jin Carlos,2025-12-02 01:18:42,noise
6394573060920,6396116554141,T224,121.4,Jin Carlos,2025-11-23 12:01:20,noise
6394573060920,6396116554141,T224,70.8,Jin Carlos,2025-12-11 12:19:12,noise
6394573060920,6396116554141,T224,49.5,Jin Carlos,2025-12-30 19:16:43,noise
6394573060920,6396116554141,T224,178.9,Jin Carlos,2025-12-05 09:13:32,noise
6399487367347,6395137959873,T342,15.6,Elena Mehta,2025-10-18 10:16:45,noise
6399487367347,6397277321210,T342,22.7,Elena Mehta,2025-10-18 22:07:09,noise
6399487367347,6395137959873,T342,25.9,Elena Mehta,2025-10-18 12:20:35,noise
6399487367347,6395657768886,T572,14.3,Elena Mehta,2025-10-17 01:30:20,noise
6399487367347,6395657768886,T342,5.2,Elena Mehta,2025-10-17 18:28:27,noise
6399487367347,6393736660443,T572,14.2,Elena Mehta,2025-10-16 13:01:44,noise
6399487367347,6395137959873,T342,24.4,Elena Mehta,2025-10-16 03:08:14,noise
6399487367347,6398186138815,T572,11.1,Elena Mehta,2025-10-16 19:13:40,noise
6399487367347,6397207416529,T572,15.5,Elena Mehta,2025-10-15 19:23:49,noise
6399487367347,6395657768886,T342,17.8,Elena Mehta,2025-10-14 14:12:07,noise
6399487367347,6398673272758,T342,2.1,Elena Mehta,2025-10-14 09:09:02,noise
6399487367347,6395137959873,T342,36.8,Elena Mehta,2025-10-14 00:27:05,noise
6399487367347,6395657768886,T342,7.6,Elena Mehta,2025-10-13 18:24:37,noise
6399487367347,6397277321210,T342,12.5,Elena Mehta,2025-10-13 17:17:30,noise
6399487367347,6395534105475,T342,13.8,Elena Mehta,2025-10-12 09:21:50,noise
6399487367347,6397277321210,T572,11.1,Elena Mehta,2025-10-12 22:16:44,noise
6399487367347,6397277321210,T342,10.4,Elena Mehta,2025-10-11 15:30:26,noise
6399487367347,6395137959873,T342,10.7,Elena Mehta,2025-10-11 09:07:42,noise
6399487367347,6398069375909,T342,19.7,Elena Mehta,2025-10-10 09:07:53,noise
6399487367347,6395137959873,T342,8.9,Elena Mehta,2025-10-10 08:17:50,noise
6399487367347,6395137959873,T342,20.5,Elena Mehta,2025-10-09 19:07:20,noise
6399487367347,6391577055581,T342,39.3,Elena Mehta,2025-10-09 15:24:12,noise
6399487367347,6394711330962,T342,3.1,Elena Mehta,2025-10-09 14:26:11,noise
6399487367347,6399804243491,T342,10.1,Elena Mehta,2025-10-08 12:10:17,noise
6399487367347,6398085325274,T572,24.7,Elena Mehta,2025-10-07 20:29:25,noise
6399487367347,6394055226921,T572,16.5,Elena Mehta,2025-10-07 01:23:52,noise
6399487367347,6395137959873,T342,16.2,Elena Mehta,2025-10-06 12:10:42,noise
6399487367347,6395657768886,T342,7.4,Elena Mehta,2025-10-06 01:00:22,noise
6399487367347,6395137959873,T342,8.2,Elena Mehta,2025-10-06 21:12:28,noise
6399487367347,6397277321210,T572,20.6,Elena Mehta,2025-10-05 20:02:06,noise
6399487367347,6393825956914,T572,13.2,Elena Mehta,2025-10-04 22:13:24,noise
6399487367347,6395137959873,T342,20.4,Elena Mehta,2025-10-03 12:29:24,noise
6399487367347,6391282991519,T342,38.2,Elena Mehta,2025-10-03 15:03:14,noise
6399487367347,6392375347403,T572,20.9,Elena Mehta,2025-10-02 18:27:48,noise
6399487367347,6397102194949,T572,14.6,Elena Mehta,2025-10-02 16:19:15,noise
6399487367347,6395137959873,T572,22.5,Elena Mehta,2025-10-01 02:04:45,noise
6399487367347,6395535962322,T572,11.8,Elena Mehta,2025-09-30 10:20:30,noise
6399487367347,6395137959873,T342,14.4,Elena Mehta,2025-09-30 15:04:47,noise
6399487367347,6395657768886,T342,6.9,Elena Mehta,2025-09-29 04:24:16,noise
6399487367347,6397959529190,T342,24.9,Elena Mehta,2025-09-29 08:13:55,noise
6399487367347,6397277321210,T342,11.5,Elena Mehta,2025-09-29 20:18:37,noise
6399487367347,6397277321210,T572,13.3,Elena Mehta,2025-09-28 17:25:22,noise
6399487367347,6395657768886,T572,21.6,Elena Mehta,2025-09-28 19:13:40,noise
6399487367347,6395657768886,T342,11.9,Elena Mehta,2025-09-27 09:15:13,noise
6399487367347,6397645850299,T342,22.6,Elena Mehta,2025-09-27 16:21:34,noise
6399487367347,6398415249661,T572,13.3,Elena Mehta,2025-09-26 16:08:34,noise
6399487367347,6395657768886,T342,20.4,Elena Mehta,2025-09-26 13:13:01,noise
6399487367347,6395657768886,T572,38.4,Elena Mehta,2025-09-25 23:07:39,noise
6399487367347,6392464364634,T342,11.5,Elena Mehta,2025-09-25 11:29:05,noise
6399487367347,6396393488216,T342,25.0,Elena Mehta,2025-09-24 10:26:53,noise
6399487367347,6393062613059,T572,49.6,Elena Mehta,2025-09-24 21:20:15,noise
6399487367347,6393736660443,T572,12.7,Elena Mehta,2025-09-23 20:07:07,noise
6399487367347,6397277321210,T342,4.2,Elena Mehta,2025-09-23 09:12:31,noise
6399487367347,6397277321210,T342,21.0,Elena Mehta,2025-09-22 19:12:48,noise
6399487367347,6395137959873,T572,21.3,Elena Mehta,2025-09-22 09:06:49,noise
6399487367347,6395535962322,T342,28.8,Elena Mehta,2025-09-22 18:22:35,noise
6399487367347,6395588265198,T342,18.1,Elena Mehta,2025-09-21 23:17:35,noise
6399487367347,6395657768886,T342,7.7,Elena Mehta,2025-09-21 15:06:39,noise
6399487367347,6397277321210,T342,82.9,Elena Mehta,2025-09-20 01:17:02,noise
6399487367347,6399604910822,T342,5.1,Elena Mehta,2025-09-20 10:18:58,noise
6399487367347,6397277321210,T342,8.9,Elena Mehta,2025-09-19 09:05:42,noise
6399487367347,6395657768886,T342,10.6,Elena Mehta,2025-09-19 10:00:27,noise
6399487367347,6399096359352,T342,32.2,Elena Mehta,2025-09-18 14:09:21,noise
6399487367347,6395137959873,T572,20.8,Elena Mehta,2025-09-18 12:04:40,noise
6399487367347,6397277321210,T342,35.7,Elena Mehta,2025-09-17 21:18:16,noise
6399487367347,6395657768886,T342,16.6,Elena Mehta,2025-09-17 10:26:20,noise
6399487367347,6397102194949,T342,136.4,Elena Mehta,2025-09-16 14:18:38,noise
6399487367347,6395657768886,T342,4.3,Elena Mehta,2025-09-16 13:23:58,noise
6399487367347,6397277321210,T572,11.1,Elena Mehta,2025-09-16 17:30:02,noise
6399487367347,6395657768886,T342,11.7,Elena Mehta,2025-09-15 16:12:19,noise
6399487367347,6398097172985,T342,8.8,Elena Mehta,2025-09-15 17:12:32,noise
6399487367347,6397473530031,T342,18.3,Elena Mehta,2025-09-15 14:02:44,noise
6399487367347,6392705348834,T342,71.7,Elena Mehta,2025-09-14 20:04:54,noise
6399487367347,6393134974031,T342,32.4,Elena Mehta,2025-09-14 14:03:13,noise
6399487367347,6395657768886,T572,30.0,Elena Mehta,2025-09-13 13:29:25,noise
6399487367347,6395657768886,T572,10.9,Elena Mehta,2025-09-13 18:04:10,noise
6399487367347,6392517116618,T572,8.7,Elena Mehta,2025-09-12 18:01:59,noise
6399487367347,6397207416529,T342,14.7,Elena Mehta,2025-09-12 11:19:26,noise
6399487367347,6397277321210,T342,11.1,Elena Mehta,2025-09-12 17:12:26,noise
6399487367347,6397277321210,T572,58.4,Elena Mehta,2025-09-11 12:17:56,noise
6399487367347,6397277321210,T572,25.9,Elena Mehta,2025-09-11 14:05:00,noise
6399487367347,6395657768886,T342,70.4,Elena Mehta,2025-09-10 02:10:13,noise
6399487367347,6395657768886,T342,22.2,Elena Mehta,2025-09-10 09:06:58,noise
6399487367347,6397277321210,T572,18.5,Elena Mehta,2025-09-09 17:23:57,noise
6399487367347,6394711330962,T342,20.3,Elena Mehta,2025-09-09 09:23:38,noise
6399487367347,6397277321210,T342,5.7,Elena Mehta,2025-09-08 13:09:17,noise
6399487367347,6399877395358,T572,18.6,Elena Mehta,2025-09-08 00:00:01,noise
6399487367347,6395137959873,T572,16.1,Elena Mehta,2025-09-08 16:27:05,noise
6399487367347,6397277321210,T342,19.1,Elena Mehta,2025-09-07 14:11:01,noise
6399487367347,6391171674512,T342,7.0,Elena Mehta,2025-09-07 00:19:59,noise
6399487367347,6395137959873,T572,11.3,Elena Mehta,2025-09-07 15:27:27,noise
6399487367347,6397277321210,T572,18.4,Elena Mehta,2025-09-06 16:12:41,noise
6399487367347,6397156535284,T342,6.3,Elena Mehta,2025-09-05 10:16:43,noise
6399487367347,6395657768886,T572,28.3,Elena Mehta,2025-09-05 22:25:02,noise
6399487367347,6395137959873,T342,6.1,Elena Mehta,2025-09-04 16:28:39,noise
6399487367347,6395137959873,T342,43.7,Elena Mehta,2025-09-03 08:16:22,noise
6399487367347,6395657768886,T572,36.2,Elena Mehta,2025-09-03 16:16:58,noise
6399487367347,6397277321210,T572,13.8,Elena Mehta,2025-09-02 18:26:13,noise
6399487367347,6397277321210,T342,8.2,Elena Mehta,2025-09-02 14:30:38,noise
6399487367347,6395657768886,T572,46.8,Elena Mehta,2025-09-02 13:17:27,noise
6399487367347,6393332370721,T572,13.8,Elena Mehta,2025-09-01 20:16:35,noise
6399487367347,6396042155722,T572,46.7,Elena Mehta,2025-09-01 19:10:19,noise
6399487367347,6395137959873,T572,14.6,Elena Mehta,2025-08-31 12:04:03,noise
6399487367347,6394856722505,T342,17.4,Elena Mehta,2025-08-31 08:12:10,noise
6399487367347,6397102194949,T572,7.2,Elena Mehta,2025-08-31 04:06:21,noise
6399487367347,6395657768886,T342,4.7,Elena Mehta,2025-08-30 15:07:19,noise
6399487367347,6395137959873,T342,2.8,Elena Mehta,2025-08-30 09:05:59,noise
6399487367347,6395137959873,T572,30.1,Elena Mehta,2025-08-30 10:29:07,noise
6399487367347,6393869319540,T572,24.4,Elena Mehta,2025-08-29 18:11:13,noise
6399487367347,6395137959873,T342,25.1,Elena Mehta,2025-08-29 11:30:52,noise
6399487367347,6397277321210,T342,8.6,Elena Mehta,2025-08-28 11:29:25,noise
6399487367347,6395657768886,T342,48.0,Elena Mehta,2025-08-28 13:29:11,noise
6399487367347,6395657768886,T572,26.0,Elena Mehta,2025-08-28 20:11:06,noise
6399487367347,6395657768886,T342,37.4,Elena Mehta,2025-08-27 11:03:27,noise
6399487367347,6398095030730,T572,43.3,Elena Mehta,2025-08-27 19:16:49,noise
6399487367347,6397326243787,T342,53.5,Elena Mehta,2025-08-26 04:08:29,noise
6399487367347,6395137959873,T342,15.9,Elena Mehta,2025-08-26 14:00:55,noise
6399487367347,6397473530031,T342,7.1,Elena Mehta,2025-08-26 20:09:08,noise
6399487367347,6397277321210,T342,9.5,Elena Mehta,2025-08-25 21:10:49,noise
6399487367347,6396042155722,T342,25.7,Elena Mehta,2025-08-24 08:04:15,noise
6399487367347,6397277321210,T342,18.9,Elena Mehta,2025-08-23 20:03:38,noise
6399487367347,6398525827157,T342,18.3,Elena Mehta,2025-08-23 16:14:34,noise
6399487367347,6397277321210,T572,39.0,Elena Mehta,2025-08-22 15:04:36,noise
6399487367347,6392237426063,T342,8.7,Elena Mehta,2025-08-22 19:26:30,noise
6399487367347,6397479516078,T572,20.6,Elena Mehta,2025-08-21 16:25:52,noise
6399487367347,6394711330962,T342,23.9,Elena Mehta,2025-08-21 10:20:41,noise
6399487367347,6395657768886,T342,15.0,Elena Mehta,2025-08-21 10:19:36,noise
6399487367347,6397277321210,T572,73.4,Elena Mehta,2025-08-20 10:27:39,noise
6399487367347,6397102194949,T572,22.9,Elena Mehta,2025-08-20 09:30:52,noise
6399487367347,6396625936508,T342,17.7,Elena Mehta,2025-08-20 22:01:29,noise
6399487367347,6393454415467,T342,2.9,Elena Mehta,2025-08-19 19:16:31,noise
6399487367347,6397277321210,T572,13.4,Elena Mehta,2025-08-19 20:00:03,noise
6399487367347,6391392356697,T342,23.5,Elena Mehta,2025-08-18 08:13:57,noise
6399487367347,6394513051861,T342,31.1,Elena Mehta,2025-08-18 14:09:37,noise
6399487367347,6397326243787,T572,49.5,Elena Mehta,2025-08-17 20:07:05,noise
6399487367347,6395137959873,T342,8.3,Elena Mehta,2025-08-17 18:20:48,noise
6399487367347,6391787733401,T342,22.4,Elena Mehta,2025-08-16 14:26:36,noise
6399487367347,6397277321210,T342,12.8,Elena Mehta,2025-08-16 16:03:22,noise
6399487367347,6397277321210,T572,16.5,Elena Mehta,2025-08-15 12:30:22,noise
6399487367347,6398087251603,T572,26.4,Elena Mehta,2025-08-15 04:30:09,noise
6399487367347,6395657768886,T572,31.5,Elena Mehta,2025-08-14 16:28:04,noise
6399487367347,6395137959873,T342,26.1,Elena Mehta,2025-08-14 14:11:52,noise
6399487367347,6396726642544,T572,18.9,Elena Mehta,2025-08-13 18:30:04,noise
6399487367347,6395657768886,T572,12.8,Elena Mehta,2025-08-13 22:25:24,noise
6399487367347,6397277321210,T342,9.9,Elena Mehta,2025-08-13 09:12:06,noise
6399487367347,6397277321210,T342,15.5,Elena Mehta,2025-08-12 23:27:06,noise
6399487367347,6398095030730,T342,5.9,Elena Mehta,2025-08-12 13:17:19,noise
6399487367347,6391663645516,T572,38.9,Elena Mehta,2025-08-12 23:30:07,noise
6399487367347,6397277321210,T342,7.5,Elena Mehta,2025-08-11 10:26:48,noise
6399487367347,6395657768886,T572,9.5,Elena Mehta,2025-08-11 13:23:58,noise
6399487367347,6395657768886,T572,23.7,Elena Mehta,2025-08-10 17:15:04,noise
6399487367347,6397156535284,T342,32.9,Elena Mehta,2025-08-10 05:23:53,noise
6399487367347,6395137959873,T572,27.3,Elena Mehta,2025-08-10 18:21:21,noise
6399487367347,6397277321210,T572,8.4,Elena Mehta,2025-08-09 14:05:44,noise
6399487367347,6392517116618,T572,14.4,Elena Mehta,2025-08-09 08:11:45,noise
6399487367347,6397277321210,T572,7.6,Elena Mehta,2025-08-09 10:25:40,noise
6399487367347,6397775259023,T342,44.2,Elena Mehta,2025-08-08 19:07:12,noise
6399487367347,6392951962632,T342,72.7,Elena Mehta,2025-08-08 10:15:15,noise
6399487367347,6397277321210,T342,6.9,Elena Mehta,2025-08-07 10:07:15,noise
6399487367347,6395657768886,T342,4.9,Elena Mehta,2025-08-07 05:11:11,noise
6399487367347,6395137959873,T342,36.8,Elena Mehta,2025-08-07 12:02:17,noise
6399487367347,6397277321210,T572,9.2,Elena Mehta,2025-08-06 05:30:21,noise
6399487367347,6397277321210,T572,46.4,Elena Mehta,2025-08-05 21:17:13,noise
6399487367347,6395137959873,T342,47.8,Elena Mehta,2025-08-05 18:16:14,noise
6399487367347,6395137959873,T572,8.2,Elena Mehta,2025-08-04 21:09:03,noise
6399487367347,6397277321210,T342,25.8,Elena Mehta,2025-08-04 23:04:00,noise
6397207416529,6399877395358,T798,11.1,Mara Bakker,2025-10-18 23:24:28,noise
6397207416529,6397959529190,T517,5.8,Mara Bakker,2025-10-18 10:23:22,noise
6397207416529,6393134974031,T517,21.5,Mara Bakker,2025-10-17 19:12:37,noise
6397207416529,6397959529190,T798,5.5,Mara Bakker,2025-10-17 15:08:15,noise
6397207416529,6397959529190,T517,17.2,Mara Bakker,2025-10-16 09:06:04,noise
6397207416529,6397473500175,T517,18.0,Mara Bakker,2025-10-16 09:05:20,noise
6397207416529,6393625636545,T517,7.5,Mara Bakker,2025-10-16 08:06:26,noise
6397207416529,6399696031872,T517,5.8,Mara Bakker,2025-10-15 08:20:59,noise
6397207416529,6397959529190,T517,8.9,Mara Bakker,2025-10-15 12:11:59,noise
6397207416529,6393625636545,T517,35.5,Mara Bakker,2025-10-14 03:04:54,noise
6397207416529,6397959529190,T798,43.2,Mara Bakker,2025-10-14 20:20:00,noise
6397207416529,6397959529190,T798,1.3,Mara Bakker,2025-10-13 08:21:55,noise
6397207416529,6399096359352,T517,28.8,Mara Bakker,2025-10-12 19:15:45,noise
6397207416529,6398673272758,T517,72.5,Mara Bakker,2025-10-12 10:18:11,noise
6397207416529,6391577055581,T798,9.5,Mara Bakker,2025-10-12 15:18:35,noise
6397207416529,6391051330112,T517,7.4,Mara Bakker,2025-10-11 19:13:25,noise
6397207416529,6397959529190,T798,18.5,Mara Bakker,2025-10-11 16:00:33,noise
6397207416529,6393625636545,T798,17.4,Mara Bakker,2025-10-11 21:20:19,noise
6397207416529,6397959529190,T798,10.9,Mara Bakker,2025-10-10 12:07:14,noise
6397207416529,6393625636545,T517,26.5,Mara Bakker,2025-10-10 18:09:20,noise
6397207416529,6393625636545,T517,15.9,Mara Bakker,2025-10-09 13:10:10,noise
6397207416529,6397982198732,T517,28.2,Mara Bakker,2025-10-09 20:22:21,noise
6397207416529,6397479516078,T517,6.5,Mara Bakker,2025-10-08 21:30:48,noise
6397207416529,6395588265198,T517,9.8,Mara Bakker,2025-10-07 10:29:43,noise
6397207416529,6397266186506,T517,40.4,Mara Bakker,2025-10-07 14:01:44,noise
6397207416529,6393062613059,T517,37.8,Mara Bakker,2025-10-07 16:30:16,noise
6397207416529,6393062613059,T517,17.8,Mara Bakker,2025-10-06 15:13:16,noise
6397207416529,6393062613059,T517,6.2,Mara Bakker,2025-10-05 17:07:58,noise
6397207416529,6395535962322,T798,9.9,Mara Bakker,2025-10-05 13:06:08,noise
6397207416529,6399804243491,T798,21.7,Mara Bakker,2025-10-04 22:12:07,noise
6397207416529,6397982198732,T517,32.7,Mara Bakker,2025-10-04 18:26:10,noise
6397207416529,6393062613059,T798,11.8,Mara Bakker,2025-10-03 19:17:42,noise
6397207416529,6397922188789,T798,22.4,Mara Bakker,2025-10-03 13:26:26,noise
6397207416529,6393062613059,T798,23.2,Mara Bakker,2025-10-02 18:22:26,noise
6397207416529,6391282991519,T798,6.4,Mara Bakker,2025-10-02 19:14:36,noise
6397207416529,6397959529190,T517,7.5,Mara Bakker,2025-10-02 08:11:48,noise
6397207416529,6393062613059,T798,9.7,Mara Bakker,2025-10-01 15:03:48,noise
6397207416529,6396393488216,T517,9.9,Mara Bakker,2025-10-01 13:04:51,noise
6397207416529,6393062613059,T798,25.1,Mara Bakker,2025-10-01 19:24:04,noise
6397207416529,6395682267963,T798,19.0,Mara Bakker,2025-09-30 17:25:21,noise
6397207416529,6397959529190,T517,20.8,Mara Bakker,2025-09-30 18:08:44,noise
6397207416529,6393062613059,T798,31.8,Mara Bakker,2025-09-30 16:21:57,noise
6397207416529,6391282991519,T517,31.0,Mara Bakker,2025-09-29 13:04:43,noise
6397207416529,6396726642544,T798,9.8,Mara Bakker,2025-09-29 12:05:45,noise
6397207416529,6395657768886,T517,17.0,Mara Bakker,2025-09-29 02:21:32,noise
6397207416529,6394137438800,T517,6.5,Mara Bakker,2025-09-28 18:20:29,noise
6397207416529,6393625636545,T798,33.1,Mara Bakker,2025-09-28 01:23:47,noise
6397207416529,6393062613059,T517,23.4,Mara Bakker,2025-09-27 17:00:48,noise
6397207416529,6397479516078,T517,66.1,Mara Bakker,2025-09-27 17:25:14,noise
6397207416529,6397959529190,T798,38.0,Mara Bakker,2025-09-26 13:01:28,noise
6397207416529,6393625636545,T798,8.9,Mara Bakker,2025-09-26 16:25:47,noise
6397207416529,6393625636545,T798,30.8,Mara Bakker,2025-09-26 21:04:45,noise
6397207416529,6392027898005,T798,11.0,Mara Bakker,2025-09-25 04:07:13,noise
6397207416529,6393625636545,T517,23.9,Mara Bakker,2025-09-25 11:18:17,noise
6397207416529,6393062613059,T517,15.5,Mara Bakker,2025-09-24 09:10:13,noise
6397207416529,6397959529190,T517,6.7,Mara Bakker,2025-09-24 03:30:39,noise
6397207416529,6397959529190,T798,56.5,Mara Bakker,2025-09-24 20:01:02,noise
6397207416529,6397266186506,T517,40.8,Mara Bakker,2025-09-23 00:08:57,noise
6397207416529,6391392356697,T517,21.2,Mara Bakker,2025-09-23 18:19:10,noise
6397207416529,6395799070967,T517,15.8,Mara Bakker,2025-09-22 10:29:46,noise
6397207416529,6392237426063,T798,35.4,Mara Bakker,2025-09-22 20:27:38,noise
6397207416529,6393062613059,T517,15.4,Mara Bakker,2025-09-21 04:20:15,noise
6397207416529,6397959529190,T517,22.7,Mara Bakker,2025-09-21 08:10:29,noise
6397207416529,6393062613059,T517,28.1,Mara Bakker,2025-09-20 10:04:39,noise
6397207416529,6393625636545,T798,30.8,Mara Bakker,2025-09-20 03:27:50,noise
6397207416529,6393062613059,T517,63.3,Mara Bakker,2025-09-19 09:02:00,noise
6397207416529,6398525827157,T517,9.1,Mara Bakker,2025-09-19 05:17:07,noise
6397207416529,6393062613059,T798,13.2,Mara Bakker,2025-09-18 17:18:20,noise
6397207416529,6391877128212,T517,68.4,Mara Bakker,2025-09-18 14:11:29,noise
6397207416529,6397959529190,T517,27.0,Mara Bakker,2025-09-17 20:01:33,noise
6397207416529,6395137959873,T517,13.8,Mara Bakker,2025-09-17 18:05:48,noise
6397207416529,6393134974031,T517,7.0,Mara Bakker,2025-09-17 20:19:45,noise
6397207416529,6396447956284,T798,13.9,Mara Bakker,2025-09-16 14:23:07,noise
6397207416529,6396526010278,T798,5.1,Mara Bakker,2025-09-16 22:10:03,noise
6397207416529,6397959529190,T798,14.8,Mara Bakker,2025-09-15 11:24:23,noise
6397207416529,6396198739962,T517,21.7,Mara Bakker,2025-09-15 09:07:46,noise
6397207416529,6397959529190,T517,21.2,Mara Bakker,2025-09-14 23:01:24,noise
6397207416529,6391392356697,T517,7.7,Mara Bakker,2025-09-14 21:19:04,noise
6397207416529,6393625636545,T517,34.1,Mara Bakker,2025-09-13 15:19:46,noise
6397207416529,6393625636545,T517,12.3,Mara Bakker,2025-09-13 11:22:37,noise
6397207416529,6393625636545,T517,30.9,Mara Bakker,2025-09-13 12:19:11,noise
6397207416529,6397959529190,T798,17.6,Mara Bakker,2025-09-12 13:18:40,noise
6397207416529,6397959529190,T517,24.4,Mara Bakker,2025-09-12 11:09:28,noise
6397207416529,6393625636545,T798,17.4,Mara Bakker,2025-09-11 11:19:58,noise
6397207416529,6397959529190,T517,14.1,Mara Bakker,2025-09-11 22:07:03,noise
6397207416529,6397959529190,T798,11.7,Mara Bakker,2025-09-10 18:15:30,noise
6397207416529,6393062613059,T798,27.5,Mara Bakker,2025-09-10 10:20:37,noise
6397207416529,6397959529190,T798,9.6,Mara Bakker,2025-09-09 08:05:34,noise
6397207416529,6393625636545,T798,23.3,Mara Bakker,2025-09-09 14:01:31,noise
6397207416529,6393062613059,T798,24.0,Mara Bakker,2025-09-08 21:05:08,noise
6397207416529,6397959529190,T517,12.9,Mara Bakker,2025-09-08 05:12:06,noise
6397207416529,6393062613059,T517,74.5,Mara Bakker,2025-09-07 21:30:35,noise
6397207416529,6391171674512,T517,14.8,Mara Bakker,2025-09-07 03:22:05,noise
6397207416529,6395534105475,T517,4.8,Mara Bakker,2025-09-07 19:19:26,noise
6397207416529,6393062613059,T517,24.2,Mara Bakker,2025-09-06 13:07:20,noise
6397207416529,6397959529190,T517,3.9,Mara Bakker,2025-09-05 13:16:47,noise
6397207416529,6397959529190,T517,4.0,Mara Bakker,2025-09-05 15:12:37,noise
6397207416529,6393625636545,T798,22.9,Mara Bakker,2025-09-04 11:04:26,noise
6397207416529,6393062613059,T517,20.3,Mara Bakker,2025-09-04 20:11:18,noise
6397207416529,6393134974031,T517,16.8,Mara Bakker,2025-09-03 02:13:06,noise
6397207416529,6397156535284,T517,9.1,Mara Bakker,2025-09-03 11:00:13,noise
6397207416529,6393625636545,T517,4.9,Mara Bakker,2025-09-02 17:21:39,noise
6397207416529,6393625636545,T517,14.8,Mara Bakker,2025-09-02 15:08:23,noise
6397207416529,6398069375909,T798,17.3,Mara Bakker,2025-09-01 15:19:43,noise
6397207416529,6397959529190,T517,5.3,Mara Bakker,2025-08-31 15:23:52,noise
6397207416529,6393625636545,T798,17.1,Mara Bakker,2025-08-31 12:02:39,noise
6397207416529,6394573060920,T517,21.2,Mara Bakker,2025-08-30 08:30:26,noise
6397207416529,6395137959873,T798,7.2,Mara Bakker,2025-08-30 02:08:46,noise
6397207416529,6397982198732,T517,21.7,Mara Bakker,2025-08-30 03:08:23,noise
6397207416529,6393625636545,T517,13.0,Mara Bakker,2025-08-29 18:26:02,noise
6397207416529,6397959529190,T798,17.7,Mara Bakker,2025-08-29 12:01:05,noise
6397207416529,6398085325274,T517,24.5,Mara Bakker,2025-08-29 23:04:38,noise
6397207416529,6393062613059,T517,18.6,Mara Bakker,2025-08-28 22:28:35,noise
6397207416529,6392761010721,T798,18.1,Mara Bakker,2025-08-28 17:19:45,noise
6397207416529,6399877395358,T517,5.6,Mara Bakker,2025-08-27 20:07:33,noise
6397207416529,6393625636545,T517,15.1,Mara Bakker,2025-08-26 17:27:43,noise
6397207416529,6393625636545,T517,15.8,Mara Bakker,2025-08-26 15:18:31,noise
6397207416529,6393625636545,T798,31.1,Mara Bakker,2025-08-25 11:13:28,noise
6397207416529,6393062613059,T517,38.5,Mara Bakker,2025-08-25 15:25:17,noise
6397207416529,6393062613059,T517,6.1,Mara Bakker,2025-08-25 15:20:57,noise
6397207416529,6393625636545,T517,12.1,Mara Bakker,2025-08-24 10:28:08,noise
6397207416529,6397959529190,T517,19.9,Mara Bakker,2025-08-24 10:27:27,noise
6397207416529,6393062613059,T517,14.4,Mara Bakker,2025-08-23 09:18:16,noise
6397207416529,6397959529190,T798,68.6,Mara Bakker,2025-08-23 08:03:38,noise
6397207416529,6393625636545,T517,8.8,Mara Bakker,2025-08-23 17:16:32,noise
6397207416529,6395324391443,T517,7.2,Mara Bakker,2025-08-22 19:21:38,noise
6397207416529,6397473530031,T517,24.4,Mara Bakker,2025-08-21 08:15:19,noise
6397207416529,6399241777448,T517,5.1,Mara Bakker,2025-08-21 14:04:45,noise
6397207416529,6393625636545,T798,27.7,Mara Bakker,2025-08-21 19:30:21,noise
6397207416529,6398095030730,T517,11.5,Mara Bakker,2025-08-20 09:19:42,noise
6397207416529,6395453540079,T517,8.9,Mara Bakker,2025-08-20 15:09:29,noise
6397207416529,6393869319540,T517,41.6,Mara Bakker,2025-08-19 19:13:49,noise
6397207416529,6396109116629,T517,28.4,Mara Bakker,2025-08-19 23:10:05,noise
6397207416529,6394711330962,T517,24.1,Mara Bakker,2025-08-18 12:12:57,noise
6397207416529,6392322072341,T798,34.7,Mara Bakker,2025-08-18 18:22:40,noise
6397207416529,6393625636545,T517,86.5,Mara Bakker,2025-08-18 11:16:32,noise
6397207416529,6392237426063,T517,18.0,Mara Bakker,2025-08-17 19:11:17,noise
6397207416529,6393062613059,T517,8.3,Mara Bakker,2025-08-17 12:06:43,noise
6397207416529,6393062613059,T517,24.0,Mara Bakker,2025-08-16 08:08:12,noise
6397207416529,6393625636545,T798,38.3,Mara Bakker,2025-08-16 10:19:18,noise
6397207416529,6393625636545,T798,6.1,Mara Bakker,2025-08-16 08:26:32,noise
6397207416529,6396042155722,T517,17.8,Mara Bakker,2025-08-15 08:06:26,noise
6397207416529,6393625636545,T517,13.3,Mara Bakker,2025-08-15 15:17:06,noise
6397207416529,6397959529190,T517,69.3,Mara Bakker,2025-08-14 19:21:38,noise
6397207416529,6393062613059,T517,30.8,Mara Bakker,2025-08-13 23:10:38,noise
6397207416529,6393062613059,T517,10.2,Mara Bakker,2025-08-13 12:15:44,noise
6397207416529,6393625636545,T517,39.6,Mara Bakker,2025-08-12 20:03:29,noise
6397207416529,6399836144770,T517,14.6,Mara Bakker,2025-08-12 19:11:59,noise
6397207416529,6393625636545,T517,4.4,Mara Bakker,2025-08-12 09:27:29,noise
6397207416529,6393625636545,T517,25.0,Mara Bakker,2025-08-11 19:23:37,noise
6397207416529,6393736660443,T798,10.0,Mara Bakker,2025-08-11 20:05:45,noise
6397207416529,6393062613059,T517,16.8,Mara Bakker,2025-08-11 18:02:18,noise
6397207416529,6396042155722,T798,3.2,Mara Bakker,2025-08-10 20:08:39,noise
6397207416529,6397959529190,T517,48.0,Mara Bakker,2025-08-09 20:22:53,noise
6397207416529,6397959529190,T517,4.0,Mara Bakker,2025-08-08 14:23:30,noise
6397207416529,6395324391443,T517,4.1,Mara Bakker,2025-08-07 23:01:30,noise
6397207416529,6394513051861,T517,24.2,Mara Bakker,2025-08-06 10:14:59,noise
6397207416529,6393062613059,T517,16.2,Mara Bakker,2025-08-06 14:25:14,noise
6397207416529,6393625636545,T517,8.3,Mara Bakker,2025-08-05 14:16:35,noise
6397207416529,6397959529190,T798,13.7,Mara Bakker,2025-08-05 12:06:34,noise
6397207416529,6393062613059,T517,33.0,Mara Bakker,2025-08-04 10:05:13,noise
6397207416529,6393062613059,T517,5.2,Mara Bakker,2025-08-04 00:05:50,noise
6395136375863,6398095030730,T325,15.4,Ben Fischer,2025-10-18 20:17:39,noise
6395136375863,6398095030730,T722,46.9,Ben Fischer,2025-10-18 00:02:57,noise
6395136375863,6395657768886,T722,30.0,Ben Fischer,2025-10-18 16:21:01,noise
6395136375863,6398095030730,T722,22.3,Ben Fischer,2025-10-17 13:12:13,noise
6395136375863,6397102194949,T325,15.3,Ben Fischer,2025-10-17 14:15:20,noise
6395136375863,6397102194949,T722,18.5,Ben Fischer,2025-10-17 15:08:09,noise
6395136375863,6395657768886,T325,9.7,Ben Fischer,2025-10-16 00:23:25,noise
6395136375863,6398095030730,T325,69.1,Ben Fischer,2025-10-16 17:15:47,noise
6395136375863,6395657768886,T722,4.7,Ben Fischer,2025-10-16 13:05:37,noise
6395136375863,6395657768886,T722,5.7,Ben Fischer,2025-10-15 08:14:06,noise
6395136375863,6398095030730,T325,17.8,Ben Fischer,2025-10-15 00:23:32,noise
6395136375863,6396726642544,T722,19.9,Ben Fischer,2025-10-15 10:28:04,noise
6395136375863,6391167752063,T722,8.1,Ben Fischer,2025-10-14 15:01:32,noise
6395136375863,6398095030730,T722,13.8,Ben Fischer,2025-10-14 17:03:06,noise
6395136375863,6393825956914,T325,44.3,Ben Fischer,2025-10-14 11:25:55,noise
6395136375863,6395657768886,T722,36.5,Ben Fischer,2025-10-13 20:14:31,noise
6395136375863,6395657768886,T722,16.5,Ben Fischer,2025-10-12 17:16:04,noise
6395136375863,6395657768886,T722,11.4,Ben Fischer,2025-10-12 19:24:51,noise
6395136375863,6395682267963,T722,80.9,Ben Fischer,2025-10-12 16:10:09,noise
6395136375863,6398095030730,T325,40.7,Ben Fischer,2025-10-11 16:09:49,noise
6395136375863,6395657768886,T722,13.8,Ben Fischer,2025-10-10 16:06:25,noise
6395136375863,6397102194949,T722,24.5,Ben Fischer,2025-10-09 19:12:36,noise
6395136375863,6395657768886,T325,12.6,Ben Fischer,2025-10-09 20:11:24,noise
6395136375863,6395534105475,T722,22.3,Ben Fischer,2025-10-08 20:00:56,noise
6395136375863,6398095030730,T722,5.7,Ben Fischer,2025-10-08 23:24:25,noise
6395136375863,6397959529190,T325,20.8,Ben Fischer,2025-10-08 19:11:09,noise
6395136375863,6397102194949,T325,6.7,Ben Fischer,2025-10-07 00:20:12,noise
6395136375863,6395657768886,T325,21.5,Ben Fischer,2025-10-06 01:30:06,noise
6395136375863,6398095030730,T722,17.6,Ben Fischer,2025-10-06 03:27:53,noise
6395136375863,6398095030730,T722,24.0,Ben Fischer,2025-10-05 15:28:16,noise
6395136375863,6392761010721,T722,42.0,Ben Fischer,2025-10-04 12:13:07,noise
6395136375863,6391494838799,T722,62.3,Ben Fischer,2025-10-04 03:03:07,noise
6395136375863,6398415249661,T722,20.1,Ben Fischer,2025-10-03 10:12:48,noise
6395136375863,6397102194949,T722,29.2,Ben Fischer,2025-10-03 16:01:35,noise
6395136375863,6398095030730,T722,10.6,Ben Fischer,2025-10-02 20:30:52,noise
6395136375863,6396042155722,T325,15.3,Ben Fischer,2025-10-01 18:24:09,noise
6395136375863,6395657768886,T722,47.9,Ben Fischer,2025-10-01 10:28:12,noise
6395136375863,6397102194949,T722,27.8,Ben Fischer,2025-09-30 10:00:02,noise
6395136375863,6393004154125,T722,18.5,Ben Fischer,2025-09-29 20:08:55,noise
6395136375863,6395657768886,T722,31.7,Ben Fischer,2025-09-29 16:21:34,noise
6395136375863,6398095030730,T722,27.0,Ben Fischer,2025-09-28 22:19:06,noise
6395136375863,6395657768886,T722,22.5,Ben Fischer,2025-09-28 10:08:06,noise
6395136375863,6397172010892,T722,13.3,Ben Fischer,2025-09-27 11:05:02,noise
6395136375863,6391494838799,T722,17.0,Ben Fischer,2025-09-27 18:14:24,noise
6395136375863,6398095030730,T722,13.0,Ben Fischer,2025-09-26 03:30:16,noise
6395136375863,6397102194949,T722,9.0,Ben Fischer,2025-09-25 11:12:04,noise
6395136375863,6395657768886,T325,53.2,Ben Fischer,2025-09-25 02:14:40,noise
6395136375863,6399487367347,T325,31.0,Ben Fischer,2025-09-24 10:03:48,noise
6395136375863,6398095030730,T325,12.6,Ben Fischer,2025-09-24 00:25:33,noise
6395136375863,6397982198732,T722,21.9,Ben Fischer,2025-09-23 15:21:45,noise
6395136375863,6398095030730,T325,68.9,Ben Fischer,2025-09-23 13:20:48,noise
6395136375863,6393591747444,T722,8.7,Ben Fischer,2025-09-23 04:19:51,noise
6395136375863,6397102194949,T325,18.2,Ben Fischer,2025-09-22 10:13:41,noise
6395136375863,6398595696705,T722,45.1,Ben Fischer,2025-09-21 02:04:28,noise
6395136375863,6396393488216,T722,10.1,Ben Fischer,2025-09-21 17:03:56,noise
6395136375863,6399241777448,T722,29.5,Ben Fischer,2025-09-20 14:05:25,noise
6395136375863,6398095030730,T722,26.2,Ben Fischer,2025-09-20 08:16:54,noise
6395136375863,6397102194949,T325,50.4,Ben Fischer,2025-09-19 13:03:23,noise
6395136375863,6398095030730,T722,13.5,Ben Fischer,2025-09-19 08:29:51,noise
6395136375863,6397102194949,T722,21.5,Ben Fischer,2025-09-18 11:21:10,noise
6395136375863,6398095030730,T325,43.1,Ben Fischer,2025-09-17 19:00:59,noise
6395136375863,6396109116629,T722,40.6,Ben Fischer,2025-09-17 18:02:37,noise
6395136375863,6398095030730,T722,12.8,Ben Fischer,2025-09-16 19:14:17,noise
6395136375863,6397102194949,T722,24.9,Ben Fischer,2025-09-16 15:30:06,noise
6395136375863,6397102194949,T325,15.7,Ben Fischer,2025-09-16 11:24:26,noise
6395136375863,6399003402039,T325,9.4,Ben Fischer,2025-09-15 23:26:06,noise
6395136375863,6395657768886,T325,8.0,Ben Fischer,2025-09-15 17:04:05,noise
6395136375863,6398095030730,T325,34.3,Ben Fischer,2025-09-14 01:26:02,noise
6395136375863,6395657768886,T722,28.7,Ben Fischer,2025-09-14 15:15:05,noise
6395136375863,6395657768886,T722,7.5,Ben Fischer,2025-09-13 17:10:33,noise
6395136375863,6396447956284,T722,7.4,Ben Fischer,2025-09-13 14:11:12,noise
6395136375863,6392375347403,T722,32.3,Ben Fischer,2025-09-12 15:21:17,noise
6395136375863,6397102194949,T325,8.5,Ben Fischer,2025-09-12 15:30:02,noise
6395136375863,6397102194949,T722,11.3,Ben Fischer,2025-09-11 13:30:29,noise
6395136375863,6397102194949,T325,9.2,Ben Fischer,2025-09-11 18:06:25,noise
6395136375863,6398095030730,T722,11.8,Ben Fischer,2025-09-11 15:03:28,noise
6395136375863,6398095030730,T325,17.7,Ben Fischer,2025-09-10 18:09:40,noise
6395136375863,6398095030730,T722,14.5,Ben Fischer,2025-09-10 16:22:08,noise
6395136375863,6398095030730,T325,7.4,Ben Fischer,2025-09-09 17:17:27,noise
6395136375863,6398095030730,T722,18.4,Ben Fischer,2025-09-09 03:06:35,noise
6395136375863,6393825956914,T325,11.2,Ben Fischer,2025-09-08 16:07:25,noise
6395136375863,6397102194949,T722,51.8,Ben Fischer,2025-09-07 18:01:51,noise
6395136375863,6397102194949,T722,17.8,Ben Fischer,2025-09-06 03:26:50,noise
6395136375863,6395799070967,T722,19.2,Ben Fischer,2025-09-06 17:06:38,noise
6395136375863,6395657768886,T722,8.2,Ben Fischer,2025-09-05 20:18:08,noise
6395136375863,6394372750872,T325,12.6,Ben Fischer,2025-09-05 12:17:12,noise
6395136375863,6397959529190,T722,38.6,Ben Fischer,2025-09-05 10:22:36,noise
6395136375863,6391167752063,T722,9.0,Ben Fischer,2025-09-04 18:15:39,noise
6395136375863,6398095030730,T325,16.4,Ben Fischer,2025-09-03 15:25:25,noise
6395136375863,6397102194949,T325,9.2,Ben Fischer,2025-09-03 14:12:46,noise
6395136375863,6398095030730,T325,18.1,Ben Fischer,2025-09-02 09:08:12,noise
6395136375863,6398095030730,T722,7.4,Ben Fischer,2025-09-02 15:07:04,noise
6395136375863,6395657768886,T722,15.0,Ben Fischer,2025-09-01 03:06:26,noise
6395136375863,6398095030730,T722,10.1,Ben Fischer,2025-08-31 16:08:39,noise
6395136375863,6397761210582,T722,6.7,Ben Fischer,2025-08-31 16:24:55,noise
6395136375863,6395657768886,T325,9.8,Ben Fischer,2025-08-30 20:26:31,noise
6395136375863,6395657768886,T722,11.1,Ben Fischer,2025-08-29 18:01:35,noise
6395136375863,6397326243787,T722,27.1,Ben Fischer,2025-08-29 12:07:10,noise
6395136375863,6395657768886,T325,24.6,Ben Fischer,2025-08-28 17:13:29,noise
6395136375863,6397102194949,T722,18.9,Ben Fischer,2025-08-27 13:07:42,noise
6395136375863,6397102194949,T722,44.9,Ben Fischer,2025-08-27 18:24:10,noise
6395136375863,6397102194949,T325,19.6,Ben Fischer,2025-08-27 11:11:43,noise
6395136375863,6398095030730,T722,39.5,Ben Fischer,2025-08-26 10:17:02,noise
6395136375863,6395657768886,T722,2.6,Ben Fischer,2025-08-25 17:15:21,noise
6395136375863,6395933083562,T722,17.6,Ben Fischer,2025-08-25 09:28:07,noise
6395136375863,6398095030730,T325,30.9,Ben Fischer,2025-08-24 20:03:17,noise
6395136375863,6398525827157,T722,16.0,Ben Fischer,2025-08-24 08:07:16,noise
6395136375863,6397102194949,T722,14.7,Ben Fischer,2025-08-23 10:17:14,noise
6395136375863,6397102194949,T325,73.6,Ben Fischer,2025-08-23 15:08:16,noise
6395136375863,6395657768886,T722,12.6,Ben Fischer,2025-08-23 16:19:45,noise
6395136375863,6395657768886,T722,18.6,Ben Fischer,2025-08-22 17:14:05,noise
6395136375863,6396393488216,T325,97.1,Ben Fischer,2025-08-22 19:04:01,noise
6395136375863,6398673272758,T325,12.0,Ben Fischer,2025-08-21 23:12:37,noise
6395136375863,6397102194949,T325,8.5,Ben Fischer,2025-08-21 21:28:48,noise
6395136375863,6394508672370,T325,22.0,Ben Fischer,2025-08-20 23:29:58,noise
6395136375863,6395657768886,T325,5.6,Ben Fischer,2025-08-20 14:03:09,noise
6395136375863,6398095030730,T722,14.0,Ben Fischer,2025-08-19 21:28:42,noise
6395136375863,6397102194949,T325,15.5,Ben Fischer,2025-08-18 01:13:41,noise
6395136375863,6395657768886,T722,3.2,Ben Fischer,2025-08-17 20:20:48,noise
6395136375863,6397922188789,T722,14.9,Ben Fischer,2025-08-17 11:25:12,noise
6395136375863,6398095030730,T325,33.4,Ben Fischer,2025-08-16 03:05:58,noise
6395136375863,6398095030730,T722,21.8,Ben Fischer,2025-08-16 16:00:26,noise
6395136375863,6395657768886,T325,11.4,Ben Fischer,2025-08-15 16:15:54,noise
6395136375863,6398095030730,T722,11.1,Ben Fischer,2025-08-14 09:25:05,noise
6395136375863,6392705348834,T722,82.7,Ben Fischer,2025-08-14 18:12:56,noise
6395136375863,6398085325274,T722,18.7,Ben Fischer,2025-08-14 10:25:39,noise
6395136375863,6398095030730,T722,15.7,Ben Fischer,2025-08-13 14:23:48,noise
6395136375863,6395588239969,T722,18.9,Ben Fischer,2025-08-13 12:14:15,noise
6395136375863,6395657768886,T722,9.5,Ben Fischer,2025-08-12 09:11:58,noise
6395136375863,6394856722505,T722,15.0,Ben Fischer,2025-08-12 20:08:39,noise
6395136375863,6398095030730,T722,10.7,Ben Fischer,2025-08-12 02:23:37,noise
6395136375863,6397959529190,T722,7.4,Ben Fischer,2025-08-11 12:01:48,noise
6395136375863,6391302712293,T325,12.5,Ben Fischer,2025-08-11 11:22:01,noise
6395136375863,6397473500175,T722,3.3,Ben Fischer,2025-08-11 10:30:41,noise
6395136375863,6395657768886,T722,19.7,Ben Fischer,2025-08-10 10:06:28,noise
6395136375863,6395657768886,T722,5.6,Ben Fischer,2025-08-09 00:27:57,noise
6395136375863,6397102194949,T722,12.2,Ben Fischer,2025-08-09 11:10:40,noise
6395136375863,6397102194949,T722,14.5,Ben Fischer,2025-08-08 16:06:54,noise
6395136375863,6395657768886,T722,9.5,Ben Fischer,2025-08-08 00:11:39,noise
6395136375863,6395588265198,T722,12.2,Ben Fischer,2025-08-08 17:28:39,noise
6395136375863,6395657768886,T722,9.0,Ben Fischer,2025-08-07 17:11:32,noise
6395136375863,6395657768886,T722,16.6,Ben Fischer,2025-08-07 04:11:15,noise
6395136375863,6395657768886,T325,6.1,Ben Fischer,2025-08-07 17:02:47,noise
6395136375863,6399003402039,T722,9.9,Ben Fischer,2025-08-06 09:02:26,noise
6395136375863,6397761210582,T325,32.1,Ben Fischer,2025-08-06 18:08:53,noise
6395136375863,6398095030730,T325,14.0,Ben Fischer,2025-08-06 22:13:51,noise
6395136375863,6399487367347,T325,5.3,Ben Fischer,2025-08-05 15:10:47,noise
6395136375863,6398095030730,T722,18.5,Ben Fischer,2025-08-05 11:27:59,noise
6395136375863,6393608254537,T722,15.8,Ben Fischer,2025-08-05 15:16:37,noise
6395136375863,6397102194949,T325,59.3,Ben Fischer,2025-08-04 14:09:11,noise
6395136375863,6397102194949,T722,39.3,Ben Fischer,2025-08-04 14:11:58,noise
6397645850299,6398087251603,T891,24.2,Uma Tanaka,2025-10-18 13:15:49,noise
6397645850299,6398087251603,T284,11.1,Uma Tanaka,2025-10-18 20:16:45,noise
6397645850299,6397326243787,T284,38.7,Uma Tanaka,2025-10-17 10:15:59,noise
6397645850299,6393825956914,T891,13.5,Uma Tanaka,2025-10-16 02:05:46,noise
6397645850299,6398087251603,T891,15.1,Uma Tanaka,2025-10-16 08:29:21,noise
6397645850299,6396625936508,T891,13.4,Uma Tanaka,2025-10-15 13:23:04,noise
6397645850299,6398087251603,T284,26.0,Uma Tanaka,2025-10-14 16:09:38,noise
6397645850299,6393332370721,T891,71.1,Uma Tanaka,2025-10-14 21:00:43,noise
6397645850299,6397326243787,T891,15.9,Uma Tanaka,2025-10-14 20:18:41,noise
6397645850299,6392464364634,T891,5.3,Uma Tanaka,2025-10-13 14:26:27,noise
6397645850299,6396726642544,T891,152.8,Uma Tanaka,2025-10-13 21:20:16,noise
6397645850299,6395682267963,T284,7.4,Uma Tanaka,2025-10-12 08:22:00,noise
6397645850299,6396116554141,T891,14.3,Uma Tanaka,2025-10-12 11:07:19,noise
6397645850299,6392464364634,T891,9.3,Uma Tanaka,2025-10-11 23:03:04,noise
6397645850299,6392464364634,T891,12.0,Uma Tanaka,2025-10-11 10:12:13,noise
6397645850299,6399085717386,T891,5.9,Uma Tanaka,2025-10-10 09:13:43,noise
6397645850299,6398087251603,T891,33.3,Uma Tanaka,2025-10-10 12:05:36,noise
6397645850299,6395799070967,T891,7.5,Uma Tanaka,2025-10-09 22:14:59,noise
6397645850299,6393591747444,T284,15.2,Uma Tanaka,2025-10-09 22:18:09,noise
6397645850299,6392953177733,T284,28.2,Uma Tanaka,2025-10-08 08:29:28,noise
6397645850299,6394372750872,T284,24.0,Uma Tanaka,2025-10-08 21:11:28,noise
6397645850299,6395933083562,T891,16.7,Uma Tanaka,2025-10-08 22:21:39,noise
6397645850299,6392788177179,T891,14.1,Uma Tanaka,2025-10-07 19:27:17,noise
6397645850299,6396447956284,T284,43.6,Uma Tanaka,2025-10-06 08:12:35,noise
6397645850299,6398595696705,T891,44.1,Uma Tanaka,2025-10-06 16:27:46,noise
6397645850299,6395799070967,T284,21.0,Uma Tanaka,2025-10-06 21:26:51,noise
6397645850299,6392464364634,T891,18.2,Uma Tanaka,2025-10-05 08:06:31,noise
6397645850299,6397277321210,T891,9.4,Uma Tanaka,2025-10-05 15:10:52,noise
6397645850299,6392464364634,T891,28.8,Uma Tanaka,2025-10-05 09:07:55,noise
6397645850299,6393694731514,T891,27.3,Uma Tanaka,2025-10-04 11:19:03,noise
6397645850299,6395799070967,T891,13.4,Uma Tanaka,2025-10-04 16:21:11,noise
6397645850299,6398087251603,T284,11.1,Uma Tanaka,2025-10-04 15:27:56,noise
6397645850299,6395682267963,T891,4.7,Uma Tanaka,2025-10-03 18:20:42,noise
6397645850299,6392464364634,T284,17.6,Uma Tanaka,2025-10-03 12:09:37,noise
6397645850299,6398087251603,T891,8.2,Uma Tanaka,2025-10-02 22:24:34,noise
6397645850299,6395588265198,T891,16.8,Uma Tanaka,2025-10-02 21:09:40,noise
6397645850299,6398087251603,T284,5.1,Uma Tanaka,2025-10-02 18:06:14,noise
6397645850299,6392464364634,T891,27.4,Uma Tanaka,2025-10-01 17:02:01,noise
6397645850299,6392464364634,T284,18.9,Uma Tanaka,2025-09-30 12:30:22,noise
6397645850299,6397326243787,T284,9.7,Uma Tanaka,2025-09-30 09:18:12,noise
6397645850299,6392464364634,T891,16.0,Uma Tanaka,2025-09-29 12:28:52,noise
6397645850299,6392464364634,T284,6.9,Uma Tanaka,2025-09-29 10:28:18,noise
6397645850299,6397959529190,T891,18.9,Uma Tanaka,2025-09-29 21:08:12,noise
6397645850299,6398087251603,T284,18.6,Uma Tanaka,2025-09-28 19:23:34,noise
6397645850299,6392464364634,T284,9.4,Uma Tanaka,2025-09-28 03:03:03,noise
6397645850299,6398087251603,T284,28.4,Uma Tanaka,2025-09-28 17:10:02,noise
6397645850299,6398087251603,T891,10.9,Uma Tanaka,2025-09-27 16:08:30,noise
6397645850299,6398087251603,T891,12.5,Uma Tanaka,2025-09-27 13:27:10,noise
6397645850299,6399877395358,T891,5.3,Uma Tanaka,2025-09-27 13:26:50,noise
6397645850299,6398087251603,T284,15.0,Uma Tanaka,2025-09-26 19:09:54,noise
6397645850299,6398087251603,T284,33.0,Uma Tanaka,2025-09-26 13:20:21,noise
6397645850299,6392464364634,T284,5.8,Uma Tanaka,2025-09-26 13:13:37,noise
6397645850299,6397207416529,T891,31.1,Uma Tanaka,2025-09-25 23:25:59,noise
6397645850299,6396625936508,T891,12.5,Uma Tanaka,2025-09-25 11:18:24,noise
6397645850299,6396625936508,T891,15.9,Uma Tanaka,2025-09-25 09:13:27,noise
6397645850299,6398087251603,T891,25.5,Uma Tanaka,2025-09-24 18:20:11,noise
6397645850299,6396625936508,T891,17.7,Uma Tanaka,2025-09-23 13:11:07,noise
6397645850299,6396625936508,T891,34.2,Uma Tanaka,2025-09-23 18:11:17,noise
6397645850299,6392464364634,T891,46.3,Uma Tanaka,2025-09-22 10:21:48,noise
6397645850299,6396042155722,T891,15.8,Uma Tanaka,2025-09-22 20:20:31,noise
6397645850299,6396625936508,T891,22.6,Uma Tanaka,2025-09-22 17:02:23,noise
6397645850299,6392464364634,T891,13.6,Uma Tanaka,2025-09-21 17:03:32,noise
6397645850299,6398087251603,T891,20.2,Uma Tanaka,2025-09-20 09:18:10,noise
6397645850299,6398087251603,T891,21.5,Uma Tanaka,2025-09-20 18:28:45,noise
6397645850299,6392464364634,T891,8.4,Uma Tanaka,2025-09-20 13:00:07,noise
6397645850299,6392464364634,T284,10.8,Uma Tanaka,2025-09-19 17:22:18,noise
6397645850299,6398087251603,T284,9.7,Uma Tanaka,2025-09-19 12:05:34,noise
6397645850299,6393825956914,T891,11.9,Uma Tanaka,2025-09-19 20:29:06,noise
6397645850299,6392464364634,T284,14.3,Uma Tanaka,2025-09-18 18:08:47,noise
6397645850299,6395588239969,T284,55.8,Uma Tanaka,2025-09-18 13:29:23,noise
6397645850299,6398087251603,T891,17.5,Uma Tanaka,2025-09-17 09:08:40,noise
6397645850299,6396625936508,T891,37.8,Uma Tanaka,2025-09-17 23:23:03,noise
6397645850299,6394137438800,T284,24.3,Uma Tanaka,2025-09-17 15:06:03,noise
6397645850299,6398087251603,T891,8.9,Uma Tanaka,2025-09-16 09:20:37,noise
6397645850299,6394856722505,T891,37.8,Uma Tanaka,2025-09-16 14:19:51,noise
6397645850299,6396625936508,T891,11.6,Uma Tanaka,2025-09-15 05:17:34,noise
6397645850299,6392175203535,T284,24.4,Uma Tanaka,2025-09-15 09:01:43,noise
6397645850299,6397156535284,T284,11.4,Uma Tanaka,2025-09-15 10:29:03,noise
6397645850299,6394055226921,T284,7.3,Uma Tanaka,2025-09-14 18:28:21,noise
6397645850299,6391319542424,T891,61.5,Uma Tanaka,2025-09-13 14:23:25,noise
6397645850299,6393591747444,T284,12.8,Uma Tanaka,2025-09-13 16:05:56,noise
6397645850299,6392464364634,T891,53.7,Uma Tanaka,2025-09-13 15:14:45,noise
6397645850299,6394247662559,T891,27.4,Uma Tanaka,2025-09-12 12:19:58,noise
6397645850299,6396447956284,T891,30.1,Uma Tanaka,2025-09-11 19:20:00,noise
6397645850299,6398087251603,T284,14.4,Uma Tanaka,2025-09-11 20:11:03,noise
6397645850299,6398087251603,T891,17.0,Uma Tanaka,2025-09-10 16:02:24,noise
6397645850299,6392761010721,T891,8.1,Uma Tanaka,2025-09-09 08:08:24,noise
6397645850299,6395588265198,T284,15.0,Uma Tanaka,2025-09-09 15:18:38,noise
6397645850299,6392464364634,T284,26.7,Uma Tanaka,2025-09-08 17:10:50,noise
6397645850299,6391171674512,T891,22.7,Uma Tanaka,2025-09-08 20:10:03,noise
6397645850299,6396447956284,T284,15.9,Uma Tanaka,2025-09-08 09:12:25,noise
6397645850299,6394137438800,T891,33.6,Uma Tanaka,2025-09-07 15:03:07,noise
6397645850299,6399965853740,T284,22.7,Uma Tanaka,2025-09-07 14:02:54,noise
6397645850299,6398087251603,T284,80.4,Uma Tanaka,2025-09-07 14:25:18,noise
6397645850299,6393454415467,T891,6.5,Uma Tanaka,2025-09-06 18:08:45,noise
6397645850299,6398087251603,T284,84.2,Uma Tanaka,2025-09-06 16:13:20,noise
6397645850299,6391319542424,T891,115.6,Uma Tanaka,2025-09-06 12:07:13,noise
6397645850299,6393608254537,T891,47.8,Uma Tanaka,2025-09-05 21:17:19,noise
6397645850299,6395657768886,T891,4.6,Uma Tanaka,2025-09-05 09:27:03,noise
6397645850299,6397156535284,T891,17.8,Uma Tanaka,2025-09-05 15:20:14,noise
6397645850299,6397172010892,T891,28.8,Uma Tanaka,2025-09-04 11:10:32,noise
6397645850299,6398087251603,T284,5.6,Uma Tanaka,2025-09-03 09:21:05,noise
6397645850299,6392464364634,T284,29.4,Uma Tanaka,2025-09-03 13:12:46,noise
6397645850299,6396625936508,T284,3.9,Uma Tanaka,2025-09-02 19:25:40,noise
6397645850299,6398087251603,T891,16.8,Uma Tanaka,2025-09-02 10:13:33,noise
6397645850299,6391877128212,T891,12.4,Uma Tanaka,2025-09-01 19:19:48,noise
6397645850299,6396625936508,T284,5.6,Uma Tanaka,2025-09-01 17:26:51,noise
6397645850299,6396625936508,T284,19.1,Uma Tanaka,2025-08-31 12:28:40,noise
6397645850299,6395933083562,T891,34.8,Uma Tanaka,2025-08-31 11:06:59,noise
6397645850299,6398087251603,T284,53.0,Uma Tanaka,2025-08-30 16:19:19,noise
6397645850299,6394055226921,T891,55.2,Uma Tanaka,2025-08-30 11:03:11,noise
6397645850299,6398087251603,T891,24.8,Uma Tanaka,2025-08-30 09:28:46,noise
6397645850299,6396625936508,T891,40.0,Uma Tanaka,2025-08-29 18:13:11,noise
6397645850299,6398087251603,T284,5.5,Uma Tanaka,2025-08-29 08:15:50,noise
6397645850299,6398087251603,T891,31.9,Uma Tanaka,2025-08-28 08:25:08,noise
6397645850299,6396625936508,T284,42.5,Uma Tanaka,2025-08-28 14:19:46,noise
6397645850299,6396625936508,T284,27.4,Uma Tanaka,2025-08-28 12:26:26,noise
6397645850299,6396625936508,T891,9.9,Uma Tanaka,2025-08-27 13:00:39,noise
6397645850299,6392464364634,T891,9.8,Uma Tanaka,2025-08-26 19:22:52,noise
6397645850299,6392322072341,T891,11.2,Uma Tanaka,2025-08-26 04:03:32,noise
6397645850299,6398087251603,T891,22.6,Uma Tanaka,2025-08-26 18:22:58,noise
6397645850299,6397266186506,T891,7.1,Uma Tanaka,2025-08-25 17:15:49,noise
6397645850299,6398087251603,T284,25.8,Uma Tanaka,2025-08-25 19:29:51,noise
6397645850299,6392027898005,T284,6.4,Uma Tanaka,2025-08-24 11:24:43,noise
6397645850299,6395588239969,T891,8.3,Uma Tanaka,2025-08-23 13:19:02,noise
6397645850299,6396625936508,T284,10.1,Uma Tanaka,2025-08-23 20:24:04,noise
6397645850299,6399096359352,T891,21.1,Uma Tanaka,2025-08-23 15:30:39,noise
6397645850299,6399003402039,T284,39.9,Uma Tanaka,2025-08-22 19:00:00,noise
6397645850299,6397761210582,T284,25.0,Uma Tanaka,2025-08-21 14:06:23,noise
6397645850299,6392464364634,T891,53.8,Uma Tanaka,2025-08-21 13:25:03,noise
6397645850299,6396625936508,T891,16.0,Uma Tanaka,2025-08-21 23:14:35,noise
6397645850299,6392464364634,T284,9.6,Uma Tanaka,2025-08-20 14:22:49,noise
6397645850299,6394513051861,T891,21.0,Uma Tanaka,2025-08-20 16:12:12,noise
6397645850299,6392705348834,T891,8.0,Uma Tanaka,2025-08-20 09:20:40,noise
6397645850299,6392464364634,T284,14.1,Uma Tanaka,2025-08-19 17:06:20,noise
6397645850299,6396625936508,T891,22.0,Uma Tanaka,2025-08-19 22:25:25,noise
6397645850299,6396625936508,T284,64.8,Uma Tanaka,2025-08-18 08:27:56,noise
6397645850299,6392464364634,T284,15.2,Uma Tanaka,2025-08-17 17:26:06,noise
6397645850299,6391302712293,T284,39.1,Uma Tanaka,2025-08-17 20:01:15,noise
6397645850299,6398087251603,T284,6.9,Uma Tanaka,2025-08-16 17:02:41,noise
6397645850299,6392464364634,T891,21.3,Uma Tanaka,2025-08-16 15:20:47,noise
6397645850299,6396109116629,T891,3.3,Uma Tanaka,2025-08-15 11:22:31,noise
6397645850299,6391787733401,T891,9.3,Uma Tanaka,2025-08-15 12:18:08,noise
6397645850299,6392464364634,T284,15.4,Uma Tanaka,2025-08-14 23:28:39,noise
6397645850299,6392464364634,T891,15.1,Uma Tanaka,2025-08-14 22:02:33,noise
6397645850299,6399604910822,T284,42.2,Uma Tanaka,2025-08-13 18:19:17,noise
6397645850299,6396625936508,T891,12.8,Uma Tanaka,2025-08-12 09:11:29,noise
6397645850299,6391663645516,T891,26.4,Uma Tanaka,2025-08-12 00:23:34,noise
6397645850299,6395137959873,T284,20.7,Uma Tanaka,2025-08-12 19:15:40,noise
6397645850299,6398087251603,T891,11.4,Uma Tanaka,2025-08-11 08:27:08,noise
6397645850299,6398087251603,T284,68.9,Uma Tanaka,2025-08-11 12:17:04,noise
6397645850299,6392464364634,T891,24.3,Uma Tanaka,2025-08-10 08:25:42,noise
6397645850299,6398087251603,T284,7.6,Uma Tanaka,2025-08-10 14:05:36,noise
6397645850299,6396625936508,T891,25.1,Uma Tanaka,2025-08-10 17:13:58,noise
6397645850299,6392464364634,T891,24.0,Uma Tanaka,2025-08-09 17:14:51,noise
6397645850299,6399836144770,T891,21.4,Uma Tanaka,2025-08-09 15:27:52,noise
6397645850299,6396625936508,T284,16.3,Uma Tanaka,2025-08-08 10:15:38,noise
6397645850299,6396625936508,T891,15.1,Uma Tanaka,2025-08-08 01:08:03,noise
6397645850299,6399836144770,T284,41.6,Uma Tanaka,2025-08-08 20:06:55,noise
6397645850299,6398087251603,T891,13.9,Uma Tanaka,2025-08-07 14:18:54,noise
6397645850299,6396625936508,T891,8.7,Uma Tanaka,2025-08-07 02:01:00,noise
6397645850299,6399085717386,T891,5.1,Uma Tanaka,2025-08-07 18:22:08,noise
6397645850299,6392464364634,T891,27.8,Uma Tanaka,2025-08-06 12:14:25,noise
6397645850299,6392464364634,T284,14.4,Uma Tanaka,2025-08-05 08:25:52,noise
6397645850299,6396121190710,T284,32.5,Uma Tanaka,2025-08-05 21:21:36,noise
6397645850299,6398097172985,T891,18.2,Uma Tanaka,2025-08-05 20:24:35,noise
6397645850299,6398087251603,T284,5.8,Uma Tanaka,2025-08-04 08:08:26,noise
6397645850299,6392464364634,T284,4.1,Uma Tanaka,2025-08-04 21:01:04,noise
6391282991519,6391494838799,T431,32.7,Noah Mehta,2025-10-18 10:27:02,noise
6391282991519,6393062613059,T431,32.1,Noah Mehta,2025-10-17 10:28:14,noise
6391282991519,6391577055581,T431,9.8,Noah Mehta,2025-10-17 10:17:14,noise
6391282991519,6393062613059,T558,25.5,Noah Mehta,2025-10-17 19:27:28,noise
6391282991519,6393134974031,T431,30.0,Noah Mehta,2025-10-16 13:14:11,noise
6391282991519,6391577055581,T431,14.8,Noah Mehta,2025-10-16 08:25:53,noise
6391282991519,6391663645516,T431,9.6,Noah Mehta,2025-10-16 11:10:05,noise
6391282991519,6396726642544,T431,9.1,Noah Mehta,2025-10-15 18:07:31,noise
6391282991519,6395136375863,T431,19.6,Noah Mehta,2025-10-14 12:10:06,noise
6391282991519,6391051330112,T558,6.4,Noah Mehta,2025-10-14 21:16:18,noise
6391282991519,6393062613059,T431,13.5,Noah Mehta,2025-10-14 11:06:20,noise
6391282991519,6393062613059,T431,5.6,Noah Mehta,2025-10-13 19:28:10,noise
6391282991519,6397473500175,T558,5.4,Noah Mehta,2025-10-13 17:01:28,noise
6391282991519,6396526010278,T558,25.0,Noah Mehta,2025-10-12 14:27:18,noise
6391282991519,6395136375863,T431,4.1,Noah Mehta,2025-10-12 17:20:04,noise
6391282991519,6393062613059,T558,2.9,Noah Mehta,2025-10-11 16:21:53,noise
6391282991519,6397959529190,T558,7.9,Noah Mehta,2025-10-10 21:28:51,noise
6391282991519,6395958977897,T431,22.4,Noah Mehta,2025-10-10 05:30:55,noise
6391282991519,6393062613059,T558,11.3,Noah Mehta,2025-10-09 17:10:02,noise
6391282991519,6393062613059,T431,11.1,Noah Mehta,2025-10-09 15:25:46,noise
6391282991519,6391577055581,T558,3.7,Noah Mehta,2025-10-08 21:12:56,noise
6391282991519,6394513051861,T431,10.1,Noah Mehta,2025-10-07 11:04:28,noise
6391282991519,6393454415467,T558,6.6,Noah Mehta,2025-10-07 18:10:12,noise
6391282991519,6395136375863,T431,12.5,Noah Mehta,2025-10-06 18:16:58,noise
6391282991519,6395136375863,T431,22.4,Noah Mehta,2025-10-06 22:30:03,noise
6391282991519,6393062613059,T431,21.3,Noah Mehta,2025-10-05 05:11:29,noise
6391282991519,6393062613059,T431,83.4,Noah Mehta,2025-10-05 11:05:15,noise
6391282991519,6391494838799,T431,6.4,Noah Mehta,2025-10-04 17:09:23,noise
6391282991519,6393329653115,T558,12.3,Noah Mehta,2025-10-04 10:19:49,noise
6391282991519,6393608254537,T558,14.5,Noah Mehta,2025-10-03 19:08:40,noise
6391282991519,6391577055581,T558,10.2,Noah Mehta,2025-10-03 19:08:51,noise
6391282991519,6395136375863,T558,6.1,Noah Mehta,2025-10-02 08:04:36,noise
6391282991519,6393736660443,T558,31.9,Noah Mehta,2025-10-02 10:08:40,noise
6391282991519,6395136375863,T431,18.7,Noah Mehta,2025-10-01 13:30:47,noise
6391282991519,6393062613059,T431,10.4,Noah Mehta,2025-10-01 22:06:05,noise
6391282991519,6391577055581,T431,10.6,Noah Mehta,2025-10-01 04:10:27,noise
6391282991519,6399836144770,T431,31.0,Noah Mehta,2025-09-30 13:20:46,noise
6391282991519,6393625636545,T431,10.9,Noah Mehta,2025-09-30 12:24:56,noise
6391282991519,6391577055581,T431,15.2,Noah Mehta,2025-09-30 19:24:26,noise
6391282991519,6397207416529,T431,17.8,Noah Mehta,2025-09-29 09:04:17,noise
6391282991519,6391577055581,T431,18.5,Noah Mehta,2025-09-28 16:15:40,noise
6391282991519,6395136375863,T558,19.0,Noah Mehta,2025-09-28 10:26:03,noise
6391282991519,6395136375863,T431,9.7,Noah Mehta,2025-09-27 08:27:04,noise
6391282991519,6391577055581,T431,8.2,Noah Mehta,2025-09-26 17:13:04,noise
6391282991519,6393625636545,T431,23.5,Noah Mehta,2025-09-25 12:19:11,noise
6391282991519,6392322072341,T558,29.0,Noah Mehta,2025-09-25 15:01:45,noise
6391282991519,6399487367347,T431,19.2,Noah Mehta,2025-09-24 23:21:05,noise
6391282991519,6393062613059,T431,25.1,Noah Mehta,2025-09-24 15:11:56,noise
6391282991519,6391577055581,T431,37.4,Noah Mehta,2025-09-24 09:13:31,noise
6391282991519,6391319542424,T558,17.9,Noah Mehta,2025-09-23 16:11:22,noise
6391282991519,6395136375863,T558,18.0,Noah Mehta,2025-09-23 11:19:08,noise
6391282991519,6394137438800,T431,20.0,Noah Mehta,2025-09-22 13:10:37,noise
6391282991519,6393062613059,T431,14.6,Noah Mehta,2025-09-22 19:14:59,noise
6391282991519,6391577055581,T431,15.8,Noah Mehta,2025-09-22 16:18:55,noise
6391282991519,6395136375863,T431,7.9,Noah Mehta,2025-09-21 05:26:32,noise
6391282991519,6391577055581,T431,13.3,Noah Mehta,2025-09-20 09:27:17,noise
6391282991519,6391577055581,T431,85.6,Noah Mehta,2025-09-20 10:19:09,noise
6391282991519,6391577055581,T431,59.5,Noah Mehta,2025-09-20 09:20:14,noise
6391282991519,6391577055581,T431,17.1,Noah Mehta,2025-09-19 16:13:17,noise
6391282991519,6395657768886,T558,4.3,Noah Mehta,2025-09-19 14:11:03,noise
6391282991519,6391577055581,T431,21.6,Noah Mehta,2025-09-18 11:10:29,noise
6391282991519,6395136375863,T431,37.0,Noah Mehta,2025-09-17 08:24:22,noise
6391282991519,6393004154125,T431,11.1,Noah Mehta,2025-09-16 12:17:57,noise
6391282991519,6395136375863,T558,13.3,Noah Mehta,2025-09-16 19:30:07,noise
6391282991519,6391577055581,T558,11.5,Noah Mehta,2025-09-15 13:13:12,noise
6391282991519,6391577055581,T431,9.4,Noah Mehta,2025-09-14 08:30:28,noise
6391282991519,6395136375863,T558,4.5,Noah Mehta,2025-09-14 17:13:14,noise
6391282991519,6397982198732,T431,19.9,Noah Mehta,2025-09-13 19:07:34,noise
6391282991519,6399241777448,T431,8.7,Noah Mehta,2025-09-13 18:20:54,noise
6391282991519,6393062613059,T558,24.4,Noah Mehta,2025-09-12 00:17:19,noise
6391282991519,6395136375863,T558,12.9,Noah Mehta,2025-09-12 20:14:27,noise
6391282991519,6396726642544,T431,16.1,Noah Mehta,2025-09-11 20:07:52,noise
6391282991519,6394055226921,T431,15.5,Noah Mehta,2025-09-10 03:06:49,noise
6391282991519,6391577055581,T431,11.5,Noah Mehta,2025-09-09 23:22:46,noise
6391282991519,6394711330962,T431,6.7,Noah Mehta,2025-09-09 14:04:56,noise
6391282991519,6391577055581,T431,11.4,Noah Mehta,2025-09-09 22:10:06,noise
6391282991519,6393062613059,T558,24.3,Noah Mehta,2025-09-08 18:12:08,noise
6391282991519,6395136375863,T431,49.8,Noah Mehta,2025-09-08 09:12:57,noise
6391282991519,6396688935939,T558,15.9,Noah Mehta,2025-09-07 11:04:58,noise
6391282991519,6395136375863,T558,11.9,Noah Mehta,2025-09-07 10:05:12,noise
6391282991519,6391577055581,T431,28.1,Noah Mehta,2025-09-06 09:07:32,noise
6391282991519,6393062613059,T558,26.0,Noah Mehta,2025-09-06 09:04:53,noise
6391282991519,6393062613059,T431,18.4,Noah Mehta,2025-09-06 05:03:27,noise
6391282991519,6391577055581,T558,23.8,Noah Mehta,2025-09-05 18:27:34,noise
6391282991519,6395535962322,T431,9.1,Noah Mehta,2025-09-05 14:12:23,noise
6391282991519,6395933083562,T431,17.0,Noah Mehta,2025-09-04 22:05:40,noise
6391282991519,6397156535284,T558,22.4,Noah Mehta,2025-09-03 02:01:30,noise
6391282991519,6398095030730,T431,8.7,Noah Mehta,2025-09-03 03:09:49,noise
6391282991519,6394372750872,T431,16.3,Noah Mehta,2025-09-03 19:29:20,noise
6391282991519,6391577055581,T558,9.8,Noah Mehta,2025-09-02 16:21:11,noise
6391282991519,6393062613059,T558,36.6,Noah Mehta,2025-09-02 13:00:11,noise
6391282991519,6391577055581,T431,3.1,Noah Mehta,2025-09-01 16:05:59,noise
6391282991519,6393062613059,T431,10.5,Noah Mehta,2025-09-01 14:24:04,noise
6391282991519,6391577055581,T558,10.2,Noah Mehta,2025-08-31 10:12:27,noise
6391282991519,6399003402039,T431,32.5,Noah Mehta,2025-08-30 20:12:41,noise
6391282991519,6393062613059,T431,3.7,Noah Mehta,2025-08-30 16:20:24,noise
6391282991519,6391577055581,T431,17.2,Noah Mehta,2025-08-30 17:02:55,noise
6391282991519,6395136375863,T431,16.7,Noah Mehta,2025-08-29 16:15:55,noise
6391282991519,6395535962322,T431,38.2,Noah Mehta,2025-08-29 12:14:14,noise
6391282991519,6395136375863,T431,19.6,Noah Mehta,2025-08-28 04:04:23,noise
6391282991519,6393134974031,T431,21.4,Noah Mehta,2025-08-27 20:03:59,noise
6391282991519,6392464364634,T558,29.9,Noah Mehta,2025-08-27 10:02:38,noise
6391282991519,6393062613059,T431,26.7,Noah Mehta,2025-08-26 17:11:48,noise
6391282991519,6395136375863,T558,30.0,Noah Mehta,2025-08-26 12:30:39,noise
6391282991519,6393062613059,T558,35.8,Noah Mehta,2025-08-25 15:30:43,noise
6391282991519,6391577055581,T558,25.9,Noah Mehta,2025-08-24 08:16:15,noise
6391282991519,6393062613059,T431,12.8,Noah Mehta,2025-08-24 08:21:39,noise
6391282991519,6395136375863,T558,47.1,Noah Mehta,2025-08-23 10:30:51,noise
6391282991519,6395136375863,T431,19.3,Noah Mehta,2025-08-23 04:23:09,noise
6391282991519,6393062613059,T558,30.2,Noah Mehta,2025-08-22 03:19:31,noise
6391282991519,6399141407059,T431,9.9,Noah Mehta,2025-08-22 22:00:47,noise
6391282991519,6397959529190,T431,23.4,Noah Mehta,2025-08-21 13:21:11,noise
6391282991519,6391577055581,T431,35.2,Noah Mehta,2025-08-21 09:01:19,noise
6391282991519,6393062613059,T558,22.0,Noah Mehta,2025-08-20 12:02:30,noise
6391282991519,6396526010278,T431,19.2,Noah Mehta,2025-08-20 18:23:28,noise
6391282991519,6391577055581,T431,8.9,Noah Mehta,2025-08-20 16:26:36,noise
6391282991519,6393329653115,T558,19.2,Noah Mehta,2025-08-19 18:12:01,noise
6391282991519,6393332370721,T431,9.6,Noah Mehta,2025-08-19 22:15:39,noise
6391282991519,6399965853740,T558,6.1,Noah Mehta,2025-08-18 15:03:22,noise
6391282991519,6392375347403,T431,12.2,Noah Mehta,2025-08-18 10:18:03,noise
6391282991519,6395588265198,T558,8.0,Noah Mehta,2025-08-17 11:20:04,noise
6391282991519,6395136375863,T431,19.8,Noah Mehta,2025-08-16 11:17:14,noise
6391282991519,6396121190710,T431,36.6,Noah Mehta,2025-08-15 22:06:39,noise
6391282991519,6391167752063,T431,6.7,Noah Mehta,2025-08-14 15:18:10,noise
6391282991519,6393062613059,T431,25.6,Noah Mehta,2025-08-14 16:18:27,noise
6391282991519,6396526010278,T558,10.8,Noah Mehta,2025-08-14 18:12:07,noise
6391282991519,6397922188789,T431,8.5,Noah Mehta,2025-08-13 18:10:14,noise
6391282991519,6394247662559,T431,28.3,Noah Mehta,2025-08-12 20:08:57,noise
6391282991519,6392464364634,T431,11.0,Noah Mehta,2025-08-12 02:04:05,noise
6391282991519,6397052145323,T558,22.0,Noah Mehta,2025-08-11 18:14:37,noise
6391282991519,6391787733401,T558,18.9,Noah Mehta,2025-08-11 22:09:44,noise
6391282991519,6395136375863,T431,26.2,Noah Mehta,2025-08-10 16:09:21,noise
6391282991519,6391577055581,T431,15.2,Noah Mehta,2025-08-10 08:28:42,noise
6391282991519,6395136375863,T431,15.0,Noah Mehta,2025-08-09 00:16:06,noise
6391282991519,6397645850299,T431,26.3,Noah Mehta,2025-08-09 08:06:23,noise
6391282991519,6395136375863,T558,19.4,Noah Mehta,2025-08-08 11:07:37,noise
6391282991519,6395657768886,T558,10.4,Noah Mehta,2025-08-07 16:13:06,noise
6391282991519,6393062613059,T558,23.3,Noah Mehta,2025-08-07 10:11:45,noise
6391282991519,6391577055581,T431,28.6,Noah Mehta,2025-08-06 04:20:56,noise
6391282991519,6393062613059,T558,51.5,Noah Mehta,2025-08-05 13:09:27,noise
6391282991519,6397052145323,T558,5.0,Noah Mehta,2025-08-04 02:28:29,noise
6391282991519,6395136375863,T431,3.4,Noah Mehta,2025-08-04 19:07:50,noise
6392375347403,6397473500175,T120,76.0,Sara Brooks,2025-10-18 17:04:11,noise
6392375347403,6391877128212,T120,16.8,Sara Brooks,2025-10-18 18:05:21,noise
6392375347403,6394055226921,T901,8.4,Sara Brooks,2025-10-17 13:04:30,noise
6392375347403,6391877128212,T901,44.1,Sara Brooks,2025-10-17 20:19:46,noise
6392375347403,6391877128212,T901,19.8,Sara Brooks,2025-10-16 20:07:08,noise
6392375347403,6396109116629,T120,11.3,Sara Brooks,2025-10-15 23:03:40,noise
6392375347403,6394055226921,T120,17.2,Sara Brooks,2025-10-15 02:10:05,noise
6392375347403,6393869319540,T901,9.0,Sara Brooks,2025-10-14 16:24:37,noise
6392375347403,6395682267963,T901,11.8,Sara Brooks,2025-10-14 11:19:28,noise
6392375347403,6398095030730,T120,45.2,Sara Brooks,2025-10-13 13:11:20,noise
6392375347403,6391877128212,T120,34.3,Sara Brooks,2025-10-13 22:20:55,noise
6392375347403,6394055226921,T120,17.5,Sara Brooks,2025-10-12 17:30:22,noise
6392375347403,6393869319540,T120,8.7,Sara Brooks,2025-10-12 22:23:41,noise
6392375347403,6397645850299,T120,17.9,Sara Brooks,2025-10-12 16:30:05,noise
6392375347403,6395534105475,T901,4.4,Sara Brooks,2025-10-11 20:26:10,noise
6392375347403,6391877128212,T120,11.4,Sara Brooks,2025-10-11 14:27:09,noise
6392375347403,6395534105475,T901,9.1,Sara Brooks,2025-10-11 04:15:32,noise
6392375347403,6391877128212,T901,8.9,Sara Brooks,2025-10-10 17:06:53,noise
6392375347403,6399085717386,T120,6.0,Sara Brooks,2025-10-10 05:08:02,noise
6392375347403,6393869319540,T120,9.1,Sara Brooks,2025-10-09 19:19:01,noise
6392375347403,6392951962632,T120,97.6,Sara Brooks,2025-10-09 16:23:59,noise
6392375347403,6395588265198,T901,11.7,Sara Brooks,2025-10-08 11:03:41,noise
6392375347403,6393825956914,T901,29.4,Sara Brooks,2025-10-07 10:06:47,noise
6392375347403,6394055226921,T120,7.8,Sara Brooks,2025-10-07 09:17:50,noise
6392375347403,6391877128212,T901,23.1,Sara Brooks,2025-10-06 11:17:13,noise
6392375347403,6393869319540,T120,9.1,Sara Brooks,2025-10-06 13:01:09,noise
6392375347403,6394055226921,T901,7.7,Sara Brooks,2025-10-05 20:15:23,noise
6392375347403,6394055226921,T120,16.7,Sara Brooks,2025-10-04 18:25:26,noise
6392375347403,6393869319540,T901,24.4,Sara Brooks,2025-10-03 19:23:36,noise
6392375347403,6397102194949,T901,19.5,Sara Brooks,2025-10-03 13:16:09,noise
6392375347403,6393869319540,T901,4.8,Sara Brooks,2025-10-02 11:21:48,noise
6392375347403,6394856722505,T901,15.5,Sara Brooks,2025-10-02 08:14:19,noise
6392375347403,6391877128212,T120,13.5,Sara Brooks,2025-10-01 21:02:23,noise
6392375347403,6392322072341,T120,19.9,Sara Brooks,2025-10-01 20:12:35,noise
6392375347403,6394055226921,T120,21.5,Sara Brooks,2025-09-30 18:12:17,noise
6392375347403,6399877395358,T901,16.7,Sara Brooks,2025-09-30 00:24:16,noise
6392375347403,6394137438800,T120,19.6,Sara Brooks,2025-09-30 18:26:47,noise
6392375347403,6392027898005,T120,83.6,Sara Brooks,2025-09-29 09:05:53,noise
6392375347403,6398085325274,T120,5.7,Sara Brooks,2025-09-29 18:16:49,noise
6392375347403,6394055226921,T120,20.4,Sara Brooks,2025-09-29 11:09:46,noise
6392375347403,6394055226921,T120,21.9,Sara Brooks,2025-09-28 11:15:06,noise
6392375347403,6393869319540,T120,14.1,Sara Brooks,2025-09-27 15:22:03,noise
6392375347403,6391302712293,T901,21.6,Sara Brooks,2025-09-27 08:06:06,noise
6392375347403,6391877128212,T120,22.4,Sara Brooks,2025-09-26 23:11:16,noise
6392375347403,6391392356697,T120,11.3,Sara Brooks,2025-09-26 09:13:08,noise
6392375347403,6393454415467,T120,9.1,Sara Brooks,2025-09-25 11:24:04,noise
6392375347403,6397172010892,T901,15.5,Sara Brooks,2025-09-25 22:24:58,noise
6392375347403,6396121190710,T120,18.4,Sara Brooks,2025-09-25 01:12:12,noise
6392375347403,6391877128212,T120,12.0,Sara Brooks,2025-09-24 09:19:12,noise
6392375347403,6391051330112,T901,15.7,Sara Brooks,2025-09-24 15:04:32,noise
6392375347403,6399965853740,T901,20.7,Sara Brooks,2025-09-24 12:09:05,noise
6392375347403,6391877128212,T120,12.9,Sara Brooks,2025-09-23 15:13:04,noise
6392375347403,6393869319540,T901,7.5,Sara Brooks,2025-09-23 15:09:51,noise
6392375347403,6394513051861,T120,22.2,Sara Brooks,2025-09-22 17:26:39,noise
6392375347403,6396726642544,T120,13.1,Sara Brooks,2025-09-22 09:10:09,noise
6392375347403,6394055226921,T120,19.8,Sara Brooks,2025-09-21 15:24:20,noise
6392375347403,6393869319540,T120,38.4,Sara Brooks,2025-09-21 22:14:26,noise
6392375347403,6399965853740,T120,22.1,Sara Brooks,2025-09-20 08:24:12,noise
6392375347403,6393869319540,T120,15.0,Sara Brooks,2025-09-20 05:01:47,noise
6392375347403,6398069375909,T901,7.2,Sara Brooks,2025-09-19 16:25:56,noise
6392375347403,6393869319540,T120,9.0,Sara Brooks,2025-09-19 15:23:18,noise
6392375347403,6393869319540,T120,5.8,Sara Brooks,2025-09-18 13:02:53,noise
6392375347403,6391877128212,T901,4.9,Sara Brooks,2025-09-18 18:00:30,noise
6392375347403,6394055226921,T120,14.8,Sara Brooks,2025-09-17 01:18:58,noise
6392375347403,6393869319540,T120,31.2,Sara Brooks,2025-09-17 22:17:03,noise
6392375347403,6397207416529,T901,14.5,Sara Brooks,2025-09-17 23:22:30,noise
6392375347403,6393869319540,T901,19.3,Sara Brooks,2025-09-16 11:30:45,noise
6392375347403,6394055226921,T901,13.6,Sara Brooks,2025-09-16 15:21:46,noise
6392375347403,6391877128212,T120,9.2,Sara Brooks,2025-09-16 08:30:54,noise
6392375347403,6394055226921,T120,9.3,Sara Brooks,2025-09-15 10:17:55,noise
6392375347403,6391877128212,T901,12.2,Sara Brooks,2025-09-15 16:08:41,noise
6392375347403,6398595696705,T901,54.7,Sara Brooks,2025-09-14 15:04:24,noise
6392375347403,6393825956914,T901,21.3,Sara Brooks,2025-09-14 03:19:38,noise
6392375347403,6391494838799,T120,26.6,Sara Brooks,2025-09-14 20:28:13,noise
6392375347403,6391877128212,T901,8.6,Sara Brooks,2025-09-13 19:04:38,noise
6392375347403,6394711330962,T901,5.0,Sara Brooks,2025-09-13 03:24:32,noise
6392375347403,6394055226921,T120,41.5,Sara Brooks,2025-09-13 13:20:37,noise
6392375347403,6391877128212,T120,31.2,Sara Brooks,2025-09-12 08:19:04,noise
6392375347403,6395534105475,T120,18.0,Sara Brooks,2025-09-12 16:14:30,noise
6392375347403,6391877128212,T120,18.9,Sara Brooks,2025-09-12 09:01:23,noise
6392375347403,6396688935939,T120,3.7,Sara Brooks,2025-09-11 17:07:18,noise
6392375347403,6398525827157,T120,28.8,Sara Brooks,2025-09-11 09:24:03,noise
6392375347403,6391877128212,T120,64.5,Sara Brooks,2025-09-10 16:00:22,noise
6392375347403,6393869319540,T901,14.4,Sara Brooks,2025-09-10 03:24:25,noise
6392375347403,6392951962632,T120,33.6,Sara Brooks,2025-09-09 17:10:03,noise
6392375347403,6394508672370,T901,19.1,Sara Brooks,2025-09-09 13:20:20,noise
6392375347403,6391877128212,T120,52.6,Sara Brooks,2025-09-08 11:13:43,noise
6392375347403,6393869319540,T120,32.1,Sara Brooks,2025-09-08 10:17:14,noise
6392375347403,6394055226921,T120,11.5,Sara Brooks,2025-09-07 19:27:52,noise
6392375347403,6393869319540,T120,20.7,Sara Brooks,2025-09-07 09:10:32,noise
6392375347403,6397473500175,T120,21.4,Sara Brooks,2025-09-07 00:11:56,noise
6392375347403,6391877128212,T120,40.2,Sara Brooks,2025-09-06 14:05:19,noise
6392375347403,6394055226921,T901,74.9,Sara Brooks,2025-09-05 18:03:21,noise
6392375347403,6393869319540,T120,25.2,Sara Brooks,2025-09-04 14:05:17,noise
6392375347403,6394055226921,T901,48.4,Sara Brooks,2025-09-04 09:02:08,noise
6392375347403,6393062613059,T120,9.8,Sara Brooks,2025-09-03 15:22:04,noise
6392375347403,6393869319540,T120,55.1,Sara Brooks,2025-09-03 08:00:12,noise
6392375347403,6394055226921,T901,47.5,Sara Brooks,2025-09-03 18:27:08,noise
6392375347403,6393869319540,T901,7.2,Sara Brooks,2025-09-02 18:19:06,noise
6392375347403,6395933083562,T901,29.8,Sara Brooks,2025-09-02 16:21:37,noise
6392375347403,6396447956284,T901,11.2,Sara Brooks,2025-09-02 11:27:49,noise
6392375347403,6393869319540,T901,9.1,Sara Brooks,2025-09-01 14:03:10,noise
6392375347403,6391877128212,T901,26.5,Sara Brooks,2025-09-01 14:04:44,noise
6392375347403,6393134974031,T120,12.2,Sara Brooks,2025-09-01 19:13:03,noise
6392375347403,6393869319540,T120,17.5,Sara Brooks,2025-08-31 04:20:02,noise
6392375347403,6393869319540,T120,27.1,Sara Brooks,2025-08-30 15:20:47,noise
6392375347403,6393869319540,T120,7.3,Sara Brooks,2025-08-30 11:26:23,noise
6392375347403,6396447956284,T901,15.4,Sara Brooks,2025-08-29 20:01:59,noise
6392375347403,6394711330962,T120,35.4,Sara Brooks,2025-08-29 19:13:13,noise
6392375347403,6391877128212,T120,30.0,Sara Brooks,2025-08-28 22:30:45,noise
6392375347403,6394055226921,T901,19.7,Sara Brooks,2025-08-28 13:15:54,noise
6392375347403,6394055226921,T120,7.1,Sara Brooks,2025-08-28 08:14:32,noise
6392375347403,6393134974031,T120,18.7,Sara Brooks,2025-08-27 16:13:37,noise
6392375347403,6393869319540,T120,15.4,Sara Brooks,2025-08-27 17:18:45,noise
6392375347403,6396393488216,T120,15.6,Sara Brooks,2025-08-26 11:06:11,noise
6392375347403,6391877128212,T120,9.1,Sara Brooks,2025-08-26 16:14:28,noise
6392375347403,6393869319540,T120,24.0,Sara Brooks,2025-08-26 09:13:31,noise
6392375347403,6397982198732,T901,20.1,Sara Brooks,2025-08-25 18:28:35,noise
6392375347403,6391877128212,T120,8.8,Sara Brooks,2025-08-25 14:26:17,noise
6392375347403,6393869319540,T120,16.5,Sara Brooks,2025-08-24 20:16:36,noise
6392375347403,6391302712293,T901,27.3,Sara Brooks,2025-08-24 20:28:52,noise
6392375347403,6391877128212,T120,8.7,Sara Brooks,2025-08-24 11:01:15,noise
6392375347403,6391877128212,T901,25.8,Sara Brooks,2025-08-23 01:27:07,noise
6392375347403,6392761010721,T120,12.8,Sara Brooks,2025-08-23 15:27:27,noise
6392375347403,6394055226921,T120,7.3,Sara Brooks,2025-08-22 14:17:02,noise
6392375347403,6394055226921,T901,9.9,Sara Brooks,2025-08-22 13:11:03,noise
6392375347403,6393869319540,T120,38.0,Sara Brooks,2025-08-22 08:22:12,noise
6392375347403,6393869319540,T901,23.1,Sara Brooks,2025-08-21 19:04:21,noise
6392375347403,6393869319540,T120,50.3,Sara Brooks,2025-08-21 12:09:29,noise
6392375347403,6391877128212,T901,49.0,Sara Brooks,2025-08-20 10:19:15,noise
6392375347403,6394055226921,T120,4.8,Sara Brooks,2025-08-19 12:09:53,noise
6392375347403,6394055226921,T120,7.5,Sara Brooks,2025-08-19 16:21:51,noise
6392375347403,6397473500175,T120,7.6,Sara Brooks,2025-08-19 14:07:04,noise
6392375347403,6399877395358,T901,10.7,Sara Brooks,2025-08-18 12:29:08,noise
6392375347403,6391392356697,T120,11.6,Sara Brooks,2025-08-17 13:14:57,noise
6392375347403,6394055226921,T901,110.1,Sara Brooks,2025-08-17 15:05:04,noise
6392375347403,6394055226921,T120,5.6,Sara Brooks,2025-08-16 03:06:42,noise
6392375347403,6393869319540,T901,5.5,Sara Brooks,2025-08-15 18:17:52,noise
6392375347403,6399696031872,T120,13.9,Sara Brooks,2025-08-14 22:00:50,noise
6392375347403,6395958977897,T901,6.5,Sara Brooks,2025-08-14 20:09:50,noise
6392375347403,6393869319540,T120,4.7,Sara Brooks,2025-08-14 14:24:41,noise
6392375347403,6391877128212,T120,11.4,Sara Brooks,2025-08-13 08:17:09,noise
6392375347403,6394055226921,T120,21.5,Sara Brooks,2025-08-13 19:01:07,noise
6392375347403,6394055226921,T901,22.0,Sara Brooks,2025-08-13 19:04:04,noise
6392375347403,6392705348834,T120,17.9,Sara Brooks,2025-08-12 15:11:00,noise
6392375347403,6393869319540,T120,14.4,Sara Brooks,2025-08-12 08:28:01,noise
6392375347403,6391877128212,T901,17.0,Sara Brooks,2025-08-11 16:14:15,noise
6392375347403,6395324391443,T120,6.3,Sara Brooks,2025-08-11 05:00:39,noise
6392375347403,6399096359352,T120,36.8,Sara Brooks,2025-08-10 18:05:31,noise
6392375347403,6391877128212,T120,17.8,Sara Brooks,2025-08-10 18:05:35,noise
6392375347403,6391877128212,T901,26.7,Sara Brooks,2025-08-10 21:26:13,noise
6392375347403,6393869319540,T901,14.3,Sara Brooks,2025-08-09 17:28:25,noise
6392375347403,6394055226921,T120,7.7,Sara Brooks,2025-08-09 19:27:22,noise
6392375347403,6393869319540,T901,11.8,Sara Brooks,2025-08-09 01:07:01,noise
6392375347403,6393869319540,T120,21.4,Sara Brooks,2025-08-08 15:18:22,noise
6392375347403,6395933083562,T120,17.2,Sara Brooks,2025-08-08 22:26:38,noise
6392375347403,6398095030730,T901,11.3,Sara Brooks,2025-08-07 04:30:22,noise
6392375347403,6394573060920,T901,40.3,Sara Brooks,2025-08-07 11:27:28,noise
6392375347403,6393825956914,T120,9.4,Sara Brooks,2025-08-06 21:00:59,noise
6392375347403,6394055226921,T901,19.7,Sara Brooks,2025-08-06 11:11:54,noise
6392375347403,6393004154125,T120,7.9,Sara Brooks,2025-08-06 23:21:12,noise
6392375347403,6393869319540,T901,5.2,Sara Brooks,2025-08-05 09:00:34,noise
6392375347403,6399696031872,T120,37.8,Sara Brooks,2025-08-05 21:12:31,noise
6392375347403,6391167752063,T120,12.9,Sara Brooks,2025-08-04 18:08:03,noise
6392375347403,6393869319540,T120,43.4,Sara Brooks,2025-08-04 01:14:20,noise
6392375347403,6395958977897,T901,15.8,Sara Brooks,2025-08-04 10:11:43,noise
6399696031872,6392761010721,T589,15.1,Noah Kim,2025-10-18 22:19:03,noise
6399696031872,6392951962632,T589,15.1,Noah Kim,2025-10-18 10:20:56,noise
6399696031872,6393591747444,T946,17.2,Noah Kim,2025-10-17 23:13:16,noise
6399696031872,6392951962632,T589,15.6,Noah Kim,2025-10-16 09:04:04,noise
6399696031872,6392951962632,T946,22.3,Noah Kim,2025-10-16 05:28:34,noise
6399696031872,6398525827157,T589,16.2,Noah Kim,2025-10-15 20:24:21,noise
6399696031872,6399836144770,T589,6.3,Noah Kim,2025-10-14 19:26:59,noise
6399696031872,6391171674512,T589,5.0,Noah Kim,2025-10-14 17:01:13,noise
6399696031872,6399003402039,T946,13.4,Noah Kim,2025-10-13 18:06:52,noise
6399696031872,6399836144770,T589,10.9,Noah Kim,2025-10-13 17:27:16,noise
6399696031872,6395958977897,T589,20.7,Noah Kim,2025-10-12 04:17:26,noise
6399696031872,6397172010892,T589,4.2,Noah Kim,2025-10-12 11:11:15,noise
6399696031872,6399877395358,T946,14.8,Noah Kim,2025-10-11 20:24:51,noise
6399696031872,6399836144770,T589,13.7,Noah Kim,2025-10-11 13:29:22,noise
6399696031872,6392951962632,T589,31.1,Noah Kim,2025-10-11 11:02:18,noise
6399696031872,6397052145323,T589,18.7,Noah Kim,2025-10-10 09:30:01,noise
6399696031872,6397052145323,T946,24.4,Noah Kim,2025-10-10 16:29:16,noise
6399696031872,6399836144770,T589,43.9,Noah Kim,2025-10-09 17:13:58,noise
6399696031872,6391051330112,T589,6.5,Noah Kim,2025-10-09 12:11:27,noise
6399696031872,6394573060920,T589,52.5,Noah Kim,2025-10-08 03:25:12,noise
6399696031872,6396526010278,T946,9.6,Noah Kim,2025-10-07 09:29:06,noise
6399696031872,6397052145323,T589,10.2,Noah Kim,2025-10-06 01:05:20,noise
6399696031872,6393332370721,T589,9.2,Noah Kim,2025-10-05 02:02:17,noise
6399696031872,6393549070850,T946,86.0,Noah Kim,2025-10-05 13:12:14,noise
6399696031872,6399836144770,T589,13.2,Noah Kim,2025-10-04 13:25:38,noise
6399696031872,6392951962632,T589,27.1,Noah Kim,2025-10-04 00:04:32,noise
6399696031872,6399836144770,T589,23.1,Noah Kim,2025-10-03 20:23:49,noise
6399696031872,6398595696705,T589,34.4,Noah Kim,2025-10-02 12:04:18,noise
6399696031872,6399836144770,T589,8.3,Noah Kim,2025-10-02 19:25:06,noise
6399696031872,6393694731514,T946,29.7,Noah Kim,2025-10-01 15:21:40,noise
6399696031872,6399836144770,T946,9.0,Noah Kim,2025-10-01 02:20:33,noise
6399696031872,6392951962632,T946,6.3,Noah Kim,2025-09-30 14:04:12,noise
6399696031872,6399836144770,T589,19.3,Noah Kim,2025-09-29 19:17:47,noise
6399696031872,6399836144770,T946,12.8,Noah Kim,2025-09-29 09:10:59,noise
6399696031872,6397052145323,T589,17.1,Noah Kim,2025-09-28 13:25:17,noise
6399696031872,6398186138815,T946,45.7,Noah Kim,2025-09-28 14:01:07,noise
6399696031872,6399836144770,T589,7.8,Noah Kim,2025-09-27 20:29:54,noise
6399696031872,6399836144770,T589,24.1,Noah Kim,2025-09-27 12:20:06,noise
6399696031872,6393736660443,T589,15.7,Noah Kim,2025-09-26 22:06:26,noise
6399696031872,6399836144770,T589,75.7,Noah Kim,2025-09-26 04:10:59,noise
6399696031872,6397052145323,T589,44.4,Noah Kim,2025-09-26 22:16:37,noise
6399696031872,6392951962632,T946,39.1,Noah Kim,2025-09-25 14:00:22,noise
6399696031872,6391392356697,T589,20.8,Noah Kim,2025-09-25 19:03:51,noise
6399696031872,6392951962632,T589,23.0,Noah Kim,2025-09-24 12:07:45,noise
6399696031872,6399836144770,T589,13.7,Noah Kim,2025-09-24 20:10:13,noise
6399696031872,6392464364634,T946,36.2,Noah Kim,2025-09-24 13:00:02,noise
6399696031872,6397052145323,T589,23.1,Noah Kim,2025-09-23 20:26:10,noise
6399696031872,6399836144770,T589,5.8,Noah Kim,2025-09-23 08:25:29,noise
6399696031872,6399836144770,T589,11.9,Noah Kim,2025-09-22 10:21:35,noise
6399696031872,6392375347403,T946,25.0,Noah Kim,2025-09-22 12:14:26,noise
6399696031872,6398186138815,T946,8.1,Noah Kim,2025-09-21 02:10:53,noise
6399696031872,6399836144770,T589,8.7,Noah Kim,2025-09-21 15:25:41,noise
6399696031872,6398085325274,T589,38.5,Noah Kim,2025-09-20 20:04:25,noise
6399696031872,6393694731514,T946,13.4,Noah Kim,2025-09-20 12:00:39,noise
6399696031872,6399836144770,T589,15.7,Noah Kim,2025-09-19 08:29:49,noise
6399696031872,6399836144770,T946,26.4,Noah Kim,2025-09-19 12:22:27,noise
6399696031872,6392951962632,T946,34.7,Noah Kim,2025-09-19 21:24:27,noise
6399696031872,6399836144770,T946,16.4,Noah Kim,2025-09-18 12:02:35,noise
6399696031872,6392951962632,T589,14.4,Noah Kim,2025-09-18 16:09:16,noise
6399696031872,6396688935939,T589,15.0,Noah Kim,2025-09-18 11:06:00,noise
6399696031872,6393062613059,T589,10.5,Noah Kim,2025-09-17 19:14:01,noise
6399696031872,6397052145323,T589,23.9,Noah Kim,2025-09-17 12:24:34,noise
6399696031872,6397052145323,T589,19.7,Noah Kim,2025-09-17 15:19:16,noise
6399696031872,6391167752063,T946,26.3,Noah Kim,2025-09-16 13:10:44,noise
6399696031872,6392951962632,T946,8.5,Noah Kim,2025-09-16 20:09:54,noise
6399696031872,6395588239969,T589,44.2,Noah Kim,2025-09-15 08:04:15,noise
6399696031872,6396526010278,T946,4.2,Noah Kim,2025-09-15 09:07:10,noise
6399696031872,6397052145323,T946,12.6,Noah Kim,2025-09-15 22:12:34,noise
6399696031872,6399804243491,T589,9.9,Noah Kim,2025-09-14 08:17:22,noise
6399696031872,6399836144770,T589,26.4,Noah Kim,2025-09-14 16:14:09,noise
6399696031872,6392951962632,T589,18.8,Noah Kim,2025-09-13 19:03:26,noise
6399696031872,6396198739962,T589,24.3,Noah Kim,2025-09-13 18:05:25,noise
6399696031872,6399836144770,T589,63.0,Noah Kim,2025-09-12 02:14:39,noise
6399696031872,6399836144770,T946,12.7,Noah Kim,2025-09-12 14:26:38,noise
6399696031872,6395933083562,T589,23.0,Noah Kim,2025-09-11 19:01:59,noise
6399696031872,6395799070967,T946,24.8,Noah Kim,2025-09-11 12:25:54,noise
6399696031872,6398415249661,T589,24.0,Noah Kim,2025-09-10 20:06:30,noise
6399696031872,6399836144770,T589,5.8,Noah Kim,2025-09-10 09:19:31,noise
6399696031872,6397052145323,T589,25.3,Noah Kim,2025-09-10 19:15:53,noise
6399696031872,6397052145323,T946,4.4,Noah Kim,2025-09-09 17:01:32,noise
6399696031872,6392951962632,T589,31.7,Noah Kim,2025-09-09 10:06:44,noise
6399696031872,6397052145323,T946,27.7,Noah Kim,2025-09-08 17:13:52,noise
6399696031872,6392951962632,T589,15.8,Noah Kim,2025-09-08 19:10:06,noise
6399696031872,6395682267963,T589,12.4,Noah Kim,2025-09-07 13:26:58,noise
6399696031872,6399836144770,T946,18.4,Noah Kim,2025-09-07 11:10:59,noise
6399696031872,6396116554141,T589,13.8,Noah Kim,2025-09-07 10:23:42,noise
6399696031872,6396198739962,T589,12.3,Noah Kim,2025-09-06 23:08:09,noise
6399696031872,6399836144770,T589,14.6,Noah Kim,2025-09-06 17:03:38,noise
6399696031872,6399836144770,T946,20.6,Noah Kim,2025-09-05 17:19:16,noise
6399696031872,6399836144770,T589,12.3,Noah Kim,2025-09-05 04:29:21,noise
6399696031872,6397052145323,T589,6.4,Noah Kim,2025-09-05 09:01:02,noise
6399696031872,6399877395358,T589,6.7,Noah Kim,2025-09-04 08:14:17,noise
6399696031872,6392237426063,T589,24.9,Noah Kim,2025-09-04 15:15:45,noise
6399696031872,6392951962632,T589,14.8,Noah Kim,2025-09-04 08:18:37,noise
6399696031872,6392951962632,T589,6.4,Noah Kim,2025-09-03 22:11:23,noise
6399696031872,6399836144770,T589,19.2,Noah Kim,2025-09-02 13:18:29,noise
6399696031872,6397052145323,T946,9.1,Noah Kim,2025-09-02 12:03:16,noise
6399696031872,6397052145323,T589,14.3,Noah Kim,2025-09-01 15:05:25,noise
6399696031872,6399836144770,T946,19.7,Noah Kim,2025-09-01 04:06:40,noise
6399696031872,6397982198732,T946,22.0,Noah Kim,2025-09-01 08:26:25,noise
6399696031872,6397052145323,T946,35.2,Noah Kim,2025-08-31 15:28:16,noise
6399696031872,6392951962632,T946,63.2,Noah Kim,2025-08-31 20:10:53,noise
6399696031872,6393736660443,T589,29.7,Noah Kim,2025-08-30 16:11:08,noise
6399696031872,6397052145323,T946,54.1,Noah Kim,2025-08-30 19:20:45,noise
6399696031872,6398673272758,T589,16.3,Noah Kim,2025-08-29 17:30:25,noise
6399696031872,6399836144770,T589,17.2,Noah Kim,2025-08-29 13:11:53,noise
6399696031872,6399836144770,T946,10.7,Noah Kim,2025-08-28 10:21:27,noise
6399696031872,6392951962632,T589,8.1,Noah Kim,2025-08-28 13:25:48,noise
6399696031872,6391392356697,T589,16.9,Noah Kim,2025-08-28 20:22:08,noise
6399696031872,6395588239969,T946,57.8,Noah Kim,2025-08-27 23:19:02,noise
6399696031872,6397052145323,T589,27.4,Noah Kim,2025-08-27 09:22:08,noise
6399696031872,6393332370721,T589,66.2,Noah Kim,2025-08-27 15:00:19,noise
6399696031872,6392951962632,T946,5.0,Noah Kim,2025-08-26 19:30:08,noise
6399696031872,6391577055581,T589,25.9,Noah Kim,2025-08-26 08:19:53,noise
6399696031872,6392951962632,T589,29.9,Noah Kim,2025-08-25 18:03:34,noise
6399696031872,6397172010892,T946,27.2,Noah Kim,2025-08-25 15:09:52,noise
6399696031872,6396042155722,T589,22.7,Noah Kim,2025-08-24 13:26:14,noise
6399696031872,6399836144770,T589,11.7,Noah Kim,2025-08-24 10:07:08,noise
6399696031872,6392951962632,T589,42.5,Noah Kim,2025-08-24 10:21:11,noise
6399696031872,6397207416529,T589,10.1,Noah Kim,2025-08-23 05:21:47,noise
6399696031872,6397052145323,T589,50.2,Noah Kim,2025-08-23 15:18:34,noise
6399696031872,6399487367347,T589,8.7,Noah Kim,2025-08-23 20:02:48,noise
6399696031872,6397052145323,T589,14.6,Noah Kim,2025-08-22 13:04:20,noise
6399696031872,6397052145323,T589,30.7,Noah Kim,2025-08-22 14:00:11,noise
6399696031872,6397052145323,T589,9.9,Noah Kim,2025-08-21 15:15:43,noise
6399696031872,6399836144770,T589,30.8,Noah Kim,2025-08-21 12:27:57,noise
6399696031872,6392951962632,T589,19.7,Noah Kim,2025-08-20 10:02:52,noise
6399696031872,6392951962632,T589,16.5,Noah Kim,2025-08-20 20:18:49,noise
6399696031872,6397052145323,T589,32.1,Noah Kim,2025-08-20 14:02:17,noise
6399696031872,6395682267963,T589,19.5,Noah Kim,2025-08-19 00:05:18,noise
6399696031872,6393694731514,T946,18.1,Noah Kim,2025-08-19 09:11:50,noise
6399696031872,6392951962632,T589,8.2,Noah Kim,2025-08-19 13:22:34,noise
6399696031872,6395799070967,T589,27.8,Noah Kim,2025-08-18 20:10:44,noise
6399696031872,6399836144770,T946,10.0,Noah Kim,2025-08-18 17:06:56,noise
6399696031872,6397052145323,T589,8.2,Noah Kim,2025-08-18 03:09:55,noise
6399696031872,6399836144770,T946,31.6,Noah Kim,2025-08-17 10:14:59,noise
6399696031872,6399836144770,T589,9.3,Noah Kim,2025-08-17 15:05:26,noise
6399696031872,6392705348834,T589,11.1,Noah Kim,2025-08-17 17:23:13,noise
6399696031872,6391319542424,T589,6.9,Noah Kim,2025-08-16 14:16:47,noise
6399696031872,6399836144770,T589,7.9,Noah Kim,2025-08-16 20:04:44,noise
6399696031872,6392951962632,T589,16.3,Noah Kim,2025-08-16 11:29:02,noise
6399696031872,6397052145323,T589,28.8,Noah Kim,2025-08-15 15:01:17,noise
6399696031872,6397266186506,T589,18.7,Noah Kim,2025-08-15 17:28:43,noise
6399696031872,6397052145323,T946,6.1,Noah Kim,2025-08-15 19:13:01,noise
6399696031872,6392951962632,T946,22.3,Noah Kim,2025-08-14 01:13:54,noise
6399696031872,6397052145323,T946,11.4,Noah Kim,2025-08-14 21:20:16,noise
6399696031872,6396109116629,T589,15.8,Noah Kim,2025-08-13 05:19:44,noise
6399696031872,6391494838799,T589,39.2,Noah Kim,2025-08-13 08:14:40,noise
6399696031872,6391302712293,T589,3.2,Noah Kim,2025-08-12 15:14:11,noise
6399696031872,6397052145323,T589,36.9,Noah Kim,2025-08-12 11:19:48,noise
6399696031872,6392951962632,T946,10.5,Noah Kim,2025-08-11 20:01:56,noise
6399696031872,6399836144770,T946,42.6,Noah Kim,2025-08-11 11:04:31,noise
6399696031872,6392951962632,T589,37.5,Noah Kim,2025-08-10 11:27:46,noise
6399696031872,6392951962632,T589,135.6,Noah Kim,2025-08-10 20:15:06,noise
6399696031872,6392951962632,T946,19.9,Noah Kim,2025-08-10 14:13:30,noise
6399696031872,6399836144770,T589,40.0,Noah Kim,2025-08-09 12:03:53,noise
6399696031872,6392951962632,T589,9.9,Noah Kim,2025-08-09 15:20:15,noise
6399696031872,6397052145323,T946,21.2,Noah Kim,2025-08-09 05:19:02,noise
6399696031872,6399836144770,T589,50.1,Noah Kim,2025-08-08 01:27:25,noise
6399696031872,6392705348834,T589,5.2,Noah Kim,2025-08-08 14:24:55,noise
6399696031872,6397761210582,T589,23.6,Noah Kim,2025-08-08 11:04:13,noise
6399696031872,6399836144770,T946,10.1,Noah Kim,2025-08-07 09:25:08,noise
6399696031872,6398069375909,T946,31.2,Noah Kim,2025-08-07 02:04:36,noise
6399696031872,6399836144770,T589,27.6,Noah Kim,2025-08-06 16:00:09,noise
6399696031872,6392951962632,T946,14.3,Noah Kim,2025-08-06 17:22:32,noise
6399696031872,6399836144770,T589,11.7,Noah Kim,2025-08-05 09:20:30,noise
6399696031872,6399836144770,T946,40.9,Noah Kim,2025-08-05 05:05:00,noise
6399696031872,6399836144770,T946,10.4,Noah Kim,2025-08-05 08:09:55,noise
6399696031872,6393694731514,T589,38.4,Noah Kim,2025-08-04 16:17:16,noise
6399696031872,6399836144770,T589,16.9,Noah Kim,2025-08-04 17:10:34,noise
6396198739962,6398069375909,T229,36.0,Ben Jansen,2025-10-18 12:25:50,noise
6396198739962,6392464364634,T542,9.3,Ben Jansen,2025-10-18 21:02:16,noise
6396198739962,6396116554141,T229,5.3,Ben Jansen,2025-10-17 17:12:21,noise
6396198739962,6394372750872,T229,23.3,Ben Jansen,2025-10-16 05:01:02,noise
6396198739962,6391302712293,T542,11.9,Ben Jansen,2025-10-16 13:26:09,noise
6396198739962,6394856722505,T542,31.7,Ben Jansen,2025-10-15 05:21:08,noise
6396198739962,6395137959873,T229,17.2,Ben Jansen,2025-10-15 14:01:21,noise
6396198739962,6399003402039,T229,29.0,Ben Jansen,2025-10-14 23:25:55,noise
6396198739962,6393332370721,T229,29.2,Ben Jansen,2025-10-14 10:24:39,noise
6396198739962,6397645850299,T542,34.9,Ben Jansen,2025-10-13 15:02:18,noise
6396198739962,6394372750872,T229,15.2,Ben Jansen,2025-10-13 05:15:56,noise
6396198739962,6394372750872,T542,38.2,Ben Jansen,2025-10-12 22:02:34,noise
6396198739962,6398525827157,T542,44.4,Ben Jansen,2025-10-12 08:16:12,noise
6396198739962,6397473530031,T229,3.5,Ben Jansen,2025-10-11 10:12:50,noise
6396198739962,6394372750872,T229,29.6,Ben Jansen,2025-10-10 09:17:45,noise
6396198739962,6395137959873,T229,9.3,Ben Jansen,2025-10-10 18:04:27,noise
6396198739962,6394372750872,T542,11.1,Ben Jansen,2025-10-10 19:17:35,noise
6396198739962,6395137959873,T229,27.0,Ben Jansen,2025-10-09 22:00:38,noise
6396198739962,6396198739962,T542,4.2,Ben Jansen,2025-10-09 09:10:45,noise
6396198739962,6394372750872,T542,15.4,Ben Jansen,2025-10-08 15:22:56,noise
6396198739962,6395137959873,T229,20.3,Ben Jansen,2025-10-08 20:14:05,noise
6396198739962,6394372750872,T542,20.3,Ben Jansen,2025-10-07 03:04:48,noise
6396198739962,6395588265198,T229,18.3,Ben Jansen,2025-10-06 08:05:50,noise
6396198739962,6395137959873,T229,14.7,Ben Jansen,2025-10-06 10:07:15,noise
6396198739962,6393332370721,T542,3.4,Ben Jansen,2025-10-05 09:17:29,noise
6396198739962,6395137959873,T229,150.3,Ben Jansen,2025-10-05 09:13:43,noise
6396198739962,6394372750872,T229,14.9,Ben Jansen,2025-10-04 13:09:29,noise
6396198739962,6394372750872,T542,17.3,Ben Jansen,2025-10-03 17:27:10,noise
6396198739962,6391319542424,T229,14.7,Ben Jansen,2025-10-03 13:07:03,noise
6396198739962,6393332370721,T542,27.3,Ben Jansen,2025-10-03 14:07:07,noise
6396198739962,6393332370721,T542,21.0,Ben Jansen,2025-10-02 12:00:54,noise
6396198739962,6394372750872,T229,8.9,Ben Jansen,2025-10-02 18:28:21,noise
6396198739962,6395137959873,T542,22.1,Ben Jansen,2025-10-01 23:02:23,noise
6396198739962,6395137959873,T542,11.7,Ben Jansen,2025-10-01 08:10:36,noise
6396198739962,6394508672370,T229,14.8,Ben Jansen,2025-09-30 10:21:26,noise
6396198739962,6393694731514,T229,4.2,Ben Jansen,2025-09-30 19:21:33,noise
6396198739962,6395137959873,T229,7.0,Ben Jansen,2025-09-30 17:07:09,noise
6396198739962,6395137959873,T229,7.1,Ben Jansen,2025-09-29 22:05:20,noise
6396198739962,6392175203535,T229,9.8,Ben Jansen,2025-09-28 23:26:42,noise
6396198739962,6397761210582,T229,29.1,Ben Jansen,2025-09-28 19:08:48,noise
6396198739962,6395137959873,T229,5.5,Ben Jansen,2025-09-27 16:05:10,noise
6396198739962,6395137959873,T542,38.4,Ben Jansen,2025-09-26 23:18:09,noise
6396198739962,6394372750872,T542,34.0,Ben Jansen,2025-09-26 11:02:38,noise
6396198739962,6395137959873,T229,14.0,Ben Jansen,2025-09-25 04:09:51,noise
6396198739962,6393825956914,T542,57.9,Ben Jansen,2025-09-24 14:19:31,noise
6396198739962,6393332370721,T542,49.1,Ben Jansen,2025-09-24 09:14:50,noise
6396198739962,6395137959873,T542,78.5,Ben Jansen,2025-09-24 16:06:17,noise
6396198739962,6398673272758,T229,3.0,Ben Jansen,2025-09-23 18:29:51,noise
6396198739962,6393332370721,T229,26.3,Ben Jansen,2025-09-23 10:12:42,noise
6396198739962,6395137959873,T542,10.0,Ben Jansen,2025-09-23 18:06:09,noise
6396198739962,6393332370721,T229,8.1,Ben Jansen,2025-09-22 01:13:25,noise
6396198739962,6395137959873,T229,15.8,Ben Jansen,2025-09-22 20:16:51,noise
6396198739962,6393134974031,T542,25.7,Ben Jansen,2025-09-22 16:01:32,noise
6396198739962,6394372750872,T542,7.6,Ben Jansen,2025-09-21 12:23:38,noise
6396198739962,6396447956284,T229,4.1,Ben Jansen,2025-09-21 13:00:24,noise
6396198739962,6393332370721,T542,45.3,Ben Jansen,2025-09-21 22:23:04,noise
6396198739962,6395137959873,T542,16.7,Ben Jansen,2025-09-20 03:13:46,noise
6396198739962,6392237426063,T229,26.8,Ben Jansen,2025-09-20 17:04:51,noise
6396198739962,6394508672370,T542,12.2,Ben Jansen,2025-09-19 20:00:17,noise
6396198739962,6393332370721,T542,17.0,Ben Jansen,2025-09-18 14:24:17,noise
6396198739962,6393332370721,T229,7.5,Ben Jansen,2025-09-17 09:09:18,noise
6396198739962,6395137959873,T542,12.9,Ben Jansen,2025-09-17 20:11:23,noise
6396198739962,6393608254537,T229,29.7,Ben Jansen,2025-09-16 10:08:27,noise
6396198739962,6391167752063,T542,6.1,Ben Jansen,2025-09-16 20:24:29,noise
6396198739962,6395137959873,T229,20.7,Ben Jansen,2025-09-15 21:28:50,noise
6396198739962,6393332370721,T229,22.1,Ben Jansen,2025-09-15 16:05:21,noise
6396198739962,6394372750872,T229,20.8,Ben Jansen,2025-09-14 10:18:31,noise
6396198739962,6395453540079,T229,35.8,Ben Jansen,2025-09-14 14:05:21,noise
6396198739962,6398097172985,T229,16.0,Ben Jansen,2025-09-14 13:15:05,noise
6396198739962,6392322072341,T542,74.0,Ben Jansen,2025-09-13 16:08:54,noise
6396198739962,6393332370721,T542,18.9,Ben Jansen,2025-09-12 18:11:19,noise
6396198739962,6394137438800,T229,3.1,Ben Jansen,2025-09-12 19:09:29,noise
6396198739962,6391319542424,T542,18.7,Ben Jansen,2025-09-11 01:10:48,noise
6396198739962,6395137959873,T229,2.8,Ben Jansen,2025-09-10 13:03:59,noise
6396198739962,6394372750872,T542,11.3,Ben Jansen,2025-09-10 12:23:37,noise
6396198739962,6395137959873,T229,17.7,Ben Jansen,2025-09-10 11:20:24,noise
6396198739962,6393332370721,T542,26.3,Ben Jansen,2025-09-09 15:03:34,noise
6396198739962,6394372750872,T542,8.6,Ben Jansen,2025-09-08 13:08:26,noise
6396198739962,6395137959873,T229,5.0,Ben Jansen,2025-09-08 16:18:54,noise
6396198739962,6393332370721,T229,2.9,Ben Jansen,2025-09-08 15:06:38,noise
6396198739962,6396526010278,T542,23.5,Ben Jansen,2025-09-07 14:02:08,noise
6396198739962,6397473530031,T542,13.4,Ben Jansen,2025-09-07 19:18:39,noise
6396198739962,6397645850299,T229,13.0,Ben Jansen,2025-09-06 17:23:46,noise
6396198739962,6393332370721,T229,19.6,Ben Jansen,2025-09-06 11:30:30,noise
6396198739962,6396116554141,T229,17.0,Ben Jansen,2025-09-06 22:15:47,noise
6396198739962,6399096359352,T229,38.7,Ben Jansen,2025-09-05 15:19:58,noise
6396198739962,6394372750872,T229,16.8,Ben Jansen,2025-09-05 12:08:50,noise
6396198739962,6395137959873,T229,10.1,Ben Jansen,2025-09-04 10:23:03,noise
6396198739962,6394372750872,T229,9.7,Ben Jansen,2025-09-03 14:23:17,noise
6396198739962,6395137959873,T229,27.8,Ben Jansen,2025-09-02 22:30:20,noise
6396198739962,6395588265198,T229,27.7,Ben Jansen,2025-09-02 19:02:40,noise
6396198739962,6395137959873,T229,31.3,Ben Jansen,2025-09-01 20:23:20,noise
6396198739962,6393062613059,T229,24.1,Ben Jansen,2025-09-01 11:07:43,noise
6396198739962,6394372750872,T542,12.5,Ben Jansen,2025-09-01 22:04:57,noise
6396198739962,6398673272758,T542,4.6,Ben Jansen,2025-08-31 12:21:36,noise
6396198739962,6394372750872,T229,11.8,Ben Jansen,2025-08-31 10:11:50,noise
6396198739962,6393332370721,T229,27.7,Ben Jansen,2025-08-30 14:27:45,noise
6396198739962,6396726642544,T542,6.7,Ben Jansen,2025-08-29 15:26:36,noise
6396198739962,6395799070967,T229,16.0,Ben Jansen,2025-08-29 15:22:34,noise
6396198739962,6397473500175,T542,46.6,Ben Jansen,2025-08-28 19:19:15,noise
6396198739962,6393332370721,T542,18.7,Ben Jansen,2025-08-28 23:28:08,noise
6396198739962,6395137959873,T542,22.0,Ben Jansen,2025-08-27 17:15:40,noise
6396198739962,6394372750872,T229,10.7,Ben Jansen,2025-08-27 20:11:28,noise
6396198739962,6393332370721,T542,17.1,Ben Jansen,2025-08-27 12:27:18,noise
6396198739962,6395534105475,T542,13.4,Ben Jansen,2025-08-26 18:07:38,noise
6396198739962,6398085325274,T229,11.7,Ben Jansen,2025-08-26 11:06:40,noise
6396198739962,6394573060920,T542,43.8,Ben Jansen,2025-08-25 16:22:48,noise
6396198739962,6393332370721,T542,16.5,Ben Jansen,2025-08-25 12:04:51,noise
6396198739962,6393736660443,T229,19.6,Ben Jansen,2025-08-24 19:13:24,noise
6396198739962,6394372750872,T542,39.6,Ben Jansen,2025-08-24 17:16:42,noise
6396198739962,6395137959873,T542,18.1,Ben Jansen,2025-08-23 08:14:16,noise
6396198739962,6397922188789,T542,78.5,Ben Jansen,2025-08-22 12:16:12,noise
6396198739962,6391877128212,T229,16.9,Ben Jansen,2025-08-21 17:12:36,noise
6396198739962,6395137959873,T542,13.4,Ben Jansen,2025-08-20 12:24:10,noise
6396198739962,6393332370721,T542,32.5,Ben Jansen,2025-08-20 08:19:43,noise
6396198739962,6393332370721,T229,12.2,Ben Jansen,2025-08-19 02:14:11,noise
6396198739962,6393332370721,T229,31.2,Ben Jansen,2025-08-19 11:05:44,noise
6396198739962,6397473500175,T229,28.8,Ben Jansen,2025-08-18 19:26:47,noise
6396198739962,6397277321210,T229,11.8,Ben Jansen,2025-08-18 19:12:03,noise
6396198739962,6395137959873,T229,14.1,Ben Jansen,2025-08-17 17:27:38,noise
6396198739962,6393004154125,T542,33.9,Ben Jansen,2025-08-17 08:29:53,noise
6396198739962,6393332370721,T542,14.6,Ben Jansen,2025-08-17 13:12:17,noise
6396198739962,6394372750872,T542,19.9,Ben Jansen,2025-08-16 10:16:44,noise
6396198739962,6391319542424,T542,11.1,Ben Jansen,2025-08-16 19:08:50,noise
6396198739962,6397695360968,T229,34.3,Ben Jansen,2025-08-15 17:03:29,noise
6396198739962,6395137959873,T229,27.1,Ben Jansen,2025-08-15 11:28:41,noise
6396198739962,6392175203535,T542,18.2,Ben Jansen,2025-08-14 19:16:28,noise
6396198739962,6394137438800,T229,8.7,Ben Jansen,2025-08-14 16:03:53,noise
6396198739962,6394055226921,T229,8.6,Ben Jansen,2025-08-14 11:03:26,noise
6396198739962,6395137959873,T229,19.1,Ben Jansen,2025-08-13 02:00:55,noise
6396198739962,6394372750872,T542,22.4,Ben Jansen,2025-08-13 12:28:04,noise
6396198739962,6394508672370,T229,38.4,Ben Jansen,2025-08-13 13:16:14,noise
6396198739962,6393332370721,T229,13.7,Ben Jansen,2025-08-12 03:06:38,noise
6396198739962,6394372750872,T542,6.2,Ben Jansen,2025-08-11 10:20:59,noise
6396198739962,6395137959873,T229,8.0,Ben Jansen,2025-08-10 09:25:55,noise
6396198739962,6394372750872,T229,20.6,Ben Jansen,2025-08-10 17:03:09,noise
6396198739962,6396526010278,T229,16.7,Ben Jansen,2025-08-09 14:13:39,noise
6396198739962,6393332370721,T229,47.3,Ben Jansen,2025-08-09 20:01:24,noise
6396198739962,6394372750872,T542,15.9,Ben Jansen,2025-08-08 13:01:54,noise
6396198739962,6394372750872,T542,94.8,Ben Jansen,2025-08-08 16:29:07,noise
6396198739962,6395137959873,T229,26.6,Ben Jansen,2025-08-07 09:28:31,noise
6396198739962,6393332370721,T229,14.5,Ben Jansen,2025-08-06 11:21:07,noise
6396198739962,6399003402039,T542,17.5,Ben Jansen,2025-08-06 16:17:28,noise
6396198739962,6394372750872,T229,30.0,Ben Jansen,2025-08-05 18:27:09,noise
6396198739962,6395324391443,T229,5.4,Ben Jansen,2025-08-05 22:04:03,noise
6396198739962,6394372750872,T229,22.5,Ben Jansen,2025-08-04 12:15:46,noise
6399836144770,6398097172985,T268,11.2,Ravi Gomes,2025-10-18 11:05:37,noise
6399836144770,6399877395358,T268,31.0,Ravi Gomes,2025-10-18 12:13:44,noise
6399836144770,6392375347403,T724,5.4,Ravi Gomes,2025-10-18 14:13:39,noise
6399836144770,6391051330112,T268,34.8,Ravi Gomes,2025-10-17 08:27:43,noise
6399836144770,6395534105475,T268,40.1,Ravi Gomes,2025-10-17 05:12:48,noise
6399836144770,6398085325274,T724,2.9,Ravi Gomes,2025-10-16 20:21:26,noise
6399836144770,6397959529190,T724,46.0,Ravi Gomes,2025-10-16 08:03:48,noise
6399836144770,6395534105475,T268,8.9,Ravi Gomes,2025-10-15 08:08:55,noise
6399836144770,6393454415467,T268,9.4,Ravi Gomes,2025-10-15 18:22:23,noise
6399836144770,6399241777448,T724,36.2,Ravi Gomes,2025-10-14 14:05:17,noise
6399836144770,6395534105475,T268,36.7,Ravi Gomes,2025-10-14 17:02:34,noise
6399836144770,6395534105475,T268,26.0,Ravi Gomes,2025-10-14 08:03:58,noise
6399836144770,6397207416529,T268,9.7,Ravi Gomes,2025-10-13 13:30:16,noise
6399836144770,6395534105475,T268,3.7,Ravi Gomes,2025-10-13 13:16:55,noise
6399836144770,6395534105475,T268,56.7,Ravi Gomes,2025-10-12 20:19:26,noise
6399836144770,6399877395358,T268,18.9,Ravi Gomes,2025-10-11 15:13:41,noise
6399836144770,6397156535284,T724,35.9,Ravi Gomes,2025-10-10 19:28:23,noise
6399836144770,6393134974031,T724,9.0,Ravi Gomes,2025-10-10 19:24:26,noise
6399836144770,6399965853740,T268,9.7,Ravi Gomes,2025-10-10 17:03:10,noise
6399836144770,6396121190710,T268,9.3,Ravi Gomes,2025-10-09 03:08:31,noise
6399836144770,6398085325274,T268,33.3,Ravi Gomes,2025-10-09 13:23:35,noise
6399836144770,6395534105475,T724,34.2,Ravi Gomes,2025-10-09 16:16:28,noise
6399836144770,6399877395358,T268,7.9,Ravi Gomes,2025-10-08 19:29:35,noise
6399836144770,6398085325274,T724,23.6,Ravi Gomes,2025-10-07 15:25:52,noise
6399836144770,6398085325274,T724,12.5,Ravi Gomes,2025-10-07 05:28:14,noise
6399836144770,6398085325274,T268,6.5,Ravi Gomes,2025-10-06 09:28:30,noise
6399836144770,6397959529190,T724,47.6,Ravi Gomes,2025-10-05 09:08:41,noise
6399836144770,6398085325274,T724,16.6,Ravi Gomes,2025-10-04 19:23:25,noise
6399836144770,6395534105475,T724,17.6,Ravi Gomes,2025-10-04 17:08:58,noise
6399836144770,6398085325274,T268,35.7,Ravi Gomes,2025-10-03 05:15:27,noise
6399836144770,6391787733401,T268,9.8,Ravi Gomes,2025-10-02 21:05:51,noise
6399836144770,6399877395358,T724,21.0,Ravi Gomes,2025-10-02 11:23:57,noise
6399836144770,6392322072341,T268,24.3,Ravi Gomes,2025-10-02 10:13:27,noise
6399836144770,6395534105475,T724,17.8,Ravi Gomes,2025-10-01 17:06:25,noise
6399836144770,6394573060920,T268,12.8,Ravi Gomes,2025-10-01 13:08:06,noise
6399836144770,6395534105475,T268,21.9,Ravi Gomes,2025-10-01 12:11:16,noise
6399836144770,6399877395358,T724,82.8,Ravi Gomes,2025-09-30 19:21:45,noise
6399836144770,6398085325274,T724,15.7,Ravi Gomes,2025-09-29 15:04:29,noise
6399836144770,6395534105475,T268,15.5,Ravi Gomes,2025-09-29 18:27:46,noise
6399836144770,6399877395358,T724,63.2,Ravi Gomes,2025-09-29 16:24:07,noise
6399836144770,6399877395358,T268,41.0,Ravi Gomes,2025-09-28 10:24:36,noise
6399836144770,6398525827157,T268,16.1,Ravi Gomes,2025-09-28 04:18:09,noise
6399836144770,6395534105475,T268,10.5,Ravi Gomes,2025-09-27 05:05:13,noise
6399836144770,6399877395358,T268,26.7,Ravi Gomes,2025-09-27 04:13:38,noise
6399836144770,6398085325274,T268,11.8,Ravi Gomes,2025-09-26 19:06:15,noise
6399836144770,6398085325274,T268,91.8,Ravi Gomes,2025-09-25 23:07:38,noise
6399836144770,6391494838799,T724,84.2,Ravi Gomes,2025-09-25 11:08:37,noise
6399836144770,6399877395358,T268,12.6,Ravi Gomes,2025-09-25 09:22:54,noise
6399836144770,6397277321210,T268,11.8,Ravi Gomes,2025-09-24 02:10:06,noise
6399836144770,6395534105475,T268,3.8,Ravi Gomes,2025-09-24 22:00:36,noise
6399836144770,6399877395358,T724,12.2,Ravi Gomes,2025-09-23 05:28:05,noise
6399836144770,6398525827157,T268,14.8,Ravi Gomes,2025-09-23 12:14:20,noise
6399836144770,6395534105475,T724,41.3,Ravi Gomes,2025-09-23 09:11:05,noise
6399836144770,6399487367347,T268,30.1,Ravi Gomes,2025-09-22 17:13:08,noise
6399836144770,6399877395358,T268,21.6,Ravi Gomes,2025-09-22 03:20:09,noise
6399836144770,6397695360968,T268,48.4,Ravi Gomes,2025-09-21 18:20:56,noise
6399836144770,6392761010721,T268,13.8,Ravi Gomes,2025-09-20 16:29:07,noise
6399836144770,6397479516078,T724,13.2,Ravi Gomes,2025-09-19 09:15:18,noise
6399836144770,6395534105475,T724,32.8,Ravi Gomes,2025-09-19 09:08:25,noise
6399836144770,6393825956914,T724,3.7,Ravi Gomes,2025-09-18 01:20:27,noise
6399836144770,6398085325274,T724,5.0,Ravi Gomes,2025-09-17 17:29:16,noise
6399836144770,6399141407059,T268,32.6,Ravi Gomes,2025-09-16 16:15:16,noise
6399836144770,6394372750872,T724,16.7,Ravi Gomes,2025-09-15 15:25:19,noise
6399836144770,6399877395358,T724,37.7,Ravi Gomes,2025-09-15 09:11:41,noise
6399836144770,6398085325274,T724,8.4,Ravi Gomes,2025-09-15 08:01:18,noise
6399836144770,6399877395358,T724,15.3,Ravi Gomes,2025-09-14 18:28:17,noise
6399836144770,6399877395358,T268,13.0,Ravi Gomes,2025-09-13 19:08:37,noise
6399836144770,6395534105475,T268,7.9,Ravi Gomes,2025-09-13 14:25:24,noise
6399836144770,6395534105475,T724,7.3,Ravi Gomes,2025-09-13 13:05:49,noise
6399836144770,6399877395358,T268,12.3,Ravi Gomes,2025-09-12 21:02:55,noise
6399836144770,6399877395358,T724,49.0,Ravi Gomes,2025-09-12 20:06:38,noise
6399836144770,6391392356697,T724,10.9,Ravi Gomes,2025-09-11 20:30:59,noise
6399836144770,6399836144770,T724,21.3,Ravi Gomes,2025-09-11 08:10:41,noise
6399836144770,6398595696705,T724,16.8,Ravi Gomes,2025-09-11 03:02:42,noise
6399836144770,6399877395358,T724,9.6,Ravi Gomes,2025-09-10 21:10:53,noise
6399836144770,6399877395358,T268,20.4,Ravi Gomes,2025-09-10 16:20:38,noise
6399836144770,6398085325274,T268,6.2,Ravi Gomes,2025-09-09 15:12:55,noise
6399836144770,6392027898005,T724,7.9,Ravi Gomes,2025-09-09 19:12:00,noise
6399836144770,6395534105475,T268,44.1,Ravi Gomes,2025-09-08 19:04:13,noise
6399836144770,6398085325274,T724,9.7,Ravi Gomes,2025-09-08 09:03:10,noise
6399836144770,6394513051861,T268,42.5,Ravi Gomes,2025-09-07 18:20:26,noise
6399836144770,6398085325274,T724,12.0,Ravi Gomes,2025-09-07 11:21:36,noise
6399836144770,6398085325274,T724,3.1,Ravi Gomes,2025-09-06 17:15:54,noise
6399836144770,6392953177733,T724,18.0,Ravi Gomes,2025-09-06 19:22:20,noise
6399836144770,6399877395358,T724,10.6,Ravi Gomes,2025-09-05 13:22:38,noise
6399836144770,6398069375909,T724,13.6,Ravi Gomes,2025-09-05 21:11:13,noise
6399836144770,6395136375863,T724,6.7,Ravi Gomes,2025-09-05 10:23:51,noise
6399836144770,6396526010278,T268,20.7,Ravi Gomes,2025-09-04 10:09:16,noise
6399836144770,6399877395358,T268,13.6,Ravi Gomes,2025-09-04 17:29:00,noise
6399836144770,6397761210582,T268,25.0,Ravi Gomes,2025-09-03 13:29:08,noise
6399836144770,6398085325274,T724,9.1,Ravi Gomes,2025-09-03 15:09:05,noise
6399836144770,6399877395358,T268,46.0,Ravi Gomes,2025-09-03 12:11:16,noise
6399836144770,6398085325274,T724,5.6,Ravi Gomes,2025-09-02 12:28:51,noise
6399836144770,6391319542424,T724,15.4,Ravi Gomes,2025-09-02 17:00:27,noise
6399836144770,6391171674512,T724,20.2,Ravi Gomes,2025-09-02 14:07:59,noise
6399836144770,6395534105475,T268,13.9,Ravi Gomes,2025-09-01 16:22:48,noise
6399836144770,6395534105475,T724,19.9,Ravi Gomes,2025-09-01 16:08:03,noise
6399836144770,6397207416529,T268,6.8,Ravi Gomes,2025-08-31 19:02:08,noise
6399836144770,6398525827157,T268,20.8,Ravi Gomes,2025-08-31 14:18:33,noise
6399836144770,6398085325274,T724,15.7,Ravi Gomes,2025-08-31 19:11:03,noise
6399836144770,6397982198732,T268,18.1,Ravi Gomes,2025-08-30 23:27:02,noise
6399836144770,6399877395358,T724,18.2,Ravi Gomes,2025-08-29 20:16:40,noise
6399836144770,6395534105475,T268,7.5,Ravi Gomes,2025-08-29 14:17:36,noise
6399836144770,6398085325274,T724,43.9,Ravi Gomes,2025-08-28 19:14:08,noise
6399836144770,6399003402039,T724,12.2,Ravi Gomes,2025-08-28 20:19:13,noise
6399836144770,6391877128212,T268,12.2,Ravi Gomes,2025-08-27 13:03:45,noise
6399836144770,6395534105475,T724,16.9,Ravi Gomes,2025-08-26 09:12:04,noise
6399836144770,6395657768886,T268,8.8,Ravi Gomes,2025-08-26 19:07:46,noise
6399836144770,6391663645516,T724,7.9,Ravi Gomes,2025-08-25 10:26:16,noise
6399836144770,6391051330112,T724,18.8,Ravi Gomes,2025-08-25 18:20:26,noise
6399836144770,6399877395358,T268,19.0,Ravi Gomes,2025-08-25 22:12:15,noise
6399836144770,6395453540079,T268,14.2,Ravi Gomes,2025-08-24 11:23:55,noise
6399836144770,6399877395358,T724,19.5,Ravi Gomes,2025-08-24 18:00:03,noise
6399836144770,6399877395358,T724,16.6,Ravi Gomes,2025-08-23 14:16:52,noise
6399836144770,6399877395358,T268,5.3,Ravi Gomes,2025-08-22 14:15:35,noise
6399836144770,6399604910822,T268,24.7,Ravi Gomes,2025-08-21 20:06:21,noise
6399836144770,6391167752063,T724,55.3,Ravi Gomes,2025-08-21 20:18:47,noise
6399836144770,6397052145323,T724,22.2,Ravi Gomes,2025-08-21 18:06:05,noise
6399836144770,6399877395358,T268,13.0,Ravi Gomes,2025-08-20 21:27:03,noise
6399836144770,6395534105475,T268,13.5,Ravi Gomes,2025-08-20 19:02:31,noise
6399836144770,6395535962322,T268,27.8,Ravi Gomes,2025-08-19 05:27:45,noise
6399836144770,6395534105475,T724,22.7,Ravi Gomes,2025-08-19 22:05:34,noise
6399836144770,6396625936508,T268,48.3,Ravi Gomes,2025-08-18 14:10:13,noise
6399836144770,6399877395358,T268,23.5,Ravi Gomes,2025-08-18 14:17:45,noise
6399836144770,6398085325274,T268,18.9,Ravi Gomes,2025-08-17 14:17:21,noise
6399836144770,6399965853740,T268,25.5,Ravi Gomes,2025-08-17 02:25:56,noise
6399836144770,6398085325274,T268,61.1,Ravi Gomes,2025-08-16 10:19:59,noise
6399836144770,6393134974031,T268,6.4,Ravi Gomes,2025-08-16 08:26:25,noise
6399836144770,6399877395358,T724,20.3,Ravi Gomes,2025-08-16 13:25:19,noise
6399836144770,6395534105475,T268,28.9,Ravi Gomes,2025-08-15 22:04:58,noise
6399836144770,6399877395358,T268,63.0,Ravi Gomes,2025-08-15 18:03:01,noise
6399836144770,6395534105475,T268,3.1,Ravi Gomes,2025-08-14 17:20:23,noise
6399836144770,6398085325274,T268,5.7,Ravi Gomes,2025-08-14 18:18:19,noise
6399836144770,6399877395358,T724,4.9,Ravi Gomes,2025-08-14 09:08:27,noise
6399836144770,6395534105475,T724,9.3,Ravi Gomes,2025-08-13 03:00:43,noise
6399836144770,6395534105475,T724,16.1,Ravi Gomes,2025-08-12 10:21:46,noise
6399836144770,6391392356697,T724,18.6,Ravi Gomes,2025-08-12 03:29:01,noise
6399836144770,6396688935939,T724,22.1,Ravi Gomes,2025-08-11 17:23:25,noise
6399836144770,6398097172985,T268,9.1,Ravi Gomes,2025-08-11 19:01:35,noise
6399836144770,6399877395358,T724,10.8,Ravi Gomes,2025-08-10 14:11:34,noise
6399836144770,6399877395358,T268,16.7,Ravi Gomes,2025-08-09 12:27:30,noise
6399836144770,6396447956284,T268,30.6,Ravi Gomes,2025-08-09 11:18:31,noise
6399836144770,6398085325274,T724,13.6,Ravi Gomes,2025-08-08 14:03:19,noise
6399836144770,6395534105475,T724,11.3,Ravi Gomes,2025-08-08 23:06:21,noise
6399836144770,6399877395358,T268,28.4,Ravi Gomes,2025-08-07 18:17:54,noise
6399836144770,6398085325274,T268,28.1,Ravi Gomes,2025-08-07 22:00:49,noise
6399836144770,6399877395358,T268,12.3,Ravi Gomes,2025-08-07 18:01:19,noise
6399836144770,6399877395358,T268,12.6,Ravi Gomes,2025-08-06 19:02:23,noise
6399836144770,6399141407059,T724,29.4,Ravi Gomes,2025-08-05 11:02:31,noise
6399836144770,6398085325274,T268,23.2,Ravi Gomes,2025-08-05 13:09:43,noise
6399836144770,6398085325274,T268,24.9,Ravi Gomes,2025-08-04 09:21:09,noise
6399836144770,6395534105475,T268,16.0,Ravi Gomes,2025-08-04 18:29:27,noise
6399836144770,6393591747444,T724,13.6,Ravi Gomes,2025-08-04 02:14:51,noise
6399836144770,6396526010278,T268,93.7,Ravi Gomes,2025-12-27 23:05:20,noise
6399836144770,6396526010278,T268,170.0,Ravi Gomes,2025-12-08 22:18:34,noise
6399836144770,6396526010278,T268,33.9,Ravi Gomes,2025-11-24 15:14:48,noise
6399836144770,6396526010278,T268,173.1,Ravi Gomes,2025-12-29 19:13:37,noise
6399836144770,6396526010278,T268,54.8,Ravi Gomes,2025-12-22 03:29:09,noise
6399836144770,6396526010278,T268,100.6,Ravi Gomes,2025-11-25 01:03:03,noise
6395588239969,6399965853740,T671,11.4,Grace Duarte,2025-10-18 13:08:41,noise
6395588239969,6395535962322,T435,26.3,Grace Duarte,2025-10-18 20:19:45,noise
6395588239969,6392951962632,T671,29.3,Grace Duarte,2025-10-17 19:10:14,noise
6395588239969,6394573060920,T435,13.4,Grace Duarte,2025-10-16 09:17:02,noise
6395588239969,6395535962322,T435,106.2,Grace Duarte,2025-10-16 23:25:48,noise
6395588239969,6393608254537,T435,15.9,Grace Duarte,2025-10-15 20:13:12,noise
6395588239969,6395535962322,T435,3.9,Grace Duarte,2025-10-15 14:08:36,noise
6395588239969,6394856722505,T435,9.6,Grace Duarte,2025-10-14 20:10:19,noise
6395588239969,6393608254537,T435,24.4,Grace Duarte,2025-10-14 14:11:41,noise
6395588239969,6397172010892,T671,16.7,Grace Duarte,2025-10-13 13:18:17,noise
6395588239969,6391787733401,T671,20.2,Grace Duarte,2025-10-13 01:00:32,noise
6395588239969,6395657768886,T435,14.8,Grace Duarte,2025-10-12 22:19:01,noise
6395588239969,6395453540079,T435,22.5,Grace Duarte,2025-10-11 18:27:26,noise
6395588239969,6399836144770,T435,22.9,Grace Duarte,2025-10-10 16:21:44,noise
6395588239969,6395535962322,T435,10.4,Grace Duarte,2025-10-09 18:19:40,noise
6395588239969,6398085325274,T671,31.5,Grace Duarte,2025-10-08 08:17:59,noise
6395588239969,6393062613059,T671,8.0,Grace Duarte,2025-10-08 15:03:46,noise
6395588239969,6395535962322,T435,5.9,Grace Duarte,2025-10-08 15:29:37,noise
6395588239969,6395535962322,T671,13.2,Grace Duarte,2025-10-07 08:13:51,noise
6395588239969,6394573060920,T671,59.4,Grace Duarte,2025-10-06 19:03:20,noise
6395588239969,6393608254537,T435,22.1,Grace Duarte,2025-10-05 14:08:19,noise
6395588239969,6393608254537,T671,10.4,Grace Duarte,2025-10-04 22:16:05,noise
6395588239969,6395535962322,T435,8.9,Grace Duarte,2025-10-03 09:24:11,noise
6395588239969,6395136375863,T435,11.3,Grace Duarte,2025-10-03 12:22:04,noise
6395588239969,6391167752063,T435,8.7,Grace Duarte,2025-10-02 19:27:19,noise
6395588239969,6393591747444,T435,13.0,Grace Duarte,2025-10-02 16:04:18,noise
6395588239969,6396393488216,T435,28.3,Grace Duarte,2025-10-01 12:25:05,noise
6395588239969,6394573060920,T435,32.2,Grace Duarte,2025-10-01 04:00:31,noise
6395588239969,6393608254537,T671,29.4,Grace Duarte,2025-10-01 16:30:28,noise
6395588239969,6395535962322,T435,27.3,Grace Duarte,2025-09-30 20:17:18,noise
6395588239969,6393608254537,T435,15.0,Grace Duarte,2025-09-30 20:18:04,noise
6395588239969,6394573060920,T435,29.6,Grace Duarte,2025-09-29 19:22:15,noise
6395588239969,6396447956284,T435,98.4,Grace Duarte,2025-09-29 19:21:07,noise
6395588239969,6393608254537,T671,35.3,Grace Duarte,2025-09-28 05:16:56,noise
6395588239969,6394573060920,T435,17.2,Grace Duarte,2025-09-28 13:20:18,noise
6395588239969,6393608254537,T435,26.4,Grace Duarte,2025-09-27 00:19:19,noise
6395588239969,6394573060920,T435,15.7,Grace Duarte,2025-09-27 08:19:48,noise
6395588239969,6393608254537,T435,8.3,Grace Duarte,2025-09-26 13:12:16,noise
6395588239969,6393608254537,T671,36.8,Grace Duarte,2025-09-26 08:02:56,noise
6395588239969,6393608254537,T671,23.2,Grace Duarte,2025-09-25 19:01:14,noise
6395588239969,6394573060920,T671,25.6,Grace Duarte,2025-09-25 10:06:14,noise
6395588239969,6393608254537,T435,22.9,Grace Duarte,2025-09-25 17:24:38,noise
6395588239969,6392788177179,T671,2.1,Grace Duarte,2025-09-24 23:14:23,noise
6395588239969,6394573060920,T671,12.7,Grace Duarte,2025-09-23 19:22:40,noise
6395588239969,6396116554141,T435,14.7,Grace Duarte,2025-09-23 08:20:28,noise
6395588239969,6395535962322,T435,8.4,Grace Duarte,2025-09-23 21:23:51,noise
6395588239969,6394573060920,T435,31.4,Grace Duarte,2025-09-22 11:13:13,noise
6395588239969,6395535962322,T435,9.8,Grace Duarte,2025-09-22 10:00:00,noise
6395588239969,6394573060920,T435,16.1,Grace Duarte,2025-09-22 18:04:38,noise
6395588239969,6393608254537,T671,20.9,Grace Duarte,2025-09-21 11:11:01,noise
6395588239969,6393454415467,T671,43.0,Grace Duarte,2025-09-21 11:18:10,noise
6395588239969,6396042155722,T435,36.8,Grace Duarte,2025-09-20 15:03:54,noise
6395588239969,6393608254537,T671,3.7,Grace Duarte,2025-09-19 16:15:58,noise
6395588239969,6391577055581,T671,18.9,Grace Duarte,2025-09-19 11:09:29,noise
6395588239969,6394573060920,T435,39.0,Grace Duarte,2025-09-18 15:29:52,noise
6395588239969,6394573060920,T435,9.5,Grace Duarte,2025-09-18 10:05:15,noise
6395588239969,6394573060920,T435,12.4,Grace Duarte,2025-09-18 12:17:43,noise
6395588239969,6393608254537,T435,11.2,Grace Duarte,2025-09-17 20:14:39,noise
6395588239969,6395535962322,T435,4.2,Grace Duarte,2025-09-16 10:10:27,noise
6395588239969,6394573060920,T671,20.1,Grace Duarte,2025-09-15 15:21:40,noise
6395588239969,6393591747444,T435,14.9,Grace Duarte,2025-09-15 15:23:12,noise
6395588239969,6395535962322,T671,9.6,Grace Duarte,2025-09-14 17:01:57,noise
6395588239969,6394573060920,T671,41.0,Grace Duarte,2025-09-14 08:12:18,noise
6395588239969,6398095030730,T671,25.5,Grace Duarte,2025-09-13 19:27:58,noise
6395588239969,6396393488216,T435,24.1,Grace Duarte,2025-09-13 20:17:01,noise
6395588239969,6393608254537,T435,9.3,Grace Duarte,2025-09-12 03:14:14,noise
6395588239969,6396447956284,T435,7.2,Grace Duarte,2025-09-12 12:02:19,noise
6395588239969,6397775259023,T435,14.3,Grace Duarte,2025-09-11 08:05:46,noise
6395588239969,6394573060920,T435,28.0,Grace Duarte,2025-09-11 02:13:22,noise
6395588239969,6394372750872,T671,5.3,Grace Duarte,2025-09-11 17:25:43,noise
6395588239969,6395535962322,T435,19.3,Grace Duarte,2025-09-10 10:22:12,noise
6395588239969,6397207416529,T435,8.6,Grace Duarte,2025-09-10 17:24:44,noise
6395588239969,6393608254537,T671,45.2,Grace Duarte,2025-09-10 13:02:40,noise
6395588239969,6394573060920,T671,27.1,Grace Duarte,2025-09-09 04:07:29,noise
6395588239969,6393608254537,T671,11.9,Grace Duarte,2025-09-09 17:16:23,noise
6395588239969,6392517116618,T435,13.9,Grace Duarte,2025-09-09 19:26:19,noise
6395588239969,6393608254537,T671,19.0,Grace Duarte,2025-09-08 09:15:12,noise
6395588239969,6396526010278,T671,60.3,Grace Duarte,2025-09-08 15:11:57,noise
6395588239969,6394573060920,T435,59.2,Grace Duarte,2025-09-07 08:23:23,noise
6395588239969,6394573060920,T671,8.2,Grace Duarte,2025-09-07 19:11:51,noise
6395588239969,6391787733401,T435,14.1,Grace Duarte,2025-09-06 17:07:26,noise
6395588239969,6391494838799,T435,17.0,Grace Duarte,2025-09-06 20:29:08,noise
6395588239969,6395535962322,T671,29.7,Grace Duarte,2025-09-05 09:01:22,noise
6395588239969,6394573060920,T671,7.3,Grace Duarte,2025-09-04 01:07:29,noise
6395588239969,6393608254537,T671,89.7,Grace Duarte,2025-09-04 18:19:48,noise
6395588239969,6395535962322,T435,8.2,Grace Duarte,2025-09-04 11:24:46,noise
6395588239969,6393608254537,T435,24.7,Grace Duarte,2025-09-03 21:15:50,noise
6395588239969,6397172010892,T435,13.4,Grace Duarte,2025-09-03 01:10:06,noise
6395588239969,6394856722505,T671,37.4,Grace Duarte,2025-09-02 14:00:37,noise
6395588239969,6395535962322,T435,16.8,Grace Duarte,2025-09-02 15:17:28,noise
6395588239969,6394573060920,T671,27.3,Grace Duarte,2025-09-02 19:12:11,noise
6395588239969,6393608254537,T671,9.3,Grace Duarte,2025-09-01 20:17:54,noise
6395588239969,6393608254537,T671,17.0,Grace Duarte,2025-09-01 17:15:14,noise
6395588239969,6393608254537,T671,19.3,Grace Duarte,2025-08-31 11:27:25,noise
6395588239969,6393608254537,T435,63.5,Grace Duarte,2025-08-31 18:17:52,noise
6395588239969,6393608254537,T671,6.1,Grace Duarte,2025-08-30 14:06:18,noise
6395588239969,6393608254537,T435,16.9,Grace Duarte,2025-08-30 18:27:09,noise
6395588239969,6395535962322,T435,7.1,Grace Duarte,2025-08-29 10:09:32,noise
6395588239969,6391877128212,T435,43.1,Grace Duarte,2025-08-29 01:24:31,noise
6395588239969,6393694731514,T435,22.2,Grace Duarte,2025-08-28 17:15:36,noise
6395588239969,6395535962322,T435,9.6,Grace Duarte,2025-08-28 15:24:23,noise
6395588239969,6393329653115,T435,15.5,Grace Duarte,2025-08-27 15:03:44,noise
6395588239969,6393608254537,T435,19.6,Grace Duarte,2025-08-27 20:22:44,noise
6395588239969,6393608254537,T671,28.7,Grace Duarte,2025-08-26 17:12:30,noise
6395588239969,6396726642544,T435,9.5,Grace Duarte,2025-08-26 15:11:30,noise
6395588239969,6393608254537,T435,20.8,Grace Duarte,2025-08-25 09:01:33,noise
6395588239969,6399141407059,T671,22.6,Grace Duarte,2025-08-25 14:11:44,noise
6395588239969,6391319542424,T671,5.6,Grace Duarte,2025-08-24 18:16:33,noise
6395588239969,6394573060920,T435,59.9,Grace Duarte,2025-08-24 20:24:06,noise
6395588239969,6398097172985,T671,14.0,Grace Duarte,2025-08-24 19:09:13,noise
6395588239969,6393608254537,T435,15.5,Grace Duarte,2025-08-23 14:18:23,noise
6395588239969,6395535962322,T435,25.3,Grace Duarte,2025-08-22 21:13:14,noise
6395588239969,6393608254537,T435,33.3,Grace Duarte,2025-08-21 21:16:39,noise
6395588239969,6392761010721,T671,26.7,Grace Duarte,2025-08-21 15:12:29,noise
6395588239969,6394573060920,T671,9.8,Grace Duarte,2025-08-20 19:09:23,noise
6395588239969,6391167752063,T435,41.5,Grace Duarte,2025-08-19 18:28:28,noise
6395588239969,6394573060920,T671,23.4,Grace Duarte,2025-08-19 17:16:51,noise
6395588239969,6394573060920,T435,23.0,Grace Duarte,2025-08-18 01:08:34,noise
6395588239969,6393608254537,T671,19.5,Grace Duarte,2025-08-18 11:06:34,noise
6395588239969,6397172010892,T671,8.4,Grace Duarte,2025-08-18 15:03:45,noise
6395588239969,6394573060920,T671,14.4,Grace Duarte,2025-08-17 20:05:47,noise
6395588239969,6392788177179,T671,11.3,Grace Duarte,2025-08-17 08:29:18,noise
6395588239969,6396393488216,T435,14.5,Grace Duarte,2025-08-16 14:15:08,noise
6395588239969,6395535962322,T671,14.6,Grace Duarte,2025-08-15 14:23:53,noise
6395588239969,6392027898005,T671,14.2,Grace Duarte,2025-08-15 12:12:05,noise
6395588239969,6395535962322,T435,11.8,Grace Duarte,2025-08-15 21:30:31,noise
6395588239969,6393591747444,T671,16.5,Grace Duarte,2025-08-14 08:16:06,noise
6395588239969,6397959529190,T671,16.7,Grace Duarte,2025-08-14 15:15:01,noise
6395588239969,6391787733401,T435,2.8,Grace Duarte,2025-08-13 17:18:52,noise
6395588239969,6396726642544,T435,21.4,Grace Duarte,2025-08-13 20:00:56,noise
6395588239969,6396393488216,T671,62.1,Grace Duarte,2025-08-13 18:00:23,noise
6395588239969,6395535962322,T435,3.9,Grace Duarte,2025-08-12 20:00:57,noise
6395588239969,6397473530031,T671,30.5,Grace Duarte,2025-08-11 09:18:38,noise
6395588239969,6397473530031,T671,4.7,Grace Duarte,2025-08-11 05:15:29,noise
6395588239969,6398415249661,T435,21.8,Grace Duarte,2025-08-10 22:14:53,noise
6395588239969,6394573060920,T435,38.8,Grace Duarte,2025-08-09 19:01:47,noise
6395588239969,6394573060920,T671,48.8,Grace Duarte,2025-08-09 10:04:44,noise
6395588239969,6399877395358,T435,63.4,Grace Duarte,2025-08-09 20:09:19,noise
6395588239969,6394573060920,T435,8.4,Grace Duarte,2025-08-08 23:19:53,noise
6395588239969,6395535962322,T671,25.5,Grace Duarte,2025-08-08 20:17:33,noise
6395588239969,6397172010892,T435,34.7,Grace Duarte,2025-08-08 15:00:52,noise
6395588239969,6393608254537,T435,39.4,Grace Duarte,2025-08-07 15:30:55,noise
6395588239969,6394573060920,T435,34.4,Grace Duarte,2025-08-07 05:24:35,noise
6395588239969,6393608254537,T435,9.4,Grace Duarte,2025-08-06 15:05:29,noise
6395588239969,6394573060920,T435,3.1,Grace Duarte,2025-08-05 16:04:29,noise
6395588239969,6399003402039,T435,13.6,Grace Duarte,2025-08-05 13:03:36,noise
6395588239969,6392175203535,T671,12.6,Grace Duarte,2025-08-04 16:30:10,noise
6399003402039,6392761010721,T896,24.7,Cara Okafor,2025-10-18 22:10:12,noise
6399003402039,6399877395358,T896,8.9,Cara Okafor,2025-10-18 09:19:42,noise
6399003402039,6397695360968,T896,17.0,Cara Okafor,2025-10-18 10:28:37,noise
6399003402039,6399096359352,T896,7.1,Cara Okafor,2025-10-17 23:25:27,noise
6399003402039,6392761010721,T896,26.8,Cara Okafor,2025-10-16 15:10:57,noise
6399003402039,6391282991519,T971,57.5,Cara Okafor,2025-10-15 19:01:14,noise
6399003402039,6399877395358,T896,29.1,Cara Okafor,2025-10-15 16:17:40,noise
6399003402039,6399096359352,T971,29.6,Cara Okafor,2025-10-14 16:07:02,noise
6399003402039,6393549070850,T971,22.7,Cara Okafor,2025-10-14 17:27:36,noise
6399003402039,6393549070850,T896,5.6,Cara Okafor,2025-10-13 02:29:13,noise
6399003402039,6399096359352,T971,12.3,Cara Okafor,2025-10-12 21:12:51,noise
6399003402039,6391392356697,T971,41.7,Cara Okafor,2025-10-12 04:02:00,noise
6399003402039,6399085717386,T896,18.9,Cara Okafor,2025-10-12 12:20:16,noise
6399003402039,6393549070850,T896,13.8,Cara Okafor,2025-10-11 12:05:17,noise
6399003402039,6399877395358,T971,15.3,Cara Okafor,2025-10-11 16:04:15,noise
6399003402039,6395453540079,T971,33.5,Cara Okafor,2025-10-11 19:14:20,noise
6399003402039,6393549070850,T971,10.2,Cara Okafor,2025-10-10 19:09:11,noise
6399003402039,6399096359352,T896,9.1,Cara Okafor,2025-10-09 22:05:08,noise
6399003402039,6399877395358,T971,15.6,Cara Okafor,2025-10-09 12:03:31,noise
6399003402039,6393549070850,T896,22.9,Cara Okafor,2025-10-08 16:09:19,noise
6399003402039,6393549070850,T896,18.4,Cara Okafor,2025-10-08 11:23:03,noise
6399003402039,6399877395358,T971,28.2,Cara Okafor,2025-10-07 23:14:23,noise
6399003402039,6393549070850,T971,20.9,Cara Okafor,2025-10-07 10:19:22,noise
6399003402039,6393549070850,T971,18.3,Cara Okafor,2025-10-06 18:13:17,noise
6399003402039,6392517116618,T896,24.1,Cara Okafor,2025-10-06 10:19:58,noise
6399003402039,6397473500175,T896,124.1,Cara Okafor,2025-10-05 08:24:52,noise
6399003402039,6398085325274,T971,28.9,Cara Okafor,2025-10-05 16:02:07,noise
6399003402039,6399877395358,T896,18.2,Cara Okafor,2025-10-05 08:02:07,noise
6399003402039,6393549070850,T971,1.4,Cara Okafor,2025-10-04 09:28:23,noise
6399003402039,6391392356697,T896,28.5,Cara Okafor,2025-10-03 19:16:08,noise
6399003402039,6399877395358,T896,21.3,Cara Okafor,2025-10-03 19:11:57,noise
6399003402039,6392464364634,T896,36.4,Cara Okafor,2025-10-02 09:16:36,noise
6399003402039,6392464364634,T971,10.1,Cara Okafor,2025-10-02 19:00:41,noise
6399003402039,6399877395358,T971,16.1,Cara Okafor,2025-10-01 19:12:07,noise
6399003402039,6399877395358,T971,22.7,Cara Okafor,2025-10-01 15:07:39,noise
6399003402039,6399877395358,T896,18.9,Cara Okafor,2025-09-30 10:20:05,noise
6399003402039,6399877395358,T971,29.9,Cara Okafor,2025-09-30 13:04:06,noise
6399003402039,6391302712293,T971,18.4,Cara Okafor,2025-09-29 16:24:09,noise
6399003402039,6398085325274,T896,22.6,Cara Okafor,2025-09-29 09:01:18,noise
6399003402039,6399877395358,T896,8.1,Cara Okafor,2025-09-28 20:11:46,noise
6399003402039,6391577055581,T971,17.2,Cara Okafor,2025-09-27 14:10:25,noise
6399003402039,6391392356697,T896,21.4,Cara Okafor,2025-09-27 15:30:16,noise
6399003402039,6397775259023,T896,31.0,Cara Okafor,2025-09-26 09:26:18,noise
6399003402039,6394711330962,T971,22.4,Cara Okafor,2025-09-26 18:12:18,noise
6399003402039,6399096359352,T896,19.7,Cara Okafor,2025-09-25 20:24:30,noise
6399003402039,6394372750872,T971,9.1,Cara Okafor,2025-09-25 14:23:51,noise
6399003402039,6392322072341,T896,9.7,Cara Okafor,2025-09-24 12:23:34,noise
6399003402039,6399096359352,T971,8.7,Cara Okafor,2025-09-24 23:03:14,noise
6399003402039,6399096359352,T971,9.0,Cara Okafor,2025-09-23 18:17:32,noise
6399003402039,6393549070850,T971,53.2,Cara Okafor,2025-09-23 20:17:24,noise
6399003402039,6391282991519,T896,15.6,Cara Okafor,2025-09-23 16:18:23,noise
6399003402039,6398085325274,T896,25.4,Cara Okafor,2025-09-22 22:16:21,noise
6399003402039,6393549070850,T971,9.2,Cara Okafor,2025-09-22 22:26:08,noise
6399003402039,6397266186506,T896,40.7,Cara Okafor,2025-09-21 08:26:36,noise
6399003402039,6393549070850,T896,7.1,Cara Okafor,2025-09-21 20:05:40,noise
6399003402039,6399096359352,T896,5.4,Cara Okafor,2025-09-20 09:22:06,noise
6399003402039,6393549070850,T971,23.2,Cara Okafor,2025-09-20 18:06:11,noise
6399003402039,6399096359352,T896,46.8,Cara Okafor,2025-09-19 13:19:54,noise
6399003402039,6399096359352,T971,7.0,Cara Okafor,2025-09-18 17:06:13,noise
6399003402039,6399877395358,T896,108.1,Cara Okafor,2025-09-17 21:11:20,noise
6399003402039,6394055226921,T896,86.4,Cara Okafor,2025-09-16 11:00:57,noise
6399003402039,6399096359352,T896,18.5,Cara Okafor,2025-09-16 10:08:45,noise
6399003402039,6396688935939,T896,15.2,Cara Okafor,2025-09-15 20:15:31,noise
6399003402039,6392027898005,T971,24.6,Cara Okafor,2025-09-15 16:03:53,noise
6399003402039,6396625936508,T971,20.6,Cara Okafor,2025-09-14 19:04:41,noise
6399003402039,6399836144770,T896,42.5,Cara Okafor,2025-09-14 20:28:24,noise
6399003402039,6399096359352,T896,22.1,Cara Okafor,2025-09-14 15:19:32,noise
6399003402039,6393549070850,T896,25.5,Cara Okafor,2025-09-13 15:08:25,noise
6399003402039,6399877395358,T971,6.0,Cara Okafor,2025-09-12 20:27:36,noise
6399003402039,6399877395358,T896,28.7,Cara Okafor,2025-09-12 15:09:24,noise
6399003402039,6399877395358,T971,23.2,Cara Okafor,2025-09-11 17:05:36,noise
6399003402039,6396109116629,T896,23.6,Cara Okafor,2025-09-11 08:07:46,noise
6399003402039,6391392356697,T971,22.6,Cara Okafor,2025-09-10 11:30:47,noise
6399003402039,6399096359352,T896,43.8,Cara Okafor,2025-09-09 13:25:14,noise
6399003402039,6399096359352,T971,11.5,Cara Okafor,2025-09-08 08:17:12,noise
6399003402039,6399096359352,T971,6.4,Cara Okafor,2025-09-08 03:20:38,noise
6399003402039,6391663645516,T896,33.6,Cara Okafor,2025-09-07 21:26:34,noise
6399003402039,6399241777448,T896,25.7,Cara Okafor,2025-09-07 12:10:54,noise
6399003402039,6399877395358,T896,16.3,Cara Okafor,2025-09-06 01:20:56,noise
6399003402039,6399877395358,T971,17.6,Cara Okafor,2025-09-06 10:26:26,noise
6399003402039,6395588265198,T971,15.0,Cara Okafor,2025-09-05 20:12:42,noise
6399003402039,6391167752063,T971,23.9,Cara Okafor,2025-09-04 16:09:12,noise
6399003402039,6399096359352,T971,18.4,Cara Okafor,2025-09-04 03:07:56,noise
6399003402039,6399096359352,T896,12.2,Cara Okafor,2025-09-03 14:21:56,noise
6399003402039,6393549070850,T896,28.9,Cara Okafor,2025-09-03 15:20:02,noise
6399003402039,6399877395358,T896,11.0,Cara Okafor,2025-09-03 14:13:18,noise
6399003402039,6399096359352,T896,3.3,Cara Okafor,2025-09-02 11:04:50,noise
6399003402039,6399877395358,T896,11.7,Cara Okafor,2025-09-02 14:09:24,noise
6399003402039,6399141407059,T896,37.5,Cara Okafor,2025-09-01 15:25:10,noise
6399003402039,6395324391443,T971,24.7,Cara Okafor,2025-09-01 11:02:49,noise
6399003402039,6399003402039,T971,23.4,Cara Okafor,2025-08-31 19:25:42,noise
6399003402039,6399877395358,T971,4.5,Cara Okafor,2025-08-30 16:28:42,noise
6399003402039,6399096359352,T971,50.6,Cara Okafor,2025-08-30 10:20:08,noise
6399003402039,6399877395358,T896,31.0,Cara Okafor,2025-08-30 13:05:16,noise
6399003402039,6393549070850,T896,15.3,Cara Okafor,2025-08-29 01:23:12,noise
6399003402039,6399877395358,T971,9.0,Cara Okafor,2025-08-28 14:01:18,noise
6399003402039,6393329653115,T971,25.0,Cara Okafor,2025-08-28 14:13:45,noise
6399003402039,6399096359352,T896,10.9,Cara Okafor,2025-08-27 12:30:30,noise
6399003402039,6399096359352,T971,15.9,Cara Okafor,2025-08-27 19:05:47,noise
6399003402039,6393549070850,T971,54.3,Cara Okafor,2025-08-26 14:25:29,noise
6399003402039,6396121190710,T971,37.6,Cara Okafor,2025-08-26 21:09:52,noise
6399003402039,6393549070850,T896,3.6,Cara Okafor,2025-08-25 05:29:10,noise
6399003402039,6399877395358,T896,5.3,Cara Okafor,2025-08-25 13:18:40,noise
6399003402039,6399085717386,T971,3.1,Cara Okafor,2025-08-24 21:06:52,noise
6399003402039,6399604910822,T896,7.0,Cara Okafor,2025-08-23 14:22:02,noise
6399003402039,6399096359352,T896,14.3,Cara Okafor,2025-08-22 08:15:23,noise
6399003402039,6399096359352,T896,10.9,Cara Okafor,2025-08-22 19:30:17,noise
6399003402039,6391577055581,T971,9.0,Cara Okafor,2025-08-21 19:09:44,noise
6399003402039,6393549070850,T971,14.4,Cara Okafor,2025-08-20 20:00:55,noise
6399003402039,6396393488216,T971,22.9,Cara Okafor,2025-08-20 09:13:43,noise
6399003402039,6392788177179,T971,28.3,Cara Okafor,2025-08-19 04:23:18,noise
6399003402039,6393549070850,T971,23.1,Cara Okafor,2025-08-19 02:11:28,noise
6399003402039,6399877395358,T896,6.1,Cara Okafor,2025-08-18 10:24:36,noise
6399003402039,6397645850299,T896,18.2,Cara Okafor,2025-08-18 11:05:57,noise
6399003402039,6399877395358,T971,6.6,Cara Okafor,2025-08-17 20:06:18,noise
6399003402039,6399877395358,T896,13.3,Cara Okafor,2025-08-16 00:29:20,noise
6399003402039,6394513051861,T896,15.7,Cara Okafor,2025-08-16 00:04:39,noise
6399003402039,6393549070850,T896,14.4,Cara Okafor,2025-08-15 20:02:51,noise
6399003402039,6399877395358,T896,15.8,Cara Okafor,2025-08-14 21:06:51,noise
6399003402039,6398673272758,T896,40.4,Cara Okafor,2025-08-13 13:29:04,noise
6399003402039,6399096359352,T896,20.5,Cara Okafor,2025-08-13 09:28:31,noise
6399003402039,6394573060920,T896,12.8,Cara Okafor,2025-08-13 11:04:30,noise
6399003402039,6399877395358,T971,20.5,Cara Okafor,2025-08-12 16:22:43,noise
6399003402039,6393549070850,T896,13.4,Cara Okafor,2025-08-12 15:10:10,noise
6399003402039,6399096359352,T896,28.4,Cara Okafor,2025-08-11 14:25:06,noise
6399003402039,6392953177733,T896,13.8,Cara Okafor,2025-08-11 17:17:44,noise
6399003402039,6397052145323,T971,13.6,Cara Okafor,2025-08-11 15:27:20,noise
6399003402039,6395324391443,T971,21.3,Cara Okafor,2025-08-10 13:27:08,noise
6399003402039,6393549070850,T896,8.0,Cara Okafor,2025-08-09 03:29:06,noise
6399003402039,6395535962322,T896,25.5,Cara Okafor,2025-08-09 17:24:38,noise
6399003402039,6399096359352,T971,15.6,Cara Okafor,2025-08-08 14:30:56,noise
6399003402039,6393549070850,T896,9.5,Cara Okafor,2025-08-07 09:26:57,noise
6399003402039,6395453540079,T896,10.5,Cara Okafor,2025-08-07 17:01:55,noise
6399003402039,6393549070850,T896,10.6,Cara Okafor,2025-08-07 17:30:28,noise
6399003402039,6399096359352,T896,24.7,Cara Okafor,2025-08-06 10:15:13,noise
6399003402039,6399877395358,T896,17.1,Cara Okafor,2025-08-06 12:12:04,noise
6399003402039,6399877395358,T896,21.6,Cara Okafor,2025-08-05 08:09:59,noise
6399003402039,6399877395358,T896,19.3,Cara Okafor,2025-08-05 18:20:10,noise
6399003402039,6395453540079,T896,8.9,Cara Okafor,2025-08-04 17:03:43,noise
6399003402039,6398525827157,T971,23.8,Cara Okafor,2025-08-04 13:15:03,noise
6399003402039,6392464364634,T971,12.5,Cara Okafor,2025-08-04 08:12:02,noise
6395799070967,6398069375909,T654,6.9,Victor Zhou,2025-10-18 22:00:47,noise
6395799070967,6397695360968,T654,4.1,Victor Zhou,2025-10-18 15:12:05,noise
6395799070967,6393608254537,T509,15.8,Victor Zhou,2025-10-18 20:16:24,noise
6395799070967,6399241777448,T654,11.8,Victor Zhou,2025-10-17 17:28:26,noise
6395799070967,6398069375909,T654,3.7,Victor Zhou,2025-10-17 12:04:54,noise
6395799070967,6397207416529,T654,23.9,Victor Zhou,2025-10-17 13:04:51,noise
6395799070967,6393608254537,T509,7.4,Victor Zhou,2025-10-16 16:26:07,noise
6395799070967,6393608254537,T654,59.8,Victor Zhou,2025-10-16 22:20:55,noise
6395799070967,6391282991519,T509,17.9,Victor Zhou,2025-10-16 11:12:01,noise
6395799070967,6393608254537,T509,20.0,Victor Zhou,2025-10-15 04:22:00,noise
6395799070967,6394247662559,T654,28.6,Victor Zhou,2025-10-15 09:12:42,noise
6395799070967,6398069375909,T509,9.3,Victor Zhou,2025-10-14 15:20:57,noise
6395799070967,6399241777448,T509,13.3,Victor Zhou,2025-10-13 08:00:53,noise
6395799070967,6392375347403,T509,2.8,Victor Zhou,2025-10-13 19:25:06,noise
6395799070967,6397775259023,T509,6.8,Victor Zhou,2025-10-12 13:30:13,noise
6395799070967,6393694731514,T654,25.8,Victor Zhou,2025-10-12 10:27:47,noise
6395799070967,6393329653115,T509,12.0,Victor Zhou,2025-10-11 10:09:59,noise
6395799070967,6393332370721,T654,33.6,Victor Zhou,2025-10-10 16:14:27,noise
6395799070967,6393608254537,T509,18.5,Victor Zhou,2025-10-10 09:28:37,noise
6395799070967,6391282991519,T509,18.2,Victor Zhou,2025-10-10 11:12:16,noise
6395799070967,6393062613059,T654,6.7,Victor Zhou,2025-10-09 18:00:13,noise
6395799070967,6392788177179,T654,21.0,Victor Zhou,2025-10-09 17:11:48,noise
6395799070967,6398069375909,T654,7.4,Victor Zhou,2025-10-09 02:05:56,noise
6395799070967,6394508672370,T509,78.2,Victor Zhou,2025-10-08 22:05:22,noise
6395799070967,6393608254537,T509,30.0,Victor Zhou,2025-10-08 00:28:51,noise
6395799070967,6398069375909,T509,36.4,Victor Zhou,2025-10-07 18:14:37,noise
6395799070967,6391282991519,T654,25.2,Victor Zhou,2025-10-07 08:20:47,noise
6395799070967,6391282991519,T654,7.6,Victor Zhou,2025-10-07 11:22:54,noise
6395799070967,6393608254537,T509,33.3,Victor Zhou,2025-10-06 00:13:36,noise
6395799070967,6391282991519,T654,69.7,Victor Zhou,2025-10-06 12:03:31,noise
6395799070967,6399965853740,T509,25.0,Victor Zhou,2025-10-05 23:22:33,noise
6395799070967,6396726642544,T509,12.6,Victor Zhou,2025-10-04 09:12:49,noise
6395799070967,6392464364634,T509,16.0,Victor Zhou,2025-10-04 13:16:55,noise
6395799070967,6391282991519,T509,15.2,Victor Zhou,2025-10-03 16:10:12,noise
6395799070967,6397102194949,T654,12.1,Victor Zhou,2025-10-03 19:11:49,noise
6395799070967,6391282991519,T654,11.5,Victor Zhou,2025-10-03 12:06:21,noise
6395799070967,6399241777448,T654,25.6,Victor Zhou,2025-10-02 08:11:51,noise
6395799070967,6393608254537,T509,17.0,Victor Zhou,2025-10-02 18:30:00,noise
6395799070967,6391282991519,T509,29.3,Victor Zhou,2025-10-01 14:12:19,noise
6395799070967,6399096359352,T509,33.5,Victor Zhou,2025-10-01 21:25:10,noise
6395799070967,6395137959873,T509,18.7,Victor Zhou,2025-09-30 12:16:21,noise
6395799070967,6396121190710,T509,17.5,Victor Zhou,2025-09-29 23:07:42,noise
6395799070967,6393608254537,T654,29.4,Victor Zhou,2025-09-29 20:22:06,noise
6395799070967,6398069375909,T654,15.7,Victor Zhou,2025-09-28 12:12:47,noise
6395799070967,6395958977897,T654,9.8,Victor Zhou,2025-09-28 19:06:53,noise
6395799070967,6398069375909,T654,6.0,Victor Zhou,2025-09-28 18:18:47,noise
6395799070967,6391282991519,T509,2.8,Victor Zhou,2025-09-27 18:03:53,noise
6395799070967,6392027898005,T509,18.9,Victor Zhou,2025-09-26 11:27:04,noise
6395799070967,6398069375909,T509,15.5,Victor Zhou,2025-09-25 18:27:10,noise
6395799070967,6395535962322,T654,10.5,Victor Zhou,2025-09-25 16:29:36,noise
6395799070967,6397277321210,T509,42.5,Victor Zhou,2025-09-24 19:10:43,noise
6395799070967,6391319542424,T509,24.0,Victor Zhou,2025-09-24 11:17:06,noise
6395799070967,6398069375909,T654,26.8,Victor Zhou,2025-09-24 12:01:54,noise
6395799070967,6398069375909,T509,22.4,Victor Zhou,2025-09-23 23:23:23,noise
6395799070967,6398069375909,T654,18.9,Victor Zhou,2025-09-23 18:21:13,noise
6395799070967,6398069375909,T509,9.9,Victor Zhou,2025-09-22 23:00:31,noise
6395799070967,6397207416529,T654,40.7,Victor Zhou,2025-09-22 09:23:37,noise
6395799070967,6391282991519,T509,7.9,Victor Zhou,2025-09-22 11:05:35,noise
6395799070967,6395799070967,T654,47.7,Victor Zhou,2025-09-21 14:24:33,noise
6395799070967,6391282991519,T509,13.0,Victor Zhou,2025-09-20 22:22:24,noise
6395799070967,6393134974031,T654,6.3,Victor Zhou,2025-09-20 11:10:58,noise
6395799070967,6391282991519,T654,7.9,Victor Zhou,2025-09-20 13:22:49,noise
6395799070967,6399003402039,T509,13.2,Victor Zhou,2025-09-19 12:15:22,noise
6395799070967,6391877128212,T654,2.8,Victor Zhou,2025-09-19 23:11:09,noise
6395799070967,6398186138815,T509,3.1,Victor Zhou,2025-09-18 00:11:16,noise
6395799070967,6397695360968,T654,5.3,Victor Zhou,2025-09-18 11:09:57,noise
6395799070967,6398673272758,T509,19.2,Victor Zhou,2025-09-17 14:03:48,noise
6395799070967,6398069375909,T654,7.7,Victor Zhou,2025-09-17 03:19:14,noise
6395799070967,6398595696705,T654,20.6,Victor Zhou,2025-09-16 16:16:45,noise
6395799070967,6391282991519,T654,7.6,Victor Zhou,2025-09-16 14:22:16,noise
6395799070967,6391282991519,T654,30.6,Victor Zhou,2025-09-16 15:11:26,noise
6395799070967,6396109116629,T654,19.2,Victor Zhou,2025-09-15 10:14:10,noise
6395799070967,6391282991519,T509,10.2,Victor Zhou,2025-09-15 15:00:20,noise
6395799070967,6391319542424,T509,5.2,Victor Zhou,2025-09-14 19:04:04,noise
6395799070967,6393004154125,T509,6.2,Victor Zhou,2025-09-14 11:01:08,noise
6395799070967,6393608254537,T509,16.8,Victor Zhou,2025-09-13 08:14:02,noise
6395799070967,6397645850299,T654,16.0,Victor Zhou,2025-09-12 14:24:29,noise
6395799070967,6391282991519,T654,7.6,Victor Zhou,2025-09-12 21:07:44,noise
6395799070967,6398069375909,T509,9.5,Victor Zhou,2025-09-11 20:22:36,noise
6395799070967,6399804243491,T509,2.8,Victor Zhou,2025-09-10 00:23:06,noise
6395799070967,6393608254537,T509,27.1,Victor Zhou,2025-09-10 14:21:28,noise
6395799070967,6399487367347,T509,8.6,Victor Zhou,2025-09-09 04:05:48,noise
6395799070967,6395958977897,T509,5.9,Victor Zhou,2025-09-08 13:06:52,noise
6395799070967,6397052145323,T654,67.8,Victor Zhou,2025-09-08 09:20:54,noise
6395799070967,6393608254537,T654,2.0,Victor Zhou,2025-09-07 23:08:37,noise
6395799070967,6396726642544,T654,27.9,Victor Zhou,2025-09-07 09:26:24,noise
6395799070967,6398069375909,T654,30.2,Victor Zhou,2025-09-06 14:22:00,noise
6395799070967,6395137959873,T654,8.3,Victor Zhou,2025-09-06 14:12:16,noise
6395799070967,6391577055581,T509,30.3,Victor Zhou,2025-09-05 12:25:47,noise
6395799070967,6391877128212,T654,32.4,Victor Zhou,2025-09-05 15:02:57,noise
6395799070967,6396109116629,T509,17.9,Victor Zhou,2025-09-04 18:11:56,noise
6395799070967,6398069375909,T509,38.2,Victor Zhou,2025-09-04 04:08:44,noise
6395799070967,6391282991519,T654,9.7,Victor Zhou,2025-09-03 18:01:04,noise
6395799070967,6391282991519,T654,13.8,Victor Zhou,2025-09-02 22:06:59,noise
6395799070967,6391282991519,T654,16.9,Victor Zhou,2025-09-02 09:24:26,noise
6395799070967,6392705348834,T509,16.7,Victor Zhou,2025-09-01 13:18:31,noise
6395799070967,6398069375909,T509,11.9,Victor Zhou,2025-09-01 16:05:23,noise
6395799070967,6392375347403,T509,29.8,Victor Zhou,2025-09-01 12:13:21,noise
6395799070967,6393608254537,T509,28.8,Victor Zhou,2025-08-31 11:30:30,noise
6395799070967,6397695360968,T509,13.5,Victor Zhou,2025-08-31 13:22:24,noise
6395799070967,6398069375909,T654,9.9,Victor Zhou,2025-08-31 19:05:08,noise
6395799070967,6393608254537,T654,24.7,Victor Zhou,2025-08-30 20:01:11,noise
6395799070967,6398069375909,T509,11.5,Victor Zhou,2025-08-30 22:20:17,noise
6395799070967,6393608254537,T654,21.1,Victor Zhou,2025-08-30 15:28:02,noise
6395799070967,6393608254537,T509,6.1,Victor Zhou,2025-08-29 17:08:54,noise
6395799070967,6391282991519,T509,9.1,Victor Zhou,2025-08-29 09:13:53,noise
6395799070967,6398069375909,T509,79.2,Victor Zhou,2025-08-28 08:10:53,noise
6395799070967,6394711330962,T509,43.7,Victor Zhou,2025-08-28 14:28:19,noise
6395799070967,6392951962632,T509,12.8,Victor Zhou,2025-08-28 08:18:47,noise
6395799070967,6398069375909,T654,6.2,Victor Zhou,2025-08-27 16:24:44,noise
6395799070967,6391282991519,T509,19.6,Victor Zhou,2025-08-27 17:23:49,noise
6395799070967,6391282991519,T509,12.8,Victor Zhou,2025-08-26 17:09:58,noise
6395799070967,6398595696705,T654,11.1,Victor Zhou,2025-08-26 23:02:57,noise
6395799070967,6392464364634,T654,15.1,Victor Zhou,2025-08-25 11:19:52,noise
6395799070967,6392788177179,T509,32.6,Victor Zhou,2025-08-25 08:19:39,noise
6395799070967,6391282991519,T509,14.4,Victor Zhou,2025-08-24 12:00:31,noise
6395799070967,6396109116629,T654,18.2,Victor Zhou,2025-08-24 17:00:01,noise
6395799070967,6398069375909,T509,31.8,Victor Zhou,2025-08-24 12:21:48,noise
6395799070967,6398069375909,T509,9.3,Victor Zhou,2025-08-23 19:00:15,noise
6395799070967,6393608254537,T509,15.6,Victor Zhou,2025-08-23 02:30:00,noise
6395799070967,6393608254537,T509,9.9,Victor Zhou,2025-08-22 17:24:57,noise
6395799070967,6393608254537,T654,27.9,Victor Zhou,2025-08-22 20:07:58,noise
6395799070967,6391282991519,T509,6.3,Victor Zhou,2025-08-21 14:04:12,noise
6395799070967,6391282991519,T654,9.9,Victor Zhou,2025-08-21 13:02:31,noise
6395799070967,6397645850299,T509,5.1,Victor Zhou,2025-08-21 09:11:17,noise
6395799070967,6393608254537,T509,110.0,Victor Zhou,2025-08-20 13:12:29,noise
6395799070967,6393608254537,T654,25.0,Victor Zhou,2025-08-20 12:24:22,noise
6395799070967,6398069375909,T654,19.2,Victor Zhou,2025-08-19 20:10:10,noise
6395799070967,6393608254537,T654,8.7,Victor Zhou,2025-08-18 14:22:17,noise
6395799070967,6392788177179,T654,8.3,Victor Zhou,2025-08-18 09:06:14,noise
6395799070967,6398069375909,T509,16.5,Victor Zhou,2025-08-18 20:25:32,noise
6395799070967,6398069375909,T509,16.9,Victor Zhou,2025-08-17 13:11:43,noise
6395799070967,6398069375909,T509,64.0,Victor Zhou,2025-08-17 08:07:17,noise
6395799070967,6391282991519,T509,11.0,Victor Zhou,2025-08-16 11:23:34,noise
6395799070967,6393608254537,T654,23.5,Victor Zhou,2025-08-15 20:21:59,noise
6395799070967,6398069375909,T509,13.8,Victor Zhou,2025-08-14 16:22:17,noise
6395799070967,6398673272758,T509,8.1,Victor Zhou,2025-08-13 21:21:48,noise
6395799070967,6398069375909,T654,14.2,Victor Zhou,2025-08-12 13:09:09,noise
6395799070967,6392788177179,T654,9.1,Victor Zhou,2025-08-12 13:16:17,noise
6395799070967,6398525827157,T509,5.9,Victor Zhou,2025-08-11 19:17:37,noise
6395799070967,6391282991519,T509,5.2,Victor Zhou,2025-08-10 10:08:46,noise
6395799070967,6398069375909,T509,4.9,Victor Zhou,2025-08-10 03:05:14,noise
6395799070967,6391282991519,T509,24.8,Victor Zhou,2025-08-09 19:27:37,noise
6395799070967,6398069375909,T509,13.5,Victor Zhou,2025-08-09 19:20:45,noise
6395799070967,6399836144770,T509,33.7,Victor Zhou,2025-08-08 08:27:41,noise
6395799070967,6398069375909,T509,14.9,Victor Zhou,2025-08-08 19:12:30,noise
6395799070967,6391282991519,T509,17.9,Victor Zhou,2025-08-07 10:17:57,noise
6395799070967,6398069375909,T509,16.9,Victor Zhou,2025-08-07 08:05:23,noise
6395799070967,6391282991519,T654,100.0,Victor Zhou,2025-08-06 13:00:10,noise
6395799070967,6393062613059,T654,27.6,Victor Zhou,2025-08-06 15:16:04,noise
6395799070967,6397102194949,T654,9.5,Victor Zhou,2025-08-06 13:18:52,noise
6395799070967,6393608254537,T509,9.0,Victor Zhou,2025-08-05 09:14:24,noise
6395799070967,6393608254537,T509,19.8,Victor Zhou,2025-08-04 10:12:13,noise
6392464364634,6399696031872,T627,16.3,Zane Alvarez,2025-10-18 03:06:42,noise
6392464364634,6397207416529,T627,17.2,Zane Alvarez,2025-10-18 13:07:19,noise
6392464364634,6391877128212,T627,57.2,Zane Alvarez,2025-10-17 13:02:06,noise
6392464364634,6399096359352,T627,30.6,Zane Alvarez,2025-10-17 14:15:21,noise
6392464364634,6396447956284,T596,17.5,Zane Alvarez,2025-10-16 21:12:55,noise
6392464364634,6396116554141,T627,52.9,Zane Alvarez,2025-10-16 18:12:54,noise
6392464364634,6391171674512,T627,33.2,Zane Alvarez,2025-10-16 16:03:49,noise
6392464364634,6397761210582,T627,8.0,Zane Alvarez,2025-10-15 19:07:45,noise
6392464364634,6394508672370,T596,19.3,Zane Alvarez,2025-10-15 23:28:08,noise
6392464364634,6397761210582,T627,17.1,Zane Alvarez,2025-10-15 12:08:49,noise
6392464364634,6397761210582,T627,16.9,Zane Alvarez,2025-10-14 13:28:16,noise
6392464364634,6393134974031,T627,13.2,Zane Alvarez,2025-10-14 22:05:23,noise
6392464364634,6392705348834,T596,4.6,Zane Alvarez,2025-10-14 12:29:02,noise
6392464364634,6397761210582,T627,10.0,Zane Alvarez,2025-10-13 23:28:34,noise
6392464364634,6392705348834,T627,5.8,Zane Alvarez,2025-10-13 18:16:24,noise
6392464364634,6392705348834,T596,18.8,Zane Alvarez,2025-10-12 19:09:05,noise
6392464364634,6396042155722,T627,32.5,Zane Alvarez,2025-10-12 22:14:15,noise
6392464364634,6393062613059,T627,32.3,Zane Alvarez,2025-10-11 13:12:07,noise
6392464364634,6397761210582,T627,31.4,Zane Alvarez,2025-10-11 22:15:46,noise
6392464364634,6392761010721,T627,18.1,Zane Alvarez,2025-10-10 14:11:11,noise
6392464364634,6392705348834,T627,14.3,Zane Alvarez,2025-10-10 20:05:44,noise
6392464364634,6395453540079,T627,13.1,Zane Alvarez,2025-10-10 18:11:56,noise
6392464364634,6392027898005,T627,6.4,Zane Alvarez,2025-10-09 11:04:32,noise
6392464364634,6392705348834,T596,7.2,Zane Alvarez,2025-10-09 19:16:12,noise
6392464364634,6393332370721,T627,12.0,Zane Alvarez,2025-10-08 22:23:18,noise
6392464364634,6393825956914,T627,62.8,Zane Alvarez,2025-10-07 04:20:16,noise
6392464364634,6396109116629,T596,25.7,Zane Alvarez,2025-10-06 18:02:41,noise
6392464364634,6392705348834,T627,27.7,Zane Alvarez,2025-10-06 12:15:02,noise
6392464364634,6392705348834,T627,8.6,Zane Alvarez,2025-10-05 11:22:56,noise
6392464364634,6392761010721,T627,11.6,Zane Alvarez,2025-10-05 17:25:56,noise
6392464364634,6393332370721,T627,10.4,Zane Alvarez,2025-10-04 18:16:34,noise
6392464364634,6393332370721,T627,10.0,Zane Alvarez,2025-10-03 12:23:27,noise
6392464364634,6393332370721,T627,6.2,Zane Alvarez,2025-10-02 12:18:35,noise
6392464364634,6392705348834,T627,5.1,Zane Alvarez,2025-10-02 13:28:59,noise
6392464364634,6393332370721,T596,6.5,Zane Alvarez,2025-10-01 16:29:08,noise
6392464364634,6392027898005,T596,10.5,Zane Alvarez,2025-10-01 22:09:15,noise
6392464364634,6392705348834,T627,51.0,Zane Alvarez,2025-10-01 10:07:06,noise
6392464364634,6398595696705,T596,9.8,Zane Alvarez,2025-09-30 15:20:29,noise
6392464364634,6397761210582,T627,23.5,Zane Alvarez,2025-09-30 12:18:07,noise
6392464364634,6392951962632,T627,13.2,Zane Alvarez,2025-09-30 20:09:04,noise
6392464364634,6397761210582,T627,12.2,Zane Alvarez,2025-09-29 09:18:05,noise
6392464364634,6392705348834,T596,22.5,Zane Alvarez,2025-09-29 16:28:39,noise
6392464364634,6393332370721,T596,9.7,Zane Alvarez,2025-09-28 10:24:35,noise
6392464364634,6397761210582,T627,4.4,Zane Alvarez,2025-09-28 18:20:27,noise
6392464364634,6392705348834,T627,19.9,Zane Alvarez,2025-09-27 15:29:57,noise
6392464364634,6399696031872,T596,43.1,Zane Alvarez,2025-09-27 13:01:36,noise
6392464364634,6397761210582,T627,47.7,Zane Alvarez,2025-09-27 12:06:54,noise
6392464364634,6397761210582,T596,25.1,Zane Alvarez,2025-09-26 22:15:02,noise
6392464364634,6397761210582,T596,17.2,Zane Alvarez,2025-09-26 09:12:47,noise
6392464364634,6392705348834,T596,14.8,Zane Alvarez,2025-09-25 01:28:53,noise
6392464364634,6396726642544,T596,15.5,Zane Alvarez,2025-09-25 17:23:14,noise
6392464364634,6397761210582,T627,62.2,Zane Alvarez,2025-09-25 14:24:45,noise
6392464364634,6397277321210,T596,18.8,Zane Alvarez,2025-09-24 12:16:51,noise
6392464364634,6398069375909,T627,4.7,Zane Alvarez,2025-09-23 21:04:21,noise
6392464364634,6397761210582,T627,81.4,Zane Alvarez,2025-09-23 12:09:45,noise
6392464364634,6392705348834,T627,3.1,Zane Alvarez,2025-09-22 13:20:10,noise
6392464364634,6397479516078,T627,11.9,Zane Alvarez,2025-09-22 16:10:43,noise
6392464364634,6396625936508,T627,35.2,Zane Alvarez,2025-09-22 21:08:48,noise
6392464364634,6399487367347,T596,14.8,Zane Alvarez,2025-09-21 10:11:08,noise
6392464364634,6392705348834,T627,15.5,Zane Alvarez,2025-09-21 09:18:09,noise
6392464364634,6397959529190,T596,11.4,Zane Alvarez,2025-09-21 16:21:55,noise
6392464364634,6393332370721,T627,5.0,Zane Alvarez,2025-09-20 03:24:43,noise
6392464364634,6396688935939,T596,25.1,Zane Alvarez,2025-09-20 13:06:37,noise
6392464364634,6397326243787,T627,13.8,Zane Alvarez,2025-09-19 16:16:34,noise
6392464364634,6392705348834,T627,10.2,Zane Alvarez,2025-09-19 19:12:29,noise
6392464364634,6397761210582,T627,13.8,Zane Alvarez,2025-09-19 16:11:51,noise
6392464364634,6397982198732,T627,31.5,Zane Alvarez,2025-09-18 20:26:09,noise
6392464364634,6396109116629,T627,34.8,Zane Alvarez,2025-09-18 20:15:26,noise
6392464364634,6392705348834,T596,64.8,Zane Alvarez,2025-09-17 19:12:18,noise
6392464364634,6392705348834,T596,19.6,Zane Alvarez,2025-09-17 18:29:38,noise
6392464364634,6397761210582,T596,29.6,Zane Alvarez,2025-09-16 15:27:49,noise
6392464364634,6393332370721,T627,4.9,Zane Alvarez,2025-09-15 18:12:54,noise
6392464364634,6392705348834,T627,21.6,Zane Alvarez,2025-09-15 22:12:16,noise
6392464364634,6396625936508,T596,44.1,Zane Alvarez,2025-09-15 18:08:00,noise
6392464364634,6397761210582,T627,12.7,Zane Alvarez,2025-09-14 15:28:35,noise
6392464364634,6392705348834,T627,25.8,Zane Alvarez,2025-09-14 22:07:18,noise
6392464364634,6392705348834,T627,9.1,Zane Alvarez,2025-09-13 21:03:38,noise
6392464364634,6392705348834,T627,7.0,Zane Alvarez,2025-09-13 09:25:55,noise
6392464364634,6394573060920,T627,8.9,Zane Alvarez,2025-09-12 15:26:08,noise
6392464364634,6397761210582,T627,31.5,Zane Alvarez,2025-09-11 21:20:16,noise
6392464364634,6392705348834,T596,40.3,Zane Alvarez,2025-09-11 13:11:53,noise
6392464364634,6397761210582,T627,13.9,Zane Alvarez,2025-09-10 11:14:00,noise
6392464364634,6392705348834,T627,19.4,Zane Alvarez,2025-09-10 04:13:50,noise
6392464364634,6395534105475,T596,5.9,Zane Alvarez,2025-09-10 14:24:02,noise
6392464364634,6393332370721,T627,5.9,Zane Alvarez,2025-09-09 13:13:28,noise
6392464364634,6396121190710,T627,28.5,Zane Alvarez,2025-09-09 14:03:20,noise
6392464364634,6392705348834,T627,14.9,Zane Alvarez,2025-09-08 03:10:17,noise
6392464364634,6391392356697,T627,44.5,Zane Alvarez,2025-09-07 04:04:41,noise
6392464364634,6391302712293,T596,9.8,Zane Alvarez,2025-09-06 20:14:25,noise
6392464364634,6397761210582,T596,7.4,Zane Alvarez,2025-09-06 17:05:37,noise
6392464364634,6392705348834,T596,20.1,Zane Alvarez,2025-09-06 13:03:33,noise
6392464364634,6395933083562,T627,7.3,Zane Alvarez,2025-09-05 19:06:14,noise
6392464364634,6396042155722,T627,17.3,Zane Alvarez,2025-09-05 03:29:49,noise
6392464364634,6396688935939,T627,3.5,Zane Alvarez,2025-09-04 08:14:25,noise
6392464364634,6395137959873,T627,65.3,Zane Alvarez,2025-09-04 11:14:35,noise
6392464364634,6396109116629,T627,34.2,Zane Alvarez,2025-09-04 23:05:26,noise
6392464364634,6392705348834,T596,30.9,Zane Alvarez,2025-09-03 13:15:06,noise
6392464364634,6397761210582,T627,91.0,Zane Alvarez,2025-09-03 16:02:19,noise
6392464364634,6397761210582,T596,41.7,Zane Alvarez,2025-09-02 15:06:15,noise
6392464364634,6392705348834,T627,60.2,Zane Alvarez,2025-09-02 16:09:09,noise
6392464364634,6397761210582,T596,34.8,Zane Alvarez,2025-09-01 15:10:16,noise
6392464364634,6392705348834,T627,34.0,Zane Alvarez,2025-08-31 05:06:04,noise
6392464364634,6393332370721,T627,12.1,Zane Alvarez,2025-08-30 19:26:14,noise
6392464364634,6397473530031,T627,8.2,Zane Alvarez,2025-08-29 23:14:14,noise
6392464364634,6393332370721,T596,21.3,Zane Alvarez,2025-08-29 15:17:51,noise
6392464364634,6393332370721,T627,5.7,Zane Alvarez,2025-08-29 16:25:04,noise
6392464364634,6392705348834,T596,33.8,Zane Alvarez,2025-08-28 05:19:11,noise
6392464364634,6397761210582,T596,56.2,Zane Alvarez,2025-08-27 11:06:28,noise
6392464364634,6392705348834,T627,15.0,Zane Alvarez,2025-08-26 18:12:04,noise
6392464364634,6393332370721,T627,12.3,Zane Alvarez,2025-08-26 17:11:41,noise
6392464364634,6393549070850,T627,2.6,Zane Alvarez,2025-08-25 14:04:51,noise
6392464364634,6392705348834,T596,8.3,Zane Alvarez,2025-08-25 21:30:43,noise
6392464364634,6392705348834,T627,7.9,Zane Alvarez,2025-08-24 12:00:11,noise
6392464364634,6394055226921,T596,6.9,Zane Alvarez,2025-08-24 09:18:12,noise
6392464364634,6393332370721,T596,18.1,Zane Alvarez,2025-08-23 04:19:19,noise
6392464364634,6393625636545,T596,8.9,Zane Alvarez,2025-08-23 09:21:09,noise
6392464364634,6398595696705,T627,6.9,Zane Alvarez,2025-08-22 00:30:57,noise
6392464364634,6395657768886,T596,77.7,Zane Alvarez,2025-08-21 20:22:14,noise
6392464364634,6397479516078,T627,53.3,Zane Alvarez,2025-08-20 14:15:59,noise
6392464364634,6397761210582,T596,41.5,Zane Alvarez,2025-08-20 13:16:32,noise
6392464364634,6397761210582,T627,23.6,Zane Alvarez,2025-08-20 17:26:46,noise
6392464364634,6393332370721,T596,7.6,Zane Alvarez,2025-08-19 20:19:55,noise
6392464364634,6398525827157,T627,45.1,Zane Alvarez,2025-08-19 19:21:26,noise
6392464364634,6391663645516,T596,13.2,Zane Alvarez,2025-08-19 22:14:50,noise
6392464364634,6393332370721,T596,20.2,Zane Alvarez,2025-08-18 14:24:38,noise
6392464364634,6393332370721,T627,21.0,Zane Alvarez,2025-08-18 10:30:33,noise
6392464364634,6393608254537,T627,46.6,Zane Alvarez,2025-08-17 13:19:05,noise
6392464364634,6393454415467,T627,34.1,Zane Alvarez,2025-08-17 21:13:20,noise
6392464364634,6393332370721,T596,41.0,Zane Alvarez,2025-08-17 16:15:21,noise
6392464364634,6393869319540,T596,6.3,Zane Alvarez,2025-08-16 19:29:09,noise
6392464364634,6392464364634,T596,48.5,Zane Alvarez,2025-08-16 12:11:12,noise
6392464364634,6397761210582,T627,5.1,Zane Alvarez,2025-08-15 08:08:17,noise
6392464364634,6391167752063,T596,3.8,Zane Alvarez,2025-08-15 17:28:52,noise
6392464364634,6392705348834,T596,12.7,Zane Alvarez,2025-08-14 19:19:28,noise
6392464364634,6392761010721,T627,37.4,Zane Alvarez,2025-08-14 17:28:02,noise
6392464364634,6393332370721,T596,15.2,Zane Alvarez,2025-08-13 12:21:37,noise
6392464364634,6393332370721,T596,20.0,Zane Alvarez,2025-08-13 19:18:50,noise
6392464364634,6397645850299,T627,4.1,Zane Alvarez,2025-08-12 17:20:30,noise
6392464364634,6394711330962,T627,50.0,Zane Alvarez,2025-08-12 17:25:32,noise
6392464364634,6393332370721,T627,18.2,Zane Alvarez,2025-08-12 08:18:02,noise
6392464364634,6393332370721,T627,13.4,Zane Alvarez,2025-08-11 08:30:55,noise
6392464364634,6399804243491,T627,4.1,Zane Alvarez,2025-08-11 10:01:56,noise
6392464364634,6391319542424,T627,45.9,Zane Alvarez,2025-08-10 17:20:48,noise
6392464364634,6397326243787,T627,15.8,Zane Alvarez,2025-08-09 22:09:09,noise
6392464364634,6398186138815,T627,23.4,Zane Alvarez,2025-08-09 15:09:01,noise
6392464364634,6397207416529,T596,40.9,Zane Alvarez,2025-08-09 17:06:28,noise
6392464364634,6392705348834,T627,1.1,Zane Alvarez,2025-08-08 16:27:34,noise
6392464364634,6397156535284,T627,20.9,Zane Alvarez,2025-08-07 15:00:50,noise
6392464364634,6393332370721,T627,19.9,Zane Alvarez,2025-08-07 22:11:22,noise
6392464364634,6392705348834,T596,5.9,Zane Alvarez,2025-08-06 12:30:04,noise
6392464364634,6394711330962,T596,8.5,Zane Alvarez,2025-08-06 00:19:14,noise
6392464364634,6392705348834,T596,26.5,Zane Alvarez,2025-08-05 18:03:59,noise
6392464364634,6393332370721,T627,38.6,Zane Alvarez,2025-08-05 11:08:55,noise
6392464364634,6394055226921,T627,24.4,Zane Alvarez,2025-08-04 12:11:21,noise
6392464364634,6393332370721,T596,6.4,Zane Alvarez,2025-08-04 08:04:38,noise
6393625636545,6397052145323,T812,16.2,Hugo Yamamoto,2025-10-18 09:10:37,noise
6393625636545,6399096359352,T812,13.1,Hugo Yamamoto,2025-10-17 11:23:13,noise
6393625636545,6399096359352,T812,8.1,Hugo Yamamoto,2025-10-17 18:19:01,noise
6393625636545,6397052145323,T812,14.4,Hugo Yamamoto,2025-10-16 11:00:53,noise
6393625636545,6395657768886,T891,19.9,Hugo Yamamoto,2025-10-16 20:04:42,noise
6393625636545,6399096359352,T891,14.6,Hugo Yamamoto,2025-10-16 15:20:27,noise
6393625636545,6395453540079,T812,28.8,Hugo Yamamoto,2025-10-15 20:16:45,noise
6393625636545,6399096359352,T812,29.7,Hugo Yamamoto,2025-10-15 09:24:35,noise
6393625636545,6396726642544,T812,1.8,Hugo Yamamoto,2025-10-15 18:16:55,noise
6393625636545,6392464364634,T812,33.2,Hugo Yamamoto,2025-10-14 13:09:52,noise
6393625636545,6395682267963,T812,14.4,Hugo Yamamoto,2025-10-14 10:08:44,noise
6393625636545,6399096359352,T891,32.0,Hugo Yamamoto,2025-10-13 08:21:46,noise
6393625636545,6397052145323,T812,7.2,Hugo Yamamoto,2025-10-13 11:17:42,noise
6393625636545,6397479516078,T812,15.3,Hugo Yamamoto,2025-10-12 09:08:37,noise
6393625636545,6392953177733,T891,11.4,Hugo Yamamoto,2025-10-11 19:07:41,noise
6393625636545,6399096359352,T812,16.4,Hugo Yamamoto,2025-10-11 16:05:01,noise
6393625636545,6395657768886,T891,38.2,Hugo Yamamoto,2025-10-11 05:16:49,noise
6393625636545,6399096359352,T891,6.7,Hugo Yamamoto,2025-10-10 04:16:33,noise
6393625636545,6397982198732,T891,25.2,Hugo Yamamoto,2025-10-10 14:28:13,noise
6393625636545,6399096359352,T891,5.9,Hugo Yamamoto,2025-10-09 17:16:28,noise
6393625636545,6397052145323,T891,3.5,Hugo Yamamoto,2025-10-08 19:22:50,noise
6393625636545,6395657768886,T812,14.9,Hugo Yamamoto,2025-10-08 12:17:57,noise
6393625636545,6396198739962,T812,9.8,Hugo Yamamoto,2025-10-07 12:15:38,noise
6393625636545,6399096359352,T891,8.7,Hugo Yamamoto,2025-10-07 23:21:07,noise
6393625636545,6393694731514,T812,11.8,Hugo Yamamoto,2025-10-07 20:09:18,noise
6393625636545,6397052145323,T891,6.7,Hugo Yamamoto,2025-10-06 15:11:38,noise
6393625636545,6399096359352,T812,22.2,Hugo Yamamoto,2025-10-06 11:29:39,noise
6393625636545,6397645850299,T891,9.2,Hugo Yamamoto,2025-10-05 11:26:50,noise
6393625636545,6397052145323,T812,73.0,Hugo Yamamoto,2025-10-04 20:04:44,noise
6393625636545,6395657768886,T812,13.6,Hugo Yamamoto,2025-10-04 10:00:01,noise
6393625636545,6395657768886,T891,9.4,Hugo Yamamoto,2025-10-03 16:27:30,noise
6393625636545,6397052145323,T812,15.3,Hugo Yamamoto,2025-10-03 12:16:18,noise
6393625636545,6396526010278,T891,9.2,Hugo Yamamoto,2025-10-02 08:00:17,noise
6393625636545,6393694731514,T812,6.3,Hugo Yamamoto,2025-10-01 15:19:48,noise
6393625636545,6397052145323,T812,12.2,Hugo Yamamoto,2025-10-01 20:30:57,noise
6393625636545,6396447956284,T812,8.9,Hugo Yamamoto,2025-10-01 09:14:45,noise
6393625636545,6397052145323,T812,8.4,Hugo Yamamoto,2025-09-30 13:19:32,noise
6393625636545,6397052145323,T891,21.8,Hugo Yamamoto,2025-09-30 15:08:51,noise
6393625636545,6399096359352,T812,8.0,Hugo Yamamoto,2025-09-29 12:04:01,noise
6393625636545,6397052145323,T891,17.6,Hugo Yamamoto,2025-09-28 04:06:05,noise
6393625636545,6395324391443,T812,5.7,Hugo Yamamoto,2025-09-27 09:16:00,noise
6393625636545,6397052145323,T812,26.4,Hugo Yamamoto,2025-09-27 03:11:50,noise
6393625636545,6395933083562,T812,43.1,Hugo Yamamoto,2025-09-26 16:09:10,noise
6393625636545,6397052145323,T812,11.5,Hugo Yamamoto,2025-09-26 15:15:40,noise
6393625636545,6399096359352,T891,10.3,Hugo Yamamoto,2025-09-25 15:19:35,noise
6393625636545,6395657768886,T891,10.3,Hugo Yamamoto,2025-09-25 12:03:15,noise
6393625636545,6395657768886,T812,10.2,Hugo Yamamoto,2025-09-25 12:04:31,noise
6393625636545,6394372750872,T812,23.2,Hugo Yamamoto,2025-09-24 11:23:26,noise
6393625636545,6395657768886,T891,11.9,Hugo Yamamoto,2025-09-24 22:17:59,noise
6393625636545,6395137959873,T812,21.5,Hugo Yamamoto,2025-09-23 13:26:05,noise
6393625636545,6397052145323,T891,52.9,Hugo Yamamoto,2025-09-22 13:05:29,noise
6393625636545,6399096359352,T891,92.7,Hugo Yamamoto,2025-09-22 18:08:58,noise
6393625636545,6397052145323,T812,16.3,Hugo Yamamoto,2025-09-21 20:08:46,noise
6393625636545,6391877128212,T891,8.6,Hugo Yamamoto,2025-09-20 20:01:54,noise
6393625636545,6395588239969,T812,42.7,Hugo Yamamoto,2025-09-19 04:16:13,noise
6393625636545,6395137959873,T891,86.0,Hugo Yamamoto,2025-09-19 14:01:28,noise
6393625636545,6397922188789,T891,10.9,Hugo Yamamoto,2025-09-18 10:08:31,noise
6393625636545,6395657768886,T891,10.5,Hugo Yamamoto,2025-09-18 14:02:30,noise
6393625636545,6395933083562,T891,9.6,Hugo Yamamoto,2025-09-17 22:29:31,noise
6393625636545,6399096359352,T891,35.6,Hugo Yamamoto,2025-09-17 23:10:14,noise
6393625636545,6395657768886,T891,3.5,Hugo Yamamoto,2025-09-16 15:06:40,noise
6393625636545,6397052145323,T812,9.9,Hugo Yamamoto,2025-09-15 05:28:05,noise
6393625636545,6394137438800,T812,7.7,Hugo Yamamoto,2025-09-14 15:28:20,noise
6393625636545,6399096359352,T891,43.1,Hugo Yamamoto,2025-09-13 22:02:46,noise
6393625636545,6397052145323,T812,45.5,Hugo Yamamoto,2025-09-13 17:19:14,noise
6393625636545,6397052145323,T812,13.8,Hugo Yamamoto,2025-09-13 21:29:03,noise
6393625636545,6397052145323,T891,4.4,Hugo Yamamoto,2025-09-12 02:14:33,noise
6393625636545,6399096359352,T812,32.5,Hugo Yamamoto,2025-09-11 18:01:18,noise
6393625636545,6397052145323,T812,8.4,Hugo Yamamoto,2025-09-11 08:25:23,noise
6393625636545,6395657768886,T812,12.6,Hugo Yamamoto,2025-09-10 13:24:13,noise
6393625636545,6397052145323,T812,15.1,Hugo Yamamoto,2025-09-10 16:06:12,noise
6393625636545,6397052145323,T812,5.4,Hugo Yamamoto,2025-09-09 18:19:28,noise
6393625636545,6395657768886,T891,9.4,Hugo Yamamoto,2025-09-08 11:06:04,noise
6393625636545,6395657768886,T891,30.1,Hugo Yamamoto,2025-09-08 12:07:30,noise
6393625636545,6391302712293,T891,21.8,Hugo Yamamoto,2025-09-07 14:22:57,noise
6393625636545,6397052145323,T891,12.6,Hugo Yamamoto,2025-09-07 11:06:45,noise
6393625636545,6395535962322,T812,15.1,Hugo Yamamoto,2025-09-06 08:10:01,noise
6393625636545,6395657768886,T891,8.8,Hugo Yamamoto,2025-09-06 00:04:16,noise
6393625636545,6393825956914,T812,10.4,Hugo Yamamoto,2025-09-06 16:29:49,noise
6393625636545,6397172010892,T891,9.1,Hugo Yamamoto,2025-09-05 13:16:12,noise
6393625636545,6397052145323,T891,32.8,Hugo Yamamoto,2025-09-04 17:17:39,noise
6393625636545,6397052145323,T891,7.7,Hugo Yamamoto,2025-09-04 17:00:15,noise
6393625636545,6399003402039,T812,18.3,Hugo Yamamoto,2025-09-03 10:27:36,noise
6393625636545,6395657768886,T812,24.7,Hugo Yamamoto,2025-09-03 11:11:26,noise
6393625636545,6397052145323,T891,14.1,Hugo Yamamoto,2025-09-03 09:26:13,noise
6393625636545,6395657768886,T812,11.2,Hugo Yamamoto,2025-09-02 08:30:32,noise
6393625636545,6399096359352,T812,21.6,Hugo Yamamoto,2025-09-02 22:19:49,noise
6393625636545,6395657768886,T891,10.4,Hugo Yamamoto,2025-09-01 20:24:17,noise
6393625636545,6392237426063,T891,11.9,Hugo Yamamoto,2025-09-01 14:30:12,noise
6393625636545,6399965853740,T812,9.0,Hugo Yamamoto,2025-09-01 15:13:08,noise
6393625636545,6399096359352,T812,7.6,Hugo Yamamoto,2025-08-31 18:07:45,noise
6393625636545,6397052145323,T891,12.9,Hugo Yamamoto,2025-08-31 08:15:47,noise
6393625636545,6399096359352,T812,16.5,Hugo Yamamoto,2025-08-31 14:29:07,noise
6393625636545,6395657768886,T812,17.8,Hugo Yamamoto,2025-08-30 19:20:01,noise
6393625636545,6397052145323,T812,19.0,Hugo Yamamoto,2025-08-29 12:13:35,noise
6393625636545,6396042155722,T812,11.0,Hugo Yamamoto,2025-08-28 03:05:35,noise
6393625636545,6397052145323,T812,13.3,Hugo Yamamoto,2025-08-28 14:04:40,noise
6393625636545,6395657768886,T812,43.9,Hugo Yamamoto,2025-08-28 19:16:46,noise
6393625636545,6391392356697,T812,22.0,Hugo Yamamoto,2025-08-27 23:18:41,noise
6393625636545,6392761010721,T891,10.5,Hugo Yamamoto,2025-08-27 08:29:01,noise
6393625636545,6397052145323,T812,23.9,Hugo Yamamoto,2025-08-26 10:28:50,noise
6393625636545,6399096359352,T891,18.0,Hugo Yamamoto,2025-08-26 13:02:02,noise
6393625636545,6397052145323,T812,40.9,Hugo Yamamoto,2025-08-25 15:11:43,noise
6393625636545,6395657768886,T891,7.2,Hugo Yamamoto,2025-08-25 11:25:25,noise
6393625636545,6395657768886,T812,13.1,Hugo Yamamoto,2025-08-24 04:16:38,noise
6393625636545,6395657768886,T812,23.8,Hugo Yamamoto,2025-08-24 08:16:08,noise
6393625636545,6395137959873,T812,16.9,Hugo Yamamoto,2025-08-23 13:23:01,noise
6393625636545,6397052145323,T812,32.4,Hugo Yamamoto,2025-08-22 04:19:54,noise
6393625636545,6397052145323,T812,10.4,Hugo Yamamoto,2025-08-21 11:14:18,noise
6393625636545,6391302712293,T812,29.6,Hugo Yamamoto,2025-08-21 11:05:48,noise
6393625636545,6399096359352,T812,18.0,Hugo Yamamoto,2025-08-20 12:22:10,noise
6393625636545,6391392356697,T891,20.8,Hugo Yamamoto,2025-08-20 21:24:20,noise
6393625636545,6397052145323,T812,50.8,Hugo Yamamoto,2025-08-20 09:26:04,noise
6393625636545,6397695360968,T891,8.8,Hugo Yamamoto,2025-08-19 15:21:14,noise
6393625636545,6395657768886,T812,22.2,Hugo Yamamoto,2025-08-18 23:08:33,noise
6393625636545,6399141407059,T891,41.2,Hugo Yamamoto,2025-08-18 21:19:39,noise
6393625636545,6395657768886,T812,10.2,Hugo Yamamoto,2025-08-18 08:21:48,noise
6393625636545,6397052145323,T891,43.0,Hugo Yamamoto,2025-08-17 00:27:10,noise
6393625636545,6395657768886,T812,2.9,Hugo Yamamoto,2025-08-17 15:13:20,noise
6393625636545,6395657768886,T812,28.4,Hugo Yamamoto,2025-08-16 17:03:39,noise
6393625636545,6397052145323,T812,24.9,Hugo Yamamoto,2025-08-15 09:22:09,noise
6393625636545,6399096359352,T891,24.3,Hugo Yamamoto,2025-08-15 10:10:28,noise
6393625636545,6399096359352,T891,10.1,Hugo Yamamoto,2025-08-14 16:16:31,noise
6393625636545,6399096359352,T812,13.1,Hugo Yamamoto,2025-08-14 18:09:23,noise
6393625636545,6397052145323,T812,7.8,Hugo Yamamoto,2025-08-13 22:26:35,noise
6393625636545,6399096359352,T891,15.2,Hugo Yamamoto,2025-08-13 05:20:24,noise
6393625636545,6397102194949,T812,15.1,Hugo Yamamoto,2025-08-12 16:12:19,noise
6393625636545,6399141407059,T812,59.6,Hugo Yamamoto,2025-08-12 19:20:14,noise
6393625636545,6397052145323,T812,20.2,Hugo Yamamoto,2025-08-11 09:13:36,noise
6393625636545,6392951962632,T891,32.1,Hugo Yamamoto,2025-08-11 20:18:02,noise
6393625636545,6395657768886,T891,5.0,Hugo Yamamoto,2025-08-10 20:27:20,noise
6393625636545,6397052145323,T812,50.2,Hugo Yamamoto,2025-08-10 15:18:00,noise
6393625636545,6397645850299,T812,11.8,Hugo Yamamoto,2025-08-09 16:22:43,noise
6393625636545,6399096359352,T891,7.6,Hugo Yamamoto,2025-08-09 04:08:49,noise
6393625636545,6399096359352,T812,11.1,Hugo Yamamoto,2025-08-09 22:01:48,noise
6393625636545,6397052145323,T812,13.2,Hugo Yamamoto,2025-08-08 21:02:44,noise
6393625636545,6399096359352,T812,18.3,Hugo Yamamoto,2025-08-08 10:09:46,noise
6393625636545,6395657768886,T812,12.1,Hugo Yamamoto,2025-08-08 23:03:03,noise
6393625636545,6399096359352,T891,15.4,Hugo Yamamoto,2025-08-07 13:09:05,noise
6393625636545,6399096359352,T891,14.4,Hugo Yamamoto,2025-08-06 13:23:01,noise
6393625636545,6395657768886,T891,26.2,Hugo Yamamoto,2025-08-06 12:02:09,noise
6393625636545,6395657768886,T891,38.5,Hugo Yamamoto,2025-08-06 14:27:30,noise
6393625636545,6395588265198,T891,16.9,Hugo Yamamoto,2025-08-05 10:12:09,noise
6393625636545,6397052145323,T812,16.7,Hugo Yamamoto,2025-08-05 19:20:55,noise
6393625636545,6395588265198,T812,9.5,Hugo Yamamoto,2025-08-04 16:03:25,noise
6393625636545,6393004154125,T891,17.5,Hugo Yamamoto,2025-08-04 20:20:47,noise
6393869319540,6394508672370,T195,18.2,Elena Diaz,2025-10-18 18:15:49,noise
6393869319540,6393004154125,T195,43.6,Elena Diaz,2025-10-17 16:30:28,noise
6393869319540,6391302712293,T320,47.5,Elena Diaz,2025-10-17 09:08:33,noise
6393869319540,6397761210582,T320,6.6,Elena Diaz,2025-10-16 10:20:50,noise
6393869319540,6391877128212,T320,26.9,Elena Diaz,2025-10-16 01:01:48,noise
6393869319540,6395682267963,T195,3.7,Elena Diaz,2025-10-16 19:02:07,noise
6393869319540,6399696031872,T195,11.7,Elena Diaz,2025-10-15 19:27:10,noise
6393869319540,6396198739962,T320,13.8,Elena Diaz,2025-10-15 18:04:43,noise
6393869319540,6395958977897,T320,15.1,Elena Diaz,2025-10-14 13:07:30,noise
6393869319540,6393004154125,T195,13.3,Elena Diaz,2025-10-14 04:26:19,noise
6393869319540,6391494838799,T195,4.5,Elena Diaz,2025-10-13 12:18:01,noise
6393869319540,6396198739962,T195,22.4,Elena Diaz,2025-10-12 23:23:24,noise
6393869319540,6395682267963,T320,19.6,Elena Diaz,2025-10-12 02:17:35,noise
6393869319540,6395682267963,T195,10.0,Elena Diaz,2025-10-11 11:29:43,noise
6393869319540,6396198739962,T320,18.9,Elena Diaz,2025-10-10 18:27:41,noise
6393869319540,6393549070850,T195,27.3,Elena Diaz,2025-10-10 08:15:22,noise
6393869319540,6396198739962,T320,2.9,Elena Diaz,2025-10-10 19:30:28,noise
6393869319540,6396198739962,T320,15.8,Elena Diaz,2025-10-09 19:25:49,noise
6393869319540,6399487367347,T195,34.9,Elena Diaz,2025-10-09 22:29:02,noise
6393869319540,6395682267963,T320,30.4,Elena Diaz,2025-10-09 18:05:14,noise
6393869319540,6396198739962,T320,18.7,Elena Diaz,2025-10-08 08:14:35,noise
6393869319540,6393004154125,T320,7.9,Elena Diaz,2025-10-07 23:03:53,noise
6393869319540,6393549070850,T320,27.2,Elena Diaz,2025-10-07 17:10:21,noise
6393869319540,6393329653115,T320,23.2,Elena Diaz,2025-10-07 19:18:30,noise
6393869319540,6395682267963,T195,9.4,Elena Diaz,2025-10-06 02:01:38,noise
6393869319540,6395682267963,T320,6.1,Elena Diaz,2025-10-06 21:14:51,noise
6393869319540,6393869319540,T320,59.8,Elena Diaz,2025-10-05 19:16:44,noise
6393869319540,6391392356697,T195,14.4,Elena Diaz,2025-10-04 13:30:51,noise
6393869319540,6395682267963,T195,14.4,Elena Diaz,2025-10-03 03:03:35,noise
6393869319540,6393004154125,T195,18.0,Elena Diaz,2025-10-02 12:16:00,noise
6393869319540,6395682267963,T320,24.5,Elena Diaz,2025-10-01 19:21:19,noise
6393869319540,6393736660443,T195,4.6,Elena Diaz,2025-09-30 20:12:15,noise
6393869319540,6392464364634,T195,22.6,Elena Diaz,2025-09-30 11:18:49,noise
6393869319540,6392322072341,T195,8.6,Elena Diaz,2025-09-30 18:19:11,noise
6393869319540,6392761010721,T195,55.5,Elena Diaz,2025-09-29 22:11:41,noise
6393869319540,6395682267963,T320,19.4,Elena Diaz,2025-09-29 21:18:39,noise
6393869319540,6396526010278,T195,13.1,Elena Diaz,2025-09-28 15:14:47,noise
6393869319540,6395682267963,T195,14.1,Elena Diaz,2025-09-28 13:18:20,noise
6393869319540,6396198739962,T195,32.5,Elena Diaz,2025-09-27 11:11:22,noise
6393869319540,6391663645516,T320,27.3,Elena Diaz,2025-09-26 10:15:50,noise
6393869319540,6395535962322,T320,23.1,Elena Diaz,2025-09-26 15:16:05,noise
6393869319540,6392517116618,T320,32.8,Elena Diaz,2025-09-25 13:16:57,noise
6393869319540,6392705348834,T195,32.6,Elena Diaz,2025-09-25 11:23:07,noise
6393869319540,6393591747444,T195,41.4,Elena Diaz,2025-09-24 17:10:16,noise
6393869319540,6395682267963,T195,28.6,Elena Diaz,2025-09-24 15:07:42,noise
6393869319540,6399836144770,T320,7.1,Elena Diaz,2025-09-23 14:07:43,noise
6393869319540,6399085717386,T195,5.6,Elena Diaz,2025-09-23 20:16:36,noise
6393869319540,6395682267963,T320,9.0,Elena Diaz,2025-09-22 23:12:16,noise
6393869319540,6395682267963,T195,36.1,Elena Diaz,2025-09-22 22:21:11,noise
6393869319540,6395682267963,T195,19.0,Elena Diaz,2025-09-21 23:02:53,noise
6393869319540,6393004154125,T195,11.9,Elena Diaz,2025-09-21 15:15:27,noise
6393869319540,6391319542424,T320,9.7,Elena Diaz,2025-09-21 22:17:20,noise
6393869319540,6394508672370,T195,4.5,Elena Diaz,2025-09-20 17:20:24,noise
6393869319540,6395534105475,T320,10.2,Elena Diaz,2025-09-19 22:01:15,noise
6393869319540,6393004154125,T195,39.4,Elena Diaz,2025-09-19 12:24:44,noise
6393869319540,6395682267963,T195,11.4,Elena Diaz,2025-09-18 02:20:00,noise
6393869319540,6396198739962,T195,29.0,Elena Diaz,2025-09-17 11:00:27,noise
6393869319540,6391282991519,T320,93.3,Elena Diaz,2025-09-17 00:09:58,noise
6393869319540,6396198739962,T320,10.3,Elena Diaz,2025-09-16 20:10:22,noise
6393869319540,6396198739962,T195,14.3,Elena Diaz,2025-09-16 14:29:02,noise
6393869319540,6398525827157,T195,38.5,Elena Diaz,2025-09-15 13:11:09,noise
6393869319540,6396198739962,T320,7.2,Elena Diaz,2025-09-15 18:26:48,noise
6393869319540,6396198739962,T320,23.1,Elena Diaz,2025-09-14 17:06:12,noise
6393869319540,6395682267963,T195,35.6,Elena Diaz,2025-09-14 17:28:26,noise
6393869319540,6396198739962,T320,7.5,Elena Diaz,2025-09-13 14:02:42,noise
6393869319540,6396198739962,T320,22.9,Elena Diaz,2025-09-13 14:22:54,noise
6393869319540,6395657768886,T195,9.3,Elena Diaz,2025-09-12 16:03:30,noise
6393869319540,6395682267963,T195,8.6,Elena Diaz,2025-09-12 11:03:07,noise
6393869319540,6395682267963,T195,16.8,Elena Diaz,2025-09-12 16:08:44,noise
6393869319540,6396198739962,T320,15.1,Elena Diaz,2025-09-11 12:23:53,noise
6393869319540,6396121190710,T195,6.8,Elena Diaz,2025-09-11 17:15:38,noise
6393869319540,6393004154125,T320,16.0,Elena Diaz,2025-09-10 09:00:32,noise
6393869319540,6394513051861,T195,25.6,Elena Diaz,2025-09-10 14:19:52,noise
6393869319540,6394137438800,T320,17.4,Elena Diaz,2025-09-10 14:24:37,noise
6393869319540,6393625636545,T195,67.4,Elena Diaz,2025-09-09 14:04:36,noise
6393869319540,6393329653115,T320,4.1,Elena Diaz,2025-09-09 15:03:10,noise
6393869319540,6394513051861,T195,7.0,Elena Diaz,2025-09-09 14:21:00,noise
6393869319540,6393694731514,T195,8.9,Elena Diaz,2025-09-08 18:15:57,noise
6393869319540,6399836144770,T320,6.2,Elena Diaz,2025-09-08 15:10:12,noise
6393869319540,6395682267963,T320,12.5,Elena Diaz,2025-09-08 21:17:55,noise
6393869319540,6391171674512,T320,15.2,Elena Diaz,2025-09-07 18:00:32,noise
6393869319540,6393004154125,T320,9.9,Elena Diaz,2025-09-07 10:19:31,noise
6393869319540,6393004154125,T320,12.0,Elena Diaz,2025-09-06 16:11:16,noise
6393869319540,6395682267963,T320,62.5,Elena Diaz,2025-09-06 23:23:59,noise
6393869319540,6393004154125,T320,46.2,Elena Diaz,2025-09-05 10:07:01,noise
6393869319540,6395682267963,T195,15.7,Elena Diaz,2025-09-04 09:04:17,noise
6393869319540,6396198739962,T195,23.2,Elena Diaz,2025-09-04 02:01:23,noise
6393869319540,6394573060920,T195,42.6,Elena Diaz,2025-09-04 10:22:01,noise
6393869319540,6395682267963,T320,14.8,Elena Diaz,2025-09-03 18:07:58,noise
6393869319540,6393134974031,T195,8.6,Elena Diaz,2025-09-03 18:25:45,noise
6393869319540,6392705348834,T320,17.4,Elena Diaz,2025-09-03 10:00:44,noise
6393869319540,6393004154125,T195,29.7,Elena Diaz,2025-09-02 13:08:54,noise
6393869319540,6393608254537,T195,12.6,Elena Diaz,2025-09-02 08:05:45,noise
6393869319540,6394711330962,T195,32.8,Elena Diaz,2025-09-02 13:30:45,noise
6393869319540,6395682267963,T320,24.7,Elena Diaz,2025-09-01 12:00:40,noise
6393869319540,6396198739962,T195,18.7,Elena Diaz,2025-08-31 03:29:45,noise
6393869319540,6399877395358,T195,5.7,Elena Diaz,2025-08-31 16:17:10,noise
6393869319540,6393608254537,T195,48.5,Elena Diaz,2025-08-30 20:00:01,noise
6393869319540,6396042155722,T195,22.7,Elena Diaz,2025-08-30 10:13:09,noise
6393869319540,6392951962632,T195,45.8,Elena Diaz,2025-08-30 03:27:56,noise
6393869319540,6396198739962,T195,13.0,Elena Diaz,2025-08-29 01:21:03,noise
6393869319540,6396198739962,T195,7.1,Elena Diaz,2025-08-28 16:12:46,noise
6393869319540,6391577055581,T195,15.2,Elena Diaz,2025-08-27 15:15:02,noise
6393869319540,6395657768886,T320,6.0,Elena Diaz,2025-08-26 02:17:44,noise
6393869319540,6397156535284,T195,19.2,Elena Diaz,2025-08-26 09:11:03,noise
6393869319540,6395682267963,T320,40.4,Elena Diaz,2025-08-25 08:20:30,noise
6393869319540,6396121190710,T320,12.4,Elena Diaz,2025-08-25 14:10:55,noise
6393869319540,6393004154125,T320,53.1,Elena Diaz,2025-08-25 14:01:23,noise
6393869319540,6395682267963,T195,18.2,Elena Diaz,2025-08-24 19:05:31,noise
6393869319540,6397959529190,T195,6.3,Elena Diaz,2025-08-24 12:16:02,noise
6393869319540,6396526010278,T195,10.1,Elena Diaz,2025-08-23 20:15:16,noise
6393869319540,6393004154125,T320,4.0,Elena Diaz,2025-08-23 18:20:56,noise
6393869319540,6393004154125,T195,14.3,Elena Diaz,2025-08-22 03:07:11,noise
6393869319540,6393454415467,T195,7.0,Elena Diaz,2025-08-22 04:17:58,noise
6393869319540,6393608254537,T320,40.8,Elena Diaz,2025-08-22 09:20:12,noise
6393869319540,6395682267963,T195,17.3,Elena Diaz,2025-08-21 09:15:42,noise
6393869319540,6395682267963,T195,21.1,Elena Diaz,2025-08-21 20:07:31,noise
6393869319540,6395588239969,T320,7.5,Elena Diaz,2025-08-20 11:03:08,noise
6393869319540,6393004154125,T195,53.5,Elena Diaz,2025-08-19 22:11:34,noise
6393869319540,6395682267963,T320,30.6,Elena Diaz,2025-08-19 10:09:44,noise
6393869319540,6398673272758,T195,35.6,Elena Diaz,2025-08-18 08:25:10,noise
6393869319540,6396198739962,T195,14.6,Elena Diaz,2025-08-18 15:13:37,noise
6393869319540,6395534105475,T320,16.1,Elena Diaz,2025-08-17 10:20:06,noise
6393869319540,6391319542424,T195,7.1,Elena Diaz,2025-08-17 13:13:56,noise
6393869319540,6397645850299,T195,4.9,Elena Diaz,2025-08-16 18:21:10,noise
6393869319540,6399696031872,T320,29.4,Elena Diaz,2025-08-16 12:12:01,noise
6393869319540,6396198739962,T320,6.6,Elena Diaz,2025-08-16 13:27:50,noise
6393869319540,6396198739962,T320,7.7,Elena Diaz,2025-08-15 14:11:17,noise
6393869319540,6393004154125,T195,21.3,Elena Diaz,2025-08-15 09:15:42,noise
6393869319540,6393004154125,T195,16.7,Elena Diaz,2025-08-14 19:09:00,noise
6393869319540,6396198739962,T320,21.8,Elena Diaz,2025-08-14 20:21:49,noise
6393869319540,6395682267963,T320,5.2,Elena Diaz,2025-08-13 11:05:07,noise
6393869319540,6395682267963,T195,14.7,Elena Diaz,2025-08-13 18:06:38,noise
6393869319540,6399487367347,T195,32.8,Elena Diaz,2025-08-13 10:21:58,noise
6393869319540,6391319542424,T195,15.9,Elena Diaz,2025-08-12 18:29:38,noise
6393869319540,6393004154125,T320,34.3,Elena Diaz,2025-08-12 12:13:49,noise
6393869319540,6393004154125,T320,13.7,Elena Diaz,2025-08-12 15:19:31,noise
6393869319540,6393004154125,T195,21.2,Elena Diaz,2025-08-11 05:19:51,noise
6393869319540,6396198739962,T320,17.7,Elena Diaz,2025-08-11 13:16:52,noise
6393869319540,6393004154125,T320,12.8,Elena Diaz,2025-08-10 09:14:39,noise
6393869319540,6397326243787,T195,13.9,Elena Diaz,2025-08-09 14:25:32,noise
6393869319540,6399085717386,T320,9.5,Elena Diaz,2025-08-09 12:14:58,noise
6393869319540,6396198739962,T320,12.6,Elena Diaz,2025-08-09 12:28:15,noise
6393869319540,6393004154125,T195,16.8,Elena Diaz,2025-08-08 19:05:52,noise
6393869319540,6396198739962,T195,25.4,Elena Diaz,2025-08-08 16:18:42,noise
6393869319540,6392175203535,T195,20.1,Elena Diaz,2025-08-08 08:12:10,noise
6393869319540,6395682267963,T320,14.9,Elena Diaz,2025-08-07 19:15:17,noise
6393869319540,6393004154125,T320,17.4,Elena Diaz,2025-08-07 14:19:20,noise
6393869319540,6396198739962,T320,8.8,Elena Diaz,2025-08-06 20:16:53,noise
6393869319540,6397695360968,T195,13.2,Elena Diaz,2025-08-06 20:10:03,noise
6393869319540,6395682267963,T195,15.3,Elena Diaz,2025-08-06 12:24:26,noise
6393869319540,6393004154125,T320,17.6,Elena Diaz,2025-08-05 18:21:29,noise
6393869319540,6396198739962,T320,17.2,Elena Diaz,2025-08-05 15:26:32,noise
6393869319540,6397207416529,T195,8.5,Elena Diaz,2025-08-04 09:00:41,noise
6393869319540,6391663645516,T320,7.1,Elena Diaz,2025-08-04 20:17:38,noise
6396726642544,6391051330112,T415,41.7,Priya Chen,2025-10-18 12:16:07,noise
6396726642544,6392175203535,T415,24.8,Priya Chen,2025-10-18 17:19:05,noise
6396726642544,6399241777448,T229,10.8,Priya Chen,2025-10-18 01:14:40,noise
6396726642544,6392705348834,T229,17.8,Priya Chen,2025-10-17 12:25:40,noise
6396726642544,6399241777448,T415,24.0,Priya Chen,2025-10-16 01:19:43,noise
6396726642544,6399241777448,T229,11.5,Priya Chen,2025-10-16 22:20:04,noise
6396726642544,6394513051861,T229,33.8,Priya Chen,2025-10-16 00:20:21,noise
6396726642544,6397207416529,T229,14.9,Priya Chen,2025-10-15 16:12:08,noise
6396726642544,6392175203535,T415,38.0,Priya Chen,2025-10-15 08:19:26,noise
6396726642544,6392705348834,T415,34.9,Priya Chen,2025-10-14 09:24:00,noise
6396726642544,6393869319540,T229,10.9,Priya Chen,2025-10-14 00:16:11,noise
6396726642544,6392175203535,T415,19.9,Priya Chen,2025-10-13 15:17:24,noise
6396726642544,6393004154125,T229,57.5,Priya Chen,2025-10-12 15:09:20,noise
6396726642544,6392175203535,T229,23.7,Priya Chen,2025-10-12 08:01:26,noise
6396726642544,6392705348834,T229,7.5,Priya Chen,2025-10-11 23:05:51,noise
6396726642544,6399241777448,T229,22.9,Priya Chen,2025-10-11 21:18:38,noise
6396726642544,6392705348834,T229,10.1,Priya Chen,2025-10-11 08:27:28,noise
6396726642544,6392705348834,T229,24.6,Priya Chen,2025-10-10 10:18:56,noise
6396726642544,6392705348834,T415,14.8,Priya Chen,2025-10-10 20:08:01,noise
6396726642544,6395682267963,T229,17.8,Priya Chen,2025-10-09 18:20:12,noise
6396726642544,6394711330962,T415,8.5,Priya Chen,2025-10-09 10:30:23,noise
6396726642544,6399241777448,T229,11.2,Priya Chen,2025-10-09 23:03:52,noise
6396726642544,6396121190710,T415,5.5,Priya Chen,2025-10-08 13:02:48,noise
6396726642544,6392761010721,T229,13.2,Priya Chen,2025-10-08 02:21:13,noise
6396726642544,6395136375863,T415,30.5,Priya Chen,2025-10-08 15:28:29,noise
6396726642544,6392175203535,T415,3.0,Priya Chen,2025-10-07 20:16:04,noise
6396726642544,6399241777448,T229,19.7,Priya Chen,2025-10-07 09:16:33,noise
6396726642544,6399877395358,T415,10.5,Priya Chen,2025-10-06 08:15:33,noise
6396726642544,6392705348834,T415,9.9,Priya Chen,2025-10-06 15:00:57,noise
6396726642544,6392175203535,T415,7.1,Priya Chen,2025-10-05 19:24:07,noise
6396726642544,6392175203535,T229,33.2,Priya Chen,2025-10-05 16:29:24,noise
6396726642544,6392175203535,T415,8.7,Priya Chen,2025-10-05 17:10:42,noise
6396726642544,6392175203535,T229,17.8,Priya Chen,2025-10-04 02:28:31,noise
6396726642544,6392705348834,T415,11.0,Priya Chen,2025-10-04 12:04:25,noise
6396726642544,6391494838799,T415,18.0,Priya Chen,2025-10-04 12:04:34,noise
6396726642544,6392175203535,T229,15.3,Priya Chen,2025-10-03 23:14:07,noise
6396726642544,6392175203535,T229,5.2,Priya Chen,2025-10-03 01:24:08,noise
6396726642544,6399241777448,T415,14.9,Priya Chen,2025-10-02 11:09:07,noise
6396726642544,6392705348834,T229,179.4,Priya Chen,2025-10-01 15:06:30,noise
6396726642544,6392175203535,T415,9.5,Priya Chen,2025-10-01 09:23:47,noise
6396726642544,6399241777448,T415,15.4,Priya Chen,2025-09-30 09:16:34,noise
6396726642544,6396726642544,T229,21.2,Priya Chen,2025-09-30 08:09:48,noise
6396726642544,6392705348834,T415,55.1,Priya Chen,2025-09-30 14:01:55,noise
6396726642544,6392175203535,T229,34.5,Priya Chen,2025-09-29 15:14:51,noise
6396726642544,6395324391443,T229,10.1,Priya Chen,2025-09-29 08:17:10,noise
6396726642544,6399241777448,T415,14.2,Priya Chen,2025-09-28 09:00:27,noise
6396726642544,6392175203535,T229,32.5,Priya Chen,2025-09-27 19:18:29,noise
6396726642544,6391302712293,T229,8.6,Priya Chen,2025-09-26 17:28:15,noise
6396726642544,6392705348834,T229,33.2,Priya Chen,2025-09-26 01:12:06,noise
6396726642544,6392705348834,T229,2.6,Priya Chen,2025-09-25 11:21:36,noise
6396726642544,6392705348834,T415,12.0,Priya Chen,2025-09-25 20:24:06,noise
6396726642544,6399241777448,T229,49.6,Priya Chen,2025-09-24 08:27:27,noise
6396726642544,6392175203535,T229,29.3,Priya Chen,2025-09-23 22:25:30,noise
6396726642544,6393825956914,T229,4.0,Priya Chen,2025-09-23 09:23:46,noise
6396726642544,6392175203535,T229,8.2,Priya Chen,2025-09-23 08:25:46,noise
6396726642544,6395682267963,T415,16.3,Priya Chen,2025-09-22 09:01:45,noise
6396726642544,6392175203535,T229,19.3,Priya Chen,2025-09-22 13:20:09,noise
6396726642544,6392705348834,T415,10.5,Priya Chen,2025-09-21 18:28:24,noise
6396726642544,6399241777448,T415,24.0,Priya Chen,2025-09-21 23:30:36,noise
6396726642544,6393608254537,T229,5.7,Priya Chen,2025-09-21 12:26:18,noise
6396726642544,6399241777448,T229,12.7,Priya Chen,2025-09-20 10:12:22,noise
6396726642544,6392175203535,T229,14.5,Priya Chen,2025-09-20 08:09:58,noise
6396726642544,6399241777448,T229,15.0,Priya Chen,2025-09-19 09:17:32,noise
6396726642544,6399241777448,T229,19.1,Priya Chen,2025-09-19 23:10:39,noise
6396726642544,6399241777448,T415,4.3,Priya Chen,2025-09-19 21:16:52,noise
6396726642544,6398095030730,T229,20.4,Priya Chen,2025-09-18 15:11:14,noise
6396726642544,6399241777448,T229,22.3,Priya Chen,2025-09-18 17:09:53,noise
6396726642544,6399241777448,T229,21.4,Priya Chen,2025-09-18 05:14:14,noise
6396726642544,6394711330962,T229,8.2,Priya Chen,2025-09-17 17:28:28,noise
6396726642544,6393625636545,T415,6.7,Priya Chen,2025-09-16 10:15:54,noise
6396726642544,6392705348834,T229,16.7,Priya Chen,2025-09-16 13:05:54,noise
6396726642544,6394711330962,T229,11.7,Priya Chen,2025-09-16 19:07:04,noise
6396726642544,6392705348834,T415,56.8,Priya Chen,2025-09-15 11:08:37,noise
6396726642544,6399241777448,T229,16.4,Priya Chen,2025-09-15 19:13:55,noise
6396726642544,6392175203535,T229,8.4,Priya Chen,2025-09-14 15:23:05,noise
6396726642544,6392705348834,T229,29.7,Priya Chen,2025-09-13 12:29:34,noise
6396726642544,6399241777448,T229,25.0,Priya Chen,2025-09-13 18:17:27,noise
6396726642544,6399241777448,T415,22.5,Priya Chen,2025-09-12 21:14:11,noise
6396726642544,6399241777448,T229,13.9,Priya Chen,2025-09-11 17:10:45,noise
6396726642544,6392705348834,T415,8.8,Priya Chen,2025-09-11 16:13:49,noise
6396726642544,6391171674512,T229,47.3,Priya Chen,2025-09-10 09:05:28,noise
6396726642544,6394856722505,T229,10.5,Priya Chen,2025-09-10 19:07:19,noise
6396726642544,6399965853740,T415,50.6,Priya Chen,2025-09-09 00:25:04,noise
6396726642544,6392705348834,T229,5.7,Priya Chen,2025-09-09 10:27:43,noise
6396726642544,6392175203535,T229,8.1,Priya Chen,2025-09-08 16:18:37,noise
6396726642544,6394711330962,T229,15.1,Priya Chen,2025-09-08 08:28:44,noise
6396726642544,6397479516078,T415,36.1,Priya Chen,2025-09-07 20:10:32,noise
6396726642544,6399241777448,T229,12.8,Priya Chen,2025-09-07 12:25:35,noise
6396726642544,6392175203535,T415,24.8,Priya Chen,2025-09-06 13:05:20,noise
6396726642544,6398097172985,T229,23.2,Priya Chen,2025-09-06 16:00:21,noise
6396726642544,6392175203535,T415,7.4,Priya Chen,2025-09-05 22:22:55,noise
6396726642544,6392175203535,T415,8.4,Priya Chen,2025-09-05 12:12:53,noise
6396726642544,6392705348834,T415,25.6,Priya Chen,2025-09-05 18:02:44,noise
6396726642544,6392705348834,T229,8.1,Priya Chen,2025-09-04 16:21:14,noise
6396726642544,6392175203535,T415,29.9,Priya Chen,2025-09-03 10:20:52,noise
6396726642544,6397775259023,T415,8.6,Priya Chen,2025-09-03 22:15:33,noise
6396726642544,6393608254537,T229,13.4,Priya Chen,2025-09-02 08:23:20,noise
6396726642544,6393694731514,T415,13.8,Priya Chen,2025-09-02 08:13:40,noise
6396726642544,6392175203535,T229,42.4,Priya Chen,2025-09-02 11:22:00,noise
6396726642544,6399241777448,T415,69.0,Priya Chen,2025-09-01 00:05:27,noise
6396726642544,6394711330962,T415,15.0,Priya Chen,2025-09-01 09:22:03,noise
6396726642544,6399241777448,T229,9.5,Priya Chen,2025-08-31 01:19:28,noise
6396726642544,6399241777448,T415,16.6,Priya Chen,2025-08-31 02:25:28,noise
6396726642544,6392951962632,T229,22.4,Priya Chen,2025-08-30 20:26:51,noise
6396726642544,6392705348834,T415,15.8,Priya Chen,2025-08-30 09:07:18,noise
6396726642544,6392175203535,T229,13.7,Priya Chen,2025-08-30 12:15:31,noise
6396726642544,6399241777448,T415,25.4,Priya Chen,2025-08-29 15:24:45,noise
6396726642544,6393736660443,T229,4.4,Priya Chen,2025-08-28 23:24:20,noise
6396726642544,6392175203535,T229,5.6,Priya Chen,2025-08-28 19:28:42,noise
6396726642544,6392027898005,T415,4.8,Priya Chen,2025-08-27 10:13:46,noise
6396726642544,6392705348834,T229,31.1,Priya Chen,2025-08-27 04:28:16,noise
6396726642544,6399241777448,T229,5.7,Priya Chen,2025-08-27 12:06:01,noise
6396726642544,6393825956914,T415,18.3,Priya Chen,2025-08-26 10:23:31,noise
6396726642544,6395137959873,T415,13.5,Priya Chen,2025-08-26 18:25:20,noise
6396726642544,6397479516078,T229,11.6,Priya Chen,2025-08-25 17:29:25,noise
6396726642544,6393825956914,T229,12.6,Priya Chen,2025-08-25 23:25:24,noise
6396726642544,6392705348834,T415,2.1,Priya Chen,2025-08-25 17:18:53,noise
6396726642544,6392175203535,T229,41.9,Priya Chen,2025-08-24 00:09:07,noise
6396726642544,6399836144770,T229,31.2,Priya Chen,2025-08-24 10:24:06,noise
6396726642544,6397277321210,T229,18.5,Priya Chen,2025-08-24 22:06:22,noise
6396726642544,6392175203535,T229,24.5,Priya Chen,2025-08-23 23:01:39,noise
6396726642544,6399241777448,T415,18.9,Priya Chen,2025-08-22 04:28:59,noise
6396726642544,6399241777448,T415,10.6,Priya Chen,2025-08-22 12:10:00,noise
6396726642544,6396198739962,T229,29.0,Priya Chen,2025-08-22 21:26:29,noise
6396726642544,6399241777448,T415,7.6,Priya Chen,2025-08-21 16:07:35,noise
6396726642544,6392705348834,T229,16.5,Priya Chen,2025-08-20 12:18:11,noise
6396726642544,6392705348834,T415,36.8,Priya Chen,2025-08-20 16:05:16,noise
6396726642544,6392705348834,T415,4.8,Priya Chen,2025-08-19 13:19:28,noise
6396726642544,6392175203535,T229,49.6,Priya Chen,2025-08-19 21:11:11,noise
6396726642544,6399241777448,T415,16.7,Priya Chen,2025-08-18 15:24:57,noise
6396726642544,6392705348834,T229,14.7,Priya Chen,2025-08-18 15:07:10,noise
6396726642544,6392705348834,T229,18.9,Priya Chen,2025-08-17 18:24:46,noise
6396726642544,6392175203535,T415,34.5,Priya Chen,2025-08-17 00:00:57,noise
6396726642544,6396116554141,T415,21.8,Priya Chen,2025-08-16 14:05:28,noise
6396726642544,6395136375863,T415,10.6,Priya Chen,2025-08-16 10:10:22,noise
6396726642544,6399804243491,T229,16.9,Priya Chen,2025-08-15 19:03:26,noise
6396726642544,6392705348834,T415,11.7,Priya Chen,2025-08-14 14:15:17,noise
6396726642544,6392705348834,T229,25.1,Priya Chen,2025-08-14 21:10:18,noise
6396726642544,6397207416529,T229,28.8,Priya Chen,2025-08-13 14:24:23,noise
6396726642544,6399241777448,T229,64.7,Priya Chen,2025-08-13 20:15:52,noise
6396726642544,6392705348834,T229,7.9,Priya Chen,2025-08-13 17:15:19,noise
6396726642544,6399241777448,T229,23.8,Priya Chen,2025-08-12 13:30:39,noise
6396726642544,6392175203535,T229,11.3,Priya Chen,2025-08-12 20:10:49,noise
6396726642544,6397775259023,T415,53.2,Priya Chen,2025-08-12 17:27:09,noise
6396726642544,6392705348834,T229,15.5,Priya Chen,2025-08-11 12:18:42,noise
6396726642544,6392175203535,T229,7.4,Priya Chen,2025-08-11 14:24:30,noise
6396726642544,6398069375909,T415,20.8,Priya Chen,2025-08-11 20:28:20,noise
6396726642544,6396393488216,T229,5.4,Priya Chen,2025-08-10 12:14:23,noise
6396726642544,6392175203535,T415,18.6,Priya Chen,2025-08-09 11:27:23,noise
6396726642544,6392705348834,T229,5.6,Priya Chen,2025-08-08 13:05:59,noise
6396726642544,6394513051861,T415,26.4,Priya Chen,2025-08-08 22:15:17,noise
6396726642544,6392175203535,T415,55.2,Priya Chen,2025-08-08 12:10:07,noise
6396726642544,6396198739962,T229,38.3,Priya Chen,2025-08-07 20:08:49,noise
6396726642544,6392705348834,T415,5.7,Priya Chen,2025-08-06 08:23:32,noise
6396726642544,6395534105475,T415,33.3,Priya Chen,2025-08-06 18:08:39,noise
6396726642544,6399241777448,T415,9.3,Priya Chen,2025-08-06 21:21:56,noise
6396726642544,6391494838799,T415,14.8,Priya Chen,2025-08-05 09:16:28,noise
6396726642544,6393825956914,T415,35.0,Priya Chen,2025-08-05 11:18:34,noise
6396726642544,6392175203535,T229,15.4,Priya Chen,2025-08-04 13:13:37,noise
6396726642544,6392175203535,T229,3.1,Priya Chen,2025-08-04 11:07:27,noise
6396726642544,6397326243787,T229,26.2,Priya Chen,2025-08-04 12:24:37,noise
6397102194949,6398069375909,T878,16.3,Leo Duarte,2025-10-18 10:21:11,noise
6397102194949,6399804243491,T878,6.5,Leo Duarte,2025-10-17 03:04:53,noise
6397102194949,6397473500175,T142,31.0,Leo Duarte,2025-10-16 00:10:29,noise
6397102194949,6391282991519,T142,10.3,Leo Duarte,2025-10-15 10:30:57,noise
6397102194949,6397266186506,T142,10.2,Leo Duarte,2025-10-15 14:14:49,noise
6397102194949,6391392356697,T878,2.3,Leo Duarte,2025-10-14 08:00:02,noise
6397102194949,6394247662559,T878,62.2,Leo Duarte,2025-10-14 17:07:53,noise
6397102194949,6393454415467,T142,11.8,Leo Duarte,2025-10-13 13:15:11,noise
6397102194949,6392237426063,T878,24.2,Leo Duarte,2025-10-13 08:20:13,noise
6397102194949,6396109116629,T142,17.0,Leo Duarte,2025-10-12 20:16:38,noise
6397102194949,6398095030730,T142,18.0,Leo Duarte,2025-10-12 18:29:31,noise
6397102194949,6396109116629,T142,17.2,Leo Duarte,2025-10-12 19:12:28,noise
6397102194949,6396688935939,T878,16.9,Leo Duarte,2025-10-11 17:14:17,noise
6397102194949,6397266186506,T878,18.1,Leo Duarte,2025-10-11 16:13:28,noise
6397102194949,6396688935939,T142,16.6,Leo Duarte,2025-10-11 12:03:42,noise
6397102194949,6399965853740,T142,26.1,Leo Duarte,2025-10-10 09:03:54,noise
6397102194949,6395137959873,T142,18.8,Leo Duarte,2025-10-09 20:18:11,noise
6397102194949,6393825956914,T142,27.0,Leo Duarte,2025-10-08 08:00:05,noise
6397102194949,6393825956914,T142,31.9,Leo Duarte,2025-10-08 20:09:30,noise
6397102194949,6397922188789,T142,20.9,Leo Duarte,2025-10-07 19:08:54,noise
6397102194949,6397266186506,T142,8.8,Leo Duarte,2025-10-07 05:12:41,noise
6397102194949,6391282991519,T142,51.3,Leo Duarte,2025-10-06 22:13:15,noise
6397102194949,6396109116629,T142,25.0,Leo Duarte,2025-10-06 18:18:37,noise
6397102194949,6395588239969,T142,16.6,Leo Duarte,2025-10-05 12:10:10,noise
6397102194949,6397266186506,T142,2.5,Leo Duarte,2025-10-04 17:25:47,noise
6397102194949,6397266186506,T142,3.8,Leo Duarte,2025-10-04 16:29:09,noise
6397102194949,6399696031872,T142,10.7,Leo Duarte,2025-10-03 09:19:57,noise
6397102194949,6397266186506,T878,13.2,Leo Duarte,2025-10-03 20:11:07,noise
6397102194949,6397266186506,T878,22.0,Leo Duarte,2025-10-02 19:15:21,noise
6397102194949,6391051330112,T142,7.4,Leo Duarte,2025-10-02 08:03:56,noise
6397102194949,6397922188789,T878,7.3,Leo Duarte,2025-10-01 09:07:24,noise
6397102194949,6394508672370,T878,15.2,Leo Duarte,2025-10-01 18:09:56,noise
6397102194949,6398095030730,T142,17.4,Leo Duarte,2025-09-30 20:24:13,noise
6397102194949,6396109116629,T878,19.1,Leo Duarte,2025-09-30 08:29:02,noise
6397102194949,6399003402039,T878,28.5,Leo Duarte,2025-09-29 18:14:02,noise
6397102194949,6394137438800,T142,27.6,Leo Duarte,2025-09-29 11:11:50,noise
6397102194949,6392375347403,T878,17.0,Leo Duarte,2025-09-28 01:11:36,noise
6397102194949,6396625936508,T878,13.4,Leo Duarte,2025-09-28 11:19:39,noise
6397102194949,6397266186506,T878,12.9,Leo Duarte,2025-09-27 12:02:13,noise
6397102194949,6393825956914,T142,16.2,Leo Duarte,2025-09-26 11:27:33,noise
6397102194949,6396393488216,T878,5.9,Leo Duarte,2025-09-26 10:26:07,noise
6397102194949,6396109116629,T142,11.8,Leo Duarte,2025-09-26 15:15:08,noise
6397102194949,6393825956914,T878,20.5,Leo Duarte,2025-09-25 11:07:12,noise
6397102194949,6393825956914,T142,8.2,Leo Duarte,2025-09-25 03:00:01,noise
6397102194949,6397266186506,T142,11.7,Leo Duarte,2025-09-24 13:02:44,noise
6397102194949,6397266186506,T142,23.5,Leo Duarte,2025-09-23 23:00:21,noise
6397102194949,6397266186506,T142,29.1,Leo Duarte,2025-09-22 12:19:13,noise
6397102194949,6396109116629,T142,11.6,Leo Duarte,2025-09-22 09:27:45,noise
6397102194949,6396109116629,T142,43.1,Leo Duarte,2025-09-21 22:21:32,noise
6397102194949,6393825956914,T878,12.3,Leo Duarte,2025-09-21 05:07:05,noise
6397102194949,6397266186506,T878,38.5,Leo Duarte,2025-09-21 01:25:31,noise
6397102194949,6396109116629,T878,22.2,Leo Duarte,2025-09-20 17:14:58,noise
6397102194949,6393825956914,T142,25.9,Leo Duarte,2025-09-20 16:29:31,noise
6397102194949,6393825956914,T142,23.0,Leo Duarte,2025-09-20 14:19:25,noise
6397102194949,6398095030730,T142,67.1,Leo Duarte,2025-09-19 23:20:04,noise
6397102194949,6393825956914,T142,4.9,Leo Duarte,2025-09-19 16:05:46,noise
6397102194949,6396109116629,T142,13.3,Leo Duarte,2025-09-18 13:09:27,noise
6397102194949,6397266186506,T142,8.1,Leo Duarte,2025-09-17 04:24:52,noise
6397102194949,6397266186506,T142,15.3,Leo Duarte,2025-09-17 21:02:26,noise
6397102194949,6392027898005,T142,4.9,Leo Duarte,2025-09-16 21:17:47,noise
6397102194949,6393825956914,T142,10.7,Leo Duarte,2025-09-16 12:13:12,noise
6397102194949,6393825956914,T142,10.9,Leo Duarte,2025-09-16 08:01:55,noise
6397102194949,6396109116629,T142,15.9,Leo Duarte,2025-09-15 16:14:58,noise
6397102194949,6397266186506,T878,17.0,Leo Duarte,2025-09-14 08:29:24,noise
6397102194949,6391494838799,T878,5.9,Leo Duarte,2025-09-14 16:21:47,noise
6397102194949,6396109116629,T878,7.2,Leo Duarte,2025-09-13 01:22:08,noise
6397102194949,6393329653115,T142,18.1,Leo Duarte,2025-09-13 16:09:03,noise
6397102194949,6396109116629,T878,12.1,Leo Duarte,2025-09-12 18:00:29,noise
6397102194949,6397266186506,T142,23.0,Leo Duarte,2025-09-11 16:21:46,noise
6397102194949,6396109116629,T878,11.2,Leo Duarte,2025-09-11 14:21:08,noise
6397102194949,6397266186506,T142,11.0,Leo Duarte,2025-09-10 19:20:30,noise
6397102194949,6399877395358,T878,20.3,Leo Duarte,2025-09-10 20:21:54,noise
6397102194949,6396109116629,T878,19.1,Leo Duarte,2025-09-09 05:22:18,noise
6397102194949,6394247662559,T142,22.0,Leo Duarte,2025-09-09 04:14:53,noise
6397102194949,6393825956914,T878,3.6,Leo Duarte,2025-09-08 16:12:18,noise
6397102194949,6393625636545,T878,23.4,Leo Duarte,2025-09-08 09:20:13,noise
6397102194949,6397266186506,T142,17.1,Leo Duarte,2025-09-08 20:02:11,noise
6397102194949,6396109116629,T142,8.9,Leo Duarte,2025-09-07 09:18:58,noise
6397102194949,6397266186506,T142,28.0,Leo Duarte,2025-09-07 19:29:22,noise
6397102194949,6399241777448,T878,19.6,Leo Duarte,2025-09-06 18:25:37,noise
6397102194949,6393736660443,T142,42.5,Leo Duarte,2025-09-06 20:01:27,noise
6397102194949,6393825956914,T878,21.3,Leo Duarte,2025-09-05 11:10:26,noise
6397102194949,6393825956914,T142,15.6,Leo Duarte,2025-09-05 05:16:05,noise
6397102194949,6397775259023,T142,50.4,Leo Duarte,2025-09-05 14:10:01,noise
6397102194949,6397266186506,T142,21.3,Leo Duarte,2025-09-04 11:03:09,noise
6397102194949,6393825956914,T878,36.2,Leo Duarte,2025-09-03 11:06:17,noise
6397102194949,6397266186506,T142,17.9,Leo Duarte,2025-09-02 08:08:26,noise
6397102194949,6395137959873,T878,17.6,Leo Duarte,2025-09-01 20:16:41,noise
6397102194949,6397266186506,T142,23.7,Leo Duarte,2025-09-01 22:11:12,noise
6397102194949,6395933083562,T142,7.3,Leo Duarte,2025-08-31 02:13:32,noise
6397102194949,6393825956914,T142,27.9,Leo Duarte,2025-08-31 10:00:47,noise
6397102194949,6396447956284,T142,20.4,Leo Duarte,2025-08-30 08:16:13,noise
6397102194949,6395799070967,T878,18.3,Leo Duarte,2025-08-30 17:02:03,noise
6397102194949,6397479516078,T878,10.8,Leo Duarte,2025-08-30 15:12:53,noise
6397102194949,6393608254537,T142,17.7,Leo Duarte,2025-08-29 10:21:13,noise
6397102194949,6393062613059,T142,6.6,Leo Duarte,2025-08-28 14:19:40,noise
6397102194949,6397266186506,T142,11.1,Leo Duarte,2025-08-28 17:01:59,noise
6397102194949,6396109116629,T142,11.8,Leo Duarte,2025-08-27 17:09:53,noise
6397102194949,6393825956914,T142,8.4,Leo Duarte,2025-08-26 10:24:22,noise
6397102194949,6393825956914,T878,14.2,Leo Duarte,2025-08-25 20:05:37,noise
6397102194949,6397266186506,T878,16.6,Leo Duarte,2025-08-25 23:13:34,noise
6397102194949,6393825956914,T142,37.0,Leo Duarte,2025-08-24 12:05:29,noise
6397102194949,6393825956914,T142,6.6,Leo Duarte,2025-08-24 09:01:38,noise
6397102194949,6395136375863,T878,27.0,Leo Duarte,2025-08-24 14:07:17,noise
6397102194949,6393825956914,T142,15.2,Leo Duarte,2025-08-23 20:28:19,noise
6397102194949,6393825956914,T142,16.2,Leo Duarte,2025-08-23 03:25:27,noise
6397102194949,6397266186506,T142,9.5,Leo Duarte,2025-08-22 20:11:15,noise
6397102194949,6393825956914,T142,18.7,Leo Duarte,2025-08-22 20:04:34,noise
6397102194949,6393694731514,T878,11.6,Leo Duarte,2025-08-21 23:23:32,noise
6397102194949,6397266186506,T142,5.2,Leo Duarte,2025-08-21 10:16:54,noise
6397102194949,6396393488216,T142,15.7,Leo Duarte,2025-08-20 08:29:51,noise
6397102194949,6397266186506,T878,12.4,Leo Duarte,2025-08-20 04:00:47,noise
6397102194949,6397695360968,T142,10.9,Leo Duarte,2025-08-20 11:06:39,noise
6397102194949,6397922188789,T142,35.0,Leo Duarte,2025-08-19 19:14:31,noise
6397102194949,6399804243491,T878,18.8,Leo Duarte,2025-08-19 18:24:18,noise
6397102194949,6397645850299,T878,8.5,Leo Duarte,2025-08-18 15:21:03,noise
6397102194949,6391302712293,T142,16.5,Leo Duarte,2025-08-18 11:30:39,noise
6397102194949,6395535962322,T878,15.1,Leo Duarte,2025-08-17 17:01:46,noise
6397102194949,6393825956914,T142,29.9,Leo Duarte,2025-08-17 22:28:00,noise
6397102194949,6393825956914,T878,14.8,Leo Duarte,2025-08-16 15:27:29,noise
6397102194949,6393825956914,T142,14.2,Leo Duarte,2025-08-16 15:03:39,noise
6397102194949,6393825956914,T142,18.2,Leo Duarte,2025-08-15 11:13:01,noise
6397102194949,6393625636545,T878,19.5,Leo Duarte,2025-08-15 14:22:53,noise
6397102194949,6397266186506,T142,37.1,Leo Duarte,2025-08-14 01:15:59,noise
6397102194949,6394711330962,T878,27.2,Leo Duarte,2025-08-14 22:13:52,noise
6397102194949,6399877395358,T878,17.9,Leo Duarte,2025-08-13 18:00:45,noise
6397102194949,6397266186506,T142,17.3,Leo Duarte,2025-08-13 08:01:39,noise
6397102194949,6393625636545,T142,8.4,Leo Duarte,2025-08-13 15:23:38,noise
6397102194949,6396109116629,T142,6.9,Leo Duarte,2025-08-12 10:16:41,noise
6397102194949,6396447956284,T142,31.8,Leo Duarte,2025-08-12 20:29:51,noise
6397102194949,6396109116629,T142,12.6,Leo Duarte,2025-08-11 15:00:21,noise
6397102194949,6391051330112,T142,25.2,Leo Duarte,2025-08-11 21:03:13,noise
6397102194949,6396109116629,T878,8.8,Leo Duarte,2025-08-10 14:10:11,noise
6397102194949,6396726642544,T878,88.9,Leo Duarte,2025-08-09 10:05:02,noise
6397102194949,6398095030730,T142,25.7,Leo Duarte,2025-08-08 10:19:10,noise
6397102194949,6393591747444,T878,5.4,Leo Duarte,2025-08-07 04:29:33,noise
6397102194949,6392464364634,T142,11.1,Leo Duarte,2025-08-07 11:06:46,noise
6397102194949,6393825956914,T142,33.6,Leo Duarte,2025-08-06 17:13:46,noise
6397102194949,6393825956914,T878,28.7,Leo Duarte,2025-08-06 10:08:37,noise
6397102194949,6392464364634,T142,7.0,Leo Duarte,2025-08-05 18:04:53,noise
6397102194949,6393825956914,T142,7.6,Leo Duarte,2025-08-05 20:19:34,noise
6397102194949,6399836144770,T142,7.6,Leo Duarte,2025-08-04 00:19:25,noise
6397102194949,6393825956914,T142,6.3,Leo Duarte,2025-08-04 20:03:47,noise
6397102194949,6396109116629,T142,11.3,Leo Duarte,2025-08-04 19:02:17,noise
6392517116618,6392517116618,T738,45.0,Priya Silva,2025-10-18 12:22:13,noise
6392517116618,6396198739962,T141,14.4,Priya Silva,2025-10-18 13:16:50,noise
6392517116618,6399003402039,T738,8.5,Priya Silva,2025-10-18 23:27:15,noise
6392517116618,6397775259023,T141,18.6,Priya Silva,2025-10-17 18:25:55,noise
6392517116618,6395588265198,T141,22.5,Priya Silva,2025-10-17 18:03:41,noise
6392517116618,6399003402039,T738,6.5,Priya Silva,2025-10-17 12:11:13,noise
6392517116618,6399003402039,T738,28.3,Priya Silva,2025-10-16 13:23:09,noise
6392517116618,6399003402039,T141,14.1,Priya Silva,2025-10-16 04:23:32,noise
6392517116618,6399965853740,T738,10.4,Priya Silva,2025-10-15 16:11:18,noise
6392517116618,6399965853740,T738,23.1,Priya Silva,2025-10-15 08:07:51,noise
6392517116618,6393134974031,T141,51.5,Priya Silva,2025-10-14 19:07:58,noise
6392517116618,6399965853740,T738,18.5,Priya Silva,2025-10-13 19:18:09,noise
6392517116618,6399965853740,T141,10.3,Priya Silva,2025-10-13 14:07:11,noise
6392517116618,6399965853740,T141,3.6,Priya Silva,2025-10-12 15:01:46,noise
6392517116618,6395588239969,T738,20.4,Priya Silva,2025-10-11 10:28:53,noise
6392517116618,6399965853740,T141,29.1,Priya Silva,2025-10-11 19:01:34,noise
6392517116618,6399085717386,T141,4.3,Priya Silva,2025-10-11 17:11:04,noise
6392517116618,6399003402039,T738,8.5,Priya Silva,2025-10-10 11:08:37,noise
6392517116618,6391494838799,T738,27.6,Priya Silva,2025-10-10 14:01:24,noise
6392517116618,6399003402039,T738,45.1,Priya Silva,2025-10-09 20:22:50,noise
6392517116618,6397156535284,T141,55.0,Priya Silva,2025-10-09 00:08:27,noise
6392517116618,6397156535284,T141,66.8,Priya Silva,2025-10-08 22:20:18,noise
6392517116618,6399003402039,T738,27.8,Priya Silva,2025-10-08 15:29:37,noise
6392517116618,6393694731514,T738,4.4,Priya Silva,2025-10-07 04:29:19,noise
6392517116618,6393869319540,T738,12.4,Priya Silva,2025-10-07 19:10:20,noise
6392517116618,6399965853740,T738,3.4,Priya Silva,2025-10-07 10:24:03,noise
6392517116618,6393825956914,T738,13.1,Priya Silva,2025-10-06 08:18:13,noise
6392517116618,6399003402039,T141,3.9,Priya Silva,2025-10-06 11:16:31,noise
6392517116618,6398186138815,T738,12.7,Priya Silva,2025-10-05 15:15:18,noise
6392517116618,6399965853740,T738,7.7,Priya Silva,2025-10-04 15:23:42,noise
6392517116618,6395588239969,T738,40.6,Priya Silva,2025-10-04 12:02:45,noise
6392517116618,6399965853740,T738,7.2,Priya Silva,2025-10-03 11:02:55,noise
6392517116618,6391282991519,T141,13.8,Priya Silva,2025-10-02 15:09:50,noise
6392517116618,6399003402039,T738,23.9,Priya Silva,2025-10-02 19:02:49,noise
6392517116618,6399141407059,T738,42.5,Priya Silva,2025-10-02 12:07:42,noise
6392517116618,6399965853740,T141,36.1,Priya Silva,2025-10-01 13:27:48,noise
6392517116618,6396116554141,T738,16.7,Priya Silva,2025-10-01 09:04:49,noise
6392517116618,6396625936508,T738,10.2,Priya Silva,2025-09-30 13:05:23,noise
6392517116618,6392175203535,T738,21.5,Priya Silva,2025-09-29 11:20:53,noise
6392517116618,6399003402039,T141,12.4,Priya Silva,2025-09-29 17:29:07,noise
6392517116618,6397156535284,T141,25.1,Priya Silva,2025-09-28 21:12:16,noise
6392517116618,6399003402039,T738,12.5,Priya Silva,2025-09-27 19:21:18,noise
6392517116618,6392175203535,T141,25.3,Priya Silva,2025-09-26 08:11:25,noise
6392517116618,6395958977897,T738,6.8,Priya Silva,2025-09-25 10:22:58,noise
6392517116618,6395453540079,T141,72.3,Priya Silva,2025-09-25 12:09:08,noise
6392517116618,6397761210582,T738,15.1,Priya Silva,2025-09-25 08:25:40,noise
6392517116618,6399003402039,T141,24.4,Priya Silva,2025-09-24 15:25:18,noise
6392517116618,6399003402039,T141,6.0,Priya Silva,2025-09-24 15:07:22,noise
6392517116618,6397982198732,T141,23.7,Priya Silva,2025-09-23 19:29:04,noise
6392517116618,6399965853740,T738,23.0,Priya Silva,2025-09-23 10:05:09,noise
6392517116618,6393694731514,T738,3.2,Priya Silva,2025-09-23 21:14:13,noise
6392517116618,6392175203535,T738,25.6,Priya Silva,2025-09-22 20:28:15,noise
6392517116618,6399965853740,T141,23.0,Priya Silva,2025-09-22 04:18:46,noise
6392517116618,6399003402039,T738,11.4,Priya Silva,2025-09-21 13:28:43,noise
6392517116618,6398595696705,T141,21.1,Priya Silva,2025-09-20 01:01:34,noise
6392517116618,6399003402039,T141,17.4,Priya Silva,2025-09-20 19:02:35,noise
6392517116618,6396625936508,T738,42.4,Priya Silva,2025-09-19 14:21:04,noise
6392517116618,6399965853740,T738,14.7,Priya Silva,2025-09-19 13:04:05,noise
6392517116618,6399003402039,T738,23.7,Priya Silva,2025-09-18 17:03:47,noise
6392517116618,6399965853740,T738,29.6,Priya Silva,2025-09-17 08:19:52,noise
6392517116618,6395136375863,T141,72.4,Priya Silva,2025-09-17 15:20:13,noise
6392517116618,6399003402039,T141,45.5,Priya Silva,2025-09-16 10:13:06,noise
6392517116618,6399965853740,T738,42.3,Priya Silva,2025-09-16 16:23:34,noise
6392517116618,6399003402039,T738,9.7,Priya Silva,2025-09-16 11:18:51,noise
6392517116618,6399003402039,T738,11.2,Priya Silva,2025-09-15 21:14:14,noise
6392517116618,6391051330112,T738,22.8,Priya Silva,2025-09-15 18:03:06,noise
6392517116618,6395588239969,T738,14.2,Priya Silva,2025-09-14 14:23:37,noise
6392517116618,6399965853740,T141,12.6,Priya Silva,2025-09-14 12:28:19,noise
6392517116618,6399965853740,T141,18.0,Priya Silva,2025-09-14 12:28:23,noise
6392517116618,6396042155722,T738,28.1,Priya Silva,2025-09-13 18:11:29,noise
6392517116618,6399003402039,T738,11.8,Priya Silva,2025-09-12 20:16:38,noise
6392517116618,6399003402039,T141,20.8,Priya Silva,2025-09-12 16:20:33,noise
6392517116618,6399003402039,T738,7.0,Priya Silva,2025-09-12 17:23:58,noise
6392517116618,6399965853740,T141,6.1,Priya Silva,2025-09-11 08:00:02,noise
6392517116618,6399003402039,T738,18.5,Priya Silva,2025-09-10 08:03:37,noise
6392517116618,6399003402039,T738,4.7,Priya Silva,2025-09-10 09:29:41,noise
6392517116618,6393869319540,T141,16.3,Priya Silva,2025-09-09 22:01:17,noise
6392517116618,6392237426063,T738,26.0,Priya Silva,2025-09-08 22:06:48,noise
6392517116618,6397982198732,T141,19.4,Priya Silva,2025-09-07 12:26:37,noise
6392517116618,6399965853740,T738,11.7,Priya Silva,2025-09-07 17:04:01,noise
6392517116618,6399965853740,T141,27.4,Priya Silva,2025-09-06 08:28:44,noise
6392517116618,6399836144770,T738,5.5,Priya Silva,2025-09-06 11:29:26,noise
6392517116618,6399965853740,T141,62.0,Priya Silva,2025-09-06 10:06:08,noise
6392517116618,6399003402039,T738,6.3,Priya Silva,2025-09-05 09:00:48,noise
6392517116618,6399003402039,T738,56.7,Priya Silva,2025-09-05 18:07:27,noise
6392517116618,6399965853740,T141,15.1,Priya Silva,2025-09-05 08:27:57,noise
6392517116618,6399965853740,T738,20.1,Priya Silva,2025-09-04 15:02:34,noise
6392517116618,6399003402039,T738,23.7,Priya Silva,2025-09-03 16:30:04,noise
6392517116618,6399965853740,T141,32.8,Priya Silva,2025-09-03 10:00:57,noise
6392517116618,6399003402039,T141,19.6,Priya Silva,2025-09-02 20:10:19,noise
6392517116618,6397156535284,T738,20.5,Priya Silva,2025-09-02 16:20:39,noise
6392517116618,6399003402039,T738,13.5,Priya Silva,2025-09-01 22:00:46,noise
6392517116618,6399965853740,T141,18.6,Priya Silva,2025-09-01 14:20:05,noise
6392517116618,6399003402039,T738,34.2,Priya Silva,2025-09-01 22:05:02,noise
6392517116618,6399965853740,T141,41.7,Priya Silva,2025-08-31 12:24:26,noise
6392517116618,6399003402039,T738,13.1,Priya Silva,2025-08-31 17:05:38,noise
6392517116618,6399487367347,T141,11.0,Priya Silva,2025-08-31 17:16:44,noise
6392517116618,6399965853740,T738,10.1,Priya Silva,2025-08-30 13:12:14,noise
6392517116618,6399965853740,T738,28.0,Priya Silva,2025-08-30 10:23:15,noise
6392517116618,6399003402039,T141,13.8,Priya Silva,2025-08-30 03:07:37,noise
6392517116618,6399003402039,T738,8.7,Priya Silva,2025-08-29 20:00:09,noise
6392517116618,6399965853740,T141,7.2,Priya Silva,2025-08-29 15:14:00,noise
6392517116618,6399965853740,T738,47.8,Priya Silva,2025-08-28 08:11:55,noise
6392517116618,6399965853740,T738,31.3,Priya Silva,2025-08-28 10:17:57,noise
6392517116618,6399965853740,T738,38.0,Priya Silva,2025-08-27 09:14:09,noise
6392517116618,6399003402039,T738,28.6,Priya Silva,2025-08-27 15:25:30,noise
6392517116618,6399965853740,T738,10.4,Priya Silva,2025-08-26 14:00:18,noise
6392517116618,6393549070850,T738,27.5,Priya Silva,2025-08-26 21:25:35,noise
6392517116618,6399965853740,T738,15.1,Priya Silva,2025-08-25 09:12:48,noise
6392517116618,6399003402039,T141,4.7,Priya Silva,2025-08-25 20:05:16,noise
6392517116618,6399965853740,T738,13.0,Priya Silva,2025-08-24 18:11:12,noise
6392517116618,6399003402039,T738,14.1,Priya Silva,2025-08-24 18:22:08,noise
6392517116618,6392464364634,T141,14.9,Priya Silva,2025-08-24 08:14:46,noise
6392517116618,6396688935939,T141,39.5,Priya Silva,2025-08-23 20:03:21,noise
6392517116618,6399965853740,T141,10.9,Priya Silva,2025-08-23 11:25:47,noise
6392517116618,6392175203535,T738,33.6,Priya Silva,2025-08-22 15:19:07,noise
6392517116618,6391282991519,T738,10.3,Priya Silva,2025-08-22 20:14:06,noise
6392517116618,6399965853740,T738,6.1,Priya Silva,2025-08-21 20:25:35,noise
6392517116618,6399965853740,T738,22.5,Priya Silva,2025-08-21 11:16:30,noise
6392517116618,6397775259023,T141,28.8,Priya Silva,2025-08-21 20:12:31,noise
6392517116618,6397645850299,T738,59.9,Priya Silva,2025-08-20 12:15:24,noise
6392517116618,6399003402039,T738,17.5,Priya Silva,2025-08-20 02:06:38,noise
6392517116618,6399003402039,T738,23.6,Priya Silva,2025-08-20 14:17:13,noise
6392517116618,6399003402039,T141,12.5,Priya Silva,2025-08-19 11:01:12,noise
6392517116618,6398097172985,T738,25.2,Priya Silva,2025-08-19 13:02:03,noise
6392517116618,6399003402039,T141,13.1,Priya Silva,2025-08-19 09:18:09,noise
6392517116618,6399965853740,T738,23.6,Priya Silva,2025-08-18 10:27:06,noise
6392517116618,6399965853740,T738,10.4,Priya Silva,2025-08-18 18:00:38,noise
6392517116618,6399965853740,T738,45.7,Priya Silva,2025-08-18 23:30:10,noise
6392517116618,6399965853740,T141,21.3,Priya Silva,2025-08-17 17:10:15,noise
6392517116618,6399836144770,T141,24.2,Priya Silva,2025-08-17 23:04:16,noise
6392517116618,6399965853740,T141,11.1,Priya Silva,2025-08-16 17:13:36,noise
6392517116618,6399003402039,T141,27.9,Priya Silva,2025-08-16 12:14:37,noise
6392517116618,6399965853740,T738,14.3,Priya Silva,2025-08-15 10:27:28,noise
6392517116618,6399965853740,T738,3.2,Priya Silva,2025-08-15 18:02:16,noise
6392517116618,6399965853740,T738,6.2,Priya Silva,2025-08-14 21:07:23,noise
6392517116618,6399141407059,T141,15.1,Priya Silva,2025-08-14 02:22:01,noise
6392517116618,6399965853740,T738,13.2,Priya Silva,2025-08-14 10:29:34,noise
6392517116618,6397102194949,T738,25.1,Priya Silva,2025-08-13 13:06:25,noise
6392517116618,6399003402039,T738,25.7,Priya Silva,2025-08-12 03:10:50,noise
6392517116618,6391282991519,T738,27.0,Priya Silva,2025-08-11 17:08:20,noise
6392517116618,6394513051861,T738,7.1,Priya Silva,2025-08-11 12:25:26,noise
6392517116618,6399965853740,T141,44.0,Priya Silva,2025-08-10 16:22:29,noise
6392517116618,6399003402039,T738,11.5,Priya Silva,2025-08-10 23:03:36,noise
6392517116618,6399003402039,T738,16.6,Priya Silva,2025-08-09 18:03:32,noise
6392517116618,6399003402039,T738,10.5,Priya Silva,2025-08-09 14:18:36,noise
6392517116618,6396042155722,T738,39.1,Priya Silva,2025-08-08 11:21:43,noise
6392517116618,6396393488216,T738,30.5,Priya Silva,2025-08-08 13:14:46,noise
6392517116618,6399965853740,T141,25.4,Priya Silva,2025-08-07 23:11:23,noise
6392517116618,6399965853740,T738,7.9,Priya Silva,2025-08-07 21:14:48,noise
6392517116618,6399003402039,T738,4.0,Priya Silva,2025-08-07 11:17:56,noise
6392517116618,6399003402039,T738,9.0,Priya Silva,2025-08-06 17:04:10,noise
6392517116618,6394247662559,T141,12.1,Priya Silva,2025-08-06 21:24:33,noise
6392517116618,6399965853740,T738,8.2,Priya Silva,2025-08-05 11:19:08,noise
6392517116618,6399003402039,T738,13.1,Priya Silva,2025-08-05 11:25:14,noise
6392517116618,6393869319540,T738,45.7,Priya Silva,2025-08-04 08:26:56,noise
6392517116618,6399003402039,T141,33.8,Priya Silva,2025-08-04 23:19:40,noise
6395588265198,6397156535284,T699,6.3,Uma Mehta,2025-10-18 10:12:12,noise
6395588265198,6395534105475,T891,2.3,Uma Mehta,2025-10-18 08:25:44,noise
6395588265198,6393825956914,T891,12.0,Uma Mehta,2025-10-17 21:30:56,noise
6395588265198,6395534105475,T699,83.0,Uma Mehta,2025-10-16 20:06:27,noise
6395588265198,6392322072341,T699,9.6,Uma Mehta,2025-10-16 13:27:55,noise
6395588265198,6397207416529,T699,9.5,Uma Mehta,2025-10-15 20:09:23,noise
6395588265198,6394055226921,T699,25.8,Uma Mehta,2025-10-15 17:26:37,noise
6395588265198,6398069375909,T699,31.3,Uma Mehta,2025-10-15 14:22:27,noise
6395588265198,6395534105475,T891,23.8,Uma Mehta,2025-10-14 10:01:04,noise
6395588265198,6397207416529,T891,20.1,Uma Mehta,2025-10-14 18:22:34,noise
6395588265198,6398069375909,T891,81.4,Uma Mehta,2025-10-13 14:21:13,noise
6395588265198,6398069375909,T699,10.2,Uma Mehta,2025-10-13 08:06:44,noise
6395588265198,6398069375909,T699,7.1,Uma Mehta,2025-10-13 00:13:18,noise
6395588265198,6394247662559,T699,15.8,Uma Mehta,2025-10-12 15:24:20,noise
6395588265198,6397207416529,T891,27.5,Uma Mehta,2025-10-12 13:21:55,noise
6395588265198,6398069375909,T891,33.7,Uma Mehta,2025-10-11 21:14:29,noise
6395588265198,6395534105475,T891,24.4,Uma Mehta,2025-10-11 09:29:57,noise
6395588265198,6397207416529,T699,109.0,Uma Mehta,2025-10-10 22:23:16,noise
6395588265198,6398069375909,T699,33.5,Uma Mehta,2025-10-10 19:16:43,noise
6395588265198,6392761010721,T891,9.5,Uma Mehta,2025-10-10 18:02:51,noise
6395588265198,6396109116629,T699,39.4,Uma Mehta,2025-10-09 11:04:51,noise
6395588265198,6396042155722,T891,58.3,Uma Mehta,2025-10-09 16:22:04,noise
6395588265198,6398069375909,T891,16.6,Uma Mehta,2025-10-09 11:25:40,noise
6395588265198,6399487367347,T699,13.0,Uma Mehta,2025-10-08 12:04:00,noise
6395588265198,6391577055581,T891,9.6,Uma Mehta,2025-10-08 12:14:12,noise
6395588265198,6391171674512,T891,1.9,Uma Mehta,2025-10-08 17:30:36,noise
6395588265198,6397207416529,T891,5.7,Uma Mehta,2025-10-07 11:11:25,noise
6395588265198,6397207416529,T891,32.5,Uma Mehta,2025-10-07 14:01:42,noise
6395588265198,6397207416529,T891,16.2,Uma Mehta,2025-10-06 11:13:49,noise
6395588265198,6395535962322,T699,30.9,Uma Mehta,2025-10-06 19:23:27,noise
6395588265198,6394372750872,T891,28.8,Uma Mehta,2025-10-05 19:11:59,noise
6395588265198,6398069375909,T891,17.8,Uma Mehta,2025-10-05 16:14:33,noise
6395588265198,6397277321210,T891,38.2,Uma Mehta,2025-10-04 12:27:36,noise
6395588265198,6395137959873,T891,23.2,Uma Mehta,2025-10-04 11:22:02,noise
6395588265198,6394247662559,T699,43.3,Uma Mehta,2025-10-04 08:20:10,noise
6395588265198,6391663645516,T891,18.0,Uma Mehta,2025-10-03 20:05:52,noise
6395588265198,6397761210582,T891,19.5,Uma Mehta,2025-10-03 08:11:43,noise
6395588265198,6397207416529,T891,21.4,Uma Mehta,2025-10-02 12:19:19,noise
6395588265198,6393062613059,T699,17.1,Uma Mehta,2025-10-02 19:09:57,noise
6395588265198,6395534105475,T891,7.1,Uma Mehta,2025-10-01 15:15:18,noise
6395588265198,6395534105475,T699,10.8,Uma Mehta,2025-10-01 11:16:56,noise
6395588265198,6397479516078,T891,45.1,Uma Mehta,2025-09-30 20:25:36,noise
6395588265198,6398069375909,T891,16.4,Uma Mehta,2025-09-30 20:10:41,noise
6395588265198,6398069375909,T699,7.5,Uma Mehta,2025-09-29 17:07:25,noise
6395588265198,6397207416529,T891,18.9,Uma Mehta,2025-09-29 03:04:44,noise
6395588265198,6395682267963,T699,19.0,Uma Mehta,2025-09-29 23:02:43,noise
6395588265198,6395534105475,T699,27.9,Uma Mehta,2025-09-28 10:19:21,noise
6395588265198,6395534105475,T891,19.1,Uma Mehta,2025-09-28 19:21:09,noise
6395588265198,6394573060920,T699,10.3,Uma Mehta,2025-09-27 16:10:02,noise
6395588265198,6397207416529,T891,15.3,Uma Mehta,2025-09-27 15:10:17,noise
6395588265198,6397473500175,T891,6.7,Uma Mehta,2025-09-27 19:13:00,noise
6395588265198,6394508672370,T891,15.3,Uma Mehta,2025-09-26 20:10:39,noise
6395588265198,6392517116618,T891,13.8,Uma Mehta,2025-09-25 20:10:50,noise
6395588265198,6396121190710,T891,20.2,Uma Mehta,2025-09-25 23:04:48,noise
6395588265198,6399804243491,T891,4.8,Uma Mehta,2025-09-24 18:04:58,noise
6395588265198,6395535962322,T891,23.4,Uma Mehta,2025-09-24 14:18:09,noise
6395588265198,6397207416529,T699,16.7,Uma Mehta,2025-09-23 19:18:54,noise
6395588265198,6395534105475,T891,18.2,Uma Mehta,2025-09-22 14:11:31,noise
6395588265198,6395534105475,T699,24.0,Uma Mehta,2025-09-22 11:02:47,noise
6395588265198,6397207416529,T891,55.5,Uma Mehta,2025-09-22 17:16:53,noise
6395588265198,6395534105475,T891,13.8,Uma Mehta,2025-09-21 04:04:59,noise
6395588265198,6395534105475,T891,12.2,Uma Mehta,2025-09-21 12:25:14,noise
6395588265198,6397207416529,T891,59.7,Uma Mehta,2025-09-20 17:03:30,noise
6395588265198,6394137438800,T891,6.4,Uma Mehta,2025-09-20 14:20:44,noise
6395588265198,6395534105475,T891,25.7,Uma Mehta,2025-09-19 11:23:47,noise
6395588265198,6398069375909,T891,10.6,Uma Mehta,2025-09-18 11:22:18,noise
6395588265198,6397207416529,T699,11.9,Uma Mehta,2025-09-18 22:18:07,noise
6395588265198,6395682267963,T891,8.3,Uma Mehta,2025-09-17 10:00:09,noise
6395588265198,6392953177733,T891,34.8,Uma Mehta,2025-09-16 14:13:01,noise
6395588265198,6392322072341,T891,13.5,Uma Mehta,2025-09-16 11:12:31,noise
6395588265198,6397277321210,T891,28.6,Uma Mehta,2025-09-15 08:18:27,noise
6395588265198,6398069375909,T891,5.8,Uma Mehta,2025-09-14 19:18:46,noise
6395588265198,6398069375909,T891,14.9,Uma Mehta,2025-09-13 19:20:18,noise
6395588265198,6397207416529,T699,6.5,Uma Mehta,2025-09-13 19:07:00,noise
6395588265198,6397207416529,T891,6.7,Uma Mehta,2025-09-12 21:23:57,noise
6395588265198,6398069375909,T699,26.6,Uma Mehta,2025-09-12 00:16:52,noise
6395588265198,6391167752063,T891,40.4,Uma Mehta,2025-09-12 17:07:32,noise
6395588265198,6396121190710,T891,13.3,Uma Mehta,2025-09-11 21:25:58,noise
6395588265198,6395534105475,T891,32.9,Uma Mehta,2025-09-11 14:00:38,noise
6395588265198,6397207416529,T891,15.8,Uma Mehta,2025-09-11 08:17:11,noise
6395588265198,6395534105475,T699,6.9,Uma Mehta,2025-09-10 09:25:27,noise
6395588265198,6395534105475,T699,43.6,Uma Mehta,2025-09-10 15:20:03,noise
6395588265198,6394711330962,T699,16.8,Uma Mehta,2025-09-09 08:24:29,noise
6395588265198,6398087251603,T699,22.9,Uma Mehta,2025-09-09 19:10:11,noise
6395588265198,6391167752063,T891,18.4,Uma Mehta,2025-09-08 18:21:05,noise
6395588265198,6395534105475,T891,9.2,Uma Mehta,2025-09-07 03:24:50,noise
6395588265198,6397207416529,T891,27.5,Uma Mehta,2025-09-07 20:05:14,noise
6395588265198,6399696031872,T699,18.9,Uma Mehta,2025-09-06 19:28:53,noise
6395588265198,6398069375909,T699,20.6,Uma Mehta,2025-09-06 19:24:05,noise
6395588265198,6395534105475,T891,9.9,Uma Mehta,2025-09-05 20:02:53,noise
6395588265198,6398069375909,T891,20.0,Uma Mehta,2025-09-05 08:24:54,noise
6395588265198,6395534105475,T891,3.9,Uma Mehta,2025-09-04 18:21:53,noise
6395588265198,6397052145323,T699,13.6,Uma Mehta,2025-09-03 22:10:19,noise
6395588265198,6397207416529,T891,14.1,Uma Mehta,2025-09-03 23:06:44,noise
6395588265198,6398069375909,T699,20.7,Uma Mehta,2025-09-02 11:13:16,noise
6395588265198,6398069375909,T891,47.1,Uma Mehta,2025-09-02 13:03:34,noise
6395588265198,6395534105475,T891,18.9,Uma Mehta,2025-09-02 13:01:08,noise
6395588265198,6399487367347,T891,27.6,Uma Mehta,2025-09-01 21:02:45,noise
6395588265198,6396109116629,T891,4.9,Uma Mehta,2025-09-01 19:24:58,noise
6395588265198,6397207416529,T699,5.3,Uma Mehta,2025-08-31 12:30:55,noise
6395588265198,6391282991519,T891,9.4,Uma Mehta,2025-08-31 16:14:31,noise
6395588265198,6397207416529,T699,18.4,Uma Mehta,2025-08-31 18:14:31,noise
6395588265198,6399877395358,T891,15.6,Uma Mehta,2025-08-30 18:10:03,noise
6395588265198,6398069375909,T699,14.1,Uma Mehta,2025-08-29 03:04:03,noise
6395588265198,6395534105475,T891,13.3,Uma Mehta,2025-08-28 11:05:46,noise
6395588265198,6398069375909,T699,22.0,Uma Mehta,2025-08-27 12:13:17,noise
6395588265198,6398069375909,T891,22.0,Uma Mehta,2025-08-27 08:25:14,noise
6395588265198,6397207416529,T699,12.1,Uma Mehta,2025-08-26 08:10:21,noise
6395588265198,6398673272758,T891,16.7,Uma Mehta,2025-08-26 22:21:13,noise
6395588265198,6398186138815,T699,15.0,Uma Mehta,2025-08-26 11:14:04,noise
6395588265198,6394856722505,T891,16.2,Uma Mehta,2025-08-25 14:30:41,noise
6395588265198,6397207416529,T699,45.6,Uma Mehta,2025-08-24 12:17:25,noise
6395588265198,6397207416529,T699,23.3,Uma Mehta,2025-08-24 15:24:44,noise
6395588265198,6395534105475,T891,14.1,Uma Mehta,2025-08-24 17:26:24,noise
6395588265198,6397326243787,T891,16.3,Uma Mehta,2025-08-23 20:16:26,noise
6395588265198,6398087251603,T699,6.5,Uma Mehta,2025-08-23 12:15:38,noise
6395588265198,6397207416529,T891,39.0,Uma Mehta,2025-08-22 13:14:11,noise
6395588265198,6395588239969,T891,17.9,Uma Mehta,2025-08-22 19:16:12,noise
6395588265198,6398069375909,T891,17.1,Uma Mehta,2025-08-22 15:19:12,noise
6395588265198,6397207416529,T699,21.4,Uma Mehta,2025-08-21 08:07:33,noise
6395588265198,6398069375909,T891,20.8,Uma Mehta,2025-08-21 20:16:58,noise
6395588265198,6391171674512,T891,12.9,Uma Mehta,2025-08-20 15:12:30,noise
6395588265198,6398069375909,T699,20.2,Uma Mehta,2025-08-19 16:15:59,noise
6395588265198,6395657768886,T891,13.7,Uma Mehta,2025-08-19 16:17:42,noise
6395588265198,6395534105475,T891,6.3,Uma Mehta,2025-08-18 18:20:15,noise
6395588265198,6393608254537,T891,22.8,Uma Mehta,2025-08-18 05:15:29,noise
6395588265198,6395534105475,T891,19.6,Uma Mehta,2025-08-18 11:04:03,noise
6395588265198,6391282991519,T891,11.9,Uma Mehta,2025-08-17 03:21:35,noise
6395588265198,6397207416529,T891,6.7,Uma Mehta,2025-08-17 20:15:00,noise
6395588265198,6396447956284,T891,15.4,Uma Mehta,2025-08-16 12:01:56,noise
6395588265198,6398069375909,T891,11.7,Uma Mehta,2025-08-16 10:17:49,noise
6395588265198,6395534105475,T891,46.8,Uma Mehta,2025-08-15 08:03:08,noise
6395588265198,6393694731514,T699,15.6,Uma Mehta,2025-08-15 20:01:58,noise
6395588265198,6398069375909,T699,8.8,Uma Mehta,2025-08-14 05:08:48,noise
6395588265198,6395933083562,T699,27.0,Uma Mehta,2025-08-14 20:00:26,noise
6395588265198,6397207416529,T891,29.5,Uma Mehta,2025-08-13 11:04:41,noise
6395588265198,6398069375909,T699,17.8,Uma Mehta,2025-08-13 10:04:16,noise
6395588265198,6395534105475,T699,43.1,Uma Mehta,2025-08-12 15:14:10,noise
6395588265198,6395534105475,T891,18.0,Uma Mehta,2025-08-12 14:30:53,noise
6395588265198,6395799070967,T699,10.7,Uma Mehta,2025-08-11 13:00:30,noise
6395588265198,6391319542424,T699,17.1,Uma Mehta,2025-08-11 19:08:39,noise
6395588265198,6397207416529,T699,31.3,Uma Mehta,2025-08-11 09:19:09,noise
6395588265198,6397207416529,T891,23.6,Uma Mehta,2025-08-10 09:03:31,noise
6395588265198,6397207416529,T699,40.3,Uma Mehta,2025-08-10 18:28:47,noise
6395588265198,6398069375909,T699,16.6,Uma Mehta,2025-08-10 15:07:43,noise
6395588265198,6395534105475,T699,17.0,Uma Mehta,2025-08-09 15:19:34,noise
6395588265198,6397761210582,T891,21.3,Uma Mehta,2025-08-08 08:05:57,noise
6395588265198,6395534105475,T891,24.3,Uma Mehta,2025-08-08 08:27:57,noise
6395588265198,6391577055581,T699,25.1,Uma Mehta,2025-08-07 12:21:29,noise
6395588265198,6397959529190,T891,12.6,Uma Mehta,2025-08-07 19:02:45,noise
6395588265198,6392951962632,T891,21.9,Uma Mehta,2025-08-06 20:11:18,noise
6395588265198,6395682267963,T891,8.5,Uma Mehta,2025-08-06 17:11:56,noise
6395588265198,6397052145323,T699,42.1,Uma Mehta,2025-08-05 11:19:10,noise
6395588265198,6398069375909,T891,12.5,Uma Mehta,2025-08-05 15:27:29,noise
6395588265198,6395534105475,T699,10.2,Uma Mehta,2025-08-05 14:23:08,noise
6395588265198,6398069375909,T891,5.2,Uma Mehta,2025-08-04 14:07:42,noise
6395588265198,6398673272758,T699,10.2,Uma Mehta,2025-08-04 17:08:17,noise
6395588265198,6393329653115,T699,25.2,Uma Mehta,2025-08-04 11:25:05,noise
6393062613059,6392464364634,T911,9.2,Cara Bakker,2025-10-18 09:21:58,noise
6393062613059,6398085325274,T911,13.6,Cara Bakker,2025-10-18 19:08:20,noise
6393062613059,6393329653115,T159,29.8,Cara Bakker,2025-10-17 18:18:20,noise
6393062613059,6398085325274,T911,24.6,Cara Bakker,2025-10-17 02:25:05,noise
6393062613059,6398085325274,T159,87.8,Cara Bakker,2025-10-17 12:15:38,noise
6393062613059,6396726642544,T159,23.4,Cara Bakker,2025-10-16 18:22:17,noise
6393062613059,6396726642544,T159,8.2,Cara Bakker,2025-10-16 10:25:14,noise
6393062613059,6396726642544,T159,12.6,Cara Bakker,2025-10-15 08:05:38,noise
6393062613059,6398085325274,T159,24.1,Cara Bakker,2025-10-15 20:27:04,noise
6393062613059,6397473530031,T159,32.4,Cara Bakker,2025-10-15 08:07:28,noise
6393062613059,6398085325274,T159,7.9,Cara Bakker,2025-10-14 11:06:10,noise
6393062613059,6397473530031,T159,17.0,Cara Bakker,2025-10-13 18:19:52,noise
6393062613059,6398085325274,T159,3.4,Cara Bakker,2025-10-13 08:26:32,noise
6393062613059,6398595696705,T159,22.7,Cara Bakker,2025-10-12 08:19:27,noise
6393062613059,6399003402039,T159,36.4,Cara Bakker,2025-10-11 02:26:50,noise
6393062613059,6396726642544,T159,16.7,Cara Bakker,2025-10-11 14:12:09,noise
6393062613059,6397473530031,T911,6.7,Cara Bakker,2025-10-11 08:14:10,noise
6393062613059,6397645850299,T159,10.6,Cara Bakker,2025-10-10 19:18:59,noise
6393062613059,6397277321210,T159,24.4,Cara Bakker,2025-10-10 15:00:32,noise
6393062613059,6398085325274,T911,16.1,Cara Bakker,2025-10-09 20:10:27,noise
6393062613059,6399965853740,T159,29.7,Cara Bakker,2025-10-08 14:18:44,noise
6393062613059,6397473530031,T159,19.0,Cara Bakker,2025-10-08 18:00:37,noise
6393062613059,6391392356697,T911,11.7,Cara Bakker,2025-10-08 16:30:53,noise
6393062613059,6398595696705,T911,13.3,Cara Bakker,2025-10-07 10:11:11,noise
6393062613059,6396726642544,T911,40.1,Cara Bakker,2025-10-06 12:23:22,noise
6393062613059,6397473530031,T159,12.8,Cara Bakker,2025-10-05 22:05:48,noise
6393062613059,6398085325274,T911,10.5,Cara Bakker,2025-10-05 11:15:10,noise
6393062613059,6398085325274,T911,3.6,Cara Bakker,2025-10-04 12:14:11,noise
6393062613059,6397645850299,T911,14.6,Cara Bakker,2025-10-04 12:13:03,noise
6393062613059,6395534105475,T159,7.1,Cara Bakker,2025-10-03 08:16:47,noise
6393062613059,6395799070967,T159,31.8,Cara Bakker,2025-10-03 23:06:21,noise
6393062613059,6397156535284,T911,8.5,Cara Bakker,2025-10-02 16:14:48,noise
6393062613059,6398085325274,T159,52.3,Cara Bakker,2025-10-02 08:09:29,noise
6393062613059,6397959529190,T911,6.9,Cara Bakker,2025-10-01 12:24:54,noise
6393062613059,6397473530031,T159,19.5,Cara Bakker,2025-09-30 08:21:17,noise
6393062613059,6399085717386,T911,46.6,Cara Bakker,2025-09-30 09:28:11,noise
6393062613059,6393736660443,T159,46.9,Cara Bakker,2025-09-29 16:25:31,noise
6393062613059,6395933083562,T159,9.2,Cara Bakker,2025-09-28 14:30:24,noise
6393062613059,6396726642544,T159,28.8,Cara Bakker,2025-09-27 16:11:49,noise
6393062613059,6396726642544,T159,3.5,Cara Bakker,2025-09-26 23:09:08,noise
6393062613059,6398085325274,T159,20.6,Cara Bakker,2025-09-26 20:25:58,noise
6393062613059,6394513051861,T911,15.5,Cara Bakker,2025-09-25 11:29:47,noise
6393062613059,6394711330962,T911,122.1,Cara Bakker,2025-09-25 17:23:56,noise
6393062613059,6397473530031,T911,26.2,Cara Bakker,2025-09-24 11:30:44,noise
6393062613059,6396726642544,T159,21.1,Cara Bakker,2025-09-24 21:12:11,noise
6393062613059,6398085325274,T911,74.1,Cara Bakker,2025-09-24 09:00:50,noise
6393062613059,6397473530031,T911,29.1,Cara Bakker,2025-09-23 09:12:54,noise
6393062613059,6397982198732,T159,16.7,Cara Bakker,2025-09-22 22:10:08,noise
6393062613059,6398085325274,T911,22.7,Cara Bakker,2025-09-22 08:23:24,noise
6393062613059,6396393488216,T159,7.4,Cara Bakker,2025-09-21 15:15:56,noise
6393062613059,6397473530031,T911,4.1,Cara Bakker,2025-09-20 15:02:26,noise
6393062613059,6396726642544,T159,18.2,Cara Bakker,2025-09-20 12:12:26,noise
6393062613059,6397473530031,T159,18.7,Cara Bakker,2025-09-20 12:12:10,noise
6393062613059,6392761010721,T159,15.1,Cara Bakker,2025-09-19 20:17:31,noise
6393062613059,6396726642544,T911,12.7,Cara Bakker,2025-09-18 11:28:04,noise
6393062613059,6398085325274,T159,11.5,Cara Bakker,2025-09-18 09:28:48,noise
6393062613059,6393454415467,T911,11.7,Cara Bakker,2025-09-17 01:10:25,noise
6393062613059,6395958977897,T159,5.6,Cara Bakker,2025-09-17 13:20:33,noise
6393062613059,6397473530031,T159,13.5,Cara Bakker,2025-09-16 02:04:44,noise
6393062613059,6398085325274,T159,8.8,Cara Bakker,2025-09-16 12:07:28,noise
6393062613059,6398085325274,T159,30.9,Cara Bakker,2025-09-15 09:02:51,noise
6393062613059,6398085325274,T159,4.5,Cara Bakker,2025-09-14 09:25:20,noise
6393062613059,6397326243787,T159,39.6,Cara Bakker,2025-09-14 17:29:38,noise
6393062613059,6396726642544,T159,15.2,Cara Bakker,2025-09-13 11:21:11,noise
6393062613059,6396726642544,T159,31.5,Cara Bakker,2025-09-13 11:30:56,noise
6393062613059,6393332370721,T911,15.1,Cara Bakker,2025-09-12 15:17:04,noise
6393062613059,6393329653115,T911,27.3,Cara Bakker,2025-09-12 12:19:15,noise
6393062613059,6397473530031,T911,16.9,Cara Bakker,2025-09-11 11:16:43,noise
6393062613059,6397473530031,T159,37.9,Cara Bakker,2025-09-10 19:21:27,noise
6393062613059,6395657768886,T159,17.8,Cara Bakker,2025-09-10 18:17:59,noise
6393062613059,6398085325274,T159,10.0,Cara Bakker,2025-09-10 10:05:18,noise
6393062613059,6397922188789,T159,68.7,Cara Bakker,2025-09-09 16:14:37,noise
6393062613059,6397761210582,T911,2.6,Cara Bakker,2025-09-09 12:16:23,noise
6393062613059,6396726642544,T159,6.3,Cara Bakker,2025-09-08 15:01:46,noise
6393062613059,6396726642544,T911,31.5,Cara Bakker,2025-09-07 23:04:35,noise
6393062613059,6397473530031,T911,10.5,Cara Bakker,2025-09-07 19:02:31,noise
6393062613059,6396726642544,T159,24.3,Cara Bakker,2025-09-07 11:30:14,noise
6393062613059,6398085325274,T159,11.4,Cara Bakker,2025-09-06 16:16:48,noise
6393062613059,6398085325274,T911,20.2,Cara Bakker,2025-09-06 08:03:44,noise
6393062613059,6393608254537,T159,1.9,Cara Bakker,2025-09-05 04:20:04,noise
6393062613059,6398595696705,T911,7.8,Cara Bakker,2025-09-05 23:29:02,noise
6393062613059,6398085325274,T159,5.8,Cara Bakker,2025-09-04 20:13:10,noise
6393062613059,6398085325274,T159,13.2,Cara Bakker,2025-09-04 09:12:34,noise
6393062613059,6397473530031,T159,12.1,Cara Bakker,2025-09-03 15:07:20,noise
6393062613059,6398085325274,T911,9.8,Cara Bakker,2025-09-03 09:08:12,noise
6393062613059,6396726642544,T911,42.1,Cara Bakker,2025-09-02 02:22:11,noise
6393062613059,6397473530031,T911,22.0,Cara Bakker,2025-09-02 18:23:52,noise
6393062613059,6397473530031,T159,3.3,Cara Bakker,2025-09-01 15:01:41,noise
6393062613059,6397473530031,T911,14.4,Cara Bakker,2025-09-01 00:22:38,noise
6393062613059,6396726642544,T159,13.0,Cara Bakker,2025-08-31 03:10:55,noise
6393062613059,6396726642544,T911,21.5,Cara Bakker,2025-08-30 20:15:27,noise
6393062613059,6392788177179,T159,15.0,Cara Bakker,2025-08-30 13:20:05,noise
6393062613059,6393736660443,T911,7.7,Cara Bakker,2025-08-29 18:17:19,noise
6393062613059,6396726642544,T911,24.4,Cara Bakker,2025-08-29 08:11:48,noise
6393062613059,6397645850299,T911,8.6,Cara Bakker,2025-08-28 22:28:43,noise
6393062613059,6398085325274,T159,7.0,Cara Bakker,2025-08-28 09:14:31,noise
6393062613059,6397473530031,T159,5.6,Cara Bakker,2025-08-28 08:23:25,noise
6393062613059,6397473530031,T911,69.6,Cara Bakker,2025-08-27 22:06:44,noise
6393062613059,6396726642544,T911,41.7,Cara Bakker,2025-08-27 09:00:09,noise
6393062613059,6393736660443,T159,10.6,Cara Bakker,2025-08-27 08:24:49,noise
6393062613059,6397473530031,T159,9.3,Cara Bakker,2025-08-26 16:02:03,noise
6393062613059,6396726642544,T159,10.5,Cara Bakker,2025-08-26 10:27:01,noise
6393062613059,6397473530031,T159,15.1,Cara Bakker,2025-08-25 13:29:44,noise
6393062613059,6396109116629,T911,18.4,Cara Bakker,2025-08-25 14:24:00,noise
6393062613059,6397473530031,T159,18.5,Cara Bakker,2025-08-25 15:14:03,noise
6393062613059,6397277321210,T159,25.0,Cara Bakker,2025-08-24 19:03:15,noise
6393062613059,6391051330112,T911,11.9,Cara Bakker,2025-08-23 15:21:02,noise
6393062613059,6397473530031,T911,10.8,Cara Bakker,2025-08-23 16:19:23,noise
6393062613059,6398085325274,T159,18.8,Cara Bakker,2025-08-23 09:14:03,noise
6393062613059,6397172010892,T911,6.7,Cara Bakker,2025-08-22 14:18:10,noise
6393062613059,6392517116618,T911,69.2,Cara Bakker,2025-08-22 09:30:30,noise
6393062613059,6398085325274,T911,24.0,Cara Bakker,2025-08-21 03:19:10,noise
6393062613059,6396393488216,T159,19.6,Cara Bakker,2025-08-21 18:27:14,noise
6393062613059,6398085325274,T911,12.2,Cara Bakker,2025-08-20 21:00:01,noise
6393062613059,6397775259023,T911,20.9,Cara Bakker,2025-08-20 19:13:11,noise
6393062613059,6397775259023,T159,60.7,Cara Bakker,2025-08-19 16:05:53,noise
6393062613059,6397479516078,T911,93.2,Cara Bakker,2025-08-18 22:06:36,noise
6393062613059,6397473530031,T159,13.4,Cara Bakker,2025-08-18 04:23:30,noise
6393062613059,6396726642544,T911,26.7,Cara Bakker,2025-08-17 21:28:57,noise
6393062613059,6397473530031,T159,8.8,Cara Bakker,2025-08-17 11:04:33,noise
6393062613059,6398085325274,T911,17.8,Cara Bakker,2025-08-17 09:17:34,noise
6393062613059,6397473530031,T911,16.7,Cara Bakker,2025-08-16 10:01:42,noise
6393062613059,6391663645516,T911,13.1,Cara Bakker,2025-08-16 02:18:16,noise
6393062613059,6395958977897,T911,21.2,Cara Bakker,2025-08-15 10:14:46,noise
6393062613059,6397473530031,T911,13.9,Cara Bakker,2025-08-14 12:17:01,noise
6393062613059,6391392356697,T159,25.2,Cara Bakker,2025-08-14 20:10:13,noise
6393062613059,6397473530031,T159,47.2,Cara Bakker,2025-08-13 22:12:56,noise
6393062613059,6397473530031,T159,12.1,Cara Bakker,2025-08-13 11:15:37,noise
6393062613059,6396726642544,T159,21.5,Cara Bakker,2025-08-12 12:02:50,noise
6393062613059,6397473530031,T911,18.7,Cara Bakker,2025-08-12 17:14:22,noise
6393062613059,6398085325274,T159,23.4,Cara Bakker,2025-08-12 14:05:49,noise
6393062613059,6395958977897,T911,8.7,Cara Bakker,2025-08-11 10:14:13,noise
6393062613059,6396726642544,T159,16.2,Cara Bakker,2025-08-11 09:21:32,noise
6393062613059,6393869319540,T159,8.3,Cara Bakker,2025-08-10 10:30:00,noise
6393062613059,6396726642544,T159,18.8,Cara Bakker,2025-08-10 11:19:26,noise
6393062613059,6394247662559,T159,22.1,Cara Bakker,2025-08-09 15:10:00,noise
6393062613059,6394573060920,T159,22.6,Cara Bakker,2025-08-09 15:24:28,noise
6393062613059,6396726642544,T159,39.0,Cara Bakker,2025-08-08 18:28:08,noise
6393062613059,6397922188789,T911,10.7,Cara Bakker,2025-08-08 13:20:02,noise
6393062613059,6398085325274,T159,7.4,Cara Bakker,2025-08-07 11:26:18,noise
6393062613059,6398085325274,T159,22.8,Cara Bakker,2025-08-07 19:29:37,noise
6393062613059,6396726642544,T911,48.8,Cara Bakker,2025-08-07 12:22:28,noise
6393062613059,6397473530031,T159,8.4,Cara Bakker,2025-08-06 11:06:37,noise
6393062613059,6392761010721,T911,19.5,Cara Bakker,2025-08-06 11:11:58,noise
6393062613059,6396726642544,T911,8.9,Cara Bakker,2025-08-06 04:17:19,noise
6393062613059,6397473500175,T911,22.6,Cara Bakker,2025-08-05 18:05:25,noise
6393062613059,6397473530031,T911,17.7,Cara Bakker,2025-08-04 13:24:05,noise
6393062613059,6394513051861,T911,6.2,Cara Bakker,2025-08-04 13:03:51,noise
6393062613059,6397172010892,T159,65.0,Cara Bakker,2025-12-03 02:17:11,noise
6393062613059,6397172010892,T159,55.6,Cara Bakker,2025-12-23 18:14:16,noise
6393062613059,6397172010892,T159,140.5,Cara Bakker,2025-12-02 07:13:06,noise
6393062613059,6397172010892,T159,31.7,Cara Bakker,2025-12-12 05:00:08,noise
6393062613059,6397172010892,T159,41.1,Cara Bakker,2025-12-24 05:04:17,noise
6393062613059,6397172010892,T159,168.3,Cara Bakker,2025-12-14 04:07:43,noise
6399141407059,6395933083562,T833,19.3,Leo Zhou,2025-10-18 20:05:07,noise
6399141407059,6392027898005,T490,20.1,Leo Zhou,2025-10-18 14:21:51,noise
6399141407059,6397052145323,T490,7.0,Leo Zhou,2025-10-18 16:16:00,noise
6399141407059,6392175203535,T490,15.9,Leo Zhou,2025-10-17 19:23:03,noise
6399141407059,6392175203535,T833,41.8,Leo Zhou,2025-10-17 17:29:45,noise
6399141407059,6393454415467,T490,12.8,Leo Zhou,2025-10-16 12:11:35,noise
6399141407059,6393454415467,T833,6.8,Leo Zhou,2025-10-16 08:24:37,noise
6399141407059,6393454415467,T490,4.4,Leo Zhou,2025-10-15 04:08:52,noise
6399141407059,6393454415467,T490,16.3,Leo Zhou,2025-10-14 15:24:07,noise
6399141407059,6392761010721,T490,17.5,Leo Zhou,2025-10-13 20:30:21,noise
6399141407059,6392761010721,T490,13.5,Leo Zhou,2025-10-12 12:07:21,noise
6399141407059,6393454415467,T490,19.5,Leo Zhou,2025-10-12 08:08:33,noise
6399141407059,6391167752063,T833,24.2,Leo Zhou,2025-10-11 09:23:53,noise
6399141407059,6392761010721,T490,15.9,Leo Zhou,2025-10-11 11:05:54,noise
6399141407059,6392175203535,T490,32.0,Leo Zhou,2025-10-10 20:15:10,noise
6399141407059,6393454415467,T490,5.0,Leo Zhou,2025-10-09 16:17:28,noise
6399141407059,6393454415467,T490,3.3,Leo Zhou,2025-10-09 09:03:39,noise
6399141407059,6394573060920,T490,7.0,Leo Zhou,2025-10-09 17:27:36,noise
6399141407059,6393454415467,T490,44.1,Leo Zhou,2025-10-08 03:28:31,noise
6399141407059,6393134974031,T833,32.8,Leo Zhou,2025-10-07 19:23:18,noise
6399141407059,6392175203535,T490,4.4,Leo Zhou,2025-10-07 14:06:57,noise
6399141407059,6392322072341,T490,13.0,Leo Zhou,2025-10-06 11:26:51,noise
6399141407059,6393454415467,T490,13.8,Leo Zhou,2025-10-06 09:14:02,noise
6399141407059,6391302712293,T833,37.1,Leo Zhou,2025-10-05 19:07:12,noise
6399141407059,6393454415467,T490,7.5,Leo Zhou,2025-10-04 08:21:10,noise
6399141407059,6392761010721,T490,14.7,Leo Zhou,2025-10-04 15:13:32,noise
6399141407059,6392761010721,T490,18.1,Leo Zhou,2025-10-03 08:15:51,noise
6399141407059,6392761010721,T490,20.4,Leo Zhou,2025-10-03 01:04:03,noise
6399141407059,6393454415467,T833,9.9,Leo Zhou,2025-10-02 00:08:46,noise
6399141407059,6392761010721,T490,6.8,Leo Zhou,2025-10-02 20:10:51,noise
6399141407059,6392761010721,T490,5.7,Leo Zhou,2025-10-01 16:02:54,noise
6399141407059,6392175203535,T490,9.8,Leo Zhou,2025-10-01 19:07:32,noise
6399141407059,6397102194949,T490,18.3,Leo Zhou,2025-09-30 12:11:15,noise
6399141407059,6398186138815,T490,25.4,Leo Zhou,2025-09-29 22:14:11,noise
6399141407059,6393454415467,T833,9.3,Leo Zhou,2025-09-29 00:04:19,noise
6399141407059,6399085717386,T490,30.7,Leo Zhou,2025-09-28 19:03:18,noise
6399141407059,6393454415467,T490,13.1,Leo Zhou,2025-09-27 01:10:42,noise
6399141407059,6392761010721,T833,5.7,Leo Zhou,2025-09-26 20:11:53,noise
6399141407059,6393454415467,T833,44.4,Leo Zhou,2025-09-25 13:03:37,noise
6399141407059,6392175203535,T833,6.2,Leo Zhou,2025-09-25 17:13:30,noise
6399141407059,6393454415467,T490,11.1,Leo Zhou,2025-09-25 18:14:15,noise
6399141407059,6393454415467,T833,8.4,Leo Zhou,2025-09-24 16:09:39,noise
6399141407059,6391663645516,T490,24.0,Leo Zhou,2025-09-24 01:18:29,noise
6399141407059,6393869319540,T833,8.5,Leo Zhou,2025-09-23 12:25:06,noise
6399141407059,6392761010721,T490,10.7,Leo Zhou,2025-09-23 03:26:00,noise
6399141407059,6392375347403,T833,18.0,Leo Zhou,2025-09-22 08:22:32,noise
6399141407059,6392761010721,T833,4.7,Leo Zhou,2025-09-22 18:06:15,noise
6399141407059,6392761010721,T490,2.4,Leo Zhou,2025-09-22 10:08:52,noise
6399141407059,6392175203535,T490,7.4,Leo Zhou,2025-09-21 09:08:54,noise
6399141407059,6392761010721,T490,30.9,Leo Zhou,2025-09-20 18:16:57,noise
6399141407059,6392761010721,T490,11.8,Leo Zhou,2025-09-20 15:16:52,noise
6399141407059,6397266186506,T490,25.8,Leo Zhou,2025-09-19 18:06:00,noise
6399141407059,6399141407059,T490,16.8,Leo Zhou,2025-09-19 02:06:57,noise
6399141407059,6395799070967,T490,28.1,Leo Zhou,2025-09-18 17:08:53,noise
6399141407059,6399604910822,T490,13.5,Leo Zhou,2025-09-18 21:12:29,noise
6399141407059,6392761010721,T490,39.0,Leo Zhou,2025-09-18 14:26:26,noise
6399141407059,6393454415467,T490,27.0,Leo Zhou,2025-09-17 04:25:43,noise
6399141407059,6393591747444,T833,26.4,Leo Zhou,2025-09-17 20:25:44,noise
6399141407059,6392761010721,T490,7.5,Leo Zhou,2025-09-17 21:13:19,noise
6399141407059,6392761010721,T833,16.0,Leo Zhou,2025-09-16 19:14:26,noise
6399141407059,6393454415467,T490,7.7,Leo Zhou,2025-09-15 21:14:03,noise
6399141407059,6393454415467,T490,9.5,Leo Zhou,2025-09-15 12:04:45,noise
6399141407059,6396688935939,T490,15.7,Leo Zhou,2025-09-14 11:19:15,noise
6399141407059,6392761010721,T490,15.4,Leo Zhou,2025-09-14 08:10:04,noise
6399141407059,6394856722505,T833,27.5,Leo Zhou,2025-09-13 20:01:15,noise
6399141407059,6393454415467,T833,13.0,Leo Zhou,2025-09-13 13:18:42,noise
6399141407059,6393454415467,T833,16.3,Leo Zhou,2025-09-12 18:24:08,noise
6399141407059,6391577055581,T833,8.9,Leo Zhou,2025-09-12 17:19:34,noise
6399141407059,6391282991519,T833,12.3,Leo Zhou,2025-09-11 16:12:22,noise
6399141407059,6393454415467,T490,17.4,Leo Zhou,2025-09-11 05:26:48,noise
6399141407059,6392761010721,T490,13.2,Leo Zhou,2025-09-10 09:26:29,noise
6399141407059,6392761010721,T833,26.6,Leo Zhou,2025-09-09 13:29:42,noise
6399141407059,6392175203535,T490,9.4,Leo Zhou,2025-09-09 05:15:09,noise
6399141407059,6393549070850,T833,14.9,Leo Zhou,2025-09-09 20:06:35,noise
6399141407059,6392761010721,T833,17.8,Leo Zhou,2025-09-08 20:07:45,noise
6399141407059,6397922188789,T833,35.3,Leo Zhou,2025-09-08 21:25:26,noise
6399141407059,6392175203535,T490,7.3,Leo Zhou,2025-09-07 23:09:56,noise
6399141407059,6397479516078,T490,20.5,Leo Zhou,2025-09-06 19:25:17,noise
6399141407059,6393454415467,T833,19.5,Leo Zhou,2025-09-06 09:15:14,noise
6399141407059,6392761010721,T490,13.5,Leo Zhou,2025-09-05 15:20:30,noise
6399141407059,6395588239969,T833,22.8,Leo Zhou,2025-09-05 02:03:46,noise
6399141407059,6391494838799,T490,20.4,Leo Zhou,2025-09-04 13:09:33,noise
6399141407059,6392322072341,T490,8.1,Leo Zhou,2025-09-04 04:21:55,noise
6399141407059,6393694731514,T833,16.4,Leo Zhou,2025-09-03 19:16:55,noise
6399141407059,6393608254537,T833,12.7,Leo Zhou,2025-09-03 20:29:49,noise
6399141407059,6392175203535,T490,60.3,Leo Zhou,2025-09-03 12:29:26,noise
6399141407059,6393454415467,T833,15.2,Leo Zhou,2025-09-02 19:01:12,noise
6399141407059,6392761010721,T490,4.4,Leo Zhou,2025-09-02 13:14:49,noise
6399141407059,6393454415467,T490,16.2,Leo Zhou,2025-09-01 22:00:00,noise
6399141407059,6392761010721,T490,16.2,Leo Zhou,2025-08-31 23:12:31,noise
6399141407059,6392761010721,T490,16.1,Leo Zhou,2025-08-31 10:21:25,noise
6399141407059,6398097172985,T490,12.8,Leo Zhou,2025-08-30 12:04:31,noise
6399141407059,6393454415467,T490,8.8,Leo Zhou,2025-08-29 16:09:52,noise
6399141407059,6393454415467,T490,38.0,Leo Zhou,2025-08-28 11:04:41,noise
6399141407059,6399696031872,T490,17.8,Leo Zhou,2025-08-28 15:05:50,noise
6399141407059,6392175203535,T833,17.9,Leo Zhou,2025-08-27 21:22:15,noise
6399141407059,6396688935939,T833,21.5,Leo Zhou,2025-08-26 22:20:57,noise
6399141407059,6394573060920,T833,22.1,Leo Zhou,2025-08-26 16:03:28,noise
6399141407059,6394711330962,T833,18.2,Leo Zhou,2025-08-26 12:06:44,noise
6399141407059,6392761010721,T833,26.1,Leo Zhou,2025-08-25 08:30:49,noise
6399141407059,6392175203535,T833,27.3,Leo Zhou,2025-08-25 23:00:41,noise
6399141407059,6394137438800,T490,8.4,Leo Zhou,2025-08-25 11:05:34,noise
6399141407059,6392175203535,T833,7.7,Leo Zhou,2025-08-24 13:28:26,noise
6399141407059,6393134974031,T490,9.5,Leo Zhou,2025-08-24 21:05:20,noise
6399141407059,6391877128212,T490,40.4,Leo Zhou,2025-08-23 19:12:30,noise
6399141407059,6392761010721,T833,32.3,Leo Zhou,2025-08-23 09:23:09,noise
6399141407059,6398085325274,T490,12.9,Leo Zhou,2025-08-23 12:03:49,noise
6399141407059,6393454415467,T490,8.3,Leo Zhou,2025-08-22 19:05:00,noise
6399141407059,6393825956914,T490,4.4,Leo Zhou,2025-08-22 20:08:15,noise
6399141407059,6393454415467,T490,26.1,Leo Zhou,2025-08-21 15:16:24,noise
6399141407059,6392761010721,T490,7.3,Leo Zhou,2025-08-20 21:16:30,noise
6399141407059,6392761010721,T490,20.1,Leo Zhou,2025-08-20 14:18:09,noise
6399141407059,6392761010721,T490,15.5,Leo Zhou,2025-08-20 20:28:49,noise
6399141407059,6393454415467,T490,8.9,Leo Zhou,2025-08-19 15:04:36,noise
6399141407059,6392761010721,T833,17.7,Leo Zhou,2025-08-19 08:07:41,noise
6399141407059,6393454415467,T833,20.3,Leo Zhou,2025-08-18 10:18:19,noise
6399141407059,6392175203535,T833,14.6,Leo Zhou,2025-08-17 04:25:17,noise
6399141407059,6392175203535,T833,20.5,Leo Zhou,2025-08-17 10:01:33,noise
6399141407059,6392761010721,T490,7.9,Leo Zhou,2025-08-17 20:14:08,noise
6399141407059,6393454415467,T490,13.3,Leo Zhou,2025-08-16 09:03:45,noise
6399141407059,6392761010721,T833,8.2,Leo Zhou,2025-08-15 22:25:08,noise
6399141407059,6392705348834,T490,19.8,Leo Zhou,2025-08-15 15:14:47,noise
6399141407059,6393454415467,T833,15.4,Leo Zhou,2025-08-15 18:00:56,noise
6399141407059,6392761010721,T833,25.3,Leo Zhou,2025-08-14 22:08:04,noise
6399141407059,6393454415467,T833,20.2,Leo Zhou,2025-08-14 16:02:08,noise
6399141407059,6393454415467,T490,35.6,Leo Zhou,2025-08-13 13:12:34,noise
6399141407059,6393454415467,T490,27.7,Leo Zhou,2025-08-12 08:01:18,noise
6399141407059,6393869319540,T833,10.3,Leo Zhou,2025-08-12 19:18:34,noise
6399141407059,6397959529190,T490,5.0,Leo Zhou,2025-08-11 14:09:07,noise
6399141407059,6392761010721,T490,21.5,Leo Zhou,2025-08-11 19:11:59,noise
6399141407059,6397473530031,T833,8.3,Leo Zhou,2025-08-10 05:24:56,noise
6399141407059,6396726642544,T833,22.4,Leo Zhou,2025-08-10 04:14:52,noise
6399141407059,6393625636545,T490,13.4,Leo Zhou,2025-08-09 11:17:19,noise
6399141407059,6392175203535,T490,10.9,Leo Zhou,2025-08-09 23:09:16,noise
6399141407059,6394573060920,T490,7.8,Leo Zhou,2025-08-08 16:07:11,noise
6399141407059,6393608254537,T490,22.8,Leo Zhou,2025-08-07 08:17:49,noise
6399141407059,6393454415467,T490,15.6,Leo Zhou,2025-08-07 12:04:52,noise
6399141407059,6391302712293,T490,6.5,Leo Zhou,2025-08-07 15:00:32,noise
6399141407059,6395799070967,T833,17.1,Leo Zhou,2025-08-06 02:11:56,noise
6399141407059,6392761010721,T490,22.8,Leo Zhou,2025-08-05 11:09:39,noise
6399141407059,6396447956284,T490,23.7,Leo Zhou,2025-08-04 21:26:14,noise
6399141407059,6393454415467,T490,8.1,Leo Zhou,2025-08-04 20:14:36,noise
6399877395358,6398085325274,T888,10.7,Cara Silva,2025-10-18 18:09:23,noise
6399877395358,6395588239969,T563,9.4,Cara Silva,2025-10-18 20:13:13,noise
6399877395358,6391282991519,T888,14.4,Cara Silva,2025-10-17 23:25:45,noise
6399877395358,6397775259023,T563,23.6,Cara Silva,2025-10-17 16:30:36,noise
6399877395358,6395535962322,T563,17.8,Cara Silva,2025-10-16 18:01:44,noise
6399877395358,6393062613059,T888,50.2,Cara Silva,2025-10-16 10:13:57,noise
6399877395358,6397775259023,T563,12.2,Cara Silva,2025-10-15 13:11:48,noise
6399877395358,6393062613059,T563,19.7,Cara Silva,2025-10-14 14:23:14,noise
6399877395358,6393062613059,T888,5.9,Cara Silva,2025-10-14 14:13:39,noise
6399877395358,6391282991519,T888,10.2,Cara Silva,2025-10-13 09:04:45,noise
6399877395358,6394247662559,T888,14.2,Cara Silva,2025-10-12 16:28:57,noise
6399877395358,6399604910822,T888,14.1,Cara Silva,2025-10-12 10:22:54,noise
6399877395358,6393062613059,T888,13.5,Cara Silva,2025-10-11 19:28:03,noise
6399877395358,6394856722505,T563,27.2,Cara Silva,2025-10-11 20:01:04,noise
6399877395358,6397775259023,T563,76.3,Cara Silva,2025-10-10 09:02:20,noise
6399877395358,6393454415467,T563,18.4,Cara Silva,2025-10-10 11:19:17,noise
6399877395358,6391877128212,T888,10.7,Cara Silva,2025-10-09 19:25:47,noise
6399877395358,6393062613059,T563,59.6,Cara Silva,2025-10-08 17:12:04,noise
6399877395358,6397982198732,T563,30.1,Cara Silva,2025-10-08 21:13:16,noise
6399877395358,6391787733401,T563,37.7,Cara Silva,2025-10-07 16:05:27,noise
6399877395358,6397775259023,T563,18.3,Cara Silva,2025-10-07 23:22:53,noise
6399877395358,6398595696705,T888,10.7,Cara Silva,2025-10-06 13:29:00,noise
6399877395358,6391282991519,T888,7.2,Cara Silva,2025-10-06 18:30:09,noise
6399877395358,6397052145323,T563,18.3,Cara Silva,2025-10-05 23:17:14,noise
6399877395358,6393608254537,T563,31.0,Cara Silva,2025-10-05 23:18:13,noise
6399877395358,6397326243787,T563,29.7,Cara Silva,2025-10-04 02:02:23,noise
6399877395358,6399085717386,T563,3.4,Cara Silva,2025-10-03 01:14:33,noise
6399877395358,6397775259023,T563,10.8,Cara Silva,2025-10-03 08:09:03,noise
6399877395358,6394513051861,T888,5.8,Cara Silva,2025-10-02 09:28:31,noise
6399877395358,6391282991519,T888,25.5,Cara Silva,2025-10-02 05:15:17,noise
6399877395358,6397775259023,T888,17.5,Cara Silva,2025-10-02 14:20:42,noise
6399877395358,6397775259023,T563,6.9,Cara Silva,2025-10-01 20:26:49,noise
6399877395358,6393062613059,T888,24.6,Cara Silva,2025-10-01 18:16:05,noise
6399877395358,6391282991519,T888,25.9,Cara Silva,2025-10-01 05:21:14,noise
6399877395358,6397775259023,T563,22.3,Cara Silva,2025-09-30 18:13:47,noise
6399877395358,6393062613059,T563,12.5,Cara Silva,2025-09-30 19:19:21,noise
6399877395358,6391282991519,T563,36.2,Cara Silva,2025-09-29 14:01:36,noise
6399877395358,6397473500175,T888,15.9,Cara Silva,2025-09-29 09:14:47,noise
6399877395358,6393062613059,T563,62.4,Cara Silva,2025-09-28 10:04:25,noise
6399877395358,6391282991519,T563,7.2,Cara Silva,2025-09-28 19:10:46,noise
6399877395358,6391282991519,T563,54.2,Cara Silva,2025-09-27 14:25:41,noise
6399877395358,6397775259023,T888,15.2,Cara Silva,2025-09-26 08:08:14,noise
6399877395358,6399085717386,T563,10.2,Cara Silva,2025-09-26 08:11:47,noise
6399877395358,6391282991519,T563,5.8,Cara Silva,2025-09-25 02:02:05,noise
6399877395358,6395933083562,T888,25.0,Cara Silva,2025-09-25 20:00:53,noise
6399877395358,6392375347403,T563,13.3,Cara Silva,2025-09-24 15:07:54,noise
6399877395358,6393062613059,T563,6.8,Cara Silva,2025-09-23 18:07:35,noise
6399877395358,6391282991519,T888,7.8,Cara Silva,2025-09-23 18:01:37,noise
6399877395358,6397775259023,T563,27.9,Cara Silva,2025-09-22 18:25:07,noise
6399877395358,6392322072341,T888,23.7,Cara Silva,2025-09-21 15:05:40,noise
6399877395358,6393062613059,T563,18.1,Cara Silva,2025-09-21 18:18:37,noise
6399877395358,6397922188789,T888,19.4,Cara Silva,2025-09-20 23:04:16,noise
6399877395358,6393549070850,T563,28.4,Cara Silva,2025-09-20 20:04:02,noise
6399877395358,6398095030730,T563,20.4,Cara Silva,2025-09-19 11:27:32,noise
6399877395358,6391577055581,T563,29.4,Cara Silva,2025-09-19 12:11:54,noise
6399877395358,6397775259023,T563,21.2,Cara Silva,2025-09-19 11:24:05,noise
6399877395358,6396121190710,T563,16.3,Cara Silva,2025-09-18 03:13:36,noise
6399877395358,6399836144770,T888,23.7,Cara Silva,2025-09-18 12:01:31,noise
6399877395358,6399003402039,T563,47.7,Cara Silva,2025-09-17 19:00:22,noise
6399877395358,6397775259023,T888,28.6,Cara Silva,2025-09-17 14:01:36,noise
6399877395358,6397775259023,T563,39.2,Cara Silva,2025-09-16 21:27:30,noise
6399877395358,6391282991519,T888,30.7,Cara Silva,2025-09-16 22:14:47,noise
6399877395358,6393062613059,T563,8.6,Cara Silva,2025-09-16 15:29:09,noise
6399877395358,6396109116629,T888,26.1,Cara Silva,2025-09-15 00:18:38,noise
6399877395358,6391282991519,T888,12.9,Cara Silva,2025-09-15 15:28:44,noise
6399877395358,6393062613059,T563,15.5,Cara Silva,2025-09-14 11:26:57,noise
6399877395358,6397775259023,T888,18.0,Cara Silva,2025-09-14 15:13:12,noise
6399877395358,6392953177733,T888,40.0,Cara Silva,2025-09-14 09:09:54,noise
6399877395358,6391577055581,T563,34.4,Cara Silva,2025-09-13 22:11:36,noise
6399877395358,6397775259023,T563,21.4,Cara Silva,2025-09-13 16:03:04,noise
6399877395358,6393062613059,T888,7.9,Cara Silva,2025-09-13 14:06:22,noise
6399877395358,6391282991519,T563,17.8,Cara Silva,2025-09-12 17:27:05,noise
6399877395358,6392951962632,T563,7.3,Cara Silva,2025-09-12 21:13:23,noise
6399877395358,6391282991519,T888,46.8,Cara Silva,2025-09-11 21:13:02,noise
6399877395358,6395324391443,T563,39.6,Cara Silva,2025-09-11 22:13:53,noise
6399877395358,6397277321210,T888,20.6,Cara Silva,2025-09-10 19:21:11,noise
6399877395358,6393736660443,T563,32.9,Cara Silva,2025-09-10 14:02:45,noise
6399877395358,6393062613059,T563,16.2,Cara Silva,2025-09-10 20:22:42,noise
6399877395358,6397775259023,T563,20.1,Cara Silva,2025-09-09 18:11:59,noise
6399877395358,6399696031872,T563,6.8,Cara Silva,2025-09-08 08:28:46,noise
6399877395358,6393062613059,T563,6.5,Cara Silva,2025-09-08 09:18:44,noise
6399877395358,6393062613059,T563,18.2,Cara Silva,2025-09-07 01:17:29,noise
6399877395358,6393549070850,T563,27.2,Cara Silva,2025-09-07 16:09:09,noise
6399877395358,6399487367347,T888,15.6,Cara Silva,2025-09-07 17:08:45,noise
6399877395358,6399096359352,T888,17.7,Cara Silva,2025-09-06 15:10:39,noise
6399877395358,6397922188789,T563,10.9,Cara Silva,2025-09-06 23:08:49,noise
6399877395358,6393062613059,T888,19.7,Cara Silva,2025-09-05 09:01:37,noise
6399877395358,6393062613059,T563,44.8,Cara Silva,2025-09-04 15:30:26,noise
6399877395358,6393062613059,T563,18.4,Cara Silva,2025-09-04 09:25:49,noise
6399877395358,6396447956284,T563,17.1,Cara Silva,2025-09-03 13:08:39,noise
6399877395358,6396198739962,T888,56.1,Cara Silva,2025-09-03 10:29:03,noise
6399877395358,6393062613059,T888,26.5,Cara Silva,2025-09-03 19:10:58,noise
6399877395358,6393454415467,T563,17.9,Cara Silva,2025-09-02 20:24:20,noise
6399877395358,6397775259023,T888,8.5,Cara Silva,2025-09-02 14:16:31,noise
6399877395358,6391282991519,T888,6.3,Cara Silva,2025-09-01 11:27:15,noise
6399877395358,6397775259023,T888,26.1,Cara Silva,2025-09-01 14:05:51,noise
6399877395358,6391282991519,T563,88.6,Cara Silva,2025-08-31 23:23:11,noise
6399877395358,6391282991519,T563,22.0,Cara Silva,2025-08-31 16:00:25,noise
6399877395358,6396116554141,T563,15.1,Cara Silva,2025-08-30 17:15:17,noise
6399877395358,6392027898005,T563,59.4,Cara Silva,2025-08-30 20:17:38,noise
6399877395358,6393062613059,T563,47.3,Cara Silva,2025-08-29 10:29:32,noise
6399877395358,6393062613059,T563,14.7,Cara Silva,2025-08-29 01:09:39,noise
6399877395358,6398415249661,T888,22.6,Cara Silva,2025-08-29 12:22:51,noise
6399877395358,6395933083562,T563,11.9,Cara Silva,2025-08-28 17:12:45,noise
6399877395358,6391877128212,T563,6.9,Cara Silva,2025-08-28 09:01:58,noise
6399877395358,6397326243787,T888,10.6,Cara Silva,2025-08-27 08:12:05,noise
6399877395358,6393625636545,T563,12.5,Cara Silva,2025-08-27 13:22:09,noise
6399877395358,6396625936508,T888,6.7,Cara Silva,2025-08-26 04:24:59,noise
6399877395358,6391282991519,T888,7.5,Cara Silva,2025-08-25 14:20:53,noise
6399877395358,6393062613059,T888,14.0,Cara Silva,2025-08-25 13:23:51,noise
6399877395358,6397775259023,T563,14.7,Cara Silva,2025-08-24 02:05:01,noise
6399877395358,6393062613059,T563,21.7,Cara Silva,2025-08-24 08:14:59,noise
6399877395358,6393062613059,T563,18.3,Cara Silva,2025-08-23 10:18:20,noise
6399877395358,6397775259023,T888,17.8,Cara Silva,2025-08-23 10:11:47,noise
6399877395358,6394372750872,T563,15.4,Cara Silva,2025-08-22 23:30:42,noise
6399877395358,6391577055581,T563,27.4,Cara Silva,2025-08-21 08:19:31,noise
6399877395358,6396447956284,T563,19.5,Cara Silva,2025-08-21 14:15:32,noise
6399877395358,6391282991519,T563,34.3,Cara Silva,2025-08-21 08:29:18,noise
6399877395358,6397775259023,T888,10.8,Cara Silva,2025-08-20 19:22:30,noise
6399877395358,6391877128212,T563,15.7,Cara Silva,2025-08-20 08:04:01,noise
6399877395358,6394856722505,T888,18.0,Cara Silva,2025-08-19 05:25:30,noise
6399877395358,6391282991519,T888,14.7,Cara Silva,2025-08-18 16:19:41,noise
6399877395358,6397473500175,T563,11.9,Cara Silva,2025-08-18 20:02:31,noise
6399877395358,6393062613059,T888,22.2,Cara Silva,2025-08-17 13:08:56,noise
6399877395358,6393062613059,T888,22.2,Cara Silva,2025-08-17 20:09:27,noise
6399877395358,6391282991519,T563,45.3,Cara Silva,2025-08-17 13:11:01,noise
6399877395358,6397479516078,T563,12.0,Cara Silva,2025-08-16 10:12:17,noise
6399877395358,6391282991519,T563,13.3,Cara Silva,2025-08-15 11:20:50,noise
6399877395358,6391282991519,T563,27.2,Cara Silva,2025-08-15 02:05:40,noise
6399877395358,6393332370721,T888,15.6,Cara Silva,2025-08-14 16:25:53,noise
6399877395358,6391282991519,T563,9.1,Cara Silva,2025-08-14 08:17:38,noise
6399877395358,6396116554141,T888,6.5,Cara Silva,2025-08-13 16:04:05,noise
6399877395358,6393329653115,T563,12.3,Cara Silva,2025-08-13 17:10:14,noise
6399877395358,6391282991519,T888,5.5,Cara Silva,2025-08-13 18:06:28,noise
6399877395358,6391282991519,T563,24.7,Cara Silva,2025-08-12 05:20:35,noise
6399877395358,6397775259023,T888,20.9,Cara Silva,2025-08-12 02:03:01,noise
6399877395358,6397775259023,T563,9.5,Cara Silva,2025-08-11 09:24:38,noise
6399877395358,6397775259023,T888,12.7,Cara Silva,2025-08-11 11:14:54,noise
6399877395358,6395137959873,T563,10.5,Cara Silva,2025-08-10 11:28:51,noise
6399877395358,6393062613059,T563,18.5,Cara Silva,2025-08-10 12:24:35,noise
6399877395358,6393062613059,T888,20.8,Cara Silva,2025-08-10 11:02:03,noise
6399877395358,6393062613059,T563,21.3,Cara Silva,2025-08-09 12:18:01,noise
6399877395358,6397156535284,T888,28.6,Cara Silva,2025-08-09 13:26:49,noise
6399877395358,6391282991519,T563,18.3,Cara Silva,2025-08-08 09:16:31,noise
6399877395358,6397775259023,T563,18.0,Cara Silva,2025-08-07 15:00:42,noise
6399877395358,6391282991519,T563,14.8,Cara Silva,2025-08-07 05:02:56,noise
6399877395358,6397207416529,T563,10.7,Cara Silva,2025-08-06 17:04:50,noise
6399877395358,6397695360968,T888,6.6,Cara Silva,2025-08-06 02:08:04,noise
6399877395358,6397775259023,T563,24.2,Cara Silva,2025-08-05 14:12:17,noise
6399877395358,6393869319540,T563,16.9,Cara Silva,2025-08-05 21:07:00,noise
6399877395358,6395657768886,T888,19.5,Cara Silva,2025-08-04 20:04:41,noise
6399877395358,6393062613059,T888,9.0,Cara Silva,2025-08-04 13:16:46,noise
6399877395358,6391282991519,T888,15.7,Cara Silva,2025-08-04 11:29:38,noise
6397326243787,6394372750872,T776,14.1,Zane Haddad,2025-10-18 09:01:18,noise
6397326243787,6394372750872,T776,11.6,Zane Haddad,2025-10-18 11:13:08,noise
6397326243787,6395534105475,T543,19.7,Zane Haddad,2025-10-18 08:27:56,noise
6397326243787,6391787733401,T776,6.0,Zane Haddad,2025-10-17 17:02:39,noise
6397326243787,6394372750872,T776,28.3,Zane Haddad,2025-10-16 18:03:43,noise
6397326243787,6393332370721,T543,21.2,Zane Haddad,2025-10-16 05:30:18,noise
6397326243787,6393332370721,T543,9.5,Zane Haddad,2025-10-15 13:22:51,noise
6397326243787,6396116554141,T543,9.6,Zane Haddad,2025-10-15 05:25:07,noise
6397326243787,6394573060920,T776,28.6,Zane Haddad,2025-10-14 16:27:10,noise
6397326243787,6394372750872,T776,26.8,Zane Haddad,2025-10-13 11:28:53,noise
6397326243787,6393332370721,T776,43.1,Zane Haddad,2025-10-12 11:26:16,noise
6397326243787,6393332370721,T543,42.5,Zane Haddad,2025-10-12 00:02:39,noise
6397326243787,6396393488216,T776,5.2,Zane Haddad,2025-10-12 08:04:28,noise
6397326243787,6394372750872,T543,17.9,Zane Haddad,2025-10-11 03:18:44,noise
6397326243787,6396198739962,T543,5.9,Zane Haddad,2025-10-11 08:27:04,noise
6397326243787,6393332370721,T776,17.2,Zane Haddad,2025-10-11 19:21:40,noise
6397326243787,6394372750872,T543,5.9,Zane Haddad,2025-10-10 18:15:59,noise
6397326243787,6398085325274,T543,15.1,Zane Haddad,2025-10-10 16:28:38,noise
6397326243787,6394372750872,T543,33.2,Zane Haddad,2025-10-10 08:00:05,noise
6397326243787,6399836144770,T543,11.0,Zane Haddad,2025-10-09 23:24:46,noise
6397326243787,6393625636545,T776,24.9,Zane Haddad,2025-10-09 18:16:50,noise
6397326243787,6394372750872,T543,11.3,Zane Haddad,2025-10-08 17:02:07,noise
6397326243787,6393332370721,T543,23.6,Zane Haddad,2025-10-08 09:17:20,noise
6397326243787,6397775259023,T776,7.5,Zane Haddad,2025-10-07 12:18:58,noise
6397326243787,6393332370721,T543,33.0,Zane Haddad,2025-10-06 09:04:40,noise
6397326243787,6398415249661,T776,15.6,Zane Haddad,2025-10-06 19:30:48,noise
6397326243787,6394372750872,T776,145.6,Zane Haddad,2025-10-06 08:11:44,noise
6397326243787,6394372750872,T776,11.7,Zane Haddad,2025-10-05 11:09:03,noise
6397326243787,6393332370721,T776,5.5,Zane Haddad,2025-10-05 16:16:07,noise
6397326243787,6394372750872,T543,7.9,Zane Haddad,2025-10-04 10:29:38,noise
6397326243787,6393332370721,T776,11.8,Zane Haddad,2025-10-04 13:21:24,noise
6397326243787,6399965853740,T776,9.2,Zane Haddad,2025-10-03 21:15:51,noise
6397326243787,6397326243787,T543,10.6,Zane Haddad,2025-10-03 10:11:23,noise
6397326243787,6393332370721,T543,5.7,Zane Haddad,2025-10-02 13:04:46,noise
6397326243787,6399836144770,T776,25.3,Zane Haddad,2025-10-02 05:22:00,noise
6397326243787,6399836144770,T543,24.5,Zane Haddad,2025-10-01 15:09:37,noise
6397326243787,6391577055581,T543,11.5,Zane Haddad,2025-10-01 20:24:55,noise
6397326243787,6393329653115,T543,20.0,Zane Haddad,2025-09-30 09:29:39,noise
6397326243787,6393332370721,T776,3.6,Zane Haddad,2025-09-30 14:14:11,noise
6397326243787,6399965853740,T543,8.0,Zane Haddad,2025-09-29 22:00:00,noise
6397326243787,6393332370721,T543,8.4,Zane Haddad,2025-09-29 11:08:15,noise
6397326243787,6399836144770,T543,30.6,Zane Haddad,2025-09-28 19:16:30,noise
6397326243787,6399604910822,T543,25.9,Zane Haddad,2025-09-28 17:11:42,noise
6397326243787,6395534105475,T543,14.2,Zane Haddad,2025-09-27 08:04:01,noise
6397326243787,6397982198732,T776,8.9,Zane Haddad,2025-09-26 14:11:58,noise
6397326243787,6399836144770,T543,19.9,Zane Haddad,2025-09-26 09:17:09,noise
6397326243787,6391282991519,T776,8.2,Zane Haddad,2025-09-25 11:06:18,noise
6397326243787,6394372750872,T543,17.1,Zane Haddad,2025-09-25 11:09:01,noise
6397326243787,6394372750872,T776,24.6,Zane Haddad,2025-09-25 14:23:07,noise
6397326243787,6399836144770,T543,28.2,Zane Haddad,2025-09-24 20:05:57,noise
6397326243787,6393332370721,T543,3.5,Zane Haddad,2025-09-23 10:16:06,noise
6397326243787,6396109116629,T776,12.1,Zane Haddad,2025-09-23 09:12:35,noise
6397326243787,6397982198732,T543,9.7,Zane Haddad,2025-09-22 12:30:01,noise
6397326243787,6393332370721,T543,33.9,Zane Haddad,2025-09-22 20:20:34,noise
6397326243787,6399836144770,T776,20.3,Zane Haddad,2025-09-22 16:21:49,noise
6397326243787,6393332370721,T543,11.1,Zane Haddad,2025-09-21 09:21:13,noise
6397326243787,6399836144770,T543,13.0,Zane Haddad,2025-09-21 09:09:25,noise
6397326243787,6391171674512,T543,12.8,Zane Haddad,2025-09-20 18:14:16,noise
6397326243787,6394372750872,T776,15.3,Zane Haddad,2025-09-20 16:02:44,noise
6397326243787,6393869319540,T543,14.1,Zane Haddad,2025-09-19 08:09:10,noise
6397326243787,6399836144770,T543,12.6,Zane Haddad,2025-09-18 17:18:25,noise
6397326243787,6392322072341,T776,19.5,Zane Haddad,2025-09-17 18:05:07,noise
6397326243787,6396393488216,T776,6.7,Zane Haddad,2025-09-17 08:24:46,noise
6397326243787,6393332370721,T543,118.0,Zane Haddad,2025-09-16 18:20:26,noise
6397326243787,6391302712293,T776,38.3,Zane Haddad,2025-09-15 08:19:29,noise
6397326243787,6399836144770,T776,7.2,Zane Haddad,2025-09-15 17:13:03,noise
6397326243787,6397326243787,T776,13.7,Zane Haddad,2025-09-14 10:29:09,noise
6397326243787,6393332370721,T776,50.2,Zane Haddad,2025-09-13 19:16:00,noise
6397326243787,6399836144770,T543,7.5,Zane Haddad,2025-09-13 14:07:44,noise
6397326243787,6397922188789,T776,8.0,Zane Haddad,2025-09-12 20:28:43,noise
6397326243787,6397645850299,T776,4.5,Zane Haddad,2025-09-12 13:15:45,noise
6397326243787,6393332370721,T776,25.4,Zane Haddad,2025-09-11 19:06:58,noise
6397326243787,6393332370721,T776,5.6,Zane Haddad,2025-09-11 22:15:00,noise
6397326243787,6399836144770,T543,6.7,Zane Haddad,2025-09-11 10:29:21,noise
6397326243787,6394372750872,T543,38.5,Zane Haddad,2025-09-10 10:30:45,noise
6397326243787,6399836144770,T776,99.7,Zane Haddad,2025-09-09 12:20:26,noise
6397326243787,6393608254537,T776,22.0,Zane Haddad,2025-09-08 12:08:06,noise
6397326243787,6399836144770,T543,14.0,Zane Haddad,2025-09-08 19:29:14,noise
6397326243787,6395588239969,T543,11.9,Zane Haddad,2025-09-07 16:26:10,noise
6397326243787,6399836144770,T776,7.4,Zane Haddad,2025-09-07 12:00:19,noise
6397326243787,6396042155722,T543,14.2,Zane Haddad,2025-09-07 19:28:03,noise
6397326243787,6393332370721,T776,9.8,Zane Haddad,2025-09-06 11:27:11,noise
6397326243787,6393869319540,T776,12.6,Zane Haddad,2025-09-06 19:00:09,noise
6397326243787,6393332370721,T543,9.8,Zane Haddad,2025-09-06 13:23:50,noise
6397326243787,6399836144770,T543,21.5,Zane Haddad,2025-09-05 11:18:19,noise
6397326243787,6394513051861,T543,7.6,Zane Haddad,2025-09-05 23:14:11,noise
6397326243787,6399836144770,T543,34.1,Zane Haddad,2025-09-04 15:08:35,noise
6397326243787,6394372750872,T543,40.7,Zane Haddad,2025-09-03 21:13:39,noise
6397326243787,6399836144770,T543,9.0,Zane Haddad,2025-09-02 17:18:11,noise
6397326243787,6399836144770,T543,6.9,Zane Haddad,2025-09-02 10:08:06,noise
6397326243787,6394372750872,T543,5.4,Zane Haddad,2025-09-01 20:22:43,noise
6397326243787,6399877395358,T776,9.7,Zane Haddad,2025-09-01 16:18:56,noise
6397326243787,6399836144770,T776,23.4,Zane Haddad,2025-08-31 13:21:06,noise
6397326243787,6391577055581,T543,12.5,Zane Haddad,2025-08-31 03:07:18,noise
6397326243787,6393332370721,T543,13.3,Zane Haddad,2025-08-31 23:03:09,noise
6397326243787,6393332370721,T776,27.1,Zane Haddad,2025-08-30 19:00:07,noise
6397326243787,6399804243491,T543,18.3,Zane Haddad,2025-08-30 20:09:40,noise
6397326243787,6398085325274,T543,8.0,Zane Haddad,2025-08-29 09:28:58,noise
6397326243787,6397645850299,T543,21.5,Zane Haddad,2025-08-28 10:17:59,noise
6397326243787,6394372750872,T776,8.9,Zane Haddad,2025-08-28 13:26:36,noise
6397326243787,6393332370721,T543,14.6,Zane Haddad,2025-08-28 20:15:10,noise
6397326243787,6399836144770,T543,14.2,Zane Haddad,2025-08-27 19:23:14,noise
6397326243787,6397172010892,T543,5.1,Zane Haddad,2025-08-27 11:16:19,noise
6397326243787,6393332370721,T543,6.6,Zane Haddad,2025-08-26 00:03:35,noise
6397326243787,6393332370721,T776,39.1,Zane Haddad,2025-08-26 11:09:04,noise
6397326243787,6399836144770,T543,8.8,Zane Haddad,2025-08-26 18:03:58,noise
6397326243787,6391577055581,T776,4.3,Zane Haddad,2025-08-25 22:05:57,noise
6397326243787,6393332370721,T543,10.7,Zane Haddad,2025-08-25 04:15:19,noise
6397326243787,6393332370721,T776,10.3,Zane Haddad,2025-08-24 09:07:03,noise
6397326243787,6393332370721,T543,12.8,Zane Haddad,2025-08-23 09:08:08,noise
6397326243787,6392175203535,T776,6.9,Zane Haddad,2025-08-22 15:07:53,noise
6397326243787,6395137959873,T543,6.9,Zane Haddad,2025-08-21 18:17:20,noise
6397326243787,6397172010892,T776,7.1,Zane Haddad,2025-08-21 17:15:48,noise
6397326243787,6394372750872,T776,14.3,Zane Haddad,2025-08-20 23:21:20,noise
6397326243787,6399804243491,T543,7.9,Zane Haddad,2025-08-20 14:17:13,noise
6397326243787,6395682267963,T543,11.8,Zane Haddad,2025-08-19 05:18:19,noise
6397326243787,6394372750872,T776,19.7,Zane Haddad,2025-08-19 08:19:06,noise
6397326243787,6398069375909,T543,29.6,Zane Haddad,2025-08-18 10:11:44,noise
6397326243787,6397156535284,T543,11.3,Zane Haddad,2025-08-18 10:10:54,noise
6397326243787,6393332370721,T543,29.2,Zane Haddad,2025-08-17 04:20:50,noise
6397326243787,6394372750872,T776,31.6,Zane Haddad,2025-08-17 08:29:32,noise
6397326243787,6399836144770,T543,8.8,Zane Haddad,2025-08-16 17:02:57,noise
6397326243787,6399836144770,T543,3.2,Zane Haddad,2025-08-16 17:16:31,noise
6397326243787,6394372750872,T543,17.1,Zane Haddad,2025-08-16 13:23:02,noise
6397326243787,6394372750872,T543,97.3,Zane Haddad,2025-08-15 11:30:02,noise
6397326243787,6392761010721,T543,21.1,Zane Haddad,2025-08-14 08:11:54,noise
6397326243787,6399836144770,T543,21.3,Zane Haddad,2025-08-13 11:14:37,noise
6397326243787,6399836144770,T776,11.4,Zane Haddad,2025-08-13 02:19:44,noise
6397326243787,6395588265198,T543,15.8,Zane Haddad,2025-08-12 05:22:31,noise
6397326243787,6394372750872,T543,27.1,Zane Haddad,2025-08-12 02:20:22,noise
6397326243787,6393694731514,T543,18.1,Zane Haddad,2025-08-11 11:25:53,noise
6397326243787,6399836144770,T543,69.2,Zane Haddad,2025-08-10 19:21:11,noise
6397326243787,6396198739962,T543,28.2,Zane Haddad,2025-08-09 21:24:44,noise
6397326243787,6399836144770,T776,6.6,Zane Haddad,2025-08-08 18:28:32,noise
6397326243787,6394372750872,T776,35.6,Zane Haddad,2025-08-08 22:17:50,noise
6397326243787,6399003402039,T543,14.6,Zane Haddad,2025-08-07 19:22:00,noise
6397326243787,6395588239969,T776,48.4,Zane Haddad,2025-08-07 14:27:03,noise
6397326243787,6396109116629,T543,11.3,Zane Haddad,2025-08-06 19:26:15,noise
6397326243787,6399836144770,T776,16.6,Zane Haddad,2025-08-06 09:08:03,noise
6397326243787,6394372750872,T543,4.0,Zane Haddad,2025-08-05 16:05:42,noise
6397326243787,6393591747444,T543,16.0,Zane Haddad,2025-08-05 13:09:46,noise
6397326243787,6399096359352,T543,19.1,Zane Haddad,2025-08-04 19:29:01,noise
6398085325274,6393625636545,T630,20.5,Tomas Vargas,2025-10-18 12:02:28,noise
6398085325274,6396688935939,T630,53.6,Tomas Vargas,2025-10-17 14:26:39,noise
6398085325274,6397645850299,T944,5.2,Tomas Vargas,2025-10-17 08:06:48,noise
6398085325274,6397775259023,T630,34.5,Tomas Vargas,2025-10-16 18:08:47,noise
6398085325274,6397645850299,T630,36.2,Tomas Vargas,2025-10-15 09:19:44,noise
6398085325274,6392322072341,T630,16.3,Tomas Vargas,2025-10-15 13:05:04,noise
6398085325274,6396526010278,T630,4.5,Tomas Vargas,2025-10-14 17:15:22,noise
6398085325274,6392322072341,T630,11.5,Tomas Vargas,2025-10-14 10:21:32,noise
6398085325274,6397645850299,T630,21.8,Tomas Vargas,2025-10-13 17:30:47,noise
6398085325274,6397277321210,T630,19.0,Tomas Vargas,2025-10-12 14:01:13,noise
6398085325274,6397645850299,T944,17.0,Tomas Vargas,2025-10-12 08:26:04,noise
6398085325274,6397645850299,T630,9.1,Tomas Vargas,2025-10-11 09:26:58,noise
6398085325274,6393825956914,T630,12.8,Tomas Vargas,2025-10-11 13:26:50,noise
6398085325274,6392322072341,T630,33.6,Tomas Vargas,2025-10-10 19:20:28,noise
6398085325274,6392322072341,T630,18.2,Tomas Vargas,2025-10-10 11:00:50,noise
6398085325274,6391392356697,T630,35.7,Tomas Vargas,2025-10-09 22:07:12,noise
6398085325274,6392322072341,T630,49.9,Tomas Vargas,2025-10-08 16:04:16,noise
6398085325274,6397645850299,T944,6.1,Tomas Vargas,2025-10-07 11:11:00,noise
6398085325274,6397645850299,T630,18.2,Tomas Vargas,2025-10-06 13:01:42,noise
6398085325274,6397645850299,T630,47.5,Tomas Vargas,2025-10-06 19:28:51,noise
6398085325274,6392322072341,T630,16.6,Tomas Vargas,2025-10-05 19:09:51,noise
6398085325274,6391319542424,T630,3.8,Tomas Vargas,2025-10-05 08:25:14,noise
6398085325274,6395534105475,T944,15.9,Tomas Vargas,2025-10-04 16:02:17,noise
6398085325274,6397645850299,T944,10.8,Tomas Vargas,2025-10-03 23:26:54,noise
6398085325274,6393591747444,T630,17.0,Tomas Vargas,2025-10-03 11:22:20,noise
6398085325274,6392322072341,T944,10.3,Tomas Vargas,2025-10-02 10:01:18,noise
6398085325274,6397645850299,T630,35.0,Tomas Vargas,2025-10-02 00:13:15,noise
6398085325274,6392375347403,T630,40.9,Tomas Vargas,2025-10-02 11:11:21,noise
6398085325274,6395535962322,T630,6.6,Tomas Vargas,2025-10-01 17:30:48,noise
6398085325274,6391392356697,T630,7.6,Tomas Vargas,2025-10-01 15:00:05,noise
6398085325274,6396447956284,T944,7.4,Tomas Vargas,2025-10-01 11:09:51,noise
6398085325274,6393329653115,T630,21.6,Tomas Vargas,2025-09-30 19:07:44,noise
6398085325274,6392322072341,T630,24.4,Tomas Vargas,2025-09-30 18:18:29,noise
6398085325274,6398069375909,T944,6.7,Tomas Vargas,2025-09-29 20:19:16,noise
6398085325274,6393736660443,T944,12.8,Tomas Vargas,2025-09-28 08:00:36,noise
6398085325274,6397761210582,T944,22.0,Tomas Vargas,2025-09-27 11:14:20,noise
6398085325274,6391392356697,T630,31.1,Tomas Vargas,2025-09-27 05:29:11,noise
6398085325274,6397102194949,T944,51.9,Tomas Vargas,2025-09-27 20:16:13,noise
6398085325274,6396116554141,T630,7.1,Tomas Vargas,2025-09-26 16:27:13,noise
6398085325274,6392464364634,T944,16.9,Tomas Vargas,2025-09-26 17:16:26,noise
6398085325274,6392322072341,T944,8.6,Tomas Vargas,2025-09-25 13:19:44,noise
6398085325274,6391392356697,T630,12.6,Tomas Vargas,2025-09-25 13:27:04,noise
6398085325274,6398595696705,T944,17.0,Tomas Vargas,2025-09-25 16:21:38,noise
6398085325274,6393332370721,T944,12.1,Tomas Vargas,2025-09-24 11:00:02,noise
6398085325274,6392705348834,T630,12.0,Tomas Vargas,2025-09-23 13:24:20,noise
6398085325274,6399085717386,T944,21.9,Tomas Vargas,2025-09-23 20:24:31,noise
6398085325274,6397266186506,T944,27.7,Tomas Vargas,2025-09-23 20:22:32,noise
6398085325274,6397326243787,T944,4.5,Tomas Vargas,2025-09-22 14:04:00,noise
6398085325274,6395588265198,T944,37.2,Tomas Vargas,2025-09-22 12:01:02,noise
6398085325274,6391392356697,T944,5.3,Tomas Vargas,2025-09-21 05:03:47,noise
6398085325274,6391392356697,T630,20.6,Tomas Vargas,2025-09-21 13:13:42,noise
6398085325274,6397207416529,T944,26.5,Tomas Vargas,2025-09-20 18:29:39,noise
6398085325274,6397645850299,T944,5.9,Tomas Vargas,2025-09-20 17:01:41,noise
6398085325274,6392322072341,T944,39.5,Tomas Vargas,2025-09-19 19:25:56,noise
6398085325274,6397645850299,T630,21.5,Tomas Vargas,2025-09-19 20:12:12,noise
6398085325274,6392322072341,T630,24.2,Tomas Vargas,2025-09-18 08:21:43,noise
6398085325274,6392322072341,T944,43.7,Tomas Vargas,2025-09-18 12:30:12,noise
6398085325274,6394372750872,T630,29.0,Tomas Vargas,2025-09-17 23:04:01,noise
6398085325274,6393332370721,T630,20.8,Tomas Vargas,2025-09-17 13:06:51,noise
6398085325274,6396116554141,T630,8.4,Tomas Vargas,2025-09-16 22:05:37,noise
6398085325274,6397645850299,T630,43.8,Tomas Vargas,2025-09-16 13:01:31,noise
6398085325274,6391392356697,T944,4.5,Tomas Vargas,2025-09-15 09:19:41,noise
6398085325274,6397645850299,T630,11.2,Tomas Vargas,2025-09-15 17:17:16,noise
6398085325274,6397695360968,T944,7.5,Tomas Vargas,2025-09-14 01:19:33,noise
6398085325274,6392322072341,T630,14.1,Tomas Vargas,2025-09-13 04:12:33,noise
6398085325274,6392322072341,T630,8.1,Tomas Vargas,2025-09-12 10:16:18,noise
6398085325274,6392322072341,T630,5.5,Tomas Vargas,2025-09-12 18:03:55,noise
6398085325274,6392322072341,T630,14.8,Tomas Vargas,2025-09-11 20:03:34,noise
6398085325274,6391392356697,T944,5.8,Tomas Vargas,2025-09-10 19:15:40,noise
6398085325274,6394513051861,T630,7.3,Tomas Vargas,2025-09-10 09:04:57,noise
6398085325274,6392322072341,T944,11.3,Tomas Vargas,2025-09-09 02:18:45,noise
6398085325274,6392322072341,T944,6.8,Tomas Vargas,2025-09-09 21:19:04,noise
6398085325274,6397645850299,T630,14.4,Tomas Vargas,2025-09-08 17:26:06,noise
6398085325274,6391282991519,T944,64.3,Tomas Vargas,2025-09-08 14:29:41,noise
6398085325274,6391392356697,T944,38.1,Tomas Vargas,2025-09-08 12:08:35,noise
6398085325274,6391392356697,T630,10.6,Tomas Vargas,2025-09-07 21:24:10,noise
6398085325274,6391392356697,T630,28.3,Tomas Vargas,2025-09-07 23:07:55,noise
6398085325274,6395535962322,T630,41.8,Tomas Vargas,2025-09-06 09:17:35,noise
6398085325274,6397645850299,T944,48.2,Tomas Vargas,2025-09-06 08:11:38,noise
6398085325274,6391392356697,T630,24.5,Tomas Vargas,2025-09-05 13:27:38,noise
6398085325274,6397645850299,T944,8.0,Tomas Vargas,2025-09-04 08:09:12,noise
6398085325274,6396393488216,T630,19.9,Tomas Vargas,2025-09-04 17:02:20,noise
6398085325274,6392322072341,T630,45.2,Tomas Vargas,2025-09-04 15:07:49,noise
6398085325274,6392761010721,T630,18.2,Tomas Vargas,2025-09-03 01:06:55,noise
6398085325274,6391392356697,T944,18.0,Tomas Vargas,2025-09-03 17:24:46,noise
6398085325274,6399241777448,T944,25.5,Tomas Vargas,2025-09-02 14:04:52,noise
6398085325274,6391877128212,T630,25.1,Tomas Vargas,2025-09-02 20:20:15,noise
6398085325274,6391392356697,T630,4.5,Tomas Vargas,2025-09-01 12:07:58,noise
6398085325274,6392322072341,T630,9.9,Tomas Vargas,2025-08-31 16:11:16,noise
6398085325274,6397645850299,T630,26.7,Tomas Vargas,2025-08-31 18:16:02,noise
6398085325274,6395535962322,T944,33.6,Tomas Vargas,2025-08-30 15:28:21,noise
6398085325274,6391051330112,T944,28.3,Tomas Vargas,2025-08-29 21:10:35,noise
6398085325274,6392705348834,T944,31.4,Tomas Vargas,2025-08-29 14:08:33,noise
6398085325274,6397645850299,T630,7.9,Tomas Vargas,2025-08-29 16:27:08,noise
6398085325274,6397645850299,T630,13.4,Tomas Vargas,2025-08-28 10:20:50,noise
6398085325274,6391392356697,T944,6.7,Tomas Vargas,2025-08-28 11:27:08,noise
6398085325274,6397645850299,T630,3.9,Tomas Vargas,2025-08-27 08:18:00,noise
6398085325274,6396688935939,T944,4.3,Tomas Vargas,2025-08-26 17:28:22,noise
6398085325274,6397645850299,T630,14.2,Tomas Vargas,2025-08-25 08:01:49,noise
6398085325274,6392322072341,T630,5.6,Tomas Vargas,2025-08-24 08:28:13,noise
6398085325274,6397645850299,T630,5.8,Tomas Vargas,2025-08-24 13:02:21,noise
6398085325274,6393332370721,T630,15.8,Tomas Vargas,2025-08-23 14:27:58,noise
6398085325274,6392464364634,T630,16.6,Tomas Vargas,2025-08-22 15:25:59,noise
6398085325274,6391392356697,T944,64.1,Tomas Vargas,2025-08-22 14:17:33,noise
6398085325274,6392322072341,T944,11.5,Tomas Vargas,2025-08-21 17:12:21,noise
6398085325274,6398525827157,T944,26.3,Tomas Vargas,2025-08-21 22:21:50,noise
6398085325274,6395136375863,T944,26.8,Tomas Vargas,2025-08-20 10:27:41,noise
6398085325274,6397645850299,T630,10.3,Tomas Vargas,2025-08-20 23:27:22,noise
6398085325274,6397645850299,T630,30.4,Tomas Vargas,2025-08-20 20:04:27,noise
6398085325274,6397172010892,T630,13.3,Tomas Vargas,2025-08-19 17:23:01,noise
6398085325274,6397645850299,T630,15.6,Tomas Vargas,2025-08-19 16:11:12,noise
6398085325274,6397645850299,T944,27.7,Tomas Vargas,2025-08-18 10:30:45,noise
6398085325274,6391392356697,T630,46.3,Tomas Vargas,2025-08-18 09:01:19,noise
6398085325274,6397982198732,T630,9.9,Tomas Vargas,2025-08-18 19:20:24,noise
6398085325274,6391392356697,T944,20.4,Tomas Vargas,2025-08-17 10:04:44,noise
6398085325274,6395534105475,T630,68.0,Tomas Vargas,2025-08-17 11:13:43,noise
6398085325274,6397645850299,T630,14.8,Tomas Vargas,2025-08-16 15:02:15,noise
6398085325274,6391392356697,T630,26.5,Tomas Vargas,2025-08-16 12:27:53,noise
6398085325274,6396726642544,T944,22.2,Tomas Vargas,2025-08-15 05:26:18,noise
6398085325274,6392322072341,T944,22.8,Tomas Vargas,2025-08-15 11:07:21,noise
6398085325274,6397645850299,T630,10.1,Tomas Vargas,2025-08-14 18:00:34,noise
6398085325274,6391877128212,T630,17.5,Tomas Vargas,2025-08-14 16:12:09,noise
6398085325274,6392322072341,T944,23.8,Tomas Vargas,2025-08-13 02:06:25,noise
6398085325274,6392322072341,T630,4.8,Tomas Vargas,2025-08-13 15:01:44,noise
6398085325274,6397645850299,T944,17.0,Tomas Vargas,2025-08-12 20:18:31,noise
6398085325274,6398595696705,T630,16.3,Tomas Vargas,2025-08-11 13:23:50,noise
6398085325274,6397645850299,T944,19.4,Tomas Vargas,2025-08-11 18:22:22,noise
6398085325274,6397473500175,T630,12.9,Tomas Vargas,2025-08-10 09:23:09,noise
6398085325274,6392322072341,T630,15.8,Tomas Vargas,2025-08-10 14:19:35,noise
6398085325274,6391392356697,T630,27.1,Tomas Vargas,2025-08-09 16:21:36,noise
6398085325274,6396121190710,T944,11.2,Tomas Vargas,2025-08-08 17:23:23,noise
6398085325274,6391392356697,T630,20.1,Tomas Vargas,2025-08-07 09:15:39,noise
6398085325274,6391392356697,T630,21.9,Tomas Vargas,2025-08-06 11:19:20,noise
6398085325274,6391392356697,T944,10.3,Tomas Vargas,2025-08-06 14:08:53,noise
6398085325274,6391392356697,T944,29.0,Tomas Vargas,2025-08-05 20:09:17,noise
6398085325274,6391392356697,T944,32.5,Tomas Vargas,2025-08-05 17:25:56,noise
6398085325274,6392322072341,T944,11.3,Tomas Vargas,2025-08-04 20:24:46,noise
6391171674512,6398673272758,T901,18.8,Elena Jansen,2025-10-18 12:24:00,noise
6391171674512,6397473530031,T555,5.8,Elena Jansen,2025-10-18 20:00:24,noise
6391171674512,6395958977897,T901,17.7,Elena Jansen,2025-10-17 15:01:34,noise
6391171674512,6397473530031,T555,34.2,Elena Jansen,2025-10-17 19:18:42,noise
6391171674512,6398069375909,T901,6.9,Elena Jansen,2025-10-17 09:04:51,noise
6391171674512,6393825956914,T901,10.4,Elena Jansen,2025-10-16 14:18:31,noise
6391171674512,6393825956914,T901,25.1,Elena Jansen,2025-10-15 13:05:37,noise
6391171674512,6393869319540,T901,22.9,Elena Jansen,2025-10-14 12:09:42,noise
6391171674512,6393825956914,T901,19.7,Elena Jansen,2025-10-14 09:30:56,noise
6391171674512,6395535962322,T901,6.1,Elena Jansen,2025-10-13 10:05:06,noise
6391171674512,6397473530031,T901,23.3,Elena Jansen,2025-10-12 10:25:52,noise
6391171674512,6397473530031,T901,4.0,Elena Jansen,2025-10-11 12:30:29,noise
6391171674512,6392027898005,T555,33.6,Elena Jansen,2025-10-11 11:03:36,noise
6391171674512,6397473530031,T555,8.8,Elena Jansen,2025-10-10 01:01:17,noise
6391171674512,6397695360968,T555,22.8,Elena Jansen,2025-10-09 13:02:20,noise
6391171674512,6397473530031,T555,12.8,Elena Jansen,2025-10-09 09:26:04,noise
6391171674512,6393825956914,T555,48.5,Elena Jansen,2025-10-08 20:03:41,noise
6391171674512,6392761010721,T901,34.9,Elena Jansen,2025-10-08 11:03:10,noise
6391171674512,6398186138815,T901,11.9,Elena Jansen,2025-10-08 09:17:56,noise
6391171674512,6397473530031,T901,7.4,Elena Jansen,2025-10-07 11:11:07,noise
6391171674512,6393134974031,T901,5.8,Elena Jansen,2025-10-06 10:24:25,noise
6391171674512,6399141407059,T901,51.5,Elena Jansen,2025-10-05 02:29:52,noise
6391171674512,6397473530031,T555,12.3,Elena Jansen,2025-10-05 09:16:10,noise
6391171674512,6393825956914,T901,18.7,Elena Jansen,2025-10-04 10:07:55,noise
6391171674512,6393825956914,T555,3.6,Elena Jansen,2025-10-03 18:03:20,noise
6391171674512,6393825956914,T901,73.5,Elena Jansen,2025-10-03 21:16:46,noise
6391171674512,6393134974031,T901,6.7,Elena Jansen,2025-10-03 21:10:09,noise
6391171674512,6395534105475,T901,8.8,Elena Jansen,2025-10-02 23:26:41,noise
6391171674512,6393825956914,T555,10.1,Elena Jansen,2025-10-02 12:03:41,noise
6391171674512,6393825956914,T901,18.2,Elena Jansen,2025-10-01 20:02:45,noise
6391171674512,6397473530031,T901,11.1,Elena Jansen,2025-09-30 11:22:10,noise
6391171674512,6393329653115,T901,5.4,Elena Jansen,2025-09-30 20:12:57,noise
6391171674512,6393825956914,T901,42.1,Elena Jansen,2025-09-30 12:25:49,noise
6391171674512,6393825956914,T901,14.9,Elena Jansen,2025-09-29 11:27:53,noise
6391171674512,6396198739962,T901,16.0,Elena Jansen,2025-09-29 12:03:30,noise
6391171674512,6397473530031,T901,78.2,Elena Jansen,2025-09-29 14:27:46,noise
6391171674512,6399877395358,T901,23.9,Elena Jansen,2025-09-28 08:09:25,noise
6391171674512,6391663645516,T901,12.3,Elena Jansen,2025-09-28 14:03:19,noise
6391171674512,6393454415467,T555,35.2,Elena Jansen,2025-09-27 23:18:32,noise
6391171674512,6393825956914,T555,17.1,Elena Jansen,2025-09-27 08:05:58,noise
6391171674512,6393825956914,T901,17.6,Elena Jansen,2025-09-26 14:23:39,noise
6391171674512,6392322072341,T901,8.4,Elena Jansen,2025-09-26 15:11:04,noise
6391171674512,6393825956914,T901,44.6,Elena Jansen,2025-09-25 16:27:14,noise
6391171674512,6393825956914,T901,17.7,Elena Jansen,2025-09-25 10:06:52,noise
6391171674512,6397473530031,T901,5.9,Elena Jansen,2025-09-24 09:09:03,noise
6391171674512,6393825956914,T555,66.6,Elena Jansen,2025-09-24 08:26:41,noise
6391171674512,6397473530031,T901,7.1,Elena Jansen,2025-09-23 12:23:13,noise
6391171674512,6398673272758,T901,14.8,Elena Jansen,2025-09-23 08:08:45,noise
6391171674512,6393825956914,T901,9.4,Elena Jansen,2025-09-22 13:18:39,noise
6391171674512,6397473530031,T555,22.4,Elena Jansen,2025-09-22 01:16:53,noise
6391171674512,6393825956914,T901,12.2,Elena Jansen,2025-09-21 22:24:04,noise
6391171674512,6395324391443,T901,16.1,Elena Jansen,2025-09-21 11:00:56,noise
6391171674512,6397473530031,T555,7.1,Elena Jansen,2025-09-21 11:26:30,noise
6391171674512,6397473530031,T555,8.9,Elena Jansen,2025-09-20 18:22:14,noise
6391171674512,6393825956914,T901,9.5,Elena Jansen,2025-09-20 21:16:45,noise
6391171674512,6394055226921,T555,14.6,Elena Jansen,2025-09-19 21:21:16,noise
6391171674512,6391787733401,T901,4.1,Elena Jansen,2025-09-19 20:06:07,noise
6391171674512,6397473530031,T555,29.1,Elena Jansen,2025-09-19 14:26:56,noise
6391171674512,6397473530031,T555,14.4,Elena Jansen,2025-09-18 04:18:05,noise
6391171674512,6393825956914,T555,12.5,Elena Jansen,2025-09-17 09:11:45,noise
6391171674512,6393825956914,T555,17.6,Elena Jansen,2025-09-17 20:15:32,noise
6391171674512,6397473530031,T555,8.5,Elena Jansen,2025-09-16 11:30:44,noise
6391171674512,6392705348834,T555,6.8,Elena Jansen,2025-09-16 17:02:52,noise
6391171674512,6394247662559,T901,24.0,Elena Jansen,2025-09-15 18:19:29,noise
6391171674512,6397473530031,T555,10.5,Elena Jansen,2025-09-15 16:20:51,noise
6391171674512,6393825956914,T555,12.3,Elena Jansen,2025-09-14 18:09:49,noise
6391171674512,6393825956914,T901,43.7,Elena Jansen,2025-09-14 08:08:15,noise
6391171674512,6397473530031,T901,102.7,Elena Jansen,2025-09-13 10:24:28,noise
6391171674512,6397695360968,T901,43.0,Elena Jansen,2025-09-12 10:06:14,noise
6391171674512,6393825956914,T555,8.5,Elena Jansen,2025-09-12 19:18:55,noise
6391171674512,6397959529190,T555,5.8,Elena Jansen,2025-09-12 11:28:20,noise
6391171674512,6396116554141,T901,5.7,Elena Jansen,2025-09-11 20:11:36,noise
6391171674512,6393549070850,T555,24.7,Elena Jansen,2025-09-11 08:26:25,noise
6391171674512,6397473530031,T555,8.7,Elena Jansen,2025-09-10 23:04:22,noise
6391171674512,6397473530031,T901,4.3,Elena Jansen,2025-09-10 14:11:03,noise
6391171674512,6397473530031,T901,5.3,Elena Jansen,2025-09-09 16:22:20,noise
6391171674512,6398069375909,T555,6.2,Elena Jansen,2025-09-09 10:24:39,noise
6391171674512,6397473530031,T555,4.7,Elena Jansen,2025-09-09 00:14:44,noise
6391171674512,6394372750872,T901,9.3,Elena Jansen,2025-09-08 14:22:26,noise
6391171674512,6399804243491,T901,29.7,Elena Jansen,2025-09-08 12:14:41,noise
6391171674512,6397473530031,T901,7.1,Elena Jansen,2025-09-07 16:01:23,noise
6391171674512,6393825956914,T901,14.3,Elena Jansen,2025-09-07 00:12:52,noise
6391171674512,6393825956914,T555,15.7,Elena Jansen,2025-09-07 17:02:16,noise
6391171674512,6392027898005,T555,9.0,Elena Jansen,2025-09-06 03:09:25,noise
6391171674512,6394573060920,T555,17.4,Elena Jansen,2025-09-05 13:26:05,noise
6391171674512,6394513051861,T555,14.6,Elena Jansen,2025-09-05 17:03:56,noise
6391171674512,6397473530031,T901,21.0,Elena Jansen,2025-09-04 18:19:46,noise
6391171674512,6397473530031,T555,3.5,Elena Jansen,2025-09-04 20:11:30,noise
6391171674512,6397473530031,T901,18.2,Elena Jansen,2025-09-03 00:27:38,noise
6391171674512,6393825956914,T555,15.7,Elena Jansen,2025-09-03 15:05:58,noise
6391171674512,6393825956914,T901,8.0,Elena Jansen,2025-09-02 15:13:49,noise
6391171674512,6393591747444,T901,28.8,Elena Jansen,2025-09-02 08:15:17,noise
6391171674512,6393825956914,T555,15.9,Elena Jansen,2025-09-01 13:17:18,noise
6391171674512,6393825956914,T555,17.7,Elena Jansen,2025-09-01 19:02:28,noise
6391171674512,6399003402039,T901,27.1,Elena Jansen,2025-08-31 18:29:00,noise
6391171674512,6393825956914,T901,11.2,Elena Jansen,2025-08-31 20:18:07,noise
6391171674512,6397473530031,T901,25.5,Elena Jansen,2025-08-30 18:00:06,noise
6391171674512,6397473530031,T901,15.2,Elena Jansen,2025-08-30 12:21:15,noise
6391171674512,6394711330962,T555,28.9,Elena Jansen,2025-08-29 22:21:07,noise
6391171674512,6393825956914,T555,38.7,Elena Jansen,2025-08-29 05:10:03,noise
6391171674512,6397473530031,T901,16.6,Elena Jansen,2025-08-28 14:00:31,noise
6391171674512,6394573060920,T901,2.9,Elena Jansen,2025-08-27 18:28:19,noise
6391171674512,6397473530031,T901,33.5,Elena Jansen,2025-08-27 17:25:49,noise
6391171674512,6397473530031,T901,30.8,Elena Jansen,2025-08-26 23:10:44,noise
6391171674512,6393608254537,T901,11.7,Elena Jansen,2025-08-26 00:15:42,noise
6391171674512,6397473530031,T555,24.3,Elena Jansen,2025-08-25 00:25:23,noise
6391171674512,6395682267963,T555,16.1,Elena Jansen,2025-08-25 08:20:18,noise
6391171674512,6397473530031,T901,40.8,Elena Jansen,2025-08-24 14:07:30,noise
6391171674512,6398673272758,T901,50.6,Elena Jansen,2025-08-24 08:25:34,noise
6391171674512,6397473530031,T901,9.1,Elena Jansen,2025-08-23 12:10:22,noise
6391171674512,6391167752063,T901,15.5,Elena Jansen,2025-08-23 15:17:03,noise
6391171674512,6393825956914,T901,34.2,Elena Jansen,2025-08-22 08:11:45,noise
6391171674512,6394513051861,T901,11.1,Elena Jansen,2025-08-21 14:29:05,noise
6391171674512,6397473530031,T901,22.8,Elena Jansen,2025-08-20 04:18:21,noise
6391171674512,6397473530031,T555,15.5,Elena Jansen,2025-08-20 11:24:14,noise
6391171674512,6393825956914,T901,23.4,Elena Jansen,2025-08-19 19:22:26,noise
6391171674512,6393825956914,T901,14.4,Elena Jansen,2025-08-19 20:04:05,noise
6391171674512,6394856722505,T901,23.7,Elena Jansen,2025-08-19 14:11:14,noise
6391171674512,6397473530031,T901,14.4,Elena Jansen,2025-08-18 18:29:02,noise
6391171674512,6396625936508,T901,31.6,Elena Jansen,2025-08-18 20:17:26,noise
6391171674512,6397473530031,T901,19.5,Elena Jansen,2025-08-17 04:13:58,noise
6391171674512,6394856722505,T555,10.4,Elena Jansen,2025-08-17 16:15:47,noise
6391171674512,6393825956914,T901,42.1,Elena Jansen,2025-08-16 17:06:56,noise
6391171674512,6393825956914,T901,10.4,Elena Jansen,2025-08-15 03:01:19,noise
6391171674512,6397473530031,T901,7.6,Elena Jansen,2025-08-14 15:17:04,noise
6391171674512,6397473530031,T555,17.3,Elena Jansen,2025-08-14 13:03:34,noise
6391171674512,6397473530031,T901,6.6,Elena Jansen,2025-08-13 13:12:38,noise
6391171674512,6396198739962,T555,7.3,Elena Jansen,2025-08-13 00:00:33,noise
6391171674512,6394513051861,T555,10.1,Elena Jansen,2025-08-12 00:23:01,noise
6391171674512,6393825956914,T555,28.3,Elena Jansen,2025-08-12 04:18:15,noise
6391171674512,6393625636545,T901,10.2,Elena Jansen,2025-08-11 19:03:09,noise
6391171674512,6393062613059,T901,53.3,Elena Jansen,2025-08-11 14:21:34,noise
6391171674512,6397473530031,T555,13.2,Elena Jansen,2025-08-11 12:19:49,noise
6391171674512,6392027898005,T901,7.7,Elena Jansen,2025-08-10 11:14:59,noise
6391171674512,6397473530031,T555,37.7,Elena Jansen,2025-08-10 22:08:05,noise
6391171674512,6393825956914,T901,13.9,Elena Jansen,2025-08-10 20:29:48,noise
6391171674512,6397207416529,T901,17.3,Elena Jansen,2025-08-09 09:11:49,noise
6391171674512,6398673272758,T901,11.5,Elena Jansen,2025-08-09 18:09:13,noise
6391171674512,6397473530031,T555,10.4,Elena Jansen,2025-08-08 00:04:27,noise
6391171674512,6397473530031,T901,19.1,Elena Jansen,2025-08-08 14:14:54,noise
6391171674512,6397473530031,T901,7.9,Elena Jansen,2025-08-07 19:13:47,noise
6391171674512,6397473530031,T901,51.7,Elena Jansen,2025-08-07 21:18:48,noise
6391171674512,6391494838799,T555,12.3,Elena Jansen,2025-08-07 13:06:42,noise
6391171674512,6394856722505,T901,42.1,Elena Jansen,2025-08-06 21:11:21,noise
6391171674512,6397473530031,T901,22.4,Elena Jansen,2025-08-06 17:00:12,noise
6391171674512,6397473530031,T901,72.2,Elena Jansen,2025-08-05 17:27:49,noise
6391171674512,6397473530031,T901,4.3,Elena Jansen,2025-08-05 04:11:42,noise
6391171674512,6397473530031,T901,14.9,Elena Jansen,2025-08-05 23:18:20,noise
6391171674512,6392237426063,T901,9.5,Elena Jansen,2025-08-04 23:02:29,noise
6391171674512,6397473530031,T901,20.0,Elena Jansen,2025-08-04 23:00:10,noise
6391171674512,6396726642544,T555,13.0,Elena Jansen,2025-08-04 20:17:00,noise
6391171674512,6398525827157,T901,85.5,Elena Jansen,2025-12-10 00:00:15,noise
6391171674512,6398525827157,T901,59.1,Elena Jansen,2025-12-08 02:06:53,noise
6391171674512,6398525827157,T901,171.7,Elena Jansen,2025-12-11 21:26:45,noise
6391171674512,6398525827157,T901,43.1,Elena Jansen,2025-12-26 03:11:06,noise
6391171674512,6398525827157,T901,58.0,Elena Jansen,2025-12-06 23:07:57,noise
6391171674512,6398525827157,T901,165.9,Elena Jansen,2025-11-22 06:10:53,noise
6391051330112,6391171674512,T729,271.1,Omar Alvarez,2025-11-30 08:22:26,noise
6391051330112,6391302712293,T729,43.1,Omar Alvarez,2025-11-20 21:08:12,noise
6391051330112,6393329653115,T729,112.2,Omar Alvarez,2025-11-27 16:06:38,noise
6391051330112,6396121190710,T729,249.3,Omar Alvarez,2025-11-26 14:20:11,noise
6391051330112,6393004154125,T729,43.0,Omar Alvarez,2025-11-20 12:27:33,noise
6391051330112,6393062613059,T729,200.5,Omar Alvarez,2025-12-25 10:02:36,noise
6391051330112,6396447956284,T729,283.9,Omar Alvarez,2025-12-02 17:18:02,noise
6391319542424,6393062613059,T799,292.3,Fahad Carlos,2025-12-09 19:26:49,noise
6391319542424,6399085717386,T799,105.6,Fahad Carlos,2025-12-30 05:21:31,noise
6391319542424,6396688935939,T799,288.0,Fahad Carlos,2025-12-09 19:19:24,noise
6391319542424,6399696031872,T799,257.5,Fahad Carlos,2025-12-11 10:02:17,noise
6391319542424,6396042155722,T799,20.4,Fahad Carlos,2025-12-23 17:04:04,noise
6391167752063,6395588239969,T501,54.8,Omar Quinn,2025-12-21 02:27:34,noise
6391167752063,6392761010721,T501,239.9,Omar Quinn,2025-12-14 00:05:19,noise
6391167752063,6391319542424,T501,282.3,Omar Quinn,2025-12-22 04:22:52,noise
6391167752063,6396393488216,T501,181.6,Omar Quinn,2025-11-26 15:14:40,noise
6391167752063,6399877395358,T501,119.9,Omar Quinn,2025-11-30 18:06:48,noise
6391167752063,6399804243491,T501,130.6,Omar Quinn,2025-11-18 18:07:40,noise
6392027898005,6397695360968,T257,76.0,Zane Alvarez,2025-12-25 11:21:41,noise
6392027898005,6395136375863,T257,98.0,Zane Alvarez,2025-11-29 20:18:59,noise
6392027898005,6395682267963,T257,75.8,Zane Alvarez,2025-12-30 18:13:22,noise
6392027898005,6393549070850,T257,260.4,Zane Alvarez,2025-12-17 22:18:44,noise
6392027898005,6399965853740,T257,281.7,Zane Alvarez,2025-12-06 16:18:52,noise
6392027898005,6394508672370,T257,229.6,Zane Alvarez,2025-12-23 19:13:44,noise
6393329653115,6393736660443,T645,202.4,Diego Carlos,2025-12-20 22:14:37,noise
6393329653115,6395933083562,T645,147.5,Diego Carlos,2025-12-02 13:25:44,noise
6393329653115,6395933083562,T645,134.3,Diego Carlos,2025-12-13 20:01:49,noise
6393329653115,6395534105475,T645,120.6,Diego Carlos,2025-12-21 02:27:36,noise
6393329653115,6393825956914,T645,162.8,Diego Carlos,2025-11-28 12:11:05,noise
6397156535284,6397479516078,T136,15.1,Xin Tanaka,2025-10-18 10:29:23,noise
6397156535284,6397479516078,T136,10.0,Xin Tanaka,2025-10-18 21:00:23,noise
6397156535284,6396393488216,T136,9.5,Xin Tanaka,2025-10-18 03:05:33,noise
6397156535284,6397479516078,T136,11.9,Xin Tanaka,2025-10-17 19:12:40,noise
6397156535284,6397479516078,T136,27.7,Xin Tanaka,2025-10-17 03:08:00,noise
6397156535284,6396526010278,T307,21.9,Xin Tanaka,2025-10-17 20:27:10,noise
6397156535284,6396526010278,T136,40.3,Xin Tanaka,2025-10-16 11:20:55,noise
6397156535284,6396526010278,T307,8.9,Xin Tanaka,2025-10-16 14:17:36,noise
6397156535284,6396526010278,T136,20.2,Xin Tanaka,2025-10-16 15:05:15,noise
6397156535284,6395324391443,T307,22.7,Xin Tanaka,2025-10-15 11:15:05,noise
6397156535284,6393332370721,T136,5.0,Xin Tanaka,2025-10-15 13:06:35,noise
6397156535284,6397775259023,T307,21.9,Xin Tanaka,2025-10-14 16:09:58,noise
6397156535284,6391663645516,T307,3.3,Xin Tanaka,2025-10-14 17:26:11,noise
6397156535284,6394508672370,T136,21.7,Xin Tanaka,2025-10-13 18:07:00,noise
6397156535284,6396526010278,T136,9.3,Xin Tanaka,2025-10-13 20:23:05,noise
6397156535284,6396526010278,T307,4.9,Xin Tanaka,2025-10-12 18:14:40,noise
6397156535284,6391319542424,T136,8.8,Xin Tanaka,2025-10-12 08:11:00,noise
6397156535284,6396526010278,T136,27.5,Xin Tanaka,2025-10-11 15:11:50,noise
6397156535284,6393062613059,T307,20.1,Xin Tanaka,2025-10-10 19:27:54,noise
6397156535284,6397479516078,T136,19.5,Xin Tanaka,2025-10-10 18:25:58,noise
6397156535284,6397479516078,T307,15.6,Xin Tanaka,2025-10-10 00:18:26,noise
6397156535284,6396526010278,T136,11.4,Xin Tanaka,2025-10-09 14:01:03,noise
6397156535284,6397326243787,T307,18.6,Xin Tanaka,2025-10-09 12:26:41,noise
6397156535284,6398095030730,T136,48.7,Xin Tanaka,2025-10-09 19:04:16,noise
6397156535284,6397479516078,T307,16.7,Xin Tanaka,2025-10-08 08:20:22,noise
6397156535284,6397479516078,T307,31.4,Xin Tanaka,2025-10-08 12:15:50,noise
6397156535284,6396526010278,T136,9.2,Xin Tanaka,2025-10-07 19:25:15,noise
6397156535284,6397479516078,T136,75.9,Xin Tanaka,2025-10-07 14:26:09,noise
6397156535284,6396526010278,T136,61.1,Xin Tanaka,2025-10-07 11:23:59,noise
6397156535284,6396526010278,T307,46.5,Xin Tanaka,2025-10-06 08:10:28,noise
6397156535284,6396526010278,T307,6.9,Xin Tanaka,2025-10-06 20:20:49,noise
6397156535284,6397479516078,T307,10.4,Xin Tanaka,2025-10-05 13:25:13,noise
6397156535284,6397479516078,T307,4.7,Xin Tanaka,2025-10-04 18:22:29,noise
6397156535284,6398087251603,T136,112.3,Xin Tanaka,2025-10-03 18:10:04,noise
6397156535284,6396526010278,T307,6.3,Xin Tanaka,2025-10-02 09:03:45,noise
6397156535284,6391282991519,T307,17.9,Xin Tanaka,2025-10-02 12:05:14,noise
6397156535284,6397479516078,T136,26.6,Xin Tanaka,2025-10-01 16:06:04,noise
6397156535284,6396526010278,T307,22.4,Xin Tanaka,2025-10-01 16:26:34,noise
6397156535284,6397479516078,T136,17.2,Xin Tanaka,2025-09-30 18:24:12,noise
6397156535284,6391663645516,T307,47.9,Xin Tanaka,2025-09-29 19:12:57,noise
6397156535284,6397479516078,T136,8.1,Xin Tanaka,2025-09-29 14:09:53,noise
6397156535284,6396526010278,T136,21.6,Xin Tanaka,2025-09-29 14:06:37,noise
6397156535284,6395324391443,T136,4.1,Xin Tanaka,2025-09-28 14:10:47,noise
6397156535284,6397479516078,T136,24.3,Xin Tanaka,2025-09-28 10:00:10,noise
6397156535284,6397479516078,T307,20.0,Xin Tanaka,2025-09-27 11:19:28,noise
6397156535284,6396526010278,T136,26.8,Xin Tanaka,2025-09-27 02:05:05,noise
6397156535284,6394247662559,T307,31.7,Xin Tanaka,2025-09-26 14:28:28,noise
6397156535284,6397479516078,T307,17.8,Xin Tanaka,2025-09-26 15:23:27,noise
6397156535284,6391302712293,T136,6.8,Xin Tanaka,2025-09-25 22:18:33,noise
6397156535284,6392951962632,T307,14.9,Xin Tanaka,2025-09-25 23:16:01,noise
6397156535284,6396526010278,T136,8.5,Xin Tanaka,2025-09-24 15:09:04,noise
6397156535284,6396526010278,T136,8.3,Xin Tanaka,2025-09-24 23:10:03,noise
6397156535284,6393062613059,T136,5.3,Xin Tanaka,2025-09-23 12:24:46,noise
6397156535284,6399487367347,T307,12.0,Xin Tanaka,2025-09-23 23:04:46,noise
6397156535284,6392027898005,T136,17.6,Xin Tanaka,2025-09-22 08:07:39,noise
6397156535284,6396526010278,T307,6.3,Xin Tanaka,2025-09-21 20:15:54,noise
6397156535284,6397479516078,T136,9.4,Xin Tanaka,2025-09-21 12:17:01,noise
6397156535284,6397156535284,T136,21.9,Xin Tanaka,2025-09-21 12:08:14,noise
6397156535284,6391302712293,T136,18.8,Xin Tanaka,2025-09-20 13:13:12,noise
6397156535284,6395657768886,T136,19.9,Xin Tanaka,2025-09-20 13:26:43,noise
6397156535284,6395933083562,T307,15.6,Xin Tanaka,2025-09-20 04:23:27,noise
6397156535284,6397473500175,T136,27.3,Xin Tanaka,2025-09-19 17:13:28,noise
6397156535284,6399877395358,T136,11.2,Xin Tanaka,2025-09-19 09:28:22,noise
6397156535284,6397479516078,T136,6.9,Xin Tanaka,2025-09-18 13:22:14,noise
6397156535284,6395136375863,T136,4.5,Xin Tanaka,2025-09-18 09:28:23,noise
6397156535284,6397479516078,T307,9.6,Xin Tanaka,2025-09-18 11:03:16,noise
6397156535284,6397479516078,T307,10.6,Xin Tanaka,2025-09-17 12:18:53,noise
6397156535284,6397479516078,T136,12.8,Xin Tanaka,2025-09-17 20:12:56,noise
6397156535284,6396526010278,T136,13.7,Xin Tanaka,2025-09-17 21:06:15,noise
6397156535284,6394247662559,T307,14.2,Xin Tanaka,2025-09-16 15:24:24,noise
6397156535284,6397479516078,T136,55.7,Xin Tanaka,2025-09-15 14:13:32,noise
6397156535284,6397479516078,T136,43.9,Xin Tanaka,2025-09-14 18:12:48,noise
6397156535284,6397479516078,T307,41.1,Xin Tanaka,2025-09-14 19:27:45,noise
6397156535284,6397959529190,T307,19.4,Xin Tanaka,2025-09-14 13:12:05,noise
6397156535284,6397479516078,T136,38.7,Xin Tanaka,2025-09-13 12:09:17,noise
6397156535284,6392705348834,T307,14.0,Xin Tanaka,2025-09-13 01:29:03,noise
6397156535284,6394055226921,T307,10.3,Xin Tanaka,2025-09-13 08:02:29,noise
6397156535284,6392761010721,T136,9.2,Xin Tanaka,2025-09-12 20:04:07,noise
6397156535284,6397479516078,T307,15.5,Xin Tanaka,2025-09-12 17:18:15,noise
6397156535284,6396526010278,T136,50.4,Xin Tanaka,2025-09-11 10:24:10,noise
6397156535284,6397479516078,T136,24.9,Xin Tanaka,2025-09-11 04:09:21,noise
6397156535284,6395933083562,T136,21.6,Xin Tanaka,2025-09-11 11:08:35,noise
6397156535284,6392237426063,T136,5.5,Xin Tanaka,2025-09-10 23:19:02,noise
6397156535284,6392517116618,T136,110.1,Xin Tanaka,2025-09-10 09:14:55,noise
6397156535284,6392375347403,T136,24.3,Xin Tanaka,2025-09-09 22:26:33,noise
6397156535284,6397479516078,T307,20.6,Xin Tanaka,2025-09-08 12:09:49,noise
6397156535284,6396526010278,T136,33.6,Xin Tanaka,2025-09-08 09:30:22,noise
6397156535284,6399696031872,T136,6.3,Xin Tanaka,2025-09-07 21:04:03,noise
6397156535284,6397479516078,T136,16.7,Xin Tanaka,2025-09-07 12:20:01,noise
6397156535284,6396526010278,T307,40.1,Xin Tanaka,2025-09-07 15:14:02,noise
6397156535284,6391392356697,T136,22.1,Xin Tanaka,2025-09-06 22:29:55,noise
6397156535284,6397479516078,T307,21.0,Xin Tanaka,2025-09-06 04:08:36,noise
6397156535284,6397479516078,T307,15.3,Xin Tanaka,2025-09-05 01:27:26,noise
6397156535284,6396526010278,T136,10.8,Xin Tanaka,2025-09-04 14:30:51,noise
6397156535284,6396526010278,T307,32.6,Xin Tanaka,2025-09-03 09:29:44,noise
6397156535284,6393625636545,T136,8.7,Xin Tanaka,2025-09-02 09:19:03,noise
6397156535284,6399003402039,T307,11.1,Xin Tanaka,2025-09-02 11:17:35,noise
6397156535284,6397479516078,T307,5.5,Xin Tanaka,2025-09-01 04:03:18,noise
6397156535284,6397479516078,T136,28.0,Xin Tanaka,2025-09-01 13:00:31,noise
6397156535284,6398095030730,T136,14.5,Xin Tanaka,2025-09-01 14:26:51,noise
6397156535284,6395799070967,T307,12.5,Xin Tanaka,2025-08-31 10:11:23,noise
6397156535284,6397479516078,T136,36.9,Xin Tanaka,2025-08-31 18:01:01,noise
6397156535284,6396526010278,T307,22.5,Xin Tanaka,2025-08-30 10:06:08,noise
6397156535284,6396526010278,T307,6.5,Xin Tanaka,2025-08-30 04:02:01,noise
6397156535284,6395535962322,T136,5.6,Xin Tanaka,2025-08-29 16:00:56,noise
6397156535284,6396526010278,T136,7.6,Xin Tanaka,2025-08-28 19:26:08,noise
6397156535284,6396526010278,T307,17.4,Xin Tanaka,2025-08-28 12:12:26,noise
6397156535284,6396526010278,T136,18.7,Xin Tanaka,2025-08-27 16:18:03,noise
6397156535284,6399487367347,T307,17.8,Xin Tanaka,2025-08-27 22:22:47,noise
6397156535284,6397922188789,T307,9.3,Xin Tanaka,2025-08-27 16:30:21,noise
6397156535284,6396526010278,T136,37.4,Xin Tanaka,2025-08-26 08:13:16,noise
6397156535284,6396526010278,T307,7.8,Xin Tanaka,2025-08-26 09:24:13,noise
6397156535284,6396526010278,T307,46.1,Xin Tanaka,2025-08-26 12:27:42,noise
6397156535284,6393625636545,T136,29.5,Xin Tanaka,2025-08-25 12:18:39,noise
6397156535284,6397479516078,T136,17.6,Xin Tanaka,2025-08-25 12:04:56,noise
6397156535284,6397479516078,T307,13.8,Xin Tanaka,2025-08-24 08:27:16,noise
6397156535284,6397479516078,T307,6.4,Xin Tanaka,2025-08-24 12:30:57,noise
6397156535284,6396526010278,T307,87.3,Xin Tanaka,2025-08-24 13:30:30,noise
6397156535284,6396526010278,T136,4.6,Xin Tanaka,2025-08-23 13:05:37,noise
6397156535284,6397479516078,T136,33.0,Xin Tanaka,2025-08-23 14:23:13,noise
6397156535284,6398087251603,T307,4.6,Xin Tanaka,2025-08-22 09:24:00,noise
6397156535284,6397479516078,T307,5.8,Xin Tanaka,2025-08-22 21:16:51,noise
6397156535284,6398085325274,T136,7.4,Xin Tanaka,2025-08-21 19:18:25,noise
6397156535284,6397479516078,T136,11.7,Xin Tanaka,2025-08-21 20:14:36,noise
6397156535284,6396526010278,T307,13.8,Xin Tanaka,2025-08-20 13:05:36,noise
6397156535284,6397479516078,T136,14.0,Xin Tanaka,2025-08-20 00:21:40,noise
6397156535284,6397479516078,T136,9.2,Xin Tanaka,2025-08-20 23:14:12,noise
6397156535284,6397479516078,T136,25.3,Xin Tanaka,2025-08-19 10:02:19,noise
6397156535284,6396526010278,T136,9.3,Xin Tanaka,2025-08-19 18:14:33,noise
6397156535284,6397156535284,T307,15.9,Xin Tanaka,2025-08-19 00:18:56,noise
6397156535284,6396526010278,T136,11.5,Xin Tanaka,2025-08-18 08:26:29,noise
6397156535284,6397479516078,T136,12.7,Xin Tanaka,2025-08-17 21:11:29,noise
6397156535284,6396121190710,T136,14.9,Xin Tanaka,2025-08-17 12:21:54,noise
6397156535284,6396526010278,T136,48.0,Xin Tanaka,2025-08-17 15:11:31,noise
6397156535284,6396526010278,T136,16.3,Xin Tanaka,2025-08-16 17:19:39,noise
6397156535284,6396526010278,T307,38.7,Xin Tanaka,2025-08-15 12:03:31,noise
6397156535284,6395453540079,T307,14.8,Xin Tanaka,2025-08-14 08:13:58,noise
6397156535284,6397479516078,T136,11.0,Xin Tanaka,2025-08-13 19:04:36,noise
6397156535284,6399141407059,T307,5.3,Xin Tanaka,2025-08-13 12:07:46,noise
6397156535284,6397479516078,T136,5.0,Xin Tanaka,2025-08-13 15:18:49,noise
6397156535284,6392953177733,T136,18.0,Xin Tanaka,2025-08-12 14:11:16,noise
6397156535284,6399487367347,T136,14.6,Xin Tanaka,2025-08-12 09:20:28,noise
6397156535284,6397982198732,T136,5.4,Xin Tanaka,2025-08-12 12:03:10,noise
6397156535284,6396526010278,T307,32.8,Xin Tanaka,2025-08-11 16:06:18,noise
6397156535284,6397479516078,T307,15.8,Xin Tanaka,2025-08-11 08:06:15,noise
6397156535284,6397479516078,T136,30.0,Xin Tanaka,2025-08-10 20:05:43,noise
6397156535284,6396526010278,T136,10.3,Xin Tanaka,2025-08-09 11:26:35,noise
6397156535284,6397479516078,T307,14.3,Xin Tanaka,2025-08-08 16:29:05,noise
6397156535284,6396526010278,T136,7.0,Xin Tanaka,2025-08-07 18:03:03,noise
6397156535284,6397479516078,T136,19.3,Xin Tanaka,2025-08-07 18:00:00,noise
6397156535284,6396526010278,T136,20.0,Xin Tanaka,2025-08-07 11:28:05,noise
6397156535284,6396526010278,T136,17.6,Xin Tanaka,2025-08-06 11:10:05,noise
6397156535284,6396526010278,T136,50.1,Xin Tanaka,2025-08-06 23:26:27,noise
6397156535284,6395588239969,T307,13.6,Xin Tanaka,2025-08-06 13:18:49,noise
6397156535284,6396526010278,T307,13.6,Xin Tanaka,2025-08-05 16:12:51,noise
6397156535284,6393825956914,T307,13.2,Xin Tanaka,2025-08-05 11:03:03,noise
6397156535284,6397479516078,T307,5.9,Xin Tanaka,2025-08-04 10:15:19,noise
6397156535284,6397479516078,T307,26.5,Xin Tanaka,2025-08-04 15:09:46,noise
6397156535284,6393134974031,T136,165.1,Xin Tanaka,2025-12-17 03:08:03,noise
6397156535284,6393134974031,T136,127.5,Xin Tanaka,2025-12-17 04:09:32,noise
6397156535284,6393134974031,T136,72.2,Xin Tanaka,2025-12-24 10:04:29,noise
6397156535284,6393134974031,T136,117.7,Xin Tanaka,2025-12-02 05:04:06,noise
6397156535284,6393134974031,T136,125.2,Xin Tanaka,2025-12-16 02:17:25,noise
6397156535284,6393134974031,T136,135.0,Xin Tanaka,2025-12-13 01:03:48,noise
6392788177179,6392464364634,T879,13.7,Sara Haddad,2025-10-18 17:15:40,noise
6392788177179,6392464364634,T565,50.7,Sara Haddad,2025-10-18 14:19:29,noise
6392788177179,6392464364634,T879,6.6,Sara Haddad,2025-10-18 20:06:02,noise
6392788177179,6392464364634,T879,62.6,Sara Haddad,2025-10-17 09:27:34,noise
6392788177179,6399241777448,T565,8.2,Sara Haddad,2025-10-16 12:06:17,noise
6392788177179,6392464364634,T879,11.6,Sara Haddad,2025-10-16 17:11:51,noise
6392788177179,6392464364634,T879,21.5,Sara Haddad,2025-10-15 21:01:39,noise
6392788177179,6391392356697,T879,25.4,Sara Haddad,2025-10-15 03:00:39,noise
6392788177179,6397172010892,T565,21.3,Sara Haddad,2025-10-15 13:24:09,noise
6392788177179,6392464364634,T565,11.9,Sara Haddad,2025-10-14 10:06:59,noise
6392788177179,6392464364634,T565,40.5,Sara Haddad,2025-10-14 08:10:06,noise
6392788177179,6397775259023,T565,18.6,Sara Haddad,2025-10-13 23:06:28,noise
6392788177179,6392464364634,T565,38.7,Sara Haddad,2025-10-12 13:02:48,noise
6392788177179,6398069375909,T879,37.8,Sara Haddad,2025-10-12 23:20:35,noise
6392788177179,6392464364634,T879,12.6,Sara Haddad,2025-10-11 08:08:43,noise
6392788177179,6392464364634,T879,33.9,Sara Haddad,2025-10-10 10:22:36,noise
6392788177179,6391302712293,T565,11.4,Sara Haddad,2025-10-10 16:13:38,noise
6392788177179,6398186138815,T879,8.0,Sara Haddad,2025-10-10 19:19:25,noise
6392788177179,6392464364634,T879,28.3,Sara Haddad,2025-10-09 21:20:23,noise
6392788177179,6392464364634,T565,13.7,Sara Haddad,2025-10-09 12:28:32,noise
6392788177179,6394573060920,T565,12.3,Sara Haddad,2025-10-09 20:19:56,noise
6392788177179,6392464364634,T879,15.7,Sara Haddad,2025-10-08 16:12:50,noise
6392788177179,6396116554141,T565,21.4,Sara Haddad,2025-10-08 14:24:11,noise
6392788177179,6392464364634,T879,7.7,Sara Haddad,2025-10-07 10:24:23,noise
6392788177179,6392464364634,T879,27.5,Sara Haddad,2025-10-07 12:23:48,noise
6392788177179,6392464364634,T879,14.3,Sara Haddad,2025-10-06 20:03:12,noise
6392788177179,6391302712293,T879,21.2,Sara Haddad,2025-10-06 12:17:02,noise
6392788177179,6398595696705,T879,22.6,Sara Haddad,2025-10-05 12:24:33,noise
6392788177179,6391577055581,T565,13.2,Sara Haddad,2025-10-05 08:11:19,noise
6392788177179,6394055226921,T879,5.2,Sara Haddad,2025-10-05 21:18:38,noise
6392788177179,6392464364634,T879,15.6,Sara Haddad,2025-10-04 08:18:21,noise
6392788177179,6392464364634,T879,8.4,Sara Haddad,2025-10-04 10:03:12,noise
6392788177179,6392464364634,T879,8.4,Sara Haddad,2025-10-03 11:15:31,noise
6392788177179,6392464364634,T879,15.1,Sara Haddad,2025-10-03 14:00:49,noise
6392788177179,6392464364634,T879,53.3,Sara Haddad,2025-10-02 11:06:31,noise
6392788177179,6392464364634,T879,14.7,Sara Haddad,2025-10-02 20:18:55,noise
6392788177179,6392464364634,T879,49.2,Sara Haddad,2025-10-01 13:07:15,noise
6392788177179,6395588239969,T565,44.4,Sara Haddad,2025-10-01 14:14:28,noise
6392788177179,6392464364634,T879,8.2,Sara Haddad,2025-09-30 19:19:04,noise
6392788177179,6391302712293,T565,12.4,Sara Haddad,2025-09-29 12:15:55,noise
6392788177179,6392464364634,T565,28.6,Sara Haddad,2025-09-29 17:25:28,noise
6392788177179,6394508672370,T565,27.5,Sara Haddad,2025-09-29 21:10:08,noise
6392788177179,6395657768886,T565,12.9,Sara Haddad,2025-09-28 19:04:36,noise
6392788177179,6392464364634,T565,10.2,Sara Haddad,2025-09-28 09:03:54,noise
6392788177179,6392464364634,T565,11.2,Sara Haddad,2025-09-27 00:14:25,noise
6392788177179,6392464364634,T879,23.0,Sara Haddad,2025-09-27 12:24:41,noise
6392788177179,6392464364634,T879,8.6,Sara Haddad,2025-09-26 12:04:31,noise
6392788177179,6395324391443,T879,42.1,Sara Haddad,2025-09-26 18:29:55,noise
6392788177179,6392464364634,T565,16.6,Sara Haddad,2025-09-26 18:16:43,noise
6392788177179,6396726642544,T879,49.8,Sara Haddad,2025-09-25 18:28:31,noise
6392788177179,6392027898005,T879,36.4,Sara Haddad,2025-09-25 20:13:37,noise
6392788177179,6392464364634,T879,11.2,Sara Haddad,2025-09-24 14:22:13,noise
6392788177179,6392464364634,T565,28.9,Sara Haddad,2025-09-24 10:15:51,noise
6392788177179,6394856722505,T565,11.6,Sara Haddad,2025-09-23 11:06:13,noise
6392788177179,6398085325274,T879,65.4,Sara Haddad,2025-09-23 09:30:29,noise
6392788177179,6392464364634,T879,13.7,Sara Haddad,2025-09-23 14:16:20,noise
6392788177179,6392464364634,T565,3.3,Sara Haddad,2025-09-22 15:20:21,noise
6392788177179,6392464364634,T879,30.2,Sara Haddad,2025-09-22 13:16:46,noise
6392788177179,6392464364634,T565,19.3,Sara Haddad,2025-09-21 11:16:24,noise
6392788177179,6392464364634,T565,10.2,Sara Haddad,2025-09-21 13:30:09,noise
6392788177179,6398097172985,T879,24.1,Sara Haddad,2025-09-20 21:23:34,noise
6392788177179,6392464364634,T565,61.1,Sara Haddad,2025-09-19 18:09:14,noise
6392788177179,6392464364634,T879,10.8,Sara Haddad,2025-09-19 09:09:30,noise
6392788177179,6392464364634,T879,17.6,Sara Haddad,2025-09-18 14:04:35,noise
6392788177179,6392464364634,T565,15.2,Sara Haddad,2025-09-18 14:21:42,noise
6392788177179,6392464364634,T879,9.2,Sara Haddad,2025-09-18 17:29:49,noise
6392788177179,6392464364634,T879,27.6,Sara Haddad,2025-09-17 14:10:45,noise
6392788177179,6392464364634,T879,68.9,Sara Haddad,2025-09-17 12:00:05,noise
6392788177179,6392464364634,T565,17.7,Sara Haddad,2025-09-16 18:04:33,noise
6392788177179,6392464364634,T879,9.8,Sara Haddad,2025-09-16 10:11:34,noise
6392788177179,6392464364634,T565,8.2,Sara Haddad,2025-09-15 14:17:27,noise
6392788177179,6392464364634,T565,18.1,Sara Haddad,2025-09-14 03:11:01,noise
6392788177179,6392464364634,T879,7.5,Sara Haddad,2025-09-14 15:13:42,noise
6392788177179,6397922188789,T879,24.5,Sara Haddad,2025-09-13 10:11:41,noise
6392788177179,6391302712293,T565,13.4,Sara Haddad,2025-09-13 13:14:25,noise
6392788177179,6392464364634,T565,10.4,Sara Haddad,2025-09-12 13:00:46,noise
6392788177179,6392464364634,T879,20.6,Sara Haddad,2025-09-11 19:12:59,noise
6392788177179,6392464364634,T565,44.8,Sara Haddad,2025-09-11 09:02:50,noise
6392788177179,6392464364634,T565,25.8,Sara Haddad,2025-09-10 18:07:16,noise
6392788177179,6392464364634,T879,46.3,Sara Haddad,2025-09-10 13:22:47,noise
6392788177179,6392464364634,T565,20.6,Sara Haddad,2025-09-10 11:29:08,noise
6392788177179,6392464364634,T879,25.3,Sara Haddad,2025-09-09 20:30:38,noise
6392788177179,6392464364634,T879,18.6,Sara Haddad,2025-09-09 05:22:56,noise
6392788177179,6391392356697,T879,31.1,Sara Haddad,2025-09-09 11:09:19,noise
6392788177179,6392464364634,T565,17.7,Sara Haddad,2025-09-08 21:28:20,noise
6392788177179,6392464364634,T879,28.9,Sara Haddad,2025-09-08 03:17:31,noise
6392788177179,6392464364634,T879,3.8,Sara Haddad,2025-09-08 16:23:56,noise
6392788177179,6397473500175,T879,27.3,Sara Haddad,2025-09-07 20:02:14,noise
6392788177179,6392464364634,T879,7.8,Sara Haddad,2025-09-07 20:21:40,noise
6392788177179,6397479516078,T879,12.2,Sara Haddad,2025-09-07 11:04:39,noise
6392788177179,6395588265198,T879,22.1,Sara Haddad,2025-09-06 11:17:28,noise
6392788177179,6397473500175,T565,30.2,Sara Haddad,2025-09-06 14:02:07,noise
6392788177179,6392464364634,T879,16.1,Sara Haddad,2025-09-05 22:13:51,noise
6392788177179,6392464364634,T565,29.7,Sara Haddad,2025-09-05 08:00:34,noise
6392788177179,6392464364634,T565,3.1,Sara Haddad,2025-09-04 10:20:45,noise
6392788177179,6394137438800,T565,23.5,Sara Haddad,2025-09-04 12:15:56,noise
6392788177179,6392464364634,T565,7.3,Sara Haddad,2025-09-03 11:13:59,noise
6392788177179,6394513051861,T565,18.5,Sara Haddad,2025-09-02 18:11:03,noise
6392788177179,6392464364634,T879,22.0,Sara Haddad,2025-09-02 15:21:16,noise
6392788177179,6392464364634,T879,25.5,Sara Haddad,2025-09-01 14:01:00,noise
6392788177179,6391577055581,T879,22.3,Sara Haddad,2025-09-01 22:27:58,noise
6392788177179,6398415249661,T879,33.7,Sara Haddad,2025-08-31 09:22:05,noise
6392788177179,6392464364634,T879,38.6,Sara Haddad,2025-08-31 16:06:36,noise
6392788177179,6392464364634,T879,5.4,Sara Haddad,2025-08-30 09:27:12,noise
6392788177179,6392464364634,T879,26.0,Sara Haddad,2025-08-30 19:02:50,noise
6392788177179,6392464364634,T879,56.6,Sara Haddad,2025-08-29 01:10:46,noise
6392788177179,6392464364634,T879,23.1,Sara Haddad,2025-08-28 12:09:21,noise
6392788177179,6392464364634,T565,10.5,Sara Haddad,2025-08-28 09:02:50,noise
6392788177179,6392464364634,T565,3.3,Sara Haddad,2025-08-27 14:17:19,noise
6392788177179,6392464364634,T565,6.4,Sara Haddad,2025-08-26 18:30:08,noise
6392788177179,6397695360968,T879,19.2,Sara Haddad,2025-08-26 17:07:29,noise
6392788177179,6398415249661,T879,62.2,Sara Haddad,2025-08-25 13:28:51,noise
6392788177179,6394573060920,T879,19.2,Sara Haddad,2025-08-25 14:23:14,noise
6392788177179,6392761010721,T879,17.9,Sara Haddad,2025-08-24 10:29:16,noise
6392788177179,6392464364634,T879,19.4,Sara Haddad,2025-08-24 15:20:55,noise
6392788177179,6392464364634,T565,24.5,Sara Haddad,2025-08-23 17:12:48,noise
6392788177179,6392464364634,T879,17.1,Sara Haddad,2025-08-23 13:05:03,noise
6392788177179,6392464364634,T879,37.5,Sara Haddad,2025-08-22 03:01:43,noise
6392788177179,6392027898005,T565,17.9,Sara Haddad,2025-08-22 11:23:31,noise
6392788177179,6392464364634,T879,48.4,Sara Haddad,2025-08-22 17:30:54,noise
6392788177179,6392464364634,T565,37.6,Sara Haddad,2025-08-21 14:14:52,noise
6392788177179,6392464364634,T879,30.6,Sara Haddad,2025-08-21 12:07:26,noise
6392788177179,6398085325274,T565,4.7,Sara Haddad,2025-08-20 18:17:22,noise
6392788177179,6392464364634,T565,33.3,Sara Haddad,2025-08-20 15:15:41,noise
6392788177179,6399241777448,T879,5.1,Sara Haddad,2025-08-19 17:07:02,noise
6392788177179,6392464364634,T565,25.0,Sara Haddad,2025-08-19 19:16:01,noise
6392788177179,6392464364634,T565,13.7,Sara Haddad,2025-08-19 05:00:26,noise
6392788177179,6392464364634,T565,28.3,Sara Haddad,2025-08-18 15:21:04,noise
6392788177179,6394856722505,T879,15.9,Sara Haddad,2025-08-18 10:04:41,noise
6392788177179,6392464364634,T879,8.1,Sara Haddad,2025-08-17 10:24:47,noise
6392788177179,6392464364634,T879,37.2,Sara Haddad,2025-08-16 13:28:05,noise
6392788177179,6392464364634,T565,35.3,Sara Haddad,2025-08-16 05:05:12,noise
6392788177179,6392464364634,T879,11.2,Sara Haddad,2025-08-16 10:28:10,noise
6392788177179,6392464364634,T565,17.3,Sara Haddad,2025-08-15 01:07:47,noise
6392788177179,6392175203535,T565,50.3,Sara Haddad,2025-08-14 15:08:11,noise
6392788177179,6392464364634,T879,33.7,Sara Haddad,2025-08-13 08:18:08,noise
6392788177179,6392464364634,T565,8.0,Sara Haddad,2025-08-13 20:01:22,noise
6392788177179,6392464364634,T879,22.6,Sara Haddad,2025-08-13 18:25:14,noise
6392788177179,6392464364634,T879,43.1,Sara Haddad,2025-08-12 14:02:36,noise
6392788177179,6399877395358,T565,26.1,Sara Haddad,2025-08-12 17:01:58,noise
6392788177179,6392464364634,T565,8.7,Sara Haddad,2025-08-11 23:13:36,noise
6392788177179,6392464364634,T879,8.4,Sara Haddad,2025-08-11 17:14:18,noise
6392788177179,6399877395358,T565,8.8,Sara Haddad,2025-08-11 20:15:03,noise
6392788177179,6392464364634,T565,16.8,Sara Haddad,2025-08-10 14:02:15,noise
6392788177179,6392464364634,T879,6.0,Sara Haddad,2025-08-10 19:25:57,noise
6392788177179,6394137438800,T565,5.0,Sara Haddad,2025-08-09 17:28:50,noise
6392788177179,6398085325274,T879,23.7,Sara Haddad,2025-08-09 10:02:21,noise
6392788177179,6392464364634,T565,4.4,Sara Haddad,2025-08-09 13:29:16,noise
6392788177179,6392464364634,T879,12.2,Sara Haddad,2025-08-08 17:06:13,noise
6392788177179,6392464364634,T879,13.0,Sara Haddad,2025-08-07 16:15:31,noise
6392788177179,6392464364634,T879,54.0,Sara Haddad,2025-08-07 21:27:25,noise
6392788177179,6392464364634,T879,10.3,Sara Haddad,2025-08-07 18:10:10,noise
6392788177179,6394372750872,T879,19.9,Sara Haddad,2025-08-06 04:01:57,noise
6392788177179,6392464364634,T879,27.9,Sara Haddad,2025-08-06 08:20:08,noise
6392788177179,6392464364634,T879,7.7,Sara Haddad,2025-08-05 11:08:01,noise
6392788177179,6392464364634,T565,40.1,Sara Haddad,2025-08-04 15:04:42,noise
6392788177179,6392464364634,T879,19.6,Sara Haddad,2025-08-04 14:21:51,noise
6392788177179,6392464364634,T879,19.8,Sara Haddad,2025-08-04 19:06:37,noise
6392788177179,6395453540079,T879,34.5,Sara Haddad,2025-12-25 07:18:28,noise
6392788177179,6395453540079,T879,134.6,Sara Haddad,2025-11-29 06:23:12,noise
6392788177179,6395453540079,T879,125.8,Sara Haddad,2025-11-27 21:30:22,noise
6392788177179,6395453540079,T879,49.5,Sara Haddad,2025-12-25 07:04:14,noise
6392788177179,6395453540079,T879,150.1,Sara Haddad,2025-12-20 20:07:14,noise
6392788177179,6395453540079,T879,123.1,Sara Haddad,2025-12-08 13:14:31,noise
